season,week,team,season_type,game_id,opponent_team,completions,attempts,passing_yards,passing_tds,passing_interceptions,sacks_suffered,sack_yards_lost,sack_fumbles,sack_fumbles_lost,passing_air_yards,passing_yards_after_catch,passing_first_downs,passing_epa,passing_cpoe,passing_2pt_conversions,passing_10,passing_16,passing_20,passing_40,carries,rushing_yards,rushing_tds,rushing_fumbles,rushing_fumbles_lost,rushing_first_downs,rushing_epa,rushing_2pt_conversions,rushing_10,rushing_12,rushing_20,rushing_40,receptions,targets,receiving_yards,receiving_tds,receiving_fumbles,receiving_fumbles_lost,receiving_air_yards,receiving_yards_after_catch,receiving_first_downs,receiving_epa,receiving_2pt_conversions,receiving_10,receiving_16,receiving_20,receiving_40,special_teams_tds,def_tackles_solo,def_tackles_with_assist,def_tackle_assists,def_tackles_for_loss,def_tackles_for_loss_yards,def_fumbles_forced,def_sacks,def_sack_yards,def_qb_hits,def_interceptions,def_interception_yards,def_pass_defended,def_tds,def_fumbles,def_safeties,def_punt_blocks,def_pat_blocks,def_fg_blocks,def_2pt_atts,def_2pt_made,misc_yards,fumble_recovery_own,fumble_recovery_yards_own,fumble_recovery_opp,fumble_recovery_yards_opp,fumble_recovery_tds,penalties,penalty_yards,timeouts,fumbles_forced_by_opp,fumbles_not_forced,fumbles_out_of_bounds,fumbles_total,fumbles_lost_total,punt_returns,punt_return_yards,kickoff_returns,kickoff_return_yards,fg_made,fg_att,fg_missed,fg_blocked,fg_long,fg_pct,fg_made_0_19,fg_made_20_29,fg_made_30_39,fg_made_40_49,fg_made_50_59,fg_made_60_,fg_missed_0_19,fg_missed_20_29,fg_missed_30_39,fg_missed_40_49,fg_missed_50_59,fg_missed_60_,fg_made_list,fg_missed_list,fg_blocked_list,fg_made_distance,fg_missed_distance,fg_blocked_distance,pat_made,pat_att,pat_missed,pat_blocked,pat_pct,gwfg_made,gwfg_att,gwfg_missed,gwfg_blocked,gwfg_distance,pt_att,pt_blocked,pt_long,pt_yards,pt_inside_20,pt_out_of_bounds,pt_downed,pt_touchback,pt_fair_caught,pt_returned,pt_return_yards,pt_return_tds,pt_net_yards
2014,1,ARI,REG,2014_01_SD_ARI,LAC,24,37,304,2,0,2,-10,1,1,411,108,14,6.09842510843576,3.16006520556079,0,11,8,5,1,26,109,0,1,1,4,-9.55466873159446,0,4,3,0,0,24,36,304,2,0,0,411,108,14,13.5275954783049,0,11,8,5,1,0,44,0,4,8,31,0,0,0,4,1,12,5,0,0,0,0,0,0,0,0,0,0,0,0,0,0,5,23,3,2,0,0,2,2,0,0,3,49,2,2,0,0,44,1,0,1,0,1,0,0,0,0,0,0,0,0,22;44,,,66,0,0,0,0,0,0,,0,0,0,0,0,4,1,61,218,0,0,0,2,0,2,17,0,161
2014,1,ATL,REG,2014_01_NO_ATL,NO,31,43,448,3,0,1,-3,0,0,355,195,21,23.7794556436267,6.1280302348591,0,20,12,9,1,25,123,1,0,0,6,2.55939384497469,0,4,2,0,0,31,42,448,3,1,1,355,195,21,18.1972572983497,0,20,12,9,1,0,40,0,28,1,5,1,0,0,0,1,0,4,0,0,0,0,0,0,0,0,0,0,0,1,0,0,10,96,6,1,0,0,1,1,1,1,1,21,3,3,0,0,52,1,0,0,0,1,2,0,0,0,0,0,0,0,40;51;52,,,143,0,0,4,4,0,0,1,1,1,0,0,52,3,0,66,157,0,0,0,1,2,0,0,0,137
2014,1,BAL,REG,2014_01_CIN_BAL,CIN,35,62,345,1,1,3,-16,0,0,489,124,16,-4.8713867523526,-11.8894505404657,0,9,3,3,1,20,94,1,1,1,8,-0.0931631860001944,0,3,1,0,0,35,62,345,1,0,0,489,124,16,1.33161356413107,0,9,3,3,1,0,35,0,32,1,4,0,0,0,1,0,0,5,0,1,0,0,0,1,0,0,34,1,0,0,0,0,3,29,5,1,1,0,2,1,2,2,4,109,1,2,1,0,38,0.5,0,0,1,0,0,0,0,0,0,0,1,0,38,55,,38,55,0,1,1,0,0,1,0,0,0,0,0,4,0,52,169,2,0,0,0,3,1,45,0,124
2014,1,BUF,REG,2014_01_BUF_CHI,CHI,16,22,173,1,1,1,-6,0,0,190,80,8,0.368606349022199,11.1505978486755,0,6,5,4,0,33,193,1,0,0,7,3.3094682211522,0,4,3,2,1,16,22,173,1,0,0,190,80,8,1.68230209735881,0,6,5,4,0,0,48,0,12,4,11,1,2,8,4,2,47,6,0,1,0,0,0,0,0,0,0,1,0,1,30,0,9,108,3,0,1,0,1,0,2,14,2,40,3,3,0,0,50,1,0,1,1,0,1,0,0,0,0,0,0,0,50;33;27,,,110,0,0,2,2,0,0,1,1,1,0,0,27,5,0,54,215,4,0,2,0,2,1,-1,0,216
2014,1,CAR,REG,2014_01_CAR_TB,TB,24,34,230,2,0,1,-9,0,0,242,70,14,8.39419419949705,9.82258934527636,0,10,5,3,0,33,113,0,1,0,5,-6.24763425625857,0,2,1,0,0,24,32,230,2,0,0,242,70,14,12.8909421946999,0,10,5,3,0,0,39,7,7,3,19,2,3,21,9,2,4,7,0,0,0,0,0,0,0,0,0,1,-3,1,6,0,6,55,5,0,1,0,1,0,3,36,0,0,2,3,1,0,33,0.666666666666667,0,1,1,0,0,0,0,0,0,1,0,0,28;33,48,,61,48,0,2,2,0,0,1,0,0,0,0,0,6,0,54,282,2,0,1,0,1,4,56,0,226
2014,1,CHI,REG,2014_01_BUF_CHI,BUF,34,49,349,2,2,2,-8,0,0,366,190,19,0.0583859644663725,2.86433118946698,0,16,3,1,1,18,86,0,0,0,5,-0.0558880780590698,0,2,2,0,0,34,49,349,2,1,1,366,190,19,-4.04545960245224,0,16,3,1,1,0,45,0,12,3,13,0,1,6,3,1,5,1,0,0,0,0,0,0,0,0,0,0,0,0,0,0,4,43,2,1,0,0,1,1,1,-1,1,21,2,2,0,0,41,1,0,0,1,1,0,0,0,0,0,0,0,0,41;37,,,78,0,0,2,2,0,0,1,0,0,0,0,0,4,0,45,160,1,2,0,0,0,2,14,0,146
2014,1,CIN,REG,2014_01_CIN_BAL,BAL,25,38,301,1,0,0,0,0,0,262,172,11,11.2524182324896,-2.04421960209545,1,9,5,4,1,26,79,0,0,0,4,-4.88850061962344,0,1,1,0,0,25,38,301,1,0,0,262,172,11,11.2524182324896,1,9,5,4,1,0,52,0,20,4,17,1,3,16,7,1,1,8,0,0,0,0,0,0,0,0,0,0,0,1,0,0,4,45,3,0,0,0,0,0,1,45,0,0,5,6,0,1,49,0.833333333333333,0,2,1,2,0,0,0,0,0,0,0,0,49;22;28;46;38,,45,183,0,45,0,0,0,0,,0,0,0,0,0,4,0,50,151,3,0,0,0,2,2,2,0,149
2014,1,CLE,REG,2014_01_CLE_PIT,PIT,18,30,222,1,0,3,-24,0,0,303,68,11,4.28777868052888,-3.23424170414607,0,10,7,3,1,31,191,2,0,0,9,7.31806519603995,0,7,5,3,0,18,30,222,1,0,0,303,68,11,7.67327806152347,0,10,7,3,1,0,48,3,15,6,33,0,3,14,3,1,0,2,0,0,0,0,0,0,0,0,0,0,0,0,0,0,8,55,5,0,0,0,0,0,1,0,4,85,2,2,0,0,39,1,0,1,1,0,0,0,0,0,0,0,0,0,39;25,,,64,0,0,3,3,0,0,1,0,0,0,0,0,7,0,57,314,1,0,1,1,2,3,46,0,248
2014,1,DAL,REG,2014_01_SF_DAL,SF,23,37,281,1,3,3,-26,0,0,388,108,14,-5.70323038064447,-0.981067161302309,0,11,5,3,1,23,127,1,1,1,8,-1.88773924665293,0,3,3,0,0,23,37,281,1,0,0,388,108,14,-0.141654914168554,0,11,5,3,1,0,37,2,14,2,10,0,1,9,3,0,0,3,0,2,0,0,0,0,0,0,0,1,0,0,0,0,10,72,5,1,2,1,3,1,2,0,2,58,1,1,0,0,29,1,0,1,0,0,0,0,0,0,0,0,0,0,29,,,29,0,0,2,2,0,0,1,0,0,0,0,0,2,0,56,107,1,0,0,0,1,1,13,0,94
2014,1,DEN,REG,2014_01_IND_DEN,IND,22,36,269,3,0,1,-10,0,0,307,123,13,13.1392148591535,-0.797629935873879,0,9,4,4,1,32,102,1,0,0,8,0.667837855085963,0,3,2,0,0,22,36,269,3,1,0,307,123,13,14.7555782283148,0,9,4,4,1,0,45,2,12,5,13,1,3,16,6,2,17,13,0,1,0,0,0,0,0,0,0,2,3,0,0,0,7,70,1,2,0,0,2,0,3,4,0,0,1,1,0,0,21,1,0,1,0,0,0,0,0,0,0,0,0,0,21,,,21,0,0,4,4,0,0,1,0,0,0,0,0,5,0,53,234,1,0,0,0,0,5,24,0,210
2014,1,DET,REG,2014_01_NYG_DET,NYG,22,32,346,2,0,1,-5,0,0,346,157,14,20.9162191900685,9.7219639023145,1,13,7,6,2,30,76,2,1,0,5,-7.05056005163351,0,2,1,0,0,22,30,346,2,0,0,346,157,14,25.0712395197657,1,13,7,6,2,0,39,0,8,3,14,0,2,19,9,2,31,5,0,0,0,0,0,0,0,0,0,1,0,0,0,0,8,85,2,1,0,0,1,0,3,11,0,0,2,3,1,0,28,0.666666666666667,0,2,0,0,0,0,0,0,0,1,0,0,28;27,43,,55,43,0,3,3,0,0,1,0,0,0,0,0,2,0,57,109,1,0,0,0,0,2,30,0,79
2014,1,GB,REG,2014_01_GB_SEA,SEA,23,33,189,1,1,3,-14,1,0,246,93,13,-5.04309989412582,4.98043678023598,0,11,3,1,0,21,80,1,0,0,4,0.3800675937091,0,2,2,0,0,23,33,189,1,0,0,246,93,13,0.798021335682959,0,11,3,1,0,0,36,5,27,1,2,1,1,0,1,0,0,3,0,0,0,0,0,0,0,0,0,1,0,1,0,0,8,65,4,1,0,0,1,0,0,0,4,89,1,1,0,0,23,1,0,1,0,0,0,0,0,0,0,0,0,0,23,,,23,0,0,1,1,0,0,1,0,0,0,0,0,4,0,57,153,1,0,1,0,1,2,3,0,150
2014,1,HOU,REG,2014_01_WAS_HOU,WAS,14,22,206,1,0,0,0,0,0,166,109,8,9.61259083930054,-2.87462919950485,0,8,3,3,1,34,115,0,2,1,5,-9.12896636081516,0,1,0,0,0,14,22,206,1,0,0,166,109,8,9.61259083930054,0,8,3,3,1,1,47,4,12,4,35,1,3,26,14,0,0,2,0,0,0,1,1,0,0,0,5,1,-5,2,0,0,6,45,3,1,1,0,2,1,4,28,1,27,1,1,0,0,42,1,0,0,0,1,0,0,0,0,0,0,0,0,42,,,42,0,0,2,2,0,0,1,0,0,0,0,0,6,0,60,306,2,0,1,2,1,2,36,0,230
2014,1,IND,REG,2014_01_IND_DEN,DEN,35,53,370,2,2,3,-16,0,0,403,209,20,6.43093950818124,1.17931877667049,0,16,7,4,1,14,54,1,0,0,2,-2.78899267403176,0,0,0,0,0,35,53,370,2,1,0,403,209,20,10.6547286585555,0,16,7,4,1,0,46,0,12,2,11,2,1,10,3,0,0,5,0,0,0,0,0,0,0,0,0,1,0,0,0,0,9,45,5,1,0,0,1,0,5,24,0,0,1,1,0,0,25,1,0,1,0,0,0,0,0,0,0,0,0,0,25,,,25,0,0,3,3,0,0,1,0,0,0,0,0,4,0,59,199,0,0,0,1,0,3,4,0,175
2014,1,JAX,REG,2014_01_JAX_PHI,PHI,24,43,266,2,0,3,-24,1,1,339,100,14,-11.9516705621618,-6.73113891056606,0,11,5,3,1,24,64,0,0,0,2,-6.5726968275784,0,1,0,0,0,24,42,266,2,0,0,339,100,14,0.361340239981424,0,11,5,3,1,0,59,0,12,11,44,3,5,47,4,1,0,2,0,0,0,0,0,0,0,0,0,0,0,2,0,0,7,55,5,1,0,0,1,1,3,28,2,36,1,3,1,1,49,0.333333333333333,0,0,0,1,0,0,0,0,0,0,1,0,49,50,36,49,50,36,2,2,0,0,1,0,0,0,0,0,8,0,61,372,2,0,2,0,2,4,62,0,310
2014,1,KC,REG,2014_01_TEN_KC,TEN,19,35,202,1,3,4,-24,0,0,356,83,11,-7.97873201181922,-2.73271112731009,0,10,5,3,0,17,67,0,0,0,1,-2.97523158773455,0,1,1,0,0,19,33,202,1,0,0,356,83,11,0.369029839101283,0,10,5,3,0,0,63,0,4,4,23,1,4,23,8,0,0,4,0,0,0,0,0,0,0,0,0,0,0,0,0,0,3,25,5,0,0,0,0,0,4,47,3,57,1,2,1,0,35,0.5,0,0,1,0,0,0,0,0,0,1,0,0,35,48,,35,48,0,1,1,0,0,1,0,0,0,0,0,5,0,52,213,2,1,0,0,3,1,-2,0,215
2014,1,LA,REG,2014_01_MIN_STL,MIN,24,36,273,0,2,5,-27,1,0,322,88,10,-18.0943151245431,-0.586151000526216,0,11,8,5,0,22,72,0,0,0,4,-1.50548387528397,0,0,0,0,0,24,36,273,0,0,0,322,88,10,-10.5910651170466,0,11,8,5,0,0,44,0,4,5,33,0,0,0,2,0,0,3,0,2,0,0,0,0,0,0,0,4,-14,0,0,0,13,121,0,1,3,0,4,0,5,24,1,26,2,3,1,0,56,0.666666666666667,0,0,0,1,1,0,0,0,0,0,1,0,56;46,50,,102,50,0,0,0,0,0,,0,0,0,0,0,6,0,57,279,2,1,2,0,2,1,6,0,273
2014,1,LAC,REG,2014_01_SD_ARI,ARI,21,36,238,1,1,0,0,0,0,345,90,9,0.799434929795098,-6.60917398830255,0,8,5,4,0,24,52,1,1,0,5,-8.80507506430149,0,3,1,1,0,21,36,238,1,0,0,345,90,9,0.799434929795098,0,8,5,4,0,0,46,4,8,2,7,2,2,10,4,0,0,4,0,0,0,1,0,0,0,0,0,1,-14,2,0,0,6,47,5,0,1,0,1,0,2,17,0,0,1,1,0,0,36,1,0,0,1,0,0,0,0,0,0,0,0,0,36,,,36,0,0,2,2,0,0,1,0,0,0,0,0,6,0,52,236,2,1,0,1,4,0,0,0,216
2014,1,LV,REG,2014_01_OAK_NYJ,NYJ,20,32,151,2,0,2,-18,0,0,174,74,7,-6.05413524981123,-7.36868804500949,0,6,2,1,0,15,25,0,1,0,2,-5.5398756765062,0,1,1,0,0,20,31,151,2,0,0,174,74,7,-1.49875014577992,0,6,2,1,0,0,37,20,28,6,38,2,2,31,1,1,2,2,0,0,0,0,0,0,0,0,0,1,0,1,0,0,4,20,3,1,0,0,1,0,1,7,3,67,0,0,0,0,,,0,0,0,0,0,0,0,0,0,0,0,0,,,,0,0,0,2,2,0,0,1,0,0,0,0,0,9,0,61,401,0,0,1,1,5,2,15,0,366
2014,1,MIA,REG,2014_01_NE_MIA,NE,18,32,178,2,1,1,-9,0,0,251,102,10,-0.689819435673974,-5.77694410458207,0,7,4,2,0,38,191,1,2,1,11,3.30869090894215,0,5,5,0,0,18,32,178,2,1,1,251,102,10,-3.46542202224138,0,7,4,2,0,0,52,0,8,3,18,2,4,23,9,0,0,3,0,0,0,1,0,0,0,0,0,1,-2,2,0,0,4,26,3,2,1,0,3,2,3,24,3,75,4,4,0,0,38,1,0,3,1,0,0,0,0,0,0,0,0,0,38;24;22;27,,,111,0,0,3,3,0,0,1,0,0,0,0,0,2,0,51,100,0,0,0,0,0,2,15,0,85
2014,1,MIN,REG,2014_01_MIN_STL,LA,17,25,170,2,0,0,0,0,0,120,101,10,7.53078435131113,-0.447117413083712,0,8,2,1,0,32,185,1,2,0,6,-1.89881783003052,0,6,6,2,1,17,24,170,2,0,0,120,101,10,8.99302968338828,0,8,2,1,0,0,55,0,2,7,44,1,5,27,9,2,81,3,1,0,0,0,0,0,0,0,0,2,-29,0,0,0,7,60,3,0,2,0,2,0,1,6,2,48,2,2,0,0,52,1,0,0,0,1,1,0,0,0,0,0,0,0,52;46,,,98,0,0,4,4,0,0,1,0,0,0,0,0,5,0,52,237,1,0,0,0,0,5,24,0,213
2014,1,NE,REG,2014_01_NE_MIA,MIA,29,56,249,1,0,4,-23,2,2,584,118,12,-12.6573283037476,-8.62633569964341,0,6,3,2,1,20,89,1,0,0,7,3.50532825890696,0,3,1,0,0,29,56,249,1,0,0,584,118,12,-1.12851915760693,0,6,3,2,1,0,56,0,6,3,12,2,1,9,3,1,0,4,0,1,0,0,0,0,0,0,0,1,0,2,0,0,9,100,5,2,1,0,3,2,2,15,3,77,2,2,0,0,47,1,0,0,0,2,0,0,0,0,0,0,0,0,47;45,,,92,0,0,2,2,0,0,1,0,0,0,0,0,5,1,63,241,2,0,0,0,2,3,24,0,217
2014,1,NO,REG,2014_01_NO_ATL,ATL,29,42,333,1,1,0,0,0,0,331,192,17,14.2933548713233,-0.291977467991057,0,15,5,2,1,28,139,3,0,0,9,4.2642537461943,0,4,4,1,0,29,42,333,1,1,1,331,192,17,9.20258480251209,0,15,5,2,1,0,52,0,6,1,3,1,1,3,4,0,0,2,0,0,0,0,0,0,0,0,0,0,0,1,0,0,3,27,4,1,0,0,1,1,0,0,1,34,2,2,0,0,50,1,0,0,1,0,1,0,0,0,0,0,0,0,31;50,,,81,0,0,4,4,0,0,1,0,0,0,0,0,2,0,58,101,2,0,1,0,0,1,1,0,100
2014,1,NYG,REG,2014_01_NYG_DET,DET,18,33,163,1,2,2,-19,0,0,223,91,8,-11.247468486079,-10.5549513362348,0,6,5,2,0,22,53,1,0,0,4,-6.98177836358082,0,1,1,0,0,18,32,163,1,0,0,223,91,8,-5.56940729345661,0,6,5,2,0,0,38,2,24,4,14,1,1,5,1,0,0,5,0,0,0,0,0,0,0,0,0,0,0,0,0,0,4,25,2,0,0,0,0,0,2,30,1,14,0,0,0,0,,,0,0,0,0,0,0,0,0,0,0,0,0,,,,0,0,0,2,2,0,0,1,0,0,0,0,0,5,0,56,201,1,0,1,0,1,3,11,0,190
2014,1,NYJ,REG,2014_01_OAK_NYJ,LV,23,29,221,1,1,2,-31,1,0,163,148,9,-2.29692698396926,9.77290550182606,0,9,6,4,0,34,212,1,1,1,10,0.0747573164699134,0,7,3,1,1,23,29,221,1,0,0,163,148,9,3.41325924471323,0,9,6,4,0,0,29,11,13,4,30,1,2,18,3,0,0,5,0,0,0,0,0,0,0,0,0,1,0,0,0,0,11,105,3,2,0,0,2,1,2,15,2,65,2,2,0,0,45,1,0,0,0,2,0,0,0,0,0,0,0,0,45;42,,,87,0,0,1,1,0,0,1,0,0,0,0,0,5,0,56,221,2,1,1,1,1,1,7,0,194
2014,1,PHI,REG,2014_01_JAX_PHI,JAX,27,45,322,2,1,5,-47,3,2,483,139,14,-10.9803180570016,-1.08659788966179,0,12,5,5,1,32,145,1,0,0,7,-0.700600632979811,0,4,3,1,1,27,44,322,2,0,0,483,139,14,3.25452784460504,0,12,5,5,1,0,51,1,7,5,17,1,3,24,5,0,0,5,0,0,0,0,0,1,0,0,0,1,0,1,17,1,6,50,4,3,0,0,3,2,4,62,1,24,2,2,0,0,51,1,0,1,0,0,1,0,0,0,0,0,0,0,51;28,,,79,0,0,4,4,0,0,1,0,0,0,0,0,6,0,52,230,5,0,1,0,2,3,28,0,202
2014,1,PIT,REG,2014_01_CLE_PIT,CLE,24,35,390,1,1,3,-14,0,0,326,176,16,12.9211807926858,9.60263516753912,0,15,11,7,2,29,127,2,1,0,6,-2.26067332290761,0,3,1,1,0,24,32,390,1,0,0,326,176,16,16.8967628089595,0,15,11,7,2,0,40,6,22,8,38,0,3,24,4,0,0,5,0,0,0,0,0,0,0,0,0,1,-13,0,0,0,11,96,5,0,1,0,1,0,3,46,2,29,3,3,0,0,41,1,0,0,2,1,0,0,0,0,0,0,0,0,36;34;41,,,111,0,0,3,3,0,0,1,1,1,0,0,41,6,0,56,262,2,0,0,1,4,1,0,0,242
2014,1,SEA,REG,2014_01_GB_SEA,GB,19,28,191,2,0,1,0,0,0,237,113,8,5.60573452199602,9.48689234256744,0,6,3,3,0,37,207,2,0,0,13,7.45501525508007,0,6,5,1,0,19,25,191,2,1,0,237,113,8,6.94489962136865,0,6,3,3,0,0,35,5,25,4,18,1,3,14,4,1,21,4,0,1,1,0,0,0,0,0,0,1,0,0,0,0,4,69,2,1,1,0,2,1,2,3,3,60,2,2,0,0,35,1,0,1,1,0,0,0,0,0,0,0,0,0,35;20,,,55,0,0,4,4,0,0,1,0,0,0,0,0,2,0,39,66,2,0,0,0,2,0,0,0,66
2014,1,SF,REG,2014_01_SF_DAL,DAL,16,23,201,2,0,1,-9,0,0,187,74,11,12.313987731759,3.91090719596199,0,8,3,3,0,30,127,1,0,0,6,-5.22117175022524,0,4,4,1,0,16,23,201,2,0,0,187,74,11,14.0345444462146,0,8,3,3,0,0,43,1,11,4,28,1,3,26,4,3,48,7,0,0,0,0,0,0,0,0,0,0,0,1,35,1,11,78,4,0,0,0,0,0,1,13,0,0,0,1,1,0,,0,0,0,0,0,0,0,0,0,1,0,0,0,,37,,0,37,0,4,4,0,0,1,0,0,0,0,0,4,0,54,183,3,0,1,0,1,2,0,0,183
2014,1,TB,REG,2014_01_CAR_TB,CAR,22,35,183,2,2,3,-21,1,0,245,45,10,-5.92318686438375,0.519191079279956,0,5,2,1,0,17,102,0,0,0,5,1.02540978670004,0,3,2,1,1,22,35,183,2,1,1,245,45,10,-5.23703252788982,0,5,2,1,0,0,42,18,20,4,16,0,1,9,3,0,0,0,0,0,0,0,0,0,0,0,0,2,0,0,0,0,3,15,3,2,1,0,3,1,4,56,2,52,0,0,0,0,,,0,0,0,0,0,0,0,0,0,0,0,0,,,,0,0,0,2,2,0,0,1,0,0,0,0,0,5,0,56,220,2,0,1,0,1,3,36,0,184
2014,1,TEN,REG,2014_01_TEN_KC,KC,22,33,266,2,0,4,-23,0,0,269,121,18,13.6191288516034,7.31883393600583,0,13,5,1,0,38,162,0,0,0,5,-3.09017794587654,0,4,3,0,0,22,32,266,2,0,0,269,121,18,19.2880034444729,0,13,5,1,0,0,41,0,4,6,28,0,4,24,5,3,12,6,0,0,0,0,0,0,0,0,0,1,0,0,0,0,12,110,5,1,0,0,1,0,1,-2,1,22,4,4,0,0,47,1,0,0,2,2,0,0,0,0,0,0,0,0,36;31;46;47,,,160,0,0,2,2,0,0,1,0,0,0,0,0,6,0,63,304,3,0,0,0,2,4,47,0,257
2014,1,WAS,REG,2014_01_WAS_HOU,HOU,29,37,267,0,0,3,-26,0,0,213,155,11,0.364544239535462,14.7949114867619,0,10,6,2,1,23,131,1,2,1,7,-3.28887596412096,0,4,4,1,0,29,35,267,0,1,1,213,155,11,2.94785891316133,0,10,6,2,1,0,44,4,12,2,8,1,0,0,3,0,0,2,0,0,0,0,0,0,0,0,0,1,-3,1,0,0,7,71,6,1,2,0,3,2,2,36,2,56,0,0,0,0,,,0,0,0,0,0,0,0,0,0,0,0,0,,,,0,0,0,0,1,0,1,0,0,0,0,0,0,5,1,61,246,2,0,0,0,1,4,28,0,218
2014,2,ARI,REG,2014_02_ARI_NYG,NYG,14,29,167,0,0,4,-25,0,0,335,50,9,-3.91198684307243,-7.34203968729292,0,8,5,2,0,28,124,1,0,0,6,-0.288219885958321,0,4,4,2,0,14,28,167,0,0,0,335,50,9,2.75071745950767,0,8,5,2,0,1,45,15,15,2,17,1,2,17,2,2,3,4,0,0,0,0,0,0,0,0,0,0,0,2,0,0,7,71,4,0,0,0,0,0,2,76,2,28,4,4,0,0,49,1,0,0,3,1,0,0,0,0,0,0,0,0,49;37;32;33,,,151,0,0,1,1,0,0,1,0,0,0,0,0,4,0,51,164,2,0,1,0,1,2,0,0,164
2014,2,ATL,REG,2014_02_ATL_CIN,CIN,24,44,231,1,3,2,-19,0,0,366,89,11,-15.4581358727055,-8.08637738227844,0,11,5,2,0,19,97,0,0,0,6,3.85730435175356,0,3,2,0,0,24,43,231,1,0,0,366,89,11,-11.7339100631407,0,11,5,2,0,0,46,0,38,4,7,0,0,0,1,0,0,1,0,0,0,0,0,0,0,0,0,0,0,0,0,0,7,56,5,0,0,0,0,0,1,7,4,118,1,1,0,0,46,1,0,0,0,1,0,0,0,0,0,0,0,0,46,,,46,0,0,1,1,0,0,1,0,0,0,0,0,6,0,57,266,2,0,0,1,2,3,26,0,220
2014,2,BAL,REG,2014_02_PIT_BAL,PIT,21,29,166,2,0,0,0,0,0,160,100,11,8.0923233055937,6.58921188321607,0,6,3,3,0,36,157,0,0,0,9,-0.805111490888521,0,6,4,1,1,21,29,166,2,0,0,160,100,11,8.0923233055937,0,6,3,3,0,0,31,0,26,2,15,2,2,15,3,1,13,4,0,0,0,0,0,0,0,0,0,0,0,2,6,0,4,35,4,0,0,0,0,0,2,47,0,0,4,4,0,0,30,1,0,3,1,0,0,0,0,0,0,0,0,0,30;23;22;20,,,95,0,0,2,2,0,0,1,0,0,0,0,0,2,0,56,110,0,0,0,0,0,2,13,0,97
2014,2,BUF,REG,2014_02_MIA_BUF,MIA,16,26,202,1,0,0,0,0,0,187,125,10,7.42298211771998,-0.938111658279712,0,7,5,4,0,33,113,0,0,0,3,-11.0313547197688,0,2,1,1,1,16,26,202,1,0,0,187,125,10,7.42298211771998,0,7,5,4,0,1,36,21,25,6,40,0,4,31,5,1,1,9,0,0,0,1,0,0,0,0,0,0,0,1,0,0,6,40,2,0,0,0,0,0,2,16,3,136,5,6,1,0,38,0.833333333333333,0,2,3,0,0,0,0,0,1,0,0,0,27;27;31;32;38,31,,155,31,0,2,2,0,0,1,0,0,0,0,0,4,0,41,134,3,0,0,0,2,2,7,0,127
2014,2,CAR,REG,2014_02_DET_CAR,DET,22,34,281,1,0,4,-30,0,0,329,130,14,5.80786965657656,1.47792258683373,1,14,9,5,0,24,62,1,0,0,3,-6.72906428016215,0,3,2,1,0,22,34,281,1,0,0,329,130,14,12.2727591105916,1,14,9,5,0,0,34,0,34,4,26,3,4,38,8,1,23,8,0,0,0,0,0,0,0,0,0,0,0,2,0,0,4,45,4,0,0,0,0,0,2,8,0,0,3,3,0,0,53,1,0,1,1,0,1,0,0,0,0,0,0,0,29;53;38,,,120,0,0,1,1,0,0,1,0,0,0,0,0,6,0,57,269,1,1,0,0,2,3,52,0,217
2014,2,CHI,REG,2014_02_CHI_SF,SF,23,34,176,4,0,1,-6,0,0,306,57,10,4.47509796044324,6.56382393311052,0,7,2,1,0,17,46,0,1,0,3,-4.76348760450492,0,1,1,1,0,23,34,176,4,0,0,306,57,10,6.12773163861129,0,7,2,1,0,0,49,1,9,7,22,1,4,16,5,3,39,4,0,0,0,0,0,0,0,0,0,1,-19,1,0,0,10,58,3,0,1,0,1,0,1,1,1,21,0,0,0,0,,,0,0,0,0,0,0,0,0,0,0,0,0,,,,0,0,0,4,4,0,0,1,0,0,0,0,0,5,1,52,238,1,0,0,1,0,4,24,0,194
2014,2,CIN,REG,2014_02_ATL_CIN,ATL,16,24,302,1,0,0,0,0,0,228,209,10,13.0148582727347,7.67861786095992,0,9,8,5,3,45,170,2,0,0,10,-1.18442340538604,0,3,2,0,0,16,23,302,1,0,0,228,209,10,14.4307810397518,0,9,8,5,3,0,40,0,18,2,19,0,2,19,8,3,39,13,0,0,0,0,0,0,0,0,0,0,0,0,0,0,7,55,5,0,0,0,0,0,3,26,1,29,1,4,3,0,31,0.25,0,0,1,0,0,0,0,0,1,1,1,0,31,38;49;55,,31,142,0,3,3,0,0,1,0,0,0,0,0,4,0,49,171,2,0,2,0,1,1,7,0,164
2014,2,CLE,REG,2014_02_NO_CLE,NO,24,41,204,1,0,1,-2,0,0,320,94,14,0.592676070227552,-2.70725775782655,0,11,1,1,0,30,122,1,0,0,7,0.695463589203544,0,2,2,0,0,24,41,204,1,0,0,320,94,14,1.11870555073236,0,11,1,1,0,0,41,0,32,3,15,1,2,14,6,1,62,5,1,0,0,0,0,0,0,0,0,0,0,1,0,0,4,30,4,0,0,0,0,0,1,2,2,37,2,2,0,0,32,1,0,1,1,0,0,0,0,0,0,0,0,0,32;29,,,61,0,0,2,2,0,0,1,0,0,0,0,0,5,0,48,208,3,0,0,0,4,1,-2,0,210
2014,2,DAL,REG,2014_02_DAL_TEN,TEN,19,29,176,1,0,4,-28,0,0,192,51,10,6.4791839595826,1.21176664171548,0,8,3,1,0,43,220,1,1,1,13,-0.312195276783314,0,7,4,1,0,19,29,176,1,0,0,192,51,10,12.2084101129265,0,8,3,1,0,0,34,0,8,2,2,1,2,2,6,2,4,9,0,0,0,0,0,0,0,0,0,0,0,0,0,0,4,25,4,0,1,0,1,1,1,15,0,0,4,4,0,0,51,1,0,0,0,3,1,0,0,0,0,0,0,0,48;44;51;48,,,191,0,0,2,2,0,0,1,0,0,0,0,0,4,0,62,220,1,1,1,2,0,0,0,0,180
2014,2,DEN,REG,2014_02_KC_DEN,KC,21,26,242,3,0,1,-5,0,0,171,84,14,11.9486334191358,14.7049313554397,0,11,6,2,1,19,88,0,0,0,4,1.61420212796656,0,4,4,1,0,21,26,242,3,0,0,171,84,14,12.9007017987503,0,11,6,2,1,0,52,1,9,5,18,1,2,8,5,0,0,4,0,0,0,0,0,0,0,0,0,0,0,0,0,0,11,71,0,0,0,0,0,0,0,0,1,54,1,1,0,0,20,1,0,1,0,0,0,0,0,0,0,0,0,0,20,,,20,0,0,3,3,0,0,1,0,0,0,0,0,3,0,53,132,1,0,0,0,1,2,2,0,130
2014,2,DET,REG,2014_02_DET_CAR,CAR,27,48,291,1,1,4,-38,0,0,400,134,18,-1.14489577555541,-6.27013320724169,0,15,6,3,0,18,70,0,1,1,2,-4.38751962699462,0,1,1,0,0,27,48,291,1,1,0,400,134,18,5.08077028490625,0,15,6,3,0,0,35,2,28,9,48,0,4,30,7,0,0,3,0,0,0,0,0,0,0,0,0,1,0,0,0,0,5,33,3,3,0,0,3,2,3,52,1,33,0,2,2,0,,0,0,0,0,0,0,0,0,0,0,2,0,0,,49;49,,0,98,0,1,1,0,0,1,0,0,0,0,0,5,0,64,233,1,0,0,1,2,2,8,0,205
2014,2,GB,REG,2014_02_NYJ_GB,NYJ,25,42,346,3,0,4,-36,0,0,329,158,17,9.62011611491551,2.73343081154474,1,13,5,4,1,22,80,0,1,1,5,-9.26531469907483,0,3,0,0,0,25,41,346,3,0,0,329,158,17,17.985766291612,1,13,5,4,1,0,40,5,27,4,17,0,2,10,6,1,0,9,0,0,0,0,0,0,0,0,0,2,-2,0,0,0,3,34,3,0,3,0,3,1,3,15,2,58,3,3,0,0,55,1,0,1,1,0,1,0,0,0,0,0,0,0,31;20;55,,,106,0,0,2,2,0,0,1,0,0,0,0,0,4,0,56,197,0,1,0,0,0,3,11,0,186
2014,2,HOU,REG,2014_02_HOU_OAK,LV,14,19,139,2,0,0,0,0,0,93,83,9,12.2409000819896,8.73526781797409,0,6,2,2,0,46,188,1,0,0,9,1.77012269549841,0,4,3,1,1,14,19,139,2,0,0,93,83,9,12.2409000819896,0,6,2,2,0,0,43,0,8,3,6,4,0,0,3,2,70,5,0,1,0,0,0,0,0,0,0,1,0,2,49,0,7,85,1,0,1,0,1,0,2,9,0,0,3,4,0,1,46,0.75,0,0,2,1,0,0,0,0,0,0,0,0,33;39;46,,27,118,0,27,3,3,0,0,1,0,0,0,0,0,2,0,65,100,1,0,0,0,1,1,3,0,97
2014,2,IND,REG,2014_02_PHI_IND,PHI,20,34,172,3,1,0,0,0,0,203,96,14,4.73076873299223,-4.89930985495448,0,9,4,0,0,38,169,0,2,1,7,-6.9720145151368,0,5,4,1,0,20,32,172,3,0,0,203,96,14,5.67534897142112,0,9,4,0,0,0,46,0,12,5,12,0,0,0,4,1,0,5,0,0,0,0,0,0,0,0,0,1,0,0,0,0,4,70,4,2,0,0,2,1,4,44,2,54,2,2,0,0,46,1,0,1,0,1,0,0,0,0,0,0,0,0,46;27,,,73,0,0,3,3,0,0,1,0,0,0,0,0,4,0,61,221,1,0,0,0,0,4,25,0,196
2014,2,JAX,REG,2014_02_JAX_WAS,WAS,14,28,193,1,1,10,-70,0,0,292,96,4,-18.3587605459973,-10.0199650440897,0,3,2,2,2,10,25,0,0,0,2,-3.0959771607304,0,1,1,0,0,14,28,193,1,0,0,292,96,4,-2.85594783560373,0,3,2,2,2,0,45,8,40,5,33,0,3,30,3,0,0,4,0,0,0,0,0,0,0,0,0,0,0,0,0,0,6,44,2,0,0,0,0,0,2,9,5,137,1,1,0,0,36,1,0,0,1,0,0,0,0,0,0,0,0,0,36,,,36,0,0,1,1,0,0,1,0,0,0,0,0,8,0,55,383,2,1,0,0,0,7,59,0,324
2014,2,KC,REG,2014_02_KC_DEN,DEN,26,42,255,0,0,2,-8,0,0,267,89,18,11.2184289666209,0.225185640156269,0,12,6,5,0,31,133,2,0,0,6,-3.94508802558994,0,4,3,2,0,26,40,255,0,1,0,267,89,18,13.6027814602156,0,12,6,5,0,0,35,1,3,4,12,0,1,5,1,0,0,2,0,0,0,0,0,0,0,0,0,0,0,0,0,0,7,62,6,1,0,1,1,0,2,2,1,37,1,2,1,0,45,0.5,0,0,0,1,0,0,0,0,1,0,0,0,45,37,,45,37,0,2,2,0,0,1,0,0,0,0,0,2,0,40,80,2,0,1,0,1,0,0,0,80
2014,2,LA,REG,2014_02_STL_TB,TB,22,29,235,0,0,2,-15,0,0,279,63,14,12.5998470508759,12.2458053046259,0,10,4,2,0,29,119,1,2,1,6,-6.02299937446433,0,4,3,0,0,22,29,235,0,0,0,279,63,14,15.7563463993403,0,10,4,2,0,0,42,8,10,6,14,0,1,4,4,1,0,1,0,0,0,1,0,1,0,0,20,1,-6,0,0,0,5,65,3,1,1,0,2,1,1,-1,2,22,4,4,0,0,46,1,0,0,3,1,0,0,0,0,0,0,0,0,36;35;46;38,,,155,0,0,1,1,0,0,1,1,1,0,0,38,2,0,53,98,1,0,0,0,1,1,0,0,98
2014,2,LAC,REG,2014_02_SEA_SD,SEA,28,37,284,3,0,1,-8,0,0,236,157,17,16.9039128518287,16.8285665341786,0,16,5,2,0,37,101,0,3,0,7,-4.48353540676204,0,3,3,0,0,28,35,284,3,1,0,236,157,17,21.2186319162627,0,16,5,2,0,0,24,12,12,4,31,2,2,22,3,0,0,1,0,0,0,0,0,0,0,0,0,3,-2,1,0,0,6,53,3,1,3,1,4,0,1,6,1,0,3,3,0,0,50,1,0,1,0,1,1,0,0,0,0,0,0,0,50;43;28,,,121,0,0,3,3,0,0,1,0,0,0,0,0,3,0,53,124,2,1,0,1,1,0,0,0,104
2014,2,LV,REG,2014_02_HOU_OAK,HOU,27,42,263,1,2,0,0,0,0,332,125,16,-6.05722729387344,-1.11424078543981,0,12,2,2,1,17,101,1,0,0,5,3.40244246678776,0,3,2,1,1,27,42,263,1,3,2,332,125,16,-16.7520214513352,0,12,2,2,1,0,57,0,12,3,4,0,0,0,1,0,0,2,0,0,0,0,0,1,0,0,0,1,0,0,0,0,5,24,6,3,0,1,3,2,1,3,4,103,0,0,0,0,,,0,0,0,0,0,0,0,0,0,0,0,0,,,,0,0,0,2,2,0,0,1,0,0,0,0,0,3,0,47,120,0,0,0,0,1,2,9,0,111
2014,2,MIA,REG,2014_02_MIA_BUF,BUF,31,49,241,1,1,4,-31,0,0,330,130,16,-7.48491587089016,-4.01577992098672,0,12,3,0,0,21,80,0,0,0,4,-5.64934070844902,0,0,0,0,0,31,49,241,1,0,0,330,130,16,-2.08124092705189,0,12,3,0,0,0,24,26,30,2,5,0,0,0,2,0,0,4,0,1,0,0,0,0,0,0,14,0,0,0,0,0,3,20,3,0,1,0,1,1,2,7,3,57,1,1,0,0,34,1,0,0,1,0,0,0,0,0,0,0,0,0,34,,,34,0,0,1,1,0,0,1,0,0,0,0,0,5,1,49,199,0,2,0,0,1,2,16,0,183
2014,2,MIN,REG,2014_02_NE_MIN,NE,19,36,202,1,4,6,-39,1,0,280,151,9,-20.7061635827458,-11.9482372370031,0,8,5,3,0,19,54,0,0,0,3,-2.52419685258064,0,1,1,0,0,19,36,202,1,0,0,280,151,9,-12.6712096780001,0,8,5,3,0,0,49,0,16,3,11,0,1,7,3,0,0,1,0,0,0,0,0,0,0,0,0,1,0,0,0,0,7,58,2,1,0,0,1,0,1,11,3,49,0,1,0,1,,0,0,0,0,0,0,0,0,0,0,0,0,0,,,48,0,0,48,1,1,0,0,1,0,0,0,0,0,5,0,57,228,0,0,0,0,1,4,66,0,162
2014,2,NE,REG,2014_02_NE_MIN,MIN,14,21,149,1,0,1,-7,0,0,171,66,9,3.0877643481111,4.57831919193268,0,7,1,1,1,37,150,1,0,0,5,-3.83020722901995,0,2,2,0,0,14,21,149,1,1,0,171,66,9,4.59714805832877,0,7,1,1,1,1,37,0,14,8,47,1,6,39,8,4,60,6,0,0,0,0,0,1,0,0,58,1,0,0,0,0,15,163,3,0,1,0,1,0,4,66,0,0,3,3,0,0,48,1,0,1,0,2,0,0,0,0,0,0,0,0,48;47;27,,,122,0,0,3,3,0,0,1,0,0,0,0,0,5,0,59,211,4,1,1,0,2,1,11,0,200
2014,2,NO,REG,2014_02_NO_CLE,CLE,27,40,237,2,1,2,-14,0,0,238,107,16,-1.61949530469338,4.59845975423471,0,13,2,2,0,27,174,1,0,0,10,7.64398290542886,0,4,4,2,0,27,39,237,2,0,0,238,107,16,2.4658521211395,0,13,2,2,0,0,47,0,20,2,4,0,1,2,6,0,0,4,0,0,0,0,0,0,0,0,0,0,0,0,0,0,5,39,5,1,0,0,1,1,1,-2,3,63,1,1,0,0,27,1,0,1,0,0,0,0,0,0,0,0,0,0,27,,,27,0,0,3,3,0,0,1,0,0,0,0,0,5,0,47,206,2,1,1,0,2,1,2,0,204
2014,2,NYG,REG,2014_02_ARI_NYG,ARI,26,39,277,2,2,2,-17,0,0,345,131,15,5.66790831729304,1.00006919640761,0,13,4,3,0,27,81,0,0,0,5,-7.68670265554101,0,2,1,0,0,26,39,277,2,1,1,345,131,15,4.62315385218244,0,13,4,3,0,0,33,16,16,4,23,0,4,25,11,0,0,8,0,0,0,0,0,0,0,0,0,0,0,0,0,0,9,70,3,1,1,0,2,2,2,0,6,143,0,0,0,0,,,0,0,0,0,0,0,0,0,0,0,0,0,,,,0,0,0,2,2,0,0,1,0,0,0,0,0,4,0,47,177,1,0,0,1,1,2,76,1,81
2014,2,NYJ,REG,2014_02_NYJ_GB,GB,16,32,176,1,1,2,-10,0,0,304,93,11,0.207014084244168,-9.8555588722229,0,9,3,2,0,37,147,2,0,0,7,1.93945087806787,0,2,1,1,0,16,30,176,1,0,0,304,93,11,3.57544660373593,0,9,3,2,0,0,40,8,14,4,36,0,4,36,12,0,0,3,0,1,0,0,0,0,0,0,0,1,0,1,0,0,7,82,6,0,1,0,1,0,3,11,3,29,1,1,0,0,52,1,0,0,0,0,1,0,0,0,0,0,0,0,52,,,52,0,0,3,3,0,0,1,0,0,0,0,0,5,0,56,233,1,0,1,0,1,3,15,0,218
2014,2,PHI,REG,2014_02_PHI_IND,IND,21,37,331,1,1,0,0,0,0,310,233,13,12.0969321638538,-7.63050623842188,0,11,7,5,2,27,127,2,0,0,9,2.11921372120423,0,6,6,1,0,21,37,331,1,0,0,310,233,13,12.0969321638538,0,11,7,5,2,0,50,0,24,5,13,2,0,0,3,1,8,6,0,0,0,0,0,0,0,0,0,0,0,1,0,0,11,90,3,0,0,0,0,0,4,25,1,21,3,4,1,0,36,0.75,0,1,2,0,0,0,0,0,1,0,0,0,31;23;36,38,,90,38,0,3,3,0,0,1,1,1,0,0,36,4,0,59,215,0,0,0,0,0,4,44,0,171
2014,2,PIT,REG,2014_02_PIT_BAL,BAL,22,37,217,0,1,2,-15,0,0,222,131,11,-3.55523046388647,-10.1829789780282,0,11,3,1,0,18,99,0,0,0,5,0.689877386458092,0,4,3,1,0,22,37,217,0,2,2,222,131,11,-10.7466753544601,0,11,3,1,0,0,41,0,34,3,4,0,0,0,0,0,0,2,0,0,0,0,0,0,0,0,0,0,0,0,0,0,9,75,2,2,0,0,2,2,2,13,1,11,2,2,0,0,43,1,0,1,0,1,0,0,0,0,0,0,0,0,25;43,,,68,0,0,0,0,0,0,,0,0,0,0,0,4,0,56,183,1,0,1,0,1,2,47,0,136
2014,2,SEA,REG,2014_02_SEA_SD,LAC,17,25,202,2,0,2,-22,1,0,168,125,9,3.00397503506974,11.9321179660884,0,8,5,3,0,13,108,1,0,0,4,5.06515287884395,0,4,2,1,1,17,22,202,2,0,0,168,125,9,10.1069612767606,0,8,5,3,0,0,50,12,12,7,22,1,1,8,5,0,0,2,0,0,0,0,0,0,0,0,0,1,0,0,0,0,8,53,5,2,0,0,2,1,0,0,6,94,0,0,0,0,,,0,0,0,0,0,0,0,0,0,0,0,0,,,,0,0,0,3,3,0,0,1,0,0,0,0,0,4,0,66,213,0,1,0,2,0,1,6,0,167
2014,2,SF,REG,2014_02_CHI_SF,CHI,21,34,248,1,3,4,-16,0,0,339,71,13,-4.45050807998558,2.2003634409471,0,11,6,5,0,27,127,1,1,1,5,-4.89493216324317,0,4,4,0,0,21,33,248,1,0,0,339,71,13,-0.00243424178842178,0,11,6,5,0,0,35,6,6,6,29,0,1,6,3,0,0,4,0,1,0,1,0,0,0,0,0,1,0,0,0,0,16,118,4,1,1,0,2,1,4,24,3,57,2,2,0,0,27,1,0,2,0,0,0,0,0,0,0,0,0,0,27;24,,,51,0,0,2,2,0,0,1,0,0,0,0,0,1,0,54,54,0,0,0,0,0,1,1,0,53
2014,2,TB,REG,2014_02_STL_TB,LA,16,21,179,0,1,1,-4,0,0,150,73,7,2.52230249723652,14.4228565692902,0,6,5,3,0,30,157,2,0,0,8,1.27259622854298,0,5,4,2,0,16,20,179,0,0,0,150,73,7,4.54588224517647,0,6,5,3,0,0,45,12,12,4,24,1,2,15,4,0,0,1,0,1,0,0,0,0,0,0,3,1,0,1,2,0,4,30,3,0,1,0,1,0,1,0,4,116,1,2,0,1,36,0.5,0,0,1,0,0,0,0,0,0,0,0,0,36,,24,36,0,24,2,2,0,0,1,0,0,0,0,0,1,1,54,54,0,0,0,0,0,1,-1,0,55
2014,2,TEN,REG,2014_02_DAL_TEN,DAL,18,34,234,1,2,2,-2,0,0,357,89,9,-9.97919333846652,-7.0014716071241,0,8,5,3,1,13,82,0,0,0,4,2.4923798290547,0,3,3,0,0,18,34,234,1,1,0,357,89,9,-8.28685482247965,0,8,5,3,1,0,58,0,12,7,37,0,4,28,5,0,0,0,0,0,0,0,0,0,0,0,0,1,0,1,0,0,5,30,3,1,0,0,1,0,0,0,5,68,1,1,0,0,47,1,0,0,0,1,0,0,0,0,0,0,0,0,47,,,47,0,0,1,1,0,0,1,0,0,0,0,0,5,0,54,225,1,1,2,1,0,1,15,0,190
2014,2,WAS,REG,2014_02_JAX_WAS,JAX,24,36,288,2,0,3,-30,0,0,441,92,16,14.1963680363006,8.39300797217422,0,11,7,5,0,42,191,3,0,0,12,-1.12426352615946,0,7,5,1,0,24,36,288,2,0,0,441,92,16,19.7051672370289,0,11,7,5,0,0,28,6,12,9,53,0,10,70,18,1,14,7,0,0,0,0,0,0,0,0,0,0,0,0,0,0,11,98,5,0,0,0,0,0,7,59,0,0,2,2,0,0,42,1,0,0,1,1,0,0,0,0,0,0,0,0,36;42,,,78,0,0,5,5,0,0,1,0,0,0,0,0,4,0,61,199,1,1,0,1,0,2,9,0,170
2014,3,ARI,REG,2014_03_SF_ARI,SF,19,34,254,2,0,0,0,0,0,501,56,12,14.6446469221825,0.777128777083229,0,10,5,5,1,27,84,0,0,0,5,-1.97604898910424,0,2,2,1,0,19,34,254,2,1,1,501,56,12,10.5240978226045,0,10,5,5,1,0,47,2,8,4,15,0,1,9,2,0,0,2,0,0,0,0,0,1,0,0,0,0,0,0,0,0,5,36,5,1,0,0,1,1,1,8,0,0,3,3,0,0,51,1,0,0,2,0,1,0,0,0,0,0,0,0,51;32;35,,,118,0,0,2,2,0,0,1,0,0,0,0,0,1,0,49,49,0,0,0,0,0,1,14,0,35
2014,3,ATL,REG,2014_03_TB_ATL,TB,24,28,350,3,1,1,-6,0,0,310,90,17,21.2277582354893,22.182049708707,0,16,9,5,2,36,144,3,2,2,7,-12.540653580334,0,4,3,2,0,24,28,350,3,1,1,310,90,17,21.9615933448824,0,16,9,5,2,1,41,1,11,6,36,3,3,26,7,1,23,6,1,1,0,0,0,0,0,0,0,1,0,4,6,0,5,50,4,3,1,0,4,3,3,68,1,29,0,1,1,0,,0,0,0,0,0,0,0,0,0,0,0,1,0,,59,,0,59,0,8,8,0,0,1,0,0,0,0,0,2,0,45,84,1,0,0,0,1,1,9,0,75
2014,3,BAL,REG,2014_03_BAL_CLE,CLE,19,31,217,1,1,0,0,0,0,246,93,8,2.96348250590946,1.98025514682134,0,7,5,4,0,33,160,1,0,0,12,0.28675746472436,0,4,3,3,0,19,30,217,1,0,0,246,93,8,2.43742372224828,0,7,5,4,0,0,40,0,16,6,29,0,0,0,1,0,0,3,0,0,0,0,0,1,0,0,0,0,0,0,0,0,5,32,4,0,0,0,0,0,0,0,0,0,3,3,0,0,38,1,0,1,2,0,0,0,0,0,0,0,0,0,38;21;32,,,91,0,0,2,2,0,0,1,1,1,0,0,32,3,0,58,152,1,0,1,1,0,1,0,0,132
2014,3,BUF,REG,2014_03_SD_BUF,LAC,23,40,238,1,0,3,-33,1,0,255,190,9,-5.9423611263191,-8.40086768835019,0,9,6,4,0,22,87,0,0,0,6,-3.35531541099772,0,1,1,0,0,23,39,238,1,0,0,255,190,9,2.59580988714885,0,9,6,4,0,0,27,28,32,6,13,0,2,6,5,0,0,1,0,0,0,0,0,0,0,0,0,1,0,0,0,0,11,110,4,1,0,0,1,0,1,0,3,44,1,1,0,0,45,1,0,0,0,1,0,0,0,0,0,0,0,0,45,,,45,0,0,1,1,0,0,1,0,0,0,0,0,5,0,52,226,2,1,1,0,0,3,6,0,220
2014,3,CAR,REG,2014_03_PIT_CAR,PIT,29,41,330,2,0,3,-23,1,1,329,129,14,4.96942944995934,6.73988730442233,0,13,6,3,0,10,42,0,0,0,3,-1.1848680091789,0,2,1,0,0,29,41,330,2,0,0,329,129,14,12.4444069950503,0,13,6,3,0,0,35,0,38,4,14,0,1,6,3,0,0,1,0,2,0,0,0,0,0,0,0,1,0,0,0,0,7,105,1,2,1,0,3,2,1,-10,2,43,2,2,0,0,40,1,0,0,0,2,0,0,0,0,0,0,0,0,40;40,,,80,0,0,1,1,0,0,1,0,0,0,0,0,4,0,65,210,2,0,1,1,0,2,17,0,173
2014,3,CHI,REG,2014_03_CHI_NYJ,NYJ,23,38,225,2,0,4,-28,1,1,267,89,11,-1.08110488803949,-3.59662010481483,0,9,3,1,1,21,60,0,0,0,4,-1.59329242503736,0,1,1,0,0,23,38,225,2,0,0,267,89,11,7.93655825067406,0,9,3,1,1,0,33,19,35,3,16,4,3,16,8,2,57,7,1,0,0,0,0,0,0,0,0,0,0,1,0,0,9,95,4,1,0,0,1,1,1,11,4,73,2,2,0,0,45,1,0,1,0,1,0,0,0,0,0,0,0,0,24;45,,,69,0,0,3,3,0,0,1,0,0,0,0,0,5,0,49,213,0,0,0,0,2,3,10,0,203
2014,3,CIN,REG,2014_03_TEN_CIN,TEN,17,26,184,1,1,0,0,0,0,139,123,10,-3.25957170355053,-4.7613894710174,0,10,3,2,0,31,116,3,0,0,11,3.59282474964857,0,3,3,0,0,17,26,184,1,0,0,139,123,10,-3.25957170355053,0,10,3,2,0,0,41,0,16,3,10,0,2,8,5,2,2,5,0,0,1,0,0,0,0,0,0,0,0,0,0,0,7,50,2,0,0,0,0,0,0,0,1,18,1,1,0,0,29,1,0,1,0,0,0,0,0,0,0,0,0,0,29,,,29,0,0,4,4,0,0,1,0,0,0,0,0,4,0,55,197,3,0,3,0,0,1,1,0,196
2014,3,CLE,REG,2014_03_BAL_CLE,BAL,19,25,290,1,0,0,0,0,0,229,114,11,18.9571605491724,10.9628875255585,0,8,6,6,2,30,85,2,0,0,6,-4.74920204743984,0,3,3,1,0,19,25,290,1,0,0,229,114,11,18.9571605491724,0,8,6,6,2,0,33,0,32,5,19,0,0,0,3,1,17,1,0,1,0,0,0,0,0,0,0,1,0,0,0,0,12,94,5,0,1,0,1,0,1,0,1,31,0,2,1,1,,0,0,0,0,0,0,0,0,0,0,0,1,0,,50,36,0,50,36,3,3,0,0,1,0,0,0,0,0,4,0,52,180,1,1,1,1,1,0,0,0,160
2014,3,DAL,REG,2014_03_DAL_STL,LA,18,23,217,2,1,0,0,0,0,185,93,10,10.2769474230635,9.38773712386256,0,7,2,2,1,29,123,1,0,0,5,-3.21029044025926,0,4,4,2,1,18,23,217,2,1,1,185,93,10,4.42913886154281,0,7,2,2,1,0,47,9,15,1,1,0,0,0,6,2,17,3,1,0,0,0,0,0,0,0,0,1,0,1,0,0,3,15,4,1,1,0,2,1,0,0,3,74,2,2,0,0,40,1,0,1,0,1,0,0,0,0,0,0,0,0,29;40,,,69,0,0,4,4,0,0,1,0,0,0,0,0,2,0,45,78,0,1,0,0,0,1,1,0,77
2014,3,DEN,REG,2014_03_DEN_SEA,SEA,31,49,303,2,1,1,-7,0,0,432,88,18,4.60706879204429,1.72592625021935,1,14,4,2,1,20,36,0,1,1,1,-13.3785432970617,0,1,0,0,0,31,48,303,2,0,0,432,88,18,6.14778874890237,1,14,4,2,1,0,38,2,52,4,21,1,3,20,4,1,13,2,0,0,1,0,0,1,0,0,0,0,0,0,0,0,4,27,3,1,0,0,1,1,2,15,1,22,1,1,0,0,24,1,0,1,0,0,0,0,0,0,0,0,0,0,24,,,24,0,0,1,1,0,0,1,0,0,0,0,0,8,0,58,378,3,0,0,0,3,5,36,0,342
2014,3,DET,REG,2014_03_GB_DET,GB,22,34,246,0,2,2,-8,1,1,296,91,13,-0.270838010140212,-0.913826157064999,0,8,5,2,1,38,115,1,0,0,6,-4.07734155416256,0,1,1,1,0,22,34,246,0,0,0,296,91,13,6.04630126830041,0,8,5,2,1,0,40,1,9,6,25,1,2,15,3,0,0,4,0,0,1,0,0,0,0,0,0,0,0,1,40,1,6,40,1,1,0,0,1,1,2,16,2,56,1,2,1,0,30,0.5,0,0,1,0,0,0,0,0,0,1,0,0,30,41,,30,41,0,2,2,0,0,1,0,0,0,0,0,2,0,55,104,1,0,0,0,0,2,23,0,81
2014,3,GB,REG,2014_03_GB_DET,DET,16,27,162,1,0,2,-15,0,0,216,67,9,-3.21918835520046,-6.62243642188885,0,7,3,0,0,22,76,0,1,1,3,-11.7411754870554,0,2,2,0,0,16,27,162,1,0,0,216,67,9,0.799677452538163,0,7,3,0,0,0,52,3,17,4,12,1,2,8,10,2,9,4,0,0,0,0,0,0,0,0,0,0,0,1,0,0,5,30,6,1,0,0,1,1,2,23,2,51,0,0,0,0,,,0,0,0,0,0,0,0,0,0,0,0,0,,,,0,0,0,1,1,0,0,1,0,0,0,0,0,5,0,48,215,2,1,0,0,2,2,16,0,199
2014,3,HOU,REG,2014_03_HOU_NYG,NYG,21,35,299,1,3,2,-7,0,0,279,114,14,-4.65596550861203,-2.6575959780637,0,14,6,4,2,25,119,1,0,0,4,-3.37190852445201,0,2,1,1,1,21,34,299,1,0,0,279,114,14,-3.37543591316618,0,14,6,4,2,0,35,32,32,3,16,1,1,8,1,0,0,4,0,0,0,0,0,0,0,0,0,1,0,1,24,0,5,40,5,0,1,0,1,0,1,3,3,67,1,1,0,0,27,1,0,1,0,0,0,0,0,0,0,0,0,0,27,,,27,0,0,2,2,0,0,1,0,0,0,0,0,4,1,64,205,1,1,0,1,0,2,12,0,173
2014,3,IND,REG,2014_03_IND_JAX,JAX,33,43,390,4,0,2,-5,0,0,319,161,22,28.632579209304,13.4318773136582,0,16,9,8,0,29,144,0,0,0,5,-2.77274113435406,0,3,2,2,0,33,43,390,4,0,0,319,161,22,31.105599523613,0,16,9,8,0,0,38,0,4,5,20,1,4,17,7,2,40,5,1,0,0,0,0,0,0,0,0,0,0,1,7,0,8,46,2,0,0,0,0,0,0,0,0,0,3,3,0,0,48,1,0,1,0,2,0,0,0,0,0,0,0,0,48;43;25,,,116,0,0,5,5,0,0,1,0,0,0,0,0,2,0,56,107,2,0,1,0,1,0,0,0,107
2014,3,JAX,REG,2014_03_IND_JAX,IND,18,31,256,2,2,4,-17,0,0,276,155,10,-3.09675833545079,-4.6880042360675,0,8,5,4,1,20,105,0,0,0,6,-0.865855421026936,0,5,2,1,0,18,31,256,2,1,1,276,155,10,-0.704947281483686,0,8,5,4,1,0,50,0,18,4,8,0,2,5,10,0,0,1,0,0,0,0,0,0,0,0,0,0,0,0,0,0,2,15,4,1,0,0,1,1,0,0,1,26,1,1,0,0,41,1,0,0,0,1,0,0,0,0,0,0,0,0,41,,,41,0,0,2,2,0,0,1,0,0,0,0,0,5,0,61,232,1,1,0,1,3,0,0,0,212
2014,3,KC,REG,2014_03_KC_MIA,MIA,19,25,186,3,0,5,-18,1,1,78,136,14,6.10040390618099,3.87208986282349,0,9,3,2,0,41,174,2,3,1,8,-0.581597439071629,0,5,4,1,0,19,25,186,3,0,0,78,136,14,15.5613943810896,0,9,3,2,0,0,52,0,6,3,14,1,4,14,6,0,0,8,0,0,0,0,0,0,0,0,0,1,-15,0,0,0,4,23,2,3,1,1,4,2,5,100,3,65,0,0,0,0,,,0,0,0,0,0,0,0,0,0,0,0,0,,,,0,0,0,4,4,0,0,1,0,0,0,0,0,5,0,64,255,2,0,2,0,0,3,11,0,244
2014,3,LA,REG,2014_03_DAL_STL,DAL,30,42,327,3,2,0,0,0,0,363,149,18,10.0136449205858,6.54484906366893,0,13,6,2,1,30,121,0,0,0,7,-6.3243010424776,0,2,2,0,0,30,42,327,3,0,0,363,149,18,10.0136449205858,0,13,6,2,1,0,39,8,8,4,16,1,0,0,0,1,25,2,1,0,0,0,0,0,0,0,0,0,-3,1,1,0,8,119,4,0,1,0,1,1,1,1,2,53,1,1,0,0,28,1,0,1,0,0,0,0,0,0,0,0,0,0,28,,,28,0,0,4,4,0,0,1,0,0,0,0,0,1,0,24,24,1,0,0,0,1,0,0,0,24
2014,3,LAC,REG,2014_03_SD_BUF,BUF,18,25,256,2,0,2,-6,0,0,198,170,11,11.0663562162768,12.7613877058029,0,9,5,5,2,36,83,0,0,0,4,-5.00948773050914,0,1,1,0,0,18,25,256,2,0,0,198,170,11,14.1759116937278,0,9,5,5,2,0,24,23,27,1,10,1,3,33,5,0,0,4,0,0,1,0,0,0,0,0,0,0,0,0,0,0,6,44,3,0,0,0,0,0,3,6,0,0,2,2,0,0,37,1,1,0,1,0,0,0,0,0,0,0,0,0,19;37,,,56,0,0,2,2,0,0,1,0,0,0,0,0,6,0,72,298,3,1,1,3,0,1,0,0,238
2014,3,LV,REG,2014_03_OAK_NE,NE,21,34,174,0,1,0,0,0,0,251,74,9,-0.354674493995161,-4.67578352374189,0,7,2,1,0,22,67,0,0,0,3,-5.67156224526116,0,1,0,0,0,21,34,174,0,0,0,251,74,9,-0.354674493995161,0,7,2,1,0,0,40,0,30,6,23,0,2,13,6,0,0,2,0,0,0,0,0,0,0,0,0,0,0,0,0,0,6,49,6,0,0,0,0,0,4,36,0,0,3,3,0,0,49,1,0,0,1,2,0,0,0,0,0,0,0,0,49;37;47,,,133,0,0,0,0,0,0,,0,0,0,0,0,5,0,52,216,3,0,2,0,2,1,7,0,209
2014,3,MIA,REG,2014_03_KC_MIA,KC,21,43,205,1,0,4,-14,1,0,304,104,12,-13.6892833648297,-17.6245597905891,0,9,3,2,0,20,141,0,0,0,6,-1.32000202024027,0,6,4,2,0,21,43,205,1,0,0,304,104,12,-8.30513898809913,0,9,3,2,0,0,60,0,12,6,22,3,5,18,6,0,0,1,0,0,1,0,0,0,0,0,0,1,0,2,0,0,6,65,5,1,0,0,1,0,3,11,7,212,2,3,1,0,51,0.666666666666667,0,1,0,0,1,0,0,0,0,1,0,0,22;51,48,,73,48,0,1,1,0,0,1,0,0,0,0,0,7,0,50,267,3,0,2,0,0,5,100,0,167
2014,3,MIN,REG,2014_03_MIN_NO,NO,17,30,203,0,0,2,-15,0,0,151,131,8,1.90851582911994,-14.933375120163,0,8,4,3,1,22,59,0,0,0,3,-1.67935972179562,0,1,1,0,0,17,30,203,0,0,0,151,131,8,4.81345925199996,0,8,4,3,1,0,45,0,20,5,33,0,1,5,3,0,0,4,0,0,0,0,1,0,0,0,0,0,0,0,0,0,5,44,4,0,0,0,0,0,4,11,4,120,3,3,0,0,40,1,0,1,1,1,0,0,0,0,0,0,0,0,25;30;40,,,95,0,0,0,0,0,0,,0,0,0,0,0,4,0,57,181,3,0,0,0,3,1,-3,0,184
2014,3,NE,REG,2014_03_OAK_NE,LV,24,37,234,1,0,2,-13,0,0,229,96,14,6.40935012838267,0.399507622461061,0,12,4,2,0,32,76,0,0,0,5,-4.95052396110259,0,1,0,0,0,24,37,234,1,0,0,229,96,14,8.91602438758523,0,12,4,2,0,0,26,0,32,1,2,0,0,0,2,1,1,6,0,0,0,0,0,0,0,0,0,1,0,0,0,0,6,59,4,0,1,0,1,0,1,7,1,26,3,3,0,0,36,1,0,2,1,0,0,0,0,0,0,0,0,0,21;20;36,,,77,0,0,1,1,0,0,1,0,0,0,0,0,5,0,58,240,2,0,0,0,1,4,36,0,204
2014,3,NO,REG,2014_03_MIN_NO,MIN,27,35,293,2,0,1,-5,0,0,237,159,17,20.0993205384002,6.18714051587241,0,13,6,2,0,32,108,1,1,0,8,-11.5034464927157,0,4,1,0,0,27,35,293,2,0,0,237,159,17,21.204649168707,0,13,6,2,0,0,42,0,10,5,25,0,2,15,5,0,0,3,0,0,0,0,0,0,0,0,0,1,-18,0,0,0,4,30,4,0,1,0,1,0,1,-3,0,0,0,0,0,0,,,0,0,0,0,0,0,0,0,0,0,0,0,,,,0,0,0,2,3,0,1,0.666666666666667,0,0,0,0,0,4,0,54,187,1,0,0,0,0,4,11,0,176
2014,3,NYG,REG,2014_03_HOU_NYG,HOU,21,28,234,2,0,1,-8,0,0,195,149,10,7.14894616089899,8.44222243343081,0,8,3,2,1,42,193,1,0,0,14,-1.82592896083566,0,6,4,0,0,21,28,234,2,1,1,195,149,10,2.63909343028811,0,8,3,2,1,0,31,20,20,2,3,0,2,7,5,3,35,8,0,0,0,1,0,0,0,0,0,1,-29,0,0,0,4,31,1,1,1,0,2,1,2,12,1,17,3,3,0,0,39,1,0,1,2,0,0,0,0,0,0,0,0,0,39;29;31,,,99,0,0,3,3,0,0,1,0,0,0,0,0,4,0,48,159,4,1,0,0,2,1,3,0,156
2014,3,NYJ,REG,2014_03_CHI_NYJ,CHI,26,43,316,1,2,3,-16,0,0,336,143,15,-7.32174441076537,-0.519034763177236,0,12,8,3,2,26,114,0,1,0,3,-0.266595035391322,0,3,1,0,0,26,42,316,1,3,0,336,143,15,-3.59568950531726,0,12,8,3,2,0,30,13,25,2,14,1,4,28,8,0,0,6,0,1,0,0,0,0,0,0,0,0,0,1,0,0,6,78,3,4,1,4,5,1,3,10,4,82,4,4,0,0,43,1,0,2,0,2,0,0,0,0,0,0,0,0,43;28;22;42,,,135,0,0,1,1,0,0,1,0,0,0,0,0,3,0,54,145,1,0,0,1,1,1,11,0,114
2014,3,PHI,REG,2014_03_WAS_PHI,WAS,27,41,325,3,0,0,0,0,0,382,137,14,13.5957212702796,5.75017522021038,0,15,8,5,1,25,54,0,2,1,3,-13.7309100258863,0,1,1,0,0,27,41,325,3,0,0,382,137,14,13.5957212702796,0,15,8,5,1,1,53,0,8,1,1,1,0,0,1,1,6,6,0,0,0,0,0,0,0,0,0,0,0,0,0,0,9,70,3,2,0,1,2,1,2,27,3,153,3,3,0,0,51,1,0,0,2,0,1,0,0,0,0,0,0,0,38;33;51,,,122,0,0,4,4,0,0,1,0,0,0,0,0,4,0,41,149,2,1,0,0,2,1,6,0,143
2014,3,PIT,REG,2014_03_PIT_CAR,CAR,22,30,196,2,0,1,-6,0,0,114,120,9,4.67875972188333,9.13520311487132,0,6,3,2,0,34,264,1,0,0,12,10.4456438025809,0,6,5,2,2,22,29,196,2,0,0,114,120,9,5.95647902020275,0,6,3,2,0,0,35,0,12,3,16,2,3,23,6,0,0,1,0,0,0,0,0,0,0,0,0,0,0,2,0,1,11,91,3,0,0,0,0,0,2,17,0,0,3,3,0,0,45,1,0,1,0,2,0,0,0,0,0,0,0,0,42;24;45,,,111,0,0,4,4,0,0,1,0,0,0,0,0,3,0,59,138,1,1,0,0,1,1,-10,0,148
2014,3,SEA,REG,2014_03_DEN_SEA,DEN,25,35,275,2,1,3,-20,1,0,236,129,16,-0.0567561091154261,7.47088374513568,0,14,4,2,0,37,129,1,0,0,8,1.2739045009892,0,2,1,0,0,25,33,275,2,0,0,236,129,16,6.19270030083159,0,14,4,2,0,0,40,3,23,4,14,1,1,7,7,1,52,8,0,0,0,0,0,0,0,0,0,1,0,1,0,0,7,34,5,1,0,0,1,0,5,36,1,13,2,3,0,1,28,0.666666666666667,0,2,0,0,0,0,0,0,0,0,0,0,20;28,,46,48,0,46,2,2,0,0,1,0,0,0,0,0,6,0,66,301,5,0,1,0,3,2,15,0,286
2014,3,SF,REG,2014_03_SF_ARI,ARI,29,37,245,1,0,1,-9,0,0,263,104,15,10.0515487142202,15.1318066460746,0,9,4,3,0,23,82,1,0,0,4,-1.69606755650602,0,1,0,0,0,29,35,245,1,0,0,263,104,15,12.6850939938394,0,9,4,3,0,0,37,3,7,2,6,1,0,0,2,0,0,7,0,0,0,0,0,0,0,0,0,0,0,1,0,0,9,107,6,0,0,0,0,0,1,14,2,44,0,1,0,1,,0,0,0,0,0,0,0,0,0,0,0,0,0,,,45,0,0,45,2,2,0,0,1,0,0,0,0,0,4,0,56,174,2,0,0,0,3,1,8,0,166
2014,3,TB,REG,2014_03_TB_ATL,ATL,22,36,179,1,1,3,-26,0,0,386,63,7,-11.482180421066,-1.78188843386514,0,7,1,1,0,18,64,0,1,1,3,-12.0650418978184,0,1,1,0,0,22,35,179,1,1,1,386,63,7,-12.3321243719547,0,7,1,1,0,0,52,2,14,5,10,3,1,6,3,1,27,3,1,1,0,0,0,0,0,0,0,1,-14,3,8,0,11,110,1,3,2,0,5,4,1,9,4,78,0,0,0,0,,,0,0,0,0,0,0,0,0,0,0,0,0,,,,0,0,0,2,2,0,0,1,0,0,0,0,0,7,0,56,307,2,2,0,0,2,3,68,1,239
2014,3,TEN,REG,2014_03_TEN_CIN,CIN,17,34,185,0,2,2,-8,0,0,394,102,7,-13.5331590728832,-9.22253493106726,0,8,5,3,0,28,149,1,1,0,11,5.70314264579793,0,5,4,2,0,17,33,185,0,0,0,394,102,7,-9.70644316114463,0,8,5,3,0,0,36,0,20,2,5,0,0,0,0,1,0,4,0,0,0,0,0,0,0,0,0,2,-2,0,0,0,11,99,1,0,2,0,2,0,1,1,2,56,0,2,2,0,,0,0,0,0,0,0,0,0,0,0,2,0,0,,40;44,,0,84,0,1,1,0,0,1,0,0,0,0,0,4,0,45,141,0,1,0,2,1,0,0,0,101
2014,3,WAS,REG,2014_03_WAS_PHI,PHI,30,48,427,3,1,0,0,0,0,481,154,18,17.0882273170535,-0.107696031530698,0,14,6,5,3,28,84,1,1,0,6,-1.60417329909978,0,1,1,0,0,30,48,427,3,0,0,481,154,18,17.0882273170535,0,14,6,5,3,0,39,0,10,4,7,2,0,0,4,0,0,1,0,0,0,0,0,0,0,0,0,1,0,1,17,0,10,131,4,1,0,0,1,0,1,6,3,46,2,3,1,0,49,0.666666666666667,0,0,0,2,0,0,0,0,1,0,0,0,49;44,33,,93,33,0,4,4,0,0,1,0,0,0,0,0,3,0,65,170,0,0,0,1,0,2,27,0,123
2014,4,ATL,REG,2014_04_ATL_MIN,MIN,25,41,298,3,2,1,-10,0,0,398,163,16,7.70260490349028,0.542723536491394,0,14,6,5,0,22,123,1,0,0,6,4.55257772380719,0,2,1,1,1,25,40,298,3,0,0,398,163,16,9.11279067967553,0,14,6,5,0,0,46,0,28,2,2,0,0,0,1,0,0,2,0,0,0,0,0,0,0,0,0,0,0,0,0,0,5,50,5,0,0,0,0,0,1,16,3,62,0,0,0,0,,,0,0,0,0,0,0,0,0,0,0,0,0,,,,0,0,0,4,4,0,0,1,0,0,0,0,0,5,0,59,250,2,0,1,0,2,2,39,0,211
2014,4,BAL,REG,2014_04_CAR_BAL,CAR,22,31,327,3,0,0,0,0,0,260,154,15,26.3001860333876,7.70804733037949,0,14,7,5,1,30,127,2,0,0,7,-2.15086917532047,0,4,3,2,0,22,30,327,3,0,0,260,154,15,26.0868441907223,0,14,7,5,1,0,34,0,26,3,20,1,2,20,7,0,0,5,0,0,0,0,0,0,0,0,0,1,0,1,0,0,4,40,4,0,1,0,1,0,1,18,0,0,1,2,1,0,30,0.5,0,0,1,0,0,0,0,0,0,0,1,0,30,57,,30,57,0,5,5,0,0,1,0,0,0,0,0,1,0,39,39,1,0,1,0,0,0,0,0,39
2014,4,BUF,REG,2014_04_BUF_HOU,HOU,21,44,225,2,2,2,-5,0,0,371,141,12,-16.9335187368187,-12.0853583826575,0,8,1,1,1,23,96,0,1,0,3,-1.81699040916283,0,2,2,1,0,21,43,225,2,0,0,371,141,12,-14.7772674757206,0,8,1,1,1,0,44,0,22,6,10,1,3,4,11,2,0,4,0,0,0,0,0,0,0,0,0,1,0,1,0,0,8,40,6,1,0,0,1,0,1,11,3,82,1,1,0,0,31,1,0,0,1,0,0,0,0,0,0,0,0,0,31,,,31,0,0,2,2,0,0,1,0,0,0,0,0,9,0,61,413,0,0,1,2,1,5,24,0,349
2014,4,CAR,REG,2014_04_CAR_BAL,BAL,20,34,268,1,0,2,-20,0,0,286,84,16,14.9085279994179,-2.15588908861665,0,14,6,3,0,26,67,0,2,1,2,-13.0876224854378,0,0,0,0,0,20,34,268,1,0,0,286,84,16,17.8041643404868,0,14,6,3,0,0,32,0,34,3,4,0,0,0,2,0,0,3,0,0,0,0,0,0,0,0,0,1,-8,0,0,0,7,59,0,1,1,0,2,1,0,0,1,23,1,1,0,0,37,1,0,0,1,0,0,0,0,0,0,0,0,0,37,,,37,0,0,1,1,0,0,1,0,0,0,0,0,4,0,58,194,0,0,0,1,2,1,18,0,156
2014,4,CHI,REG,2014_04_GB_CHI,GB,23,35,265,2,2,1,-4,0,0,265,138,14,-6.58249715166763,2.52429221357618,0,9,4,4,0,41,235,0,2,0,16,6.35231619724073,0,8,8,0,0,23,35,265,2,0,0,265,138,14,-4.07947802879513,0,9,4,4,0,0,39,0,6,1,3,0,1,0,0,0,0,1,0,0,0,0,0,1,0,0,0,2,0,0,0,0,6,46,4,1,2,1,3,0,0,0,2,43,1,1,0,0,23,1,0,1,0,0,0,0,0,0,0,0,0,0,23,,,23,0,0,2,2,0,0,1,0,0,0,0,0,0,0,,0,0,0,0,0,0,0,0,0,0
2014,4,DAL,REG,2014_04_NO_DAL,NO,22,29,262,3,0,1,-7,0,0,282,101,14,14.362895613039,11.4925438987798,0,13,7,2,0,35,190,2,1,0,10,5.679904601624,0,8,6,3,0,22,29,262,3,0,0,282,101,14,16.34576014659,0,13,7,2,0,0,34,0,24,2,6,2,2,6,5,1,1,9,0,1,0,0,0,0,0,0,0,2,-5,2,11,0,6,50,2,1,1,0,2,0,0,0,1,30,1,1,0,0,51,1,0,0,0,0,1,0,0,0,0,0,0,0,51,,,51,0,0,5,5,0,0,1,0,0,0,0,0,4,0,53,166,2,0,0,0,2,2,15,0,151
2014,4,DET,REG,2014_04_DET_NYJ,NYJ,24,34,293,2,0,4,-21,0,0,297,136,12,9.47067590107402,4.98313542568322,0,11,6,4,1,27,88,1,0,0,5,-4.24502705672057,0,2,2,0,0,24,33,293,2,0,0,297,136,12,15.53253534381,0,11,6,4,1,0,27,0,44,4,24,1,2,5,6,1,40,1,0,0,0,0,0,0,0,0,0,0,0,1,0,0,5,33,3,0,0,0,0,0,1,14,2,35,1,2,1,0,51,0.5,0,0,0,0,1,0,0,0,0,0,1,0,51,52,,51,52,0,3,3,0,0,1,0,0,0,0,0,6,0,55,306,2,0,0,1,1,4,17,0,269
2014,4,GB,REG,2014_04_GB_CHI,CHI,22,28,302,4,0,1,0,0,0,232,99,16,24.7157513670519,19.4933140916484,0,13,6,5,2,18,56,1,0,0,3,1.72293206414906,0,1,0,0,0,22,28,302,4,0,0,232,99,16,25.5568577682262,0,13,6,5,2,0,56,0,14,2,7,1,1,4,3,2,102,5,0,0,0,0,0,0,0,0,0,0,0,0,0,0,9,70,3,0,0,0,0,0,0,0,3,67,1,2,0,1,53,0.5,0,0,0,0,1,0,0,0,0,0,0,0,53,,38,53,0,38,5,5,0,0,1,0,0,0,0,0,0,0,,0,0,0,0,0,0,0,0,0,0
2014,4,HOU,REG,2014_04_BUF_HOU,BUF,25,37,268,1,2,3,-4,0,0,286,100,13,-4.91839350904061,0.450778893522314,0,14,4,3,0,23,37,0,1,0,2,-6.6071727171649,0,1,0,0,0,25,37,268,1,1,1,286,100,13,-6.14799031084127,0,14,4,3,0,0,40,2,22,4,14,1,2,5,16,2,80,8,1,0,0,0,0,0,0,0,0,1,-2,0,0,0,8,90,3,1,1,0,2,1,5,24,1,41,3,3,0,0,55,1,0,0,0,1,2,0,0,0,0,0,0,0,41;55;50,,,146,0,0,2,2,0,0,1,0,0,0,0,0,6,0,51,250,3,1,1,1,2,1,11,0,219
2014,4,IND,REG,2014_04_TEN_IND,TEN,29,41,393,4,1,0,0,0,0,416,129,21,24.6079334546317,10.5156619101763,0,20,10,5,0,41,105,1,0,0,7,-9.62945575112826,0,1,0,0,0,29,40,393,4,0,0,416,129,21,25.0725735310203,0,20,10,5,0,0,26,0,12,2,18,0,3,18,5,2,14,4,0,0,0,0,0,0,0,0,0,0,0,1,0,0,11,88,2,0,0,0,0,0,4,14,2,61,2,2,0,0,31,1,0,0,2,0,0,0,0,0,0,0,0,0,31;30,,,61,0,0,5,5,0,0,1,0,0,0,0,0,4,0,60,168,3,0,0,0,3,1,7,0,161
2014,4,JAX,REG,2014_04_JAX_SD,LAC,29,37,254,1,2,3,-19,0,0,202,153,12,-2.92273518728325,9.88970316118664,0,11,4,3,1,25,85,1,1,1,7,-8.54048425995279,0,3,0,0,0,29,36,254,1,0,0,202,153,12,1.30156061664457,0,11,4,3,1,0,36,15,17,4,13,0,2,12,5,0,0,2,0,0,0,0,0,0,0,0,0,0,0,0,0,0,3,32,5,1,0,0,1,1,0,0,7,189,0,0,0,0,,,0,0,0,0,0,0,0,0,0,0,0,0,,,,0,0,0,2,2,0,0,1,0,0,0,0,0,2,0,63,111,0,0,0,1,0,1,2,0,89
2014,4,KC,REG,2014_04_NE_KC,NE,20,26,248,3,0,2,-12,0,0,118,171,15,13.8125661415751,6.69179501441809,0,11,5,3,0,38,207,1,0,0,10,-0.29706587351393,0,4,4,1,1,20,26,248,3,0,0,118,171,15,16.0523918875032,0,11,5,3,0,0,40,0,4,2,9,2,3,14,2,2,73,5,1,0,0,0,0,0,0,0,0,0,0,1,0,0,4,35,3,0,0,0,0,0,2,3,2,36,2,2,0,0,31,1,0,1,1,0,0,0,0,0,0,0,0,0,22;31,,,53,0,0,5,5,0,0,1,0,0,0,0,0,4,0,54,180,4,0,1,0,1,2,10,0,170
2014,4,LAC,REG,2014_04_JAX_SD,JAX,29,39,377,3,0,2,-12,0,0,308,168,16,20.9729605666565,11.7177292704582,0,17,10,6,2,20,42,0,1,0,2,-6.62151914058613,0,0,0,0,0,29,37,377,3,0,0,308,168,16,25.3641628388053,0,17,10,6,2,0,49,13,13,7,27,1,3,19,5,2,25,3,0,0,0,0,0,0,0,0,0,1,-2,1,0,0,7,57,2,0,1,0,1,0,1,2,1,22,4,4,0,0,37,1,0,1,3,0,0,0,0,0,0,0,0,0,33;34;23;37,,,127,0,0,3,3,0,0,1,0,0,0,0,0,3,0,48,126,3,1,0,0,2,0,0,0,126
2014,4,LV,REG,2014_04_MIA_OAK,MIA,28,44,275,2,3,2,-11,0,0,312,122,15,-11.8014487710898,-0.163729176964871,0,12,5,3,0,18,53,0,0,0,2,-13.4027700260049,0,1,1,0,0,28,43,275,2,0,0,312,122,15,-4.8078313175356,0,12,5,3,0,0,55,0,6,3,5,3,0,0,6,1,28,2,0,0,0,0,0,0,0,0,0,0,-20,2,0,0,9,80,3,0,1,0,1,1,1,17,5,112,0,0,0,0,,,0,0,0,0,0,0,0,0,0,0,0,0,,,,0,0,0,2,2,0,0,1,0,0,0,0,0,6,0,57,292,4,0,2,0,3,1,9,0,283
2014,4,MIA,REG,2014_04_MIA_OAK,LV,23,31,278,2,1,0,0,0,0,177,148,15,12.8203466108905,10.7142692612064,0,13,8,3,0,35,157,2,2,1,8,-8.06566895230208,0,6,5,2,0,23,31,278,2,0,0,177,148,15,12.8203466108905,0,13,8,3,0,0,50,1,3,3,12,0,2,11,5,3,106,6,0,1,0,0,0,0,0,0,0,1,0,1,50,1,5,35,2,3,0,0,3,2,1,9,2,61,1,1,0,0,41,1,0,0,0,1,0,0,0,0,0,0,0,0,41,,,41,0,0,5,5,0,0,1,0,0,0,0,0,2,0,41,81,1,0,0,0,1,1,17,0,64
2014,4,MIN,REG,2014_04_ATL_MIN,ATL,19,30,317,0,0,0,0,0,0,267,195,14,14.2371636612711,-3.17821552356084,1,14,10,6,1,44,241,4,0,0,11,7.27122189607239,0,6,4,1,1,19,30,317,0,0,0,267,195,14,14.2371636612711,1,14,10,6,1,0,39,0,18,2,12,0,1,10,5,2,0,7,0,0,0,0,0,0,0,0,0,0,0,0,0,0,6,40,5,0,0,0,0,0,2,39,2,86,4,5,1,0,55,0.8,1,0,1,1,1,0,0,0,0,1,0,0,18;41;55;33,49,,147,49,0,3,3,0,0,1,0,0,0,0,0,2,0,62,86,0,0,1,0,0,1,16,0,70
2014,4,NE,REG,2014_04_NE_KC,KC,20,30,229,2,2,3,-14,2,1,196,191,10,-9.98105401283829,-1.79697463909785,0,8,4,3,1,16,75,0,0,0,2,-2.13085218821652,0,1,0,0,0,20,30,229,2,0,0,196,191,10,-2.5883236794034,0,8,4,3,1,0,57,0,6,1,4,0,2,12,3,0,0,2,0,0,0,0,0,0,0,0,0,1,0,0,0,0,3,30,0,2,0,0,2,1,2,10,2,45,0,0,0,0,,,0,0,0,0,0,0,0,0,0,0,0,0,,,,0,0,0,2,2,0,0,1,0,0,0,0,0,6,0,59,293,2,0,2,1,1,2,3,0,270
2014,4,NO,REG,2014_04_NO_DAL,DAL,32,44,340,2,1,2,-6,0,0,355,144,14,7.92623591029358,5.02104224129157,0,11,6,3,1,13,104,0,0,0,4,2.88693540322129,0,2,1,1,1,32,44,340,2,2,2,355,144,14,3.71469460144679,0,11,6,3,1,0,47,2,10,7,18,1,1,7,3,0,0,2,0,0,0,0,0,0,0,0,0,0,0,0,0,0,3,20,2,2,0,0,2,2,2,15,0,0,1,2,1,0,30,0.5,0,0,1,0,0,0,0,0,0,1,0,0,30,41,,30,41,0,2,2,0,0,1,0,0,0,0,0,2,0,49,83,1,0,1,0,1,0,0,0,83
2014,4,NYG,REG,2014_04_NYG_WAS,WAS,28,39,300,4,1,1,-5,0,0,307,110,19,15.4908081437812,10.4454326323974,0,13,5,5,0,38,154,2,0,0,9,1.4552119198197,0,2,2,1,0,28,39,300,4,0,0,307,110,19,16.1477832508159,0,13,5,5,0,0,22,3,31,1,6,2,2,14,4,4,81,8,0,0,0,0,0,0,0,0,0,0,0,2,0,0,7,66,4,0,0,0,0,0,2,11,1,34,1,1,0,0,29,1,0,1,0,0,0,0,0,0,0,0,0,0,29,,,29,0,0,6,6,0,0,1,0,0,0,0,0,5,0,52,225,3,1,3,0,1,0,0,0,225
2014,4,NYJ,REG,2014_04_DET_NYJ,DET,17,33,209,1,1,2,-5,1,1,268,126,8,-4.60366770339004,-13.3776583003275,0,8,4,3,0,27,132,1,1,0,8,-1.17969927197555,0,3,2,1,0,17,33,209,1,0,0,268,126,8,1.86465571536411,0,8,4,3,0,0,28,0,50,5,22,0,4,21,7,0,0,1,0,0,0,0,0,0,0,0,0,1,-17,0,0,0,6,32,4,1,1,0,2,1,4,17,1,32,1,1,0,0,27,1,0,1,0,0,0,0,0,0,0,0,0,0,27,,,27,0,0,2,2,0,0,1,0,0,0,0,0,6,0,61,310,1,1,1,0,3,1,14,0,296
2014,4,PHI,REG,2014_04_PHI_SF,SF,21,43,195,0,2,1,-4,0,0,519,85,10,-9.40089301631087,-8.93212109804153,0,11,1,1,0,12,22,0,0,0,1,-3.49599443865009,0,0,0,0,0,21,43,195,0,2,2,519,85,10,-12.0980322031537,0,11,1,1,0,2,59,5,13,5,17,0,4,29,7,1,53,4,1,0,0,1,0,0,0,0,0,0,0,0,0,0,10,70,6,2,0,0,2,2,3,86,3,65,0,0,0,0,,,0,0,0,0,0,0,0,0,0,0,0,0,,,,0,0,0,3,3,0,0,1,0,0,0,0,0,6,0,61,291,1,0,1,1,0,4,27,0,244
2014,4,PIT,REG,2014_04_TB_PIT,TB,30,41,331,3,0,5,-26,1,1,423,93,18,12.4406590945347,13.2603405416012,0,15,8,4,0,27,85,0,0,0,6,-3.64946598367533,0,4,2,0,0,30,40,331,3,0,0,423,93,18,21.5640119862591,0,15,8,4,0,0,34,6,10,3,22,0,1,15,4,1,27,7,0,0,0,0,0,0,0,0,0,1,0,0,0,0,13,125,5,2,0,0,2,1,0,0,1,25,1,2,1,0,25,0.5,0,1,0,0,0,0,0,0,0,0,1,0,25,50,,25,50,0,3,3,0,0,1,0,0,0,0,0,4,0,46,148,2,0,1,0,1,2,29,0,119
2014,4,SF,REG,2014_04_PHI_SF,PHI,17,30,218,2,1,4,-29,0,0,214,95,8,-6.227315141703,-9.80198889970779,0,9,4,4,1,42,218,0,0,0,8,2.27469079407491,0,6,6,2,0,17,30,218,2,0,0,214,95,8,-0.88128381583374,0,9,4,4,1,0,32,1,5,3,12,2,1,4,6,2,0,6,0,0,0,0,0,0,0,0,0,0,0,2,0,0,10,80,5,0,0,0,0,0,4,27,2,45,4,4,0,0,51,1,0,1,1,1,1,0,0,0,0,0,0,0,29;51;46;31,,,157,0,0,2,2,0,0,1,0,0,0,0,0,5,1,51,235,1,0,0,1,1,3,86,1,129
2014,4,TB,REG,2014_04_TB_PIT,PIT,21,43,302,2,1,1,-15,0,0,495,82,11,4.6638701762945,-4.22476423638208,0,10,9,5,2,19,63,1,0,0,7,1.76490529364673,0,1,1,0,0,21,42,302,2,0,0,495,82,11,7.61788224652401,0,10,9,5,2,0,42,8,28,8,40,2,5,26,6,0,0,3,0,0,0,0,0,0,0,0,0,0,0,1,0,0,9,50,5,0,0,0,0,0,2,29,2,45,2,2,0,0,50,1,0,1,0,0,1,0,0,0,0,0,0,0,50;27,,,77,0,0,3,3,0,0,1,0,0,0,0,0,3,0,40,106,1,0,1,0,2,0,0,0,106
2014,4,TEN,REG,2014_04_TEN_IND,IND,14,28,194,1,2,3,-18,0,0,345,81,9,-4.58216947400453,-6.13084027060756,0,10,6,2,0,16,85,1,1,0,4,2.58569599897601,0,3,2,1,0,14,27,194,1,1,1,345,81,9,-4.03292137083573,0,10,6,2,0,0,54,0,30,3,4,0,0,0,3,1,7,7,0,0,0,0,0,0,0,0,0,1,0,0,0,0,6,68,3,0,2,0,2,1,1,7,0,0,1,1,0,0,36,1,0,0,1,0,0,0,0,0,0,0,0,0,36,,,36,0,0,2,2,0,0,1,0,0,0,0,0,6,0,55,265,2,0,0,0,2,4,14,0,251
2014,4,WAS,REG,2014_04_NYG_WAS,NYG,19,33,257,1,4,2,-14,1,1,310,160,11,-14.4289721611422,-6.63388452746651,0,11,7,4,0,17,86,1,0,0,4,0.0949958660057746,0,3,3,1,0,19,33,257,1,1,1,310,160,11,-12.9579237130238,0,11,7,4,0,0,41,11,43,3,9,0,1,5,1,1,0,3,0,0,0,0,0,0,0,0,0,0,0,0,0,0,11,88,2,2,0,0,2,2,0,0,2,33,0,0,0,0,,,0,0,0,0,0,0,0,0,0,0,0,0,,,,0,0,0,2,2,0,0,1,0,0,0,0,0,4,0,77,233,1,0,2,0,0,2,11,0,222
2014,5,ARI,REG,2014_05_ARI_DEN,DEN,12,34,199,1,0,3,-21,0,0,353,130,7,-4.61353942080728,-22.7104134857655,0,6,3,2,1,19,37,1,0,0,1,-7.2153123630851,0,0,0,0,0,12,34,199,1,0,0,353,130,7,0.592983129626597,0,6,3,2,1,0,54,1,3,5,8,0,1,3,1,2,24,6,0,1,0,0,0,0,0,0,0,1,0,0,0,0,3,15,3,0,1,0,1,0,2,7,0,0,2,2,0,0,48,1,0,0,1,1,0,0,0,0,0,0,0,0,33;48,,,81,0,0,2,2,0,0,1,0,0,0,0,0,11,0,53,487,1,2,0,1,2,6,38,0,429
2014,5,ATL,REG,2014_05_ATL_NYG,NYG,29,45,316,1,1,1,-9,0,0,280,220,13,1.97081100988579,3.16010304661684,0,12,4,3,1,21,90,1,1,0,5,-2.97160889135557,0,4,1,1,0,29,43,316,1,0,0,280,220,13,6.35153631419088,0,12,4,3,1,0,28,26,26,2,9,2,1,7,1,0,0,7,0,0,0,0,0,0,0,0,0,1,0,2,0,0,8,81,6,1,0,0,1,0,2,22,4,70,2,2,0,0,20,1,0,2,0,0,0,0,0,0,0,0,0,0,20;20,,,40,0,0,2,2,0,0,1,0,0,0,0,0,5,0,43,163,3,1,0,0,4,0,0,0,163
2014,5,BAL,REG,2014_05_BAL_IND,IND,22,38,235,0,1,4,-38,0,0,312,139,9,-14.7755340148229,-5.28759203023381,0,10,7,3,0,15,90,1,0,0,4,0.568160099093802,0,4,3,1,0,22,36,235,0,1,1,312,139,9,-8.40053510716442,0,10,7,3,0,0,54,0,26,4,20,3,1,7,7,2,21,8,0,1,0,0,0,0,0,0,0,0,0,2,0,0,5,36,6,1,1,0,2,2,1,0,2,51,2,2,0,0,52,1,0,1,0,0,1,0,0,0,0,0,0,0,52;27,,,79,0,0,1,1,0,0,1,0,0,0,0,0,5,0,69,242,3,0,0,0,2,3,7,0,235
2014,5,BUF,REG,2014_05_BUF_DET,DET,30,43,308,1,1,2,-14,0,0,250,159,15,0.233263568355063,1.85273137203483,0,13,9,5,1,22,49,0,0,0,2,-9.61158345542216,1,1,0,0,0,30,43,308,1,2,0,250,159,15,3.63903195653885,0,13,9,5,1,0,40,1,9,8,31,2,6,27,6,1,21,4,0,0,0,0,0,0,0,0,0,2,-10,1,2,0,11,74,4,1,2,1,3,0,3,20,0,0,3,4,1,0,58,0.75,0,1,0,1,1,0,0,0,0,0,1,0,45;25;58,50,,128,50,0,0,0,0,0,,1,1,0,0,58,8,0,61,345,3,0,0,0,6,2,48,0,297
2014,5,CAR,REG,2014_05_CHI_CAR,CHI,19,35,255,2,1,2,-24,1,1,379,88,15,-1.5705187959074,-5.39129827703748,0,12,7,4,0,26,91,1,0,0,5,-4.03829513530945,0,1,1,0,0,19,35,255,2,1,1,379,88,15,2.68089786703336,0,12,7,4,0,1,46,0,18,4,12,3,4,27,7,2,36,5,0,1,0,0,0,0,0,0,0,1,0,2,0,0,3,30,2,3,0,0,3,2,3,81,1,18,1,1,0,0,44,1,0,0,0,1,0,0,0,0,0,0,0,0,44,,,44,0,0,4,4,0,0,1,0,0,0,0,0,5,0,62,241,2,1,0,1,1,2,30,0,191
2014,5,CHI,REG,2014_05_CHI_CAR,CAR,28,36,289,2,2,4,-27,1,1,187,197,11,1.69423251460982,6.44075489706463,0,8,5,4,1,22,85,1,1,1,5,-6.49935389030962,0,4,2,0,0,28,36,289,2,0,0,187,197,11,8.83673243045784,0,8,5,4,1,0,30,0,36,1,8,3,2,24,2,1,2,7,0,1,0,0,0,0,0,0,0,0,0,2,0,0,10,79,2,3,0,1,3,2,2,30,2,45,1,2,1,0,45,0.5,0,0,0,1,0,0,0,0,1,0,0,0,45,35,,45,35,0,3,3,0,0,1,0,0,0,0,0,4,0,59,205,2,0,0,0,1,3,81,1,124
2014,5,CIN,REG,2014_05_CIN_NE,NE,18,29,249,2,0,1,-8,0,0,318,129,8,5.07613682107959,1.26069897207721,0,10,5,3,0,18,79,0,0,0,4,-2.30888848510892,0,4,2,0,0,18,29,249,2,2,2,318,129,8,-1.29732831176178,0,10,5,3,0,0,50,0,38,3,11,1,1,7,1,0,0,3,0,0,0,0,0,0,0,0,0,0,0,0,0,0,4,37,1,3,0,0,3,3,2,53,7,141,1,2,1,0,23,0.5,0,1,0,0,0,0,0,0,0,0,1,0,23,52,,23,52,0,2,2,0,0,1,0,0,0,0,0,4,0,51,166,0,1,0,0,0,3,12,0,154
2014,5,CLE,REG,2014_05_CLE_TEN,TEN,21,37,291,3,1,1,-7,0,0,438,42,16,6.27055431987252,-1.37985517849793,0,13,8,5,1,36,176,0,0,0,10,5.83474618353648,0,5,3,0,0,21,37,291,3,0,0,438,42,16,8.51952218069788,0,13,8,5,1,0,43,0,24,5,15,0,3,12,4,0,0,4,0,0,1,1,0,0,0,0,0,0,0,0,0,0,7,74,4,0,0,0,0,0,4,14,4,79,2,2,0,0,42,1,0,0,1,1,0,0,0,0,0,0,0,0,38;42,,,80,0,0,3,3,0,0,1,0,0,0,0,0,3,0,55,147,0,0,0,0,0,3,16,0,131
2014,5,DAL,REG,2014_05_HOU_DAL,HOU,28,41,324,2,1,1,-8,0,0,335,128,16,10.808658258705,3.27277801930904,0,11,6,4,1,33,140,0,1,1,8,-4.29130116463805,0,3,1,0,0,28,40,324,2,0,0,335,128,16,13.926240043663,0,11,6,4,1,0,42,2,14,1,1,0,0,0,6,1,2,4,0,1,0,0,0,0,0,0,0,0,0,0,0,0,7,56,7,2,0,0,2,2,5,60,2,53,2,3,1,0,49,0.666666666666667,0,0,1,1,0,0,0,0,0,0,1,0,33;49,53,,82,53,0,2,2,0,0,1,1,1,0,0,49,4,0,50,185,1,0,0,0,1,3,30,0,155
2014,5,DEN,REG,2014_05_ARI_DEN,ARI,31,47,479,4,2,1,-3,0,0,469,225,18,14.9795018593576,3.44548142970877,0,17,11,9,1,28,92,1,0,0,5,-3.58205089851981,0,3,3,0,0,31,47,479,4,0,0,469,225,18,16.2264462356251,0,17,11,9,1,0,33,0,6,6,19,0,3,21,11,0,0,6,0,0,0,0,0,0,0,0,0,0,0,0,0,0,7,67,1,0,0,0,0,0,6,38,0,0,2,3,1,0,44,0.666666666666667,0,0,0,2,0,0,0,0,0,0,1,0,44;41,53,,85,53,0,5,5,0,0,1,0,0,0,0,0,4,0,60,199,2,1,0,0,1,2,7,0,192
2014,5,DET,REG,2014_05_BUF_DET,BUF,18,31,231,1,1,6,-27,2,0,221,144,7,-10.7245139146865,-12.5428246874963,0,7,5,3,1,20,69,0,0,0,3,-1.87574824632611,0,2,2,0,0,18,31,231,1,1,1,221,144,7,-4.48436643208271,0,7,5,3,1,0,48,0,16,8,40,1,2,14,9,1,41,4,1,0,0,0,0,0,0,0,0,2,0,0,0,0,8,62,4,2,1,0,3,1,2,48,0,0,0,3,3,0,,0,0,0,0,0,0,0,0,0,0,2,1,0,,44;47;50,,0,141,0,2,2,0,0,1,0,0,0,0,0,7,0,60,330,4,0,1,0,3,3,20,0,310
2014,5,GB,REG,2014_05_MIN_GB,MIN,15,22,178,3,1,2,-14,0,0,244,83,8,3.45549204107374,8.5578056898984,0,5,3,3,1,28,156,2,0,0,6,2.0808042215067,0,6,3,1,0,15,22,178,3,0,0,244,83,8,6.57312572409865,0,5,3,3,1,0,50,3,17,4,24,1,6,34,16,2,59,8,1,0,0,0,0,0,0,0,0,0,0,1,0,0,5,30,3,0,0,0,0,0,4,18,0,0,0,0,0,0,,,0,0,0,0,0,0,0,0,0,0,0,0,,,,0,0,0,6,6,0,0,1,0,0,0,0,0,6,0,58,304,5,0,1,1,2,2,9,0,275
2014,5,HOU,REG,2014_05_HOU_DAL,DAL,16,25,154,0,1,0,0,0,0,164,76,7,-4.70708195764655,1.06582132478555,0,8,3,1,0,31,176,2,0,0,8,5.59332267218269,0,6,5,2,0,16,24,154,0,0,0,164,76,7,-3.24903636697763,0,8,3,1,0,0,56,2,18,3,10,2,1,8,5,1,5,3,0,0,0,0,0,0,0,0,0,0,0,2,0,0,5,35,3,0,0,0,0,0,3,30,1,21,1,1,0,0,29,1,0,1,0,0,0,0,0,0,0,0,0,0,29,,,29,0,0,2,2,0,0,1,0,0,0,0,0,7,0,60,326,1,0,1,1,0,5,60,0,246
2014,5,IND,REG,2014_05_BAL_IND,BAL,32,49,312,1,2,1,-7,0,0,423,124,19,1.99387396149263,6.46330099156562,0,14,7,5,0,30,127,1,2,1,6,-10.8029158319405,0,5,3,1,0,32,47,312,1,1,0,423,124,19,8.77342463592226,0,14,7,5,0,0,37,0,18,6,41,1,4,38,6,1,29,4,0,1,0,0,0,0,0,0,0,2,-8,2,0,0,6,83,1,3,1,0,4,2,3,7,1,25,2,2,0,0,38,1,0,0,2,0,0,0,0,0,0,0,0,0,38;34,,,72,0,0,2,2,0,0,1,0,0,0,0,0,3,0,56,143,2,0,1,0,1,1,0,0,143
2014,5,JAX,REG,2014_05_PIT_JAX,PIT,22,36,191,0,2,1,-4,0,0,286,72,8,-11.0319372099088,-3.4108748452531,0,8,3,1,0,15,56,0,2,0,4,0.0639773605507799,0,2,1,1,0,22,36,191,0,0,0,286,72,8,-9.99477403892295,0,8,3,1,0,0,55,0,12,3,9,1,4,12,4,0,0,2,0,1,0,0,0,0,0,0,0,3,-6,1,0,0,4,34,6,0,3,0,3,0,3,14,3,66,3,3,0,0,43,1,0,0,2,1,0,0,0,0,0,0,0,0,43;35;36,,,114,0,0,0,0,0,0,,0,0,0,0,0,5,0,47,225,1,0,0,0,1,4,20,0,205
2014,5,KC,REG,2014_05_KC_SF,SF,16,30,158,1,1,0,0,0,0,199,58,11,4.58118881661382,-11.3458653291067,0,9,3,0,0,20,107,1,1,0,3,3.05366336950101,0,2,2,1,0,16,30,158,1,0,0,199,58,11,4.58118881661382,0,9,3,0,0,0,45,9,15,6,13,1,3,15,5,0,0,3,0,0,0,0,0,0,0,0,0,1,0,0,0,0,4,29,5,1,0,0,1,0,2,38,5,119,1,1,0,0,42,1,0,0,0,1,0,0,0,0,0,0,0,0,42,,,42,0,0,2,2,0,0,1,0,0,0,0,0,4,0,51,161,1,0,1,1,2,0,0,0,141
2014,5,LA,REG,2014_05_STL_PHI,PHI,29,49,375,3,0,4,-34,2,2,485,163,21,2.56322747620288,-2.35130184370538,0,18,7,6,1,23,125,1,1,1,7,-3.02469657489564,0,6,4,0,0,29,48,375,3,0,0,485,145,21,17.8947991616442,0,18,7,6,1,0,52,0,4,4,7,1,0,0,2,1,0,6,0,0,0,0,0,0,0,0,0,0,0,2,0,0,10,82,3,3,0,0,3,3,2,7,5,126,0,0,0,0,,,0,0,0,0,0,0,0,0,0,0,0,0,,,,0,0,0,4,4,0,0,1,0,0,0,0,0,4,1,56,166,2,1,2,0,0,1,23,0,143
2014,5,LAC,REG,2014_05_NYJ_SD,NYJ,20,28,288,3,1,3,-11,0,0,278,140,13,13.6803970608046,13.0048411863822,0,9,5,4,2,40,162,1,0,0,6,-3.48517198738409,0,3,3,1,1,20,27,288,3,0,0,278,140,13,17.8469317237498,0,9,5,4,2,0,32,9,9,4,26,1,2,14,5,1,27,6,0,0,0,0,0,0,0,0,0,0,0,1,0,0,5,76,1,0,0,0,0,0,2,12,0,0,1,1,0,0,34,1,0,0,1,0,0,0,0,0,0,0,0,0,34,,,34,0,0,4,4,0,0,1,0,0,0,0,0,5,0,60,204,2,1,1,1,0,2,5,0,179
2014,5,MIN,REG,2014_05_MIN_GB,GB,22,44,222,0,2,6,-34,0,0,370,99,13,-19.1141313704208,-9.62532325224443,0,12,5,0,0,25,111,1,1,1,6,-1.32429045488243,0,3,0,0,0,22,44,222,0,0,0,370,99,13,-12.0700802241988,0,12,5,0,0,0,33,2,22,3,15,0,2,14,3,1,5,2,0,0,0,0,0,0,0,0,0,0,0,0,0,0,9,91,3,1,0,0,1,1,2,9,5,134,1,1,0,0,26,1,0,1,0,0,0,0,0,0,0,0,0,0,26,,,26,0,0,1,1,0,0,1,0,0,0,0,0,7,0,56,304,1,1,1,0,1,4,18,0,286
2014,5,NE,REG,2014_05_CIN_NE,CIN,23,35,292,2,0,1,-7,0,0,321,136,17,7.82027452083086,2.19140622545691,0,15,9,4,0,46,220,1,0,0,11,4.98847005053378,0,6,4,1,1,23,34,292,2,0,0,321,136,17,11.4470252529044,0,15,9,4,0,0,30,0,28,2,12,3,1,8,2,0,0,1,0,1,0,0,0,0,0,0,0,1,0,3,11,1,12,114,3,1,0,0,1,0,3,12,1,16,5,5,0,0,48,1,1,1,1,2,0,0,0,0,0,0,0,0,48;19;23;47;35,,,172,0,0,4,4,0,0,1,0,0,0,0,0,3,0,46,121,0,0,0,0,1,2,53,0,68
2014,5,NO,REG,2014_05_TB_NO,TB,35,57,371,2,3,0,0,0,0,384,247,17,-1.75819290952638,-7.00030901602336,0,14,7,4,0,29,140,2,0,0,12,3.89998311747331,0,5,4,1,0,35,56,371,2,0,0,384,247,17,6.1212851380755,0,14,7,4,0,0,36,1,15,2,9,1,1,1,3,1,0,6,0,0,1,0,0,0,0,0,0,0,0,0,0,0,6,50,4,0,0,0,0,0,1,0,4,88,3,3,0,0,44,1,0,1,1,1,0,0,0,0,0,0,0,0,30;29;44,,,103,0,0,2,2,0,0,1,0,0,0,0,0,2,0,60,97,0,0,0,1,0,1,11,0,66
2014,5,NYG,REG,2014_05_ATL_NYG,ATL,19,30,200,2,0,1,-7,0,0,250,85,11,7.4061486750463,0.304479897022247,0,8,2,1,1,34,124,1,0,0,7,0.00705228873352182,0,2,1,0,0,19,30,200,2,0,0,250,85,11,9.06496732883099,0,8,2,1,1,0,33,25,25,1,9,1,1,9,8,1,6,8,0,1,0,0,0,0,0,0,0,0,0,0,0,0,3,15,3,2,0,0,2,2,0,0,5,83,3,3,0,0,50,1,0,1,0,1,1,0,0,0,0,0,0,0,49;50;26,,,125,0,0,3,3,0,0,1,0,0,0,0,0,3,0,67,173,0,0,0,1,0,2,22,0,131
2014,5,NYJ,REG,2014_05_NYJ_SD,LAC,12,31,74,0,1,2,-14,0,0,365,27,4,-21.5910874163965,-17.7757594092139,0,1,0,0,0,21,91,0,1,1,5,-5.70567195909098,0,2,1,0,0,12,29,74,0,0,0,365,27,4,-14.157904101332,0,1,0,0,0,0,46,16,16,7,23,0,3,11,5,1,0,4,0,0,0,0,0,0,0,0,0,0,0,0,0,0,12,94,4,1,0,0,1,1,2,5,5,104,0,0,0,0,,,0,0,0,0,0,0,0,0,0,0,0,0,,,,0,0,0,0,0,0,0,,0,0,0,0,0,8,0,64,409,4,2,2,0,2,2,12,0,397
2014,5,PHI,REG,2014_05_STL_PHI,LA,24,37,207,2,1,0,0,0,0,298,82,13,4.81629806468932,0.846976122340641,0,8,4,2,0,33,145,0,1,1,7,-8.59991498128511,0,6,3,1,0,24,37,207,2,1,1,298,83,13,0.480404535978732,0,8,4,2,0,1,56,0,10,3,14,3,4,34,4,0,0,6,0,0,0,1,0,0,0,0,10,0,0,3,44,1,4,39,2,1,1,0,2,2,1,23,1,15,2,2,0,0,27,1,0,2,0,0,0,0,0,0,0,0,0,0,26;27,,,53,0,0,4,4,0,0,1,0,0,0,0,0,4,0,52,163,1,1,1,0,0,2,7,0,156
2014,5,PIT,REG,2014_05_PIT_JAX,JAX,26,36,273,1,0,4,-12,1,1,208,134,15,4.39978127512679,5.75073030259874,0,12,6,4,0,28,111,0,0,0,5,-3.96009669764317,0,1,1,1,0,26,36,273,1,0,0,208,134,15,12.7085667970823,0,12,6,4,0,0,38,0,6,4,13,0,1,4,5,2,22,6,1,0,0,0,0,0,0,0,0,0,0,0,0,0,7,50,2,1,0,0,1,1,4,20,2,36,1,1,0,0,24,1,0,1,0,0,0,0,0,0,0,0,0,0,24,,,24,0,0,2,2,0,0,1,0,0,0,0,0,5,0,53,227,2,0,0,1,1,3,14,0,193
2014,5,SEA,REG,2014_05_SEA_WAS,WAS,18,24,201,2,0,3,-23,0,0,145,133,8,1.19369607910859,11.6249542683363,0,8,4,3,0,36,225,1,1,0,10,10.9966594694997,0,6,6,2,0,18,24,201,2,0,0,145,133,8,5.56595373981811,0,8,4,3,0,0,24,4,24,3,16,1,1,8,4,0,0,7,0,0,0,0,0,0,0,0,0,2,0,0,0,0,13,90,4,0,2,0,2,0,5,54,3,37,2,2,0,0,43,1,0,0,0,2,0,0,0,0,0,0,0,0,40;43,,,83,0,0,3,3,0,0,1,0,0,0,0,0,6,0,53,260,5,0,1,1,4,0,0,0,240
2014,5,SF,REG,2014_05_KC_SF,KC,14,27,201,1,0,3,-15,0,0,325,76,10,2.31436095044506,-4.3261033517343,0,8,6,3,0,40,171,0,0,0,10,-0.107058959838469,0,5,4,0,0,14,27,201,1,1,0,325,76,10,6.47429117052925,0,8,6,3,0,0,33,2,14,2,3,1,0,0,1,1,2,6,0,0,0,0,0,0,0,0,0,1,0,0,0,0,2,10,1,1,0,0,1,0,0,0,4,108,5,5,0,0,55,1,0,1,2,0,2,0,0,0,0,0,0,0,31;55;52;27;30,,,195,0,0,1,1,0,0,1,0,0,0,0,0,2,0,56,107,0,0,0,0,0,2,38,0,69
2014,5,TB,REG,2014_05_TB_NO,NO,19,32,249,2,1,1,-1,0,0,343,88,13,11.0919833968934,-2.63776518404484,0,10,7,5,0,21,66,1,1,0,4,-5.15737852847087,0,2,1,0,0,19,32,249,2,1,0,343,88,13,10.7576346277334,0,10,7,5,0,0,53,0,22,5,14,0,0,0,7,3,33,11,1,0,0,0,0,0,0,0,0,1,-8,0,0,0,15,113,2,1,1,1,2,0,1,11,3,75,1,1,0,0,55,1,0,0,0,0,1,0,0,0,0,0,0,0,55,,,55,0,0,4,4,0,0,1,0,0,0,0,0,4,0,48,162,0,0,1,0,2,1,0,0,162
2014,5,TEN,REG,2014_05_CLE_TEN,CLE,21,32,273,3,0,3,-12,0,0,329,120,11,8.63159609190188,2.65370202250779,0,12,5,3,1,30,149,1,0,0,8,-0.505541915248614,0,5,2,1,0,21,32,273,3,0,0,329,120,11,11.5384379905881,0,12,5,3,1,0,50,0,20,4,13,0,1,7,4,1,0,10,0,0,0,0,0,0,0,0,0,0,0,0,0,0,7,68,5,0,0,0,0,0,3,16,2,31,0,0,0,0,,,0,0,0,0,0,0,0,0,0,0,0,0,,,,0,0,0,4,4,0,0,1,0,0,0,0,0,4,1,54,188,1,0,0,0,0,4,14,0,174
2014,5,WAS,REG,2014_05_SEA_WAS,SEA,21,36,283,2,0,1,-8,0,0,263,145,12,6.20699781403528,-9.65237095952034,0,7,6,5,2,17,32,0,1,0,1,-8.86648904712216,0,1,0,0,0,21,36,283,2,0,0,263,145,12,7.80377230225713,0,7,6,5,2,0,37,6,38,3,23,0,3,23,5,0,0,0,0,0,0,0,0,0,0,0,0,1,0,0,0,0,3,30,4,1,0,0,1,0,0,0,1,5,1,1,0,0,27,1,0,1,0,0,0,0,0,0,0,0,0,0,27,,,27,0,0,2,2,0,0,1,0,0,0,0,0,8,0,59,399,1,2,0,1,0,5,54,0,325
2014,6,ARI,REG,2014_06_WAS_ARI,WAS,28,44,250,2,0,1,-7,1,0,359,102,15,6.00482990212453,-0.5410169561704,0,13,4,3,0,23,74,0,0,0,3,-5.79659083887236,0,2,1,0,0,28,42,250,2,1,0,359,102,15,8.64696745332521,0,13,4,3,0,0,39,0,6,3,21,1,2,19,4,3,64,5,1,0,0,0,0,0,0,0,0,2,0,1,9,0,14,108,3,1,1,0,2,0,3,37,1,21,3,3,0,0,49,1,0,0,2,1,0,0,0,0,0,0,0,0,33;49;37,,,119,0,0,3,3,0,0,1,0,0,0,0,0,7,0,53,270,4,0,1,0,5,1,12,0,258
2014,6,ATL,REG,2014_06_CHI_ATL,CHI,19,37,271,1,1,4,-26,0,0,372,119,10,-7.10950954574697,-14.3615691198243,0,12,5,4,1,13,42,0,0,0,2,-1.61513273231685,0,1,1,0,0,19,36,271,1,1,0,372,119,10,0.772328704692648,0,12,5,4,1,0,49,0,12,5,9,0,2,6,4,0,0,3,0,0,0,0,1,0,0,0,0,1,0,0,0,0,6,52,3,1,0,0,1,0,2,10,3,44,2,2,0,0,54,1,0,0,0,0,2,0,0,0,0,0,0,0,52;54,,,106,0,0,1,1,0,0,1,0,0,0,0,0,5,0,57,218,1,1,0,0,2,2,-1,0,219
2014,6,BAL,REG,2014_06_BAL_TB,TB,21,28,306,5,0,0,0,0,0,273,99,13,27.4723394632357,21.905884719812,0,14,7,2,1,35,169,1,0,0,9,-2.00088128486927,0,5,3,2,1,21,26,306,5,0,0,273,99,13,27.2651267690693,0,14,7,2,1,0,42,7,9,5,29,1,5,37,16,1,31,2,0,0,0,0,0,0,0,0,0,0,-7,0,0,0,8,70,3,0,1,0,1,1,2,15,2,81,2,3,0,1,49,0.666666666666667,0,0,0,2,0,0,0,0,0,0,0,0,46;49,,64,95,0,64,6,6,0,0,1,0,0,0,0,0,2,0,63,119,1,0,0,1,0,1,7,0,92
2014,6,BUF,REG,2014_06_NE_BUF,NE,24,38,299,2,1,5,-31,1,1,318,103,15,6.05017876705108,2.03824725590254,1,12,9,5,0,23,68,1,1,1,3,-5.09676007402595,0,1,1,0,0,24,38,299,2,0,0,318,103,15,16.3043303644373,1,12,9,5,0,0,28,22,30,5,21,0,2,15,7,0,0,2,0,0,0,0,0,0,0,0,0,0,0,0,0,0,8,107,3,2,0,0,2,2,2,12,2,52,0,0,0,0,,,0,0,0,0,0,0,0,0,0,0,0,0,,,,0,0,0,2,2,0,0,1,0,0,0,0,0,5,0,58,249,0,0,0,2,0,3,12,0,197
2014,6,CAR,REG,2014_06_CAR_CIN,CIN,29,46,284,2,1,0,0,0,0,385,110,14,12.4456708114417,3.35976587401496,0,13,6,3,0,34,147,2,0,0,10,5.86572766996687,0,3,2,0,0,29,45,284,2,0,0,385,110,14,12.0233168835042,0,13,6,3,0,0,51,0,22,2,5,0,1,3,4,2,88,4,0,0,0,0,0,0,0,0,0,0,0,0,0,0,8,60,7,0,0,0,0,0,1,5,6,134,3,4,1,0,44,0.75,0,0,2,1,0,0,0,0,1,0,0,0,39;44;36,38,,119,38,0,4,4,0,0,1,0,0,0,0,0,1,0,38,38,0,0,1,0,0,0,0,0,38
2014,6,CHI,REG,2014_06_CHI_ATL,ATL,26,38,381,1,0,2,-6,0,0,319,198,15,19.3373247205876,1.41963888155787,1,14,7,5,2,29,103,2,0,0,7,-1.70066458289512,0,3,3,0,0,26,38,381,1,0,0,319,198,15,21.6882444443311,1,14,7,5,2,0,34,0,8,4,26,1,4,26,7,1,0,7,0,0,0,0,0,0,0,0,0,0,0,0,0,0,7,47,3,0,0,0,0,0,2,-1,2,35,2,2,0,0,28,1,0,2,0,0,0,0,0,0,0,0,0,0,25;28,,,53,0,0,1,2,0,1,0.5,0,0,0,0,0,5,0,46,201,2,1,0,1,1,2,10,0,171
2014,6,CIN,REG,2014_06_CAR_CIN,CAR,33,43,323,2,2,1,-3,0,0,275,158,18,10.3571634077853,13.8706960329195,0,13,7,4,0,31,193,2,0,0,8,4.45355917663665,0,3,2,2,1,33,41,323,2,0,0,275,158,18,20.263525871899,0,13,7,4,0,0,53,0,24,5,15,0,0,0,5,1,31,7,0,0,0,0,0,0,0,0,0,0,0,0,0,0,13,119,7,0,0,0,0,0,0,0,2,126,3,4,1,0,44,0.75,0,0,1,2,0,0,0,0,1,0,0,0,44;38;42,36,,124,36,0,4,4,0,0,1,0,1,1,0,36,1,0,42,42,0,0,0,0,0,1,5,0,37
2014,6,CLE,REG,2014_06_PIT_CLE,PIT,8,17,217,1,0,1,-7,0,0,252,54,7,7.86350951870222,-5.49845274756937,0,7,6,5,2,38,158,3,3,1,10,-5.75141841315781,0,6,3,1,0,8,17,217,1,0,0,252,54,7,9.6770420760407,0,7,6,5,2,0,42,0,36,6,27,0,2,7,5,1,-2,10,0,0,0,0,0,0,0,0,0,2,-6,0,0,0,6,60,4,1,2,0,3,1,2,7,1,3,1,1,0,0,40,1,0,0,0,1,0,0,0,0,0,0,0,0,40,,,40,0,0,4,4,0,0,1,0,0,0,0,0,6,0,53,244,2,0,1,0,1,4,11,0,233
2014,6,DAL,REG,2014_06_DAL_SEA,SEA,21,32,250,2,0,1,-11,0,0,311,123,13,12.9889029136224,5.91529691591859,0,11,7,5,1,36,162,1,1,1,6,-1.98642568708896,0,4,3,2,0,21,32,250,2,0,0,311,123,13,15.1411517078353,0,11,7,5,1,0,25,0,26,2,5,0,1,0,5,1,0,8,0,1,0,0,0,0,0,0,0,0,-2,0,0,0,6,46,3,0,2,0,2,2,2,0,3,70,3,3,0,0,56,1,0,0,1,1,1,0,0,0,0,0,0,0,42;56;31,,,129,0,0,3,3,0,0,1,0,0,0,0,0,2,1,35,65,1,0,0,0,2,0,0,0,65
2014,6,DEN,REG,2014_06_DEN_NYJ,NYJ,22,33,237,3,0,2,-16,0,0,283,70,13,9.49021437769476,7.59669449180365,0,8,3,3,1,33,138,0,2,0,7,-1.12093240465038,0,5,3,1,0,22,32,237,3,0,0,283,70,13,12.6286294606929,0,8,3,3,1,0,28,17,21,4,15,0,4,17,9,1,22,7,1,0,0,0,0,0,0,0,0,2,-7,1,0,0,11,101,4,1,1,0,2,0,0,0,2,32,1,1,0,0,37,1,0,0,1,0,0,0,0,0,0,0,0,0,37,,,37,0,0,4,4,0,0,1,0,0,0,0,0,8,0,53,352,2,0,3,0,1,4,18,0,334
2014,6,DET,REG,2014_06_DET_MIN,MIN,19,33,185,1,0,4,-30,0,0,230,159,9,-3.35049347509389,-10.5354816624613,0,7,1,1,1,28,100,1,0,0,6,-3.00558425544209,0,3,1,0,0,19,33,185,1,0,0,230,159,9,1.51139175266913,0,7,1,1,1,0,47,0,12,10,32,1,8,45,13,3,22,6,0,0,0,0,0,0,0,0,0,0,0,0,0,0,5,40,3,0,0,0,0,0,4,31,0,0,1,3,2,0,52,0.333333333333333,0,0,0,0,1,0,0,0,0,1,1,0,52,50;44,,52,94,0,2,2,0,0,1,0,0,0,0,0,7,0,63,341,2,1,0,1,2,3,37,0,284
2014,6,GB,REG,2014_06_GB_MIA,MIA,24,42,264,3,0,3,-16,1,0,338,92,17,10.2190179310211,-2.78145670890808,0,12,5,3,0,34,121,0,0,0,8,-1.52962626912631,0,3,1,0,0,24,41,264,3,0,0,338,92,17,16.1824550099635,0,12,5,3,0,0,43,0,2,4,19,1,1,7,4,2,10,6,0,0,0,0,0,0,0,0,0,1,0,1,2,0,4,44,5,1,0,0,1,0,2,41,1,33,2,2,0,0,43,1,0,0,1,1,0,0,0,0,0,0,0,0,43;30,,,73,0,0,3,3,0,0,1,0,0,0,0,0,4,1,53,172,1,1,0,1,2,0,0,0,152
2014,6,HOU,REG,2014_06_IND_HOU,IND,15,23,212,1,0,5,-16,1,1,189,84,9,-0.9488778328232,1.17403929648192,0,9,5,4,1,24,136,2,0,0,7,1.93378041900367,0,3,3,1,0,15,23,212,1,1,1,189,84,9,3.45889756534598,0,9,5,4,1,0,42,7,31,7,18,0,3,7,8,1,8,10,0,0,0,0,0,0,0,0,0,0,0,1,45,1,5,66,5,2,0,0,2,2,0,0,0,0,0,1,1,0,,0,0,0,0,0,0,0,0,0,1,0,0,0,,37,,0,37,0,4,4,0,0,1,0,0,0,0,0,4,0,71,218,0,0,0,1,1,2,31,0,167
2014,6,IND,REG,2014_06_IND_HOU,HOU,25,44,370,3,1,3,-7,0,0,425,130,18,14.7968016904587,-4.91370785642754,0,14,9,4,2,35,93,1,1,1,6,-18.0904188284329,0,2,1,0,0,25,44,370,3,0,0,425,130,18,17.5541583261029,0,14,9,4,2,0,31,5,17,6,20,2,5,16,8,0,0,4,0,0,0,0,0,0,0,0,0,0,-10,2,0,0,5,51,4,0,1,0,1,1,2,31,3,79,2,2,0,0,34,1,0,1,1,0,0,0,0,0,0,0,0,0,27;34,,,61,0,0,3,3,0,0,1,0,0,0,0,0,4,0,44,159,3,0,0,0,4,0,0,0,159
2014,6,JAX,REG,2014_06_JAX_TEN,TEN,32,46,336,1,1,6,-39,0,0,323,173,17,3.2000013252088,5.77399320072598,0,16,5,3,1,23,82,1,0,0,8,0.840004887140822,0,2,0,0,0,32,45,336,1,1,1,323,173,17,4.67268520120496,0,16,5,3,1,0,44,0,12,5,19,1,3,13,6,0,0,1,0,0,0,0,0,0,0,0,0,0,0,0,0,0,6,35,4,1,0,0,1,1,2,10,1,25,0,1,0,1,,0,0,0,0,0,0,0,0,0,0,0,0,0,,,55,0,0,55,2,2,0,0,1,0,1,0,1,55,6,0,64,286,1,0,0,1,1,4,16,0,250
2014,6,LA,REG,2014_06_SF_STL,SF,21,42,236,1,1,5,-20,1,0,441,101,12,-11.9564286703222,-13.8289833813906,0,10,5,2,0,24,93,1,0,0,5,-1.49992085446138,0,1,1,1,0,21,40,236,1,0,0,441,101,12,-5.4644456359652,0,10,5,2,0,0,45,9,11,4,11,1,0,0,2,0,0,1,0,0,0,0,0,0,0,0,0,1,0,1,17,0,8,38,3,1,0,0,1,0,2,12,2,54,1,1,0,0,38,1,0,0,1,0,0,0,0,0,0,0,0,0,38,,,38,0,0,2,2,0,0,1,0,0,0,0,0,8,0,56,351,2,1,1,0,1,5,29,0,322
2014,6,LAC,REG,2014_06_SD_OAK,LV,22,35,313,3,0,1,-6,0,0,424,94,15,15.3528309358208,6.06834360531398,0,14,10,7,1,33,116,1,0,0,7,2.32868147740373,0,2,1,0,0,22,35,313,3,0,0,424,94,15,17.8043935453444,0,14,10,7,1,0,29,3,19,0,0,0,0,0,1,1,0,8,0,0,0,0,0,0,0,0,0,1,0,0,0,0,7,60,3,0,1,0,1,0,1,29,0,0,1,1,0,0,30,1,0,0,1,0,0,0,0,0,0,0,0,0,30,,,30,0,0,4,4,0,0,1,0,0,0,0,0,3,0,50,143,1,0,0,0,0,3,30,0,113
2014,6,LV,REG,2014_06_SD_OAK,LAC,18,34,282,4,1,0,0,0,0,344,153,11,11.3515633183281,-7.84060313846126,0,8,5,3,2,20,114,0,0,0,5,2.79993897420354,0,4,3,0,0,18,33,282,4,0,0,344,153,11,13.1175170563377,0,8,5,3,2,0,40,5,17,2,9,0,1,6,4,0,0,5,0,1,0,0,0,0,0,0,0,1,0,0,0,0,11,78,4,0,1,0,1,0,3,30,3,85,0,1,1,0,,0,0,0,0,0,0,0,0,0,0,0,1,0,,53,,0,53,0,4,4,0,0,1,0,0,0,0,0,4,0,54,165,3,0,1,0,2,1,29,0,136
2014,6,MIA,REG,2014_06_GB_MIA,GB,20,31,244,2,2,1,-7,0,0,275,146,12,6.51010367335402,0.968653780798758,0,12,6,4,0,23,112,1,0,0,5,-4.21523273788625,0,3,2,1,1,20,31,244,2,0,0,275,146,12,7.38021325471345,0,12,5,4,0,0,56,0,12,5,22,1,3,16,6,0,0,6,0,0,0,1,0,0,0,0,0,0,0,0,0,0,5,25,5,1,0,0,1,1,0,0,2,91,1,1,0,0,48,1,0,0,0,1,0,0,0,0,0,0,0,0,48,,,48,0,0,3,3,0,0,1,0,0,0,0,0,3,0,44,127,0,0,0,1,0,2,41,0,66
2014,6,MIN,REG,2014_06_DET_MIN,DET,23,37,188,0,3,8,-45,1,0,185,124,8,-25.7719456192667,-8.7105029338115,0,8,2,0,0,18,69,0,0,0,5,-0.622266317426693,0,1,1,1,0,23,37,188,0,0,0,185,124,8,-12.8121123774421,0,8,2,0,0,0,47,0,18,5,25,0,4,30,7,0,0,4,0,0,0,0,0,0,0,0,0,1,0,0,0,0,9,60,4,1,0,0,1,0,3,37,2,29,1,1,0,0,40,1,0,0,0,1,0,0,0,0,0,0,0,0,40,,,40,0,0,0,0,0,0,,0,0,0,0,0,7,0,48,296,0,0,0,0,3,4,31,0,265
2014,6,NE,REG,2014_06_NE_BUF,BUF,27,37,361,4,0,2,-15,0,0,296,161,13,27.9509136289712,8.05895151318731,0,12,8,4,2,27,50,0,0,0,4,-9.58818582864478,0,2,0,0,0,27,37,361,4,0,0,296,161,13,30.1223511505527,0,12,8,4,2,0,31,21,21,7,37,2,5,31,7,1,0,1,0,0,0,0,0,0,0,0,0,0,0,2,0,0,9,60,4,0,0,0,0,0,3,12,2,29,3,4,1,0,53,0.75,0,0,0,2,1,0,0,0,1,0,0,0,42;53;40,36,,135,36,0,4,4,0,0,1,0,0,0,0,0,4,0,54,186,0,1,0,1,0,2,12,0,154
2014,6,NYG,REG,2014_06_NYG_PHI,PHI,17,28,211,0,0,8,-43,2,0,205,84,9,-10.7492229591007,-3.31188195518085,0,10,6,3,0,24,86,0,0,0,2,-4.49239937926177,0,2,2,0,0,17,28,211,0,1,1,205,84,9,-4.09578812436666,0,10,6,3,0,0,55,0,8,4,12,0,1,3,2,2,25,5,0,0,0,0,0,0,0,0,0,2,0,0,0,0,10,75,6,3,0,0,3,1,1,-1,2,53,0,0,0,0,,,0,0,0,0,0,0,0,0,0,0,0,0,,,,0,0,0,0,0,0,0,,0,0,0,0,0,10,0,71,477,1,1,1,1,3,4,57,0,400
2014,6,NYJ,REG,2014_06_DEN_NYJ,DEN,23,43,190,2,1,4,-17,0,0,227,90,13,-9.20793968583052,-8.18009629845619,0,10,1,1,0,15,31,0,0,0,1,-4.92782405036269,0,1,0,0,0,23,40,190,2,0,0,227,90,13,-3.91132637475561,0,10,1,1,0,0,26,20,38,3,19,1,2,16,3,0,0,5,0,1,0,0,0,0,0,0,0,1,0,0,0,0,2,9,6,0,2,0,2,1,4,18,6,153,1,1,0,0,30,1,0,0,1,0,0,0,0,0,0,0,0,0,30,,,30,0,0,2,2,0,0,1,0,0,0,0,0,7,0,60,319,2,1,1,1,4,0,0,0,299
2014,6,PHI,REG,2014_06_NYG_PHI,NYG,21,34,248,2,2,1,-3,0,0,261,86,13,-0.165082186124252,-6.24758758965661,0,10,4,4,0,36,203,1,1,0,11,0.127168938152619,0,7,7,1,0,21,34,248,2,0,0,261,86,13,0.166461577975227,0,10,4,4,0,0,50,0,8,10,46,3,8,43,9,0,0,1,0,0,0,0,0,0,0,0,0,1,-7,1,8,0,3,25,3,0,1,0,1,0,4,57,0,0,2,2,0,0,45,1,0,0,1,1,0,0,0,0,0,0,0,0,31;45,,,76,0,0,3,3,0,0,1,0,0,0,0,0,6,0,50,273,5,1,1,1,2,1,-1,0,254
2014,6,PIT,REG,2014_06_PIT_CLE,CLE,21,42,228,1,1,2,-7,0,0,466,65,12,-11.3435432809929,-6.89107754400798,0,9,8,3,0,32,138,0,1,0,5,-2.44427643690025,0,2,2,0,0,21,42,228,1,0,0,466,65,12,-9.13792916343664,0,9,8,3,0,0,37,0,20,6,24,1,1,7,3,0,0,2,0,0,0,0,0,0,0,0,0,1,-15,1,0,0,6,42,6,0,1,0,1,0,4,11,3,64,1,1,0,0,20,1,0,1,0,0,0,0,0,0,0,0,0,0,20,,,20,0,0,1,1,0,0,1,0,0,0,0,0,7,0,70,322,2,1,1,1,2,2,7,0,295
2014,6,SEA,REG,2014_06_DAL_SEA,DAL,14,28,126,0,1,2,0,1,0,279,61,5,-7.10248073291089,-6.86919667102672,0,4,2,2,1,18,80,1,0,0,3,-0.272152114077471,0,1,1,1,0,14,27,126,0,0,0,279,61,5,-3.36503835518899,0,4,2,2,1,1,43,0,28,2,15,0,1,11,3,0,0,2,0,0,0,1,0,0,0,0,25,0,0,2,0,0,9,58,4,0,1,0,1,0,0,0,5,142,3,3,0,0,48,1,0,0,2,1,0,0,0,0,0,0,0,0,33;33;48,,,114,0,0,2,2,0,0,1,0,0,0,0,0,4,0,50,167,3,0,0,0,2,2,0,0,167
2014,6,SF,REG,2014_06_SF_STL,LA,22,35,343,3,0,0,0,0,0,344,168,10,17.7737356552653,-1.39179851327624,0,13,6,5,1,30,89,0,0,0,5,-12.5107650422142,0,2,1,1,0,22,35,343,3,1,1,344,168,10,11.2657734300274,0,13,6,5,1,0,46,3,9,6,21,1,5,20,5,1,20,6,1,0,0,0,0,0,0,0,0,0,0,0,0,0,5,23,4,1,0,0,1,1,5,29,0,0,1,1,0,0,54,1,0,0,0,0,1,0,0,0,0,0,0,0,54,,,54,0,0,4,4,0,0,1,0,0,0,0,0,5,0,55,215,4,0,0,0,3,2,12,0,203
2014,6,TB,REG,2014_06_BAL_TB,BAL,24,44,314,2,1,5,-37,1,0,506,60,14,-7.99718761927944,-1.42366791313345,0,13,8,5,0,18,87,0,0,0,5,1.11536128813168,0,3,2,1,0,24,44,314,2,0,0,506,60,14,1.46391158812184,0,13,8,5,0,0,35,16,16,3,3,0,0,0,0,0,0,2,0,0,0,0,0,1,0,0,0,1,0,1,0,0,5,43,0,1,0,0,1,0,1,7,3,72,1,2,1,0,47,0.5,0,0,0,1,0,0,0,0,0,1,0,0,47,45,,47,45,0,2,2,0,0,1,0,0,0,0,0,5,0,46,186,0,0,1,0,2,2,15,0,171
2014,6,TEN,REG,2014_06_JAX_TEN,JAX,17,28,233,0,0,3,-13,1,0,193,119,9,1.79558308713605,-1.004425684611,0,8,7,4,0,24,70,1,0,0,3,-5.44266810093541,0,1,1,1,0,17,27,233,0,0,0,193,119,9,6.95512764207501,0,8,7,4,0,0,55,0,10,10,48,1,6,39,7,1,34,4,0,0,0,0,0,1,0,0,0,1,0,1,41,0,5,48,6,1,0,0,1,0,4,16,1,50,3,3,0,0,42,1,0,2,0,1,0,0,0,0,0,0,0,0,25;21;42,,,88,0,0,1,1,0,0,1,0,0,0,0,0,5,0,69,249,3,0,0,2,1,2,10,0,199
2014,6,WAS,REG,2014_06_WAS_ARI,ARI,24,38,354,2,3,2,-19,0,0,206,287,15,-4.46403245999018,-8.64577301238712,0,12,7,5,2,17,72,0,0,0,1,-2.43058358813869,0,1,1,0,0,24,38,354,2,1,1,206,287,15,-6.7774581137207,0,12,7,5,2,0,52,3,9,5,14,1,1,7,7,0,0,2,0,0,0,0,0,0,0,0,0,0,0,0,0,0,6,62,3,1,0,0,1,1,1,12,1,23,2,2,0,0,43,1,0,1,0,1,0,0,0,0,0,0,0,0,28;43,,,71,0,0,2,2,0,0,1,0,0,0,0,0,5,0,58,237,2,0,1,0,1,3,37,0,200
2014,7,ARI,REG,2014_07_ARI_OAK,LV,22,31,253,2,1,1,-11,0,0,246,141,14,8.86094258097,4.77497942986027,0,10,7,3,0,37,123,1,0,0,7,-3.95176816829515,0,3,2,0,0,22,31,253,2,0,0,246,141,14,10.7802253279369,0,10,7,3,0,0,38,0,2,1,9,0,1,9,2,0,0,1,0,1,0,0,0,0,0,0,0,1,0,0,0,0,6,43,3,0,1,0,1,0,2,7,0,0,1,1,0,0,41,1,0,0,0,1,0,0,0,0,0,0,0,0,41,,,41,0,0,3,3,0,0,1,0,0,0,0,0,4,0,54,168,2,1,1,0,0,2,13,0,155
2014,7,ATL,REG,2014_07_ATL_BAL,BAL,29,44,228,1,0,5,-42,1,1,286,89,11,-12.5486382955003,0.42243247682398,0,8,5,4,0,16,68,0,0,0,4,-2.76477046648506,0,1,1,0,0,29,44,228,1,0,0,286,89,11,0.995507193844034,0,8,5,4,0,0,38,0,38,4,17,0,1,10,4,2,21,3,0,0,0,0,0,0,0,0,0,0,0,1,0,0,7,76,5,1,0,0,1,1,1,6,3,55,0,1,1,0,,0,0,0,0,0,0,0,0,0,0,0,1,0,,57,,0,57,0,1,1,0,0,1,0,0,0,0,0,5,0,57,239,1,0,0,0,0,5,25,0,214
2014,7,BAL,REG,2014_07_ATL_BAL,ATL,16,25,258,2,2,1,-10,0,0,249,105,12,10.2087586413012,2.89420175552368,0,11,7,4,1,36,123,1,0,0,8,-5.81030132219409,0,3,1,1,0,16,25,258,2,0,0,249,105,12,12.3669238086198,0,11,7,4,1,0,46,0,18,7,43,1,5,42,11,0,0,7,0,1,1,0,0,0,0,0,0,0,0,1,0,0,9,72,5,0,1,0,1,1,5,25,2,56,2,2,0,0,38,1,0,0,2,0,0,0,0,0,0,0,0,0,38;38,,,76,0,0,3,3,0,0,1,0,0,0,0,0,4,0,47,157,2,2,1,0,0,1,6,0,151
2014,7,BUF,REG,2014_07_MIN_BUF,MIN,31,43,283,2,1,6,-28,1,1,341,134,17,0.706470955403607,10.8629302644148,0,12,6,3,0,19,118,0,0,0,3,0.316350198263535,0,2,2,1,1,31,41,283,2,3,2,341,134,17,6.10351657631691,0,12,6,3,0,0,38,16,20,5,34,0,5,39,8,2,9,6,0,0,0,0,0,0,0,0,0,0,0,0,0,0,8,48,4,4,0,1,4,3,2,18,2,33,1,1,0,0,31,1,0,0,1,0,0,0,0,0,0,0,0,0,31,,,31,0,0,2,2,0,0,1,0,0,0,0,0,5,0,53,223,2,1,0,0,2,2,23,0,200
2014,7,CAR,REG,2014_07_CAR_GB,GB,22,39,248,2,1,3,-25,0,0,368,102,14,-0.193829227006063,-5.61477809380262,0,12,5,3,0,25,108,0,0,0,6,-6.56755100262104,0,3,2,0,0,22,39,248,2,0,0,368,102,14,2.87766652641585,0,12,5,3,0,0,39,8,10,5,18,1,2,14,2,0,0,0,0,0,0,0,0,0,0,0,0,0,0,0,0,0,9,70,4,0,0,0,0,0,4,36,2,55,1,1,0,0,33,1,0,0,1,0,0,0,0,0,0,0,0,0,33,,,33,0,0,2,2,0,0,1,0,0,0,0,0,7,0,67,377,2,0,2,2,0,3,38,0,299
2014,7,CHI,REG,2014_07_MIA_CHI,MIA,21,34,190,1,1,3,-18,1,1,307,79,10,-9.59912868664833,-1.73564851284027,0,10,3,2,0,14,52,1,1,0,3,0.992022518243175,0,1,1,0,0,21,34,190,1,1,1,307,79,10,-7.35611199919367,0,10,3,2,0,0,55,0,16,6,18,1,4,21,6,0,0,3,0,0,0,0,0,1,0,0,0,2,-10,0,0,0,2,15,2,2,2,0,4,2,0,0,2,75,0,0,0,0,,,0,0,0,0,0,0,0,0,0,0,0,0,,,,0,0,0,2,2,0,0,1,0,0,0,0,0,3,0,58,159,2,0,0,0,1,2,22,0,137
2014,7,CIN,REG,2014_07_CIN_IND,IND,18,38,126,0,0,4,-23,0,0,210,50,5,-24.5977507613425,-17.9159103996224,0,4,1,1,0,12,32,0,0,0,1,-3.69547534815501,0,1,0,0,0,18,36,126,0,0,0,210,50,5,-15.6703631585406,0,4,1,1,0,0,42,0,40,3,4,1,2,9,10,0,0,4,0,1,0,0,0,0,0,0,0,0,0,2,0,0,4,20,2,1,0,1,1,0,4,20,3,80,0,0,0,0,,,0,0,0,0,0,0,0,0,0,0,0,0,,,,0,0,0,0,0,0,0,,0,0,0,0,0,11,0,63,558,3,0,2,1,6,2,13,0,525
2014,7,CLE,REG,2014_07_CLE_JAX,JAX,16,41,215,0,1,3,-18,1,1,387,103,11,-22.3689015693145,-22.573615428878,0,9,5,2,1,30,69,0,0,0,2,-11.0351420117659,0,2,1,0,0,16,41,215,0,0,0,387,103,11,-13.1457094193084,0,9,5,2,1,0,47,0,10,3,9,0,2,8,5,3,38,6,0,1,0,0,0,0,0,0,0,0,0,0,0,0,8,50,3,1,1,0,2,2,2,6,1,32,2,2,0,0,40,1,0,1,0,1,0,0,0,0,0,0,0,0,40;22,,,62,0,0,0,0,0,0,,0,0,0,0,0,7,0,59,353,2,0,0,2,1,4,41,0,272
2014,7,DAL,REG,2014_07_NYG_DAL,NYG,17,23,279,3,1,2,-12,0,0,336,88,12,18.3994208355725,18.7286768270576,0,13,7,5,1,35,156,1,0,0,8,-2.98711245681154,0,6,5,1,0,17,23,279,3,0,0,336,88,12,20.6998157617927,0,13,7,5,1,0,42,1,15,4,7,2,0,0,3,0,0,3,0,0,0,0,0,0,0,0,0,0,0,2,1,0,6,46,1,0,0,0,0,0,2,6,0,0,1,1,0,0,49,1,0,0,0,1,0,0,0,0,0,0,0,0,49,,,49,0,0,4,4,0,0,1,0,0,0,0,0,4,0,55,185,1,0,0,0,2,2,21,0,164
2014,7,DEN,REG,2014_07_SF_DEN,SF,22,27,318,4,0,2,-14,0,0,245,134,14,19.6794705748907,18.4721908635563,0,11,6,5,2,27,115,2,0,0,6,1.3869362170517,0,2,1,1,0,22,27,318,4,0,0,245,134,14,23.1208016521996,0,11,6,5,2,0,48,0,6,9,59,0,6,53,9,1,3,5,0,1,0,0,0,0,0,0,0,1,0,0,0,0,8,75,2,0,1,0,1,0,3,22,1,7,0,0,0,0,,,0,0,0,0,0,0,0,0,0,0,0,0,,,,0,0,0,6,6,0,0,1,0,0,0,0,0,4,0,46,171,2,1,0,0,2,1,4,0,167
2014,7,DET,REG,2014_07_NO_DET,NO,27,40,299,2,2,3,-14,0,0,259,148,13,-4.09403391829942,-2.62729667127132,0,11,6,3,1,24,59,1,0,0,4,-4.75806959450711,0,2,0,0,0,27,40,299,2,0,0,259,148,13,-0.312388423669796,0,11,6,3,1,0,44,0,10,5,15,1,1,7,7,1,23,6,0,0,0,0,0,0,0,0,0,0,0,1,0,0,9,71,1,0,0,0,0,0,0,0,2,47,1,1,0,0,21,1,0,1,0,0,0,0,0,0,0,0,0,0,21,,,21,0,0,3,3,0,0,1,0,0,0,0,0,5,0,57,213,4,1,1,0,2,1,15,0,198
2014,7,GB,REG,2014_07_CAR_GB,CAR,19,24,255,3,0,2,-14,0,0,116,183,9,9.14196261471349,8.59826182325681,0,7,5,4,2,30,122,2,1,0,10,5.34844356414396,0,6,3,0,0,19,24,255,3,0,0,116,183,9,12.1753808738312,0,7,5,4,2,0,40,8,20,4,22,0,3,25,4,1,21,6,0,0,0,0,0,0,0,0,0,1,0,0,0,0,5,29,3,1,0,0,1,0,3,38,1,9,1,1,0,0,34,1,0,0,1,0,0,0,0,0,0,0,0,0,34,,,34,0,0,5,5,0,0,1,0,0,0,0,0,5,0,58,276,0,0,0,1,0,4,36,0,220
2014,7,HOU,REG,2014_07_HOU_PIT,PIT,21,32,262,2,1,1,-1,0,0,344,62,12,8.54266146384629,8.61229095607996,0,11,8,6,0,30,132,0,1,1,6,-3.54134938475909,0,4,1,1,0,21,32,262,2,1,1,344,62,12,2.9878409334969,0,11,8,6,0,0,40,5,23,4,18,1,3,16,4,0,0,1,0,0,0,0,0,0,0,0,0,1,0,1,0,0,4,20,3,2,1,0,3,2,1,1,4,59,3,3,0,0,39,1,0,0,3,0,0,0,0,0,0,0,0,0,39;38;31,,,108,0,0,2,2,0,0,1,0,0,0,0,0,3,0,51,135,1,0,1,0,0,2,21,0,114
2014,7,IND,REG,2014_07_CIN_IND,CIN,27,42,344,2,0,2,-9,0,0,254,220,15,9.50670136782006,-1.81006483733654,0,13,8,7,1,34,171,1,2,2,11,-5.21340027390778,0,6,2,0,0,27,40,344,2,0,0,254,220,15,14.3412229763344,0,13,8,7,1,0,34,0,18,6,29,1,4,23,8,0,0,9,0,0,0,0,0,0,0,0,0,0,-3,0,0,0,8,57,2,1,1,0,2,2,2,13,1,27,2,2,0,0,50,1,0,1,0,0,1,0,0,0,0,0,0,0,23;50,,,73,0,0,3,3,0,0,1,0,0,0,0,0,6,0,59,288,2,1,0,0,1,4,20,0,268
2014,7,JAX,REG,2014_07_CLE_JAX,CLE,17,31,159,1,3,2,-8,0,0,249,107,8,-19.9701680806227,-9.70847231726493,0,5,5,4,0,35,185,2,0,0,10,0.324219547532266,0,6,4,1,0,17,31,159,1,0,0,249,107,8,-16.4126271088369,0,5,5,4,0,0,44,0,16,7,27,1,3,18,7,1,15,6,0,0,0,0,0,0,0,0,0,0,0,2,10,0,3,25,4,0,0,0,0,0,4,41,0,0,1,1,0,0,30,1,0,0,1,0,0,0,0,0,0,0,0,0,30,,,30,0,0,3,3,0,0,1,0,0,0,0,0,8,0,56,345,3,0,2,2,2,2,6,0,299
2014,7,KC,REG,2014_07_KC_SD,LAC,19,28,221,1,0,3,-10,0,0,110,153,12,8.47405436866186,-1.30607315472194,0,11,6,2,0,39,154,1,0,0,7,2.23957965819864,0,3,2,0,0,19,28,221,1,0,0,110,153,12,12.6428286022108,0,11,6,2,0,0,29,6,6,4,28,1,2,23,3,1,12,4,0,0,0,0,0,0,0,0,0,0,0,0,0,0,7,73,4,0,0,0,0,0,3,47,5,92,3,3,0,0,48,1,0,1,0,2,0,0,0,0,0,0,0,0,28;40;48,,,116,0,0,2,2,0,0,1,0,0,0,0,0,4,0,51,173,2,1,1,1,1,0,0,0,153
2014,7,LA,REG,2014_07_SEA_STL,SEA,18,21,173,2,0,0,0,0,0,116,71,10,9.1000107130385,13.8298423517318,0,7,3,1,0,27,102,1,1,0,6,-5.17341306609595,0,2,1,1,0,18,21,173,2,0,0,116,71,10,9.1000107130385,0,7,3,1,0,1,44,9,13,5,27,0,3,21,7,0,0,4,0,0,0,0,0,0,0,0,0,1,0,0,0,0,2,20,3,1,0,0,1,0,2,89,4,112,0,1,1,0,,0,0,0,0,0,0,0,0,0,0,0,1,0,,52,,0,52,0,4,4,0,0,1,0,0,0,0,0,3,0,56,153,1,0,0,0,1,2,19,0,134
2014,7,LAC,REG,2014_07_KC_SD,KC,17,31,205,2,1,2,-23,1,0,450,26,11,1.35648926543741,0.697374151599023,0,8,5,4,0,16,69,0,0,0,5,-1.52308956184424,0,3,2,0,0,17,31,205,2,0,0,450,26,11,4.39705593614577,0,8,5,4,0,0,35,29,29,4,18,0,3,10,5,0,0,2,0,0,0,0,0,0,0,0,0,1,0,0,0,0,4,49,3,1,0,0,1,0,0,0,3,58,2,2,0,0,48,1,0,1,0,1,0,0,0,0,0,0,0,0,24;48,,,72,0,0,2,2,0,0,1,0,0,0,0,0,5,0,64,285,1,0,2,0,0,3,47,0,238
2014,7,LV,REG,2014_07_ARI_OAK,ARI,16,28,173,0,0,1,-9,0,0,266,54,8,-3.08227236365142,-6.35717787912914,0,7,4,1,1,19,56,1,0,0,3,-2.85400004533585,0,2,2,0,0,16,28,173,0,0,0,266,54,8,-1.1190255219693,0,7,4,1,1,0,56,0,4,8,28,0,1,11,2,1,30,5,0,0,0,0,0,0,0,0,0,0,0,0,0,0,8,74,3,0,0,0,0,0,2,13,3,61,2,2,0,0,53,1,0,1,0,0,1,0,0,0,0,0,0,0,29;53,,,82,0,0,1,1,0,0,1,0,0,0,0,0,6,0,46,236,3,0,1,0,3,2,7,0,229
2014,7,MIA,REG,2014_07_MIA_CHI,CHI,25,32,277,2,0,4,-21,0,0,204,140,17,13.7778422075073,14.7729110333227,0,15,3,2,0,33,137,1,0,0,7,1.46148417214863,0,3,2,1,0,25,31,277,2,0,0,204,140,17,21.5632567418987,0,15,3,2,0,0,38,0,0,4,23,2,3,18,3,1,50,6,0,1,0,0,0,0,0,0,0,1,0,2,0,0,7,84,1,1,0,0,1,0,2,22,2,55,2,4,1,1,33,0.5,1,0,1,0,0,0,0,0,0,0,1,0,33;19,50,37,52,50,37,3,3,0,0,1,0,0,0,0,0,2,0,41,75,1,1,1,0,0,0,0,0,75
2014,7,MIN,REG,2014_07_MIN_BUF,BUF,15,26,157,1,2,5,-39,0,0,251,60,8,-7.61264996484439,-3.13299137812394,0,7,2,2,0,29,158,0,0,0,6,-2.764137409066,0,5,3,2,0,15,26,157,1,0,0,251,60,8,-0.826697887655396,0,7,2,2,0,0,38,17,23,6,24,4,6,28,8,1,1,3,0,0,0,0,0,0,0,0,0,0,0,3,0,0,7,50,4,0,0,0,0,0,2,23,4,49,3,3,0,0,55,1,0,0,1,1,1,0,0,0,0,0,0,0,40;55;33,,,128,0,0,1,1,0,0,1,0,0,0,0,0,6,0,54,284,2,0,2,1,1,2,18,0,246
2014,7,NE,REG,2014_07_NYJ_NE,NYJ,20,37,261,3,0,1,-1,0,0,361,78,12,8.01917907795978,-4.75343929396735,0,10,8,5,1,15,63,0,0,0,2,-1.62742658341228,0,1,1,0,0,20,36,261,3,0,0,361,78,12,10.272004079098,0,10,8,5,1,0,51,0,28,4,23,0,3,21,7,0,0,1,0,0,0,0,0,1,0,0,0,0,0,0,0,0,9,64,2,0,0,0,0,0,1,3,4,105,2,2,0,0,39,1,0,0,2,0,0,0,0,0,0,0,0,0,39;36,,,75,0,0,3,3,0,0,1,0,0,0,0,0,5,0,55,232,2,1,2,0,0,2,8,0,224
2014,7,NO,REG,2014_07_NO_DET,DET,28,45,342,2,1,1,-7,0,0,341,150,15,3.91729816001891,-5.13003285635601,0,15,9,5,1,21,73,0,1,1,5,-6.78574255364947,0,4,4,0,0,28,44,342,2,0,0,341,150,15,5.2205968901517,0,15,9,5,1,0,44,3,17,7,24,0,3,14,6,2,45,5,0,0,0,0,0,0,0,0,0,0,0,0,0,0,12,134,5,1,0,0,1,1,1,15,0,0,3,3,0,0,48,1,0,1,1,1,0,0,0,0,0,0,0,0,27;48;36,,,111,0,0,2,2,0,0,1,0,0,0,0,0,4,0,47,168,1,1,0,0,3,0,0,0,168
2014,7,NYG,REG,2014_07_NYG_DAL,DAL,21,33,248,3,0,0,0,0,0,233,87,13,14.1479221372865,1.71095924451947,0,11,6,2,0,26,104,0,0,0,5,-3.82893547881395,0,4,2,1,0,21,32,248,3,2,2,233,87,13,6.79121787092299,0,11,6,2,0,0,48,0,10,4,15,0,2,12,4,1,38,3,0,0,0,0,0,0,0,0,0,0,0,0,0,0,6,40,5,2,0,0,2,2,2,21,3,87,0,0,0,0,,,0,0,0,0,0,0,0,0,0,0,0,0,,,,0,0,0,3,3,0,0,1,0,0,0,0,0,5,0,59,224,2,0,2,1,0,2,6,0,198
2014,7,NYJ,REG,2014_07_NYJ_NE,NE,20,34,226,1,0,3,-21,0,0,237,115,11,2.73340764616282,-4.00623719800602,0,12,4,2,0,43,218,1,1,0,13,7.67356335790828,0,5,4,0,0,20,33,226,1,0,0,237,115,11,7.61054892675733,0,12,4,2,0,0,28,0,20,1,1,0,1,1,7,0,0,2,0,0,0,0,0,0,0,0,0,1,-2,0,0,0,7,70,4,0,1,0,1,0,2,8,2,80,4,5,0,1,47,0.8,0,2,0,2,0,0,0,0,0,0,0,0,22;47;46;27,,58,142,0,58,1,1,0,0,1,0,1,0,1,58,3,0,50,128,1,1,0,0,1,1,3,0,125
2014,7,PIT,REG,2014_07_HOU_PIT,HOU,24,34,268,3,0,3,-16,1,1,351,139,14,6.9305158133533,12.9193482591825,0,9,5,4,1,25,76,0,0,0,2,-5.20636103412835,0,1,1,1,0,24,34,268,3,0,0,351,139,14,14.0885814898812,0,9,5,4,1,0,50,3,7,2,2,2,1,1,5,1,16,4,0,0,0,0,0,0,0,0,0,0,0,2,13,0,6,38,4,1,0,0,1,1,2,21,3,45,3,3,0,0,44,1,0,0,1,2,0,0,0,0,0,0,0,0,44;30;40,,,114,0,0,3,3,0,0,1,0,0,0,0,0,4,0,54,176,2,0,3,0,0,1,1,0,175
2014,7,SEA,REG,2014_07_SEA_STL,LA,23,36,313,2,0,3,-21,0,0,288,151,16,15.2729574909691,0.61397473845217,0,12,8,5,1,29,171,1,0,0,9,3.83624614024302,0,5,4,1,1,23,36,313,2,0,0,288,151,16,19.9158318869095,0,12,8,5,1,0,36,9,9,5,25,1,0,0,3,0,0,2,0,0,0,0,0,0,0,0,0,0,0,0,0,0,10,86,5,0,0,0,0,0,2,19,2,43,2,2,0,0,35,1,0,1,1,0,0,0,0,0,0,0,0,0,24;35,,,59,0,0,2,2,0,0,1,0,0,0,0,0,4,0,49,169,0,0,0,0,2,2,89,1,80
2014,7,SF,REG,2014_07_SF_DEN,DEN,27,46,301,2,1,6,-53,0,0,517,97,16,-1.41330251801847,-0.853665820930315,0,12,6,4,0,18,62,0,0,0,3,-4.1492840978899,0,1,0,0,0,27,46,301,2,0,0,517,97,16,8.19889735902106,0,12,6,4,0,0,43,0,4,3,17,0,2,14,4,0,0,0,0,0,0,0,0,0,0,0,0,0,0,0,0,0,6,62,5,0,0,0,0,0,1,4,1,33,1,2,1,0,22,0.5,0,1,0,0,0,0,0,0,0,0,1,0,22,51,,22,51,0,2,2,0,0,1,0,0,0,0,0,5,0,71,272,1,0,0,0,2,3,22,0,250
2014,7,TEN,REG,2014_07_TEN_WAS,WAS,17,26,160,2,1,1,0,0,0,222,59,6,3.1909886496845,2.76639295312075,0,7,4,1,0,22,76,0,0,0,5,-1.91805558337364,0,1,0,0,0,17,26,160,2,0,0,222,59,6,3.55695770338693,0,7,4,1,0,0,35,5,27,7,23,1,3,16,2,1,13,3,0,1,0,0,0,0,0,0,0,0,0,1,2,0,11,96,5,0,1,0,1,1,1,0,3,62,1,1,0,0,36,1,0,0,1,0,0,0,0,0,0,0,0,0,36,,,36,0,0,2,2,0,0,1,0,0,0,0,0,5,0,44,196,2,0,1,0,3,1,1,0,195
2014,7,WAS,REG,2014_07_TEN_WAS,TEN,21,28,267,1,1,3,-16,1,1,192,178,9,-1.44657756077687,8.06426671998841,0,6,4,4,2,26,100,0,0,0,5,-7.05437383590287,0,5,4,0,0,21,28,267,1,0,0,192,178,9,5.83787462507279,0,6,4,4,2,0,30,2,22,3,10,0,1,0,3,1,0,3,0,0,0,0,0,0,0,0,0,0,0,1,0,0,7,50,3,1,0,0,1,1,1,1,2,46,4,4,0,0,31,1,0,2,2,0,0,0,0,0,0,0,0,0,31;31;27;22,,,111,0,0,1,1,0,0,1,1,1,0,0,22,3,0,52,124,1,0,2,0,0,1,0,0,124
2014,8,ARI,REG,2014_08_PHI_ARI,PHI,20,42,329,2,0,0,0,0,0,443,191,9,7.56526752037493,-12.3301597684622,0,8,5,4,2,23,71,1,1,1,4,-5.67124128219439,0,2,1,1,0,20,40,329,2,0,0,443,191,9,8.38652338064306,0,8,5,4,2,0,52,5,11,3,13,1,0,0,11,2,58,11,0,0,0,0,0,0,0,0,0,0,0,1,0,0,10,95,5,1,0,0,1,1,3,16,0,0,1,1,0,0,28,1,0,1,0,0,0,0,0,0,0,0,0,0,28,,,28,0,0,3,3,0,0,1,0,0,0,0,0,8,0,52,343,3,0,1,1,4,2,25,0,298
2014,8,ATL,REG,2014_08_DET_ATL,DET,20,27,228,2,1,2,-15,2,0,140,137,15,7.80202242362429,9.42276017023967,0,12,5,2,0,26,78,1,0,0,4,-2.70444831260829,0,1,1,0,0,20,26,228,2,1,0,140,137,15,18.5956731258484,0,12,5,2,0,0,45,0,0,4,9,1,0,0,1,1,0,6,0,0,0,0,0,0,0,0,0,3,0,0,0,0,5,39,4,3,0,0,3,0,1,20,2,44,0,0,0,0,,,0,0,0,0,0,0,0,0,0,0,0,0,,,,0,0,0,3,3,0,0,1,0,0,0,0,0,4,0,50,153,1,1,0,0,3,0,0,0,153
2014,8,BAL,REG,2014_08_BAL_CIN,CIN,17,34,195,0,2,1,-8,0,0,338,108,9,-9.82817703217103,-11.6622964541117,0,9,4,2,0,26,107,2,1,0,8,6.69163815937657,1,3,2,0,0,17,33,195,0,0,0,338,108,9,-7.56707414985806,0,9,4,2,0,0,43,0,34,2,9,2,2,27,3,1,5,5,0,0,0,0,0,0,0,0,0,1,0,1,39,0,7,51,6,1,0,0,1,0,2,17,5,122,3,3,0,0,53,1,0,0,0,1,2,0,0,0,0,0,0,0,45;50;53,,,148,0,0,1,1,0,0,1,0,0,0,0,0,1,0,50,50,0,0,0,0,0,1,6,0,44
2014,8,BUF,REG,2014_08_BUF_NYJ,NYJ,10,17,238,4,0,4,-25,0,0,206,121,7,8.07523739069479,3.15223441404455,0,7,4,4,2,32,67,1,0,0,2,-5.37696265085833,0,0,0,0,0,10,17,238,4,0,0,206,121,7,14.5554379651953,0,7,4,4,2,0,46,12,20,4,22,3,4,21,8,4,71,8,0,1,0,0,0,0,0,0,0,0,0,2,0,0,7,49,0,1,0,1,1,0,3,42,2,19,3,3,0,0,53,1,0,1,1,0,1,0,0,0,0,0,0,0,53;36;29,,,118,0,0,4,5,1,0,0.8,0,0,0,0,0,6,0,52,249,4,0,1,1,2,2,2,0,227
2014,8,CAR,REG,2014_08_SEA_CAR,SEA,12,22,171,0,1,3,-19,0,0,157,68,7,-8.09704173749354,-10.1805605671623,0,7,4,2,1,31,114,0,1,1,9,-5.99822460802307,0,2,1,0,0,12,22,171,0,1,0,157,68,7,-6.12674563736231,0,7,4,2,1,0,35,0,28,3,14,0,1,8,3,1,27,4,0,1,0,0,0,0,0,0,0,3,-2,1,0,0,4,20,3,1,3,0,4,1,1,0,3,99,3,3,0,0,46,1,0,1,1,1,0,0,0,0,0,0,0,0,31;26;46,,,103,0,0,0,0,0,0,,0,0,0,0,0,2,0,47,78,1,0,0,0,1,1,0,0,78
2014,8,CHI,REG,2014_08_CHI_NE,NE,21,35,249,3,1,3,-18,1,1,338,137,13,-2.32315442655794,0.758011298520224,2,12,7,4,0,26,153,0,0,0,11,7.08931667759316,0,6,3,0,0,21,35,249,3,0,0,338,137,13,7.63818405123334,2,12,7,4,0,0,32,0,60,4,18,0,1,11,1,0,0,1,0,0,0,0,0,0,0,0,0,0,0,0,0,0,5,41,2,1,0,0,1,1,1,10,5,94,0,0,0,0,,,0,0,0,0,0,0,0,0,0,0,0,0,,,,0,0,0,1,1,0,0,1,0,0,0,0,0,4,0,61,189,0,0,1,0,0,3,57,0,132
2014,8,CIN,REG,2014_08_BAL_CIN,BAL,21,28,266,0,1,2,-27,1,1,200,126,10,-1.74305466572081,11.1691607369317,0,10,5,3,2,34,111,3,0,0,8,0.661333264171844,0,1,1,1,0,21,27,266,0,1,0,200,126,10,8.46384381807617,0,10,5,3,2,0,30,0,40,2,11,1,1,8,3,2,17,5,0,0,0,0,0,0,0,0,0,1,0,0,0,0,6,40,2,2,0,0,2,1,1,6,3,93,2,2,0,0,33,1,0,0,2,0,0,0,0,0,0,0,0,0,32;33,,,65,0,0,3,3,0,0,1,0,0,0,0,0,3,0,55,156,1,1,0,0,0,2,17,0,139
2014,8,CLE,REG,2014_08_OAK_CLE,LV,19,28,275,1,0,1,-8,0,0,213,168,12,4.66217153777019,-1.43811936889376,0,13,7,4,1,25,39,1,0,0,1,-7.60680254615727,0,0,0,0,0,19,28,275,1,0,0,213,168,12,6.81420405792655,0,13,7,4,1,0,48,0,26,6,20,2,3,12,4,1,35,9,0,1,0,0,0,0,0,0,0,1,0,2,34,0,6,30,1,1,0,0,1,0,2,7,0,0,3,3,0,0,52,1,0,1,1,0,1,0,0,0,0,0,0,0,52;33;26,,,111,0,0,2,2,0,0,1,0,0,0,0,0,7,0,56,324,2,0,0,1,2,4,24,0,280
2014,8,DAL,REG,2014_08_WAS_DAL,WAS,21,34,278,2,0,5,-54,1,0,256,168,15,3.16207201867315,-5.57543075445927,0,13,6,5,0,25,171,0,2,1,4,1.20499192189891,0,3,3,1,1,21,33,278,2,1,1,256,168,15,7.34015937208847,0,13,6,5,0,0,49,5,13,7,23,1,3,13,6,1,0,3,0,0,0,0,0,0,0,0,0,2,-5,0,0,0,3,35,5,3,1,0,4,2,2,18,2,45,1,1,0,0,21,1,0,1,0,0,0,0,0,0,0,0,0,0,21,,,21,0,0,2,2,0,0,1,0,0,0,0,0,4,0,56,206,1,1,0,0,1,2,39,0,167
2014,8,DEN,REG,2014_08_SD_DEN,LAC,25,35,286,3,0,0,0,0,0,226,115,14,18.4584760321529,4.67874314103808,0,10,9,3,0,30,139,2,1,0,9,1.5601162170351,0,2,1,1,0,25,35,286,3,1,0,226,115,14,18.4584760321529,0,10,9,3,0,0,40,0,10,7,20,0,2,7,6,2,1,6,0,0,0,0,0,0,0,0,0,2,-4,0,0,0,9,71,4,1,1,0,2,0,2,18,2,64,0,1,1,0,,0,0,0,0,0,0,0,0,0,0,0,1,0,,53,,0,53,0,5,5,0,0,1,0,0,0,0,0,4,0,49,162,3,0,0,0,3,1,6,0,156
2014,8,DET,REG,2014_08_DET_ATL,ATL,24,47,325,2,1,0,0,0,0,338,164,17,10.6483706393408,-13.29113075679,0,14,5,4,1,23,60,0,1,0,3,-3.06911719590426,0,1,0,0,0,24,44,325,2,1,0,338,164,17,10.8447487680604,0,14,5,4,1,0,50,0,0,5,19,3,2,15,6,1,45,1,0,0,0,0,0,0,0,0,0,1,-5,0,0,0,8,85,3,1,1,1,2,0,0,0,0,0,3,3,0,0,48,1,0,2,0,1,0,0,0,0,0,0,0,0,22;20;48,,,90,0,0,1,1,0,0,1,1,1,0,0,48,3,0,51,124,2,0,2,0,0,1,20,0,104
2014,8,GB,REG,2014_08_GB_NO,NO,29,40,426,1,2,4,-24,1,1,239,255,16,7.16053787661175,2.70672485232353,0,15,7,5,2,19,89,1,0,0,5,-0.97841986711137,0,4,2,0,0,29,40,426,1,0,0,239,255,16,16.9414009577181,0,15,7,5,2,0,45,1,23,4,11,1,2,9,3,0,0,1,0,0,0,0,0,0,0,0,0,0,0,1,0,0,8,84,4,1,0,0,1,1,0,0,0,0,3,3,0,0,49,1,0,1,1,1,0,0,0,0,0,0,0,0,31;49;27,,,107,0,0,2,2,0,0,1,0,0,0,0,0,0,0,,0,0,0,0,0,0,0,0,0,0
2014,8,HOU,REG,2014_08_HOU_TEN,TEN,19,35,227,1,0,5,-34,0,0,328,89,14,4.19165559594809,-7.47103026935032,0,12,6,3,0,40,212,2,0,0,9,6.14513104126672,0,5,4,2,1,19,35,227,1,0,0,328,89,14,12.5086613989709,0,12,6,3,0,0,36,0,12,3,7,1,2,9,5,1,25,6,0,0,0,0,0,0,0,0,0,0,0,1,0,0,4,35,4,0,0,0,0,0,2,18,0,0,3,3,0,0,49,1,0,1,1,1,0,0,0,0,0,0,0,0,30;29;49,,,108,0,0,3,3,0,0,1,0,0,0,0,0,6,0,56,269,4,1,1,0,2,2,57,0,212
2014,8,IND,REG,2014_08_IND_PIT,PIT,26,45,400,3,2,2,-15,1,0,453,172,17,6.24187255067838,-0.631460073319348,0,15,9,7,2,10,63,1,0,0,2,4.31387327739503,0,4,3,0,0,26,44,400,3,0,0,453,172,17,10.1925104468744,0,15,9,7,2,0,53,11,21,2,5,2,0,0,0,0,0,2,0,0,0,1,0,0,0,0,1,1,0,2,0,0,5,43,5,1,0,0,1,0,1,16,5,122,2,2,0,0,31,1,0,1,1,0,0,0,0,0,0,0,0,0,31;23,,,54,0,0,4,4,0,0,1,0,0,0,0,0,3,0,59,153,0,0,0,0,0,3,16,0,137
2014,8,JAX,REG,2014_08_MIA_JAX,MIA,18,34,221,1,2,4,-20,0,0,323,109,11,-17.6323859985113,-10.9588323270573,0,10,4,4,1,30,176,0,1,1,6,1.17404385580448,0,2,2,2,1,18,34,221,1,0,0,323,109,11,-12.1489716065243,0,10,4,4,1,0,39,0,12,4,19,0,3,18,7,1,0,4,0,0,0,0,0,0,0,0,0,0,0,0,0,0,6,37,4,1,0,0,1,1,5,28,2,52,2,3,0,1,40,0.666666666666667,0,0,1,1,0,0,0,0,0,0,0,0,30;40,,48,70,0,48,1,1,0,0,1,0,0,0,0,0,4,0,54,187,2,1,0,0,1,2,10,0,177
2014,8,KC,REG,2014_08_STL_KC,LA,25,29,223,0,0,2,-8,0,0,55,162,10,9.93471060903255,9.82131176981433,0,9,5,2,0,33,140,3,2,1,9,-1.58122982567875,0,5,4,1,0,25,29,223,0,0,0,55,162,10,11.0793069592911,0,9,5,2,0,1,43,0,6,5,36,0,7,44,14,1,10,4,0,0,0,0,0,0,0,0,0,0,0,0,0,0,7,51,4,2,0,1,2,1,4,27,1,99,2,2,0,0,53,1,0,1,0,0,1,0,0,0,0,0,0,0,53;28,,,81,0,0,4,4,0,0,1,0,0,0,0,0,4,0,55,182,3,0,1,0,1,2,42,0,140
2014,8,LA,REG,2014_08_STL_KC,KC,15,25,160,1,1,7,-44,0,0,256,89,8,-9.31837208197075,3.82682681083679,0,6,2,2,1,19,84,0,0,0,5,-2.41679732850753,0,3,3,0,0,15,24,160,1,0,0,256,89,8,3.83651664323406,0,6,2,2,1,0,57,0,8,9,25,2,2,8,2,0,0,2,0,0,0,0,0,0,0,0,0,0,0,1,6,0,8,68,2,0,0,0,0,0,2,42,3,68,0,1,1,0,,0,0,0,0,0,0,0,0,0,1,0,0,0,,38,,0,38,0,1,1,0,0,1,0,0,0,0,0,6,0,60,324,1,1,0,1,0,4,27,0,277
2014,8,LAC,REG,2014_08_SD_DEN,DEN,30,41,252,3,2,2,-7,0,0,360,108,15,8.04708697996102,11.486762798414,0,10,5,3,0,15,61,0,0,0,3,-4.21529542896315,0,2,2,1,0,30,41,252,3,0,0,360,108,15,10.3851849448401,0,10,5,3,0,0,54,0,4,3,6,1,0,0,1,0,0,1,0,0,0,0,0,0,0,0,0,0,0,0,0,0,7,77,3,0,0,0,0,0,1,6,0,0,0,0,0,0,,,0,0,0,0,0,0,0,0,0,0,0,0,,,,0,0,0,3,3,0,0,1,0,0,0,0,0,4,0,58,197,1,0,0,0,2,2,18,0,179
2014,8,LV,REG,2014_08_OAK_CLE,CLE,34,56,328,1,1,4,-17,2,1,438,112,16,0.483868176274468,-0.340220102897057,0,14,6,3,0,21,76,0,1,1,3,-10.2015177623834,0,1,1,0,0,34,53,328,1,0,0,438,112,16,8.20950827413542,0,14,6,3,0,0,41,0,14,6,15,1,1,8,2,0,0,3,0,0,0,0,0,0,0,0,0,2,0,0,0,0,8,54,6,2,2,0,4,2,4,24,1,21,2,2,0,0,46,1,0,0,1,1,0,0,0,0,0,0,0,0,46;38,,,84,0,0,1,1,0,0,1,0,0,0,0,0,7,0,53,308,1,0,3,0,2,2,7,0,301
2014,8,MIA,REG,2014_08_MIA_JAX,JAX,16,29,196,1,1,3,-18,0,0,289,86,8,-7.3430089593781,-6.25632538877685,0,6,3,2,1,24,148,0,0,0,7,2.15844250557711,0,3,2,2,0,16,29,196,1,0,0,289,86,8,-2.01767931977844,0,6,3,2,1,0,45,0,22,6,24,1,4,20,6,2,103,2,2,0,0,0,0,1,0,0,18,0,0,1,0,0,7,52,1,0,0,0,0,0,2,10,1,32,2,2,0,0,43,1,0,1,0,1,0,0,0,0,0,0,0,0,43;29,,,72,0,0,3,3,0,0,1,0,0,0,0,0,5,0,58,255,2,0,0,0,0,5,28,0,227
2014,8,MIN,REG,2014_08_MIN_TB,TB,24,42,241,1,0,1,-6,0,0,398,67,12,-2.04558192536386,-3.41190375932833,0,13,4,1,0,22,97,0,0,0,6,-0.379032239085063,0,4,3,1,0,24,41,241,1,0,0,398,67,12,-0.057681336425274,0,13,4,1,0,0,41,9,9,5,15,1,5,12,9,1,0,2,0,0,0,0,0,0,0,0,0,0,0,1,27,1,6,59,6,0,0,0,0,0,4,25,3,79,2,3,1,0,46,0.666666666666667,0,0,1,1,0,0,0,0,0,0,1,0,46;38,56,,84,56,0,1,1,0,0,1,0,0,0,0,0,8,0,59,358,3,1,1,3,1,2,17,0,281
2014,8,NE,REG,2014_08_CHI_NE,CHI,33,38,376,5,0,1,-11,0,0,242,163,25,32.5125766127837,20.737031337462,0,16,10,3,1,32,122,0,1,0,6,-4.91897179174703,0,3,2,0,0,33,38,376,5,0,0,242,163,25,34.6160792975804,0,16,10,3,1,0,35,0,32,4,18,1,3,18,4,1,0,6,0,0,0,0,0,0,0,0,0,1,-4,1,15,1,7,38,2,0,1,0,1,0,3,57,0,0,3,3,0,0,39,1,0,2,1,0,0,0,0,0,0,0,0,0,23;27;39,,,89,0,0,6,6,0,0,1,0,0,0,0,0,1,0,46,46,0,0,0,0,0,1,10,0,36
2014,8,NO,REG,2014_08_GB_NO,GB,27,32,311,3,0,2,-9,0,0,281,98,15,15.1034018541865,15.9748742356896,0,11,6,4,2,31,193,2,1,1,11,2.40243185230065,0,5,5,2,0,27,32,311,3,0,0,281,98,15,17.5721726415723,0,11,6,4,2,0,41,0,18,5,23,1,4,24,5,2,10,3,0,0,0,0,0,0,0,0,0,0,0,1,0,0,4,35,4,1,0,0,1,1,0,0,0,0,3,3,0,0,37,1,0,1,2,0,0,0,0,0,0,0,0,0,31;29;37,,,97,0,0,5,5,0,0,1,0,0,0,0,0,0,0,,0,0,0,0,0,0,0,0,0,0
2014,8,NYJ,REG,2014_08_BUF_NYJ,BUF,20,44,158,0,4,4,-21,2,1,371,88,9,-25.1284524442219,-11.4263928471467,0,7,2,1,0,33,175,3,1,1,11,3.62526474293554,0,4,4,1,0,20,39,158,0,0,0,371,88,9,-13.9187689680401,0,7,2,1,0,0,23,21,33,4,18,1,4,25,7,0,0,2,0,0,0,0,0,0,0,0,0,2,0,0,0,0,10,90,2,3,1,0,4,2,2,2,6,144,1,1,0,0,55,1,0,0,0,0,1,0,0,0,0,0,0,0,55,,,55,0,0,2,2,0,0,1,0,0,0,0,0,5,0,50,226,0,0,0,0,2,3,42,0,184
2014,8,PHI,REG,2014_08_PHI_ARI,ARI,36,62,411,2,2,0,0,0,0,628,179,18,3.43811002709656,-1.72154145725703,0,15,7,6,2,25,110,0,0,0,6,-1.66377581684985,0,2,1,0,0,36,59,411,2,1,1,628,179,18,0.623684802774667,0,15,7,6,2,0,43,1,3,4,15,1,0,0,4,0,0,5,0,0,0,0,0,0,0,0,0,0,0,1,0,0,11,103,4,1,0,0,1,1,2,25,1,26,2,2,0,0,54,1,0,1,0,0,1,0,0,0,0,0,0,0,54;20,,,74,0,0,2,2,0,0,1,0,0,0,0,0,6,0,58,288,2,0,1,2,0,3,16,0,232
2014,8,PIT,REG,2014_08_IND_PIT,IND,40,49,522,6,0,0,0,0,0,410,226,25,41.5827835911769,16.9156330580614,0,20,11,4,3,32,117,0,1,1,7,-8.66622812824789,0,3,1,0,0,40,49,522,6,1,1,410,226,25,36.2061010631151,0,20,11,4,3,0,32,5,15,2,15,1,2,15,10,2,33,6,1,0,1,0,0,0,0,0,0,0,0,0,0,0,10,59,4,2,0,0,2,2,3,16,2,15,0,0,0,0,,,0,0,0,0,0,0,0,0,0,0,0,0,,,,0,0,0,7,7,0,0,1,0,0,0,0,0,2,1,54,89,1,0,0,0,1,1,16,0,73
2014,8,SEA,REG,2014_08_SEA_CAR,CAR,20,32,199,1,1,1,-8,0,0,227,107,9,0.143663901648672,-1.69039638713002,0,11,3,2,0,26,119,0,1,0,8,-6.43782442354132,0,3,3,1,0,20,32,199,1,0,0,227,107,9,1.48884345875047,0,11,3,2,0,0,33,0,32,5,27,1,3,19,5,1,24,1,0,0,0,0,0,0,0,0,0,1,-4,1,0,0,7,41,3,0,2,0,2,1,1,0,2,73,2,2,0,0,58,1,0,1,0,0,1,0,0,0,0,0,0,0,58;29,,,87,0,0,1,1,0,0,1,0,0,0,0,0,3,0,50,120,1,1,0,0,1,1,0,0,120
2014,8,TB,REG,2014_08_MIN_TB,MIN,19,28,171,1,1,5,-12,0,0,204,75,9,-5.13194226867056,5.08460966604097,0,7,2,2,1,23,66,0,0,0,3,-1.00044997804798,0,1,1,0,0,19,28,171,1,1,1,204,75,9,-9.41775383611678,0,7,2,2,1,0,41,10,12,7,25,0,1,6,5,0,0,7,0,1,0,0,0,0,0,0,0,1,0,0,0,0,8,52,4,1,1,0,2,1,2,17,2,45,2,2,0,0,54,1,0,0,0,1,1,0,0,0,0,0,0,0,54;45,,,99,0,0,1,1,0,0,1,0,0,0,0,0,7,0,51,302,1,0,1,0,2,4,25,0,277
2014,8,TEN,REG,2014_08_HOU_TEN,HOU,27,41,299,2,1,2,-9,1,1,353,138,12,-4.55623825834266,1.6244344595002,0,11,4,3,2,13,36,0,0,0,1,-2.93308100350248,0,0,0,0,0,27,41,299,2,0,0,353,138,12,1.37072546265187,0,11,4,3,2,0,55,0,12,7,41,0,5,34,8,0,0,8,0,0,0,0,0,0,0,0,0,0,0,0,0,0,6,61,1,1,0,0,1,1,2,57,3,77,1,1,0,0,35,1,0,0,1,0,0,0,0,0,0,0,0,0,35,,,35,0,0,1,1,0,0,1,0,0,0,0,0,6,0,62,310,2,1,1,0,2,2,18,0,292
2014,8,WAS,REG,2014_08_WAS_DAL,DAL,25,30,299,0,1,3,-13,1,0,302,105,14,6.92016220604228,19.4087938964367,0,11,7,4,2,31,123,2,0,0,5,1.96623075573007,0,3,2,1,0,25,30,299,0,0,0,302,105,14,11.2378156500558,0,11,7,4,2,0,48,1,11,8,61,3,5,54,4,0,0,6,0,0,0,0,0,0,0,0,0,1,0,2,0,0,6,45,2,1,0,0,1,0,2,39,0,0,2,2,0,0,44,1,0,0,0,2,0,0,0,0,0,0,0,0,44;40,,,84,0,0,2,2,0,0,1,1,1,0,0,40,5,0,54,231,3,0,1,1,1,2,18,0,193
2014,9,ARI,REG,2014_09_ARI_DAL,DAL,22,34,249,3,1,2,-12,0,0,266,109,15,6.19545926860883,3.47252190113068,0,13,5,4,0,29,102,1,0,0,5,-1.51937626276049,0,3,2,1,0,22,34,249,3,1,0,266,109,15,9.47857789378031,0,13,5,4,0,0,40,1,13,3,12,0,1,9,4,2,16,3,0,0,0,0,0,1,0,0,60,1,0,0,0,0,6,62,1,1,0,0,1,0,1,18,1,0,0,0,0,0,,,0,0,0,0,0,0,0,0,0,0,0,0,,,,0,0,0,4,4,0,0,1,0,0,0,0,0,5,0,46,196,3,0,0,0,3,2,43,0,153
2014,9,BAL,REG,2014_09_BAL_PIT,PIT,30,45,303,2,1,4,-34,0,0,278,149,18,-5.47364043615077,1.45003108138388,0,15,5,2,0,18,63,0,1,1,2,-8.07079541363055,0,2,1,0,0,30,44,303,2,0,0,278,149,18,1.80382114792459,0,15,5,2,0,1,34,8,22,4,28,0,3,19,8,0,0,4,0,0,0,0,0,0,0,0,0,0,0,1,0,0,10,108,5,1,0,0,1,1,3,32,5,204,1,1,0,0,46,1,0,0,0,1,0,0,0,0,0,0,0,0,46,,,46,0,0,2,2,0,0,1,0,0,0,0,0,6,0,58,255,5,2,0,0,4,0,0,0,255
2014,9,CAR,REG,2014_09_NO_CAR,NO,10,28,151,0,1,4,-29,1,1,367,70,6,-17.6075014045686,-20.2145947941712,0,6,2,2,1,22,109,1,0,0,7,5.58453124633525,0,5,3,0,0,10,28,151,0,0,0,367,70,6,-8.58475980334825,0,6,2,2,1,0,50,0,24,3,19,3,4,27,5,1,24,4,0,0,0,0,0,0,0,0,0,0,0,1,0,0,6,67,3,1,0,0,1,1,0,0,4,89,1,1,0,0,31,1,0,0,1,0,0,0,0,0,0,0,0,0,31,,,31,0,0,1,1,0,0,1,0,0,0,0,0,6,0,58,253,3,0,0,0,4,2,2,0,251
2014,9,CIN,REG,2014_09_JAX_CIN,JAX,19,31,233,2,2,2,-1,0,0,266,93,12,3.35993219010641,-1.25358681524954,0,8,6,2,0,34,191,2,1,0,11,3.93104168504942,0,6,2,1,1,19,31,233,2,0,0,266,93,12,5.40106663533596,0,8,6,2,0,0,43,0,26,5,18,0,2,14,6,1,16,7,0,0,1,1,0,0,0,0,0,1,0,0,0,0,6,40,5,1,0,0,1,0,5,60,5,98,1,1,0,0,31,1,0,0,1,0,0,0,0,0,0,0,0,0,31,,,31,0,0,4,4,0,0,1,0,0,0,0,0,5,0,58,252,4,0,2,1,0,2,10,0,222
2014,9,CLE,REG,2014_09_TB_CLE,TB,21,34,300,2,2,4,-26,0,0,407,90,16,-5.65484121837325,1.77040853921105,0,15,10,7,0,27,56,0,0,0,3,-6.92775675002486,0,1,0,0,0,21,33,300,2,0,0,407,90,16,1.11520464324507,0,15,10,7,0,0,32,0,28,2,8,0,2,8,3,2,66,7,0,0,0,0,0,1,0,0,0,0,0,0,0,0,7,44,5,0,0,0,0,0,1,0,3,76,3,3,0,0,49,1,0,1,0,2,0,0,0,0,0,0,0,0,49;29;43,,,121,0,0,1,1,0,0,1,0,0,0,0,0,5,0,47,184,1,2,1,0,2,0,0,0,184
2014,9,DAL,REG,2014_09_ARI_DAL,ARI,18,33,183,1,2,1,-9,0,0,275,111,10,-7.55962293291329,-9.69354555462346,0,9,3,2,1,25,92,0,0,0,5,-5.77297613761391,0,2,1,0,0,18,33,183,1,0,0,275,111,10,-6.19175050447326,0,9,3,2,1,0,44,2,14,3,11,1,2,12,9,1,58,1,1,0,0,0,0,0,0,0,0,0,0,0,0,0,5,33,4,0,0,0,0,0,2,43,3,76,1,2,0,1,52,0.5,0,0,0,0,1,0,0,0,0,0,0,0,52,,35,52,0,35,2,2,0,0,1,0,0,0,0,0,4,0,51,173,1,3,0,0,0,1,18,0,155
2014,9,DEN,REG,2014_09_DEN_NE,NE,34,57,438,2,2,1,-9,0,0,605,144,20,-3.11801459280279,-1.19397101695077,0,18,11,8,1,17,43,1,0,0,2,-4.09097706881585,0,0,0,0,0,34,57,438,2,0,0,605,144,20,0.111252155728001,0,18,11,8,1,0,56,0,6,4,6,1,1,1,8,1,0,3,0,0,0,0,0,0,0,0,0,1,0,0,0,0,10,72,5,0,1,0,1,0,1,9,6,81,0,1,1,0,,0,0,0,0,0,0,0,0,0,0,1,0,0,,41,,0,41,0,3,3,0,0,1,0,0,0,0,0,3,0,53,135,0,0,0,0,2,1,84,1,51
2014,9,HOU,REG,2014_09_PHI_HOU,PHI,13,27,203,2,1,4,-21,1,0,257,122,8,-0.0421429302832332,-9.91052240133286,0,6,4,4,2,28,118,0,0,0,5,-0.745429334288929,0,3,2,0,0,13,27,203,2,0,0,257,122,8,6.67446278423907,0,6,4,4,2,0,45,4,38,3,27,0,4,33,11,3,68,6,1,0,0,0,0,0,0,0,0,1,0,1,0,0,9,54,6,1,0,0,1,0,0,0,2,36,0,1,1,0,,0,0,0,0,0,0,0,0,0,1,0,0,0,,39,,0,39,0,3,3,0,0,1,0,0,0,0,0,6,0,60,289,2,0,0,1,3,2,27,0,242
2014,9,IND,REG,2014_09_IND_NYG,NYG,25,46,354,4,0,1,-9,1,0,416,160,15,12.823246343137,-3.45502254035738,0,14,8,8,1,24,98,0,1,0,5,1.83760608796729,0,2,1,0,0,25,45,354,4,0,0,416,160,15,14.1904151398514,0,14,8,8,1,0,38,16,16,5,21,3,3,10,2,0,0,7,0,1,0,0,0,0,0,0,0,3,12,1,26,0,4,30,3,1,2,0,3,0,5,38,3,36,4,4,0,0,48,1,0,0,1,3,0,0,0,0,0,0,0,0,48;31;48;43,,,170,0,0,4,4,0,0,1,0,0,0,0,0,6,0,52,240,3,1,0,1,3,1,-3,0,223
2014,9,JAX,REG,2014_09_JAX_CIN,CIN,22,33,247,2,1,2,-14,0,0,260,109,14,-1.62462788030258,4.74230601932063,0,13,6,3,1,25,132,1,0,0,4,2.88623378210468,0,3,3,1,0,22,33,247,2,0,0,260,109,14,-0.129913120459393,0,13,6,3,1,0,38,0,50,4,8,1,2,1,4,2,10,6,0,0,0,0,0,0,0,0,0,0,0,0,0,0,3,35,4,0,0,0,0,0,2,10,6,173,1,1,0,0,25,1,0,1,0,0,0,0,0,0,0,0,0,0,25,,,25,0,0,2,2,0,0,1,0,0,0,0,0,6,1,51,250,1,0,1,0,0,5,60,0,190
2014,9,KC,REG,2014_09_NYJ_KC,NYJ,21,31,199,2,0,1,-3,0,0,158,91,14,9.20220776650454,-0.0616517759138538,0,11,1,1,0,24,113,1,0,0,6,2.39098533027573,0,3,1,1,0,21,31,199,2,1,0,158,91,14,10.0907461173214,0,11,1,1,0,0,55,0,8,5,19,0,3,10,5,0,0,2,0,0,0,0,0,0,0,0,0,0,0,0,0,0,3,20,1,1,0,1,1,0,2,35,2,105,1,1,0,0,19,1,1,0,0,0,0,0,0,0,0,0,0,0,19,,,19,0,0,3,3,0,0,1,0,0,0,0,0,4,0,45,153,2,1,0,0,2,1,3,0,150
2014,9,LA,REG,2014_09_STL_SF,SF,13,24,105,1,2,1,-3,0,0,105,80,8,-8.00985786822667,-13.3395026127497,0,4,2,1,0,27,91,0,0,0,3,-4.11118884303141,0,2,1,1,0,13,24,105,1,0,0,105,80,8,-7.35102675427726,0,4,2,1,0,0,46,7,9,8,44,1,8,54,8,0,0,4,0,0,0,0,0,0,0,0,10,0,0,2,0,0,9,83,3,0,0,0,0,0,3,26,3,78,2,2,0,0,39,1,0,0,2,0,0,0,0,0,0,0,0,0,37;39,,,76,0,0,1,1,0,0,1,0,0,0,0,0,6,0,60,281,2,0,1,1,3,1,12,0,249
2014,9,LAC,REG,2014_09_SD_MIA,MIA,13,26,148,0,3,4,-20,1,1,273,60,8,-14.6069240168436,-10.4151849563305,0,9,3,0,0,19,50,0,0,0,2,-7.63758665695787,0,2,1,0,0,13,26,148,0,0,0,273,60,8,-6.27183981088456,0,9,3,0,0,0,58,0,8,8,20,1,0,0,2,0,0,4,0,0,0,0,0,0,0,0,0,0,0,0,0,0,7,57,2,1,0,0,1,1,0,0,4,116,0,0,0,0,,,0,0,0,0,0,0,0,0,0,0,0,0,,,,0,0,0,0,0,0,0,,0,0,0,0,0,5,0,55,226,0,0,1,0,0,4,55,0,171
2014,9,LV,REG,2014_09_OAK_SEA,SEA,24,41,194,2,2,1,-5,1,0,225,121,13,-6.67843588565098,-5.60281708836556,0,10,3,1,0,18,37,0,0,0,2,-6.65903218631866,0,1,0,0,0,24,40,194,2,2,0,225,121,13,-4.44534152846405,0,10,3,1,0,1,44,0,28,4,9,0,1,2,6,0,0,3,0,0,0,1,0,0,0,0,0,1,0,0,0,0,5,69,6,4,0,2,4,1,3,52,2,69,1,2,1,0,48,0.5,0,0,0,1,0,0,0,0,0,0,1,0,48,51,,48,51,0,3,3,0,0,1,0,0,0,0,0,6,0,59,314,3,0,1,0,2,3,37,0,277
2014,9,MIA,REG,2014_09_SD_MIA,LAC,26,39,309,3,0,0,0,0,0,372,152,17,18.9868127942314,6.00556444663268,0,13,7,4,0,35,132,1,1,0,10,-7.42455787763241,0,5,3,1,0,26,39,309,3,0,0,372,152,17,18.9868127942314,0,13,7,4,0,0,34,0,12,6,23,1,4,20,5,3,42,3,0,0,0,0,0,0,0,0,0,1,0,1,0,0,3,25,5,1,0,0,1,0,4,55,1,31,3,4,1,0,26,0.75,0,3,0,0,0,0,0,0,0,1,0,0,26;25;23,45,,74,45,0,4,4,0,0,1,0,0,0,0,0,2,0,52,94,2,0,0,0,2,0,0,0,94
2014,9,MIN,REG,2014_09_WAS_MIN,WAS,26,42,268,1,0,2,-16,0,0,549,83,17,8.99842661534785,4.10368747654415,0,14,5,4,0,27,100,3,0,0,6,1.2884837875173,1,2,2,0,0,26,42,268,1,0,0,549,83,17,12.6299613291339,0,14,5,4,0,0,45,0,14,7,30,0,5,26,10,1,1,2,0,0,0,0,0,0,0,0,0,0,0,0,0,0,9,60,3,0,0,0,0,0,1,8,4,84,0,0,0,0,,,0,0,0,0,0,0,0,0,0,0,0,0,,,,0,0,0,3,3,0,0,1,0,0,0,0,0,6,0,50,243,1,0,0,1,2,3,1,0,222
2014,9,NE,REG,2014_09_DEN_NE,DEN,33,53,333,4,1,1,-1,0,0,413,137,22,10.0104387378043,4.23045140139911,0,16,6,4,0,25,66,0,0,0,3,-7.66136146889767,0,1,1,0,0,33,49,333,4,1,0,413,137,22,15.6344500058868,0,16,6,4,0,1,49,0,10,2,12,0,1,9,1,2,41,9,0,0,0,0,0,0,0,0,0,1,0,0,0,0,9,71,5,1,0,0,1,0,1,84,1,22,3,3,0,0,49,1,0,1,0,2,0,0,0,0,0,0,0,0,49;29;45,,,123,0,0,4,4,0,0,1,0,0,0,0,0,5,0,67,223,1,0,1,2,1,1,9,0,174
2014,9,NO,REG,2014_09_NO_CAR,CAR,24,34,297,1,1,4,-27,2,1,244,118,17,3.73705001041526,9.83633895715078,0,13,10,4,0,37,105,3,0,0,7,2.5127861945075,0,2,2,0,0,24,34,297,1,1,0,244,118,17,13.4224693650613,0,13,10,4,0,0,29,0,22,4,33,1,4,29,5,1,2,8,0,0,0,0,0,0,0,0,0,1,0,1,0,0,4,36,4,3,0,1,3,1,2,2,0,0,0,0,0,0,,,0,0,0,0,0,0,0,0,0,0,0,0,,,,0,0,0,4,4,0,0,1,0,0,0,0,0,4,0,52,187,2,0,1,0,3,0,0,0,187
2014,9,NYG,REG,2014_09_IND_NYG,IND,27,52,359,2,0,3,-10,2,1,520,182,17,-0.826970426816155,-7.28153544664383,0,16,7,4,1,20,89,1,1,0,5,-0.518752301577479,0,4,3,0,0,27,50,359,2,0,0,520,182,17,8.6830137741788,0,16,7,4,1,0,37,20,20,2,12,1,1,9,11,0,0,6,0,0,0,0,0,0,0,0,0,2,-2,0,0,0,4,30,5,3,0,0,3,1,1,-3,4,88,1,1,0,0,38,1,0,0,1,0,0,0,0,0,0,0,0,0,38,,,38,0,0,3,3,0,0,1,0,0,0,0,0,8,0,58,353,2,0,1,0,2,5,38,0,315
2014,9,NYJ,REG,2014_09_NYJ_KC,KC,24,36,235,1,0,3,-10,0,0,277,114,13,-5.82032960891957,3.86499472790294,0,6,3,3,1,30,139,0,1,0,9,0.711542859813958,0,5,3,1,0,24,36,235,1,0,0,277,114,13,-0.716858283325564,0,6,3,3,1,0,45,0,2,3,6,1,1,3,3,0,0,3,0,0,0,0,0,0,0,0,0,1,-5,0,0,0,5,40,6,0,1,0,1,0,1,3,4,118,1,1,0,0,39,1,0,0,1,0,0,0,0,0,0,0,0,0,39,,,39,0,0,1,1,0,0,1,0,0,0,0,0,3,0,56,148,0,0,0,1,0,2,35,0,93
2014,9,PHI,REG,2014_09_PHI_HOU,HOU,24,34,326,3,3,4,-33,0,0,285,143,15,-0.793865106534929,8.85861854661595,0,11,5,5,2,41,190,1,0,0,12,6.27929244347615,0,3,3,2,0,24,33,326,3,0,0,285,143,15,5.68748488154961,0,11,5,5,2,0,35,3,21,7,19,1,4,21,9,1,0,5,0,1,0,0,0,0,0,0,0,0,0,0,0,0,7,55,2,0,1,0,1,1,2,27,2,41,1,1,0,0,45,1,0,0,0,1,0,0,0,0,0,0,0,0,45,,,45,0,0,4,4,0,0,1,0,0,0,0,0,3,0,41,107,2,1,0,0,2,0,0,0,107
2014,9,PIT,REG,2014_09_BAL_PIT,BAL,25,37,340,6,0,3,-19,0,0,327,157,13,24.587165153862,3.84055605611286,1,12,7,3,2,25,55,0,1,1,4,-10.8453608732088,0,0,0,0,0,25,37,340,6,0,0,327,157,13,27.6205494211027,1,12,7,3,2,0,45,4,20,6,38,1,4,34,9,1,30,3,0,0,0,0,0,0,0,0,0,0,-1,1,26,0,7,67,5,0,1,0,1,1,0,0,1,29,0,0,0,0,,,0,0,0,0,0,0,0,0,0,0,0,0,,,,0,0,0,5,5,0,0,1,0,0,0,0,0,6,0,51,251,0,0,0,0,3,3,32,0,219
2014,9,SEA,REG,2014_09_OAK_SEA,LV,17,35,179,0,0,1,-2,0,0,288,144,9,-3.87451507554198,-12.3145216528107,0,8,5,2,0,38,149,2,0,0,8,0.732481828250457,0,3,2,0,0,17,34,179,0,0,0,288,144,9,-1.43826742710354,0,8,5,2,0,0,39,0,12,6,14,4,1,5,3,2,57,6,1,0,0,0,0,0,0,0,0,0,0,1,0,0,9,65,3,0,0,0,0,0,3,37,2,64,3,4,1,0,40,0.75,0,0,2,1,0,0,0,0,0,1,0,0,34;30;40,46,,104,46,0,3,3,0,0,1,0,0,0,0,0,5,1,53,211,1,1,0,0,1,3,52,0,159
2014,9,SF,REG,2014_09_STL_SF,LA,22,33,237,1,0,8,-54,1,1,205,134,12,-6.27561672269651,-0.662528565435698,0,11,3,3,0,21,80,0,2,1,4,-6.25328774505761,0,2,1,0,0,22,33,237,1,0,0,205,134,12,9.76230275840499,0,11,3,3,0,0,39,3,13,5,17,0,1,3,4,2,10,5,0,0,0,0,0,0,0,0,0,1,-4,0,0,0,9,44,5,1,2,0,3,2,1,12,3,84,1,2,1,0,34,0.5,0,0,1,0,0,0,0,0,0,0,1,0,34,55,,34,55,0,1,1,0,0,1,0,0,0,0,0,7,0,58,314,1,2,0,2,0,3,26,0,248
2014,9,TB,REG,2014_09_TB_CLE,CLE,17,33,260,2,2,2,-8,0,0,451,64,11,-3.15460473780883,-2.21739090753324,0,11,7,6,0,26,113,0,0,0,7,-2.20205173643922,0,2,1,1,0,17,33,260,2,0,0,451,64,11,-0.825823511857439,0,11,7,6,0,0,39,0,34,10,40,0,4,26,7,2,21,5,0,0,0,0,0,0,0,0,0,0,0,0,0,0,4,33,5,0,0,0,0,0,0,0,1,28,1,3,1,1,40,0.333333333333333,0,0,0,1,0,0,0,0,0,0,1,0,40,55,31,40,55,31,2,2,0,0,1,0,0,0,0,0,4,0,44,121,2,0,2,0,1,1,0,0,121
2014,9,WAS,REG,2014_09_WAS_MIN,MIN,18,28,251,1,1,5,-26,0,0,297,136,10,5.8427399889309,3.63986108984266,0,9,4,3,2,29,122,2,0,0,6,0.52872178098608,0,3,3,0,0,18,28,251,1,0,0,297,136,10,11.2752791532524,0,9,4,3,2,0,50,0,8,4,21,0,2,16,6,0,0,3,0,1,0,0,0,0,0,0,0,1,0,0,0,0,6,55,4,0,1,0,1,0,3,1,2,64,2,2,0,0,36,1,0,1,1,0,0,0,0,0,0,0,0,0,36;26,,,62,0,0,2,2,0,0,1,0,0,0,0,0,3,0,51,136,0,0,0,0,2,1,8,0,128
2014,10,ARI,REG,2014_10_STL_ARI,LA,28,41,326,1,1,3,-19,0,0,413,112,18,1.53117408425792,5.09321573303967,0,17,4,2,1,22,28,1,1,0,3,-9.64490168786142,0,0,0,0,0,28,41,326,1,0,0,413,112,18,7.54558543862763,0,17,4,2,1,0,43,2,6,9,44,1,6,42,9,2,30,3,1,0,0,0,0,0,0,0,0,1,0,1,14,1,5,35,2,1,0,0,1,0,1,8,2,44,1,2,1,0,43,0.5,0,0,0,1,0,0,0,0,0,0,1,0,43,53,,43,53,0,4,4,0,0,1,0,0,0,0,0,6,0,49,268,1,0,0,0,4,2,4,0,264
2014,10,ATL,REG,2014_10_ATL_TB,TB,20,31,219,1,0,1,-7,0,0,267,102,10,10.160637560878,4.89239777127902,1,8,5,4,0,28,110,1,0,0,6,-0.922027849099208,0,1,1,1,0,20,30,219,1,0,0,267,102,10,10.6999358002575,1,8,5,4,0,0,43,7,11,3,20,1,4,20,11,2,0,7,0,0,0,0,0,0,0,0,0,0,0,1,0,0,5,30,4,0,0,0,0,0,0,0,4,106,4,4,0,0,44,1,0,0,2,2,0,0,0,0,0,0,0,0,37;43;44;33,,,157,0,0,1,1,0,0,1,0,0,0,0,0,3,0,52,144,1,0,0,0,2,1,53,0,91
2014,10,BAL,REG,2014_10_TEN_BAL,TEN,16,27,169,1,0,1,-8,0,0,270,62,10,4.39476613356965,-4.34282996036388,0,9,2,1,0,34,151,2,1,0,8,-3.51911120471777,0,4,2,1,0,16,27,169,1,0,0,270,62,10,4.9755068916711,0,9,2,1,0,0,28,0,34,4,34,2,5,36,8,1,15,8,0,0,0,0,0,0,0,0,0,1,-5,1,6,0,5,40,3,0,1,0,1,0,4,24,1,27,0,0,0,0,,,0,0,0,0,0,0,0,0,0,0,0,0,,,,0,0,0,3,3,0,0,1,0,0,0,0,0,7,0,69,317,4,3,1,0,1,2,10,0,307
2014,10,BUF,REG,2014_10_KC_BUF,KC,29,48,259,1,0,1,-6,0,0,271,166,15,-0.00444645203156258,-6.31142519414425,0,10,3,2,0,22,111,0,1,1,6,-6.36892663917388,0,6,4,1,0,29,48,259,1,0,0,271,166,15,1.25441654805122,0,10,3,2,0,0,38,9,13,8,32,2,6,26,10,0,0,2,0,1,0,0,0,0,0,0,0,0,0,1,0,0,6,44,4,2,1,1,3,3,6,50,4,84,2,2,0,0,26,1,0,2,0,0,0,0,0,0,0,0,0,0,26;21,,,47,0,0,1,1,0,0,1,0,0,0,0,0,6,0,57,282,4,1,2,0,0,3,8,0,274
2014,10,CAR,REG,2014_10_CAR_PHI,PHI,25,40,306,2,3,9,-91,2,1,515,111,13,-13.2472509163199,2.43924617767334,0,9,7,5,1,32,102,1,1,1,7,-8.71054916206049,0,2,1,0,0,25,40,306,2,0,0,515,111,13,5.157733274973,0,9,7,5,1,0,38,0,8,5,17,0,1,4,1,0,0,3,0,0,0,0,0,0,0,0,0,1,-4,0,0,0,4,30,4,3,0,0,3,2,3,19,3,82,0,0,0,0,,,0,0,0,0,0,0,0,0,0,0,0,0,,,,0,0,0,3,3,0,0,1,0,0,0,0,0,7,0,59,333,1,1,1,0,2,3,85,1,248
2014,10,CHI,REG,2014_10_CHI_GB,GB,23,40,283,1,2,4,-27,1,1,285,204,12,-21.2099074599682,-8.74927718192339,0,12,3,3,1,24,55,0,1,0,5,-6.85090496967314,0,1,1,0,0,23,40,283,1,0,0,285,204,12,-8.61067534901667,0,12,3,3,1,1,39,7,15,3,6,1,0,0,5,0,0,0,0,0,0,0,0,0,0,0,0,1,0,1,0,0,11,163,3,2,0,0,2,1,2,13,10,288,0,0,0,0,,,0,0,0,0,0,0,0,0,0,0,0,0,,,,0,0,0,2,2,0,0,1,0,0,0,0,0,4,0,54,171,0,2,0,0,0,2,16,0,155
2014,10,CIN,REG,2014_10_CLE_CIN,CLE,13,39,93,0,3,2,-14,0,0,326,51,4,-26.3968210018356,-30.9584533846056,0,3,1,0,0,22,86,0,1,1,6,-6.69600674444534,0,3,2,0,0,13,37,93,0,0,0,326,51,4,-21.8323327219696,0,3,1,0,0,0,46,1,47,4,10,1,0,0,2,0,0,4,0,0,0,0,0,0,0,0,0,0,0,1,0,0,7,55,5,1,0,0,1,1,4,25,2,55,1,1,0,0,43,1,0,0,0,1,0,0,0,0,0,0,0,0,43,,,43,0,0,0,0,0,0,,0,0,0,0,0,8,0,69,398,2,2,2,1,1,2,15,0,363
2014,10,CLE,REG,2014_10_CLE_CIN,CIN,15,23,198,0,0,0,0,0,0,258,69,11,10.0635588232061,2.02553090841874,0,9,7,3,0,52,170,3,0,0,9,-3.47308907239364,0,1,1,0,0,15,23,198,0,0,0,258,69,11,10.0635588232061,0,9,7,3,0,0,26,1,33,2,14,1,2,14,4,3,45,13,0,1,0,0,0,0,0,0,0,0,0,1,0,0,6,62,3,1,0,0,1,1,2,15,1,25,1,2,1,0,32,0.5,0,0,1,0,0,0,0,0,0,1,0,0,32,44,,32,44,0,3,3,0,0,1,0,0,0,0,0,7,0,54,311,0,0,0,1,2,4,25,0,266
2014,10,DAL,REG,2014_10_DAL_JAX,JAX,21,28,254,3,0,1,-6,0,0,208,146,10,12.4801889181441,12.7277880907059,0,10,5,2,1,30,151,1,0,0,6,0.193791258090641,0,4,4,3,1,21,28,254,3,1,1,208,146,10,9.83566816362569,0,10,5,2,1,0,55,0,4,7,31,2,4,28,5,1,0,3,0,0,0,0,0,0,0,0,0,0,0,2,-1,0,9,65,2,1,0,0,1,1,3,24,1,23,1,2,1,0,54,0.5,0,0,0,0,1,0,0,0,0,1,0,0,54,48,,54,48,0,4,4,0,0,1,0,0,0,0,0,5,0,64,234,2,0,0,0,1,4,45,0,189
2014,10,DEN,REG,2014_10_DEN_OAK,LV,33,49,353,5,2,0,0,0,0,231,205,17,11.671398278663,1.92391481250525,0,14,4,4,1,27,118,0,1,0,7,-2.17085787758697,0,4,4,0,0,33,48,353,5,0,0,231,205,17,13.3919559550584,0,14,4,4,1,0,40,6,10,3,5,1,0,0,4,2,18,6,0,0,0,0,0,0,0,0,0,1,0,1,0,0,12,95,2,1,0,0,1,0,4,52,1,30,2,2,0,0,28,1,0,2,0,0,0,0,0,0,0,0,0,0,20;28,,,48,0,0,5,5,0,0,1,0,0,0,0,0,5,0,65,226,3,0,1,1,2,1,4,0,202
2014,10,DET,REG,2014_10_MIA_DET,MIA,27,42,307,2,1,3,-19,0,0,388,147,15,5.92277963296989,-0.66363084607008,0,11,7,4,1,19,63,0,0,0,2,-5.73145830645607,0,1,1,0,0,27,41,307,2,0,0,388,147,15,11.0956100542198,0,11,7,4,1,0,41,0,16,7,39,1,3,29,10,1,70,5,0,0,0,0,0,0,0,0,0,0,0,1,0,0,10,98,3,0,0,0,0,0,3,16,4,102,2,3,0,1,50,0.666666666666667,0,1,0,0,1,0,0,0,0,0,0,0,26;50,,42,76,0,42,2,2,0,0,1,0,0,0,0,0,3,0,59,137,1,0,0,1,1,1,5,0,112
2014,10,GB,REG,2014_10_CHI_GB,CHI,19,32,319,6,0,0,0,0,0,243,143,13,22.7477122160853,-1.94927882403135,0,10,6,5,3,32,132,0,0,0,6,-5.82890739297727,0,4,2,0,0,19,32,319,6,1,1,243,143,13,17.1757807306784,0,10,6,5,3,0,47,9,17,7,60,2,4,27,7,2,91,10,1,0,0,0,0,0,0,0,0,0,0,1,0,0,5,50,6,1,0,0,1,1,2,16,1,20,2,2,0,0,52,1,0,1,0,0,1,0,0,0,0,0,0,0,20;52,,,72,0,0,7,7,0,0,1,0,0,0,0,0,3,0,47,121,1,0,0,0,1,2,13,0,108
2014,10,JAX,REG,2014_10_DAL_JAX,DAL,22,37,290,0,1,4,-28,1,0,218,192,11,0.527027177668177,-9.50000133063342,1,11,4,4,1,24,71,2,1,1,5,-8.51386862245272,0,1,1,1,0,22,37,290,0,0,0,218,192,11,6.85063734654989,1,11,4,4,1,0,52,0,2,4,10,1,1,6,3,0,0,4,0,1,1,0,0,0,0,0,0,1,0,1,0,0,2,19,5,2,1,0,3,2,4,45,4,55,0,0,0,0,,,0,0,0,0,0,0,0,0,0,0,0,0,,,,0,0,0,1,1,0,0,1,0,0,0,0,0,6,0,60,283,1,1,0,1,1,3,24,0,239
2014,10,KC,REG,2014_10_KC_BUF,BUF,17,29,177,0,0,6,-26,0,0,227,75,8,-6.57613782715482,-5.78623033803085,0,7,2,2,0,24,127,2,1,1,7,3.53633106814232,0,4,4,1,0,17,29,177,0,1,0,227,75,8,2.24780561294908,0,7,2,2,0,0,45,11,17,4,10,2,1,6,1,0,0,3,0,0,0,0,0,0,0,0,0,1,0,2,0,0,3,19,3,2,0,0,2,1,3,8,1,38,1,1,0,0,36,1,0,0,1,0,0,0,0,0,0,0,0,0,36,,,36,0,0,2,2,0,0,1,0,0,0,0,0,8,0,55,368,1,0,0,1,1,6,50,0,298
2014,10,LA,REG,2014_10_STL_ARI,ARI,17,30,216,1,2,6,-42,1,1,176,151,9,-25.4829610031447,-10.9796922782372,0,9,4,2,1,22,70,1,0,0,5,-1.96726282854797,0,3,2,0,0,17,29,216,1,0,0,176,151,9,-6.81484716245905,0,9,4,2,1,0,45,7,9,9,34,1,3,19,9,1,44,6,0,0,0,0,0,0,0,0,0,0,0,0,0,0,8,80,2,1,0,0,1,1,2,4,2,63,0,0,0,0,,,0,0,0,0,0,0,0,0,0,0,0,0,,,,0,0,0,2,2,0,0,1,0,0,0,0,0,7,0,57,305,2,2,0,1,3,1,8,0,277
2014,10,LV,REG,2014_10_DEN_OAK,DEN,30,47,192,2,2,0,0,0,0,322,95,9,-13.7283180492586,-2.07806572965954,0,4,3,2,0,15,30,0,0,0,0,-5.61601043911651,0,0,0,0,0,30,46,192,2,1,1,322,95,9,-14.8527793530729,0,4,3,2,0,0,51,5,15,2,5,1,0,0,3,2,6,9,0,0,0,0,0,0,0,0,0,1,0,0,0,0,4,37,1,1,1,0,2,1,1,4,2,48,1,1,0,0,41,1,0,0,0,1,0,0,0,0,0,0,0,0,41,,,41,0,0,2,2,0,0,1,0,0,0,0,0,9,0,54,389,0,0,1,0,4,4,52,0,337
2014,10,MIA,REG,2014_10_MIA_DET,DET,27,38,207,1,1,3,-29,0,0,225,107,15,-4.97475502357029,4.59445541774904,0,12,2,1,0,19,50,0,1,1,2,-10.6588289352949,0,1,1,0,0,27,37,207,1,0,0,225,107,15,0.454590748245573,0,12,2,1,0,0,47,0,12,5,29,0,3,19,6,1,0,5,0,0,0,0,0,1,0,0,58,1,-6,0,0,0,5,44,5,1,2,1,3,1,1,5,2,77,3,3,0,0,50,1,0,2,0,0,1,0,0,0,0,0,0,0,23;50;20,,,93,0,0,1,1,0,0,1,0,0,0,0,0,4,0,55,188,1,0,0,0,1,3,16,0,172
2014,10,NO,REG,2014_10_SF_NO,SF,28,47,292,3,2,2,-5,1,1,387,103,15,-2.42699133799543,-5.41615996095869,0,11,4,3,1,31,136,0,0,0,7,-0.833382463839371,0,3,0,0,0,28,45,292,3,0,0,387,103,15,1.88305935812822,0,11,4,3,1,0,48,0,16,4,24,1,4,24,5,0,0,5,0,0,0,0,0,0,0,0,0,1,0,1,0,0,6,43,5,1,1,0,2,1,1,4,4,96,1,1,0,0,40,1,0,0,0,1,0,0,0,0,0,0,0,0,40,,,40,0,0,3,3,0,0,1,0,0,0,0,0,6,0,54,299,1,0,0,2,0,4,7,0,252
2014,10,NYG,REG,2014_10_NYG_SEA,SEA,29,44,283,1,1,2,-13,1,1,317,96,15,-3.7117063672049,4.74024751158648,0,7,4,4,1,17,54,1,0,0,2,-2.11630827771459,0,1,0,0,0,29,43,283,1,0,0,317,96,15,2.7318222776521,0,7,4,4,1,0,36,0,26,6,16,3,2,12,5,2,7,4,0,0,0,0,0,0,0,0,0,0,0,1,0,0,4,35,3,0,1,0,1,1,0,0,2,33,1,1,0,0,41,1,0,0,0,1,0,0,0,0,0,0,0,0,41,,,41,0,0,2,2,0,0,1,0,0,0,0,0,5,0,44,193,2,0,0,1,2,2,1,0,172
2014,10,NYJ,REG,2014_10_PIT_NYJ,PIT,10,18,132,2,0,4,-7,0,0,154,39,7,0.875571963501505,1.23718430598577,0,3,1,1,1,36,150,0,0,0,8,-2.44435728417011,0,4,4,0,0,10,18,132,2,0,0,154,39,7,4.89932327985093,0,3,1,1,1,0,29,18,24,6,47,1,2,17,7,2,10,5,0,0,0,0,0,0,0,0,0,0,0,2,2,0,9,75,2,0,0,0,0,0,2,16,2,31,2,3,1,0,30,0.666666666666667,0,1,1,0,0,0,0,0,0,1,0,0,23;30,45,,53,45,0,2,2,0,0,1,0,0,0,0,0,5,0,69,232,0,1,0,1,1,2,7,0,205
2014,10,PHI,REG,2014_10_CAR_PHI,CAR,20,38,332,2,0,1,-4,0,0,308,134,14,6.19073226459374,-8.55659370621046,0,15,10,7,0,23,37,2,1,0,3,-4.4695064824482,0,0,0,0,0,20,36,332,2,0,0,308,134,14,10.1180513493535,0,15,10,7,0,1,58,0,16,10,85,3,9,91,9,3,36,9,1,0,0,0,0,0,0,0,0,2,-6,2,0,0,5,50,0,0,2,0,2,0,3,85,0,0,1,1,0,0,39,1,0,0,1,0,0,0,0,0,0,0,0,0,39,,,39,0,0,6,6,0,0,1,0,0,0,0,0,7,0,58,303,3,0,0,1,3,3,19,0,264
2014,10,PIT,REG,2014_10_PIT_NYJ,NYJ,30,43,343,1,2,2,-17,0,0,409,114,15,3.6049637017806,12.4136153881143,0,14,3,2,2,17,36,0,1,0,4,-6.40576861413479,0,0,0,0,0,30,41,343,1,1,1,409,113,15,1.87586479342363,0,14,3,2,2,0,23,23,37,2,26,0,4,7,7,0,0,1,0,1,0,0,0,0,0,0,0,1,-16,0,0,0,3,20,6,1,2,0,3,2,2,7,4,103,2,3,1,0,53,0.666666666666667,0,1,0,0,1,0,0,1,0,0,0,0,53;27,23,,80,23,0,1,1,0,0,1,0,0,0,0,0,2,0,46,92,0,0,0,0,0,2,16,0,76
2014,10,SEA,REG,2014_10_NYG_SEA,NYG,10,17,172,0,2,2,-12,0,0,209,85,8,3.24575099535286,2.79138500199598,0,6,4,3,1,45,350,5,3,1,19,12.3850539123205,0,13,10,3,1,10,17,172,0,0,0,209,85,8,5.47932874236722,0,6,4,3,1,0,37,0,24,4,10,0,1,5,9,1,47,3,0,0,0,0,0,0,0,0,0,2,0,1,0,0,6,50,2,3,0,0,3,1,2,1,1,28,1,1,0,0,28,1,0,1,0,0,0,0,0,0,0,0,0,0,28,,,28,0,0,5,5,0,0,1,0,0,0,0,0,1,0,46,46,0,0,0,1,0,0,0,0,26
2014,10,SF,REG,2014_10_SF_NO,NO,14,32,210,1,0,4,-24,1,1,466,41,10,-5.21740740637148,-13.2595086004585,0,8,5,4,1,32,144,2,0,0,10,5.07934202690376,0,4,2,0,0,14,32,210,1,0,0,466,41,10,5.13664026877989,0,8,5,4,1,0,50,0,28,3,7,1,2,5,6,2,51,7,0,0,0,0,0,0,0,0,0,0,0,1,0,0,2,15,4,1,0,0,1,1,4,7,4,101,2,2,0,0,45,1,0,0,1,1,0,0,0,0,0,0,0,0,45;35,,,80,0,0,3,3,0,0,1,1,1,0,0,35,7,0,57,313,3,2,1,1,2,1,4,0,289
2014,10,TB,REG,2014_10_ATL_TB,ATL,27,43,301,2,2,4,-20,0,0,438,74,17,5.75231694319518,7.86083998476587,0,11,7,3,0,23,92,0,1,1,5,-2.44971822604116,0,2,1,0,0,27,41,301,2,0,0,438,74,17,10.8654592560488,0,11,7,3,0,0,33,17,19,5,15,0,1,7,3,0,0,3,0,0,0,0,0,0,0,0,0,0,0,0,0,0,10,79,4,1,0,0,1,1,1,53,2,50,1,1,0,0,51,1,0,0,0,0,1,0,0,0,0,0,0,0,51,,,51,0,0,2,2,0,0,1,0,0,0,0,0,3,0,37,91,0,1,1,0,1,0,0,0,91
2014,10,TEN,REG,2014_10_TEN_BAL,BAL,16,27,179,1,1,5,-36,0,0,208,79,11,-5.00342143210582,-7.72755455087732,0,9,4,1,0,22,67,0,1,1,3,-7.55440238025039,0,1,0,0,0,16,27,179,1,0,0,208,79,11,2.74250392580871,0,9,4,1,0,0,39,0,26,5,19,0,1,8,2,0,0,3,0,1,0,0,0,0,0,0,0,0,0,0,0,0,9,67,1,2,0,1,2,1,2,10,2,43,0,0,0,0,,,0,0,0,0,0,0,0,0,0,0,0,0,,,,0,0,0,1,1,0,0,1,0,0,0,0,0,8,0,58,414,0,1,1,0,2,4,24,0,390
2014,11,ARI,REG,2014_11_DET_ARI,DET,21,32,306,2,2,0,0,0,0,352,181,13,5.73982492060168,2.11471472866833,0,12,8,6,2,26,46,0,0,0,3,-7.97357188211754,0,1,1,0,0,21,32,306,2,0,0,352,181,13,5.73982492060168,0,12,8,6,2,0,38,3,9,7,26,1,4,19,9,1,0,4,0,0,0,0,0,0,0,0,0,0,0,0,0,0,4,35,1,0,0,0,0,0,2,4,1,21,0,0,0,0,,,0,0,0,0,0,0,0,0,0,0,0,0,,,,0,0,0,2,2,0,0,1,0,0,0,0,0,5,0,52,197,3,0,1,0,2,2,16,0,181
2014,11,ATL,REG,2014_11_ATL_CAR,CAR,31,45,268,1,0,2,-8,0,0,274,88,18,7.01467228297362,4.28213158791715,0,15,4,1,0,27,86,0,0,0,3,-7.81426775135333,0,1,1,0,0,31,44,268,1,1,1,274,88,18,5.97816322458711,0,15,4,1,0,0,42,0,24,4,11,0,2,7,2,2,19,4,0,0,0,0,0,1,0,0,0,0,0,0,0,0,5,58,5,1,0,0,1,1,0,0,1,19,4,4,0,0,44,1,0,1,1,2,0,0,0,0,0,0,0,0,34;42;26;44,,,146,0,0,1,1,0,0,1,0,0,0,0,0,7,0,60,344,2,1,0,0,2,4,16,0,328
2014,11,BUF,REG,2014_11_BUF_MIA,MIA,22,39,193,0,0,2,-10,0,0,251,103,9,-4.75516255166362,-10.581236136587,0,8,4,0,0,19,54,0,0,0,4,-3.83611274987323,0,0,0,0,0,22,38,193,0,0,0,251,103,9,-3.29583499523791,0,8,4,0,0,0,48,2,8,7,38,2,5,35,7,0,0,2,0,0,0,0,0,0,0,0,0,0,0,2,3,0,7,70,4,0,0,0,0,0,1,11,3,75,3,4,1,0,46,0.75,0,1,1,1,0,0,0,0,0,1,0,0,33;21;46,47,,100,47,0,0,0,0,0,,0,0,0,0,0,2,0,47,74,0,0,0,0,2,0,0,0,74
2014,11,CAR,REG,2014_11_ATL_CAR,ATL,23,37,292,2,2,2,-7,0,0,371,82,15,-5.14378395424593,0.0877373121880196,0,15,6,3,1,25,106,0,0,0,5,-0.00284474779104849,0,2,2,0,0,23,37,292,2,0,0,371,82,15,-2.76810577399466,0,14,6,3,1,0,47,0,28,3,9,1,2,8,5,0,0,4,0,0,0,0,0,0,0,0,0,0,0,1,0,0,1,15,4,0,0,0,0,0,4,16,4,73,1,3,1,1,23,0.333333333333333,0,1,0,0,0,0,0,0,0,1,0,0,23,46,63,23,46,63,2,2,0,0,1,0,1,0,1,63,6,0,42,214,3,0,4,0,2,0,0,0,214
2014,11,CHI,REG,2014_11_MIN_CHI,MIN,31,43,330,3,2,0,0,0,0,315,152,16,11.5302499352726,10.3101724455523,0,11,5,4,1,31,138,0,0,0,8,-0.649654358334374,0,3,2,1,0,31,43,330,3,0,0,315,152,16,11.5302499352726,0,11,5,4,1,0,35,0,6,5,17,0,2,11,5,1,0,2,0,0,0,0,0,0,0,0,0,0,0,0,0,0,7,60,5,0,0,0,0,0,3,17,4,59,0,1,1,0,,0,0,0,0,0,0,0,0,0,0,1,0,0,,47,,0,47,0,3,3,0,0,1,0,0,0,0,0,2,0,33,59,1,1,0,0,1,0,0,0,59
2014,11,CIN,REG,2014_11_CIN_NO,NO,16,22,220,3,0,1,-1,0,0,208,81,13,21.6324702638085,13.39437473904,0,11,4,3,0,36,186,0,1,0,7,-2.52359756781231,0,5,3,3,1,16,22,220,3,1,0,208,81,13,22.9171703291941,0,11,4,3,0,0,50,0,20,3,4,2,0,0,4,0,0,5,0,0,0,0,0,0,0,0,0,1,0,1,0,0,4,33,4,2,0,1,2,0,1,9,2,74,2,2,0,0,42,1,0,1,0,1,0,0,0,0,0,0,0,0,22;42,,,64,0,0,3,3,0,0,1,0,0,0,0,0,2,0,47,88,1,0,1,0,0,1,4,0,84
2014,11,CLE,REG,2014_11_HOU_CLE,HOU,20,50,330,1,1,3,-20,1,0,608,130,18,-11.2441168146191,-19.4548956155777,0,16,9,7,0,23,65,0,1,1,4,-7.33845102437772,0,1,1,1,0,20,50,330,1,0,0,608,130,18,-6.91305861546425,0,16,9,7,0,0,47,0,54,2,29,0,0,0,2,1,0,4,0,0,0,0,0,0,0,0,0,2,0,0,0,0,8,67,4,2,1,0,3,1,1,7,5,110,0,1,1,0,,0,0,0,0,0,0,0,0,0,1,0,0,0,,38,,0,38,0,1,1,0,0,1,0,0,0,0,0,6,0,49,231,3,1,0,0,3,2,5,0,226
2014,11,DEN,REG,2014_11_DEN_STL,LA,34,54,389,1,2,2,-20,0,0,426,189,19,-8.73218765520142,-6.99157449934218,0,19,6,4,1,10,28,0,0,0,1,-0.967611853731796,0,0,0,0,0,34,54,389,1,0,0,426,189,19,-2.70305673990515,0,19,6,4,1,0,50,11,11,6,22,1,3,14,5,0,0,0,0,0,0,0,0,0,0,0,0,0,0,0,0,0,8,62,4,0,0,0,0,0,1,0,2,24,0,0,0,0,,,0,0,0,0,0,0,0,0,0,0,0,0,,,,0,0,0,1,1,0,0,1,0,0,0,0,0,5,0,45,183,1,0,0,0,3,2,13,0,170
2014,11,DET,REG,2014_11_DET_ARI,ARI,18,30,183,0,1,4,-19,0,0,233,96,6,-5.80101614208093,-6.98314989606539,0,8,3,2,0,19,98,0,1,0,4,-3.12656638951739,0,4,4,2,0,18,30,183,0,0,0,233,96,6,-1.17624770123644,0,8,3,2,0,0,38,6,8,5,14,0,0,0,5,2,42,8,0,0,0,0,0,0,0,0,0,2,0,0,0,0,9,80,4,1,1,0,2,0,2,16,1,26,2,2,0,0,50,1,0,1,0,0,1,0,0,0,0,0,0,0,50;28,,,78,0,0,0,0,0,0,,0,0,0,0,0,6,0,56,249,3,0,2,0,2,2,4,0,245
2014,11,GB,REG,2014_11_PHI_GB,PHI,24,38,367,3,0,1,-2,1,0,334,178,18,20.2109032958975,5.82084928949674,0,16,8,7,1,25,110,1,1,0,6,-1.22935154568404,0,4,3,1,0,24,36,367,3,0,0,334,178,18,24.0020058612569,0,16,8,7,1,1,54,6,12,8,36,1,3,26,5,2,54,4,1,0,0,0,0,0,0,0,0,2,-14,2,49,1,4,52,3,1,1,0,2,0,1,75,3,42,2,3,1,0,33,0.666666666666667,0,1,1,0,0,0,0,0,0,0,1,0,27;33,50,,60,50,0,5,6,0,1,0.833333333333333,0,0,0,0,0,1,1,40,40,0,0,0,0,0,1,6,0,34
2014,11,HOU,REG,2014_11_HOU_CLE,CLE,20,30,211,2,1,0,0,0,0,295,70,12,8.51723117782497,5.63111484050751,0,8,4,2,1,54,213,0,0,0,13,-0.979633280190677,0,6,3,1,0,20,30,211,2,0,0,295,70,12,8.51723117782497,0,8,4,2,1,0,43,0,12,8,33,2,3,20,5,1,0,8,0,0,0,0,0,0,0,0,0,1,-20,1,0,0,5,55,3,0,1,0,1,0,2,5,1,28,3,4,1,0,50,0.75,0,0,1,1,1,0,0,0,0,0,1,0,46;37;50,52,,133,52,0,2,2,0,0,1,0,0,0,0,0,5,0,46,197,0,0,2,0,2,1,7,0,190
2014,11,IND,REG,2014_11_NE_IND,NE,23,39,303,2,1,1,0,0,0,415,111,14,0.962622764050442,2.27927082293742,0,13,8,7,2,16,19,0,1,0,1,-6.2642612302443,0,0,0,0,0,23,37,303,2,0,0,415,111,14,3.48448035178747,0,13,8,7,2,0,42,0,30,0,0,0,0,0,6,2,10,2,0,0,0,0,0,0,0,0,0,1,0,0,0,0,4,27,1,1,0,0,1,0,0,0,2,53,2,2,0,0,53,1,0,0,1,0,1,0,0,0,0,0,0,0,31;53,,,84,0,0,2,2,0,0,1,0,0,0,0,0,3,0,58,170,2,0,0,0,0,3,6,0,164
2014,11,KC,REG,2014_11_SEA_KC,SEA,11,16,108,0,0,0,0,0,0,72,65,4,5.24490377464099,0.553046067555746,0,4,1,1,0,30,190,3,1,1,14,0.396936115125172,0,4,4,2,1,11,15,108,0,1,1,72,65,4,1.65415644511813,0,4,1,1,0,0,60,1,11,4,15,1,2,10,9,0,0,5,0,0,0,0,0,0,0,0,0,1,0,0,0,0,3,6,6,2,1,0,3,2,1,9,3,95,1,1,0,0,23,1,0,1,0,0,0,0,0,0,0,0,0,0,23,,,23,0,0,3,3,0,0,1,0,0,0,0,0,2,0,53,104,1,0,1,0,0,1,10,0,94
2014,11,LA,REG,2014_11_DEN_STL,DEN,20,29,220,1,0,3,-14,1,0,248,92,12,-0.417951985428423,3.40077404318185,0,8,3,3,1,33,131,0,0,0,4,-6.65531666535656,0,4,2,1,0,20,29,220,1,0,0,248,92,12,5.0990497100799,0,8,3,3,1,0,35,11,13,2,20,0,2,20,4,2,4,11,0,0,0,0,0,0,0,0,0,1,0,0,0,0,3,25,3,1,0,0,1,0,2,13,2,49,5,5,0,0,55,1,0,2,1,0,2,0,0,0,0,0,0,0,37;29;22;55;53,,,196,0,0,1,1,0,0,1,0,0,0,0,0,6,0,54,260,4,0,0,0,5,1,0,0,260
2014,11,LAC,REG,2014_11_OAK_SD,LV,22,34,193,1,0,2,-13,0,0,206,81,11,-6.19557335222271,-4.24135739312452,0,9,1,1,0,32,120,0,0,0,6,-5.35929216520162,0,2,2,1,0,22,34,193,1,0,0,206,81,11,-2.31097930710894,0,9,1,1,0,0,33,10,10,5,17,0,2,10,2,0,0,4,0,0,0,0,0,0,0,0,0,0,0,1,0,0,6,40,4,0,0,0,0,0,4,44,1,25,2,3,1,0,52,0.666666666666667,0,1,0,0,1,0,0,0,0,1,0,0,23;52,48,,75,48,0,1,1,0,0,1,0,0,0,0,0,9,0,51,380,5,2,3,0,1,3,7,0,373
2014,11,LV,REG,2014_11_OAK_SD,LAC,16,34,172,0,0,2,-10,0,0,334,54,7,-8.04222473484081,-12.7808854435429,0,7,3,3,0,19,71,0,2,1,2,-8.49005343555473,0,2,2,1,0,16,33,172,0,0,0,334,54,7,-6.9161652940031,0,7,3,3,0,0,42,19,19,5,16,0,2,13,4,0,0,3,0,0,0,0,0,0,0,0,0,1,-2,0,0,0,8,41,4,0,2,0,2,1,3,7,4,75,2,2,0,0,42,1,0,1,0,1,0,0,0,0,0,0,0,0,42;25,,,67,0,0,0,0,0,0,,0,0,0,0,0,9,0,62,446,2,1,2,0,2,4,44,0,402
2014,11,MIA,REG,2014_11_BUF_MIA,BUF,26,34,240,2,0,5,-35,0,0,245,142,15,8.19532106722526,9.24505556330961,0,10,4,2,0,24,125,0,1,1,6,-5.19414412084734,0,2,2,1,0,26,34,240,2,0,0,245,142,15,13.6752410926745,0,10,4,2,0,0,44,1,3,4,20,0,2,10,5,0,0,4,0,0,1,0,0,0,0,0,0,0,0,0,0,0,4,30,4,2,0,0,2,2,0,0,2,47,2,2,0,0,38,1,0,0,2,0,0,0,0,0,0,0,0,0,38;32,,,70,0,0,2,2,0,0,1,0,0,0,0,0,3,0,59,123,2,2,0,0,0,1,11,0,112
2014,11,MIN,REG,2014_11_MIN_CHI,CHI,18,28,158,1,1,2,-11,0,0,164,71,7,-4.2603432046217,-2.2135317325592,0,6,4,2,0,16,96,0,0,0,2,3.11844547255896,0,2,2,2,1,18,28,158,1,0,0,164,71,7,-2.65433070007387,0,6,4,2,0,0,58,0,10,2,2,0,0,0,5,2,52,6,0,0,0,0,0,0,0,0,0,0,0,0,0,0,2,18,4,0,0,0,0,0,0,0,3,34,2,3,1,0,50,0.666666666666667,0,1,0,0,1,0,0,0,1,0,0,0,50;26,38,,76,38,0,1,1,0,0,1,0,0,0,0,0,4,0,54,165,0,0,0,0,1,3,17,0,148
2014,11,NE,REG,2014_11_NE_IND,IND,19,30,257,2,2,0,0,0,0,275,121,13,12.4268594760797,4.44725875196786,0,11,6,5,0,44,246,4,0,0,17,13.3872434624063,0,6,6,2,0,19,29,257,2,0,0,275,121,13,12.7698396979831,0,11,6,5,0,0,31,0,16,5,11,1,1,0,6,1,10,7,0,0,0,0,0,0,0,0,0,0,0,0,0,0,5,53,2,0,0,0,0,0,3,6,1,21,0,0,0,0,,,0,0,0,0,0,0,0,0,0,0,0,0,,,,0,0,0,6,6,0,0,1,0,0,0,0,0,1,0,59,59,0,0,0,1,0,0,0,0,39
2014,11,NO,REG,2014_11_CIN_NO,CIN,33,41,255,1,0,0,0,0,0,270,86,18,8.68050150517748,10.5516193116583,0,12,4,0,0,26,75,0,1,1,3,-7.03254558250774,0,1,1,0,0,33,41,255,1,0,0,270,86,18,8.68050150517748,0,12,4,0,0,0,42,0,18,2,2,2,1,1,3,0,0,0,0,1,0,0,0,0,0,0,0,1,0,0,0,0,5,34,4,2,0,0,2,1,1,4,0,0,1,1,0,0,31,1,0,0,1,0,0,0,0,0,0,0,0,0,31,,,31,0,0,1,1,0,0,1,0,0,0,0,0,3,0,54,132,2,1,1,0,0,1,9,0,123
2014,11,NYG,REG,2014_11_SF_NYG,SF,22,45,280,1,5,2,-15,1,0,454,85,14,-14.7960800804397,-11.0709933771027,0,11,9,5,0,21,65,0,0,0,2,-7.16112728934968,0,1,1,0,0,22,45,280,1,0,0,454,85,14,-11.2527082121199,0,11,9,5,0,0,39,18,18,4,17,0,1,8,2,0,0,4,0,0,0,0,0,0,0,0,0,1,0,1,6,0,3,54,5,1,0,0,1,0,3,39,5,129,1,1,0,0,43,1,0,0,0,1,0,0,0,0,0,0,0,0,43,,,43,0,0,1,1,0,0,1,0,0,0,0,0,3,0,52,129,0,0,1,0,0,2,8,0,121
2014,11,PHI,REG,2014_11_PHI_GB,GB,26,44,346,2,2,3,-26,0,0,398,145,17,-0.3252632250829,-4.85563169826161,0,15,9,6,1,31,109,0,3,2,5,-20.0128041846037,0,2,2,0,0,26,44,346,2,0,0,398,145,17,5.93935297649136,0,15,9,6,1,0,41,5,11,3,18,1,1,2,1,0,0,3,0,0,0,1,1,0,0,0,1,2,-19,0,0,0,6,53,1,1,3,0,4,2,1,6,4,89,2,2,0,0,33,1,0,0,2,0,0,0,0,0,0,0,0,0,33;33,,,66,0,0,2,2,0,0,1,0,0,0,0,0,4,0,50,159,1,0,1,1,1,1,75,1,64
2014,11,PIT,REG,2014_11_PIT_TEN,TEN,21,32,207,1,1,5,-27,0,0,349,58,14,4.62826240698903,8.98734116926789,0,11,4,1,0,36,206,1,0,0,15,5.17083781126249,0,8,4,1,0,21,32,207,1,0,0,349,58,14,10.3253207160915,0,11,4,1,0,0,21,0,22,2,8,0,0,0,5,1,28,3,1,0,0,0,0,0,0,0,0,0,0,0,0,0,4,39,3,0,0,0,0,0,1,14,5,123,2,2,0,0,49,1,0,1,0,1,0,0,0,0,0,0,0,0,49;23,,,72,0,0,3,3,0,0,1,0,0,0,0,0,2,0,43,81,0,0,0,0,1,1,1,0,80
2014,11,SEA,REG,2014_11_SEA_KC,KC,20,32,178,2,0,2,-10,0,0,214,85,10,0.357706704038849,5.77126247808337,0,8,4,3,0,37,204,0,0,0,14,1.90772108518286,0,10,6,0,0,20,32,178,2,0,0,214,85,10,2.51287874507411,0,8,4,3,0,0,37,0,4,1,2,2,0,0,0,0,0,1,0,0,0,0,0,0,0,0,0,1,0,2,0,0,8,50,6,1,0,0,1,0,1,10,5,79,2,2,0,0,27,1,0,2,0,0,0,0,0,0,0,0,0,0,24;27,,,51,0,0,2,2,0,0,1,0,0,0,0,0,2,0,53,103,1,0,1,0,0,1,9,0,94
2014,11,SF,REG,2014_11_SF_NYG,NYG,15,30,193,1,0,1,-8,0,0,348,86,10,0.801487253697742,-10.7530325651169,0,8,3,2,1,37,148,0,2,1,9,-8.5899991330225,0,5,4,0,0,15,30,193,1,0,0,348,86,10,2.30440938095391,0,8,3,2,1,0,33,21,21,5,21,1,2,15,8,5,31,11,0,0,0,0,0,0,0,0,0,2,0,0,0,0,4,35,4,0,3,0,3,1,2,8,1,26,3,3,0,0,44,1,0,0,2,1,0,0,0,0,0,0,0,0,31;37;44,,,112,0,0,1,1,0,0,1,0,0,0,0,0,4,0,59,187,3,0,0,0,1,3,39,0,148
2014,11,TB,REG,2014_11_TB_WAS,WAS,15,23,288,2,0,2,-7,1,0,326,87,8,18.3057322796768,10.9341269601946,0,8,8,5,2,21,48,0,0,0,3,-5.57257536030375,0,2,1,0,0,15,23,288,2,0,0,326,87,8,20.5572378009494,0,8,8,5,2,0,53,4,22,6,40,2,6,40,11,2,19,3,1,1,0,0,0,0,0,0,0,1,0,1,0,0,11,101,1,1,1,0,2,1,1,0,2,27,2,2,0,0,38,1,0,0,2,0,0,0,0,0,0,0,0,0,32;38,,,70,0,0,3,3,0,0,1,0,0,0,0,0,4,0,47,165,2,0,2,0,0,2,7,0,158
2014,11,TEN,REG,2014_11_PIT_TEN,PIT,15,24,263,2,1,0,0,0,0,179,121,10,4.62903348100372,3.78546876211961,0,10,6,4,1,15,49,1,0,0,3,-1.04003083875313,0,0,0,0,0,15,24,263,2,0,0,179,121,10,4.62903348100372,0,10,6,4,1,0,45,0,32,7,26,0,5,27,8,1,0,5,0,0,0,0,0,0,0,0,0,0,0,0,0,0,1,10,4,0,0,0,0,0,1,1,5,124,1,1,0,0,20,1,0,1,0,0,0,0,0,0,0,0,0,0,20,,,20,0,0,3,3,0,0,1,0,0,0,0,0,4,0,51,141,2,1,0,0,2,1,14,0,127
2014,11,WAS,REG,2014_11_TB_WAS,TB,23,32,207,1,2,6,-40,0,0,132,169,8,-15.0622022018916,-0.149457482621074,0,9,2,2,0,31,155,0,0,0,9,2.82814134052023,0,5,4,0,0,23,32,207,1,2,1,132,169,8,-9.71086688572541,0,9,2,2,0,0,30,2,14,5,14,1,2,7,4,0,0,1,0,1,0,0,0,0,0,0,0,3,0,1,0,0,9,67,2,2,2,0,4,1,2,7,5,117,0,2,2,0,,0,0,0,0,0,0,0,0,0,0,1,1,0,,47;50,,0,97,0,1,1,0,0,1,0,0,0,0,0,4,0,55,177,1,1,0,2,0,1,0,0,137
2014,12,ARI,REG,2014_12_ARI_SEA,SEA,14,26,149,0,1,3,-9,0,0,248,41,8,-10.157849488632,-3.48467265184109,0,7,3,2,0,20,64,0,0,0,2,-3.04968544380972,0,1,1,0,0,14,26,149,0,1,0,248,41,8,-5.81994792198869,0,7,3,2,0,0,40,0,24,11,51,0,7,42,11,0,0,3,0,0,0,0,0,1,0,0,2,0,0,0,0,0,3,25,3,2,0,2,2,0,0,0,2,45,1,2,1,0,23,0.5,0,1,0,0,0,0,0,0,0,1,0,0,23,49,,23,49,0,0,0,0,0,,0,0,0,0,0,6,1,46,223,1,1,0,0,3,2,32,0,191
2014,12,ATL,REG,2014_12_CLE_ATL,CLE,27,43,273,2,1,3,-21,1,1,433,65,15,0.4113564491743,-1.06800226278083,0,9,5,4,0,23,63,1,0,0,5,-2.50966160488315,0,0,0,0,0,27,43,273,2,0,0,433,65,15,9.78932421403059,0,9,5,4,0,0,43,0,16,3,16,0,1,9,5,3,9,4,0,0,0,0,0,0,0,0,75,0,0,0,0,0,7,40,3,1,0,0,1,1,1,12,4,84,1,1,0,0,53,1,0,0,0,0,1,0,0,0,0,0,0,0,53,,,53,0,0,3,3,0,0,1,0,0,0,0,0,4,0,48,178,2,1,0,1,2,0,0,0,158
2014,12,BAL,REG,2014_12_BAL_NO,NO,18,24,243,1,0,1,-9,0,0,153,122,9,17.3011474623809,11.7546163175417,0,10,4,3,2,32,215,2,0,0,12,5.8117818570172,0,9,7,5,0,18,24,243,1,1,1,153,122,9,12.9669800332513,0,10,4,3,2,0,55,0,8,6,24,1,4,21,8,1,44,3,1,0,0,0,0,0,0,0,0,0,0,0,0,0,6,42,2,1,0,0,1,1,2,0,2,52,2,2,0,0,55,1,0,0,1,0,1,0,0,0,0,0,0,0,31;55,,,86,0,0,4,4,0,0,1,0,0,0,0,0,2,0,73,126,2,0,1,0,0,1,7,0,119
2014,12,BUF,REG,2014_12_NYJ_BUF,NYJ,24,32,230,2,0,1,-10,0,0,232,81,14,10.2873184693333,9.56019422700328,0,7,5,2,0,29,116,2,0,0,5,-0.463874872308224,0,2,1,1,0,24,31,230,2,0,0,232,81,14,12.4218820080448,0,7,5,2,0,1,46,0,12,9,47,0,7,39,9,1,34,6,0,0,0,1,0,0,0,0,0,0,0,0,0,0,4,24,4,0,0,0,0,0,1,5,1,13,1,1,0,0,53,1,0,0,0,0,1,0,0,0,0,0,0,0,53,,,53,0,0,5,5,0,0,1,0,0,0,0,0,4,0,60,186,1,0,0,0,1,3,42,0,144
2014,12,CHI,REG,2014_12_TB_CHI,TB,17,27,130,1,0,3,-18,1,1,108,85,6,-13.3842705391792,-10.5691150382713,0,5,2,1,0,26,92,2,0,0,4,-0.645059325906914,0,2,2,0,0,17,27,130,1,0,0,108,85,6,-6.08793376749167,0,5,2,1,0,0,50,0,14,5,20,3,5,40,15,2,6,5,0,0,0,0,0,0,0,0,0,0,0,2,19,0,6,45,2,1,0,0,1,1,3,0,3,43,0,1,1,0,,0,0,0,0,0,0,0,0,0,0,0,1,0,,54,,0,54,0,3,3,0,0,1,0,0,0,0,0,9,0,52,367,2,2,1,0,4,2,12,0,355
2014,12,CIN,REG,2014_12_CIN_HOU,HOU,24,35,233,1,1,0,0,0,0,218,111,17,3.00644407607951,3.65541415555137,0,12,2,1,0,43,139,1,1,0,6,-6.56104570626815,0,3,3,1,0,24,35,233,1,0,0,218,111,17,3.00644407607951,0,12,2,1,0,0,29,7,23,3,7,0,1,5,4,1,4,7,0,0,1,0,0,0,0,0,0,1,0,0,0,0,6,60,5,0,1,0,1,0,3,23,4,109,2,2,0,0,49,1,0,0,1,1,0,0,0,0,0,0,0,0,31;49,,,80,0,0,2,2,0,0,1,0,0,0,0,0,4,0,54,193,4,0,0,0,2,2,7,0,186
2014,12,CLE,REG,2014_12_CLE_ATL,ATL,23,41,322,0,3,1,-9,0,0,388,167,16,-0.13659651637394,-6.77952826023102,0,17,7,3,1,29,162,2,1,0,10,4.7929286971339,0,4,3,2,0,23,40,322,0,0,0,388,167,16,0.969204615437448,0,17,7,3,1,0,49,0,12,3,22,1,3,21,6,1,0,7,0,0,0,0,0,0,0,0,0,2,-4,1,0,0,5,30,4,0,2,0,2,0,0,0,0,0,4,5,1,0,37,0.8,0,0,4,0,0,0,0,0,0,0,0,1,33;37;32;37,60,,139,60,0,2,2,0,0,1,1,1,0,0,37,1,0,41,41,0,0,0,0,0,1,12,0,29
2014,12,DAL,REG,2014_12_DAL_NYG,NYG,18,26,275,4,0,2,-9,1,1,278,139,13,14.3036468994759,10.0739945173264,0,10,6,5,1,25,119,0,0,0,5,-0.573880971118342,0,3,2,0,0,18,25,275,4,0,0,278,139,13,17.1644034124983,0,10,6,5,1,0,40,24,24,6,21,0,2,10,5,1,45,2,0,0,0,0,0,0,0,0,0,0,0,0,0,0,7,63,4,1,0,0,1,1,4,68,1,22,1,1,0,0,38,1,0,0,1,0,0,0,0,0,0,0,0,0,38,,,38,0,0,4,4,0,0,1,0,0,0,0,0,4,0,57,195,2,1,2,0,0,1,-1,0,196
2014,12,DEN,REG,2014_12_MIA_DEN,MIA,28,35,257,4,0,1,-8,0,0,289,110,15,18.868761795205,17.2483282429831,1,10,6,2,0,35,201,1,0,0,10,5.51535980764311,0,6,5,4,0,28,35,257,4,0,0,289,110,15,21.2361197072701,1,10,6,2,0,0,43,0,4,3,18,3,1,12,4,1,37,4,0,1,0,0,0,0,0,0,0,0,0,0,0,0,9,98,5,1,0,0,1,1,3,12,3,100,1,2,1,0,38,0.5,0,0,1,0,0,0,0,0,1,0,0,0,38,33,,38,33,0,4,4,0,0,1,0,0,0,0,0,1,0,45,45,0,0,0,0,0,1,17,0,28
2014,12,DET,REG,2014_12_DET_NE,NE,18,46,264,0,1,2,-20,0,0,466,138,12,-6.80303566879063,-19.3080968989266,0,14,7,3,1,25,91,0,0,0,5,-3.79011490143603,0,2,1,0,0,18,45,264,0,0,0,466,138,12,-1.89682409841968,0,14,7,3,1,0,58,0,2,5,17,0,0,0,4,1,5,4,0,0,0,0,0,0,0,0,0,0,0,0,0,0,9,54,3,0,0,0,0,0,2,5,1,27,3,4,1,0,49,0.75,0,1,0,2,0,0,0,0,0,0,1,0,48;20;49,53,,117,53,0,0,0,0,0,,0,0,0,0,0,5,0,55,231,2,0,1,0,0,4,15,0,216
2014,12,GB,REG,2014_12_GB_MIN,MIN,19,29,209,2,0,1,-2,0,0,310,98,10,9.46894207565984,4.47753868226347,0,10,3,2,0,32,155,1,1,0,11,3.11706029885681,0,6,5,0,0,19,29,209,2,0,0,310,98,10,10.5334880218556,0,10,3,2,0,0,43,0,12,3,16,0,2,14,6,1,0,6,0,0,0,0,0,0,0,0,0,1,0,0,0,0,8,75,2,1,0,0,1,0,3,23,0,0,1,1,0,0,48,1,0,0,0,1,0,0,0,0,0,0,0,0,48,,,48,0,0,3,3,0,0,1,0,0,0,0,0,4,0,47,169,2,0,2,0,1,1,5,0,164
2014,12,HOU,REG,2014_12_CIN_HOU,CIN,21,45,189,0,1,1,-5,0,0,326,91,11,-13.2101032002644,-15.5893343132596,0,10,3,1,0,19,64,0,0,0,4,-0.942000960756559,0,0,0,0,0,21,43,189,0,0,0,326,91,11,-11.4799422997563,0,10,3,1,0,0,43,11,47,3,7,0,0,0,2,1,60,6,1,0,0,0,0,0,0,0,0,0,0,0,0,0,3,15,3,0,0,0,0,0,2,7,1,23,2,2,0,0,36,1,0,1,1,0,0,0,0,0,0,0,0,0,36;25,,,61,0,0,1,1,0,0,1,0,0,0,0,0,5,0,60,239,1,0,1,0,1,3,23,0,216
2014,12,IND,REG,2014_12_JAX_IND,JAX,21,32,253,1,0,5,-39,3,2,280,129,9,-8.85068547947327,3.86010119691491,0,9,4,2,1,35,175,1,2,1,12,1.65631112185656,0,7,5,2,0,21,32,253,1,1,0,280,129,9,7.11615141238097,0,9,4,2,1,0,33,0,26,6,33,1,3,26,7,1,42,5,0,0,0,0,0,0,0,0,0,2,-7,1,0,0,6,54,3,5,1,1,6,3,5,48,2,64,3,3,0,0,46,1,0,1,1,1,0,0,0,0,0,0,0,0,46;20;32,,,98,0,0,2,2,0,0,1,0,0,0,0,0,3,0,53,146,2,0,1,0,0,2,3,0,143
2014,12,JAX,REG,2014_12_JAX_IND,IND,15,27,146,0,1,4,-32,1,0,66,152,5,-19.8703027664153,-16.31316266678,0,6,3,1,0,23,80,0,1,1,6,-5.48056783695938,0,2,2,2,0,15,27,146,0,0,0,66,152,5,-13.7770334538938,0,6,3,1,0,0,52,0,22,6,23,5,5,39,5,0,0,1,0,0,0,0,0,0,0,0,0,1,0,3,0,0,6,43,3,1,1,0,2,1,2,3,0,0,1,1,0,0,28,1,0,1,0,0,0,0,0,0,0,0,0,0,28,,,28,0,0,0,0,0,0,,0,0,0,0,0,7,0,64,346,3,0,0,0,2,5,48,0,298
2014,12,KC,REG,2014_12_KC_OAK,LV,20,36,234,2,0,2,-17,0,0,170,146,11,-0.369378873243535,-9.50418149723726,0,11,7,6,0,24,96,0,1,0,3,-3.33381266548531,0,1,0,0,0,20,34,234,2,0,0,170,146,11,5.12805559939394,0,11,7,6,0,0,36,7,21,3,9,1,1,2,2,0,0,4,0,0,0,0,0,0,0,0,0,2,0,1,0,0,7,59,3,1,1,0,2,0,4,51,3,113,2,2,0,0,25,1,0,2,0,0,0,0,0,0,0,0,0,0,24;25,,,49,0,0,2,2,0,0,1,0,0,0,0,0,7,0,69,297,4,0,3,0,2,2,5,0,292
2014,12,LA,REG,2014_12_STL_SD,LAC,19,36,217,1,2,1,-7,1,1,287,92,9,-6.19039671040886,-6.92981438977378,0,8,6,3,0,24,107,1,1,0,5,-1.16103429935174,0,3,3,1,0,19,35,217,1,0,0,287,92,9,1.39796246763504,0,8,6,3,0,0,45,9,9,5,13,2,3,9,4,1,99,2,1,0,0,0,0,0,0,0,0,1,-4,2,0,0,9,90,4,1,1,0,2,1,2,44,6,142,1,2,0,1,22,0.5,0,1,0,0,0,0,0,0,0,0,0,0,22,,46,22,0,46,3,3,0,0,1,0,0,0,0,0,4,0,57,178,2,1,2,0,0,1,0,0,178
2014,12,LAC,REG,2014_12_STL_SD,LA,29,35,291,1,1,3,-9,0,0,130,201,15,-0.0979205147504647,15.1063066540342,0,13,4,4,0,22,128,1,0,0,4,3.9379241867573,0,4,3,1,0,29,34,291,1,1,1,130,201,15,-0.529378455996218,0,13,4,4,0,0,33,18,18,2,6,1,1,7,2,2,13,7,0,2,0,0,0,1,0,0,9,1,0,1,13,1,8,85,4,2,1,0,3,2,1,0,2,43,2,2,0,0,48,1,0,1,0,1,0,0,0,0,0,0,0,0,23;48,,,71,0,0,3,3,0,0,1,0,0,0,0,0,4,0,55,197,0,0,0,0,2,2,44,0,153
2014,12,LV,REG,2014_12_KC_OAK,KC,18,35,174,1,0,1,-2,0,0,271,83,9,0.617195805394954,-13.2454350164958,0,7,3,1,0,30,179,2,1,0,8,5.09576717106393,0,2,1,1,1,18,35,174,1,0,0,271,83,9,1.55196994505816,0,7,3,1,0,0,41,8,16,5,28,1,2,17,4,0,0,3,0,1,0,0,0,0,0,0,0,1,0,0,0,0,7,60,3,1,1,0,2,1,2,5,4,83,1,1,0,0,40,1,0,0,0,1,0,0,0,0,0,0,0,0,40,,,40,0,0,3,3,0,0,1,0,0,0,0,0,6,0,58,296,3,1,1,0,0,4,51,0,245
2014,12,MIA,REG,2014_12_MIA_DEN,DEN,26,36,228,3,1,1,-12,0,0,233,86,17,7.04299963900121,8.77173220117887,0,10,5,2,0,21,97,2,0,0,5,4.25923962121317,1,3,1,1,0,26,36,228,3,3,0,233,86,17,8.65329156146618,0,10,5,2,0,0,61,0,8,3,10,1,1,8,1,0,0,0,0,0,0,0,0,0,0,0,0,1,0,1,0,0,6,50,3,3,0,2,3,0,1,17,2,40,0,0,0,0,,,0,0,0,0,0,0,0,0,0,0,0,0,,,,0,0,0,4,4,0,0,1,0,0,0,0,0,3,0,55,160,1,0,0,0,0,3,12,0,148
2014,12,MIN,REG,2014_12_GB_MIN,GB,21,37,210,2,1,2,-14,0,0,317,95,11,-3.16463770221521,-4.6270317501492,1,10,4,2,0,25,112,0,0,0,7,1.11755209247349,0,2,0,0,0,21,36,210,2,0,0,317,95,11,4.93390592543806,1,10,4,2,0,0,37,0,24,3,4,1,1,2,3,0,0,4,0,0,0,0,0,0,0,0,0,0,0,0,0,0,7,77,4,0,0,0,0,0,1,5,5,126,2,2,0,0,51,1,0,0,1,0,1,0,0,0,0,0,0,0,39;51,,,90,0,0,1,1,0,0,1,0,0,0,0,0,4,0,54,179,3,0,0,0,1,3,23,0,156
2014,12,NE,REG,2014_12_DET_NE,DET,38,53,349,2,1,0,0,0,0,317,184,22,8.89923661461634,3.85762003232848,0,17,8,2,0,20,90,2,0,0,4,-2.46791377404588,0,2,2,2,0,38,53,349,2,0,0,317,184,22,8.89923661461634,0,17,8,2,0,0,41,0,10,4,23,0,2,20,6,1,0,10,0,0,0,0,0,0,0,0,0,1,0,0,0,0,11,89,5,0,1,0,1,0,4,15,1,81,2,2,0,0,43,1,0,0,1,1,0,0,0,0,0,0,0,0,35;43,,,78,0,0,4,4,0,0,1,0,0,0,0,0,5,0,66,238,1,1,0,0,2,2,5,0,233
2014,12,NO,REG,2014_12_BAL_NO,BAL,35,45,420,3,1,4,-21,0,0,311,147,20,8.535965663088,11.6309754550457,0,15,10,5,1,21,126,0,1,0,3,-2.7380394191714,0,1,1,1,1,35,44,420,3,0,0,311,147,20,14.6282749818037,0,15,10,5,1,0,44,0,16,6,19,1,1,9,3,0,0,3,0,0,0,0,0,0,0,0,0,1,0,1,0,0,5,50,6,1,0,0,1,0,1,7,1,20,2,2,0,0,34,1,0,1,1,0,0,0,0,0,0,0,0,0,20;34,,,54,0,0,3,3,0,0,1,0,0,0,0,0,3,0,61,146,1,0,1,0,0,2,0,0,146
2014,12,NYG,REG,2014_12_DAL_NYG,DAL,29,40,338,3,1,2,-10,0,0,176,197,19,14.6048431490781,9.66604344154659,0,16,6,4,1,32,89,1,0,0,5,-4.26892557344399,0,2,2,0,0,29,38,338,3,0,0,176,197,19,16.7622728838469,0,16,6,4,1,0,31,15,15,1,9,1,2,9,3,0,0,1,0,0,0,0,0,0,0,0,0,0,0,1,0,0,5,30,4,0,0,0,0,0,1,-1,4,99,0,0,0,0,,,0,0,0,0,0,0,0,0,0,0,0,0,,,,0,0,0,4,4,0,0,1,0,0,0,0,0,4,0,63,220,0,0,0,0,0,4,68,0,152
2014,12,NYJ,REG,2014_12_NYJ_BUF,BUF,17,31,165,0,1,7,-39,0,0,286,59,6,-21.1412780777467,-8.90589435895284,0,5,3,2,0,19,92,0,0,0,4,-1.53319259884302,0,4,3,0,0,17,30,165,0,0,0,286,59,6,-9.9570033972417,0,5,3,2,0,0,45,2,14,2,4,0,1,10,6,0,0,2,0,0,0,0,0,0,0,0,0,0,0,0,0,0,9,60,3,0,0,0,0,0,3,42,6,90,1,1,0,0,27,1,0,1,0,0,0,0,0,0,0,0,0,0,27,,,27,0,0,0,0,0,0,,0,0,0,0,0,7,1,59,311,4,2,0,1,3,1,5,0,286
2014,12,PHI,REG,2014_12_TEN_PHI,TEN,30,43,307,1,2,2,-9,0,0,304,165,18,6.4206972712198,5.28400320382345,0,16,5,3,0,38,164,2,0,0,7,-4.16514919575545,0,5,5,1,1,30,42,307,1,0,0,304,165,18,9.08607160420052,0,16,5,3,0,1,49,0,2,7,55,3,5,46,5,1,0,8,0,0,0,0,0,0,0,0,0,0,0,2,3,0,9,69,3,0,0,0,0,0,6,50,3,156,5,6,1,0,50,0.833333333333333,0,1,3,0,1,0,0,0,0,1,0,0,36;26;35;30;50,49,,177,49,0,4,4,0,0,1,0,0,0,0,0,3,0,49,135,1,0,0,0,0,3,13,0,122
2014,12,SEA,REG,2014_12_ARI_SEA,ARI,17,22,211,1,0,7,-42,0,0,174,140,10,-1.10839490273162,16.5942588732356,0,9,6,4,1,29,124,0,0,0,6,-5.59052426699782,0,4,3,1,1,17,21,211,1,0,0,174,140,10,10.255680577701,0,9,6,4,1,0,27,0,20,4,15,2,3,9,9,1,2,5,0,0,0,1,0,0,0,0,0,0,0,0,0,0,7,74,3,0,0,0,0,0,2,32,1,20,4,5,0,1,52,0.8,0,1,1,1,1,0,0,0,0,0,0,0,27;32;52;40,,49,151,0,49,1,1,0,0,1,0,0,0,0,0,3,0,58,150,2,1,2,0,0,0,0,0,150
2014,12,SF,REG,2014_12_WAS_SF,WAS,20,29,256,1,1,2,-10,0,0,378,75,10,10.7167456153458,9.90280493580062,0,12,5,4,0,29,66,1,3,2,5,-20.41473485186,0,0,0,0,0,20,29,256,1,0,0,378,75,10,13.3658222390715,0,12,5,4,0,0,45,4,4,8,32,1,5,29,9,0,0,3,0,0,0,0,0,0,0,0,0,1,-2,1,0,0,5,47,3,2,1,0,3,2,4,8,4,98,1,1,0,0,41,1,0,0,0,1,0,0,0,0,0,0,0,0,41,,,41,0,0,2,2,0,0,1,0,0,0,0,0,6,0,57,302,2,0,0,0,3,3,11,0,291
2014,12,TB,REG,2014_12_TB_CHI,CHI,25,48,341,1,2,5,-40,2,1,477,114,14,-6.32892982322263,-6.54564254606764,0,12,8,5,2,22,66,0,0,0,3,-6.85805718100164,0,3,0,0,0,25,48,341,1,1,1,477,114,14,-1.48086357132304,0,12,8,5,2,0,51,0,4,5,16,1,3,18,3,0,0,2,0,1,0,0,0,0,0,0,0,2,0,1,3,0,9,87,6,3,1,0,4,2,2,12,3,42,2,2,0,0,39,1,0,0,2,0,0,0,0,0,0,0,0,0,32;39,,,71,0,0,1,1,0,0,1,0,0,0,0,0,6,0,53,243,1,1,0,1,1,3,0,0,223
2014,12,TEN,REG,2014_12_TEN_PHI,PHI,20,39,345,2,1,5,-46,1,0,320,205,11,-1.34799871442741,-8.02344130842309,0,11,8,8,2,19,52,1,1,1,4,-6.17535053356551,0,1,1,0,0,20,38,345,2,1,1,320,205,11,6.27814826171012,0,11,8,8,2,0,66,0,14,7,19,0,2,9,2,2,33,4,0,0,0,0,0,0,0,0,0,1,0,0,0,0,7,56,5,3,0,0,3,2,3,13,7,186,1,1,0,0,20,1,0,1,0,0,0,0,0,0,0,0,0,0,20,,,20,0,0,3,3,0,0,1,0,0,0,0,0,6,0,57,294,2,0,0,0,0,6,50,0,244
2014,12,WAS,REG,2014_12_WAS_SF,SF,11,20,106,0,0,5,-29,1,1,212,63,4,-14.7327404749341,-9.41991157829762,0,3,2,2,0,27,136,1,0,0,7,0.9578186437559,0,5,3,2,0,11,20,106,0,0,0,212,63,4,-2.62934319681896,0,3,2,2,0,0,46,3,15,4,15,2,2,10,3,1,7,2,0,0,0,0,0,0,0,0,0,0,0,2,2,0,7,53,3,1,0,0,1,1,3,11,2,37,2,2,0,0,46,1,0,1,0,1,0,0,0,0,0,0,0,0,27;46,,,73,0,0,1,1,0,0,1,0,0,0,0,0,8,0,55,373,3,0,3,0,1,4,8,0,365
2014,13,ARI,REG,2014_13_ARI_ATL,ATL,24,39,294,1,2,0,0,0,0,403,96,15,-2.31734056423181,-0.162593447245084,0,14,6,5,0,11,35,0,0,0,1,-0.157455158317927,1,0,0,0,0,24,39,294,1,1,1,403,96,15,-8.59443824134529,0,14,6,5,0,0,59,0,16,4,10,0,1,3,4,1,88,3,1,0,0,0,0,0,0,0,0,0,0,0,0,0,5,34,3,1,0,0,1,1,1,14,1,18,1,1,0,0,44,1,0,0,0,1,0,0,0,0,0,0,0,0,44,,,44,0,0,1,1,0,0,1,0,0,0,0,0,5,0,67,242,2,1,0,1,1,2,68,0,154
2014,13,ATL,REG,2014_13_ARI_ATL,ARI,30,41,361,2,1,1,-3,0,0,269,136,16,5.82992831247237,4.39654523279609,0,15,10,3,1,34,142,0,0,0,4,-8.08861536558094,0,2,2,1,1,30,41,361,2,0,0,269,136,16,6.81822088782054,0,15,10,3,1,0,24,0,20,0,0,1,0,0,8,2,36,7,0,0,0,0,0,0,0,0,0,0,0,1,15,0,9,76,1,0,0,0,0,0,2,68,3,91,5,5,0,0,45,1,0,4,0,1,0,0,0,0,0,0,0,0,20;23;21;45;28,,,137,0,0,2,2,0,0,1,0,0,0,0,0,3,0,62,159,1,0,1,1,0,1,14,0,125
2014,13,BAL,REG,2014_13_SD_BAL,LAC,19,31,225,2,0,0,0,0,0,263,101,13,9.80117964460566,-2.5756037042987,0,10,5,3,0,32,125,1,0,0,6,-2.75777905940777,0,3,3,1,0,19,31,225,2,0,0,263,101,13,9.80117964460566,0,10,5,3,0,0,41,0,20,4,14,1,2,7,6,1,0,4,0,0,0,0,0,0,0,0,0,1,0,1,0,0,14,98,5,0,1,0,1,0,1,10,7,175,4,4,0,0,33,1,0,2,2,0,0,0,0,0,0,0,0,0,33;21;29;31,,,114,0,0,3,3,0,0,1,0,0,0,0,0,1,0,39,39,0,1,0,0,0,0,0,0,39
2014,13,BUF,REG,2014_13_CLE_BUF,CLE,17,31,190,1,2,1,-9,0,0,209,137,9,-10.1813738352675,-7.38504777352015,0,7,4,4,1,30,106,0,0,0,2,-4.53949248383479,0,0,0,0,0,17,30,190,1,0,0,209,137,9,-8.94464801717937,0,7,4,4,1,0,34,15,25,4,18,1,2,14,6,2,38,8,0,1,0,0,0,0,0,0,0,1,0,1,18,1,6,45,4,0,1,0,1,0,5,47,0,0,4,5,0,1,49,0.8,0,0,3,1,0,0,0,0,0,0,0,0,49;34;34;35,,53,152,0,53,2,2,0,0,1,0,0,0,0,0,5,0,54,229,3,1,0,0,1,3,19,0,210
2014,13,CAR,REG,2014_13_CAR_MIN,MIN,18,35,194,1,1,4,-24,0,0,323,91,10,-9.54913257080481,-11.7842420509883,0,8,5,2,0,33,178,0,0,0,12,7.60007492365548,0,7,4,1,0,18,35,194,1,0,0,323,91,10,-4.10008427192808,0,8,5,2,0,0,39,0,10,4,25,3,3,20,2,0,0,1,0,0,0,0,0,0,0,0,0,0,0,0,0,0,4,35,2,0,0,0,0,0,0,0,3,43,2,2,0,0,35,1,0,0,2,0,0,0,0,0,0,0,0,0,30;35,,,65,0,0,1,1,0,0,1,0,0,0,0,0,4,2,43,146,1,1,1,0,0,2,45,0,101
2014,13,CHI,REG,2014_13_CHI_DET,DET,31,48,280,2,2,3,-24,0,0,341,194,16,-2.80693265172511,-4.48440878341595,0,14,5,4,0,8,13,0,0,0,0,-3.34866248699836,0,0,0,0,0,31,48,280,2,0,0,341,194,16,1.83184669627018,0,14,5,4,0,0,51,3,17,4,5,2,2,7,5,0,0,3,0,0,0,0,0,0,0,0,0,0,0,1,0,0,5,41,4,0,0,0,0,0,2,25,1,24,1,1,0,0,35,1,0,0,1,0,0,0,0,0,0,0,0,0,35,,,35,0,0,2,2,0,0,1,0,0,0,0,0,6,0,61,288,3,0,1,0,3,2,14,0,274
2014,13,CIN,REG,2014_13_CIN_TB,TB,20,28,187,1,3,2,-11,0,0,223,87,10,-9.06531438115053,11.7503922294687,0,10,3,2,0,28,112,1,0,0,7,0.42466536644497,0,4,3,0,0,20,27,187,1,0,0,223,87,10,-4.8460464135278,0,10,3,2,0,0,38,7,11,5,10,0,1,2,4,1,3,5,0,0,0,0,0,0,0,0,0,0,0,0,0,0,10,73,3,0,0,0,0,0,3,-1,2,55,0,0,0,0,,,0,0,0,0,0,0,0,0,0,0,0,0,,,,0,0,0,2,2,0,0,1,0,0,0,0,0,6,0,59,289,1,1,1,1,0,3,21,0,248
2014,13,CLE,REG,2014_13_CLE_BUF,BUF,23,38,255,0,2,2,-14,0,0,256,143,13,-7.06035968613819,-3.93737731753169,0,13,4,2,0,26,74,1,1,1,4,-10.9917780729302,0,3,1,0,0,23,37,255,0,0,0,256,143,13,-2.16345597022687,0,13,4,2,0,0,26,26,26,2,11,0,1,9,2,2,0,6,0,0,0,0,0,1,0,0,0,1,0,0,0,0,10,76,4,1,1,0,2,1,3,19,2,44,1,2,1,0,22,0.5,0,1,0,0,0,0,0,0,1,0,0,0,22,37,,22,37,0,1,1,0,0,1,0,0,0,0,0,6,0,52,254,1,0,0,0,1,5,47,0,207
2014,13,DAL,REG,2014_13_PHI_DAL,PHI,18,29,199,0,2,4,-25,0,0,307,99,10,-8.4208662570372,-0.695629572046214,0,9,5,3,0,25,93,1,0,0,4,-3.84342399344314,0,1,1,0,0,18,29,199,0,1,1,307,99,10,-5.76988377340604,0,9,5,3,0,0,56,1,15,5,18,1,1,9,1,0,0,2,0,0,0,0,0,0,0,0,0,0,0,1,0,0,6,42,6,1,0,0,1,1,0,0,6,167,1,1,0,0,28,1,0,1,0,0,0,0,0,0,0,0,0,0,28,,,28,0,0,1,1,0,0,1,0,0,0,0,0,5,0,58,228,2,0,0,0,2,3,32,0,196
2014,13,DEN,REG,2014_13_DEN_KC,KC,17,34,179,2,0,1,-5,1,1,329,63,11,1.13672648141645,-6.01668804883957,0,9,4,3,0,45,214,0,0,0,9,-2.45963343733456,0,8,6,1,0,17,34,179,2,0,0,329,63,11,5.60916814608052,0,9,4,3,0,0,40,0,2,8,50,1,6,43,11,1,3,4,0,0,0,0,0,0,0,0,0,0,0,2,0,0,5,32,3,1,0,0,1,1,4,41,4,76,5,5,0,0,37,1,0,2,3,0,0,0,0,0,0,0,0,0,22;24;30;33;37,,,146,0,0,2,2,0,0,1,0,0,0,0,0,4,0,48,139,3,3,0,0,0,1,0,0,139
2014,13,DET,REG,2014_13_CHI_DET,CHI,34,45,390,2,0,2,-7,1,1,274,204,19,7.96561929504685,7.45207741856575,0,18,10,7,0,23,91,2,0,0,7,1.28235543135088,0,3,2,1,0,34,44,390,2,0,0,274,204,19,17.0508872628242,0,18,10,7,0,0,38,2,8,6,28,0,3,24,8,2,0,10,0,1,0,0,0,0,0,0,0,1,0,0,0,0,5,38,2,2,0,0,2,1,2,14,3,65,2,2,0,0,46,1,0,0,0,2,0,0,0,0,0,0,0,0,46;40,,,86,0,0,4,4,0,0,1,0,0,0,0,0,3,0,59,153,1,0,1,0,0,2,25,0,128
2014,13,GB,REG,2014_13_NE_GB,NE,24,38,368,2,0,3,-20,1,0,380,136,16,16.693156614305,4.53117176106102,0,13,7,6,2,29,130,0,0,0,6,-1.67766723985551,0,5,5,1,0,24,38,368,2,0,0,380,136,16,20.4119557795119,0,13,7,6,2,0,31,4,16,0,0,0,1,9,6,0,0,5,0,0,0,0,0,0,0,0,0,1,0,0,0,0,4,22,2,1,0,0,1,0,0,0,4,90,4,5,1,0,35,0.8,0,1,3,0,0,0,0,0,0,1,0,0,32;35;33;28,40,,128,40,0,2,2,0,0,1,0,0,0,0,0,1,0,38,38,0,0,0,0,0,1,3,0,35
2014,13,HOU,REG,2014_13_TEN_HOU,TEN,24,33,358,6,0,0,0,0,0,301,180,18,31.1428646905115,10.0787536664443,0,10,7,6,2,36,99,0,0,0,5,-7.65297795744624,0,5,3,0,0,24,33,358,6,1,1,301,180,18,21.1039124157978,0,10,7,6,2,0,36,5,13,5,33,1,3,38,9,3,100,4,0,0,0,0,0,0,0,0,0,0,0,1,14,0,5,40,1,1,0,0,1,1,2,20,1,7,1,2,0,1,37,0.5,0,0,1,0,0,0,0,0,0,0,0,0,37,,43,37,0,43,6,6,0,0,1,0,0,0,0,0,3,0,47,137,0,0,0,0,2,1,21,0,116
2014,13,IND,REG,2014_13_WAS_IND,WAS,19,27,370,5,1,1,-9,1,1,341,165,14,15.4041045870399,19.1336842874686,0,9,6,5,3,21,126,1,0,0,4,0.608537681342568,0,3,2,1,1,19,24,370,5,1,1,341,165,14,19.4226646596217,0,9,6,5,3,0,49,0,22,6,41,4,6,51,11,0,0,8,0,0,0,0,0,0,0,0,0,1,-2,1,35,1,10,94,2,2,1,0,3,2,3,13,5,156,0,0,0,0,,,0,0,0,0,0,0,0,0,0,0,0,0,,,,0,0,0,7,7,0,0,1,0,0,0,0,0,3,0,58,138,1,0,0,0,1,2,17,0,121
2014,13,JAX,REG,2014_13_NYG_JAX,NYG,21,35,194,1,0,7,-54,0,0,290,84,10,-6.75666431424883,-5.0667793410165,0,6,3,2,0,22,118,0,0,0,6,-4.57040766568184,0,5,4,2,0,21,35,194,1,0,0,290,84,10,3.35375567217148,0,6,3,2,0,0,56,0,20,6,27,3,4,34,4,0,0,2,0,0,0,0,0,0,0,0,0,0,0,3,41,2,7,49,4,0,0,0,0,0,3,20,3,51,2,2,0,0,43,1,0,1,0,1,0,0,0,0,0,0,0,0,28;43,,,71,0,0,1,1,0,0,1,0,0,0,0,0,7,0,66,367,2,1,0,0,1,5,48,0,319
2014,13,KC,REG,2014_13_DEN_KC,DEN,15,23,153,2,1,6,-43,0,0,170,47,8,-10.0107803562806,1.12939425136732,0,8,4,2,0,15,41,0,0,0,2,-3.5396831590333,0,1,0,0,0,15,23,153,2,1,1,170,47,8,-2.82539863370234,0,8,4,2,0,0,66,0,10,7,20,1,1,5,2,0,0,6,0,1,0,0,0,0,0,0,0,0,0,1,0,0,5,35,4,1,1,0,2,2,1,0,8,199,1,1,0,0,39,1,0,0,1,0,0,0,0,0,0,0,0,0,39,,,39,0,0,1,1,0,0,1,0,0,0,0,0,5,0,47,218,0,0,1,0,0,4,41,0,177
2014,13,LA,REG,2014_13_OAK_STL,LV,13,22,183,2,0,1,-7,0,0,99,149,9,3.05556423774175,-11.8941407828104,0,6,5,3,0,26,172,4,0,0,6,3.5707579535665,0,4,2,1,1,13,21,183,2,0,0,99,149,9,4.85344061709475,0,6,5,3,0,0,58,5,5,7,43,3,6,47,7,3,65,8,1,2,0,0,0,0,0,0,0,2,0,2,9,0,8,60,2,0,2,0,2,0,4,19,0,0,1,1,0,0,38,1,0,0,1,0,0,0,0,0,0,0,0,0,38,,,38,0,0,7,7,0,0,1,0,0,0,0,0,6,0,60,275,3,1,0,1,2,2,4,0,251
2014,13,LAC,REG,2014_13_SD_BAL,BAL,34,45,383,3,1,2,-7,0,0,308,178,20,19.679128397416,9.54858521620432,0,15,9,4,1,18,64,1,0,0,5,0.388710962077917,0,1,1,0,0,34,45,383,3,1,1,308,178,20,17.2798372183895,0,15,9,4,1,0,41,0,34,4,6,0,0,0,0,0,0,2,0,0,0,0,0,0,0,0,0,0,0,0,0,0,8,91,6,1,0,0,1,1,0,0,2,48,2,2,0,0,52,1,0,1,0,0,1,0,0,0,0,0,0,0,52;26,,,78,0,0,4,4,0,0,1,0,0,0,0,0,1,0,54,54,0,0,0,0,0,1,10,0,44
2014,13,LV,REG,2014_13_OAK_STL,LA,29,48,230,0,3,6,-47,2,1,317,108,12,-32.2194723470602,-11.3775389268994,0,12,3,0,0,21,61,0,1,1,2,-10.1065077759558,0,1,1,0,0,29,48,230,0,0,0,317,108,12,-18.4660631916486,0,12,3,0,0,0,35,5,5,6,21,0,1,7,2,0,0,2,0,0,0,0,0,0,0,0,0,1,0,0,0,0,8,73,0,3,0,0,3,2,2,4,4,53,0,0,0,0,,,0,0,0,0,0,0,0,0,0,0,0,0,,,,0,0,0,0,0,0,0,,0,0,0,0,0,8,0,49,353,2,0,1,1,2,4,19,0,314
2014,13,MIA,REG,2014_13_MIA_NYJ,NYJ,25,35,235,0,1,2,-18,0,0,309,51,9,-6.08411262355151,9.77948367595673,0,8,6,3,0,18,74,1,0,0,5,2.54755188082345,0,3,2,0,0,25,35,235,0,0,0,309,51,9,-3.29151052541204,0,8,6,3,0,0,36,20,32,8,24,0,2,16,5,1,-4,2,0,0,0,0,0,0,0,0,0,0,0,0,0,0,3,20,5,0,0,0,0,0,0,0,3,52,3,4,1,0,44,0.75,0,1,0,2,0,0,0,0,0,1,0,0,43;44;26,43,,113,43,0,1,1,0,0,1,0,0,0,0,0,4,0,60,216,2,0,0,0,1,3,14,0,202
2014,13,MIN,REG,2014_13_CAR_MIN,CAR,15,21,138,2,0,3,-20,1,0,117,75,8,1.71996983367717,4.97356727719307,0,5,4,2,0,24,92,0,0,0,3,-3.06210842007427,0,0,0,0,0,15,20,138,2,2,0,117,75,8,7.49664988822769,0,5,4,2,0,2,46,0,18,8,36,0,4,24,5,1,23,8,0,0,0,2,0,0,0,0,73,1,0,0,0,0,5,25,2,3,0,2,3,0,2,45,1,28,1,1,0,0,39,1,0,0,1,0,0,0,0,0,0,0,0,0,39,,,39,0,0,4,4,0,0,1,0,0,0,0,0,6,0,56,251,2,0,3,1,2,0,0,0,231
2014,13,NE,REG,2014_13_NE_GB,GB,22,35,245,2,0,1,-9,0,0,331,96,14,12.3990875018553,2.40880016769682,0,12,5,3,0,18,84,1,0,0,5,0.381433938280679,0,4,4,0,0,22,35,245,2,0,0,331,96,14,13.7303106614563,0,12,5,3,0,0,42,10,18,4,22,1,3,20,6,0,0,3,0,0,0,0,0,0,0,0,0,0,0,0,0,0,4,25,4,0,0,0,0,0,1,3,4,76,0,1,1,0,,0,0,0,0,0,0,0,0,0,0,1,0,0,,47,,0,47,0,3,3,0,0,1,0,0,0,0,0,4,0,37,144,2,1,2,0,1,0,0,0,144
2014,13,NO,REG,2014_13_NO_PIT,PIT,19,27,257,5,0,1,-7,0,0,246,89,13,16.9380496586673,12.8208123720609,0,9,5,3,2,26,143,0,0,0,5,0.272184883011505,0,4,4,2,0,19,26,257,5,0,0,246,89,13,18.7111002132297,0,9,5,3,2,0,43,10,20,0,0,0,1,0,3,2,6,6,0,0,0,0,0,0,0,0,0,0,0,0,0,0,11,77,4,0,0,0,0,0,0,0,3,75,0,0,0,0,,,0,0,0,0,0,0,0,0,0,0,0,0,,,,0,0,0,5,5,0,0,1,0,0,0,0,0,6,0,55,291,2,2,2,0,0,2,15,0,276
2014,13,NYG,REG,2014_13_NYG_JAX,JAX,24,34,247,1,0,4,-34,2,2,193,153,14,-1.55206569924213,6.02786716292886,0,11,6,4,0,35,116,2,0,0,8,-0.368988487694878,0,2,1,0,0,24,34,247,1,1,1,193,153,14,6.44128798230939,0,11,6,4,0,0,45,0,18,9,54,0,7,54,9,0,0,3,0,0,0,0,0,0,0,0,0,0,0,0,0,0,6,40,6,3,0,0,3,3,5,48,1,22,1,2,1,0,33,0.5,0,0,1,0,0,0,0,0,0,1,0,0,33,43,,33,43,0,3,3,0,0,1,0,0,0,0,0,5,0,58,259,1,1,1,0,0,3,20,0,239
2014,13,NYJ,REG,2014_13_MIA_NYJ,MIA,7,13,65,0,1,2,-16,0,0,99,39,5,-4.86847456458895,-9.02532224471753,0,3,1,1,0,49,277,1,1,0,13,3.29973321441317,0,9,7,3,1,7,13,65,0,0,0,99,39,5,-0.411123458829919,0,3,1,1,0,0,28,9,27,3,19,0,2,18,6,1,25,3,0,0,0,0,0,0,0,0,0,1,-2,0,0,0,7,57,2,0,1,0,1,0,3,14,2,33,2,4,2,0,45,0.5,0,0,0,2,0,0,0,0,0,2,0,0,40;45,48;45,,85,93,0,1,1,0,0,1,0,0,0,0,0,4,0,45,109,2,1,1,0,2,0,0,0,109
2014,13,PHI,REG,2014_13_PHI_DAL,DAL,20,29,217,1,0,1,-9,1,0,227,108,9,9.06498993403195,5.4868377488235,0,6,2,2,1,45,256,2,1,1,14,2.17924425727688,0,7,6,2,0,20,29,217,1,0,0,227,108,9,10.4859697998586,0,6,2,2,1,0,46,1,7,8,36,1,4,25,5,2,1,5,0,0,0,0,0,0,0,0,0,1,0,1,22,0,4,20,3,1,1,0,2,1,3,32,0,0,4,4,0,0,31,1,0,3,1,0,0,0,0,0,0,0,0,0,31;22;26;25,,,104,0,0,3,3,0,0,1,0,0,0,0,0,3,0,57,147,2,0,2,1,0,0,0,0,127
2014,13,PIT,REG,2014_13_NO_PIT,NO,32,58,435,2,2,1,0,0,0,523,234,25,9.88543772070733,-3.68384623101779,2,20,9,7,1,23,103,1,0,0,6,0.788788521604147,0,3,3,0,0,32,56,435,2,0,0,523,234,25,11.3677841000219,2,20,9,7,1,0,27,11,21,3,14,0,1,7,3,0,0,2,0,0,0,0,0,0,0,0,0,0,0,0,0,0,5,28,4,0,0,0,0,0,2,15,3,87,3,4,1,0,49,0.75,0,0,1,2,0,0,0,0,0,0,1,0,49;31;47,54,,127,54,0,1,1,0,0,1,0,0,0,0,0,2,0,47,75,1,0,2,0,0,0,0,0,75
2014,13,SEA,REG,2014_13_SEA_SF,SF,15,22,236,1,0,4,-14,1,0,129,178,10,7.61723617212994,3.09474739161405,0,9,5,3,1,34,157,0,1,0,5,-3.7455693299926,0,5,3,1,0,15,22,236,1,0,0,129,178,10,11.6890960654172,0,9,5,3,1,0,39,2,6,7,25,1,4,21,5,2,6,4,0,0,0,0,0,0,0,0,0,3,0,1,0,0,14,105,4,0,3,0,3,0,4,29,1,23,4,4,0,0,46,1,0,1,2,1,0,0,0,0,0,0,0,0,21;36;35;46,,,138,0,0,1,1,0,0,1,0,0,0,0,0,4,0,49,178,0,1,0,1,0,2,12,0,146
2014,13,SF,REG,2014_13_SEA_SF,SEA,16,29,121,0,2,4,-21,0,0,280,55,8,-15.9588858524502,-8.7007068354508,0,5,1,0,0,18,64,0,0,0,3,-2.94154726629495,0,1,1,0,0,16,29,121,0,0,0,280,55,8,-10.8720696555101,0,5,1,0,0,0,49,8,14,7,20,0,3,10,5,0,0,2,0,1,0,0,0,0,0,0,0,0,0,0,0,0,3,20,6,1,0,0,1,1,2,12,3,62,1,1,0,0,40,1,0,0,0,1,0,0,0,0,0,0,0,0,40,,,40,0,0,0,0,0,0,,0,0,0,0,0,5,0,53,238,0,0,0,0,1,4,29,0,209
2014,13,TB,REG,2014_13_CIN_TB,CIN,15,29,190,0,1,1,-2,0,0,277,116,7,-3.93825277697739,-12.0888938163889,0,8,4,3,0,25,75,1,0,0,4,-5.31565170311732,0,2,0,0,0,15,29,190,0,0,0,277,116,7,-2.95376440358814,0,8,4,3,0,0,37,15,17,3,11,0,2,11,4,3,58,5,0,0,0,0,0,0,0,0,0,2,-4,0,0,0,13,94,5,0,2,0,2,0,3,21,2,27,2,2,0,0,42,1,0,0,1,1,0,0,0,0,0,0,0,0,32;42,,,74,0,0,1,1,0,0,1,0,0,0,0,0,6,0,49,249,1,0,1,1,1,3,-1,0,230
2014,13,TEN,REG,2014_13_TEN_HOU,HOU,19,31,275,2,3,3,-38,1,1,411,104,10,-15.6383702758467,6.28600735818186,0,10,7,5,0,22,83,0,0,0,6,-0.843219648872037,0,2,1,0,0,19,31,275,2,0,0,411,104,10,-5.0324362826068,0,10,7,5,0,0,46,5,21,6,21,1,0,0,3,0,0,2,0,0,0,0,0,1,0,0,0,0,0,1,62,1,6,66,1,1,0,0,1,1,1,21,2,71,0,0,0,0,,,0,0,0,0,0,0,0,0,0,0,0,0,,,,0,0,0,3,3,0,0,1,0,0,0,0,0,5,0,58,226,2,0,1,0,2,2,20,0,206
2014,13,WAS,REG,2014_13_WAS_IND,IND,31,47,392,3,0,6,-51,3,1,336,213,15,-0.204272626253884,1.47511537956155,0,15,11,7,1,21,84,0,1,0,4,-6.95262011705199,0,2,1,1,0,31,46,392,3,0,0,336,213,15,15.0709980825827,0,15,11,7,1,0,34,0,10,2,3,2,1,9,2,1,8,3,0,1,0,0,0,0,0,0,0,3,-1,2,0,0,10,78,4,4,1,1,5,1,2,17,1,18,2,2,0,0,29,1,0,2,0,0,0,0,0,0,0,0,0,0,25;29,,,54,0,0,3,3,0,0,1,0,0,0,0,0,6,0,54,279,3,0,0,1,2,3,13,0,246
2014,14,ARI,REG,2014_14_KC_ARI,KC,15,30,239,1,0,2,-14,1,0,341,98,9,5.90109813144488,-7.68383484462212,1,9,6,5,1,33,141,0,0,0,7,-3.22348602411142,0,4,3,0,0,15,29,239,1,0,0,341,98,9,9.24350200471084,1,9,6,5,1,0,42,5,15,7,38,1,5,29,8,1,26,4,0,0,0,0,0,0,0,0,0,1,0,1,0,0,6,40,5,1,0,0,1,0,2,6,2,64,3,5,2,0,44,0.6,0,0,2,1,0,0,0,0,2,0,0,0,44;33;39,36;34,,116,70,0,0,0,0,0,,0,0,0,0,0,4,0,48,183,2,0,1,0,0,3,4,0,179
2014,14,ATL,REG,2014_14_ATL_GB,GB,24,39,375,4,1,1,-1,0,0,307,191,17,22.7106495901368,0.945178132790786,0,13,10,5,1,24,91,1,0,0,8,0.201617945132423,0,3,2,0,0,24,39,375,4,0,0,307,191,17,24.0644181118114,0,13,10,5,1,0,43,7,23,4,8,1,1,4,3,0,0,3,0,0,0,0,1,0,0,0,0,0,0,0,0,0,3,11,5,0,0,0,0,0,0,0,8,192,1,2,0,1,50,0.5,0,0,0,0,1,0,0,0,0,0,0,0,50,,53,50,0,53,4,4,0,0,1,0,0,0,0,0,2,0,50,97,1,0,0,0,0,2,20,0,77
2014,14,BAL,REG,2014_14_BAL_MIA,MIA,25,33,269,2,1,1,-5,0,0,208,106,15,10.5635624345741,17.6850960652034,0,14,6,3,0,31,183,2,0,0,11,5.89422755304258,0,6,5,3,1,25,30,269,2,0,0,208,106,15,14.8516184292384,0,14,6,3,0,0,45,0,8,7,39,1,6,41,11,0,0,2,0,0,0,0,0,0,0,0,0,0,0,0,0,0,7,36,4,0,0,0,0,0,2,8,0,0,0,0,0,0,,,0,0,0,0,0,0,0,0,0,0,0,0,,,,0,0,0,4,4,0,0,1,0,0,0,0,0,4,0,48,181,0,0,0,0,1,3,12,0,169
2014,14,BUF,REG,2014_14_BUF_DEN,DEN,38,57,355,1,2,4,-14,0,0,374,193,18,2.85141472396465,-0.528294893733242,0,16,6,3,0,16,74,1,0,0,6,3.13218745545601,0,3,2,0,0,38,57,355,1,2,1,374,193,18,2.06656446002307,0,16,6,3,0,0,35,0,18,2,7,1,0,0,0,2,57,2,0,0,0,0,0,0,0,0,0,1,0,1,0,0,11,98,4,2,0,0,2,1,0,0,1,27,1,1,0,0,44,1,0,0,0,1,0,0,0,0,0,0,0,0,44,,,44,0,0,2,2,0,0,1,0,0,0,0,0,3,0,48,102,0,2,0,0,0,1,7,0,95
2014,14,CAR,REG,2014_14_CAR_NO,NO,21,33,226,3,0,0,0,0,0,387,118,11,10.4400230794274,3.4937338482949,0,9,5,1,0,40,271,2,1,0,11,9.7343030271004,0,7,7,3,1,21,31,226,3,1,0,387,118,11,10.7279569012756,0,9,5,1,0,0,44,0,14,4,19,1,2,17,6,1,0,11,0,0,0,0,0,0,0,0,0,2,0,1,0,0,6,55,5,1,1,0,2,0,2,7,0,0,2,2,0,0,41,1,0,0,1,1,0,0,0,0,0,0,0,0,37;41,,,78,0,0,5,5,0,0,1,0,0,0,0,0,4,0,49,158,2,0,1,0,0,3,68,0,90
2014,14,CHI,REG,2014_14_DAL_CHI,DAL,32,46,341,2,1,0,0,0,0,381,138,14,12.4567269506806,6.33821429117866,0,12,6,4,1,15,35,2,0,0,5,0.633742995982291,1,1,0,0,0,32,46,341,2,1,1,381,138,14,5.76879157169606,0,12,6,4,1,0,48,0,12,4,23,0,1,2,1,0,0,0,0,0,0,0,0,0,0,0,0,0,0,0,0,0,9,54,3,1,0,0,1,1,1,4,6,145,0,0,0,0,,,0,0,0,0,0,0,0,0,0,0,0,0,,,,0,0,0,2,3,0,1,0.666666666666667,0,0,0,0,0,4,0,42,134,1,0,2,0,1,1,1,0,133
2014,14,CIN,REG,2014_14_PIT_CIN,PIT,25,35,327,2,0,3,-5,1,1,299,143,10,8.59624766703928,5.89673757553101,0,10,3,3,2,21,86,1,2,1,6,-8.2981588790426,0,3,3,1,0,25,35,327,2,0,0,299,143,10,14.2007139237248,0,10,3,3,2,0,39,0,34,1,1,0,0,0,1,0,0,4,0,0,0,0,0,0,0,0,0,1,-5,0,0,0,7,54,4,2,1,0,3,2,4,46,4,91,0,0,0,0,,,0,0,0,0,0,0,0,0,0,0,0,0,,,,0,0,0,3,3,0,0,1,0,0,0,0,0,7,0,59,322,1,2,1,0,1,3,14,0,308
2014,14,CLE,REG,2014_14_IND_CLE,IND,13,30,136,0,2,1,-3,0,0,374,39,7,-11.6219578134334,-13.5586621860663,0,6,3,3,0,32,115,1,0,0,6,-3.73969906888669,0,2,2,0,0,13,30,136,0,0,0,374,39,7,-10.5274499250082,0,6,3,3,0,0,39,1,23,3,19,4,3,25,16,2,57,11,1,0,0,0,0,0,0,0,0,0,0,2,0,1,7,85,5,0,0,0,0,0,4,65,5,99,1,2,1,0,39,0.5,0,0,1,0,0,0,0,0,0,1,0,0,39,40,,39,40,0,3,3,0,0,1,0,0,0,0,0,9,0,56,407,5,0,5,1,0,3,4,0,383
2014,14,DAL,REG,2014_14_DAL_CHI,CHI,21,26,205,3,0,1,-2,0,0,160,90,13,16.1324569825665,17.2930501974546,0,6,4,2,1,35,194,2,0,0,7,7.876191807913,0,4,4,3,1,21,26,205,3,0,0,160,90,13,17.7765541796689,0,6,4,2,1,0,48,0,2,2,9,1,0,0,3,1,0,6,0,0,0,0,1,0,0,0,0,0,0,1,17,0,8,97,2,0,0,0,0,0,1,1,2,23,2,2,0,0,35,1,0,1,1,0,0,0,0,0,0,0,0,0,35;27,,,62,0,0,5,5,0,0,1,0,0,0,0,0,2,0,46,75,1,0,1,0,0,1,4,0,71
2014,14,DEN,REG,2014_14_BUF_DEN,BUF,14,20,173,0,2,0,0,0,0,220,58,3,-1.78825385316092,7.2504848241806,0,5,3,3,0,29,133,3,0,0,10,2.3304499144142,0,4,3,1,1,14,20,173,0,1,1,220,58,3,-6.42183475537392,0,5,3,3,0,0,57,0,6,7,18,2,4,14,6,2,38,7,0,0,0,0,0,0,0,0,0,0,0,1,0,0,5,45,2,1,0,0,1,1,1,7,2,50,1,1,0,0,50,1,0,0,0,0,1,0,0,0,0,0,0,0,50,,,50,0,0,3,3,0,0,1,0,0,0,0,0,3,0,53,149,2,0,2,1,0,0,0,0,129
2014,14,DET,REG,2014_14_TB_DET,TB,26,34,311,3,0,4,-17,1,0,214,179,19,15.4600750783029,10.6478932313621,0,14,6,3,1,31,113,1,0,0,3,-10.3846611719928,0,2,2,1,1,26,32,311,3,0,0,214,179,19,24.2006783947618,0,14,6,3,1,0,34,1,7,10,55,0,6,43,14,2,11,8,0,1,0,0,0,0,0,0,0,2,0,1,0,0,9,122,1,2,1,0,3,1,2,11,2,67,2,2,0,0,46,1,0,1,0,1,0,0,0,0,0,0,0,0,46;23,,,69,0,0,4,4,0,0,1,0,0,0,0,0,3,0,71,155,1,0,1,1,1,0,0,0,135
2014,14,GB,REG,2014_14_ATL_GB,ATL,24,36,327,3,0,1,-4,0,0,340,135,17,18.1926620066509,4.62010958128505,0,15,6,5,1,30,179,2,1,0,10,5.16256257813075,0,6,5,3,1,24,36,327,3,0,0,340,135,17,19.4143372708343,0,15,6,5,1,0,39,6,20,5,7,0,1,1,4,1,32,7,0,0,0,0,0,1,0,0,0,1,0,0,0,0,5,40,4,1,0,0,1,0,2,20,6,88,3,3,0,0,53,1,0,0,2,0,1,0,0,0,0,0,0,0,38;33;53,,,124,0,0,4,5,0,1,0.8,0,0,0,0,0,1,0,31,31,0,0,1,0,0,0,0,0,31
2014,14,HOU,REG,2014_14_HOU_JAX,JAX,13,19,135,0,0,1,0,0,0,184,56,7,1.60017897527858,5.04485353043205,0,9,3,2,0,43,169,3,0,0,9,1.10443958480028,0,4,4,1,1,13,19,135,0,1,0,184,56,7,3.0502731386964,0,9,3,2,0,0,45,0,10,6,26,0,4,17,10,1,6,8,0,0,0,0,0,0,0,0,0,1,0,0,0,0,7,64,4,1,0,0,1,0,1,21,2,42,2,2,0,0,44,1,0,0,0,2,0,0,0,0,0,0,0,0,44;44,,,88,0,0,3,3,0,0,1,0,0,0,0,0,5,0,58,238,1,0,2,0,1,2,15,0,223
2014,14,IND,REG,2014_14_IND_CLE,CLE,24,53,294,2,2,3,-25,1,1,558,145,14,-21.471482560323,-12.4728040312821,0,11,7,5,1,20,93,1,0,0,6,6.70224793965463,0,2,1,0,0,24,53,294,2,1,1,558,145,14,-15.6988890830189,0,11,7,5,1,0,48,0,12,2,4,0,1,3,6,2,0,5,0,1,0,0,0,0,0,0,0,1,0,0,0,0,6,40,3,4,0,1,4,2,3,4,5,141,2,2,0,0,51,1,0,0,1,0,1,0,0,0,0,0,0,0,51;33,,,84,0,0,1,1,0,0,1,0,0,0,0,0,7,0,59,329,2,1,1,0,1,4,65,0,264
2014,14,JAX,REG,2014_14_HOU_JAX,HOU,20,40,205,1,1,4,-17,0,0,231,129,10,-10.8101759398188,-18.0103086680174,0,7,4,3,0,22,74,0,0,0,4,-5.08983804624616,0,1,1,0,0,20,40,205,1,0,0,231,129,10,-4.72111116175719,0,7,4,3,0,0,49,0,14,6,15,1,1,0,3,0,0,2,0,0,0,0,0,0,0,0,0,0,0,0,0,0,6,40,6,0,0,0,0,0,2,15,4,111,2,2,0,0,37,1,0,0,2,0,0,0,0,0,0,0,0,0,33;37,,,70,0,0,1,1,0,0,1,0,0,0,0,0,4,0,57,193,2,1,0,1,1,1,21,0,152
2014,14,KC,REG,2014_14_KC_ARI,ARI,26,39,293,1,1,5,-29,0,0,196,172,13,-3.22237648087321,-4.24639629690271,0,12,7,5,1,17,126,1,0,0,4,7.2228517914773,0,2,2,2,1,26,38,293,1,1,1,196,172,13,-1.36063890322112,0,12,7,5,1,0,46,3,7,3,16,1,2,14,6,0,0,7,0,0,0,0,0,0,0,0,0,0,0,0,0,0,9,75,3,1,0,0,1,1,3,4,5,150,0,0,0,0,,,0,0,0,0,0,0,0,0,0,0,0,0,,,,0,0,0,2,2,0,0,1,0,0,0,0,0,4,0,53,197,0,0,0,1,1,2,6,0,171
2014,14,LA,REG,2014_14_STL_WAS,WAS,16,22,213,2,0,4,-15,1,0,204,102,11,11.0242475049313,7.89620646021583,1,8,4,3,1,30,131,0,1,0,6,-1.65097032958874,0,6,5,1,0,16,22,213,2,0,0,204,102,11,15.8633524058522,1,8,4,3,1,1,35,6,20,7,45,2,7,53,9,2,21,6,0,0,0,0,0,0,0,0,0,2,-1,0,0,0,11,98,3,1,1,0,2,0,4,143,1,20,1,3,2,0,34,0.333333333333333,0,0,1,0,0,0,0,1,1,0,0,0,34,28;38,,34,66,0,1,2,1,0,0.5,0,0,0,0,0,4,0,61,174,3,0,1,0,1,2,3,0,171
2014,14,LAC,REG,2014_14_NE_SD,NE,20,33,189,1,1,4,-26,0,0,213,127,8,-7.12373348325491,-1.49723255273068,0,9,3,3,0,17,53,0,0,0,2,-3.72955533716595,0,3,1,0,0,20,33,189,1,1,0,213,127,8,-0.235914345830679,0,9,3,3,0,0,34,26,26,4,12,1,1,7,6,1,0,7,0,0,0,0,0,0,0,0,0,1,0,1,53,1,8,61,4,1,0,0,1,0,2,7,2,33,0,0,0,0,,,0,0,0,0,0,0,0,0,0,0,0,0,,,,0,0,0,2,2,0,0,1,0,0,0,0,0,7,1,51,286,2,0,1,0,2,4,20,0,266
2014,14,LV,REG,2014_14_SF_OAK,SF,22,28,254,3,0,1,-9,0,0,238,108,13,13.3643802556944,15.3604749057974,0,10,7,4,0,31,85,0,0,0,5,-9.68416041476303,0,3,2,0,0,22,28,254,3,0,0,238,108,13,15.4110095145916,0,10,7,4,0,0,43,0,2,8,32,0,5,23,5,2,3,4,0,0,0,0,0,0,0,0,0,0,0,0,0,0,10,84,4,0,0,0,0,0,3,19,3,53,1,1,0,0,57,1,0,0,0,0,1,0,0,0,0,0,0,0,57,,,57,0,0,3,3,0,0,1,0,0,0,0,0,5,0,55,234,2,1,3,0,0,1,23,0,211
2014,14,MIA,REG,2014_14_BAL_MIA,BAL,23,33,227,1,0,6,-41,1,0,192,125,10,-2.67978538728718,1.54776153239337,0,9,3,2,0,16,63,0,0,0,5,-1.81816883334349,0,3,1,0,0,23,33,227,1,0,0,192,125,10,5.52019393467344,0,9,3,2,0,0,45,0,10,3,17,0,1,5,2,1,0,3,0,1,0,0,0,0,0,0,0,2,0,0,0,0,6,30,5,1,1,0,2,0,3,12,2,61,2,2,0,0,46,1,0,0,1,1,0,0,0,0,0,0,0,0,46;34,,,80,0,0,1,1,0,0,1,0,0,0,0,0,5,0,60,257,3,0,0,1,2,2,8,0,229
2014,14,MIN,REG,2014_14_NYJ_MIN,NYJ,19,27,309,2,1,3,-12,0,0,279,166,12,12.4164258119,9.97646715905931,0,8,6,4,2,28,114,0,0,0,5,0.0889715401572175,0,1,1,1,0,19,27,309,2,1,0,279,166,12,16.0968809489442,0,8,6,4,2,0,54,0,26,2,13,2,3,12,3,1,27,7,1,0,0,0,0,0,0,0,0,1,0,1,0,1,6,70,3,2,0,0,2,1,1,10,7,121,1,3,2,0,20,0.333333333333333,0,1,0,0,0,0,0,0,1,0,1,0,20,39;56,,20,95,0,3,3,0,0,1,0,0,0,0,0,3,0,58,148,1,0,1,0,0,2,13,0,135
2014,14,NE,REG,2014_14_NE_SD,LAC,28,44,317,2,1,1,-7,0,0,268,189,13,4.59068368133372,2.27096422829411,0,11,4,2,1,28,87,0,0,0,6,-5.36655816610437,0,2,1,1,0,28,44,317,2,1,1,268,189,13,-0.286401013061584,0,11,4,2,1,0,35,8,10,7,37,1,4,26,9,1,0,2,0,0,0,1,0,0,0,0,0,0,0,0,0,0,6,70,2,1,0,0,1,1,4,20,3,61,3,3,0,0,38,1,0,2,1,0,0,0,0,0,0,0,0,0,22;22;38,,,82,0,0,2,2,0,0,1,0,0,0,0,0,5,0,60,247,4,0,1,1,1,2,7,0,220
2014,14,NO,REG,2014_14_CAR_NO,CAR,29,49,235,1,1,2,-17,0,0,397,125,11,-14.7008403813589,-8.19353396072984,0,8,2,2,0,17,92,0,0,0,7,1.95607328327606,0,4,2,0,0,29,48,235,1,1,1,397,125,11,-13.6504241005004,0,8,2,2,0,0,46,0,28,3,7,1,0,0,0,0,0,5,0,0,0,0,0,0,0,0,0,0,0,0,0,0,4,30,3,1,0,0,1,1,3,68,1,28,1,2,1,0,37,0.5,0,0,1,0,0,0,0,0,0,1,0,0,37,42,,37,42,0,1,1,0,0,1,0,0,0,0,0,5,0,52,220,1,1,0,0,2,2,7,0,213
2014,14,NYG,REG,2014_14_NYG_TEN,TEN,26,43,260,1,1,0,0,0,0,354,105,13,0.584109241693764,-1.35589752878462,0,9,4,1,1,30,142,1,0,0,6,0.833494170830818,0,3,3,1,1,26,42,260,1,0,0,354,105,13,0.979651669707632,0,9,4,1,1,0,43,0,8,10,60,2,8,60,9,2,26,3,0,0,0,0,0,0,0,0,0,0,0,1,26,1,7,70,3,0,0,0,0,0,4,49,1,20,5,5,0,0,52,1,1,1,1,1,1,0,0,0,0,0,0,0,20;19;36;52;42,,,169,0,0,3,3,0,0,1,0,0,0,0,0,4,0,61,186,1,0,0,1,2,1,4,0,162
2014,14,NYJ,REG,2014_14_NYJ_MIN,MIN,18,29,254,1,1,3,-12,0,0,255,98,10,3.15577717653764,2.94344527968045,0,7,6,4,1,42,168,0,1,1,7,-8.96812300883961,0,3,3,0,0,18,29,254,1,0,0,255,98,10,7.28505421418051,0,7,6,4,1,0,48,0,16,4,15,2,3,12,6,1,0,2,0,1,1,0,0,0,0,0,0,2,-1,1,0,0,4,40,5,2,2,1,4,1,2,13,5,114,5,5,0,0,44,1,0,2,2,1,0,0,0,0,0,0,0,0,36;33;22;24;44,,,159,0,0,1,1,0,0,1,0,0,0,0,0,4,0,58,160,2,0,1,0,2,1,10,0,150
2014,14,PHI,REG,2014_14_SEA_PHI,SEA,10,20,96,2,1,3,-14,0,0,214,40,5,-11.0443535944214,-12.3347420990467,0,3,2,1,0,22,57,0,1,1,3,-9.32098228583345,0,1,0,0,0,10,20,96,2,0,0,214,40,5,-7.46340961277019,0,3,2,1,0,0,60,0,18,7,22,1,2,11,5,0,0,2,0,1,0,0,0,0,0,0,0,1,0,2,9,0,4,69,5,1,1,0,2,1,1,0,4,104,0,0,0,0,,,0,0,0,0,0,0,0,0,0,0,0,0,,,,0,0,0,2,2,0,0,1,0,0,0,0,0,8,0,57,351,3,1,3,0,1,3,5,0,346
2014,14,PIT,REG,2014_14_PIT_CIN,CIN,25,39,350,3,0,0,0,0,0,284,183,16,18.4270677462333,0.760386769588177,1,12,5,3,1,31,193,2,0,0,8,4.18949217529735,0,5,5,2,1,25,39,350,3,0,0,284,183,16,19.5294568108507,1,12,5,3,1,0,41,1,21,1,3,2,3,5,3,0,0,5,0,0,0,0,0,0,0,0,0,0,0,2,0,0,3,20,4,0,0,0,0,0,3,14,1,19,2,2,0,0,44,1,0,1,0,1,0,0,0,0,0,0,0,0,22;44,,,66,0,0,4,4,0,0,1,0,0,0,0,0,6,0,74,286,2,1,0,1,0,4,46,0,220
2014,14,SEA,REG,2014_14_SEA_PHI,PHI,22,37,263,2,0,2,-11,0,0,383,64,15,7.18283446421429,8.03739171136509,0,13,7,6,0,46,188,1,1,1,10,-6.67557503929129,0,6,3,2,0,22,33,263,2,1,1,383,64,15,9.53491938018288,0,13,7,6,0,0,36,0,8,5,24,1,3,14,4,1,0,4,0,0,0,0,0,0,0,0,0,0,-15,1,0,0,8,67,5,1,1,0,2,2,3,5,3,53,1,1,0,0,44,1,0,0,0,1,0,0,0,0,0,0,0,0,44,,,44,0,0,3,3,0,0,1,0,0,0,0,0,6,0,53,227,3,3,1,1,0,1,0,0,207
2014,14,SF,REG,2014_14_SF_OAK,LV,18,33,174,1,2,5,-23,0,0,372,72,10,-5.9629523419938,-7.07272905291933,0,6,5,3,0,18,97,0,0,0,5,-0.0761168919852935,0,4,2,0,0,18,33,174,1,0,0,372,72,10,-1.71319080446398,0,6,5,3,0,0,49,0,16,6,26,0,1,9,2,0,0,2,0,0,0,0,0,0,0,0,0,0,0,0,0,0,7,50,6,0,0,0,0,0,1,23,3,92,2,3,1,0,52,0.666666666666667,0,1,0,0,1,0,0,0,0,1,0,0,52;20,47,,72,47,0,1,1,0,0,1,0,0,0,0,0,4,0,63,210,2,0,0,1,0,3,19,0,171
2014,14,TB,REG,2014_14_TB_DET,DET,20,39,250,2,2,6,-43,0,0,383,65,11,-5.39584188082299,-8.07183165299265,0,8,4,4,1,14,26,0,1,1,0,-9.70809629169526,0,0,0,0,0,20,38,250,2,0,0,383,65,11,4.77411284047412,0,8,4,4,1,0,50,4,20,6,23,2,4,17,6,0,0,3,0,0,0,0,0,0,0,0,0,0,-3,1,0,0,5,50,4,0,1,0,1,1,0,0,1,23,1,1,0,0,54,1,0,0,0,0,1,0,0,0,0,0,0,0,54,,,54,0,0,2,2,0,0,1,0,0,0,0,0,6,0,50,255,1,0,0,0,4,2,11,0,244
2014,14,TEN,REG,2014_14_NYG_TEN,NYG,23,35,206,0,2,8,-60,2,1,241,91,9,-26.8734511020413,-0.522326571600778,0,10,3,2,0,14,61,0,0,0,2,-0.104102670797147,0,1,1,1,0,23,35,206,0,0,0,241,91,9,-5.21631622009974,0,10,3,2,0,0,47,0,18,2,4,0,0,0,5,1,23,4,1,0,0,0,0,0,0,0,0,1,0,0,0,0,5,39,4,2,0,0,2,1,1,4,4,63,0,1,1,0,,0,0,0,0,0,0,0,0,0,0,1,0,0,,42,,0,42,0,1,1,0,0,1,0,0,0,0,0,6,0,55,284,1,0,0,0,2,4,49,0,235
2014,14,WAS,REG,2014_14_STL_WAS,LA,23,36,232,0,2,7,-53,0,0,241,104,11,-12.4868906067568,-6.54614360796081,0,12,4,0,0,12,27,0,2,0,2,-5.73250849469332,0,1,1,0,0,23,36,232,0,0,0,241,104,11,-1.3224766026251,0,12,4,0,0,0,40,11,17,8,19,1,4,15,7,0,0,1,0,0,0,0,0,0,0,0,0,2,5,0,0,0,5,51,2,2,0,0,2,0,2,3,4,91,0,0,0,0,,,0,0,0,0,0,0,0,0,0,0,0,0,,,,0,0,0,0,0,0,0,,0,0,0,0,0,6,0,55,275,0,1,1,0,0,4,143,1,132
2014,15,ARI,REG,2014_15_ARI_STL,LA,16,30,139,0,0,1,-8,0,0,267,56,4,-10.7906876327554,-15.8318227529526,0,4,2,1,1,33,143,0,1,0,8,-1.21709563885815,0,5,4,1,0,16,30,139,0,0,0,267,56,4,-9.16374967061824,0,4,2,1,1,0,43,5,5,6,28,2,2,18,7,1,0,4,0,0,0,0,0,0,0,0,0,1,0,1,0,0,8,59,4,1,0,0,1,0,4,54,1,18,4,4,0,0,51,1,0,1,0,2,1,0,0,0,0,0,0,0,23;44;51;46,,,164,0,0,0,0,0,0,,0,0,0,0,0,8,0,48,307,6,1,1,0,4,2,-2,0,309
2014,15,ATL,REG,2014_15_PIT_ATL,PIT,26,37,310,2,1,0,0,0,0,227,168,15,3.35072440117725,0.410085835972348,0,10,6,3,2,20,97,0,0,0,4,-1.10826331045246,0,5,4,0,0,26,37,310,2,1,0,227,168,15,3.35072440117725,0,10,6,3,2,0,37,0,22,4,17,0,1,7,4,0,0,3,0,0,0,0,0,0,0,0,0,1,0,0,0,0,3,25,6,1,0,0,1,0,1,7,4,83,2,2,0,0,28,1,0,2,0,0,0,0,0,0,0,0,0,0,28;22,,,50,0,0,2,2,0,0,1,0,0,0,0,0,3,0,57,144,1,0,0,0,1,2,43,0,101
2014,15,BAL,REG,2014_15_JAX_BAL,JAX,20,30,221,1,0,0,0,0,0,271,66,11,6.78099698399595,1.96194609006246,0,10,5,4,0,26,93,0,0,0,3,-3.93349418970057,0,2,1,1,0,20,30,221,1,1,1,271,66,11,1.83346855315315,0,10,5,4,0,1,38,0,36,10,62,0,8,63,15,1,6,6,0,0,0,1,0,0,0,0,11,0,0,0,0,0,9,70,4,1,0,0,1,1,3,49,1,16,2,4,2,0,33,0.5,0,1,1,0,0,0,0,0,0,0,2,0,22;33,54;54,,55,108,0,2,2,0,0,1,0,0,0,0,0,4,0,58,203,2,1,0,0,1,2,14,0,189
2014,15,BUF,REG,2014_15_GB_BUF,GB,14,27,158,0,1,3,-18,0,0,200,82,6,-9.84471452279342,-14.54642381933,0,6,4,3,1,33,113,0,1,0,7,-2.92016968259122,0,3,2,0,0,14,27,158,0,0,0,200,82,6,-4.72947210430253,0,6,4,3,1,1,24,20,22,1,1,1,1,10,3,2,44,10,0,0,1,0,0,1,0,0,14,1,0,0,0,0,10,75,2,1,0,0,1,0,2,75,2,27,4,4,0,0,51,1,0,1,1,1,1,0,0,0,0,0,0,0,27;51;35;48,,,161,0,0,1,1,0,0,1,0,0,0,0,0,6,0,48,242,3,2,2,0,0,2,5,0,237
2014,15,CAR,REG,2014_15_TB_CAR,TB,25,40,277,1,0,3,-8,0,0,449,61,18,7.21131410738037,5.99758446216583,0,15,6,1,0,32,123,0,3,1,9,-8.44991189439315,0,5,2,0,0,25,40,277,1,0,0,449,61,18,10.9664047641289,0,15,6,1,0,0,31,0,18,2,11,4,3,18,7,1,0,6,0,1,0,0,0,0,0,0,0,3,-7,2,0,0,4,25,4,2,2,0,4,1,2,18,4,61,4,5,1,0,49,0.8,0,1,1,2,0,0,0,0,0,0,1,0,29;49;38;45,50,,161,50,0,1,1,0,0,1,0,0,0,0,0,3,0,37,99,3,0,0,0,3,0,0,0,99
2014,15,CHI,REG,2014_15_NO_CHI,NO,17,31,194,2,3,7,-41,1,0,297,103,8,-15.8865451830933,-9.21860342064211,1,8,4,1,0,20,125,0,0,0,8,1.95396929484559,0,4,4,2,0,17,31,194,2,0,0,297,103,8,-5.81334609661996,1,8,4,1,0,0,44,0,18,4,24,1,2,15,5,0,0,4,0,0,0,0,0,0,0,0,0,1,0,1,0,0,9,74,4,1,0,0,1,0,1,0,6,162,0,0,0,0,,,0,0,0,0,0,0,0,0,0,0,0,0,,,,0,0,0,1,1,0,0,1,0,0,0,0,0,6,0,56,299,3,1,0,0,2,3,21,0,278
2014,15,CIN,REG,2014_15_CIN_CLE,CLE,14,24,117,0,1,2,-14,0,0,263,76,6,-4.7142714419061,0.828493634859721,0,7,0,0,0,45,244,3,1,0,16,14.697342170577,0,8,6,2,0,14,24,117,0,1,0,263,76,6,-1.27302885428927,0,7,0,0,0,0,28,0,16,6,37,0,3,26,6,2,2,4,0,1,0,0,0,0,0,0,0,2,0,0,0,0,5,41,3,2,1,1,3,0,5,49,1,24,3,3,0,0,44,1,0,0,1,2,0,0,0,0,0,0,0,0,44;44;34,,,122,0,0,3,3,0,0,1,0,0,0,0,0,2,0,47,77,1,0,0,0,2,0,0,0,77
2014,15,CLE,REG,2014_15_CIN_CLE,CIN,10,18,80,0,2,3,-26,0,0,125,51,2,-16.336127668561,-8.19908579190572,0,2,2,1,0,17,53,0,0,0,1,-3.74660142324865,0,1,0,0,0,10,18,80,0,0,0,125,51,2,-10.5139867003891,0,2,2,1,0,0,53,0,22,5,23,2,2,14,3,1,15,3,0,0,0,0,0,0,0,0,0,0,0,0,0,0,9,68,1,0,0,0,0,0,0,0,5,101,0,0,0,0,,,0,0,0,0,0,0,0,0,0,0,0,0,,,,0,0,0,0,0,0,0,,0,0,0,0,0,7,0,59,335,2,0,0,0,2,5,49,0,286
2014,15,DAL,REG,2014_15_DAL_PHI,PHI,22,31,265,3,0,3,-16,1,1,308,91,17,15.9281241094935,13.6300000651129,0,13,6,5,0,42,115,2,0,0,6,-6.84984859172255,0,3,3,1,0,22,29,265,3,0,0,308,91,17,24.2106219388436,0,13,6,5,0,0,40,0,8,6,38,1,4,33,4,2,8,3,0,0,0,0,0,0,0,0,0,0,0,1,0,0,11,79,4,1,0,0,1,1,1,-1,5,94,1,1,0,0,49,1,0,0,0,1,0,0,0,0,0,0,0,0,49,,,49,0,0,5,5,0,0,1,0,0,0,0,0,5,0,52,205,2,2,0,0,2,1,1,0,204
2014,15,DEN,REG,2014_15_DEN_SD,LAC,14,22,233,1,0,1,-7,1,0,222,69,10,12.1988357471543,8.445248291606,0,9,5,5,0,38,111,0,0,0,4,-9.68160900386245,0,1,1,0,0,14,21,233,1,0,0,222,69,10,14.5665952288088,0,9,5,5,0,0,36,11,11,1,5,0,0,0,0,2,23,7,0,0,0,0,0,1,0,0,0,1,-2,0,0,0,7,71,2,1,0,0,1,0,3,27,3,65,5,5,0,0,49,1,2,1,0,2,0,0,0,0,0,0,0,0,19;26;19;49;44,,,157,0,0,1,1,0,0,1,0,0,0,0,0,3,0,51,121,0,0,0,0,1,2,61,0,60
2014,15,DET,REG,2014_15_MIN_DET,MIN,17,28,153,1,0,0,0,0,0,155,131,8,-2.06304247428523,-8.06288994275607,0,7,4,1,0,22,80,0,0,0,3,-4.57456936640221,0,1,1,0,0,17,26,153,1,0,0,155,131,8,-0.0123023689524193,0,7,4,1,0,0,49,1,13,7,35,1,4,31,7,2,58,3,0,0,0,0,0,1,0,0,0,0,0,0,0,0,5,35,3,0,0,0,0,0,2,14,0,0,3,3,0,0,33,1,0,1,2,0,0,0,0,0,0,0,0,0,29;30;33,,,92,0,0,1,1,0,0,1,0,0,0,0,0,6,0,57,266,2,0,0,0,4,2,37,0,229
2014,15,GB,REG,2014_15_GB_BUF,BUF,17,42,185,0,2,1,-10,1,0,378,108,12,-13.97799274803,-21.5886499096708,0,10,6,2,0,24,158,1,0,0,8,5.48358582443325,0,7,7,1,0,17,41,185,0,0,0,378,108,12,-11.005231638093,0,10,6,2,0,0,26,27,27,4,23,1,3,18,4,1,0,3,0,0,0,0,0,0,0,0,0,1,0,0,0,0,9,70,6,1,0,0,1,0,2,5,1,8,2,3,0,1,45,0.666666666666667,0,0,1,1,0,0,0,0,0,0,0,0,45;34,,53,79,0,53,1,1,0,0,1,0,0,0,0,0,6,0,63,257,1,1,2,0,1,2,75,1,182
2014,15,HOU,REG,2014_15_HOU_IND,IND,13,25,157,0,1,1,-5,0,0,277,44,7,-3.62998346914537,-9.12136697769165,0,4,3,2,0,41,137,0,2,1,5,-18.1893761602696,0,3,3,0,0,13,25,157,0,0,0,277,44,7,-2.30514667532407,0,4,3,2,0,0,42,0,14,4,31,1,2,19,6,1,27,7,1,0,0,0,0,0,0,0,0,1,-8,1,0,0,8,66,4,0,2,0,2,1,3,6,1,28,1,1,0,0,53,1,0,0,0,0,1,0,0,0,0,0,0,0,53,,,53,0,0,1,1,0,0,1,0,0,0,0,0,7,0,53,299,3,0,1,0,2,4,13,0,286
2014,15,IND,REG,2014_15_HOU_IND,HOU,18,34,187,2,1,2,-19,0,0,362,69,12,-10.2969317366951,-8.7788743131301,0,10,5,3,0,28,110,0,0,0,5,-2.7078138836597,0,1,0,0,0,18,34,187,2,1,1,362,69,12,-11.6493597365334,0,10,5,3,0,0,46,0,22,5,19,0,1,5,4,1,8,4,0,0,0,0,0,0,0,0,0,0,0,1,1,0,7,45,1,1,0,0,1,1,4,13,2,60,1,1,0,0,29,1,0,1,0,0,0,0,0,0,0,0,0,0,29,,,29,0,0,2,2,0,0,1,0,0,0,0,0,7,0,59,325,4,1,0,0,3,3,6,0,319
2014,15,JAX,REG,2014_15_JAX_BAL,BAL,22,38,229,0,1,8,-63,0,0,340,116,9,-7.88702292325559,-3.8927906437924,0,10,6,3,0,23,82,0,0,0,4,-4.7581083048135,0,2,1,0,0,22,38,229,0,0,0,340,116,9,2.53547591787976,0,10,6,3,0,0,29,0,32,1,1,1,0,0,2,0,0,2,0,0,0,0,0,0,0,0,0,0,0,1,-2,0,5,60,6,0,0,0,0,0,2,14,3,50,4,5,1,0,53,0.8,0,0,0,2,2,0,0,0,0,1,0,0,53;45;53;45,42,,196,42,0,0,0,0,0,,0,0,0,0,0,5,1,69,267,1,0,0,1,1,3,49,0,198
2014,15,KC,REG,2014_15_OAK_KC,LV,18,31,297,2,0,1,-2,0,0,252,170,10,12.0316088728525,-9.16101740252587,0,11,6,5,2,27,93,1,0,0,3,-6.19516511699102,0,1,1,0,0,18,31,297,2,1,1,252,170,10,6.87850872745386,0,11,6,5,2,1,48,0,8,4,10,0,4,20,11,0,0,8,0,0,0,0,0,0,0,0,0,0,0,1,0,0,11,84,2,1,0,0,1,1,8,156,2,66,1,3,2,0,41,0.333333333333333,0,0,0,1,0,0,0,0,0,2,0,0,41,44;47,,41,91,0,4,4,0,0,1,0,0,0,0,0,7,0,62,279,5,0,1,1,3,2,1,0,258
2014,15,LA,REG,2014_15_ARI_STL,ARI,20,39,229,0,1,2,-18,0,0,386,107,11,-8.69589733946114,-12.6462021156361,0,10,5,4,0,20,69,0,1,1,2,-11.4067678377893,0,2,1,0,0,20,38,229,0,0,0,386,107,11,-3.50699014585908,0,10,5,4,0,0,51,5,5,5,18,1,1,8,1,0,0,5,0,1,0,0,0,0,0,0,0,2,-2,0,0,0,6,69,5,2,1,0,3,1,2,-2,4,116,2,2,0,0,24,1,1,1,0,0,0,0,0,0,0,0,0,0,24;19,,,43,0,0,0,0,0,0,,0,0,0,0,0,8,0,59,404,3,1,1,0,2,4,54,0,350
2014,15,LAC,REG,2014_15_DEN_SD,DEN,24,41,232,1,2,0,0,0,0,258,118,13,-3.50216989246273,-6.13201767206192,0,10,7,1,0,20,56,0,0,0,3,-4.11568261155641,0,1,0,0,0,24,40,232,1,0,0,258,118,13,-2.0072535162706,0,10,7,1,0,0,40,15,17,2,5,1,1,7,1,0,0,0,0,0,0,0,0,0,0,0,0,0,0,0,0,0,8,65,5,0,0,0,0,0,2,61,2,47,1,3,1,1,30,0.333333333333333,0,0,1,0,0,0,0,0,1,0,0,0,30,37,46,30,37,46,1,1,0,0,1,0,0,0,0,0,4,0,54,199,0,0,0,0,1,3,27,0,172
2014,15,LV,REG,2014_15_OAK_KC,KC,27,56,222,1,0,4,-20,0,0,471,69,10,-16.691399421519,-12.5570613145828,0,7,2,2,0,17,78,0,1,1,4,-5.11610118002864,0,1,1,1,0,27,55,222,1,0,0,471,69,10,-11.6288191496621,0,7,2,2,0,0,46,0,8,3,7,1,1,2,1,0,0,2,0,0,0,0,0,0,0,0,0,0,-3,1,21,0,10,75,5,0,1,0,1,1,2,1,3,73,2,2,0,0,53,1,0,0,1,0,1,0,0,0,0,0,0,0,53;33,,,86,0,0,1,1,0,0,1,0,0,0,0,0,11,0,57,477,1,1,2,0,0,8,156,1,321
2014,15,MIA,REG,2014_15_MIA_NE,NE,29,47,346,1,2,4,-38,1,0,526,108,16,-4.12360511649779,2.54166858627441,0,14,6,5,1,23,76,0,1,0,4,-5.63710477058453,0,3,2,0,0,29,47,346,1,1,0,526,108,16,4.06814890425273,0,14,6,5,1,0,39,0,28,2,2,1,0,0,6,1,0,5,0,0,0,0,0,0,0,0,0,3,-2,0,0,0,5,35,4,2,1,0,3,0,1,32,1,26,2,3,0,1,53,0.666666666666667,0,1,0,0,1,0,0,0,0,0,0,0,24;53,,41,77,0,41,1,1,0,0,1,0,0,0,0,0,4,0,47,159,1,0,0,0,1,3,30,0,129
2014,15,MIN,REG,2014_15_MIN_DET,DET,31,41,315,1,2,4,-31,1,0,159,209,14,-5.4934103575888,5.71912870957301,0,11,5,4,1,21,76,1,0,0,7,2.48552297818242,0,1,1,0,0,31,39,315,1,0,0,159,209,14,1.31911585305897,0,11,5,4,1,0,35,0,14,2,2,0,0,0,4,0,0,3,0,0,0,0,0,0,0,0,0,1,0,0,0,0,3,25,3,1,0,0,1,0,2,37,2,74,0,3,2,1,,0,0,0,0,0,0,0,0,0,0,0,1,1,,53;68,26,0,121,26,2,2,0,0,1,0,1,1,0,68,2,0,54,101,1,0,0,0,0,2,14,0,87
2014,15,NE,REG,2014_15_MIA_NE,MIA,21,35,287,2,1,0,0,0,0,383,110,12,7.74412781924337,-0.713878699711391,0,12,5,4,0,29,108,2,0,0,10,3.36022626498016,0,3,3,0,0,21,35,287,2,1,0,383,110,12,7.74412781924337,0,12,5,4,0,1,47,0,22,7,40,2,4,38,10,2,70,6,0,0,0,0,0,1,0,0,62,1,0,0,0,0,5,51,1,1,0,0,1,0,3,30,3,43,2,2,0,0,36,1,0,0,2,0,0,0,0,0,0,0,0,0,35;36,,,71,0,0,5,5,0,0,1,0,0,0,0,0,3,0,58,142,2,1,0,0,1,1,32,0,110
2014,15,NO,REG,2014_15_NO_CHI,CHI,29,36,375,3,0,2,-15,0,0,266,190,19,24.127712302783,17.9049794872602,0,15,9,7,0,26,83,1,1,0,3,-5.47292490443493,0,2,1,0,0,29,36,375,3,1,1,266,190,19,21.3964547215728,0,15,9,7,0,0,43,0,10,7,40,1,7,41,7,3,55,4,0,0,0,0,0,0,0,0,0,1,-4,0,0,0,3,25,5,1,1,0,2,1,3,21,0,0,1,2,1,0,25,0.5,0,1,0,0,0,0,0,0,0,0,1,0,25,51,,25,51,0,4,4,0,0,1,0,0,0,0,0,5,0,53,217,1,0,1,2,1,1,0,0,177
2014,15,NYG,REG,2014_15_WAS_NYG,WAS,23,34,250,3,0,1,-12,0,0,244,84,11,10.2411412098554,3.47742245477789,0,11,5,2,0,22,49,0,0,0,2,-7.64723724871874,0,0,0,0,0,23,34,250,3,0,0,244,84,11,12.0973202716668,0,11,5,2,0,0,42,17,17,5,40,3,7,47,12,0,0,4,0,1,0,0,0,0,0,0,0,0,0,0,0,0,9,60,2,0,1,0,1,1,4,19,3,90,1,1,0,0,32,1,0,0,1,0,0,0,0,0,0,0,0,0,32,,,32,0,0,3,3,0,0,1,0,0,0,0,0,6,0,53,261,5,0,4,0,1,1,1,0,260
2014,15,NYJ,REG,2014_15_NYJ_TEN,TEN,16,28,179,1,0,3,-16,0,0,264,85,8,1.10472435104302,-2.20630505570659,0,6,2,2,1,29,114,1,0,0,6,-3.00147449818905,0,4,2,1,0,16,27,179,1,0,0,264,85,8,4.99061174698281,0,6,2,2,1,0,46,0,12,4,29,0,1,7,5,0,0,2,0,0,0,0,0,0,0,0,0,0,0,1,0,0,7,46,5,0,0,0,0,0,3,23,3,77,1,2,1,0,51,0.5,0,0,0,0,1,0,0,0,0,0,1,0,51,53,,51,53,0,1,1,0,0,1,0,0,0,0,0,7,0,56,352,1,1,0,2,0,4,26,0,286
2014,15,PHI,REG,2014_15_DAL_PHI,DAL,17,28,252,0,2,4,-33,0,0,259,142,11,3.57679134305002,-4.69227366977268,0,11,4,3,2,21,75,3,0,0,5,0.224654293793719,0,1,1,0,0,17,27,252,0,1,1,259,142,11,5.26200745697761,0,11,4,3,2,0,58,0,14,10,28,1,3,16,3,0,0,2,0,1,0,0,0,0,0,0,0,1,0,1,0,0,8,95,3,1,1,0,2,1,1,1,4,75,2,2,0,0,47,1,0,0,0,2,0,0,0,0,0,0,0,0,47;43,,,90,0,0,3,3,0,0,1,0,0,0,0,0,3,0,68,156,1,0,1,0,1,1,-1,0,157
2014,15,PIT,REG,2014_15_PIT_ATL,ATL,27,35,360,0,0,1,-7,0,0,295,184,15,17.330650193198,12.3113825917244,0,14,6,5,1,22,45,2,0,0,6,-7.52186356193852,0,2,1,0,0,27,34,360,0,0,0,295,184,15,18.9835265650651,0,14,6,5,1,0,42,0,12,1,3,1,0,0,4,1,52,3,1,0,0,0,0,0,0,0,0,0,0,0,0,0,3,34,3,0,0,0,0,0,2,43,2,50,2,2,0,0,38,1,0,0,2,0,0,0,0,0,0,0,0,0,38;38,,,76,0,0,3,3,0,0,1,0,0,0,0,0,3,0,55,129,2,0,0,0,2,1,7,0,122
2014,15,SEA,REG,2014_15_SF_SEA,SF,12,24,168,1,1,5,-30,0,0,324,61,5,1.6599356527953,-0.405388033908347,0,5,2,2,1,32,152,1,0,0,10,3.60792765347287,0,5,4,0,0,12,23,168,1,0,0,324,61,5,7.75089649250037,0,5,2,2,1,0,51,0,6,11,48,0,6,36,6,0,0,2,0,0,0,0,0,0,0,0,0,0,0,0,0,0,7,50,6,0,0,0,0,0,3,19,1,12,1,1,0,0,38,1,0,0,1,0,0,0,0,0,0,0,0,0,38,,,38,0,0,2,2,0,0,1,0,0,0,0,0,4,0,59,192,2,0,1,0,1,2,12,0,180
2014,15,SF,REG,2014_15_SF_SEA,SEA,11,19,141,0,0,6,-36,0,0,130,73,7,-3.1571687242249,-7.86208212375641,0,7,2,2,0,32,140,1,0,0,7,-1.73694482003339,0,5,3,2,0,11,19,141,0,0,0,130,73,7,6.23816749273101,0,7,2,2,0,0,40,0,16,6,33,0,5,30,10,1,73,3,0,0,0,0,0,0,0,0,0,0,0,0,0,0,8,78,6,0,0,0,0,0,2,12,4,90,0,0,0,0,,,0,0,0,0,0,0,0,0,0,0,0,0,,,,0,0,0,1,1,0,0,1,0,0,0,0,0,5,0,53,217,3,0,0,0,2,3,19,0,198
2014,15,TB,REG,2014_15_TB_CAR,CAR,13,28,154,1,1,3,-18,3,2,350,71,9,-8.04533816088174,-8.387662257467,0,8,4,1,0,23,151,1,1,0,6,6.15784686018014,0,5,4,1,1,13,28,154,1,0,0,350,71,9,1.23007999733141,0,8,4,1,0,0,50,0,32,5,15,2,3,8,6,0,0,5,0,0,0,0,0,0,0,0,0,1,0,1,0,0,4,29,5,4,0,1,4,2,0,0,1,25,1,1,0,0,48,1,0,0,0,1,0,0,0,0,0,0,0,0,48,,,48,0,0,2,2,0,0,1,0,0,0,0,0,5,0,50,194,1,0,0,0,3,2,18,0,176
2014,15,TEN,REG,2014_15_NYJ_TEN,NYJ,16,35,260,0,0,1,-7,0,0,337,121,11,-5.83492194603187,-15.674712377436,0,11,7,5,1,28,89,0,0,0,4,-4.60514915321255,0,2,0,0,0,16,34,260,0,0,0,337,121,11,-4.28891475945003,0,12,7,5,0,0,42,0,16,5,24,0,3,16,5,0,0,1,0,0,1,0,0,0,0,0,0,1,-16,0,0,0,9,76,3,0,2,0,2,1,4,26,5,116,3,3,0,0,51,1,0,0,1,1,1,0,0,0,0,0,0,0,40;33;51,,,124,0,0,0,0,0,0,,0,0,0,0,0,6,0,56,295,3,0,0,0,3,3,23,0,272
2014,15,WAS,REG,2014_15_WAS_NYG,NYG,22,34,275,1,0,7,-47,2,0,224,186,10,-3.1153739695224,0.779601230340846,0,7,7,4,1,27,144,0,1,1,8,0.177519486809615,0,4,3,2,0,22,34,275,1,0,0,224,186,10,8.71063817888274,0,7,7,4,1,0,24,25,25,1,12,0,1,12,5,0,0,6,0,0,0,0,0,0,0,0,0,3,0,1,0,0,9,120,6,3,1,1,4,1,1,1,1,33,2,2,0,0,38,1,0,0,2,0,0,0,0,0,0,0,0,0,35;38,,,73,0,0,1,1,0,0,1,0,0,0,0,0,6,0,57,271,0,0,1,0,1,4,19,0,252
2014,16,ARI,REG,2014_16_SEA_ARI,SEA,18,45,216,0,1,4,-29,0,0,544,72,12,-18.8030432289983,-20.1552151309119,0,10,5,2,0,15,29,0,0,0,1,-4.83927866187878,0,0,0,0,0,18,45,216,0,0,0,544,72,12,-13.6861356154135,0,10,5,2,0,0,47,3,11,5,18,1,1,10,4,0,0,2,0,0,0,0,0,0,0,0,0,1,0,0,0,0,1,5,1,0,1,0,1,0,0,0,3,60,2,2,0,0,32,1,0,1,1,0,0,0,0,0,0,0,0,0,27;32,,,59,0,0,0,0,0,0,,0,0,0,0,0,9,0,54,393,2,1,0,1,6,1,0,0,373
2014,16,ATL,REG,2014_16_ATL_NO,NO,30,40,322,1,0,0,0,0,0,305,140,15,17.6116795164184,8.31626653671265,0,12,7,5,0,22,81,1,1,0,3,-8.08890322167543,0,1,1,1,0,30,40,322,1,0,0,305,140,15,17.6116795164184,0,12,7,5,0,0,45,0,14,6,41,3,5,42,8,2,5,5,0,0,0,0,0,0,0,0,0,1,-3,2,104,1,6,64,2,0,1,0,1,0,2,2,2,49,3,3,0,0,50,1,0,0,1,1,1,0,0,0,0,0,0,0,44;50;32,,,126,0,0,3,3,0,0,1,0,0,0,0,0,5,0,55,221,4,1,1,0,2,1,0,0,221
2014,16,BAL,REG,2014_16_BAL_HOU,HOU,21,50,195,2,3,2,-17,0,0,480,121,11,-22.9697219135559,-19.8284077147643,0,9,4,2,0,16,33,0,1,0,1,-7.12687482938054,0,1,1,0,0,21,48,195,2,0,0,480,121,11,-16.9319051170023,0,9,4,2,0,0,48,9,27,4,5,1,0,0,6,1,0,4,0,0,0,0,0,0,0,0,0,0,0,0,0,0,7,56,6,1,0,1,1,0,1,45,4,122,0,0,0,0,,,0,0,0,0,0,0,0,0,0,0,0,0,,,,0,0,0,1,1,0,0,1,0,0,0,0,0,8,0,57,403,1,1,1,1,1,4,24,0,359
2014,16,BUF,REG,2014_16_BUF_OAK,LV,32,49,329,3,2,2,-21,0,0,352,189,12,2.55412469145326,-1.71956310466844,0,10,6,5,1,13,13,0,1,0,1,-7.02293542819098,0,0,0,0,0,32,49,329,3,0,0,352,189,12,5.93050776752593,0,10,6,5,1,0,48,0,16,7,14,0,1,7,4,0,0,4,0,0,0,0,0,0,0,0,0,1,0,0,0,0,7,55,5,1,0,0,1,0,3,11,3,65,1,1,0,0,54,1,0,0,0,0,1,0,0,0,0,0,0,0,54,,,54,0,0,3,3,0,0,1,0,0,0,0,0,8,0,67,340,0,3,1,1,0,3,16,0,304
2014,16,CAR,REG,2014_16_CLE_CAR,CLE,18,31,201,1,1,1,-6,1,0,271,72,12,3.58973037235206,-4.47137778805148,0,10,4,2,0,45,209,1,0,0,12,-1.28647080943655,0,6,5,1,0,18,31,201,1,0,0,271,72,12,4.83336066657444,0,10,4,2,0,0,32,0,12,7,34,0,3,22,4,1,33,4,0,1,0,0,0,0,0,0,0,1,0,0,0,0,5,49,4,2,0,0,2,1,2,17,3,65,1,2,1,0,23,0.5,0,1,0,0,0,0,0,0,0,1,0,0,23,49,,23,49,0,2,2,0,0,1,0,0,0,0,0,4,0,60,199,1,0,0,0,2,2,24,0,175
2014,16,CHI,REG,2014_16_DET_CHI,DET,23,39,181,2,1,2,-11,0,0,237,102,12,-4.3959135969053,-0.428690643686997,0,9,4,1,0,22,64,0,0,0,2,-5.50371940998593,0,1,0,0,0,23,38,181,2,0,0,237,102,12,-1.24839257769054,0,9,4,1,0,0,48,0,2,7,19,1,4,14,7,2,1,6,0,0,0,0,0,1,0,0,0,0,0,1,0,0,5,86,5,0,0,0,0,0,0,0,3,74,0,0,0,0,,,0,0,0,0,0,0,0,0,0,0,0,0,,,,0,0,0,2,2,0,0,1,0,0,0,0,0,6,0,51,242,1,0,1,0,2,3,22,0,220
2014,16,CIN,REG,2014_16_DEN_CIN,DEN,17,25,146,2,1,0,0,0,0,150,97,8,-7.58892721237391,3.58403598268827,0,7,4,2,0,37,207,1,1,1,10,-0.154409545299131,0,5,3,2,1,17,24,146,2,1,0,150,97,8,-6.419023896736,0,7,4,2,0,0,43,0,20,6,22,0,2,11,8,4,44,7,1,0,0,0,0,0,0,0,0,1,0,0,0,0,7,45,2,2,0,0,2,1,3,72,3,134,3,3,0,0,49,1,0,1,1,1,0,0,0,0,0,0,0,0,37;49;23,,,109,0,0,4,4,0,0,1,0,0,0,0,0,5,0,51,211,1,0,0,2,0,3,14,0,157
2014,16,CLE,REG,2014_16_CLE_CAR,CAR,10,21,166,1,1,3,-22,0,0,222,95,4,2.18155179790908,-15.483271366074,0,4,3,2,1,22,84,0,0,0,3,-4.34371888090947,0,3,2,1,0,10,21,166,1,0,0,222,95,4,6.93252832781279,0,4,3,2,1,0,45,0,38,3,10,2,1,6,1,1,0,3,0,0,0,0,0,0,0,0,0,0,0,1,0,0,6,49,6,0,0,0,0,0,2,24,1,39,2,2,0,0,43,1,0,0,1,1,0,0,0,0,0,0,0,0,43;31,,,74,0,0,1,1,0,0,1,0,0,0,0,0,6,0,52,279,1,0,0,2,2,2,17,0,222
2014,16,DAL,REG,2014_16_IND_DAL,IND,19,21,261,5,0,1,-11,0,0,180,85,15,26.7025113023298,23.5683225450062,0,11,7,5,1,40,127,1,1,1,8,-8.39594297044096,0,4,2,0,0,19,21,261,5,0,0,180,85,15,28.69848635167,0,11,7,5,1,0,36,3,13,7,22,1,2,7,6,2,54,7,0,0,0,0,0,0,0,0,0,0,0,1,2,0,7,67,0,1,0,0,1,1,3,29,0,0,0,1,1,0,,0,0,0,0,0,0,0,0,0,0,0,1,0,,52,,0,52,0,6,6,0,0,1,0,0,0,0,0,2,0,56,92,0,1,0,0,0,1,7,0,85
2014,16,DEN,REG,2014_16_DEN_CIN,CIN,28,44,311,2,4,2,-11,0,0,312,113,15,-9.24621683085897,0.467675179243088,0,11,6,5,1,19,85,1,0,0,6,-0.28826905816095,0,3,2,1,0,28,44,311,2,0,0,312,113,15,-7.18385246565194,0,11,6,5,1,0,47,0,20,4,10,2,0,0,1,1,33,5,1,0,0,0,0,0,0,0,0,0,0,1,2,0,6,72,5,0,0,0,0,0,3,14,3,121,0,1,1,0,,0,0,0,0,0,0,0,0,0,0,1,0,0,,49,,0,49,0,4,4,0,0,1,0,0,0,0,0,6,0,54,283,2,1,1,1,0,3,72,0,191
2014,16,DET,REG,2014_16_DET_CHI,CHI,22,39,243,0,2,4,-14,0,0,304,112,14,-0.252140890146178,-6.98888546381241,0,12,6,4,0,26,138,2,1,0,6,5.83711426483933,0,5,4,1,0,22,39,243,0,0,0,304,112,14,4.52125392978495,0,12,6,4,0,0,46,1,5,7,22,0,2,11,9,1,0,5,0,1,0,0,0,0,0,0,0,1,0,0,0,0,7,60,2,1,1,0,2,1,3,22,2,28,2,3,0,1,39,0.666666666666667,0,0,2,0,0,0,0,0,0,0,0,0,39;30,,37,69,0,37,2,2,0,0,1,0,0,0,0,0,1,0,35,35,1,0,0,0,1,0,0,0,35
2014,16,GB,REG,2014_16_GB_TB,TB,31,40,318,1,0,1,-8,1,1,249,151,17,11.7754435348003,11.3174844533205,0,11,6,4,0,31,121,1,0,0,6,-6.22057238983689,0,4,2,2,1,31,40,318,1,0,0,249,151,17,17.5256136494832,0,11,6,4,0,0,27,7,11,7,39,1,7,54,13,1,18,4,0,1,0,0,0,0,0,0,0,1,0,0,0,0,5,40,4,2,0,0,2,1,4,4,0,0,2,3,1,0,42,0.666666666666667,0,1,0,1,0,0,0,0,0,1,0,0,42;25,48,,67,48,0,2,2,0,0,1,0,0,0,0,0,2,0,43,69,0,0,1,0,0,1,0,0,69
2014,16,HOU,REG,2014_16_BAL_HOU,BAL,21,43,190,1,1,0,0,0,0,301,94,9,-9.55750592679209,-14.4601824737731,0,5,3,3,0,38,123,0,0,0,8,-5.82453574429383,0,3,2,1,0,21,42,190,1,1,0,301,94,9,-8.1852942739842,0,5,3,3,0,0,33,4,16,5,22,1,2,17,10,3,34,9,0,0,0,0,0,0,0,0,0,0,0,0,0,0,7,69,2,1,0,1,1,0,4,24,0,0,6,6,0,0,39,1,0,2,4,0,0,0,0,0,0,0,0,0,35;25;30;20;39;33,,,182,0,0,1,1,0,0,1,0,0,0,0,0,8,0,54,361,3,1,1,2,3,1,45,0,276
2014,16,IND,REG,2014_16_IND_DAL,DAL,30,44,235,1,2,2,-7,1,1,266,164,12,-20.450272988237,0.988857041705738,0,9,3,2,0,10,1,0,0,0,0,-6.77555109222885,0,0,0,0,0,30,44,235,1,0,0,266,164,12,-13.7494849110371,0,9,3,2,0,0,50,2,16,10,27,1,1,11,1,0,0,2,0,0,0,0,0,0,0,0,0,0,0,1,0,0,8,55,4,1,0,0,1,1,1,7,2,57,0,0,0,0,,,0,0,0,0,0,0,0,0,0,0,0,0,,,,0,0,0,1,1,0,0,1,0,0,0,0,0,5,0,61,232,0,1,0,1,0,3,29,0,183
2014,16,JAX,REG,2014_16_TEN_JAX,TEN,14,27,124,1,0,4,-13,1,0,156,53,7,-5.01226491603302,-14.5874665843116,0,3,2,1,0,25,177,2,0,0,7,9.06907242821762,0,4,4,1,1,14,27,124,1,0,0,156,53,7,0.624017925176304,0,3,2,1,0,0,47,0,24,5,27,0,4,25,5,0,0,4,0,0,0,0,0,0,0,0,0,1,0,0,0,0,3,25,2,1,0,0,1,0,2,11,1,29,0,0,0,0,,,0,0,0,0,0,0,0,0,0,0,0,0,,,,0,0,0,3,3,0,0,1,0,0,0,0,0,7,0,61,321,1,0,0,1,2,4,27,0,274
2014,16,KC,REG,2014_16_KC_PIT,PIT,32,46,317,0,0,6,-29,0,0,266,210,17,10.5950361698869,3.04863608401755,0,14,5,1,0,14,39,0,0,0,3,-4.56279045861447,0,2,0,0,0,32,46,317,0,1,1,266,210,17,14.1622184603613,0,14,5,1,0,0,33,8,14,1,6,0,1,6,3,0,0,3,0,0,0,0,0,0,0,0,0,0,0,0,0,0,4,39,5,1,0,0,1,1,2,9,5,104,4,4,0,0,43,1,0,2,1,1,0,0,0,0,0,0,0,0,35;25;43;23,,,126,0,0,0,0,0,0,,0,0,0,0,0,1,0,48,48,1,0,0,0,1,0,0,0,48
2014,16,LA,REG,2014_16_NYG_STL,NYG,24,32,290,2,1,2,-9,0,0,294,98,14,2.39334957154675,7.20705417916179,0,12,5,3,1,20,106,1,0,0,6,-3.3950326750055,0,4,3,0,0,24,32,290,2,0,0,294,98,14,6.56207830371415,0,12,5,3,1,0,48,7,13,2,6,0,1,5,3,0,0,1,0,0,0,0,0,1,0,0,8,0,-14,0,0,0,9,76,6,1,1,0,2,2,3,61,5,90,2,2,0,0,51,1,0,1,0,0,1,0,0,0,0,0,0,0,51;20,,,71,0,0,3,3,0,0,1,0,0,0,0,0,4,0,56,202,3,0,0,1,3,0,0,0,182
2014,16,LAC,REG,2014_16_SD_SF,SF,33,54,356,4,3,2,-8,1,0,501,120,19,2.4418137317989,1.79949540782858,0,16,10,5,0,24,98,0,0,0,6,-0.0559673007016892,0,2,1,1,0,33,54,356,4,0,0,501,120,19,4.62798472918803,0,16,10,5,0,0,49,6,14,3,6,3,2,22,3,0,0,2,0,0,0,0,0,0,0,0,0,1,0,3,0,1,8,38,5,1,0,0,1,0,0,0,4,106,1,1,0,0,40,1,0,0,0,1,0,0,0,0,0,0,0,0,40,,,40,0,0,5,5,0,0,1,1,1,0,0,40,4,0,58,201,0,0,0,1,0,3,34,0,147
2014,16,LV,REG,2014_16_BUF_OAK,BUF,17,34,214,2,0,1,-7,0,0,330,89,11,1.53095067410098,-12.2661232948303,0,8,4,2,2,36,140,0,1,0,7,-3.44777463367442,0,5,5,2,0,17,34,214,2,0,0,330,89,11,3.65026133485438,0,8,4,2,2,0,44,0,14,5,32,1,2,21,6,2,7,6,0,0,0,0,0,0,0,0,0,1,-4,0,0,0,4,35,3,0,1,0,1,0,3,16,1,21,4,5,1,0,49,0.8,0,0,2,2,0,0,0,0,0,1,0,0,45;36;38;49,48,,168,48,0,2,2,0,0,1,0,0,0,0,0,6,0,57,265,0,0,0,1,2,3,11,0,234
2014,16,MIA,REG,2014_16_MIN_MIA,MIN,35,47,396,4,1,1,-13,0,0,266,188,23,19.2631491359789,9.55489556840126,0,18,9,5,2,29,110,1,0,0,7,-2.31407143003135,0,3,3,0,0,35,47,396,4,0,0,266,188,23,21.1803220664733,0,18,9,5,2,0,49,0,6,5,22,0,4,21,6,1,2,1,0,1,1,1,0,0,0,0,0,1,0,0,0,0,7,54,6,0,2,0,2,1,2,0,3,45,0,1,1,0,,0,0,0,0,0,0,0,0,0,0,0,1,0,,56,,0,56,0,5,5,0,0,1,0,0,0,0,0,2,0,44,77,1,0,0,1,1,0,0,0,57
2014,16,MIN,REG,2014_16_MIN_MIA,MIA,19,26,259,2,1,4,-21,0,0,149,124,11,9.71716320404035,13.4695206284523,0,11,7,6,1,28,119,2,0,0,8,1.00275243673241,1,3,2,1,0,19,25,259,2,0,0,149,124,11,14.1413700562548,0,11,7,6,1,0,58,0,4,3,21,0,1,13,8,1,11,1,0,0,0,0,0,0,0,0,0,0,0,1,0,0,8,74,6,0,0,0,0,0,0,0,4,73,2,2,0,0,33,1,1,0,1,0,0,0,0,0,0,0,0,0,18;33,,,51,0,0,3,3,0,0,1,0,0,0,0,0,3,1,60,151,2,0,0,0,1,2,0,0,151
2014,16,NE,REG,2014_16_NE_NYJ,NYJ,23,35,182,1,1,4,-36,0,0,184,71,13,-4.43325851770249,-1.90511524677277,0,9,0,0,0,24,85,1,0,0,5,-1.11785418598447,0,3,2,0,0,23,35,182,1,0,0,184,71,13,1.56967768870629,0,9,0,0,0,0,27,21,39,3,21,0,2,19,5,1,2,2,0,0,0,0,0,1,0,0,0,0,0,0,0,0,5,38,3,0,0,0,0,0,3,63,5,91,1,1,0,0,24,1,0,1,0,0,0,0,0,0,0,0,0,0,24,,,24,0,0,2,2,0,0,1,0,0,0,0,0,5,0,58,263,2,0,1,0,1,3,35,0,228
2014,16,NO,REG,2014_16_ATL_NO,ATL,30,47,313,1,2,5,-42,2,1,420,91,20,-9.15860569523647,0.931727290153503,0,15,5,3,0,18,57,1,0,0,2,-2.19620156142628,0,0,0,0,0,30,45,313,1,1,1,420,91,20,3.88587912067305,0,15,5,3,0,0,45,0,22,3,4,0,0,0,3,0,0,0,0,0,0,0,0,0,0,0,0,1,0,0,0,0,3,25,4,3,0,0,3,2,1,0,3,120,0,0,0,0,,,0,0,0,0,0,0,0,0,0,0,0,0,,,,0,0,0,2,2,0,0,1,0,0,0,0,0,4,0,63,200,2,0,1,0,1,2,2,0,198
2014,16,NYG,REG,2014_16_NYG_STL,LA,25,32,391,3,0,1,-5,0,0,310,155,13,27.0356278600978,14.6398819983006,0,12,7,5,2,34,128,1,0,0,3,-7.64143484417582,0,2,2,1,1,25,32,391,3,0,0,310,155,13,28.7288368460598,0,12,7,5,2,0,44,6,6,3,10,1,2,9,5,1,7,2,0,0,0,0,0,0,0,0,0,0,0,2,0,0,12,149,3,0,0,0,0,0,0,0,2,45,3,4,0,1,52,0.75,0,1,1,0,1,0,0,0,0,0,0,0,29;37;52,,29,118,0,29,4,4,0,0,1,0,0,0,0,0,3,0,54,152,0,0,0,0,0,3,61,0,91
2014,16,NYJ,REG,2014_16_NE_NYJ,NE,17,27,210,1,1,2,-19,0,0,277,76,10,2.16766270155323,3.57892800260473,0,9,5,4,0,32,116,0,0,0,5,-6.49181895768954,0,4,4,0,0,17,27,210,1,0,0,277,76,10,6.40662925048684,0,9,5,4,0,0,30,14,32,2,3,0,4,36,11,1,1,5,0,0,0,0,0,0,0,0,0,0,0,0,0,0,2,14,4,0,0,0,0,0,3,35,3,45,3,4,0,1,37,0.75,0,2,1,0,0,0,0,0,0,0,0,0,26;23;37,,52,86,0,52,1,1,0,0,1,0,1,0,1,52,4,0,57,189,1,0,1,0,0,3,63,0,126
2014,16,PHI,REG,2014_16_PHI_WAS,WAS,37,50,374,2,1,3,-13,1,1,347,149,22,16.9668837238627,6.74499660730362,0,16,10,3,0,31,134,1,0,0,7,-1.24389896401702,0,4,2,1,0,37,50,374,2,0,0,347,149,22,23.8559952154814,0,16,10,3,0,0,33,4,26,4,21,1,2,15,7,1,1,4,0,0,0,0,0,0,0,0,0,0,0,1,0,0,13,102,6,1,0,0,1,1,2,10,3,65,1,3,2,0,22,0.333333333333333,0,1,0,0,0,0,0,0,1,1,0,0,22,34;46,,22,80,0,3,3,0,0,1,0,0,0,0,0,2,0,38,72,1,0,1,0,1,0,0,0,72
2014,16,PIT,REG,2014_16_KC_PIT,KC,18,25,220,1,0,1,-6,0,0,189,90,11,8.56947909057446,10.5489482879639,0,10,4,1,1,26,68,1,0,0,6,-1.44852288387483,0,0,0,0,0,18,25,220,1,0,0,189,90,11,10.1091375392333,0,10,4,1,1,0,44,8,20,7,31,1,6,29,10,0,0,1,0,0,0,0,0,0,0,0,0,0,0,1,0,0,4,40,3,0,0,0,0,0,0,0,3,70,2,2,0,0,23,1,0,2,0,0,0,0,0,0,0,0,0,0,23;23,,,46,0,0,2,2,0,0,1,0,0,0,0,0,2,0,56,90,0,0,0,0,0,2,9,0,81
2014,16,SEA,REG,2014_16_SEA_ARI,ARI,21,32,339,2,0,1,-10,0,0,246,176,13,12.008407748874,7.02129417452319,0,10,7,6,2,34,267,3,1,0,10,13.1042572606821,0,6,5,3,2,21,29,339,2,0,0,246,176,13,16.3307335249141,0,10,7,6,2,0,33,4,10,5,30,0,4,29,12,1,53,9,0,0,0,0,0,0,0,0,0,0,0,0,0,0,11,97,5,1,0,1,1,0,1,0,1,27,0,3,3,0,,0,0,0,0,0,0,0,0,0,0,1,2,0,,52;50;47,,0,149,0,5,5,0,0,1,0,0,0,0,0,4,0,46,164,2,1,0,0,3,0,0,0,164
2014,16,SF,REG,2014_16_SD_SF,LAC,15,24,114,1,0,2,-22,1,1,151,62,6,-8.64065739721766,-4.03230159233014,0,5,1,1,0,40,355,3,2,2,12,5.04775412823074,0,10,9,5,2,15,24,114,1,0,0,151,62,6,0.432537525661675,0,5,1,1,0,0,54,4,6,3,9,1,2,8,8,3,73,7,1,0,0,0,0,0,0,0,0,0,0,0,0,0,9,92,7,3,0,0,3,3,3,34,7,163,0,1,1,0,,0,0,0,0,0,0,0,0,0,0,0,0,1,,60,,0,60,0,5,5,0,0,1,0,0,0,0,0,4,0,46,152,2,0,0,1,3,0,0,0,132
2014,16,TB,REG,2014_16_GB_TB,GB,12,26,147,0,1,7,-54,1,0,292,59,5,-15.7580309385376,-12.7837899785775,0,6,3,2,1,14,16,0,0,0,1,-5.51514476496959,0,0,0,0,0,12,26,147,0,0,0,292,59,5,-5.38620810792781,0,6,3,2,1,0,51,13,13,4,7,2,1,8,3,0,0,4,0,0,0,0,0,0,0,0,0,1,0,1,1,0,3,30,3,1,0,0,1,0,1,0,1,29,1,1,0,0,43,1,0,0,0,1,0,0,0,0,0,0,0,0,43,,,43,0,0,0,0,0,0,,0,0,0,0,0,8,0,51,336,1,1,0,0,3,4,4,0,332
2014,16,TEN,REG,2014_16_TEN_JAX,JAX,24,35,287,1,0,4,-25,0,0,300,75,13,4.18969338971781,6.97555287795908,0,9,6,5,0,28,95,0,0,0,6,-4.59453506214777,0,3,0,0,0,24,34,287,1,0,0,300,75,13,10.281744146162,0,9,6,5,0,0,32,0,18,4,17,1,4,13,4,0,0,3,0,0,0,0,0,0,0,0,0,0,0,0,0,0,7,47,5,0,0,0,0,0,4,27,1,12,2,2,0,0,50,1,0,1,0,0,1,0,0,0,0,0,0,0,50;23,,,73,0,0,1,1,0,0,1,0,0,0,0,0,5,0,51,203,1,1,0,1,1,2,11,0,172
2014,16,WAS,REG,2014_16_PHI_WAS,PHI,16,23,220,0,1,2,-15,0,0,231,84,9,7.5026672092157,8.88320998005245,0,7,4,3,2,29,100,3,1,0,6,-1.79663946281957,0,1,1,1,0,16,23,220,0,0,0,231,84,9,10.859278245562,0,7,4,3,2,0,59,9,21,3,8,1,3,13,4,1,0,4,0,0,0,0,0,0,0,0,0,1,-4,1,0,0,3,15,3,1,1,0,2,1,0,0,4,95,2,2,0,0,26,1,0,2,0,0,0,0,0,0,0,0,0,0,25;26,,,51,0,0,3,3,0,0,1,1,1,0,0,26,3,0,55,133,3,0,1,0,0,2,10,0,123
2014,17,ARI,REG,2014_17_ARI_SF,SF,23,40,316,2,3,2,-17,0,0,546,61,17,6.79312087521992,-0.558865442872047,0,15,9,7,1,25,98,0,0,0,7,0.378255885909311,0,1,0,0,0,23,40,316,2,0,0,546,61,17,8.81950986789177,0,15,9,7,1,0,39,9,13,4,20,0,1,15,1,0,0,2,0,0,0,0,0,0,0,0,0,0,0,0,0,0,3,21,5,0,0,0,0,0,2,22,3,49,1,1,0,0,36,1,0,0,1,0,0,0,0,0,0,0,0,0,36,,,36,0,0,2,2,0,0,1,0,0,0,0,0,3,0,46,107,3,0,1,0,2,0,0,0,107
2014,17,ATL,REG,2014_17_CAR_ATL,CAR,29,47,260,0,2,6,-35,0,0,307,107,13,-21.3402658280512,-7.27464062102298,0,13,3,2,0,16,63,0,0,0,2,-5.98653702082811,0,1,1,0,0,29,47,260,0,1,1,307,107,13,-18.1544649195395,0,13,3,2,0,0,35,0,26,3,4,0,1,2,3,0,0,1,0,0,0,0,0,0,0,0,0,0,0,0,0,0,6,36,0,1,0,0,1,1,0,0,3,107,1,1,0,0,21,1,0,1,0,0,0,0,0,0,0,0,0,0,21,,,21,0,0,0,0,0,0,,0,0,0,0,0,5,0,59,246,4,0,0,0,3,2,6,0,240
2014,17,BAL,REG,2014_17_CLE_BAL,CLE,22,36,312,2,0,1,-22,1,0,373,102,14,6.38727044850197,0.559383299615648,0,13,9,6,1,28,129,0,0,0,5,-8.74792511720443,0,4,3,3,0,22,36,312,2,1,0,373,102,14,9.13465808251016,0,13,9,6,1,0,31,0,30,5,32,0,4,27,7,1,0,5,0,0,0,0,0,0,0,0,0,2,0,1,0,0,8,55,2,2,1,1,3,0,1,0,3,62,2,2,0,0,28,1,0,2,0,0,0,0,0,0,0,0,0,0,25;28,,,53,0,0,2,2,0,0,1,0,0,0,0,0,6,0,60,279,2,1,2,1,1,1,15,0,244
2014,17,BUF,REG,2014_17_BUF_NE,NE,16,23,176,1,0,2,-12,1,1,166,73,10,2.40183059372969,2.57083877273228,0,5,4,3,1,33,104,1,0,0,5,-3.53406496968819,0,0,0,0,0,16,23,176,1,0,0,166,73,10,9.52700006160915,0,5,4,3,1,0,38,0,20,6,15,0,4,26,6,0,0,1,0,0,0,0,0,0,0,0,0,0,0,0,0,0,5,44,1,1,0,0,1,1,3,22,2,73,1,1,0,0,48,1,0,0,0,1,0,0,0,0,0,0,0,0,48,,,48,0,0,2,2,0,0,1,0,0,0,0,0,5,0,48,183,2,0,1,0,1,3,28,0,155
2014,17,CAR,REG,2014_17_CAR_ATL,ATL,10,16,114,1,0,1,-2,0,0,163,41,6,1.9137812105419,-0.249195471405983,0,4,3,1,0,35,194,1,0,0,11,4.41698729026057,0,6,4,1,0,10,16,114,1,0,0,163,41,6,3.27426983811893,0,4,3,1,0,0,48,0,10,8,32,1,6,35,12,2,115,8,2,0,0,0,0,0,0,0,0,0,0,1,33,0,5,36,3,0,0,0,0,0,2,6,1,20,2,2,0,0,48,1,0,1,0,1,0,0,0,0,0,0,0,0,21;48,,,69,0,0,4,4,0,0,1,0,0,0,0,0,3,0,72,145,2,2,1,0,0,0,0,0,145
2014,17,CHI,REG,2014_17_CHI_MIN,MIN,23,36,172,0,0,2,-7,0,0,155,98,7,-7.1745260261984,-5.13360715574688,0,8,2,1,0,21,99,0,0,0,5,3.17146485310514,0,2,2,1,0,23,36,172,0,0,0,155,98,7,-5.23516314484249,0,8,2,1,0,0,39,0,26,5,33,0,3,19,4,1,31,2,0,0,0,0,0,0,0,0,0,0,0,0,0,0,8,50,4,0,0,0,0,0,1,0,3,88,3,4,1,0,48,0.75,0,1,1,1,0,0,0,0,0,1,0,0,48;25;35,43,,108,43,0,0,0,0,0,,0,0,0,0,0,4,0,56,182,1,0,1,1,1,1,31,0,131
2014,17,CIN,REG,2014_17_CIN_PIT,PIT,27,38,244,2,2,3,-23,0,0,302,106,12,0.0209743684988235,7.29959371842836,0,10,5,0,0,29,116,0,0,0,7,-1.45553816249594,0,4,1,1,0,27,38,244,2,1,1,302,106,12,-1.54114421910916,0,10,5,0,0,0,33,2,18,5,16,0,0,0,1,2,2,8,0,0,0,0,0,0,0,0,0,0,0,1,0,0,5,45,4,1,0,0,1,1,1,6,5,114,1,2,1,0,39,0.5,0,0,1,0,0,0,0,0,0,0,1,0,39,50,,39,50,0,2,2,0,0,1,0,0,0,0,0,3,0,59,148,0,1,0,0,0,2,84,1,64
2014,17,CLE,REG,2014_17_CLE_BAL,BAL,14,28,177,0,1,4,-27,0,0,250,117,10,-1.81277436999723,-13.6651858155217,0,5,3,2,1,29,109,1,1,1,3,-8.53292774944566,0,1,1,1,0,14,28,177,0,0,0,250,117,10,3.27080034295796,0,5,3,2,1,0,41,0,22,6,35,2,1,22,3,0,0,5,0,0,0,0,0,0,0,0,0,0,-2,0,0,0,7,58,3,0,1,0,1,1,1,15,2,40,1,1,0,0,38,1,0,0,1,0,0,0,0,0,0,0,0,0,38,,,38,0,0,1,1,0,0,1,0,0,0,0,0,7,0,53,307,1,1,2,0,3,1,0,0,307
2014,17,DAL,REG,2014_17_DAL_WAS,WAS,22,34,299,2,1,0,0,0,0,274,166,13,8.08808264891697,-0.6554035579457,0,10,5,3,2,27,174,2,1,0,3,5.09692432830343,0,2,2,2,1,22,34,299,2,0,0,274,166,13,8.08808264891697,0,10,5,3,2,0,35,14,36,2,14,2,3,27,6,2,39,5,0,0,0,0,0,0,0,0,0,1,-6,2,5,1,7,48,3,0,1,0,1,0,2,12,2,55,3,3,0,0,36,1,0,1,2,0,0,0,0,0,0,0,0,0,36;32;23,,,91,0,0,5,5,0,0,1,0,0,0,0,0,4,0,53,172,3,1,0,0,1,2,15,0,157
2014,17,DEN,REG,2014_17_OAK_DEN,LV,23,39,312,1,0,1,-3,0,0,354,122,13,9.29753892116247,-2.24244525799385,0,12,6,5,0,34,142,3,1,1,9,-2.70834467140958,0,5,3,2,0,23,39,312,1,1,0,354,122,13,10.2416974390345,0,12,6,5,0,0,39,0,10,4,38,1,3,26,4,1,5,12,0,0,0,0,0,0,0,0,0,1,0,1,20,1,1,16,3,2,0,0,2,1,5,37,1,76,4,4,0,0,49,1,0,1,2,1,0,0,0,0,0,0,0,0,49;36;35;21,,,141,0,0,5,5,0,0,1,0,0,0,0,0,3,0,56,139,0,0,0,1,0,2,23,0,96
2014,17,DET,REG,2014_17_DET_GB,GB,20,41,217,3,0,2,-15,0,0,398,96,14,-3.41751721559558,-12.4307719618082,0,11,6,4,0,23,111,0,2,1,8,-1.38052532817516,0,5,3,0,0,20,40,217,3,0,0,398,96,14,1.9564582319872,0,11,6,4,0,0,46,4,16,3,11,1,1,7,2,0,0,2,0,0,0,0,0,1,0,0,0,1,0,2,0,0,10,53,5,1,1,0,2,1,1,14,5,126,0,0,0,0,,,0,0,0,0,0,0,0,0,0,0,0,0,,,,0,0,0,2,2,0,0,1,0,0,0,0,0,4,0,45,152,1,0,1,0,2,1,55,1,97
2014,17,GB,REG,2014_17_DET_GB,DET,18,23,232,2,0,1,-7,0,0,131,113,14,15.1842039181594,8.13149719134621,0,11,4,3,0,38,152,1,1,1,7,-11.707243275363,0,4,3,2,0,18,23,232,2,0,0,131,113,14,17.5538632968184,0,11,4,3,0,1,42,3,13,4,22,1,2,15,4,0,0,7,0,0,1,0,0,0,0,0,0,0,0,1,0,0,5,40,1,1,1,0,2,2,1,55,1,0,0,1,0,1,,0,0,0,0,0,0,0,0,0,0,0,0,0,,,52,0,0,52,4,4,0,0,1,0,0,0,0,0,3,0,47,117,1,1,0,1,0,1,14,0,83
2014,17,HOU,REG,2014_17_JAX_HOU,JAX,25,35,250,2,1,3,-15,1,1,198,169,13,-6.83046630042372,0.655413780893598,0,10,4,3,0,39,123,1,0,0,9,-0.627863460511435,0,4,2,0,0,25,35,250,2,0,0,198,169,13,0.64506098657148,0,10,4,3,0,0,32,4,6,7,34,1,5,28,7,0,0,7,0,0,1,0,0,0,0,0,0,0,0,0,0,0,6,55,4,1,0,0,1,1,2,12,2,43,0,0,0,0,,,0,0,0,0,0,0,0,0,0,0,0,0,,,,0,0,0,3,3,0,0,1,0,0,0,0,0,6,0,56,278,4,0,1,1,3,1,16,0,242
2014,17,IND,REG,2014_17_IND_TEN,TEN,23,35,315,3,0,1,-1,1,0,271,207,15,16.3796071404114,8.08853285653251,0,9,6,6,1,30,64,0,0,0,1,-13.5340297961957,0,0,0,0,0,23,35,315,3,0,0,271,207,15,17.5347883541591,0,9,6,6,1,0,39,0,16,5,28,3,4,29,8,0,0,4,0,0,0,0,0,0,0,0,0,1,0,1,-9,0,4,20,3,1,0,0,1,0,3,40,3,130,2,3,1,0,26,0.666666666666667,0,2,0,0,0,0,0,0,0,1,0,0,23;26,46,,49,46,0,3,3,0,0,1,0,0,0,0,0,5,0,47,203,3,2,1,0,1,1,10,0,193
2014,17,JAX,REG,2014_17_JAX_HOU,HOU,15,34,140,1,0,5,-28,1,0,195,66,4,-12.0703858804243,-22.7973133325577,0,4,3,2,0,14,121,0,0,0,5,3.78997503581923,0,4,4,3,0,15,33,140,1,0,0,195,66,4,-4.79124480272498,0,4,3,2,0,0,49,5,29,7,16,1,3,15,3,1,55,4,1,0,0,0,0,0,0,0,0,1,0,1,0,0,4,25,5,1,0,0,1,0,1,16,1,33,1,2,1,0,53,0.5,0,0,0,0,1,0,0,0,0,0,1,0,53,51,,53,51,0,2,2,0,0,1,0,0,0,0,0,6,0,61,296,2,1,0,1,2,2,12,0,264
2014,17,KC,REG,2014_17_SD_KC,LAC,16,27,157,0,0,4,-17,0,0,204,66,8,-7.48662703308623,-4.33820199083399,0,7,3,3,0,26,111,0,0,0,6,1.03825219121063,0,3,2,0,0,16,27,157,0,1,0,204,66,8,-1.69074176664112,0,7,3,3,0,0,51,0,12,8,42,1,7,42,7,2,0,6,0,0,0,0,0,0,0,0,0,1,0,1,0,1,7,46,4,1,0,0,1,0,4,69,2,55,4,5,1,0,43,0.8,0,2,1,1,0,0,0,0,0,0,1,0,43;21;27;31,50,,122,50,0,1,1,0,0,1,0,0,0,0,0,5,0,61,256,1,1,0,0,1,3,13,0,243
2014,17,LA,REG,2014_17_STL_SEA,SEA,26,37,243,0,2,4,-40,1,0,171,152,13,-12.9003554763624,0.663853188355764,0,11,3,1,0,19,42,0,0,0,2,-6.24986471247394,0,1,1,0,0,26,36,243,0,1,1,171,152,13,-11.3965519583437,0,11,3,1,0,0,34,0,38,4,11,2,3,17,7,1,18,1,0,0,0,0,0,0,0,0,0,1,0,1,3,0,6,45,3,2,0,1,2,1,0,0,3,80,2,2,0,0,52,1,0,0,1,0,1,0,0,0,0,0,0,0,33;52,,,85,0,0,0,0,0,0,,0,0,0,0,0,5,0,55,247,1,1,0,0,2,2,7,0,240
2014,17,LAC,REG,2014_17_SD_KC,KC,20,34,291,0,2,7,-42,1,1,413,89,13,-6.72647049683362,3.3176646074828,0,11,8,4,1,25,112,1,0,0,8,-3.40701196386362,0,3,1,0,0,20,34,291,0,0,0,413,89,13,7.66563507014437,0,11,8,4,1,0,42,1,17,7,30,1,4,17,7,0,0,0,0,0,0,0,0,0,0,0,0,0,0,0,0,0,10,67,5,1,0,0,1,1,3,13,4,79,0,1,1,0,,0,0,0,0,0,0,0,0,0,0,0,1,0,,52,,0,52,0,1,1,0,0,1,0,0,0,0,0,5,0,45,210,1,1,0,0,0,4,69,0,141
2014,17,LV,REG,2014_17_OAK_DEN,DEN,18,36,158,1,1,3,-26,1,1,324,103,7,-12.5080367967021,-13.9507646361987,0,6,1,1,1,18,67,0,1,0,3,-3.88079470704542,0,1,0,0,0,18,36,158,1,0,0,324,103,7,-0.074758491711691,0,6,1,1,1,0,52,0,18,2,4,2,1,3,3,0,0,5,0,0,0,0,0,0,0,0,0,1,-21,1,18,1,9,86,2,1,1,0,2,1,2,23,5,103,0,0,0,0,,,0,0,0,0,0,0,0,0,0,0,0,0,,,,0,0,0,2,2,0,0,1,0,0,0,0,0,9,0,58,418,4,1,0,0,3,5,37,0,381
2014,17,MIA,REG,2014_17_NYJ_MIA,NYJ,23,39,259,1,0,7,-51,1,1,418,61,14,-10.2222696223259,-5.04782176934756,0,13,5,2,0,20,179,2,0,0,7,8.49383996050853,0,5,3,2,1,23,39,259,1,0,0,418,61,14,1.52406952634126,0,13,5,2,0,0,58,0,6,9,21,1,1,6,1,0,0,3,0,0,0,0,0,0,0,0,0,0,0,1,0,0,5,40,5,1,0,0,1,1,0,0,5,120,1,2,1,0,37,0.5,0,0,1,0,0,0,0,0,0,0,1,0,37,53,,37,53,0,3,3,0,0,1,0,0,0,0,0,5,0,57,250,1,0,0,0,1,4,41,0,209
2014,17,MIN,REG,2014_17_CHI_MIN,CHI,17,25,209,1,1,3,-19,0,0,187,85,9,-0.972617163464479,0.210079193115234,0,9,5,3,1,33,121,0,0,0,6,-6.37313389108749,0,3,3,0,0,17,25,209,1,0,0,187,85,9,3.17507292502368,0,9,5,3,1,0,38,0,24,4,9,0,2,7,7,0,0,4,0,0,0,0,0,0,0,0,0,0,0,0,0,0,4,25,6,0,0,0,0,0,1,31,3,39,2,2,0,0,44,1,0,0,1,1,0,0,0,0,0,0,0,0,37;44,,,81,0,0,1,1,0,0,1,0,0,0,0,0,3,0,41,106,1,0,0,0,2,1,0,0,106
2014,17,NE,REG,2014_17_BUF_NE,BUF,18,33,170,0,0,4,-26,0,0,298,64,7,-11.8421613276437,-9.08671347424388,0,6,3,2,0,25,116,0,0,0,4,-0.44041568582179,0,1,1,1,0,18,32,170,0,0,0,298,64,7,-5.51011606013304,0,6,3,2,0,0,33,0,32,4,11,1,2,12,3,0,0,0,0,0,0,0,0,0,0,0,0,0,0,1,0,0,5,55,3,0,0,0,0,0,3,28,0,0,3,3,0,0,44,1,0,1,1,1,0,0,0,0,0,0,0,0,24;44;35,,,103,0,0,0,0,0,0,,0,0,0,0,0,4,0,51,174,1,0,0,0,1,3,22,0,152
2014,17,NO,REG,2014_17_NO_TB,TB,24,38,281,1,3,2,-13,0,0,364,127,14,5.39809956747922,2.16068154887149,0,11,6,3,1,23,70,2,0,0,5,-3.5615019754332,0,2,2,0,0,24,38,281,1,1,0,364,127,14,8.0184336991224,0,11,6,3,1,0,51,6,14,5,20,0,3,18,7,1,2,1,0,0,1,0,0,0,0,0,0,0,0,0,0,0,2,15,2,1,0,1,1,0,1,3,1,19,0,0,0,0,,,0,0,0,0,0,0,0,0,0,0,0,0,,,,0,0,0,3,3,0,0,1,0,0,0,0,0,3,0,57,156,0,0,0,0,0,3,34,0,122
2014,17,NYG,REG,2014_17_PHI_NYG,PHI,28,53,429,1,1,0,0,0,0,697,187,17,5.19789844905265,-4.36993027633091,0,18,10,6,2,25,76,1,0,0,4,-4.839837870677,0,1,1,0,0,28,53,429,1,0,0,697,187,17,5.19789844905265,0,18,10,6,2,0,41,17,17,4,30,0,4,30,5,1,11,3,0,0,0,0,0,0,0,0,0,1,1,0,0,0,8,106,4,1,0,0,1,0,0,0,3,68,4,4,0,0,53,1,0,1,2,0,1,0,0,0,0,0,0,0,38;20;36;53,,,147,0,0,2,2,0,0,1,0,0,0,0,0,6,1,50,251,2,1,1,0,2,2,15,0,236
2014,17,NYJ,REG,2014_17_NYJ_MIA,MIA,21,27,396,3,0,1,-6,0,0,245,166,15,28.4417163734415,12.4562015136083,0,11,8,7,3,34,104,1,1,1,2,-13.7371385009612,0,1,1,1,0,21,27,396,3,0,0,245,166,15,30.2983395034731,0,11,8,7,3,0,48,0,8,7,32,1,7,51,12,0,0,6,0,0,0,0,0,0,0,0,0,0,0,1,0,0,5,40,3,1,0,0,1,1,4,41,4,145,3,4,1,0,39,0.75,0,2,1,0,0,0,0,0,0,1,0,0,26;23;39,45,,88,45,0,4,4,0,0,1,0,0,0,0,0,2,0,49,88,1,0,1,1,0,0,0,0,68
2014,17,PHI,REG,2014_17_PHI_NYG,NYG,23,36,292,2,1,4,-30,0,0,362,137,12,4.97332380353051,1.73984832233853,0,11,7,5,1,32,164,1,0,0,9,-1.76632154599065,0,5,4,2,0,23,36,292,2,0,0,362,137,12,9.81228303655094,0,11,7,5,1,1,38,18,18,2,4,1,0,0,3,1,40,11,0,0,0,1,0,0,0,0,27,0,0,0,0,0,5,35,2,0,0,0,0,0,2,15,2,40,2,2,0,0,39,1,0,0,2,0,0,0,0,0,0,0,0,0,32;39,,,71,0,0,4,4,0,0,1,0,0,0,0,0,7,0,47,292,4,0,0,0,7,0,0,0,292
2014,17,PIT,REG,2014_17_CIN_PIT,CIN,24,39,317,2,2,0,0,0,0,334,178,14,7.21150036352734,-0.104559722699617,0,14,6,5,1,18,29,0,2,1,1,-14.9406237098536,0,0,0,0,0,24,38,317,2,0,0,334,178,14,7.56328643321573,0,14,6,5,1,1,49,8,22,4,25,1,3,23,5,2,34,3,0,0,0,0,0,0,0,0,0,1,-11,1,0,0,1,10,2,0,2,0,2,1,2,84,2,52,2,2,0,0,29,1,0,2,0,0,0,0,0,0,0,0,0,0,29;25,,,54,0,0,3,3,0,0,1,0,0,0,0,0,3,0,42,119,2,0,1,0,1,1,6,0,113
2014,17,SEA,REG,2014_17_STL_SEA,LA,17,25,239,0,1,3,-17,1,0,168,129,9,-3.39110933456985,10.6516009027308,0,10,5,5,0,34,132,1,1,0,7,-3.21489880827721,0,4,3,0,0,17,22,239,0,1,1,168,129,9,-1.86867730523654,0,10,5,5,0,0,42,0,24,7,38,2,4,40,6,2,57,5,1,0,0,0,0,0,0,0,0,2,-1,0,0,0,2,20,3,2,1,0,3,1,2,7,2,52,2,2,0,0,45,1,0,0,0,2,0,0,0,0,0,0,0,0,42;45,,,87,0,0,2,2,0,0,1,0,0,0,0,0,3,0,45,121,1,0,0,0,3,0,0,0,121
2014,17,SF,REG,2014_17_ARI_SF,ARI,15,26,204,2,0,1,-15,0,0,218,110,9,6.7741543033682,-4.5538733784969,0,4,3,3,1,33,206,0,0,0,8,0.9950481581036,0,8,7,3,0,15,26,204,2,0,0,218,110,9,8.85705173551665,0,4,3,3,1,0,43,6,10,4,23,0,2,17,2,3,7,7,0,0,0,0,0,0,0,0,0,0,0,0,0,0,10,78,6,0,0,0,0,0,0,0,4,101,2,2,0,0,53,1,0,0,1,0,1,0,0,0,0,0,0,0,53;37,,,90,0,0,2,2,0,0,1,0,0,0,0,0,4,0,55,196,1,0,1,1,0,2,22,0,154
2014,17,TB,REG,2014_17_NO_TB,NO,14,23,115,1,1,3,-18,0,0,165,18,9,0.409856622759632,6.64406262692951,0,5,1,0,0,39,183,1,0,0,8,-0.336317011882784,0,2,2,2,1,14,21,115,1,0,0,165,18,9,5.04108075065648,0,5,1,0,0,0,37,8,10,4,17,1,2,13,4,3,-3,7,0,0,0,0,0,0,0,0,0,0,0,0,0,0,4,23,3,0,0,0,0,0,3,34,3,85,2,2,0,0,39,1,0,1,1,0,0,0,0,0,0,0,0,0,39;27,,,66,0,0,2,2,0,0,1,0,0,0,0,0,4,0,48,163,2,1,1,0,1,1,3,0,160
2014,17,TEN,REG,2014_17_IND_TEN,IND,13,31,79,1,0,4,-29,1,0,243,46,3,-18.1606287620403,-19.8013164599737,0,1,0,0,0,24,142,0,1,1,6,-2.87897537322715,0,5,3,1,1,13,30,79,1,1,0,243,46,3,-9.70336339328787,0,1,0,0,0,0,51,0,10,6,13,1,1,1,4,0,0,5,0,0,0,0,0,0,0,0,0,3,-6,0,0,0,4,20,3,3,1,0,4,1,1,10,5,140,1,1,0,0,31,1,0,0,1,0,0,0,0,0,0,0,0,0,31,,,31,0,0,1,1,0,0,1,0,0,0,0,0,7,0,79,383,3,1,0,1,2,3,40,0,323
2014,17,WAS,REG,2014_17_DAL_WAS,DAL,27,41,336,1,2,3,-27,1,1,142,312,13,-9.72713770579901,-4.60493397421953,0,10,6,2,2,24,104,1,0,0,5,-4.1355873781722,0,3,3,1,0,27,41,336,1,1,1,142,312,13,-4.17684035348828,0,10,6,2,2,0,33,13,23,1,16,0,0,0,2,1,9,4,0,0,0,0,0,0,0,0,0,0,0,0,0,0,9,101,1,2,0,0,2,2,2,15,6,119,1,1,0,0,25,1,0,1,0,0,0,0,0,0,0,0,0,0,25,,,25,0,0,2,2,0,0,1,0,0,0,0,0,4,0,60,176,1,1,0,0,1,2,12,0,164
2014,18,ARI,POST,2014_18_ARI_CAR,CAR,16,28,82,1,2,4,-31,0,0,249,19,5,-16.8409853824705,-4.46778301681791,0,4,1,1,0,15,27,1,0,0,2,-3.29023542592768,0,0,0,0,0,16,28,82,1,0,0,249,19,5,-10.8914505509019,0,4,1,1,0,0,45,0,28,5,18,1,1,0,3,1,50,3,0,0,1,0,0,0,0,0,0,2,0,2,30,0,7,38,5,1,2,0,3,1,0,0,2,59,0,0,0,0,,,0,0,0,0,0,0,0,0,0,0,0,0,,,,0,0,0,2,2,0,0,1,0,0,0,0,0,9,0,52,313,1,1,2,0,5,1,0,0,313
2014,18,BAL,POST,2014_18_BAL_PIT,PIT,18,29,259,2,0,1,-13,1,0,336,83,11,13.7088586805631,5.08698589842895,0,11,8,4,1,25,53,1,1,1,5,-7.61944737809245,0,1,1,0,0,18,29,259,2,0,0,336,83,11,15.6568933263198,0,11,8,4,1,0,48,4,22,6,38,2,5,37,6,2,3,5,0,0,0,0,0,0,0,0,0,1,0,1,0,0,2,14,3,1,1,0,2,1,0,0,5,117,3,3,0,0,52,1,0,1,0,1,1,0,0,0,0,0,0,0,28;45;52,,,125,0,0,3,3,0,0,1,0,0,0,0,0,1,1,49,49,0,1,0,0,0,0,0,0,49
2014,18,CAR,POST,2014_18_ARI_CAR,ARI,18,32,198,2,1,1,0,1,1,207,113,9,-12.0836186347004,-7.31479674577713,0,7,4,3,0,41,188,1,1,0,12,-3.71102950745262,0,9,6,1,0,18,32,198,2,0,0,207,113,9,-5.64975640180619,0,7,4,3,0,0,27,0,20,8,54,1,4,31,5,2,12,3,0,1,0,0,0,0,0,0,0,1,0,1,0,0,8,80,6,1,2,0,3,2,1,0,1,20,2,3,1,0,47,0.666666666666667,0,0,1,1,0,0,0,0,0,1,0,0,47;39,43,,86,43,0,3,3,0,0,1,0,0,0,0,0,4,0,49,149,3,0,1,1,2,0,0,0,129
2014,18,CIN,POST,2014_18_CIN_IND,IND,18,35,155,0,0,3,-11,1,1,307,111,7,-13.7837616351177,-14.0391775352113,0,8,1,1,0,21,110,1,0,0,6,2.02053395201801,0,4,4,1,0,18,34,155,0,0,0,307,111,7,-6.72779829408737,0,8,1,1,0,0,46,0,32,1,3,2,1,8,8,0,0,4,0,0,0,0,0,0,0,0,0,0,0,1,6,0,6,45,6,1,0,0,1,1,2,20,3,80,1,1,0,0,57,1,0,0,0,0,1,0,0,0,0,0,0,0,57,,,57,0,0,1,1,0,0,1,0,0,0,0,0,8,0,62,380,3,1,0,0,2,5,35,0,345
2014,18,DAL,POST,2014_18_DET_DAL,DET,19,31,293,2,0,6,-51,1,0,230,188,11,7.43018977086873,-5.36565636434863,0,11,6,3,2,21,73,1,0,0,4,-1.68283695020364,0,2,2,0,0,19,31,293,2,1,0,230,188,11,18.3102632902737,0,11,6,3,2,0,44,2,16,3,8,3,3,16,3,1,5,8,0,1,0,0,0,0,0,0,0,2,0,2,0,0,6,46,2,3,0,0,3,1,0,0,2,35,1,2,1,0,51,0.5,0,0,0,0,1,0,0,0,0,1,0,0,51,41,,51,41,0,3,3,0,0,1,0,0,0,0,0,4,0,59,192,3,0,1,0,1,2,2,0,190
2014,18,DET,POST,2014_18_DET_DAL,DAL,28,42,323,1,1,3,-16,2,2,287,210,14,3.14858739553883,-1.58436702830451,0,13,7,3,1,22,90,1,0,0,4,1.2501976347412,0,2,1,0,0,28,42,323,1,1,0,287,210,14,6.67306653210826,0,13,7,3,1,0,43,1,5,6,51,3,6,51,10,0,0,1,0,1,0,0,0,0,0,0,0,1,0,1,0,0,8,44,5,3,1,1,4,2,2,2,1,8,2,2,0,0,39,1,0,0,2,0,0,0,0,0,0,0,0,0,39;37,,,76,0,0,2,2,0,0,1,0,0,0,0,0,4,0,48,142,1,1,0,0,3,0,0,0,142
2014,18,IND,POST,2014_18_CIN_IND,CIN,31,44,376,1,0,1,-8,0,0,438,185,15,14.1091146650625,10.6592628217879,0,15,8,4,1,25,114,1,1,0,6,-2.21096622673757,0,3,2,1,0,31,42,376,1,1,1,438,185,15,11.6242877805972,0,15,8,4,1,0,33,0,26,3,7,1,3,11,6,0,0,9,0,0,0,0,0,0,0,0,0,1,0,1,0,0,9,66,3,2,0,0,2,1,5,35,3,76,4,4,0,0,53,1,0,2,1,0,1,0,0,0,0,0,0,0,38;29;22;53,,,142,0,0,2,2,0,0,1,0,0,0,0,0,4,0,68,206,0,0,0,2,0,2,20,0,146
2014,18,PIT,POST,2014_18_BAL_PIT,BAL,33,48,356,1,2,5,-37,0,0,458,123,15,-3.46954359064767,5.13879631956418,0,15,7,3,1,19,68,0,1,0,5,-0.644131250272039,0,1,1,0,0,33,48,356,1,1,1,458,123,15,0.620498306435371,0,15,7,3,1,0,30,4,22,4,23,1,1,13,4,0,0,1,0,0,1,1,0,0,0,0,0,1,0,1,0,0,8,114,5,2,0,0,2,1,0,0,4,78,3,3,0,0,47,1,0,1,0,2,0,0,0,0,0,0,0,0,45;22;47,,,114,0,0,0,0,0,0,,0,0,0,0,0,3,0,48,115,2,0,1,0,2,0,0,0,115
2014,19,BAL,POST,2014_19_BAL_NE,NE,28,45,292,4,2,0,0,0,0,408,135,16,11.3608671967773,1.10351138644748,0,13,8,2,0,28,136,0,0,0,10,-0.222191487497184,0,5,3,0,0,28,45,292,4,1,0,408,135,16,11.3608671967773,0,13,8,2,0,0,39,0,20,2,9,2,2,10,9,1,0,2,0,0,0,0,0,0,0,0,0,0,0,0,0,0,7,65,5,1,0,1,1,0,4,25,6,148,1,1,0,0,25,1,0,1,0,0,0,0,0,0,0,0,0,0,25,,,25,0,0,4,4,0,0,1,0,0,0,0,0,4,0,53,201,0,1,0,0,0,3,45,0,156
2014,19,CAR,POST,2014_19_CAR_SEA,SEA,23,36,246,2,2,2,-16,0,0,371,84,14,-2.65471564192558,7.34465089109209,0,12,4,2,0,30,132,0,2,1,6,-1.18372471368639,0,2,2,0,0,23,36,246,2,1,0,371,84,14,0.429469035880175,0,12,4,2,0,0,28,0,28,5,30,1,2,20,2,0,0,2,0,0,0,0,0,0,0,0,0,0,-3,0,0,0,5,35,6,2,1,2,3,1,0,0,3,66,1,1,0,0,35,1,0,0,1,0,0,0,0,0,0,0,0,0,35,,,35,0,0,2,2,0,0,1,0,0,0,0,0,4,0,48,157,1,0,0,0,3,1,9,0,148
2014,19,DAL,POST,2014_19_DAL_GB,GB,15,19,191,2,0,4,-21,1,0,143,110,9,3.73283698776504,15.5151727952455,0,8,5,2,0,28,145,1,1,1,9,0.698064458905719,0,3,3,2,0,15,19,191,2,0,0,143,110,9,9.69961066817632,0,8,5,2,0,0,43,7,13,2,11,2,2,19,3,0,0,0,0,0,0,0,0,0,0,0,0,2,0,1,0,0,5,35,6,2,1,0,3,1,2,7,4,92,0,1,0,1,,0,0,0,0,0,0,0,0,0,0,0,0,0,,,50,0,0,50,3,3,0,0,1,0,0,0,0,0,2,0,60,97,0,0,0,1,1,0,0,0,77
2014,19,DEN,POST,2014_19_IND_DEN,IND,26,46,211,1,0,2,-11,1,1,475,78,10,-15.9232565314032,-3.8976295126809,0,8,5,3,0,20,88,0,0,0,6,0.110267846495844,0,3,2,1,0,26,45,211,1,0,0,475,78,10,-10.0569376506482,0,8,5,3,0,0,50,0,16,3,8,0,0,0,5,2,2,6,0,0,0,0,0,0,0,0,0,0,0,0,0,0,2,8,5,1,0,0,1,1,1,-1,0,0,2,2,0,0,45,1,0,0,0,2,0,0,0,0,0,0,0,0,45;41,,,86,0,0,1,1,0,0,1,0,0,0,0,0,6,0,48,244,1,2,1,0,0,3,7,0,237
2014,19,GB,POST,2014_19_DAL_GB,DAL,24,35,316,3,0,2,-19,1,1,321,150,16,11.3364246985838,4.65380617550441,0,15,6,4,1,29,119,0,0,0,6,-2.47031547897495,0,3,2,1,0,24,35,316,3,0,0,321,150,16,17.0949854540486,0,15,6,4,1,0,35,8,24,2,13,2,4,21,8,0,0,2,0,0,0,0,0,1,0,0,0,2,0,1,0,0,10,87,5,2,1,0,3,1,0,0,3,48,2,2,0,0,40,1,0,0,1,1,0,0,0,0,0,0,0,0,40;30,,,70,0,0,2,2,0,0,1,0,0,0,0,0,2,0,40,75,0,0,0,0,0,2,7,0,68
2014,19,IND,POST,2014_19_IND_DEN,DEN,27,43,265,2,2,0,0,0,0,336,112,15,10.5035029436961,-0.734458378581114,0,13,6,4,0,28,99,1,0,0,6,-1.71682356975573,0,1,1,1,0,27,43,265,2,0,0,336,112,15,10.5035029436961,0,13,6,4,0,0,43,1,13,3,6,1,2,11,3,0,0,7,0,0,0,0,0,0,0,0,0,0,0,1,0,0,10,67,2,0,0,0,0,0,3,7,2,32,1,2,1,0,30,0.5,0,0,1,0,0,0,0,0,0,1,0,0,30,44,,30,44,0,3,3,0,0,1,0,0,0,0,0,4,0,46,169,1,1,1,1,0,1,-1,0,150
2014,19,NE,POST,2014_19_BAL_NE,BAL,34,51,418,4,1,2,-10,0,0,439,161,22,18.6796141254017,4.81275171041489,0,17,6,4,2,13,14,1,0,0,4,0.561304918432143,0,0,0,0,0,34,50,418,4,1,0,439,161,22,21.9419821164338,0,17,6,4,2,0,46,0,28,2,8,1,0,0,4,2,0,5,0,0,0,0,0,0,0,0,0,2,0,0,0,0,7,60,3,2,0,0,2,0,3,45,5,125,0,0,0,0,,,0,0,0,0,0,0,0,0,0,0,0,0,,,,0,0,0,5,5,0,0,1,0,0,0,0,0,5,0,49,189,1,1,0,0,0,4,25,0,164
2014,19,SEA,POST,2014_19_CAR_SEA,CAR,15,22,268,3,0,2,-20,0,0,215,146,10,14.7980377141004,4.07170111482794,0,9,7,6,1,28,100,0,2,0,5,-8.18466686166357,0,3,3,1,0,15,22,268,3,0,0,215,146,10,19.0719068350736,0,9,7,6,1,0,38,0,32,2,16,2,2,16,8,2,90,5,1,0,0,0,0,0,0,0,0,2,-2,1,0,0,6,60,2,1,1,0,2,0,1,9,1,26,1,1,0,0,37,1,0,0,1,0,0,0,0,0,0,0,0,0,37,,,37,0,0,4,4,0,0,1,0,0,0,0,0,4,0,45,154,3,0,0,0,4,0,0,0,154
2014,20,GB,POST,2014_20_GB_SEA,SEA,19,34,178,1,2,1,-7,0,0,283,57,11,-9.57588258101304,-5.21581983741592,0,9,1,1,0,30,135,0,0,0,6,-3.19130407993592,0,3,3,1,0,19,34,178,1,0,0,283,57,11,-7.64801853145171,0,9,1,1,0,0,37,0,34,6,31,1,5,25,9,4,52,7,0,1,0,0,0,0,0,0,0,1,0,1,0,0,5,45,3,0,1,0,1,0,3,40,1,18,5,5,0,0,48,1,2,0,0,3,0,0,0,0,0,0,0,0,18;19;40;48;48,,,173,0,0,1,1,0,0,1,0,0,0,0,0,5,0,44,197,0,1,0,0,1,3,21,0,176
2014,20,IND,POST,2014_20_IND_NE,NE,12,33,126,0,2,0,0,0,0,357,51,7,-16.1136406764771,-22.9958085343242,0,5,1,1,0,19,83,1,0,0,6,-0.27023865506635,0,3,2,0,0,12,32,126,0,0,0,357,51,7,-15.3714308894622,0,5,1,1,0,0,42,0,48,2,8,1,1,6,2,1,6,2,0,1,0,0,0,0,0,0,0,0,0,0,0,0,3,23,3,0,1,0,1,1,2,10,4,86,0,1,1,0,,0,0,0,0,0,0,0,0,0,0,0,1,0,,51,,0,51,0,1,1,0,0,1,0,0,0,0,0,5,0,58,248,0,0,0,0,2,3,71,0,177
2014,20,NE,POST,2014_20_IND_NE,IND,23,35,226,3,1,1,-6,0,0,267,90,13,9.51709783164585,3.37775141000748,0,7,5,3,0,40,177,3,1,0,14,7.87049323524116,0,4,3,1,0,23,35,226,3,0,0,267,90,13,10.6819125527403,0,7,5,3,0,0,28,0,6,0,0,0,0,0,5,2,55,6,0,0,0,0,0,0,0,0,0,0,0,1,0,0,6,45,3,1,0,1,1,0,3,71,2,44,1,1,0,0,21,1,0,1,0,0,0,0,0,0,0,0,0,0,21,,,21,0,0,6,6,0,0,1,0,0,0,0,0,3,0,46,108,1,0,0,0,1,2,10,0,98
2014,20,SEA,POST,2014_20_GB_SEA,GB,15,30,228,2,4,5,-25,0,0,366,57,10,-5.97711523358873,-5.78953592941679,1,9,6,5,0,35,194,2,1,0,10,5.50139711386873,0,9,6,1,0,15,29,228,2,0,0,366,57,10,-1.04454899094696,1,9,6,5,0,0,41,0,28,4,16,0,1,7,6,2,5,3,0,0,0,0,0,0,0,0,0,1,-5,0,0,0,8,40,4,1,1,0,2,1,3,21,4,58,0,0,0,0,,,0,0,0,0,0,0,0,0,0,0,0,0,,,,0,0,0,2,2,0,0,1,0,0,0,0,0,5,0,54,212,2,0,0,0,2,3,40,0,172
2014,21,NE,POST,2014_21_NE_SEA,SEA,37,50,328,4,2,1,-8,0,0,295,196,21,17.050535044109,8.32985717058182,0,13,7,5,0,21,57,0,0,0,1,-4.86999011883745,0,0,0,0,0,37,50,328,4,0,0,295,196,21,18.5322141567594,0,13,7,5,0,0,39,2,10,3,13,0,3,13,4,1,3,5,0,0,0,0,0,0,0,0,0,0,0,0,0,0,5,36,4,0,0,0,0,0,3,27,3,49,0,0,0,0,,,0,0,0,0,0,0,0,0,0,0,0,0,,,,0,0,0,4,4,0,0,1,0,0,0,0,0,4,0,64,196,1,0,1,1,0,2,6,0,170
2014,21,SEA,POST,2014_21_NE_SEA,NE,12,21,247,2,1,3,-13,0,0,413,26,10,5.43342374812346,12.1652862429619,0,8,6,6,2,29,162,1,0,0,8,2.56176591277827,0,5,5,0,0,12,20,247,2,0,0,413,26,10,9.99811650667107,0,8,6,6,2,0,49,6,12,2,9,0,1,8,7,2,14,4,0,0,0,0,0,0,0,0,0,0,0,0,0,0,7,70,5,0,0,0,0,0,2,6,0,0,1,1,0,0,27,1,0,1,0,0,0,0,0,0,0,0,0,0,27,,,27,0,0,3,3,0,0,1,0,0,0,0,0,6,0,61,269,1,1,0,0,2,3,27,0,242
