season,week,team,season_type,game_id,opponent_team,completions,attempts,passing_yards,passing_tds,passing_interceptions,sacks_suffered,sack_yards_lost,sack_fumbles,sack_fumbles_lost,passing_air_yards,passing_yards_after_catch,passing_first_downs,passing_epa,passing_cpoe,passing_2pt_conversions,passing_10,passing_16,passing_20,passing_40,carries,rushing_yards,rushing_tds,rushing_fumbles,rushing_fumbles_lost,rushing_first_downs,rushing_epa,rushing_2pt_conversions,rushing_10,rushing_12,rushing_20,rushing_40,receptions,targets,receiving_yards,receiving_tds,receiving_fumbles,receiving_fumbles_lost,receiving_air_yards,receiving_yards_after_catch,receiving_first_downs,receiving_epa,receiving_2pt_conversions,receiving_10,receiving_16,receiving_20,receiving_40,special_teams_tds,def_tackles_solo,def_tackles_with_assist,def_tackle_assists,def_tackles_for_loss,def_tackles_for_loss_yards,def_fumbles_forced,def_sacks,def_sack_yards,def_qb_hits,def_interceptions,def_interception_yards,def_pass_defended,def_tds,def_fumbles,def_safeties,def_punt_blocks,def_pat_blocks,def_fg_blocks,def_2pt_atts,def_2pt_made,misc_yards,fumble_recovery_own,fumble_recovery_yards_own,fumble_recovery_opp,fumble_recovery_yards_opp,fumble_recovery_tds,penalties,penalty_yards,timeouts,fumbles_forced_by_opp,fumbles_not_forced,fumbles_out_of_bounds,fumbles_total,fumbles_lost_total,punt_returns,punt_return_yards,kickoff_returns,kickoff_return_yards,fg_made,fg_att,fg_missed,fg_blocked,fg_long,fg_pct,fg_made_0_19,fg_made_20_29,fg_made_30_39,fg_made_40_49,fg_made_50_59,fg_made_60_,fg_missed_0_19,fg_missed_20_29,fg_missed_30_39,fg_missed_40_49,fg_missed_50_59,fg_missed_60_,fg_made_list,fg_missed_list,fg_blocked_list,fg_made_distance,fg_missed_distance,fg_blocked_distance,pat_made,pat_att,pat_missed,pat_blocked,pat_pct,gwfg_made,gwfg_att,gwfg_missed,gwfg_blocked,gwfg_distance,pt_att,pt_blocked,pt_long,pt_yards,pt_inside_20,pt_out_of_bounds,pt_downed,pt_touchback,pt_fair_caught,pt_returned,pt_return_yards,pt_return_tds,pt_net_yards
2011,1,ARI,REG,2011_01_CAR_ARI,CAR,18,27,309,2,0,2,-14,1,0,188,170,10,11.4675384133339,1.59126983748542,0,11,9,6,2,25,99,1,1,1,4,-4.57405023265164,0,2,1,1,0,18,27,309,2,0,0,188,170,10,14.3646772178805,0,11,9,6,2,1,48,4,12,0,0,0,4,19,8,1,16,2,0,0,0,0,0,0,0,0,0,1,-8,0,0,0,6,61,3,1,1,0,2,1,2,98,2,60,0,1,1,0,,0,0,0,0,0,0,0,0,0,1,0,0,0,,36,,0,36,0,4,4,0,0,1,0,0,0,0,0,5,0,52,210,2,0,1,0,0,4,19,0,191
2011,1,ATL,REG,2011_01_ATL_CHI,CHI,31,47,319,0,1,5,-43,1,1,225,165,14,-14.8445840408645,7.49198846195055,0,13,5,4,0,14,110,0,1,1,3,-2.49403274264466,0,2,2,1,1,31,46,319,0,0,0,225,165,14,-2.32230693805879,0,13,5,4,0,0,57,0,2,0,0,0,4,21,6,1,50,6,1,0,0,0,0,0,0,0,0,0,0,0,0,0,9,65,5,1,1,0,2,2,3,10,2,33,2,2,0,0,48,1,0,1,0,1,0,0,0,0,0,0,0,0,48;25,,,73,0,0,0,0,0,0,,0,0,0,0,0,5,0,45,192,2,0,2,0,2,1,14,0,178
2011,1,BAL,REG,2011_01_PIT_BAL,PIT,17,29,224,3,0,1,-9,0,0,220,124,10,10.3757529311303,-2.30702531748805,0,11,7,4,0,31,170,1,0,0,5,1.07305772211237,1,4,3,2,0,17,29,224,3,0,0,220,124,10,12.2752419583454,0,11,7,4,0,0,37,8,10,0,0,4,4,34,6,3,29,10,0,0,0,0,0,0,0,0,0,0,0,4,0,0,7,75,2,0,0,0,0,0,0,0,1,37,2,2,0,0,30,1,0,1,1,0,0,0,0,0,0,0,0,0,29;30,,,59,0,0,3,3,0,0,1,0,0,0,0,0,5,0,62,236,0,0,1,1,1,2,7,0,209
2011,1,BUF,REG,2011_01_BUF_KC,KC,17,26,208,4,1,1,-7,0,0,290,66,13,11.9843464508181,13.1886499432417,0,10,5,2,0,39,163,1,1,0,9,2.5690537901246,0,4,3,1,0,17,26,208,4,0,0,290,66,13,14.1633619622322,0,10,5,2,0,0,49,0,2,0,0,2,2,14,3,1,30,4,0,0,0,0,0,0,0,0,0,1,0,2,0,0,5,30,2,0,1,0,1,0,4,35,1,21,2,2,0,0,38,1,0,1,1,0,0,0,0,0,0,0,0,0,29;38,,,67,0,0,5,5,0,0,1,0,0,0,0,0,5,0,63,257,1,0,0,3,1,1,15,0,182
2011,1,CAR,REG,2011_01_CAR_ARI,ARI,24,37,422,2,1,4,-19,0,0,439,153,17,14.2906613725936,6.5009789692389,0,17,9,8,2,27,74,1,0,0,7,-5.7271491563879,0,3,2,0,0,24,37,422,2,0,0,439,153,17,21.7083626695676,0,17,9,8,2,0,35,7,11,0,0,1,2,14,2,0,0,4,0,0,0,0,0,0,0,0,0,0,0,1,0,0,10,74,5,0,0,0,0,0,4,19,2,49,0,0,0,0,,,0,0,0,0,0,0,0,0,0,0,0,0,,,,0,0,0,3,3,0,0,1,0,0,0,0,0,7,0,56,289,2,0,2,1,2,2,98,1,171
2011,1,CHI,REG,2011_01_ATL_CHI,ATL,22,32,312,2,1,5,-23,1,0,228,184,11,0.53816377235476,8.17174473777413,0,11,7,5,2,27,88,0,0,0,4,-4.07538288529031,0,1,1,1,0,22,32,312,2,1,0,228,184,11,5.84535936683083,0,11,7,5,2,0,43,0,22,0,0,1,4,28,11,1,-1,5,0,1,0,0,0,0,0,0,0,3,0,2,12,1,8,56,5,0,3,0,3,0,1,14,3,53,3,3,0,0,41,1,0,2,0,1,0,0,0,0,0,0,0,0,41;23;26,,,90,0,0,3,3,0,0,1,0,0,0,0,0,6,0,57,288,1,0,2,0,1,3,10,0,278
2011,1,CIN,REG,2011_01_CIN_CLE,CLE,15,27,173,2,0,4,-18,1,0,256,79,8,-0.567627969055465,-2.2482298038624,0,6,5,5,1,33,139,1,0,0,6,2.18916088348487,0,3,2,1,0,15,27,173,2,1,0,256,79,8,3.84157227529489,0,6,5,5,1,0,43,0,18,0,0,1,2,11,6,1,0,10,0,0,0,0,0,0,0,0,0,1,0,0,0,0,3,22,4,2,0,1,2,0,1,15,4,92,2,2,0,0,47,1,0,1,0,1,0,0,0,0,0,0,0,0,24;47,,,71,0,0,3,3,0,0,1,0,0,0,0,0,8,0,60,382,2,0,1,1,0,6,58,0,304
2011,1,CLE,REG,2011_01_CIN_CLE,CIN,19,40,213,2,1,2,-11,1,0,279,104,11,-9.01554945140758,-7.88120245322203,0,10,4,2,1,26,83,0,0,0,5,-1.0766281101678,0,1,1,0,0,19,40,213,2,0,0,279,104,11,-6.1383466006411,0,10,4,2,1,0,46,0,16,0,0,2,4,18,8,0,0,6,0,0,0,0,0,0,0,0,0,1,0,0,0,0,11,72,5,1,0,0,1,0,6,58,3,91,1,1,0,0,20,1,0,1,0,0,0,0,0,0,0,0,0,0,20,,,20,0,0,2,2,0,0,1,0,0,0,0,0,8,0,48,288,0,0,3,1,3,1,15,0,253
2011,1,DAL,REG,2011_01_DAL_NYJ,NYJ,23,36,342,2,1,4,-16,1,1,301,155,18,8.01423533054792,3.94959044125345,0,15,6,5,2,26,64,1,0,0,3,-4.70834545220714,0,0,0,0,0,23,36,342,2,0,0,301,155,18,16.3948182709197,0,15,6,5,2,0,49,0,6,0,0,2,4,20,6,1,37,5,0,0,0,0,0,0,0,0,0,1,0,1,0,0,7,40,3,1,2,0,3,2,3,29,2,30,1,1,0,0,34,1,0,0,1,0,0,0,0,0,0,0,0,0,34,,,34,0,0,3,3,0,0,1,0,0,0,0,0,5,1,59,236,2,0,0,1,1,3,13,0,203
2011,1,DEN,REG,2011_01_OAK_DEN,LV,24,46,304,1,1,5,-32,1,1,388,140,17,-2.35206903743103,-7.54250897301568,0,19,7,3,0,13,38,0,1,1,2,-6.35341237590183,0,1,1,0,0,24,45,304,1,2,0,388,140,17,8.1303994728655,0,19,7,3,0,1,47,1,9,0,0,2,1,6,2,0,0,1,0,0,0,0,0,0,0,0,0,2,0,1,0,0,10,91,6,3,1,0,4,2,5,128,0,0,2,3,1,0,30,0.666666666666667,0,1,1,0,0,0,0,0,0,0,1,0,28;30,56,,58,56,0,2,2,0,0,1,0,0,0,0,0,4,0,65,165,1,0,2,2,0,0,0,0,125
2011,1,DET,REG,2011_01_DET_TB,TB,24,33,305,3,1,0,0,0,0,314,165,17,13.7189995102578,11.3168237335754,0,15,6,4,0,35,126,0,3,0,6,-6.72272350074491,0,1,1,1,0,24,33,305,3,0,0,314,165,17,13.7189995102578,0,15,6,4,0,0,43,2,2,0,0,2,2,7,3,1,0,7,0,1,0,0,0,0,0,0,0,3,-4,1,0,0,8,68,3,2,2,1,4,0,5,34,0,0,2,2,0,0,28,1,0,2,0,0,0,0,0,0,0,0,0,0,23;28,,,51,0,0,3,3,0,0,1,0,0,0,0,0,5,0,60,241,3,0,3,1,0,1,-2,0,223
2011,1,GB,REG,2011_01_NO_GB,NO,27,35,312,3,0,2,-16,0,0,329,118,14,20.5048753916635,17.5694855621883,0,12,7,4,0,27,103,2,0,0,10,1.88253380265087,0,3,1,0,0,27,35,312,3,0,0,329,118,14,23.9570697298623,0,12,7,4,0,1,40,8,26,0,0,2,3,23,6,0,0,7,0,0,0,0,0,0,0,0,0,0,0,1,0,0,6,48,3,0,0,0,0,0,1,5,2,135,0,0,0,0,,,0,0,0,0,0,0,0,0,0,0,0,0,,,,0,0,0,6,6,0,0,1,0,0,0,0,0,4,0,52,170,0,0,1,1,0,2,92,1,58
2011,1,HOU,REG,2011_01_IND_HOU,IND,17,24,220,1,2,1,-3,0,0,196,86,13,3.5702984512556,6.08972869813442,0,10,6,5,0,41,167,2,1,1,12,-5.56767674345417,0,6,4,0,0,17,24,220,1,0,0,196,86,13,4.74850897825143,0,10,6,5,0,1,29,7,11,0,0,2,3,25,8,0,0,2,0,0,0,0,0,0,0,0,0,0,0,2,2,0,4,30,1,1,0,0,1,1,3,91,1,46,2,2,0,0,29,1,0,2,0,0,0,0,0,0,0,0,0,0,25;29,,,54,0,0,4,4,0,0,1,0,0,0,0,0,2,0,54,89,0,0,0,1,1,0,0,0,69
2011,1,IND,REG,2011_01_IND_HOU,HOU,16,31,197,1,0,3,-25,2,1,267,84,10,-11.0878862886597,-6.11370325088501,0,10,5,2,0,16,64,0,1,1,4,-7.11585943558021,0,2,1,0,0,16,30,197,1,0,0,267,84,10,-0.123838351995255,0,10,5,2,0,0,46,11,13,0,0,1,1,3,1,2,42,4,0,0,0,0,0,0,0,0,0,1,0,1,10,0,6,60,3,2,1,0,3,2,0,0,1,24,0,1,1,0,,0,0,0,0,0,0,0,0,0,1,0,0,0,,37,,0,37,0,1,1,0,0,1,0,0,0,0,0,6,0,57,281,1,0,1,2,0,3,91,1,150
2011,1,JAX,REG,2011_01_TEN_JAX,TEN,17,24,175,0,0,2,-15,1,0,128,97,9,3.63991347605736,3.1022513906161,0,8,5,2,0,47,163,1,1,1,10,-4.41032076219683,0,2,1,1,0,17,24,175,0,0,0,128,97,9,6.8372762452152,0,8,5,2,0,0,30,0,12,0,0,1,2,14,6,1,-4,6,0,0,0,0,0,0,0,0,11,1,0,0,0,0,5,39,2,1,1,0,2,1,3,31,1,26,3,3,0,0,48,1,0,1,0,2,0,0,0,0,0,0,0,0,48;21;45,,,114,0,0,1,1,0,0,1,0,0,0,0,0,5,0,65,218,1,0,2,2,0,1,7,0,171
2011,1,KC,REG,2011_01_BUF_KC,BUF,22,36,119,1,1,2,-14,0,0,275,77,8,-16.8992629103678,-2.8202783730295,0,6,1,1,0,18,108,0,1,1,4,-3.96986965247197,0,4,4,2,0,22,36,119,1,0,0,275,77,8,-13.1274289240246,0,6,1,1,0,0,53,1,7,0,0,0,1,7,5,1,0,2,0,0,0,0,0,0,0,0,0,0,0,0,0,0,1,3,2,2,0,0,2,2,1,15,7,147,0,1,1,0,,0,0,0,0,0,0,0,0,0,0,1,0,0,,49,,0,49,0,1,1,0,0,1,0,0,0,0,0,8,0,58,328,0,0,3,0,1,4,35,0,293
2011,1,LA,REG,2011_01_PHI_STL,PHI,18,35,209,0,0,5,-28,0,0,194,104,11,-9.75881501979524,-13.1379512378148,0,10,8,2,0,26,154,1,1,1,6,-5.54050104276702,0,6,4,1,1,18,35,209,0,0,0,194,104,11,-2.83912885578679,0,10,8,2,0,0,44,0,2,0,0,1,3,20,11,0,0,2,0,1,0,0,0,0,0,0,0,1,0,1,0,0,9,60,0,1,1,0,2,1,1,0,5,115,2,3,1,0,49,0.666666666666667,0,1,0,1,0,0,0,0,0,1,0,0,49;23,47,,72,47,0,1,1,0,0,1,0,0,0,0,0,4,0,61,169,1,0,1,2,1,0,0,0,129
2011,1,LAC,REG,2011_01_MIN_SD,MIN,33,48,335,2,2,2,-5,0,0,315,208,21,6.35330331698279,6.43937397510447,0,17,6,3,0,27,77,1,0,0,5,-4.60058202673099,0,3,2,1,0,33,47,335,2,1,0,315,208,21,11.7044332279205,0,17,6,3,0,0,22,17,17,0,0,0,2,11,2,1,0,4,0,0,0,0,0,0,0,0,0,0,0,0,0,0,4,26,3,1,0,1,1,0,5,38,4,90,1,1,0,0,40,1,0,0,0,1,0,0,0,0,0,0,0,0,40,,,40,0,0,3,3,0,0,1,0,0,0,0,0,3,0,47,127,1,0,0,0,1,2,17,0,110
2011,1,LV,REG,2011_01_OAK_DEN,DEN,13,22,105,1,0,1,-6,1,0,196,60,7,-2.75087775434942,-0.300534001805566,0,4,2,0,0,39,190,1,0,0,10,6.31713585324254,0,7,4,3,1,13,22,105,1,1,1,196,60,7,-5.48291057213784,0,4,2,0,0,0,40,0,4,0,0,3,4,22,7,1,0,8,0,0,0,0,0,0,0,0,0,1,0,2,0,0,15,131,4,2,0,0,2,1,0,0,0,0,3,3,0,0,63,1,0,1,1,0,0,1,0,0,0,0,0,0,37;21;63,,,121,0,0,2,2,0,0,1,0,0,0,0,0,6,0,77,349,1,0,0,1,0,5,128,1,201
2011,1,MIA,REG,2011_01_NE_MIA,NE,30,49,416,2,1,4,-26,0,0,465,172,19,7.54747327005548,7.46805934856335,0,19,13,10,0,20,98,1,1,0,6,3.83955452477676,0,5,2,0,0,30,48,416,2,0,0,465,172,19,13.4922143720783,0,19,13,10,0,0,54,0,10,0,0,0,1,1,3,1,39,4,0,0,0,0,0,0,0,0,0,1,-4,0,0,0,8,60,6,0,1,0,1,0,2,11,6,129,1,1,0,0,20,1,0,1,0,0,0,0,0,0,0,0,0,0,20,,,20,0,0,3,3,0,0,1,0,0,0,0,0,6,0,56,248,2,0,0,0,1,5,59,0,189
2011,1,MIN,REG,2011_01_MIN_SD,LAC,7,15,39,1,1,2,-11,0,0,66,19,3,-11.8282991565193,-16.62180463473,0,2,0,0,0,26,159,0,0,0,7,5.05872225147323,0,5,4,2,1,7,15,39,1,0,0,66,19,3,-9.53991061438684,0,2,0,0,0,1,47,17,21,0,0,1,2,5,4,2,17,6,0,0,0,0,0,0,0,0,0,0,0,0,0,0,9,78,3,0,0,0,0,0,2,17,3,130,1,1,0,0,33,1,0,0,1,0,0,0,0,0,0,0,0,0,33,,,33,0,0,2,2,0,0,1,0,0,0,0,0,6,0,56,289,3,0,0,0,1,5,38,0,251
2011,1,NE,REG,2011_01_NE_MIA,MIA,32,48,517,4,1,1,-1,0,0,510,215,20,24.3107077902371,9.75099174926678,0,18,11,10,2,22,106,1,0,0,6,3.59820906509412,0,1,1,0,0,32,48,517,4,0,0,510,215,20,24.0315051437341,0,18,11,10,2,0,55,0,8,0,0,0,4,26,14,1,5,5,0,0,0,0,0,0,0,0,0,0,0,0,0,0,7,50,6,0,0,0,0,0,5,59,4,98,1,2,1,0,20,0.5,0,1,0,0,0,0,0,0,0,1,0,0,20,48,,20,48,0,5,5,0,0,1,0,0,0,0,0,4,0,39,152,1,0,1,1,0,2,11,0,121
2011,1,NO,REG,2011_01_NO_GB,GB,32,49,419,3,0,3,-23,0,0,420,166,20,18.9131811447912,3.73969512681166,0,19,12,6,0,21,81,0,0,0,5,-2.50017589164781,0,1,1,1,0,32,48,419,3,2,1,420,166,20,18.9703272257189,0,19,12,6,0,1,41,8,18,0,0,0,2,16,5,0,0,2,0,0,0,0,0,0,0,0,0,0,0,0,0,0,3,15,6,2,0,1,2,1,2,92,3,83,2,2,0,0,38,1,0,0,2,0,0,0,0,0,0,0,0,0,30;38,,,68,0,0,4,4,0,0,1,0,0,0,0,0,2,0,53,98,0,0,0,1,0,1,5,0,73
2011,1,NYG,REG,2011_01_NYG_WAS,WAS,18,32,268,0,1,4,-28,1,0,325,83,10,-3.05855036573485,-1.83594590052962,0,9,5,3,2,20,75,2,0,0,5,-2.8404736558237,0,1,1,0,0,18,32,268,0,0,0,325,83,10,1.05021002731519,0,9,5,3,2,0,40,7,19,0,0,1,4,47,7,0,0,4,0,0,0,0,0,0,0,0,0,1,0,1,13,0,8,63,3,1,0,0,1,0,2,27,2,21,0,1,0,1,,0,0,0,0,0,0,0,0,0,0,0,0,0,,,38,0,0,38,2,2,0,0,1,0,0,0,0,0,6,0,59,271,0,0,1,0,0,5,53,0,218
2011,1,NYJ,REG,2011_01_DAL_NYJ,DAL,26,44,335,2,1,4,-20,1,1,389,140,18,-1.32115777864952,-2.70628786899827,0,13,9,5,0,16,45,0,1,0,1,-3.23789651494008,0,0,0,0,0,26,44,335,2,0,0,389,140,18,7.03062627536577,0,13,9,5,0,1,49,0,6,0,0,1,4,16,5,1,20,2,0,1,0,1,0,0,0,0,18,1,0,2,0,0,0,0,4,2,1,1,3,1,3,13,4,78,2,2,0,0,50,1,0,0,1,0,1,0,0,0,0,0,0,0,34;50,,,84,0,0,3,3,0,0,1,0,0,0,0,0,6,0,48,239,2,0,1,0,2,3,29,0,210
2011,1,PHI,REG,2011_01_PHI_STL,LA,14,32,187,2,0,3,-20,1,1,335,59,11,-0.600079655326494,-7.0942904680006,0,8,5,4,1,32,236,1,0,0,12,12.4842398021137,0,9,8,1,1,14,31,187,2,0,0,335,59,11,8.14730334034603,0,8,5,4,1,0,55,0,0,0,0,1,5,28,11,0,0,3,0,0,0,0,0,0,0,0,0,0,0,1,56,1,8,91,5,1,0,0,1,1,0,0,2,36,1,1,0,0,34,1,0,0,1,0,0,0,0,0,0,0,0,0,34,,,34,0,0,4,4,0,0,1,0,0,0,0,0,3,0,39,109,0,0,2,0,0,1,0,0,109
2011,1,PIT,REG,2011_01_PIT_BAL,BAL,22,41,280,1,3,4,-34,2,2,424,126,15,-12.3050665138871,-6.63575951646014,0,13,6,3,0,16,66,0,1,1,4,-3.74715985136572,0,1,1,1,0,22,41,280,1,1,1,424,126,15,-5.99753433093429,0,13,6,3,0,0,40,12,14,0,0,0,1,9,3,0,0,4,0,0,0,0,0,0,0,0,0,0,0,0,0,0,6,53,1,4,0,0,4,4,2,7,3,103,0,0,0,0,,,0,0,0,0,0,0,0,0,0,0,0,0,,,,0,0,0,1,1,0,0,1,0,0,0,0,0,4,0,64,211,2,0,2,1,1,0,0,0,191
2011,1,SEA,REG,2011_01_SEA_SF,SF,21,37,197,2,1,5,-42,2,2,330,100,9,-6.63265070243506,-2.24383151209032,0,7,1,1,1,21,64,0,1,0,5,-3.22931184018509,0,2,2,0,0,21,37,197,2,0,0,330,100,9,9.12243616295746,0,7,1,1,1,0,43,4,8,0,0,0,0,0,1,0,0,1,0,0,0,0,0,0,0,0,0,1,-1,0,0,0,11,72,1,2,1,0,3,2,3,27,5,114,1,1,0,0,39,1,0,0,1,0,0,0,0,0,0,0,0,0,39,,,39,0,0,2,2,0,0,1,0,0,0,0,0,7,0,77,342,1,0,0,1,1,5,92,1,230
2011,1,SF,REG,2011_01_SEA_SF,SEA,15,20,124,0,0,0,0,0,0,124,45,4,-0.328628249473597,12.0886212587357,0,5,3,2,0,32,85,1,1,0,4,-13.650227830551,0,3,2,0,0,15,20,124,0,0,0,124,45,4,-0.328628249473597,0,5,3,2,0,2,48,3,3,0,0,2,5,42,9,1,0,7,0,0,0,0,0,0,0,0,0,1,0,2,12,0,9,102,5,0,1,0,1,0,5,92,4,176,4,4,0,0,31,1,1,2,1,0,0,0,0,0,0,0,0,0,27;24;31;18,,,100,0,0,3,3,0,0,1,0,0,0,0,0,5,0,64,298,1,0,2,0,0,3,27,0,271
2011,1,TB,REG,2011_01_DET_TB,DET,29,46,266,1,1,2,-7,1,0,370,95,15,2.78826373959735,5.30789663845843,0,12,3,1,0,16,56,0,1,0,1,-6.88843742886093,0,1,1,0,0,29,44,266,1,0,0,370,111,15,4.05741164745564,0,12,4,1,0,0,59,4,6,0,0,2,0,0,0,1,28,3,1,0,0,0,0,0,0,0,0,3,-14,0,0,0,6,39,6,2,2,0,4,1,1,-2,1,78,2,2,0,0,38,1,0,0,2,0,0,0,0,0,0,0,0,0,38;31,,,69,0,0,2,2,0,0,1,0,0,0,0,0,5,0,58,261,1,0,0,0,0,5,34,0,227
2011,1,TEN,REG,2011_01_TEN_JAX,JAX,21,34,263,2,1,2,-14,1,0,271,157,11,4.57954010068745,3.14050786422961,0,8,5,4,1,13,43,0,0,0,1,-2.9609041265212,0,0,0,0,0,21,33,263,2,0,0,271,157,11,7.51001422122893,0,8,5,4,1,0,62,0,16,0,0,1,2,15,5,0,0,1,0,0,0,0,0,0,0,0,0,1,0,1,0,0,7,60,5,1,0,0,1,0,1,7,0,0,0,1,1,0,,0,0,0,0,0,0,0,0,0,0,0,0,1,,66,,0,66,0,2,2,0,0,1,0,0,0,0,0,7,0,48,291,2,0,3,1,0,3,31,0,240
2011,1,WAS,REG,2011_01_NYG_WAS,NYG,21,34,305,2,0,4,-47,1,1,502,87,17,11.0063441072295,7.01377549592186,0,14,7,6,0,25,52,1,0,0,2,-8.23076723885606,0,0,0,0,0,21,34,305,2,0,0,502,87,17,21.37795718144,0,14,7,6,0,0,28,6,28,0,0,1,4,28,7,1,9,2,1,0,0,0,0,1,0,0,7,0,0,0,0,0,3,25,1,1,0,0,1,1,5,53,2,48,0,1,1,0,,0,0,0,0,0,0,0,0,0,1,0,0,0,,39,,0,39,0,4,4,0,0,1,0,0,0,0,0,6,0,56,258,4,0,2,0,2,2,27,0,231
2011,2,ARI,REG,2011_02_ARI_WAS,WAS,17,30,251,2,1,3,-20,1,0,218,105,10,3.27525952301221,-7.56258249282837,0,9,4,3,1,15,93,1,0,0,6,6.0293156853877,0,3,1,1,0,17,30,251,2,1,1,218,105,10,2.33921451191418,0,9,4,3,1,0,49,9,23,0,0,0,1,8,8,2,50,13,0,1,0,0,0,1,0,0,0,2,0,0,0,0,10,97,4,2,1,0,3,1,2,30,2,62,0,0,0,0,,,0,0,0,0,0,0,0,0,0,0,0,0,,,,0,0,0,3,3,0,0,1,0,0,0,0,0,6,0,53,294,1,0,1,1,0,4,73,0,201
2011,2,ATL,REG,2011_02_PHI_ATL,PHI,17,28,195,4,2,4,-15,0,0,320,61,14,4.12949813134037,2.79978236981801,0,10,3,1,0,29,138,1,0,0,5,-1.10221586172702,0,4,2,1,1,17,28,195,4,0,0,320,61,14,10.602926434949,0,10,3,1,0,0,53,0,14,0,0,3,0,0,6,1,2,4,0,0,0,0,0,0,0,0,0,0,0,2,66,0,7,57,3,0,0,0,0,0,1,19,3,78,0,0,0,0,,,0,0,0,0,0,0,0,0,0,0,0,0,,,,0,0,0,5,5,0,0,1,0,0,0,0,0,7,0,49,249,1,0,2,0,2,3,6,0,243
2011,2,BAL,REG,2011_02_BAL_TEN,TEN,15,32,197,1,2,3,-13,1,0,297,80,11,-4.0912503226019,-10.3171621759733,0,9,6,3,0,17,45,0,1,1,2,-7.4917013021186,0,1,0,0,0,15,30,197,1,0,0,297,80,11,-2.35889417703871,0,9,6,3,0,0,50,0,22,0,0,0,0,0,2,1,0,6,0,0,0,0,0,0,0,0,0,1,0,0,0,0,7,44,6,2,0,0,2,1,1,4,4,142,2,2,0,0,41,1,0,1,0,1,0,0,0,0,0,0,0,0,41;29,,,70,0,0,1,1,0,0,1,0,0,0,0,0,5,0,54,225,1,0,2,0,0,3,17,0,208
2011,2,BUF,REG,2011_02_OAK_BUF,LV,28,46,264,3,1,1,-6,0,0,291,123,17,10.2358249143411,-1.69942686955134,0,10,3,0,0,24,223,2,0,0,12,10.5556174305675,0,8,7,4,1,28,45,264,3,0,0,291,123,17,11.3892683972202,0,10,3,0,0,0,28,22,30,0,0,1,0,0,4,1,0,2,0,0,0,0,0,0,0,0,0,0,0,1,0,0,3,26,5,0,0,0,0,0,2,16,0,0,1,2,0,1,25,0.5,0,1,0,0,0,0,0,0,0,0,0,0,25,,39,25,0,39,5,5,0,0,1,0,0,0,0,0,2,0,58,99,0,0,0,0,0,2,19,0,80
2011,2,CAR,REG,2011_02_GB_CAR,GB,28,46,432,1,3,4,-28,0,0,460,209,18,5.62734035615802,2.92506567809893,0,17,10,8,1,21,71,1,0,0,6,-1.55715715402039,0,1,1,0,0,28,46,432,1,1,1,460,209,18,8.55204286735614,0,17,10,8,1,0,36,3,11,0,0,1,1,13,2,0,0,4,0,0,0,0,0,0,0,0,0,0,0,1,0,0,6,50,4,1,0,0,1,1,2,11,5,107,3,3,0,0,33,1,0,2,1,0,0,0,0,0,0,0,0,0,20;33;21,,,74,0,0,2,2,0,0,1,0,0,0,0,0,2,0,40,75,1,0,0,0,2,0,0,0,75
2011,2,CHI,REG,2011_02_CHI_NO,NO,19,45,244,1,0,6,-58,1,1,307,142,14,-14.5629212274139,-18.122952262109,0,13,7,2,0,12,60,0,0,0,2,-1.69844739604741,0,2,2,1,1,19,44,244,1,1,0,307,142,14,0.161919925835277,0,13,7,2,0,0,47,1,19,0,0,1,1,6,2,0,0,3,0,1,0,0,0,0,0,0,0,0,0,1,1,0,6,47,5,3,0,2,3,1,1,-4,3,77,2,2,0,0,42,1,0,0,1,1,0,0,0,0,0,0,0,0,42;38,,,80,0,0,1,1,0,0,1,0,0,0,0,0,8,0,51,350,2,0,1,0,5,2,1,0,349
2011,2,CIN,REG,2011_02_CIN_DEN,DEN,27,41,332,2,0,2,-22,0,0,381,159,14,5.17574772945667,5.15015986634464,0,11,5,5,1,20,72,0,0,0,2,-3.65734084451105,0,2,1,0,0,27,41,332,2,0,0,381,159,14,8.1613167501317,0,11,5,5,1,0,46,0,6,0,0,2,2,8,2,0,0,4,0,0,0,0,0,0,0,0,0,0,0,2,10,0,7,69,5,0,0,0,0,0,5,29,0,0,3,3,0,0,45,1,0,1,1,1,0,0,0,0,0,0,0,0,45;37;23,,,105,0,0,1,1,0,0,1,0,0,0,0,0,5,0,48,205,2,0,2,1,2,0,0,0,185
2011,2,CLE,REG,2011_02_CLE_IND,IND,22,32,211,1,0,1,-14,1,0,140,122,9,5.84308964310316,2.37955575989139,0,6,5,2,0,34,106,2,2,1,8,-5.56180380016471,0,1,1,1,0,22,31,211,1,1,0,140,122,9,9.66506826382233,0,6,5,2,0,0,40,0,18,0,0,1,2,15,4,1,28,7,0,0,0,0,0,0,0,0,0,3,0,1,5,0,3,49,2,4,0,0,4,1,2,52,2,80,2,2,0,0,23,1,0,2,0,0,0,0,0,0,0,0,0,0,20;23,,,43,0,0,3,3,0,0,1,0,0,0,0,0,5,0,48,201,3,0,3,0,2,0,0,0,201
2011,2,DAL,REG,2011_02_DAL_SF,SF,26,43,432,3,2,1,-5,0,0,360,219,17,16.7679373042578,2.94304268304692,0,13,10,8,2,22,45,0,2,0,3,-6.41203170707127,0,0,0,0,0,26,43,432,3,0,0,360,219,17,17.9652510018007,0,13,10,8,2,0,45,2,2,0,0,0,6,47,9,1,15,2,0,0,0,0,0,0,0,0,0,3,0,0,0,0,8,83,6,2,1,0,3,0,4,38,1,26,2,3,1,0,48,0.666666666666667,1,0,0,1,0,0,0,1,0,0,0,0,48;19,21,,67,21,0,3,3,0,0,1,1,1,0,0,19,4,0,54,194,0,0,0,0,0,4,45,0,149
2011,2,DEN,REG,2011_02_CIN_DEN,CIN,15,25,195,2,0,2,-8,1,1,196,71,8,5.16535469588538,-0.969649314880371,0,7,3,2,1,36,131,1,0,0,9,-2.09690832911292,0,3,2,0,0,15,25,195,2,1,1,196,71,8,5.16137208117289,0,7,3,2,1,0,45,1,13,0,0,0,2,22,4,0,0,7,0,0,0,0,0,0,0,0,0,0,0,0,0,0,7,55,2,2,0,0,2,2,0,0,1,23,1,1,0,0,34,1,0,0,1,0,0,0,0,0,0,0,0,0,34,,,34,0,0,3,3,0,0,1,0,0,0,0,0,6,0,59,335,1,0,0,0,1,5,29,0,306
2011,2,DET,REG,2011_02_KC_DET,KC,24,40,322,4,1,0,0,0,0,342,140,12,17.9081707495986,0.963100103231577,0,9,6,6,1,30,89,2,1,0,7,-2.5187606344698,0,3,2,0,0,24,39,322,4,0,0,342,140,12,18.3107161059074,0,9,6,6,1,0,42,0,18,0,0,2,2,17,4,3,45,5,0,0,0,0,0,0,0,0,0,1,0,3,4,0,4,35,3,1,0,0,1,0,1,7,0,0,2,2,0,0,51,1,0,1,0,0,1,0,0,0,0,0,0,0,51;28,,,79,0,0,6,6,0,0,1,0,0,0,0,0,5,0,51,206,2,0,3,0,1,1,1,0,205
2011,2,GB,REG,2011_02_GB_CAR,CAR,19,30,308,2,0,1,-13,0,0,245,184,9,13.4625360228772,1.17897142966588,0,10,4,3,2,21,124,1,0,0,5,1.64097842155024,0,3,3,1,1,19,30,308,2,0,0,245,184,9,15.2061187457246,0,10,4,3,2,0,52,2,10,0,0,1,4,28,7,3,6,8,0,0,0,0,0,0,0,0,0,0,0,1,-1,0,7,57,1,1,0,0,1,1,0,0,3,53,3,3,0,0,37,1,1,0,2,0,0,0,0,0,0,0,0,0,37;19;34,,,90,0,0,3,3,0,0,1,0,0,0,0,0,3,0,47,116,1,0,0,0,1,2,11,0,105
2011,2,HOU,REG,2011_02_HOU_MIA,MIA,21,29,230,2,0,3,-23,0,0,262,69,10,5.46198080725569,20.9520656753469,0,9,4,3,1,36,138,0,0,0,9,-6.55840421406333,0,4,3,0,0,21,27,230,2,0,0,262,69,10,10.8302834100323,0,9,4,3,1,0,42,0,12,0,0,1,2,17,7,1,5,8,0,0,0,0,0,1,0,0,0,0,0,1,0,0,4,76,4,0,0,0,0,0,2,36,2,77,3,3,0,0,36,1,0,2,1,0,0,0,0,0,0,0,0,0,23;22;36,,,81,0,0,2,2,0,0,1,0,0,0,0,0,6,0,69,287,2,0,0,0,2,4,40,0,247
2011,2,IND,REG,2011_02_CLE_IND,CLE,19,38,191,1,1,2,-15,1,1,282,86,12,-7.98114806198387,-11.6294176214271,0,8,3,2,0,26,109,0,0,0,6,-3.54615031183981,0,3,3,0,0,19,36,191,1,0,0,282,86,12,0.0764905837121184,0,8,3,2,0,0,35,0,52,0,0,4,1,14,5,0,0,2,0,0,0,0,0,0,0,0,0,0,0,1,0,0,4,21,4,1,0,0,1,1,0,0,3,66,4,4,0,0,52,1,0,1,2,0,1,0,0,0,0,0,0,0,39;27;52;36,,,154,0,0,1,1,0,0,1,0,0,0,0,0,4,0,58,208,0,0,1,0,1,2,52,0,156
2011,2,JAX,REG,2011_02_JAX_NYJ,NYJ,11,25,111,0,4,2,-20,0,0,205,75,6,-24.6295396577934,-18.5842784643173,0,5,2,1,0,27,112,0,0,0,5,-6.09780215998762,0,5,2,0,0,11,25,111,0,0,0,205,75,6,-23.1208596683009,0,5,2,1,0,0,46,0,14,0,0,0,1,0,4,2,12,2,0,0,0,0,0,0,0,0,0,0,0,0,0,0,4,50,3,0,0,0,0,0,2,7,6,104,1,1,0,0,55,1,0,0,0,0,1,0,0,0,0,0,0,0,55,,,55,0,0,0,0,0,0,,0,0,0,0,0,5,0,46,203,1,0,3,2,0,0,0,0,163
2011,2,KC,REG,2011_02_KC_DET,DET,15,23,133,0,3,2,-17,1,1,230,37,6,-16.315932661173,1.87316938586857,0,5,3,1,1,29,151,0,0,0,5,-2.24129770066737,0,5,5,2,0,15,23,133,0,1,1,230,37,6,-14.4670300819507,0,5,3,1,1,0,46,2,18,0,0,1,0,0,6,1,4,10,0,1,0,0,0,0,0,0,0,0,0,0,0,0,8,70,3,2,1,0,3,3,1,1,3,69,1,2,1,0,33,0.5,0,0,1,0,0,0,0,0,0,1,0,0,33,44,,33,44,0,0,0,0,0,,0,0,0,0,0,5,0,44,198,2,0,0,0,4,1,7,0,191
2011,2,LA,REG,2011_02_STL_NYG,NYG,22,46,331,1,0,2,-23,0,0,427,95,13,8.4394101544492,-10.2920074595345,0,12,9,5,1,19,59,0,1,1,1,-12.6883714019787,0,1,1,0,0,22,46,331,1,1,0,427,95,13,11.3299333789362,0,12,9,5,1,0,37,22,24,0,0,0,3,19,4,1,0,3,0,1,0,0,0,0,0,0,0,1,-10,0,0,0,7,62,3,2,2,1,4,2,2,29,4,90,3,3,0,0,27,1,0,3,0,0,0,0,0,0,0,0,0,0,21;25;27,,,73,0,0,1,1,0,0,1,0,0,0,0,0,7,0,58,313,1,0,2,0,2,3,17,0,296
2011,2,LAC,REG,2011_02_SD_NE,NE,29,40,378,2,2,2,-6,1,1,318,174,20,15.8952113235137,10.8165210485458,0,14,9,6,0,24,98,1,1,1,5,-7.33167498663534,0,4,2,0,0,29,40,378,2,0,0,318,174,20,21.0665819562273,0,14,9,6,0,0,41,2,28,0,0,0,2,13,5,0,0,4,0,0,0,0,0,0,0,0,0,0,0,0,0,0,6,44,3,2,0,0,2,2,1,-2,3,63,0,0,0,0,,,0,0,0,0,0,0,0,0,0,0,0,0,,,,0,0,0,3,3,0,0,1,0,0,0,0,0,1,0,35,35,1,0,1,0,0,0,0,0,35
2011,2,LV,REG,2011_02_OAK_BUF,BUF,23,33,323,2,1,0,0,0,0,388,125,17,21.0010393528792,12.3841620755918,0,12,7,5,2,30,131,3,1,1,9,2.17694064282114,0,3,3,2,0,23,33,323,2,0,0,388,125,17,21.0010393528792,0,12,7,5,2,0,31,16,22,0,0,0,1,6,4,1,2,8,0,0,0,0,0,1,0,0,0,0,0,0,0,0,8,85,4,1,0,0,1,1,2,19,4,61,0,0,0,0,,,0,0,0,0,0,0,0,0,0,0,0,0,,,,0,0,0,5,5,0,0,1,0,0,0,0,0,3,0,58,155,1,0,0,0,1,2,16,0,139
2011,2,MIA,REG,2011_02_HOU_MIA,HOU,12,30,170,1,1,2,-17,0,0,258,56,11,-5.33382348157742,-15.3300851583481,0,8,4,3,1,28,153,0,1,1,5,-4.15244987898254,0,5,4,1,0,12,30,170,1,0,0,258,56,11,-2.71101230546177,0,8,4,3,1,0,53,0,16,0,0,0,3,23,8,0,0,1,0,0,0,0,0,0,0,0,0,0,0,0,0,0,3,20,5,1,0,0,1,1,4,40,3,77,2,4,1,1,42,0.5,0,0,1,1,0,0,0,0,1,0,0,0,42;34,34,22,76,34,22,1,1,0,0,1,0,0,0,0,0,3,0,70,181,2,0,1,0,0,2,36,0,145
2011,2,MIN,REG,2011_02_TB_MIN,TB,18,30,228,0,0,2,-16,0,0,244,139,12,1.86098531665737,-4.01561965545019,0,10,5,2,1,33,186,2,1,0,12,7.6874760981591,0,8,5,1,0,18,30,228,0,1,1,244,145,12,4.28640457996624,0,10,4,1,1,0,42,0,10,0,0,0,2,13,7,1,32,5,0,0,0,0,0,0,0,0,0,1,0,0,0,0,8,65,2,1,1,0,2,1,2,3,2,17,2,2,0,0,29,1,0,2,0,0,0,0,0,0,0,0,0,0,22;29,,,51,0,0,2,2,0,0,1,0,0,0,0,0,4,0,52,165,1,0,1,0,1,2,27,0,138
2011,2,NE,REG,2011_02_SD_NE,LAC,31,40,423,3,0,2,-13,0,0,285,195,23,23.8371950317847,13.8604188710451,0,21,10,5,0,25,94,1,0,0,4,-0.212787592390552,1,2,1,0,0,31,40,423,3,0,0,285,195,23,26.6986659429708,0,21,10,5,0,0,48,1,13,0,0,2,2,6,5,2,30,3,0,0,0,0,0,0,0,0,0,0,0,2,0,0,8,80,4,0,0,0,0,0,0,0,2,39,2,2,0,0,47,1,0,1,0,1,0,0,0,0,0,0,0,0,22;47,,,69,0,0,3,3,0,0,1,0,0,0,0,0,2,0,54,85,1,0,1,0,0,1,-2,0,87
2011,2,NO,REG,2011_02_CHI_NO,CHI,26,37,270,3,0,1,-6,0,0,152,167,11,9.32047987985722,1.86359974983576,0,11,2,2,1,29,118,0,1,1,5,-8.0435538872148,0,1,1,0,0,26,37,270,3,0,0,152,167,11,10.9386533622194,0,11,2,2,1,0,31,3,17,0,0,3,6,58,11,0,0,6,0,0,0,0,0,0,0,0,0,0,0,1,0,0,7,41,3,1,0,0,1,1,2,1,1,24,3,3,0,0,53,1,0,1,1,0,1,0,0,0,0,0,0,0,31;29;53,,,113,0,0,3,3,0,0,1,0,0,0,0,0,5,0,59,229,1,0,3,0,1,1,-4,0,233
2011,2,NYG,REG,2011_02_STL_NYG,LA,19,30,223,2,1,3,-19,0,0,277,87,10,2.85543552204035,1.72415544589361,0,8,6,4,0,38,119,1,0,0,9,-4.58631550054997,0,3,2,0,0,19,30,223,2,0,0,277,87,10,8.76907098200172,0,8,6,4,0,0,28,17,17,0,0,2,2,23,9,0,0,9,0,0,0,0,0,0,0,0,0,0,0,2,65,1,5,55,3,0,0,0,0,0,3,17,2,51,0,0,0,0,,,0,0,0,0,0,0,0,0,0,0,0,0,,,,0,0,0,4,4,0,0,1,0,0,0,0,0,7,0,61,322,2,0,1,1,3,2,29,0,273
2011,2,NYJ,REG,2011_02_JAX_NYJ,JAX,17,24,182,2,2,1,0,0,0,183,65,8,4.00707008577237,12.2274142379562,0,6,4,2,0,32,101,1,0,0,5,-4.71077434844545,0,3,2,0,0,17,24,182,2,0,0,183,65,8,4.7593505916121,0,6,4,2,0,0,41,0,14,0,0,0,2,20,4,4,76,9,0,0,1,0,0,0,0,0,0,0,0,0,0,0,7,60,3,0,0,0,0,0,0,0,3,100,3,3,0,0,45,1,0,1,1,1,0,0,0,0,0,0,0,0,38;45;23,,,106,0,0,3,3,0,0,1,0,0,0,0,0,5,0,44,194,1,0,0,0,3,2,7,0,187
2011,2,PHI,REG,2011_02_PHI_ATL,ATL,26,37,314,2,1,0,0,0,0,326,140,12,6.59400417253489,10.5940826237202,0,10,7,6,1,30,133,2,3,2,11,-6.12419867073186,0,4,2,1,0,26,36,314,2,0,0,326,140,12,7.42700671677592,0,10,7,6,1,0,38,0,22,0,0,0,4,15,6,2,20,6,0,0,0,0,0,0,0,0,0,0,0,0,0,0,4,20,5,3,0,1,3,2,3,6,5,113,1,2,1,0,22,0.5,0,1,0,0,0,0,0,0,0,0,0,1,22,63,,22,63,0,4,4,0,0,1,0,0,0,0,0,4,0,52,179,2,0,1,1,1,1,19,0,140
2011,2,PIT,REG,2011_02_SEA_PIT,SEA,23,31,313,1,0,2,-16,0,0,323,97,16,14.2377049959483,13.9865558954977,0,13,8,3,1,35,124,2,0,0,5,-2.6658860904281,0,3,1,1,0,23,31,313,1,0,0,323,97,16,17.462192683002,0,13,8,3,1,0,27,6,18,0,0,0,5,26,8,0,0,2,0,0,0,0,0,0,0,0,0,0,0,0,0,0,4,48,3,0,0,0,0,0,6,64,1,23,1,2,1,0,20,0.5,0,1,0,0,0,0,0,0,0,1,0,0,20,41,,20,41,0,3,3,0,0,1,0,0,0,0,0,3,0,66,175,0,0,0,2,0,1,0,0,135
2011,2,SEA,REG,2011_02_SEA_PIT,PIT,20,29,159,0,0,5,-26,0,0,164,66,7,-8.0104550975957,4.93955165147781,0,6,1,0,0,13,31,0,0,0,1,-5.30742216383806,0,0,0,0,0,20,28,159,0,0,0,164,66,7,0.624320822826121,0,6,1,0,0,0,41,9,29,0,0,0,2,16,3,0,0,3,0,0,0,0,0,0,0,0,0,0,0,0,0,0,6,66,2,0,0,0,0,0,1,0,2,39,0,0,0,0,,,0,0,0,0,0,0,0,0,0,0,0,0,,,,0,0,0,0,0,0,0,,0,0,0,0,0,8,0,59,387,3,0,2,0,0,6,64,0,323
2011,2,SF,REG,2011_02_DAL_SF,DAL,16,24,179,2,1,6,-47,0,0,163,88,10,-2.49118048348464,4.40608151257038,0,10,2,2,0,24,74,1,0,0,3,-6.4374870152244,0,1,1,0,0,16,24,179,2,0,0,163,88,10,6.06803034723271,0,10,2,2,0,0,50,1,5,0,0,2,1,5,8,2,18,10,0,0,0,0,0,0,0,0,0,0,0,0,0,0,5,25,5,0,0,0,0,0,4,45,1,43,1,1,0,0,55,1,0,0,0,0,1,0,0,0,0,0,0,0,55,,,55,0,0,3,3,0,0,1,0,0,0,0,0,6,0,64,332,1,0,0,1,1,4,38,0,274
2011,2,TB,REG,2011_02_TB_MIN,MIN,22,31,243,1,1,2,-13,0,0,259,104,12,2.41726278375461,6.72565842828443,0,7,6,2,1,19,105,2,0,0,6,5.83736932807369,0,3,3,1,0,22,31,243,1,0,0,259,104,12,5.56377958973497,0,7,6,2,1,0,49,0,10,0,0,1,2,16,3,0,0,3,0,0,0,0,0,0,0,0,0,0,0,1,0,0,6,53,1,0,0,0,0,0,2,27,4,91,1,1,0,0,36,1,0,0,1,0,0,0,0,0,0,0,0,0,36,,,36,0,0,3,3,0,0,1,0,0,0,0,0,4,0,52,183,1,0,0,0,2,2,3,0,180
2011,2,TEN,REG,2011_02_BAL_TEN,BAL,30,42,358,1,1,0,0,0,0,348,100,16,13.6189231093481,9.53808352351189,0,12,7,4,1,29,74,1,0,0,3,-7.17736530531586,0,2,1,0,0,30,42,358,1,0,0,348,100,16,13.6189231093481,0,12,7,4,1,0,39,0,4,0,0,2,3,13,5,2,34,6,0,0,0,0,0,0,0,0,0,0,0,1,0,0,6,70,2,0,0,0,0,0,3,17,0,0,4,5,1,0,43,0.8,0,1,2,1,0,0,0,0,1,0,0,0,25;43;39;33,34,,140,34,0,2,2,0,0,1,0,0,0,0,0,3,0,55,119,2,0,1,0,1,1,4,0,115
2011,2,WAS,REG,2011_02_ARI_WAS,ARI,25,43,291,2,2,1,-8,0,0,250,158,13,0.302874918957814,-5.12838564639868,0,10,7,5,1,35,172,0,0,0,10,0.126850947912317,0,7,3,1,0,25,43,291,2,0,0,250,158,13,1.81885655310528,0,10,7,5,1,0,26,5,23,0,0,2,3,20,5,1,0,7,0,0,0,0,0,0,0,0,0,0,0,1,0,0,3,15,6,0,0,0,0,0,4,73,4,105,3,4,0,1,34,0.75,0,2,1,0,0,0,0,0,0,0,0,0,26;23;34,,30,83,0,30,1,1,0,0,1,0,0,0,0,0,3,0,40,75,2,0,0,0,1,2,30,0,45
2011,3,ARI,REG,2011_03_ARI_SEA,SEA,25,39,252,1,2,3,-18,1,0,279,110,13,-2.04549638355576,-0.0240719632098549,0,10,3,2,0,28,90,0,0,0,5,-3.30487572657876,0,0,0,0,0,25,38,252,1,1,0,279,110,13,1.77250821121078,0,10,3,2,0,0,41,0,26,0,0,0,4,32,12,1,1,4,0,1,0,0,0,0,0,0,0,3,17,0,0,0,2,20,6,3,0,0,3,0,4,19,3,88,1,3,2,0,44,0.333333333333333,0,0,0,1,0,0,0,0,0,1,1,0,44,51;49,,44,100,0,1,1,0,0,1,0,0,0,0,0,5,0,49,206,0,0,2,0,0,3,27,0,179
2011,3,ATL,REG,2011_03_ATL_TB,TB,26,47,330,1,1,4,-35,2,2,457,143,18,-5.20602849950717,-2.01417797285578,0,15,7,3,1,15,30,0,0,0,2,-3.78973151854007,0,1,1,0,0,26,46,330,1,0,0,457,143,18,7.95417439654068,0,15,7,3,1,0,42,15,17,0,0,0,0,0,2,2,27,2,0,0,0,0,0,0,0,0,0,0,0,0,0,0,7,50,5,2,0,0,2,2,2,16,3,58,2,2,0,0,33,1,0,1,1,0,0,0,0,0,0,0,0,0,26;33,,,59,0,0,1,1,0,0,1,0,0,0,0,0,3,0,38,94,1,0,0,0,1,2,29,0,65
2011,3,BAL,REG,2011_03_BAL_STL,LA,27,48,389,3,0,2,-4,1,1,544,190,17,10.6713023478629,-0.772522514065107,0,15,8,5,2,26,168,0,1,0,6,6.33021712747612,0,4,3,2,1,27,48,389,3,0,0,544,190,17,16.7550585123942,0,15,8,5,2,0,49,0,0,0,0,1,5,34,11,1,0,3,0,1,0,0,0,0,0,0,0,2,0,1,28,1,5,32,3,2,1,0,3,1,6,55,2,60,3,5,2,0,38,0.6,0,1,2,0,0,0,0,0,0,0,2,0,21;31;38,51;51,,90,102,0,4,4,0,0,1,0,0,0,0,0,2,0,49,89,1,0,0,1,1,0,0,0,69
2011,3,BUF,REG,2011_03_NE_BUF,NE,27,40,369,2,2,0,0,0,0,370,160,16,9.36638996310747,8.71278315782547,0,13,8,7,1,20,79,1,0,0,4,-0.359881677163555,0,3,2,1,0,27,40,369,2,0,0,370,160,16,9.36638996310747,0,13,8,7,1,0,32,19,39,0,0,0,0,0,4,4,56,9,1,0,0,0,0,0,0,0,0,0,0,0,0,0,9,77,5,0,0,0,0,0,2,20,1,16,2,2,0,0,42,1,0,1,0,1,0,0,0,0,0,0,0,0,42;28,,,70,0,0,4,4,0,0,1,1,1,0,0,28,5,0,63,253,2,0,2,0,0,3,31,0,222
2011,3,CAR,REG,2011_03_JAX_CAR,JAX,18,34,158,1,0,0,0,0,0,272,105,10,1.18981569491746,-10.7247992898479,1,8,3,0,0,28,107,0,0,0,5,-6.72079186249229,0,3,3,1,0,18,34,158,1,0,0,272,105,10,1.18981569491746,1,8,3,0,0,0,38,7,17,0,0,1,2,10,2,1,15,5,0,0,1,0,0,0,0,0,0,0,0,0,0,0,8,69,3,0,0,0,0,0,4,28,1,4,2,2,0,0,35,1,0,0,2,0,0,0,0,0,0,0,0,0,35;32,,,67,0,0,0,0,0,0,,0,0,0,0,0,8,0,51,307,2,0,1,3,2,2,-2,0,249
2011,3,CHI,REG,2011_03_GB_CHI,GB,21,37,302,2,2,3,-24,0,0,422,131,11,-2.03632718770284,-0.55898717931799,0,11,6,5,1,12,13,0,1,0,1,-8.27918048729771,0,0,0,0,0,21,37,302,2,0,0,422,131,11,2.82451620444437,0,11,6,5,1,0,54,0,18,0,0,2,2,5,1,1,0,3,0,0,0,0,0,0,0,0,0,2,-1,1,0,0,10,70,4,0,2,0,2,0,2,30,3,64,1,1,0,0,25,1,0,1,0,0,0,0,0,0,0,0,0,0,25,,,25,0,0,2,2,0,0,1,0,0,0,0,0,7,0,49,298,0,0,0,0,2,5,39,0,259
2011,3,CIN,REG,2011_03_SF_CIN,SF,17,32,157,0,2,1,-8,0,0,280,31,9,-14.6430710795818,-9.00979852303863,0,6,3,1,0,20,79,0,0,0,5,-3.0747450934723,0,1,0,0,0,17,32,157,0,0,0,280,31,9,-13.331975814143,0,6,3,1,0,0,42,3,31,0,0,3,5,25,8,0,0,1,0,0,1,0,0,0,0,0,0,0,0,1,0,0,6,40,3,0,1,0,1,1,3,31,3,54,2,2,0,0,23,1,0,2,0,0,0,0,0,0,0,0,0,0,22;23,,,45,0,0,0,0,0,0,,0,0,0,0,0,7,0,59,317,3,0,1,1,2,3,19,0,278
2011,3,CLE,REG,2011_03_MIA_CLE,MIA,19,39,210,2,1,0,0,0,0,368,107,13,1.33076504354251,-9.09043642190787,0,11,2,1,0,19,70,0,0,0,3,-2.16777715197532,0,2,2,0,0,19,39,210,2,0,0,368,107,13,1.33076504354251,0,11,2,1,0,0,56,0,22,0,0,1,5,24,8,1,4,5,0,0,0,0,0,0,0,0,0,0,0,1,0,0,8,85,4,0,0,0,0,0,1,6,1,23,1,1,0,0,30,1,0,0,1,0,0,0,0,0,0,0,0,0,30,,,30,0,0,2,2,0,0,1,0,0,0,0,0,5,0,53,211,0,0,3,0,0,2,28,0,183
2011,3,DAL,REG,2011_03_WAS_DAL,WAS,22,36,255,0,1,1,-5,1,0,219,165,12,1.37157964450454,-0.787636812995462,0,10,8,7,0,26,125,0,1,0,2,-7.45274413616691,0,2,2,2,1,22,34,255,0,1,1,219,165,12,0.0172202374102337,0,10,8,7,0,0,45,3,13,0,0,1,3,17,4,1,14,5,0,0,0,0,0,1,0,0,0,5,-11,1,0,0,6,55,2,3,3,0,6,1,2,10,0,0,6,6,0,0,41,1,0,2,1,3,0,0,0,0,0,0,0,0,41;27;32;41;23;40,,,204,0,0,0,0,0,0,,0,0,0,0,0,3,0,65,152,2,0,0,0,1,2,16,0,136
2011,3,DEN,REG,2011_03_DEN_TEN,TEN,24,39,173,2,2,1,-1,0,0,200,71,14,2.37834373977967,-2.80593427327963,0,6,2,2,0,23,59,0,0,0,2,-10.4000436312053,0,1,0,0,0,24,39,173,2,0,0,200,71,14,3.06971200474072,0,6,2,2,0,0,44,0,14,0,0,1,2,16,2,0,0,2,0,0,0,0,0,0,0,0,0,0,0,2,0,0,1,15,5,0,0,0,0,0,3,47,1,19,0,0,0,0,,,0,0,0,0,0,0,0,0,0,0,0,0,,,,0,0,0,2,2,0,0,1,0,0,0,0,0,5,0,62,246,4,0,0,0,1,4,21,0,225
2011,3,DET,REG,2011_03_DET_MIN,MIN,32,46,378,2,0,5,-40,1,0,345,186,16,10.9368002337566,3.29724180957545,0,13,6,4,2,19,20,0,0,0,1,-6.10827322670957,0,0,0,0,0,32,46,378,2,0,0,345,186,16,18.8337609573197,0,13,6,4,2,0,49,0,10,0,0,1,4,22,7,0,0,2,0,0,0,0,0,0,0,0,0,1,0,0,0,0,7,65,2,1,0,0,1,0,4,37,5,95,4,4,0,0,50,1,0,1,1,1,1,0,0,0,0,0,0,0,28;50;40;32,,,150,0,0,2,2,0,0,1,1,1,0,0,32,7,0,52,325,1,0,0,0,3,4,90,0,235
2011,3,GB,REG,2011_03_GB_CHI,CHI,28,38,297,3,1,2,-5,1,0,241,105,17,12.0470383950713,12.1795902910985,0,15,6,2,0,29,100,0,1,1,6,-9.7749051793071,0,5,3,0,0,28,38,297,3,0,0,241,105,17,13.5562678913673,0,15,6,2,0,0,36,0,4,0,0,0,3,24,4,2,0,5,0,0,0,0,0,0,0,0,0,1,0,0,0,0,7,35,5,2,0,0,2,1,5,39,0,0,2,2,0,0,37,1,0,1,1,0,0,0,0,0,0,0,0,0,37;28,,,65,0,0,3,3,0,0,1,0,0,0,0,0,6,0,47,229,1,0,3,0,1,2,30,0,199
2011,3,HOU,REG,2011_03_HOU_NO,NO,22,39,373,3,1,2,-9,0,0,352,207,17,13.3185789993197,-5.8864248426337,0,16,7,6,2,25,109,0,0,0,4,-1.4006708583911,0,4,1,0,0,22,38,373,3,0,0,352,207,17,16.0190768017831,0,16,7,6,2,0,51,0,6,0,0,0,2,16,5,2,26,7,0,0,0,0,0,0,0,0,0,0,0,0,0,0,7,56,4,0,0,0,0,0,2,5,3,83,4,4,0,0,36,1,0,3,1,0,0,0,0,0,0,0,0,0,22;27;27;36,,,112,0,0,3,3,0,0,1,0,0,0,0,0,2,0,40,74,0,0,1,0,0,1,5,0,69
2011,3,IND,REG,2011_03_PIT_IND,PIT,18,40,153,0,0,1,-9,1,1,352,68,10,-13.8819629994717,-15.2074587345123,0,6,3,2,0,21,97,1,0,0,4,0.86389304412296,0,2,0,0,0,18,40,153,0,0,0,352,68,10,-6.0252359244071,0,6,3,2,0,0,38,0,34,0,0,2,3,23,5,1,25,4,0,0,0,0,0,0,0,0,0,0,0,2,47,1,3,21,4,1,0,0,1,1,1,2,3,75,2,2,0,0,25,1,0,2,0,0,0,0,0,0,0,0,0,0,21;25,,,46,0,0,2,2,0,0,1,0,0,0,0,0,7,0,55,311,3,0,2,0,1,4,65,0,246
2011,3,JAX,REG,2011_03_JAX_CAR,CAR,12,21,139,1,1,2,-10,0,0,243,78,4,0.484595400485302,-2.59456152007693,0,5,2,2,0,34,128,0,4,0,7,-11.7160602351069,0,3,3,2,0,12,21,139,1,1,0,243,78,4,1.71539734906433,0,5,2,2,0,0,39,4,20,0,0,0,0,0,1,0,0,5,0,0,0,0,0,0,0,0,0,4,-17,0,0,0,8,60,5,1,4,1,5,0,2,-2,2,61,1,1,0,0,53,1,0,0,0,0,1,0,0,0,0,0,0,0,53,,,53,0,0,1,1,0,0,1,0,0,0,0,0,6,0,47,234,1,0,1,1,0,4,28,0,186
2011,3,KC,REG,2011_03_KC_SD,LAC,17,24,176,2,1,1,-5,1,0,170,55,9,10.0290501235286,9.39259051034848,0,5,5,4,1,27,81,0,0,0,2,-6.51273893272024,0,2,1,0,0,17,24,176,2,0,0,170,55,9,11.6402336838655,0,5,5,4,1,0,40,18,18,0,0,2,2,8,2,2,93,6,0,0,0,0,0,0,0,0,0,1,0,0,0,0,7,65,5,1,0,0,1,0,1,37,4,116,1,2,1,0,33,0.5,0,0,1,0,0,0,0,0,1,0,0,0,33,38,,33,38,0,2,2,0,0,1,0,0,0,0,0,4,0,53,182,1,0,0,0,2,2,9,0,173
2011,3,LA,REG,2011_03_BAL_STL,BAL,16,32,166,1,1,5,-34,1,1,343,38,12,-18.8964463200537,-8.89140088111162,0,9,1,1,0,26,112,0,1,0,4,-4.38529116561404,0,3,3,0,0,16,32,166,1,0,0,343,38,12,-2.27696859912248,0,9,1,1,0,0,58,0,0,0,0,2,2,4,7,0,0,5,0,0,0,0,0,0,0,0,0,1,0,1,14,0,8,117,2,1,1,0,2,1,0,0,2,51,0,0,0,0,,,0,0,0,0,0,0,0,0,0,0,0,0,,,,0,0,0,1,1,0,0,1,0,0,0,0,0,8,0,59,372,0,0,0,1,1,6,55,0,297
2011,3,LAC,REG,2011_03_KC_SD,KC,24,38,266,0,2,2,-8,1,0,301,172,17,-0.0252757167265756,0.526028440186852,0,12,7,5,0,30,117,2,0,0,4,-0.271317104343325,0,2,2,0,0,24,38,266,0,1,0,301,172,17,2.17655633605933,0,12,7,5,0,0,35,16,16,0,0,1,1,5,2,1,0,3,0,0,0,0,0,0,0,0,0,2,0,0,0,0,4,40,3,2,0,0,2,0,2,9,2,44,2,2,0,0,41,1,0,0,1,1,0,0,0,0,0,0,0,0,35;41,,,76,0,0,2,2,0,0,1,0,0,0,0,0,2,0,54,95,1,0,0,0,1,1,37,0,58
2011,3,LV,REG,2011_03_NYJ_OAK,NYJ,18,27,156,0,0,1,-7,0,0,222,61,8,-1.19382961469228,6.06963978363917,0,6,2,2,0,32,234,4,0,0,10,8.11892545502633,0,7,6,3,1,18,26,156,0,0,0,222,61,8,0.236135705495979,0,6,2,2,0,0,42,5,29,0,0,1,4,30,7,1,0,10,0,0,0,0,0,0,0,0,0,0,0,1,0,0,7,55,4,0,0,0,0,0,3,15,3,52,2,3,1,0,54,0.666666666666667,0,0,0,1,1,0,0,0,0,0,1,0,54;49,56,,103,56,0,4,4,0,0,1,0,0,0,0,0,6,0,67,339,1,0,1,1,0,4,80,0,239
2011,3,MIA,REG,2011_03_MIA_CLE,CLE,19,29,255,1,1,5,-24,0,0,256,96,10,5.15432982401466,5.44085697881107,0,10,4,3,0,38,138,0,2,1,9,-1.09144744934747,0,2,0,0,0,19,29,255,1,0,0,256,96,10,12.2284915171892,0,10,4,3,0,0,32,0,10,0,0,0,0,0,4,1,5,7,0,0,0,0,0,0,0,0,0,1,0,0,0,0,10,93,3,1,1,0,2,1,2,28,3,60,3,4,1,0,41,0.75,0,1,1,1,0,0,0,0,0,0,1,0,23;41;38,51,,102,51,0,1,1,0,0,1,0,0,0,0,0,3,0,55,151,2,0,2,0,0,1,6,0,145
2011,3,MIN,REG,2011_03_DET_MIN,DET,22,36,211,1,0,4,-22,1,0,308,56,10,-5.90615987195701,-3.70150407155355,0,8,4,4,0,23,132,1,0,0,5,1.01831906213192,0,2,2,2,1,22,36,211,1,0,0,308,56,10,-0.404566801867771,0,8,4,4,0,0,53,0,18,0,0,1,5,40,8,0,0,4,0,0,0,0,0,0,0,0,0,1,0,0,0,0,10,79,6,1,0,0,1,0,4,90,5,160,3,3,0,0,49,1,0,0,1,2,0,0,0,0,0,0,0,0,33;41;49,,,123,0,0,2,2,0,0,1,0,0,0,0,0,6,0,54,267,1,0,0,0,2,4,37,0,230
2011,3,NE,REG,2011_03_NE_BUF,BUF,30,45,387,4,4,0,0,0,0,410,153,21,11.5898812759964,8.98442347844442,0,15,9,7,0,26,108,0,0,0,6,-0.181614694563905,0,3,2,0,0,30,45,387,4,0,0,410,153,21,11.5898812759964,0,15,9,7,0,0,32,11,23,0,0,0,0,0,3,2,37,6,0,0,0,0,0,0,0,0,0,0,0,0,0,0,8,93,6,0,0,0,0,0,3,31,4,73,1,1,0,0,23,1,0,1,0,0,0,0,0,0,0,0,0,0,23,,,23,0,0,4,4,0,0,1,0,0,0,0,0,3,0,57,140,2,0,0,0,1,2,20,0,120
2011,3,NO,REG,2011_03_HOU_NO,HOU,31,44,370,3,2,2,-16,0,0,330,164,20,12.1135974839895,4.73197271878069,2,18,6,4,1,22,100,2,0,0,5,-3.19765326546622,0,3,3,1,0,31,44,370,3,0,0,330,164,20,15.17739948168,2,18,6,4,1,0,42,0,22,0,0,0,2,9,4,1,2,8,0,0,0,0,0,0,0,0,0,0,0,0,0,0,4,26,4,0,0,0,0,0,1,5,4,103,1,1,0,0,35,1,0,0,1,0,0,0,0,0,0,0,0,0,35,,,35,0,0,3,3,0,0,1,0,0,0,0,0,3,0,54,148,1,0,1,0,0,2,5,0,143
2011,3,NYG,REG,2011_03_NYG_PHI,PHI,16,23,254,4,0,3,-22,0,0,230,173,6,10.4040378568461,7.07535380902498,0,6,5,4,2,25,102,0,0,0,7,3.27228158932133,1,2,2,1,0,16,23,254,4,0,0,230,173,6,15.6862861433765,0,6,5,4,2,0,57,1,11,0,0,1,2,12,5,3,32,6,0,0,0,0,0,0,0,0,0,0,0,0,0,0,4,21,3,0,0,0,0,0,0,0,1,33,0,0,0,0,,,0,0,0,0,0,0,0,0,0,0,0,0,,,,0,0,0,3,3,0,0,1,0,0,0,0,0,4,0,52,164,1,0,2,0,1,1,13,0,151
2011,3,NYJ,REG,2011_03_NYJ_OAK,LV,27,44,369,2,1,4,-30,0,0,309,194,15,4.98647325732031,0.127172808755528,0,16,7,4,1,25,100,1,0,0,5,-2.35375719011063,0,4,4,1,0,27,44,369,2,0,0,309,194,15,11.1176567786767,0,16,7,4,1,0,37,6,26,0,0,0,1,7,3,0,0,0,0,0,0,0,0,0,0,0,0,0,0,0,0,0,7,61,3,1,0,0,1,1,4,80,4,90,1,1,0,0,21,1,0,1,0,0,0,0,0,0,0,0,0,0,21,,,21,0,0,3,3,0,0,1,0,0,0,0,0,5,0,60,230,2,0,0,1,1,3,15,0,195
2011,3,PHI,REG,2011_03_NYG_PHI,NYG,20,30,211,0,3,2,-12,0,0,301,67,11,-3.18992340964665,6.39484643936157,0,9,5,2,0,40,177,1,3,0,13,2.82790028205401,0,8,2,1,0,20,30,211,0,0,0,301,67,11,-0.765257939155482,0,9,5,2,0,0,35,3,9,0,0,0,3,22,4,0,0,2,0,0,0,0,0,0,0,0,0,3,7,0,0,0,7,36,6,1,2,0,3,0,1,13,2,45,3,3,0,0,38,1,0,2,1,0,0,0,0,0,0,0,0,0,21;38;21,,,80,0,0,1,1,0,0,1,0,0,0,0,0,2,0,49,90,1,0,1,0,1,0,0,0,90
2011,3,PIT,REG,2011_03_PIT_IND,IND,25,37,364,1,1,3,-23,2,2,320,164,14,0.0107389259305573,3.20987065096159,0,13,11,6,1,28,67,0,0,0,4,-7.41455819393812,0,2,1,0,0,25,37,364,1,0,0,320,164,14,14.843705913207,0,13,11,6,1,0,32,0,24,0,0,1,1,9,6,0,0,4,0,0,0,0,0,0,0,0,0,0,0,1,16,1,4,38,5,2,0,0,2,2,4,65,0,0,3,4,1,0,48,0.75,0,0,1,2,0,0,0,0,1,0,0,0,48;44;38,36,,130,36,0,2,2,0,0,1,1,1,0,0,38,3,0,45,112,1,0,0,1,1,1,2,0,90
2011,3,SEA,REG,2011_03_ARI_SEA,ARI,18,31,171,0,1,4,-32,0,0,274,42,8,-1.99874625741101,0.457124610741933,0,5,3,3,0,30,122,1,0,0,7,-4.45088112773374,0,3,2,2,0,18,30,171,0,0,0,274,42,8,5.00333892907186,0,5,3,3,0,0,43,3,31,0,0,3,3,18,3,2,24,6,0,0,0,0,0,0,0,0,0,1,-10,0,0,0,8,39,3,0,1,0,1,0,3,27,2,29,2,2,0,0,52,1,0,0,1,0,1,0,0,0,0,0,0,0,30;52,,,82,0,0,1,1,0,0,1,0,0,0,0,0,8,0,66,358,3,0,3,0,1,4,19,0,339
2011,3,SF,REG,2011_03_SF_CIN,CIN,20,30,201,0,0,5,-25,0,0,146,105,9,0.675480168894719,-1.36449406544367,0,6,3,3,0,29,50,1,2,1,6,-9.43895718265172,0,2,1,0,0,20,30,201,0,1,0,146,105,9,6.72060390474508,0,6,3,3,0,0,28,0,30,0,0,0,1,8,2,2,11,7,0,0,0,0,0,0,0,0,0,1,0,1,0,0,12,70,4,3,0,1,3,1,3,19,2,59,2,2,0,0,53,1,0,1,0,0,1,0,0,0,0,0,0,0,23;53,,,76,0,0,1,1,0,0,1,0,0,0,0,0,7,0,60,320,2,0,1,0,3,3,31,0,289
2011,3,TB,REG,2011_03_ATL_TB,ATL,22,32,180,0,2,0,0,0,0,181,99,10,-5.94214822424793,2.43564997949908,0,8,2,1,0,36,115,1,0,0,8,-3.936667188545,0,3,3,0,0,22,32,180,0,0,0,181,99,10,-5.94214822424793,0,8,2,1,0,0,40,9,9,0,0,2,4,35,4,1,0,7,0,0,0,0,0,0,0,0,0,0,0,2,0,0,9,66,2,0,0,0,0,0,2,29,1,24,3,3,0,0,49,1,0,2,0,1,0,0,0,0,0,0,0,0,49;26;28,,,103,0,0,1,1,0,0,1,0,0,0,0,0,3,0,50,129,1,0,0,0,1,2,16,0,113
2011,3,TEN,REG,2011_03_DEN_TEN,DEN,27,36,311,2,0,2,-16,1,1,246,134,14,14.7988770526717,11.1353385779593,0,11,5,3,1,23,38,0,0,0,2,-8.6548037013661,0,1,1,1,0,27,36,311,2,1,1,246,135,14,18.8449417590746,0,11,5,3,1,0,40,0,18,0,0,0,1,1,3,2,29,7,0,0,0,0,0,0,0,0,0,1,0,0,0,0,11,80,4,1,2,0,3,2,4,21,0,0,1,1,0,0,46,1,0,0,0,1,0,0,0,0,0,0,0,0,46,,,46,0,0,2,2,0,0,1,0,0,0,0,0,4,0,62,176,0,0,0,0,1,3,47,0,129
2011,3,WAS,REG,2011_03_WAS_DAL,DAL,22,37,250,1,1,3,-17,1,1,304,129,16,-3.36169469494669,-0.0870084061342127,0,13,6,2,0,22,65,0,0,0,3,-4.12283397535794,0,0,0,0,0,22,34,250,1,0,0,304,129,16,2.59640289769072,0,13,6,2,0,0,46,3,11,0,0,3,1,5,5,1,0,7,0,0,0,0,0,0,0,0,0,0,0,1,4,0,4,35,5,1,0,0,1,1,2,16,5,100,3,4,0,1,50,0.75,0,1,0,1,1,0,0,0,0,0,0,0,46;27;50,,36,123,0,36,1,1,0,0,1,0,0,0,0,0,5,0,58,232,3,0,0,0,3,2,10,0,222
2011,4,ARI,REG,2011_04_NYG_ARI,NYG,20,34,237,0,1,4,-25,1,1,232,95,11,-1.99300298240528,-3.05946310361226,0,7,5,2,1,32,156,3,1,0,8,3.00142453160759,0,2,2,1,0,20,30,237,0,0,0,232,95,11,9.90613628260326,0,7,5,2,1,0,44,4,12,0,0,2,1,15,3,0,0,5,0,0,0,0,0,0,0,0,0,1,0,2,0,0,11,118,3,1,1,0,2,1,3,28,3,74,2,2,0,0,27,1,0,2,0,0,0,0,0,0,0,0,0,0,27;27,,,54,0,0,3,3,0,0,1,0,0,0,0,0,4,0,56,180,0,0,0,0,1,3,30,0,150
2011,4,ATL,REG,2011_04_ATL_SEA,SEA,28,42,291,1,0,0,0,0,0,374,129,15,14.7597916057675,4.77834929312979,0,9,5,4,1,36,121,2,0,0,8,0.176885750581278,0,4,1,1,0,28,42,291,1,0,0,374,129,15,14.7597916057675,0,9,5,4,1,0,32,4,14,0,0,0,0,0,9,2,11,6,0,0,0,0,0,0,0,0,0,0,0,0,0,0,4,35,5,0,0,0,0,0,2,24,1,19,3,3,0,0,50,1,0,0,0,2,1,0,0,0,0,0,0,0,47;50;42,,,139,0,0,3,3,0,0,1,0,0,0,0,0,4,0,48,150,2,0,0,0,2,2,40,0,110
2011,4,BAL,REG,2011_04_NYJ_BAL,NYJ,10,31,163,0,1,2,-8,1,1,343,94,9,-11.5484676505972,-26.1631134056276,0,8,2,2,1,40,112,1,1,1,5,-13.2794022089802,0,1,0,0,0,10,31,163,0,0,0,343,94,9,-6.41025968134149,0,8,2,2,1,0,29,6,6,0,0,3,2,7,10,1,73,9,1,0,0,0,0,0,0,0,0,1,0,3,32,2,7,46,2,3,0,0,3,2,1,16,3,49,2,2,0,0,38,1,0,0,2,0,0,0,0,0,0,0,0,0,38;38,,,76,0,0,4,4,0,0,1,0,0,0,0,0,7,0,58,310,3,0,1,2,2,2,12,0,258
2011,4,BUF,REG,2011_04_BUF_CIN,CIN,20,34,199,0,0,1,-9,0,0,305,106,6,-0.791299286290614,1.39427916570143,0,4,3,2,1,21,83,1,0,0,6,-0.71858372510178,0,1,1,1,0,20,33,199,0,0,0,305,106,6,1.54037124710942,0,4,3,2,1,0,47,0,26,0,0,0,2,11,2,2,48,4,1,0,0,0,0,0,0,0,0,0,0,0,0,0,4,26,3,0,0,0,0,0,0,0,1,23,2,2,0,0,43,1,0,1,0,1,0,0,0,0,0,0,0,0,43;23,,,66,0,0,2,2,0,0,1,0,0,0,0,0,8,0,65,413,2,0,0,1,0,7,69,0,324
2011,4,CAR,REG,2011_04_CAR_CHI,CHI,27,46,374,1,1,0,0,0,0,538,93,14,7.80680848363467,3.73002108600405,0,14,10,9,1,26,169,2,1,0,9,8.28945912001655,0,6,6,2,0,27,45,374,1,0,0,538,93,14,8.05747095497703,0,14,10,9,1,0,39,0,10,0,0,0,1,9,3,1,9,4,0,0,0,0,0,0,0,0,0,1,-3,0,0,0,8,52,5,0,1,0,1,0,2,7,6,145,3,5,1,1,39,0.6,0,1,2,0,0,0,0,0,0,0,1,0,29;39;38,52,34,106,52,34,2,2,0,0,1,0,0,0,0,0,2,0,44,79,0,0,1,0,0,1,69,1,10
2011,4,CHI,REG,2011_04_CAR_CHI,CAR,9,17,102,0,1,1,-9,0,0,129,68,5,-7.18910351984995,-6.30970492082484,0,6,3,1,0,31,224,2,0,0,9,10.8866922512892,0,7,5,3,2,9,17,102,0,0,0,129,68,5,-5.71958172619669,0,6,3,1,0,1,53,0,10,0,0,0,0,0,1,1,20,6,1,0,0,0,0,1,0,0,0,0,0,0,0,0,5,45,5,0,0,0,0,0,1,69,4,125,2,2,0,0,24,1,0,2,0,0,0,0,0,0,0,0,0,0,20;24,,,44,0,0,4,4,0,0,1,0,0,0,0,0,4,0,51,157,2,0,0,1,1,2,7,0,130
2011,4,CIN,REG,2011_04_BUF_CIN,BUF,18,36,298,1,2,2,-11,0,0,337,127,12,-6.96926941651494,-5.49647347493605,0,11,8,4,2,32,171,1,1,0,12,3.98614045345417,0,5,4,1,0,18,33,298,1,0,0,337,127,12,-1.32754091102273,0,11,8,4,2,0,27,0,32,0,0,0,1,9,6,0,0,4,0,0,0,0,0,0,0,0,0,1,0,0,0,0,3,15,3,0,1,0,1,0,7,69,3,66,3,3,0,0,43,1,0,1,1,1,0,0,0,0,0,0,0,0,31;21;43,,,95,0,0,2,2,0,0,1,1,1,0,0,43,5,0,41,192,2,0,2,0,3,0,0,0,192
2011,4,CLE,REG,2011_04_TEN_CLE,TEN,40,61,350,1,1,4,-18,0,0,380,149,19,-13.0100078873984,1.90751342955282,0,14,5,2,0,22,84,0,1,0,3,-5.97015301889041,0,1,0,0,0,40,59,350,1,0,0,380,149,19,-7.18649576569956,0,14,5,2,0,0,30,0,20,0,0,0,0,0,1,1,0,5,0,0,0,0,0,0,0,0,0,1,-8,0,0,0,5,40,3,0,1,0,1,0,2,18,3,36,2,2,0,0,51,1,0,0,0,1,1,0,0,0,0,0,0,0,48;51,,,99,0,0,1,1,0,0,1,0,0,0,0,0,4,0,45,155,2,0,1,0,1,2,17,0,138
2011,4,DAL,REG,2011_04_DET_DAL,DET,34,47,331,3,3,1,-10,0,0,264,152,19,-9.55427862784617,5.99576779033827,0,12,5,3,1,27,113,0,0,0,4,-5.17459552613436,0,2,2,0,0,34,46,331,3,0,0,264,152,19,-7.79204182972224,0,12,5,3,1,0,33,2,10,0,0,0,0,0,7,1,11,4,0,0,0,0,0,0,0,0,0,0,0,0,0,0,7,33,6,0,0,0,0,0,3,18,3,94,3,3,0,0,41,1,0,1,1,1,0,0,0,0,0,0,0,0,41;35;23,,,99,0,0,3,3,0,0,1,0,0,0,0,0,3,0,68,161,0,0,0,1,1,1,12,0,129
2011,4,DEN,REG,2011_04_DEN_GB,GB,22,32,273,3,3,1,-8,0,0,329,65,13,4.966575720384,10.4127818718553,0,9,7,4,1,23,119,0,0,0,5,0.847371053867508,0,4,3,1,0,22,32,273,3,1,1,329,65,13,0.971026854567911,0,9,7,4,1,0,46,3,19,0,0,0,2,12,5,2,20,2,0,0,0,0,0,0,0,0,0,0,0,0,0,0,3,24,2,1,0,0,1,1,0,0,5,146,1,1,0,0,27,1,0,1,0,0,0,0,0,0,0,0,0,0,27,,,27,0,0,2,2,0,0,1,0,0,0,0,0,2,0,53,98,0,0,0,0,0,2,7,0,91
2011,4,DET,REG,2011_04_DET_DAL,DAL,21,43,240,2,1,0,0,0,0,299,116,13,-1.51765928088497,-7.77289018034935,0,10,5,4,0,17,63,0,0,0,3,-1.51448419084772,0,1,1,0,0,21,40,240,2,0,0,299,116,13,0.977154599183283,0,10,5,4,0,0,53,2,20,0,0,0,1,10,2,3,90,3,2,0,0,0,0,0,0,0,0,0,0,0,0,0,10,75,2,0,0,0,0,0,1,12,3,76,2,2,0,0,51,1,0,0,1,0,1,0,0,0,0,0,0,0,33;51,,,84,0,0,4,4,0,0,1,0,0,0,0,0,6,0,56,262,1,0,2,1,0,3,18,0,224
2011,4,GB,REG,2011_04_DEN_GB,DEN,29,39,408,4,2,2,-12,0,0,334,178,18,22.1771069237147,16.7158765164582,0,13,10,3,3,28,111,2,0,0,7,-0.345441227429546,0,3,2,1,0,29,37,408,4,0,0,334,178,18,25.9085426573292,0,13,10,3,3,0,37,5,19,0,0,1,1,8,3,3,92,5,1,0,0,0,0,0,0,0,0,0,0,1,10,0,3,27,3,0,0,0,0,0,2,7,2,59,0,0,0,0,,,0,0,0,0,0,0,0,0,0,0,0,0,,,,0,0,0,7,7,0,0,1,0,0,0,0,0,1,0,49,49,0,0,1,0,0,0,0,0,49
2011,4,HOU,REG,2011_04_PIT_HOU,PIT,14,21,138,1,0,0,0,0,0,139,75,8,4.9874422196796,0.240072749909901,0,6,2,1,0,35,180,1,0,0,9,2.45102078339551,0,3,3,2,1,14,21,138,1,0,0,139,75,8,4.9874422196796,0,6,2,1,0,0,40,6,6,0,0,0,5,28,8,1,0,5,0,0,0,0,0,1,0,0,6,1,0,0,0,0,9,64,2,1,0,0,1,0,3,17,2,34,1,1,0,0,25,1,0,1,0,0,0,0,0,0,0,0,0,0,25,,,25,0,0,2,2,0,0,1,0,0,0,0,0,5,0,51,235,3,0,1,0,2,2,43,0,192
2011,4,IND,REG,2011_04_IND_TB,TB,13,30,281,2,0,4,-25,1,1,282,207,9,2.65630526508545,-15.5024484793345,0,8,6,4,2,18,62,0,0,0,2,-2.71309308568016,0,1,1,0,0,13,30,281,2,0,0,282,207,9,10.6249731449025,0,8,6,4,2,0,45,18,18,0,0,0,2,13,4,0,0,5,0,0,0,0,0,0,0,0,0,0,0,0,0,0,6,50,5,1,0,0,1,1,2,0,2,36,1,2,1,0,45,0.5,0,0,0,1,0,0,0,0,0,1,0,0,45,43,,45,43,0,2,2,0,0,1,0,0,0,0,0,6,0,59,266,1,0,0,0,3,3,17,0,249
2011,4,JAX,REG,2011_04_NO_JAX,NO,16,42,196,1,1,3,-26,0,0,417,93,7,-15.6939767327553,-20.826623127574,0,8,6,1,1,17,104,0,1,0,4,-0.283436374505982,0,3,3,1,1,16,42,196,1,0,0,417,93,7,-10.6040884533708,0,8,6,1,1,0,62,0,14,0,0,0,3,25,4,2,25,5,0,0,0,0,0,0,0,0,0,1,0,0,0,0,2,15,5,0,1,0,1,0,1,4,3,64,1,1,0,0,31,1,0,0,1,0,0,0,0,0,0,0,0,0,31,,,31,0,0,1,1,0,0,1,0,0,0,0,0,4,0,53,153,2,0,3,0,0,1,9,0,144
2011,4,KC,REG,2011_04_MIN_KC,MIN,18,29,260,1,0,3,-13,0,0,227,103,9,8.88529820992971,-0.342307111312603,0,8,5,4,2,28,103,0,0,0,5,-4.46431745454902,0,4,2,0,0,18,29,260,1,0,0,227,103,9,8.30224690606246,0,8,5,4,2,0,44,2,12,0,0,0,2,12,5,1,14,5,0,0,0,0,0,0,0,0,0,0,0,0,0,0,6,57,4,0,0,0,0,0,3,71,2,37,5,5,0,0,54,1,0,2,0,1,2,0,0,0,0,0,0,0,40;24;51;54;22,,,191,0,0,1,1,0,0,1,0,0,0,0,0,3,0,61,146,2,0,1,0,1,1,12,0,134
2011,4,LA,REG,2011_04_WAS_STL,WAS,20,43,164,1,0,7,-37,2,1,447,56,11,-14.4365136517533,-15.0939390756363,0,6,1,1,0,17,45,0,0,0,1,-4.51434831955703,0,1,1,0,0,20,43,164,1,0,0,447,56,11,-3.70741430862992,0,6,1,1,0,0,55,0,6,0,0,1,0,0,4,2,66,7,0,2,0,0,0,0,0,0,0,3,0,0,0,0,9,65,3,2,2,0,4,1,4,1,2,32,1,1,0,0,32,1,0,0,1,0,0,0,0,0,0,0,0,0,32,,,32,0,0,1,1,0,0,1,0,0,0,0,0,8,0,65,360,2,0,2,1,1,4,3,0,337
2011,4,LAC,REG,2011_04_MIA_SD,MIA,21,31,307,1,0,2,-12,0,0,212,165,13,11.7141633608187,7.47557530800502,0,12,6,4,3,28,116,1,1,0,7,-3.54897998708749,0,4,3,1,0,21,30,307,1,1,0,212,165,13,14.4382431685733,0,12,6,4,3,0,29,18,18,0,0,0,3,18,6,2,21,4,0,0,0,0,0,0,0,0,0,2,0,0,0,0,8,80,3,2,0,0,2,0,3,22,1,21,4,4,0,0,48,1,0,2,1,1,0,0,0,0,0,0,0,0,27;48;23;38,,,136,0,0,2,2,0,0,1,0,0,0,0,0,3,0,53,151,1,0,0,0,2,1,22,0,129
2011,4,LV,REG,2011_04_NE_OAK,NE,25,39,344,1,2,0,0,0,0,314,125,15,3.54653295021302,8.06157105677837,0,13,8,7,1,27,160,1,1,0,8,2.73671773067326,0,4,3,2,1,25,37,344,1,0,0,314,125,15,9.23404826881045,0,13,8,7,1,0,29,10,22,0,0,0,1,0,5,0,0,2,0,0,0,0,0,0,0,0,0,1,0,0,0,0,9,85,5,0,1,0,1,0,1,18,4,62,2,2,0,0,28,1,0,2,0,0,0,0,0,0,0,0,0,0,28;26,,,54,0,0,1,1,0,0,1,0,0,0,0,0,2,0,63,104,1,0,1,0,0,1,15,0,89
2011,4,MIA,REG,2011_04_MIA_SD,LAC,20,30,194,0,2,3,-18,0,0,307,72,9,-5.17240780148996,7.93011799454689,0,8,3,1,0,22,72,1,0,0,5,0.946204326377483,0,2,1,0,0,20,30,194,0,0,0,307,72,9,-1.58985532645011,0,8,3,1,0,0,40,11,11,0,0,2,2,12,2,0,0,2,0,0,0,0,0,0,0,0,0,0,0,0,0,0,2,41,4,0,0,0,0,0,1,22,3,66,3,3,0,0,51,1,0,0,1,1,1,0,0,0,0,0,0,0,41;37;51,,,129,0,0,1,1,0,0,1,0,0,0,0,0,3,0,50,135,1,0,0,0,0,3,22,0,113
2011,4,MIN,REG,2011_04_MIN_KC,KC,18,30,202,2,1,2,-12,0,0,318,69,12,2.39023496483376,1.76463892062505,0,8,4,4,1,30,151,0,1,0,5,3.05034957785392,0,4,4,2,0,18,30,202,2,0,0,318,69,12,6.47916228911298,0,8,4,4,1,0,50,0,6,0,0,0,3,13,5,0,0,3,0,0,0,0,0,0,0,0,0,1,0,0,0,0,6,45,3,0,1,0,1,0,1,12,2,55,1,1,0,0,33,1,0,0,1,0,0,0,0,0,0,0,0,0,33,,,33,0,0,2,2,0,0,1,0,0,0,0,0,4,0,58,213,0,0,0,1,0,3,71,0,122
2011,4,NE,REG,2011_04_NE_OAK,LV,16,30,226,2,0,1,0,0,0,395,74,11,12.4828144191363,-1.54688467582067,0,10,5,4,0,30,183,2,0,0,11,6.14603395102313,0,7,6,3,0,16,30,226,2,0,0,395,74,11,13.4019199279667,0,10,5,4,0,0,39,8,22,0,0,0,0,0,3,2,19,2,0,0,0,0,0,0,0,0,0,0,0,0,0,0,5,45,4,0,0,0,0,0,1,15,2,47,1,1,0,0,44,1,0,0,0,1,0,0,0,0,0,0,0,0,44,,,44,0,0,4,4,0,0,1,0,0,0,0,0,3,0,51,147,2,0,2,0,0,1,18,0,129
2011,4,NO,REG,2011_04_NO_JAX,JAX,31,44,351,1,2,3,-25,0,0,315,185,20,1.89482118352718,6.81829506700689,0,13,8,4,1,34,177,1,0,0,9,6.70671079205931,0,4,4,1,0,31,44,351,1,0,0,315,185,20,6.455828486988,0,13,8,4,1,0,35,0,8,0,0,0,3,26,6,1,6,8,0,0,0,0,0,0,0,0,0,0,0,0,0,0,6,50,6,0,0,0,0,0,1,9,2,48,3,5,2,0,39,0.6,0,1,2,0,0,0,0,0,0,0,2,0,38;39;21,53;50,,98,103,0,2,2,0,0,1,0,0,0,0,0,1,0,58,58,0,0,0,0,0,1,4,0,54
2011,4,NYG,REG,2011_04_NYG_ARI,ARI,27,40,321,2,0,1,-15,1,1,375,99,16,10.5555846318707,6.16973921656609,0,15,8,7,0,24,54,2,0,0,5,-2.23238243779633,0,1,1,0,0,27,40,321,2,1,1,375,99,16,14.6483733844466,0,15,8,7,0,0,52,3,11,0,0,1,4,25,4,1,0,5,0,0,0,0,0,0,0,0,0,0,0,1,0,0,7,55,5,2,0,0,2,2,3,30,5,120,1,1,0,0,30,1,0,0,1,0,0,0,0,0,0,0,0,0,30,,,30,0,0,4,4,0,0,1,0,0,0,0,0,5,0,52,223,1,0,1,1,0,3,28,0,175
2011,4,NYJ,REG,2011_04_NYJ_BAL,BAL,11,35,119,0,1,2,-7,2,2,314,41,4,-37.1371575783775,-26.7758178360322,0,5,2,2,0,19,38,0,2,1,3,-9.73012094188016,0,1,1,0,0,11,35,119,0,1,0,314,41,4,-22.8616736697801,0,5,2,2,0,1,39,12,16,0,0,3,2,8,6,1,35,4,1,0,0,0,0,0,0,0,0,1,-15,2,0,0,9,69,1,3,2,1,5,3,2,12,2,135,1,1,0,0,40,1,0,0,0,1,0,0,0,0,0,0,0,0,40,,,40,0,0,2,2,0,0,1,0,0,0,0,0,8,0,56,346,2,0,3,1,3,1,16,0,310
2011,4,PHI,REG,2011_04_SF_PHI,SF,30,46,416,2,1,2,-11,0,0,496,141,18,14.8308005080117,4.71418923801846,0,17,10,5,2,20,108,0,1,1,5,-3.02853666475233,0,4,3,1,0,30,45,416,2,1,1,496,141,18,13.5067123559212,0,17,10,5,2,0,51,0,6,0,0,1,3,13,3,0,0,1,0,0,0,0,0,1,0,0,10,0,0,1,3,0,5,55,6,1,1,0,2,2,1,-3,2,40,3,5,2,0,33,0.6,0,0,3,0,0,0,0,0,2,0,0,0,32;32;33,39;33,,97,72,0,2,2,0,0,1,0,0,0,0,0,2,0,45,87,0,0,0,0,0,2,-6,0,93
2011,4,PIT,REG,2011_04_PIT_HOU,HOU,16,30,206,0,1,5,-28,0,0,291,68,10,-5.0051225611809,-5.69808544783757,0,8,5,3,1,22,118,1,0,0,8,3.52416413160833,0,3,3,0,0,16,29,206,0,0,0,291,68,10,2.47791694483168,0,8,5,3,1,0,47,4,8,0,0,1,0,0,1,0,0,2,0,0,0,0,0,0,0,0,0,0,0,0,0,0,5,45,6,0,0,0,0,0,2,43,3,62,1,2,0,1,26,0.5,0,1,0,0,0,0,0,0,0,0,0,0,26,,30,26,0,30,1,1,0,0,1,0,0,0,0,0,4,0,58,202,1,0,1,0,0,3,17,0,185
2011,4,SEA,REG,2011_04_ATL_SEA,ATL,25,38,319,3,2,0,0,0,0,347,130,14,10.7767706233145,10.3608073817717,0,12,8,5,1,15,53,1,0,0,4,0.902354353456758,0,2,1,0,0,25,37,319,3,0,0,347,130,14,10.8785946477738,0,12,8,5,1,0,44,5,33,0,0,0,0,0,4,0,0,1,0,0,0,0,0,0,0,0,0,0,0,0,0,0,6,40,2,0,0,0,0,0,2,40,4,94,0,1,1,0,,0,0,0,0,0,0,0,0,0,0,0,0,1,,61,,0,61,0,4,4,0,0,1,0,1,1,0,61,3,0,57,149,1,0,0,0,1,2,24,0,125
2011,4,SF,REG,2011_04_SF_PHI,PHI,21,33,291,2,0,3,-13,1,1,254,149,11,8.90930637804411,3.09594975363824,0,11,6,5,1,25,164,1,0,0,9,5.83051318135404,0,6,5,2,1,21,31,291,2,0,0,254,149,11,16.9624018598632,0,11,6,5,1,0,51,0,2,0,0,1,2,11,5,1,27,6,0,0,0,0,0,0,0,0,0,1,0,2,0,0,5,40,3,1,1,0,2,1,2,-6,4,90,1,3,1,1,37,0.333333333333333,0,0,1,0,0,0,0,0,0,1,0,0,37,44,45,37,44,45,3,3,0,0,1,0,0,0,0,0,4,0,68,198,0,0,2,1,0,1,-3,0,181
2011,4,TB,REG,2011_04_IND_TB,IND,25,39,287,1,0,2,-13,0,0,241,165,14,9.94495880892539,-0.0636401929353413,0,13,4,3,1,36,192,2,0,0,10,4.08920961004333,0,5,4,2,0,25,38,287,1,0,0,241,165,14,10.4961685200167,0,13,4,3,1,0,29,7,7,0,0,1,4,25,7,0,0,4,0,0,0,0,0,0,0,0,0,0,0,1,0,0,14,106,6,0,0,0,0,0,3,17,1,24,1,2,1,0,46,0.5,0,0,0,1,0,0,0,0,0,1,0,0,46,46,,46,46,0,3,3,0,0,1,0,0,0,0,0,5,0,57,220,3,1,1,0,1,2,0,0,220
2011,4,TEN,REG,2011_04_TEN_CLE,CLE,10,21,220,3,1,0,0,0,0,212,149,7,8.81313918964756,-9.66869138535999,0,6,4,3,2,29,112,0,0,0,6,-2.19888639077544,0,2,2,1,0,10,21,220,3,0,0,212,149,7,8.81313918964756,0,6,4,3,2,0,63,0,6,0,0,0,4,18,10,1,97,7,1,0,0,0,0,0,0,0,0,0,0,0,0,0,5,45,3,0,0,0,0,0,2,17,2,48,1,1,0,0,39,1,0,0,1,0,0,0,0,0,0,0,0,0,39,,,39,0,0,4,4,0,0,1,0,0,0,0,0,6,0,64,237,2,0,3,0,1,2,18,0,219
2011,4,WAS,REG,2011_04_WAS_STL,LA,15,29,143,1,2,0,0,0,0,158,45,8,-8.36858418418625,-12.0102234716926,0,6,3,1,0,40,196,1,1,0,8,-1.53220347018214,0,3,3,2,0,15,28,143,1,0,0,158,45,8,-7.78956191891403,0,6,3,1,0,0,49,0,4,0,0,2,7,37,10,0,0,3,0,1,0,0,0,0,0,0,0,3,-8,1,3,0,10,96,3,1,2,0,3,0,4,3,2,35,1,1,0,0,38,1,0,0,1,0,0,0,0,0,0,0,0,0,38,,,38,0,0,2,2,0,0,1,0,0,0,0,0,7,0,63,321,3,0,2,0,1,4,1,0,320
2011,5,ARI,REG,2011_05_ARI_MIN,MIN,23,48,254,0,3,4,-40,1,1,476,91,15,-19.7327217880263,-15.8869017536441,0,14,5,2,0,24,77,1,1,0,3,-5.9668877341901,0,0,0,0,0,23,48,254,0,0,0,476,91,15,-8.36173699333793,0,14,5,2,0,0,41,0,18,0,0,1,1,9,2,0,0,4,0,0,0,0,0,0,0,0,0,0,0,1,0,0,6,64,4,2,0,1,2,1,0,0,5,115,1,1,0,0,51,1,0,0,0,0,1,0,0,0,0,0,0,0,51,,,51,0,0,1,1,0,0,1,0,0,0,0,0,5,0,55,212,2,0,2,0,1,2,45,0,167
2011,5,ATL,REG,2011_05_GB_ATL,GB,18,32,167,1,2,1,-11,0,0,286,82,11,-2.08325674181106,-0.299310780340625,0,7,3,1,0,22,95,1,0,0,5,0.639157800877001,0,3,2,0,0,18,31,167,1,0,0,286,82,11,-0.0159554710262455,0,7,3,1,0,0,40,1,27,0,0,1,4,27,9,0,0,6,0,0,0,0,0,0,0,0,0,0,0,1,0,0,5,44,5,0,0,0,0,0,1,3,1,28,0,0,0,0,,,0,0,0,0,0,0,0,0,0,0,0,0,,,,0,0,0,2,2,0,0,1,0,0,0,0,0,5,0,47,189,1,0,0,0,3,2,4,0,185
2011,5,BUF,REG,2011_05_PHI_BUF,PHI,21,27,193,1,1,1,-5,0,0,83,173,10,5.09256988001289,10.5145095123185,0,6,5,3,1,35,143,2,0,0,9,-1.96655120513271,0,4,2,1,0,21,27,193,1,0,0,83,173,10,6.27039648528444,0,6,5,3,1,0,43,4,8,0,0,1,0,0,5,4,52,10,1,0,0,0,0,0,0,0,0,0,0,1,0,0,4,40,3,0,0,0,0,0,0,0,2,38,1,1,0,0,25,1,0,1,0,0,0,0,0,0,0,0,0,0,25,,,25,0,0,4,4,0,0,1,0,0,0,0,0,5,0,64,251,1,0,1,2,0,2,27,0,184
2011,5,CAR,REG,2011_05_NO_CAR,NO,16,31,224,2,1,1,-5,1,0,360,128,7,1.71161969477544,-5.11803127104236,0,6,5,4,1,22,162,2,0,0,9,8.79753499210347,0,4,4,1,1,16,31,224,2,0,0,360,128,7,3.34705681173364,0,6,5,4,1,0,52,2,16,0,0,0,2,16,2,1,1,8,0,0,0,0,0,0,0,0,0,1,0,0,0,0,7,65,4,1,0,0,1,0,1,9,2,36,0,0,0,0,,,0,0,0,0,0,0,0,0,0,0,0,0,,,,0,0,0,3,4,0,1,0.75,0,0,0,0,0,3,0,53,132,2,0,0,0,2,1,-3,0,135
2011,5,CHI,REG,2011_05_CHI_DET,DET,28,38,249,1,0,3,-12,0,0,247,91,14,3.58838805982056,7.637619972229,0,13,4,2,0,25,122,0,0,0,5,-6.05657150386833,0,5,4,1,0,28,38,249,1,0,0,247,91,14,4.546469500355,0,13,4,2,0,0,32,1,15,0,0,0,1,5,3,1,0,1,0,0,0,0,0,0,0,0,0,0,0,0,0,0,14,104,6,0,0,0,0,0,1,1,4,84,2,2,0,0,49,1,0,0,0,2,0,0,0,0,0,0,0,0,44;49,,,93,0,0,1,1,0,0,1,0,0,0,0,0,5,0,55,221,1,0,0,0,1,4,26,0,195
2011,5,CIN,REG,2011_05_CIN_JAX,JAX,21,33,179,2,1,2,-17,0,0,287,55,11,2.32854512229683,5.77924784385797,0,8,2,1,0,31,77,1,0,0,2,-8.02559195685899,0,0,0,0,0,21,33,179,2,0,0,287,55,11,5.25646479381835,0,8,2,1,0,0,40,0,8,0,0,1,3,21,4,0,0,3,0,0,0,0,0,0,0,0,0,0,0,2,10,1,4,33,4,1,0,1,1,0,3,43,3,76,1,1,0,0,47,1,0,0,0,1,0,0,0,0,0,0,0,0,47,,,47,0,0,3,4,1,0,0.75,0,0,0,0,0,7,0,71,334,1,1,2,1,0,3,3,0,311
2011,5,DEN,REG,2011_05_SD_DEN,LAC,10,23,113,1,1,0,0,0,0,233,68,5,-10.8846688289475,-11.4743991331621,0,4,3,3,0,23,162,1,0,0,8,8.36510702453973,1,7,6,2,0,10,22,113,1,0,0,233,68,5,-10.7550091171567,0,4,3,3,0,0,62,3,13,0,0,1,4,21,4,1,55,5,1,0,0,0,0,0,0,0,0,0,0,1,0,0,4,53,4,0,0,0,0,0,2,37,1,28,1,1,0,0,35,1,0,0,1,0,0,0,0,0,0,0,0,0,35,,,35,0,0,1,1,0,0,1,0,0,0,0,0,6,0,60,322,1,1,0,0,0,5,65,0,257
2011,5,DET,REG,2011_05_CHI_DET,CHI,19,26,219,2,1,1,-5,0,0,234,89,9,4.85239689040463,7.24052225167935,0,7,3,1,1,20,181,1,0,0,5,5.67169081500259,0,5,3,2,2,19,26,219,2,0,0,234,89,9,7.20179172826465,0,7,3,1,1,0,48,2,20,0,0,0,3,12,6,0,0,4,0,1,0,0,0,0,0,0,0,0,0,0,0,0,12,94,2,0,1,1,1,0,4,26,0,0,1,1,0,0,31,1,0,0,1,0,0,0,0,0,0,0,0,0,31,,,31,0,0,3,3,0,0,1,0,0,0,0,0,5,0,46,162,3,2,2,0,0,1,1,0,161
2011,5,GB,REG,2011_05_GB_ATL,ATL,26,39,396,2,0,4,-27,0,0,391,207,14,19.2685080276161,5.12844198628476,0,14,8,7,1,20,57,0,1,1,5,-8.89462368577874,0,1,0,0,0,26,38,396,2,0,0,391,207,14,25.7892332567759,0,14,8,7,1,0,34,1,11,0,0,0,1,11,10,2,43,4,0,0,0,0,0,0,0,0,0,0,0,0,0,0,6,55,4,1,0,0,1,1,2,4,3,67,4,4,0,0,56,1,0,0,3,0,1,0,0,0,0,0,0,0,32;35;56;30,,,153,0,0,1,1,0,0,1,0,0,0,0,0,2,0,43,85,1,0,0,0,1,1,3,0,82
2011,5,HOU,REG,2011_05_OAK_HOU,LV,24,51,416,2,2,3,-13,0,0,411,225,16,1.21812363936657,-15.1434808373451,0,12,8,7,3,25,70,0,1,0,2,-8.16437762306305,0,1,1,1,0,24,50,416,2,0,0,411,225,16,3.54594507843463,0,12,8,7,3,0,36,9,13,0,0,0,3,6,12,1,0,6,0,0,0,0,0,0,0,0,0,1,-13,0,0,0,6,50,4,0,1,0,1,0,5,33,4,90,2,3,1,0,54,0.666666666666667,0,0,0,1,1,0,0,0,0,1,0,0,54;40,41,,94,41,0,2,2,0,0,1,0,0,0,0,0,8,0,52,298,2,0,1,0,2,5,34,0,264
2011,5,IND,REG,2011_05_KC_IND,KC,15,27,277,2,0,0,0,0,0,307,82,12,11.3740418377309,-4.76399351049353,0,8,7,6,1,27,78,1,0,0,3,-3.80920526830596,0,1,1,0,0,15,27,277,2,0,0,307,82,12,11.3740418377309,0,8,7,6,1,0,33,0,48,0,0,1,2,15,6,0,0,3,0,0,0,0,0,0,0,0,0,0,0,0,0,0,4,40,5,0,0,0,0,0,1,2,1,18,1,1,0,0,53,1,0,0,0,0,1,0,0,0,0,0,0,0,53,,,53,0,0,3,3,0,0,1,0,0,0,0,0,5,0,64,277,1,0,1,0,0,4,39,0,238
2011,5,JAX,REG,2011_05_CIN_JAX,CIN,15,28,221,1,0,3,-21,0,0,245,105,7,0.291527525154923,-6.42448461481503,0,8,5,4,1,27,96,1,1,1,5,-8.79094853502465,0,3,3,1,0,15,28,221,1,0,0,245,105,7,-2.79566077805375,0,8,4,3,1,0,49,0,18,0,0,1,2,17,6,1,30,7,0,0,0,0,0,0,0,0,0,2,-50,0,0,0,2,15,3,1,3,0,4,2,3,3,2,58,2,2,0,0,20,1,1,1,0,0,0,0,0,0,0,0,0,0,19;20,,,39,0,0,2,2,0,0,1,0,0,0,0,0,7,0,56,264,2,4,0,0,0,3,43,0,221
2011,5,KC,REG,2011_05_KC_IND,IND,21,29,257,4,0,2,-15,0,0,206,135,14,12.7780394734582,8.08787571972814,0,12,4,2,1,38,194,0,0,0,11,-0.301968547631986,0,6,4,2,0,21,29,257,4,1,0,206,135,14,16.2045398758492,0,12,4,2,1,0,17,0,42,0,0,0,0,0,1,0,0,3,0,0,0,0,0,0,0,0,0,1,0,0,0,0,5,39,5,1,0,0,1,0,4,39,0,0,0,0,0,0,,,0,0,0,0,0,0,0,0,0,0,0,0,,,,0,0,0,4,4,0,0,1,0,0,0,0,0,6,0,60,269,2,0,1,1,3,1,2,0,247
2011,5,LAC,REG,2011_05_SD_DEN,DEN,18,29,250,1,1,5,-38,2,1,243,115,11,-4.63689056905651,3.97583044001034,0,9,5,4,1,43,206,1,0,0,11,5.38906218044225,0,8,4,1,0,18,28,250,1,0,0,243,115,11,6.54128227959654,0,9,5,4,1,0,31,0,4,0,0,0,0,0,2,1,2,5,0,0,0,0,0,0,0,0,0,1,0,0,0,0,0,0,4,1,1,0,2,1,5,65,0,0,5,5,0,0,51,1,0,2,2,0,1,0,0,0,0,0,0,0,24;32;28;51;35,,,170,0,0,2,2,0,0,1,0,0,0,0,0,3,0,57,147,1,0,0,0,1,2,37,0,110
2011,5,LV,REG,2011_05_OAK_HOU,HOU,15,35,190,2,1,3,-6,0,0,468,60,6,-5.38622641550698,-11.8068480917386,0,8,5,2,0,22,94,0,0,0,4,-3.12157764990116,0,3,3,2,0,15,35,190,2,0,0,468,60,6,-2.16074974752352,0,8,5,2,0,0,49,10,12,0,0,0,3,13,8,2,15,9,0,1,0,0,0,0,0,0,0,1,0,0,0,0,11,89,6,0,1,0,1,0,5,34,3,94,4,4,0,0,55,1,0,0,0,1,3,0,0,0,0,0,0,0,54;55;50;42,,,201,0,0,1,1,0,0,1,0,0,0,0,0,7,0,61,346,2,1,0,0,1,5,33,0,313
2011,5,MIN,REG,2011_05_ARI_MIN,ARI,10,21,169,0,0,1,-9,0,0,137,100,7,-1.05287244686571,-20.5152750015259,0,8,3,3,1,37,172,4,0,0,11,0.552284369885456,0,7,5,2,0,10,21,169,0,1,1,137,100,7,-4.56336489678308,0,8,3,3,1,0,50,0,12,0,0,2,4,40,6,3,72,9,0,0,0,0,0,0,0,0,0,0,0,1,0,0,5,35,3,1,0,0,1,1,2,45,2,43,2,3,1,0,53,0.666666666666667,0,1,0,0,1,0,0,0,0,1,0,0,26;53,43,,79,43,0,4,4,0,0,1,0,0,0,0,0,4,0,51,190,2,0,1,0,3,0,0,0,190
2011,5,NE,REG,2011_05_NYJ_NE,NYJ,24,33,321,1,1,4,-27,0,0,325,140,15,6.15339605560105,9.96961481869221,0,11,7,4,1,35,152,2,0,0,7,0.845448638544569,0,3,3,0,0,24,33,321,1,0,0,325,140,15,10.9676671224045,0,11,7,4,1,0,28,7,33,0,0,0,2,8,5,0,0,1,0,1,0,0,0,0,0,0,0,1,0,0,0,0,6,50,5,0,1,0,1,0,4,54,3,71,3,3,0,0,44,1,0,2,0,1,0,0,0,0,0,0,0,0,44;24;28,,,96,0,0,3,3,0,0,1,0,0,0,0,0,4,0,56,205,1,0,0,1,1,2,20,0,165
2011,5,NO,REG,2011_05_NO_CAR,CAR,32,45,359,2,1,2,-16,0,0,354,144,20,19.6803027543773,8.05339461023157,0,17,6,4,0,28,101,1,0,0,6,-0.538563384034205,0,1,1,1,0,32,44,359,2,0,0,354,144,20,22.8289289091316,0,17,6,4,0,0,32,3,9,0,0,1,1,5,3,1,25,5,0,0,0,0,1,0,0,0,0,0,0,0,0,0,9,82,5,0,0,0,0,0,1,-3,0,0,3,3,0,0,46,1,0,1,1,1,0,0,0,0,0,0,0,0,23;46;37,,,106,0,0,3,3,0,0,1,0,0,0,0,0,2,0,56,90,0,0,0,1,0,1,9,0,61
2011,5,NYG,REG,2011_05_SEA_NYG,SEA,24,39,420,3,3,3,-25,1,1,425,160,16,-2.81120701540413,1.07996647174542,0,18,11,5,2,25,69,0,1,0,4,-5.69894182328414,1,1,1,0,0,24,39,420,3,1,1,425,160,16,1.58902017924783,0,18,11,5,2,0,50,15,19,0,0,2,6,36,8,1,0,7,0,0,0,0,0,0,0,0,0,1,-3,2,0,0,7,52,2,2,1,0,3,2,2,12,3,82,1,1,0,0,26,1,0,1,0,0,0,0,0,0,0,0,0,0,26,,,26,0,0,2,2,0,0,1,0,0,0,0,0,7,0,60,353,0,0,1,0,0,6,79,0,274
2011,5,NYJ,REG,2011_05_NYJ_NE,NE,16,26,166,2,0,2,-8,0,0,234,37,9,2.82411828369368,3.86863255500793,0,6,4,2,0,25,97,1,0,0,5,1.65184064628556,0,0,0,0,0,16,25,166,2,0,0,234,37,9,5.15779582795221,0,6,4,2,0,0,47,4,26,0,0,0,4,27,5,1,42,2,0,0,0,0,0,0,0,0,0,0,0,0,0,0,8,89,4,0,0,0,0,0,2,20,5,198,0,0,0,0,,,0,0,0,0,0,0,0,0,0,0,0,0,,,,0,0,0,3,3,0,0,1,0,0,0,0,0,7,0,59,319,2,2,0,0,1,4,54,0,265
2011,5,PHI,REG,2011_05_PHI_BUF,BUF,26,40,315,2,4,0,0,0,0,258,148,16,-1.24386570134536,4.95674068990507,0,15,7,4,0,20,174,1,0,0,7,6.32571664423449,0,7,5,3,1,26,38,315,2,1,1,258,148,16,-5.69920787550379,0,15,7,4,0,0,34,17,31,0,0,0,1,5,5,1,10,3,0,0,0,0,0,0,0,0,0,0,0,0,0,0,5,46,6,1,0,0,1,1,2,27,4,78,1,1,0,0,35,1,0,0,1,0,0,0,0,0,0,0,0,0,35,,,35,0,0,3,3,0,0,1,0,0,0,0,0,2,0,37,72,0,1,0,1,0,0,0,0,52
2011,5,PIT,REG,2011_05_TEN_PIT,TEN,25,35,261,5,1,1,-4,0,0,279,79,15,16.7497629248574,8.29900358404432,0,9,6,3,1,28,174,0,0,0,9,5.140381169389,0,4,2,1,1,25,35,261,5,0,0,279,79,15,18.1386229544915,0,9,6,3,1,0,35,9,27,0,0,1,3,22,7,1,1,7,0,0,0,0,0,0,0,0,0,0,0,0,0,0,5,51,2,0,0,0,0,0,0,0,2,83,1,1,0,0,19,1,1,0,0,0,0,0,0,0,0,0,0,0,19,,,19,0,0,5,5,0,0,1,0,0,0,0,0,1,1,48,48,1,0,0,0,0,1,10,0,38
2011,5,SEA,REG,2011_05_SEA_NYG,NYG,26,41,315,2,1,6,-36,0,0,323,143,14,1.79529413341436,-0.679966661988235,0,14,9,6,0,29,145,1,3,2,7,-3.05498221889138,0,4,3,1,1,26,41,315,2,0,0,323,143,14,11.2762974920791,0,14,9,6,0,0,40,16,16,0,0,2,3,25,2,3,111,9,1,0,1,0,0,0,0,0,0,1,0,2,0,0,10,70,0,2,1,0,3,2,6,79,3,71,2,2,0,0,51,1,0,0,0,1,1,0,0,0,0,0,0,0,51;43,,,94,0,0,4,4,0,0,1,0,0,0,0,0,7,0,62,312,4,1,2,1,1,2,12,0,280
2011,5,SF,REG,2011_05_TB_SF,TB,14,22,205,3,0,0,0,0,0,267,77,11,15.9262699150236,12.8388069924854,0,11,5,4,0,36,213,2,1,1,11,3.2080902449398,0,8,8,3,1,14,22,205,3,0,0,267,77,11,15.9262699150236,0,11,5,4,0,0,43,6,6,0,0,1,3,8,5,2,54,9,1,0,0,0,0,0,0,0,0,0,0,1,0,0,3,30,2,0,1,0,1,1,3,51,1,22,2,2,0,0,37,1,0,1,1,0,0,0,0,0,0,0,0,0,37;27,,,64,0,0,6,6,0,0,1,0,0,0,0,0,1,0,38,38,1,0,0,0,1,0,0,0,38
2011,5,TB,REG,2011_05_TB_SF,SF,18,35,194,0,2,3,-8,0,0,317,82,11,-10.4782204070399,-9.66888632093157,0,10,4,2,0,23,86,0,0,0,2,-1.20097105123568,0,0,0,0,0,18,35,194,0,1,1,317,82,11,-11.1930813321416,0,10,4,2,0,0,41,7,7,0,0,0,0,0,2,0,0,4,0,0,0,0,0,0,0,0,0,0,0,1,0,0,9,96,3,1,0,0,1,1,0,0,4,86,1,1,0,0,24,1,0,1,0,0,0,0,0,0,0,0,0,0,24,,,24,0,0,0,0,0,0,,0,0,0,0,0,6,0,58,259,3,0,1,0,2,3,51,0,208
2011,5,TEN,REG,2011_05_TEN_PIT,PIT,29,49,262,1,1,3,-22,1,0,413,72,11,-5.47092139264222,-2.31382368092841,0,11,7,2,0,18,66,1,0,0,6,-0.583051206602249,0,1,1,1,0,29,49,262,1,0,0,413,72,11,-0.552610643181274,0,11,7,2,0,0,31,14,28,0,0,0,1,4,1,1,8,5,0,0,0,1,0,0,0,0,3,1,0,0,0,0,9,70,4,1,0,0,1,0,1,10,3,93,1,1,0,0,29,1,0,1,0,0,0,0,0,0,0,0,0,0,29,,,29,0,0,2,2,0,0,1,0,0,0,0,0,4,0,44,169,1,2,0,0,2,0,0,0,169
2011,6,ATL,REG,2011_06_CAR_ATL,CAR,14,22,163,1,0,1,-4,0,0,190,87,8,9.07187333262012,4.02210908276694,0,6,3,2,0,35,166,3,0,0,13,3.85972978512291,0,6,4,2,0,14,21,163,1,0,0,190,87,8,11.3663362693042,0,6,3,2,0,0,38,0,22,0,0,2,1,8,7,3,79,7,0,0,0,0,0,0,0,0,0,0,0,0,0,0,4,57,1,0,0,0,0,0,1,8,1,22,1,1,0,0,24,1,0,1,0,0,0,0,0,0,0,0,0,0,24,,,24,0,0,4,4,0,0,1,0,0,0,0,0,3,0,46,129,2,0,1,0,1,1,0,0,129
2011,6,BAL,REG,2011_06_HOU_BAL,HOU,20,33,305,0,1,2,-16,1,1,334,90,15,6.14821383121373,3.45661030574278,0,14,4,2,2,30,113,2,0,0,6,-1.63328908780407,0,3,3,1,0,20,33,305,0,0,0,334,90,15,12.129605118215,0,14,4,2,2,0,41,13,13,0,0,2,4,20,5,0,0,8,0,0,0,0,0,0,0,0,0,0,0,0,0,0,5,25,3,1,0,0,1,1,1,13,3,67,5,5,0,0,48,1,0,1,1,3,0,0,0,0,0,0,0,0,43;48;25;33;40,,,189,0,0,2,2,0,0,1,0,0,0,0,0,2,0,48,90,1,0,0,0,1,1,4,0,86
2011,6,BUF,REG,2011_06_BUF_NYG,NYG,21,30,244,2,2,3,-25,1,0,207,142,10,2.05383630283177,6.49599659031835,0,7,3,2,1,23,155,1,0,0,4,4.33015699231554,0,2,2,1,1,21,30,244,2,0,0,207,142,10,6.5513238850981,0,7,3,2,1,0,37,19,19,0,0,0,0,0,1,0,0,3,0,0,0,0,0,1,0,0,0,1,0,0,0,0,7,75,3,1,0,0,1,0,2,11,1,21,1,1,0,0,49,1,0,0,0,1,0,0,0,0,0,0,0,0,49,,,49,0,0,3,3,0,0,1,0,0,0,0,0,3,0,64,136,1,0,1,1,0,1,17,0,99
2011,6,CAR,REG,2011_06_CAR_ATL,ATL,21,35,237,0,3,1,-8,0,0,274,77,12,-1.96446958079468,-0.306817527973291,0,13,4,2,0,26,139,2,0,0,10,5.68683545658132,0,8,6,0,0,21,33,237,0,2,0,274,77,12,0.81193467869889,0,13,4,2,0,0,43,0,16,0,0,0,1,4,5,0,0,1,0,0,0,0,0,0,0,0,0,0,0,0,0,0,7,85,4,2,0,2,2,0,1,0,4,88,1,1,0,0,42,1,0,0,0,1,0,0,0,0,0,0,0,0,42,,,42,0,0,2,2,0,0,1,0,0,0,0,0,2,0,41,81,0,0,0,0,1,1,8,0,73
2011,6,CHI,REG,2011_06_MIN_CHI,MIN,21,31,267,2,0,1,-9,1,1,268,91,11,8.03252670136266,8.76268379149899,0,11,8,4,1,28,119,1,0,0,9,-0.873694523991133,0,5,3,1,0,21,31,267,2,1,0,268,91,11,12.5527034920173,0,11,8,4,1,1,53,0,8,0,0,0,5,43,8,0,0,1,0,0,1,0,0,0,0,0,0,0,0,0,0,0,3,15,3,2,0,1,2,1,1,27,4,131,3,3,0,0,51,1,0,2,0,0,1,0,0,0,0,0,0,0,51;26;22,,,99,0,0,4,4,0,0,1,0,0,0,0,0,3,0,51,115,2,0,1,0,1,1,0,0,115
2011,6,CIN,REG,2011_06_IND_CIN,IND,25,32,264,1,0,0,0,0,0,174,122,12,11.1294452888338,10.8857720158994,0,10,5,4,0,31,94,1,0,0,4,-8.40680567534576,0,0,0,0,0,25,32,264,1,0,0,174,122,12,11.1294452888338,0,10,5,4,0,0,38,0,24,0,0,2,1,9,3,1,15,7,0,0,0,0,0,1,0,0,0,0,0,2,35,1,11,111,3,0,0,0,0,0,2,35,2,55,2,3,1,0,43,0.666666666666667,0,1,0,1,0,0,0,0,0,1,0,0,20;43,43,,63,43,0,3,3,0,0,1,0,0,0,0,0,5,0,53,221,1,1,0,0,2,2,5,0,216
2011,6,CLE,REG,2011_06_CLE_OAK,LV,21,45,215,2,0,2,-12,0,0,370,103,16,3.31579785085003,-11.7818733507937,0,13,3,1,0,21,65,0,1,1,2,-6.13845094139106,0,0,0,0,0,21,44,215,2,0,0,370,103,16,6.42008879292942,0,13,3,1,0,0,55,0,6,0,0,1,2,9,1,0,0,1,0,0,0,0,0,0,0,0,0,0,0,1,0,0,5,34,4,0,1,0,1,1,2,30,4,83,1,1,0,0,47,1,0,0,0,1,0,0,0,0,0,0,0,0,47,,,47,0,0,2,2,0,0,1,0,0,0,0,0,6,0,54,271,4,1,1,0,2,2,-6,0,277
2011,6,DAL,REG,2011_06_DAL_NE,NE,27,41,317,1,1,2,-17,0,0,275,177,15,5.45174347721686,-0.6854789286125,0,13,7,5,0,24,77,0,1,1,6,-5.59765238187043,0,1,1,0,0,27,41,317,1,0,0,275,177,15,9.12476112782669,0,13,7,5,0,0,42,8,32,0,0,2,3,19,8,2,7,4,0,0,0,0,0,0,0,0,0,0,0,2,7,0,10,77,4,1,0,0,1,1,2,3,2,40,3,3,0,0,48,1,0,2,0,1,0,0,0,0,0,0,0,0,48;22;26,,,96,0,0,1,1,0,0,1,0,0,0,0,0,4,0,64,207,0,0,0,1,0,3,27,0,160
2011,6,DET,REG,2011_06_SF_DET,SF,28,50,293,2,0,5,-49,1,0,348,141,14,-14.02552221306,-6.03951271623373,0,12,5,4,1,18,66,0,0,0,3,-2.37655396288028,0,2,1,0,0,28,48,293,2,0,0,348,141,14,-2.59102554390304,0,12,5,4,1,0,40,1,21,0,0,1,2,14,6,1,30,4,0,0,0,0,0,0,0,0,0,2,0,1,0,0,6,54,4,1,1,0,2,0,3,41,0,0,2,3,1,0,25,0.666666666666667,0,2,0,0,0,0,0,0,0,0,1,0,25;24,52,,49,52,0,1,1,0,0,1,0,0,0,0,0,8,0,57,350,0,1,0,1,3,3,72,0,258
2011,6,GB,REG,2011_06_STL_GB,LA,18,29,316,3,1,1,-7,0,0,328,158,12,13.6598374630478,0.841602785833951,0,11,5,4,1,31,90,0,0,0,7,-5.3609236907505,0,2,1,0,0,18,29,316,3,0,0,328,158,12,14.8578020093185,0,11,5,4,1,0,44,10,24,0,0,1,3,22,5,1,0,5,0,0,0,0,0,0,0,0,0,0,0,0,0,0,3,16,2,0,0,0,0,0,0,0,2,27,1,1,0,0,32,1,0,0,1,0,0,0,0,0,0,0,0,0,32,,,32,0,0,3,3,0,0,1,0,0,0,0,0,5,0,67,222,1,1,0,1,1,2,56,0,146
2011,6,HOU,REG,2011_06_HOU_BAL,BAL,21,37,220,1,0,4,-20,1,0,283,78,11,-1.51901329040993,-9.6338927343085,0,9,5,3,0,25,93,0,1,0,5,-4.61758512677625,0,3,2,0,0,21,37,220,1,0,0,283,78,11,3.58635874721222,0,9,5,3,0,0,37,13,17,0,0,1,2,16,8,1,2,2,0,0,0,0,0,0,0,0,0,2,0,1,0,1,5,15,6,2,0,0,2,0,1,4,1,26,0,0,0,0,,,0,0,0,0,0,0,0,0,0,0,0,0,,,,0,0,0,2,2,0,0,1,0,0,0,0,0,6,0,59,246,2,1,1,1,2,1,13,0,213
2011,6,IND,REG,2011_06_IND_CIN,CIN,23,34,188,1,1,1,-9,0,0,205,78,10,-0.550655254147269,1.5440648969482,0,7,3,1,0,23,94,1,0,0,7,3.86710875778226,0,2,2,0,0,23,34,188,1,2,2,205,78,10,-10.9734446960346,0,7,3,1,0,0,46,0,24,0,0,0,0,0,1,0,0,3,0,0,0,0,0,0,0,0,0,0,0,0,0,0,2,11,3,2,0,0,2,2,2,5,3,29,1,2,0,1,46,0.5,0,0,0,1,0,0,0,0,0,0,0,0,46,,52,46,0,52,2,2,0,0,1,0,0,0,0,0,4,0,62,208,1,0,1,0,1,2,35,0,173
2011,6,JAX,REG,2011_06_JAX_PIT,PIT,12,26,109,1,0,5,-33,0,0,242,20,7,-9.08135156778265,-14.7786749601364,0,6,3,1,0,30,133,0,0,0,6,1.6253352382969,0,5,3,0,0,12,25,109,1,0,0,242,20,7,-2.38981153658824,0,6,3,1,0,0,28,17,27,0,0,1,3,15,4,0,0,3,0,0,0,0,0,0,0,0,0,0,0,0,0,0,4,22,5,0,0,0,0,0,1,7,3,87,2,2,0,0,46,1,0,0,0,2,0,0,0,0,0,0,0,0,46;45,,,91,0,0,1,1,0,0,1,0,0,0,0,0,7,0,47,296,1,1,0,0,2,4,13,0,283
2011,6,LA,REG,2011_06_STL_GB,GB,29,45,328,0,1,3,-22,0,0,317,176,14,-9.64799404455473,-0.616926285955641,0,13,7,4,1,24,118,0,2,0,8,2.55595480226043,0,2,2,0,0,29,45,328,0,0,0,317,176,14,-4.90575285078151,0,13,7,4,1,0,34,5,19,0,0,0,1,7,1,1,-3,3,0,0,0,0,0,0,0,0,0,1,-16,0,0,0,7,45,5,1,1,1,2,0,2,56,2,40,1,2,1,0,36,0.5,0,0,1,0,0,0,0,0,0,1,0,0,36,47,,36,47,0,0,0,0,0,,0,0,0,0,0,5,0,42,162,3,1,2,0,2,0,0,0,162
2011,6,LV,REG,2011_06_CLE_OAK,CLE,15,24,187,1,0,2,-9,1,0,196,106,8,9.42313372751232,-3.40872642894586,0,6,4,3,0,40,151,1,2,1,9,-6.9464414343054,0,4,2,1,0,15,24,187,1,0,0,196,106,8,11.5236816528486,0,6,4,3,0,1,42,0,8,0,0,0,2,12,6,0,0,7,0,0,0,0,0,0,0,0,0,2,-5,1,0,0,5,35,4,1,2,0,3,1,2,-6,3,151,1,1,0,0,48,1,0,0,0,1,0,0,0,0,0,0,0,0,48,,,48,0,0,3,3,0,0,1,0,0,0,0,0,4,0,59,194,2,0,0,1,1,2,30,0,144
2011,6,MIA,REG,2011_06_MIA_NYJ,NYJ,16,34,204,0,2,4,-14,2,0,427,95,11,-15.3685986973046,-4.04112339019775,0,12,2,2,1,25,118,0,2,0,4,-0.224506873695645,0,3,2,1,0,16,33,204,0,1,1,427,95,11,-16.1242827487926,0,12,2,2,1,0,50,0,2,0,0,1,2,9,2,0,0,0,0,0,0,0,0,0,0,0,0,2,0,1,0,0,2,10,5,5,0,2,5,1,4,33,4,87,2,2,0,0,23,1,0,2,0,0,0,0,0,0,0,0,0,0,23;21,,,44,0,0,0,0,0,0,,0,0,0,0,0,7,0,65,305,3,0,1,0,1,5,30,0,275
2011,6,MIN,REG,2011_06_MIN_CHI,CHI,28,42,276,0,0,5,-43,0,0,344,81,12,-5.97116285666575,6.08082640738714,0,13,5,3,0,17,53,1,0,0,3,-0.396054139302578,0,0,0,0,0,28,42,276,0,0,0,344,81,12,1.98229564855123,0,13,5,3,0,0,49,0,4,0,0,2,1,9,5,0,0,5,0,0,0,0,0,0,0,0,0,0,0,1,0,0,5,40,3,0,0,0,0,0,1,0,6,146,1,2,1,0,37,0.5,0,0,1,0,0,0,0,0,1,0,0,0,37,38,,37,38,0,1,1,0,0,1,0,0,0,0,0,5,0,55,186,0,1,2,0,1,1,27,0,159
2011,6,NE,REG,2011_06_DAL_NE,DAL,27,41,289,2,2,3,-19,0,0,230,179,16,3.44544957155421,1.46626306743157,0,12,5,2,1,25,101,0,0,0,7,0.969841908023227,0,1,1,0,0,27,41,289,2,1,1,230,179,16,3.90436749736516,0,12,5,2,1,0,35,13,35,0,0,1,2,17,5,1,6,4,0,0,0,0,0,0,0,0,0,0,0,1,0,0,5,35,4,2,0,0,2,2,3,27,5,103,2,2,0,0,31,1,0,1,1,0,0,0,0,0,0,0,0,0,31;26,,,57,0,0,2,2,0,0,1,0,0,0,0,0,2,0,53,96,1,0,0,0,0,2,3,0,93
2011,6,NO,REG,2011_06_NO_TB,TB,29,45,383,1,3,0,0,0,0,406,138,14,4.31152562797571,3.01749123467339,0,11,9,5,2,20,70,1,1,1,4,-5.12635284033604,0,3,2,0,0,29,45,383,1,0,0,406,138,14,4.31152562797571,0,11,9,5,2,0,43,8,8,0,0,0,0,0,2,0,0,7,0,0,0,0,0,0,0,0,0,0,0,0,0,0,7,53,5,1,0,0,1,1,1,-10,3,69,2,2,0,0,33,1,0,1,1,0,0,0,0,0,0,0,0,0,33;24,,,57,0,0,2,2,0,0,1,0,0,0,0,0,4,0,61,220,0,0,0,0,1,3,24,0,196
2011,6,NYG,REG,2011_06_BUF_NYG,BUF,21,32,292,0,0,0,0,0,0,341,123,12,13.9888756881364,6.47775232791901,0,12,7,4,1,33,122,3,0,0,9,-4.37751823002567,0,3,1,1,0,21,31,292,0,0,0,341,123,12,14.7750104698016,0,12,7,4,1,0,31,16,16,0,0,1,3,25,4,2,25,6,0,0,0,0,0,0,0,0,0,0,0,0,0,0,7,79,3,0,0,0,0,0,1,17,4,88,2,3,0,1,26,0.666666666666667,0,2,0,0,0,0,0,0,0,0,0,0,26;23,,50,49,0,50,3,3,0,0,1,0,0,0,0,0,3,0,56,161,0,0,0,1,0,2,11,0,130
2011,6,NYJ,REG,2011_06_MIA_NYJ,MIA,14,25,201,1,0,2,-9,0,0,279,100,7,0.499251503343179,-4.02511811256409,0,7,6,5,0,29,104,1,0,0,5,-2.87397997672088,0,2,2,1,0,14,25,201,1,0,0,279,100,7,4.32936340275635,0,7,6,5,0,0,50,0,6,0,0,5,4,14,12,2,100,5,1,1,0,0,0,0,0,0,0,1,0,1,0,0,6,49,0,1,1,0,2,1,5,30,3,47,1,1,0,0,28,1,0,1,0,0,0,0,0,0,0,0,0,0,28,,,28,0,0,3,3,0,0,1,0,0,0,0,0,8,0,63,388,3,0,2,2,0,4,33,0,315
2011,6,PHI,REG,2011_06_PHI_WAS,WAS,18,32,237,1,2,2,-7,0,0,288,68,9,1.67036818709366,-3.28184431418777,0,9,5,4,1,38,192,1,0,0,11,2.90089932153933,0,8,4,3,0,18,32,237,1,0,0,288,68,9,4.36629536812726,0,9,5,4,1,0,32,4,14,0,0,0,2,15,10,4,38,8,0,0,0,0,0,0,0,0,0,0,0,0,0,0,8,60,4,0,0,0,0,0,0,0,0,0,2,2,0,0,28,1,0,2,0,0,0,0,0,0,0,0,0,0,28;24,,,52,0,0,2,2,0,0,1,0,0,0,0,0,3,0,50,131,0,0,0,1,0,2,4,0,107
2011,6,PIT,REG,2011_06_JAX_PIT,JAX,12,23,200,1,0,3,-15,1,0,401,67,8,4.03223802857707,0.587656575700511,0,8,6,3,1,32,185,1,0,0,6,3.92937651410466,0,4,2,1,1,12,23,200,1,0,0,401,67,8,8.02987853389374,0,8,6,3,1,0,34,7,25,0,0,0,5,33,7,0,0,2,0,0,0,0,0,0,0,0,0,1,0,0,0,0,8,65,2,1,0,0,1,0,4,13,1,34,1,2,1,0,21,0.5,0,1,0,0,0,0,0,0,0,1,0,0,21,46,,21,46,0,2,2,0,0,1,0,0,0,0,0,6,0,55,256,1,2,1,1,1,1,7,0,229
2011,6,SF,REG,2011_06_SF_DET,DET,17,32,125,1,1,2,-14,1,1,224,58,6,-16.7091413029862,-10.8907483983785,0,4,2,1,0,29,203,1,0,0,7,5.55655046062529,0,4,4,2,2,17,32,125,1,0,0,224,58,6,-8.71438891989377,0,4,2,1,0,0,45,0,20,0,0,1,5,49,11,0,0,9,0,0,1,0,0,0,0,0,0,0,0,0,0,0,15,120,5,1,0,0,1,1,3,72,4,105,3,3,0,0,55,1,0,0,2,0,1,0,0,0,0,0,0,0,55;31;37,,,123,0,0,2,2,0,0,1,0,0,0,0,0,9,0,60,430,4,0,1,1,4,3,41,0,369
2011,6,TB,REG,2011_06_NO_TB,NO,23,41,303,2,0,0,0,0,0,339,150,12,7.90098837825105,-8.80158398209549,0,12,6,2,1,25,117,0,0,0,6,-3.02609457587823,0,4,4,1,0,23,41,303,2,0,0,339,150,12,7.90098837825105,0,12,6,2,1,0,34,13,13,0,0,1,0,0,1,3,16,7,0,0,0,0,0,0,0,0,0,0,0,1,0,0,7,64,4,0,0,0,0,0,3,24,3,30,4,5,1,0,48,0.8,0,0,1,3,0,0,0,0,0,0,1,0,48;42;42;38,55,,170,55,0,2,2,0,0,1,0,0,0,0,0,4,0,58,189,3,2,1,0,0,1,-10,0,199
2011,6,WAS,REG,2011_06_PHI_WAS,PHI,17,37,260,0,4,2,-15,1,0,440,136,12,-6.80363444632174,-11.8001089305491,0,12,6,4,1,14,42,1,0,0,2,-2.04254368902184,0,1,1,0,0,17,37,260,0,0,0,440,136,12,-3.96556215202365,0,12,6,4,1,0,34,11,33,0,0,0,2,7,7,2,5,7,0,0,0,0,0,0,0,0,0,2,0,0,0,0,9,75,5,0,2,0,2,0,2,4,5,149,2,2,0,0,50,1,0,1,0,0,1,0,0,0,0,0,0,0,50;26,,,76,0,0,1,1,0,0,1,0,0,0,0,0,4,0,53,170,2,0,2,0,2,0,0,0,170
2011,7,ARI,REG,2011_07_PIT_ARI,PIT,18,34,272,2,1,2,-15,0,0,280,143,15,1.89413219377468,-8.12474778204253,0,10,4,4,1,19,73,1,0,0,5,0.786957715870813,0,3,1,0,0,18,33,272,2,0,0,280,143,15,7.10059750605444,0,10,4,4,1,0,51,2,10,0,0,0,2,7,6,0,0,5,0,0,0,0,0,0,0,0,0,0,0,0,0,0,9,74,3,0,0,0,0,0,0,0,5,107,0,0,0,0,,,0,0,0,0,0,0,0,0,0,0,0,0,,,,0,0,0,2,2,0,0,1,0,0,0,0,0,4,0,58,191,2,0,1,0,1,2,47,0,144
2011,7,ATL,REG,2011_07_ATL_DET,DET,20,35,218,1,2,3,-19,0,0,259,102,11,-3.73393606410276,-9.19288720403399,0,8,4,2,1,31,129,1,0,0,4,-5.98290416845363,0,2,2,1,1,20,35,218,1,0,0,259,102,11,-0.603009020135807,0,8,4,2,1,0,37,0,14,0,0,1,3,24,5,0,0,7,0,0,0,0,0,0,0,0,0,0,0,1,0,0,11,80,2,0,0,0,0,0,4,62,3,82,3,3,0,0,47,1,0,1,0,2,0,0,0,0,0,0,0,0,23;47;40,,,110,0,0,2,2,0,0,1,0,0,0,0,0,5,0,45,177,2,0,0,0,4,1,0,0,177
2011,7,BAL,REG,2011_07_BAL_JAX,JAX,21,38,137,1,1,3,-25,1,0,323,56,8,-11.4931341625437,-7.44000265472814,0,6,1,1,0,12,34,0,1,1,1,-7.95698862755671,0,1,1,0,0,21,38,137,1,0,0,323,56,8,-7.03476690640673,0,6,1,1,0,0,47,0,28,0,0,3,4,20,5,0,0,3,0,0,0,0,0,0,0,0,0,1,0,1,0,0,10,85,5,2,0,0,2,1,2,6,2,53,0,1,1,0,,0,0,0,0,0,0,0,0,0,0,0,1,0,,52,,0,52,0,1,1,0,0,1,0,0,0,0,0,9,0,58,470,3,1,1,1,0,6,37,0,413
2011,7,CAR,REG,2011_07_WAS_CAR,WAS,18,23,256,1,0,4,-24,0,0,232,107,10,13.3280316490364,17.3523979342502,0,9,7,4,0,37,175,2,1,0,10,2.66408250357416,0,4,4,2,0,18,23,256,1,0,0,232,107,10,18.1190627084962,0,9,7,4,0,0,40,3,11,0,0,2,3,18,4,1,19,9,0,0,0,0,0,0,0,0,0,1,0,2,0,0,13,105,4,1,0,0,1,0,0,0,1,15,4,4,0,0,45,1,0,1,0,3,0,0,0,0,0,0,0,0,20;45;45;40,,,150,0,0,3,3,0,0,1,0,0,0,0,0,3,0,48,116,2,0,0,0,2,1,-4,0,120
2011,7,CHI,REG,2011_07_CHI_TB,TB,17,32,226,1,2,2,-8,0,0,249,103,9,-2.93782471788918,-8.10275068506599,0,10,3,3,0,33,177,2,0,0,8,2.2354277012939,0,6,6,3,0,17,32,226,1,0,0,249,103,9,-2.97241152676624,0,10,3,3,0,0,42,2,6,0,0,0,1,14,4,4,18,10,0,0,0,0,0,0,0,0,0,0,0,0,0,0,7,54,0,0,0,0,0,0,5,33,2,43,1,2,1,0,25,0.5,0,1,0,0,0,0,0,0,0,1,0,0,25,41,,25,41,0,3,3,0,0,1,0,0,0,0,0,6,0,45,228,2,1,0,0,2,3,8,0,220
2011,7,CLE,REG,2011_07_SEA_CLE,SEA,20,35,178,0,1,4,-19,0,0,229,116,12,-2.92115393104799,-6.38394155672618,0,7,4,0,0,45,139,0,0,0,5,-9.08429425425241,0,2,2,0,0,20,35,178,0,0,0,229,116,12,-1.72098435698612,0,7,4,0,0,0,33,0,8,0,0,1,3,25,6,1,0,5,0,1,0,0,0,0,0,0,0,1,0,1,0,0,7,48,5,0,1,0,1,0,4,14,1,23,2,4,0,2,53,0.5,0,0,0,0,2,0,0,0,0,0,0,0,52;53,,48;24,105,0,72,0,0,0,0,,0,0,0,0,0,5,0,51,193,0,1,0,0,2,2,39,0,154
2011,7,DAL,REG,2011_07_STL_DAL,LA,14,24,166,2,0,2,-15,0,0,183,71,10,5.18752137613176,-2.18355233470599,0,7,4,2,0,34,294,2,1,1,12,8.96526305386215,0,5,5,2,2,14,24,166,2,0,0,183,71,10,7.68835744047231,0,7,4,2,0,0,39,3,13,0,0,2,1,1,7,1,3,6,0,0,0,0,0,0,0,0,0,0,0,1,1,0,6,30,1,1,0,0,1,1,1,7,0,0,2,2,0,0,51,1,0,0,1,0,1,0,0,0,0,0,0,0,30;51,,,81,0,0,4,4,0,0,1,0,0,0,0,0,3,0,60,145,2,1,1,0,0,1,9,0,136
2011,7,DEN,REG,2011_07_DEN_MIA,MIA,13,27,161,2,0,6,-30,0,0,354,71,8,-1.73990803046247,-6.43491998866752,0,5,4,2,1,40,177,0,2,1,9,-5.78674483199228,1,6,6,1,0,13,27,161,2,0,0,354,71,8,6.71486835775431,0,5,4,2,1,0,49,0,18,0,0,1,4,24,7,0,0,2,0,0,0,0,0,0,0,0,0,1,0,1,0,0,5,30,4,2,0,0,2,1,4,45,0,0,1,3,2,0,52,0.333333333333333,0,0,0,0,1,0,0,0,0,2,0,0,52,49;43,,52,92,0,1,1,0,0,1,1,1,0,0,52,9,0,66,435,2,0,1,0,4,4,62,0,373
2011,7,DET,REG,2011_07_ATL_DET,ATL,15,32,183,1,0,3,-24,0,0,300,95,8,-7.30365427315783,-16.5237886831164,0,3,3,2,1,20,104,0,0,0,4,-2.44769267691299,0,4,2,1,0,15,32,183,1,0,0,300,95,8,-3.32418844790746,0,3,3,2,1,0,45,2,24,0,0,0,3,19,6,2,24,6,0,1,0,0,0,0,0,0,0,1,0,0,0,0,10,84,3,1,1,0,2,1,1,0,5,141,3,3,0,0,43,1,0,1,1,1,0,0,0,0,0,0,0,0,43;38;29,,,110,0,0,1,1,0,0,1,0,0,0,0,0,6,0,51,263,2,1,0,0,1,4,62,0,201
2011,7,GB,REG,2011_07_GB_MIN,MIN,24,30,335,3,0,4,-28,0,0,249,151,16,15.8189525406791,19.3953194494905,0,13,6,4,1,26,114,0,0,0,6,-3.88580865273252,0,4,4,1,0,24,29,335,3,0,0,249,151,16,24.1246050015958,0,13,6,4,1,0,40,0,12,0,0,0,2,2,4,2,26,8,0,1,0,0,0,0,0,0,0,0,0,0,0,0,6,44,5,0,1,0,1,1,2,42,3,71,4,4,0,0,58,1,0,1,1,1,1,0,0,0,0,0,0,0,39;45;24;58,,,166,0,0,3,3,0,0,1,0,0,0,0,0,3,0,65,178,3,0,1,0,0,2,12,0,166
2011,7,HOU,REG,2011_07_HOU_TEN,TEN,18,23,296,2,0,0,0,0,0,246,142,13,23.9959712558239,24.0486959164793,0,9,7,6,1,47,222,2,0,0,14,0.489021685926272,0,9,6,1,0,18,22,296,2,0,0,246,142,13,24.5350905558489,0,9,7,6,1,0,36,0,6,0,0,2,2,21,4,2,38,7,1,0,0,0,0,0,0,0,0,0,0,0,0,0,6,68,4,0,0,0,0,0,1,0,0,0,2,2,0,0,32,1,0,1,1,0,0,0,0,0,0,0,0,0,32;29,,,61,0,0,5,5,0,0,1,0,0,0,0,0,2,0,57,96,0,0,0,0,0,2,33,0,63
2011,7,IND,REG,2011_07_IND_NO,NO,12,22,102,0,1,1,-5,0,0,211,52,5,-10.9338154924917,-3.87480661273003,0,4,1,0,0,23,155,1,2,2,6,-7.59298627573298,0,5,3,3,1,12,20,102,0,0,0,211,52,5,-6.20487094525015,0,4,1,0,0,0,54,0,32,0,0,0,2,4,2,0,0,3,0,0,0,0,0,0,0,0,0,0,0,0,0,0,7,49,0,1,1,0,2,2,1,13,1,18,0,0,0,0,,,0,0,0,0,0,0,0,0,0,0,0,0,,,,0,0,0,1,1,0,0,1,0,0,0,0,0,6,0,56,279,2,1,0,0,1,4,27,0,252
2011,7,JAX,REG,2011_07_BAL_JAX,BAL,9,20,93,0,0,4,-20,0,0,130,43,5,-12.8195359070575,-15.1683257520199,0,4,2,2,0,42,132,0,3,1,6,-9.20613897365025,0,2,1,0,0,9,20,93,0,1,0,130,43,5,-5.3443849503066,0,4,2,2,0,0,38,0,4,0,0,2,3,25,3,1,1,3,0,0,0,0,0,0,0,0,0,3,-3,1,0,0,6,90,4,3,1,0,4,1,6,37,1,24,4,4,0,0,54,1,0,1,0,0,3,0,0,0,0,0,0,0,54;54;22;51,,,181,0,0,0,0,0,0,,0,0,0,0,0,7,0,47,286,2,0,2,0,3,2,6,0,280
2011,7,KC,REG,2011_07_KC_OAK,LV,15,30,161,0,2,0,0,0,0,347,66,9,0.415941467945231,-6.57406275471052,0,8,5,1,0,39,139,2,0,0,9,1.68809878258617,0,5,3,1,0,15,30,161,0,0,0,347,66,9,0.415941467945231,0,8,5,1,0,0,36,6,22,0,0,1,1,10,7,6,113,8,2,0,0,0,0,0,0,0,0,0,0,0,0,0,10,98,2,0,0,0,0,0,2,23,1,28,0,0,0,0,,,0,0,0,0,0,0,0,0,0,0,0,0,,,,0,0,0,4,4,0,0,1,0,0,0,0,0,7,0,65,368,3,1,2,0,0,4,39,0,329
2011,7,LA,REG,2011_07_STL_DAL,DAL,20,33,196,0,1,1,-1,1,0,172,165,8,-6.60645196895348,-2.02080119739879,0,9,4,3,0,21,70,1,0,0,4,-5.1666004404542,0,2,2,1,1,20,33,196,0,1,1,172,165,8,-8.83164116996341,0,9,4,3,0,0,40,1,15,0,0,1,2,15,3,0,0,3,0,0,0,0,0,0,0,0,0,1,0,1,3,0,4,16,1,2,0,0,2,1,1,9,5,114,0,0,0,0,,,0,0,0,0,0,0,0,0,0,0,0,0,,,,0,0,0,1,1,0,0,1,0,0,0,0,0,5,0,59,237,3,0,1,1,2,1,7,0,210
2011,7,LAC,REG,2011_07_SD_NYJ,NYJ,16,32,179,1,2,1,-7,0,0,338,61,9,-6.48292039742228,-4.91625921380135,0,7,3,2,0,25,96,1,0,0,6,1.14224511914654,0,1,1,1,0,16,31,179,1,0,0,338,61,9,-4.38969013083261,0,7,3,2,0,0,45,0,18,0,0,1,2,17,3,1,25,2,0,0,0,0,0,0,0,0,0,0,0,1,37,1,13,95,5,0,0,0,0,0,1,0,6,139,0,0,0,0,,,0,0,0,0,0,0,0,0,0,0,0,0,,,,0,0,0,3,3,0,0,1,0,0,0,0,0,4,0,58,201,1,0,1,0,1,2,14,0,187
2011,7,LV,REG,2011_07_KC_OAK,KC,15,35,177,0,6,1,-10,0,0,443,65,8,-29.4302381763409,-13.4251769951412,0,8,4,3,0,27,155,0,1,0,7,-2.19140381299076,0,5,5,2,0,15,35,177,0,0,0,443,65,8,-27.8829427424062,0,8,4,3,0,0,41,6,24,0,0,0,0,0,2,2,2,4,0,0,0,0,0,0,0,0,0,2,-1,0,0,0,14,120,2,1,1,0,2,0,4,39,1,6,0,0,0,0,,,0,0,0,0,0,0,0,0,0,0,0,0,,,,0,0,0,0,0,0,0,,0,0,0,0,0,6,0,59,289,2,1,1,1,1,2,23,0,246
2011,7,MIA,REG,2011_07_DEN_MIA,DEN,22,33,197,1,0,4,-24,1,1,215,76,9,-7.8154199158138,0.948819879329566,0,8,3,1,0,31,94,0,1,0,5,-7.38187967855224,0,2,2,0,0,22,33,197,1,0,0,215,76,9,2.59213878962115,0,8,3,1,0,0,56,0,12,0,0,2,6,30,10,0,0,1,0,0,0,0,0,0,0,0,0,1,-2,1,0,0,2,20,7,1,1,0,2,1,4,62,0,0,3,3,0,0,43,1,0,0,2,1,0,0,0,0,0,0,0,0,38;36;43,,,117,0,0,0,0,0,0,,0,0,0,0,0,8,0,64,397,3,1,0,2,1,4,45,0,312
2011,7,MIN,REG,2011_07_GB_MIN,GB,13,32,219,2,2,2,-2,0,0,425,58,12,-1.40826878754262,-15.6807884573936,0,8,5,3,1,31,218,1,0,0,9,6.28396197583061,0,7,4,3,1,13,32,219,2,0,0,425,58,12,0.855054002436086,0,8,5,3,1,0,42,0,26,0,0,0,4,28,6,0,0,0,0,0,0,0,0,0,0,0,0,0,0,1,0,0,9,91,3,0,0,0,0,0,2,12,3,76,2,2,0,0,52,1,0,0,0,1,1,0,0,0,0,0,0,0,52;46,,,98,0,0,3,3,0,0,1,0,0,0,0,0,4,0,49,161,1,0,0,0,2,2,42,0,119
2011,7,NO,REG,2011_07_IND_NO,IND,31,35,325,5,0,2,-4,0,0,118,218,19,21.1072766595753,20.0790476799011,0,11,5,3,1,38,236,2,0,0,16,13.158842228353,0,9,5,1,0,31,35,325,5,0,0,118,218,19,23.1365163075971,0,11,5,3,1,0,25,0,20,0,0,1,1,5,5,1,42,5,1,0,0,0,0,0,0,0,0,0,0,2,0,0,1,10,3,0,0,0,0,0,4,27,2,56,2,2,0,0,47,1,0,1,0,1,0,0,0,0,0,0,0,0,23;47,,,70,0,0,8,8,0,0,1,0,0,0,0,0,1,0,53,53,0,0,0,0,0,1,13,0,40
2011,7,NYJ,REG,2011_07_SD_NYJ,LAC,18,33,173,3,1,2,-17,0,0,313,89,11,2.16199619928186,-1.17448442615569,0,7,3,1,0,31,162,0,0,0,10,2.86350440885872,0,5,3,2,0,18,32,173,3,1,1,313,89,11,-2.44756582542078,0,7,3,1,0,0,38,0,16,0,0,0,1,7,5,2,74,7,0,0,0,0,0,0,0,0,0,0,0,0,0,0,8,60,2,1,0,0,1,1,2,14,3,79,2,2,0,0,35,1,0,0,2,0,0,0,0,0,0,0,0,0,35;30,,,65,0,0,3,3,0,0,1,0,0,0,0,0,3,0,42,110,1,0,0,0,2,1,0,0,110
2011,7,PIT,REG,2011_07_PIT_ARI,ARI,26,39,361,3,0,2,-7,0,0,329,209,17,20.1101295725575,8.31265967143209,0,16,6,4,1,28,91,0,0,0,5,-3.23165363094054,0,2,1,0,0,26,38,361,3,0,0,329,209,17,22.2064764969881,0,16,6,4,1,0,34,6,8,0,0,0,2,15,3,1,10,3,0,0,1,0,0,0,0,0,0,0,0,0,0,0,9,69,5,0,0,0,0,0,2,47,3,66,3,3,0,0,42,1,0,0,1,2,0,0,0,0,0,0,0,0,41;42;39,,,122,0,0,3,3,0,0,1,0,0,0,0,0,3,0,49,118,2,0,1,0,2,0,0,0,118
2011,7,SEA,REG,2011_07_SEA_CLE,CLE,12,30,97,0,1,4,-28,2,1,251,75,5,-20.7474552340377,-17.0619504650434,0,4,1,1,0,16,68,0,0,0,2,0.628555948846042,0,1,0,0,0,12,30,97,0,0,0,251,75,5,-11.6635179737155,0,4,1,1,0,0,63,0,14,0,0,0,4,19,8,1,0,6,0,0,0,0,0,2,0,0,0,1,0,0,0,0,8,68,5,1,1,0,2,1,2,39,3,60,1,1,0,0,20,1,0,1,0,0,0,0,0,0,0,0,0,0,20,,,20,0,0,0,0,0,0,,0,0,0,0,0,7,0,67,351,1,1,0,2,0,4,14,0,297
2011,7,TB,REG,2011_07_CHI_TB,CHI,29,52,264,2,4,1,-14,0,0,388,97,13,-11.3648038005171,-8.12720942955751,0,13,4,2,0,11,30,0,0,0,2,-2.54467864288017,0,1,1,0,0,29,52,264,2,0,0,388,97,13,-8.96861854723596,0,13,4,2,0,0,52,2,6,0,0,0,2,8,4,2,57,8,0,1,1,0,0,0,0,0,0,1,0,0,0,0,8,69,4,0,1,0,1,0,3,8,2,28,1,1,0,0,33,1,0,0,1,0,0,0,0,0,0,0,0,0,33,,,33,0,0,1,1,0,0,1,0,0,0,0,0,8,0,65,381,3,0,3,0,0,5,33,0,348
2011,7,TEN,REG,2011_07_HOU_TEN,HOU,15,31,116,1,2,2,-21,0,0,300,44,6,-16.4693888811162,-14.0480020353871,0,7,3,0,0,15,53,0,1,0,2,-3.59840768820141,0,1,1,1,0,15,31,116,1,0,0,300,44,6,-12.6929600188741,0,7,3,0,0,0,52,0,20,0,0,0,0,0,3,0,0,0,0,0,0,0,0,0,0,0,0,2,0,0,0,0,8,76,0,2,0,0,2,0,2,33,5,103,0,0,0,0,,,0,0,0,0,0,0,0,0,0,0,0,0,,,,0,0,0,1,1,0,0,1,0,0,0,0,0,7,0,54,319,2,2,0,1,3,1,0,0,299
2011,7,WAS,REG,2011_07_WAS_CAR,CAR,22,37,279,1,1,3,-18,1,1,330,93,14,-2.76569707531998,-2.22738020949894,0,13,7,4,0,23,92,1,0,0,6,6.38077402376803,0,3,2,0,0,22,36,279,1,1,1,330,93,14,3.96875193022025,0,13,7,4,0,0,50,2,12,0,0,1,4,24,4,0,0,2,0,0,0,0,0,0,0,0,0,0,0,0,0,0,3,26,6,2,0,0,2,2,1,-4,2,25,2,2,0,0,49,1,0,0,1,1,0,0,0,0,0,0,0,0,31;49,,,80,0,0,2,2,0,0,1,0,0,0,0,0,1,0,37,37,0,0,0,0,1,0,0,0,37
2011,8,ARI,REG,2011_08_ARI_BAL,BAL,10,21,153,1,1,6,-55,1,0,188,78,6,-7.81700485101841,-12.45325420584,0,6,3,1,1,30,109,1,0,0,7,0.900085405068239,0,2,2,0,0,10,21,153,1,0,0,188,78,6,0.459613879541733,0,6,3,1,1,1,52,10,14,0,0,2,3,38,3,1,1,10,0,0,0,0,0,0,0,0,0,1,0,1,0,0,12,92,5,1,0,0,1,0,4,112,4,116,2,2,0,0,45,1,0,0,1,1,0,0,0,0,0,0,0,0,32;45,,,77,0,0,3,3,0,0,1,0,0,0,0,0,6,0,52,240,3,0,1,0,2,3,22,0,218
2011,8,BAL,REG,2011_08_ARI_BAL,ARI,31,51,336,0,1,3,-38,2,1,599,68,15,-5.71883919039188,2.08976899876314,0,11,6,5,0,26,107,3,0,0,10,1.97469703024282,0,3,2,1,0,31,51,336,0,0,0,599,68,15,4.25340740298332,0,11,6,5,0,0,41,12,12,0,0,1,6,55,9,1,8,6,0,0,0,0,0,0,0,0,0,1,0,0,0,0,11,99,4,2,0,0,2,1,3,22,4,85,3,3,0,0,47,1,0,2,0,1,0,0,0,0,0,0,0,0,26;47;25,,,98,0,0,3,3,0,0,1,1,1,0,0,25,5,0,48,219,2,0,1,0,0,4,112,1,107
2011,8,BUF,REG,2011_08_WAS_BUF,WAS,21,27,262,2,1,2,-10,0,0,157,125,11,7.26604961665562,10.6176535288493,0,10,6,5,1,33,138,0,1,1,5,-7.8040643123694,0,2,2,1,1,21,27,262,2,0,0,157,125,11,10.2729879654127,0,10,6,5,1,0,33,6,20,0,0,0,10,56,16,2,34,4,0,0,0,0,0,1,0,0,0,0,0,0,0,0,6,35,4,0,1,0,1,1,3,22,0,0,3,4,1,0,44,0.75,0,0,1,2,0,0,0,0,0,1,0,0,37;44;41,44,,122,44,0,2,2,0,0,1,0,0,0,0,0,3,0,52,135,0,0,0,1,0,2,32,0,83
2011,8,CAR,REG,2011_08_MIN_CAR,MIN,22,35,290,3,0,3,-25,2,2,336,111,11,4.66197527178941,0.502534338406154,0,9,7,5,1,27,140,0,0,0,9,2.23692744632717,0,4,4,1,0,22,35,290,3,0,0,336,111,11,15.5231661633812,0,9,7,5,1,0,45,6,18,0,0,1,4,7,6,0,0,3,0,0,0,0,0,0,0,0,0,1,0,1,0,0,6,60,2,3,0,0,3,2,3,19,3,61,0,1,1,0,,0,0,0,0,0,0,0,0,0,1,0,0,0,,31,,0,31,0,3,3,0,0,1,0,0,0,0,0,4,0,52,174,3,0,1,0,0,3,2,0,172
2011,8,CIN,REG,2011_08_CIN_SEA,SEA,18,29,168,2,2,1,-8,0,0,266,64,9,3.00790218963008,3.63701954483986,0,5,2,2,1,27,92,0,0,0,4,-4.633049658034,0,3,2,0,0,18,28,168,2,0,0,266,64,9,5.18864819128718,0,5,2,2,1,1,50,0,14,0,0,1,4,25,12,1,75,4,1,0,0,0,0,0,0,0,0,0,0,1,0,0,7,65,4,0,0,0,0,0,4,136,4,113,2,2,0,0,48,1,0,0,1,1,0,0,0,0,0,0,0,0,34;48,,,82,0,0,4,4,0,0,1,0,0,0,0,0,5,0,59,226,1,1,0,0,1,3,38,0,188
2011,8,CLE,REG,2011_08_CLE_SF,SF,22,34,241,1,1,4,-17,1,1,268,96,11,-5.84535793783335,3.6310798543341,0,8,5,3,1,23,66,0,3,0,5,-0.729826058959588,0,0,0,0,0,22,34,241,1,0,0,268,96,11,1.80297721144552,0,8,5,3,1,0,51,5,7,0,0,1,1,3,1,0,0,2,0,0,0,0,0,0,0,0,0,4,-1,0,0,0,5,39,5,3,2,0,5,1,3,34,4,102,1,1,0,0,52,1,0,0,0,0,1,0,0,0,0,0,0,0,52,,,52,0,0,1,1,0,0,1,0,0,0,0,0,6,0,55,264,4,1,1,0,2,2,18,0,246
2011,8,DAL,REG,2011_08_DAL_PHI,PHI,18,35,203,1,1,4,-21,0,0,225,100,10,-6.96279707644135,-10.9671183368739,0,8,1,1,1,10,85,0,0,0,2,1.89673846389633,0,3,3,2,0,18,34,203,1,0,0,225,100,10,-1.02449838496977,0,8,1,1,1,0,60,1,5,0,0,1,4,23,4,0,0,1,0,0,0,0,0,0,0,0,0,0,0,0,0,0,3,20,2,0,0,0,0,0,2,35,3,50,0,0,0,0,,,0,0,0,0,0,0,0,0,0,0,0,0,,,,0,0,0,1,1,0,0,1,0,0,0,0,0,5,0,41,195,2,0,0,0,2,3,9,0,186
2011,8,DEN,REG,2011_08_DET_DEN,DET,18,39,172,1,1,7,-55,2,1,454,57,9,-31.484420986038,-11.287845709385,0,8,2,1,0,30,195,0,1,0,9,3.039513408934,0,8,6,1,0,18,39,172,1,1,1,454,57,9,-19.3611470873361,0,8,2,1,0,0,45,1,9,0,0,0,2,9,6,0,0,2,0,1,0,0,0,0,0,0,0,3,-3,0,0,0,5,55,6,3,2,0,5,2,5,28,2,47,1,1,0,0,39,1,0,0,1,0,0,0,0,0,0,0,0,0,39,,,39,0,0,1,1,0,0,1,0,0,0,0,0,7,0,57,353,1,0,0,0,4,3,30,0,323
2011,8,DET,REG,2011_08_DET_DEN,DEN,22,32,272,3,0,2,-9,0,0,218,86,13,9.52090624169589,7.26543245837092,0,9,5,3,2,28,113,1,0,0,6,3.85566830841708,0,3,2,1,0,22,32,272,3,0,0,218,86,13,13.8468827247541,0,9,5,3,2,0,55,1,9,0,0,3,7,55,10,1,100,6,1,0,0,0,0,0,0,0,0,0,0,2,24,1,4,45,3,0,0,0,0,0,3,30,0,0,1,1,0,0,50,1,0,0,0,0,1,0,0,0,0,0,0,0,50,,,50,0,0,6,6,0,0,1,0,0,0,0,0,7,0,52,284,1,0,1,1,0,5,28,0,236
2011,8,HOU,REG,2011_08_JAX_HOU,JAX,16,30,225,1,0,2,-23,1,1,353,91,14,2.32514628745416,-3.74170020222664,0,11,6,3,0,39,156,2,1,1,6,-8.51891343396948,0,3,3,0,0,16,28,225,1,0,0,353,91,14,11.1814195913612,0,11,6,3,0,0,30,10,12,0,0,0,1,7,5,2,5,9,0,0,0,0,0,0,0,0,0,0,0,0,0,0,7,60,6,2,0,0,2,2,5,56,0,0,1,2,1,0,39,0.5,0,0,1,0,0,0,0,0,0,1,0,0,39,46,,39,46,0,3,3,0,0,1,0,0,0,0,0,6,0,61,272,2,0,1,1,2,2,12,0,240
2011,8,IND,REG,2011_08_IND_TEN,TEN,26,49,250,0,2,2,-9,0,0,348,108,13,-14.3213805838353,-8.53852340761496,0,12,5,4,0,26,158,1,0,0,8,7.80216259989538,0,5,5,1,0,26,49,250,0,0,0,348,108,13,-11.69697577789,0,12,5,4,0,0,44,0,24,0,0,0,1,9,4,0,0,4,0,0,0,0,0,0,0,0,0,1,0,0,0,0,10,66,3,1,0,0,1,0,4,17,4,66,1,1,0,0,22,1,0,1,0,0,0,0,0,0,0,0,0,0,22,,,22,0,0,1,1,0,0,1,0,0,0,0,0,6,1,58,269,2,1,0,0,3,2,39,0,230
2011,8,JAX,REG,2011_08_JAX_HOU,HOU,10,32,97,1,2,1,-7,0,0,258,24,8,-16.2701518295798,-31.0623451586693,0,5,1,1,0,25,84,1,1,0,5,0.279090179130435,0,2,0,0,0,10,31,97,1,0,0,258,24,8,-14.0940557788999,0,5,1,1,0,0,46,13,17,0,0,2,2,23,5,0,0,2,0,0,0,0,0,0,0,0,0,1,0,2,45,0,5,39,3,0,1,0,1,0,2,12,4,57,0,0,0,0,,,0,0,0,0,0,0,0,0,0,0,0,0,,,,0,0,0,2,2,0,0,1,0,0,0,0,0,8,0,55,374,0,2,0,1,0,5,56,0,298
2011,8,KC,REG,2011_08_SD_KC,LAC,19,32,261,1,2,3,-14,1,1,393,73,12,2.5989193112849,2.89023121198018,0,14,7,4,0,32,94,1,1,1,6,-10.4713733223547,0,2,1,0,0,19,30,261,1,0,0,393,73,12,9.73423351239494,0,14,7,4,0,0,54,0,14,0,0,2,3,24,4,2,11,8,0,0,0,0,0,0,0,0,0,0,0,2,-1,0,9,53,7,2,0,0,2,2,2,16,5,137,3,3,0,0,47,1,0,0,2,1,0,0,0,0,0,0,0,0,36;47;30,,,113,0,0,2,2,0,0,1,1,1,0,0,30,5,0,68,286,1,0,1,0,1,3,53,0,233
2011,8,LA,REG,2011_08_NO_STL,NO,20,37,175,1,0,4,-35,1,1,220,122,10,-6.69212923670426,-11.7715225026414,0,7,2,0,0,31,183,2,0,0,9,5.52550515322946,0,7,5,2,0,20,37,175,1,1,0,220,122,10,4.2640037168166,0,7,2,0,0,0,60,0,2,0,0,0,6,42,9,2,27,9,1,0,0,1,0,0,0,0,0,1,0,0,0,0,9,64,2,2,0,0,2,1,0,0,0,0,1,1,0,0,38,1,0,0,1,0,0,0,0,0,0,0,0,0,38,,,38,0,0,4,4,0,0,1,0,0,0,0,0,7,0,59,298,3,1,1,0,2,3,19,0,279
2011,8,LAC,REG,2011_08_SD_KC,KC,26,41,369,0,2,3,-24,1,0,485,133,17,7.83888818471566,6.25722967088223,1,18,11,7,0,27,102,1,2,2,5,-8.47817292116815,0,2,2,0,0,26,40,369,0,0,0,485,133,17,13.2477866865472,1,18,11,7,0,0,59,0,6,0,0,2,3,14,4,2,18,4,0,0,0,0,0,0,0,0,0,1,-1,2,0,0,12,105,4,2,1,0,3,2,3,53,2,36,4,5,1,0,44,0.8,0,1,0,3,0,0,0,0,0,0,1,0,44;44;42;26,52,,156,52,0,0,0,0,0,,0,0,0,0,0,3,0,63,168,1,1,0,0,0,2,16,0,152
2011,8,MIA,REG,2011_08_MIA_NYG,NYG,13,22,138,0,1,5,-37,0,0,210,48,7,-5.06370234988434,-2.22903571345589,0,6,4,2,0,26,145,2,0,0,8,7.31189495220315,0,5,4,2,0,13,22,138,0,0,0,210,48,7,-0.565686819942568,0,6,4,2,0,0,36,19,19,0,0,0,1,5,7,0,0,3,0,0,0,0,0,0,0,0,0,0,0,0,0,0,4,30,4,0,0,0,0,0,2,9,4,99,1,1,0,0,40,1,0,0,0,1,0,0,0,0,0,0,0,0,40,,,40,0,0,2,2,0,0,1,0,0,0,0,0,5,0,59,247,2,0,0,0,1,4,28,0,219
2011,8,MIN,REG,2011_08_MIN_CAR,CAR,18,28,236,1,0,4,-7,0,0,235,133,13,12.581385804614,1.18480633806299,0,14,5,4,0,33,132,2,1,0,8,0.074533325212542,0,5,2,0,0,18,28,236,1,1,1,235,133,13,11.9904252824866,0,14,5,4,0,0,47,6,12,0,0,3,3,25,1,0,0,6,0,0,0,0,0,0,0,0,0,1,-9,2,5,0,4,43,5,1,1,0,2,1,3,2,1,78,1,2,1,0,31,0.5,0,0,1,0,0,0,0,0,0,1,0,0,31,45,,31,45,0,3,3,0,0,1,0,0,0,0,0,4,0,53,179,1,0,0,0,1,3,19,0,160
2011,8,NE,REG,2011_08_NE_PIT,PIT,24,35,198,2,0,3,-28,1,0,275,91,11,1.10063153054015,7.89670382227217,0,9,5,1,0,12,43,0,0,0,3,-0.439184551262397,0,0,0,0,0,24,35,198,2,0,0,275,91,11,5.58658464834824,0,9,5,1,0,0,44,18,24,0,0,1,5,36,4,1,17,3,0,0,0,0,0,0,0,0,0,0,0,0,0,0,6,37,5,1,0,1,1,0,1,1,4,74,1,2,1,0,46,0.5,0,0,0,1,0,0,0,0,0,1,0,0,46,42,,46,42,0,2,2,0,0,1,0,0,0,0,0,4,0,53,168,1,1,0,0,1,2,12,0,156
2011,8,NO,REG,2011_08_NO_STL,LA,30,44,269,1,2,6,-42,0,0,343,105,16,-4.37974584655631,3.41342667287046,0,12,4,2,0,20,56,1,0,0,3,-2.96955168509157,0,0,0,0,0,30,44,269,1,0,0,343,105,16,4.56150006310754,0,12,4,2,0,0,54,0,0,0,0,2,4,35,9,0,0,5,0,0,0,0,0,0,0,0,0,0,0,1,0,1,5,32,6,0,0,0,0,0,3,19,5,121,0,1,1,0,,0,0,0,0,0,0,0,0,0,0,1,0,0,,49,,0,49,0,3,3,0,0,1,0,0,0,0,0,6,1,62,282,3,4,0,0,2,0,0,0,282
2011,8,NYG,REG,2011_08_MIA_NYG,MIA,31,45,349,2,0,1,-5,0,0,400,156,19,15.0200416925805,7.68904510471556,0,17,8,5,0,23,58,0,1,0,2,-8.39793933142209,0,2,1,0,0,31,45,349,2,0,0,400,156,19,15.7958568265172,0,17,8,5,0,0,30,16,16,0,0,0,5,37,7,1,24,4,0,0,0,0,0,0,0,0,0,1,0,0,0,0,7,46,3,0,1,0,1,0,4,28,3,78,2,2,0,0,29,1,0,2,0,0,0,0,0,0,0,0,0,0,25;29,,,54,0,0,2,2,0,0,1,0,0,0,0,0,4,0,55,187,3,0,1,0,1,2,9,0,178
2011,8,PHI,REG,2011_08_DAL_PHI,DAL,21,28,279,2,0,4,-23,1,0,178,138,15,15.7924943993541,8.34472754171916,0,14,8,4,0,38,239,2,0,0,15,12.6884659184434,0,8,6,3,0,21,28,279,2,0,0,178,138,15,21.4375143745539,0,14,8,4,0,0,32,2,6,0,0,0,4,21,4,1,0,7,0,0,0,0,0,0,0,0,0,2,0,0,0,0,6,33,5,1,1,0,2,0,3,9,1,25,2,2,0,0,26,1,0,2,0,0,0,0,0,0,0,0,0,0,23;26,,,49,0,0,4,4,0,0,1,0,0,0,0,0,2,0,52,92,0,0,0,0,0,2,35,0,57
2011,8,PIT,REG,2011_08_NE_PIT,NE,36,50,365,2,1,5,-36,1,0,326,182,23,13.1032367314023,6.15025901794434,0,17,7,2,0,23,98,0,0,0,5,-4.80677658237983,0,3,3,0,0,36,50,365,2,0,0,326,182,23,18.1997904926967,0,17,7,2,0,0,28,9,21,0,0,1,3,28,4,0,0,2,0,0,1,0,0,0,0,0,0,1,0,0,0,0,8,50,5,1,0,0,1,0,2,12,3,81,3,4,1,0,33,0.75,0,2,1,0,0,0,0,0,0,1,0,0,33;21;23,44,,77,44,0,2,2,0,0,1,0,0,0,0,0,1,0,31,31,0,0,0,0,0,1,1,0,30
2011,8,SEA,REG,2011_08_CIN_SEA,CIN,25,47,375,0,1,4,-25,0,0,545,145,14,-4.26987493068675,-2.57750561703806,0,16,7,5,1,20,61,1,1,1,5,-10.5500295620877,0,1,1,1,0,25,46,375,0,0,0,545,145,14,2.01695175537377,0,16,7,5,1,0,40,0,22,0,0,0,1,8,5,2,8,4,0,0,0,0,0,0,0,0,0,0,0,0,0,0,11,80,6,1,0,0,1,1,3,38,6,153,2,2,0,0,47,1,0,1,0,1,0,0,0,0,0,0,0,0,47;25,,,72,0,0,0,0,0,0,,0,0,0,0,0,6,0,65,320,0,0,0,2,0,4,136,1,144
2011,8,SF,REG,2011_08_CLE_SF,CLE,15,24,177,1,0,1,-3,1,0,206,84,10,5.08549383332138,-0.550285105903943,0,8,5,1,1,39,174,1,0,0,7,-1.65902090066498,0,4,4,3,0,15,24,177,1,0,0,206,84,10,6.31864994604257,0,8,5,1,1,0,50,4,4,0,0,3,4,17,6,1,0,5,0,0,0,0,0,0,0,0,0,1,0,1,0,0,5,40,4,1,0,0,1,0,2,18,2,33,2,2,0,0,29,1,0,2,0,0,0,0,0,0,0,0,0,0,29;26,,,55,0,0,2,2,0,0,1,0,0,0,0,0,5,0,65,268,2,0,0,1,1,3,34,0,214
2011,8,TEN,REG,2011_08_IND_TEN,IND,23,33,224,1,0,1,-9,0,0,215,120,11,7.07816418439504,5.71426505392248,0,9,3,3,0,31,96,1,0,0,4,-8.97749427045346,0,3,1,0,0,23,33,224,1,0,0,215,120,11,8.84047480921615,0,9,3,3,0,1,47,0,30,0,0,1,2,9,6,2,4,12,0,0,0,1,0,0,0,0,0,0,0,0,0,0,3,40,3,0,0,0,0,0,2,39,0,0,2,2,0,0,51,1,0,0,0,0,2,0,0,0,0,0,0,0,51;50,,,101,0,0,3,3,0,0,1,0,0,0,0,0,8,0,55,330,2,0,0,2,2,4,17,0,273
2011,8,WAS,REG,2011_08_WAS_BUF,BUF,20,33,208,0,2,10,-56,1,0,364,96,10,-21.1765507880131,0.215940674146016,0,8,4,2,0,11,26,0,0,0,0,-3.2448825413594,0,0,0,0,0,20,33,208,0,0,0,364,96,10,-7.51047188928351,0,8,4,2,0,0,34,13,33,0,0,0,2,10,3,1,0,1,0,0,0,0,0,0,0,0,0,1,0,1,0,0,4,59,5,0,1,0,1,0,2,32,3,63,0,1,0,1,,0,0,0,0,0,0,0,0,0,0,0,0,0,,,49,0,0,49,0,0,0,0,,0,0,0,0,0,6,0,57,284,3,1,0,0,2,3,22,0,262
2011,9,ARI,REG,2011_09_STL_ARI,LA,20,35,222,1,0,3,-30,1,0,344,51,10,-2.73031881220014,-3.98597717285156,0,10,5,5,0,17,70,0,0,0,5,-3.12836979012354,0,3,3,0,0,20,34,222,1,1,0,344,51,10,4.01526857108037,0,10,5,5,0,1,58,3,19,0,0,0,4,22,5,1,0,5,0,0,0,0,0,1,0,0,0,2,0,0,0,0,6,45,4,2,0,0,2,0,4,127,3,73,2,2,0,0,38,1,0,1,1,0,0,0,0,0,0,0,0,0,27;38,,,65,0,0,1,1,0,0,1,0,0,0,0,0,6,0,63,278,3,0,1,0,2,3,26,0,252
2011,9,ATL,REG,2011_09_ATL_IND,IND,14,24,275,3,1,1,-6,0,0,258,108,10,9.68972135546341,-0.796326374014219,0,9,6,5,2,41,163,1,0,0,11,-0.0415458060451783,0,5,3,0,0,14,24,275,3,0,0,258,108,10,12.1919969276218,0,9,6,5,2,0,33,0,26,0,0,1,2,15,4,1,1,3,0,0,0,0,0,0,0,0,0,0,0,1,0,0,1,10,3,0,0,0,0,0,3,19,0,0,1,1,0,0,20,1,0,1,0,0,0,0,0,0,0,0,0,0,20,,,20,0,0,4,4,0,0,1,0,0,0,0,0,7,0,59,321,3,2,1,1,0,3,-1,0,302
2011,9,BAL,REG,2011_09_BAL_PIT,PIT,28,47,300,1,0,3,-11,1,1,458,90,18,17.2852666370858,3.62295482469642,0,14,4,4,0,27,67,1,0,0,2,-8.40440728346187,0,1,0,0,0,28,46,300,1,0,0,458,90,18,23.4690052370246,0,14,4,4,0,0,31,9,13,0,0,0,1,8,4,1,9,7,0,0,0,0,0,0,0,0,0,1,0,1,0,0,3,20,6,2,0,0,2,1,1,3,4,129,3,4,1,0,51,0.75,1,0,0,1,1,0,0,0,0,1,0,0,18;43;51,40,,112,40,0,2,2,0,0,1,0,0,0,0,0,2,0,46,90,0,0,0,0,0,2,21,0,69
2011,9,BUF,REG,2011_09_NYJ_BUF,NYJ,15,31,191,1,2,0,0,0,0,278,104,7,-1.63500214905508,-8.07494521141052,0,6,3,3,1,22,96,0,2,1,5,-7.18911390002165,1,2,2,1,0,15,31,191,1,0,0,278,104,7,-1.63500214905508,0,6,3,3,1,0,38,18,26,0,0,2,1,8,2,1,29,4,0,0,0,0,0,0,0,0,0,0,0,1,0,0,6,84,6,2,0,1,2,1,0,0,4,76,1,1,0,0,24,1,0,1,0,0,0,0,0,0,0,0,0,0,24,,,24,0,0,0,0,0,0,,0,0,0,0,0,4,0,66,190,2,1,0,0,1,2,16,0,174
2011,9,CHI,REG,2011_09_CHI_PHI,PHI,18,32,208,2,0,0,0,0,0,333,82,11,12.6946227653452,-0.898045013027807,0,10,4,3,0,34,164,1,2,1,7,-2.28624663406475,0,5,5,1,0,18,31,208,2,1,1,333,82,11,7.76210592721402,0,10,4,3,0,0,44,0,6,0,0,1,1,2,4,1,36,8,0,0,0,0,0,0,0,0,0,1,-7,1,2,0,6,53,3,2,1,0,3,2,1,19,5,51,3,3,0,0,51,1,0,1,1,0,1,0,0,0,0,0,0,0,51;38;22,,,111,0,0,3,3,0,0,1,0,0,0,0,0,3,0,50,103,1,1,0,0,1,1,-9,0,112
2011,9,CIN,REG,2011_09_CIN_TEN,TEN,22,39,217,3,0,1,-7,0,0,242,92,11,8.30356369464425,-4.32936062938289,0,8,5,4,0,30,109,0,0,0,7,-0.709268816344705,0,4,2,0,0,22,38,217,3,0,0,242,92,11,10.2506187736872,0,8,5,4,0,0,42,0,10,0,0,2,2,22,3,0,0,3,0,1,0,0,0,0,0,0,0,1,0,1,0,0,9,87,3,0,1,0,1,0,5,9,3,51,1,1,0,0,36,1,0,0,1,0,0,0,0,0,0,0,0,0,36,,,36,0,0,3,3,0,0,1,0,0,0,0,0,7,0,57,308,2,1,0,2,2,2,8,0,260
2011,9,CLE,REG,2011_09_CLE_HOU,HOU,14,22,146,1,1,4,-18,0,0,178,54,7,-3.41795743619642,0.766411017287861,0,6,2,2,0,21,44,0,1,1,2,-8.64131562894909,0,1,0,0,0,14,22,146,1,0,0,178,54,7,2.7037136108811,0,6,2,2,0,0,44,11,13,0,0,0,0,0,3,1,24,3,0,0,0,0,0,0,0,0,0,0,0,0,0,0,4,35,4,1,0,0,1,1,1,3,6,144,2,2,0,0,51,1,0,0,0,0,2,0,0,0,0,0,0,0,50;51,,,101,0,0,0,0,0,0,,0,0,0,0,0,4,0,52,175,1,1,1,0,0,2,56,0,119
2011,9,DAL,REG,2011_09_SEA_DAL,SEA,19,31,279,2,0,0,0,0,0,291,107,8,12.5705168088587,0.432032827408083,0,9,7,5,0,29,163,0,0,0,8,0.25216323724503,0,5,4,2,0,19,31,279,2,1,1,291,107,8,7.15970028011165,0,9,7,5,0,0,44,1,11,0,0,0,1,2,4,3,33,6,0,0,0,0,0,1,0,0,0,0,0,0,0,0,7,82,4,1,0,0,1,1,2,8,2,39,3,3,0,0,42,1,0,2,0,1,0,0,0,0,0,0,0,0,20;20;42,,,82,0,0,2,2,0,0,1,0,0,0,0,0,4,0,52,172,2,1,0,0,3,0,0,0,172
2011,9,DEN,REG,2011_09_DEN_OAK,LV,10,22,124,2,0,1,-11,0,0,270,35,4,1.56217179284431,-5.08076711779549,0,5,3,3,0,39,299,2,0,0,12,14.4902753380404,0,10,10,4,1,10,21,124,2,0,0,270,35,4,5.63160860160133,0,5,3,3,0,1,37,7,19,0,0,1,2,16,8,3,15,8,0,0,0,0,0,0,0,0,0,0,0,0,0,0,11,93,3,0,0,0,0,0,4,108,4,95,1,2,1,0,43,0.5,0,0,0,1,0,0,0,0,0,1,0,0,43,43,,43,43,0,5,5,0,0,1,0,0,0,0,0,5,0,57,238,0,0,0,0,1,4,43,0,195
2011,9,GB,REG,2011_09_GB_SD,LAC,21,26,247,4,0,4,-15,0,0,248,45,10,13.7884845102871,23.2677818490909,0,9,4,3,1,26,136,0,0,0,8,1.27725469635334,0,3,2,2,0,21,26,247,4,0,0,248,45,10,18.5607119744145,0,9,4,3,1,0,40,8,8,0,0,1,2,10,4,3,159,8,2,0,0,0,0,0,0,0,0,0,0,0,0,0,5,33,3,0,0,0,0,0,1,11,6,137,1,1,0,0,47,1,0,0,0,1,0,0,0,0,0,0,0,0,47,,,47,0,0,6,6,0,0,1,0,0,0,0,0,2,0,55,108,0,0,0,0,0,2,23,0,85
2011,9,HOU,REG,2011_09_CLE_HOU,CLE,14,23,119,0,1,0,0,0,0,122,43,7,-5.37146438727813,-0.688199698925018,0,5,2,1,0,40,261,3,0,0,14,13.5192901772098,0,8,5,3,0,14,22,119,0,0,0,122,43,7,-4.99921589123277,0,5,2,1,0,0,39,6,8,0,0,1,4,18,8,1,42,4,0,0,0,0,0,0,0,0,0,0,0,1,0,0,2,15,1,0,0,0,0,0,2,56,3,67,3,3,0,0,50,1,0,2,0,0,1,0,0,0,0,0,0,0,28;21;50,,,99,0,0,3,3,0,0,1,0,0,0,0,0,2,0,49,95,0,0,0,1,0,1,3,0,72
2011,9,IND,REG,2011_09_ATL_IND,ATL,17,33,118,0,1,2,-15,0,0,243,39,6,-12.493431127863,-14.9402598539988,0,5,1,0,0,21,83,0,1,1,4,-6.2536993016256,0,3,2,0,0,17,33,118,0,0,0,243,39,6,-9.87618258944713,0,5,1,0,0,0,40,0,34,0,0,0,1,6,2,1,6,4,1,0,0,0,0,0,0,0,0,0,0,0,0,0,6,32,2,1,0,0,1,1,3,-1,3,45,0,0,0,0,,,0,0,0,0,0,0,0,0,0,0,0,0,,,,0,0,0,1,1,0,0,1,0,0,0,0,0,9,0,60,451,2,1,2,1,2,3,19,0,412
2011,9,KC,REG,2011_09_MIA_KC,MIA,20,39,253,0,0,5,-26,0,0,358,96,11,-7.93105401165883,-7.4639672652269,0,9,5,4,0,34,116,0,2,0,5,-6.59645785053726,0,2,0,0,0,20,39,253,0,0,0,358,96,11,-0.456913936448815,0,9,5,4,0,0,33,0,10,0,0,0,0,0,2,0,0,3,0,0,0,0,0,0,0,0,0,2,-5,0,0,0,8,70,4,1,1,0,2,0,2,30,4,65,1,1,0,0,43,1,0,0,0,1,0,0,0,0,0,0,0,0,43,,,43,0,0,0,0,0,0,,0,0,0,0,0,5,0,57,229,0,0,0,0,1,4,51,0,178
2011,9,LA,REG,2011_09_STL_ARI,ARI,23,36,255,0,1,4,-22,0,0,423,113,10,-3.28240733581499,0.99967983033922,0,10,6,3,0,35,150,0,0,0,11,-3.4142779920493,0,5,4,0,0,23,36,255,0,0,0,423,113,10,2.90159807662712,0,10,6,3,0,0,41,0,10,0,0,2,3,30,3,0,0,8,0,0,2,0,0,0,0,0,0,0,0,0,0,0,9,71,5,0,0,0,0,0,3,26,5,98,3,4,0,1,48,0.75,0,0,1,2,0,0,0,0,0,0,0,0,48;37;41,,42,126,0,42,0,0,0,0,,0,0,0,0,0,7,0,59,352,4,1,1,0,1,4,127,1,225
2011,9,LAC,REG,2011_09_GB_SD,GB,26,46,385,4,3,2,-10,0,0,424,141,20,-2.12649227915505,-1.1394894935868,0,17,10,7,0,21,85,1,0,0,5,2.72938579780748,0,0,0,0,0,26,44,385,4,1,0,424,141,20,3.1096962146304,0,17,10,7,0,0,35,17,17,0,0,0,4,15,4,0,0,2,0,0,0,0,0,0,0,0,0,1,0,0,0,0,8,64,5,1,1,1,2,0,2,23,3,89,1,1,0,0,52,1,0,0,0,0,1,0,0,0,0,0,0,0,52,,,52,0,0,5,5,0,0,1,0,0,0,0,0,2,0,60,98,1,0,1,0,0,1,11,0,87
2011,9,LV,REG,2011_09_DEN_OAK,DEN,19,35,332,3,3,2,-16,0,0,456,104,14,9.85315954565473,0.0530763183321272,0,14,9,8,1,26,100,0,1,0,4,-5.04167462309124,0,3,2,0,0,19,35,332,3,1,0,456,104,14,12.4687477415095,0,14,9,8,1,0,42,9,17,0,0,0,1,11,5,0,0,1,0,0,0,0,0,0,0,0,0,2,-1,0,0,0,15,130,2,1,1,0,2,0,4,43,3,59,1,1,0,0,48,1,0,0,0,1,0,0,0,0,0,0,0,0,48,,,48,0,0,3,3,0,0,1,0,0,0,0,0,6,0,61,303,2,1,0,0,1,4,108,1,195
2011,9,MIA,REG,2011_09_MIA_KC,KC,17,23,244,3,0,0,0,0,0,222,77,12,16.0287193432969,17.9036985272947,0,10,7,6,0,24,107,1,0,0,3,1.10314908169676,0,3,3,1,0,17,23,244,3,0,0,222,77,12,16.0287193432969,0,10,7,6,0,0,60,0,6,0,0,1,5,26,8,0,0,3,0,0,0,0,0,0,0,0,0,0,0,0,0,0,7,49,1,0,0,0,0,0,4,51,0,0,1,1,0,0,42,1,0,0,0,1,0,0,0,0,0,0,0,0,42,,,42,0,0,4,4,0,0,1,0,0,0,0,0,5,0,55,221,2,1,0,1,1,2,30,0,171
2011,9,NE,REG,2011_09_NYG_NE,NYG,28,49,342,2,2,2,-10,1,1,461,132,17,-0.377127619860871,-4.33805451101186,0,14,6,5,0,24,106,0,0,0,6,-0.0117613357142545,0,2,2,0,0,28,49,342,2,0,0,461,131,17,4.84203940438555,0,14,6,5,0,0,31,4,36,0,0,0,0,0,8,1,0,5,0,1,0,0,0,0,0,0,0,0,0,1,0,0,7,81,5,2,0,0,2,2,5,17,5,97,2,3,1,0,45,0.666666666666667,0,0,1,1,0,0,0,1,0,0,0,0,32;45,27,,77,27,0,2,2,0,0,1,0,0,0,0,0,5,0,50,225,0,0,0,0,4,1,0,0,225
2011,9,NO,REG,2011_09_TB_NO,TB,27,36,258,2,1,0,0,0,0,212,142,14,8.57289768429178,9.74792054721287,0,9,4,3,0,28,195,1,0,0,10,4.41868727166708,0,6,4,3,0,27,35,258,2,0,0,212,142,14,8.227618615143,0,9,4,3,0,0,39,1,21,0,0,2,1,0,3,0,0,4,0,0,0,0,0,0,0,0,0,0,0,0,0,0,8,63,5,0,0,0,0,0,1,15,2,54,2,3,1,0,34,0.666666666666667,0,1,1,0,0,0,0,0,0,1,0,0,21;34,42,,55,42,0,3,3,0,0,1,0,0,0,0,0,2,0,57,113,0,0,0,0,0,2,16,0,97
2011,9,NYG,REG,2011_09_NYG_NE,NE,20,39,250,2,1,0,0,0,0,387,74,15,-0.00868905968628431,-2.45596116934067,0,11,5,3,0,29,111,1,0,0,5,-1.9681812247145,0,4,1,0,0,20,39,250,2,0,0,387,74,15,-0.00868905968628431,0,11,5,3,0,0,46,3,29,0,0,2,2,10,3,2,9,7,0,1,0,0,0,0,0,0,0,1,-8,2,0,0,6,50,4,0,2,0,2,1,1,0,4,61,1,1,0,0,22,1,0,1,0,0,0,0,0,0,0,0,0,0,22,,,22,0,0,3,3,0,0,1,0,0,0,0,0,8,0,51,345,5,1,0,0,2,5,17,0,328
2011,9,NYJ,REG,2011_09_NYJ_BUF,BUF,20,28,230,1,1,1,-8,0,0,209,92,14,9.56542352916568,6.85846379825047,0,13,4,1,0,39,126,2,2,1,8,-4.71157314098673,0,1,0,0,0,20,28,230,1,0,0,209,92,14,10.9698800100376,0,13,4,1,0,0,24,10,20,0,0,2,0,0,5,2,8,7,0,1,0,0,0,0,0,0,0,2,-3,1,3,0,9,60,3,2,1,0,3,1,2,16,3,86,2,3,1,0,50,0.666666666666667,0,0,0,1,1,0,0,0,0,0,1,0,49;50,50,,99,50,0,3,3,0,0,1,0,0,0,0,0,2,0,36,71,1,0,2,0,0,0,0,0,71
2011,9,PHI,REG,2011_09_CHI_PHI,CHI,21,39,213,0,1,1,-2,0,0,305,113,12,-5.87683963535618,-8.44549311173929,0,9,2,2,0,23,119,2,0,0,7,4.0543599689845,0,5,2,1,0,21,38,213,0,0,0,305,113,12,-4.45110150502296,0,9,2,2,0,0,50,1,13,0,0,2,0,0,1,0,0,3,0,1,0,0,0,0,0,0,0,0,0,2,22,1,6,44,5,1,0,0,1,1,1,-9,4,93,1,1,0,0,47,1,0,0,0,1,0,0,0,0,0,0,0,0,47,,,47,0,0,3,3,0,0,1,0,0,0,0,0,2,0,44,71,1,0,0,0,1,1,19,0,52
2011,9,PIT,REG,2011_09_BAL_PIT,BAL,20,37,330,1,1,1,-8,0,0,392,93,15,8.12550892106152,-6.66654585181056,0,16,9,8,0,20,70,1,0,0,5,1.26340587614686,0,1,0,0,0,20,37,330,1,1,1,392,93,15,9.36051994517396,0,16,9,8,0,0,42,12,24,0,0,2,3,11,7,0,0,5,0,0,0,0,0,0,0,0,0,0,0,1,2,0,6,69,3,0,1,0,1,1,2,21,1,25,2,2,0,0,36,1,0,0,2,0,0,0,0,0,0,0,0,0,36;30,,,66,0,0,2,2,0,0,1,0,0,0,0,0,3,0,41,100,1,0,0,0,2,1,3,0,97
2011,9,SEA,REG,2011_09_SEA_DAL,DAL,17,30,221,0,3,1,-2,0,0,314,74,10,-4.11711625742396,1.9606742475714,0,9,5,3,1,30,162,1,0,0,6,4.28043970122235,0,4,3,1,0,17,28,221,0,0,0,314,74,10,4.60893022316373,0,9,5,3,1,0,48,1,7,0,0,1,0,0,2,0,0,3,0,0,0,0,0,0,0,0,0,0,0,1,2,0,10,88,4,0,0,0,0,0,0,0,3,50,2,3,0,1,45,0.666666666666667,0,0,1,1,0,0,0,0,0,0,0,0,45;32,,41,77,0,41,1,1,0,0,1,0,0,0,0,0,3,0,70,183,1,1,0,0,0,2,8,0,175
2011,9,SF,REG,2011_09_SF_WAS,WAS,17,24,200,1,0,2,-12,0,0,196,81,10,5.92362713658148,9.57837117214998,0,9,4,4,0,32,138,0,0,0,5,-4.18705383801792,0,4,4,1,0,17,24,200,1,1,1,196,81,10,6.04976451854716,0,9,4,4,0,0,37,7,19,0,0,2,2,3,7,1,0,6,0,0,0,0,0,0,0,0,0,0,0,2,3,0,9,55,4,1,0,0,1,1,5,47,1,20,4,4,0,0,52,1,0,1,1,1,1,0,0,0,0,0,0,0,52;34;45;20,,,151,0,0,1,1,0,0,1,0,0,0,0,0,5,0,61,223,2,0,1,2,0,2,0,0,183
2011,9,TB,REG,2011_09_TB_NO,NO,27,37,281,1,0,1,0,0,0,207,157,9,6.4733192329301,6.93021754960756,0,9,3,2,1,20,84,0,1,0,4,-8.35741755960495,0,2,2,1,0,27,37,281,1,0,0,207,157,9,6.87310660770223,0,9,3,2,1,0,46,0,16,0,0,0,0,0,3,1,0,1,0,2,0,0,0,0,0,0,0,2,0,0,0,0,9,80,5,2,1,0,3,0,2,16,1,45,3,3,0,0,48,1,0,1,0,2,0,0,0,0,0,0,0,0,40;48;25,,,113,0,0,1,1,0,0,1,0,0,0,0,0,3,0,49,119,1,0,0,1,1,1,15,0,84
2011,9,TEN,REG,2011_09_CIN_TEN,CIN,24,41,272,2,0,2,-22,0,0,332,127,14,5.06929910575065,-4.24946946341817,0,12,5,3,0,20,78,0,0,0,3,-4.41989309340715,0,3,3,1,0,24,41,272,2,2,1,332,127,14,3.4698167804375,0,12,5,3,0,0,47,0,20,0,0,0,1,7,2,0,0,5,0,1,0,0,0,0,0,0,0,2,0,0,0,0,7,100,6,2,1,0,3,1,2,8,1,27,1,1,0,0,43,1,0,0,0,1,0,0,0,0,0,0,0,0,43,,,43,0,0,2,2,0,0,1,0,0,0,0,0,7,0,54,320,1,0,0,1,1,5,9,0,291
2011,9,WAS,REG,2011_09_SF_WAS,SF,30,47,254,1,1,2,-3,0,0,237,148,14,-3.05231683483019,-3.08258011937141,1,11,2,0,0,14,52,0,0,0,2,-2.27957952930592,0,2,1,0,0,30,46,254,1,2,2,237,148,14,-9.19329294876682,1,11,2,0,0,0,37,9,33,0,0,1,2,12,7,0,0,2,0,2,0,0,0,0,0,0,0,2,0,1,3,0,3,35,5,2,2,0,4,2,2,0,5,108,1,1,0,0,59,1,0,0,0,0,1,0,0,0,0,0,0,0,59,,,59,0,0,0,0,0,0,,0,0,0,0,0,5,0,54,244,1,0,0,0,0,5,47,0,197
2011,10,ARI,REG,2011_10_ARI_PHI,PHI,21,40,315,3,2,4,-33,0,0,357,125,15,2.64190434443181,-5.98851572244595,0,13,8,5,1,29,88,0,0,0,6,-2.42137102189959,0,4,3,0,0,21,39,315,3,0,0,357,125,15,10.3972694746905,0,13,8,5,1,0,47,0,2,0,0,0,2,5,4,2,0,6,0,0,0,0,0,0,0,0,0,0,0,0,0,0,7,66,1,0,0,0,0,0,6,27,4,63,0,2,2,0,,0,0,0,0,0,0,0,0,0,1,1,0,0,,35;43,,0,78,0,3,3,0,0,1,0,0,0,0,0,6,0,56,278,1,0,0,0,3,3,17,0,261
2011,10,ATL,REG,2011_10_NO_ATL,NO,29,52,351,2,1,1,-8,0,0,576,130,17,1.46023216382783,-3.09961748123169,0,14,10,7,1,32,138,0,1,0,9,-2.5937313476461,0,5,4,1,0,29,50,351,2,1,0,576,130,17,3.56485677515339,0,14,10,7,1,0,39,0,22,0,0,0,0,0,2,0,0,2,0,0,0,0,0,0,0,0,0,0,0,0,0,0,10,85,7,2,0,2,2,0,0,0,2,41,3,4,1,0,36,0.75,0,2,1,0,0,0,0,0,0,1,0,0,36;29;27,41,,92,41,0,2,2,0,0,1,0,0,0,0,0,5,0,55,227,1,0,1,0,2,2,18,0,209
2011,10,BAL,REG,2011_10_BAL_SEA,SEA,30,53,256,2,1,1,-8,0,0,439,119,14,-3.7766631199133,-5.60874834937869,0,13,3,0,0,12,75,0,0,0,7,5.41449754155474,0,3,2,0,0,30,53,256,2,0,0,439,119,14,-2.44623247348632,0,13,3,0,0,0,38,3,43,0,0,1,1,9,6,0,0,5,0,0,0,0,0,0,0,0,0,0,0,0,0,0,4,34,6,2,0,0,2,2,4,30,5,109,1,3,2,0,35,0.333333333333333,0,0,1,0,0,0,0,0,0,0,2,0,35,50;52,,35,102,0,2,2,0,0,1,0,0,0,0,0,4,0,57,188,2,1,1,0,1,1,12,0,176
2011,10,BUF,REG,2011_10_BUF_DAL,DAL,20,31,146,1,3,1,-10,0,0,212,58,7,-20.3739706734592,3.24897223285266,0,5,3,1,0,17,135,0,1,1,8,2.15814894274808,0,6,5,0,0,20,29,146,1,0,0,212,58,7,-16.7776064172319,0,5,3,1,0,0,47,1,13,0,0,1,0,0,1,0,0,1,0,0,0,0,0,0,0,0,0,0,0,0,0,0,3,12,1,1,0,0,1,1,0,0,3,61,0,1,1,0,,0,0,0,0,0,0,0,0,0,0,0,1,0,,52,,0,52,0,1,1,0,0,1,0,0,0,0,0,3,0,59,156,1,0,0,0,1,2,4,0,152
2011,10,CAR,REG,2011_10_TEN_CAR,TEN,23,40,212,0,1,5,-46,0,0,319,88,9,-10.6270674052242,-7.30448074829884,0,11,4,0,0,19,113,0,1,0,5,-2.4719773931135,0,4,3,2,0,23,39,212,0,1,1,319,88,9,-6.8230346654485,0,11,4,0,0,0,46,3,17,0,0,0,1,8,3,1,24,5,0,0,0,0,0,0,0,0,0,1,-1,0,0,0,12,99,3,1,1,0,2,1,2,10,0,0,1,2,1,0,29,0.5,0,1,0,0,0,0,0,0,0,0,1,0,29,50,,29,50,0,0,0,0,0,,0,0,0,0,0,8,0,56,365,1,0,0,0,2,6,103,1,262
2011,10,CHI,REG,2011_10_DET_CHI,DET,9,20,123,0,0,2,-16,1,0,218,6,5,-3.50956559896337,-10.9803621470928,0,5,4,2,0,35,109,1,1,1,4,-13.0454472035411,0,2,1,1,1,9,20,123,0,0,0,218,6,5,-0.68489296873201,0,5,4,2,0,1,58,0,6,0,0,2,3,17,6,4,69,12,2,1,0,0,0,0,0,0,0,1,0,2,17,0,4,37,3,1,2,0,3,1,3,122,2,22,3,4,1,0,50,0.75,0,0,1,1,1,0,0,0,0,1,0,0,43;35;50,43,,128,43,0,4,4,0,0,1,0,0,0,0,0,6,0,70,280,0,0,1,1,1,3,2,0,258
2011,10,CIN,REG,2011_10_PIT_CIN,PIT,15,30,170,2,2,0,0,0,0,269,38,7,-4.31773175908912,-5.70991370413038,0,6,4,3,0,26,109,0,0,0,6,0.499130312527996,0,2,1,0,0,15,27,170,2,0,0,269,38,7,-3.16802715107061,0,6,4,3,0,0,40,0,36,0,0,0,5,22,13,1,0,5,0,0,0,0,0,0,0,0,0,0,0,0,0,0,4,35,5,0,0,0,0,0,4,48,2,56,1,1,0,0,43,1,0,0,0,1,0,0,0,0,0,0,0,0,43,,,43,0,0,2,2,0,0,1,0,0,0,0,0,6,0,59,276,1,1,0,1,1,3,15,0,241
2011,10,CLE,REG,2011_10_STL_CLE,LA,20,27,218,0,0,2,-9,0,0,166,79,9,3.85846624644349,11.0618525972733,0,7,5,4,1,30,126,0,1,0,5,-5.29102331472443,0,4,2,1,0,20,26,218,0,0,0,166,79,9,7.066398704237,0,7,5,4,1,0,42,0,14,0,0,1,1,7,4,1,3,7,0,1,0,0,0,0,0,0,0,1,0,1,0,0,6,60,4,1,1,0,2,1,2,6,1,27,4,5,1,0,44,0.8,0,1,1,2,0,0,0,1,0,0,0,0,44;32;43;27,22,,146,22,0,0,0,0,0,,0,1,1,0,22,5,0,44,208,1,1,0,0,1,3,25,0,183
2011,10,DAL,REG,2011_10_BUF_DAL,BUF,23,26,270,3,0,0,0,0,0,190,96,15,19.3865039967043,23.354806808325,0,13,6,3,1,35,163,1,1,0,8,0.304222395209527,0,6,4,1,0,23,26,270,3,0,0,190,96,15,19.3865039967043,0,13,6,3,1,0,32,2,12,0,0,1,1,10,4,3,67,5,1,0,0,0,0,0,0,0,0,1,0,1,0,0,8,74,3,1,0,0,1,0,2,4,0,0,3,3,0,0,45,1,0,0,2,1,0,0,0,0,0,0,0,0,45;36;31,,,112,0,0,5,5,0,0,1,0,0,0,0,0,1,0,52,52,1,1,0,0,0,0,0,0,52
2011,10,DEN,REG,2011_10_DEN_KC,KC,2,8,69,1,0,0,0,0,0,166,30,2,2.50700294930721,-26.9954632967711,0,2,1,1,1,55,244,1,0,0,13,2.60227243336354,0,6,4,2,0,2,8,69,1,0,0,166,30,2,2.50700294930721,0,2,1,1,1,0,47,0,10,0,0,1,4,16,13,0,0,3,0,0,0,0,0,0,0,0,0,0,0,0,0,0,8,65,4,0,0,0,0,0,2,16,0,0,1,2,1,0,38,0.5,0,0,1,0,0,0,0,0,0,1,0,0,38,41,,38,41,0,2,2,0,0,1,0,0,0,0,0,7,0,60,307,4,0,3,0,1,3,29,0,278
2011,10,DET,REG,2011_10_DET_CHI,CHI,35,66,338,1,4,3,-17,0,0,450,92,17,-18.6305629571213,-4.80503905564547,0,14,7,2,1,19,80,0,0,0,4,0.386275274911895,0,3,2,0,0,35,65,338,1,2,2,450,91,17,-24.202479724785,0,14,7,2,1,0,52,0,0,0,0,1,2,16,3,0,0,3,0,1,0,0,0,0,0,0,0,1,0,1,0,0,4,53,2,2,1,0,3,2,3,2,2,44,2,2,0,0,35,1,0,1,1,0,0,0,0,0,0,0,0,0,29;35,,,64,0,0,1,1,0,0,1,0,0,0,0,0,5,0,62,245,0,2,0,0,0,3,122,1,123
2011,10,GB,REG,2011_10_MIN_GB,MIN,25,32,288,4,0,3,-22,1,0,207,114,15,21.1821909086686,17.3349116245906,0,11,8,5,0,31,90,1,0,0,4,-2.24019193876302,0,2,1,0,0,25,30,288,4,1,0,207,114,15,25.4481578624947,0,11,8,5,0,1,36,3,21,0,0,1,3,28,6,1,21,8,0,1,0,0,0,0,0,0,0,1,0,0,0,0,1,5,2,1,2,1,3,1,4,80,2,76,1,1,0,0,25,1,0,1,0,0,0,0,0,0,0,0,0,0,25,,,25,0,0,6,6,0,0,1,0,0,0,0,0,2,0,52,99,0,0,0,0,0,2,13,0,86
2011,10,HOU,REG,2011_10_HOU_TB,TB,11,15,242,2,0,1,-7,0,0,99,173,9,15.5578910441449,11.7641947666804,0,7,3,2,2,44,185,3,0,0,12,1.86835886831707,0,6,4,0,0,11,15,242,2,0,0,99,173,9,16.9645687558999,0,7,3,2,2,0,31,9,9,0,0,0,4,29,5,3,15,8,0,0,0,0,0,0,0,0,0,0,0,1,0,0,8,54,2,0,0,0,0,0,4,10,0,0,1,2,1,0,22,0.5,0,1,0,0,0,0,0,0,1,0,0,0,22,37,,22,37,0,4,5,0,1,0.8,0,0,0,0,0,4,0,53,181,1,1,0,0,1,2,34,0,147
2011,10,IND,REG,2011_10_JAX_IND,JAX,20,29,161,0,2,5,-33,1,1,204,64,8,-14.760252370337,2.1168767378248,0,8,1,1,0,23,84,0,1,0,2,-6.85125926486217,0,3,3,1,0,20,29,161,0,0,0,204,64,8,-6.69119278226368,0,8,1,1,0,0,32,0,48,0,0,0,2,8,4,1,13,3,0,0,0,0,0,0,0,0,0,1,-17,0,0,0,6,40,3,1,1,0,2,1,4,11,0,0,1,1,0,0,42,1,0,0,0,1,0,0,0,0,0,0,0,0,42,,,42,0,0,0,0,0,0,,0,0,0,0,0,6,0,51,246,2,0,2,0,3,1,0,0,246
2011,10,JAX,REG,2011_10_JAX_IND,IND,14,21,118,1,1,2,-8,0,0,84,83,8,-1.17268271111267,-1.97032377833412,0,8,2,0,0,41,141,1,0,0,9,-2.21868815034395,0,4,4,0,0,14,21,118,1,0,0,84,83,8,-1.66851648637409,0,8,2,0,0,0,36,0,32,0,0,1,5,33,8,2,8,6,0,0,0,0,0,0,0,0,0,0,0,1,7,0,5,55,3,0,0,0,0,0,1,0,1,33,1,2,1,0,44,0.5,0,0,0,1,0,0,0,0,0,1,0,0,44,45,,44,45,0,2,2,0,0,1,0,0,0,0,0,6,0,51,232,1,1,0,0,1,4,11,0,221
2011,10,KC,REG,2011_10_DEN_KC,DEN,18,34,140,1,0,4,-16,1,0,269,73,8,-13.5886176305933,-5.06903086647843,0,5,1,0,0,24,134,0,0,0,6,3.10898398651625,0,3,1,1,0,18,33,140,1,0,0,269,73,8,-6.25005244259955,0,5,1,0,0,0,50,0,12,0,0,0,0,0,0,0,0,3,0,0,0,0,0,0,0,0,0,1,0,0,0,0,4,40,3,1,0,0,1,0,3,29,3,53,1,1,0,0,32,1,0,0,1,0,0,0,0,0,0,0,0,0,32,,,32,0,0,1,1,0,0,1,0,0,0,0,0,7,0,67,339,3,0,0,2,3,2,16,0,283
2011,10,LA,REG,2011_10_STL_CLE,CLE,15,25,155,1,1,1,-7,0,0,190,88,8,-1.59366135245024,-2.02286279201508,0,7,3,2,0,32,133,0,0,0,8,0.46877305576345,0,3,3,1,0,15,25,155,1,1,1,190,88,8,-4.77822847739761,0,7,3,2,0,0,47,1,17,0,0,1,2,9,4,0,0,3,0,0,0,0,0,0,0,0,0,0,0,1,0,0,7,55,4,1,0,0,1,1,3,25,3,52,2,2,0,0,34,1,0,1,1,0,0,0,0,0,0,0,0,0,29;34,,,63,0,0,1,1,0,0,1,0,0,0,0,0,5,0,64,236,0,1,1,1,0,2,6,0,210
2011,10,LAC,REG,2011_10_OAK_SD,LV,23,47,274,2,1,6,-35,1,1,453,134,13,-4.8663951146969,-7.51687664199959,0,12,7,5,0,15,75,0,0,0,5,-0.664220687001944,0,4,2,0,0,23,44,274,2,0,0,453,134,13,1.70912568625357,0,12,7,5,0,0,43,15,17,0,0,1,1,1,3,1,7,6,0,1,0,0,0,0,0,0,0,1,40,1,0,0,6,31,4,1,1,0,2,1,3,9,4,68,1,2,1,0,20,0.5,0,1,0,0,0,0,0,0,0,1,0,0,20,46,,20,46,0,2,2,0,0,1,0,0,0,0,0,6,0,71,322,2,1,0,1,1,3,38,0,264
2011,10,LV,REG,2011_10_OAK_SD,LAC,14,21,299,2,1,1,-1,1,1,258,111,11,10.6866066405782,11.7451263325555,0,8,7,7,3,41,191,1,0,0,8,-0.241402382417173,0,4,3,2,1,14,21,299,2,0,0,258,111,11,15.4169216119917,0,8,7,7,3,0,38,12,12,0,0,1,6,35,10,1,26,10,0,0,0,0,0,0,0,0,0,0,0,1,0,0,7,45,3,1,0,0,1,1,3,38,2,37,1,1,0,0,23,1,0,1,0,0,0,0,0,0,0,0,0,0,23,,,23,0,0,3,3,0,0,1,0,0,0,0,0,4,0,60,195,2,1,0,0,0,3,9,0,186
2011,10,MIA,REG,2011_10_WAS_MIA,WAS,20,29,209,0,1,2,-9,2,1,259,70,13,0.0773871487796742,9.00325631273204,0,11,5,5,0,33,103,2,0,0,4,-4.10382336343173,0,2,2,0,0,20,29,209,0,0,0,259,70,13,6.39782842345056,0,11,5,5,0,0,38,0,10,0,0,0,3,30,8,2,42,5,0,1,0,0,0,0,0,0,0,2,0,0,0,0,6,55,2,2,1,0,3,1,2,22,2,42,2,3,1,0,28,0.666666666666667,0,2,0,0,0,0,0,0,0,1,0,0,21;28,49,,49,49,0,2,2,0,0,1,0,0,0,0,0,1,0,49,49,0,0,0,0,0,1,22,0,27
2011,10,MIN,REG,2011_10_MIN_GB,GB,16,34,190,0,1,3,-28,1,0,287,88,8,-8.6699511197512,-14.4631846384569,0,6,4,3,0,22,104,1,0,0,6,3.06876194989309,0,3,2,0,0,16,34,190,0,0,0,287,88,8,-3.88304544828134,0,6,4,3,0,0,45,9,11,0,0,1,2,15,3,0,0,1,0,0,0,0,0,0,0,0,0,1,0,1,0,0,10,80,3,1,0,0,1,0,2,13,4,56,0,1,1,0,,0,0,0,0,0,0,0,0,0,0,0,1,0,,52,,0,52,0,1,1,0,0,1,0,0,0,0,0,6,0,53,263,3,0,1,0,1,4,80,1,183
2011,10,NE,REG,2011_10_NE_NYJ,NYJ,26,39,329,3,0,0,0,0,0,335,137,17,19.3698547093309,6.36565230394665,0,15,6,4,1,28,60,0,1,0,3,-9.28918483876623,0,0,0,0,0,26,38,329,3,0,0,335,137,17,19.6920836500003,0,15,6,4,1,0,52,0,6,0,0,0,5,38,8,2,30,3,1,0,0,0,0,0,0,0,0,1,-3,1,0,0,9,80,4,0,1,0,1,0,1,16,2,42,3,3,0,0,50,1,0,1,1,0,1,0,0,0,0,0,0,0,50;36;27,,,113,0,0,4,4,0,0,1,0,0,0,0,0,4,0,58,187,2,0,0,0,1,3,12,0,175
2011,10,NO,REG,2011_10_NO_ATL,ATL,30,43,322,2,0,0,0,0,0,373,89,16,12.0726142626565,5.69499294425166,0,14,7,5,0,16,41,0,0,0,1,-7.27512416149341,0,1,1,0,0,30,43,322,2,0,0,373,89,16,12.0726142626565,0,14,7,5,0,0,52,0,16,0,0,2,1,8,2,1,12,4,0,0,0,0,0,0,0,0,0,0,0,0,0,0,8,79,6,0,0,0,0,0,2,18,3,84,4,5,1,0,52,0.8,0,1,0,2,1,0,0,0,0,1,0,0,52;48;44;26,40,,170,40,0,2,2,0,0,1,1,1,0,0,26,5,0,64,202,3,1,2,1,1,0,0,0,182
2011,10,NYG,REG,2011_10_NYG_SF,SF,26,40,311,2,2,1,-9,0,0,414,122,16,13.5515171083276,5.73846651957585,0,14,6,3,0,29,93,0,0,0,4,-5.88099771161797,0,1,1,0,0,26,40,311,2,0,0,414,122,16,15.898841010279,0,14,6,3,0,0,34,4,4,0,0,0,2,14,4,1,6,5,0,0,0,0,0,0,0,0,0,0,0,0,0,0,6,45,5,0,0,0,0,0,3,12,2,53,2,2,0,0,25,1,0,2,0,0,0,0,0,0,0,0,0,0,23;25,,,48,0,0,2,2,0,0,1,0,0,0,0,0,2,0,48,77,0,1,1,0,0,0,0,0,77
2011,10,NYJ,REG,2011_10_NE_NYJ,NE,20,39,306,1,2,5,-38,0,0,374,83,13,-15.3714416801246,-4.00094127184466,0,13,9,6,0,25,110,1,0,0,8,3.36389440146741,0,1,1,0,0,20,38,306,1,0,0,374,83,13,-5.00485425803496,0,13,9,6,0,0,42,0,20,0,0,0,0,0,1,0,0,3,0,1,1,0,0,0,0,0,0,0,0,0,0,0,5,56,2,0,1,0,1,1,3,12,7,168,0,1,1,0,,0,0,0,0,0,0,0,0,1,0,0,0,0,,24,,0,24,0,2,2,0,0,1,0,0,0,0,0,5,0,55,242,2,1,1,1,1,1,16,0,206
2011,10,PHI,REG,2011_10_ARI_PHI,ARI,16,34,128,0,2,2,-5,0,0,324,80,4,-17.784063645784,-14.2461575793498,0,5,2,1,0,24,166,1,0,0,8,5.98723398828452,0,6,6,1,0,16,33,128,0,0,0,324,80,4,-13.4383121464925,0,5,2,1,0,0,57,0,6,0,0,0,4,33,7,2,24,6,1,1,0,0,0,0,0,0,0,1,0,0,0,0,11,97,5,0,1,0,1,0,3,17,4,107,1,1,0,0,36,1,0,0,1,0,0,0,0,0,0,0,0,0,36,,,36,0,0,2,2,0,0,1,0,0,0,0,0,8,0,52,342,4,0,0,0,2,6,27,0,315
2011,10,PIT,REG,2011_10_PIT_CIN,CIN,21,33,245,1,1,5,-22,0,0,354,76,18,7.74278856199089,11.1032588463841,0,13,6,3,0,30,105,2,0,0,6,-1.40832890733145,0,3,2,0,0,21,33,245,1,0,0,354,76,18,12.3518382239272,0,13,6,3,0,0,33,1,23,0,0,0,0,0,3,2,12,8,0,0,0,0,0,0,0,0,0,0,0,0,0,0,4,31,2,0,0,0,0,0,3,15,3,69,1,1,0,0,39,1,0,0,1,0,0,0,0,0,0,0,0,0,39,,,39,0,0,3,3,0,0,1,0,0,0,0,0,5,0,57,257,1,0,1,0,0,4,48,0,209
2011,10,SEA,REG,2011_10_BAL_SEA,BAL,17,27,217,0,0,1,-9,0,0,225,105,9,5.35750880088494,8.86714974275002,0,9,4,4,1,42,119,1,0,0,7,-11.2985314152902,0,0,0,0,0,17,26,217,0,1,0,225,105,9,7.9757558440711,0,9,4,4,1,0,39,0,20,0,0,2,1,8,4,1,34,10,0,0,0,0,0,0,0,0,0,0,0,2,0,0,13,100,2,1,0,1,1,0,1,12,3,77,5,5,0,0,39,1,0,1,4,0,0,0,0,0,0,0,0,0,22;38;39;35;30,,,164,0,0,1,1,0,0,1,0,0,0,0,0,5,0,50,218,1,0,0,0,1,4,30,0,188
2011,10,SF,REG,2011_10_NYG_SF,NYG,19,30,242,1,1,2,-14,0,0,263,82,11,3.35897592887025,2.02237814664841,1,11,7,3,0,20,77,1,0,0,4,-0.568256428495146,0,4,3,0,0,19,30,242,1,0,0,263,82,11,6.3830443174925,1,11,7,3,0,0,45,13,15,0,0,0,1,9,3,2,17,6,0,0,0,0,0,0,0,0,0,0,0,0,0,0,5,35,4,0,0,0,0,0,0,0,2,55,4,4,0,0,52,1,0,1,2,0,1,0,0,0,0,0,0,0,36;52;39;28,,,155,0,0,1,1,0,0,1,0,0,0,0,0,3,0,57,164,1,0,0,0,0,3,12,0,152
2011,10,TB,REG,2011_10_HOU_TB,HOU,15,35,170,1,3,4,-29,0,0,253,45,6,-22.3943590935005,-20.1295473119792,0,7,4,3,0,18,90,0,1,1,4,-4.25761859928025,0,3,2,0,0,15,34,170,1,0,0,253,45,6,-15.7723148896911,0,7,4,3,0,0,48,11,11,0,0,0,1,7,2,0,0,1,0,1,0,0,1,0,0,0,0,1,0,0,0,0,6,49,4,0,2,0,2,1,2,34,4,89,1,1,0,0,55,1,0,0,0,0,1,0,0,0,0,0,0,0,55,,,55,0,0,0,0,0,0,,0,0,0,0,0,6,0,52,265,2,0,0,0,2,4,10,0,255
2011,10,TEN,REG,2011_10_TEN_CAR,CAR,15,27,219,1,1,1,-8,0,0,212,99,9,3.43368506645917,-4.1396320439302,0,8,4,3,2,35,172,1,0,0,8,4.64562981761992,0,4,4,2,0,15,26,219,1,0,0,212,99,9,5.58649946521169,0,8,4,3,2,1,43,3,9,0,0,1,5,46,8,1,7,6,0,0,0,0,0,0,0,0,0,0,0,1,0,0,9,92,0,0,0,0,0,0,6,103,0,0,3,3,0,0,49,1,0,0,2,1,0,0,0,0,0,0,0,0,38;36;49,,,123,0,0,3,3,0,0,1,0,0,0,0,0,5,0,48,221,1,1,0,1,1,2,10,0,191
2011,10,WAS,REG,2011_10_WAS_MIA,MIA,21,32,215,0,2,3,-30,0,0,269,42,11,-7.10387718568024,6.84678629040718,0,12,7,2,0,16,61,0,0,0,3,-1.77623940515332,0,2,1,1,0,21,32,215,0,0,0,269,42,11,-0.659991384814059,0,12,7,2,0,0,57,0,6,0,0,2,2,9,3,1,30,3,0,0,0,0,0,0,0,0,0,0,0,1,-1,0,6,51,4,0,0,0,0,0,1,22,2,38,3,5,2,0,47,0.6,0,2,0,1,0,0,0,0,0,1,1,0,26;47;23,50;49,,96,99,0,0,0,0,0,,0,0,0,0,0,2,0,49,93,0,0,0,0,0,2,22,0,71
2011,11,ARI,REG,2011_11_ARI_SF,SF,14,35,163,1,3,2,-14,1,0,355,71,7,-22.4302251524059,-20.0444774116789,0,6,4,2,1,11,80,0,1,1,1,1.7702116954606,0,1,1,1,0,14,35,163,1,0,0,355,71,7,-21.1398235940142,0,6,4,2,1,0,66,6,6,0,0,0,0,0,1,1,0,7,0,1,0,0,0,2,0,0,0,1,0,0,0,0,6,75,4,2,1,0,3,2,2,22,3,74,0,0,0,0,,,0,0,0,0,0,0,0,0,0,0,0,0,,,,0,0,0,1,1,0,0,1,0,0,0,0,0,6,0,51,279,1,0,2,0,0,4,16,0,263
2011,11,ATL,REG,2011_11_TEN_ATL,TEN,22,32,316,1,0,0,0,0,0,294,125,13,18.3780306080914,5.90728493407369,0,12,9,6,1,36,116,1,1,1,7,-11.9084674518146,0,3,3,2,0,22,32,316,1,0,0,294,125,13,18.3780306080914,0,12,9,6,1,0,34,0,12,0,0,0,1,7,5,1,14,9,0,0,0,0,0,0,0,0,0,0,0,0,0,0,5,55,1,1,0,0,1,1,2,27,0,0,3,3,0,0,33,1,1,1,1,0,0,0,0,0,0,0,0,0,19;33;24,,,76,0,0,2,2,0,0,1,0,0,0,0,0,2,0,39,66,2,0,0,0,1,1,-1,0,67
2011,11,BAL,REG,2011_11_CIN_BAL,CIN,17,27,270,2,1,1,-2,0,0,238,139,9,6.48446209022304,2.03162078504209,0,10,6,5,1,28,105,2,1,0,4,-3.62146259809379,0,1,1,1,1,17,27,270,2,0,0,238,139,9,8.55890949320747,0,10,6,5,1,0,43,13,13,0,0,0,2,9,5,3,20,11,0,2,0,0,0,0,0,0,0,3,-7,0,0,0,6,69,2,1,2,0,3,0,3,6,1,26,1,1,0,0,22,1,0,1,0,0,0,0,0,0,0,0,0,0,22,,,22,0,0,4,4,0,0,1,0,0,0,0,0,8,0,61,391,3,3,0,0,1,4,24,0,367
2011,11,BUF,REG,2011_11_BUF_MIA,MIA,21,44,215,0,2,2,-11,1,0,221,134,10,-17.0786473157413,-11.9811496138573,0,10,7,3,0,19,41,0,2,0,2,-6.71838310611202,0,0,0,0,0,21,40,215,0,0,0,221,134,10,-9.99611115712372,0,10,7,3,0,0,51,0,6,0,0,0,1,13,1,0,0,2,0,0,1,0,0,0,0,0,0,4,-6,0,0,0,3,27,3,1,3,0,4,0,4,60,7,141,2,2,0,0,56,1,0,0,1,0,1,0,0,0,0,0,0,0,30;56,,,86,0,0,0,0,0,0,,0,0,0,0,0,6,1,56,295,0,0,0,0,0,6,53,0,242
2011,11,CAR,REG,2011_11_CAR_DET,DET,22,38,280,1,4,1,-8,0,0,369,192,12,-4.9378656678903,-2.48242318630219,1,10,8,7,0,26,137,2,0,0,7,1.94617967359955,0,3,2,2,0,22,37,280,1,0,0,369,192,12,-3.07038958565798,1,10,8,7,0,1,45,2,22,0,0,1,2,9,3,2,21,6,0,0,0,0,0,0,0,0,0,0,0,1,0,0,7,70,6,0,0,0,0,0,2,25,3,140,2,2,0,0,31,1,0,1,1,0,0,0,0,0,0,0,0,0,27;31,,,58,0,0,3,3,0,0,1,0,0,0,0,0,3,0,49,122,0,0,1,0,0,2,25,0,97
2011,11,CHI,REG,2011_11_SD_CHI,LAC,18,32,286,2,1,0,0,0,0,374,74,15,8.01822449438038,4.26107561215758,0,14,6,5,1,32,92,2,0,0,7,-3.09298456311808,0,4,1,0,0,18,32,286,2,0,0,374,74,15,8.01822449438038,0,14,6,5,1,0,39,0,8,0,0,2,0,0,1,2,10,2,0,0,0,0,0,0,0,0,0,0,0,1,3,0,6,61,3,0,0,0,0,0,2,59,5,122,1,1,0,0,42,1,0,0,0,1,0,0,0,0,0,0,0,0,42,,,42,0,0,4,4,0,0,1,0,0,0,0,0,3,0,55,137,1,0,2,0,1,0,0,0,137
2011,11,CIN,REG,2011_11_CIN_BAL,BAL,24,46,373,1,3,2,-9,0,0,514,105,13,-3.2245828994689,-7.30777687352637,0,12,7,6,3,30,119,2,1,0,8,1.81183613010217,0,3,1,0,0,24,46,373,1,0,0,514,105,13,0.417448581846015,0,12,7,6,3,0,36,8,10,0,0,1,1,2,6,1,7,3,0,0,0,0,0,0,0,0,0,1,0,0,0,0,6,43,4,0,1,0,1,0,4,24,0,0,1,1,0,0,27,1,0,1,0,0,0,0,0,0,0,0,0,0,27,,,27,0,0,3,3,0,0,1,0,0,0,0,0,7,0,56,270,2,1,0,0,3,3,6,0,264
2011,11,CLE,REG,2011_11_JAX_CLE,JAX,17,24,199,1,1,2,-13,0,0,139,106,10,1.92046103253961,5.35872202852498,0,9,3,2,1,28,148,1,0,0,6,2.83509943902001,0,3,3,1,1,17,24,199,1,0,0,139,106,10,4.80303509975784,0,9,3,2,1,0,41,0,26,0,0,1,1,15,3,0,0,5,0,0,0,0,0,0,0,0,0,0,0,0,0,0,9,70,3,0,0,0,0,0,1,0,2,63,0,1,1,0,,0,0,0,0,0,0,0,0,0,1,0,0,0,,38,,0,38,0,2,2,0,0,1,0,0,0,0,0,3,0,44,108,1,1,0,0,1,1,11,0,97
2011,11,DAL,REG,2011_11_DAL_WAS,WAS,23,37,292,3,0,4,-28,0,0,385,115,13,12.4411319173289,3.87922307929477,0,12,5,4,1,32,89,0,0,0,6,-4.1105111858476,0,0,0,0,0,23,37,292,3,1,0,385,115,13,18.1407280395854,0,12,5,4,1,0,37,9,27,0,0,2,3,13,7,1,0,4,0,0,0,0,0,0,0,0,0,1,0,1,0,0,9,48,4,1,0,0,1,0,3,22,3,56,2,2,0,0,39,1,0,0,2,0,0,0,0,0,0,0,0,0,37;39,,,76,0,0,3,3,0,0,1,1,1,0,0,39,7,0,60,286,2,1,1,1,1,3,97,0,169
2011,11,DEN,REG,2011_11_NYJ_DEN,NYJ,9,21,104,0,0,1,0,0,0,218,66,4,-5.96854791563237,-17.345899059659,0,3,3,1,0,34,125,1,1,1,7,-10.174698670438,0,4,2,1,0,9,21,104,0,0,0,218,66,4,-5.54977625026368,0,3,3,1,0,0,52,0,12,0,0,2,3,17,7,1,26,4,1,0,0,0,0,0,0,0,0,0,0,1,0,0,6,51,4,1,0,0,1,1,2,12,3,99,1,1,0,0,37,1,0,0,1,0,0,0,0,0,0,0,0,0,37,,,37,0,0,2,2,0,0,1,0,0,0,0,0,8,0,56,350,3,0,1,2,2,3,35,0,275
2011,11,DET,REG,2011_11_CAR_DET,CAR,28,36,335,5,2,2,-9,0,0,315,185,17,17.5561096432502,12.7176197038757,0,14,7,3,0,29,169,2,1,1,9,3.50949122960446,0,6,5,1,1,28,36,335,5,0,0,315,185,17,20.1232599620125,0,14,7,3,0,0,42,3,19,0,0,0,1,8,4,4,43,6,0,0,0,0,0,0,0,0,0,0,0,0,0,0,8,56,1,1,0,0,1,1,2,25,2,46,0,0,0,0,,,0,0,0,0,0,0,0,0,0,0,0,0,,,,0,0,0,7,7,0,0,1,0,0,0,0,0,2,0,49,96,0,0,0,0,0,2,25,0,71
2011,11,GB,REG,2011_11_TB_GB,TB,23,34,299,3,1,2,-12,0,0,317,158,15,9.80293156414185,7.96924566521364,0,12,7,5,1,23,91,2,1,0,6,2.24389403677196,0,2,1,1,0,23,34,299,3,0,0,317,158,15,12.9369923609578,0,12,7,5,1,0,42,6,18,0,0,0,2,8,4,2,28,6,0,0,0,0,0,0,0,0,0,1,0,0,0,0,5,37,3,0,1,1,1,0,2,69,3,51,0,1,1,0,,0,0,0,0,0,0,0,0,1,0,0,0,0,,29,,0,29,0,5,5,0,0,1,0,0,0,0,0,3,0,63,163,1,0,1,1,0,1,16,0,127
2011,11,JAX,REG,2011_11_JAX_CLE,CLE,22,41,210,0,0,1,-15,1,0,371,87,9,-1.00726764206938,-5.35923140804942,0,7,3,1,0,29,108,1,0,0,10,-0.175786627631169,0,1,1,0,0,22,41,210,0,0,0,371,87,9,0.568799771601334,0,7,3,1,0,0,36,0,22,0,0,0,2,13,5,1,28,3,0,0,0,0,0,0,0,0,0,0,0,0,0,0,9,81,6,1,0,1,1,0,1,11,1,17,1,1,0,0,42,1,0,0,0,1,0,0,0,0,0,0,0,0,42,,,42,0,0,1,1,0,0,1,0,0,0,0,0,5,0,48,203,2,1,1,1,1,1,0,0,183
2011,11,KC,REG,2011_11_KC_NE,NE,24,37,230,0,3,3,-21,0,0,285,73,11,-12.1481464437311,2.56446906038233,0,8,4,3,0,27,125,0,0,0,5,-2.03460362204351,0,2,2,1,0,24,37,230,0,0,0,285,73,11,-7.31161740278908,0,8,4,3,0,0,42,0,24,0,0,1,3,11,6,0,0,1,0,0,0,0,0,0,0,0,0,0,0,1,0,0,5,34,5,0,0,0,0,0,4,71,6,100,1,1,0,0,26,1,0,1,0,0,0,0,0,0,0,0,0,0,26,,,26,0,0,0,0,0,0,,0,0,0,0,0,5,0,56,199,3,0,1,0,2,2,81,1,118
2011,11,LA,REG,2011_11_SEA_STL,SEA,20,40,181,1,1,5,-38,2,2,404,43,10,-21.4403621301753,-14.0207076072693,0,8,1,1,0,17,42,0,0,0,1,-6.14238920598291,0,1,1,0,0,20,40,181,1,0,0,404,43,10,-6.12383248354308,0,8,1,1,0,0,64,1,7,0,0,2,4,40,6,2,15,4,0,0,0,0,0,0,0,0,0,0,0,0,0,0,5,50,3,2,0,0,2,2,3,23,1,30,0,0,0,0,,,0,0,0,0,0,0,0,0,0,0,0,0,,,,0,0,0,1,1,0,0,1,0,0,0,0,0,10,0,56,441,3,0,1,1,1,7,74,0,347
2011,11,LAC,REG,2011_11_SD_CHI,CHI,21,31,280,2,2,0,0,0,0,244,111,13,12.8312840290496,7.6861648790298,0,11,7,5,1,17,52,0,2,1,1,-10.6657091953093,0,1,1,1,0,21,31,280,2,0,0,244,111,13,12.8312840290496,0,11,7,5,1,0,50,0,4,0,0,0,0,0,3,1,64,4,0,0,0,0,0,0,0,0,0,1,0,0,0,0,3,20,5,2,0,0,2,1,0,0,5,167,2,3,1,0,48,0.666666666666667,0,1,0,1,0,0,0,0,0,0,1,0,28;48,55,,76,55,0,2,2,0,0,1,0,0,0,0,0,3,0,42,118,1,0,0,0,1,2,59,0,59
2011,11,LV,REG,2011_11_OAK_MIN,MIN,17,23,164,1,0,4,-25,0,0,181,61,10,5.17525937213674,12.6274813776431,0,9,2,2,0,41,162,2,1,1,10,-6.86537443898851,0,6,4,2,0,17,23,164,1,0,0,181,61,10,11.9690369271312,0,9,2,2,0,0,44,0,10,0,0,1,5,24,6,3,43,6,0,0,0,0,0,0,0,0,0,0,0,2,0,0,12,117,4,0,1,0,1,1,2,34,4,124,2,3,0,1,29,0.666666666666667,0,2,0,0,0,0,0,0,0,0,0,0,29;26,,49,55,0,49,3,3,0,0,1,0,0,0,0,0,6,0,64,284,0,0,0,1,0,5,38,0,226
2011,11,MIA,REG,2011_11_BUF_MIA,BUF,14,20,160,3,0,1,-13,0,0,146,59,8,6.70318263655645,12.3590530455112,0,6,4,2,1,35,95,1,0,0,7,-6.33675741826301,0,2,1,0,0,14,20,160,3,0,0,146,59,8,9.08399930081214,0,6,4,2,1,1,50,0,6,0,0,1,2,7,5,2,20,6,0,1,0,1,0,0,0,0,0,1,0,0,0,0,4,50,3,0,1,0,1,0,6,53,1,18,0,0,0,0,,,0,0,0,0,0,0,0,0,0,0,0,0,,,,0,0,0,5,5,0,0,1,0,0,0,0,0,7,0,64,337,5,1,0,0,2,4,60,0,277
2011,11,MIN,REG,2011_11_OAK_MIN,LV,19,33,211,2,3,5,-24,1,0,269,99,9,-14.5864206613333,-6.33970750495791,0,6,4,4,1,24,124,1,0,0,4,2.4919660553569,0,7,6,1,0,19,32,211,2,1,1,269,99,9,-10.4895411160542,0,6,4,4,1,0,51,0,32,0,0,0,4,25,8,0,0,0,0,0,0,0,0,1,0,0,0,0,0,1,0,0,9,50,3,1,2,1,3,2,5,38,5,109,0,0,0,0,,,0,0,0,0,0,0,0,0,0,0,0,0,,,,0,0,0,3,3,0,0,1,0,0,0,0,0,3,0,50,133,2,1,0,0,0,2,34,0,99
2011,11,NE,REG,2011_11_KC_NE,KC,15,27,234,2,0,3,-11,1,1,134,181,11,3.87132059803539,-9.4759708413711,0,11,6,2,1,35,157,1,0,0,9,5.69824606497423,0,5,3,0,0,15,26,234,2,0,0,134,181,11,11.8681154498815,0,11,6,2,1,1,50,3,25,0,0,0,3,21,9,3,44,5,0,0,0,0,0,0,0,0,0,0,0,0,0,0,3,20,2,1,0,0,1,1,2,81,1,18,2,2,0,0,21,1,1,1,0,0,0,0,0,0,0,0,0,0,21;19,,,40,0,0,4,4,0,0,1,0,0,0,0,0,4,0,52,203,0,0,0,0,0,4,71,0,132
2011,11,NYG,REG,2011_11_PHI_NYG,PHI,18,35,264,1,1,3,-15,1,1,403,98,9,-7.16919918696773,-7.84222441060202,0,10,6,4,2,17,29,0,0,0,1,-7.3112133666873,0,0,0,0,0,18,35,264,1,0,0,403,98,9,-0.278923823914065,0,10,6,4,2,0,42,16,16,0,0,0,1,3,1,3,6,5,0,0,0,0,0,0,0,0,0,0,0,0,0,0,5,39,6,1,0,0,1,1,0,0,3,61,1,1,0,0,48,1,0,0,0,1,0,0,0,0,0,0,0,0,48,,,48,0,0,1,1,0,0,1,0,0,0,0,0,9,0,61,463,4,3,1,0,1,4,63,0,400
2011,11,NYJ,REG,2011_11_NYJ_DEN,DEN,24,40,252,0,1,3,-17,0,0,264,137,13,-4.72230075407099,-2.59370715954365,0,11,2,2,0,28,83,0,1,0,6,-5.48847628972726,0,1,0,0,0,24,39,252,0,0,0,264,137,13,-1.39960999288854,0,11,2,2,0,0,44,2,6,0,0,1,1,0,1,0,0,0,0,0,0,0,0,0,0,0,0,2,-21,1,9,1,2,15,6,2,1,0,3,1,3,35,2,62,2,4,2,0,45,0.5,0,1,0,1,0,0,0,0,0,0,1,1,21;45,52;61,,66,113,0,1,1,0,0,1,0,0,0,0,0,6,0,48,230,2,2,0,0,2,2,12,0,218
2011,11,PHI,REG,2011_11_PHI_NYG,NYG,23,36,258,2,3,1,-3,0,0,367,99,12,6.18088125062576,2.19069040483899,0,11,6,3,0,33,136,0,0,0,5,-6.62008097523358,0,3,3,1,1,23,36,258,2,0,0,367,99,12,7.80825619862816,0,11,6,3,0,0,24,17,19,0,0,1,3,15,10,1,14,5,0,0,0,0,0,0,0,0,0,0,0,1,5,0,5,30,2,0,0,0,0,0,4,63,1,26,1,1,0,0,33,1,0,0,1,0,0,0,0,0,0,0,0,0,33,,,33,0,0,2,2,0,0,1,0,0,0,0,0,6,0,60,261,2,0,2,1,3,0,0,0,241
2011,11,SEA,REG,2011_11_SEA_STL,LA,15,25,203,1,2,4,-40,0,0,267,72,8,-4.98776267329231,0.311800241470337,0,9,3,2,1,39,126,2,1,0,7,-3.38055404857732,0,3,2,1,0,15,25,203,1,0,0,267,72,8,0.947960875695571,0,9,3,2,1,0,43,0,6,0,0,2,5,38,7,1,5,8,0,2,0,0,0,0,0,0,0,3,6,2,11,0,13,100,3,2,1,0,3,0,7,74,1,21,1,1,0,0,19,1,1,0,0,0,0,0,0,0,0,0,0,0,19,,,19,0,0,3,3,0,0,1,0,0,0,0,0,9,0,71,447,4,0,1,1,4,3,23,0,404
2011,11,SF,REG,2011_11_ARI_SF,ARI,20,38,267,2,1,0,0,0,0,283,111,14,5.00237321753314,-8.62837292646107,0,12,4,3,0,49,164,0,0,0,8,-6.23545280471444,0,3,2,0,0,20,38,267,2,0,0,283,111,14,5.00237321753314,0,12,4,3,0,0,28,3,3,0,0,2,2,14,5,3,60,11,0,0,0,0,0,0,0,0,0,0,0,2,0,0,7,87,5,0,0,0,0,0,4,16,2,42,3,6,1,2,43,0.5,0,2,0,1,0,0,0,0,0,1,0,0,22;43;29,49,46;30,94,49,76,2,2,0,0,1,0,0,0,0,0,3,0,58,136,1,0,0,0,1,2,22,0,114
2011,11,TB,REG,2011_11_TB_GB,GB,28,38,342,2,2,2,-8,0,0,264,142,17,9.04440392002137,11.8656856788171,0,13,8,5,0,20,121,1,0,0,5,1.66091302077984,0,3,3,1,1,28,37,342,2,0,0,264,142,17,10.9515489335884,0,13,8,5,0,0,42,6,8,0,0,0,2,12,4,1,7,4,0,1,0,0,0,0,0,0,0,0,0,0,0,0,9,55,5,0,1,1,1,0,1,16,6,152,2,2,0,0,32,1,0,1,1,0,0,0,0,0,0,0,0,0,23;32,,,55,0,0,2,2,0,0,1,0,0,0,0,0,3,0,53,140,1,0,0,0,1,2,69,0,71
2011,11,TEN,REG,2011_11_TEN_ATL,ATL,22,44,264,2,1,1,-7,0,0,389,111,13,4.36617459426859,-14.0360711585908,0,9,7,4,1,14,41,0,0,0,4,-1.43867405620404,0,2,1,0,0,22,44,264,2,0,0,389,111,13,5.77297415910514,0,9,7,4,1,0,52,0,4,0,0,1,0,0,3,0,0,1,0,0,0,0,0,0,0,0,0,0,0,1,2,0,10,86,5,0,0,0,0,0,1,-1,5,139,1,1,0,0,46,1,0,0,0,1,0,0,0,0,0,0,0,0,46,,,46,0,0,2,2,0,0,1,0,0,0,0,0,5,0,57,225,0,1,0,0,2,2,27,0,198
2011,11,WAS,REG,2011_11_DAL_WAS,DAL,25,38,292,2,1,3,-13,1,0,336,100,13,8.32754702366359,6.69533233893545,0,12,9,6,0,24,60,1,0,0,2,-5.92362710880116,0,2,1,0,0,25,38,292,2,1,1,336,100,13,10.2364878695825,0,12,9,6,0,0,35,11,45,0,0,1,4,28,8,0,0,4,0,0,0,0,0,0,0,0,0,1,0,0,0,0,6,59,7,2,0,0,2,1,3,97,4,93,1,3,2,0,40,0.333333333333333,0,0,0,1,0,0,0,0,0,1,1,0,40,49;52,,40,101,0,3,3,0,0,1,0,0,0,0,0,5,0,63,243,2,1,0,0,1,3,22,0,221
2011,12,ARI,REG,2011_12_ARI_STL,LA,12,23,114,0,2,3,-8,0,0,168,65,4,-16.1911019338291,-9.49248140272887,0,4,1,1,1,38,268,1,2,1,11,3.64198572060559,0,6,5,2,2,12,23,114,0,0,0,168,65,4,-12.8493403131138,0,4,1,1,1,1,48,0,2,0,0,2,2,17,2,0,0,1,0,0,0,0,0,0,0,0,0,1,-1,2,1,0,4,30,2,1,1,0,2,1,4,95,4,97,3,3,0,0,37,1,0,2,1,0,0,0,0,0,0,0,0,0,29;37;22,,,88,0,0,2,2,0,0,1,0,0,0,0,0,5,0,55,230,2,1,0,1,1,2,89,1,121
2011,12,ATL,REG,2011_12_MIN_ATL,MIN,27,34,262,3,0,2,-16,1,0,232,112,15,13.2710043829265,14.2167037900756,0,7,5,3,0,29,89,0,0,0,6,-2.43595883180387,0,2,0,0,0,27,34,262,3,0,0,232,112,15,16.4778244060562,0,7,5,3,0,0,34,0,26,0,0,0,4,24,7,0,0,3,0,1,0,0,0,0,0,0,0,1,0,0,0,0,4,30,2,1,1,0,2,1,5,54,2,52,1,1,0,0,37,1,0,0,1,0,0,0,0,0,0,0,0,0,37,,,37,0,0,3,3,0,0,1,0,0,0,0,0,5,0,57,252,1,0,0,2,0,3,5,0,207
2011,12,BAL,REG,2011_12_SF_BAL,SF,15,23,161,1,0,0,0,0,0,160,77,12,10.0241558781548,4.63403132946595,0,9,4,1,0,35,92,0,0,0,3,-10.8727810800147,0,2,1,0,0,15,23,161,1,0,0,160,77,12,10.0241558781548,0,9,4,1,0,0,36,10,12,0,0,1,9,44,12,1,0,4,0,0,0,0,0,0,0,0,0,0,0,0,0,0,3,20,3,0,0,0,0,0,5,48,1,16,3,3,0,0,39,1,0,1,2,0,0,0,0,0,0,0,0,0,39;23;39,,,101,0,0,1,1,0,0,1,0,0,0,0,0,4,0,50,170,2,0,0,1,3,0,0,0,150
2011,12,BUF,REG,2011_12_BUF_NYJ,NYJ,26,39,264,3,0,3,-14,0,0,402,73,15,10.782260145418,8.45746707457763,0,11,5,1,0,28,86,0,0,0,5,-5.22114969883114,0,1,1,0,0,26,39,264,3,0,0,402,73,15,13.9965459574677,0,11,5,1,0,0,42,0,4,0,0,0,0,0,2,1,7,6,0,0,0,0,0,0,0,0,0,0,0,1,0,0,9,85,2,0,0,0,0,0,1,9,3,71,1,1,0,0,53,1,0,0,0,0,1,0,0,0,0,0,0,0,53,,,53,0,0,3,3,0,0,1,0,0,0,0,0,7,0,54,313,3,1,1,1,0,4,21,0,272
2011,12,CAR,REG,2011_12_CAR_IND,IND,20,27,208,0,0,3,-32,0,0,169,117,9,4.7166922166118,8.59561187249643,0,9,6,4,0,35,201,3,0,0,13,9.62985957119415,0,6,5,1,0,20,27,208,0,1,1,169,117,9,4.56354705724992,0,9,6,4,0,0,28,0,32,0,0,1,2,8,3,2,0,4,0,0,0,0,0,0,0,0,0,0,0,0,0,0,6,92,3,1,0,0,1,1,4,23,2,100,2,3,0,1,41,0.666666666666667,0,0,0,2,0,0,0,0,0,0,0,0,40;41,,45,81,0,45,3,3,0,0,1,0,0,0,0,0,4,0,52,181,2,0,0,0,1,3,-3,0,184
2011,12,CHI,REG,2011_12_CHI_OAK,LV,18,36,254,2,3,4,-25,0,0,312,110,10,-13.2821561416899,-6.56277654748975,0,9,6,3,1,27,172,0,0,0,8,4.66992548068007,0,5,5,3,0,18,33,254,2,0,0,312,110,10,-6.46897886517079,0,9,6,3,1,0,52,0,8,0,0,0,4,33,5,1,1,6,0,0,0,0,0,0,0,0,0,0,0,0,0,0,7,61,5,0,0,0,0,0,2,7,7,181,2,2,0,0,53,1,0,0,0,0,2,0,0,0,0,0,0,0,50;53,,,103,0,0,2,2,0,0,1,0,0,0,0,0,5,0,52,225,0,0,2,0,2,1,1,0,224
2011,12,CIN,REG,2011_12_CLE_CIN,CLE,21,31,270,1,0,2,-13,1,1,276,101,13,9.30757588523371,7.14626398778731,0,9,7,4,1,32,132,1,0,0,4,-8.10393504865874,0,3,3,1,0,21,31,270,1,0,0,276,101,13,14.6095268702756,0,9,7,4,1,0,36,0,32,0,0,0,2,11,7,1,0,8,0,0,0,0,0,0,0,0,0,0,0,0,0,0,5,35,3,1,0,0,1,1,2,-5,5,100,3,3,0,0,40,1,0,2,0,1,0,0,0,0,0,0,0,0,23;40;26,,,89,0,0,2,2,0,0,1,0,0,0,0,0,4,0,58,191,0,0,1,0,0,3,18,0,173
2011,12,CLE,REG,2011_12_CLE_CIN,CIN,16,34,151,2,1,2,-11,0,0,269,42,7,-3.93245461160344,-12.3367130318109,0,6,3,2,0,30,134,0,1,0,9,4.18283346108224,0,4,2,1,0,16,34,151,2,0,0,269,42,7,-0.871607688800703,0,6,3,2,0,0,46,0,24,0,0,1,2,13,4,0,0,3,0,0,0,0,0,0,0,0,0,1,0,1,0,0,3,15,6,0,1,0,1,0,3,18,5,109,2,3,1,0,54,0.666666666666667,0,0,1,0,1,0,0,0,0,0,1,0,32;54,55,,86,55,0,2,2,0,0,1,0,0,0,0,0,5,0,47,215,2,1,0,0,2,2,-5,0,220
2011,12,DAL,REG,2011_12_MIA_DAL,MIA,22,34,226,2,2,1,-8,0,0,299,105,13,-2.28078633740246,8.53499864990061,0,9,7,2,0,23,85,0,0,0,5,-2.5179088440485,0,1,1,0,0,22,33,226,2,0,0,299,105,13,-0.231981554140144,0,9,7,2,0,0,40,3,15,0,0,0,4,25,5,0,0,4,0,0,0,0,0,0,0,0,0,0,0,1,0,0,11,69,5,0,0,0,0,0,2,41,4,74,2,2,0,0,32,1,0,1,1,0,0,0,0,0,0,0,0,0,32;28,,,60,0,0,2,2,0,0,1,1,1,0,0,28,5,0,48,205,1,1,1,0,2,1,9,0,196
2011,12,DEN,REG,2011_12_DEN_SD,LAC,9,18,143,1,0,1,-2,0,0,286,33,7,4.12389412301127,-1.31555596987406,0,7,4,2,0,51,208,0,1,0,10,-3.0659407359998,0,5,4,2,0,9,18,143,1,1,0,286,33,7,4.9962223302573,0,7,4,2,0,0,45,16,16,0,0,0,3,29,5,0,0,4,0,0,0,0,0,0,0,0,0,1,-1,0,0,0,9,63,4,1,1,1,2,0,4,60,4,106,3,3,0,0,41,1,0,1,1,1,0,0,0,0,0,0,0,0,41;24;37,,,102,0,0,1,1,0,0,1,1,1,0,0,37,9,0,61,391,3,0,1,2,3,3,16,0,335
2011,12,DET,REG,2011_12_GB_DET,GB,32,45,276,1,3,1,-3,0,0,227,160,15,-6.43808119016449,-1.39004210631053,1,11,2,1,0,21,136,1,1,0,7,4.78830500401091,0,5,4,1,0,32,45,276,1,0,0,227,160,15,-4.95796692621644,1,11,2,1,0,0,36,3,13,0,0,1,2,11,2,0,0,5,0,0,0,0,0,0,0,0,0,1,3,0,0,0,11,82,5,0,1,0,1,0,1,-2,5,129,0,1,1,0,,0,0,0,0,0,0,0,0,0,0,1,0,0,,47,,0,47,0,1,1,0,0,1,0,0,0,0,0,4,0,46,148,1,1,0,1,1,1,-2,0,130
2011,12,GB,REG,2011_12_GB_DET,DET,22,33,307,2,0,2,-11,1,0,245,170,11,14.9589601918818,2.05451367479382,0,12,6,4,1,18,53,1,0,0,3,-2.97646230276516,0,1,1,0,0,22,33,307,2,0,0,245,170,11,18.354165623616,0,12,6,4,1,0,51,1,13,0,0,0,1,3,4,3,8,8,0,0,0,0,0,0,0,0,0,1,0,0,0,0,7,54,0,1,0,0,1,0,1,-2,3,45,2,2,0,0,35,1,0,0,2,0,0,0,0,0,0,0,0,0,35;32,,,67,0,0,3,3,0,0,1,0,0,0,0,0,5,0,55,207,4,1,0,1,2,1,-2,0,189
2011,12,HOU,REG,2011_12_HOU_JAX,JAX,18,28,127,1,0,0,0,0,0,98,74,4,-6.26024332349201,1.86435298787223,0,4,2,2,0,31,88,1,2,1,5,-12.1008799431147,0,3,1,1,1,18,27,127,1,0,0,98,74,4,-6.69550018198991,0,4,2,2,0,0,47,0,20,0,0,1,7,48,13,1,29,6,0,0,0,0,0,0,0,0,0,2,0,0,0,0,7,80,4,2,1,0,3,1,7,91,1,45,2,2,0,0,53,1,0,0,1,0,1,0,0,0,0,0,0,0,53;33,,,86,0,0,2,2,0,0,1,0,0,0,0,0,10,0,56,436,3,2,2,1,1,4,4,0,412
2011,12,IND,REG,2011_12_CAR_IND,CAR,15,29,226,1,2,2,-8,1,0,277,125,10,-5.00002537494572,-9.0947582253388,0,10,3,2,2,23,105,1,0,0,5,-0.354066778464745,0,4,4,0,0,15,28,226,1,0,0,277,125,10,-1.13824046881916,0,10,3,2,2,0,43,0,32,0,0,1,3,32,7,0,0,1,0,0,0,0,0,1,0,0,0,1,0,1,4,0,2,15,3,1,0,0,1,0,3,-3,0,0,2,2,0,0,43,1,0,0,1,1,0,0,0,0,0,0,0,0,43;31,,,74,0,0,1,1,0,0,1,0,0,0,0,0,5,0,54,228,0,0,0,0,1,4,23,0,205
2011,12,JAX,REG,2011_12_HOU_JAX,HOU,20,40,198,0,1,7,-48,0,0,211,123,7,-17.7914237888967,-14.2523722723126,0,6,5,5,0,24,105,0,0,0,4,-1.94624695007224,0,2,2,1,0,20,40,198,0,0,0,211,123,7,-9.39539828170446,0,6,5,5,0,0,44,0,18,0,0,2,0,0,4,0,0,3,0,0,0,0,0,0,0,0,0,1,0,1,38,1,4,30,2,1,0,0,1,0,4,4,2,55,2,3,1,0,35,0.666666666666667,0,1,1,0,0,0,0,0,0,0,1,0,21;35,55,,56,55,0,1,1,0,0,1,0,0,0,0,0,9,0,53,380,2,0,1,0,1,7,91,0,289
2011,12,KC,REG,2011_12_PIT_KC,PIT,18,28,167,0,3,1,-5,0,0,204,89,9,-5.40706180605617,1.1038886649268,0,4,4,2,0,34,90,0,1,1,6,-10.4937278131367,0,0,0,0,0,18,28,167,0,0,0,204,89,9,-3.62026666022417,0,4,4,2,0,0,49,0,8,0,0,1,1,11,4,1,25,8,0,0,0,0,0,0,0,0,0,0,-1,1,0,0,4,20,6,0,1,0,1,1,2,21,1,20,3,3,0,0,49,1,0,0,0,3,0,0,0,0,0,0,0,0,41;49;40,,,130,0,0,0,0,0,0,,0,0,0,0,0,3,0,46,112,0,1,1,0,1,0,0,0,112
2011,12,LA,REG,2011_12_ARI_STL,ARI,17,32,203,1,0,2,-17,1,1,357,48,8,-7.94388528360546,-7.15717067942023,0,8,5,4,0,22,86,0,0,0,4,-2.9591596503742,0,3,1,0,0,17,32,203,1,1,1,357,48,8,-3.25667824491652,0,8,5,4,0,1,52,0,16,0,0,1,3,8,7,2,27,3,0,0,0,0,0,0,0,0,0,0,0,1,0,0,8,49,6,2,0,0,2,2,2,89,5,137,2,3,1,0,48,0.666666666666667,0,0,1,1,0,0,0,0,0,0,1,0,35;48,50,,83,50,0,2,2,0,0,1,0,0,0,0,0,7,0,57,329,1,2,0,0,1,4,95,1,234
2011,12,LAC,REG,2011_12_DEN_SD,DEN,19,36,188,1,0,3,-29,0,0,278,78,10,-5.51006734755457,-4.88135150887749,0,7,3,2,0,36,185,0,0,0,9,1.19362026138013,0,6,5,1,0,19,33,188,1,0,0,278,78,10,2.44858477996839,0,7,3,2,0,0,39,28,28,0,0,1,1,2,1,0,0,3,0,0,0,0,0,0,0,0,0,0,0,0,0,0,4,30,6,0,0,0,0,0,3,16,1,21,2,4,2,0,53,0.5,0,1,0,0,1,0,0,0,0,1,1,0,53;25,48;53,,78,101,0,1,1,0,0,1,0,0,0,0,0,6,0,62,308,1,1,0,1,0,4,60,0,228
2011,12,LV,REG,2011_12_CHI_OAK,CHI,21,37,301,0,1,4,-33,0,0,421,128,12,-2.3416550623085,-0.568848042874723,0,11,7,4,2,27,73,1,0,0,5,-4.27329268617905,0,2,1,0,0,21,37,301,0,0,0,421,128,12,3.29813379092214,0,11,7,4,2,0,56,0,2,0,0,0,4,25,8,3,99,6,0,0,0,0,0,0,0,0,0,0,0,0,0,0,6,44,6,0,0,0,0,0,1,1,1,27,6,6,0,0,47,1,1,0,1,4,0,0,0,0,0,0,0,0,40;47;42;19;37;44,,,229,0,0,1,1,0,0,1,0,0,0,0,0,5,0,80,273,3,1,1,1,0,2,7,0,246
2011,12,MIA,REG,2011_12_MIA_DAL,DAL,19,32,288,1,0,4,-25,1,0,327,78,11,7.65826063258554,4.01525497436523,0,12,6,5,1,25,89,0,2,1,4,-9.18002789272518,0,4,1,0,0,19,30,288,1,0,0,327,78,11,15.5538804569456,0,12,6,5,1,0,48,0,4,0,0,0,1,8,7,2,25,5,0,0,0,0,0,0,0,0,0,2,-20,0,0,0,6,55,5,0,3,0,3,1,1,9,3,92,4,5,1,0,28,0.8,0,4,0,0,0,0,0,0,0,1,0,0,26;28;27;23,47,,104,47,0,1,1,0,0,1,0,0,0,0,0,4,0,58,198,2,0,1,0,1,2,41,0,157
2011,12,MIN,REG,2011_12_MIN_ATL,ATL,17,25,186,1,0,4,-24,0,0,220,41,8,1.60168158495799,5.47282367944717,0,9,5,2,0,24,64,1,0,0,4,-10.0046987464302,0,1,1,0,0,17,25,186,1,0,0,220,41,8,6.52647426252952,0,9,5,2,0,0,42,1,29,0,0,1,2,16,4,0,0,1,0,0,0,0,0,0,0,0,0,0,0,1,0,0,6,49,6,0,0,0,0,0,3,5,3,153,0,0,0,0,,,0,0,0,0,0,0,0,0,0,0,0,0,,,,0,0,0,2,2,0,0,1,0,0,0,0,0,7,0,51,331,1,0,0,0,2,5,54,0,277
2011,12,NE,REG,2011_12_NE_PHI,PHI,24,34,361,3,0,1,-8,0,0,259,195,19,28.5764503450939,6.3159687554135,0,17,6,4,2,36,104,2,0,0,7,-3.43039795779623,0,2,1,0,0,24,34,361,3,0,0,259,195,19,29.7965967350049,0,17,6,4,2,0,43,0,2,0,0,0,2,7,5,1,27,5,0,0,0,0,0,0,0,0,0,0,0,0,0,0,3,20,1,0,0,0,0,0,2,13,3,77,1,2,1,0,45,0.5,0,0,0,1,0,0,0,0,1,0,0,0,45,39,,45,39,0,5,5,0,0,1,0,0,0,0,0,3,0,55,145,2,0,1,0,2,0,0,0,145
2011,12,NO,REG,2011_12_NYG_NO,NYG,25,39,372,4,0,0,0,0,0,327,177,17,19.6249118800042,2.26395922271829,0,14,9,8,1,30,205,3,0,0,13,9.93636892375071,0,5,5,2,0,25,38,372,4,0,0,327,177,17,20.0218259572284,0,14,9,8,1,0,50,0,20,0,0,4,1,14,4,1,0,5,0,0,0,0,0,0,0,0,0,0,0,1,0,0,11,104,5,0,0,0,0,0,0,0,2,62,0,0,0,0,,,0,0,0,0,0,0,0,0,0,0,0,0,,,,0,0,0,7,7,0,0,1,0,0,0,0,0,2,0,52,84,2,0,0,0,1,1,-1,0,85
2011,12,NYG,REG,2011_12_NYG_NO,NO,33,47,406,2,1,1,-14,1,0,339,191,19,12.5272555096968,6.55893822511037,0,16,6,4,1,22,73,1,2,1,5,-6.897178190673,0,0,0,0,0,33,45,406,2,0,0,339,191,19,18.3170458457394,0,16,6,4,1,0,40,0,20,0,0,0,0,0,6,0,0,1,0,1,0,0,0,0,0,0,0,3,0,0,0,0,4,32,5,4,0,0,4,1,1,-1,4,115,1,2,1,0,42,0.5,0,0,0,1,0,0,0,0,0,0,0,1,42,61,,42,61,0,3,3,0,0,1,0,0,0,0,0,2,0,46,76,1,0,0,1,1,0,0,0,56
2011,12,NYJ,REG,2011_12_BUF_NYJ,BUF,17,35,180,4,1,0,0,0,0,382,55,11,4.11010691552656,-6.65381993566241,0,9,5,1,0,23,138,0,0,0,7,4.06951941829175,0,5,4,1,0,17,35,180,4,0,0,382,55,11,4.11010691552656,0,9,5,1,0,0,55,0,8,0,0,0,3,14,5,0,0,2,0,1,0,0,0,0,0,0,0,0,0,0,0,0,4,40,5,0,1,0,1,1,4,21,4,106,0,0,0,0,,,0,0,0,0,0,0,0,0,0,0,0,0,,,,0,0,0,4,4,0,0,1,0,0,0,0,0,5,0,51,208,2,0,1,0,3,1,9,0,199
2011,12,PHI,REG,2011_12_NE_PHI,NE,26,48,400,1,1,2,-7,0,0,591,100,17,9.13178637650829,-4.41583661983411,0,16,11,7,2,17,73,1,0,0,5,-0.795403369993437,0,2,2,1,0,26,48,400,1,0,0,591,100,17,11.2298581597655,0,16,11,7,2,0,58,0,2,0,0,0,1,8,2,0,0,2,0,0,0,0,0,0,0,0,0,0,0,0,0,0,10,60,5,0,0,0,0,0,0,0,2,39,2,2,0,0,43,1,0,1,0,1,0,0,0,0,0,0,0,0,43;22,,,65,0,0,2,2,0,0,1,0,0,0,0,0,5,0,51,199,1,1,0,0,2,2,13,0,186
2011,12,PIT,REG,2011_12_PIT_KC,KC,21,31,193,1,1,1,-11,0,0,291,98,13,3.16684336503589,11.4223132210393,0,7,4,3,0,28,108,0,1,1,3,-9.83977221051464,0,3,2,0,0,21,31,193,1,0,0,291,98,13,5.03313872518105,0,7,4,3,0,0,50,0,10,0,0,0,1,5,5,3,43,5,0,0,0,0,0,0,0,0,0,0,0,1,0,0,6,50,4,1,0,0,1,1,0,0,4,77,2,2,0,0,49,1,0,1,0,1,0,0,0,0,0,0,0,0,21;49,,,70,0,0,1,1,0,0,1,0,0,0,0,0,5,0,52,211,2,0,1,1,1,2,21,0,170
2011,12,SEA,REG,2011_12_WAS_SEA,WAS,14,30,144,2,1,2,-18,0,0,283,79,8,-6.87408514791658,-16.4349141716957,0,7,2,2,0,30,124,0,0,0,6,-1.48810473195044,0,3,1,0,0,14,30,144,2,0,0,283,79,8,-1.31536437104713,0,7,2,2,0,0,45,3,17,0,0,0,1,8,9,2,23,5,0,0,0,0,1,1,0,0,0,0,0,0,0,0,9,91,6,0,0,0,0,0,2,1,2,86,1,2,1,0,36,0.5,0,0,1,0,0,0,0,0,0,0,1,0,36,51,,36,51,0,2,2,0,0,1,0,0,0,0,0,6,0,67,267,4,0,3,0,0,3,7,0,260
2011,12,SF,REG,2011_12_SF_BAL,BAL,15,24,140,0,1,9,-44,1,0,167,60,7,-8.75854052904124,-1.97631058593591,0,5,2,1,0,21,74,0,0,0,4,-2.29400820344078,0,0,0,0,0,15,24,140,0,0,0,167,60,7,3.05101291526807,0,5,2,1,0,0,34,16,18,0,0,0,0,0,3,0,0,3,0,0,0,0,0,0,0,0,0,0,0,0,0,0,7,97,4,1,0,1,1,0,0,0,3,93,2,2,0,0,52,1,0,0,0,1,1,0,0,0,0,0,0,0,45;52,,,97,0,0,0,0,0,0,,0,0,0,0,0,5,0,61,288,1,0,0,0,0,5,48,0,240
2011,12,TB,REG,2011_12_TB_TEN,TEN,18,33,199,1,1,2,-13,1,1,238,82,9,-0.811582598131424,-6.3533341512084,0,7,5,3,0,25,122,0,2,1,6,-5.8496258163359,0,3,3,0,0,18,32,199,1,2,2,238,82,9,-4.42195656423624,0,7,5,3,0,0,49,0,20,0,0,2,1,5,5,2,35,8,1,0,0,0,0,0,0,0,0,1,0,2,13,0,4,30,5,4,1,0,5,4,0,0,3,74,1,1,0,0,43,1,0,0,0,1,0,0,0,0,0,0,0,0,43,,,43,0,0,2,2,0,0,1,0,0,0,0,0,5,0,51,194,1,1,1,1,1,1,3,0,171
2011,12,TEN,REG,2011_12_TB_TEN,TB,19,34,160,1,2,2,-10,1,0,191,100,10,-11.6669615956947,-4.272220064612,0,8,3,2,0,35,202,0,1,1,8,-0.531308372552444,0,8,7,4,0,19,34,160,1,1,1,191,100,10,-12.2115167718606,0,8,3,2,0,1,42,0,14,0,0,4,2,13,2,1,0,5,0,0,0,0,0,0,0,0,0,1,0,4,0,0,5,50,2,2,1,0,3,2,1,3,4,167,3,4,1,0,52,0.75,0,0,2,0,1,0,0,0,0,1,0,0,31;52;38,42,,121,42,0,2,2,0,0,1,0,0,0,0,0,3,0,41,88,3,0,1,0,2,0,0,0,88
2011,12,WAS,REG,2011_12_WAS_SEA,SEA,26,35,314,2,2,1,-8,0,0,336,134,15,9.24621580822215,18.126243396717,0,13,8,4,1,29,110,1,1,0,4,-1.24601922567924,0,3,2,1,0,26,34,314,2,0,0,336,134,15,13.310067682311,0,13,8,4,1,0,27,2,38,0,0,0,2,18,4,1,3,10,0,0,0,0,0,0,0,0,0,1,-8,0,0,0,10,115,4,0,1,0,1,0,3,7,2,34,1,2,0,1,25,0.5,0,1,0,0,0,0,0,0,0,0,0,0,25,,23,25,0,23,2,3,0,1,0.666666666666667,0,0,0,0,0,4,0,51,178,1,0,0,1,1,2,1,0,157
2011,13,ARI,REG,2011_13_DAL_ARI,DAL,16,25,247,1,0,5,-23,0,0,246,124,10,3.59720067431105,2.75223648548126,0,11,5,3,2,25,103,1,0,0,5,0.227302313491236,0,2,2,0,0,16,25,247,1,0,0,246,124,10,9.43731010863909,0,11,5,3,2,0,55,1,5,0,0,1,5,38,6,0,0,6,0,0,0,0,0,0,0,0,0,0,0,0,0,0,6,41,1,0,0,0,0,0,1,1,3,66,2,2,0,0,48,1,0,1,0,1,0,0,0,0,0,0,0,0,48;23,,,71,0,0,1,1,0,0,1,0,0,0,0,0,7,0,54,351,0,1,0,1,2,3,18,0,313
2011,13,ATL,REG,2011_13_ATL_HOU,HOU,20,47,267,1,2,0,0,0,0,597,69,13,-9.08387439556776,-7.75951780378819,0,14,10,3,0,18,70,0,0,0,3,-0.831104282522574,0,3,1,0,0,20,44,267,1,0,0,597,69,13,-7.60191629301647,0,14,10,3,0,0,53,9,15,0,0,1,3,13,3,0,0,5,0,0,0,0,0,0,0,0,0,0,0,1,25,0,7,43,6,0,0,0,0,0,2,22,2,47,1,1,0,0,19,1,1,0,0,0,0,0,0,0,0,0,0,0,19,,,19,0,0,1,1,0,0,1,0,0,0,0,0,4,0,52,202,2,0,0,0,1,3,10,0,192
2011,13,BAL,REG,2011_13_BAL_CLE,CLE,10,23,158,0,0,1,0,1,1,241,61,7,-1.84431791789129,-9.96062392773836,0,7,5,3,0,55,290,2,0,0,16,6.88355539200711,0,7,5,2,1,10,23,158,0,0,0,241,61,7,1.92182808980115,0,7,5,3,0,1,35,0,14,0,0,0,3,22,4,1,32,10,0,0,0,0,0,0,0,0,0,0,0,0,0,0,4,18,3,1,0,0,1,1,2,72,2,34,1,3,2,0,21,0.333333333333333,0,1,0,0,0,0,0,0,1,1,0,0,21,34;41,,21,75,0,3,3,0,0,1,0,0,0,0,0,3,0,54,108,0,0,1,1,0,1,9,0,79
2011,13,BUF,REG,2011_13_TEN_BUF,TEN,29,46,288,1,0,1,-6,0,0,357,107,12,5.99702107396586,2.07522955205705,0,12,7,6,0,23,104,1,2,1,6,-0.407051196874818,0,2,2,2,0,29,45,288,1,1,1,357,107,12,3.15775105027858,0,12,7,6,0,0,36,9,17,0,0,1,1,10,1,0,0,4,0,0,0,0,0,0,0,0,0,1,0,0,0,0,2,15,5,3,0,0,3,2,2,10,1,12,1,1,0,0,27,1,0,1,0,0,0,0,0,0,0,0,0,0,27,,,27,0,0,2,2,0,0,1,0,0,0,0,0,4,0,62,194,1,0,0,0,1,3,72,0,122
2011,13,CAR,REG,2011_13_CAR_TB,TB,13,22,231,1,0,2,-9,0,0,287,115,10,13.13884669012,3.25491292910142,0,9,8,6,0,39,163,4,0,0,12,9.45619076193543,0,6,4,3,0,13,22,231,1,0,0,287,115,10,15.2381340158692,0,9,8,6,0,0,39,9,11,0,0,0,2,22,3,1,9,4,0,0,0,0,0,0,0,0,0,0,0,0,0,0,2,20,2,0,0,0,0,0,1,12,1,17,1,1,0,0,43,1,0,0,0,1,0,0,0,0,0,0,0,0,43,,,43,0,0,5,5,0,0,1,0,0,0,0,0,3,0,46,114,0,0,1,0,0,2,42,0,72
2011,13,CHI,REG,2011_13_KC_CHI,KC,11,24,133,0,3,7,-45,1,0,282,23,8,-21.5056864374006,-9.96760030587514,0,6,4,1,0,24,93,0,0,0,3,-5.30229719355702,0,3,2,1,0,11,24,133,0,0,0,282,23,8,-11.7688861500355,0,6,4,1,0,0,58,0,6,0,0,1,2,18,5,0,0,3,0,1,0,0,0,0,0,0,0,2,0,1,0,0,5,35,6,1,1,0,2,0,3,39,1,23,1,2,1,0,32,0.5,0,0,1,0,0,0,0,0,0,1,0,0,32,41,,32,41,0,0,0,0,0,,0,0,0,0,0,7,0,54,304,3,0,2,0,0,5,13,0,291
2011,13,CIN,REG,2011_13_CIN_PIT,PIT,14,30,152,1,1,3,-24,0,0,237,61,7,-5.73389576072805,-14.8552259802818,0,5,2,2,1,22,104,0,0,0,6,0.172260765102692,0,3,3,0,0,14,30,152,1,0,0,237,61,7,-2.39774302527076,0,5,2,2,1,0,32,15,21,0,0,0,3,17,4,0,0,3,0,0,0,0,0,0,0,0,0,0,0,0,0,0,10,109,1,1,0,0,1,1,5,54,4,103,0,1,0,1,,0,0,0,0,0,0,0,0,0,0,0,0,0,,,33,0,0,33,1,1,0,0,1,0,0,0,0,0,7,0,53,317,4,0,0,0,4,3,65,1,252
2011,13,CLE,REG,2011_13_BAL_CLE,BAL,18,36,196,1,1,3,-22,0,0,233,82,9,-10.5980988184387,-12.156259185738,0,9,2,2,1,17,59,0,0,0,2,-1.54220389085822,0,0,0,0,0,18,36,196,1,0,0,233,82,9,-5.53959675831029,0,9,2,2,1,0,48,0,34,0,0,1,1,0,2,0,0,5,0,0,0,0,0,0,0,0,0,0,0,1,2,0,3,37,5,0,0,0,0,0,1,9,4,95,1,1,0,0,21,1,0,1,0,0,0,0,0,0,0,0,0,0,21,,,21,0,0,1,1,0,0,1,0,0,0,0,0,8,0,48,317,2,1,1,0,4,2,72,1,245
2011,13,DAL,REG,2011_13_DAL_ARI,ARI,28,42,299,1,0,5,-38,0,0,482,78,14,2.43763368070711,7.33753668098915,0,12,5,4,0,20,75,0,1,0,6,-1.00958728865953,0,1,0,0,0,28,41,299,1,0,0,482,78,14,9.77132882760343,0,12,5,4,0,0,43,0,8,0,0,0,5,23,6,0,0,2,0,1,0,0,0,0,0,0,0,2,-3,0,0,0,7,49,5,1,1,0,2,0,3,18,3,112,2,4,2,0,50,0.5,0,0,1,0,1,0,0,0,0,1,1,0,50;37,53;49,,87,102,0,1,1,0,0,1,0,0,0,0,0,5,0,50,191,4,1,2,0,1,1,1,0,190
2011,13,DEN,REG,2011_13_DEN_MIN,MIN,10,15,202,2,0,2,-16,1,1,187,82,7,6.35108208171789,10.2451330423355,0,6,5,4,3,32,150,1,1,1,6,-6.37012248909729,1,5,3,1,0,10,15,202,2,0,0,187,82,7,11.967667609672,0,6,5,4,3,0,54,1,23,0,0,1,3,29,5,2,36,6,1,1,0,0,0,0,0,0,0,1,0,1,18,0,8,73,2,2,1,0,3,2,3,12,4,132,2,2,0,0,46,1,0,1,0,1,0,0,0,0,0,0,0,0,46;23,,,69,0,0,3,3,0,0,1,1,1,0,0,23,6,0,59,307,3,0,1,0,2,3,14,0,293
2011,13,DET,REG,2011_13_DET_NO,NO,36,51,461,1,1,4,-36,0,0,304,265,21,6.25288228510481,3.59884056448936,0,19,8,5,2,26,98,2,0,0,7,-3.620112815639,0,3,2,0,0,36,51,461,1,0,0,304,265,21,8.88841910404453,0,19,8,5,2,0,50,0,20,0,0,0,2,4,4,0,0,4,0,0,0,0,0,0,0,0,0,0,0,0,0,0,13,122,4,0,0,0,0,0,2,13,3,70,1,3,1,1,31,0.333333333333333,0,0,1,0,0,0,0,0,0,0,1,0,31,55,42,31,55,42,2,2,0,0,1,0,0,0,0,0,5,0,58,231,2,0,1,0,1,3,25,0,206
2011,13,GB,REG,2011_13_GB_NYG,NYG,28,47,369,4,1,2,-9,0,0,502,119,21,17.824057029433,3.25083129935794,0,17,10,7,0,28,89,0,0,0,5,-3.1370727729518,0,2,1,0,0,28,45,369,4,0,0,502,119,21,22.7417262160344,0,17,10,7,0,0,28,17,17,0,0,1,1,0,5,1,38,8,1,0,0,0,0,0,0,0,0,0,0,1,1,0,4,30,4,0,0,0,0,0,2,6,3,76,1,2,1,0,31,0.5,0,0,1,0,0,0,0,0,0,1,0,0,31,43,,31,43,0,5,5,0,0,1,1,1,0,0,31,5,0,55,221,4,0,2,0,3,0,0,0,221
2011,13,HOU,REG,2011_13_ATL_HOU,ATL,12,25,188,1,0,3,-13,1,1,310,70,9,1.01448175809613,-15.0974630117416,0,7,5,4,1,44,162,1,0,0,9,-2.02927156724036,0,6,5,0,0,12,25,188,1,0,0,310,70,9,8.70984901695314,0,7,5,4,1,0,35,4,6,0,0,0,0,0,11,2,34,12,0,0,0,0,0,0,0,0,0,0,0,0,0,0,5,35,5,1,0,0,1,1,3,10,3,54,1,2,1,0,43,0.5,0,0,0,1,0,0,0,0,0,0,1,0,43,54,,43,54,0,2,2,0,0,1,0,0,0,0,0,5,0,66,264,0,1,0,2,0,2,22,0,202
2011,13,IND,REG,2011_13_IND_NE,NE,30,37,353,2,1,2,-15,0,0,293,110,21,20.3643980161511,19.0733174214492,0,16,5,4,1,31,99,1,1,1,5,-3.00097792543238,0,1,0,0,0,30,37,353,2,0,0,293,110,21,23.894338386599,0,16,5,4,1,0,29,0,52,0,0,0,1,0,4,0,0,2,0,0,0,0,0,0,0,0,0,0,0,0,0,0,5,29,6,1,0,0,1,1,1,21,2,34,1,1,0,0,31,1,0,0,1,0,0,0,0,0,0,0,0,0,31,,,31,0,0,3,3,0,0,1,0,0,0,0,0,3,0,47,140,1,0,0,0,1,2,15,0,125
2011,13,JAX,REG,2011_13_SD_JAX,LAC,19,33,195,2,1,2,-18,0,0,124,159,11,0.855978485167725,-10.7650795669267,0,6,2,1,1,31,129,0,1,0,6,-6.9874669854762,0,3,2,0,0,19,33,195,2,0,0,124,159,11,5.14168804304791,0,6,2,1,1,0,34,0,14,0,0,0,0,0,4,0,0,0,0,0,0,0,0,0,0,0,0,2,-41,0,0,0,3,26,3,0,2,0,2,0,3,11,6,131,0,0,0,0,,,0,0,0,0,0,0,0,0,0,0,0,0,,,,0,0,0,2,2,0,0,1,0,0,0,0,0,5,0,52,217,1,0,1,1,2,1,0,0,197
2011,13,KC,REG,2011_13_KC_CHI,CHI,17,31,157,1,0,2,-18,0,0,193,66,7,-1.23421429708833,-4.66666837533315,0,7,2,1,0,37,113,0,0,0,5,-7.53876487342554,0,1,1,1,0,17,30,157,1,1,0,193,66,7,1.8784747539321,0,7,2,1,0,0,44,0,8,0,0,1,7,45,7,3,0,6,0,1,0,0,0,0,0,0,0,1,0,0,0,0,8,60,5,1,1,0,2,1,5,13,2,40,1,1,0,0,21,1,0,1,0,0,0,0,0,0,0,0,0,0,21,,,21,0,0,1,1,0,0,1,0,0,0,0,0,11,0,53,447,2,2,4,1,1,3,39,0,388
2011,13,LA,REG,2011_13_STL_SF,SF,12,22,156,0,1,4,-30,1,1,213,65,9,-6.22838415374281,-5.28488619761034,0,8,3,1,0,23,31,0,0,0,0,-13.260030127014,0,0,0,0,0,12,22,156,0,0,0,213,65,9,3.02507562912069,0,8,3,1,0,0,51,6,6,0,0,1,4,29,5,0,0,1,0,0,0,0,0,0,0,0,0,0,0,0,0,0,5,35,2,1,0,0,1,1,0,0,3,66,0,0,0,0,,,0,0,0,0,0,0,0,0,0,0,0,0,,,,0,0,0,0,0,0,0,,0,0,0,0,0,8,0,49,317,1,2,0,0,3,3,19,0,298
2011,13,LAC,REG,2011_13_SD_JAX,JAX,22,28,294,3,0,0,0,0,0,307,69,12,21.2214856807983,20.3749565141542,0,11,6,6,1,26,139,2,0,0,7,4.14823906385573,0,6,6,2,0,22,28,294,3,0,0,307,69,12,21.2214856807983,0,11,6,6,1,0,49,0,12,0,0,0,2,18,3,1,0,5,0,0,0,0,0,0,0,0,0,0,0,0,0,0,6,55,3,0,0,0,0,0,1,0,1,36,1,1,0,0,29,1,0,1,0,0,0,0,0,0,0,0,0,0,29,,,29,0,0,5,5,0,0,1,0,0,0,0,0,4,0,52,179,0,0,0,0,1,3,11,0,168
2011,13,LV,REG,2011_13_OAK_MIA,MIA,20,41,273,2,1,2,-15,0,0,437,88,12,-1.22683427872835,-8.00981950469133,0,9,7,5,1,14,46,0,0,0,4,-2.91316061350517,0,2,1,0,0,20,41,273,2,0,0,437,88,12,1.38657029293245,0,9,7,5,1,0,52,0,12,0,0,0,1,9,3,0,0,5,0,0,0,0,0,0,0,0,0,0,0,0,0,0,10,91,5,0,0,0,0,0,1,11,0,0,0,0,0,0,,,0,0,0,0,0,0,0,0,0,0,0,0,,,,0,0,0,2,2,0,0,1,0,0,0,0,0,8,0,57,372,3,1,2,1,1,3,28,0,324
2011,13,MIA,REG,2011_13_OAK_MIA,LV,13,25,162,1,0,1,-9,0,0,284,40,9,2.18310184321922,-6.6322238445282,0,7,4,4,0,44,209,2,0,0,11,2.44361997751755,0,6,5,2,0,13,25,162,1,0,0,284,40,9,3.93133158922751,0,7,4,4,0,0,30,0,6,0,0,0,2,15,9,1,34,5,1,0,0,0,0,0,0,0,0,0,0,0,0,0,8,79,4,0,0,0,0,0,3,28,1,77,2,2,0,0,48,1,0,0,1,1,0,0,0,0,0,0,0,0,48;33,,,81,0,0,4,4,0,0,1,0,0,0,0,0,4,0,66,222,1,0,1,2,0,1,11,0,171
2011,13,MIN,REG,2011_13_DEN_MIN,DEN,30,48,389,3,2,3,-29,1,1,368,225,17,-4.4087333092709,0.374918981738712,0,16,9,4,2,30,129,0,0,0,6,-2.04161834466504,0,4,4,0,0,30,46,389,3,0,0,368,225,17,8.03503859320559,0,16,9,4,2,0,40,0,16,0,0,2,2,16,4,0,0,0,0,0,1,0,0,0,0,0,0,0,0,2,1,0,6,54,6,1,0,0,1,1,3,14,5,111,3,3,0,0,40,1,0,1,1,1,0,0,0,0,0,0,0,0,40;25;39,,,104,0,0,3,3,0,0,1,0,0,0,0,0,6,0,60,297,1,0,1,1,1,3,12,0,265
2011,13,NE,REG,2011_13_IND_NE,IND,29,38,289,2,0,1,0,0,0,341,81,19,15.5372206641512,14.349973829169,0,14,6,2,0,24,73,2,0,0,5,0.397777663427405,0,0,0,0,0,29,38,289,2,0,0,341,81,19,17.3861838611192,0,14,6,2,0,0,43,0,36,0,0,1,2,15,5,1,2,3,0,1,0,0,0,0,0,0,0,1,0,1,0,0,3,20,1,0,1,0,1,0,2,15,2,48,1,1,0,0,39,1,0,0,1,0,0,0,0,0,0,0,0,0,39,,,39,0,0,4,4,0,0,1,0,0,0,0,0,4,0,52,187,2,0,0,0,3,1,21,0,166
2011,13,NO,REG,2011_13_DET_NO,DET,29,39,401,3,0,2,-4,0,0,345,168,18,16.0128838794968,10.262401554829,0,16,9,5,1,27,127,2,0,0,5,-3.49416451156139,0,4,4,1,0,29,39,401,3,0,0,345,168,18,17.8206624571081,0,16,9,5,1,1,55,0,24,0,0,0,4,36,7,1,-7,7,0,0,0,0,0,1,0,0,0,0,0,0,0,0,3,30,4,0,0,0,0,0,3,25,3,74,1,1,0,0,39,1,0,0,1,0,0,0,0,0,0,0,0,0,39,,,39,0,0,4,4,0,0,1,0,0,0,0,0,4,0,53,179,2,1,0,0,1,2,13,0,166
2011,13,NYG,REG,2011_13_GB_NYG,GB,23,40,347,3,1,1,0,1,1,392,132,15,5.24818747981256,0.439379513263702,0,12,6,4,3,20,100,1,0,0,7,3.47146433925093,1,3,2,0,0,23,40,347,3,0,0,392,132,15,7.62081413182234,0,12,6,4,3,0,34,23,23,0,0,0,2,9,6,1,9,6,0,0,0,0,0,0,0,0,0,0,0,0,0,0,6,55,4,1,0,0,1,1,0,0,5,125,2,2,0,0,50,1,0,0,1,0,1,0,0,0,0,0,0,0,38;50,,,88,0,0,3,3,0,0,1,0,0,0,0,0,4,0,49,177,2,0,0,0,2,2,6,0,171
2011,13,NYJ,REG,2011_13_NYJ_WAS,WAS,19,32,165,1,0,0,0,0,0,195,99,9,2.20338302701174,-5.26022408157587,0,6,3,1,0,30,101,3,0,0,6,5.6898573974031,0,1,1,1,0,19,32,165,1,0,0,195,99,9,2.20338302701174,0,6,3,1,0,0,39,9,19,0,0,3,2,17,5,1,3,15,0,1,0,0,0,0,0,0,0,0,0,2,0,0,6,40,3,0,1,0,1,1,2,14,6,84,2,3,1,0,51,0.666666666666667,0,0,0,1,1,0,0,0,0,1,0,0,45;51,40,,96,40,0,4,4,0,0,1,0,0,0,0,0,5,0,52,223,1,1,0,0,2,2,14,0,209
2011,13,PHI,REG,2011_13_PHI_SEA,SEA,17,29,208,1,4,2,-10,1,0,320,113,10,-14.8963196854456,-1.70089766897004,0,8,5,3,1,25,132,1,0,0,10,6.50372734930716,0,6,3,1,0,17,29,208,1,0,0,320,113,10,-12.6133610529942,0,8,5,3,1,0,36,3,29,0,0,0,3,17,7,0,0,0,0,0,0,0,0,0,0,0,0,1,0,0,0,0,5,28,4,1,0,0,1,0,0,0,4,92,0,0,0,0,,,0,0,0,0,0,0,0,0,0,0,0,0,,,,0,0,0,2,2,0,0,1,0,0,0,0,0,4,0,54,185,1,0,0,1,0,3,0,0,165
2011,13,PIT,REG,2011_13_CIN_PIT,CIN,15,23,176,2,0,3,-17,0,0,191,93,10,5.69904776311437,-0.322965824085733,0,7,3,2,1,33,136,2,0,0,9,2.311492822133,0,4,4,1,0,15,23,176,2,0,0,191,93,10,9.31479535529347,0,7,3,2,1,1,31,13,19,0,0,1,3,24,5,1,0,4,0,0,0,0,0,1,0,0,0,0,0,1,0,0,4,29,1,0,0,0,0,0,3,65,1,16,0,1,1,0,,0,0,0,0,0,0,0,0,0,0,0,1,0,,50,,0,50,0,5,5,0,0,1,0,0,0,0,0,5,0,59,271,2,0,0,0,0,5,54,0,217
2011,13,SEA,REG,2011_13_PHI_SEA,PHI,13,16,190,1,0,3,-17,1,0,135,98,8,9.10258564999827,24.1502056829631,0,8,6,5,0,33,174,2,0,0,6,-4.17511467915028,0,5,4,1,1,13,16,190,1,0,0,135,98,8,13.331939787553,0,8,6,5,0,0,34,3,15,0,0,1,2,10,5,4,146,6,1,1,0,0,0,0,0,0,0,2,0,0,0,0,5,30,3,0,2,0,2,0,3,0,1,24,1,1,0,0,49,1,0,0,0,1,0,0,0,0,0,0,0,0,49,,,49,0,0,4,4,0,0,1,0,0,0,0,0,5,0,46,199,2,0,1,0,4,0,0,0,199
2011,13,SF,REG,2011_13_STL_SF,LA,17,25,274,2,0,4,-29,0,0,246,145,11,9.2478146061703,6.15763998031616,0,13,3,3,2,34,144,0,0,0,5,-7.07449484982292,0,4,4,2,0,17,25,274,2,1,0,246,145,11,13.7849733076809,0,13,3,3,2,0,38,3,3,0,0,1,4,30,6,1,13,4,0,0,0,0,0,0,0,0,0,1,0,1,0,0,8,72,4,1,0,0,1,0,3,19,1,31,4,4,0,0,36,1,1,1,2,0,0,0,0,0,0,0,0,0,36;19;28;34,,,117,0,0,2,2,0,0,1,0,0,0,0,0,5,0,61,226,3,0,0,2,3,0,0,0,186
2011,13,TB,REG,2011_13_CAR_TB,CAR,16,27,229,1,1,2,-22,0,0,316,29,11,2.03170485557816,3.8669279561593,0,8,5,4,1,27,78,0,0,0,3,-7.71664119214417,0,2,2,0,0,16,27,229,1,0,0,316,29,11,7.53415912059895,0,8,5,4,1,0,42,7,9,0,0,0,2,9,6,0,0,2,0,0,0,0,0,0,0,0,0,0,0,0,0,0,9,73,3,0,0,0,0,0,2,42,3,79,4,4,0,0,50,1,0,0,0,3,1,0,0,0,0,0,0,0,50;47;46;44,,,187,0,0,1,1,0,0,1,0,0,0,0,0,2,0,47,82,1,0,0,0,1,1,12,0,70
2011,13,TEN,REG,2011_13_TEN_BUF,BUF,16,25,140,0,0,1,-10,0,0,223,84,6,-2.14774760701151,1.09498465061188,0,8,4,1,0,31,187,2,1,0,12,8.61261875403579,0,7,5,1,1,16,25,140,0,0,0,223,84,6,-0.109201306052665,0,8,4,1,0,0,47,5,7,0,0,3,1,6,4,0,0,6,0,0,0,0,0,0,0,0,0,0,0,2,0,0,3,20,4,1,0,1,1,0,3,72,1,21,3,3,0,0,48,1,0,1,0,2,0,0,0,0,0,0,0,0,48;27;44,,,119,0,0,2,2,0,0,1,0,0,0,0,0,5,0,57,239,4,0,1,0,2,2,10,0,229
2011,13,WAS,REG,2011_13_NYJ_WAS,NYJ,19,46,221,0,1,2,-17,1,1,330,124,11,-13.6602584193002,-18.19352182475,0,10,4,4,1,23,100,1,1,1,5,-3.77346678689355,0,3,3,1,0,19,44,221,0,0,0,330,124,11,-6.34948210716318,0,10,4,4,1,0,28,12,38,0,0,0,0,0,1,0,0,6,0,1,0,0,0,0,0,0,0,0,0,1,0,0,6,50,5,3,0,1,3,2,2,14,7,164,4,4,0,0,46,1,0,1,1,2,0,0,0,0,0,0,0,0,33;23;46;43,,,145,0,0,1,1,0,0,1,0,0,0,0,0,6,0,43,224,4,0,0,0,4,2,14,0,210
2011,14,ARI,REG,2011_14_SF_ARI,SF,20,29,284,3,2,2,-14,1,0,199,178,10,1.5188739381847,4.1044433569086,0,7,5,3,3,23,55,0,1,1,1,-10.6390597692225,0,2,1,0,0,20,29,284,3,0,0,199,178,10,4.79588726657676,0,7,5,3,3,0,43,3,17,0,0,0,5,32,9,0,0,4,0,0,0,0,0,0,0,0,0,1,0,0,0,0,4,45,3,2,0,0,2,1,5,44,0,0,0,0,0,0,,,0,0,0,0,0,0,0,0,0,0,0,0,,,,0,0,0,3,3,0,0,1,0,0,0,0,0,7,0,66,326,1,0,0,1,2,4,93,0,213
2011,14,ATL,REG,2011_14_ATL_CAR,CAR,22,38,320,4,0,3,-12,1,0,368,124,14,17.6714901637071,0.521792157700187,0,11,8,4,1,28,86,0,0,0,4,-4.64432719605975,0,2,1,0,0,22,38,320,4,0,0,368,124,14,20.4942061142927,0,11,8,4,1,0,43,0,14,0,0,0,2,17,4,2,33,6,0,0,0,0,0,0,0,0,0,1,0,0,0,0,5,50,3,1,0,0,1,0,2,14,1,23,1,2,1,0,30,0.5,0,0,1,0,0,0,0,0,0,1,0,0,30,46,,30,46,0,4,4,0,0,1,0,0,0,0,0,6,0,55,287,3,0,1,0,1,4,11,0,276
2011,14,BAL,REG,2011_14_IND_BAL,IND,23,31,227,2,1,2,-15,0,0,239,96,13,9.06025546232494,12.6521887798463,0,8,5,2,0,37,146,1,1,1,11,-6.70190824399469,0,3,2,0,0,23,31,227,2,0,0,239,96,13,12.8181718011831,0,8,5,2,0,0,40,4,4,0,0,3,4,19,5,1,0,9,0,0,0,0,0,0,0,0,0,0,0,0,0,0,5,40,1,1,0,0,1,1,4,59,1,30,1,1,0,0,36,1,0,0,1,0,0,0,0,0,0,0,0,0,36,,,36,0,0,3,3,0,0,1,0,0,0,0,0,3,0,54,145,2,1,0,0,0,2,8,0,137
2011,14,BUF,REG,2011_14_BUF_SD,LAC,15,37,195,0,3,1,-10,0,0,366,71,10,-15.2602663384126,-16.1787679871997,0,9,4,2,1,20,96,0,0,0,5,-0.691897055134177,0,4,4,0,0,15,37,195,0,0,0,366,71,10,-13.9970501150105,0,9,4,2,1,0,38,18,18,0,0,0,1,8,2,0,0,3,0,0,0,0,1,0,0,0,0,0,0,1,0,1,1,5,3,0,0,0,0,0,0,0,4,96,1,2,1,0,37,0.5,0,0,1,0,0,0,0,0,0,0,1,0,37,53,,37,53,0,1,1,0,0,1,0,0,0,0,0,2,0,55,71,0,0,1,0,0,1,14,0,57
2011,14,CAR,REG,2011_14_ATL_CAR,ATL,19,39,276,2,2,2,-17,0,0,389,146,13,-6.04237130164047,-11.2546781698863,0,11,8,3,2,23,157,1,0,0,5,6.05174892596551,0,3,3,1,1,19,39,276,2,0,0,389,146,13,-2.52165704635782,0,11,8,3,2,0,42,0,20,0,0,1,3,12,4,0,0,6,0,0,1,0,0,0,0,0,0,0,0,0,0,0,5,50,3,0,0,0,0,0,4,11,5,89,0,1,1,0,,0,0,0,0,0,0,0,0,0,1,0,0,0,,36,,0,36,0,3,3,0,0,1,0,0,0,0,0,6,0,48,256,2,0,3,0,1,2,14,0,242
2011,14,CHI,REG,2011_14_CHI_DEN,DEN,12,19,115,0,0,4,-29,0,0,134,56,5,-7.17916733281879,1.45207878790404,0,7,5,0,0,38,159,1,1,1,7,-5.93779662443558,0,3,3,0,0,12,19,115,0,0,0,134,56,5,-1.15632323081797,0,7,5,0,0,0,60,1,7,0,0,2,5,15,5,1,0,2,0,0,0,0,0,1,0,0,0,0,0,1,0,0,8,69,6,1,0,0,1,1,2,36,1,25,1,1,0,0,57,1,0,0,0,0,1,0,0,0,0,0,0,0,57,,,57,0,0,1,1,0,0,1,0,0,0,0,0,11,0,57,526,4,0,0,1,2,8,73,0,433
2011,14,CIN,REG,2011_14_HOU_CIN,HOU,16,28,189,1,0,1,-5,1,1,182,85,8,-4.05416440518211,1.27926538033145,0,8,5,4,0,29,101,0,0,0,6,-0.797130366205238,0,1,1,1,1,16,28,189,1,0,0,182,85,8,0.847665530777434,0,8,5,4,0,0,52,0,30,0,0,4,5,32,10,1,23,7,0,1,0,0,0,0,0,0,0,0,0,3,9,0,3,27,5,2,0,0,2,2,0,0,3,47,4,4,0,0,49,1,0,2,0,2,0,0,0,0,0,0,0,0,22;47;49;28,,,146,0,0,1,1,0,0,1,0,0,0,0,0,4,0,56,186,1,0,0,0,0,4,30,0,156
2011,14,CLE,REG,2011_14_CLE_PIT,PIT,19,36,222,0,2,3,-16,1,0,381,53,12,-4.96023198973853,-2.05550938844681,0,9,4,3,0,30,98,0,0,0,4,-5.83281481052622,0,1,1,1,0,19,35,222,0,0,0,381,53,12,1.05329623474972,0,9,4,3,0,0,27,14,22,0,0,2,2,11,4,1,29,3,0,1,0,0,0,0,0,0,0,2,0,2,1,0,6,54,5,1,1,0,2,0,3,29,2,39,1,1,0,0,20,1,0,1,0,0,0,0,0,0,0,0,0,0,20,,,20,0,0,0,0,0,0,,0,0,0,0,0,6,0,49,205,4,3,2,0,1,0,0,0,205
2011,14,DAL,REG,2011_14_NYG_DAL,NYG,21,31,321,4,0,3,-16,0,0,276,154,12,13.6739474906034,9.20488248611319,0,9,5,5,3,24,139,0,1,1,8,0.505152078112587,0,4,1,1,0,21,29,321,4,0,0,276,154,12,17.719650483564,0,9,5,5,3,0,40,4,28,0,0,0,0,0,2,1,30,5,0,0,0,0,0,0,0,0,0,0,0,0,0,0,10,51,5,1,0,0,1,1,1,10,1,25,2,3,0,1,49,0.666666666666667,0,0,0,2,0,0,0,0,0,0,0,0,49;49,,47,98,0,47,4,4,0,0,1,0,0,0,0,0,3,0,56,131,0,1,0,0,0,2,21,0,110
2011,14,DEN,REG,2011_14_CHI_DEN,CHI,21,40,236,1,1,5,-15,1,1,446,64,13,-5.06117361032685,-3.15877763848556,0,13,5,2,0,34,124,0,1,0,5,-8.32319087111078,0,3,3,0,0,21,38,236,1,0,0,446,64,13,4.40626792307429,0,13,5,2,0,0,52,1,5,0,0,1,4,29,7,0,0,1,0,1,0,0,0,0,0,0,0,1,0,1,0,0,4,28,7,2,1,1,3,1,8,73,0,0,2,3,0,1,59,0.666666666666667,0,0,0,0,2,0,0,0,0,0,0,0,59;51,,28,110,0,28,1,1,0,0,1,1,1,0,0,51,8,0,53,363,3,1,0,0,5,2,36,0,327
2011,14,DET,REG,2011_14_MIN_DET,MIN,20,29,227,2,0,5,-19,0,0,216,145,11,5.85198079111969,3.23062539100647,0,8,3,2,1,21,72,0,0,0,1,-4.88254826847697,0,1,0,0,0,20,29,227,2,0,0,216,145,11,11.8195701052154,0,8,3,2,1,0,52,3,15,0,0,4,4,43,3,3,49,10,1,0,0,0,0,0,0,0,0,0,0,3,0,1,10,76,4,0,0,0,0,0,1,28,5,119,2,2,0,0,30,1,0,1,1,0,0,0,0,0,0,0,0,0,30;26,,,56,0,0,4,4,0,0,1,0,0,0,0,0,6,0,57,286,2,0,0,2,2,2,22,0,224
2011,14,GB,REG,2011_14_OAK_GB,LV,16,31,274,2,1,4,-26,0,0,344,102,13,4.782466837793,-23.2139473611658,0,11,8,6,0,24,136,2,0,0,6,2.71770840107074,0,4,4,1,1,16,29,274,2,0,0,344,102,13,10.6879763054882,0,11,8,6,0,0,44,8,14,0,0,1,1,7,2,4,18,8,0,0,0,0,0,0,0,0,0,0,0,1,5,1,5,35,1,0,0,0,0,0,2,26,2,67,4,4,0,0,49,1,0,0,3,1,0,0,0,0,0,0,0,0,34;38;49;33,,,154,0,0,4,5,0,1,0.8,0,0,0,0,0,1,0,40,40,0,0,1,0,0,0,0,0,40
2011,14,HOU,REG,2011_14_HOU_CIN,CIN,26,44,300,2,1,5,-32,1,1,405,143,17,7.71087331849568,2.25455441645214,0,13,10,3,0,28,144,0,1,1,7,-4.00468212913256,0,5,3,1,1,26,42,300,2,1,1,405,148,17,15.4050906854188,0,13,10,3,0,0,40,0,22,0,0,2,1,5,5,0,0,7,0,0,0,0,0,0,0,0,0,1,0,2,0,0,5,50,4,4,0,0,4,3,4,30,5,59,2,3,1,0,46,0.666666666666667,0,0,1,1,0,0,0,0,0,1,0,0,46;33,47,,79,47,0,2,2,0,0,1,0,0,0,0,0,2,0,53,103,1,0,1,0,1,0,0,0,103
2011,14,IND,REG,2011_14_IND_BAL,BAL,17,37,136,1,1,4,-19,3,0,278,25,9,-8.82214633654169,-7.19591724021094,0,6,0,0,0,16,50,0,0,0,1,-3.07731765153585,0,1,1,0,0,17,35,136,1,0,0,278,25,9,-2.88440364749934,0,6,0,0,0,0,43,21,21,0,0,1,2,15,5,1,0,5,0,0,0,0,0,0,0,0,0,3,0,1,0,0,3,15,4,3,0,0,3,0,2,8,4,120,1,1,0,0,22,1,0,1,0,0,0,0,0,0,0,0,0,0,22,,,22,0,0,1,1,0,0,1,0,0,0,0,0,6,0,53,268,1,2,0,0,0,4,59,0,209
2011,14,JAX,REG,2011_14_TB_JAX,TB,19,33,217,2,2,1,-8,1,0,239,110,10,-3.23732638583169,-3.75279431993311,0,8,3,2,1,33,116,2,1,0,7,-2.82954535270971,0,4,3,1,0,19,33,217,2,0,0,239,110,10,-0.374979249347234,0,8,3,2,1,0,37,0,22,0,0,6,3,14,2,3,14,6,0,0,0,0,0,0,0,0,0,2,-2,4,8,2,8,80,2,1,1,0,2,0,1,5,1,19,0,0,0,0,,,0,0,0,0,0,0,0,0,0,0,0,0,,,,0,0,0,5,5,0,0,1,0,0,0,0,0,7,0,46,290,2,0,0,1,2,4,-2,0,272
2011,14,KC,REG,2011_14_KC_NYJ,NYJ,16,32,195,1,1,5,-39,0,0,274,77,10,-9.36136116141637,-14.3035055138171,0,9,7,4,0,21,65,0,0,0,3,-4.29538632562617,0,2,1,0,0,16,32,195,1,0,0,274,77,10,-2.80741226657478,0,9,7,4,0,0,42,0,34,0,0,1,3,26,2,0,0,5,0,0,0,0,0,0,0,0,0,1,0,1,0,0,11,128,3,1,0,0,1,0,2,14,6,120,1,1,0,0,53,1,0,0,0,0,1,0,0,0,0,0,0,0,53,,,53,0,0,1,1,0,0,1,0,0,0,0,0,7,0,61,359,3,0,1,0,2,4,43,0,316
2011,14,LA,REG,2011_14_STL_SEA,SEA,12,29,193,0,1,3,-26,0,0,210,110,7,-6.82135549689347,-15.2763297515256,0,7,3,3,1,31,114,1,0,0,7,-1.11555449324078,0,4,1,0,0,12,28,193,0,0,0,210,110,7,0.672931872297242,0,7,3,3,1,0,37,8,28,0,0,0,2,10,5,0,0,4,0,0,0,0,0,0,0,0,0,0,0,1,0,0,5,30,5,0,0,0,0,0,1,1,6,170,2,2,0,0,46,1,0,1,0,1,0,0,0,0,0,0,0,0,46;29,,,75,0,0,1,1,0,0,1,0,0,0,0,0,4,1,50,181,2,0,0,0,3,1,17,0,164
2011,14,LAC,REG,2011_14_BUF_SD,BUF,24,33,240,3,0,2,-24,1,1,283,66,15,8.61661466371469,14.7620066069067,0,11,5,1,0,32,150,1,0,0,7,4.11821341986069,0,5,3,1,0,24,32,240,3,0,0,283,66,15,16.6693584412019,0,11,5,1,0,0,25,14,14,0,0,0,1,10,3,3,73,9,1,0,0,0,0,0,0,0,0,0,0,0,0,0,5,50,3,0,1,0,1,1,1,14,2,42,1,1,0,0,47,1,0,0,0,1,0,0,0,0,0,0,0,0,47,,,47,0,0,4,5,0,1,0.8,0,0,0,0,0,3,0,58,119,2,2,0,0,1,0,0,0,119
2011,14,LV,REG,2011_14_OAK_GB,GB,24,43,247,1,4,1,-7,0,0,370,92,14,-9.88498576113489,2.28800155498363,0,12,6,2,0,29,117,1,0,0,9,2.14408063300652,0,2,0,0,0,24,43,247,1,1,1,370,92,14,-12.4164994638413,0,12,6,2,0,0,39,4,6,0,0,0,4,26,7,1,0,5,0,0,1,0,1,0,0,0,0,0,0,0,0,0,11,89,3,1,0,0,1,1,0,0,3,26,0,0,0,0,,,0,0,0,0,0,0,0,0,0,0,0,0,,,,0,0,0,2,2,0,0,1,0,0,0,0,0,5,0,71,182,2,1,2,0,0,2,26,0,156
2011,14,MIA,REG,2011_14_PHI_MIA,PHI,17,29,155,1,1,9,-60,1,1,244,73,6,-17.2560283350457,0.277353360735137,0,6,5,3,0,26,109,0,1,0,3,-11.0359730913615,0,5,3,0,0,17,29,155,1,1,1,244,73,6,-6.63087437039833,0,6,5,3,0,0,53,0,10,0,0,1,4,20,7,1,7,7,0,0,0,1,0,0,0,0,0,1,0,1,0,0,7,81,4,2,1,0,3,2,3,32,1,27,1,2,1,0,22,0.5,0,1,0,0,0,0,0,0,0,0,1,0,22,55,,22,55,0,1,1,0,0,1,0,0,0,0,0,6,0,59,321,2,0,1,0,0,5,22,0,299
2011,14,MIN,REG,2011_14_MIN_DET,DET,23,44,199,3,3,4,-43,3,2,459,79,12,-25.8837067061686,-8.93465517596765,0,7,4,1,0,35,269,1,2,1,17,19.1626427192241,0,9,7,2,1,23,44,199,3,0,0,459,79,12,-11.280017383513,0,7,4,1,0,0,41,0,22,0,0,0,5,19,8,0,0,4,0,0,0,0,0,0,0,0,0,2,5,0,0,0,5,37,5,4,1,0,5,3,2,22,2,63,0,0,0,0,,,0,0,0,0,0,0,0,0,0,0,0,0,,,,0,0,0,4,4,0,0,1,0,0,0,0,0,2,0,53,97,0,0,0,1,0,1,28,0,49
2011,14,NE,REG,2011_14_NE_WAS,WAS,22,37,357,3,1,1,-5,0,0,241,228,14,14.742932623136,-1.09999775886536,0,12,7,6,2,20,79,0,0,0,6,1.59102364710998,0,3,3,0,0,22,37,357,3,0,0,241,228,14,16.2294363257243,0,12,7,6,2,0,38,15,29,0,0,1,2,8,8,1,2,6,0,0,0,0,0,0,0,0,0,0,0,1,0,1,4,47,2,0,0,0,0,0,2,18,2,39,2,2,0,0,24,1,0,2,0,0,0,0,0,0,0,0,0,0,23;24,,,47,0,0,4,4,0,0,1,0,0,0,0,0,3,0,61,135,1,0,1,1,1,0,0,0,115
2011,14,NO,REG,2011_14_NO_TEN,TEN,36,47,337,2,0,2,-14,0,0,309,132,14,15.6411847982179,10.3592957587952,0,11,6,5,0,26,114,0,0,0,9,-1.6321223007543,0,5,4,1,0,36,47,337,2,0,0,309,132,14,18.5134144253187,0,11,6,5,0,0,36,0,14,0,0,0,2,12,5,0,0,8,0,0,0,0,0,0,0,0,0,0,0,0,0,0,11,95,5,0,0,0,0,0,3,18,2,42,3,3,0,0,29,1,0,3,0,0,0,0,0,0,0,0,0,0,25;29;22,,,76,0,0,1,1,0,0,1,0,0,0,0,0,5,0,55,249,1,0,0,0,1,4,34,0,215
2011,14,NYG,REG,2011_14_NYG_DAL,DAL,27,47,400,2,1,0,0,0,0,511,139,17,15.7618239571881,1.23936778969235,0,14,9,6,2,31,110,2,0,0,8,-2.02495847785474,1,3,3,0,0,27,45,400,2,0,0,511,139,17,18.3304748422075,0,14,9,6,2,0,37,1,17,0,0,1,3,16,4,0,0,1,0,0,1,0,0,1,0,0,0,0,0,1,1,0,6,55,3,0,0,0,0,0,2,21,4,74,2,2,0,0,26,1,0,2,0,0,0,0,0,0,0,0,0,0,23;26,,,49,0,0,3,3,0,0,1,0,0,0,0,0,4,0,62,178,2,1,1,1,0,1,10,0,148
2011,14,NYJ,REG,2011_14_KC_NYJ,KC,13,21,181,2,0,3,-26,1,1,152,122,10,4.21375095067197,-1.06494895049504,0,8,4,2,0,42,159,3,0,0,7,-3.44155827871873,0,2,2,1,0,13,21,181,2,0,0,152,122,10,11.8108648343768,0,8,4,2,0,0,37,0,22,0,0,1,5,39,6,1,0,4,0,0,1,0,0,0,0,0,0,0,0,0,0,0,4,22,3,1,0,0,1,1,4,43,3,65,0,0,0,0,,,0,0,0,0,0,0,0,0,0,0,0,0,,,,0,0,0,5,5,0,0,1,0,0,0,0,0,7,0,53,314,3,1,2,0,2,2,14,0,300
2011,14,PHI,REG,2011_14_PHI_MIA,MIA,15,30,208,1,1,4,-20,0,0,310,89,10,-2.1836948705786,-7.71530757347743,0,8,4,4,0,32,51,2,0,0,5,-6.25935205107089,0,1,0,0,0,15,30,208,1,0,0,310,89,10,1.62934382021194,0,8,4,4,0,0,54,0,4,0,0,2,9,60,10,1,35,4,0,1,1,0,0,0,0,0,0,0,0,2,0,0,7,69,4,1,0,0,1,1,5,22,1,7,1,1,0,0,40,1,0,0,0,1,0,0,0,0,0,0,0,0,40,,,40,0,0,3,3,0,0,1,0,0,0,0,0,9,1,58,419,4,0,1,2,3,3,32,0,347
2011,14,PIT,REG,2011_14_CLE_PIT,CLE,16,23,280,2,1,2,-11,0,0,207,158,11,14.8189847895992,6.3783312621324,0,11,7,6,1,28,147,0,0,0,7,-0.306804518215358,0,5,2,1,0,16,23,280,2,2,2,207,158,11,8.23333275923505,0,11,7,6,1,0,44,10,24,0,0,1,3,16,7,2,33,6,0,0,0,0,0,0,0,0,0,0,0,0,0,0,12,97,1,2,0,0,2,2,0,0,2,31,0,0,0,0,,,0,0,0,0,0,0,0,0,0,0,0,0,,,,0,0,0,2,2,0,0,1,0,0,0,0,0,4,0,54,165,1,0,0,0,1,3,29,0,136
2011,14,SEA,REG,2011_14_STL_SEA,LA,21,34,224,1,0,2,-10,0,0,252,121,13,7.47797949999803,1.00114117650425,0,9,4,4,0,32,145,1,2,1,8,-3.5630204185145,0,6,4,0,0,21,34,224,1,0,0,252,121,13,8.90009833596413,0,9,4,4,0,1,32,3,35,0,0,0,3,26,8,1,0,8,0,0,0,1,0,0,0,0,17,1,-7,0,0,0,9,61,3,0,2,0,2,1,1,17,3,117,3,4,1,0,48,0.75,0,1,0,2,0,0,0,0,1,0,0,0,42;23;48,38,,113,38,0,3,3,0,0,1,0,0,0,0,0,3,0,41,113,1,0,1,0,1,1,1,0,112
2011,14,SF,REG,2011_14_SF_ARI,ARI,18,37,175,0,0,5,-32,0,0,291,89,8,-9.25007240149754,-12.3039651158694,0,8,1,1,0,21,90,1,0,0,2,-4.66630126313095,0,2,2,2,0,18,37,175,0,0,0,291,89,8,-5.71705311799879,0,8,1,1,0,0,38,4,6,0,0,2,2,14,4,2,16,4,0,0,0,0,0,0,0,0,0,0,0,1,0,0,5,35,6,0,0,0,0,0,4,93,4,100,4,5,1,0,46,0.8,0,3,0,1,0,0,0,0,0,0,1,0,46;22;27;22,50,,117,50,0,1,1,0,0,1,0,0,0,0,0,7,0,62,372,3,0,1,0,1,5,44,0,328
2011,14,TB,REG,2011_14_TB_JAX,JAX,17,32,184,0,3,3,-14,2,1,223,101,7,-21.304751400894,-13.2827782823193,0,8,3,2,0,24,110,2,1,1,7,1.69248760939809,0,2,1,0,0,17,31,184,0,1,0,223,101,7,-10.2503527814406,0,8,3,2,0,0,46,0,12,0,0,1,1,8,3,2,12,3,0,2,0,0,0,0,0,0,0,2,0,0,0,0,12,97,3,6,0,0,6,4,4,-2,1,0,0,0,0,0,,,0,0,0,0,0,0,0,0,0,0,0,0,,,,0,0,0,2,2,0,0,1,0,0,0,0,0,5,0,51,189,0,1,1,1,1,1,5,0,164
2011,14,TEN,REG,2011_14_NO_TEN,NO,18,36,326,1,0,2,-12,0,0,311,198,10,1.87570304543926,-9.92960706353188,0,12,6,5,3,17,59,1,0,0,5,-0.523700232151896,0,2,2,0,0,18,35,326,1,0,0,311,198,10,6.3340762083056,0,12,6,5,3,0,57,0,18,0,0,0,2,14,3,0,0,3,0,0,0,0,0,0,0,0,0,0,0,0,0,0,8,54,4,0,0,0,0,0,4,34,5,121,1,1,0,0,43,1,0,0,0,1,0,0,0,0,0,0,0,0,43,,,43,0,0,2,2,0,0,1,0,0,0,0,0,5,0,52,226,1,0,0,1,1,3,18,0,188
2011,14,WAS,REG,2011_14_NE_WAS,NE,20,33,301,3,1,2,-8,1,1,311,78,13,9.96677487821906,2.64368802309036,0,10,7,6,2,34,170,0,1,0,9,-0.484082371986006,0,6,6,1,0,20,33,301,3,0,0,311,78,13,16.4814904161718,0,10,7,6,2,0,29,7,21,0,0,0,1,5,6,1,0,4,0,0,0,0,0,0,0,0,0,1,-1,0,0,0,8,73,3,1,1,0,2,1,0,0,6,117,2,2,0,0,25,1,0,2,0,0,0,0,0,0,0,0,0,0,24;25,,,49,0,0,3,3,0,0,1,0,0,0,0,0,3,0,45,112,1,0,0,0,1,2,18,0,94
2011,15,ARI,REG,2011_15_CLE_ARI,CLE,28,46,313,1,1,4,-24,0,0,439,102,16,-0.63911117018759,-1.93463952645012,0,13,6,5,0,24,74,1,0,0,5,-0.619645851664245,0,0,0,0,0,28,46,313,1,0,0,439,102,16,5.41917085700808,0,13,6,5,0,0,40,7,17,0,0,1,2,13,1,0,0,3,0,0,0,0,0,0,0,0,0,0,0,1,0,0,2,13,6,0,0,0,0,0,3,33,4,98,2,2,0,0,33,1,0,1,1,0,0,0,0,0,0,0,0,0,33;22,,,55,0,0,2,2,0,0,1,1,1,0,0,22,7,0,57,312,4,1,0,1,2,3,40,0,252
2011,15,ATL,REG,2011_15_JAX_ATL,JAX,24,32,280,3,0,1,-4,0,0,221,137,13,17.8177881606006,12.315936665982,0,11,7,4,0,35,97,1,0,0,6,-9.62992252944969,0,4,3,0,0,24,32,280,3,0,0,221,137,13,19.7623462155078,0,11,7,4,0,0,35,0,12,0,0,2,5,50,6,1,21,4,0,0,0,0,0,0,0,0,0,0,0,3,13,1,4,31,2,0,0,0,0,0,4,28,2,53,2,2,0,0,33,1,0,0,2,0,0,0,0,0,0,0,0,0,33;31,,,64,0,0,5,5,0,0,1,0,0,0,0,0,4,1,58,204,3,0,0,0,3,1,0,0,204
2011,15,BAL,REG,2011_15_BAL_SD,LAC,24,35,244,2,2,7,-43,0,0,215,130,12,-1.29763570769159,4.88242524010795,0,11,4,3,0,14,89,0,0,0,6,4.44876107655,0,3,3,1,0,24,35,244,2,1,0,215,130,12,1.57531231297595,0,11,4,3,0,0,35,18,18,0,0,1,0,0,1,0,0,2,0,0,0,0,0,0,0,0,0,1,0,0,0,0,3,25,4,1,0,0,1,0,0,0,5,134,0,1,1,0,,0,0,0,0,0,0,0,0,0,1,0,0,0,,36,,0,36,0,2,2,0,0,1,0,0,0,0,0,2,0,57,112,1,1,0,1,0,0,0,0,92
2011,15,BUF,REG,2011_15_MIA_BUF,MIA,31,47,316,2,3,3,-25,0,0,359,175,14,-8.9245712674539,0.749032833474748,0,14,6,5,0,19,113,1,1,0,6,5.73642335925251,0,2,2,1,0,31,47,316,2,0,0,359,175,14,-4.36556149426284,0,14,6,5,0,0,39,12,22,0,0,3,2,23,2,0,0,6,0,1,0,0,0,0,0,0,0,2,-1,3,0,0,11,92,5,1,1,0,2,0,2,6,4,134,1,2,1,0,34,0.5,0,0,1,0,0,0,0,1,0,0,0,0,34,26,,34,26,0,2,2,0,0,1,0,0,0,0,0,8,0,62,384,2,0,0,0,2,6,101,0,283
2011,15,CAR,REG,2011_15_CAR_HOU,HOU,14,24,160,2,0,2,-10,0,0,221,91,8,3.54820835619466,-3.73479562501113,0,6,5,3,0,34,166,2,0,0,11,6.32846351654735,0,5,4,1,0,14,24,160,2,0,0,221,91,8,5.5683172090794,0,6,5,3,0,0,42,9,11,0,0,1,2,4,2,2,26,4,0,0,0,0,0,0,0,0,0,0,0,1,0,0,7,40,2,0,0,0,0,0,1,1,1,21,0,0,0,0,,,0,0,0,0,0,0,0,0,0,0,0,0,,,,0,0,0,4,4,0,0,1,0,0,0,0,0,5,0,54,252,1,0,0,0,0,5,63,0,189
2011,15,CHI,REG,2011_15_SEA_CHI,SEA,11,25,123,1,4,4,-34,0,0,207,42,6,-22.2974569412472,-13.6576982943908,0,6,3,2,0,31,132,0,0,0,7,-2.39818197922432,0,2,2,0,0,11,23,123,1,1,1,207,42,6,-21.4173570508719,0,6,3,2,0,0,49,0,14,0,0,1,1,1,2,0,0,0,0,0,0,0,0,0,0,0,0,0,0,1,0,1,5,45,4,1,0,0,1,1,1,7,5,81,0,0,0,0,,,0,0,0,0,0,0,0,0,0,0,0,0,,,,0,0,0,2,2,0,0,1,0,0,0,0,0,6,0,49,238,1,1,2,0,1,2,44,0,194
2011,15,CIN,REG,2011_15_CIN_STL,LA,15,26,179,0,1,1,-6,0,0,163,96,7,0.0551101964002854,-9.93597117754129,0,6,2,2,1,34,110,2,3,0,7,-3.5173793371314,0,5,2,0,0,15,26,179,0,0,0,163,96,7,1.29844811587021,0,6,2,2,1,0,55,0,4,0,0,1,3,19,10,0,0,3,0,0,0,0,0,0,0,0,0,3,0,0,0,0,11,101,2,3,0,0,3,0,2,71,4,101,2,2,0,0,41,1,0,1,0,1,0,0,0,0,0,0,0,0,21;41,,,62,0,0,2,2,0,0,1,0,0,0,0,0,5,0,43,169,0,0,1,0,4,0,0,0,169
2011,15,CLE,REG,2011_15_CLE_ARI,ARI,18,31,226,1,0,2,-13,1,1,254,104,7,-0.486236556718724,-7.17454802605414,0,5,3,3,1,29,120,1,0,0,9,4.25437467440497,0,3,3,0,0,18,31,226,1,0,0,254,104,7,5.02826099080812,0,5,3,3,1,0,53,4,12,0,0,0,4,24,7,1,5,6,0,0,0,0,0,0,0,0,0,0,0,0,0,0,9,74,2,1,0,0,1,1,3,40,3,83,1,1,0,0,44,1,0,0,0,1,0,0,0,0,0,0,0,0,44,,,44,0,0,2,2,0,0,1,0,0,0,0,0,7,0,55,278,3,2,1,0,1,3,33,0,245
2011,15,DAL,REG,2011_15_DAL_TB,TB,23,30,249,3,0,2,-10,1,1,178,108,16,16.8420463608471,15.3496499856313,0,10,5,2,0,37,160,1,0,0,10,-3.80202780256514,0,4,3,1,0,23,30,249,3,1,0,178,108,16,23.5635446732757,0,10,5,2,0,0,31,3,3,0,0,1,3,16,5,0,0,1,0,0,0,0,0,0,0,0,0,0,0,1,0,0,2,15,3,2,0,1,2,1,4,15,0,0,1,1,0,0,30,1,0,0,1,0,0,0,0,0,0,0,0,0,30,,,30,0,0,4,4,0,0,1,0,0,0,0,0,3,0,46,123,0,0,0,2,0,1,-2,0,85
2011,15,DEN,REG,2011_15_NE_DEN,NE,11,23,194,0,0,4,-53,0,0,304,67,9,-0.86496246146271,-9.29200649261475,0,8,5,4,0,31,252,3,2,2,13,3.35668972299493,0,9,7,4,0,11,23,194,0,0,0,304,67,9,7.48562057514209,0,8,5,4,0,0,51,2,16,0,0,0,2,10,3,0,0,1,0,1,0,0,0,0,0,0,0,1,0,0,0,0,7,39,3,2,2,0,4,3,2,4,4,71,1,1,0,0,26,1,0,1,0,0,0,0,0,0,0,0,0,0,26,,,26,0,0,2,2,0,0,1,0,0,0,0,0,3,0,60,165,1,0,0,0,0,3,23,0,142
2011,15,DET,REG,2011_15_DET_OAK,LV,29,52,391,4,0,2,-16,1,1,564,124,18,10.8032972128131,-1.80167783709133,0,12,10,6,2,19,57,0,0,0,3,-4.60247147042537,0,1,1,0,0,29,51,391,4,0,0,564,124,18,19.2499531356152,0,12,10,6,2,0,54,0,14,0,0,1,3,22,3,0,0,0,0,0,0,0,0,1,0,0,0,0,0,1,0,0,9,72,5,1,0,0,1,1,3,33,2,35,0,0,0,0,,,0,0,0,0,0,0,0,0,0,0,0,0,,,,0,0,0,4,4,0,0,1,0,0,0,0,0,6,0,52,257,2,0,4,0,0,2,17,0,240
2011,15,GB,REG,2011_15_GB_KC,KC,17,35,235,1,0,4,-22,1,0,427,97,10,0.0917785714264028,-5.24474766218301,0,9,6,4,1,18,102,1,0,0,5,3.2820245292387,0,3,3,0,0,17,33,235,1,0,0,427,97,10,5.18722060025903,0,9,6,4,1,0,55,0,10,0,0,0,0,0,1,0,0,3,0,0,0,0,0,0,0,0,0,2,0,0,0,0,5,37,5,2,0,0,2,0,1,0,3,68,0,1,1,0,,0,0,0,0,0,0,0,0,0,0,0,1,0,,54,,0,54,0,2,2,0,0,1,0,0,0,0,0,5,0,71,267,3,0,2,0,0,3,36,0,231
2011,15,HOU,REG,2011_15_CAR_HOU,CAR,19,30,212,0,2,2,-4,0,0,188,118,11,-6.37468107483568,-6.38585378726323,0,9,7,3,0,25,150,1,2,1,7,0.439112450520042,0,4,4,1,0,19,30,212,0,0,0,188,118,11,-4.49024992211474,0,9,7,3,0,0,35,12,18,0,0,0,2,10,3,0,0,3,0,0,0,0,0,0,0,0,0,1,-5,0,0,0,6,60,4,1,1,0,2,1,5,63,2,84,2,3,1,0,34,0.666666666666667,0,1,1,0,0,0,0,0,0,1,0,0,26;34,49,,60,49,0,1,1,0,0,1,0,0,0,0,0,2,0,36,59,1,1,0,0,0,1,1,0,58
2011,15,IND,REG,2011_15_TEN_IND,TEN,11,17,82,1,0,0,0,0,0,84,37,2,-2.02360717102174,-5.13327384696287,0,2,2,0,0,34,205,1,0,0,8,0.931609207662294,0,4,3,2,1,11,17,82,1,1,1,84,37,2,-6.65599645668162,0,2,2,0,0,0,39,0,44,0,0,1,1,9,3,2,32,5,1,0,0,0,0,0,0,0,0,0,0,1,-1,0,4,25,0,1,0,0,1,1,6,14,0,0,2,2,0,0,47,1,0,0,0,2,0,0,0,0,0,0,0,0,47;40,,,87,0,0,3,3,0,0,1,0,0,0,0,0,7,0,60,321,1,1,0,0,1,5,40,0,281
2011,15,JAX,REG,2011_15_JAX_ATL,ATL,12,22,141,1,1,5,-50,2,2,223,58,8,-21.4444783489453,-6.58388882875443,0,7,5,3,0,19,116,0,0,0,4,-0.02196866995655,0,3,1,1,1,12,22,141,1,0,0,223,58,8,-2.36599831772037,0,7,5,3,0,1,44,1,37,0,0,0,1,4,4,0,0,2,0,1,0,1,0,0,0,0,46,0,0,0,0,0,5,40,1,2,1,0,3,3,1,0,6,143,0,0,0,0,,,0,0,0,0,0,0,0,0,0,0,0,0,,,,0,0,0,2,2,0,0,1,0,0,0,0,0,7,0,51,304,1,0,1,0,2,4,28,0,276
2011,15,KC,REG,2011_15_GB_KC,GB,23,31,299,0,0,0,0,0,0,243,171,18,14.3992147160414,13.1661156492849,0,14,6,3,0,39,139,1,0,0,5,-7.59778638655553,0,2,2,1,0,23,31,299,0,0,0,243,171,18,14.3992147160414,0,14,6,3,0,0,39,0,6,0,0,2,4,22,6,0,0,5,0,0,0,0,0,0,0,0,0,0,0,0,0,0,7,55,5,0,0,0,0,0,3,36,1,22,4,4,0,0,46,1,1,1,1,1,0,0,0,0,0,0,0,0,19;32;46;20,,,117,0,0,1,1,0,0,1,0,0,0,0,0,2,0,54,99,0,0,0,0,1,1,0,0,99
2011,15,LA,REG,2011_15_CIN_STL,CIN,25,36,229,1,0,3,-19,1,0,277,103,13,-2.36720239589798,4.99023012816906,0,10,3,2,0,24,95,0,0,0,2,-6.71162156373362,0,2,2,0,0,25,36,229,1,0,0,277,103,13,4.14444909363643,0,10,3,2,0,0,48,1,11,0,0,3,1,6,1,1,30,5,0,0,0,0,0,0,0,0,0,1,0,0,0,0,9,99,5,1,0,0,1,0,0,0,4,83,2,3,1,0,43,0.666666666666667,0,1,0,1,0,0,0,0,0,1,0,0,26;43,45,,69,45,0,1,1,0,0,1,0,0,0,0,0,7,0,57,300,3,1,0,1,3,2,71,0,209
2011,15,LAC,REG,2011_15_BAL_SD,BAL,17,23,270,1,0,0,0,0,0,243,100,14,22.5150615376877,16.451563753865,0,13,6,4,1,37,145,3,1,0,8,-2.99224613455703,0,3,3,2,0,17,22,270,1,0,0,243,100,14,23.1125929879015,0,13,6,4,1,0,30,19,19,0,0,1,7,43,7,2,45,4,0,0,0,0,0,0,0,0,0,1,0,0,0,0,3,35,3,1,0,0,1,0,0,0,0,0,2,3,1,0,45,0.666666666666667,0,1,0,1,0,0,0,0,1,0,0,0,45;28,37,,73,37,0,4,4,0,0,1,0,0,0,0,0,0,0,,0,0,0,0,0,0,0,0,0,0
2011,15,LV,REG,2011_15_DET_OAK,DET,32,40,367,1,0,3,-22,0,0,269,209,15,10.3338965739032,17.1803345021449,0,17,7,4,1,22,132,1,0,0,7,2.83266753642039,0,5,5,1,0,32,38,367,1,1,1,269,209,15,8.00885011893944,0,17,7,4,1,0,48,0,8,0,0,1,2,16,5,0,0,5,0,0,0,0,0,0,0,0,0,0,0,1,6,1,10,86,6,1,0,0,1,1,2,17,5,84,2,3,0,1,51,0.666666666666667,0,0,0,1,1,0,0,0,0,0,0,0,46;51,,65,97,0,65,3,3,0,0,1,0,1,0,1,65,5,0,55,235,3,0,1,0,1,3,33,0,202
2011,15,MIA,REG,2011_15_MIA_BUF,BUF,10,20,217,2,0,2,-23,1,1,278,54,6,5.6849859846409,-0.730361342430115,0,6,5,5,1,38,254,1,1,1,8,-0.253715331446261,0,6,5,3,1,10,20,217,2,1,1,278,54,6,6.09983008808946,0,6,5,5,1,0,45,10,16,0,0,1,3,25,8,3,8,9,0,0,0,0,0,0,0,0,0,0,0,0,0,0,5,62,3,3,0,0,3,3,6,101,3,53,3,3,0,0,26,1,0,3,0,0,0,0,0,0,0,0,0,0,20;26;26,,,72,0,0,3,3,0,0,1,0,0,0,0,0,6,0,56,278,2,0,1,2,1,2,6,0,232
2011,15,MIN,REG,2011_15_NO_MIN,NO,14,32,120,2,1,4,-18,0,0,309,66,7,-7.57077424532054,-17.1203737778048,0,6,1,0,0,18,105,0,0,0,4,-1.68701209378196,0,3,3,1,0,14,31,120,2,0,0,309,66,7,-2.86910055658244,0,6,1,0,0,0,50,0,36,0,0,1,0,0,2,0,0,2,0,0,0,0,0,0,0,0,0,0,0,2,35,0,8,84,4,0,0,0,0,0,0,0,1,28,2,2,0,0,49,1,0,0,0,2,0,0,0,0,0,0,0,0,44;49,,,93,0,0,2,2,0,0,1,0,0,0,0,0,7,0,59,337,3,1,1,0,2,3,45,0,292
2011,15,NE,REG,2011_15_NE_DEN,DEN,23,34,320,2,0,2,-10,0,0,232,201,15,17.7671461307379,7.31584565206008,0,13,8,6,1,36,141,3,1,0,8,1.24983306720969,0,3,2,1,0,23,33,320,2,0,0,232,201,15,21.6047754336084,0,13,8,6,1,0,41,1,11,0,0,2,4,53,4,0,0,1,0,0,0,0,0,0,0,0,0,1,-5,3,1,0,4,30,4,0,1,0,1,0,3,23,0,0,2,2,0,0,34,1,0,1,1,0,0,0,0,0,0,0,0,0,21;34,,,55,0,0,5,5,0,0,1,0,0,0,0,0,4,0,43,162,3,0,1,0,1,2,4,0,158
2011,15,NO,REG,2011_15_NO_MIN,MIN,32,41,412,5,0,0,0,0,0,345,239,23,33.3143716312189,12.7301581749102,0,18,11,5,1,38,161,1,1,1,9,-6.24440515553579,0,4,2,0,0,32,41,412,5,1,1,345,239,23,26.7193515333057,0,18,11,5,1,0,32,0,6,0,0,0,4,18,7,1,0,5,0,0,0,0,0,0,0,0,0,0,-15,0,0,0,6,65,4,1,1,0,2,2,3,45,4,90,0,1,1,0,,0,0,0,0,0,0,0,0,0,0,0,1,0,,50,,0,50,0,6,6,0,0,1,0,0,0,0,0,1,0,51,51,0,0,0,0,1,0,0,0,51
2011,15,NYG,REG,2011_15_WAS_NYG,WAS,23,40,257,0,3,3,-24,0,0,421,126,15,-17.0810426507014,-3.8874040171504,0,14,4,2,0,18,91,1,1,0,6,4.86522057745606,0,3,2,0,0,23,40,257,0,0,0,421,126,15,-11.050635394548,0,14,4,2,0,0,38,22,22,0,0,1,1,8,8,2,0,4,0,0,0,0,0,0,0,0,0,1,0,0,0,0,8,75,6,1,0,0,1,0,0,0,4,104,1,2,1,0,40,0.5,0,0,0,1,0,0,0,0,0,1,0,0,40,44,,40,44,0,1,1,0,0,1,0,0,0,0,0,4,0,54,196,1,2,0,1,0,1,-2,0,178
2011,15,NYJ,REG,2011_15_NYJ_PHI,PHI,16,29,177,2,2,4,-30,0,0,258,90,8,-12.1254200105285,-4.07298947202748,0,6,4,4,1,27,94,0,1,1,2,-6.83245467871893,0,2,2,0,0,16,29,177,2,1,1,258,90,8,-13.3369691992374,0,6,4,4,1,0,51,0,2,0,0,3,3,14,6,1,0,1,0,0,0,0,0,0,0,0,0,0,0,3,33,0,11,93,1,2,0,0,2,2,2,16,6,174,2,2,0,0,39,1,0,1,1,0,0,0,0,0,0,0,0,0,39;28,,,67,0,0,1,1,0,0,1,0,0,0,0,0,6,0,55,242,2,0,0,0,3,3,15,0,227
2011,15,PHI,REG,2011_15_NYJ_PHI,NYJ,15,22,274,1,1,3,-14,1,0,233,121,10,7.92905376251167,19.1663935780525,0,11,9,4,1,33,160,4,2,1,9,2.6436074601952,0,5,2,1,0,15,20,274,1,0,0,233,121,10,11.4000542082273,0,11,9,4,1,0,52,0,6,0,0,2,4,30,4,2,20,6,0,1,0,0,0,0,0,0,0,2,-2,2,51,1,7,62,4,3,2,0,5,3,3,15,4,68,1,1,0,0,28,1,0,1,0,0,0,0,0,0,0,0,0,0,28,,,28,0,0,6,6,0,0,1,0,0,0,0,0,4,0,45,136,2,0,1,0,1,2,16,0,120
2011,15,PIT,REG,2011_15_PIT_SF,SF,25,44,330,0,3,3,-25,1,1,441,172,15,-8.43967759035728,-2.22305015406825,0,11,8,7,0,19,84,0,1,0,4,-0.55074496078305,0,4,1,1,0,25,44,330,0,0,0,441,172,15,-0.628692695200122,0,11,8,7,0,0,44,4,4,0,0,0,0,0,1,0,0,4,0,0,0,0,0,0,0,0,0,1,-10,0,0,0,9,72,5,1,1,0,2,1,2,-10,3,85,1,2,1,0,51,0.5,0,0,0,0,1,0,0,0,0,1,0,0,51,48,,51,48,0,0,0,0,0,,0,0,0,0,0,4,0,42,154,1,0,1,0,3,0,0,0,154
2011,15,SEA,REG,2011_15_SEA_CHI,CHI,19,31,227,1,0,1,-1,1,1,259,99,11,3.98822115508353,2.90824871870779,0,10,4,4,1,33,60,2,0,0,5,-12.3877584234579,0,2,2,0,0,19,31,227,1,0,0,259,99,11,8.29270779557971,0,10,4,4,1,0,46,0,10,0,0,1,4,34,5,4,78,9,2,0,0,0,0,0,0,0,0,1,-4,1,0,0,6,36,1,1,1,0,2,1,2,44,1,16,1,1,0,0,33,1,0,0,1,0,0,0,0,0,0,0,0,0,33,,,33,0,0,5,5,0,0,1,0,0,0,0,0,5,0,47,201,2,0,3,0,1,1,7,0,194
2011,15,SF,REG,2011_15_PIT_SF,PIT,18,31,187,1,0,0,0,0,0,204,87,9,4.60455976924964,-5.38080925903013,0,6,3,3,0,30,100,1,0,0,7,-5.80928684753599,0,3,3,0,0,18,31,187,1,0,0,204,87,9,4.60455976924964,0,6,3,3,0,0,46,5,7,0,0,1,3,25,8,3,52,9,0,0,0,0,0,0,0,0,0,0,0,1,0,0,7,49,4,0,0,0,0,0,0,0,2,30,2,2,0,0,38,1,0,1,1,0,0,0,0,0,0,0,0,0,22;38,,,60,0,0,2,2,0,0,1,0,0,0,0,0,6,0,62,285,4,0,2,0,2,2,-10,0,295
2011,15,TB,REG,2011_15_DAL_TB,DAL,17,27,148,1,0,3,-16,0,0,164,84,6,-3.97132198869064,-2.16011625749094,1,6,2,0,0,13,58,0,1,1,1,-5.20874784782063,0,1,1,1,0,17,27,148,1,0,0,164,84,6,-0.216377095624805,1,6,2,0,0,0,50,10,10,0,0,2,2,10,5,0,0,1,0,0,0,0,0,0,0,0,0,0,0,1,7,1,6,46,5,1,0,0,1,1,1,-2,4,70,0,0,0,0,,,0,0,0,0,0,0,0,0,0,0,0,0,,,,0,0,0,1,1,0,0,1,0,0,0,0,0,4,0,59,204,1,0,0,0,0,4,15,0,189
2011,15,TEN,REG,2011_15_TEN_IND,IND,38,56,331,1,2,1,-9,0,0,228,201,18,-11.2903800891194,-1.3993218008961,0,12,4,2,0,19,66,0,0,0,2,-3.15514503969462,0,1,1,1,0,38,56,331,1,1,1,228,201,18,-14.7494647982943,0,12,4,2,0,0,33,0,24,0,0,1,0,0,1,0,0,1,0,0,0,0,0,0,0,0,0,0,0,1,0,0,7,70,4,1,0,0,1,1,5,40,1,0,2,2,0,0,53,1,0,1,0,0,1,0,0,0,0,0,0,0,53;21,,,74,0,0,1,1,0,0,1,0,0,0,0,0,7,0,58,329,3,0,0,0,1,6,14,0,315
2011,15,WAS,REG,2011_15_WAS_NYG,NYG,15,24,185,1,2,1,-8,0,0,356,51,9,8.45476238675863,14.5051612208287,0,9,7,2,0,40,123,1,0,0,8,-0.943752316351087,0,1,1,0,0,15,24,185,1,0,0,356,51,9,10.1675250496667,0,9,7,2,0,0,29,21,21,0,0,1,3,24,4,3,52,12,0,1,0,0,0,0,0,0,0,1,0,0,0,0,2,48,2,1,0,0,1,0,1,-2,2,27,3,3,0,0,43,1,0,1,1,1,0,0,0,0,0,0,0,0,36;43;25,,,104,0,0,2,2,0,0,1,0,0,0,0,0,2,0,49,66,0,0,2,0,0,0,0,0,66
2011,16,ARI,REG,2011_16_ARI_CIN,CIN,23,44,297,2,3,5,-40,0,0,446,113,12,-12.7499144600045,-5.66107589145039,0,13,7,6,0,18,59,0,1,0,4,-1.55036484538857,0,0,0,0,0,23,43,297,2,0,0,446,113,12,-4.36932010972329,0,13,7,6,0,0,45,1,25,0,0,2,2,18,7,0,0,8,0,0,0,0,0,0,0,0,0,1,-10,2,1,0,6,87,3,0,1,0,1,0,2,-3,4,69,1,1,0,0,29,1,0,1,0,0,0,0,0,0,0,0,0,0,29,,,29,0,0,1,1,0,0,1,0,0,0,0,0,6,0,46,230,2,1,1,0,2,2,6,0,224
2011,16,ATL,REG,2011_16_ATL_NO,NO,40,61,434,1,0,0,0,0,0,492,150,21,7.02800891513312,4.44612610956718,0,17,9,5,1,14,35,0,0,0,1,-1.6885367615032,0,0,0,0,0,40,58,434,1,1,1,492,150,21,2.56818784773192,0,17,9,5,1,0,35,0,22,0,0,0,1,8,2,2,14,10,0,0,0,0,0,0,0,0,0,0,0,0,0,0,7,57,4,1,0,0,1,1,0,0,1,27,3,3,0,0,51,1,0,0,2,0,1,0,0,0,0,0,0,0,34;51;30,,,115,0,0,1,1,0,0,1,0,0,0,0,0,3,0,56,150,1,0,1,1,1,0,0,0,130
2011,16,BAL,REG,2011_16_CLE_BAL,CLE,11,24,132,2,1,1,-10,0,0,221,102,6,-2.67039959264414,-13.5495086510976,0,3,3,2,1,37,162,0,0,0,7,-0.97212506327196,0,4,2,1,0,11,24,132,2,0,0,221,102,6,-1.07205525288785,0,3,3,2,1,0,34,16,16,0,0,0,2,8,3,1,4,6,0,1,0,0,0,0,0,0,0,1,0,0,0,0,5,51,1,0,1,0,1,0,2,0,2,54,2,2,0,0,48,1,0,0,0,2,0,0,0,0,0,0,0,0,48;43,,,91,0,0,2,2,0,0,1,0,0,0,0,0,5,0,53,223,0,3,0,0,1,1,84,1,139
2011,16,BUF,REG,2011_16_DEN_BUF,DEN,15,27,196,0,0,1,-5,0,0,130,139,6,-3.49145947740649,-8.91468381440198,0,7,5,3,1,28,160,1,0,0,7,4.12979089422151,0,7,4,3,0,15,27,196,0,0,0,130,139,6,-1.38047158515277,0,7,5,3,1,1,36,18,22,0,0,2,4,33,7,3,52,6,1,0,0,0,0,0,0,0,0,0,0,1,17,1,8,69,2,0,0,0,0,0,3,135,3,101,4,6,2,0,29,0.666666666666667,0,4,0,0,0,0,0,0,1,1,0,0,28;25;25;29,45;31,,107,76,0,4,4,0,0,1,0,0,0,0,0,4,0,58,201,2,1,0,1,1,1,3,0,178
2011,16,CAR,REG,2011_16_TB_CAR,TB,12,17,171,3,0,1,-8,0,0,65,138,6,10.8309890290651,0.156934997614692,0,3,1,1,1,31,270,3,0,0,12,12.8919549626298,0,8,8,5,1,12,17,171,3,0,0,65,138,6,12.5614567350525,0,3,1,1,1,0,46,3,9,0,0,2,3,16,6,1,20,3,0,0,0,0,0,0,0,0,0,0,0,3,0,0,8,77,2,0,0,0,0,0,1,1,1,17,2,2,0,0,21,1,1,1,0,0,0,0,0,0,0,0,0,0,21;19,,,40,0,0,6,6,0,0,1,0,0,0,0,0,2,0,52,93,1,0,1,0,0,1,9,0,84
2011,16,CHI,REG,2011_16_CHI_GB,GB,19,28,242,1,2,0,0,0,0,255,92,13,9.17886767199641,7.59608575275966,0,11,7,3,1,42,199,0,1,0,11,6.33812100968389,1,4,3,1,0,19,28,242,1,1,0,255,92,13,9.17886767199641,0,11,7,3,1,0,33,1,15,0,0,1,1,1,2,0,0,1,0,0,0,0,0,0,0,0,0,2,0,0,0,1,6,28,4,2,0,0,2,0,2,7,5,117,2,3,1,0,35,0.666666666666667,0,0,2,0,0,0,0,0,0,1,0,0,35;30,49,,65,49,0,1,1,0,0,1,0,0,0,0,0,2,0,56,98,0,0,0,0,1,1,8,0,90
2011,16,CIN,REG,2011_16_ARI_CIN,ARI,18,31,154,2,0,2,-18,0,0,231,47,8,-2.44837924118898,4.97828876150066,0,7,2,0,0,34,165,0,2,2,8,-6.28590936421898,0,3,3,1,0,18,29,154,2,0,0,231,47,8,1.31999260492311,0,7,2,0,0,0,36,3,29,0,0,0,5,40,10,3,17,10,0,0,0,0,0,0,0,0,0,0,0,0,0,0,6,47,3,2,0,0,2,2,2,6,2,40,3,5,2,0,41,0.6,0,1,1,1,0,0,0,0,1,1,0,0,24;41;32,35;48,,97,83,0,2,2,0,0,1,0,0,0,0,0,5,0,51,215,1,1,0,1,1,2,-3,0,198
2011,16,CLE,REG,2011_16_CLE_BAL,BAL,19,33,147,1,1,2,-8,0,0,238,30,10,-7.20526059452095,-5.54645070523927,0,6,1,1,0,25,117,0,0,0,6,-3.34808337865979,0,4,3,0,0,19,33,147,1,0,0,238,30,10,-4.38475011513219,0,6,1,1,0,1,36,10,12,0,0,0,1,10,2,1,0,4,0,0,0,0,0,0,0,0,0,0,0,0,0,0,6,95,6,0,0,0,0,0,1,84,5,113,0,0,0,0,,,0,0,0,0,0,0,0,0,0,0,0,0,,,,0,0,0,2,2,0,0,1,0,0,0,0,0,6,0,51,251,3,0,1,0,3,2,0,0,251
2011,16,DAL,REG,2011_16_PHI_DAL,PHI,24,40,182,1,0,3,-25,0,0,236,87,11,-7.08526789455209,-1.72831237316132,0,10,2,0,0,23,81,0,0,0,5,-4.21837105473969,0,2,1,0,0,24,40,182,1,0,0,236,87,11,-1.58459500677418,0,10,2,0,0,0,34,5,11,0,0,0,2,12,7,0,0,2,0,0,0,0,0,0,0,0,0,0,0,0,0,0,6,47,1,0,0,0,0,0,4,18,3,95,0,0,0,0,,,0,0,0,0,0,0,0,0,0,0,0,0,,,,0,0,0,1,1,0,0,1,0,0,0,0,0,9,0,50,343,5,0,1,1,5,2,20,0,303
2011,16,DEN,REG,2011_16_DEN_BUF,BUF,13,29,185,1,3,4,-33,2,1,416,55,8,-24.425631742517,-7.63793305626937,0,7,4,2,1,35,133,1,0,0,7,3.84470408625202,0,2,2,1,0,13,28,185,1,0,0,416,55,8,-12.355451818672,0,7,4,2,1,0,41,6,8,0,0,0,1,5,2,0,0,6,0,0,0,0,0,0,0,0,0,1,0,0,0,0,7,58,3,2,0,0,2,1,1,3,9,165,0,0,0,0,,,0,0,0,0,0,0,0,0,0,0,0,0,,,,0,0,0,2,2,0,0,1,0,0,0,0,0,7,0,50,306,1,0,1,0,3,3,135,1,171
2011,16,DET,REG,2011_16_SD_DET,LAC,29,36,373,3,0,3,-20,0,0,357,119,19,24.1307643982181,16.5467707647218,0,16,8,6,1,23,87,1,0,0,5,-1.13546864601085,0,2,1,1,0,29,36,373,3,0,0,357,119,19,28.5879199490481,0,16,8,6,1,0,41,0,12,0,0,0,0,0,4,2,47,7,1,1,0,0,0,0,0,0,0,1,0,0,0,0,3,8,5,0,1,0,1,0,2,7,1,29,1,1,0,0,50,1,0,0,0,0,1,0,0,0,0,0,0,0,50,,,50,0,0,5,5,0,0,1,0,0,0,0,0,3,0,47,124,1,0,2,0,0,1,17,0,107
2011,16,GB,REG,2011_16_CHI_GB,CHI,21,29,283,5,0,1,-1,0,0,252,123,15,19.7550436405581,12.1142972132255,0,10,8,4,1,21,81,0,1,0,3,-2.79879161325516,0,2,2,1,0,21,29,283,5,0,0,252,123,15,21.5325912015396,0,10,8,4,1,0,45,12,26,0,0,2,0,0,2,2,23,5,0,0,0,0,0,0,0,0,0,1,0,0,0,0,0,0,2,1,0,0,1,0,1,8,1,34,0,0,0,0,,,0,0,0,0,0,0,0,0,0,0,0,0,,,,0,0,0,5,5,0,0,1,0,0,0,0,0,4,0,51,176,3,0,2,0,0,2,7,0,169
2011,16,HOU,REG,2011_16_HOU_IND,IND,13,16,132,0,0,4,-20,1,1,122,67,6,-6.88620359791137,11.3653548061848,0,6,4,1,0,31,171,1,1,0,7,0.302312097321304,0,5,5,2,0,13,16,132,0,0,0,122,67,6,3.32504088125964,0,6,4,1,0,0,46,0,24,0,0,2,3,19,6,0,0,7,0,0,0,0,0,0,0,0,0,1,0,1,0,0,11,84,2,2,0,0,2,1,3,16,1,33,3,3,0,0,44,1,0,0,2,1,0,0,0,0,0,0,0,0,44;35;31,,,110,0,0,1,1,0,0,1,0,0,0,0,0,6,0,50,253,1,0,0,1,4,1,20,0,213
2011,16,IND,REG,2011_16_HOU_IND,HOU,23,41,244,1,0,3,-19,1,1,403,61,16,-1.24425303028253,-0.886869877576828,0,13,6,2,0,32,95,0,1,0,2,-9.94108637701797,0,2,1,0,0,23,40,244,1,0,0,403,61,16,6.11947017220958,0,13,6,2,0,0,46,0,12,0,0,2,4,20,3,0,0,0,0,0,0,0,0,0,0,0,0,1,0,1,0,0,4,35,6,2,0,0,2,1,1,20,1,17,4,5,1,0,47,0.8,0,1,2,1,0,0,0,0,0,1,0,0,23;32;47;31,42,,133,42,0,1,1,0,0,1,0,0,0,0,0,5,0,53,209,2,1,0,0,1,3,16,0,193
2011,16,JAX,REG,2011_16_JAX_TEN,TEN,21,42,198,0,1,1,-11,0,0,331,75,12,-4.32869980745695,-11.4210844749496,0,11,4,3,0,28,113,2,0,0,6,-1.7291136609274,0,4,2,1,0,21,42,198,0,0,0,331,75,12,-2.0217230304212,0,11,4,3,0,0,44,0,20,0,0,1,1,8,3,2,27,6,0,0,0,0,0,0,0,0,0,0,0,1,0,0,6,28,5,0,0,0,0,0,1,5,5,97,1,1,0,0,39,1,0,0,1,0,0,0,0,0,0,0,0,0,39,,,39,0,0,2,2,0,0,1,0,0,0,0,0,9,0,51,406,1,0,0,1,2,6,44,0,342
2011,16,KC,REG,2011_16_OAK_KC,LV,21,36,300,1,2,0,0,0,0,275,146,14,0.315146552260916,-3.74699226684041,0,13,5,3,2,30,135,0,0,0,7,-3.78720124612826,0,2,1,1,0,21,36,300,1,0,0,275,146,14,0.315146552260916,0,13,5,3,2,0,46,0,2,0,0,0,0,0,3,2,22,7,0,0,0,0,0,0,0,0,0,0,0,0,0,0,11,88,5,0,0,0,0,0,1,19,1,25,2,4,0,2,23,0.5,0,2,0,0,0,0,0,0,0,0,0,0,23;20,,49;49,43,0,98,1,1,0,0,1,0,0,0,0,0,3,0,54,146,1,0,1,0,0,2,1,0,145
2011,16,LA,REG,2011_16_STL_PIT,PIT,9,24,91,0,0,3,-23,0,0,238,28,4,-11.3197783910437,-23.1274142861366,0,3,2,0,0,36,164,0,0,0,9,0.537547667327695,0,4,4,1,0,9,24,91,0,0,0,238,28,4,-7.1670764850569,0,3,2,0,0,0,23,8,30,0,0,0,0,0,1,1,7,4,0,0,0,0,0,0,0,0,0,1,0,0,0,0,4,21,2,0,1,0,1,0,3,31,3,72,0,2,2,0,,0,0,0,0,0,0,0,0,0,1,0,1,0,,52;33,,0,85,0,0,0,0,0,,0,0,0,0,0,7,0,51,281,1,0,2,0,4,1,5,0,276
2011,16,LAC,REG,2011_16_SD_DET,DET,28,53,299,1,2,0,0,0,0,491,124,14,-6.50747742310915,-9.377059059323,0,9,7,4,0,17,68,0,0,0,6,-2.90773116092896,0,2,0,0,0,28,53,299,1,0,0,491,124,14,-6.50747742310915,0,9,7,4,0,0,46,0,16,0,0,0,3,20,3,0,0,3,0,0,0,0,0,0,0,0,0,0,0,0,0,0,1,10,3,0,0,0,0,0,1,17,3,69,1,1,0,0,22,1,0,1,0,0,0,0,0,0,0,0,0,0,22,,,22,0,0,1,1,0,0,1,0,0,0,0,0,4,0,47,166,3,0,0,0,2,2,7,0,159
2011,16,LV,REG,2011_16_OAK_KC,KC,16,26,237,1,2,0,0,0,0,262,81,10,5.46020433622291,1.81388723162504,0,7,4,3,2,25,71,0,0,0,1,-8.61721062355426,0,1,0,0,0,16,26,237,1,0,0,262,81,10,5.46020433622291,0,7,4,3,2,0,49,0,6,0,0,0,0,0,4,2,65,4,0,0,0,0,0,2,0,0,19,0,0,0,0,0,15,92,4,0,0,0,0,0,2,1,3,149,3,4,1,0,36,0.75,0,1,2,0,0,0,0,0,0,0,1,0,28;31;36,59,,95,59,0,1,1,0,0,1,1,1,0,0,36,4,0,76,217,2,0,1,1,1,1,19,0,178
2011,16,MIA,REG,2011_16_MIA_NE,NE,16,32,281,3,1,5,-28,1,0,444,79,13,9.70534107190002,-2.59179342538118,0,13,5,4,2,28,121,0,2,1,5,-4.81447404046776,0,4,2,0,0,16,32,281,3,0,0,444,79,13,16.4347700496056,0,13,5,4,2,0,47,1,35,0,0,0,4,23,8,0,0,4,0,1,0,0,0,0,0,0,0,3,-2,0,0,0,6,39,4,2,2,0,4,1,2,25,3,73,1,1,0,0,47,1,0,0,0,1,0,0,0,0,0,0,0,0,47,,,47,0,0,3,3,0,0,1,0,0,0,0,0,6,0,61,269,2,0,1,0,1,4,19,0,250
2011,16,MIN,REG,2011_16_MIN_WAS,WAS,12,18,152,2,0,2,-4,0,0,175,44,8,10.0535695972974,6.23133116298252,0,6,3,2,0,38,241,2,1,0,10,7.16897721305285,0,5,5,2,1,12,18,152,2,1,0,175,44,8,11.4508791799779,0,6,3,2,0,0,32,8,40,0,0,1,3,28,5,1,31,5,0,0,0,0,0,0,0,0,0,0,0,1,0,0,4,40,2,2,0,2,2,0,1,4,7,145,2,3,1,0,36,0.666666666666667,0,1,1,0,0,0,0,0,0,1,0,0,36;23,49,,59,49,0,3,4,1,0,0.75,0,0,0,0,0,3,0,49,133,1,0,0,0,0,3,14,0,119
2011,16,NE,REG,2011_16_MIA_NE,MIA,27,46,304,1,0,4,-23,0,0,288,144,16,1.99453298358463,-7.9862614688666,0,10,6,5,1,31,119,2,0,0,10,4.21031027281424,0,2,2,0,0,27,46,304,1,0,0,288,144,16,7.50467864073757,0,10,6,5,1,0,28,0,42,0,0,2,5,28,9,1,0,6,0,1,0,0,0,0,0,0,0,1,0,1,0,0,5,50,5,0,1,0,1,0,4,19,3,83,2,3,1,0,45,0.666666666666667,0,0,0,2,0,0,0,0,0,0,1,0,45;42,51,,87,51,0,3,3,0,0,1,0,0,0,0,0,6,0,65,314,4,1,1,0,2,2,25,0,289
2011,16,NO,REG,2011_16_ATL_NO,ATL,23,39,307,4,2,1,-8,0,0,431,99,17,14.0625054443771,0.470839676104094,0,14,5,4,1,23,164,1,0,0,7,3.78326844424009,0,5,4,1,0,23,38,307,4,0,0,431,99,17,15.8503608756981,0,14,5,4,1,0,38,0,30,0,0,1,0,0,7,0,0,9,0,0,0,0,0,0,0,0,0,0,0,1,30,1,4,46,4,0,0,0,0,0,0,0,4,147,1,1,0,0,29,1,0,1,0,0,0,0,0,0,0,0,0,0,29,,,29,0,0,6,6,0,0,1,0,0,0,0,0,2,0,59,104,0,1,0,0,1,0,0,0,104
2011,16,NYG,REG,2011_16_NYG_NYJ,NYJ,9,27,225,1,1,2,-8,0,0,300,141,5,-2.47582657790739,-23.0215960078769,0,6,4,4,1,26,115,2,0,0,4,0.471147031814326,0,4,4,1,0,9,27,225,1,0,0,300,141,5,0.0274457978830078,0,6,4,4,1,0,65,0,2,0,0,0,5,32,6,2,47,14,0,0,1,0,0,0,0,0,0,0,0,1,0,0,5,45,3,0,0,0,0,0,3,7,3,77,2,2,0,0,36,1,0,1,1,0,0,0,0,0,0,0,0,0,21;36,,,57,0,0,3,3,0,0,1,0,0,0,0,0,9,0,58,391,2,1,0,0,4,4,74,0,317
2011,16,NYJ,REG,2011_16_NYG_NYJ,NYG,30,59,258,1,2,5,-32,0,0,394,106,12,-16.1445111888104,-14.408055209277,0,9,0,0,0,25,105,1,1,1,7,-2.44199841859518,0,3,1,0,0,30,57,258,1,0,0,394,106,12,-7.7072240136913,0,9,0,0,0,0,32,0,14,0,0,0,2,8,4,1,20,10,0,0,0,0,0,0,0,0,0,0,0,0,0,0,10,95,5,0,1,0,1,1,4,74,5,110,0,1,1,0,,0,0,0,0,0,0,0,0,0,0,1,0,0,,44,,0,44,0,2,2,0,0,1,0,0,0,0,0,9,0,49,379,4,0,3,1,2,3,7,0,352
2011,16,PHI,REG,2011_16_PHI_DAL,DAL,18,32,293,2,0,2,-12,0,0,299,86,13,13.6331164308489,2.73885696098722,0,12,9,6,0,26,105,0,0,0,5,-2.11274364385525,0,4,1,0,0,18,29,293,2,1,1,299,86,13,13.6452451679346,0,12,9,6,0,0,48,3,7,0,0,0,3,25,11,0,0,4,0,0,0,0,0,0,0,0,0,0,0,0,0,0,5,47,5,0,1,1,1,1,2,20,1,3,2,2,0,0,51,1,0,0,0,1,1,0,0,0,0,0,0,0,43;51,,,94,0,0,2,2,0,0,1,0,0,0,0,0,6,0,56,256,0,0,0,1,1,4,18,0,218
2011,16,PIT,REG,2011_16_STL_PIT,LA,15,22,208,0,1,0,0,0,0,181,92,9,3.80854928352523,6.98344003070485,0,8,7,3,1,28,169,3,0,0,8,6.53037132779718,0,3,1,1,1,15,22,208,0,0,0,181,92,9,3.80854928352523,0,8,7,3,1,0,35,14,22,0,0,0,3,23,4,0,0,6,0,0,0,0,0,0,0,0,0,0,0,0,0,0,7,50,1,0,0,0,0,0,1,5,1,30,2,2,0,0,49,1,0,1,0,1,0,0,0,0,0,0,0,0,21;49,,,70,0,0,3,3,0,0,1,0,0,0,0,0,4,0,56,191,1,0,0,0,1,3,31,0,160
2011,16,SEA,REG,2011_16_SF_SEA,SF,15,28,163,1,0,4,-22,1,1,247,79,7,-4.88075802818639,-2.80536909898122,0,5,2,2,1,26,124,1,0,0,6,1.05596850494083,0,3,2,0,0,15,27,163,1,0,0,247,79,7,2.0738900990109,0,5,2,2,1,0,45,7,19,0,0,0,2,8,5,0,0,5,0,0,0,1,0,0,0,0,0,0,0,0,0,0,6,51,4,1,0,0,1,1,1,24,5,107,1,1,0,0,19,1,1,0,0,0,0,0,0,0,0,0,0,0,19,,,19,0,0,2,2,0,0,1,0,0,0,0,0,5,0,64,227,2,0,1,1,1,2,41,0,166
2011,16,SF,REG,2011_16_SF_SEA,SEA,14,26,179,0,0,2,-8,0,0,249,45,8,0.557633302881432,-3.76786406223591,0,8,5,2,1,40,178,1,1,0,10,3.96821651634128,0,6,4,1,0,14,26,179,0,0,0,249,45,8,3.18422339090578,0,8,5,2,1,0,31,7,29,0,0,1,4,22,9,0,0,2,0,0,0,0,0,0,0,0,0,1,0,1,0,0,6,77,6,0,1,0,1,0,2,41,3,86,4,5,1,0,53,0.8,0,1,1,1,1,0,0,0,0,0,1,0,53;29;44;39,52,,165,52,0,1,1,0,0,1,0,0,0,0,0,2,1,60,108,0,0,0,0,0,1,24,0,84
2011,16,TB,REG,2011_16_TB_CAR,CAR,28,38,274,1,1,3,-16,0,0,297,134,13,-0.893294513159497,8.77410259686018,0,12,3,2,0,19,59,1,1,1,6,-1.21299167757388,0,1,1,0,0,28,38,274,1,1,1,297,134,13,-1.293008869608,0,12,3,2,0,0,37,1,9,0,0,0,1,8,1,0,0,3,0,0,0,0,0,0,0,0,0,0,-9,0,0,0,7,64,0,2,1,0,3,3,1,9,5,101,1,1,0,0,42,1,0,0,0,1,0,0,0,0,0,0,0,0,42,,,42,0,0,1,1,0,0,1,0,0,0,0,0,1,0,59,59,0,0,0,0,0,1,1,0,58
2011,16,TEN,REG,2011_16_JAX_TEN,JAX,24,40,350,1,2,1,-8,0,0,495,93,14,-4.24860350997749,3.14532049000263,0,12,9,6,2,25,65,1,1,1,3,-7.88541959383292,0,1,1,0,0,24,40,350,1,0,0,495,93,14,-2.34250235418419,0,12,9,6,2,0,49,0,14,0,0,0,1,11,4,1,0,7,0,0,0,0,0,0,0,0,0,0,0,0,0,0,0,0,3,1,0,0,1,1,6,44,4,90,3,3,0,0,51,1,0,0,1,0,2,0,0,0,0,0,0,0,51;51;35,,,137,0,0,2,2,0,0,1,0,0,0,0,0,4,0,51,172,3,0,1,0,2,1,5,0,167
2011,16,WAS,REG,2011_16_MIN_WAS,MIN,26,41,284,2,1,3,-28,1,1,299,145,16,-2.45003235430234,-0.29081366956234,0,11,8,4,0,24,141,0,0,0,7,2.98148838832276,0,3,2,1,0,26,40,284,2,0,0,299,145,16,7.10741551223433,0,11,8,4,0,0,39,4,34,0,0,2,2,4,3,0,0,2,0,0,0,0,0,0,0,0,0,0,0,0,0,0,8,64,5,1,0,0,1,1,3,14,3,80,4,4,0,0,53,1,0,2,0,1,1,0,0,0,0,0,0,0,26;53;25;47,,,151,0,0,2,2,0,0,1,0,0,0,0,0,2,0,40,79,0,0,0,0,1,1,4,0,75
2011,17,ARI,REG,2011_17_SEA_ARI,SEA,22,40,271,1,1,2,-14,0,0,461,109,11,-6.0471956551293,-4.63747445493937,0,11,6,5,1,31,131,1,0,0,7,1.10651634633197,0,1,1,1,0,22,40,271,1,1,1,461,109,11,-10.4677940257344,0,11,6,5,1,0,60,4,6,0,0,1,4,31,6,1,49,5,0,0,0,0,0,1,0,0,0,0,0,0,0,0,9,76,3,1,0,0,1,1,4,63,3,84,3,3,0,0,43,1,0,1,0,2,0,0,0,0,0,0,0,0,41;43;28,,,112,0,0,2,2,0,0,1,1,1,0,0,28,7,0,56,324,2,0,1,0,1,5,42,0,282
2011,17,ATL,REG,2011_17_TB_ATL,TB,13,21,177,2,1,0,0,0,0,179,62,8,0.883155236311723,-2.91078927971068,0,6,5,2,1,38,251,3,1,1,13,3.8985693921885,0,7,7,2,1,13,21,177,2,0,0,179,62,8,0.883155236311723,0,6,5,2,1,0,32,0,32,0,0,2,2,15,5,3,49,6,1,0,0,0,0,0,0,0,0,0,0,1,0,0,3,20,2,1,0,0,1,1,1,9,0,0,1,1,0,0,20,1,0,1,0,0,0,0,0,0,0,0,0,0,20,,,20,0,0,6,6,0,0,1,0,0,0,0,0,2,0,58,101,0,0,0,0,0,2,15,0,86
2011,17,BAL,REG,2011_17_BAL_CIN,CIN,15,19,130,1,0,1,-4,0,0,163,75,5,3.62511656547253,17.7055460057761,0,3,2,2,0,32,221,2,0,0,7,7.86456235212972,0,4,3,2,2,15,19,130,1,0,0,163,75,5,5.0747223857074,0,3,2,2,0,0,37,0,30,0,0,1,1,1,2,0,0,13,0,0,0,0,0,0,0,0,0,0,0,1,0,0,7,59,5,0,0,0,0,0,1,11,2,22,1,1,0,0,42,1,0,0,0,1,0,0,0,0,0,0,0,0,42,,,42,0,0,3,3,0,0,1,0,0,0,0,0,7,0,63,327,0,1,1,1,0,4,45,0,262
2011,17,BUF,REG,2011_17_BUF_NE,NE,29,46,307,2,4,2,-11,0,0,398,120,16,-10.1970126094983,-0.0947233127511066,0,12,5,3,0,20,106,1,0,0,7,5.28500279277796,0,2,2,0,0,29,46,307,2,0,0,398,120,16,-7.7589554865134,0,12,5,3,0,0,36,0,38,0,0,2,4,18,3,1,33,2,0,0,0,0,0,0,0,0,0,1,-9,0,0,0,5,45,3,0,1,0,1,0,1,5,2,42,0,1,1,0,,0,0,0,0,0,0,0,0,0,0,1,0,0,,45,,0,45,0,3,3,0,0,1,0,0,0,0,0,3,0,61,124,2,1,1,0,1,0,0,0,124
2011,17,CAR,REG,2011_17_CAR_NO,NO,15,25,158,1,1,2,-21,0,0,172,84,9,-4.81461978393817,1.2710848580236,0,9,3,2,0,24,164,1,0,0,9,10.022481162101,0,6,5,2,0,15,23,158,1,1,1,172,84,9,-5.83158820254939,0,9,3,2,0,0,49,0,28,0,0,0,0,0,0,1,53,4,0,0,0,0,0,0,0,0,0,0,0,0,0,0,1,5,0,1,0,0,1,1,0,0,2,37,1,1,0,0,41,1,0,0,0,1,0,0,0,0,0,0,0,0,41,,,41,0,0,2,2,0,0,1,0,0,0,0,0,4,0,50,183,0,0,0,1,0,3,45,0,118
2011,17,CHI,REG,2011_17_CHI_MIN,MIN,15,25,160,1,1,7,-43,2,0,225,60,5,-8.2674191043115,-1.12681114673615,0,6,3,2,0,25,92,0,1,1,5,-6.82282672962174,0,4,4,1,0,15,25,160,1,1,1,225,60,5,-3.59226610240142,0,6,3,2,0,0,42,0,20,0,0,0,2,6,6,3,24,4,1,0,0,0,0,1,0,0,0,2,0,0,0,0,4,20,1,4,0,0,4,2,2,4,3,39,1,1,0,0,27,1,0,1,0,0,0,0,0,0,0,0,0,0,27,,,27,0,0,2,2,0,0,1,0,0,0,0,0,7,0,60,335,1,0,1,1,5,0,0,0,315
2011,17,CIN,REG,2011_17_BAL_CIN,BAL,22,44,232,0,0,1,-1,0,0,376,123,11,-1.02683712897579,-11.3920616961661,0,8,6,4,0,24,105,1,0,0,6,0.931774187355517,0,4,3,1,0,22,42,232,0,1,1,376,123,11,-2.55979523537554,0,8,6,4,0,0,34,0,28,0,0,0,1,4,3,0,0,0,0,0,0,0,0,0,0,0,0,0,0,0,0,0,4,35,4,1,0,0,1,1,4,45,3,72,3,4,1,0,46,0.75,0,1,0,2,0,0,0,0,1,0,0,0,46;46;23,36,,115,36,0,1,1,0,0,1,0,0,0,0,0,4,0,65,214,1,1,0,1,1,1,11,0,183
2011,17,CLE,REG,2011_17_PIT_CLE,PIT,16,41,177,0,1,2,-9,0,0,314,44,11,-13.6334607559044,-19.5700011192224,0,11,3,2,0,15,72,0,0,0,3,-0.61537739954656,0,2,2,2,0,16,39,177,0,1,0,314,44,11,-9.96766247865946,0,11,3,2,0,0,52,0,26,0,0,2,2,22,4,0,0,4,0,1,0,0,0,0,0,0,0,0,0,2,0,0,5,40,5,2,0,2,2,0,3,22,2,23,3,3,0,0,49,1,0,1,0,2,0,0,0,0,0,0,0,0,26;45;49,,,120,0,0,0,0,0,0,,0,0,0,0,0,6,0,63,230,2,0,2,1,3,0,0,0,210
2011,17,DAL,REG,2011_17_DAL_NYG,NYG,29,37,289,2,1,6,-38,1,1,202,174,16,0.671146506432207,8.48340472659549,0,13,4,2,0,16,49,0,0,0,3,-8.11601185883046,0,2,0,0,0,29,37,289,2,0,0,202,174,16,11.0046369687074,0,13,4,2,0,0,33,25,25,0,0,1,2,15,7,0,0,3,0,1,0,0,0,0,0,0,0,1,0,0,0,0,7,43,5,1,1,0,2,1,3,17,6,127,0,1,1,0,,0,0,0,0,0,0,0,0,0,0,0,1,0,,52,,0,52,0,2,2,0,0,1,0,0,0,0,0,6,0,54,254,2,2,0,1,0,3,1,0,233
2011,17,DEN,REG,2011_17_KC_DEN,KC,6,22,60,0,1,2,-10,0,0,269,9,2,-8.707703895343,-24.6820498080481,0,2,1,0,0,47,216,0,1,1,12,-3.44351259170799,0,6,4,0,0,6,21,60,0,0,0,269,9,2,-4.91243892320199,0,2,1,0,0,0,38,0,14,0,0,0,1,5,2,0,0,6,0,0,0,0,0,0,0,0,0,0,0,1,0,0,6,49,5,1,0,0,1,1,2,23,1,25,1,1,0,0,38,1,0,0,1,0,0,0,0,0,0,0,0,0,38,,,38,0,0,0,0,0,0,,0,0,0,0,0,9,0,55,402,5,1,3,1,0,4,40,0,342
2011,17,DET,REG,2011_17_DET_GB,GB,36,59,520,5,2,2,-18,0,0,671,163,27,21.2291773865131,3.11372593297797,1,23,16,12,1,15,73,0,0,0,2,1.92793924961006,0,1,1,0,0,36,59,520,5,1,1,671,163,27,17.0324434996714,1,23,16,12,1,0,44,8,18,0,0,1,3,11,8,1,30,3,0,0,1,0,0,0,0,0,0,0,0,1,0,0,11,101,4,2,0,0,2,2,2,8,4,103,1,2,1,0,30,0.5,0,0,1,0,0,0,0,0,1,0,0,0,30,39,,30,39,0,4,4,0,0,1,0,0,0,0,0,3,0,54,141,2,0,1,0,1,1,0,0,141
2011,17,GB,REG,2011_17_DET_GB,DET,31,44,480,6,1,3,-11,1,1,386,213,20,18.7608632034007,7.91599164632234,0,14,9,5,3,24,81,0,0,0,3,-2.4438531002379,0,1,0,0,0,31,44,480,6,0,0,386,213,20,25.8212742019295,0,14,9,5,3,0,45,8,14,0,0,2,2,18,3,2,6,6,0,0,0,0,0,0,0,0,0,0,0,2,17,0,6,78,5,1,0,0,1,1,1,0,3,39,1,2,1,0,22,0.5,0,1,0,0,0,0,0,0,0,1,0,0,22,47,,22,47,0,6,6,0,0,1,0,0,0,0,0,4,0,51,176,1,1,0,0,1,2,8,0,168
2011,17,HOU,REG,2011_17_TEN_HOU,TEN,22,32,258,1,0,3,-23,1,1,228,92,11,2.2692187017966,6.40808651524205,0,9,6,5,1,30,152,1,0,0,9,-1.07851423138333,0,4,2,1,1,22,31,258,1,0,0,228,92,11,10.8468247489219,0,9,6,5,1,0,41,9,11,0,0,1,3,22,4,0,0,6,0,0,0,0,0,0,0,0,0,0,0,1,0,0,7,55,4,1,0,0,1,1,1,11,1,32,3,3,0,0,52,1,0,1,1,0,1,0,0,0,0,0,0,0,52;37;22,,,111,0,0,1,1,0,0,1,0,0,0,0,0,6,0,55,268,1,0,0,0,2,4,43,0,225
2011,17,IND,REG,2011_17_IND_JAX,JAX,27,40,264,1,2,3,-22,2,1,279,117,17,2.21748333180775,4.47143010795116,0,12,3,2,0,22,56,0,0,0,2,-7.90822719817516,0,0,0,0,0,27,40,264,1,0,0,279,117,17,9.20519837604123,0,12,3,2,0,0,43,0,20,0,0,1,3,21,4,0,0,0,0,0,0,0,0,0,0,0,0,1,0,1,0,0,4,40,6,2,0,0,2,1,1,-1,3,30,2,2,0,0,48,1,0,1,0,1,0,0,0,0,0,0,0,0,48;20,,,68,0,0,1,1,0,0,1,0,0,0,0,0,3,0,54,136,1,1,0,0,0,2,13,0,123
2011,17,JAX,REG,2011_17_IND_JAX,IND,11,19,92,1,0,3,-21,1,1,127,45,4,-7.64375663539694,-4.54521885043696,0,4,3,1,0,35,190,0,0,0,9,0.385297714732587,0,5,4,1,1,11,19,92,1,0,0,127,45,4,-1.77924385401719,0,4,3,1,0,0,45,0,18,0,0,2,3,22,7,2,19,5,0,0,0,0,0,0,0,0,0,0,0,1,0,0,1,10,1,1,0,0,1,1,2,13,3,79,4,4,0,0,47,1,0,1,2,1,0,0,0,0,0,0,0,0,25;32;47;39,,,143,0,0,1,1,0,0,1,0,0,0,0,0,2,0,44,87,0,0,0,0,1,1,-1,0,88
2011,17,KC,REG,2011_17_KC_DEN,DEN,15,29,180,0,0,1,-5,0,0,256,55,8,1.56729806313306,-11.3920968668214,0,9,5,2,0,30,106,1,0,0,5,-0.400768115534447,0,3,2,1,0,15,29,180,0,0,0,256,55,8,2.80037934478387,0,9,5,2,0,0,53,2,10,0,0,1,2,10,5,1,1,6,0,1,0,0,0,0,0,0,0,0,0,1,0,0,6,36,3,0,1,0,1,1,4,40,0,0,0,1,1,0,,0,0,0,0,0,0,0,0,0,0,1,0,0,,44,,0,44,0,1,1,0,0,1,0,0,0,0,0,8,0,58,377,4,1,1,1,3,2,23,0,334
2011,17,LA,REG,2011_17_SF_STL,SF,14,34,226,1,2,3,-26,0,0,409,56,11,-9.06849240018703,-19.9999147478272,0,11,6,5,0,25,111,2,0,0,4,-1.60887475605705,0,3,2,1,0,14,34,226,1,0,0,409,56,11,-3.16606941745333,0,11,6,5,0,0,62,0,2,0,0,1,3,22,7,0,0,2,0,0,0,0,0,0,0,0,0,1,-8,0,0,0,6,50,4,0,1,0,1,0,2,7,5,130,2,2,0,0,49,1,0,0,0,2,0,0,0,0,0,0,0,0,49;48,,,97,0,0,3,3,0,0,1,0,0,0,0,0,6,0,57,304,1,0,0,1,1,4,37,0,247
2011,17,LAC,REG,2011_17_SD_OAK,LV,19,26,310,3,1,0,0,0,0,287,123,15,25.9117200254864,15.2204414972892,0,13,9,4,1,31,153,1,0,0,6,-1.65471281937789,0,4,3,2,2,19,26,310,3,0,0,287,123,15,25.9117200254864,0,13,9,4,1,1,46,6,6,0,0,0,0,0,3,1,5,5,0,0,0,0,0,0,0,0,0,0,0,0,0,0,8,68,2,0,0,0,0,0,0,0,6,215,1,2,1,0,51,0.5,0,0,0,0,1,0,0,0,0,1,0,0,51,44,,51,44,0,5,5,0,0,1,0,0,0,0,0,0,0,,0,0,0,0,0,0,0,0,0,0
2011,17,LV,REG,2011_17_SD_OAK,LAC,28,43,417,2,1,0,0,0,0,531,134,19,15.3002492362251,7.41893351078033,0,15,9,6,1,24,103,0,0,0,5,0.994841297331732,0,1,1,1,0,28,43,417,2,0,0,531,134,19,15.3002492362251,0,15,9,6,1,0,43,6,6,0,0,0,0,0,1,1,0,1,0,0,0,0,0,0,0,0,0,0,0,0,0,0,8,64,6,0,0,0,0,0,0,0,3,64,4,4,0,0,52,1,0,1,1,1,1,0,0,0,0,0,0,0,52;43;27;32,,,154,0,0,2,2,0,0,1,0,0,0,0,0,1,0,58,58,0,0,0,1,0,0,0,0,38
2011,17,MIA,REG,2011_17_NYJ_MIA,NYJ,22,32,135,1,2,1,-7,0,0,247,49,12,-0.780194561359539,6.85319490730763,0,6,2,0,0,26,82,0,0,0,2,-5.19735590444908,0,2,2,1,0,22,32,135,1,0,0,247,49,12,-0.123854130810659,0,6,2,0,0,0,50,0,8,0,0,0,2,3,3,3,76,3,0,0,0,0,0,0,0,0,0,0,0,0,0,0,5,35,1,0,0,0,0,0,0,0,2,42,4,4,0,0,58,1,0,0,0,3,1,0,0,0,0,0,0,0,44;58;40;44,,,186,0,0,1,1,0,0,1,0,0,0,0,0,4,0,64,192,1,2,0,0,0,2,26,0,166
2011,17,MIN,REG,2011_17_CHI_MIN,CHI,21,42,228,0,3,2,-6,0,0,339,99,9,-14.2742463787093,-11.6132134837764,0,10,6,2,0,27,79,1,1,0,7,-9.61654701680387,0,5,3,1,0,21,42,228,0,0,0,339,99,9,-11.7014856069822,0,10,6,2,0,0,42,0,16,0,0,4,7,43,10,1,0,2,0,0,0,0,0,0,0,0,0,1,-6,2,3,0,5,38,5,0,1,0,1,0,0,0,2,58,2,3,0,1,26,0.666666666666667,0,2,0,0,0,0,0,0,0,0,0,0,26;26,,48,52,0,48,1,1,0,0,1,0,0,0,0,0,6,0,52,276,2,2,0,0,2,2,4,0,272
2011,17,NE,REG,2011_17_BUF_NE,BUF,24,36,360,3,1,4,-18,1,0,290,220,17,13.0533224269864,0.424559662739436,0,11,8,5,2,29,138,2,1,0,9,6.80808969757357,1,5,4,1,0,24,36,360,3,0,0,290,220,17,19.1673870125485,0,11,8,5,2,0,32,0,38,0,0,0,2,11,4,4,77,5,1,0,0,0,0,0,0,0,0,1,0,0,0,0,4,77,2,2,0,1,2,0,0,0,4,77,2,2,0,0,47,1,0,1,0,1,0,0,0,0,0,0,0,0,47;20,,,67,0,0,5,5,0,0,1,0,0,0,0,0,2,0,51,97,1,0,0,0,1,1,5,0,92
2011,17,NO,REG,2011_17_CAR_NO,CAR,31,38,409,5,1,0,0,0,0,313,139,23,22.3620954611225,16.6816344386653,0,19,13,5,1,35,208,1,0,0,10,4.95779719715938,0,4,2,1,0,31,38,409,5,0,0,313,139,23,22.3620954611225,0,19,13,5,1,0,32,0,14,0,0,1,2,21,4,1,0,3,0,0,0,0,0,0,0,0,0,0,0,1,0,0,6,60,4,0,0,0,0,0,3,45,2,54,1,1,0,0,43,1,0,0,0,1,0,0,0,0,0,0,0,0,43,,,43,0,0,6,6,0,0,1,0,0,0,0,0,1,0,64,64,0,0,0,1,0,0,0,0,44
2011,17,NYG,REG,2011_17_DAL_NYG,DAL,24,33,346,3,0,2,-15,0,0,230,185,16,22.1269994582981,12.2039342468435,0,12,6,5,2,31,106,1,1,0,3,-12.3454636335406,0,2,2,1,0,24,33,346,3,0,0,230,185,16,25.5278363830294,0,12,6,5,2,0,30,25,25,0,0,1,6,38,7,1,-1,2,0,1,0,0,0,0,0,0,0,2,0,1,0,0,3,28,3,1,1,0,2,0,3,1,3,66,1,2,1,0,28,0.5,0,1,0,0,0,0,0,0,0,1,0,0,28,40,,28,40,0,4,4,0,0,1,0,0,0,0,0,4,0,49,161,1,0,1,0,0,3,17,0,144
2011,17,NYJ,REG,2011_17_NYJ_MIA,MIA,22,33,248,2,3,2,-3,0,0,197,107,11,-5.47910065661654,3.59604331580075,0,10,4,3,1,27,129,0,0,0,7,1.77524159726454,0,3,1,0,0,22,33,248,2,0,0,197,107,11,-2.94361596209001,0,10,4,3,1,0,47,0,4,0,0,0,1,7,1,2,0,5,0,0,0,0,0,0,0,0,0,0,0,0,0,0,6,40,5,0,0,0,0,0,2,26,2,51,1,1,0,0,31,1,0,0,1,0,0,0,0,0,0,0,0,0,31,,,31,0,0,2,2,0,0,1,0,0,0,0,0,5,0,46,191,2,0,1,0,4,0,0,0,191
2011,17,PHI,REG,2011_17_WAS_PHI,WAS,24,39,335,3,1,2,-20,1,1,448,121,17,7.88854061987254,2.97498030540271,0,14,6,5,1,19,75,1,0,0,6,-0.0135475826682523,0,2,2,1,0,24,39,335,3,0,0,448,121,17,13.648531304095,0,14,6,5,1,0,48,1,7,0,0,1,1,9,6,1,31,7,0,0,0,0,0,1,0,0,3,0,0,0,0,0,8,75,2,1,0,0,1,1,2,32,2,43,2,2,0,0,35,1,0,1,1,0,0,0,0,0,0,0,0,0,35;20,,,55,0,0,4,4,0,0,1,0,0,0,0,0,4,0,56,201,1,0,0,1,1,2,-1,0,182
2011,17,PIT,REG,2011_17_PIT_CLE,CLE,23,40,221,0,0,2,-22,0,0,259,80,12,1.10636606522849,-2.79504783451557,0,11,1,1,1,36,161,1,2,2,8,-7.01008482824545,0,4,3,1,0,23,40,221,0,0,0,259,80,12,4.37313465777336,0,11,1,1,1,0,34,0,8,0,0,2,2,9,3,1,0,9,0,0,0,0,0,0,0,0,0,0,0,0,0,0,4,37,6,2,0,0,2,2,0,0,4,92,2,3,1,0,29,0.666666666666667,1,1,0,0,0,0,0,0,0,1,0,0,19;29,45,,48,45,0,1,1,0,0,1,0,0,0,0,0,4,0,49,181,1,0,1,0,0,3,22,0,159
2011,17,SEA,REG,2011_17_SEA_ARI,ARI,21,35,222,1,1,4,-31,1,0,388,68,8,-9.83496968636018,0.0830024480819702,0,8,4,4,1,34,178,1,0,0,7,4.2911141764489,0,4,4,1,1,21,35,222,1,0,0,388,68,8,-5.65033834853881,0,8,4,4,1,0,49,4,16,0,0,1,2,14,4,1,33,5,0,0,0,0,0,0,0,0,0,1,0,1,30,0,7,55,5,1,0,0,1,0,5,42,2,84,2,3,0,1,43,0.666666666666667,0,1,0,1,0,0,0,0,0,0,0,0,43;26,,24,69,0,24,2,2,0,0,1,0,0,0,0,0,8,0,53,357,4,0,0,0,4,4,63,0,294
2011,17,SF,REG,2011_17_SF_STL,LA,21,31,227,2,0,3,-22,0,0,156,137,11,6.96223154249861,1.9215069470867,0,8,4,3,1,37,116,2,0,0,9,1.44179918669397,0,2,2,0,0,21,31,227,2,0,0,156,137,11,11.8134258777628,0,8,4,3,1,0,45,0,2,0,0,0,3,26,4,2,16,8,0,1,0,0,0,0,0,0,0,1,0,0,0,0,5,80,2,1,0,0,1,0,4,37,3,75,2,3,1,0,42,0.666666666666667,0,0,1,1,0,0,0,0,0,1,0,0,36;42,48,,78,48,0,4,4,0,0,1,0,0,0,0,0,5,0,66,284,2,1,1,1,0,2,7,0,257
2011,17,TB,REG,2011_17_TB_ATL,ATL,31,45,274,2,3,2,-15,1,1,348,116,15,-9.15069426099933,3.26904363410417,1,9,3,3,1,14,35,0,0,0,3,-6.13206630627917,0,1,1,0,0,31,44,274,2,1,0,348,116,15,-1.08186247343826,1,9,3,3,1,0,39,0,18,0,0,1,0,0,2,1,40,2,1,0,0,0,0,0,0,0,0,1,-11,1,0,0,2,20,1,2,1,1,3,1,2,15,3,53,1,1,0,0,41,1,0,0,0,1,0,0,0,0,0,0,0,0,41,,,41,0,0,1,1,0,0,1,0,0,0,0,0,3,0,60,149,2,0,1,0,1,1,9,0,140
2011,17,TEN,REG,2011_17_TEN_HOU,HOU,22,35,297,2,0,3,-22,0,0,329,107,15,4.73841658604347,-2.03369242804391,0,11,8,6,1,22,86,0,1,1,2,-5.71468147984706,0,2,2,1,0,22,35,297,2,0,0,329,107,15,9.84652522110396,0,11,8,6,1,0,47,7,11,0,0,1,3,23,4,0,0,4,0,0,0,0,0,0,0,0,0,0,0,1,0,0,6,47,2,1,0,0,1,1,4,43,1,23,3,3,0,0,43,1,0,1,1,1,0,0,0,0,0,0,0,0,21;43;33,,,97,0,0,2,2,0,0,1,0,0,0,0,0,6,0,58,286,4,4,0,0,1,1,11,0,275
2011,17,WAS,REG,2011_17_WAS_PHI,PHI,22,45,256,1,1,1,-9,0,0,448,166,12,-10.7537226505281,-10.719472285774,0,10,6,5,1,25,130,0,0,0,7,1.48371317365672,0,3,3,1,0,22,45,256,1,0,0,448,166,12,-9.35970540537325,0,10,6,5,1,0,44,0,4,0,0,1,2,20,4,1,28,6,0,0,0,0,0,0,0,0,0,1,0,1,3,0,6,71,4,1,0,0,1,0,2,-1,2,53,1,2,0,1,27,0.5,0,1,0,0,0,0,0,0,0,0,0,0,27,,36,27,0,36,1,1,0,0,1,0,0,0,0,0,5,0,53,183,2,1,1,0,1,2,32,0,151
2011,18,ATL,POST,2011_18_ATL_NYG,NYG,24,41,199,0,0,2,-16,0,0,330,51,9,-3.7430861373432,1.61139835149814,0,6,4,2,0,21,64,0,0,0,4,-9.86863086360972,0,2,1,0,0,24,39,199,0,0,0,330,51,9,1.45533891039668,0,6,4,2,0,0,29,27,27,0,0,0,1,7,5,0,0,3,0,0,1,0,0,0,0,0,0,0,0,0,0,0,3,15,2,0,0,0,0,0,0,0,4,98,0,0,0,0,,,0,0,0,0,0,0,0,0,0,0,0,0,,,,0,0,0,0,0,0,0,,0,0,0,0,0,7,0,59,322,1,0,1,0,1,5,28,0,294
2011,18,CIN,POST,2011_18_CIN_HOU,HOU,27,42,257,0,3,4,-33,0,0,289,152,11,-11.3271414949083,-0.447732848780496,0,10,6,3,0,19,76,1,1,0,8,-1.04956687212689,0,3,3,0,0,27,42,257,0,0,0,289,152,11,-6.04185896486584,0,10,6,3,0,0,39,8,8,0,0,0,2,7,3,0,0,3,0,0,0,0,0,0,0,0,0,1,0,0,0,0,3,25,6,0,1,0,1,0,3,20,1,22,1,2,1,0,37,0.5,0,0,1,0,0,0,0,0,0,0,1,0,37,50,,37,50,0,1,1,0,0,1,0,0,0,0,0,3,0,55,145,1,0,0,0,0,3,12,0,133
2011,18,DEN,POST,2011_18_PIT_DEN,PIT,10,21,316,2,0,0,0,0,0,353,128,9,18.2279578042629,-2.68692856743222,0,8,6,5,4,34,131,1,2,1,6,-7.97016490689623,0,4,0,0,0,10,21,316,2,0,0,353,128,9,18.2279578042629,0,8,6,5,4,0,47,0,2,0,0,1,5,45,6,1,9,7,0,0,0,0,0,0,0,0,0,1,0,0,0,0,5,30,4,2,0,0,2,1,3,27,1,19,3,3,0,0,35,1,0,2,1,0,0,0,0,0,0,0,0,0,20;28;35,,,83,0,0,2,2,0,0,1,0,0,0,0,0,4,0,50,164,1,0,1,0,3,0,0,0,164
2011,18,DET,POST,2011_18_DET_NO,NO,28,43,380,3,2,0,0,0,0,472,141,20,15.7782442836324,4.30310171010882,0,18,9,7,1,10,32,1,0,0,2,1.19057709525805,0,0,0,0,0,28,43,380,3,0,0,472,141,20,15.7782442836324,0,18,9,7,1,0,55,0,28,0,0,2,2,7,4,0,0,6,0,0,0,0,0,0,0,0,0,0,0,2,0,0,7,64,5,0,0,0,0,0,0,0,2,41,0,0,0,0,,,0,0,0,0,0,0,0,0,0,0,0,0,,,,0,0,0,4,4,0,0,1,0,0,0,0,0,3,0,48,127,3,0,0,0,1,2,4,0,123
2011,18,HOU,POST,2011_18_CIN_HOU,CIN,11,20,159,1,0,2,-7,0,0,249,48,9,5.27044180050805,-6.41135334968567,0,7,4,3,1,35,188,2,0,0,9,3.78298607567558,0,4,4,2,1,11,20,159,1,0,0,249,48,9,7.8817064125681,0,7,4,3,1,0,34,18,20,0,0,0,4,33,5,3,28,9,1,0,0,0,0,0,0,0,0,0,0,0,0,0,5,87,2,0,0,0,0,0,3,12,0,0,1,1,0,0,39,1,0,0,1,0,0,0,0,0,0,0,0,0,39,,,39,0,0,4,4,0,0,1,0,0,0,0,0,5,0,56,251,2,0,0,1,1,3,20,0,211
2011,18,NO,POST,2011_18_DET_NO,DET,33,43,466,3,0,2,-7,1,1,381,196,20,25.6139185783685,12.3295503993367,0,17,7,6,4,36,167,3,0,0,12,5.41292748879641,0,6,5,1,0,33,43,466,3,1,1,381,196,20,26.8954883016412,0,17,7,6,4,0,33,0,8,0,0,0,0,0,5,2,17,7,0,0,0,0,0,0,0,0,0,0,0,0,0,0,3,18,4,2,0,0,2,2,2,4,2,54,1,1,0,0,24,1,0,1,0,0,0,0,0,0,0,0,0,0,24,,,24,0,0,6,6,0,0,1,0,0,0,0,0,0,0,,0,0,0,0,0,0,0,0,0,0
2011,18,NYG,POST,2011_18_ATL_NYG,ATL,23,32,277,3,0,1,-7,0,0,203,158,11,13.9277632868761,10.9542249671874,0,10,6,3,1,31,172,0,0,0,8,1.53779729594472,0,5,5,2,0,23,31,277,3,0,0,203,158,11,17.0568619360128,0,10,6,3,1,0,28,22,24,0,0,0,2,16,7,0,0,6,0,0,0,0,0,0,0,0,0,0,0,0,0,0,7,73,1,0,0,0,0,0,5,28,1,27,1,2,1,0,22,0.5,0,1,0,0,0,0,0,0,1,0,0,0,22,32,,22,32,0,3,3,0,0,1,0,0,0,0,0,4,0,54,183,1,3,0,1,0,0,0,0,163
2011,18,PIT,POST,2011_18_PIT_DEN,DEN,22,40,289,1,1,5,-45,1,0,443,116,11,0.155190482864501,-4.5540177077055,0,12,9,4,0,23,156,1,0,0,9,6.68777554557892,0,4,4,2,0,22,40,289,1,0,0,443,116,11,5.0670546003218,0,12,9,4,0,0,42,1,7,0,0,2,0,0,0,0,0,2,0,0,0,0,0,0,0,0,0,2,-23,1,0,0,6,61,5,1,1,0,2,0,0,0,0,0,3,3,0,0,45,1,0,0,2,1,0,0,0,0,0,0,0,0,45;38;37,,,120,0,0,2,2,0,0,1,0,0,0,0,0,4,0,62,184,2,0,0,0,1,3,27,0,157
2011,19,BAL,POST,2011_19_HOU_BAL,HOU,14,27,176,2,0,5,-36,1,0,302,60,9,-5.63051851126707,-5.42309990635625,0,9,5,4,0,31,87,0,1,0,2,-8.3695973912254,0,0,0,0,0,14,27,176,2,0,0,302,60,9,3.72121367307642,0,9,5,4,0,0,44,10,10,0,0,2,0,0,2,3,1,11,0,0,0,0,0,0,0,0,0,3,0,1,4,0,0,0,4,2,1,0,3,0,0,0,1,25,2,2,0,0,48,1,0,0,0,2,0,0,0,0,0,0,0,0,48;44,,,92,0,0,2,2,0,0,1,0,0,0,0,0,9,0,64,444,1,0,1,2,0,6,4,0,400
2011,19,DEN,POST,2011_19_DEN_NE,NE,9,26,136,0,0,5,-28,1,1,252,55,7,-6.74173803890366,-20.4842146772605,0,7,2,1,1,40,144,1,0,0,7,-2.22287220018916,0,6,5,0,0,9,26,136,0,0,0,252,55,7,2.69693259666898,0,7,2,1,1,0,31,0,46,0,0,1,0,0,3,1,17,2,0,0,0,0,0,0,0,0,0,1,0,1,0,0,5,55,3,2,0,0,2,1,0,0,4,68,1,1,0,0,41,1,0,0,0,1,0,0,0,0,0,0,0,0,41,,,41,0,0,1,1,0,0,1,0,0,0,0,0,7,0,44,272,1,0,1,0,4,2,28,0,244
2011,19,GB,POST,2011_19_NYG_GB,NYG,26,46,264,2,1,4,-23,1,1,394,93,15,-1.56003798190946,-6.74450449321581,0,16,6,1,0,23,147,0,1,1,8,2.12930196296657,0,6,4,1,0,26,46,264,2,1,1,394,93,15,-0.359124987285808,0,16,6,1,0,0,37,6,14,0,0,0,1,5,7,1,12,5,0,0,0,0,0,1,0,0,0,0,0,0,0,0,3,20,4,2,1,0,3,3,1,16,4,94,2,2,0,0,47,1,0,0,1,1,0,0,0,0,0,0,0,0,47;35,,,82,0,0,2,2,0,0,1,0,0,0,0,0,2,0,43,79,0,0,0,1,1,0,0,0,59
2011,19,HOU,POST,2011_19_HOU_BAL,BAL,17,35,184,0,3,0,0,0,0,402,57,11,-6.72220728240146,-9.83946655477796,0,11,7,0,0,28,131,1,1,0,5,0.799709742526835,0,3,3,1,0,17,35,184,0,0,0,402,57,11,-6.72220728240146,0,11,7,0,0,0,33,19,23,0,0,2,5,36,6,0,0,7,0,2,0,0,0,0,0,0,0,2,0,0,0,0,3,20,5,2,1,0,3,1,6,4,4,133,2,3,1,0,40,0.666666666666667,0,0,1,1,0,0,0,0,0,0,1,0,40;33,50,,73,50,0,1,1,0,0,1,0,0,0,0,0,5,0,45,200,0,1,0,0,4,0,0,0,200
2011,19,NE,POST,2011_19_DEN_NE,DEN,26,34,363,6,1,0,0,0,0,332,147,19,27.0446819661302,15.1009736692204,0,15,9,4,1,30,146,0,0,0,9,-0.413735743307943,0,4,1,1,1,26,34,363,6,1,1,332,147,19,22.6076487648534,0,15,9,4,1,0,40,0,36,0,0,2,5,28,8,0,0,6,0,0,0,0,0,0,0,0,0,0,0,1,0,0,2,20,5,1,0,0,1,1,2,28,1,28,1,1,0,0,20,1,0,1,0,0,0,0,0,0,0,0,0,0,20,,,20,0,0,6,6,0,0,1,0,0,0,0,0,3,0,48,126,3,1,1,0,1,0,0,0,126
2011,19,NO,POST,2011_19_NO_SF,SF,40,63,462,4,2,3,-27,0,0,466,247,23,14.8449167638589,1.4652251716583,1,19,6,5,2,14,37,0,0,0,2,-2.38194287882652,0,0,0,0,0,40,62,462,4,1,1,466,246,23,17.4911055837563,1,19,6,5,2,0,51,5,7,0,0,2,4,35,7,0,0,4,0,1,0,0,0,0,0,0,0,0,0,1,0,0,0,0,5,3,0,0,3,3,3,29,5,59,1,1,0,0,48,1,0,0,0,1,0,0,0,0,0,0,0,0,48,,,48,0,0,3,3,0,0,1,0,0,0,0,0,5,0,60,227,2,1,0,0,1,3,29,0,198
2011,19,NYG,POST,2011_19_NYG_GB,GB,21,33,330,3,1,1,-5,0,0,289,126,15,23.1513654743476,5.05470877343958,0,13,8,3,1,27,95,1,0,0,3,-4.51394441808225,0,4,4,2,0,21,33,330,3,0,0,289,126,15,24.5978004029565,0,13,8,3,1,0,53,0,6,0,0,2,4,23,5,1,0,8,0,0,0,0,0,0,0,0,0,0,0,3,49,0,3,30,3,0,0,0,0,0,0,0,1,4,3,4,0,1,35,0.75,0,1,2,0,0,0,0,0,0,0,0,0,31;23;35,,40,89,0,40,4,4,0,0,1,0,0,0,0,0,2,0,51,96,0,1,0,0,0,1,16,0,80
2011,19,SF,POST,2011_19_NO_SF,NO,24,42,299,3,0,4,-35,2,1,291,153,11,-1.08836858432697,-3.31767434027137,0,9,5,4,2,22,143,1,1,0,6,2.97638849441148,0,4,3,2,1,24,41,299,3,0,0,291,153,11,7.54400432882757,0,9,5,4,2,0,55,5,7,0,0,3,3,27,11,2,41,11,0,0,0,0,0,0,0,0,0,2,-6,3,1,0,3,33,6,2,1,0,3,1,3,29,2,45,3,3,0,0,41,1,0,1,1,1,0,0,0,0,0,0,0,0,25;41;37,,,103,0,0,3,3,0,0,1,0,0,0,0,0,8,0,63,396,4,0,3,1,1,3,29,0,347
2011,20,BAL,POST,2011_20_BAL_NE,NE,22,36,306,2,1,3,-24,0,0,403,114,13,7.37306629760214,4.68781607018577,0,11,6,5,1,31,116,0,0,0,6,-2.69666116742883,0,2,2,0,0,22,36,306,2,1,0,403,114,13,11.9097398088104,0,11,6,5,1,0,31,0,48,0,0,1,1,5,3,2,39,7,0,0,0,0,0,0,0,0,0,0,0,1,0,0,6,33,3,1,0,1,1,0,1,4,1,20,2,3,1,0,39,0.666666666666667,0,1,1,0,0,0,0,0,1,0,0,0,20;39,32,,59,32,0,2,2,0,0,1,0,0,0,0,0,4,0,51,175,1,0,0,0,1,3,7,0,168
2011,20,NE,POST,2011_20_BAL_NE,BAL,22,36,239,0,2,1,-5,0,0,327,101,15,0.895959729538431,-1.39302338163058,0,10,4,3,0,31,96,2,0,0,8,2.26132109110948,0,2,1,0,0,22,36,239,0,0,0,327,101,15,1.97375635369694,0,10,4,3,0,0,32,0,42,0,0,1,3,24,7,1,19,4,0,1,0,0,0,0,0,0,0,0,0,0,0,0,1,5,1,1,1,1,2,1,3,7,3,101,3,3,0,0,35,1,0,2,1,0,0,0,0,0,0,0,0,0,29;35;24,,,88,0,0,2,2,0,0,1,0,0,0,0,0,2,0,53,97,0,0,0,1,0,1,4,0,73
2011,20,NYG,POST,2011_20_NYG_SF,SF,32,58,316,2,0,6,-49,1,0,515,103,17,-2.23769632089966,-4.21736474548067,0,14,4,2,0,26,85,0,0,0,3,-6.70993221708341,0,0,0,0,0,32,56,316,2,0,0,515,103,17,8.27050055691507,0,14,4,2,0,0,47,3,9,0,0,2,3,18,6,0,0,5,0,0,0,0,0,0,0,0,0,1,0,2,0,0,9,60,5,1,0,0,1,0,6,55,1,17,2,2,0,0,31,1,0,0,2,0,0,0,0,0,0,0,0,0,31;31,,,62,0,0,2,2,0,0,1,1,1,0,0,31,12,0,57,557,2,2,0,0,2,8,70,0,487
2011,20,SF,POST,2011_20_NYG_SF,NYG,12,26,196,2,0,3,-18,0,0,262,107,5,-2.41249644293024,-14.6569793614057,0,5,4,4,1,28,150,0,1,0,6,-0.624170846596826,0,4,3,0,0,12,26,196,2,1,0,262,107,5,0.698617447842443,0,5,4,4,1,0,58,11,13,0,0,1,6,49,12,0,0,5,0,2,0,0,0,0,0,0,0,2,-9,0,0,0,6,50,4,2,2,0,4,2,8,70,4,100,1,1,0,0,25,1,0,1,0,0,0,0,0,0,0,0,0,0,25,,,25,0,0,2,2,0,0,1,0,0,0,0,0,10,0,59,455,3,0,2,0,2,6,55,0,400
2011,21,NE,POST,2011_21_NYG_NE,NYG,27,41,276,2,1,2,-10,0,0,391,120,15,12.2444571146684,5.787015801821,0,13,5,2,0,19,83,0,0,0,6,-0.0870870249927975,0,3,1,0,0,27,39,276,2,0,0,391,120,15,15.5626886122104,0,13,5,2,0,0,54,0,24,0,0,2,3,14,6,0,0,3,0,0,0,0,0,0,0,0,0,0,0,0,0,0,5,28,5,0,0,0,0,0,0,0,3,73,1,1,0,0,29,1,0,1,0,0,0,0,0,0,0,0,0,0,29,,,29,0,0,2,2,0,0,1,0,0,0,0,0,3,0,48,123,1,0,0,0,2,1,10,0,113
2011,21,NYG,POST,2011_21_NYG_NE,NE,30,40,296,1,0,3,-14,0,0,350,106,18,11.5936360957698,10.5201806128025,0,12,4,1,0,28,114,1,1,0,7,1.01719618767686,0,2,1,1,0,30,40,296,1,1,0,350,106,18,16.0129195170905,0,12,4,1,0,0,42,0,10,0,0,0,2,10,8,1,0,7,0,0,1,0,0,0,0,0,0,2,1,0,0,0,4,24,2,2,0,0,2,0,1,10,4,75,2,2,0,0,38,1,0,0,2,0,0,0,0,0,0,0,0,0,38;33,,,71,0,0,1,1,0,0,1,0,0,0,0,0,4,0,51,163,3,1,1,1,1,0,0,0,143
