season,week,team,season_type,game_id,opponent_team,completions,attempts,passing_yards,passing_tds,passing_interceptions,sacks_suffered,sack_yards_lost,sack_fumbles,sack_fumbles_lost,passing_air_yards,passing_yards_after_catch,passing_first_downs,passing_epa,passing_cpoe,passing_2pt_conversions,passing_10,passing_16,passing_20,passing_40,carries,rushing_yards,rushing_tds,rushing_fumbles,rushing_fumbles_lost,rushing_first_downs,rushing_epa,rushing_2pt_conversions,rushing_10,rushing_12,rushing_20,rushing_40,receptions,targets,receiving_yards,receiving_tds,receiving_fumbles,receiving_fumbles_lost,receiving_air_yards,receiving_yards_after_catch,receiving_first_downs,receiving_epa,receiving_2pt_conversions,receiving_10,receiving_16,receiving_20,receiving_40,special_teams_tds,def_tackles_solo,def_tackles_with_assist,def_tackle_assists,def_tackles_for_loss,def_tackles_for_loss_yards,def_fumbles_forced,def_sacks,def_sack_yards,def_qb_hits,def_interceptions,def_interception_yards,def_pass_defended,def_tds,def_fumbles,def_safeties,def_punt_blocks,def_pat_blocks,def_fg_blocks,def_2pt_atts,def_2pt_made,misc_yards,fumble_recovery_own,fumble_recovery_yards_own,fumble_recovery_opp,fumble_recovery_yards_opp,fumble_recovery_tds,penalties,penalty_yards,timeouts,fumbles_forced_by_opp,fumbles_not_forced,fumbles_out_of_bounds,fumbles_total,fumbles_lost_total,punt_returns,punt_return_yards,kickoff_returns,kickoff_return_yards,fg_made,fg_att,fg_missed,fg_blocked,fg_long,fg_pct,fg_made_0_19,fg_made_20_29,fg_made_30_39,fg_made_40_49,fg_made_50_59,fg_made_60_,fg_missed_0_19,fg_missed_20_29,fg_missed_30_39,fg_missed_40_49,fg_missed_50_59,fg_missed_60_,fg_made_list,fg_missed_list,fg_blocked_list,fg_made_distance,fg_missed_distance,fg_blocked_distance,pat_made,pat_att,pat_missed,pat_blocked,pat_pct,gwfg_made,gwfg_att,gwfg_missed,gwfg_blocked,gwfg_distance,pt_att,pt_blocked,pt_long,pt_yards,pt_inside_20,pt_out_of_bounds,pt_downed,pt_touchback,pt_fair_caught,pt_returned,pt_return_yards,pt_return_tds,pt_net_yards
2010,1,ARI,REG,2010_01_ARI_STL,LA,22,41,297,1,0,2,-31,1,1,419,131,13,5.93600737068135,0.790882185101509,0,13,10,6,0,21,112,1,2,2,6,-10.6994697111659,0,4,4,2,0,22,40,297,1,1,1,419,131,13,7.6081928985406,0,13,10,6,0,0,67,1,1,0,0,2,2,13,7,3,69,5,0,2,0,0,0,1,0,0,15,3,0,1,0,0,10,72,5,5,2,0,7,4,5,31,3,82,1,1,0,0,22,1,0,1,0,0,0,0,0,0,0,0,0,0,22,,,22,0,0,2,2,0,0,1,0,0,0,0,0,6,0,59,262,2,1,1,0,1,3,28,0,234
2010,1,ATL,REG,2010_01_ATL_PIT,PIT,27,44,252,0,1,2,-15,0,0,369,53,11,-2.24907076901992,-1.15270531454752,0,9,5,2,0,25,58,0,0,0,6,-5.21890232531587,0,0,0,0,0,27,43,252,0,0,0,369,53,11,1.30486098832216,0,9,5,2,0,0,35,12,26,0,0,0,3,25,3,1,1,4,0,0,0,0,0,0,0,0,0,0,0,0,0,0,3,24,5,0,0,0,0,0,2,20,4,82,3,4,1,0,49,0.75,0,1,1,1,0,0,0,0,0,1,0,0,49;39;23,46,,111,46,0,0,0,0,0,,0,0,0,0,0,7,0,54,281,4,0,2,0,3,2,7,0,274
2010,1,BAL,REG,2010_01_BAL_NYJ,NYJ,20,38,248,0,1,2,-15,1,1,400,64,12,-4.80387244425906,-2.26490485825037,0,9,6,4,0,35,49,1,1,1,2,-15.9840705304232,0,0,0,0,0,20,38,248,0,0,0,400,64,12,2.34768823132659,0,9,6,4,0,0,26,11,13,0,0,2,2,14,4,0,0,1,0,0,0,0,0,0,0,0,0,0,0,1,0,0,5,38,3,2,0,0,2,2,4,5,4,72,1,1,0,0,25,1,0,1,0,0,0,0,0,0,0,0,0,0,25,,,25,0,0,1,1,0,0,1,0,0,0,0,0,6,0,56,244,2,0,0,0,2,4,62,0,182
2010,1,BUF,REG,2010_01_MIA_BUF,MIA,18,34,139,1,0,3,-23,0,0,220,44,6,-7.51468973800205,-8.1974491928563,0,4,3,1,0,17,50,0,1,0,3,-4.57002042524982,0,1,1,0,0,18,33,139,1,0,0,220,44,6,-1.16084096529736,0,4,3,1,0,0,28,28,40,0,0,0,3,18,8,0,0,5,0,0,0,0,0,0,0,0,0,0,-1,0,0,0,5,35,5,0,1,1,1,0,3,30,1,11,1,2,1,0,51,0.5,0,0,0,0,1,0,0,0,0,0,0,1,51,63,,51,63,0,1,1,0,0,1,0,0,0,0,0,7,0,53,298,1,0,2,1,2,2,9,0,269
2010,1,CAR,REG,2010_01_CAR_NYG,NYG,14,35,182,1,3,4,-34,2,1,270,79,10,-15.8325594498233,-15.3318318812286,0,10,4,2,0,24,89,0,0,0,2,-7.44910779316001,0,1,1,1,0,14,34,182,1,0,0,270,79,10,-6.73650108364335,0,10,4,2,0,0,40,20,20,0,0,1,1,5,3,3,33,5,0,0,1,1,0,0,0,0,0,1,-10,1,0,0,7,63,4,2,1,0,3,2,2,38,7,172,3,3,0,0,52,1,0,1,0,1,1,0,0,0,0,0,0,0,21;52;43,,,116,0,0,1,1,0,0,1,0,0,0,0,0,4,0,48,173,0,0,0,0,0,4,27,0,146
2010,1,CHI,REG,2010_01_DET_CHI,DET,23,35,372,2,1,4,-10,1,1,322,220,15,4.15170859505759,6.35965415409633,0,14,8,5,1,31,101,0,0,0,4,-6.46092598066118,0,3,1,0,0,23,35,372,2,3,2,322,220,15,2.5618372187704,0,14,8,5,1,0,44,6,6,0,0,2,2,23,5,1,7,3,0,0,0,0,0,0,0,0,0,1,0,2,9,0,9,100,1,4,0,0,4,3,5,17,3,70,2,2,0,0,31,1,0,1,1,0,0,0,0,0,0,0,0,0,20;31,,,51,0,0,1,1,0,0,1,0,0,0,0,0,5,0,38,151,4,1,0,1,1,2,3,0,128
2010,1,CIN,REG,2010_01_CIN_NE,NE,34,50,345,2,1,1,-4,0,0,391,120,21,5.21215335245074,5.70539081096649,0,15,5,3,1,25,87,1,2,1,5,-1.82043653048459,0,1,0,0,0,34,50,345,2,0,0,391,120,21,7.23849650530906,0,15,5,3,1,0,25,22,22,0,0,0,0,0,2,0,0,2,0,0,0,0,0,0,0,0,0,1,-2,0,0,0,2,5,4,1,1,0,2,1,0,0,4,70,1,1,0,0,54,1,0,0,0,0,1,0,0,0,0,0,0,0,54,,,54,0,0,3,3,0,0,1,0,0,0,0,0,3,0,57,139,0,1,0,1,0,1,4,0,115
2010,1,CLE,REG,2010_01_CLE_TB,TB,21,38,236,1,2,0,0,0,0,363,117,9,-7.62752041160634,-1.96815629800161,0,7,5,3,2,23,104,1,2,1,5,-4.81230653391685,0,3,2,1,0,21,36,236,1,0,0,363,117,9,-7.31134738049509,0,7,5,3,2,0,39,15,19,0,0,1,3,13,5,1,26,7,0,1,0,0,0,0,0,0,0,2,0,1,1,0,5,47,5,3,0,0,3,1,3,29,4,57,0,1,1,0,,0,0,0,0,0,0,0,0,0,0,0,0,1,,62,,0,62,0,2,2,0,0,1,0,0,0,0,0,6,0,52,266,0,0,1,1,0,4,24,0,222
2010,1,DAL,REG,2010_01_DAL_WAS,WAS,31,48,282,1,0,1,-5,0,0,388,142,15,4.07681034539782,1.92496720701456,0,12,4,4,0,22,103,0,0,0,8,3.09680900356034,0,3,1,0,0,31,48,282,1,1,1,388,142,15,-1.44438217324715,0,12,4,4,0,0,27,14,14,0,0,1,1,10,3,0,0,3,0,0,0,0,0,0,0,0,0,0,0,0,0,0,12,91,6,1,0,0,1,1,1,11,3,50,0,1,1,0,,0,0,0,0,0,0,0,0,0,1,0,0,0,,34,,0,34,0,1,1,0,0,1,0,0,0,0,0,6,0,57,244,3,2,2,2,0,0,0,0,204
2010,1,DEN,REG,2010_01_DEN_JAX,JAX,21,33,295,1,1,3,-21,0,0,315,127,14,7.72351732659312,7.43933523243124,0,12,6,6,1,25,89,1,1,1,6,-3.5517543918686,0,3,1,0,0,21,33,295,1,0,0,315,127,14,13.1019646148912,0,12,6,6,1,0,49,0,6,0,0,0,1,5,5,0,0,1,0,0,0,0,0,0,0,0,0,0,0,0,0,0,7,70,4,1,0,0,1,1,1,4,3,62,1,1,0,0,54,1,0,0,0,0,1,0,0,0,0,0,0,0,54,,,54,0,0,2,2,0,0,1,0,0,0,0,0,4,0,51,172,1,0,0,0,1,3,26,0,146
2010,1,DET,REG,2010_01_DET_CHI,CHI,20,34,171,0,1,2,-23,1,1,284,61,9,-5.79699337203056,2.23997587507421,0,7,3,1,0,21,20,2,1,1,3,-11.1655637303775,0,0,0,0,0,20,33,171,0,0,0,284,61,9,-1.06213264167309,0,7,3,1,0,0,62,4,4,0,0,4,4,10,7,1,23,3,0,0,0,0,0,0,0,0,0,1,0,3,10,0,7,40,5,2,1,0,3,2,2,3,3,68,0,0,0,0,,,0,0,0,0,0,0,0,0,0,0,0,0,,,,0,0,0,2,2,0,0,1,0,0,0,0,0,8,0,48,337,0,0,2,0,1,5,17,0,320
2010,1,GB,REG,2010_01_GB_PHI,PHI,19,31,188,2,2,3,-21,0,0,321,38,13,0.938667040408145,2.56487886110942,0,7,3,2,0,33,132,1,0,0,8,1.29163123483582,0,5,4,0,0,19,30,188,2,0,0,321,38,13,5.36443364317529,0,7,3,2,0,0,46,2,4,0,0,2,5,28,6,0,0,7,0,0,0,0,0,0,0,0,0,0,0,1,0,0,2,15,3,0,0,0,0,0,1,10,5,156,2,2,0,0,56,1,0,0,0,1,1,0,0,0,0,0,0,0,49;56,,,105,0,0,3,3,0,0,1,0,0,0,0,0,4,0,48,166,0,0,0,0,2,2,14,0,152
2010,1,HOU,REG,2010_01_IND_HOU,IND,9,17,107,1,1,2,-9,0,0,153,50,7,-3.91185788808134,-11.0173502389122,0,3,3,3,0,42,257,3,0,0,15,14.4746718542883,0,7,4,2,1,9,17,107,1,0,0,153,50,7,-1.62270915506151,0,3,3,3,0,0,38,14,24,0,0,1,2,14,10,0,0,5,0,0,0,0,0,0,0,0,0,0,0,1,3,0,7,50,4,0,0,0,0,0,1,39,3,79,2,2,0,0,49,1,0,0,1,1,0,0,0,0,0,0,0,0,30;49,,,79,0,0,4,4,0,0,1,0,0,0,0,0,2,0,58,91,1,0,0,0,1,1,13,0,78
2010,1,IND,REG,2010_01_IND_HOU,HOU,40,57,433,3,0,2,-14,0,0,454,146,20,18.7965290802349,7.6432593558964,0,13,6,4,1,10,44,0,0,0,3,-0.439155443862546,0,1,1,0,0,40,57,433,3,1,1,454,146,20,16.3538799268826,0,13,6,4,1,0,28,20,30,0,0,0,2,9,4,1,19,5,0,0,0,0,0,0,0,0,0,0,0,0,0,0,5,73,6,1,0,0,1,1,1,13,7,155,1,1,0,0,20,1,0,1,0,0,0,0,0,0,0,0,0,0,20,,,20,0,0,3,3,0,0,1,0,0,0,0,0,5,0,41,178,2,0,0,2,2,1,39,0,99
2010,1,JAX,REG,2010_01_DEN_JAX,DEN,16,21,170,3,0,1,-5,0,0,161,52,6,8.20667100129611,14.593292701812,0,7,5,5,0,34,134,0,0,0,9,-2.38044066604925,0,3,2,0,0,16,21,170,3,0,0,161,52,6,9.70197013523391,0,7,5,5,0,0,44,1,9,0,0,1,3,21,11,1,8,6,0,0,0,0,0,0,0,0,0,0,0,1,0,0,5,47,5,0,0,0,0,0,3,26,4,137,1,1,0,0,45,1,0,0,0,1,0,0,0,0,0,0,0,0,45,,,45,0,0,3,3,0,0,1,0,0,0,0,0,4,0,56,165,2,1,1,0,1,1,4,0,161
2010,1,KC,REG,2010_01_SD_KC,LAC,10,22,68,1,0,1,-6,0,0,189,35,4,-8.58010931522586,-12.9826013531004,0,3,1,0,0,26,135,1,0,0,5,-1.33080510370201,0,3,2,1,1,10,21,68,1,0,0,189,35,4,-6.76073193768389,0,3,1,0,0,1,42,11,17,0,0,1,1,9,5,0,0,8,0,1,0,0,0,0,0,0,0,1,0,1,23,0,3,35,4,0,1,0,1,0,5,160,3,59,0,0,0,0,,,0,0,0,0,0,0,0,0,0,0,0,0,,,,0,0,0,3,3,0,0,1,0,0,0,0,0,9,0,51,344,3,1,0,0,3,5,33,0,311
2010,1,LA,REG,2010_01_ARI_STL,ARI,32,55,253,1,3,2,-13,0,0,377,106,12,-13.7971458433306,-6.19447970831836,0,6,3,3,0,24,85,0,0,0,6,-2.44821111590136,0,2,1,0,0,32,55,253,1,1,0,377,106,12,-10.4214334602577,0,6,3,3,0,0,54,0,0,0,0,5,2,31,9,0,0,3,0,1,0,0,0,0,0,0,0,1,0,4,61,0,5,40,6,2,0,0,2,1,3,28,3,73,2,3,0,1,46,0.666666666666667,0,1,0,1,0,0,0,0,0,0,0,0,46;25,,34,71,0,34,1,1,0,0,1,0,0,0,0,0,6,0,63,325,3,0,0,1,0,5,31,0,274
2010,1,LAC,REG,2010_01_SD_KC,KC,22,39,298,2,0,2,-18,1,0,330,128,14,7.31320014939411,-2.75314477009651,0,11,8,5,1,29,109,0,2,1,4,-9.64255601493642,0,2,2,1,0,22,39,298,2,0,0,330,128,14,9.86943914945005,0,11,8,5,1,0,36,5,5,0,0,0,1,6,2,0,0,3,0,0,0,0,0,0,0,0,0,2,-6,0,0,0,5,30,4,1,2,0,3,1,5,33,2,32,0,0,0,0,,,0,0,0,0,0,0,0,0,0,0,0,0,,,,0,0,0,2,2,0,0,1,0,0,0,0,0,8,0,60,382,0,0,0,3,0,5,160,1,162
2010,1,LV,REG,2010_01_OAK_TEN,TEN,23,38,181,1,1,4,-30,2,1,232,99,9,-9.78069220780623,-3.84525523373955,0,10,3,1,0,25,135,0,0,0,8,2.89147112017963,0,5,4,0,0,23,38,181,1,0,0,232,99,9,-4.7950358845456,0,10,3,1,0,0,37,17,17,0,0,2,2,14,1,0,0,2,0,0,0,0,0,0,0,0,0,3,0,1,13,0,10,77,5,3,1,0,4,1,3,22,5,105,2,3,1,0,34,0.666666666666667,0,0,2,0,0,0,0,0,0,0,1,0,34;30,53,,64,53,0,1,1,0,0,1,0,0,0,0,0,4,0,68,219,1,1,0,0,0,3,21,0,198
2010,1,MIA,REG,2010_01_MIA_BUF,BUF,21,34,182,0,0,3,-18,0,0,219,84,9,-0.546046963042606,-1.61438601858476,0,8,3,1,0,36,132,1,0,0,10,0.514394994475879,0,3,1,0,0,21,34,182,0,0,0,219,84,9,3.21134721520401,0,8,3,1,0,0,25,14,16,0,0,0,3,23,8,0,0,7,0,0,1,0,0,0,0,0,0,0,0,0,0,0,3,15,6,0,0,0,0,0,2,9,2,27,2,3,1,0,43,0.666666666666667,0,0,1,1,0,0,0,0,0,1,0,0,32;43,46,,75,46,0,1,1,0,0,1,0,0,0,0,0,7,0,51,288,2,0,3,1,0,3,30,0,238
2010,1,MIN,REG,2010_01_MIN_NO,NO,15,27,171,1,1,1,-9,0,0,280,64,7,-4.6807123516379,-5.79098452020575,0,8,3,3,0,23,91,0,0,0,5,-1.4936833914835,0,2,2,0,0,15,27,171,1,0,0,280,64,7,-2.6087394618122,0,8,3,3,0,0,43,12,12,0,0,0,1,8,2,0,0,6,0,1,0,0,0,0,0,0,0,1,0,0,0,0,6,60,5,0,1,0,1,0,2,2,2,41,1,1,0,0,41,1,0,0,0,1,0,0,0,0,0,0,0,0,41,,,41,0,0,0,1,0,1,0,0,0,0,0,0,7,0,49,310,2,0,3,0,1,3,7,0,303
2010,1,NE,REG,2010_01_CIN_NE,CIN,25,35,258,3,0,0,0,0,0,257,177,13,14.1952254343514,8.78603415829795,0,10,4,4,1,23,118,0,0,0,7,0.984202818013728,0,2,1,1,0,25,35,258,3,0,0,257,177,13,14.1952254343514,0,10,4,4,1,1,34,24,26,0,0,1,1,4,6,1,59,6,1,0,0,0,0,0,0,0,0,0,0,1,0,0,6,30,5,0,0,0,0,0,1,4,4,184,1,3,2,0,32,0.333333333333333,0,0,1,0,0,0,0,0,0,1,1,0,32,47;56,,32,103,0,5,5,0,0,1,0,0,0,0,0,1,0,43,43,0,0,1,0,0,0,0,0,43
2010,1,NO,REG,2010_01_MIN_NO,MIN,27,36,237,1,0,1,-8,0,0,237,124,12,1.13393880544592,10.4271882772446,0,10,4,3,0,25,79,1,0,0,6,-0.422438648354728,0,2,0,0,0,27,35,237,1,0,0,237,124,12,3.699585474342,0,10,4,3,0,0,26,16,16,0,0,0,1,9,4,1,5,6,0,0,0,0,1,0,0,0,0,1,0,0,0,0,3,20,3,0,1,0,1,0,3,7,3,70,0,2,2,0,,0,0,0,0,0,0,0,0,0,1,1,0,0,,46;32,,0,78,0,2,2,0,0,1,0,0,0,0,0,5,0,58,216,2,1,0,0,2,2,2,0,214
2010,1,NYG,REG,2010_01_CAR_NYG,CAR,20,30,263,3,3,1,-5,0,0,300,79,10,4.48091860034413,9.30473913749059,0,11,7,5,0,36,118,1,1,1,9,-6.64120321156224,0,4,4,2,0,20,30,263,3,0,0,300,79,10,5.83579246385864,0,11,7,5,0,0,32,22,22,0,0,2,4,34,10,3,0,9,0,0,0,0,0,0,0,0,0,0,0,2,0,0,9,95,4,1,0,0,1,1,4,27,5,67,1,1,0,0,32,1,0,0,1,0,0,0,0,0,0,0,0,0,32,,,32,0,0,4,4,0,0,1,0,0,0,0,0,2,1,45,86,0,0,0,0,0,2,38,0,48
2010,1,NYJ,REG,2010_01_BAL_NYJ,BAL,10,21,74,0,0,2,-14,0,0,129,30,2,-12.6808470597829,-18.198483188947,0,1,0,0,0,21,116,0,1,1,3,-3.94678622102059,0,3,3,2,0,10,21,74,0,1,0,129,30,2,-8.34307702045084,0,1,0,0,0,0,35,24,26,0,0,2,2,15,4,1,66,7,0,1,0,0,0,0,0,0,0,1,0,2,2,0,14,125,5,2,1,1,3,1,4,62,2,49,3,3,0,0,48,1,0,2,0,1,0,0,0,0,0,0,0,0,23;28;48,,,99,0,0,0,0,0,0,,0,0,0,0,0,6,0,56,274,4,0,1,0,1,4,5,0,269
2010,1,PHI,REG,2010_01_GB_PHI,GB,21,34,199,1,0,5,-28,0,0,240,88,8,-1.32151294708619,-1.83284650830662,0,10,3,2,0,21,150,1,1,0,7,6.0296727026181,0,6,5,2,0,21,34,199,1,1,1,240,88,8,0.277777627523573,0,10,3,2,0,0,50,1,5,0,0,0,3,21,3,2,28,4,0,1,0,0,0,0,0,0,0,0,0,0,0,0,10,80,4,2,1,2,3,1,2,14,4,93,2,2,0,0,45,1,0,1,0,1,0,0,0,0,0,0,0,0,45;24,,,69,0,0,2,2,0,0,1,0,0,0,0,0,5,0,57,248,0,0,0,0,4,1,10,0,238
2010,1,PIT,REG,2010_01_ATL_PIT,ATL,18,26,236,0,1,3,-25,0,0,209,83,8,0.292077060690553,4.46494187300022,0,9,6,4,1,31,143,1,0,0,6,-1.98928235755587,0,2,2,1,1,18,26,236,0,0,0,209,83,8,4.38619024168647,0,9,6,4,1,0,36,17,29,0,0,0,2,15,3,1,1,5,0,0,0,0,0,0,0,0,0,0,0,0,0,0,4,25,5,0,0,0,0,0,2,7,1,23,3,5,2,0,52,0.6,0,0,2,0,1,0,0,0,0,1,1,0,52;36;34,55;40,,122,95,0,0,0,0,0,,0,0,0,0,0,5,0,55,254,0,0,0,0,3,2,20,0,234
2010,1,SEA,REG,2010_01_SF_SEA,SF,18,23,170,2,1,1,-5,0,0,132,80,9,6.02741801526281,15.7797989637955,0,7,3,1,0,23,77,1,0,0,3,-5.15244763159693,0,1,1,1,0,18,23,170,2,0,0,132,80,9,7.47116816576454,0,7,3,1,0,0,43,9,13,0,0,1,2,11,11,2,52,7,1,0,0,0,0,0,0,0,0,0,0,0,0,0,5,35,4,0,0,0,0,0,3,17,2,58,1,1,0,0,35,1,0,0,1,0,0,0,0,0,0,0,0,0,35,,,35,0,0,4,4,0,0,1,0,0,0,0,0,5,0,49,207,1,1,1,0,1,2,27,0,180
2010,1,SF,REG,2010_01_SF_SEA,SEA,26,45,225,0,2,2,-11,1,0,373,94,10,-13.7409149908466,0.817200056342191,0,8,4,1,0,19,49,0,0,0,4,-6.73802286910359,0,2,0,0,0,26,43,225,0,0,0,373,94,10,-9.45578571698334,0,8,4,1,0,0,36,9,9,0,0,0,1,5,3,1,7,1,0,0,0,0,0,0,0,0,0,1,0,0,0,0,8,60,3,1,0,0,1,0,2,27,4,67,2,2,0,0,23,1,0,2,0,0,0,0,0,0,0,0,0,0,23;23,,,46,0,0,0,0,0,0,,0,0,0,0,0,6,0,47,249,2,1,1,1,0,3,17,0,212
2010,1,TB,REG,2010_01_CLE_TB,CLE,17,28,182,2,1,3,-13,0,0,343,59,9,-5.0354854592288,1.75223041857992,0,7,6,3,0,30,119,0,1,1,3,-9.09689482901013,0,2,2,2,0,17,28,182,2,0,0,343,59,9,1.17124626209348,0,7,6,3,0,0,42,10,10,0,0,3,0,0,2,2,64,5,0,0,0,0,0,0,0,0,0,0,0,1,1,0,6,55,3,1,0,0,1,1,4,24,2,50,1,1,0,0,49,1,0,0,0,1,0,0,0,0,0,0,0,0,49,,,49,0,0,2,2,0,0,1,0,0,0,0,0,7,0,57,288,2,2,2,0,0,3,29,0,259
2010,1,TEN,REG,2010_01_OAK_TEN,LV,13,17,154,2,0,2,-14,1,1,105,67,6,2.46690910493554,8.89410534325768,0,4,3,3,1,39,205,3,0,0,10,4.42470957461046,0,6,5,2,1,13,17,154,2,1,0,105,56,6,8.64745241843694,0,4,3,3,1,0,39,21,21,0,0,3,4,30,5,1,32,7,0,0,0,0,0,0,0,0,0,1,0,1,0,0,8,81,2,2,0,0,2,1,3,21,3,70,1,1,0,0,43,1,0,0,0,1,0,0,0,0,0,0,0,0,43,,,43,0,0,5,5,0,0,1,0,0,0,0,0,4,0,60,200,2,0,1,0,0,3,22,0,178
2010,1,WAS,REG,2010_01_DAL_WAS,DAL,15,32,171,0,0,1,-10,0,0,259,64,10,-5.02225772034929,-13.6954107592183,0,10,6,2,0,23,89,0,1,0,3,-4.52468870236771,0,2,2,0,0,15,31,171,0,1,0,259,64,10,-2.45642082555772,0,10,6,2,0,0,32,24,24,0,0,1,1,5,3,0,0,8,0,0,0,0,0,0,0,0,0,1,-12,1,32,1,5,42,4,1,1,1,2,0,0,0,2,76,2,2,0,0,49,1,0,1,0,1,0,0,0,0,0,0,0,0,29;49,,,78,0,0,1,1,0,0,1,0,0,0,0,0,6,0,51,247,2,0,4,0,1,1,11,0,236
2010,2,ARI,REG,2010_02_ARI_ATL,ATL,18,33,164,0,3,2,-15,1,0,362,76,8,-18.1039377521189,-8.64673042669892,0,6,3,1,0,13,118,1,0,0,2,3.12985950690927,0,2,2,1,1,18,32,164,0,0,0,362,76,8,-14.2797473718343,0,6,3,1,0,0,57,6,6,0,0,1,1,2,1,0,0,5,0,0,0,0,0,0,0,0,0,1,0,1,0,0,10,109,4,1,0,0,1,0,0,0,5,91,0,1,1,0,,0,0,0,0,0,0,0,0,0,0,0,1,0,,54,,0,54,0,1,1,0,0,1,0,0,0,0,0,5,0,62,220,1,1,0,1,2,1,17,0,183
2010,2,ATL,REG,2010_02_ARI_ATL,ARI,21,32,225,3,0,1,-2,0,0,221,125,12,13.1203912856978,-1.89896989613771,0,11,3,1,0,45,221,2,1,1,13,-0.574043536630121,0,6,4,2,0,21,32,225,3,0,0,221,125,12,13.8275363250392,0,11,3,1,0,0,29,8,8,0,0,1,2,15,2,3,84,7,0,0,0,0,0,0,0,0,0,0,0,0,0,0,6,75,1,1,0,0,1,1,1,17,2,64,2,2,0,0,35,1,0,1,1,0,0,0,0,0,0,0,0,0,24;35,,,59,0,0,5,5,0,0,1,0,0,0,0,0,2,0,41,68,0,0,1,1,0,0,0,0,48
2010,2,BAL,REG,2010_02_BAL_CIN,CIN,17,39,154,1,4,1,-4,0,0,424,60,7,-20.4993543990401,-13.104583743291,0,7,4,1,0,23,109,0,0,0,6,3.00212813657708,0,1,1,1,0,17,39,154,1,0,0,424,60,7,-19.8848772768376,0,7,4,1,0,0,39,0,26,0,0,0,1,8,7,0,0,6,0,0,0,0,0,0,0,0,0,1,0,0,0,0,5,45,4,1,0,0,1,0,5,31,3,92,1,1,0,0,38,1,0,0,1,0,0,0,0,0,0,0,0,0,38,,,38,0,0,1,1,0,0,1,0,0,0,0,0,7,0,51,257,4,1,0,0,4,2,6,0,251
2010,2,BUF,REG,2010_02_BUF_GB,GB,11,18,102,0,2,4,-40,0,0,28,90,4,-16.4463270026026,-0.680931491984261,0,4,1,1,0,32,124,1,0,0,9,-0.559435281145852,0,4,1,0,0,11,18,102,0,0,0,28,90,4,-7.01820968324319,0,4,1,1,0,0,35,13,13,0,0,2,0,0,2,0,0,2,0,0,0,0,0,0,0,0,0,0,0,0,0,0,4,35,3,0,0,0,0,0,1,0,7,192,0,0,0,0,,,0,0,0,0,0,0,0,0,0,0,0,0,,,,0,0,0,1,1,0,0,1,0,0,0,0,0,5,0,51,232,1,0,0,1,1,3,22,0,190
2010,2,CAR,REG,2010_02_TB_CAR,TB,13,29,184,1,2,4,-25,1,1,235,115,10,-5.89299886178924,-18.3846026659012,0,8,5,3,0,33,119,0,1,0,6,-8.23753275730996,0,4,2,0,0,13,29,184,1,0,0,235,113,10,4.06282621494029,0,8,5,3,0,0,42,7,7,0,0,0,0,0,3,0,0,4,0,0,0,0,0,0,0,0,0,1,-1,0,0,0,4,48,4,1,1,0,2,1,4,8,5,92,0,0,0,0,,,0,0,0,0,0,0,0,0,0,0,0,0,,,,0,0,0,1,1,0,0,1,0,0,0,0,0,5,0,53,205,2,0,1,0,2,2,21,0,184
2010,2,CHI,REG,2010_02_CHI_DAL,DAL,21,29,277,3,0,1,-7,0,0,264,140,10,11.2251654797355,24.7223232984543,0,8,6,3,1,19,38,0,0,0,3,-7.29941894763804,0,1,1,0,0,21,25,277,3,0,0,264,140,10,16.1470531419618,0,8,6,3,1,0,51,0,8,0,0,1,0,0,5,2,38,7,0,0,0,0,0,0,0,0,0,0,0,1,0,0,2,10,5,0,0,0,0,0,1,-5,3,85,2,2,0,0,40,1,0,0,1,1,0,0,0,0,0,0,0,0,38;40,,,78,0,0,3,3,0,0,1,0,0,0,0,0,6,0,46,236,1,0,1,1,1,3,66,1,150
2010,2,CIN,REG,2010_02_BAL_CIN,BAL,16,35,167,0,0,1,-8,0,0,314,79,8,-2.56466724114402,-10.3861443698406,0,7,2,2,0,31,94,0,0,0,4,-8.05014687374933,0,3,1,0,0,16,34,167,0,0,0,314,79,8,-2.16927754929021,0,7,2,2,0,0,34,1,27,0,0,1,1,4,8,4,44,9,0,0,0,0,0,0,0,0,0,1,0,0,0,0,9,56,2,0,1,0,1,0,2,6,1,60,5,5,0,0,46,1,0,1,3,1,0,0,0,0,0,0,0,0,36;30;46;38;25,,,175,0,0,0,0,0,0,,0,0,0,0,0,8,0,59,353,0,0,1,1,1,5,31,0,302
2010,2,CLE,REG,2010_02_KC_CLE,KC,16,31,229,1,1,1,-3,0,0,366,132,8,-4.27053330110473,-5.32022387750687,0,7,3,3,2,26,73,1,1,1,3,-9.04372292134212,0,1,1,0,0,16,31,229,1,0,0,366,132,8,-3.69072195508605,0,7,3,3,2,0,45,16,16,0,0,0,1,4,3,2,1,5,0,0,0,0,0,0,0,0,0,0,0,0,0,0,9,78,5,1,0,0,1,1,1,5,5,50,0,1,1,0,,0,0,0,0,0,0,0,0,0,0,1,0,0,,42,,0,42,0,2,2,0,0,1,0,0,0,0,0,8,0,48,337,4,1,2,1,0,4,6,0,311
2010,2,DAL,REG,2010_02_CHI_DAL,CHI,34,51,374,1,2,0,0,0,0,352,151,17,4.12648988071686,2.14035911302941,0,15,12,6,0,20,36,0,0,0,6,-3.15160915948218,0,0,0,0,0,34,51,374,1,1,1,352,151,17,-0.0726743585071832,0,15,12,6,0,1,41,0,4,0,0,0,1,7,5,0,0,2,0,0,0,0,0,0,0,0,0,0,0,0,0,0,6,50,4,1,0,0,1,1,3,66,4,107,2,3,1,0,48,0.666666666666667,0,1,0,1,0,0,0,0,0,1,0,0,28;48,44,,76,44,0,2,2,0,0,1,0,0,0,0,0,3,0,53,127,1,1,0,1,0,1,-5,0,112
2010,2,DEN,REG,2010_02_SEA_DEN,SEA,25,35,307,2,0,1,-3,0,0,256,153,16,23.2049303671406,8.00490285669054,0,13,6,5,1,38,65,2,1,0,5,-7.75756411041948,0,0,0,0,0,25,35,307,2,0,0,256,153,16,24.8567546482259,0,13,6,5,1,0,30,9,9,0,0,0,1,3,1,3,13,5,0,0,0,0,0,0,0,0,0,0,0,1,0,0,3,35,5,1,0,1,1,0,2,2,1,11,1,1,0,0,20,1,0,1,0,0,0,0,0,0,0,0,0,0,20,,,20,0,0,4,4,0,0,1,0,0,0,0,0,4,0,63,205,2,0,0,0,1,3,82,0,123
2010,2,DET,REG,2010_02_PHI_DET,PHI,25,45,335,2,2,2,-6,1,0,351,234,13,5.31637928208695,-11.7458386222521,1,12,9,4,1,26,115,2,0,0,8,-0.762654414604185,0,5,4,1,0,25,45,335,2,0,0,351,234,13,7.29027888427847,1,12,9,4,1,0,45,0,20,0,0,1,5,36,11,0,0,4,0,0,0,0,0,0,0,0,0,1,0,0,0,0,9,51,5,1,0,0,1,0,3,34,5,109,1,1,0,0,49,1,0,0,0,1,0,0,0,0,0,0,0,0,49,,,49,0,0,3,3,0,0,1,0,0,0,0,0,4,0,66,210,1,0,0,0,1,3,15,0,195
2010,2,GB,REG,2010_02_BUF_GB,BUF,19,29,255,2,0,0,0,0,0,280,94,14,12.2237560408079,9.09272560785557,0,13,6,5,0,27,91,2,1,0,4,2.44739260507049,0,2,2,0,0,19,29,255,2,1,0,280,94,14,12.2237560408079,0,13,6,5,0,0,38,14,18,0,0,0,4,40,10,2,9,3,0,0,0,0,0,0,0,0,0,2,0,0,0,0,6,49,2,2,0,0,2,0,3,22,2,61,2,2,0,0,44,1,0,1,0,1,0,0,0,0,0,0,0,0,44;24,,,68,0,0,4,4,0,0,1,0,0,0,0,0,3,0,45,121,0,0,0,1,1,1,0,0,101
2010,2,HOU,REG,2010_02_HOU_WAS,WAS,38,52,497,3,1,5,-29,0,0,471,200,23,19.7053575211879,10.5851682046285,0,19,11,8,1,24,58,0,0,0,6,-0.349070685925262,0,3,0,0,0,38,52,497,3,0,0,471,200,23,25.3086967095146,0,19,11,8,1,0,38,5,17,0,0,0,3,23,4,0,0,5,0,0,0,0,0,1,0,0,0,0,0,0,0,0,5,45,7,0,0,0,0,0,4,28,6,88,3,4,1,0,47,0.75,0,0,1,2,0,0,0,0,0,1,0,0,47;43;35,47,,125,47,0,3,3,0,0,1,1,1,0,0,35,3,0,44,121,1,1,0,1,1,0,0,0,101
2010,2,IND,REG,2010_02_NYG_IND,NYG,20,26,255,3,0,1,-5,0,0,207,131,14,16.582215484581,13.4836982075985,0,10,4,3,1,43,160,1,2,1,10,-6.61122527846876,0,4,3,0,0,20,26,255,3,0,0,207,131,14,17.6607654615073,0,10,4,3,1,0,30,15,15,0,0,3,4,24,6,1,0,4,0,1,0,0,0,0,0,0,0,2,0,2,1,1,6,55,3,1,2,0,3,1,3,24,2,40,1,1,0,0,38,1,0,0,1,0,0,0,0,0,0,0,0,0,38,,,38,0,0,5,5,0,0,1,0,0,0,0,0,5,0,49,205,3,0,2,0,2,1,3,0,202
2010,2,JAX,REG,2010_02_JAX_SD,LAC,26,42,293,1,4,2,-14,0,0,435,92,14,-2.69673562279624,4.47417519441465,0,14,9,4,0,24,71,0,1,1,6,-8.23215708683711,0,2,0,0,0,26,41,293,1,1,1,435,92,14,-0.866284258516515,0,14,9,4,0,0,39,17,17,0,0,1,1,8,2,2,8,2,0,0,0,1,0,0,0,0,0,0,0,1,0,0,5,33,1,2,0,0,2,2,0,0,6,112,2,2,0,0,48,1,0,0,0,2,0,0,0,0,0,0,0,0,44;48,,,92,0,0,1,1,0,0,1,0,0,0,0,0,0,0,,0,0,0,0,0,0,0,0,0,0
2010,2,KC,REG,2010_02_KC_CLE,CLE,16,28,176,0,2,1,-4,0,0,187,87,10,1.83747544171213,-3.74969004520348,0,8,5,2,0,39,140,0,0,0,5,-9.69782671138185,0,3,1,1,0,16,28,176,0,0,0,187,87,10,3.55566709147691,0,8,5,2,0,0,34,11,11,0,0,1,1,3,3,1,33,2,1,0,0,0,0,0,0,0,0,0,0,1,0,0,4,30,6,0,0,0,0,0,4,6,3,58,3,3,0,0,35,1,0,2,1,0,0,0,0,0,0,0,0,0,35;26;23,,,84,0,0,1,1,0,0,1,0,0,0,0,0,6,0,59,249,2,3,1,1,0,1,5,0,224
2010,2,LA,REG,2010_02_STL_OAK,LV,14,25,167,2,1,3,-32,0,0,165,101,9,0.00759261191423022,-6.18452805280685,0,7,5,2,0,21,75,0,0,0,3,-2.92636771706748,0,2,2,1,0,14,25,167,2,0,0,165,101,9,5.16436735540628,0,7,5,2,0,0,52,1,13,0,0,1,2,18,1,2,16,7,0,0,0,0,0,0,0,0,0,0,0,0,0,0,8,92,3,0,0,0,0,0,1,0,5,118,0,1,1,0,,0,0,0,0,0,0,0,0,0,1,0,0,0,,36,,0,36,0,2,2,0,0,1,0,0,0,0,0,7,0,54,319,3,0,3,0,1,3,54,0,265
2010,2,LAC,REG,2010_02_JAX_SD,JAX,22,29,334,3,2,1,-8,0,0,221,152,17,17.3562023306279,15.4125784124647,0,14,8,5,2,30,151,2,0,0,7,1.72743324079784,0,5,3,2,0,22,28,334,3,1,1,221,152,17,15.2639586217831,0,14,8,5,2,0,42,14,14,0,0,2,2,14,4,4,25,9,0,0,0,0,0,0,0,0,0,0,0,2,15,0,4,25,3,1,0,0,1,1,0,0,3,56,1,1,0,0,41,1,0,0,0,1,0,0,0,0,0,0,0,0,41,,,41,0,0,5,5,0,0,1,0,0,0,0,0,1,1,34,34,0,1,0,0,0,0,0,0,34
2010,2,LV,REG,2010_02_STL_OAK,LA,19,37,249,1,2,2,-18,1,0,428,96,14,3.53343486070769,-2.5278524392181,0,11,6,4,0,40,173,0,1,0,6,-3.69122106646301,0,3,2,1,0,19,36,249,1,0,0,428,96,14,5.77798252851327,0,11,6,4,0,0,37,1,9,0,0,0,3,32,5,1,0,3,0,1,0,0,0,0,0,0,0,3,0,0,0,0,12,90,3,1,2,0,3,0,3,54,3,61,3,4,1,0,41,0.75,0,1,1,1,0,0,0,0,0,1,0,0,38;41;22,46,,101,46,0,1,1,0,0,1,0,0,0,0,0,3,0,47,129,2,0,0,1,1,1,0,0,109
2010,2,MIA,REG,2010_02_MIA_MIN,MIN,9,15,114,1,0,2,-8,0,0,123,29,5,0.13715220335871,-3.98930569489797,0,4,2,1,1,29,120,0,2,2,6,-11.9609448583797,0,1,1,1,1,9,15,114,1,0,0,123,29,5,3.31111693743151,0,4,2,1,1,0,46,12,24,0,0,1,3,17,6,3,17,8,0,0,0,0,0,0,0,0,0,0,0,1,0,1,2,15,2,2,0,0,2,2,0,0,2,37,0,0,0,0,,,0,0,0,0,0,0,0,0,0,0,0,0,,,,0,0,0,2,2,0,0,1,0,0,0,0,0,6,0,59,242,4,0,1,0,2,3,14,0,228
2010,2,MIN,REG,2010_02_MIA_MIN,MIA,22,36,225,0,3,3,-17,1,1,323,90,11,-14.4547096498481,-1.51677553852399,0,9,6,3,0,33,156,1,0,0,11,-1.57620003423654,0,5,5,1,0,22,36,225,0,0,0,323,90,11,-5.15631098317681,0,9,6,3,0,0,32,10,12,0,0,2,2,8,3,0,0,2,0,1,0,0,0,0,0,0,0,1,0,2,3,0,7,44,2,1,1,0,2,1,3,14,2,44,1,1,0,0,28,1,0,1,0,0,0,0,0,0,0,0,0,0,28,,,28,0,0,1,1,0,0,1,0,0,0,0,0,2,0,50,88,0,0,1,1,0,0,0,0,68
2010,2,NE,REG,2010_02_NE_NYJ,NYJ,20,36,248,2,2,1,-9,1,1,363,143,11,2.10715874412563,-5.15733991350446,0,8,5,2,1,20,52,0,0,0,5,-1.72938060003798,0,0,0,0,0,20,35,248,2,0,0,363,143,11,9.53481750690844,0,8,5,2,1,0,40,14,14,0,0,0,3,20,4,0,0,0,0,0,0,0,0,0,0,0,0,0,0,0,0,0,6,79,4,1,0,0,1,1,2,26,5,123,0,1,1,0,,0,0,0,0,0,0,0,0,0,1,0,0,0,,37,,0,37,0,2,2,0,0,1,0,0,0,0,0,3,0,56,146,1,0,0,0,1,2,11,0,135
2010,2,NO,REG,2010_02_NO_SF,SF,28,38,254,2,0,2,-17,0,0,150,195,14,9.64691228641298,11.5820542805725,0,10,3,2,0,24,50,0,0,0,1,-8.26186491054583,0,0,0,0,0,28,37,254,2,0,0,150,195,14,14.2437569610249,0,10,3,2,0,0,43,0,14,0,0,2,0,0,2,2,11,5,0,1,1,0,0,0,0,0,0,1,0,2,0,0,5,54,6,0,1,0,1,0,3,43,4,90,3,3,0,0,46,1,1,0,1,1,0,0,0,0,0,0,0,0,46;19;37,,,102,0,0,2,2,0,0,1,1,1,0,0,37,6,0,58,280,4,0,2,0,0,4,29,0,251
2010,2,NYG,REG,2010_02_NYG_IND,IND,13,24,161,2,1,4,-24,3,2,320,38,6,-11.468239465903,-0.397103528181712,0,3,2,2,1,25,120,0,0,0,6,-4.0385209271335,0,5,3,0,0,13,24,161,2,0,0,320,38,6,2.87173604272539,0,3,2,2,1,0,44,18,18,0,0,1,1,5,3,0,0,1,0,0,0,0,0,0,0,0,0,1,0,1,0,0,3,25,2,3,0,0,3,2,1,3,2,25,0,0,0,0,,,0,0,0,0,0,0,0,0,0,0,0,0,,,,0,0,0,2,2,0,0,1,0,0,0,0,0,6,0,62,271,1,1,1,0,1,3,24,0,247
2010,2,NYJ,REG,2010_02_NE_NYJ,NE,21,30,220,3,0,3,-20,0,0,264,81,14,10.2321285749438,8.95257830619812,1,10,3,3,0,32,136,0,0,0,6,-0.362914492143318,0,3,2,1,0,21,30,220,3,0,0,264,81,14,13.7967251360185,1,10,3,3,0,0,34,11,11,0,0,1,1,9,1,2,0,7,0,0,0,0,0,0,0,0,0,0,0,1,16,0,6,58,2,0,0,0,0,0,2,11,2,30,2,2,0,0,49,1,0,0,1,1,0,0,0,0,0,0,0,0,49;36,,,85,0,0,2,2,0,0,1,0,0,0,0,0,4,0,58,205,1,0,0,1,1,2,26,0,159
2010,2,PHI,REG,2010_02_PHI_DET,DET,21,34,284,2,0,6,-37,2,0,384,125,13,5.68931510858238,3.52223147364224,0,9,5,4,2,28,162,3,0,0,9,7.07523993641371,0,7,5,1,1,21,34,284,2,0,0,384,125,13,14.2087805515621,0,9,5,4,2,0,51,3,9,0,0,1,2,6,4,2,0,10,0,0,0,0,0,0,0,0,0,2,0,0,0,0,9,75,5,1,1,0,2,0,3,15,4,63,0,0,0,0,,,0,0,0,0,0,0,0,0,0,0,0,0,,,,0,0,0,5,5,0,0,1,0,0,0,0,0,7,0,63,341,2,1,0,1,2,3,34,0,287
2010,2,PIT,REG,2010_02_PIT_TEN,TEN,9,17,43,0,0,4,-22,1,1,112,40,0,-17.6091790661617,-8.33663090186961,0,2,0,0,0,33,106,0,2,0,6,-3.53441509955652,0,4,2,2,0,9,17,43,0,0,0,112,40,0,-9.11182945549307,0,2,0,0,0,1,42,15,17,0,0,6,4,23,1,3,8,4,0,0,0,0,0,0,0,0,0,3,-7,4,0,0,5,35,5,1,3,0,4,1,4,33,2,115,4,4,0,0,36,1,0,2,2,0,0,0,0,0,0,0,0,0,36;34;25;27,,,122,0,0,1,1,0,0,1,0,0,0,0,0,8,0,59,348,0,0,0,3,2,3,43,0,245
2010,2,SEA,REG,2010_02_SEA_DEN,DEN,20,35,233,1,3,1,-3,0,0,335,112,11,1.4751776875346,-3.38073909282684,0,7,4,3,1,20,109,1,0,0,6,6.20348048803862,0,4,4,1,0,20,35,233,1,0,0,335,112,11,3.00178442051401,0,7,4,3,1,0,53,9,9,0,0,1,1,3,1,0,0,2,0,1,0,0,0,0,0,0,0,0,0,0,0,0,7,64,5,0,1,0,1,1,3,82,1,13,0,0,0,0,,,0,0,0,0,0,0,0,0,0,0,0,0,,,,0,0,0,2,2,0,0,1,0,0,0,0,0,2,0,56,107,1,0,0,0,0,2,2,0,105
2010,2,SF,REG,2010_02_NO_SF,NO,23,32,275,1,2,0,0,0,0,224,157,12,4.19153952425416,4.89733144640923,1,11,5,3,1,26,142,2,0,0,10,6.87525463264319,0,5,3,1,0,23,32,275,1,2,1,224,151,12,0.30933553697844,1,11,5,3,1,0,53,0,18,0,0,0,2,17,3,0,0,4,0,1,0,0,0,0,0,0,0,1,-15,0,0,0,5,40,5,2,2,1,4,2,4,29,4,63,0,0,0,0,,,0,0,0,0,0,0,0,0,0,0,0,0,,,,0,0,0,2,2,0,0,1,0,0,0,0,0,3,0,54,141,1,0,0,0,0,3,43,0,98
2010,2,TB,REG,2010_02_TB_CAR,CAR,12,25,178,2,0,0,0,0,0,305,63,7,6.44342595514044,-4.5585697516799,0,7,4,3,1,34,95,0,0,0,5,-4.49318422691431,0,3,2,0,0,12,24,178,2,0,0,305,63,7,7.19624596078083,0,7,4,3,1,0,46,5,17,0,0,1,4,25,4,2,26,3,0,0,0,0,0,0,0,0,0,0,0,1,5,0,4,30,2,0,0,0,0,0,2,21,1,18,2,2,0,0,33,1,0,1,1,0,0,0,0,0,0,0,0,0,24;33,,,57,0,0,2,2,0,0,1,0,0,0,0,0,6,0,52,247,1,0,0,1,1,4,8,0,219
2010,2,TEN,REG,2010_02_PIT_TEN,PIT,24,35,215,1,3,4,-23,3,2,285,43,12,-14.1343379089051,12.0737607731964,1,8,5,2,0,22,46,0,2,1,2,-12.568970873137,0,1,0,0,0,24,33,215,1,0,0,285,43,12,-0.0648174201162153,1,8,5,2,0,0,33,20,24,0,0,1,4,22,6,0,0,3,0,0,0,0,0,0,0,0,0,2,-8,1,5,0,11,72,4,6,1,1,7,4,3,43,4,97,1,1,0,0,21,1,0,1,0,0,0,0,0,0,0,0,0,0,21,,,21,0,0,0,0,0,0,,0,0,0,0,0,5,0,57,244,1,1,0,0,0,4,33,0,211
2010,2,WAS,REG,2010_02_HOU_WAS,HOU,28,38,426,1,0,3,-23,0,0,383,190,17,17.7038452758381,9.84298751542443,0,15,9,7,2,17,18,2,0,0,3,-3.62045604267041,0,1,1,0,0,28,38,426,1,0,0,383,190,17,19.392079696215,0,15,9,7,2,0,39,18,52,0,0,0,5,29,9,1,5,8,0,0,0,0,0,0,0,0,0,0,0,0,0,0,7,58,3,0,0,0,0,0,0,0,4,82,2,4,1,1,41,0.5,0,1,0,1,0,0,0,0,0,0,1,0,41;27,52,29,68,52,29,3,3,0,0,1,0,0,0,0,0,4,0,52,192,0,0,0,0,0,4,28,0,164
2010,3,ARI,REG,2010_03_OAK_ARI,LV,12,26,122,2,1,2,-14,0,0,235,43,7,-6.22040122663691,-12.3840581178665,0,5,3,2,0,26,119,0,0,0,7,-2.14548668367206,0,5,5,1,0,12,25,122,2,0,0,235,43,7,-2.32383208882618,0,5,3,2,0,1,47,13,13,0,0,1,3,24,6,1,10,9,0,2,0,0,0,0,0,0,0,0,0,0,0,0,7,104,3,0,2,0,2,2,4,6,5,179,1,1,0,0,42,1,0,0,0,1,0,0,0,0,0,0,0,0,42,,,42,0,0,3,3,0,0,1,0,0,0,0,0,6,0,58,295,2,0,2,1,0,3,8,0,267
2010,3,ATL,REG,2010_03_ATL_NO,NO,19,30,228,2,0,2,-13,0,0,228,95,12,13.0362588847638,5.69794651653085,0,10,4,3,0,50,202,1,0,0,10,-3.40095103563093,0,5,5,1,0,19,28,228,2,0,0,228,95,12,19.9181095170788,0,10,4,3,0,0,37,12,12,0,0,1,2,10,4,2,36,4,0,1,0,0,0,0,0,0,0,0,0,1,0,0,6,40,4,0,1,0,1,1,1,0,4,82,2,2,0,0,46,1,0,1,0,1,0,0,0,0,0,0,0,0,23;46,,,69,0,0,3,3,0,0,1,1,1,0,0,46,4,0,52,158,1,0,0,0,3,1,72,0,86
2010,3,BAL,REG,2010_03_CLE_BAL,CLE,23,32,256,3,0,0,0,0,0,278,104,16,14.3238195373136,13.5270503349602,0,13,4,3,0,27,109,0,0,0,2,0.448120370449033,0,1,1,1,0,23,32,256,3,0,0,278,104,16,14.3238195373136,0,13,4,3,0,0,30,20,20,0,0,0,2,10,2,0,0,3,0,0,0,0,0,0,0,0,0,0,0,0,0,0,8,60,4,0,0,0,0,0,3,24,4,85,1,2,1,0,49,0.5,0,0,0,1,0,0,0,0,0,0,1,0,49,51,,49,51,0,3,3,0,0,1,0,0,0,0,0,3,0,60,146,1,2,0,0,0,1,0,0,146
2010,3,BUF,REG,2010_03_BUF_NE,NE,20,28,247,2,2,1,-7,0,0,245,103,12,7.90146131406429,10.2075626807553,0,10,4,3,0,24,134,0,0,0,7,3.03731605661547,0,4,3,0,0,20,28,247,2,0,0,245,103,12,9.293222815384,0,10,4,3,0,1,26,33,33,0,0,1,1,7,2,0,0,2,0,1,0,0,0,0,0,0,0,0,0,1,0,0,6,45,5,0,1,1,1,0,3,9,5,189,3,4,1,0,39,0.75,0,0,3,0,0,0,0,0,0,0,1,0,39;39;34,51,,112,51,0,3,3,0,0,1,0,0,0,0,0,1,0,33,33,0,0,1,0,0,0,0,0,33
2010,3,CAR,REG,2010_03_CIN_CAR,CIN,16,33,188,0,1,1,-8,0,0,259,83,9,-3.73103834944777,-10.5942940339446,0,7,2,2,1,24,87,1,4,3,4,-15.302630130027,0,3,3,1,0,16,32,188,0,0,0,259,83,9,-1.4715139719774,0,7,2,2,1,0,46,8,24,0,0,0,1,10,5,2,40,9,0,0,0,0,0,0,0,0,0,1,-5,0,0,0,6,45,3,1,3,0,4,3,0,0,3,68,0,0,0,0,,,0,0,0,0,0,0,0,0,0,0,0,0,,,,0,0,0,1,1,0,0,1,0,0,0,0,0,6,0,57,267,0,0,0,1,0,5,42,0,205
2010,3,CHI,REG,2010_03_GB_CHI,GB,16,27,221,1,1,3,-22,0,0,255,84,11,0.890466922437307,0.0773285443966205,0,9,6,4,0,18,77,0,0,0,2,-0.950071898855818,0,4,2,0,0,16,27,221,1,1,0,255,84,11,5.82193468535273,0,9,6,4,0,1,49,4,4,0,0,1,0,0,3,1,1,4,0,0,0,0,0,1,0,0,0,0,0,1,0,0,5,38,4,1,0,1,1,0,3,93,3,91,2,3,1,0,25,0.666666666666667,1,1,0,0,0,0,0,0,0,1,0,0,25;19,49,,44,49,0,2,2,0,0,1,1,1,0,0,19,2,0,49,97,1,1,0,0,0,1,10,0,87
2010,3,CIN,REG,2010_03_CIN_CAR,CAR,19,37,195,1,2,1,-10,0,0,256,100,12,-10.6948027411931,-10.7785882982048,0,8,4,2,0,37,120,1,1,0,8,0.638330830959603,0,3,1,0,0,19,37,195,1,0,0,256,100,12,-8.56747037581997,0,8,4,2,0,0,30,3,17,0,0,1,1,8,5,1,0,6,0,0,0,0,0,0,0,0,0,1,0,3,5,0,8,69,4,0,1,0,1,0,5,42,1,16,2,2,0,0,50,1,0,0,1,0,1,0,0,0,0,0,0,0,33;50,,,83,0,0,2,2,0,0,1,0,0,0,0,0,6,0,51,249,5,1,3,1,1,0,0,0,229
2010,3,CLE,REG,2010_03_CLE_BAL,BAL,18,24,141,1,0,2,-10,0,0,150,67,9,3.07375793713703,9.89432899902264,0,6,3,2,0,29,173,1,1,0,7,2.91311955329729,0,4,4,2,1,18,24,141,1,0,0,150,67,9,5.57007303597033,0,6,3,2,0,0,33,16,16,0,0,0,0,0,2,0,0,3,0,0,0,0,0,0,0,0,0,1,-17,0,0,0,8,60,4,0,1,0,1,0,1,0,2,47,1,1,0,0,38,1,0,0,1,0,0,0,0,0,0,0,0,0,38,,,38,0,0,2,2,0,0,1,0,0,0,0,0,6,0,54,294,2,0,1,1,1,3,24,0,250
2010,3,DAL,REG,2010_03_DAL_HOU,HOU,23,30,284,2,0,0,0,0,0,261,109,13,16.0872820737526,19.0820320926864,0,12,4,3,1,27,101,1,0,0,6,-0.720887372028746,0,3,3,0,0,23,29,284,2,0,0,261,109,13,17.595042322016,0,12,4,3,1,0,43,11,13,0,0,1,4,25,5,2,-4,5,0,0,0,0,0,0,0,0,0,0,0,1,1,0,8,49,5,0,0,0,0,0,1,12,3,62,2,2,0,0,49,1,0,0,0,2,0,0,0,0,0,0,0,0,49;40,,,89,0,0,3,3,0,0,1,0,0,0,0,0,2,0,59,107,0,0,0,0,0,2,12,0,95
2010,3,DEN,REG,2010_03_IND_DEN,IND,37,57,476,1,1,1,-4,0,0,444,191,20,6.11142564099366,1.92436596803498,0,17,14,7,2,18,47,0,0,0,2,-7.20381465519313,0,0,0,0,0,37,57,476,1,2,0,444,193,20,7.27305098855952,0,17,14,7,2,0,39,6,14,0,0,0,0,0,3,0,0,7,0,1,0,0,0,0,0,0,0,1,0,0,0,0,6,60,6,1,2,1,3,1,5,57,0,0,2,2,0,0,34,1,0,1,1,0,0,0,0,0,0,0,0,0,25;34,,,59,0,0,1,1,0,0,1,0,0,0,0,0,3,0,55,143,1,0,0,0,2,1,4,0,139
2010,3,DET,REG,2010_03_DET_MIN,MIN,29,43,237,1,2,1,-5,0,0,261,117,12,-7.31644501612991,2.19591187183247,0,7,4,2,0,19,63,0,0,0,3,-3.53522305440856,0,2,2,1,0,29,43,237,1,0,0,261,117,12,-5.81038097088695,0,7,4,2,0,0,53,3,5,0,0,0,2,16,5,2,27,6,0,1,0,0,0,0,0,0,0,0,0,1,-4,0,8,67,5,0,1,0,1,1,1,0,5,142,1,2,1,0,33,0.5,0,0,1,0,0,0,0,0,0,1,0,0,33,44,,33,44,0,1,1,0,0,1,0,0,0,0,0,7,0,53,300,1,0,0,1,1,5,29,0,251
2010,3,GB,REG,2010_03_GB_CHI,CHI,34,45,316,1,1,0,0,0,0,397,120,16,16.4855230029984,20.7171326946645,0,11,4,3,0,15,63,1,0,0,4,0.820027025940362,0,3,2,0,0,34,42,316,1,1,1,397,120,16,15.5997590368402,0,11,4,3,0,0,41,1,1,0,0,1,3,22,6,1,15,3,0,0,0,0,0,0,0,0,0,0,0,0,0,0,17,152,6,1,0,0,1,1,1,10,5,97,1,2,0,1,38,0.5,0,0,1,0,0,0,0,0,0,0,0,0,38,,37,38,0,37,2,2,0,0,1,0,0,0,0,0,3,0,58,150,0,0,0,0,0,3,93,1,57
2010,3,HOU,REG,2010_03_DAL_HOU,DAL,23,32,241,1,2,4,-25,0,0,244,113,15,2.1441189429617,3.41602088883519,0,13,4,2,0,22,124,0,1,1,7,-3.84828627799288,0,6,5,2,0,23,32,241,1,0,0,244,113,15,10.1099932003849,0,13,4,2,0,0,28,16,30,0,0,0,0,0,6,0,0,3,0,0,0,0,0,0,0,0,0,0,0,0,0,0,5,32,4,1,0,0,1,1,2,12,5,122,2,2,0,0,30,1,0,1,1,0,0,0,0,0,0,0,0,0,24;30,,,54,0,0,1,1,0,0,1,0,0,0,0,0,3,0,42,110,1,0,1,1,0,1,12,0,78
2010,3,IND,REG,2010_03_IND_DEN,DEN,27,43,325,3,0,0,0,0,0,463,118,15,18.555707565451,8.40778960738071,0,12,6,5,1,22,40,0,1,0,3,-4.75938768527703,0,1,0,0,0,27,43,325,3,0,0,463,118,15,18.555707565451,0,12,6,5,1,0,50,7,9,0,0,1,1,4,1,1,44,9,0,0,0,0,0,0,0,0,0,1,-2,1,0,0,4,27,2,0,1,0,1,0,1,4,1,16,2,2,0,0,38,1,0,0,2,0,0,0,0,0,0,0,0,0,38;33,,,71,0,0,3,3,0,0,1,0,0,0,0,0,6,0,61,287,1,0,0,1,0,5,57,0,210
2010,3,JAX,REG,2010_03_PHI_JAX,PHI,13,30,105,0,1,6,-51,0,0,266,39,6,-22.7152125559911,-16.4304814736048,0,4,2,2,0,33,130,0,1,0,9,-1.57080573873827,0,5,3,0,0,13,30,105,0,0,0,266,39,6,-13.8417709729798,0,4,2,2,0,0,42,0,2,0,0,0,3,24,10,0,0,4,0,0,0,0,0,0,0,0,0,1,0,0,0,0,4,67,1,0,1,0,1,0,5,62,4,67,1,1,0,0,51,1,0,0,0,0,1,0,0,0,0,0,0,0,51,,,51,0,0,0,0,0,0,,0,0,0,0,0,8,0,63,384,3,0,1,2,2,3,31,0,313
2010,3,KC,REG,2010_03_SF_KC,SF,16,27,250,3,1,0,0,0,0,232,131,11,8.00088096049963,2.99495722238834,0,11,8,4,1,39,207,1,0,0,10,4.40093454337073,0,5,4,3,0,16,26,250,3,0,0,232,131,11,8.57828860768582,0,11,8,4,1,0,35,10,14,0,0,1,5,24,9,1,0,6,0,0,0,0,0,0,0,0,0,0,0,0,0,0,7,40,2,0,0,0,0,0,6,65,2,36,1,2,1,0,32,0.5,0,0,1,0,0,0,0,0,1,0,0,0,32,38,,32,38,0,4,4,0,0,1,0,0,0,0,0,4,0,59,177,3,0,1,0,2,1,0,0,177
2010,3,LA,REG,2010_03_WAS_STL,WAS,23,37,235,1,1,1,-3,0,0,192,133,15,5.30583467476089,-8.33924659660884,0,8,4,2,0,37,133,2,0,0,7,-0.659805286134651,0,3,3,1,1,23,37,235,1,0,0,192,133,15,6.97256506888215,0,8,4,2,0,0,38,6,6,0,0,1,1,3,5,1,4,6,0,0,0,1,0,0,0,0,0,0,0,1,49,0,9,99,3,1,0,0,1,1,2,21,3,57,3,4,0,1,37,0.75,0,1,2,0,0,0,0,0,0,0,0,0,37;29;36,,21,102,0,21,3,3,0,0,1,0,0,0,0,0,3,0,52,138,1,0,0,0,1,2,1,0,137
2010,3,LAC,REG,2010_03_SD_SEA,SEA,29,53,455,2,2,4,-26,0,0,605,130,22,15.6578533623562,2.06057798862457,1,20,16,8,1,21,89,0,1,1,5,-8.11462257517269,0,3,3,0,0,29,50,455,2,1,1,605,130,22,18.2546711262277,1,20,16,8,1,0,49,2,2,0,0,1,3,17,4,1,0,3,0,0,1,0,0,0,0,0,0,0,0,0,0,0,11,83,4,3,0,0,3,3,2,23,5,132,1,1,0,0,29,1,0,1,0,0,0,0,0,0,0,0,0,0,29,,,29,0,0,1,1,0,0,1,0,0,0,0,0,5,0,53,207,3,0,0,0,2,3,44,0,163
2010,3,LV,REG,2010_03_OAK_ARI,ARI,17,34,255,1,1,3,-24,1,0,396,114,12,0.353926436934934,-3.90776948017233,0,11,7,5,1,33,133,1,1,0,4,-5.05168600000765,0,3,3,1,0,17,34,255,1,0,0,396,114,12,4.94081071998816,0,11,7,5,1,0,33,11,11,0,0,0,2,14,4,1,-4,2,0,0,0,0,0,0,0,0,0,1,-7,2,0,0,11,123,6,1,1,1,2,0,3,8,4,107,3,6,3,0,54,0.5,0,2,0,0,1,0,0,0,1,1,1,0,22;54;23,41;58;32,,99,131,0,2,2,0,0,1,0,1,1,0,32,5,0,57,259,2,0,1,0,0,4,6,0,253
2010,3,MIA,REG,2010_03_NYJ_MIA,NYJ,26,45,363,2,1,2,-11,0,0,493,96,20,8.72886777865609,-0.187666879759895,0,21,8,3,1,23,84,0,1,0,3,-3.73171477281721,0,1,1,0,0,26,45,363,2,0,0,493,96,20,11.8938212542413,0,21,8,3,1,0,37,6,8,0,0,0,0,0,1,0,0,5,0,0,0,0,0,1,0,0,0,1,0,0,0,0,6,52,4,1,0,0,1,0,1,18,6,141,3,3,0,0,50,1,0,1,0,1,1,0,0,0,0,0,0,0,44;20;50,,,114,0,0,2,2,0,0,1,0,0,0,0,0,3,1,68,138,3,0,1,0,1,1,8,0,130
2010,3,MIN,REG,2010_03_DET_MIN,DET,23,34,201,1,2,2,-16,0,0,216,83,11,-9.5617450826097,1.55340812423012,0,9,3,1,0,30,183,2,1,1,5,-2.00768609117949,0,5,2,1,1,23,33,201,1,0,0,216,83,11,-4.84328300086723,0,9,3,1,0,0,46,9,11,0,0,0,1,5,6,2,19,6,0,0,0,0,0,0,0,0,0,0,0,1,0,0,12,100,1,0,1,0,1,1,5,29,2,41,1,1,0,0,31,1,0,0,1,0,0,0,0,0,0,0,0,0,31,,,31,0,0,3,3,0,0,1,0,0,0,0,0,5,0,49,216,4,0,1,0,3,1,0,0,216
2010,3,NE,REG,2010_03_BUF_NE,BUF,21,27,252,3,0,1,-7,0,0,267,81,12,13.1468804619446,14.1713983482785,0,9,6,5,0,38,200,2,0,0,12,7.38448518927908,0,5,5,3,0,21,27,252,3,1,1,267,81,12,11.0697538594187,0,9,6,5,0,0,29,18,18,0,0,0,1,7,3,2,26,2,0,0,0,0,0,0,0,0,0,0,0,0,0,0,4,35,3,1,0,0,1,1,0,0,7,141,1,1,0,0,43,1,0,0,0,1,0,0,0,0,0,0,0,0,43,,,43,0,0,5,5,0,0,1,0,0,0,0,0,3,0,44,113,0,0,0,0,0,3,9,0,104
2010,3,NO,REG,2010_03_ATL_NO,ATL,30,38,365,3,2,2,-10,0,0,281,206,17,8.61249515413575,13.8363453987482,0,12,5,4,1,16,43,0,1,1,3,-8.05348766368115,0,1,1,0,0,30,37,365,3,0,0,281,206,17,11.7167433786605,0,12,5,4,1,0,44,28,28,0,0,0,2,13,5,0,0,4,0,0,0,0,0,0,0,0,0,0,0,1,0,0,4,38,7,1,0,0,1,1,1,72,3,81,1,2,1,0,32,0.5,0,0,1,0,0,0,0,1,0,0,0,0,32,29,,32,29,0,3,3,0,0,1,0,0,0,0,0,2,0,57,98,0,0,0,1,0,1,0,0,78
2010,3,NYG,REG,2010_03_TEN_NYG,TEN,34,48,386,0,2,2,-22,0,0,421,164,16,-5.54707898242125,8.73448994631569,0,16,9,5,1,20,107,1,1,1,7,-0.929232973547187,0,3,2,2,0,34,48,386,0,0,0,421,164,16,-1.80582919235533,0,16,9,5,1,0,37,17,17,0,0,0,1,8,1,0,0,1,0,0,0,0,0,0,0,0,0,0,0,0,0,0,11,86,5,1,0,0,1,1,2,11,3,67,1,3,2,0,50,0.333333333333333,0,0,0,0,1,0,0,0,0,1,1,0,50,53;44,,50,97,0,1,1,0,0,1,0,0,0,0,0,0,0,,0,0,0,0,0,0,0,0,0,0
2010,3,NYJ,REG,2010_03_NYJ_MIA,MIA,15,28,256,3,0,0,0,0,0,284,125,11,14.1932010666351,-3.76277163072869,0,9,6,5,1,29,146,1,0,0,7,3.40768567624509,0,5,4,1,0,15,27,256,3,0,0,284,125,11,14.2330920600216,0,9,6,5,1,0,46,5,9,0,0,1,2,11,5,1,0,5,0,0,0,1,0,0,0,0,0,0,0,0,0,0,9,81,5,0,0,0,0,0,1,8,4,150,1,2,0,1,30,0.5,0,0,1,0,0,0,0,0,0,0,0,0,30,,61,30,0,61,4,4,0,0,1,0,0,0,0,0,4,0,61,168,2,0,1,0,2,1,18,0,150
2010,3,PHI,REG,2010_03_PHI_JAX,JAX,17,31,291,3,0,3,-24,0,0,243,120,10,10.3000875448924,2.98679948880755,0,10,6,5,3,21,106,1,0,0,4,-0.785362876020372,0,3,3,0,0,17,30,291,3,0,0,243,120,10,15.6382789353374,0,10,6,5,3,0,57,0,2,0,0,0,6,51,11,1,5,8,0,0,0,0,0,0,0,0,0,0,0,0,0,0,7,84,4,0,0,0,0,0,3,31,2,59,0,0,0,0,,,0,0,0,0,0,0,0,0,0,0,0,0,,,,0,0,0,4,4,0,0,1,0,0,0,0,0,7,0,56,316,2,1,0,0,1,5,62,0,254
2010,3,PIT,REG,2010_03_PIT_TB,TB,12,17,186,3,2,0,0,0,0,153,55,7,7.61450637952875,14.009166136384,0,6,4,3,2,32,201,1,0,0,10,5.79976143018575,0,8,7,2,0,12,16,186,3,0,0,153,55,7,8.0854482160088,0,6,4,3,2,0,47,8,8,0,0,1,4,23,5,1,79,5,1,0,0,0,0,0,0,0,0,0,0,1,5,0,2,20,3,0,0,0,0,0,1,8,4,84,1,1,0,0,24,1,0,1,0,0,0,0,0,0,0,0,0,0,24,,,24,0,0,5,5,0,0,1,0,0,0,0,0,1,0,62,62,1,0,1,0,0,0,0,0,62
2010,3,SEA,REG,2010_03_SD_SEA,LAC,19,32,220,1,1,3,-17,0,0,278,93,8,2.06407707397377,-0.13748868819206,0,6,3,3,1,21,68,0,0,0,4,-7.64820678971772,0,1,1,1,0,19,31,220,1,1,1,278,93,8,-0.270719910677125,0,6,3,3,1,2,42,15,19,0,0,3,4,26,9,2,55,8,0,0,0,0,0,0,0,0,0,0,0,3,0,0,5,32,6,1,0,1,1,1,3,44,4,253,2,2,0,0,23,1,0,2,0,0,0,0,0,0,0,0,0,0,23;23,,,46,0,0,3,3,0,0,1,0,0,0,0,0,5,0,52,202,2,0,0,1,2,2,23,0,159
2010,3,SF,REG,2010_03_SF_KC,KC,23,42,232,1,1,5,-24,1,0,234,166,9,-6.76015242140563,-6.91193782147907,0,9,4,3,1,15,43,0,0,0,2,-5.49545983923599,0,0,0,0,0,23,42,232,1,0,0,234,166,9,0.445858689045445,0,9,4,3,1,0,52,5,5,0,0,0,0,0,6,1,0,2,0,0,0,0,0,0,0,0,0,1,0,0,0,0,6,55,4,1,0,0,1,0,1,0,3,65,1,1,0,0,51,1,0,0,0,0,1,0,0,0,0,0,0,0,51,,,51,0,0,1,1,0,0,1,0,0,0,0,0,8,0,58,378,2,0,0,1,1,6,65,0,293
2010,3,TB,REG,2010_03_PIT_TB,PIT,26,37,251,0,1,4,-23,0,0,227,134,12,-10.0666239465382,6.40226385423115,0,11,4,3,1,21,75,1,0,0,5,0.801827460993081,0,2,1,0,0,26,35,251,0,1,1,227,134,12,-6.96030480379989,0,11,4,3,1,0,31,11,11,0,0,0,0,0,1,2,4,2,0,0,0,0,0,0,0,0,0,1,0,0,0,0,4,45,2,1,1,0,2,1,0,0,6,133,2,2,0,0,40,1,0,1,0,1,0,0,0,0,0,0,0,0,40;24,,,64,0,0,1,1,0,0,1,0,0,0,0,0,5,0,38,155,1,1,0,0,3,1,8,0,147
2010,3,TEN,REG,2010_03_TEN_NYG,NYG,10,16,118,1,0,1,-8,0,0,181,22,8,6.61938083650827,2.42351070046425,0,9,1,0,0,41,161,2,0,0,7,-0.667561012608362,0,3,3,1,1,10,16,118,1,0,0,181,22,8,8.82487253718361,0,9,1,0,0,0,38,22,22,0,0,1,2,22,7,2,-6,7,0,0,1,0,0,0,0,0,0,0,0,1,0,0,8,80,0,0,0,0,0,0,0,0,3,74,2,2,0,0,48,1,0,1,0,1,0,0,0,0,0,0,0,0,48;22,,,70,0,0,3,3,0,0,1,0,0,0,0,0,5,0,55,214,1,0,2,1,0,2,11,0,183
2010,3,WAS,REG,2010_03_WAS_STL,LA,19,32,236,1,1,1,-3,0,0,312,109,8,-4.50279426535645,-1.33794882605153,0,10,5,2,1,17,116,0,0,0,4,1.80877754561535,0,3,3,3,0,19,31,236,1,1,1,312,109,8,-10.7869941762933,0,10,5,2,1,0,56,9,9,0,0,1,1,3,2,1,5,6,0,1,0,0,0,1,0,0,0,0,0,1,0,0,9,65,6,1,1,1,2,1,2,1,6,170,3,3,0,0,29,1,0,3,0,0,0,0,0,0,0,0,0,0,29;24;21,,,74,0,0,1,1,0,0,1,0,0,0,0,0,4,1,42,141,1,1,0,0,1,2,21,0,120
2010,4,ARI,REG,2010_04_ARI_SD,LAC,15,28,146,0,2,9,-69,1,1,231,28,7,-24.3539441911962,-8.68736356496811,0,6,3,1,0,14,47,0,0,0,3,-0.790222700044978,0,0,0,0,0,15,27,146,0,0,0,231,28,7,-5.26167503540637,0,6,3,1,0,0,42,14,14,0,0,1,1,10,1,0,0,1,0,0,0,0,0,0,0,0,0,0,0,1,42,1,5,34,3,1,0,0,1,1,1,19,7,119,1,1,0,0,53,1,0,0,0,0,1,0,0,0,0,0,0,0,53,,,53,0,0,1,1,0,0,1,0,0,0,0,0,5,0,57,214,1,1,0,0,1,3,19,0,195
2010,4,ATL,REG,2010_04_SF_ATL,SF,26,43,273,1,2,3,-14,0,0,349,88,12,-1.009374181106,-5.82136276156403,0,11,6,4,0,29,98,0,0,0,9,-1.56892414794167,0,2,1,1,0,26,43,273,1,0,0,349,88,12,2.50561596313286,0,11,6,4,0,0,42,6,6,0,0,2,1,7,3,2,15,5,0,0,0,0,0,0,0,0,0,0,0,1,0,0,4,60,6,0,0,0,0,0,2,32,3,77,3,3,0,0,43,1,0,0,2,1,0,0,0,0,0,0,0,0,37;31;43,,,111,0,0,1,1,0,0,1,1,1,0,0,43,4,1,53,165,2,1,0,0,3,0,0,0,165
2010,4,BAL,REG,2010_04_BAL_PIT,PIT,24,37,256,1,1,1,-6,1,0,282,55,14,5.98094816226288,5.65016265656497,0,11,5,2,1,27,70,1,1,1,4,-7.53113081344054,0,1,0,0,0,24,37,256,1,0,0,282,55,14,7.06318154581598,0,11,5,2,1,0,31,9,19,0,0,0,2,15,3,1,2,5,0,0,0,0,0,0,0,0,0,1,0,0,0,0,7,52,5,2,0,0,2,1,3,19,3,55,1,2,1,0,33,0.5,0,0,1,0,0,0,0,0,0,1,0,0,33,46,,33,46,0,2,2,0,0,1,0,0,0,0,0,3,0,47,126,3,0,0,0,1,2,4,0,122
2010,4,BUF,REG,2010_04_NYJ_BUF,NYJ,12,27,128,2,0,3,-19,0,0,304,52,6,-9.49478922045091,-10.7415170581253,0,5,2,2,0,16,114,0,1,1,5,-1.22508890903555,0,4,3,2,0,12,27,128,2,0,0,304,52,6,-5.81748313660501,0,5,2,2,0,0,30,36,40,0,0,0,0,0,0,0,0,6,0,0,0,0,0,0,0,0,0,0,0,0,0,0,3,32,3,1,1,0,2,2,4,50,6,110,0,0,0,0,,,0,0,0,0,0,0,0,0,0,0,0,0,,,,0,0,0,2,2,0,0,1,0,0,0,0,0,9,0,55,395,1,0,0,0,2,7,83,0,312
2010,4,CAR,REG,2010_04_CAR_NO,NO,11,21,146,1,0,3,-13,0,0,133,62,7,0.751900557661429,-3.5143095586035,0,5,3,2,1,23,118,1,0,0,3,0.0574527123826556,0,2,2,1,0,11,18,146,1,0,0,133,62,7,6.42136998480419,0,5,3,2,1,0,57,12,12,0,0,3,2,13,2,0,0,7,0,1,0,0,0,0,0,0,0,0,0,2,0,0,4,66,5,1,0,0,1,1,2,19,5,142,0,0,0,0,,,0,0,0,0,0,0,0,0,0,0,0,0,,,,0,0,0,2,2,0,0,1,0,0,0,0,0,6,0,50,261,3,0,1,0,1,4,16,0,245
2010,4,CHI,REG,2010_04_CHI_NYG,NYG,15,26,114,0,2,10,-63,3,1,147,67,3,-26.6433237562409,-1.15053082505862,0,2,2,1,0,16,59,0,0,0,2,-5.19937490380835,0,2,0,0,0,15,24,114,0,0,0,147,67,3,-10.0839024058763,0,2,2,1,0,0,40,16,16,0,0,2,2,12,3,0,0,7,0,0,0,0,0,0,0,0,0,2,0,3,0,0,8,40,2,3,0,0,3,1,2,6,3,51,1,1,0,0,40,1,0,0,0,1,0,0,0,0,0,0,0,0,40,,,40,0,0,0,0,0,0,,0,0,0,0,0,9,0,50,375,3,2,1,1,0,5,14,0,341
2010,4,CIN,REG,2010_04_CIN_CLE,CLE,25,36,371,2,0,4,-25,1,1,247,184,16,12.7953435151097,9.9774643778801,0,11,9,5,2,18,67,0,1,1,3,-7.62685553124175,0,3,2,0,0,25,36,371,2,0,0,247,184,16,20.9677335741538,0,11,9,5,2,0,34,20,20,0,0,1,1,5,3,1,-3,3,0,0,0,0,0,0,0,0,0,0,-1,0,0,0,8,79,4,1,1,0,2,2,3,2,5,47,2,3,0,1,25,0.666666666666667,0,2,0,0,0,0,0,0,0,0,0,0,24;25,,44,49,0,44,2,2,0,0,1,0,0,0,0,0,3,0,50,116,3,0,1,0,2,0,0,0,116
2010,4,CLE,REG,2010_04_CIN_CLE,CIN,18,30,184,1,1,1,-5,0,0,162,96,10,1.3417484657923,-0.933322906494141,0,7,3,2,0,35,116,1,0,0,8,-1.93933946542808,0,2,2,1,0,18,30,184,1,1,0,162,96,10,2.38064937247804,0,7,3,2,0,0,44,9,9,0,0,1,4,25,7,0,0,3,0,0,0,0,0,1,0,0,0,1,0,2,0,0,7,44,5,1,0,0,1,0,0,0,5,107,3,3,0,0,31,1,0,1,2,0,0,0,0,0,0,0,0,0,30;31;22,,,83,0,0,2,2,0,0,1,0,0,0,0,0,4,0,50,187,1,0,0,1,0,3,2,0,165
2010,4,DEN,REG,2010_04_DEN_TEN,TEN,35,50,341,2,1,6,-33,0,0,273,151,17,-0.741421813164841,5.3684955239296,0,11,5,4,1,20,19,0,1,0,3,-6.77040888159536,0,0,0,0,0,35,50,341,2,0,0,273,151,17,8.67680688823247,0,11,5,4,1,0,29,15,15,0,0,1,2,6,4,0,0,2,0,0,0,0,0,0,0,0,0,1,0,2,1,0,6,74,6,1,0,0,1,0,4,36,4,144,4,4,0,0,36,1,0,0,4,0,0,0,0,0,0,0,0,0,36;36;35;36,,,143,0,0,2,2,0,0,1,0,0,0,0,0,5,0,51,208,2,0,0,1,3,1,9,0,179
2010,4,DET,REG,2010_04_DET_GB,GB,34,54,331,2,2,3,-23,0,0,338,206,18,3.54993614274062,-0.294965477484577,0,15,6,3,0,21,123,0,2,1,3,-1.18914556503296,0,2,1,1,1,34,53,331,2,0,0,338,206,18,7.63595732766178,0,15,6,3,0,0,31,7,13,0,0,2,2,12,2,2,0,2,0,0,0,0,0,0,0,0,0,1,-2,2,4,0,13,102,3,1,1,0,2,1,1,15,4,98,4,5,1,0,52,0.8,0,1,1,1,1,0,0,0,0,0,1,0,39;52;49;24,55,,164,55,0,2,2,0,0,1,0,0,0,0,0,2,0,43,67,1,0,0,0,1,1,11,0,56
2010,4,GB,REG,2010_04_DET_GB,DET,12,17,181,3,2,2,-12,0,0,281,26,9,5.89536064455751,17.3929880647098,0,8,3,2,1,21,92,0,0,0,6,-3.06432993686758,0,3,2,0,0,12,17,181,3,0,0,281,26,9,9.16731794254156,0,8,3,2,1,0,49,14,18,0,0,1,3,23,5,2,60,8,1,0,0,0,0,0,0,0,0,0,0,1,0,0,3,31,2,2,0,0,2,2,1,11,7,124,0,0,0,0,,,0,0,0,0,0,0,0,0,0,0,0,0,,,,0,0,0,4,4,0,0,1,0,0,0,0,0,3,0,52,123,1,1,0,0,1,1,15,0,108
2010,4,HOU,REG,2010_04_HOU_OAK,LV,16,29,192,2,0,0,0,0,0,176,117,11,8.7608936146645,-5.61002636397326,0,9,3,2,0,36,249,2,0,0,10,9.28991110587958,0,4,3,3,1,16,28,192,2,0,0,176,117,11,8.85786816354823,0,9,3,2,0,0,45,4,18,0,0,2,4,33,3,2,34,5,0,0,0,0,0,0,0,0,0,0,0,1,0,0,5,26,3,0,0,0,0,0,2,18,0,0,1,2,1,0,35,0.5,0,0,1,0,0,0,0,0,0,1,0,0,35,46,,35,46,0,4,4,0,0,1,0,0,0,0,0,6,0,51,252,1,0,1,0,2,3,4,0,248
2010,4,IND,REG,2010_04_IND_JAX,JAX,33,46,352,2,1,1,-4,0,0,377,125,23,17.0228684395552,9.4812420723231,0,16,5,3,1,19,58,2,0,0,5,3.52531508204993,0,0,0,0,0,33,46,352,2,1,1,377,125,23,10.6555936759105,0,16,5,3,1,0,50,0,6,0,0,0,0,0,1,0,0,3,0,0,0,0,0,0,0,0,0,0,0,0,0,0,3,35,3,2,0,1,2,1,2,14,5,122,0,0,0,0,,,0,0,0,0,0,0,0,0,0,0,0,0,,,,0,0,0,4,4,0,0,1,0,0,0,0,0,2,0,66,110,0,0,1,1,0,0,0,0,90
2010,4,JAX,REG,2010_04_IND_JAX,IND,17,22,163,2,0,0,0,0,0,159,74,9,9.90493379322255,12.3321823098443,0,6,3,2,0,35,174,2,0,0,10,6.54768462455832,0,4,3,1,0,17,22,163,2,0,0,159,74,9,9.90493379322255,0,6,3,2,0,0,51,0,8,0,0,2,1,4,2,1,47,4,0,0,0,0,0,0,0,0,0,0,0,1,43,0,7,45,5,0,0,0,0,0,0,0,5,127,1,1,0,0,59,1,0,0,0,0,1,0,0,0,0,0,0,0,59,,,59,0,0,4,4,0,0,1,1,1,0,0,59,4,0,47,170,2,1,1,0,0,2,14,0,156
2010,4,LA,REG,2010_04_SEA_STL,SEA,23,41,289,2,1,4,-28,0,0,225,166,14,-5.09089322348345,-6.05835700646425,0,12,4,4,1,28,88,0,0,0,3,-6.37429099840887,0,3,3,0,0,23,39,289,2,0,0,225,166,14,2.89782431412268,0,12,4,4,1,0,48,8,8,0,0,1,4,26,6,1,28,7,0,0,0,0,0,0,0,0,0,0,0,1,1,0,5,41,3,0,0,0,0,0,4,19,2,42,2,2,0,0,31,1,0,0,2,0,0,0,0,0,0,0,0,0,30;31,,,61,0,0,2,2,0,0,1,0,0,0,0,0,7,0,53,321,4,1,1,1,1,3,18,0,283
2010,4,LAC,REG,2010_04_ARI_SD,ARI,16,21,249,2,0,1,-10,0,0,155,111,12,16.2108413409829,20.4066947102547,0,12,6,6,0,38,180,2,1,1,9,-5.83465143642388,0,7,6,2,0,16,19,249,2,0,0,155,111,12,20.722525417059,0,12,6,6,0,0,36,10,10,0,0,1,9,69,8,2,31,8,1,0,0,0,0,0,0,0,0,0,0,1,0,0,5,44,3,1,0,0,1,1,3,19,2,51,2,3,1,0,48,0.666666666666667,0,0,0,2,0,0,0,0,1,0,0,0,48;47,38,,95,38,0,5,5,0,0,1,0,0,0,0,0,1,0,67,67,0,0,0,0,0,1,19,0,48
2010,4,LV,REG,2010_04_HOU_OAK,HOU,24,39,278,2,2,4,-33,2,1,268,177,14,-3.38860419662963,-2.4070124092855,0,12,4,3,1,25,118,1,0,0,8,1.67466796736699,0,2,1,1,0,24,39,278,2,0,0,268,177,14,4.83256401002579,0,12,4,3,1,0,42,4,14,0,0,0,0,0,0,0,0,4,0,0,0,0,0,0,0,0,0,1,0,0,0,0,2,23,4,2,0,0,2,1,3,4,4,99,1,1,0,0,39,1,0,0,1,0,0,0,0,0,0,0,0,0,39,,,39,0,0,3,3,0,0,1,0,0,0,0,0,5,0,51,215,4,0,1,0,2,2,18,0,197
2010,4,MIA,REG,2010_04_NE_MIA,NE,31,45,317,2,4,2,-12,0,0,292,181,15,-6.30778769794926,0.583040515581767,0,15,5,3,0,20,95,0,0,0,7,-1.00300229381537,0,4,2,0,0,31,45,317,2,0,0,292,181,15,-3.30293933530413,0,15,5,3,0,0,48,5,7,0,0,0,3,7,5,0,0,0,0,0,0,0,0,0,0,0,0,0,0,0,0,0,6,40,3,0,0,0,0,0,2,23,2,54,0,1,0,1,,0,0,0,0,0,0,0,0,0,0,0,0,0,,,53,0,0,53,2,2,0,0,1,0,0,0,0,0,1,1,27,27,1,0,0,0,0,1,0,0,27
2010,4,NE,REG,2010_04_NE_MIA,MIA,19,24,153,1,0,3,-7,0,0,124,82,9,2.7142994310567,16.5983929582264,0,8,1,0,0,32,119,1,0,0,9,4.21447417535819,0,1,1,0,0,19,23,153,1,0,0,124,82,9,5.94834415299342,0,8,1,0,0,2,47,3,9,0,0,0,2,12,2,4,52,9,1,1,0,1,0,1,0,0,35,1,0,0,0,0,3,31,6,0,1,0,1,0,1,0,3,153,2,2,0,0,30,1,0,1,1,0,0,0,0,0,0,0,0,0,23;30,,,53,0,0,5,5,0,0,1,0,0,0,0,0,3,0,60,123,1,0,0,0,1,2,23,0,100
2010,4,NO,REG,2010_04_CAR_NO,CAR,33,48,275,1,0,2,-13,1,0,244,142,16,7.20153336220062,-0.900171759227912,0,11,2,1,0,29,121,0,1,1,9,-5.23882295581279,0,4,3,0,0,33,48,275,1,1,1,244,142,16,3.12688906192887,0,11,2,1,0,0,31,11,11,0,0,1,3,13,4,0,0,7,0,0,0,0,0,0,0,0,0,1,0,1,0,0,4,36,5,3,0,0,3,2,4,16,2,51,3,3,0,0,32,1,0,1,2,0,0,0,0,0,0,0,0,0,32;32;25,,,89,0,0,1,1,0,0,1,0,0,0,0,0,3,0,57,160,0,0,0,1,0,2,19,0,121
2010,4,NYG,REG,2010_04_CHI_NYG,CHI,18,30,195,0,0,2,-12,1,1,226,82,7,-5.91539567410044,-4.5038241147995,0,7,4,4,0,32,189,2,2,2,11,-7.57605067046825,0,7,6,5,0,18,30,195,0,0,0,226,82,7,-0.160076993322292,0,7,4,4,0,0,39,12,12,0,0,3,10,63,9,2,1,5,0,0,0,0,0,0,0,0,0,0,-4,1,0,0,6,44,3,2,1,0,3,3,5,14,2,44,1,2,1,0,22,0.5,0,1,0,0,0,0,0,0,1,0,0,0,22,38,,22,38,0,2,2,0,0,1,0,0,0,0,0,7,0,57,294,1,2,1,2,0,2,6,0,248
2010,4,NYJ,REG,2010_04_NYJ_BUF,BUF,16,26,171,3,0,0,0,0,0,238,78,13,10.0551028980589,5.16758036613464,0,7,3,1,1,48,272,2,1,0,11,7.95411334643461,0,5,5,1,0,16,25,171,3,0,0,238,78,13,12.5244343420672,0,7,3,1,1,0,27,9,11,0,0,1,3,19,7,0,0,1,0,0,0,0,0,0,0,0,0,0,0,2,0,0,4,30,3,0,1,1,1,0,7,83,3,84,1,2,1,0,19,0.5,1,0,0,0,0,0,0,0,1,0,0,0,19,30,,19,30,0,5,5,0,0,1,0,0,0,0,0,6,0,57,247,1,2,0,0,0,4,50,0,197
2010,4,PHI,REG,2010_04_WAS_PHI,WAS,27,42,250,1,1,1,-7,1,0,199,204,14,3.70888924720364,0.244783896666307,0,11,5,1,0,25,110,0,1,1,5,-5.21810007406748,0,4,2,0,0,27,41,250,1,1,0,199,184,14,5.675930077088,0,11,4,1,0,0,39,4,6,0,0,0,1,1,1,1,16,2,0,0,0,0,0,0,0,0,0,3,0,0,0,0,8,80,5,3,1,0,4,1,2,20,4,92,2,2,0,0,49,1,0,1,0,1,0,0,0,0,0,0,0,0,49;23,,,72,0,0,0,0,0,0,,0,0,0,0,0,5,0,59,248,2,1,0,0,1,3,75,0,173
2010,4,PIT,REG,2010_04_BAL_PIT,BAL,12,21,141,0,1,2,-15,0,0,278,46,6,-0.15269554398759,-0.525955501056853,0,5,4,2,0,27,84,2,0,0,7,-1.64583964983467,0,2,0,0,0,12,21,141,0,0,0,278,46,6,4.27995719624677,0,5,4,2,0,0,31,15,31,0,0,2,1,6,2,1,0,6,0,1,0,0,0,0,0,0,0,1,0,1,0,0,11,88,2,0,1,0,1,0,2,4,2,45,0,2,2,0,,0,0,0,0,0,0,0,0,0,0,2,0,0,,49;45,,0,94,0,2,2,0,0,1,0,0,0,0,0,5,0,57,247,1,0,0,0,2,3,19,0,228
2010,4,SEA,REG,2010_04_SEA_STL,LA,21,37,219,0,1,4,-26,1,1,323,51,10,-15.9586348785087,-5.78068304393027,0,8,3,2,0,24,64,0,0,0,4,-11.8583663889359,0,2,1,0,0,21,36,219,0,0,0,323,51,10,-6.35043019609293,0,8,3,2,0,0,56,5,5,0,0,0,4,28,7,1,0,3,0,0,0,0,0,0,0,0,0,0,0,0,0,0,6,49,3,1,0,0,1,1,3,18,4,92,1,1,0,0,22,1,0,1,0,0,0,0,0,0,0,0,0,0,22,,,22,0,0,0,0,0,0,,0,0,0,0,0,7,0,54,305,2,0,0,0,3,4,19,0,286
2010,4,SF,REG,2010_04_SF_ATL,ATL,21,32,188,1,2,1,-7,0,0,159,148,10,-7.66138783434872,-4.41216910878817,0,11,1,0,0,23,81,0,1,0,5,1.01097888394725,0,1,1,0,0,21,31,188,1,0,0,159,148,10,-3.5683640150819,0,11,1,0,0,1,53,10,10,0,0,0,3,14,3,2,39,5,0,1,0,1,0,0,0,0,0,1,-7,0,0,0,6,41,6,2,1,1,3,1,0,0,2,23,0,0,0,0,,,0,0,0,0,0,0,0,0,0,0,0,0,,,,0,0,0,2,2,0,0,1,0,0,0,0,0,5,0,56,216,3,0,1,0,2,2,32,0,184
2010,4,TEN,REG,2010_04_DEN_TEN,DEN,17,28,173,1,0,2,-6,0,0,266,61,8,2.30282811947265,0.594987400940486,0,7,5,1,0,22,121,0,1,1,3,-6.97136911678151,0,2,2,1,1,17,28,173,1,0,0,266,61,8,5.40701576059734,0,7,5,1,0,1,51,15,19,0,0,1,6,33,10,1,9,7,0,0,0,0,0,0,0,0,0,0,0,0,0,0,10,111,4,1,1,0,2,2,1,9,6,187,2,3,1,0,55,0.666666666666667,0,0,0,1,1,0,0,0,1,0,0,0,55;46,35,,101,35,0,2,2,0,0,1,0,0,0,0,0,6,0,60,245,0,0,1,1,0,4,36,0,189
2010,4,WAS,REG,2010_04_WAS_PHI,PHI,8,19,125,1,1,1,-1,0,0,249,58,5,-0.541452728328295,-14.2559212115076,0,4,2,2,1,35,169,1,0,0,8,4.00178848743569,0,7,4,0,0,8,18,125,1,0,0,249,58,5,0.985935430857353,0,4,2,2,1,0,51,2,14,0,0,3,1,7,0,1,0,5,0,0,0,0,0,0,0,0,0,0,0,1,0,0,5,30,3,0,0,0,0,0,3,75,2,24,1,1,0,0,26,1,0,1,0,0,0,0,0,0,0,0,0,0,26,,,26,0,0,2,2,0,0,1,0,0,0,0,0,5,0,49,186,1,2,1,0,0,2,20,0,166
2010,5,ARI,REG,2010_05_NO_ARI,NO,18,29,174,0,1,4,-21,2,0,223,58,8,-0.924068205568471,-3.17257863694224,0,6,3,2,0,24,41,0,1,0,1,-9.79239456674203,0,0,0,0,0,18,29,174,0,1,0,223,58,8,-0.00631774761562332,0,6,3,2,0,0,38,11,11,0,0,2,1,6,5,3,30,9,1,0,0,0,0,0,0,0,0,4,1,1,27,2,3,20,5,4,0,0,4,0,2,4,3,116,3,3,0,0,44,1,0,1,1,1,0,0,0,0,0,0,0,0,37;44;29,,,110,0,0,3,3,0,0,1,0,0,0,0,0,5,0,46,189,3,0,3,0,2,0,0,0,189
2010,5,ATL,REG,2010_05_ATL_CLE,CLE,16,28,187,1,0,2,-14,1,1,175,69,9,1.19877637541524,-0.600308286292212,0,8,4,1,1,31,165,0,0,0,6,2.00431405374547,0,2,2,2,1,16,28,187,1,0,0,175,69,9,8.70245707457091,0,8,4,1,1,0,36,16,16,0,0,1,3,25,5,2,31,4,1,0,0,0,0,0,0,0,0,0,0,1,0,0,6,60,0,1,0,0,1,1,1,8,3,66,2,3,0,1,30,0.666666666666667,0,1,1,0,0,0,0,0,0,0,0,0,24;30,,30,54,0,30,2,2,0,0,1,0,0,0,0,0,4,0,48,173,2,0,0,1,2,1,3,0,150
2010,5,BAL,REG,2010_05_DEN_BAL,DEN,14,25,196,0,0,1,-14,0,0,246,75,10,3.60771328689345,-4.93919813632965,0,8,5,2,1,47,233,4,0,0,17,8.51126740803011,0,6,5,1,0,14,25,196,0,0,0,246,75,10,7.69253233192769,0,8,5,2,1,0,27,10,10,0,0,1,1,7,3,0,0,8,0,0,0,0,0,0,0,0,0,0,0,1,0,0,5,66,1,0,0,0,0,0,3,31,3,60,1,1,0,0,37,1,0,0,1,0,0,0,0,0,0,0,0,0,37,,,37,0,0,4,4,0,0,1,0,0,0,0,0,4,0,53,174,1,2,0,1,1,0,0,0,154
2010,5,BUF,REG,2010_05_JAX_BUF,JAX,20,30,220,3,0,3,-24,0,0,270,68,10,0.448966130846189,6.17035468419393,0,9,3,3,1,21,110,0,1,0,5,0.286603759974241,0,4,3,1,0,20,30,220,3,1,0,270,68,10,5.45380603615102,0,9,3,3,1,0,28,30,36,0,0,2,2,13,2,1,11,4,0,0,0,0,0,0,0,0,0,1,4,2,0,0,5,35,3,1,1,1,2,0,0,0,9,201,2,2,0,0,29,1,0,2,0,0,0,0,0,0,0,0,0,0,29;22,,,51,0,0,2,2,0,0,1,0,0,0,0,0,4,0,61,194,1,1,0,0,0,3,19,0,175
2010,5,CAR,REG,2010_05_CHI_CAR,CHI,14,32,96,0,3,5,-34,1,0,247,25,4,-25.647103969876,-14.256775272744,0,4,1,0,0,25,85,0,2,0,3,-6.43334676628037,0,3,2,2,0,14,28,96,0,0,0,247,25,4,-14.8438526202808,0,4,1,0,0,0,44,6,22,0,0,0,3,22,6,4,27,7,0,1,0,0,0,0,0,0,0,4,-12,0,0,0,7,53,5,1,3,0,4,0,3,9,3,79,2,3,1,0,53,0.666666666666667,0,1,0,0,1,0,0,0,0,0,1,0,24;53,51,,77,51,0,0,0,0,0,,0,0,0,0,0,9,0,51,403,4,3,2,0,1,3,68,0,335
2010,5,CHI,REG,2010_05_CHI_CAR,CAR,8,19,51,0,4,3,-22,0,0,149,34,2,-21.0776143010511,-13.1669403778182,0,2,0,0,0,42,218,2,0,0,10,5.56810742283355,0,7,4,1,1,8,18,51,0,0,0,149,34,2,-14.8491297135983,0,2,0,0,0,0,41,7,19,0,0,1,5,34,5,3,17,6,0,0,0,0,0,0,0,0,0,0,0,0,0,0,5,45,4,0,0,0,0,0,3,68,3,133,3,3,0,0,53,1,0,1,0,1,1,0,0,0,0,0,0,0,28;53;43,,,124,0,0,2,2,0,0,1,0,0,0,0,0,6,0,44,234,3,2,0,0,1,3,9,0,225
2010,5,CIN,REG,2010_05_TB_CIN,TB,21,36,209,2,3,0,0,0,0,290,56,10,-8.92292200160797,-4.26717855864101,0,7,4,2,1,28,149,0,0,0,10,3.71333226327272,1,5,3,1,0,21,36,209,2,0,0,290,56,10,-8.92292200160797,0,7,4,2,1,0,41,1,21,0,0,2,3,18,9,1,11,5,0,0,0,0,0,0,0,0,0,0,0,2,0,0,9,60,5,0,1,0,1,1,2,27,5,102,2,2,0,0,35,1,0,0,2,0,0,0,0,0,0,0,0,0,31;35,,,66,0,0,1,1,0,0,1,0,0,0,0,0,6,0,72,308,1,1,1,2,0,2,17,0,251
2010,5,CLE,REG,2010_05_ATL_CLE,ATL,25,39,246,1,2,3,-25,0,0,253,107,15,-6.52420072944369,0.955044125255785,0,12,3,0,0,20,48,0,2,1,1,-12.1839232155777,0,0,0,0,0,25,38,246,1,0,0,253,107,15,5.79246327275178,0,12,3,0,0,0,34,17,17,0,0,1,2,14,7,0,0,4,0,1,0,0,0,1,0,0,0,2,0,1,0,0,7,58,6,1,2,0,3,1,1,3,5,79,1,1,0,0,19,1,1,0,0,0,0,0,0,0,0,0,0,0,19,,,19,0,0,1,1,0,0,1,0,0,0,0,0,5,0,57,234,1,1,2,1,0,1,8,0,206
2010,5,DAL,REG,2010_05_TEN_DAL,TEN,31,46,406,3,3,6,-36,0,0,416,193,19,1.28548811963076,4.9954816699028,0,13,10,6,1,23,141,0,0,0,4,2.11432575277286,0,3,3,2,0,31,46,406,3,0,0,416,193,19,11.5648628201936,0,13,10,6,1,0,35,3,9,0,0,1,3,10,4,0,0,4,0,0,0,0,0,0,0,0,0,0,0,0,0,0,12,133,4,0,0,0,0,0,3,1,5,106,2,3,1,0,51,0.666666666666667,0,1,0,0,1,0,0,0,0,1,0,0,51;26,44,,77,44,0,3,3,0,0,1,0,0,0,0,0,2,0,39,72,2,0,1,0,1,0,0,0,72
2010,5,DEN,REG,2010_05_DEN_BAL,BAL,23,38,314,2,0,1,-7,0,0,392,73,14,13.014960473951,0.300117542869166,0,11,6,5,2,13,39,0,0,0,1,-4.72741343092639,0,1,1,0,0,23,38,314,2,0,0,392,73,14,14.1870134576112,0,11,6,5,2,0,41,23,23,0,0,0,1,14,3,0,0,3,0,0,0,0,0,0,0,0,0,0,0,0,0,0,10,90,4,1,0,0,1,1,0,0,2,54,1,1,0,0,38,1,0,0,1,0,0,0,0,0,0,0,0,0,38,,,38,0,0,2,2,0,0,1,0,0,0,0,0,7,0,53,281,0,2,0,0,2,3,31,0,250
2010,5,DET,REG,2010_05_STL_DET,LA,22,34,238,3,0,1,-5,0,0,289,141,14,8.60046353032711,1.57080450478722,0,11,5,3,0,26,89,0,0,0,4,-0.177891189989168,0,2,2,0,0,22,34,238,3,0,0,289,141,14,10.41605322929,0,11,5,3,0,1,51,2,22,0,0,1,1,2,1,2,62,8,1,1,0,0,0,0,0,0,0,1,10,1,9,0,11,78,3,1,0,0,1,0,2,24,1,105,3,3,0,0,48,1,0,0,1,2,0,0,0,0,0,0,0,0,30;48;47,,,125,0,0,5,5,0,0,1,0,0,0,0,0,3,0,53,134,1,1,0,0,0,2,37,0,97
2010,5,GB,REG,2010_05_GB_WAS,WAS,27,46,293,1,1,4,-23,0,0,330,122,13,-2.50824094695482,-4.72609970304701,0,11,5,4,0,17,157,0,0,0,4,3.77739338873653,0,4,4,1,1,27,45,293,1,1,1,330,122,13,-3.1472720906897,0,11,5,4,0,0,41,7,25,0,0,0,5,35,10,1,64,6,0,0,0,0,0,0,0,0,0,0,0,0,0,0,9,63,6,1,0,0,1,1,5,75,5,68,2,4,2,0,52,0.5,0,0,1,0,1,0,0,0,0,1,1,0,52;36,48;53,,88,101,0,1,1,0,0,1,0,0,0,0,0,6,0,57,284,1,0,1,1,1,3,47,0,217
2010,5,HOU,REG,2010_05_NYG_HOU,NYG,16,34,196,0,1,3,-25,2,1,274,94,9,-16.1187590642229,-16.9973681954777,0,10,4,1,1,15,24,1,0,0,2,-6.83012960685301,0,0,0,0,0,16,34,196,0,0,0,274,94,9,-6.88203829094791,0,10,4,1,1,0,36,23,27,0,0,0,0,0,4,2,24,5,0,0,0,0,0,0,0,0,0,1,0,0,0,0,8,67,1,2,0,0,2,1,4,26,7,109,1,1,0,0,38,1,0,0,1,0,0,0,0,0,0,0,0,0,38,,,38,0,0,1,1,0,0,1,0,0,0,0,0,7,0,53,312,4,1,0,1,0,5,22,0,270
2010,5,IND,REG,2010_05_KC_IND,KC,26,44,244,0,1,1,0,1,0,384,94,14,0.452653618269582,-4.39131371676922,0,9,4,1,0,31,97,1,0,0,8,-1.13715108818724,0,2,0,0,0,26,44,244,0,0,0,384,94,14,1.07137922008613,0,9,4,1,0,0,40,9,11,0,0,1,0,0,2,0,0,2,0,0,0,0,0,0,0,0,0,1,0,1,0,0,5,45,1,1,0,0,1,0,3,4,3,41,4,4,0,0,47,1,0,2,0,2,0,0,0,0,0,0,0,0,20;24;47;42,,,133,0,0,1,1,0,0,1,0,0,0,0,0,2,0,58,105,1,0,0,1,1,0,0,0,85
2010,5,JAX,REG,2010_05_JAX_BUF,BUF,16,20,178,3,1,2,-13,0,0,139,59,11,10.1317807213799,16.2348899245262,0,8,3,3,0,40,216,0,1,1,10,-0.943537419735302,0,8,6,2,0,16,20,178,3,0,0,139,59,11,13.5402172579192,0,8,3,3,0,0,36,14,16,0,0,1,3,24,6,0,0,3,0,1,0,0,0,0,0,0,0,0,0,0,0,0,5,38,2,2,1,1,3,2,3,19,4,145,5,5,0,0,49,1,0,0,1,4,0,0,0,0,0,0,0,0,49;49;34;40;46,,,218,0,0,3,3,0,0,1,0,0,0,0,0,0,0,,0,0,0,0,0,0,0,0,0,0
2010,5,KC,REG,2010_05_KC_IND,IND,16,29,156,0,0,1,-8,1,0,207,78,8,-1.89865696549723,-7.48063356711947,0,6,2,2,0,27,113,0,1,1,7,-4.90466769406339,0,3,1,0,0,16,29,156,0,0,0,207,78,8,0.258364285777042,0,6,2,2,0,0,36,17,25,0,0,1,1,0,2,1,4,5,0,0,0,0,0,0,0,0,0,1,0,0,0,0,4,38,6,1,1,0,2,1,0,0,6,141,3,4,1,0,45,0.75,0,0,1,2,0,0,0,0,0,0,1,0,45;35;43,51,,123,51,0,0,0,0,0,,0,0,0,0,0,4,0,60,212,0,0,0,0,1,3,4,0,208
2010,5,LA,REG,2010_05_STL_DET,DET,23,45,215,0,2,1,-2,0,0,313,115,12,-19.5610355094389,-16.384625169966,0,9,5,2,0,28,128,0,0,0,8,0.802526944025885,0,3,2,0,0,23,45,215,0,1,1,313,115,12,-25.0393198783125,0,9,5,2,0,0,40,0,18,0,0,1,1,5,2,0,0,4,0,0,0,0,0,0,0,0,0,0,0,0,0,0,7,40,1,1,0,0,1,1,2,37,9,165,2,2,0,0,28,1,0,2,0,0,0,0,0,0,0,0,0,0,28;28,,,56,0,0,0,0,0,0,,0,0,0,0,0,4,0,56,183,2,0,1,0,1,2,24,0,159
2010,5,LAC,REG,2010_05_SD_OAK,LV,27,42,431,2,0,3,-16,2,2,500,125,19,9.04082756840431,5.09735533878917,0,19,10,8,2,26,91,1,1,1,5,-8.0070004844747,0,3,3,0,0,27,42,431,2,0,0,500,125,19,23.7547720286696,0,19,10,8,2,0,52,3,5,0,0,3,3,5,4,0,0,2,0,0,0,0,0,0,0,0,0,0,0,0,0,0,7,53,5,3,0,0,3,3,2,20,4,93,2,2,0,0,43,1,0,0,1,1,0,0,0,0,0,0,0,0,43;34,,,77,0,0,3,3,0,0,1,0,0,0,0,0,1,2,42,42,0,0,0,0,0,1,46,0,-4
2010,5,LV,REG,2010_05_SD_OAK,LAC,14,25,173,1,0,3,-5,1,0,140,116,9,1.05319537915692,-6.89762930075328,0,7,3,1,1,30,111,1,0,0,4,-2.61655700323172,0,1,1,0,0,14,24,173,1,1,0,140,116,9,5.26399908855728,0,7,3,1,1,1,49,2,18,0,0,3,3,16,5,0,0,4,0,0,1,2,0,0,0,0,5,3,3,3,76,1,12,85,4,3,0,0,3,0,1,46,5,91,2,2,0,0,50,1,0,0,1,0,1,0,0,0,0,0,0,0,50;30,,,80,0,0,3,3,0,0,1,0,0,0,0,0,4,0,63,211,1,0,1,0,1,2,20,0,191
2010,5,MIN,REG,2010_05_MIN_NYJ,NYJ,14,34,264,3,1,4,-24,1,0,508,94,12,5.77222296169214,-13.0556092104491,0,11,9,7,0,24,96,0,2,2,3,-11.9046703561326,0,3,2,1,0,14,34,264,3,0,0,508,94,12,8.89355408323184,0,11,9,7,0,0,45,7,29,0,0,1,2,18,3,0,0,6,0,0,0,0,0,0,0,0,0,1,-4,0,0,0,8,51,3,1,2,0,3,2,1,22,7,175,0,0,0,0,,,0,0,0,0,0,0,0,0,0,0,0,0,,,,0,0,0,2,2,0,0,1,0,0,0,0,0,7,0,59,297,1,0,1,0,3,3,14,0,283
2010,5,NO,REG,2010_05_NO_ARI,ARI,24,39,279,2,3,1,-6,1,0,344,112,12,-3.8810770887751,0.502671683445955,0,14,5,3,0,22,85,0,1,1,6,-7.15335777541623,0,3,1,0,0,24,39,279,2,0,0,344,112,12,-2.32646033017522,0,14,5,3,0,0,48,7,7,0,0,4,4,21,5,1,26,6,0,0,0,0,0,0,0,0,0,1,0,0,0,0,6,45,6,2,0,0,2,1,0,0,5,134,2,3,1,0,32,0.666666666666667,0,0,2,0,0,0,0,1,0,0,0,0,31;32,29,,63,29,0,2,2,0,0,1,0,0,0,0,0,3,0,53,138,0,0,0,0,1,2,4,0,134
2010,5,NYG,REG,2010_05_NYG_HOU,HOU,27,42,297,3,2,0,0,0,0,395,136,14,9.24262214317832,2.58455947041512,0,10,5,2,1,32,117,1,0,0,9,-5.7040168796666,0,3,3,1,0,27,42,297,3,0,0,395,136,14,9.24262214317832,0,10,5,2,1,0,37,6,12,0,0,2,3,25,7,1,0,7,0,1,0,0,0,0,0,0,0,2,-5,1,4,0,9,84,2,0,2,0,2,0,5,22,3,78,2,2,0,0,45,1,0,0,0,2,0,0,0,0,0,0,0,0,45;42,,,87,0,0,4,4,0,0,1,0,0,0,0,0,4,0,51,197,1,0,0,0,0,4,26,0,171
2010,5,NYJ,REG,2010_05_MIN_NYJ,MIN,21,44,191,0,0,2,-18,0,0,447,59,12,-11.1846121851004,-11.5480566440627,0,11,3,1,0,32,155,1,1,0,8,2.54192784812767,0,5,5,1,0,21,43,191,0,0,0,447,59,12,-7.49633213928887,0,11,3,1,0,0,26,5,31,0,0,1,4,24,8,1,26,9,1,0,0,0,0,0,0,0,0,0,0,2,10,0,6,55,4,1,0,1,1,0,3,14,4,135,5,5,0,0,53,1,0,2,2,0,1,0,0,0,0,0,0,0,25;53;22;34;31,,,165,0,0,2,2,0,0,1,0,0,0,0,0,7,0,53,324,4,0,1,0,5,1,22,0,302
2010,5,PHI,REG,2010_05_PHI_SF,SF,21,31,253,1,0,4,-26,1,1,226,120,12,1.10523566509321,2.5215785349569,0,8,5,4,1,27,125,1,0,0,5,5.03489359107334,0,3,3,1,0,21,31,253,1,1,0,226,120,12,7.99597800940931,0,8,5,4,1,0,50,2,2,0,0,3,2,19,5,2,8,6,0,0,0,0,0,0,0,0,0,1,0,3,52,1,5,30,2,2,0,0,2,1,2,23,5,126,2,3,1,0,45,0.666666666666667,0,0,1,1,0,0,0,0,0,0,1,0,33;45,53,,78,53,0,3,3,0,0,1,0,0,0,0,0,4,0,51,161,1,0,1,0,1,2,9,0,152
2010,5,SF,REG,2010_05_PHI_SF,PHI,25,39,309,3,2,2,-19,1,1,326,115,18,7.71007908984313,3.53581118278014,0,14,9,5,0,22,74,0,2,2,3,-13.8845331693301,0,2,1,0,0,25,39,309,3,0,0,326,115,18,19.1880766792339,0,14,9,5,0,0,55,5,5,0,0,2,4,26,5,0,0,7,0,0,0,0,0,0,0,0,0,0,0,1,0,0,10,65,3,3,0,0,3,3,2,9,5,181,1,2,1,0,50,0.5,0,0,0,0,1,0,0,0,0,1,0,0,50,40,,50,40,0,3,3,0,0,1,0,0,0,0,0,3,0,60,161,1,0,0,1,0,2,23,0,118
2010,5,TB,REG,2010_05_TB_CIN,CIN,22,35,284,1,1,3,-18,2,0,412,79,14,5.19910818052745,10.6030648404902,0,14,7,5,0,22,125,1,0,0,6,4.819338408357,0,3,3,1,1,22,33,284,1,1,1,412,79,14,3.90543391470715,0,14,7,5,0,0,46,0,14,0,0,0,0,0,4,3,42,7,1,0,0,0,0,0,0,0,0,2,0,1,0,0,3,25,5,2,2,0,4,2,2,17,4,80,1,1,0,0,31,1,0,0,1,0,0,0,0,0,0,0,0,0,31,,,31,0,0,3,3,0,0,1,1,1,0,0,31,6,0,44,203,3,1,2,0,1,2,27,0,176
2010,5,TEN,REG,2010_05_TEN_DAL,DAL,12,25,173,2,0,3,-10,0,0,307,51,7,2.67737226193385,-9.66579640905062,0,6,4,3,1,27,158,2,0,0,7,0.392470836959546,0,4,3,2,1,12,24,173,2,1,0,307,51,7,5.15870820209652,0,6,4,3,1,0,55,2,16,0,0,0,6,36,11,3,30,7,0,0,0,0,0,0,0,0,0,1,0,0,0,0,4,40,3,1,0,0,1,0,0,0,3,109,2,2,0,0,52,1,0,0,0,1,1,0,0,0,0,0,0,0,52;40,,,92,0,0,4,4,0,0,1,0,0,0,0,0,5,0,45,174,2,0,2,0,0,3,1,0,173
2010,5,WAS,REG,2010_05_GB_WAS,GB,26,49,357,1,1,5,-35,0,0,556,133,13,-3.03198689187742,-6.17845455805461,0,13,6,5,2,21,51,0,1,0,3,-9.07380303720503,0,0,0,0,0,26,49,357,1,0,0,556,133,13,3.96578750351579,0,13,6,5,2,0,37,4,34,0,0,1,4,23,8,1,0,6,0,0,0,0,0,0,0,0,0,1,-22,1,13,0,4,28,3,0,1,0,1,0,3,47,4,66,3,4,1,0,45,0.75,0,1,1,1,0,0,0,0,0,0,1,0,26;45;33,51,,104,51,0,1,1,0,0,1,1,1,0,0,33,8,0,52,357,5,1,0,0,2,5,75,0,282
2010,6,ATL,REG,2010_06_ATL_PHI,PHI,23,42,250,2,1,3,-22,1,1,404,94,13,-1.00072989061598,-5.30179944776353,0,11,6,4,1,19,65,0,0,0,3,-3.3145056727808,0,0,0,0,0,23,42,250,2,0,0,404,94,13,5.60084533660549,0,11,6,4,1,0,56,7,11,0,0,0,1,6,1,1,34,3,0,0,0,0,0,0,0,0,0,0,0,0,0,0,2,30,6,1,0,0,1,1,1,18,3,70,1,2,1,0,26,0.5,0,1,0,0,0,0,0,0,0,1,0,0,26,41,,26,41,0,2,2,0,0,1,0,0,0,0,0,6,0,47,227,1,1,1,0,1,3,50,0,177
2010,6,BAL,REG,2010_06_BAL_NE,NE,27,35,285,2,0,3,-7,1,0,209,103,13,10.9788510860879,11.0833864001667,0,14,8,2,0,34,99,0,0,0,4,-6.24866538046626,0,0,0,0,0,27,35,285,2,0,0,209,103,13,14.7215402864156,0,14,8,2,0,0,37,20,20,0,0,0,3,25,5,2,12,3,0,0,0,0,0,0,0,0,0,1,0,0,0,0,8,67,4,1,0,0,1,0,1,-1,3,56,2,2,0,0,26,1,0,2,0,0,0,0,0,0,0,0,0,0,26;25,,,51,0,0,2,2,0,0,1,0,0,0,0,0,9,0,59,404,5,1,1,0,2,5,43,0,361
2010,6,CHI,REG,2010_06_SEA_CHI,SEA,17,39,290,0,0,6,-44,1,0,417,145,11,-9.32298512826626,-13.5490652842399,0,11,5,3,1,14,61,1,0,0,3,0.383583106915467,0,2,2,1,0,17,39,290,0,0,0,417,145,11,1.00546651555495,0,11,5,3,1,1,45,9,15,0,0,0,0,0,1,0,0,4,0,0,0,0,0,0,0,0,0,1,0,0,0,0,2,18,4,1,0,0,1,0,2,93,2,27,2,3,1,0,34,0.666666666666667,0,1,1,0,0,0,0,0,0,0,1,0,34;24,54,,58,54,0,2,2,0,0,1,0,0,0,0,0,8,0,44,305,3,3,0,0,1,4,-2,0,307
2010,6,CLE,REG,2010_06_CLE_PIT,PIT,23,33,281,1,2,5,-23,0,0,301,109,14,-2.12348867143737,9.89975333213806,0,12,7,6,0,22,70,0,1,0,2,-4.21226987548465,0,1,1,0,0,23,33,281,1,0,0,301,109,14,4.4458830919466,0,12,7,6,0,0,31,14,32,0,0,0,0,0,5,1,62,3,0,1,0,0,0,0,0,0,0,1,0,0,0,0,4,46,6,1,1,0,2,1,1,0,4,81,1,1,0,0,39,1,0,0,1,0,0,0,0,0,0,0,0,0,39,,,39,0,0,1,1,0,0,1,0,0,0,0,0,5,0,49,204,4,2,2,0,0,1,0,0,204
2010,6,DAL,REG,2010_06_DAL_MIN,MIN,24,32,220,3,2,0,0,0,0,68,206,9,-0.724957152939169,7.01109720394015,0,9,5,2,0,28,94,0,0,0,7,2.79597102981643,0,2,2,0,0,24,32,220,3,0,0,68,203,9,-0.724957152939169,0,10,4,2,0,0,39,9,13,0,0,0,3,25,6,0,0,2,0,0,0,0,0,0,0,0,0,0,0,1,0,0,11,91,3,0,0,0,0,0,2,3,5,81,0,0,0,0,,,0,0,0,0,0,0,0,0,0,0,0,0,,,,0,0,0,3,3,0,0,1,0,0,0,0,0,5,0,60,244,0,1,0,0,0,4,24,0,220
2010,6,DEN,REG,2010_06_NYJ_DEN,NYJ,14,34,209,1,0,1,-8,0,0,516,39,10,0.88412744656536,-12.5275848542943,0,10,8,4,0,37,145,1,2,1,7,-11.6760123869171,0,5,5,0,0,14,34,209,1,0,0,516,39,10,2.52348032512102,0,10,8,4,0,0,41,4,10,0,0,1,2,8,2,2,32,9,0,0,0,0,0,0,0,0,0,1,-26,1,0,0,5,81,5,1,2,0,3,2,1,32,0,0,2,3,1,0,59,0.666666666666667,0,0,0,1,1,0,0,0,0,1,0,0,59;48,49,,107,49,0,2,2,0,0,1,0,0,0,0,0,6,0,58,301,1,1,0,2,0,3,23,0,238
2010,6,DET,REG,2010_06_DET_NYG,NYG,28,49,313,2,1,2,-11,2,1,317,193,11,3.60782592797417,-4.57358823177662,0,10,4,3,1,21,64,0,0,0,5,-1.86863047583029,0,2,1,1,0,28,47,313,2,1,1,317,193,11,5.82365134703226,0,10,4,3,1,0,33,22,22,0,0,0,2,10,5,0,0,3,0,1,0,0,0,0,0,0,0,3,0,1,0,0,11,91,6,5,0,0,5,2,2,29,4,104,2,2,0,0,50,1,0,0,0,0,2,0,0,0,0,0,0,0,50;50,,,100,0,0,2,2,0,0,1,0,0,0,0,0,5,0,55,235,2,2,0,0,1,2,36,0,199
2010,6,GB,REG,2010_06_MIA_GB,MIA,18,33,313,1,1,5,-30,0,0,351,148,12,3.2352445816968,1.13730461433016,0,11,6,5,1,21,76,1,0,0,3,0.523359152895864,0,1,1,0,0,18,29,313,1,0,0,351,148,12,13.602123482723,0,11,6,5,1,0,46,17,25,0,0,0,0,0,4,1,0,5,0,1,0,0,0,0,0,0,0,1,0,0,0,0,7,45,4,0,1,0,1,0,3,7,5,99,2,2,0,0,46,1,0,1,0,1,0,0,0,0,0,0,0,0,46;26,,,72,0,0,2,2,0,0,1,0,0,0,0,0,5,0,42,190,2,2,0,0,1,2,23,0,167
2010,6,HOU,REG,2010_06_KC_HOU,KC,25,33,305,2,0,2,-16,0,0,230,121,15,15.1633882429451,13.4331181645393,0,13,6,4,1,22,132,3,0,0,8,7.90009046182968,0,3,3,2,0,25,32,305,2,0,0,230,121,15,18.5369657552219,0,13,6,4,1,0,35,25,33,0,0,0,1,12,3,0,0,2,0,0,0,0,0,0,0,0,0,0,0,0,0,0,5,53,3,0,0,0,0,0,1,0,5,103,0,0,0,0,,,0,0,0,0,0,0,0,0,0,0,0,0,,,,0,0,0,5,5,0,0,1,0,0,0,0,0,4,0,60,191,1,1,0,0,0,3,28,0,163
2010,6,IND,REG,2010_06_IND_WAS,WAS,25,38,307,2,0,1,-8,1,1,390,108,17,11.9303472737396,4.73057933543858,0,11,7,3,1,29,170,1,1,1,5,-0.0587515595018369,0,3,3,1,1,25,38,307,2,0,0,390,108,17,16.8474460882448,0,11,7,3,1,0,38,9,41,0,0,0,3,24,7,2,10,7,0,2,0,0,0,0,0,0,0,1,0,0,0,0,3,15,3,4,0,0,4,3,4,40,5,98,2,4,1,1,43,0.5,0,0,1,1,0,0,0,0,1,0,0,0,43;33,38,48,76,38,48,3,3,0,0,1,0,0,0,0,0,4,0,59,187,1,0,0,1,1,2,33,0,134
2010,6,JAX,REG,2010_06_TEN_JAX,TEN,21,36,189,0,3,2,-16,0,0,257,68,8,-12.4304761678719,-5.61470000280274,0,9,2,2,0,25,76,0,0,0,7,-0.739481489406899,0,2,0,0,0,21,36,189,0,1,1,257,68,8,-14.4393075593398,0,9,2,2,0,0,51,0,8,0,0,0,0,0,2,0,0,2,0,0,0,0,0,0,0,0,0,0,0,0,0,0,7,55,4,0,1,0,1,1,2,-2,7,168,1,1,0,0,33,1,0,0,1,0,0,0,0,0,0,0,0,0,33,,,33,0,0,0,0,0,0,,0,0,0,0,0,3,0,46,112,2,0,0,0,2,1,9,0,103
2010,6,KC,REG,2010_06_KC_HOU,HOU,20,29,201,3,0,1,-12,0,0,172,119,13,16.6272690628356,5.82394075804743,0,9,4,2,1,38,228,1,0,0,9,3.66080500214594,0,7,4,1,0,20,29,201,3,0,0,172,119,13,17.5250767372599,0,9,4,2,1,0,32,14,20,0,0,0,2,16,6,0,0,3,0,0,0,0,0,0,0,0,0,0,0,0,0,0,5,35,5,0,0,0,0,0,3,28,6,132,1,1,0,0,24,1,0,1,0,0,0,0,0,0,0,0,0,0,24,,,24,0,0,4,4,0,0,1,0,0,0,0,0,4,0,59,202,1,0,0,2,1,1,0,0,162
2010,6,LA,REG,2010_06_SD_STL,LAC,18,31,198,1,0,3,-15,0,0,206,85,11,1.63899379783571,-10.7977608519216,0,9,4,2,0,35,117,1,0,0,7,-3.84618066087033,0,3,2,0,0,18,31,198,1,0,0,206,85,11,5.64124506943073,0,9,4,2,0,0,47,4,4,0,0,0,7,41,10,1,0,3,0,0,0,0,0,1,0,0,0,0,0,0,0,0,6,35,2,0,0,0,0,0,4,72,3,69,2,2,0,0,48,1,0,0,1,1,0,0,0,0,0,0,0,0,39;48,,,87,0,0,2,2,0,0,1,0,0,0,0,0,6,0,48,247,1,1,1,1,1,2,13,0,214
2010,6,LAC,REG,2010_06_SD_STL,LA,22,37,249,1,1,7,-41,0,0,366,127,15,-4.97120006001196,-2.8427579112955,0,12,6,3,0,17,79,1,0,0,6,3.41471233114135,0,2,2,0,0,22,37,249,1,0,0,366,127,15,4.57450575227276,0,12,6,3,0,0,49,8,8,0,0,0,3,15,4,0,0,6,0,0,0,0,0,0,0,0,0,0,0,0,0,0,6,31,6,0,0,0,0,0,2,13,5,115,1,2,0,1,41,0.5,0,0,0,1,0,0,0,0,0,0,0,0,41,,49,41,0,49,2,2,0,0,1,0,0,0,0,0,6,0,64,357,0,0,0,2,0,4,72,0,245
2010,6,LV,REG,2010_06_OAK_SF,SF,8,21,83,0,2,2,-14,1,0,184,50,4,-11.4006083124671,-19.9349282043321,0,2,2,2,0,30,110,0,0,0,4,-1.88413072179124,0,1,1,1,1,8,21,83,0,1,0,184,45,4,-8.58984032006743,0,2,2,2,0,0,43,0,16,0,0,0,2,5,7,0,0,3,0,0,0,0,0,0,0,0,0,2,0,0,0,0,8,60,4,2,0,0,2,0,4,25,4,40,3,3,0,0,40,1,0,2,0,1,0,0,0,0,0,0,0,0,27;24;40,,,91,0,0,0,0,0,0,,0,0,0,0,0,6,0,61,321,1,1,0,0,1,4,37,0,284
2010,6,MIA,REG,2010_06_MIA_GB,GB,23,39,231,2,1,0,0,0,0,329,79,15,6.38626222580206,2.15630527171824,0,11,6,2,0,39,150,0,0,0,8,-4.95716185409278,0,4,1,0,0,23,36,231,2,0,0,329,79,15,7.67643714556471,0,11,6,2,0,0,43,4,6,0,0,0,5,30,10,1,0,4,0,0,0,0,0,0,0,0,0,0,0,0,0,0,4,30,6,0,0,0,0,0,2,23,6,140,3,3,0,0,53,1,0,0,0,2,1,0,0,0,0,0,0,0,53;41;44,,,138,0,0,2,2,0,0,1,1,1,0,0,44,4,0,50,167,1,0,1,0,0,3,7,0,160
2010,6,MIN,REG,2010_06_DAL_MIN,DAL,14,19,118,1,0,3,-25,0,0,138,49,5,-2.33673797753474,7.35829699980585,0,6,2,1,0,28,95,1,1,1,7,-6.55991454591276,0,3,2,0,0,14,19,118,1,0,0,138,49,5,3.79999789966203,0,6,2,1,0,1,40,10,18,0,0,0,0,0,6,2,10,3,0,0,0,0,0,0,0,0,0,0,-3,0,0,0,5,45,3,0,1,0,1,1,4,24,3,134,1,1,0,0,38,1,0,0,1,0,0,0,0,0,0,0,0,0,38,,,38,0,0,3,3,0,0,1,0,0,0,0,0,5,0,53,212,4,0,1,0,2,2,3,0,209
2010,6,NE,REG,2010_06_BAL_NE,BAL,27,44,292,1,2,3,-25,0,0,337,123,13,-1.38681820930919,-3.17326167767698,0,13,7,6,0,26,127,1,0,0,9,2.91608544982164,0,4,4,1,0,27,44,292,1,0,0,337,123,13,2.23484410386759,0,13,7,6,0,0,33,32,32,0,0,1,3,7,3,0,0,1,0,0,0,0,0,0,0,0,0,0,0,0,0,0,9,78,6,0,0,0,0,0,5,43,1,19,3,3,0,0,38,1,0,1,2,0,0,0,0,0,0,0,0,0,38;24;35,,,97,0,0,2,2,0,0,1,1,1,0,0,35,6,0,65,282,2,0,4,0,1,1,-1,0,283
2010,6,NO,REG,2010_06_NO_TB,TB,21,32,263,3,1,0,0,0,0,366,104,13,16.7806406373987,6.33490337058902,0,11,5,2,2,32,212,1,1,0,14,10.8371226559684,0,6,5,2,0,21,32,263,3,1,0,366,104,13,16.7806406373987,0,11,5,2,2,0,46,5,5,0,0,3,1,1,4,0,0,4,0,0,0,0,0,0,0,0,0,0,0,1,2,0,8,65,2,2,0,2,2,0,1,-3,2,8,1,2,1,0,27,0.5,0,1,0,0,0,0,0,0,1,0,0,0,27,33,,27,33,0,4,4,0,0,1,0,0,0,0,0,1,0,46,46,1,0,1,0,0,0,0,0,46
2010,6,NYG,REG,2010_06_DET_NYG,DET,20,30,177,2,0,2,-10,0,0,220,63,12,1.8539220825769,4.91607466648365,0,8,3,3,0,30,167,2,1,1,8,2.40337930258829,0,5,4,1,1,20,30,177,2,0,0,220,63,12,4.34953925409354,0,8,3,3,0,0,38,20,20,0,0,5,2,11,5,1,36,7,0,0,0,0,0,0,0,0,0,0,-7,2,0,0,2,15,1,0,1,0,1,1,2,36,4,65,0,0,0,0,,,0,0,0,0,0,0,0,0,0,0,0,0,,,,0,0,0,4,4,0,0,1,0,0,0,0,0,6,0,57,280,3,0,1,1,2,2,29,0,231
2010,6,NYJ,REG,2010_06_NYJ_DEN,DEN,17,30,198,1,2,2,-8,0,0,267,67,9,-1.9162363029427,-5.46245565017064,0,6,4,4,1,30,129,2,1,1,7,-3.86157323178486,0,2,2,1,0,17,30,198,1,0,0,267,67,9,1.04935914707676,0,6,4,4,1,0,51,0,4,0,0,1,1,8,2,0,0,10,0,0,0,0,0,0,0,0,0,0,0,2,0,0,6,74,3,1,0,0,1,1,3,23,1,26,1,1,0,0,56,1,0,0,0,0,1,0,0,0,0,0,0,0,56,,,56,0,0,3,3,0,0,1,0,0,0,0,0,5,0,54,243,1,0,1,0,3,1,32,0,211
2010,6,PHI,REG,2010_06_ATL_PHI,ATL,23,29,326,3,1,1,-6,0,0,235,126,12,14.1032017242494,15.155530284191,0,11,7,6,1,38,154,1,0,0,9,-2.12226542107822,0,3,3,1,0,23,29,326,3,0,0,235,126,12,15.7897929126728,0,11,7,6,1,0,32,8,14,0,0,1,3,22,4,1,10,9,0,0,0,0,0,0,0,0,0,0,0,1,0,0,9,78,4,0,0,0,0,0,3,50,2,19,1,4,3,0,30,0.25,0,0,1,0,0,0,0,0,2,1,0,0,30,37;47;37,,30,121,0,4,4,0,0,1,0,0,0,0,0,2,0,53,90,1,1,0,0,0,1,18,0,72
2010,6,PIT,REG,2010_06_CLE_PIT,CLE,16,27,257,3,1,0,0,0,0,343,53,13,10.8581542958855,5.85092377883417,0,9,5,5,1,35,121,1,0,0,8,-3.09658627869794,0,3,3,1,0,16,27,257,3,0,0,343,53,13,10.8581542958855,0,9,5,5,1,0,29,17,29,0,0,1,5,23,9,2,16,7,0,1,0,0,0,0,0,0,0,1,0,1,0,0,4,25,3,0,1,0,1,0,1,0,2,38,0,0,0,0,,,0,0,0,0,0,0,0,0,0,0,0,0,,,,0,0,0,4,4,0,0,1,0,0,0,0,0,6,0,60,257,4,0,2,1,2,1,0,0,237
2010,6,SEA,REG,2010_06_SEA_CHI,CHI,25,40,242,1,0,0,0,0,0,270,69,14,2.94701779342722,-0.0661966577172279,0,10,6,3,0,31,111,2,0,0,6,-0.171337598876562,0,4,2,0,0,25,40,242,1,0,0,270,69,14,2.94701779342722,0,10,6,3,0,0,32,3,7,0,0,1,6,44,10,0,0,9,0,1,1,0,0,0,0,0,0,1,0,0,0,0,5,83,4,0,1,0,1,0,4,-2,5,87,0,0,0,0,,,0,0,0,0,0,0,0,0,0,0,0,0,,,,0,0,0,3,3,0,0,1,0,0,0,0,0,10,0,56,397,6,3,2,0,3,2,93,1,304
2010,6,SF,REG,2010_06_OAK_SF,LV,16,33,196,2,0,2,-5,0,0,232,82,8,-0.502985144907802,-8.10612291097641,0,7,5,2,0,31,158,0,0,0,7,-5.29408863000572,0,4,3,1,1,16,31,196,2,0,0,232,82,8,3.34427041714596,0,7,5,2,0,0,44,0,10,0,0,2,2,14,3,2,6,6,0,0,0,0,0,0,0,0,0,0,0,0,0,0,11,143,5,0,0,0,0,0,4,37,2,48,1,1,0,0,25,1,0,1,0,0,0,0,0,0,0,0,0,0,25,,,25,0,0,2,2,0,0,1,0,0,0,0,0,8,0,55,346,4,1,2,1,0,4,25,0,301
2010,6,TB,REG,2010_06_NO_TB,NO,27,47,236,1,0,1,-1,0,0,418,109,15,3.73808197940841,-5.05850727253772,0,9,2,2,0,18,42,0,1,1,3,-5.69778383517405,0,1,0,0,0,27,47,236,1,2,0,418,109,15,3.9684873452238,0,9,2,2,0,0,42,8,8,0,0,2,0,0,0,1,27,3,0,0,0,0,0,0,0,0,0,1,0,0,0,0,5,30,3,3,0,1,3,1,0,0,6,106,0,2,2,0,,0,0,0,0,0,0,0,0,0,0,2,0,0,,40;47,,0,87,0,0,0,0,0,,0,0,0,0,0,3,0,54,137,2,0,1,1,0,1,-3,0,120
2010,6,TEN,REG,2010_06_TEN_JAX,JAX,14,21,171,2,0,0,0,0,0,157,63,10,15.1786433092088,6.72234055541811,0,9,3,3,0,39,153,1,1,0,8,0.0405941281828488,0,5,3,1,0,14,21,171,2,0,0,157,63,10,15.1786433092088,0,9,3,3,0,0,52,0,4,0,0,0,2,16,8,3,23,4,0,0,0,0,0,0,0,0,0,1,-2,1,0,0,8,57,0,0,1,0,1,0,1,9,2,50,3,3,0,0,36,1,0,1,2,0,0,0,0,0,0,0,0,0,26;33;36,,,95,0,0,3,3,0,0,1,0,0,0,0,0,2,0,51,98,1,0,0,0,0,2,-2,0,100
2010,6,WAS,REG,2010_06_IND_WAS,IND,29,45,246,1,2,3,-24,0,0,377,106,15,-1.59727640633865,-0.913794471157922,0,10,3,0,0,24,113,2,0,0,8,-1.29445367775043,0,5,5,1,0,29,45,246,1,0,0,377,106,15,2.86158200384614,0,10,3,0,0,0,33,15,41,0,0,4,1,8,1,0,0,8,0,0,0,0,0,1,0,0,0,0,0,3,0,0,7,53,4,0,0,0,0,0,2,33,6,158,1,2,1,0,39,0.5,0,0,1,0,0,0,0,0,0,1,0,0,39,48,,39,48,0,3,3,0,0,1,0,0,0,0,0,6,0,56,277,2,0,0,0,2,4,40,0,237
2010,7,ARI,REG,2010_07_ARI_SEA,SEA,12,33,132,0,1,2,-18,1,1,277,57,6,-15.5665047560097,-25.5765750552669,0,5,3,2,0,20,113,1,1,1,6,-0.184331352473237,0,3,2,1,0,12,33,132,0,0,0,277,57,6,-10.6109529231536,0,5,3,2,0,0,55,7,15,0,0,1,5,34,8,0,0,5,0,1,0,0,0,0,0,0,0,0,0,1,0,0,5,32,6,2,2,0,4,4,4,37,5,140,1,1,0,0,24,1,0,1,0,0,0,0,0,0,0,0,0,0,24,,,24,0,0,1,1,0,0,1,0,0,0,0,0,5,0,60,178,2,3,0,1,1,0,0,0,158
2010,7,ATL,REG,2010_07_CIN_ATL,CIN,24,33,299,3,1,0,0,0,0,316,126,12,14.6738860927634,9.66601145989967,1,10,7,4,2,30,153,2,0,0,9,6.34886459002155,0,4,4,2,0,24,33,299,3,1,1,316,126,12,4.56246286738847,1,10,7,4,2,0,51,14,14,0,0,2,3,27,5,0,0,3,0,0,0,0,0,0,0,0,0,0,0,1,12,0,3,41,5,1,0,0,1,1,0,0,6,168,1,1,0,0,45,1,0,0,0,1,0,0,0,0,0,0,0,0,45,,,45,0,0,4,4,0,0,1,0,0,0,0,0,3,0,52,135,2,0,0,0,1,2,10,0,125
2010,7,BAL,REG,2010_07_BUF_BAL,BUF,16,31,250,3,0,2,-21,0,0,384,83,12,8.19519644621789,-6.09426325367343,0,13,6,3,0,29,135,1,1,1,8,-2.99992736326107,0,4,4,1,0,16,31,250,3,0,0,384,83,12,11.4578364543843,0,13,6,3,0,0,41,21,21,0,0,3,1,0,2,2,46,8,0,0,0,0,0,0,0,0,0,0,-5,2,1,0,4,18,5,1,1,0,2,2,0,0,6,133,3,3,0,0,48,1,0,0,1,2,0,0,0,0,0,0,0,0,41;48;38,,,127,0,0,4,4,0,0,1,1,1,0,0,38,5,0,52,221,3,1,0,0,4,0,0,0,221
2010,7,BUF,REG,2010_07_BUF_BAL,BAL,29,43,374,4,2,1,0,0,0,427,108,21,15.6607017808823,7.50068509301474,0,16,9,6,1,35,132,0,0,0,6,-2.27765160973649,0,3,2,0,0,29,43,374,4,2,1,427,108,21,14.3073888465991,0,16,9,6,1,0,37,13,13,0,0,1,2,21,2,0,0,6,0,0,0,0,0,0,0,0,0,1,0,2,0,0,6,78,4,3,0,0,3,2,0,0,3,75,2,2,0,0,50,1,0,1,0,0,1,0,0,0,0,0,0,0,21;50,,,71,0,0,4,4,0,0,1,0,0,0,0,0,2,0,53,90,1,0,0,0,2,0,0,0,90
2010,7,CAR,REG,2010_07_SF_CAR,SF,28,41,308,2,1,1,-5,0,0,321,92,16,4.24460133086154,9.01300674531518,0,11,6,5,0,34,76,0,1,1,2,-17.5271693044599,0,1,0,0,0,28,41,308,2,1,1,321,92,16,3.09557575513804,0,11,6,5,0,0,41,1,5,0,0,0,2,13,7,1,0,6,0,1,0,0,0,0,0,0,0,1,0,0,0,0,4,35,5,2,1,0,3,2,6,44,4,84,3,3,0,0,55,1,0,0,1,1,1,0,0,0,0,0,0,0,47;55;37,,,139,0,0,2,2,0,0,1,1,1,0,0,37,3,0,44,122,0,0,0,0,0,3,24,0,98
2010,7,CHI,REG,2010_07_WAS_CHI,WAS,26,40,281,1,4,4,-25,0,0,352,95,14,-15.8590908978658,4.41448055207729,0,11,5,3,1,16,66,0,1,1,4,-6.19341429838096,0,3,2,0,0,26,40,281,1,1,1,352,95,14,-14.5259605116735,0,11,5,3,1,0,47,5,13,0,0,5,2,13,8,2,54,5,1,0,0,0,0,0,0,0,0,0,0,1,-8,0,6,51,5,2,0,0,2,2,1,12,4,78,0,0,0,0,,,0,0,0,0,0,0,0,0,0,0,0,0,,,,0,0,0,2,2,0,0,1,0,0,0,0,0,7,0,44,254,0,0,2,0,1,4,21,0,233
2010,7,CIN,REG,2010_07_CIN_ATL,ATL,36,50,412,3,0,3,-27,0,0,455,169,23,20.4163797024408,8.93535407222047,0,14,7,3,1,21,84,0,1,1,4,-5.56512236647541,0,2,1,0,0,36,49,412,3,1,0,455,169,23,23.1232748015787,0,14,7,3,1,0,47,8,8,0,0,1,0,0,2,1,0,2,0,0,0,0,0,0,0,0,0,1,6,1,59,1,7,36,6,2,0,0,2,1,2,10,7,156,2,3,1,0,33,0.666666666666667,0,1,1,0,0,0,0,0,0,0,1,0,20;33,53,,53,53,0,2,2,0,0,1,0,0,0,0,0,3,0,47,125,2,0,1,0,2,0,0,0,125
2010,7,CLE,REG,2010_07_CLE_NO,NO,10,17,87,0,0,1,-2,0,0,61,34,3,-5.702736342157,-0.12569036334753,0,5,2,0,0,28,125,1,0,0,7,0.258024788519833,0,3,3,1,1,10,16,87,0,0,0,61,34,3,-3.89093444176832,0,5,2,0,0,0,48,14,14,0,0,0,3,20,9,4,110,11,2,0,0,0,0,0,0,0,0,1,0,0,0,0,4,30,0,1,0,0,1,0,3,102,3,68,3,3,0,0,48,1,0,2,0,1,0,0,0,0,0,0,0,0,23;21;48,,,92,0,0,3,3,0,0,1,0,0,0,0,0,4,0,53,168,2,0,1,0,1,2,-1,0,169
2010,7,DAL,REG,2010_07_NYG_DAL,NYG,21,40,226,3,0,3,-13,1,1,227,141,11,-6.61580456023627,-11.4879270012562,1,10,4,2,0,13,41,0,0,0,3,-3.71489436359843,0,1,1,0,0,21,40,226,3,1,1,227,141,11,-1.68558166873233,1,10,4,2,0,1,55,0,14,0,0,2,1,9,2,3,79,5,0,0,0,0,0,0,0,0,0,0,0,2,5,0,5,42,5,2,0,0,2,2,1,93,5,96,2,2,0,0,41,1,0,1,0,1,0,0,0,0,0,0,0,0,26;41,,,67,0,0,3,3,0,0,1,0,0,0,0,0,6,0,61,310,2,1,1,1,0,3,17,0,273
2010,7,DEN,REG,2010_07_OAK_DEN,LV,12,29,198,2,1,4,-33,0,0,292,86,7,-17.3571760084014,-16.9620904943039,0,7,6,5,1,17,75,0,2,2,2,-8.84245890227612,0,2,2,0,0,12,29,198,2,1,0,292,74,7,-11.1345867202617,0,7,6,5,1,0,56,2,14,0,0,1,2,24,3,0,0,5,0,2,0,0,0,0,0,0,0,3,0,0,0,0,5,64,2,4,1,0,5,2,1,10,2,26,0,0,0,0,,,0,0,0,0,0,0,0,0,0,0,0,0,,,,0,0,0,2,2,0,0,1,0,0,0,0,0,7,0,61,364,0,1,0,0,0,6,47,0,317
2010,7,GB,REG,2010_07_MIN_GB,MIN,21,35,295,2,2,0,0,0,0,379,157,14,5.36510105140042,0.953742265701294,0,12,6,4,1,23,84,1,1,0,5,-2.138440932089,0,3,1,0,0,21,35,295,2,0,0,379,157,14,5.36510105140042,0,12,6,4,1,0,40,14,18,0,0,0,1,6,6,3,56,5,1,0,0,0,0,0,0,0,0,1,0,0,0,0,2,20,1,1,0,0,1,0,2,10,5,104,0,0,0,0,,,0,0,0,0,0,0,0,0,0,0,0,0,,,,0,0,0,4,4,0,0,1,0,0,0,0,0,2,0,51,90,1,0,0,0,1,1,13,0,77
2010,7,JAX,REG,2010_07_JAX_KC,KC,18,34,222,2,2,1,-6,0,0,250,121,12,-5.14503642856975,-4.60401118704767,0,9,6,4,0,23,84,0,1,0,4,-2.49067014001776,0,3,2,1,0,18,33,222,2,0,0,250,121,12,1.9226783373892,0,9,6,4,0,0,37,6,28,0,0,0,1,3,6,0,0,1,0,1,0,0,0,0,0,0,0,1,0,0,0,0,6,43,4,2,0,0,2,1,1,49,7,158,2,2,0,0,35,1,1,0,1,0,0,0,0,0,0,0,0,0,35;18,,,53,0,0,2,2,0,0,1,0,0,0,0,0,3,0,55,115,2,0,0,0,3,0,0,0,115
2010,7,KC,REG,2010_07_JAX_KC,JAX,13,18,193,2,0,1,-3,0,0,172,87,10,13.8109812717885,17.3027449183994,0,7,4,3,1,42,236,3,0,0,13,7.78925983904628,0,6,4,1,1,13,18,193,2,0,0,172,87,10,14.848846839508,0,7,4,3,1,0,35,6,18,0,0,2,1,6,7,2,50,9,1,0,0,0,0,0,0,0,0,0,0,1,0,0,7,92,4,0,0,0,0,0,0,0,2,44,0,0,0,0,,,0,0,0,0,0,0,0,0,0,0,0,0,,,,0,0,0,6,6,0,0,1,0,0,0,0,0,3,0,50,136,1,1,0,0,1,1,49,0,87
2010,7,LA,REG,2010_07_STL_TB,TB,13,26,126,2,0,1,-2,1,1,188,82,9,-0.354901113324895,-7.88816339694537,0,7,2,0,0,32,161,0,0,0,9,3.5703674441902,0,4,4,1,0,13,26,126,2,0,0,188,73,9,2.76126539065865,0,6,2,0,0,0,41,13,15,0,0,2,3,23,8,0,0,6,0,0,0,0,0,0,0,0,0,0,0,0,0,0,6,45,4,1,0,0,1,1,2,18,6,138,1,1,0,0,25,1,0,1,0,0,0,0,0,0,0,0,0,0,25,,,25,0,0,2,2,0,0,1,0,0,0,0,0,4,0,49,144,3,0,1,0,1,2,11,0,133
2010,7,LAC,REG,2010_07_NE_SD,NE,34,50,336,1,1,2,-11,0,0,293,176,18,12.4719698786285,5.07682878920373,0,15,5,4,0,19,38,1,2,1,4,-12.1747298516857,0,0,0,0,0,34,48,336,1,2,2,293,176,18,10.0146335129176,0,15,5,4,0,0,41,9,9,0,0,0,4,31,4,0,0,3,0,0,0,0,0,0,0,0,0,1,-12,0,0,0,6,69,3,1,3,0,4,3,1,12,5,136,2,3,1,0,32,0.666666666666667,0,1,1,0,0,0,0,0,0,0,1,0,32;28,50,,60,50,0,2,2,0,0,1,0,0,0,0,0,2,0,49,96,1,0,0,0,0,2,37,0,59
2010,7,LV,REG,2010_07_OAK_DEN,DEN,12,20,204,2,0,2,-24,0,0,199,105,9,12.9820909038218,4.13201212882996,0,8,6,3,1,52,328,5,1,0,18,18.3602558368584,0,10,9,3,2,12,20,204,2,0,0,199,105,9,17.1258781244079,0,8,6,3,1,0,31,2,6,0,0,4,4,33,6,1,30,6,1,0,0,0,0,0,0,0,0,1,0,2,12,0,10,94,3,1,0,0,1,0,6,47,0,0,1,1,0,0,31,1,0,0,1,0,0,0,0,0,0,0,0,0,31,,,31,0,0,8,8,0,0,1,0,0,0,0,0,4,0,46,166,2,0,2,1,0,1,10,0,136
2010,7,MIA,REG,2010_07_PIT_MIA,PIT,23,36,257,1,0,1,-8,0,0,185,118,13,3.7861446054541,-1.34274508271899,0,12,6,3,0,21,64,0,0,0,2,-6.1840847340999,0,1,0,0,0,23,35,257,1,1,1,185,118,13,1.7403708914882,0,12,6,3,0,0,44,5,11,0,0,4,3,12,4,0,0,1,0,0,0,0,0,0,0,0,0,0,0,2,0,0,3,24,4,1,0,0,1,1,2,27,5,90,5,5,0,0,40,1,0,2,2,1,0,0,0,0,0,0,0,0,39;23;22;37;40,,,161,0,0,1,1,0,0,1,0,0,0,0,0,3,0,66,145,2,0,0,0,1,2,2,0,143
2010,7,MIN,REG,2010_07_MIN_GB,GB,16,29,212,1,3,1,-6,0,0,253,112,9,-7.62227604573583,-1.2017253144034,0,10,4,4,0,36,196,2,0,0,11,10.4321747098584,0,8,5,0,0,16,29,212,1,0,0,253,112,9,-6.64231245738212,0,10,4,4,0,0,35,5,21,0,0,1,0,0,3,2,4,5,0,0,0,0,0,0,0,0,0,1,0,0,0,0,6,40,4,0,1,0,1,0,1,13,5,83,1,1,0,0,28,1,0,1,0,0,0,0,0,0,0,0,0,0,28,,,28,0,0,3,3,0,0,1,0,0,0,0,0,2,0,50,100,0,0,0,0,0,2,10,0,90
2010,7,NE,REG,2010_07_NE_SD,LAC,19,32,159,1,0,4,-31,0,0,223,76,8,-4.01814259049741,-3.7131917092108,0,6,4,1,0,22,51,1,0,0,3,2.41354693390895,0,0,0,0,0,19,31,159,1,0,0,223,76,8,2.24849539229936,0,6,4,1,0,0,48,8,8,0,0,1,2,11,2,1,0,3,0,0,0,0,0,0,0,0,0,0,0,3,63,0,7,51,4,0,0,0,0,0,2,37,3,45,3,3,0,0,40,1,0,0,2,1,0,0,0,0,0,0,0,0,40;35;35,,,110,0,0,2,2,0,0,1,0,0,0,0,0,4,0,45,153,2,0,1,0,2,1,12,0,141
2010,7,NO,REG,2010_07_CLE_NO,CLE,37,56,356,2,4,3,-20,0,0,385,173,21,-9.0995076053636,2.32239956205541,0,17,7,4,0,18,58,0,0,0,2,-3.14981977199204,0,0,0,0,0,37,55,356,2,0,0,385,173,21,1.55603142566049,0,17,7,4,0,0,32,11,11,0,0,1,1,2,5,0,0,1,0,1,0,0,0,0,0,0,0,2,20,0,0,0,7,98,5,0,2,0,2,0,2,-1,4,83,1,1,0,0,32,1,0,0,1,0,0,0,0,0,0,0,0,0,32,,,32,0,0,2,2,0,0,1,0,0,0,0,0,4,0,56,204,1,0,1,0,0,3,102,0,102
2010,7,NYG,REG,2010_07_NYG_DAL,DAL,25,35,306,4,3,1,-9,1,0,391,101,17,8.30271321564214,14.1929839338575,0,14,7,7,0,37,200,1,2,2,7,-8.29557686924104,0,5,5,3,0,25,35,306,4,0,0,391,101,17,9.78499571775319,0,14,7,7,0,0,41,0,4,0,0,2,3,13,7,0,0,6,0,0,0,0,0,0,0,0,0,1,0,2,0,0,6,46,4,2,1,0,3,2,3,17,3,40,2,2,0,0,53,1,0,1,0,0,1,0,0,0,0,0,0,0,53;26,,,79,0,0,5,5,0,0,1,0,0,0,0,0,3,0,69,165,0,2,0,0,0,1,93,1,72
2010,7,PHI,REG,2010_07_PHI_TEN,TEN,26,48,231,1,2,1,-4,0,0,456,108,15,-8.63519091989045,-0.867127113872104,0,9,4,1,0,24,99,0,1,1,6,-2.63584600333707,0,2,2,0,0,26,46,231,1,0,0,456,108,15,-7.74820172696149,0,9,4,1,0,0,37,10,10,0,0,1,3,23,3,2,0,6,0,1,0,0,0,0,0,0,0,0,0,1,0,0,10,100,5,2,0,0,2,2,2,16,2,63,4,4,0,0,46,1,0,2,0,2,0,0,0,0,0,0,0,0,25;46;46;28,,,145,0,0,1,1,0,0,1,0,0,0,0,0,5,0,63,242,1,0,0,0,1,4,43,0,199
2010,7,PIT,REG,2010_07_PIT_MIA,MIA,19,27,302,2,0,3,-12,2,1,312,112,12,14.1681289565462,14.4011347934052,0,11,8,6,2,27,58,0,1,0,2,-9.45875947586918,0,1,1,0,0,19,27,302,2,0,0,312,112,12,20.8857554833233,0,11,8,6,2,0,46,2,6,0,0,1,1,8,2,0,0,3,0,0,0,0,0,0,0,0,0,1,0,1,8,0,5,34,1,4,0,0,4,2,2,2,5,144,3,3,0,0,39,1,1,1,1,0,0,0,0,0,0,0,0,0,22;39;18,,,79,0,0,2,2,0,0,1,0,0,0,0,0,3,0,51,142,1,0,0,0,1,2,27,0,115
2010,7,SEA,REG,2010_07_ARI_SEA,ARI,20,38,192,1,0,5,-34,1,1,319,77,10,-4.35717211032651,-6.04429268523267,0,6,4,2,0,36,144,0,0,0,4,-7.68527032302906,0,5,3,1,0,20,38,192,1,0,0,319,77,10,7.39683073930311,0,6,4,2,0,0,30,10,12,0,0,2,2,18,4,1,13,10,0,0,0,0,0,0,0,0,0,0,0,4,0,0,10,95,2,1,0,0,1,1,0,0,2,45,5,5,0,0,51,1,0,3,1,0,1,0,0,0,0,0,0,0,20;31;51;24;26,,,152,0,0,1,1,0,0,1,0,0,0,0,0,5,0,60,237,2,0,0,0,1,4,37,0,200
2010,7,SF,REG,2010_07_SF_CAR,CAR,14,32,196,1,1,2,-13,0,0,319,106,9,-4.31288609790654,-12.1838839304063,0,8,6,3,1,22,99,0,0,0,6,-0.759390082675964,0,4,3,1,0,14,31,196,1,0,0,319,106,9,-1.97047554940373,0,8,6,3,1,0,59,3,23,0,0,2,1,5,7,1,31,4,1,0,0,0,0,0,0,0,0,0,0,2,0,0,11,81,4,0,0,0,0,0,3,24,2,47,2,2,0,0,38,1,0,1,1,0,0,0,0,0,0,0,0,0,24;38,,,62,0,0,2,2,0,0,1,0,0,0,0,0,7,0,59,353,1,0,0,1,0,6,44,0,289
2010,7,TB,REG,2010_07_STL_TB,LA,23,40,212,1,0,3,-23,1,0,336,91,10,2.11728217018743,-1.27075169330988,0,7,5,2,0,21,124,0,0,0,6,0.660538624433801,0,6,3,0,0,23,39,212,1,1,0,336,96,10,7.31030621393792,0,7,5,2,0,0,37,14,14,0,0,1,1,2,4,0,0,4,0,0,0,0,0,0,0,0,0,2,0,1,0,0,12,92,5,2,0,0,2,0,2,11,4,107,4,4,0,0,53,1,0,0,3,0,1,0,0,0,0,0,0,0,35;39;53;38,,,165,0,0,0,0,0,0,,0,0,0,0,0,4,0,55,160,1,1,0,0,1,2,18,0,142
2010,7,TEN,REG,2010_07_PHI_TEN,PHI,17,31,276,3,2,3,-23,1,1,393,59,8,2.15633875161683,0.564256757497788,0,7,7,5,2,26,75,0,0,0,4,-6.20297159224183,0,4,2,0,0,17,31,276,3,0,0,393,59,8,8.55172688823467,0,7,7,5,2,0,44,11,13,0,0,2,1,4,6,2,69,7,1,0,0,0,0,0,0,0,0,0,0,2,0,0,6,37,2,1,0,0,1,1,4,43,1,3,3,3,0,0,41,1,0,0,2,1,0,0,0,0,0,0,0,0,41;38;33,,,112,0,0,4,4,0,0,1,0,0,0,0,0,4,0,68,192,0,0,0,0,2,2,16,0,176
2010,7,WAS,REG,2010_07_WAS_CHI,CHI,17,32,200,1,2,2,-13,2,0,263,61,9,-11.9197498852765,-1.464652149908,0,9,5,3,0,28,121,0,2,1,4,-6.78927629184909,0,5,3,3,0,17,31,200,1,1,0,263,61,9,0.645517535057744,0,9,5,3,0,0,41,7,15,0,0,2,4,25,8,4,92,6,1,0,0,0,0,0,0,0,0,4,0,2,0,0,7,48,0,5,1,1,6,1,4,21,3,64,1,2,1,0,46,0.5,0,0,0,1,0,0,0,0,1,0,0,0,46,37,,46,37,0,2,2,0,0,1,0,0,0,0,0,7,0,50,233,2,5,0,1,0,1,12,0,201
2010,8,ARI,REG,2010_08_TB_ARI,TB,24,40,305,2,4,1,-9,1,0,386,122,14,-17.1639503106417,0.15351157157849,0,12,6,5,0,23,100,2,0,0,6,1.82211650206591,0,4,3,1,0,24,39,305,2,0,0,386,122,14,-15.6357523440383,0,12,6,5,0,0,37,15,15,0,0,1,2,25,3,0,0,1,0,0,0,0,0,1,0,0,0,1,-2,2,21,1,3,12,5,1,0,0,1,0,3,22,6,143,0,0,0,0,,,0,0,0,0,0,0,0,0,0,0,0,0,,,,0,0,0,5,5,0,0,1,0,0,0,0,0,4,0,52,172,2,1,0,1,1,1,0,0,152
2010,8,BUF,REG,2010_08_BUF_KC,KC,24,48,223,1,1,3,-32,1,0,375,86,12,-0.974783265021146,-10.7546849095303,0,8,3,2,0,33,137,0,1,0,7,-0.745741271963707,0,3,2,0,0,24,46,223,1,1,0,375,86,12,5.65469751513937,0,8,3,2,0,0,46,8,34,0,0,0,3,12,6,0,0,8,0,0,0,0,0,0,0,0,0,2,0,0,0,0,5,35,5,3,0,1,3,0,2,42,3,58,1,2,1,0,43,0.5,0,0,0,1,0,0,0,0,0,0,1,0,43,53,,43,53,0,1,1,0,0,1,0,0,0,0,0,7,0,56,309,0,2,0,1,0,4,36,0,253
2010,8,CAR,REG,2010_08_CAR_STL,LA,23,37,194,1,3,3,-18,1,0,380,82,12,-9.25693170766894,1.73809101452699,0,8,3,1,0,17,25,0,0,0,2,-8.24547952692956,0,0,0,0,0,23,37,194,1,1,1,380,82,12,-6.78904868400272,0,8,3,1,0,0,56,5,5,0,0,0,2,7,4,0,0,1,0,0,0,0,0,0,0,0,0,1,0,0,0,0,6,30,4,2,0,0,2,1,2,39,5,107,1,1,0,0,44,1,0,0,0,1,0,0,0,0,0,0,0,0,44,,,44,0,0,1,1,0,0,1,0,0,0,0,0,5,0,53,222,1,0,0,1,1,3,13,0,189
2010,8,CIN,REG,2010_08_MIA_CIN,MIA,17,38,156,2,1,0,0,0,0,412,42,7,-4.83217171381693,-14.9860533444505,0,5,1,1,0,26,106,0,0,0,7,-0.158698227605782,0,4,2,0,0,17,38,156,2,0,0,412,42,7,-4.83217171381693,0,5,1,1,0,0,46,0,18,0,0,0,0,0,1,1,0,3,0,0,0,0,0,0,0,0,0,0,0,1,0,0,4,36,6,0,0,0,0,0,2,24,6,117,0,0,0,0,,,0,0,0,0,0,0,0,0,0,0,0,0,,,,0,0,0,2,2,0,0,1,0,0,0,0,0,9,0,61,359,3,0,3,0,2,4,28,0,331
2010,8,DAL,REG,2010_08_JAX_DAL,JAX,34,49,379,1,4,2,-14,0,0,392,171,16,1.88199923666547,2.89139181983714,0,13,6,5,0,22,50,1,0,0,5,-9.45573255981435,0,0,0,0,0,34,49,379,1,0,0,392,171,16,5.25227047516386,0,13,6,5,0,0,48,2,16,0,0,1,3,22,8,0,0,1,0,0,0,0,0,0,0,0,0,1,-1,1,0,0,3,20,6,0,1,0,1,0,1,12,6,131,1,1,0,0,34,1,0,0,1,0,0,0,0,0,0,0,0,0,34,,,34,0,0,2,2,0,0,1,0,0,0,0,0,3,0,63,134,1,2,0,0,0,1,16,0,118
2010,8,DEN,REG,2010_08_DEN_SF,SF,28,40,369,1,1,4,-30,0,0,311,186,16,13.4037007948343,7.1559687978343,0,16,8,4,1,17,59,1,1,1,3,-7.34188779391116,0,1,1,0,0,28,39,369,1,0,0,311,186,16,15.890466740281,0,16,8,4,1,0,57,0,0,0,0,0,0,0,4,0,0,1,0,1,0,0,0,0,0,0,0,1,0,0,0,0,8,60,4,1,1,0,2,1,4,31,5,114,1,1,0,0,32,1,0,0,1,0,0,0,0,0,0,0,0,0,32,,,32,0,0,1,2,1,0,0.5,0,0,0,0,0,7,0,48,236,4,1,2,0,2,2,15,0,221
2010,8,DET,REG,2010_08_WAS_DET,WAS,26,45,212,4,1,1,-10,0,0,317,102,10,-5.54735456684977,-8.82001224491331,1,9,1,1,0,25,102,0,0,0,6,-4.03426698900329,0,4,4,1,0,26,45,212,4,1,1,317,102,10,-7.2994168177098,1,9,1,1,0,0,45,9,13,0,0,1,6,54,13,1,4,4,0,0,0,0,0,0,0,0,0,0,0,1,17,1,7,65,2,1,0,0,1,1,3,79,4,111,1,1,0,0,32,1,0,0,1,0,0,0,0,0,0,0,0,0,32,,,32,0,0,2,2,0,0,1,0,0,0,0,0,9,0,51,398,1,0,1,1,2,5,58,0,320
2010,8,GB,REG,2010_08_GB_NYJ,NYJ,15,34,170,0,0,2,-14,0,0,356,85,10,-4.49873275103246,-14.2838137114749,0,10,3,1,0,26,81,0,0,0,2,-6.7947850909921,0,1,1,1,0,15,34,170,0,0,0,356,85,10,-2.84952579866595,0,10,3,1,0,0,42,10,10,0,0,2,2,15,3,2,0,9,0,0,0,0,0,0,0,0,0,0,0,1,5,0,3,15,3,0,0,0,0,0,0,0,1,5,3,4,1,0,41,0.75,0,1,0,2,0,0,0,0,0,1,0,0,20;41;40,45,,101,45,0,0,0,0,0,,0,0,0,0,0,8,0,55,352,5,1,2,1,3,1,0,0,332
2010,8,HOU,REG,2010_08_HOU_IND,IND,22,38,201,1,1,3,-18,1,1,170,108,10,-16.0922128577176,-11.2728773719735,0,9,3,2,0,18,108,1,0,0,7,8.51463266817154,0,2,1,1,0,22,37,201,1,1,0,170,108,10,-8.38265761255752,0,9,3,2,0,0,41,16,18,0,0,0,1,9,3,0,0,4,0,1,0,0,0,0,0,0,0,2,1,0,0,0,5,30,5,2,1,0,3,1,3,11,7,172,1,1,0,0,53,1,0,0,0,0,1,0,0,0,0,0,0,0,53,,,53,0,0,2,2,0,0,1,0,0,0,0,0,5,0,59,222,1,0,0,0,2,3,40,0,182
2010,8,IND,REG,2010_08_HOU_IND,HOU,26,45,268,2,0,1,-9,0,0,333,140,15,9.60307883637336,-5.3982279698054,0,12,3,2,0,28,107,0,0,0,8,0.661220115318429,0,4,3,1,0,26,45,268,2,0,0,333,140,15,11.9045540679091,0,12,3,2,0,0,39,13,13,0,0,2,3,18,5,1,25,3,1,0,0,0,0,0,0,0,0,0,0,1,0,0,9,69,2,0,0,0,0,0,3,40,4,90,3,3,0,0,48,1,0,1,1,1,0,0,0,0,0,0,0,0,48;23;36,,,107,0,0,3,3,0,0,1,0,0,0,0,0,4,0,55,179,2,0,0,1,0,3,11,0,148
2010,8,JAX,REG,2010_08_JAX_DAL,DAL,17,21,260,4,0,3,-22,1,1,207,103,14,18.88803434273,22.2237818297886,0,10,5,5,1,34,149,1,0,0,6,-1.1470250581624,0,4,3,2,0,17,21,260,4,0,0,207,103,14,26.3259283404914,0,10,5,5,1,0,54,0,14,0,0,0,2,14,5,4,35,6,0,0,0,0,0,0,0,0,0,0,0,0,0,0,6,36,3,1,0,0,1,1,1,16,3,57,0,0,0,0,,,0,0,0,0,0,0,0,0,0,0,0,0,,,,0,0,0,5,5,0,0,1,0,0,0,0,0,5,0,57,242,1,1,1,2,0,1,12,0,190
2010,8,KC,REG,2010_08_BUF_KC,BUF,14,26,152,1,0,3,-12,0,0,222,68,10,-2.46255876812261,-2.97973987956842,0,6,4,1,0,45,274,0,0,0,14,5.99662831517836,0,10,7,1,0,14,24,152,1,0,0,222,68,10,2.07208171234835,0,6,4,1,0,0,43,6,36,0,0,3,3,32,7,1,13,7,0,0,0,0,0,0,0,0,0,0,0,0,0,0,5,50,5,0,0,0,0,0,4,36,2,46,2,3,1,0,35,0.666666666666667,0,1,1,0,0,0,0,0,1,0,0,0,28;35,39,,63,39,0,1,1,0,0,1,1,1,0,0,35,6,0,56,260,3,1,0,2,1,2,42,0,178
2010,8,LA,REG,2010_08_CAR_STL,CAR,25,32,191,2,0,2,-7,0,0,178,106,12,6.41574143834395,11.4426910411567,0,5,3,2,0,29,62,0,1,0,1,-17.0634172714437,0,1,1,0,0,25,32,191,2,0,0,178,106,12,9.09950250021165,0,5,3,2,0,0,39,9,9,0,0,2,3,18,6,3,54,7,0,0,0,0,0,0,0,0,0,1,-2,1,0,0,7,65,1,0,1,0,1,0,3,13,3,45,2,3,1,0,41,0.666666666666667,0,0,1,1,0,0,0,0,0,0,1,0,33;41,51,,74,51,0,2,2,0,0,1,0,0,0,0,0,5,0,59,241,2,1,2,0,0,2,39,0,202
2010,8,LAC,REG,2010_08_TEN_SD,TEN,27,36,305,2,1,1,-5,0,0,131,239,13,18.5351037450588,7.49551713466644,0,12,5,4,1,34,156,2,0,0,6,-0.856173423202552,0,2,2,2,0,27,35,305,2,0,0,131,239,13,20.5710520963767,0,12,5,4,1,0,32,9,9,0,0,0,0,0,1,0,0,5,0,0,0,0,0,0,0,0,0,0,0,0,0,0,8,62,4,0,0,0,0,0,2,14,4,100,2,2,0,0,36,1,0,0,2,0,0,0,0,0,0,0,0,0,34;36,,,70,0,0,3,3,0,0,1,0,0,0,0,0,3,1,63,168,0,0,0,1,1,1,17,0,131
2010,8,LV,REG,2010_08_SEA_OAK,SEA,15,27,310,2,0,2,-4,0,0,267,209,9,15.8204728418971,-1.39818340539932,0,9,4,4,3,39,239,1,1,0,8,1.53640643676044,0,6,5,5,1,15,26,310,2,0,0,267,209,9,18.4930299466253,0,9,4,4,3,0,40,3,15,0,0,1,8,45,8,1,15,8,0,0,0,0,0,0,0,0,0,1,-5,0,0,0,11,105,4,0,1,0,1,0,6,29,1,17,4,5,1,0,49,0.8,0,1,2,1,0,0,0,0,0,1,0,0,31;36;22;49,45,,138,45,0,3,3,0,0,1,0,0,0,0,0,5,0,60,273,0,0,0,0,0,5,100,0,173
2010,8,MIA,REG,2010_08_MIA_CIN,CIN,24,37,217,0,1,0,0,0,0,347,80,10,1.82157364711009,4.2561104168763,0,9,5,4,0,31,137,1,0,0,8,1.61159786260073,0,5,4,1,0,24,37,217,0,0,0,347,80,10,1.82157364711009,0,9,5,4,0,0,34,0,28,0,0,0,0,0,3,1,18,12,0,1,0,0,0,0,0,0,0,0,0,0,0,0,4,42,3,0,1,0,1,1,4,28,3,69,5,5,0,0,54,1,0,1,2,1,1,0,0,0,0,0,0,0,38;42;24;54;31,,,189,0,0,1,1,0,0,1,0,0,0,0,0,4,0,55,196,1,0,1,0,1,2,24,0,172
2010,8,MIN,REG,2010_08_MIN_NE,NE,26,38,295,1,1,1,-10,0,0,264,160,13,3.9230278452729,6.88581361963942,1,13,7,5,0,28,125,1,0,0,7,-3.62685184850125,0,1,1,1,0,26,37,295,1,0,0,264,160,13,6.69372735224768,1,13,7,5,0,0,28,14,14,0,0,0,0,0,4,0,0,0,0,0,0,0,0,0,0,0,0,0,0,0,0,0,5,35,5,0,0,0,0,0,1,7,2,31,1,1,0,0,24,1,0,1,0,0,0,0,0,0,0,0,0,0,24,,,24,0,0,1,1,0,0,1,0,0,0,0,0,4,0,58,189,3,0,0,1,2,1,4,0,165
2010,8,NE,REG,2010_08_MIN_NE,MIN,16,27,240,1,0,0,0,0,0,207,138,9,10.5059553157189,-1.9154214196735,0,8,5,4,1,27,122,3,0,0,9,6.75103745487286,0,5,3,1,0,16,27,240,1,0,0,207,138,9,10.5059553157189,0,8,5,4,1,0,32,23,23,0,0,0,1,10,6,1,37,3,0,0,0,0,0,0,0,0,0,0,0,0,0,0,6,47,4,0,0,0,0,0,1,4,4,58,0,0,0,0,,,0,0,0,0,0,0,0,0,0,0,0,0,,,,0,0,0,4,4,0,0,1,0,0,0,0,0,5,0,55,237,1,1,2,1,0,1,7,0,210
2010,8,NO,REG,2010_08_PIT_NO,PIT,34,44,305,2,1,2,-17,1,1,248,144,14,6.64753813290736,11.7759145796299,0,12,4,2,1,21,30,0,0,0,3,-10.1993438491461,0,1,0,0,0,34,44,305,2,0,0,248,144,14,12.5744241104112,0,12,4,2,1,0,36,10,12,0,0,2,3,24,7,1,21,6,0,0,0,0,0,0,0,0,0,0,0,1,11,0,3,35,4,1,0,0,1,1,1,17,3,83,2,2,0,0,31,1,0,1,1,0,0,0,0,0,0,0,0,0,31;23,,,54,0,0,2,2,0,0,1,0,0,0,0,0,4,0,55,175,3,0,0,0,3,1,38,0,137
2010,8,NYJ,REG,2010_08_GB_NYJ,GB,16,38,256,0,2,2,-15,0,0,470,88,11,-7.56276758931451,-18.015124688023,0,11,5,4,2,29,119,0,2,1,3,-12.4321379436587,0,2,2,1,0,16,38,256,0,1,0,470,81,11,-4.64148713249121,0,11,5,4,2,0,31,15,15,0,0,0,2,14,5,0,0,2,0,0,0,0,0,0,0,0,0,2,0,0,0,0,7,55,6,2,1,0,3,1,1,0,4,121,0,1,1,0,,0,0,0,0,0,0,0,0,0,1,0,0,0,,37,,0,37,0,0,0,0,0,,0,0,0,0,0,5,0,58,216,1,1,1,0,3,0,0,0,216
2010,8,PIT,REG,2010_08_PIT_NO,NO,17,28,195,0,1,3,-24,0,0,195,106,6,-3.8367133521171,-5.42359260412363,0,9,3,3,0,21,108,1,0,0,7,-0.108051510079269,0,3,3,1,0,17,27,195,0,1,1,195,106,6,-5.232938240799,0,9,3,3,0,0,45,9,9,0,0,1,2,17,7,1,9,5,0,0,0,0,0,0,0,0,0,1,0,1,0,0,4,38,5,2,0,0,2,1,1,38,4,118,1,2,1,0,19,0.5,1,0,0,0,0,0,0,0,0,0,1,0,19,51,,19,51,0,1,1,0,0,1,0,0,0,0,0,4,0,54,192,2,0,0,0,3,1,17,0,175
2010,8,SEA,REG,2010_08_SEA_OAK,LV,13,32,160,0,1,8,-45,1,0,399,55,5,-11.5480776520776,-16.9950501993299,0,6,3,3,0,19,47,0,0,0,2,-8.08140863955487,0,1,1,1,0,13,32,160,0,0,0,399,55,5,-1.68344279720861,0,6,3,3,0,0,50,1,21,0,0,0,2,4,3,0,0,5,0,0,0,0,0,0,0,0,0,1,-2,0,0,0,7,55,3,1,0,0,1,0,5,100,4,114,1,3,2,0,47,0.333333333333333,0,0,0,1,0,0,0,1,0,0,1,0,47,51;29,,47,80,0,0,0,0,0,,0,0,0,0,0,9,0,63,406,5,0,2,0,1,6,29,0,377
2010,8,SF,REG,2010_08_DEN_SF,DEN,12,19,196,1,0,0,0,0,0,187,74,9,12.981797333607,5.21553919503563,0,8,4,4,0,42,143,2,1,0,7,-2.52670366112482,0,2,2,1,0,12,19,196,1,0,0,187,74,9,12.981797333607,0,8,4,4,0,0,54,0,2,0,0,1,4,30,5,1,0,6,0,0,0,0,0,0,0,0,0,1,0,1,8,0,6,67,4,0,1,0,1,0,2,15,4,89,1,2,1,0,34,0.5,0,0,1,0,0,0,0,0,0,0,1,0,34,52,,34,52,0,3,3,0,0,1,0,0,0,0,0,6,0,57,296,4,0,1,0,1,4,31,0,265
2010,8,TB,REG,2010_08_TB_ARI,ARI,18,25,278,1,0,2,-25,0,0,211,97,9,6.37712909415501,6.36602544784546,0,9,7,6,2,30,154,2,1,1,9,-3.86235008804943,0,5,3,2,1,18,25,278,1,0,0,211,97,9,9.58823286947437,0,9,7,6,2,0,44,9,9,0,0,1,1,9,2,4,73,9,2,1,0,0,0,0,0,0,0,0,0,0,0,0,9,80,6,1,1,0,2,2,1,0,4,91,1,2,0,1,21,0.5,0,1,0,0,0,0,0,0,0,0,0,0,21,,53,21,0,53,5,5,0,0,1,0,0,0,0,0,6,0,55,252,2,1,0,0,2,3,22,0,230
2010,8,TEN,REG,2010_08_TEN_SD,LAC,18,36,305,2,0,0,0,0,0,531,125,11,8.38762906710568,-4.16892510321405,0,10,9,6,1,19,65,1,0,0,2,-3.27267097117147,0,2,1,1,0,18,36,305,2,0,0,531,125,11,8.38762906710568,0,10,9,6,1,0,41,21,21,0,0,0,1,5,2,1,11,4,0,0,1,1,0,0,0,0,0,0,0,0,0,0,10,80,2,0,0,0,0,0,1,17,7,159,1,1,0,0,21,1,0,1,0,0,0,0,0,0,0,0,0,0,21,,,21,0,0,2,2,0,0,1,0,0,0,0,0,6,0,63,279,4,1,2,0,1,2,14,0,265
2010,8,WAS,REG,2010_08_WAS_DET,DET,21,37,254,1,1,7,-59,2,1,307,137,10,-22.5365009950517,-6.78156348499092,0,10,4,2,1,19,80,1,0,0,2,-1.79048406996299,0,2,1,1,0,21,37,254,1,0,0,307,137,10,-4.01472289185471,0,10,4,2,1,1,45,7,13,0,0,1,1,10,4,1,0,9,0,1,0,0,0,0,0,0,0,2,0,1,-3,0,10,77,6,1,2,0,3,1,5,58,7,217,2,2,0,0,46,1,0,0,1,1,0,0,0,0,0,0,0,0,38;46,,,84,0,0,1,1,0,0,1,0,0,0,0,0,9,0,55,361,1,2,2,0,2,3,79,0,282
2010,9,ARI,REG,2010_09_ARI_MIN,MIN,16,27,196,1,0,6,-24,0,0,279,53,9,-0.394763940833665,-1.37077669302622,0,8,6,2,0,21,53,0,0,0,3,-3.85557639878243,0,2,0,0,0,16,27,196,1,0,0,279,53,9,3.831544317504,0,8,6,2,0,1,51,2,28,0,0,1,3,19,9,2,73,7,0,1,0,0,0,0,0,0,0,0,0,1,30,1,7,39,4,1,0,1,1,1,1,7,6,198,1,1,0,0,22,1,0,1,0,0,0,0,0,0,0,0,0,0,22,,,22,0,0,3,3,0,0,1,0,0,0,0,0,8,0,56,376,0,1,0,0,0,7,86,0,290
2010,9,ATL,REG,2010_09_TB_ATL,TB,24,36,235,1,0,0,0,0,0,302,72,16,12.0797655565203,4.98651470456805,0,8,3,2,1,33,130,2,0,0,9,-0.557842912501656,0,5,2,0,0,24,36,235,1,0,0,302,72,16,12.0797655565203,0,8,3,2,1,0,34,7,7,0,0,0,1,7,3,2,4,5,0,0,0,0,0,0,0,0,0,0,0,0,0,0,4,53,3,0,0,0,0,0,0,0,3,70,2,2,0,0,41,1,0,0,1,1,0,0,0,0,0,0,0,0,31;41,,,72,0,0,3,3,0,0,1,0,0,0,0,0,3,0,34,96,2,0,2,0,1,0,0,0,96
2010,9,BAL,REG,2010_09_MIA_BAL,MIA,21,28,279,2,0,4,-23,0,0,198,219,15,18.2240328617733,10.3373718048845,0,15,5,5,0,39,146,0,1,0,8,-7.0787758414552,0,5,3,0,0,21,28,279,2,0,0,198,219,15,23.199769018896,0,15,5,5,0,0,35,7,7,0,0,1,2,15,4,3,50,6,0,0,0,0,0,0,0,0,0,1,-10,0,0,0,5,40,2,0,1,0,1,0,2,12,3,69,4,5,1,0,39,0.8,0,3,1,0,0,0,0,0,1,0,0,0,26;39;20;24,37,,109,37,0,2,2,0,0,1,0,0,0,0,0,0,0,,0,0,0,0,0,0,0,0,0,0
2010,9,BUF,REG,2010_09_CHI_BUF,CHI,31,51,299,1,2,1,-5,0,0,463,119,16,2.60188758169534,-1.00296472801882,0,13,3,1,1,18,46,2,1,1,5,-6.14529011481488,0,1,1,0,0,31,51,299,1,0,0,463,119,16,3.60390317084966,0,13,3,1,1,0,29,18,24,0,0,1,1,10,1,0,0,7,0,0,0,0,0,0,0,0,0,0,0,1,0,0,4,33,5,1,0,0,1,1,1,6,0,0,0,0,0,0,,,0,0,0,0,0,0,0,0,0,0,0,0,,,,0,0,0,1,2,0,1,0.5,0,0,0,0,0,3,0,38,87,2,0,1,0,1,1,3,0,84
2010,9,CAR,REG,2010_09_NO_CAR,NO,17,36,107,0,1,4,-39,0,0,205,72,4,-29.3997527299237,-15.6821615355355,0,3,1,1,0,24,127,0,1,1,6,-0.203647361195181,0,5,2,1,0,17,35,107,0,0,0,205,72,4,-20.1564179058789,0,3,1,1,0,0,52,6,12,0,0,0,1,10,9,1,66,4,0,0,0,0,0,0,0,0,0,0,0,0,0,0,10,65,3,1,0,0,1,1,2,18,5,115,1,2,1,0,20,0.5,0,1,0,0,0,0,0,0,0,1,0,0,20,40,,20,40,0,0,0,0,0,,0,0,0,0,0,7,0,52,329,1,0,1,1,2,3,15,0,294
2010,9,CHI,REG,2010_09_CHI_BUF,BUF,17,30,188,2,0,1,-10,1,1,268,83,11,8.48798084300534,-6.49250656366348,1,9,4,2,0,31,105,1,0,0,6,-2.30714746104786,0,3,3,1,0,17,30,188,2,0,0,268,83,11,14.3158892432187,1,9,4,2,0,0,32,12,18,0,0,1,1,5,12,2,44,7,0,0,0,0,1,0,0,0,0,0,0,1,0,0,7,45,4,1,0,0,1,1,1,3,4,84,0,1,1,0,,0,0,0,0,0,0,0,0,0,0,1,0,0,,42,,0,42,0,2,2,0,0,1,0,0,0,0,0,4,0,46,166,1,0,2,0,1,1,6,0,160
2010,9,CIN,REG,2010_09_PIT_CIN,PIT,22,36,248,2,1,4,-30,1,0,391,57,10,-1.76314820883516,1.71802019079526,0,11,6,3,0,18,54,1,0,0,3,-2.54236761541275,0,0,0,0,0,22,36,248,2,0,0,391,57,10,4.91119763198122,0,11,6,3,0,0,39,1,27,0,0,2,1,9,3,1,0,4,0,0,0,0,0,0,0,0,0,1,0,1,0,0,3,30,4,2,0,0,2,1,3,9,6,132,0,2,2,0,,0,0,0,0,0,0,0,0,0,0,1,1,0,,51;45,,0,96,0,3,3,0,0,1,0,0,0,0,0,4,1,50,166,1,1,1,0,1,1,0,0,166
2010,9,CLE,REG,2010_09_NE_CLE,NE,14,19,174,0,0,0,0,0,0,263,35,10,7.80198849537645,20.0873585123765,0,6,6,5,0,44,230,4,1,1,12,6.40632519781655,0,6,5,1,0,14,19,174,0,0,0,263,35,10,7.80198849537645,0,6,6,5,0,0,32,9,11,0,0,1,1,9,2,1,0,5,0,0,0,0,0,0,0,0,0,0,0,2,0,0,4,28,2,1,0,0,1,1,2,18,3,61,2,2,0,0,38,1,0,0,2,0,0,0,0,0,0,0,0,0,38;37,,,75,0,0,4,4,0,0,1,0,0,0,0,0,3,0,51,107,2,1,0,0,2,0,0,0,107
2010,9,DAL,REG,2010_09_DAL_GB,GB,19,30,183,1,2,4,-17,2,0,209,87,10,-10.1307061892585,0.903793772061666,0,8,2,2,1,14,39,0,0,0,1,-5.57210569857853,0,0,0,0,0,19,30,183,1,0,0,209,87,10,-3.08338080265094,0,8,2,2,1,0,52,11,17,0,0,1,1,12,2,0,0,1,0,1,0,0,0,1,0,0,0,2,0,0,0,0,5,40,4,3,1,0,4,2,2,4,7,172,0,0,0,0,,,0,0,0,0,0,0,0,0,0,0,0,0,,,,0,0,0,1,1,0,0,1,0,0,0,0,0,6,0,65,317,3,0,0,1,0,5,22,0,275
2010,9,DET,REG,2010_09_NYJ_DET,NYJ,20,37,240,2,0,2,-12,0,0,272,159,12,1.84451389237074,-11.0810564176456,0,14,3,3,0,28,78,1,1,0,3,-8.0809071106487,0,2,2,0,0,20,37,240,2,0,0,272,159,12,2.08939462824492,0,14,3,3,0,0,55,1,17,0,0,3,1,9,4,1,2,6,0,0,0,0,0,0,0,0,0,1,-5,1,0,0,11,102,4,0,1,0,1,0,2,27,4,115,0,0,0,0,,,0,0,0,0,0,0,0,0,0,0,0,0,,,,0,0,0,2,3,1,0,0.666666666666667,0,0,0,0,0,9,0,56,424,3,0,0,0,3,6,62,0,362
2010,9,GB,REG,2010_09_DAL_GB,DAL,27,35,289,3,0,1,-12,0,0,237,133,15,16.6348033648171,14.073941637488,0,11,5,4,0,35,138,1,0,0,8,-0.754266964271665,0,4,4,1,0,27,34,289,3,1,0,237,133,15,20.4443144771364,0,11,5,4,0,0,41,6,6,0,0,3,4,17,5,2,62,7,1,1,0,0,0,0,0,0,0,1,3,2,26,1,2,20,0,1,1,1,2,0,5,22,2,52,1,2,0,1,26,0.5,0,1,0,0,0,0,0,0,0,0,0,0,26,,54,26,0,54,6,6,0,0,1,0,0,0,0,0,2,0,55,99,2,0,0,0,0,2,4,0,95
2010,9,HOU,REG,2010_09_SD_HOU,LAC,21,32,267,0,1,2,-15,1,0,237,125,12,2.70919668158544,-2.4615460075438,0,11,7,5,0,34,140,2,0,0,10,-5.90136209913785,0,4,4,0,0,21,32,267,0,0,0,237,125,12,6.04637584936367,0,11,7,5,0,0,22,17,21,0,0,1,1,5,5,1,0,1,0,0,0,0,0,0,0,0,0,1,0,1,0,0,4,31,5,1,0,0,1,0,1,5,5,122,3,3,0,0,27,1,0,3,0,0,0,0,0,0,0,0,0,0,27;21;25,,,73,0,0,2,2,0,0,1,0,0,0,0,0,2,0,36,70,0,0,1,0,0,1,0,0,70
2010,9,IND,REG,2010_09_IND_PHI,PHI,31,51,294,1,2,3,-18,0,0,534,134,14,4.64958130873909,0.813047266473957,0,13,4,3,0,19,62,2,0,0,6,2.91936521237949,0,0,0,0,0,31,51,294,1,0,0,534,134,14,4.10448833319295,0,13,4,3,0,0,44,2,8,0,0,0,3,11,7,0,0,4,0,0,0,0,0,0,0,0,0,0,0,0,0,0,7,59,5,0,0,0,0,0,0,0,4,58,1,1,0,0,37,1,0,0,1,0,0,0,0,0,0,0,0,0,37,,,37,0,0,3,3,0,0,1,0,0,0,0,0,5,0,54,189,1,0,3,0,0,2,5,0,184
2010,9,KC,REG,2010_09_KC_OAK,LV,20,35,216,2,1,3,-16,0,0,282,104,9,2.77153481183439,-3.06386070592063,0,10,4,3,0,34,104,0,1,0,6,-11.5097325719113,0,2,2,0,0,20,35,216,2,0,0,282,104,9,6.69972642225912,0,10,4,3,0,0,45,5,17,0,0,2,4,20,6,1,0,8,0,0,0,0,0,0,0,0,0,1,0,2,0,0,12,100,5,2,0,0,2,1,3,17,6,107,2,2,0,0,43,1,0,1,0,1,0,0,0,0,0,0,0,0,43;25,,,68,0,0,2,2,0,0,1,0,0,0,0,0,9,0,60,384,1,1,0,2,0,6,30,0,314
2010,9,LAC,REG,2010_09_SD_HOU,HOU,17,23,295,4,1,1,-5,0,0,243,147,13,20.017637368408,13.8301268867824,0,13,4,4,2,26,77,0,1,1,5,-3.67279920617864,1,1,0,0,0,17,23,295,4,0,0,243,147,13,21.2654853380518,0,13,4,4,2,0,47,15,17,0,0,1,2,15,2,1,15,6,0,0,0,0,0,0,0,0,0,0,0,0,0,0,6,62,1,1,0,0,1,1,1,0,5,115,0,0,0,0,,,0,0,0,0,0,0,0,0,0,0,0,0,,,,0,0,0,3,3,0,0,1,0,0,0,0,0,3,0,47,86,2,1,0,0,1,1,5,0,81
2010,9,LV,REG,2010_09_KC_OAK,KC,19,34,229,1,1,4,-20,0,0,422,50,11,-5.11388201694683,2.01820722132018,0,10,5,3,1,26,112,0,2,1,5,-9.75914026234323,0,2,1,1,0,19,33,229,1,0,0,422,50,11,-0.123372746332421,0,10,5,3,1,1,56,3,13,0,0,2,3,16,6,1,0,5,0,2,0,0,0,0,0,0,0,2,-10,1,0,0,15,140,6,2,2,0,4,2,6,30,5,172,3,4,1,0,41,0.75,0,1,1,1,0,0,0,0,0,1,0,0,23;41;33,47,,97,47,0,2,2,0,0,1,1,1,0,0,33,6,0,56,277,1,1,1,1,0,3,17,0,240
2010,9,MIA,REG,2010_09_MIA_BAL,BAL,22,34,231,0,3,2,-15,0,0,258,109,12,-8.31300187628986,0.564947592861512,0,10,4,4,0,17,73,1,2,0,4,1.06496056361357,0,3,3,0,0,22,34,231,0,1,0,258,107,12,-4.83377073409442,0,10,4,4,0,0,54,13,13,0,0,0,4,23,5,0,0,3,0,0,0,0,0,0,0,0,0,3,-3,0,0,0,4,23,5,1,2,0,3,0,0,0,3,57,1,2,1,0,19,0.5,1,0,0,0,0,0,0,0,0,1,0,0,19,46,,19,46,0,1,1,0,0,1,0,0,0,0,0,3,0,54,144,2,0,0,0,1,2,12,0,132
2010,9,MIN,REG,2010_09_ARI_MIN,ARI,36,47,446,2,2,3,-19,0,0,361,255,22,12.7469375723158,11.6505973516627,0,21,10,8,0,20,80,1,0,0,4,-3.72391581831931,0,2,1,1,0,36,47,446,2,0,0,361,255,22,17.2488649088773,0,21,10,8,0,0,36,2,18,0,0,1,6,24,11,0,0,3,0,0,0,0,0,0,0,0,0,0,0,0,0,0,11,65,4,1,0,0,1,1,7,86,5,88,2,2,0,0,35,1,0,1,1,0,0,0,0,0,0,0,0,0,21;35,,,56,0,0,3,3,0,0,1,1,1,0,0,35,4,0,56,191,4,0,2,0,1,1,7,0,184
2010,9,NE,REG,2010_09_NE_CLE,CLE,19,38,224,2,1,1,-9,0,0,299,117,15,4.95446916058427,-14.6731618203615,0,14,4,4,0,20,68,0,0,0,3,-1.7903967674647,0,2,1,0,0,19,38,224,2,1,1,299,117,15,1.62604878452839,0,14,4,4,0,0,42,17,17,0,0,1,0,0,0,0,0,2,0,0,0,0,0,0,0,0,0,0,0,1,0,0,3,20,2,1,1,0,2,2,0,0,6,56,0,0,0,0,,,0,0,0,0,0,0,0,0,0,0,0,0,,,,0,0,0,2,2,0,0,1,0,0,0,0,0,5,0,51,207,1,1,0,1,1,2,18,0,169
2010,9,NO,REG,2010_09_NO_CAR,CAR,27,43,253,2,1,1,-10,0,0,306,79,14,-0.916028246092652,8.8292970508337,0,10,5,2,0,32,165,1,0,0,9,1.11731622222578,0,5,3,1,1,27,41,253,2,0,0,306,79,14,2.32840560346688,0,10,5,2,0,0,43,7,13,0,0,1,4,39,7,1,24,5,1,0,0,0,0,0,0,0,0,1,0,1,0,0,7,64,5,0,1,0,1,0,3,15,1,21,2,2,0,0,36,1,0,0,2,0,0,0,0,0,0,0,0,0,31;36,,,67,0,0,4,4,0,0,1,0,0,0,0,0,5,0,63,232,3,1,1,1,0,2,18,0,194
2010,9,NYG,REG,2010_09_NYG_SEA,SEA,21,32,290,3,0,0,0,0,0,321,105,15,23.4815316856492,8.41103326529265,0,11,5,4,1,47,197,2,0,0,12,0.793591029068921,0,2,2,1,0,21,32,290,3,1,1,321,105,15,18.1246020469933,0,11,5,4,1,0,28,5,7,0,0,1,0,0,1,2,30,3,0,0,0,0,0,0,0,0,0,0,0,1,22,0,5,40,2,1,0,0,1,1,3,29,1,17,2,2,0,0,25,1,0,2,0,0,0,0,0,0,0,0,0,0,25;20,,,45,0,0,5,5,0,0,1,0,0,0,0,0,1,0,50,50,0,0,0,0,0,1,6,0,44
2010,9,NYJ,REG,2010_09_NYJ_DET,DET,22,39,336,1,1,1,-9,1,0,370,139,15,7.07742299014333,-6.4096115921673,0,12,7,5,2,30,110,1,2,0,5,-2.87058465247977,0,2,1,0,0,22,38,336,1,1,1,370,139,15,3.40275860426482,0,12,7,5,2,0,45,1,19,0,0,0,2,12,3,0,0,5,0,1,0,0,0,0,0,0,0,4,-6,0,0,0,11,99,4,3,2,0,5,1,6,62,5,119,3,3,0,0,36,1,0,0,3,0,0,0,0,0,0,0,0,0,31;36;30,,,97,0,0,2,2,0,0,1,1,1,0,0,30,7,0,53,295,3,2,0,1,2,2,27,0,248
2010,9,PHI,REG,2010_09_IND_PHI,IND,17,29,218,1,0,3,-11,0,0,268,65,9,6.12125315534511,7.94401212974831,0,7,5,3,1,31,195,1,0,0,8,4.89574654206858,0,5,3,3,1,17,27,218,1,0,0,268,65,9,8.93025447788976,0,7,5,3,1,0,45,5,7,0,0,0,3,18,6,2,31,7,0,0,0,0,0,0,0,0,0,0,0,0,0,0,14,125,6,0,1,1,1,0,2,5,4,75,4,4,0,0,44,1,0,2,1,1,0,0,0,0,0,0,0,0,22;21;31;44,,,118,0,0,2,2,0,0,1,0,0,0,0,0,4,0,55,148,1,1,0,1,2,0,0,0,128
2010,9,PIT,REG,2010_09_PIT_CIN,CIN,18,28,202,2,1,1,-9,0,0,300,81,7,4.12159785481998,8.73328204508181,0,6,4,3,0,32,121,1,0,0,7,-1.69132752753147,0,4,4,2,0,18,27,202,2,2,1,300,81,7,2.55346025019315,0,6,4,3,0,0,45,0,14,0,0,2,4,30,5,1,0,6,0,0,0,1,0,0,0,0,0,0,0,1,0,0,7,73,1,2,0,1,2,1,1,0,4,88,2,3,1,0,53,0.666666666666667,0,1,0,0,1,0,0,0,0,1,0,0,25;53,46,,78,46,0,3,3,0,0,1,0,0,0,0,0,5,0,48,203,2,0,0,1,1,3,9,0,174
2010,9,SEA,REG,2010_09_NYG_SEA,NYG,12,23,113,1,2,0,0,0,0,283,6,4,-10.8020496315439,-6.41072172185649,0,3,3,2,0,14,49,0,1,0,3,-2.70386399660492,0,1,1,1,0,12,23,113,1,0,0,283,6,4,-10.8020496315439,0,3,3,2,0,0,42,21,27,0,0,1,0,0,0,0,0,5,0,0,0,0,0,0,0,0,0,1,-16,1,0,0,9,70,2,1,1,0,2,1,1,6,8,137,0,0,0,0,,,0,0,0,0,0,0,0,0,0,0,0,0,,,,0,0,0,1,1,0,0,1,0,0,0,0,0,5,0,55,209,0,0,1,0,1,3,29,0,180
2010,9,TB,REG,2010_09_TB_ATL,ATL,11,22,189,2,2,1,-7,0,0,206,76,7,3.74861405417323,-10.9078182351022,0,6,2,2,2,27,96,0,0,0,6,-7.07027740206104,0,3,3,1,0,11,22,189,2,0,0,206,76,7,5.45091217081063,0,6,2,2,2,1,44,10,10,0,0,0,0,0,4,0,0,3,0,0,0,0,0,0,0,0,0,0,0,0,0,0,5,30,4,0,0,0,0,0,0,0,5,221,0,0,0,0,,,0,0,0,0,0,0,0,0,0,0,0,0,,,,0,0,0,3,3,0,0,1,0,0,0,0,0,3,0,41,117,2,0,2,0,1,0,0,0,117
2010,10,ARI,REG,2010_10_SEA_ARI,SEA,23,45,322,1,1,5,-36,1,1,415,115,16,-11.8049955536406,-12.4677496155103,1,13,8,6,0,14,41,1,0,0,2,-2.27744219683087,0,1,0,0,0,23,45,322,1,0,0,415,115,16,2.9317581876968,1,13,8,6,0,0,47,9,11,0,0,0,2,6,2,1,26,4,0,0,0,0,0,0,0,0,0,0,0,0,0,0,10,50,3,1,0,0,1,1,1,11,7,175,1,1,0,0,23,1,0,1,0,0,0,0,0,0,0,0,0,0,23,,,23,0,0,1,1,0,0,1,0,0,0,0,0,6,0,52,243,3,0,1,1,2,2,51,0,172
2010,10,ATL,REG,2010_10_BAL_ATL,BAL,32,50,316,3,0,2,-14,0,0,357,127,16,10.0962547164531,-0.565673015555557,0,12,6,4,0,23,60,0,0,0,4,-4.1352725464385,0,0,0,0,0,32,49,316,3,0,0,357,127,16,14.5763117021711,0,12,6,4,0,0,38,5,9,0,0,1,2,11,4,1,0,2,0,0,0,0,0,0,0,0,0,0,0,1,0,0,1,5,5,0,0,0,0,0,1,16,1,33,2,2,0,0,51,1,0,1,0,0,1,0,0,0,0,0,0,0,28;51,,,79,0,0,2,2,0,0,1,0,0,0,0,0,5,0,46,191,2,0,1,0,2,2,16,0,175
2010,10,BAL,REG,2010_10_BAL_ATL,ATL,22,34,215,3,1,2,-11,0,0,328,76,12,7.0368761329446,4.71889902563656,0,9,5,2,0,21,116,0,0,0,8,2.33886771189282,0,5,4,0,0,22,34,215,3,1,0,328,76,12,8.70429448859068,0,9,5,2,0,0,47,9,9,0,0,0,2,14,4,0,0,0,0,1,0,0,0,0,0,0,0,0,0,0,0,0,6,51,4,1,1,1,2,1,2,16,3,64,0,0,0,0,,,0,0,0,0,0,0,0,0,0,0,0,0,,,,0,0,0,3,3,0,0,1,0,0,0,0,0,4,0,53,198,3,0,1,0,2,1,16,0,182
2010,10,BUF,REG,2010_10_DET_BUF,DET,12,24,146,1,0,1,-7,0,0,279,76,6,1.89783630106831,-6.16304414967696,0,6,4,2,1,33,149,1,1,0,6,-6.72278010593819,0,3,3,2,0,12,24,146,1,1,1,279,76,6,1.71295261668274,0,6,4,2,1,0,40,18,20,0,0,1,1,9,1,1,8,11,0,1,0,0,0,0,0,0,0,1,0,0,0,0,4,30,5,2,1,1,3,1,7,69,2,41,0,1,1,0,,0,0,0,0,0,0,0,0,0,0,1,0,0,,41,,0,41,0,2,2,0,0,1,0,0,0,0,0,7,0,51,297,3,3,1,0,1,2,34,0,263
2010,10,CAR,REG,2010_10_CAR_TB,TB,16,29,191,0,0,2,-9,0,0,147,77,9,3.15000850697288,-4.58050028041557,0,8,3,2,0,31,118,1,1,1,6,-8.97600210370729,0,3,3,0,0,16,27,191,0,0,0,147,77,9,8.92294187455445,0,8,3,2,0,0,39,11,11,0,0,0,1,6,1,0,0,1,0,0,0,0,0,0,0,0,0,0,0,2,2,0,7,71,6,1,0,0,1,1,3,47,5,101,3,3,0,0,48,1,0,1,0,2,0,0,0,0,0,0,0,0,46;28;48,,,122,0,0,1,1,0,0,1,0,0,0,0,0,5,0,35,158,2,1,0,0,1,3,5,0,153
2010,10,CHI,REG,2010_10_MIN_CHI,MIN,22,35,237,3,2,2,-7,0,0,324,62,13,5.28731601830754,7.4664900132588,0,11,6,2,0,37,130,0,0,0,5,-5.33710317081243,0,3,1,1,0,22,35,237,3,0,0,324,62,13,8.02785213949341,0,11,6,2,0,0,45,0,2,0,0,1,1,0,2,3,3,5,0,0,0,0,0,0,0,0,0,0,0,1,0,0,11,116,4,0,0,0,0,0,2,47,3,132,2,3,1,0,37,0.666666666666667,0,0,2,0,0,0,0,0,0,1,0,0,34;37,43,,71,43,0,3,3,0,0,1,0,0,0,0,0,4,0,42,154,1,2,1,1,0,0,0,0,134
2010,10,CIN,REG,2010_10_CIN_IND,IND,31,42,292,2,3,3,-23,0,0,342,174,16,-3.05021646318698,8.50238223106433,0,13,7,3,0,20,72,0,1,1,3,-7.30655888293404,0,1,1,1,1,31,42,292,2,1,1,342,174,16,-3.69087029798163,0,13,7,3,0,0,35,14,16,0,0,0,2,5,4,0,0,3,0,0,0,0,0,0,0,0,0,0,0,0,0,0,4,38,4,2,0,0,2,2,2,4,4,124,1,1,0,0,27,1,0,1,0,0,0,0,0,0,0,0,0,0,27,,,27,0,0,2,2,0,0,1,0,0,0,0,0,4,0,52,161,4,0,0,0,2,2,5,0,156
2010,10,CLE,REG,2010_10_NYJ_CLE,NYJ,18,31,205,1,0,3,-9,0,0,205,142,11,6.55600028196485,-1.29526315196868,0,10,5,1,0,25,107,1,1,1,6,-3.74688164889812,0,3,3,0,0,18,31,205,1,1,1,205,142,11,4.17233656308517,0,10,5,1,0,0,55,18,18,0,0,0,2,15,6,1,0,6,0,0,0,0,0,0,0,0,0,0,0,0,0,0,4,52,3,2,0,0,2,2,1,5,4,73,2,2,0,0,34,1,0,1,1,0,0,0,0,0,0,0,0,0,34;23,,,57,0,0,2,2,0,0,1,0,0,0,0,0,5,0,53,229,1,1,1,0,1,2,36,0,193
2010,10,DAL,REG,2010_10_DAL_NYG,NYG,13,22,327,3,1,0,0,0,0,216,189,9,18.9282200276532,-0.0396508546102615,0,9,7,7,4,28,100,0,0,0,5,-8.22376439641705,0,4,3,0,0,13,21,327,3,0,0,216,189,9,19.2381745557679,0,9,7,7,4,0,36,28,28,0,0,1,0,0,1,2,128,4,1,0,0,0,0,0,0,0,0,0,0,1,0,0,5,60,4,0,0,0,0,0,0,0,5,107,2,3,1,0,23,0.666666666666667,0,2,0,0,0,0,0,0,1,0,0,0,22;23,34,,45,34,0,3,4,0,1,0.75,0,0,0,0,0,3,0,61,160,0,1,0,1,1,0,0,0,140
2010,10,DEN,REG,2010_10_KC_DEN,KC,23,35,299,5,0,0,0,0,0,329,132,17,21.3285499928921,7.25694745779038,0,12,6,4,1,31,153,1,0,0,8,3.81243869592436,0,5,3,0,0,23,34,299,5,0,0,329,132,17,21.990544222254,0,12,6,4,1,0,57,3,7,0,0,3,4,36,8,0,0,6,0,0,0,0,0,0,0,0,0,0,0,1,75,1,3,28,5,0,0,0,0,0,2,27,2,68,0,1,1,0,,0,0,0,0,0,0,0,0,0,0,0,1,0,,58,,0,58,0,7,7,0,0,1,0,0,0,0,0,2,0,46,82,0,0,0,1,0,1,16,0,46
2010,10,DET,REG,2010_10_DET_BUF,BUF,29,50,323,1,1,1,-9,0,0,363,144,16,3.32793486422039,-8.43437391519547,0,14,9,5,0,26,76,0,0,0,2,-6.06571736378828,0,1,1,0,0,29,50,323,1,1,0,363,144,16,5.2037902439001,0,14,9,5,0,0,22,23,35,0,0,2,1,7,5,0,0,3,0,0,0,0,0,0,0,0,0,1,0,1,0,0,11,60,6,1,0,0,1,0,2,34,2,41,2,3,1,0,45,0.666666666666667,0,1,0,1,0,0,0,0,0,1,0,0,25;45,49,,70,49,0,0,0,0,0,,0,0,0,0,0,8,0,52,333,2,0,1,0,0,7,69,0,264
2010,10,HOU,REG,2010_10_HOU_JAX,JAX,22,32,314,2,0,0,0,0,0,219,124,13,17.3443748671868,6.24267680029715,0,12,10,3,1,21,81,1,1,0,6,-1.29017883044435,0,3,3,0,0,22,31,314,2,1,1,219,124,13,17.0529442873973,0,12,10,3,1,0,60,1,5,0,0,1,2,16,10,0,0,2,0,0,0,0,0,0,0,0,0,1,-12,0,0,0,8,49,3,1,1,0,2,1,0,0,2,40,1,1,0,0,24,1,0,1,0,0,0,0,0,0,0,0,0,0,24,,,24,0,0,3,3,0,0,1,0,0,0,0,0,4,0,49,150,1,0,2,0,1,1,1,0,149
2010,10,IND,REG,2010_10_CIN_IND,CIN,20,36,185,0,0,2,-5,0,0,302,68,12,-1.24582709861558,-9.50003001425001,0,10,3,1,0,22,76,1,0,0,3,-4.77583940554177,0,1,1,1,0,20,36,185,0,0,0,302,68,12,-0.351563847916518,0,10,3,1,0,0,34,21,27,0,0,2,3,23,4,3,77,3,1,0,0,0,0,0,0,0,0,0,0,2,0,0,5,45,3,0,0,0,0,0,2,5,2,44,3,3,0,0,47,1,0,2,0,1,0,0,0,0,0,0,0,0,28;47;23,,,98,0,0,2,2,0,0,1,0,0,0,0,0,7,0,49,289,3,1,0,0,4,2,4,0,285
2010,10,JAX,REG,2010_10_HOU_JAX,HOU,24,31,342,2,0,2,-16,0,0,263,141,15,18.7441011968515,16.7802800093928,0,16,4,3,2,36,165,2,0,0,12,6.66983324733631,0,4,3,1,0,24,31,342,2,0,0,263,141,15,22.0512720569968,0,16,4,3,2,0,40,0,0,0,0,1,0,0,1,0,0,0,0,0,0,0,0,0,0,0,0,1,0,1,0,0,8,62,2,1,0,0,1,0,1,1,4,103,1,3,2,0,38,0.333333333333333,0,0,1,0,0,0,0,0,1,1,0,0,38,39;43,,38,82,0,4,4,0,0,1,0,0,0,0,0,3,0,59,131,2,0,0,1,2,0,0,0,111
2010,10,KC,REG,2010_10_KC_DEN,DEN,33,53,469,4,0,4,-36,1,1,584,176,24,11.0132516064357,6.30028745475805,0,23,13,9,0,22,51,0,1,0,3,-5.32914954621811,0,0,0,0,0,33,53,469,4,1,0,584,169,24,25.4188152787685,0,23,13,9,0,0,50,0,2,0,0,0,0,0,0,0,0,6,0,0,0,0,0,0,0,0,87,2,0,0,0,0,6,40,3,3,0,0,3,1,1,16,6,128,1,2,1,0,40,0.5,0,0,0,1,0,0,0,0,0,0,1,0,40,52,,40,52,0,2,2,0,0,1,0,0,0,0,0,3,0,44,130,1,0,0,0,1,2,27,0,103
2010,10,LA,REG,2010_10_STL_SF,SF,30,42,251,1,0,3,-23,1,0,256,121,12,2.48956111298801,5.66954648210889,0,11,4,2,0,24,104,1,0,0,6,-2.5851289240527,0,4,2,1,0,30,42,251,1,0,0,256,121,12,7.11371835697835,0,11,4,2,0,0,44,1,11,0,0,1,5,33,6,0,0,6,0,0,0,0,0,0,0,0,0,1,0,0,0,0,12,135,2,1,0,0,1,0,2,22,5,76,2,2,0,0,42,1,0,0,1,1,0,0,0,0,0,0,0,0,42;33,,,75,0,0,2,2,0,0,1,0,0,0,0,0,10,0,63,437,3,2,3,0,5,0,0,0,437
2010,10,MIA,REG,2010_10_TEN_MIA,TEN,24,37,323,2,1,1,-7,0,0,442,96,14,10.8732230575955,7.1892583692396,0,13,7,4,1,30,88,1,1,0,6,-7.68131314586196,0,2,2,1,0,24,37,323,2,0,0,442,96,14,12.359103712832,0,13,7,4,1,0,40,7,9,0,0,2,2,19,1,1,0,9,0,0,0,0,0,0,0,0,0,1,0,2,0,0,4,63,3,1,0,0,1,0,0,0,2,60,3,3,0,0,42,1,0,2,0,1,0,0,0,0,0,0,0,0,23;26;42,,,91,0,0,2,2,0,0,1,0,0,0,0,0,3,0,51,145,0,0,0,0,0,3,61,0,84
2010,10,MIN,REG,2010_10_MIN_CHI,CHI,18,31,170,1,3,1,0,1,1,164,91,6,-11.2871662160014,-7.9205435129904,0,4,1,1,1,22,70,0,0,0,6,-2.93457131479785,0,3,1,1,0,18,31,170,1,0,0,164,91,6,-9.36757461301564,0,4,1,1,1,0,62,1,1,0,0,0,2,7,4,2,5,3,0,0,0,0,0,0,0,0,0,0,0,0,0,0,2,19,4,1,0,0,1,1,0,0,6,151,2,3,1,0,36,0.666666666666667,0,0,2,0,0,0,0,0,1,0,0,0,36;33,39,,69,39,0,1,1,0,0,1,0,0,0,0,0,4,0,56,176,1,1,1,0,0,2,47,0,129
2010,10,NE,REG,2010_10_NE_PIT,PIT,30,43,350,3,0,0,0,0,0,368,107,20,19.9417246763866,7.95953025420507,0,18,7,3,1,24,103,1,0,0,5,0.218265857172254,0,3,3,0,0,30,42,350,3,0,0,368,107,20,22.0293899066552,0,18,7,3,1,0,36,12,26,0,0,0,5,38,7,1,32,6,1,0,0,0,0,0,0,0,0,0,0,0,0,0,10,113,3,0,0,0,0,0,1,12,4,74,2,2,0,0,36,1,0,0,2,0,0,0,0,0,0,0,0,0,31;36,,,67,0,0,3,4,1,0,0.75,0,0,0,0,0,5,0,53,201,3,0,0,1,2,2,22,0,159
2010,10,NYG,REG,2010_10_DAL_NYG,DAL,33,48,373,2,2,0,0,0,0,379,142,19,-2.07315263862193,7.44989095850194,0,17,8,6,1,28,107,0,1,0,4,-8.79213360074209,0,0,0,0,0,33,47,373,2,0,0,379,142,19,-0.70697629731085,0,17,8,6,1,0,24,18,18,0,0,0,0,0,1,1,0,3,0,0,0,0,1,0,0,0,0,1,-13,0,0,0,8,69,4,1,1,0,2,1,0,0,6,129,2,2,0,0,43,1,0,1,0,1,0,0,0,0,0,0,0,0,43;25,,,68,0,0,2,2,0,0,1,0,0,0,0,0,4,0,57,169,0,2,0,2,0,0,0,0,129
2010,10,NYJ,REG,2010_10_NYJ_CLE,CLE,27,44,299,2,1,2,-15,0,0,375,149,14,8.69756833280808,4.99722994863987,0,13,7,5,0,45,172,1,0,0,12,8.27210027014371,0,2,1,0,0,27,44,299,2,0,0,375,149,14,12.897966142077,0,13,7,5,0,0,35,12,12,0,0,2,3,9,5,0,0,0,0,0,0,0,0,0,0,0,0,0,0,2,0,0,9,70,5,0,0,0,0,0,2,36,4,81,2,5,3,0,27,0.4,0,2,0,0,0,0,0,1,0,2,0,0,27;25,48;24;47,,52,119,0,2,2,0,0,1,0,0,0,0,0,3,0,43,116,2,1,0,0,1,1,5,0,111
2010,10,PHI,REG,2010_10_PHI_WAS,WAS,20,28,333,4,0,1,-1,0,0,274,132,14,24.6359220718237,15.6036022518362,0,12,6,6,2,38,260,3,0,0,14,13.7917169817956,0,8,7,3,1,20,28,333,4,1,0,274,132,14,25.2929200425947,0,12,6,6,2,0,26,7,21,0,0,0,2,25,6,3,47,7,1,0,0,0,0,0,0,0,0,2,0,0,0,0,6,35,3,2,0,0,2,0,4,36,4,66,1,1,0,0,48,1,0,0,0,1,0,0,0,0,0,0,0,0,48,,,48,0,0,8,8,0,0,1,0,0,0,0,0,4,0,53,159,4,1,0,0,2,1,6,0,153
2010,10,PIT,REG,2010_10_NE_PIT,NE,30,49,387,3,1,5,-38,0,0,485,147,22,-3.32294973425112,1.76438580577572,0,18,9,6,0,16,76,0,0,0,4,2.94993976978026,2,2,2,1,0,30,48,387,3,0,0,485,147,22,4.57567007793452,0,18,9,6,0,0,37,10,26,0,0,0,0,0,4,0,0,2,0,0,0,0,0,0,0,0,0,0,0,0,0,0,6,45,6,0,0,0,0,0,2,22,7,176,1,2,1,0,22,0.5,0,1,0,0,0,0,0,1,0,0,0,0,22,26,,22,26,0,1,1,0,0,1,0,0,0,0,0,5,0,53,226,0,0,1,1,2,1,12,0,194
2010,10,SEA,REG,2010_10_SEA_ARI,ARI,26,40,386,1,1,2,-6,0,0,298,158,15,15.2969882985194,1.42143100500107,0,14,7,6,3,31,110,2,0,0,7,-6.46675647161435,0,4,4,1,0,26,40,386,1,0,0,298,158,15,17.3699344509364,0,14,7,6,3,0,40,7,7,0,0,1,5,36,5,1,0,6,0,0,0,0,0,0,0,0,0,0,0,1,0,0,6,51,4,0,0,0,0,0,2,51,1,22,5,6,1,0,41,0.833333333333333,2,1,1,1,0,0,0,1,0,0,0,0,41;34;19;23;19,29,,136,29,0,3,3,0,0,1,0,0,0,0,0,1,0,42,42,0,0,0,0,0,1,11,0,31
2010,10,SF,REG,2010_10_STL_SF,LA,17,28,356,1,0,5,-33,1,0,289,195,11,6.65653438772825,2.96428065214838,0,12,9,8,1,26,98,1,0,0,5,-4.16511757222449,0,2,2,1,0,17,28,356,1,0,0,289,195,11,15.7088690760411,0,12,9,8,1,0,55,0,16,0,0,1,3,23,7,0,0,2,0,0,0,0,0,0,0,0,0,1,0,0,0,0,14,105,7,1,0,0,1,0,0,0,3,42,3,3,0,0,47,1,0,2,0,1,0,0,0,0,0,0,0,0,26;47;29,,,102,0,0,2,2,0,0,1,1,1,0,0,29,8,0,61,376,3,0,2,2,2,2,22,0,314
2010,10,TB,REG,2010_10_CAR_TB,CAR,18,24,241,2,0,1,-6,0,0,209,128,11,13.7940996459914,9.47824728985628,0,10,6,5,0,30,186,2,1,1,9,3.01297616708325,0,9,7,2,1,18,24,241,2,0,0,209,128,11,15.4878701053789,0,10,6,5,0,0,46,11,11,0,0,1,2,9,3,0,0,4,0,1,0,0,0,0,0,0,0,0,0,1,0,0,10,80,1,0,2,0,2,2,3,5,4,61,1,1,0,0,32,1,0,0,1,0,0,0,0,0,0,0,0,0,32,,,32,0,0,4,4,0,0,1,0,0,0,0,0,4,0,53,177,0,1,0,0,0,3,47,0,130
2010,10,TEN,REG,2010_10_TEN_MIA,MIA,18,38,143,1,1,2,-19,1,1,442,43,9,-7.36493505979032,-11.1137815211949,0,7,1,1,0,25,135,1,0,0,4,2.21385719958926,0,3,3,1,0,18,38,143,1,1,1,442,43,9,-5.56820377636776,0,7,1,1,0,0,38,11,17,0,0,1,1,7,2,1,0,7,0,0,0,0,0,0,0,0,0,0,0,0,0,0,5,55,5,2,0,0,2,2,3,61,4,92,1,1,0,0,40,1,0,0,0,1,0,0,0,0,0,0,0,0,40,,,40,0,0,2,2,0,0,1,0,0,0,0,0,5,0,52,209,2,2,1,1,1,0,0,0,189
2010,10,WAS,REG,2010_10_PHI_WAS,PHI,17,31,295,2,3,2,-25,0,0,259,159,10,-4.18525073319324,-6.67411987819979,0,7,4,4,2,18,105,2,1,0,4,1.77761038672179,0,4,3,1,0,17,31,295,2,0,0,259,159,10,-1.6245586235309,0,7,4,4,2,0,37,19,33,0,0,2,1,1,3,0,0,4,0,0,0,0,0,0,0,0,0,1,-5,0,0,0,6,41,4,0,1,0,1,0,1,6,7,169,0,0,0,0,,,0,0,0,0,0,0,0,0,0,0,0,0,,,,0,0,0,4,4,0,0,1,0,0,0,0,0,6,0,56,300,1,1,1,0,0,4,36,0,264
2010,11,ARI,REG,2010_11_ARI_KC,KC,25,46,295,1,0,2,-14,0,0,561,90,14,4.316104159415,-1.53284759625145,0,13,7,4,0,20,101,0,0,0,4,-1.51297424291261,0,4,3,0,0,25,46,295,1,0,0,561,90,14,6.45763175295828,0,13,7,4,0,0,33,4,16,0,0,0,0,0,1,0,0,3,0,0,0,0,0,0,0,0,0,0,0,0,0,0,11,96,6,0,0,0,0,0,2,11,4,80,2,2,0,0,36,1,0,1,1,0,0,0,0,0,0,0,0,0,36;29,,,65,0,0,1,1,0,0,1,0,0,0,0,0,7,0,55,333,2,0,2,2,0,3,24,0,269
2010,11,ATL,REG,2010_11_ATL_STL,LA,26,39,253,2,0,0,0,0,0,325,97,17,10.6167269970697,4.33354179064433,1,11,7,1,0,31,138,1,0,0,5,2.04190214467235,0,2,2,1,0,26,39,253,2,0,0,325,97,17,10.6167269970697,1,11,7,1,0,0,42,5,5,0,0,0,0,0,2,1,12,7,0,0,0,0,0,0,0,0,0,0,0,0,0,0,3,30,2,0,0,0,0,0,1,11,4,120,4,4,0,0,42,1,0,3,0,1,0,0,0,0,0,0,0,0,42;29;24;21,,,116,0,0,2,2,0,0,1,0,0,0,0,0,4,0,51,180,1,0,1,0,0,3,43,0,137
2010,11,BAL,REG,2010_11_BAL_CAR,CAR,24,33,301,1,0,3,-23,1,0,271,105,13,9.02293106445231,11.5644899281588,0,13,8,5,1,31,100,1,1,1,7,-6.82768430836371,0,1,1,0,0,24,33,301,1,2,1,271,105,13,10.736979506766,0,13,8,5,1,0,39,3,13,0,0,1,3,23,6,2,66,4,2,0,0,0,0,0,0,0,0,1,-3,0,0,0,3,20,3,3,1,1,4,2,5,41,4,160,3,3,0,0,49,1,0,1,1,1,0,0,0,0,0,0,0,0,22;33;49,,,104,0,0,4,4,0,0,1,0,0,0,0,0,5,0,60,233,1,1,0,1,0,3,27,0,186
2010,11,BUF,REG,2010_11_BUF_CIN,CIN,21,34,316,4,2,1,-8,0,0,234,155,13,13.4043820267541,4.82378247029641,0,12,7,5,1,25,141,2,0,0,7,6.84979447093792,0,5,3,2,0,21,34,316,4,0,0,234,155,13,15.0725013990884,0,12,7,5,1,0,42,2,32,0,0,1,2,20,8,2,58,9,0,0,0,0,0,0,0,0,0,0,0,1,27,1,10,58,0,0,0,0,0,0,0,0,4,70,0,1,1,0,,0,0,0,0,0,0,0,0,0,1,0,0,0,,33,,0,33,0,7,7,0,0,1,0,0,0,0,0,1,0,44,44,0,0,0,1,0,0,0,0,24
2010,11,CAR,REG,2010_11_BAL_CAR,BAL,13,28,173,1,2,3,-23,0,0,193,105,3,-18.5524118649328,-18.9394210066114,0,3,2,2,1,22,120,0,2,0,6,-4.55048638681183,0,5,5,1,1,13,28,173,1,0,0,193,105,3,-15.1905288613771,0,3,2,2,1,0,58,1,11,0,0,3,3,23,5,0,0,1,0,0,0,0,0,0,0,0,0,2,-13,2,1,0,7,54,6,1,1,0,2,0,3,27,4,127,2,2,0,0,45,1,0,0,0,2,0,0,0,0,0,0,0,0,45;40,,,85,0,0,1,1,0,0,1,0,0,0,0,0,9,0,57,414,1,0,0,1,3,5,41,0,353
2010,11,CHI,REG,2010_11_CHI_MIA,MIA,16,25,156,0,1,3,-23,1,0,194,80,11,4.57669618952579,2.15374612808228,0,9,1,0,0,40,135,1,0,0,7,-2.94122544324947,0,3,2,1,0,16,25,156,0,0,0,194,80,11,8.83126700618426,0,9,1,0,0,0,36,0,8,0,0,0,6,39,6,1,5,5,0,0,0,0,0,0,0,0,0,1,0,0,0,0,5,45,3,1,0,0,1,0,4,27,1,10,3,3,0,0,50,1,0,1,0,1,1,0,0,0,0,0,0,0,47;24;50,,,121,0,0,1,1,0,0,1,0,0,0,0,0,4,0,49,175,0,1,1,0,1,1,7,0,168
2010,11,CIN,REG,2010_11_BUF_CIN,BUF,22,37,248,2,2,2,-20,0,0,302,129,16,6.59857092879632,2.16149643466279,0,8,4,2,1,30,133,1,1,1,6,-5.84884612977528,0,4,4,1,0,22,37,248,2,0,0,302,129,16,7.57350904809231,0,8,4,2,1,0,39,0,16,0,0,0,1,8,5,2,27,8,1,0,0,0,0,0,0,0,0,0,0,0,0,0,7,57,6,1,0,0,1,1,0,0,7,166,1,2,1,0,19,0.5,1,0,0,0,0,0,0,0,0,1,0,0,19,43,,19,43,0,4,4,0,0,1,0,0,0,0,0,2,0,48,71,0,1,0,0,1,0,0,0,71
2010,11,CLE,REG,2010_11_CLE_JAX,JAX,17,28,241,1,1,6,-46,0,0,221,138,10,0.834498164474123,2.14527735003719,0,10,5,3,1,26,88,0,0,0,4,-4.40741966373753,0,3,2,0,0,17,27,241,1,0,0,221,138,10,9.65500131141661,0,10,5,3,1,0,53,0,4,0,0,2,4,28,8,4,66,9,0,1,0,0,0,0,0,0,0,1,0,2,18,1,5,45,3,1,0,0,1,0,0,0,3,45,2,4,2,0,41,0.5,0,0,1,1,0,0,0,0,0,0,2,0,38;41,51;51,,79,102,0,2,2,0,0,1,0,0,0,0,0,5,0,53,220,2,0,0,0,1,4,33,0,187
2010,11,DAL,REG,2010_11_DET_DAL,DET,18,24,147,3,0,2,-16,0,0,127,99,11,7.0925603605283,14.8053209418836,0,8,2,1,0,30,134,1,1,1,6,1.88753360553528,0,3,3,2,0,18,23,147,3,1,0,127,99,11,10.8682499360002,0,8,2,1,0,1,51,1,13,0,0,1,3,26,8,1,0,5,0,0,0,0,0,0,0,0,0,0,0,1,0,0,6,39,3,2,0,1,2,1,1,97,4,82,0,0,0,0,,,0,0,0,0,0,0,0,0,0,0,0,0,,,,0,0,0,5,5,0,0,1,0,0,0,0,0,4,0,58,199,2,0,0,0,1,3,14,0,185
2010,11,DEN,REG,2010_11_DEN_SD,LAC,24,38,217,1,1,5,-45,0,0,316,93,12,-6.89123966684565,-1.50583151139711,0,11,4,1,0,15,63,1,0,0,3,0.885707062436268,0,1,1,0,0,24,38,217,1,0,0,316,93,12,0.62106481421506,0,11,4,1,0,0,34,21,21,0,0,1,1,8,2,1,0,2,0,0,0,0,0,0,0,0,0,0,0,0,0,0,8,56,2,0,0,0,0,0,2,47,6,92,0,0,0,0,,,0,0,0,0,0,0,0,0,0,0,0,0,,,,0,0,0,2,2,0,0,1,0,0,0,0,0,9,0,50,335,1,1,0,0,3,5,36,0,299
2010,11,DET,REG,2010_11_DET_DAL,DAL,32,47,289,2,1,3,-26,0,0,321,152,14,5.97377792485365,9.21116644559905,0,11,3,2,1,20,75,0,1,1,3,-7.83761541865533,0,1,1,0,0,32,43,289,2,0,0,321,152,14,15.3413758624667,0,11,3,2,1,0,46,2,8,0,0,2,2,16,4,0,0,0,0,0,1,0,0,0,0,0,0,0,0,1,0,0,10,76,5,1,0,0,1,1,3,14,4,95,1,1,0,0,47,1,0,0,0,1,0,0,0,0,0,0,0,0,47,,,47,0,0,2,2,0,0,1,0,0,0,0,0,6,0,53,278,3,0,3,2,0,1,97,1,141
2010,11,GB,REG,2010_11_GB_MIN,MIN,23,32,306,4,0,3,-23,0,0,251,161,15,16.4355098393742,8.53086840361357,0,10,4,4,2,30,91,0,0,0,5,-5.88439835765166,0,2,1,0,0,23,32,306,4,0,0,251,161,15,21.3010119044219,0,10,4,4,2,0,39,3,5,0,0,1,1,1,7,1,14,4,0,0,0,0,0,0,0,0,0,0,0,1,0,0,1,5,3,0,0,0,0,0,2,11,2,30,1,1,0,0,42,1,0,0,0,1,0,0,0,0,0,0,0,0,42,,,42,0,0,4,4,0,0,1,0,0,0,0,0,5,0,47,196,2,1,0,0,3,1,5,0,191
2010,11,HOU,REG,2010_11_HOU_NYJ,NYJ,19,33,254,1,0,1,-8,0,0,354,139,12,6.70634516762747,-0.472189169941527,0,11,6,6,1,26,97,2,1,1,5,-4.38915769931154,0,3,1,0,0,19,33,254,1,0,0,354,139,12,7.54525570446802,0,11,6,6,1,0,47,7,21,0,0,1,3,17,7,1,18,5,0,0,0,0,0,0,0,0,0,0,0,1,8,0,3,25,4,1,0,0,1,1,1,9,7,89,2,2,0,0,38,1,0,1,1,0,0,0,0,0,0,0,0,0,38;22,,,60,0,0,3,3,0,0,1,0,0,0,0,0,6,0,47,244,3,0,0,0,3,3,40,0,204
2010,11,IND,REG,2010_11_IND_NE,NE,38,52,396,4,3,0,0,0,0,406,178,22,18.4612336218706,11.7377592393985,0,16,8,3,0,20,71,0,0,0,5,0.284951607580297,0,1,1,1,0,38,52,396,4,0,0,406,178,22,18.4612336218706,0,16,8,3,0,0,30,22,22,0,0,0,1,8,2,0,0,2,0,0,0,0,0,0,0,0,0,0,0,0,0,0,6,48,4,0,0,0,0,0,2,1,6,95,0,0,0,0,,,0,0,0,0,0,0,0,0,0,0,0,0,,,,0,0,0,4,4,0,0,1,0,0,0,0,0,2,0,46,81,1,0,0,0,1,1,9,0,72
2010,11,JAX,REG,2010_11_CLE_JAX,CLE,20,35,254,2,4,4,-28,0,0,341,171,11,-10.8689043806271,-4.62898194789887,0,9,3,1,1,28,145,1,2,2,11,0.553128098137677,0,3,2,1,0,20,35,254,2,0,0,341,171,11,-4.48626038624666,0,9,3,1,1,0,47,0,10,0,0,1,6,46,9,1,-2,3,0,0,0,0,0,0,0,0,0,0,0,0,0,0,2,10,4,2,0,0,2,2,4,33,5,88,1,1,0,0,47,1,0,0,0,1,0,0,0,0,0,0,0,0,47,,,47,0,0,3,3,0,0,1,0,0,0,0,0,2,0,38,67,1,0,0,0,2,0,0,0,67
2010,11,KC,REG,2010_11_ARI_KC,ARI,15,24,193,2,0,0,0,0,0,183,114,8,9.58010635174971,2.32535066703955,0,8,4,3,0,29,159,2,0,0,8,3.84732657534187,0,6,3,2,0,15,24,193,2,0,0,183,114,8,9.58010635174971,0,8,4,3,0,0,37,4,26,0,0,0,2,14,6,0,0,5,0,0,0,0,0,0,0,0,0,0,0,0,0,0,5,23,2,0,0,0,0,0,3,24,0,0,1,1,0,0,23,1,0,1,0,0,0,0,0,0,0,0,0,0,23,,,23,0,0,4,4,0,0,1,0,0,0,0,0,5,0,64,264,1,0,0,2,1,2,11,0,213
2010,11,LA,REG,2010_11_ATL_STL,ATL,27,42,233,2,1,0,0,0,0,274,99,10,-5.04107790617373,-3.38445738667534,0,8,5,2,0,12,71,0,0,0,5,-1.64369726571022,0,4,2,0,0,27,42,233,2,0,0,274,99,10,-5.04107790617373,0,8,5,2,0,0,52,8,8,0,0,0,0,0,3,0,0,5,0,0,0,0,0,0,0,0,0,0,0,0,0,0,7,54,4,0,0,0,0,0,3,43,7,127,1,1,0,0,53,1,0,0,0,0,1,0,0,0,0,0,0,0,53,,,53,0,0,2,2,0,0,1,0,0,0,0,0,5,0,52,234,0,0,1,0,3,1,11,0,223
2010,11,LAC,REG,2010_11_DEN_SD,DEN,16,26,261,4,1,1,-8,0,0,206,182,11,17.7528411833373,1.5892417385028,0,9,6,4,3,38,147,1,1,0,7,-1.38298821664648,0,3,3,1,0,16,26,261,4,0,0,206,182,11,19.324448959207,0,9,6,4,3,0,37,12,14,0,0,0,5,45,5,1,28,5,0,0,0,0,0,0,0,0,0,1,0,0,0,0,5,40,3,1,0,0,1,0,5,36,2,50,0,1,1,0,,0,0,0,0,0,0,0,0,0,0,0,1,0,,52,,0,52,0,5,5,0,0,1,0,0,0,0,0,4,0,58,173,3,1,0,0,1,2,47,0,126
2010,11,LV,REG,2010_11_OAK_PIT,PIT,20,43,168,0,2,6,-47,2,0,300,66,8,-20.9382215680525,-15.8026250295861,0,7,4,0,0,16,61,0,0,0,4,-2.25962604850065,0,2,2,1,0,20,43,168,0,1,1,300,66,8,-18.6163359217898,0,7,4,0,0,0,40,11,25,0,0,1,2,6,4,0,0,3,0,0,0,0,0,0,0,0,0,2,0,1,0,0,7,55,4,3,0,0,3,1,4,17,5,83,1,1,0,0,41,1,0,0,0,1,0,0,0,0,0,0,0,0,41,,,41,0,0,0,0,0,0,,0,0,0,0,0,8,0,61,390,3,0,0,0,1,7,66,0,324
2010,11,MIA,REG,2010_11_CHI_MIA,CHI,17,29,187,0,1,6,-39,0,0,259,82,9,-14.7435665663797,-4.45435838452701,0,8,4,2,0,13,39,0,1,0,1,-5.36170334857889,0,0,0,0,0,17,29,187,0,0,0,259,82,9,-5.62410530919442,0,8,4,2,0,0,55,3,7,0,0,1,3,23,4,1,0,4,0,0,0,0,0,0,0,0,0,2,-9,0,0,0,5,45,5,0,2,0,2,0,1,7,3,98,0,0,0,0,,,0,0,0,0,0,0,0,0,0,0,0,0,,,,0,0,0,0,0,0,0,,0,0,0,0,0,7,0,54,281,3,0,0,0,3,4,27,0,254
2010,11,MIN,REG,2010_11_GB_MIN,GB,17,38,208,0,1,1,-1,0,0,378,108,10,-12.8031140787637,-14.9460663136683,0,11,7,2,0,18,93,0,0,0,5,-1.88152405200526,0,5,3,1,0,17,38,208,0,1,1,378,108,10,-16.0033768530114,0,11,7,2,0,0,45,10,14,0,0,0,3,23,4,0,0,2,0,0,0,0,0,0,0,0,0,1,-3,0,0,0,6,50,0,1,1,0,2,1,1,5,6,77,1,1,0,0,24,1,0,1,0,0,0,0,0,0,0,0,0,0,24,,,24,0,0,0,0,0,0,,0,0,0,0,0,5,0,47,208,1,1,1,0,1,2,11,0,197
2010,11,NE,REG,2010_11_IND_NE,IND,19,25,186,2,0,1,-8,0,0,172,56,13,11.5514151587384,12.5658243894577,0,6,4,2,0,34,168,2,1,0,8,5.47269182102173,0,3,3,1,0,19,25,186,2,0,0,172,56,13,12.865684307483,0,6,4,2,0,0,36,24,24,0,0,0,0,0,3,3,39,6,0,0,0,0,0,0,0,0,0,1,-5,0,0,0,1,15,1,0,1,0,1,0,1,9,5,90,1,1,0,0,25,1,0,1,0,0,0,0,0,0,0,0,0,0,25,,,25,0,0,4,4,0,0,1,0,0,0,0,0,3,0,45,132,1,0,0,0,1,2,1,0,131
2010,11,NO,REG,2010_11_SEA_NO,SEA,29,43,382,4,2,0,0,0,0,330,142,20,21.8554705584742,9.19293499574429,0,16,9,6,0,29,112,1,0,0,5,-0.592430350196082,0,1,1,1,0,29,41,382,4,0,0,330,142,20,25.2717495695019,0,16,9,6,0,0,38,14,14,0,0,2,0,0,1,0,0,3,0,0,0,0,0,0,0,0,0,0,0,2,0,0,3,24,4,0,0,0,0,0,0,0,1,25,0,1,1,0,,0,0,0,0,0,0,0,0,1,0,0,0,0,,27,,0,27,0,4,4,0,0,1,0,0,0,0,0,1,0,40,40,1,0,0,0,1,0,0,0,40
2010,11,NYG,REG,2010_11_NYG_PHI,PHI,20,33,147,2,3,0,0,0,0,262,66,8,-1.40799214734899,-1.84391149968812,0,7,3,1,0,19,61,0,2,2,3,-8.67899633018533,0,2,2,0,0,20,33,147,2,1,0,262,66,8,-1.40799214734899,0,7,3,1,0,0,50,3,9,0,0,4,3,14,3,0,0,3,0,1,0,0,0,1,0,0,27,2,0,2,0,0,6,54,3,2,2,0,4,2,3,16,6,92,1,1,0,0,24,1,0,1,0,0,0,0,0,0,0,0,0,0,24,,,24,0,0,2,2,0,0,1,0,0,0,0,0,4,0,67,208,0,1,0,2,0,1,9,0,159
2010,11,NYJ,REG,2010_11_HOU_NYJ,HOU,22,38,315,3,1,3,-17,0,0,371,156,13,5.10140190744664,-0.372922339954892,0,12,9,7,2,31,103,0,1,1,7,-6.75561949767871,0,3,2,0,0,22,37,315,3,0,0,371,156,13,9.75022462822039,0,12,9,7,2,0,39,9,17,0,0,1,1,8,3,0,0,6,0,0,0,0,0,0,0,0,0,0,0,1,-1,0,4,39,4,1,0,0,1,1,3,40,6,126,3,4,1,0,37,0.75,0,0,3,0,0,0,0,0,0,0,1,0,37;33;30,53,,100,53,0,3,3,0,0,1,0,0,0,0,0,4,0,57,190,2,1,1,0,1,1,9,0,181
2010,11,PHI,REG,2010_11_NYG_PHI,NYG,24,38,258,0,0,3,-14,2,1,354,131,12,-0.870736161304036,2.80892566630715,1,12,7,4,0,26,148,2,0,0,5,6.15608373776253,0,2,2,2,2,24,38,258,0,0,0,354,131,12,5.93134992878292,1,12,7,4,0,0,44,0,4,0,0,2,0,0,1,3,24,7,0,1,0,0,0,0,0,0,0,2,0,2,1,0,10,119,5,4,0,0,4,2,1,9,3,33,4,5,0,1,38,0.8,0,2,2,0,0,0,0,0,0,0,0,0,38;24;28;30,,42,120,0,42,1,1,0,0,1,0,0,0,0,0,3,0,47,134,1,0,0,0,0,3,16,0,118
2010,11,PIT,REG,2010_11_OAK_PIT,LV,18,29,275,3,0,2,-6,0,0,274,148,11,13.346261043509,2.71455301293011,0,11,8,5,1,33,162,2,1,1,7,-2.89819860435091,0,4,4,1,0,18,29,275,3,0,0,274,148,11,16.0610923165805,0,11,8,5,1,0,40,11,13,0,0,3,6,47,10,2,38,8,0,0,0,0,0,0,0,0,0,0,0,1,0,0,14,163,4,1,0,0,1,1,7,66,2,41,0,0,0,0,,,0,0,0,0,0,0,0,0,0,0,0,0,,,,0,0,0,5,5,0,0,1,0,0,0,0,0,7,0,54,315,4,0,0,1,2,4,17,0,278
2010,11,SEA,REG,2010_11_SEA_NO,NO,32,44,366,1,0,0,0,0,0,305,191,17,19.211222162495,9.48007441148525,0,15,4,3,2,17,58,0,1,1,4,-9.37255329062258,0,2,2,0,0,32,42,366,1,1,1,305,191,17,16.6175476780875,0,15,4,3,2,0,40,16,16,0,0,0,0,0,1,2,5,10,0,0,0,0,0,0,0,0,0,0,0,0,0,0,8,79,5,2,0,0,2,2,0,0,4,87,4,4,0,0,43,1,0,2,0,2,0,0,0,0,0,0,0,0,20;43;43;20,,,126,0,0,1,1,0,0,1,0,0,0,0,0,2,0,41,78,0,0,0,0,2,0,0,0,78
2010,11,SF,REG,2010_11_TB_SF,TB,16,31,148,0,1,6,-30,0,0,217,76,5,-20.0493470631191,-13.1631531061665,0,5,2,1,0,18,71,0,0,0,3,-4.37799750186969,0,3,1,0,0,16,31,148,0,1,1,217,76,5,-17.964854724647,0,5,2,1,0,0,50,0,18,0,0,0,2,6,5,0,0,3,0,0,0,0,0,0,0,0,0,0,0,0,0,0,3,18,3,1,0,0,1,1,2,16,4,81,0,0,0,0,,,0,0,0,0,0,0,0,0,0,0,0,0,,,,0,0,0,0,0,0,0,,0,0,0,0,0,6,0,53,227,2,0,1,1,1,3,27,0,180
2010,11,TB,REG,2010_11_TB_SF,SF,14,22,143,2,0,2,-6,0,0,131,69,9,2.78385733620489,2.59405808015303,0,5,2,2,0,42,162,1,0,0,10,-0.76629083417356,0,4,3,1,0,14,22,143,2,0,0,131,69,9,6.19814699672388,0,5,2,2,0,0,41,0,10,0,0,1,6,30,12,1,29,6,0,0,0,0,0,0,0,0,0,0,0,1,0,0,3,35,5,0,0,0,0,0,3,27,1,14,0,1,1,0,,0,0,0,0,0,0,0,0,0,0,1,0,0,,41,,0,41,0,3,3,0,0,1,0,0,0,0,0,5,0,61,197,2,0,0,1,2,2,16,0,161
2010,11,TEN,REG,2010_11_WAS_TEN,WAS,15,25,227,0,1,1,-5,0,0,289,71,8,0.123197989338363,2.91989594697952,0,7,5,4,1,25,151,0,1,1,7,-1.29481470829342,0,6,4,2,0,15,25,227,0,0,0,289,71,8,1.65874635410247,0,7,5,4,1,1,50,23,23,0,0,1,3,18,10,1,2,5,0,0,0,0,0,0,0,0,0,0,0,0,0,0,11,81,5,1,0,0,1,1,1,87,3,82,3,3,0,0,40,1,0,1,1,1,0,0,0,0,0,0,0,0,25;32;40,,,97,0,0,1,1,0,0,1,0,0,0,0,0,5,0,51,169,2,0,2,0,2,1,12,0,157
2010,11,WAS,REG,2010_11_WAS_TEN,TEN,30,50,376,1,1,3,-18,0,0,429,175,23,16.4527141529709,1.33899124339223,0,16,10,5,1,33,107,0,0,0,6,-8.45236238854704,0,4,2,0,0,30,48,376,1,1,0,429,175,23,20.3829646296532,0,16,10,5,1,0,33,12,12,0,0,1,1,5,3,1,43,4,0,0,0,0,0,0,0,0,0,1,0,1,0,0,3,20,7,1,1,1,2,0,1,12,5,120,4,6,2,0,48,0.666666666666667,1,0,0,3,0,0,0,0,0,1,1,0,19;40;42;48,51;47,,149,98,0,1,1,0,0,1,1,1,0,0,48,4,0,45,126,2,0,1,0,2,1,87,1,39
2010,12,ARI,REG,2010_12_SF_ARI,SF,16,35,196,0,1,1,-6,0,0,290,40,8,-10.8540410954145,-16.940941880731,0,7,3,3,1,11,13,0,1,1,0,-11.1164909921354,0,0,0,0,0,16,34,196,0,0,0,290,40,8,-8.01601786783317,0,7,3,3,1,0,46,13,13,0,0,0,1,4,3,1,0,2,0,0,0,0,0,1,0,0,0,0,0,0,0,0,6,61,2,0,1,0,1,1,2,5,6,133,2,2,0,0,39,1,0,0,2,0,0,0,0,0,0,0,0,0,31;39,,,70,0,0,0,0,0,0,,0,0,0,0,0,6,0,65,283,0,0,2,1,1,2,54,0,209
2010,12,ATL,REG,2010_12_GB_ATL,GB,24,28,197,1,0,2,-20,0,0,190,69,12,7.40547455106849,16.8109899120671,0,10,2,1,0,27,117,1,0,0,6,-2.09716458758339,0,3,3,1,0,24,28,197,1,1,0,190,69,12,11.5020122902234,0,10,2,1,0,0,46,0,12,0,0,3,1,3,1,0,0,2,0,0,0,0,0,0,0,0,0,0,0,1,0,0,4,50,4,1,0,1,1,0,0,0,3,93,2,2,0,0,47,1,0,0,1,1,0,0,0,0,0,0,0,0,38;47,,,85,0,0,2,2,0,0,1,1,1,0,0,47,4,0,51,161,2,0,0,0,2,2,2,0,159
2010,12,BAL,REG,2010_12_TB_BAL,TB,25,35,289,2,1,4,-32,0,0,202,176,12,0.570223900240583,6.38887754508427,0,12,3,3,1,26,92,0,0,0,5,-6.35512573400047,0,1,1,0,0,25,35,289,2,0,0,202,176,12,7.49369337724056,0,12,3,3,1,0,27,17,17,0,0,0,0,0,3,0,0,5,0,1,0,0,0,0,0,0,0,1,0,0,0,0,4,30,2,0,1,0,1,0,4,20,3,64,1,1,0,0,45,1,0,0,0,1,0,0,0,0,0,0,0,0,45,,,45,0,0,2,2,0,0,1,0,0,0,0,0,7,0,58,305,3,0,2,1,1,3,15,0,270
2010,12,BUF,REG,2010_12_PIT_BUF,PIT,23,45,265,1,1,2,-10,0,0,375,141,14,0.126172332116027,-10.889716852795,0,11,3,1,1,17,74,0,1,0,3,-1.72055874487758,0,2,1,0,0,23,44,265,1,1,1,375,141,14,-1.11236511237795,0,11,3,1,1,0,38,36,42,0,0,1,5,26,7,0,0,2,0,1,0,0,0,0,0,0,0,2,0,1,0,0,4,20,5,3,0,0,3,1,2,-1,5,131,3,3,0,0,49,1,0,1,1,1,0,0,0,0,0,0,0,0,29;32;49,,,110,0,0,1,1,0,0,1,0,0,0,0,0,5,0,47,182,2,1,2,1,0,1,15,0,147
2010,12,CAR,REG,2010_12_CAR_CLE,CLE,16,28,195,0,1,3,-20,0,0,109,149,10,-2.38344473390873,-3.62907831485455,0,10,5,2,0,27,151,1,0,0,5,3.18858572863974,0,3,3,2,0,16,26,195,0,0,0,109,149,10,2.3503392676156,0,10,5,2,0,0,45,18,18,0,0,3,2,18,3,2,44,5,1,0,0,0,0,0,0,0,0,0,0,1,7,0,8,68,5,0,0,0,0,0,1,32,5,82,3,5,2,0,43,0.6,0,0,0,3,0,0,0,0,0,2,0,0,43;42;43,46;42,,128,88,0,2,2,0,0,1,0,1,1,0,42,4,0,56,189,1,1,0,0,0,3,25,0,164
2010,12,CHI,REG,2010_12_PHI_CHI,PHI,14,21,247,4,0,4,-29,0,0,189,141,14,16.9041749377815,14.5615633044924,0,10,6,5,0,28,131,0,0,0,3,-4.96941752528073,0,3,3,2,1,14,21,247,4,0,0,189,141,14,22.5980196654876,0,10,6,5,0,0,53,3,13,0,0,2,4,40,8,1,39,4,0,0,0,0,0,0,0,0,0,0,0,0,0,0,6,56,4,0,0,0,0,0,1,9,6,166,1,1,0,0,23,1,0,1,0,0,0,0,0,0,0,0,0,0,23,,,23,0,0,4,4,0,0,1,0,0,0,0,0,5,0,56,218,0,0,0,0,2,3,43,0,175
2010,12,CIN,REG,2010_12_CIN_NYJ,NYJ,17,39,135,1,2,3,-18,0,0,321,71,10,-9.31387567718019,-13.0105436612398,0,7,1,1,0,20,46,0,0,0,1,-7.09951315488434,0,1,1,0,0,17,39,135,1,0,0,321,71,10,-5.4693119818109,0,7,1,1,0,0,41,14,18,0,0,0,2,17,2,1,11,6,0,1,0,0,0,0,0,0,0,0,0,0,0,0,2,25,6,0,1,0,1,1,5,6,5,97,1,2,1,0,28,0.5,0,1,0,0,0,0,0,1,0,0,0,0,28,27,,28,27,0,1,1,0,0,1,0,0,0,0,0,7,0,57,290,2,1,0,0,2,4,10,0,280
2010,12,CLE,REG,2010_12_CAR_CLE,CAR,24,36,245,0,2,2,-18,1,0,201,133,12,-8.26048606599215,3.58364952333046,0,11,4,3,0,32,152,3,0,0,10,-0.152548756683466,0,2,1,0,0,24,33,245,0,1,1,201,133,12,-4.10654989309842,0,11,4,3,0,0,39,13,13,0,0,0,3,20,7,1,12,2,0,0,0,0,0,0,0,0,0,2,0,0,0,0,5,46,2,3,0,0,3,1,3,25,6,136,1,1,0,0,41,1,0,0,0,1,0,0,0,0,0,0,0,0,41,,,41,0,0,3,3,0,0,1,0,0,0,0,0,3,0,44,109,2,1,0,0,1,1,32,0,77
2010,12,DAL,REG,2010_12_NO_DAL,NO,30,42,313,0,1,1,0,1,0,177,212,16,9.5746316632679,0.509088592869895,0,10,5,4,1,32,144,3,1,1,7,-5.58201209793333,0,3,2,1,1,30,42,313,0,2,1,177,203,16,4.40140773861942,0,10,5,4,1,0,39,6,8,0,0,2,2,19,5,1,10,8,0,0,0,0,0,0,0,0,0,5,-22,1,0,0,4,19,6,3,4,0,7,2,1,13,5,110,2,3,1,0,53,0.666666666666667,0,1,0,0,1,0,0,0,0,0,1,0,21;53,59,,74,59,0,3,3,0,0,1,0,0,0,0,0,2,0,59,110,1,1,0,0,0,1,0,0,110
2010,12,DEN,REG,2010_12_STL_DEN,LA,24,41,347,3,0,3,-17,0,0,430,154,16,12.3800058610866,1.27567409015283,0,16,11,5,1,18,119,1,1,1,8,-0.727031072834507,0,4,4,1,0,24,41,347,3,0,0,430,154,16,14.8713889935532,0,16,11,5,1,0,48,8,18,0,0,0,2,0,6,0,0,6,0,0,0,0,0,0,0,0,0,0,0,0,0,0,6,60,6,2,0,0,2,2,1,3,5,98,2,2,0,0,49,1,0,0,0,2,0,0,0,0,0,0,0,0,49;40,,,89,0,0,3,3,0,0,1,0,0,0,0,0,4,0,57,201,0,0,0,1,0,3,19,0,162
2010,12,DET,REG,2010_12_NE_DET,NE,27,46,285,1,2,2,-8,0,0,373,113,13,-8.12160698869182,-7.67770487329234,0,11,5,4,0,27,129,2,0,0,11,7.76896287675215,0,5,4,0,0,27,46,285,1,0,0,373,113,13,-6.05968393650753,0,11,5,4,0,0,38,5,13,0,0,0,1,3,5,0,0,0,0,0,0,0,0,0,0,0,0,0,0,0,0,0,8,66,5,0,0,0,0,0,1,8,7,194,1,2,1,0,44,0.5,0,0,0,1,0,0,0,0,0,1,0,0,44,46,,44,46,0,3,3,0,0,1,0,0,0,0,0,3,0,48,141,1,0,0,0,0,3,47,0,94
2010,12,GB,REG,2010_12_GB_ATL,ATL,26,35,344,1,0,1,-3,1,0,249,189,15,18.3432402630569,8.26014774186271,0,12,8,5,0,23,77,1,1,1,5,-7.96868964329517,0,3,1,0,0,26,35,344,1,2,0,249,189,15,19.4703712484916,0,12,8,5,0,0,40,2,24,0,0,1,2,20,2,0,0,0,0,0,0,0,0,0,0,0,0,2,0,0,0,0,8,66,4,3,1,1,4,1,2,2,4,87,1,1,0,0,22,1,0,1,0,0,0,0,0,0,0,0,0,0,22,,,22,0,0,2,2,0,0,1,0,0,0,0,0,2,0,53,88,0,1,1,0,0,0,0,0,88
2010,12,HOU,REG,2010_12_TEN_HOU,TEN,25,35,178,2,0,2,-20,1,0,152,76,12,-0.548121691466564,6.48252938474928,0,5,3,1,0,39,188,0,0,0,9,3.05578487062171,0,5,5,1,0,25,35,178,2,0,0,152,76,12,1.48272830515634,0,5,3,1,0,0,28,5,9,0,0,0,1,0,5,3,12,9,0,0,0,0,0,0,0,0,0,1,0,0,0,0,6,68,5,1,0,0,1,0,5,23,1,22,2,2,0,0,35,1,0,0,2,0,0,0,0,0,0,0,0,0,35;33,,,68,0,0,2,2,0,0,1,0,0,0,0,0,4,0,53,199,1,0,1,1,0,2,25,0,154
2010,12,IND,REG,2010_12_SD_IND,LAC,31,48,285,2,4,1,-6,0,0,409,183,16,-15.1761548635841,1.39370088775953,0,12,6,2,0,13,24,0,0,0,0,-5.08580488941516,0,0,0,0,0,31,48,285,2,1,1,409,183,16,-17.8983058035665,0,12,6,2,0,0,40,16,20,0,0,0,2,13,5,0,0,0,0,0,0,0,0,0,0,0,0,0,0,0,0,0,1,15,4,1,0,0,1,1,3,29,9,150,0,0,0,0,,,0,0,0,0,0,0,0,0,0,0,0,0,,,,0,0,0,2,2,0,0,1,0,0,0,0,0,4,0,49,166,1,1,0,0,1,2,19,0,147
2010,12,JAX,REG,2010_12_JAX_NYG,NYG,20,35,162,0,1,4,-41,3,1,265,64,9,-8.42617025434994,1.28596968510572,0,8,2,1,0,34,207,2,0,0,15,11.962256123711,0,7,5,1,0,20,34,162,0,0,0,265,64,9,-0.042486184733221,0,8,2,1,0,0,23,18,18,0,0,0,0,0,1,0,0,3,0,0,0,0,0,0,0,0,0,2,0,0,0,0,3,20,5,3,0,0,3,1,2,3,6,133,2,2,0,0,42,1,0,1,0,1,0,0,0,0,0,0,0,0,22;42,,,64,0,0,2,2,0,0,1,0,0,0,0,0,3,0,51,130,2,0,2,0,1,0,0,0,130
2010,12,KC,REG,2010_12_KC_SEA,SEA,22,32,233,4,0,0,0,0,0,253,87,15,18.0823756451344,8.7801811195189,0,9,5,3,0,48,270,2,0,0,13,10.6323348311707,0,6,5,3,0,22,31,233,4,1,1,253,87,15,17.1003463121514,0,9,5,3,0,0,28,6,14,0,0,2,2,14,6,2,26,8,0,0,0,0,0,0,0,0,0,0,0,1,2,0,5,50,6,1,0,0,1,1,2,17,2,32,0,1,0,1,,0,0,0,0,0,0,0,0,0,0,0,0,0,,,43,0,0,43,6,6,0,0,1,0,0,0,0,0,4,1,55,182,3,1,1,0,1,1,-2,0,184
2010,12,LA,REG,2010_12_STL_DEN,DEN,22,37,308,3,0,2,0,0,0,280,130,16,21.4495447940158,-0.752879759749851,0,14,8,5,1,35,123,1,0,0,6,-4.64791225583758,0,3,3,2,0,22,37,308,3,0,0,280,130,16,22.4316244098905,0,14,8,5,1,0,42,3,5,0,0,2,3,17,6,0,0,4,0,0,0,0,0,0,0,0,0,0,0,2,3,0,4,30,3,0,0,0,0,0,3,19,3,87,3,4,1,0,37,0.75,0,2,1,0,0,0,0,0,0,1,0,0,28;37;26,45,,91,45,0,3,4,1,0,0.75,0,0,0,0,0,5,0,57,204,0,0,2,1,1,1,3,0,181
2010,12,LAC,REG,2010_12_SD_IND,IND,19,23,185,0,0,2,-13,0,0,114,115,10,5.44095190790425,15.614868765292,0,7,3,1,0,34,129,1,0,0,8,-1.15067805827132,0,2,1,1,0,19,23,185,0,0,0,114,115,10,10.1144987448193,0,7,3,1,0,0,42,12,12,0,0,1,1,6,4,4,72,6,2,0,0,0,0,0,0,0,0,0,0,1,8,0,4,40,1,0,0,0,0,0,2,19,3,89,5,5,0,0,50,1,0,2,2,0,1,0,0,0,0,0,0,0,28;33;50;30;20,,,161,0,0,3,3,0,0,1,0,0,0,0,0,3,0,57,154,2,0,0,0,0,3,29,0,125
2010,12,LV,REG,2010_12_MIA_OAK,MIA,17,32,252,1,2,1,-5,0,0,287,133,8,-4.4317615856229,-10.1825470104814,0,8,5,4,2,12,16,0,1,1,2,-9.91048174881143,0,1,1,0,0,17,32,252,1,0,0,287,133,8,-3.62116766818088,0,8,5,4,2,1,55,12,18,0,0,1,3,22,9,1,10,3,0,0,0,0,0,0,0,0,0,0,0,0,0,0,4,20,4,2,0,1,2,1,2,19,8,215,1,1,0,0,30,1,0,0,1,0,0,0,0,0,0,0,0,0,30,,,30,0,0,2,2,0,0,1,0,0,0,0,0,4,0,48,167,1,0,0,0,1,3,60,0,107
2010,12,MIA,REG,2010_12_MIA_OAK,LV,17,30,307,2,1,3,-22,0,0,361,138,13,11.4652748915075,7.52851366996765,0,12,10,6,1,49,186,1,1,0,9,2.82441848430615,0,2,2,1,1,17,29,307,2,0,0,361,138,13,17.5069943965023,0,12,10,6,1,0,35,4,4,0,0,2,1,5,3,2,21,5,0,0,0,0,0,0,0,0,0,1,0,1,4,0,5,35,4,1,0,0,1,0,3,60,2,15,4,6,2,0,49,0.666666666666667,0,2,0,2,0,0,0,0,0,1,1,0,49;23;44;25,51;49,,141,100,0,3,3,0,0,1,0,0,0,0,0,2,0,52,93,0,0,0,0,0,2,19,0,74
2010,12,MIN,REG,2010_12_MIN_WAS,WAS,15,23,172,0,0,2,-10,0,0,211,114,8,2.58650939591823,2.56710195023081,0,6,3,3,0,38,137,2,0,0,8,0.335438174835872,0,2,1,0,0,15,23,172,0,0,0,211,114,8,4.88253218977479,0,6,3,3,0,0,34,5,19,0,0,1,4,24,6,1,0,5,0,0,0,0,0,0,0,0,0,0,0,0,0,0,3,15,2,0,0,0,0,0,3,21,4,78,1,1,0,0,31,1,0,0,1,0,0,0,0,0,0,0,0,0,31,,,31,0,0,2,2,0,0,1,0,0,0,0,0,7,0,49,306,3,1,0,0,1,5,20,0,286
2010,12,NE,REG,2010_12_NE_DET,DET,21,27,341,4,0,1,-3,0,0,245,173,13,20.9707083682474,15.5066940519545,0,13,8,5,1,25,109,2,0,0,6,4.2819614923792,0,2,2,0,0,21,27,341,4,0,0,245,173,13,22.9230646164101,0,13,8,5,1,0,42,7,27,0,0,0,2,8,3,2,73,11,0,0,0,0,0,0,0,0,0,0,0,0,0,0,5,50,2,0,0,0,0,0,3,47,4,69,1,1,0,0,19,1,1,0,0,0,0,0,0,0,0,0,0,0,19,,,19,0,0,6,6,0,0,1,0,0,0,0,0,3,0,53,153,1,0,1,1,0,1,8,0,125
2010,12,NO,REG,2010_12_NO_DAL,DAL,23,39,352,1,1,2,-19,0,0,481,94,16,7.8418765371918,1.4582539859571,0,14,7,5,2,21,81,2,0,0,5,3.97207789483946,0,1,1,0,0,23,39,352,1,0,0,481,94,16,11.8551086233949,0,14,7,5,2,0,57,4,18,0,0,3,1,0,2,1,4,3,0,2,0,0,0,0,0,0,0,1,0,2,2,0,4,30,5,2,0,0,2,1,1,0,1,22,3,3,0,0,50,1,0,1,0,1,1,0,0,0,0,0,0,0,50;45;28,,,123,0,0,3,3,0,0,1,0,0,0,0,0,2,0,64,120,1,0,1,0,0,1,13,0,107
2010,12,NYG,REG,2010_12_JAX_NYG,JAX,14,24,226,2,0,0,0,0,0,259,94,11,10.5984425940313,-0.418522306110548,0,10,7,4,0,26,135,0,0,0,6,-1.43368841618844,1,5,4,1,0,14,23,226,2,0,0,259,94,11,11.1204936727061,0,10,7,4,0,0,38,27,27,0,0,3,4,41,12,1,5,7,0,0,0,0,0,0,0,0,0,0,0,1,5,0,4,25,2,0,0,0,0,0,0,0,4,89,3,3,0,0,29,1,0,3,0,0,0,0,0,0,0,0,0,0,22;29;28,,,79,0,0,1,1,0,0,1,0,0,0,0,0,3,0,53,149,1,0,1,0,0,2,3,0,146
2010,12,NYJ,REG,2010_12_CIN_NYJ,CIN,16,28,166,1,1,2,-17,0,0,268,44,9,-6.61312820405858,-4.75424166236605,0,8,4,2,0,37,170,1,0,0,8,-2.31545026907574,0,1,1,1,1,16,28,166,1,0,0,268,44,9,-3.67442512341934,0,8,4,2,0,1,41,6,8,0,0,0,3,18,6,2,11,7,0,0,1,0,0,0,0,0,0,0,0,1,0,0,8,64,1,0,0,0,0,0,4,10,4,129,1,2,1,0,27,0.5,0,1,0,0,0,0,0,0,0,1,0,0,27,44,,27,44,0,3,3,0,0,1,0,0,0,0,0,8,0,61,354,5,0,1,1,1,5,6,0,328
2010,12,PHI,REG,2010_12_PHI_CHI,CHI,29,44,333,2,1,4,-40,2,0,344,142,19,4.2437748206793,10.6654017470604,0,15,7,7,0,22,105,0,1,0,4,1.38655651956027,0,4,2,0,0,29,43,333,2,0,0,344,142,19,12.2710335805494,0,15,7,7,0,0,42,3,5,0,0,0,4,29,5,0,0,3,0,0,0,0,0,0,0,0,0,3,-2,0,0,0,3,19,5,2,2,0,4,0,3,43,6,145,4,4,0,0,45,1,0,1,2,1,0,0,0,0,0,0,0,0,45;36;22;36,,,139,0,0,2,2,0,0,1,0,0,0,0,0,3,0,53,135,1,1,1,0,0,1,9,0,126
2010,12,PIT,REG,2010_12_PIT_BUF,BUF,20,33,246,0,0,5,-26,0,0,310,82,13,5.84346846775742,2.47047687730482,0,12,7,3,0,45,206,1,1,1,12,1.30839183564548,0,5,2,1,0,20,31,246,0,0,0,310,82,13,13.1808835274366,0,12,7,3,0,0,32,14,20,0,0,3,2,10,4,1,5,12,0,0,0,0,0,0,0,0,0,0,0,1,0,0,10,107,5,1,0,0,1,1,1,15,5,88,4,4,0,0,48,1,0,0,0,4,0,0,0,0,0,0,0,0,45;46;48;41,,,180,0,0,1,1,0,0,1,1,1,0,0,41,5,0,55,206,0,0,0,1,2,2,-1,0,187
2010,12,SEA,REG,2010_12_KC_SEA,KC,20,37,282,2,2,2,-14,1,1,417,111,10,-7.57559927370207,-4.40298974514008,0,8,2,2,2,12,20,0,0,0,1,-4.83236543176463,0,0,0,0,0,20,36,282,2,0,0,417,111,10,0.960613776777936,0,8,2,2,2,1,49,14,22,0,0,1,0,0,1,0,0,2,0,0,0,1,0,1,0,0,10,1,0,1,0,0,3,26,6,2,0,0,2,1,1,-2,7,115,1,1,0,0,43,1,0,0,0,1,0,0,0,0,0,0,0,0,43,,,43,0,0,3,3,0,0,1,0,0,0,0,0,4,0,57,161,0,0,1,0,1,2,17,0,144
2010,12,SF,REG,2010_12_SF_ARI,ARI,11,23,129,1,1,1,-4,0,0,193,27,6,-1.49432500251554,-11.8288436106273,0,7,3,1,0,47,261,2,1,0,18,14.7737208449345,0,6,6,1,0,11,21,129,1,0,0,193,27,6,1.01045717156694,0,7,3,1,0,0,32,2,2,0,0,0,1,6,3,1,0,9,0,0,0,0,0,0,0,0,0,1,-1,1,0,0,6,40,2,0,1,0,1,0,2,54,2,62,2,4,1,1,38,0.5,0,1,1,0,0,0,0,0,0,1,0,0,38;26,47,37,64,47,37,3,3,0,0,1,0,0,0,0,0,2,0,54,106,1,0,0,0,0,2,5,0,101
2010,12,TB,REG,2010_12_TB_BAL,BAL,17,37,162,1,0,0,0,0,0,353,103,7,-6.11609314459505,-10.7751481436394,0,6,2,1,0,23,101,0,0,0,7,2.29571076555294,0,4,2,0,0,17,37,162,1,0,0,353,103,7,-6.11609314459505,0,6,2,1,0,0,45,10,10,0,0,0,4,32,6,1,25,3,0,0,0,0,0,0,0,0,0,1,0,0,0,0,9,78,4,0,1,0,1,0,3,15,2,60,1,1,0,0,22,1,0,1,0,0,0,0,0,0,0,0,0,0,22,,,22,0,0,1,1,0,0,1,0,0,0,0,0,9,0,55,340,3,2,0,0,3,4,20,0,320
2010,12,TEN,REG,2010_12_TEN_HOU,HOU,17,31,138,0,3,1,0,0,0,257,54,6,-13.4766763350344,-6.15650391386401,0,8,2,1,0,12,24,0,0,0,1,-5.45712599682156,0,1,1,0,0,17,31,138,0,0,0,257,54,6,-12.9641651519923,0,8,2,1,0,0,51,17,23,0,0,1,2,20,10,0,0,1,0,0,0,0,0,0,0,0,0,0,0,0,0,0,10,79,2,0,0,0,0,0,2,25,4,93,0,0,0,0,,,0,0,0,0,0,0,0,0,0,0,0,0,,,,0,0,0,0,0,0,0,,0,0,0,0,0,7,0,56,328,2,1,0,0,1,5,23,0,305
2010,12,WAS,REG,2010_12_MIN_WAS,MIN,21,35,211,1,1,4,-24,1,0,222,116,9,-6.74194549478003,-6.20935848781041,0,9,3,1,1,13,29,0,0,0,1,-2.81821713724639,0,0,0,0,0,21,35,211,1,0,0,222,116,9,-2.28612418123399,0,9,3,1,1,0,31,13,41,0,0,0,2,10,7,0,0,4,0,0,0,0,0,0,0,0,0,1,0,0,0,0,6,35,5,1,0,0,1,0,5,20,4,123,2,2,0,0,42,1,0,0,0,2,0,0,0,0,0,0,0,0,40;42,,,82,0,0,1,1,0,0,1,0,0,0,0,0,6,0,55,263,2,1,0,0,2,3,21,0,242
2010,13,ARI,REG,2010_13_STL_ARI,LA,11,29,148,0,2,4,-29,1,0,322,33,9,-17.0148413734067,-21.1839441595406,0,8,4,2,0,19,105,0,0,0,5,-0.679144512978382,0,4,4,3,0,11,29,148,0,0,0,322,33,9,-10.9063623035116,0,8,4,2,0,0,51,12,12,0,0,0,2,18,5,1,10,4,0,0,0,0,0,0,0,0,0,1,0,0,0,0,6,54,4,1,0,0,1,0,3,18,6,146,2,2,0,0,45,1,0,0,0,2,0,0,0,0,0,0,0,0,45;41,,,86,0,0,0,0,0,0,,0,0,0,0,0,6,0,62,263,2,1,0,0,2,3,82,0,181
2010,13,ATL,REG,2010_13_ATL_TB,TB,18,36,205,2,2,0,0,0,0,376,79,12,2.62774392322172,-8.9243046939373,0,11,6,2,0,27,85,1,0,0,5,-2.0134062889847,0,3,0,0,0,18,36,205,2,0,0,376,79,12,2.62774392322172,0,11,6,2,0,1,46,10,12,0,0,0,1,9,4,1,33,8,0,0,0,0,0,0,0,0,0,0,0,0,0,0,6,55,2,0,0,0,0,0,1,10,5,181,0,0,0,0,,,0,0,0,0,0,0,0,0,0,0,0,0,,,,0,0,0,4,4,0,0,1,0,0,0,0,0,5,0,52,204,2,0,0,0,2,3,13,0,191
2010,13,BAL,REG,2010_13_PIT_BAL,PIT,17,33,266,1,0,4,-40,1,1,344,82,9,-3.31674275918345,-4.2469654119376,0,8,4,2,2,20,43,0,0,0,2,-4.60333279537736,0,2,2,0,0,17,33,266,1,0,0,344,82,9,6.90767452564609,0,8,4,2,2,0,35,16,16,0,0,1,3,19,8,1,0,4,0,1,0,0,0,0,0,0,0,1,0,0,0,0,9,53,5,1,1,0,2,1,3,47,4,72,1,1,0,0,24,1,0,1,0,0,0,0,0,0,0,0,0,0,24,,,24,0,0,1,1,0,0,1,0,0,0,0,0,6,0,48,239,3,0,0,1,3,2,11,0,208
2010,13,BUF,REG,2010_13_BUF_MIN,MIN,15,25,158,1,1,1,-3,1,1,206,49,7,-4.30952267139219,6.21833788312,0,6,4,4,0,23,84,0,2,1,3,-12.8927874292422,0,3,2,1,0,15,23,158,1,1,1,206,49,7,-3.46041423850693,0,6,4,4,0,0,49,3,19,0,0,0,1,10,4,4,77,5,1,0,0,0,0,0,0,0,0,1,0,0,0,0,6,54,1,2,3,0,5,4,2,12,6,75,0,0,0,0,,,0,0,0,0,0,0,0,0,0,0,0,0,,,,0,0,0,2,2,0,0,1,0,0,0,0,0,6,0,55,265,3,0,0,0,3,3,25,0,240
2010,13,CAR,REG,2010_13_CAR_SEA,SEA,18,34,169,0,1,3,-17,0,0,217,65,8,-11.8254143329978,-7.4929498574313,0,5,2,2,0,30,131,2,1,0,10,4.3658330218459,0,4,1,0,0,18,34,169,0,0,0,217,65,8,-7.54152497011819,0,5,2,2,0,0,39,8,22,0,0,0,3,19,8,2,16,7,0,0,0,0,0,0,0,0,0,1,-10,0,0,0,8,53,4,0,1,0,1,0,3,10,6,130,0,0,0,0,,,0,0,0,0,0,0,0,0,0,0,0,0,,,,0,0,0,2,2,0,0,1,0,0,0,0,0,7,0,57,319,2,0,1,1,1,4,92,0,207
2010,13,CHI,REG,2010_13_CHI_DET,DET,21,26,234,1,0,4,-37,1,1,171,115,15,2.93127241648276,10.2682834634414,0,9,5,3,0,28,114,2,0,0,6,1.99288656713907,0,3,2,0,0,21,26,234,1,0,0,171,115,15,14.057317587887,0,9,5,3,0,0,38,1,21,0,0,1,2,10,3,0,0,3,0,0,0,0,0,0,0,0,0,0,0,0,0,0,4,25,2,1,0,0,1,1,2,37,5,101,1,1,0,0,54,1,0,0,0,0,1,0,0,0,0,0,0,0,54,,,54,0,0,3,3,0,0,1,0,0,0,0,0,3,0,50,135,2,0,2,0,0,1,19,0,116
2010,13,CIN,REG,2010_13_NO_CIN,NO,23,33,249,1,0,3,-34,0,0,276,104,11,8.29356936337921,6.8096708167683,1,10,6,5,0,26,96,2,1,0,7,-1.5666231578216,0,2,2,0,0,23,33,249,1,0,0,276,104,11,11.3486214007882,1,10,6,5,0,0,37,0,30,0,0,1,2,23,7,1,7,1,0,0,0,0,0,0,0,0,0,1,0,0,0,0,7,43,5,1,0,0,1,0,2,30,6,179,3,3,0,0,47,1,0,2,0,1,0,0,0,0,0,0,0,0,29;23;47,,,99,0,0,1,2,1,0,0.5,0,0,0,0,0,2,0,58,113,2,0,1,0,0,1,2,0,111
2010,13,CLE,REG,2010_13_CLE_MIA,MIA,24,34,217,1,0,2,-17,0,0,240,84,8,-1.72041155832742,13.0633427761495,0,6,4,4,0,22,52,0,0,0,3,-6.2081482382171,0,2,1,0,0,24,32,217,1,0,0,240,84,8,3.14242860330554,0,6,4,4,0,0,46,1,9,0,0,0,1,7,2,3,43,12,0,1,0,0,0,1,0,0,0,1,0,0,0,0,4,45,3,0,1,0,1,0,2,13,3,50,2,3,1,0,32,0.666666666666667,0,1,1,0,0,0,0,0,0,1,0,0,32;23,47,,55,47,0,1,1,0,0,1,1,1,0,0,23,9,0,59,438,2,1,1,0,1,6,48,0,390
2010,13,DAL,REG,2010_13_DAL_IND,IND,18,26,167,1,0,2,-16,0,0,221,99,11,7.45019363391182,9.41741144657135,1,8,3,2,0,46,217,1,1,0,12,2.2261765178119,0,6,3,2,0,18,25,167,1,0,0,221,99,11,10.9124626450401,1,8,3,2,0,0,44,9,11,0,0,0,0,0,1,4,84,7,2,0,0,0,0,0,0,0,0,2,0,0,0,0,5,35,3,1,1,0,2,0,1,2,5,144,3,4,1,0,46,0.75,0,0,2,1,0,0,0,0,0,1,0,0,30;46;38,48,,114,48,0,3,3,0,0,1,1,1,0,0,38,3,1,65,146,1,0,0,0,1,2,22,0,124
2010,13,DEN,REG,2010_13_DEN_KC,KC,9,28,117,0,0,4,-31,1,1,377,32,5,-15.2813811963568,-25.1612291804382,0,6,3,1,0,23,161,0,0,0,8,6.18553071189672,0,6,5,2,0,9,28,117,0,0,0,377,32,5,-5.85445531796707,0,6,3,1,0,0,53,6,16,0,0,1,2,22,4,0,0,3,0,0,0,0,0,0,0,0,0,0,0,1,0,0,4,35,5,1,0,0,1,1,3,37,3,49,2,2,0,0,41,1,0,1,0,1,0,0,0,0,0,0,0,0,25;41,,,66,0,0,0,0,0,0,,0,0,0,0,0,7,0,48,288,2,0,1,0,2,4,14,0,274
2010,13,DET,REG,2010_13_CHI_DET,CHI,16,24,178,1,0,2,-10,0,0,116,120,8,0.474554269045997,-3.8967676460743,0,5,2,2,1,27,134,1,1,0,6,0.423044969502371,0,2,2,1,1,16,24,178,1,0,0,116,120,8,2.72482911118533,0,5,2,2,1,0,37,5,29,0,0,1,4,37,5,0,0,5,0,0,0,0,0,0,0,0,0,1,0,1,0,0,6,42,4,1,0,0,1,0,1,19,3,116,2,2,0,0,50,1,0,1,0,0,1,0,0,0,0,0,0,0,50;25,,,75,0,0,2,2,0,0,1,0,0,0,0,0,4,0,54,173,2,1,0,1,0,2,37,0,116
2010,13,GB,REG,2010_13_SF_GB,SF,21,30,298,3,0,4,-24,0,0,270,164,9,10.3222975961703,12.6796287709269,0,5,4,4,3,34,136,1,0,0,11,6.2909792707942,0,3,2,0,0,21,29,298,3,0,0,270,164,9,16.4767056165469,0,5,4,4,3,0,35,8,10,0,0,0,4,22,5,1,7,4,0,0,0,0,0,0,0,0,0,0,0,0,0,0,5,40,4,0,0,0,0,0,3,34,5,84,2,3,1,0,43,0.666666666666667,0,1,0,1,0,0,0,1,0,0,0,0,43;24,29,,67,29,0,4,4,0,0,1,0,0,0,0,0,3,0,51,130,1,0,1,0,0,2,31,0,99
2010,13,HOU,REG,2010_13_HOU_PHI,PHI,22,36,337,2,1,2,-14,1,1,298,139,18,7.99132083945044,3.90973844948937,0,16,7,5,1,26,108,1,0,0,6,0.762599992682226,0,2,2,1,0,22,34,337,2,0,0,298,139,18,14.2458613458515,0,16,7,5,1,0,49,0,4,0,0,1,1,1,7,1,0,3,0,0,0,0,0,0,0,0,0,0,0,0,0,0,4,25,6,1,0,0,1,1,1,-3,6,101,1,1,0,0,48,1,0,0,0,1,0,0,0,0,0,0,0,0,48,,,48,0,0,3,3,0,0,1,0,0,0,0,0,2,0,36,72,0,0,1,0,1,0,0,0,72
2010,13,IND,REG,2010_13_DAL_IND,DAL,36,48,365,2,4,0,0,0,0,447,110,20,0.746267051668838,12.2421333764462,0,14,7,3,1,17,40,2,0,0,4,-1.83080145949498,0,1,0,0,0,36,48,365,2,0,0,447,110,20,0.746267051668838,0,14,7,3,1,1,46,25,25,0,0,1,2,16,3,0,0,3,0,0,0,1,0,0,0,0,2,0,0,0,0,0,3,28,4,0,0,0,0,0,2,22,4,79,0,0,0,0,,,0,0,0,0,0,0,0,0,0,0,0,0,,,,0,0,0,5,5,0,0,1,0,0,0,0,0,3,0,45,125,2,0,0,0,2,1,2,0,123
2010,13,JAX,REG,2010_13_JAX_TEN,TEN,14,19,126,0,0,1,-7,0,0,51,106,7,2.10861096567453,1.43290475795144,0,6,2,1,0,53,258,2,0,0,16,6.1396853826051,0,7,3,1,0,14,19,126,0,0,0,51,106,7,4.3453181990327,0,6,2,1,0,0,21,11,11,0,0,0,1,6,3,2,2,4,0,0,0,0,0,0,0,0,0,0,0,0,0,0,4,31,2,1,0,1,1,0,0,0,3,74,1,3,1,1,26,0.333333333333333,0,1,0,0,0,0,0,0,0,1,0,0,26,48,49,26,48,49,2,2,0,0,1,0,0,0,0,0,2,0,46,86,1,0,0,1,0,1,4,0,62
2010,13,KC,REG,2010_13_DEN_KC,DEN,17,31,196,1,0,2,-22,0,0,215,115,11,0.809069085997202,-3.09004490928991,0,11,4,2,0,39,185,0,1,1,9,-5.78619737795088,0,7,4,0,0,17,28,196,1,0,0,215,115,11,7.72556296997936,0,11,4,2,0,0,31,7,11,0,0,1,4,31,4,0,0,9,0,0,0,0,0,0,0,0,0,1,-6,1,0,0,8,60,5,1,1,0,2,1,4,14,3,60,1,1,0,0,47,1,0,0,0,1,0,0,0,0,0,0,0,0,47,,,47,0,0,1,1,0,0,1,0,0,0,0,0,7,0,59,293,4,0,1,0,3,3,37,0,256
2010,13,LA,REG,2010_13_STL_ARI,ARI,18,29,187,0,1,2,-18,0,0,147,106,11,-0.692524648019866,-0.835583146129336,0,10,3,1,0,36,119,1,0,0,5,-9.01168868414971,0,2,2,2,0,18,28,187,0,0,0,147,106,11,3.24350635691797,0,10,3,1,0,0,41,4,4,0,0,1,4,29,6,2,24,8,0,0,0,0,0,0,0,0,0,0,0,0,0,0,2,15,2,0,0,0,0,0,3,82,3,78,4,4,0,0,52,1,0,2,0,1,1,0,0,0,0,0,0,0,28;52;20;43,,,143,0,0,1,1,0,0,1,0,0,0,0,0,4,0,55,200,1,0,0,0,1,3,18,0,182
2010,13,LAC,REG,2010_13_OAK_SD,LV,23,39,280,1,1,4,-15,0,0,456,110,13,-1.25378922843146,2.74388629354929,0,11,8,4,0,8,21,0,0,0,0,-3.54870578128612,0,0,0,0,0,23,38,280,1,0,0,456,110,13,3.31823545398884,0,11,8,4,0,0,49,16,16,0,0,1,1,0,2,0,0,1,0,1,0,0,0,0,0,0,0,0,0,1,0,0,3,19,6,0,1,0,1,1,1,0,3,61,2,3,1,0,39,0.666666666666667,0,0,2,0,0,0,0,0,0,0,1,0,39;33,50,,72,50,0,1,1,0,0,1,0,0,0,0,0,2,0,57,101,0,0,0,0,0,2,17,0,84
2010,13,LV,REG,2010_13_OAK_SD,LAC,10,16,117,1,0,1,0,0,0,135,74,7,1.25138392992085,9.94048366943995,0,4,3,2,0,52,251,3,0,0,14,12.3662610855536,0,5,4,2,0,10,15,117,1,1,1,135,74,7,1.38519593351521,0,4,3,2,0,0,30,8,8,0,0,0,4,15,7,1,15,3,0,0,0,0,0,0,0,0,0,0,0,1,0,0,13,105,5,1,0,0,1,1,2,17,4,80,0,0,0,0,,,0,0,0,0,0,0,0,0,0,0,0,0,,,,0,0,0,4,4,0,0,1,0,0,0,0,0,4,0,61,160,3,0,1,1,1,1,0,0,140
2010,13,MIA,REG,2010_13_CLE_MIA,CLE,16,32,174,1,3,1,-7,0,0,307,83,9,-10.6391043862852,-11.7630532942712,0,8,4,2,0,32,114,0,0,0,6,-2.54948934855378,0,1,0,0,0,16,32,174,1,0,0,307,83,9,-9.50137765387192,0,8,4,2,0,0,46,2,8,0,0,0,2,17,5,0,0,4,0,1,0,0,0,0,0,0,0,0,0,0,0,0,4,37,6,0,1,1,1,0,6,48,2,48,1,2,0,1,60,0.5,0,0,0,0,0,1,0,0,0,0,0,0,60,,41,60,0,41,1,1,0,0,1,0,0,0,0,0,7,0,61,348,4,2,0,2,1,2,13,0,295
2010,13,MIN,REG,2010_13_BUF_MIN,BUF,15,23,187,2,4,1,-10,0,0,222,67,9,-9.16255226109773,2.93710063333097,0,7,3,3,1,40,210,3,0,0,11,4.17396004294278,0,4,4,1,1,15,23,187,2,0,0,222,67,9,-7.86293516804129,0,7,3,3,1,0,40,3,11,0,0,2,1,3,6,1,41,3,0,0,0,0,0,0,0,0,0,0,0,4,0,0,4,20,2,0,0,0,0,0,3,25,2,55,1,1,0,0,38,1,0,0,1,0,0,0,0,0,0,0,0,0,38,,,38,0,0,5,5,0,0,1,0,0,0,0,0,4,0,55,175,2,0,0,1,1,2,12,0,143
2010,13,NE,REG,2010_13_NYJ_NE,NYJ,21,29,326,4,0,3,-22,0,0,259,211,13,20.7663930639055,12.3336458844798,0,13,7,5,1,26,101,2,0,0,8,2.3051256184699,0,4,2,0,0,21,28,326,4,0,0,259,211,13,24.43261048986,0,13,7,5,1,0,36,18,20,0,0,0,1,15,4,3,33,3,0,0,0,0,0,0,0,0,0,0,0,0,0,0,1,10,2,0,0,0,0,0,1,13,2,42,1,1,0,0,41,1,0,0,0,1,0,0,0,0,0,0,0,0,41,,,41,0,0,6,6,0,0,1,0,0,0,0,0,3,0,52,140,1,0,0,0,1,2,26,0,114
2010,13,NO,REG,2010_13_NO_CIN,CIN,24,29,313,2,1,2,-23,0,0,266,94,10,12.5263268098995,25.5704430670574,0,9,6,4,4,22,146,2,1,0,8,5.44882932445034,0,4,2,2,1,24,29,313,2,0,0,266,94,10,16.6303004145218,0,9,6,4,4,0,47,0,22,0,0,1,3,34,4,0,0,1,0,0,0,0,0,0,0,0,0,1,0,0,0,0,11,100,3,1,0,0,1,0,1,2,7,116,2,2,0,0,48,1,0,1,0,1,0,0,0,0,0,0,0,0,48;24,,,72,0,0,4,4,0,0,1,0,0,0,0,0,3,0,53,136,0,0,0,0,1,2,30,0,106
2010,13,NYG,REG,2010_13_WAS_NYG,WAS,15,25,161,0,1,0,0,0,0,175,45,9,-4.89732540308234,-3.26659595966339,0,6,3,2,0,36,197,4,0,0,12,9.08046669187024,0,7,3,2,0,15,25,161,0,0,0,175,45,9,-4.89732540308234,0,6,3,2,0,0,48,9,9,0,0,6,4,32,10,2,18,8,0,1,0,0,0,0,0,0,0,0,0,4,10,0,5,35,2,0,1,1,1,0,2,2,2,52,1,1,0,0,28,1,0,1,0,0,0,0,0,0,0,0,0,0,28,,,28,0,0,4,4,0,0,1,0,0,0,0,0,7,0,53,309,2,0,2,0,0,5,56,0,253
2010,13,NYJ,REG,2010_13_NYJ_NE,NE,17,33,164,0,3,1,-15,0,0,245,79,10,-13.7198395174483,-11.0542226921428,0,6,3,2,0,31,152,0,1,0,8,0.677043210656848,0,5,2,0,0,17,33,164,0,0,0,245,79,10,-12.6553490393699,0,6,3,2,0,0,37,11,11,0,0,0,3,22,3,0,0,1,0,0,0,0,0,0,0,0,0,1,0,0,0,0,4,56,5,0,1,0,1,0,2,26,8,158,1,2,1,0,39,0.5,0,0,1,0,0,0,0,0,0,0,1,0,39,53,,39,53,0,0,0,0,0,,0,0,0,0,0,3,0,42,92,0,1,1,0,0,1,13,0,79
2010,13,PHI,REG,2010_13_HOU_PHI,HOU,22,33,302,2,1,1,-1,0,0,253,174,14,19.0430490581177,11.8769869208336,0,10,8,6,1,29,115,2,1,0,8,-0.143877732454412,0,5,4,0,0,22,32,302,2,0,0,253,174,14,20.5099431017272,0,10,8,6,1,0,52,0,4,0,0,1,2,14,3,1,13,4,0,1,0,0,0,0,0,0,0,2,-1,1,0,0,11,85,4,1,1,0,2,0,0,0,5,111,2,2,0,0,36,1,0,1,1,0,0,0,0,0,0,0,0,0,36;22,,,58,0,0,4,4,0,0,1,0,0,0,0,0,3,0,37,107,3,0,0,0,2,1,-3,0,110
2010,13,PIT,REG,2010_13_PIT_BAL,BAL,22,38,253,1,1,3,-19,0,0,338,145,14,7.83009081060597,-0.692288969692431,0,10,5,4,0,24,54,0,1,0,1,-9.88593029498588,0,1,1,0,0,22,38,253,1,0,0,338,145,14,12.6298118776788,0,10,5,4,0,0,32,13,13,0,0,1,4,40,8,0,0,5,0,0,0,0,0,0,0,0,0,1,0,1,19,0,9,61,3,1,0,0,1,0,2,11,0,0,2,2,0,0,45,1,1,0,0,1,0,0,0,0,0,0,0,0,45;19,,,64,0,0,1,1,0,0,1,0,0,0,0,0,6,0,53,248,2,1,0,1,1,3,47,0,181
2010,13,SEA,REG,2010_13_CAR_SEA,CAR,17,30,229,0,2,3,-19,0,0,325,108,11,-1.51543711327547,-0.0207613408565521,0,10,6,4,0,31,161,3,0,0,11,8.00523990261718,0,5,5,2,0,17,30,229,0,0,0,325,108,11,2.45123568412085,0,10,6,4,0,0,39,17,21,0,0,0,3,17,8,1,26,6,1,0,0,0,0,0,0,0,0,0,0,0,0,0,4,20,3,0,0,0,0,0,4,92,3,47,1,2,1,0,24,0.5,0,1,0,0,0,0,0,0,0,1,0,0,24,47,,24,47,0,4,4,0,0,1,0,0,0,0,0,3,0,61,153,0,0,0,0,0,3,10,0,143
2010,13,SF,REG,2010_13_SF_GB,GB,10,25,194,1,1,4,-22,0,0,378,112,7,-0.270434015510475,-13.220490694046,0,6,4,4,1,22,97,0,0,0,4,-2.29042710199479,0,4,2,0,0,10,25,194,1,0,0,378,112,7,6.03612443430036,0,6,4,4,1,0,50,7,15,0,0,0,4,24,6,0,0,2,0,0,0,0,0,0,0,0,0,0,0,0,0,0,6,32,5,0,0,0,0,0,2,31,7,100,3,3,0,0,44,1,0,2,0,1,0,0,0,0,0,0,0,0,44;26;23,,,93,0,0,1,1,0,0,1,0,0,0,0,0,5,0,61,236,0,0,0,2,0,3,34,0,162
2010,13,TB,REG,2010_13_ATL_TB,ATL,20,39,183,2,1,1,-9,0,0,391,62,10,-2.20305227799174,-6.71051664230151,0,7,4,2,0,29,151,1,0,0,8,4.00720067025395,0,4,3,2,0,20,39,183,2,0,0,391,62,10,-0.541549785144814,0,7,4,2,0,0,38,6,6,0,0,0,0,0,4,2,31,6,0,0,0,0,0,0,0,0,0,0,0,0,0,0,9,102,6,0,0,0,0,0,3,13,5,119,1,1,0,0,33,1,0,0,1,0,0,0,0,0,0,0,0,0,33,,,33,0,0,3,3,0,0,1,0,0,0,0,0,7,0,64,305,2,1,3,1,1,1,10,0,275
2010,13,TEN,REG,2010_13_JAX_TEN,JAX,14,32,169,0,2,1,-6,0,0,359,41,8,-7.75703297848784,-11.2162180741628,0,7,5,2,0,14,57,0,0,0,2,-4.18187632231275,0,2,2,1,0,14,30,169,0,0,0,359,41,8,-4.21598069878499,0,7,5,2,0,0,47,17,23,0,0,1,1,7,2,0,0,2,0,0,0,0,0,1,0,0,0,0,0,0,0,0,4,30,4,0,0,0,0,0,1,4,2,37,2,2,0,0,37,1,0,0,2,0,0,0,0,0,0,0,0,0,37;30,,,67,0,0,0,0,0,0,,0,0,0,0,0,2,0,40,72,0,0,2,0,0,0,0,0,72
2010,13,WAS,REG,2010_13_WAS_NYG,NYG,26,44,296,1,2,4,-32,2,0,393,147,12,-0.322049341247224,-3.01485589959405,0,10,7,4,0,16,74,0,1,1,5,-4.35873868549243,0,2,2,1,0,26,44,296,1,3,3,393,147,12,-6.71137565487418,0,10,7,4,0,0,34,19,19,0,0,0,0,0,3,1,0,5,0,0,0,0,0,0,0,0,0,2,0,0,0,0,5,35,4,6,0,0,6,4,5,56,6,92,0,1,1,0,,0,0,0,0,0,0,0,0,0,0,1,0,0,,43,,0,43,0,1,1,0,0,1,0,0,0,0,0,6,0,47,200,2,2,1,0,1,2,2,0,198
2010,14,ARI,REG,2010_14_DEN_ARI,DEN,15,38,146,0,0,0,0,0,0,379,36,8,-13.0644102213829,-19.7261542473969,0,7,3,1,0,34,211,3,1,1,9,6.2475144295604,0,4,3,2,1,15,38,146,0,0,0,379,36,8,-13.0644102213829,0,7,3,1,0,0,49,11,11,0,0,1,1,10,5,3,108,9,0,1,0,0,0,0,0,0,0,3,-3,3,0,1,7,62,4,2,2,0,4,1,5,72,3,81,5,6,1,0,55,0.833333333333333,0,1,1,2,1,0,0,0,0,1,0,0,36;48;55;23;49,49,,211,49,0,4,4,0,0,1,0,0,0,0,0,5,0,46,188,3,1,1,0,2,1,10,0,178
2010,14,ATL,REG,2010_14_ATL_CAR,CAR,20,34,227,1,1,3,-27,0,0,335,69,12,3.30273008647347,3.25103393372367,0,9,5,1,1,36,127,3,0,0,11,3.36142120408476,0,4,3,0,0,20,34,227,1,0,0,335,69,12,8.47579664595397,0,9,5,1,1,0,45,3,17,0,0,1,5,31,5,1,17,2,0,0,0,0,0,0,0,0,0,0,0,1,0,0,1,10,4,0,0,0,0,0,2,5,1,23,1,1,0,0,39,1,0,0,1,0,0,0,0,0,0,0,0,0,39,,,39,0,0,4,4,0,0,1,0,0,0,0,0,7,0,58,283,3,2,2,1,0,2,12,0,251
2010,14,BAL,REG,2010_14_BAL_HOU,HOU,22,33,235,2,0,5,-45,1,0,282,112,13,4.13997303659562,4.85851602120833,0,11,6,1,0,24,63,1,0,0,3,-4.75737098729587,0,1,1,0,0,22,33,235,2,0,0,282,112,13,12.528842459782,0,11,6,1,0,1,45,14,14,0,0,1,2,15,7,2,13,10,1,0,0,0,0,0,0,0,0,1,0,0,0,0,3,15,2,1,0,0,1,0,2,24,6,233,0,0,0,0,,,0,0,0,0,0,0,0,0,0,0,0,0,,,,0,0,0,4,4,0,0,1,0,0,0,0,0,7,0,58,318,5,1,1,0,1,4,16,0,302
2010,14,BUF,REG,2010_14_CLE_BUF,CLE,14,23,142,1,0,2,-11,1,1,134,68,10,-5.05064350854748,-3.40585125529248,0,5,2,2,0,42,192,0,0,0,9,-3.69865535013361,0,4,4,0,0,14,23,142,1,0,0,134,68,10,1.08405458206168,0,5,2,2,0,0,29,10,20,0,0,5,1,4,0,1,10,4,0,0,0,0,0,0,0,0,0,0,0,2,11,0,6,44,4,2,0,1,2,1,3,41,3,53,2,2,0,0,30,1,1,0,1,0,0,0,0,0,0,0,0,0,30;19,,,49,0,0,1,1,0,0,1,0,0,0,0,0,4,0,52,174,1,2,0,1,0,1,7,0,147
2010,14,CAR,REG,2010_14_ATL_CAR,ATL,15,25,107,0,1,5,-31,0,0,175,47,6,-17.7147277357096,-5.45805168151856,0,5,2,1,0,28,212,1,1,1,7,-0.341783754178323,0,6,5,3,2,15,25,107,0,0,0,175,47,6,-9.93596563113775,0,5,2,1,0,0,49,1,17,0,0,0,3,27,9,1,25,5,0,0,0,0,0,0,0,0,0,0,0,0,0,0,6,50,4,1,0,0,1,1,2,12,6,106,1,1,0,0,36,1,0,0,1,0,0,0,0,0,0,0,0,0,36,,,36,0,0,1,1,0,0,1,0,0,0,0,0,7,0,56,318,1,2,2,0,1,2,5,0,313
2010,14,CHI,REG,2010_14_NE_CHI,NE,12,26,152,0,2,2,-14,1,1,229,39,8,-11.8633676266763,-11.38739201885,0,7,4,2,0,14,47,1,0,0,3,-1.2997485967353,0,1,1,0,0,12,26,152,0,1,1,229,39,8,-13.3984608822502,0,7,4,2,0,0,52,9,11,0,0,0,3,18,3,0,0,6,0,0,0,0,0,0,0,0,0,2,0,0,0,0,4,30,1,2,2,0,4,2,1,17,7,196,0,0,0,0,,,0,0,0,0,0,0,0,0,0,0,0,0,,,,0,0,0,1,1,0,0,1,0,0,0,0,0,5,0,38,161,2,0,3,0,0,2,43,0,118
2010,14,CIN,REG,2010_14_CIN_PIT,PIT,20,32,178,1,3,3,-22,0,0,223,55,10,-15.7880452614045,-2.31523578986526,0,7,4,2,0,14,34,0,0,0,2,-2.39593096461613,0,0,0,0,0,20,32,178,1,0,0,223,55,10,-11.8541528190253,0,7,4,2,0,0,45,9,15,0,0,0,4,27,9,0,0,6,0,0,0,0,0,0,0,0,0,0,0,0,0,0,4,25,5,0,0,0,0,0,2,23,5,77,0,0,0,0,,,0,0,0,0,0,0,0,0,0,0,0,0,,,,0,0,0,1,1,0,0,1,0,0,0,0,0,5,0,67,217,1,0,2,1,0,2,1,0,196
2010,14,CLE,REG,2010_14_CLE_BUF,BUF,12,20,86,0,1,1,-4,1,1,170,14,2,-11.9962249988217,-3.77262055873871,0,2,1,1,0,25,105,0,4,1,6,-5.68810933418391,0,1,1,1,0,12,20,86,0,0,0,170,14,2,-7.62355839901069,0,2,1,1,0,0,34,28,32,0,0,2,2,11,2,0,0,4,0,0,0,0,0,0,0,0,0,3,0,1,11,0,2,10,3,5,0,0,5,2,1,7,4,46,2,2,0,0,25,1,1,1,0,0,0,0,0,0,0,0,0,0,19;25,,,44,0,0,0,0,0,0,,0,0,0,0,0,4,0,53,199,2,0,1,0,0,3,41,0,158
2010,14,DAL,REG,2010_14_PHI_DAL,PHI,24,35,242,2,2,1,-3,0,0,201,144,13,-2.32713780945256,8.76252564691728,0,10,7,3,0,24,110,1,0,0,6,2.69257794062515,0,4,2,1,0,24,33,242,2,0,0,201,144,13,0.345016963574142,0,10,7,3,0,0,40,5,13,0,0,0,2,12,5,2,10,3,0,1,0,0,0,0,0,0,0,0,0,0,0,0,5,40,6,1,0,1,1,0,1,-13,5,94,2,2,0,0,50,1,0,0,0,1,1,0,0,0,0,0,0,0,50;43,,,93,0,0,3,3,0,0,1,0,0,0,0,0,5,0,61,239,2,0,0,0,1,4,27,0,212
2010,14,DEN,REG,2010_14_DEN_ARI,ARI,19,41,166,0,3,1,-10,0,0,307,64,10,-25.5626270760498,-17.5026566535234,0,8,4,1,0,31,132,1,2,2,6,-9.29496337487944,0,4,3,0,0,19,41,166,0,1,1,307,64,10,-27.463130218321,0,8,4,1,0,0,53,8,8,0,0,2,0,0,6,0,0,9,0,0,0,0,0,0,0,0,0,0,-1,1,0,0,8,66,6,1,2,0,3,3,1,10,10,272,2,3,1,0,32,0.666666666666667,0,0,2,0,0,0,0,0,0,1,0,0,32;30,40,,62,40,0,1,1,0,0,1,0,0,0,0,0,5,0,60,281,0,0,0,0,0,5,72,0,209
2010,14,DET,REG,2010_14_GB_DET,GB,10,22,117,1,2,2,-21,0,0,270,40,7,-10.3399810487146,-14.4389695064588,0,6,1,1,1,41,190,0,0,0,7,-3.05916626908584,0,5,3,0,0,10,22,117,1,0,0,270,40,7,-7.52850441389922,0,6,1,1,1,0,37,0,28,0,0,1,4,31,8,2,37,6,0,0,0,0,0,0,0,0,0,0,0,1,-5,0,6,35,4,0,0,0,0,0,4,37,2,55,0,1,1,0,,0,0,0,0,0,0,0,0,0,0,1,0,0,,48,,0,48,0,1,1,0,0,1,0,0,0,0,0,8,0,51,354,2,0,0,1,5,2,28,0,306
2010,14,GB,REG,2010_14_GB_DET,DET,22,37,223,0,2,4,-31,0,0,354,123,8,-12.8651722119107,-4.19108307844884,0,9,4,2,0,20,66,0,0,0,4,-4.10788199084345,0,2,2,0,0,22,37,223,0,1,1,354,123,8,-12.2110416595392,0,9,4,2,0,0,50,0,22,0,0,0,2,21,3,2,0,6,0,0,0,0,0,0,0,0,0,0,0,0,0,0,3,20,6,1,0,0,1,1,2,28,2,47,1,1,0,0,42,1,0,0,0,1,0,0,0,0,0,0,0,0,42,,,42,0,0,0,0,0,0,,0,0,0,0,0,8,0,62,404,3,1,0,1,2,4,37,0,347
2010,14,HOU,REG,2010_14_BAL_HOU,BAL,31,62,393,3,2,2,-15,0,0,637,124,21,3.79615516436231,-9.76241787274679,1,17,9,6,1,22,111,0,1,0,6,1.79590421076864,0,3,2,0,0,31,60,393,3,0,0,637,124,21,9.12454696131649,1,17,9,6,1,0,31,20,30,0,0,1,5,45,10,0,0,4,0,0,0,0,0,0,0,0,0,1,0,0,0,0,8,51,5,1,0,0,1,0,4,16,2,41,2,3,1,0,42,0.666666666666667,0,1,0,1,0,0,0,0,0,0,1,0,24;42,52,,66,52,0,2,2,0,0,1,0,0,0,0,0,4,0,54,186,1,0,0,0,2,2,24,0,162
2010,14,IND,REG,2010_14_IND_TEN,TEN,25,35,319,2,0,1,-7,0,0,268,107,14,17.4282534275342,9.24807369709015,0,10,6,5,3,32,87,1,0,0,5,-3.07148350261737,0,2,0,0,0,25,35,319,2,0,0,268,107,14,18.6639887619901,0,10,6,5,3,0,37,16,16,0,0,1,0,0,1,0,0,1,0,1,0,0,0,0,0,0,0,0,0,2,0,0,7,60,0,0,1,1,1,0,1,0,2,29,3,3,0,0,47,1,0,2,0,1,0,0,0,0,0,0,0,0,21;28;47,,,96,0,0,3,3,0,0,1,0,0,0,0,0,3,0,45,126,1,0,0,0,2,1,0,0,126
2010,14,JAX,REG,2010_14_OAK_JAX,LV,11,22,159,3,1,2,-8,0,0,257,69,8,1.69174883275991,-0.745031663349697,0,7,4,2,1,34,234,2,0,0,10,9.19953956464554,0,6,5,3,1,11,21,159,3,0,0,257,69,8,7.08879729703767,0,7,4,2,1,0,52,1,3,0,0,1,3,21,6,1,7,2,0,0,0,0,0,0,0,0,0,0,0,1,0,0,6,52,1,0,0,0,0,0,2,11,5,163,1,1,0,0,19,1,1,0,0,0,0,0,0,0,0,0,0,0,19,,,19,0,0,5,5,0,0,1,0,0,0,0,0,5,0,47,207,3,0,1,0,1,3,9,0,198
2010,14,KC,REG,2010_14_KC_SD,LAC,9,20,48,0,0,4,-29,0,0,216,12,3,-13.3344684826443,-12.3411776125431,0,2,1,0,0,17,48,0,0,0,2,-3.72382887714775,0,2,0,0,0,9,20,48,0,0,0,216,12,3,-9.29038142564241,0,2,1,0,0,0,49,17,17,0,0,2,2,7,1,1,0,2,0,0,0,0,0,0,0,0,0,0,0,1,0,0,2,15,2,0,0,0,0,0,1,11,5,102,0,0,0,0,,,0,0,0,0,0,0,0,0,0,0,0,0,,,,0,0,0,0,0,0,0,,0,0,0,0,0,8,0,61,365,3,1,0,0,2,5,76,0,289
2010,14,LA,REG,2010_14_STL_NO,NO,18,32,231,0,2,3,-40,1,0,230,149,7,-15.1234671480656,-1.60120242628558,0,9,7,5,0,24,136,1,1,1,7,-0.668854017401063,0,7,4,1,0,18,29,231,0,0,0,230,149,7,-7.10030852353014,0,9,7,5,0,0,45,14,14,0,0,1,1,8,3,2,8,4,0,0,0,0,0,0,0,0,0,1,0,1,0,0,4,39,3,2,0,0,2,1,1,10,6,134,2,3,1,0,45,0.666666666666667,0,0,1,1,0,0,0,0,0,1,0,0,38;45,46,,83,46,0,1,1,0,0,1,0,0,0,0,0,4,0,58,219,2,0,1,0,1,2,16,0,203
2010,14,LAC,REG,2010_14_KC_SD,KC,18,24,226,2,1,2,-7,1,1,140,135,14,11.878063493604,15.9518496556716,0,12,5,1,0,43,207,2,0,0,11,5.7811735367286,0,5,5,0,0,18,22,226,2,1,0,140,135,14,21.7187675275491,0,12,5,1,0,0,29,6,8,0,0,0,4,29,6,0,0,5,0,0,0,0,0,0,0,0,0,1,0,0,0,0,6,47,3,2,0,0,2,1,5,76,1,27,1,1,0,0,48,1,0,0,0,1,0,0,0,0,0,0,0,0,48,,,48,0,0,4,4,0,0,1,0,0,0,0,0,2,0,56,110,0,0,0,1,0,1,11,0,79
2010,14,LV,REG,2010_14_OAK_JAX,JAX,22,33,344,2,1,3,-21,0,0,325,165,16,9.51556414546212,9.86353773059267,0,16,8,5,1,25,153,2,0,0,3,3.33819268586314,0,3,2,2,1,22,33,344,2,0,0,325,165,16,14.2180464022094,0,16,8,5,1,0,48,0,4,0,0,0,2,8,10,1,0,4,0,0,0,0,0,0,0,0,0,0,0,0,0,0,4,25,5,1,0,0,1,1,3,9,5,86,1,1,0,0,26,1,0,1,0,0,0,0,0,0,0,0,0,0,26,,,26,0,0,4,4,0,0,1,0,0,0,0,0,5,0,50,210,1,1,1,0,1,2,11,0,199
2010,14,MIA,REG,2010_14_MIA_NYJ,NYJ,5,19,55,1,0,5,-25,1,1,137,20,3,-15.8207356638159,-34.6641818943777,0,2,1,1,0,32,101,0,2,2,2,-13.7477895899457,0,2,0,0,0,5,19,55,1,0,0,137,20,3,-4.83630571252434,0,2,1,1,0,0,61,6,6,0,0,3,5,17,4,1,1,11,0,0,0,0,0,0,0,0,0,0,-19,1,0,0,5,36,1,2,1,0,3,3,0,0,3,77,1,1,0,0,47,1,0,0,0,1,0,0,0,0,0,0,0,0,47,,,47,0,0,1,1,0,0,1,0,0,0,0,0,10,0,69,564,1,0,1,0,0,9,68,0,496
2010,14,MIN,REG,2010_14_NYG_MIN,NYG,17,35,126,0,1,4,-23,0,0,307,33,6,-15.2289327290263,-13.7765710694449,0,4,2,1,0,22,61,0,1,0,2,-7.55425492231734,0,1,1,0,0,17,35,126,0,0,0,307,33,6,-8.96409937114265,0,4,2,1,0,0,40,4,20,0,0,0,1,5,3,2,10,6,0,0,0,0,0,0,0,0,0,2,-26,0,0,0,10,71,3,0,2,0,2,0,5,90,4,123,1,1,0,0,21,1,0,1,0,0,0,0,0,0,0,0,0,0,21,,,21,0,0,0,0,0,0,,0,0,0,0,0,10,0,59,458,4,0,1,1,5,3,14,0,424
2010,14,NE,REG,2010_14_NE_CHI,CHI,27,40,369,2,0,3,-18,0,0,273,149,16,17.0117550645745,4.51731517910957,0,16,9,4,1,35,124,1,0,0,11,-0.670062959601637,0,5,3,0,0,27,40,369,2,0,0,273,149,16,22.1432785222796,0,16,9,4,1,0,29,3,5,0,0,2,2,14,3,2,13,7,0,0,0,0,0,0,0,0,0,0,0,2,33,1,4,43,2,0,0,0,0,0,2,43,1,18,3,3,0,0,30,1,0,2,1,0,0,0,0,0,0,0,0,0,30;25;29,,,84,0,0,3,4,1,0,0.75,0,0,0,0,0,2,0,38,71,0,0,0,1,0,1,17,0,34
2010,14,NO,REG,2010_14_STL_NO,LA,25,40,221,3,2,1,-8,0,0,324,117,13,5.49799938474111,-1.05664867621202,0,6,3,2,0,29,132,0,0,0,8,-1.55978638416855,0,5,3,0,0,25,39,221,3,0,0,324,117,13,8.18172110919841,0,6,3,2,0,0,41,13,13,0,0,2,3,40,9,2,105,8,1,0,0,0,0,0,0,0,0,0,0,1,0,0,5,55,3,1,0,0,1,1,2,16,3,69,1,1,0,0,40,1,0,0,0,1,0,0,0,0,0,0,0,0,40,,,40,0,0,4,4,0,0,1,0,0,0,0,0,2,0,50,90,0,0,0,1,0,1,10,0,60
2010,14,NYG,REG,2010_14_NYG_MIN,MIN,22,37,187,1,2,1,-5,0,0,244,113,12,-4.49338064511539,-6.66898646288448,0,10,1,1,0,28,213,2,0,0,8,4.75390405062353,0,5,4,3,2,22,36,187,1,0,0,244,113,12,-1.71241881226888,0,10,1,1,0,0,40,2,18,0,0,0,4,23,11,1,1,9,0,0,0,0,0,0,0,0,0,0,0,0,0,0,7,55,4,0,0,0,0,0,3,14,1,19,0,0,0,0,,,0,0,0,0,0,0,0,0,0,0,0,0,,,,0,0,0,3,3,0,0,1,0,0,0,0,0,7,0,59,324,3,1,0,0,1,5,90,0,234
2010,14,NYJ,REG,2010_14_MIA_NYJ,MIA,17,44,216,0,1,6,-23,4,1,425,72,10,-19.7623993348795,-21.6858804225922,0,10,4,1,1,31,87,0,0,0,4,-8.0926384240156,0,1,1,0,0,17,43,216,0,0,0,425,72,10,-10.3087894028983,0,10,4,1,1,0,31,12,12,0,0,2,5,25,7,0,0,3,0,0,0,0,0,0,0,0,0,3,0,3,6,0,6,50,6,3,1,0,4,1,9,68,3,94,2,2,0,0,42,1,0,0,1,1,0,0,0,0,0,0,0,0,35;42,,,77,0,0,0,0,0,0,,0,0,0,0,0,8,0,51,307,6,1,2,1,4,0,0,0,287
2010,14,PHI,REG,2010_14_PHI_DAL,DAL,16,26,270,2,2,2,-12,0,0,305,136,8,3.88428474264701,9.16007645428181,0,8,4,4,2,27,171,1,0,0,9,2.17874049063357,0,5,5,1,1,16,25,270,2,0,0,305,136,8,7.07978583402809,0,8,4,4,2,0,49,2,8,0,0,1,1,3,4,2,0,4,0,0,0,0,0,0,0,0,0,0,0,0,0,0,6,59,2,0,0,0,0,0,4,27,5,108,3,3,0,0,50,1,0,1,1,0,1,0,0,0,0,0,0,0,39;50;28,,,117,0,0,3,3,0,0,1,0,0,0,0,0,3,0,53,136,2,0,0,0,2,1,-13,0,149
2010,14,PIT,REG,2010_14_CIN_PIT,CIN,21,33,258,0,0,4,-27,0,0,239,104,11,3.00592190752566,5.40205426514149,0,9,7,6,0,27,123,0,0,0,7,1.33019095630152,0,3,2,0,0,21,32,258,0,0,0,239,104,11,10.0955967926776,0,9,7,6,0,0,28,10,18,0,0,0,3,22,5,3,71,7,2,1,0,0,0,0,0,0,0,1,0,0,0,0,9,89,5,0,1,0,1,0,2,1,2,40,3,3,0,0,41,1,0,1,1,1,0,0,0,0,0,0,0,0,23;35;41,,,99,0,0,2,2,0,0,1,0,0,0,0,0,5,0,53,176,3,1,0,0,2,2,23,0,153
2010,14,SEA,REG,2010_14_SEA_SF,SF,27,42,285,2,4,1,-8,1,1,317,109,16,-14.2700679926768,2.97865896690183,0,11,3,3,1,22,84,0,1,0,4,-3.49123915057862,0,2,2,0,0,27,42,285,2,0,0,317,109,16,-9.39596230746088,0,11,3,3,1,1,40,4,12,0,0,0,2,14,3,0,0,2,0,0,0,0,0,0,0,0,0,1,0,0,0,0,8,75,2,1,1,0,2,1,3,39,7,222,0,1,1,0,,0,0,0,0,0,0,0,0,0,0,1,0,0,,43,,0,43,0,3,3,0,0,1,0,0,0,0,0,2,0,44,82,1,0,0,0,1,1,3,0,79
2010,14,SF,REG,2010_14_SEA_SF,SEA,17,27,255,3,0,2,-14,0,0,100,201,8,8.95168484436883,-8.048665744287,0,7,5,5,3,27,95,0,0,0,2,-5.66630076105599,0,1,1,1,0,17,27,255,3,0,0,100,201,8,12.2850845583396,0,7,5,5,3,0,41,11,19,0,0,1,1,8,1,4,62,7,1,0,0,0,0,0,0,0,0,0,0,1,0,0,2,15,2,0,0,0,0,0,1,3,4,60,4,4,0,0,44,1,0,1,2,1,0,0,0,0,0,0,0,0,33;44;22;36,,,135,0,0,4,4,0,0,1,0,0,0,0,0,5,0,57,247,1,0,0,1,1,3,39,0,188
2010,14,TB,REG,2010_14_TB_WAS,WAS,15,25,266,1,0,1,-4,0,0,262,136,11,12.551753775045,3.35016138851643,0,11,3,3,3,26,103,0,2,2,4,-11.3539301815471,1,4,3,0,0,15,24,266,1,0,0,262,136,11,15.6085636433593,0,11,3,3,3,0,27,23,37,0,0,0,2,17,4,0,0,6,0,0,0,0,0,0,0,0,0,0,0,1,0,0,2,14,1,1,1,0,2,2,2,19,3,43,3,3,0,0,44,1,0,1,1,1,0,0,0,0,0,0,0,0,25;44;35,,,104,0,0,0,0,0,0,,0,0,0,0,0,4,0,59,176,3,0,1,0,0,3,19,0,157
2010,14,TEN,REG,2010_14_IND_TEN,IND,28,39,244,3,0,0,0,0,0,207,109,16,14.5531114813057,7.608299976901,0,9,3,2,0,25,121,1,0,0,6,-2.75660404894734,0,2,2,2,0,28,38,244,3,1,1,207,109,16,11.0781517158321,0,9,3,2,0,0,41,16,18,0,0,0,1,7,2,0,0,1,0,1,0,0,0,0,0,0,0,1,-25,0,0,0,5,29,4,1,2,0,3,2,1,0,7,173,0,0,0,0,,,0,0,0,0,0,0,0,0,0,0,0,0,,,,0,0,0,4,4,0,0,1,0,0,0,0,0,4,0,46,165,0,0,0,0,3,1,0,0,165
2010,14,WAS,REG,2010_14_TB_WAS,TB,22,35,228,2,0,2,-17,0,0,118,162,13,8.02876636555211,-3.89826970441001,0,8,4,4,0,28,188,0,0,0,9,1.64370867236822,0,8,7,2,1,22,35,228,2,0,0,118,162,13,11.3399736004116,0,8,4,4,0,0,26,13,23,0,0,1,1,4,5,0,0,6,0,0,0,0,0,0,0,0,0,0,0,2,0,0,4,25,5,0,1,0,1,1,3,19,5,72,1,3,2,0,25,0.333333333333333,0,1,0,0,0,0,0,1,1,0,0,0,25,34;24,,25,58,0,1,1,0,0,1,0,0,0,0,0,5,0,50,193,0,0,1,0,2,2,19,0,174
2010,15,ARI,REG,2010_15_ARI_CAR,CAR,17,33,196,0,1,3,-21,1,1,317,53,7,-10.3868293699844,-6.25259406638868,0,6,4,3,1,17,43,0,0,0,3,-2.2430384193284,0,0,0,0,0,17,33,196,0,1,0,317,53,7,-3.83088292559036,0,6,4,3,1,0,55,4,14,0,0,1,2,15,2,0,0,3,0,0,0,0,0,0,0,0,0,1,0,1,0,1,4,39,4,2,0,0,2,1,2,9,6,174,2,2,0,0,30,1,0,1,1,0,0,0,0,0,0,0,0,0,23;30,,,53,0,0,0,0,0,0,,0,0,0,0,0,6,0,54,253,2,1,3,0,0,2,52,0,201
2010,15,ATL,REG,2010_15_ATL_SEA,SEA,20,35,174,3,1,1,-6,0,0,339,36,12,10.3930162422999,0.316479078360966,0,8,1,1,0,37,98,0,1,0,6,-8.2379208614002,0,2,2,0,0,20,35,174,3,1,0,339,36,12,9.81249492108466,0,8,1,1,0,0,34,9,11,0,0,1,2,11,5,2,38,7,0,0,0,0,0,0,0,0,0,2,0,1,0,1,4,35,2,2,0,0,2,0,1,12,1,46,2,2,0,0,27,1,0,2,0,0,0,0,0,0,0,0,0,0,27;25,,,52,0,0,4,4,0,0,1,0,0,0,0,0,4,0,56,180,2,0,1,0,1,2,3,0,177
2010,15,BAL,REG,2010_15_NO_BAL,NO,10,20,172,2,0,3,-24,0,0,197,117,6,4.38253184748804,-9.398083537817,0,6,4,3,1,39,208,1,0,0,8,5.13426864482777,0,4,3,3,1,10,20,172,2,0,0,197,117,6,9.19070931679856,0,6,4,3,1,0,36,13,13,0,0,2,3,25,2,1,0,8,0,0,0,0,0,0,0,0,0,0,0,0,0,0,10,68,4,0,0,0,0,0,2,35,4,97,3,3,0,0,33,1,0,1,2,0,0,0,0,0,0,0,0,0,33;32;27,,,92,0,0,3,3,0,0,1,0,0,0,0,0,5,0,46,193,2,1,3,0,0,1,9,0,184
2010,15,BUF,REG,2010_15_BUF_MIA,MIA,16,26,223,2,1,2,-12,0,0,240,76,12,9.01654517090979,3.9227436368282,0,11,6,4,0,27,71,0,0,0,3,-7.19027450832073,0,1,1,0,0,16,26,223,2,0,0,240,76,12,11.1957728690385,0,11,6,4,0,0,52,2,6,0,0,0,3,15,6,1,9,3,0,0,0,0,0,0,0,0,3,0,0,1,17,0,5,44,2,0,0,0,0,0,1,34,1,14,1,1,0,0,29,1,0,1,0,0,0,0,0,0,0,0,0,0,29,,,29,0,0,2,2,0,0,1,0,0,0,0,0,6,0,60,217,0,2,0,1,2,1,0,0,197
2010,15,CAR,REG,2010_15_ARI_CAR,ARI,13,19,141,1,0,2,-15,0,0,117,100,6,-0.362079494264866,2.26454656375082,0,6,4,2,0,45,177,0,1,1,9,-10.1979153282701,0,5,3,1,0,13,19,141,1,0,0,117,100,6,3.20834296745718,0,6,4,2,0,0,41,3,5,0,0,2,3,21,4,1,34,5,0,0,0,0,0,0,0,0,0,0,0,1,0,0,6,58,1,1,0,0,1,1,2,52,2,35,4,4,0,0,43,1,0,3,0,1,0,0,0,0,0,0,0,0,28;29;24;43,,,124,0,0,1,1,0,0,1,0,0,0,0,0,3,0,44,101,1,1,0,0,0,2,9,0,92
2010,15,CHI,REG,2010_15_CHI_MIN,MIN,14,24,194,3,1,1,-5,0,0,238,68,9,6.20052357184876,7.60318840091879,0,6,2,2,1,33,104,0,0,0,6,-8.42949843362624,0,5,2,0,0,14,22,194,3,1,0,238,68,9,9.49104408108805,0,6,2,2,1,1,47,2,14,0,0,3,4,33,3,3,82,7,0,0,0,0,0,0,0,0,0,1,0,2,0,0,5,72,1,1,0,0,1,0,2,67,3,128,4,4,0,0,34,1,0,3,1,0,0,0,0,0,0,0,0,0,29;23;34;20,,,106,0,0,4,4,0,0,1,0,0,0,0,0,3,0,55,125,1,0,1,0,1,1,6,0,119
2010,15,CIN,REG,2010_15_CLE_CIN,CLE,14,23,209,0,0,0,0,0,0,180,109,9,4.91008348254228,2.15136720375581,0,8,5,4,1,45,188,1,0,0,12,1.91256584739313,0,3,2,0,0,14,22,209,0,0,0,180,109,9,5.41160092995244,0,8,5,4,1,0,29,1,25,0,0,1,4,24,6,0,0,3,0,0,0,0,0,0,0,0,0,0,0,0,0,0,6,55,2,0,0,0,0,0,2,26,3,73,4,4,0,0,39,1,0,2,2,0,0,0,0,0,0,0,0,0,25;39;34;20,,,118,0,0,1,1,0,0,1,0,0,0,0,0,1,0,34,34,1,0,1,0,0,0,0,0,34
2010,15,CLE,REG,2010_15_CLE_CIN,CIN,19,25,243,2,0,4,-24,0,0,241,82,12,9.05038220842835,16.8970365524292,0,10,6,3,1,14,59,0,0,0,1,-2.06840826750645,0,1,1,0,0,19,25,243,2,0,0,241,82,12,14.6540925170993,0,10,6,3,1,0,40,1,37,0,0,0,0,0,1,0,0,3,0,0,0,0,0,0,0,0,0,1,0,0,0,0,3,25,4,1,0,0,1,0,0,0,6,92,1,1,0,0,23,1,0,1,0,0,0,0,0,0,0,0,0,0,23,,,23,0,0,2,2,0,0,1,0,0,0,0,0,5,0,46,185,2,0,0,0,3,2,26,0,159
2010,15,DAL,REG,2010_15_WAS_DAL,WAS,25,37,305,2,0,2,-5,0,0,269,151,16,12.1661360267156,5.8543702235093,0,12,5,5,0,31,134,1,1,0,8,-2.33889180083444,0,4,2,0,0,25,37,305,2,0,0,269,151,16,14.5347697633847,0,12,5,5,0,0,37,3,13,0,0,1,5,36,7,2,-9,4,0,1,0,0,0,0,0,0,0,2,-6,1,0,0,9,70,3,0,2,0,2,0,2,54,4,89,4,5,1,0,42,0.8,0,2,1,1,0,0,0,0,1,0,0,0,42;20;20;39,35,,121,35,0,3,3,0,0,1,0,0,0,0,0,2,0,54,82,1,1,1,0,0,0,0,0,82
2010,15,DEN,REG,2010_15_DEN_OAK,LV,8,16,138,1,0,2,-9,0,0,204,38,5,1.93988949351478,-4.82583343982697,0,5,5,3,0,33,106,1,0,0,3,-4.61512504253055,0,2,2,1,1,8,16,138,1,0,0,204,38,5,4.2233546434436,0,5,5,3,0,0,54,7,7,0,0,1,0,0,1,2,40,5,0,1,0,0,0,0,0,0,0,1,0,1,0,0,10,93,5,1,1,0,2,1,2,8,8,171,3,3,0,0,46,1,0,0,1,2,0,0,0,0,0,0,0,0,46;35;45,,,126,0,0,2,2,0,0,1,0,0,0,0,0,7,0,56,307,1,0,1,1,0,5,47,0,240
2010,15,DET,REG,2010_15_DET_TB,TB,23,38,252,1,0,0,0,0,0,254,101,16,12.6222302451138,1.96126401424408,0,14,6,3,0,28,181,1,0,0,10,4.5799481132945,0,8,6,2,0,23,36,252,1,0,0,254,101,16,13.2514580775525,0,14,6,3,0,0,42,15,15,0,0,0,3,25,6,0,0,5,0,0,0,0,0,0,0,0,0,0,0,0,0,0,7,57,5,0,0,0,0,0,0,0,6,91,3,3,0,0,41,1,0,1,1,1,0,0,0,0,0,0,0,0,41;28;34,,,103,0,0,2,2,0,0,1,1,1,0,0,34,4,0,44,158,1,0,0,0,1,3,31,0,127
2010,15,GB,REG,2010_15_GB_NE,NE,24,37,251,3,1,5,-25,1,1,275,147,13,0.950468989312665,4.20922140280406,0,9,4,1,1,38,143,0,0,0,9,1.3010203212616,0,3,2,0,0,24,36,251,3,0,0,275,147,13,9.14585103681545,0,9,4,1,1,0,35,4,4,0,0,1,3,27,3,0,0,3,0,0,0,0,0,0,0,0,0,0,0,0,0,0,2,15,5,1,0,0,1,1,4,26,6,128,2,2,0,0,31,1,1,0,1,0,0,0,0,0,0,0,0,0,31;19,,,50,0,0,3,3,0,0,1,0,0,0,0,0,4,0,58,165,2,0,0,0,1,3,11,0,154
2010,15,HOU,REG,2010_15_HOU_TEN,TEN,35,54,325,2,1,4,-32,1,0,413,101,20,4.29550712978061,4.3888326242285,0,13,5,1,0,17,30,0,0,0,4,-7.69966941385064,0,0,0,0,0,35,54,325,2,1,0,413,96,20,12.4846688807343,0,13,5,1,0,0,35,11,11,0,0,0,3,25,5,1,1,3,0,0,0,0,0,0,0,0,0,2,0,0,0,0,9,66,6,2,0,0,2,0,1,12,4,88,1,1,0,0,37,1,0,0,1,0,0,0,0,0,0,0,0,0,37,,,37,0,0,2,2,0,0,1,0,0,0,0,0,4,0,52,144,1,0,2,1,0,1,2,0,122
2010,15,IND,REG,2010_15_JAX_IND,JAX,29,39,229,2,0,1,-8,0,0,306,85,12,5.96522653623918,9.85996715533428,0,7,3,2,0,24,155,1,0,0,7,3.11644359564952,0,4,4,2,2,29,39,229,2,0,0,306,85,12,7.50533011739111,0,7,3,2,0,1,37,15,19,0,0,0,1,5,8,1,31,5,0,0,0,0,0,0,0,0,0,0,0,1,5,0,6,68,3,0,0,0,0,0,1,3,4,92,2,2,0,0,37,1,0,0,2,0,0,0,0,0,0,0,0,0,34;37,,,71,0,0,4,4,0,0,1,0,0,0,0,0,6,0,44,235,2,0,1,0,1,4,99,1,136
2010,15,JAX,REG,2010_15_JAX_IND,IND,24,38,294,2,1,1,-5,0,0,372,113,14,3.4309680209459,7.91246911158433,0,11,7,5,0,22,67,0,2,0,4,-6.75507065688726,0,1,1,0,0,24,37,294,2,0,0,372,108,14,5.36899134635098,0,11,6,5,0,1,41,15,17,0,0,0,1,8,2,0,0,3,0,1,0,0,0,0,0,0,0,2,-13,0,0,0,6,55,3,0,3,0,3,1,4,99,7,176,1,1,0,0,22,1,0,1,0,0,0,0,0,0,0,0,0,0,22,,,22,0,0,3,3,0,0,1,0,0,0,0,0,4,0,61,192,2,0,2,0,1,1,3,0,189
2010,15,KC,REG,2010_15_KC_STL,LA,15,29,184,1,1,3,-11,0,0,189,74,10,-2.0354296831783,-12.2040795428412,0,8,4,3,0,42,210,2,0,0,9,4.78835626494705,0,4,3,1,1,15,28,184,1,0,0,189,74,10,2.65559303440386,0,8,4,3,0,0,50,4,4,0,0,1,3,26,7,2,24,11,0,0,0,0,0,0,0,0,0,0,0,0,0,0,5,40,5,0,0,0,0,0,8,74,4,62,2,2,0,0,53,1,0,0,1,0,1,0,0,0,0,0,0,0,53;38,,,91,0,0,3,3,0,0,1,0,0,0,0,0,6,0,72,285,3,0,1,1,1,3,48,0,217
2010,15,LA,REG,2010_15_KC_STL,KC,21,43,181,0,2,3,-26,1,0,327,88,10,-11.319210914236,-12.8792387743791,0,6,2,1,0,21,69,1,0,0,4,-1.34891640819842,0,0,0,0,0,21,42,181,0,0,0,327,88,10,-6.17414787869665,0,6,2,1,0,0,64,3,3,0,0,0,3,11,5,1,8,7,0,0,0,0,0,0,0,0,0,1,0,0,0,0,9,60,5,1,0,0,1,0,3,48,6,149,2,2,0,0,52,1,0,0,1,0,1,0,0,0,0,0,0,0,37;52,,,89,0,0,1,1,0,0,1,0,0,0,0,0,8,0,53,371,1,0,0,0,0,8,74,0,297
2010,15,LAC,REG,2010_15_SF_SD,SF,19,25,273,3,0,1,-7,0,0,161,145,15,20.2941358130113,16.4565314849218,0,10,5,5,1,41,108,1,0,0,7,-3.22766137446501,0,3,2,0,0,19,24,273,3,0,0,161,145,15,22.1359192213197,0,10,5,5,1,0,39,7,7,0,0,0,6,34,7,1,41,2,0,0,0,0,0,0,0,0,0,0,0,0,0,0,4,35,5,0,0,0,0,0,5,48,2,36,2,2,0,0,39,1,0,1,1,0,0,0,0,0,0,0,0,0,25;39,,,64,0,0,4,4,0,0,1,0,0,0,0,0,3,0,54,146,0,0,0,0,1,2,24,0,122
2010,15,LV,REG,2010_15_DEN_OAK,DEN,15,26,238,1,2,0,0,0,0,220,155,8,1.87922162033888,-5.7353498844,0,7,5,5,1,41,264,3,1,1,11,0.277561363251048,0,7,6,5,1,15,26,238,1,0,0,220,155,8,1.87922162033888,0,7,5,5,1,0,41,7,11,0,0,1,2,9,4,0,0,1,0,0,1,0,0,0,0,0,0,0,0,1,0,0,9,84,3,1,0,0,1,1,5,47,7,138,3,3,0,0,49,1,0,0,1,2,0,0,0,0,0,0,0,0,49;35;47,,,131,0,0,4,4,0,0,1,0,0,0,0,0,4,0,44,148,2,1,1,0,0,2,8,0,140
2010,15,MIA,REG,2010_15_BUF_MIA,BUF,33,45,276,1,1,3,-15,0,0,295,78,17,3.5284111076583,8.48403701728041,0,13,4,1,0,19,65,1,0,0,4,-1.54600702095195,0,0,0,0,0,33,44,276,1,1,1,295,78,17,6.96812636911299,0,13,4,1,0,0,43,1,3,0,0,0,2,12,3,1,9,4,0,1,0,0,0,0,0,0,0,1,0,0,0,0,4,35,6,0,2,0,2,1,1,0,3,67,0,4,4,0,,0,0,0,0,0,0,0,0,0,0,2,1,1,,48;61;53;48,,0,210,0,2,2,0,0,1,0,0,0,0,0,3,0,62,138,1,0,0,0,2,1,34,0,104
2010,15,MIN,REG,2010_15_CHI_MIN,CHI,20,33,192,1,3,4,-33,1,0,246,81,11,-17.4975344396662,-7.60754559076194,0,10,2,1,0,24,114,1,1,0,4,-2.52830788015854,0,3,2,1,0,20,33,192,1,2,2,246,81,11,-16.854793606617,0,10,2,1,0,0,40,7,21,0,0,1,1,5,3,1,27,3,0,0,0,0,0,0,0,0,0,2,-22,0,0,0,6,55,3,3,1,0,4,2,1,6,8,157,0,0,0,0,,,0,0,0,0,0,0,0,0,0,0,0,0,,,,0,0,0,2,2,0,0,1,0,0,0,0,0,6,0,37,196,0,3,1,0,0,2,67,1,129
2010,15,NE,REG,2010_15_GB_NE,GB,15,24,163,2,0,3,-27,1,0,184,67,9,1.41646944950728,-0.680633137623469,0,7,4,2,0,16,113,1,0,0,5,3.34119411045685,0,4,4,1,0,15,24,163,2,0,0,184,67,9,6.01299046059532,0,7,4,2,0,0,53,16,20,0,0,1,5,25,8,1,36,4,1,1,0,0,0,0,0,0,0,2,0,1,0,0,7,52,1,1,1,0,2,0,3,11,4,97,1,1,0,0,38,1,0,0,1,0,0,0,0,0,0,0,0,0,38,,,38,0,0,4,4,0,0,1,0,0,0,0,0,5,0,48,202,1,0,1,0,0,4,26,0,176
2010,15,NO,REG,2010_15_NO_BAL,BAL,29,46,267,3,1,3,-25,2,0,370,97,16,1.32243169313312,0.307487793590712,0,14,6,3,0,14,27,0,0,0,3,-2.01238600385841,0,1,0,0,0,29,46,267,3,0,0,370,97,16,5.77097426028922,0,14,6,3,0,0,37,18,18,0,0,0,3,24,5,0,0,3,0,0,0,0,0,0,0,0,0,2,0,0,0,0,6,68,5,2,0,0,2,0,1,9,6,143,1,1,0,0,47,1,0,0,0,1,0,0,0,0,0,0,0,0,47,,,47,0,0,3,3,0,0,1,0,0,0,0,0,6,0,47,253,2,2,0,0,2,2,35,0,218
2010,15,NYG,REG,2010_15_PHI_NYG,PHI,23,39,289,4,1,2,-25,0,0,440,106,16,14.4830099004338,1.49096697568893,0,13,5,4,0,31,100,0,0,0,3,-9.31096555467229,0,1,0,0,0,23,38,289,4,1,1,440,106,16,13.8768701903772,0,13,5,4,0,0,34,15,15,0,0,1,3,21,11,1,13,8,0,1,0,0,0,0,0,0,0,1,0,2,25,0,4,35,2,1,1,0,2,1,5,35,5,113,1,1,0,0,25,1,0,1,0,0,0,0,0,0,0,0,0,0,25,,,25,0,0,4,4,0,0,1,0,0,0,0,0,7,0,50,258,3,0,0,1,3,3,75,1,163
2010,15,NYJ,REG,2010_15_NYJ_PIT,PIT,19,29,170,0,0,1,0,0,0,233,39,8,3.56480082603989,2.89490027674313,0,6,2,1,0,27,106,1,0,0,8,2.96621432041726,0,3,0,0,0,19,29,170,0,0,0,233,39,8,4.78625754839627,0,6,2,1,0,1,48,4,10,0,0,2,3,32,1,0,0,6,0,0,1,0,0,0,0,0,0,0,0,0,0,0,3,19,4,0,0,0,0,0,2,32,5,145,2,2,0,0,34,1,0,1,1,0,0,0,0,0,0,0,0,0,25;34,,,59,0,0,2,2,0,0,1,0,0,0,0,0,4,0,52,147,3,0,3,0,0,1,4,0,143
2010,15,PHI,REG,2010_15_PHI_NYG,NYG,21,35,242,3,1,3,-21,0,0,312,93,8,-1.94108910754691,1.47591040414922,0,8,3,2,1,21,197,1,0,0,10,13.1354901277227,0,8,6,4,0,21,35,242,3,2,2,312,93,8,-5.44601228192914,0,8,3,2,1,1,41,24,24,0,0,1,2,25,3,1,0,9,0,1,0,0,0,0,0,0,0,1,0,1,0,0,5,30,4,1,2,0,3,2,3,75,6,102,1,1,0,0,34,1,0,0,1,0,0,0,0,0,0,0,0,0,34,,,34,0,0,5,5,0,0,1,0,0,0,0,0,6,0,53,247,2,1,0,0,0,5,35,0,212
2010,15,PIT,REG,2010_15_NYJ_PIT,NYJ,23,44,264,1,0,3,-32,2,0,458,54,14,1.46633330406914,-2.29827776187804,0,13,9,2,0,25,146,1,0,0,10,5.04763209971134,0,3,2,2,0,23,41,264,1,0,0,458,54,14,6.39981821971307,0,13,9,2,0,0,35,11,23,0,0,0,1,0,2,0,0,3,0,0,0,0,0,0,0,0,0,2,0,0,0,0,3,35,4,2,0,0,2,0,1,4,5,72,1,1,0,0,42,1,0,0,0,1,0,0,0,0,0,0,0,0,42,,,42,0,0,2,2,0,0,1,0,0,0,0,0,4,0,47,152,0,0,0,1,1,2,32,0,100
2010,15,SEA,REG,2010_15_ATL_SEA,ATL,18,33,154,0,2,2,-11,1,1,277,106,5,-19.2861997612279,-9.20414545319297,1,5,3,1,0,21,91,2,0,0,9,8.73836725571891,0,2,1,0,0,18,33,154,0,0,0,277,106,5,-11.6782299354898,1,5,3,1,0,0,37,14,22,0,0,2,1,6,5,1,17,3,0,0,0,0,0,0,0,0,0,1,0,0,0,0,10,76,4,1,1,0,2,1,2,3,4,76,1,1,0,0,38,1,0,0,1,0,0,0,0,0,0,0,0,0,38,,,38,0,0,1,1,0,0,1,0,0,0,0,0,4,0,47,165,1,0,3,0,0,1,12,0,153
2010,15,SF,REG,2010_15_SF_SD,LAC,19,29,165,0,1,6,-34,0,0,226,70,6,-12.2555652026786,3.74310293367931,0,4,3,2,0,15,61,1,0,0,3,-1.47774683497846,0,1,1,0,0,19,28,165,0,0,0,226,70,6,-2.66879896936007,0,4,3,2,0,0,50,12,12,0,0,0,1,7,3,0,0,1,0,0,0,0,0,0,0,0,0,0,0,0,0,0,5,60,5,0,0,0,0,0,2,24,7,116,0,0,0,0,,,0,0,0,0,0,0,0,0,0,0,0,0,,,,0,0,0,1,1,0,0,1,0,0,0,0,0,6,0,54,282,2,0,0,0,1,5,48,0,234
2010,15,TB,REG,2010_15_DET_TB,DET,22,33,252,1,0,3,-25,0,0,265,110,14,9.7436687859877,4.99409193342382,0,13,4,2,0,28,176,1,0,0,5,3.69206429336617,0,4,3,2,0,22,33,252,1,0,0,265,110,14,14.2743570410817,0,13,4,2,0,0,42,10,12,0,0,0,0,0,2,0,0,3,0,0,0,0,0,0,0,0,0,0,0,0,0,0,9,65,5,0,0,0,0,0,3,31,4,76,2,2,0,0,30,1,0,1,1,0,0,0,0,0,0,0,0,0,30;26,,,56,0,0,2,2,0,0,1,0,0,0,0,0,3,0,50,118,0,0,0,1,2,0,0,0,98
2010,15,TEN,REG,2010_15_HOU_TEN,HOU,14,24,237,2,1,3,-25,0,0,330,38,12,11.256248534487,9.01178043821584,0,8,6,4,1,30,147,2,0,0,6,-2.36435609171167,0,4,2,1,1,14,23,237,2,0,0,330,38,12,17.8920225356123,0,8,6,4,1,0,44,13,17,0,0,2,4,32,8,1,19,4,0,0,0,0,0,0,0,0,0,0,0,0,0,0,12,76,3,0,0,0,0,0,1,2,4,92,1,1,0,0,30,1,0,0,1,0,0,0,0,0,0,0,0,0,30,,,30,0,0,4,4,0,0,1,0,0,0,0,0,4,0,46,150,2,0,1,0,2,1,12,0,138
2010,15,WAS,REG,2010_15_WAS_DAL,DAL,25,43,322,4,2,5,-36,1,1,277,165,18,6.62962469412037,-1.71581380069256,2,14,8,5,1,15,55,0,0,0,2,1.9591898212675,0,1,1,0,0,25,40,322,4,0,0,277,165,18,17.2749531579905,2,14,8,5,1,0,54,3,15,0,0,0,2,5,4,0,0,1,0,0,0,0,0,0,0,0,0,0,0,0,0,0,3,25,4,1,0,0,1,1,0,0,5,98,0,0,0,0,,,0,0,0,0,0,0,0,0,0,0,0,0,,,,0,0,0,2,2,0,0,1,0,0,0,0,0,4,0,45,158,0,1,0,0,1,2,54,0,104
2010,16,ARI,REG,2010_16_DAL_ARI,DAL,11,25,183,1,0,1,-5,0,0,211,75,6,-2.04493850535472,-20.1796907445659,0,5,4,3,1,21,93,0,1,0,3,-3.68037905405187,0,2,1,0,0,11,23,183,1,0,0,211,75,6,-0.890710905038201,0,5,4,3,1,0,63,3,3,0,0,1,5,27,6,2,98,7,2,0,0,0,0,0,0,0,0,1,-14,1,0,0,6,43,6,0,1,0,1,0,4,25,5,109,2,3,1,0,49,0.666666666666667,0,0,0,2,0,0,0,0,0,1,0,0,49;48,49,,97,49,0,3,3,0,0,1,0,0,0,0,0,6,0,56,281,2,0,0,0,3,3,27,0,254
2010,16,ATL,REG,2010_16_NO_ATL,NO,15,29,148,1,0,1,-8,0,0,270,53,8,-3.5999310282059,-12.9763199337598,0,7,4,0,0,22,75,0,1,1,2,-13.0494562849635,0,2,2,2,0,15,29,148,1,0,0,270,53,8,-1.57431549788453,0,7,4,0,0,0,51,0,20,0,0,0,1,6,3,2,32,5,1,0,0,0,0,0,0,0,0,0,-4,0,0,0,1,10,3,1,1,0,2,2,2,6,2,26,0,0,0,0,,,0,0,0,0,0,0,0,0,0,0,0,0,,,,0,0,0,2,2,0,0,1,0,0,0,0,0,8,0,55,349,2,2,0,1,2,3,10,0,319
2010,16,BAL,REG,2010_16_BAL_CLE,CLE,12,19,102,2,1,1,-5,1,0,219,17,6,2.13571422450109,8.46776938752124,0,4,1,1,0,38,161,0,0,0,9,1.45540282520233,0,4,2,0,0,12,19,102,2,0,0,219,17,6,4.23903291133097,0,4,1,1,0,0,39,8,8,0,0,1,0,0,0,3,52,6,0,1,0,0,0,0,0,0,0,1,0,1,9,0,1,5,3,1,1,1,2,0,1,1,1,15,2,2,0,0,40,1,0,1,0,1,0,0,0,0,0,0,0,0,27;40,,,67,0,0,2,2,0,0,1,0,0,0,0,0,3,0,50,137,1,0,1,0,0,2,17,0,120
2010,16,BUF,REG,2010_16_NE_BUF,NE,18,37,251,0,3,3,-7,1,1,428,81,12,-21.0165512693643,-4.78975180838559,0,9,6,4,2,20,125,0,2,2,3,-5.36129070853349,0,3,2,1,0,18,37,251,0,0,0,428,81,12,-14.7720154545099,0,9,6,4,2,0,31,25,29,0,0,0,1,9,1,0,0,5,0,1,0,0,0,0,0,0,0,0,0,0,0,0,6,40,2,3,1,0,4,4,1,0,7,115,1,1,0,0,26,1,0,1,0,0,0,0,0,0,0,0,0,0,26,,,26,0,0,0,0,0,0,,0,0,0,0,0,2,0,36,68,0,1,0,0,1,0,0,0,68
2010,16,CAR,REG,2010_16_CAR_PIT,PIT,10,23,72,0,1,4,-27,0,0,181,43,3,-14.4842118374072,-19.7351551574209,0,1,0,0,0,22,74,0,0,0,4,-3.2818483286578,0,2,1,0,0,10,23,72,0,0,0,181,43,3,-6.13477511773817,0,1,0,0,0,0,45,8,14,0,0,0,3,27,4,0,0,1,0,0,0,0,0,0,0,0,0,0,0,2,0,0,6,62,4,1,0,0,1,1,2,18,6,132,1,1,0,0,27,1,0,1,0,0,0,0,0,0,0,0,0,0,27,,,27,0,0,0,0,0,0,,0,0,0,0,0,8,0,45,272,2,0,1,1,1,5,10,0,242
2010,16,CHI,REG,2010_16_NYJ_CHI,NYJ,13,25,215,3,1,2,-13,0,0,328,28,8,2.55513392848899,-2.83070200681686,0,9,5,5,1,27,120,2,0,0,7,3.74164097403991,0,3,3,2,0,13,25,215,3,0,0,328,28,8,5.46090986841829,0,9,5,5,1,0,54,7,7,0,0,2,0,0,1,1,0,5,0,0,0,0,0,0,0,0,0,0,0,1,0,0,6,31,2,0,0,0,0,0,1,38,7,114,1,2,1,0,37,0.5,0,0,1,0,0,0,0,0,1,0,0,0,37,35,,37,35,0,5,5,0,0,1,0,0,0,0,0,4,0,49,176,0,0,1,0,0,3,8,0,168
2010,16,CIN,REG,2010_16_SD_CIN,LAC,16,21,269,4,0,0,0,0,0,251,115,13,24.7083912699018,17.3091885589418,0,11,6,5,2,38,102,1,1,1,5,-17.5250822043163,0,3,0,0,0,16,21,269,4,0,0,251,115,13,24.7083912699018,0,11,6,5,2,0,36,1,37,0,0,1,1,7,5,1,47,5,0,0,0,0,0,0,0,0,0,0,0,1,1,0,6,57,3,1,0,0,1,1,0,0,4,84,0,0,0,0,,,0,0,0,0,0,0,0,0,0,0,0,0,,,,0,0,0,4,5,1,0,0.8,0,0,0,0,0,4,0,42,129,2,1,2,0,0,1,12,0,117
2010,16,CLE,REG,2010_16_BAL_CLE,BAL,16,30,178,1,3,0,0,0,0,304,81,11,-3.88678679062285,-6.42048627138138,0,7,4,3,0,26,102,0,0,0,6,-1.43624314031331,0,1,1,0,0,16,30,178,1,1,1,304,81,11,-9.14936216565546,0,7,4,3,0,0,41,13,13,0,0,1,1,5,2,1,0,2,0,0,0,0,0,0,0,0,0,0,0,0,0,0,2,20,4,1,0,0,1,1,2,17,5,126,1,1,0,0,30,1,0,0,1,0,0,0,0,0,0,0,0,0,30,,,30,0,0,1,1,0,0,1,0,0,0,0,0,3,0,53,116,2,0,0,0,2,1,1,0,115
2010,16,DAL,REG,2010_16_DAL_ARI,ARI,23,37,226,2,2,5,-27,0,0,268,111,10,-10.8204229026776,-3.50719158713882,0,9,3,2,0,34,183,1,1,0,11,3.44178971909868,0,6,4,2,0,23,37,226,2,2,1,268,111,10,-4.80391427652267,0,9,3,2,0,0,36,6,6,0,0,0,1,5,1,0,0,3,0,1,0,0,0,0,0,0,0,3,-4,0,0,0,7,49,5,1,3,0,4,1,3,27,4,69,2,2,0,0,53,1,0,0,0,1,1,0,0,0,0,0,0,0,42;53,,,95,0,0,2,3,1,0,0.666666666666667,0,0,0,0,0,5,0,62,267,1,0,0,1,0,4,25,0,222
2010,16,DEN,REG,2010_16_HOU_DEN,HOU,16,29,308,1,1,1,-3,0,0,302,145,13,11.0704465450687,-1.88687371796575,0,13,9,6,2,33,126,2,2,0,10,-0.482594120752765,0,6,1,0,0,16,29,308,1,1,0,302,145,13,11.7424776961413,0,13,9,6,2,0,45,3,3,0,0,0,0,0,1,1,2,5,0,0,0,0,0,0,0,0,0,4,-1,0,0,0,4,27,2,2,2,0,4,0,2,19,2,47,1,1,0,0,27,1,0,1,0,0,0,0,0,0,0,0,0,0,27,,,27,0,0,3,3,0,0,1,0,0,0,0,0,4,0,52,174,2,0,0,1,1,2,14,0,140
2010,16,DET,REG,2010_16_DET_MIA,MIA,14,26,222,2,0,2,-14,0,0,204,113,10,7.87374710871043,-8.73678544392953,0,8,6,4,1,21,67,1,0,0,4,-2.212223029288,0,3,2,0,0,14,26,222,2,0,0,204,113,10,10.3100610381912,0,8,6,4,1,0,65,2,6,0,0,3,2,7,2,2,30,6,1,0,0,0,0,0,0,0,0,1,0,1,0,0,6,53,5,0,1,0,1,0,1,23,3,18,2,2,0,0,47,1,0,0,1,1,0,0,0,0,0,0,0,0,39;47,,,86,0,0,4,4,0,0,1,0,0,0,0,0,6,0,61,278,2,0,1,0,1,4,50,0,228
2010,16,GB,REG,2010_16_NYG_GB,NYG,25,37,404,4,0,2,-8,1,0,412,189,19,25.3675274272921,10.3417217328742,0,15,10,7,1,35,119,2,0,0,7,0.491986676526722,0,2,1,0,0,25,37,404,4,1,1,412,189,19,25.4056055338244,0,15,10,7,1,0,32,13,21,0,0,2,1,5,4,4,7,10,0,0,0,0,0,0,0,0,0,1,0,2,0,0,3,31,3,1,1,0,2,1,2,7,4,60,1,1,0,0,31,1,0,0,1,0,0,0,0,0,0,0,0,0,31,,,31,0,0,6,6,0,0,1,0,0,0,0,0,5,0,54,208,1,1,0,0,1,3,13,0,195
2010,16,HOU,REG,2010_16_HOU_DEN,DEN,23,33,310,1,1,0,0,0,0,222,202,15,10.4685248204257,3.0085796659643,0,14,5,5,1,22,91,1,1,0,5,-1.48333265760448,0,4,2,1,0,23,33,310,1,0,0,222,202,15,10.4685248204257,0,14,5,5,1,0,43,2,14,0,0,2,1,3,2,1,0,2,0,0,0,0,0,0,0,0,0,1,-3,0,0,0,3,24,4,0,1,0,1,0,2,14,3,65,3,3,0,0,57,1,0,0,1,0,2,0,0,0,0,0,0,0,34;54;57,,,145,0,0,2,2,0,0,1,0,0,0,0,0,4,0,55,170,1,0,1,0,1,2,19,0,151
2010,16,IND,REG,2010_16_IND_OAK,LV,16,30,179,3,2,0,0,0,0,285,67,11,1.78596600171303,-7.40817765394847,0,9,4,1,0,39,191,1,0,0,10,-1.52535142889246,0,6,6,1,0,16,30,179,3,0,0,285,67,11,1.78596600171303,0,9,4,1,0,0,49,5,11,0,0,1,3,21,6,0,0,2,0,0,0,0,0,0,0,0,0,0,0,0,0,0,4,42,1,0,0,0,0,0,3,15,5,123,1,1,0,0,30,1,0,0,1,0,0,0,0,0,0,0,0,0,30,,,30,0,0,4,4,0,0,1,0,0,0,0,0,6,0,49,257,2,1,0,1,3,1,12,0,225
2010,16,JAX,REG,2010_16_WAS_JAX,WAS,22,38,299,1,2,4,-41,2,0,332,137,11,-5.40785432380447,-3.53297340242486,0,12,8,6,0,23,78,1,0,0,4,-1.91809326404473,0,1,1,1,0,22,38,299,1,0,0,332,137,11,0.201961434557479,0,12,8,6,0,0,42,0,14,0,0,0,1,10,5,1,0,7,0,0,0,0,0,0,0,0,0,2,0,0,0,0,7,66,3,2,0,0,2,0,7,39,5,72,1,2,1,0,34,0.5,0,0,1,0,0,0,0,0,0,1,0,0,34,44,,34,44,0,2,2,0,0,1,0,0,0,0,0,7,0,52,318,2,2,1,1,0,3,11,0,287
2010,16,KC,REG,2010_16_TEN_KC,TEN,25,36,312,3,1,1,-6,0,0,286,168,13,13.2642284193165,8.54572628935178,0,12,5,3,1,40,152,0,3,1,9,-8.60199150815606,0,6,4,0,0,25,36,312,3,0,0,286,168,13,14.9072162789847,0,12,5,3,1,0,38,2,4,0,0,0,3,22,3,2,54,8,1,0,0,0,0,0,0,0,0,2,-2,0,0,0,7,84,6,2,1,0,3,1,5,36,3,50,2,3,1,0,42,0.666666666666667,0,0,1,1,0,0,0,0,0,1,0,0,35;42,48,,77,48,0,4,4,0,0,1,0,0,0,0,0,5,0,56,232,1,0,0,1,1,3,1,0,211
2010,16,LA,REG,2010_16_SF_STL,SF,28,37,292,1,0,1,-17,1,1,299,153,11,0.958554564714724,8.14448643375087,0,9,6,2,2,28,60,1,0,0,6,-9.6632971017132,0,2,2,0,0,28,37,292,1,0,0,299,153,11,7.27605150613963,0,9,6,2,2,0,47,5,5,0,0,3,4,27,6,1,19,4,0,0,1,0,0,0,0,0,0,1,0,1,0,0,5,41,0,2,0,0,2,1,3,11,5,177,3,3,0,0,43,1,0,1,1,1,0,0,0,0,0,0,0,0,43;30;28,,,101,0,0,2,2,0,0,1,0,0,0,0,0,7,0,54,297,4,0,1,0,3,3,97,1,200
2010,16,LAC,REG,2010_16_SD_CIN,CIN,27,40,256,1,1,1,-7,0,0,307,97,16,1.20205239873744,6.45018167793751,0,13,4,0,0,22,64,1,2,1,4,-8.31255003050478,0,2,2,1,0,27,40,256,1,0,0,307,97,16,2.09012482528474,0,13,4,0,0,0,37,0,36,0,0,1,0,0,0,0,0,1,0,0,0,0,0,0,0,0,0,1,-6,1,0,0,1,5,6,1,1,0,2,1,1,12,6,127,2,2,0,0,28,1,0,2,0,0,0,0,0,0,0,0,0,0,20;28,,,48,0,0,2,2,0,0,1,0,0,0,0,0,4,0,37,127,1,1,2,0,1,0,0,0,127
2010,16,LV,REG,2010_16_IND_OAK,IND,29,42,231,1,0,3,-21,0,0,194,101,12,-7.88991988769865,3.6305382484343,0,9,2,1,0,20,80,0,0,0,4,-3.75274182535941,0,2,2,1,0,29,41,231,1,0,0,194,101,12,-4.13624065261458,0,9,2,1,0,1,51,2,12,0,0,0,0,0,0,2,0,7,0,1,0,0,0,0,0,0,0,1,0,0,0,0,10,116,6,1,0,0,1,0,1,12,5,188,4,5,1,0,59,0.8,0,0,1,1,2,0,0,0,0,0,1,0,59;38;51;45,54,,193,54,0,2,2,0,0,1,0,0,0,0,0,6,0,63,281,2,1,0,0,2,3,15,0,266
2010,16,MIA,REG,2010_16_DET_MIA,DET,29,44,278,1,2,2,-7,0,0,305,88,15,-0.671427166314984,-1.11744607036764,0,11,3,2,0,37,154,2,1,0,11,3.59521586934524,0,5,3,1,0,29,44,278,1,0,0,305,88,15,1.38508664666004,0,11,3,2,0,0,35,1,3,0,0,0,2,14,3,0,0,3,0,2,0,0,0,0,0,0,0,4,-15,0,0,0,8,63,4,3,2,0,5,1,4,50,5,82,2,2,0,0,40,1,0,1,0,1,0,0,0,0,0,0,0,0,40;28,,,68,0,0,3,3,0,0,1,0,0,0,0,0,4,0,50,165,2,0,1,1,1,1,23,0,122
2010,16,MIN,REG,2010_16_MIN_PHI,PHI,17,26,195,0,0,2,-19,0,0,229,87,11,3.42174274272723,3.92509790567251,0,8,5,2,1,31,161,2,1,1,8,0.540887764218496,0,4,4,2,0,17,26,195,0,0,0,229,87,11,7.09752898867009,0,8,5,2,1,0,51,1,5,0,0,2,6,39,9,1,0,6,0,0,0,0,0,0,0,0,0,0,0,2,45,1,5,74,2,0,1,0,1,1,2,8,1,27,1,1,0,0,30,1,0,0,1,0,0,0,0,0,0,0,0,0,30,,,30,0,0,3,3,0,0,1,0,0,0,0,0,6,0,46,232,1,1,1,1,2,1,9,0,203
2010,16,NE,REG,2010_16_NE_BUF,BUF,15,27,140,3,0,1,-9,0,0,224,38,7,-1.36363710387589,-7.20966883279659,0,6,1,1,0,41,217,1,0,0,12,9.57561032625381,0,5,3,1,0,15,27,140,3,0,0,224,38,7,0.227198729114817,0,6,1,1,0,0,27,20,20,0,0,3,3,7,4,3,19,12,0,0,0,0,0,0,0,0,0,0,0,4,0,0,6,40,3,0,0,0,0,0,0,0,2,39,2,2,0,0,34,1,0,1,1,0,0,0,0,0,0,0,0,0,34;26,,,60,0,0,4,4,0,0,1,0,0,0,0,0,5,0,48,206,3,0,2,0,2,1,0,0,206
2010,16,NO,REG,2010_16_NO_ATL,ATL,35,49,302,1,2,1,-6,0,0,351,124,17,-3.42450750744948,8.09542428939901,0,14,5,2,0,24,72,1,0,0,6,-5.4076604845468,0,2,2,0,0,35,47,302,1,0,0,351,124,17,6.84974565679394,0,14,5,2,0,0,33,1,9,0,0,1,1,8,4,0,0,3,0,0,0,0,0,0,0,0,0,0,0,2,0,0,8,92,3,0,0,0,0,0,3,10,2,43,1,1,0,0,52,1,0,0,0,0,1,0,0,0,0,0,0,0,52,,,52,0,0,2,2,0,0,1,0,0,0,0,0,7,0,55,317,2,0,4,1,0,2,6,0,291
2010,16,NYG,REG,2010_16_NYG_GB,GB,17,33,301,2,4,1,-5,0,0,363,153,11,0.808666235037892,-6.13087313249707,0,10,7,5,1,21,90,0,2,2,3,-8.92838148324518,0,2,2,1,0,17,32,301,2,0,0,363,153,11,3.33791344097517,0,10,7,5,1,0,50,17,19,0,0,1,1,5,3,0,0,4,0,0,0,0,0,0,0,0,0,0,0,1,0,0,5,45,4,2,0,0,2,2,3,13,8,149,1,1,0,0,38,1,0,0,1,0,0,0,0,0,0,0,0,0,38,,,38,0,0,2,2,0,0,1,0,0,0,0,0,4,0,55,169,3,1,1,0,0,2,7,0,162
2010,16,NYJ,REG,2010_16_NYJ_CHI,CHI,24,38,269,1,1,0,0,0,0,319,94,13,9.1795958705455,5.41603347739658,0,12,7,2,0,30,124,2,2,1,11,-1.75029942911351,0,5,4,0,0,24,37,269,1,0,0,319,94,13,10.4226493892469,0,12,7,2,0,0,40,2,2,0,0,0,2,13,4,1,20,7,1,1,0,0,0,0,0,0,0,2,0,0,0,0,3,34,6,2,1,0,3,1,3,8,6,126,2,2,0,0,34,1,0,1,1,0,0,0,0,0,0,0,0,0,26;34,,,60,0,0,4,4,0,0,1,0,0,0,0,0,4,0,50,161,3,2,1,0,0,1,38,0,123
2010,16,PHI,REG,2010_16_MIN_PHI,MIN,25,43,263,1,1,6,-39,1,1,492,102,15,-10.2727938454837,0.0664063862391881,0,11,5,4,0,22,107,1,1,1,7,-0.226180702564307,0,5,1,0,0,25,42,263,1,0,0,492,102,15,5.4061080831097,0,11,5,4,0,0,49,0,2,0,0,0,2,19,2,0,0,5,0,0,0,0,0,0,0,0,0,0,0,1,0,0,12,62,5,2,0,0,2,2,1,9,4,66,0,1,1,0,,0,0,0,0,0,0,0,0,0,0,0,1,0,,54,,0,54,0,2,2,0,0,1,0,0,0,0,0,5,0,54,214,2,1,1,0,1,2,8,0,206
2010,16,PIT,REG,2010_16_CAR_PIT,CAR,22,32,320,1,0,3,-27,0,0,289,130,14,8.1119751399661,9.73161853128864,0,13,7,5,2,33,115,2,2,2,6,-10.0441138299066,0,4,4,2,0,22,31,320,1,0,0,289,130,14,12.2722862567375,0,13,7,5,2,0,27,15,23,0,0,1,4,27,6,1,-3,7,0,0,0,0,0,0,0,0,0,0,-12,1,0,0,4,40,4,0,2,0,2,2,5,10,2,45,2,3,1,0,29,0.666666666666667,0,2,0,0,0,0,0,0,0,1,0,0,26;29,41,,55,41,0,3,3,0,0,1,0,0,0,0,0,3,0,52,136,2,0,0,0,1,2,18,0,118
2010,16,SEA,REG,2010_16_SEA_TB,TB,14,22,90,0,0,3,-6,0,0,93,52,5,-1.07025668352423,-6.31054639816284,1,3,0,0,0,28,90,2,0,0,5,-0.589342095830943,0,2,2,1,0,14,22,90,0,0,0,93,52,5,2.71151840609685,1,3,0,0,0,0,37,13,15,0,0,2,2,21,5,0,0,1,0,0,0,0,0,1,0,0,0,0,0,0,0,0,1,10,3,0,0,0,0,0,2,4,7,128,0,0,0,0,,,0,0,0,0,0,0,0,0,0,0,0,0,,,,0,0,0,1,1,0,0,1,0,0,0,0,0,7,0,58,260,2,1,2,0,3,1,6,0,254
2010,16,SF,REG,2010_16_SF_STL,LA,17,34,273,1,1,4,-27,3,1,326,141,10,-5.70055095480118,-10.5265964721811,0,8,8,6,1,21,85,0,1,0,2,-3.06879700231366,0,2,1,0,0,17,31,273,1,0,0,326,141,10,4.50702791700544,0,8,8,6,1,1,59,6,6,0,0,2,1,17,1,0,0,1,0,0,0,0,0,0,0,0,0,4,-14,1,5,0,8,87,5,3,2,0,5,1,3,97,6,100,1,2,1,0,47,0.5,0,0,0,1,0,0,0,0,1,0,0,0,47,34,,47,34,0,2,2,0,0,1,0,0,0,0,0,6,0,64,323,4,0,1,0,2,3,11,0,312
2010,16,TB,REG,2010_16_SEA_TB,SEA,23,28,252,5,0,2,-21,1,0,233,94,16,15.9285661572644,23.4478613095624,0,12,7,5,0,26,208,0,1,0,6,4.58608095668024,0,6,4,3,2,23,28,252,5,0,0,233,94,16,19.7396375799618,0,12,7,5,0,0,38,12,12,0,0,0,3,6,3,0,0,2,0,1,0,0,0,0,0,0,0,4,-2,0,0,0,3,22,2,2,2,0,4,0,1,6,3,99,1,2,0,1,46,0.5,0,0,0,1,0,0,0,0,0,0,0,0,46,,44,46,0,44,5,5,0,0,1,0,0,0,0,0,3,0,53,135,0,0,0,1,0,2,4,0,111
2010,16,TEN,REG,2010_16_TEN_KC,KC,14,37,235,2,2,3,-22,0,0,517,31,12,-10.9340719346656,-18.7632368223087,0,11,6,4,1,16,57,0,1,0,1,-6.64522201701766,0,2,2,0,0,14,37,235,2,0,0,517,31,12,-5.86475461709779,0,11,6,4,1,0,58,10,18,0,0,2,1,6,4,1,9,6,0,0,0,0,0,0,0,0,0,1,-5,1,0,0,9,74,2,0,1,0,1,0,3,1,7,119,0,0,0,0,,,0,0,0,0,0,0,0,0,0,0,0,0,,,,0,0,0,2,2,0,0,1,0,0,0,0,0,8,0,58,352,3,1,0,1,1,5,36,0,296
2010,16,WAS,REG,2010_16_WAS_JAX,JAX,19,39,182,1,1,1,-10,0,0,265,66,8,-8.86201822860027,-12.8848421267974,0,9,1,1,0,24,79,1,0,0,5,0.225097599056414,0,3,2,0,0,19,39,182,1,0,0,265,66,8,-7.90780874368362,0,9,1,1,0,0,59,0,2,0,0,2,4,41,6,2,46,4,0,0,0,0,0,0,0,0,0,0,0,0,0,0,5,40,4,0,0,0,0,0,3,11,3,67,2,2,0,0,48,1,0,0,1,1,0,0,0,0,0,0,0,0,48;31,,,79,0,0,2,2,0,0,1,1,1,0,0,31,9,0,52,368,1,0,1,0,1,7,39,0,329
2010,17,ARI,REG,2010_17_ARI_SF,SF,30,53,242,1,2,6,-41,1,0,327,70,14,-28.9763969295018,-6.5741499077599,0,10,5,1,0,22,78,0,0,0,5,-2.3418355123431,0,2,0,0,0,30,53,242,1,1,0,327,70,14,-21.1917514486995,0,10,5,1,0,0,35,0,12,0,0,0,2,14,3,0,0,7,0,0,0,0,0,0,0,0,0,0,0,0,0,0,8,43,6,2,0,2,2,0,3,17,7,118,0,0,0,0,,,0,0,0,0,0,0,0,0,0,0,0,0,,,,0,0,0,1,1,0,0,1,0,0,0,0,0,8,0,53,330,2,3,1,1,2,1,0,0,310
2010,17,ATL,REG,2010_17_CAR_ATL,CAR,26,38,256,2,0,1,-3,1,0,234,114,14,6.90694479932013,4.1365774838548,0,14,5,1,0,32,99,1,1,1,7,-12.0526310165878,0,1,1,0,0,26,38,256,2,0,0,234,114,14,8.61963751929579,0,14,5,1,0,1,38,0,12,0,0,1,3,28,4,1,0,3,0,0,0,0,0,0,0,0,0,1,0,1,0,0,4,20,4,2,0,0,2,1,3,75,1,20,1,1,0,0,47,1,0,0,0,1,0,0,0,0,0,0,0,0,47,,,47,0,0,4,4,0,0,1,0,0,0,0,0,4,0,61,163,1,0,0,1,1,2,0,0,143
2010,17,BAL,REG,2010_17_CIN_BAL,CIN,14,19,125,0,1,4,-24,0,0,171,73,5,-12.1626960313119,14.0805190331058,0,5,1,1,0,27,98,1,1,1,4,-5.47772821853869,0,3,1,0,0,14,19,125,0,0,0,171,73,5,-6.35710829506251,0,5,1,1,0,0,51,15,15,0,0,2,0,0,3,2,48,6,0,0,0,0,0,0,0,0,0,0,0,3,0,0,7,45,2,1,0,0,1,1,3,14,1,30,2,2,0,0,47,1,0,1,0,1,0,0,0,0,0,0,0,0,25;47,,,72,0,0,1,1,0,0,1,0,0,0,0,0,7,0,59,335,2,1,1,0,1,4,49,0,286
2010,17,BUF,REG,2010_17_BUF_NYJ,NYJ,12,26,130,0,4,3,-5,1,1,283,42,5,-23.0063757748576,-6.18096005458098,0,5,2,1,0,18,37,0,1,0,1,-4.80948278974393,0,0,0,0,0,12,26,130,0,1,1,283,42,5,-21.7293180057313,0,5,2,1,0,0,39,25,25,0,0,0,1,7,4,1,37,1,1,0,0,0,0,0,0,0,0,1,0,0,0,0,3,15,1,3,0,0,3,2,2,44,7,123,0,0,0,0,,,0,0,0,0,0,0,0,0,0,0,0,0,,,,0,0,0,1,1,0,0,1,0,0,0,0,0,6,0,59,296,1,0,0,0,2,4,46,0,250
2010,17,CAR,REG,2010_17_CAR_ATL,ATL,19,34,182,1,1,3,-28,0,0,296,96,8,-11.1174990509829,-3.80559889599681,0,8,4,3,0,19,137,0,1,1,3,-2.69174090179149,0,4,4,1,1,19,32,182,1,0,0,296,96,8,-1.90012670215976,0,8,4,3,0,0,44,1,29,0,0,2,1,3,2,0,0,3,0,1,0,0,0,0,0,0,0,3,0,1,0,0,10,97,3,1,3,0,4,1,2,0,3,47,1,1,0,0,23,1,0,1,0,0,0,0,0,0,0,0,0,0,23,,,23,0,0,1,1,0,0,1,0,0,0,0,0,7,0,60,344,1,0,1,1,2,3,75,1,249
2010,17,CHI,REG,2010_17_CHI_GB,GB,21,39,168,0,2,6,-51,0,0,294,88,8,-20.7148174598237,-10.7519737420938,0,4,3,2,0,20,110,0,0,0,5,2.77699465560727,0,3,3,2,0,21,39,168,0,0,0,294,88,8,-11.2113462260459,0,4,3,2,0,0,41,5,13,0,0,1,2,5,3,1,42,3,0,0,0,0,0,0,0,0,0,0,0,1,0,0,6,46,4,0,0,0,0,0,2,35,2,31,1,1,0,0,30,1,0,0,1,0,0,0,0,0,0,0,0,0,30,,,30,0,0,0,0,0,0,,0,0,0,0,0,8,0,53,364,2,2,0,1,0,5,50,0,294
2010,17,CIN,REG,2010_17_CIN_BAL,BAL,32,45,305,1,2,0,0,0,0,300,99,14,7.5139236934537,9.39262031122696,0,11,3,2,0,31,90,0,2,1,5,-14.7118785225903,0,2,1,0,0,32,44,305,1,2,2,300,99,14,0.796048957859898,0,11,3,2,0,0,42,6,8,0,0,1,4,24,9,1,56,3,0,0,0,0,0,0,0,0,0,1,-2,1,0,0,4,49,4,2,2,0,4,3,4,49,2,51,0,1,1,0,,0,0,0,0,0,0,0,0,1,0,0,0,0,,29,,0,29,0,1,1,0,0,1,0,0,0,0,0,4,0,53,162,1,1,0,0,0,3,14,0,148
2010,17,CLE,REG,2010_17_PIT_CLE,PIT,21,43,210,1,3,4,-28,1,0,402,114,10,-8.98901320775252,-10.1371995238371,0,8,3,3,0,17,43,0,1,0,6,-1.01450039836345,0,1,0,0,0,21,43,210,1,0,0,402,114,10,-3.28387427248157,0,8,3,3,0,0,40,14,18,0,0,0,2,7,8,0,0,2,0,0,0,0,0,0,0,0,0,2,0,0,0,0,6,46,5,2,0,0,2,0,1,11,8,73,1,1,0,0,19,1,1,0,0,0,0,0,0,0,0,0,0,0,19,,,19,0,0,0,0,0,0,,0,0,0,0,0,3,0,51,131,0,0,0,0,0,3,5,0,126
2010,17,DAL,REG,2010_17_DAL_PHI,PHI,11,27,127,1,0,2,-14,0,0,120,74,5,-9.12011021997119,-20.4762229919434,0,4,3,3,0,34,159,0,0,0,9,2.26050301757641,0,7,4,1,0,11,25,127,1,0,0,120,74,5,-4.58125044805734,0,4,3,3,0,0,52,1,5,0,0,2,5,39,5,3,4,6,0,1,0,0,0,0,0,0,0,0,0,1,17,1,6,45,4,0,1,0,1,1,1,0,4,72,0,1,1,0,,0,0,0,0,0,0,0,0,0,0,0,1,0,,52,,0,52,0,2,2,0,0,1,0,0,0,0,0,8,0,63,357,2,1,1,1,2,3,31,0,306
2010,17,DEN,REG,2010_17_SD_DEN,LAC,16,36,205,2,2,3,-14,0,0,499,64,12,-4.06939490998047,-9.70880172082356,0,12,5,1,0,29,146,1,0,0,6,0.667754981928738,0,5,3,2,0,16,35,205,2,0,0,499,64,12,-0.301901180617278,0,12,5,1,0,1,59,2,6,0,0,2,5,30,7,1,31,8,0,0,0,0,0,0,0,0,0,0,0,0,0,0,5,45,3,0,0,0,0,0,0,0,6,227,0,0,0,0,,,0,0,0,0,0,0,0,0,0,0,0,0,,,,0,0,0,4,4,0,0,1,0,0,0,0,0,5,0,57,257,2,1,1,0,0,3,95,0,162
2010,17,DET,REG,2010_17_MIN_DET,MIN,28,39,258,1,1,1,-8,0,0,203,148,16,2.06493904959597,5.4099226076352,0,10,4,2,0,27,107,1,0,0,5,-2.38061627419665,0,2,2,1,0,28,38,258,1,1,1,203,148,16,-2.07915735902544,0,10,4,2,0,0,43,0,22,0,0,0,3,8,4,1,9,5,0,0,0,0,0,0,0,0,0,0,0,0,0,0,5,33,3,1,0,0,1,1,2,16,4,57,2,2,0,0,55,1,0,0,1,0,1,0,0,0,0,0,0,0,55;37,,,92,0,0,2,2,0,0,1,0,0,0,0,0,4,0,54,178,1,0,0,1,0,3,9,0,149
2010,17,GB,REG,2010_17_CHI_GB,CHI,19,28,229,1,1,2,-5,0,0,253,119,9,-0.718806212552271,3.81946148616927,0,8,4,4,1,23,60,0,1,0,3,-8.27301527850796,0,0,0,0,0,19,28,229,1,1,1,253,119,9,-2.28414987865835,0,8,4,4,1,0,45,5,11,0,0,0,6,51,8,2,24,9,0,0,0,0,0,0,0,0,0,1,-2,0,0,0,4,30,3,1,1,0,2,1,5,50,2,47,1,1,0,0,23,1,0,1,0,0,0,0,0,0,0,0,0,0,23,,,23,0,0,1,1,0,0,1,0,0,0,0,0,8,0,56,348,4,1,3,1,1,2,35,0,293
2010,17,HOU,REG,2010_17_JAX_HOU,JAX,18,22,253,1,0,0,0,0,0,161,160,9,15.5547944199088,15.9687699242072,0,8,6,5,1,37,244,3,0,0,12,3.23766486291516,0,5,5,3,1,18,22,253,1,0,0,161,160,9,15.5547944199088,0,8,6,5,1,0,32,19,23,0,0,1,2,16,10,1,1,1,0,0,0,0,0,0,0,0,0,0,0,1,0,0,5,48,3,0,0,0,0,0,3,26,4,85,2,2,0,0,33,1,0,1,1,0,0,0,0,0,0,0,0,0,26;33,,,59,0,0,4,4,0,0,1,0,0,0,0,0,3,0,54,116,1,1,1,0,0,1,3,0,113
2010,17,IND,REG,2010_17_TEN_IND,TEN,27,41,264,2,0,1,-7,0,0,330,100,14,4.9843896929846,0.842257607273939,0,12,5,2,0,25,101,0,1,1,5,-3.84335008997005,0,1,1,0,0,27,41,264,2,0,0,330,100,14,6.52656090815746,0,12,5,2,0,0,40,16,18,0,0,0,1,10,4,0,0,2,0,0,0,0,0,0,0,0,22,0,0,1,1,0,5,25,3,1,0,0,1,1,0,0,4,78,3,3,0,0,48,1,0,0,0,3,0,0,0,0,0,0,0,0,48;44;43,,,135,0,0,2,2,0,0,1,1,1,0,0,43,5,0,49,191,0,0,1,0,2,2,7,0,184
2010,17,JAX,REG,2010_17_JAX_HOU,HOU,12,25,140,1,1,2,-16,0,0,191,65,6,-8.88231206028645,-9.55709564685822,0,7,3,1,1,35,198,1,0,0,15,14.9198798543657,0,7,5,0,0,12,25,140,1,1,1,191,65,6,-9.00699607032201,0,7,3,1,1,0,31,24,26,0,0,0,0,0,0,0,0,0,0,0,0,0,0,0,0,0,0,0,0,0,0,0,2,15,3,1,0,0,1,1,1,3,5,123,1,2,1,0,39,0.5,0,0,1,0,0,0,0,0,0,1,0,0,39,46,,39,46,0,2,2,0,0,1,0,0,0,0,0,4,0,51,177,1,0,1,0,0,3,26,0,151
2010,17,KC,REG,2010_17_OAK_KC,LV,13,36,142,0,2,7,-56,0,0,248,77,8,-22.9098975080378,-21.8587769305005,0,7,4,0,0,29,115,1,0,0,7,-3.92385661712615,0,2,2,1,1,13,34,142,0,0,0,248,77,8,-12.0625403087433,0,7,4,0,0,0,45,11,19,0,0,1,4,25,9,0,0,1,0,1,0,0,0,0,0,0,0,1,0,1,0,0,5,39,2,0,1,0,1,0,3,20,5,83,1,1,0,0,30,1,0,0,1,0,0,0,0,0,0,0,0,0,30,,,30,0,0,1,1,0,0,1,0,0,0,0,0,6,0,50,226,3,1,1,0,1,3,0,0,226
2010,17,LA,REG,2010_17_STL_SEA,SEA,19,36,155,0,1,3,-18,1,0,262,122,8,-11.7096468905087,-11.1386326381138,0,9,1,1,0,15,47,0,0,0,1,-5.02321874030167,0,1,1,0,0,19,35,155,0,0,0,262,122,8,-9.1140896759329,0,9,1,1,0,0,48,13,15,0,0,1,0,0,4,0,0,0,0,0,0,0,0,0,0,0,0,1,0,1,0,0,6,46,4,1,0,0,1,0,1,9,5,79,2,2,0,0,32,1,0,1,1,0,0,0,0,0,0,0,0,0,32;27,,,59,0,0,0,0,0,0,,0,0,0,0,0,9,0,59,396,2,1,1,0,1,6,25,0,371
2010,17,LAC,REG,2010_17_SD_DEN,DEN,21,37,313,0,1,5,-30,0,0,440,113,14,3.83749567828313,-0.290859551043124,0,15,12,4,1,31,164,3,2,0,6,4.84881619439693,0,5,4,3,0,21,37,313,0,0,0,440,113,14,10.3985082897736,0,15,12,4,1,0,45,0,4,0,0,0,3,14,4,2,28,3,0,0,0,0,0,0,0,0,0,3,0,0,0,0,3,32,4,2,1,0,3,0,3,95,4,122,4,5,1,0,47,0.8,0,0,1,3,0,0,0,0,0,0,1,0,42;45;47;37,53,,171,53,0,3,3,0,0,1,0,0,0,0,0,4,0,59,180,1,1,1,2,0,0,0,0,140
2010,17,LV,REG,2010_17_OAK_KC,KC,16,26,160,1,0,4,-25,0,0,247,91,9,3.84982538497862,9.94498157501221,0,5,3,2,0,37,209,2,1,1,10,2.38713500526501,0,8,6,3,0,16,25,160,1,0,0,247,91,9,7.02508054912323,0,5,3,2,0,0,47,7,11,0,0,0,7,56,15,2,39,8,1,0,0,0,0,0,0,0,0,0,0,0,0,0,10,77,4,1,0,0,1,1,3,0,3,50,1,1,0,0,38,1,0,0,1,0,0,0,0,0,0,0,0,0,38,,,38,0,0,4,4,0,0,1,0,0,0,0,0,5,0,60,234,1,1,1,0,0,3,20,0,214
2010,17,MIA,REG,2010_17_MIA_NE,NE,16,37,240,1,1,5,-34,0,0,381,87,10,-4.94063177346327,-14.3684682813851,0,10,6,5,0,16,44,0,1,1,4,-7.94039293989772,0,1,0,0,0,16,37,240,1,0,0,381,87,10,2.2618007281322,0,10,6,5,0,0,44,17,17,0,0,1,0,0,5,0,0,2,0,0,0,0,0,0,0,0,0,0,0,1,0,0,5,40,5,1,0,0,1,1,0,0,7,137,0,1,1,0,,0,0,0,0,0,0,0,0,0,0,1,0,0,,40,,0,40,0,1,1,0,0,1,0,0,0,0,0,6,0,61,288,4,0,0,0,2,4,112,1,176
2010,17,MIN,REG,2010_17_MIN_DET,DET,20,32,145,0,1,3,-8,0,0,253,77,8,-4.68384977112828,-4.63548172265291,0,5,2,2,0,24,74,0,0,0,7,-3.22973976752837,0,2,1,0,0,20,32,145,0,0,0,253,77,8,-1.62230638269391,0,5,2,2,0,0,49,1,23,0,0,1,1,8,3,1,36,5,1,0,0,0,0,0,0,0,0,0,0,1,0,0,4,25,4,0,0,0,0,0,3,9,5,122,2,2,0,0,48,1,0,1,0,1,0,0,0,0,0,0,0,0,27;48,,,75,0,0,1,1,0,0,1,0,0,0,0,0,5,0,51,215,2,0,3,0,0,2,16,0,199
2010,17,NE,REG,2010_17_MIA_NE,MIA,17,29,321,3,0,0,0,0,0,222,183,15,21.6456778312739,-2.06868150110902,0,13,9,6,3,45,181,1,1,1,7,-9.9417082691798,0,4,2,0,0,17,29,321,3,0,0,222,183,15,21.6456778312739,0,13,9,6,3,1,34,6,6,0,0,1,5,34,8,1,0,5,0,0,0,0,0,0,0,0,0,0,0,1,0,0,5,72,4,1,0,0,1,1,4,112,1,23,1,1,0,0,28,1,0,1,0,0,0,0,0,0,0,0,0,0,28,,,28,0,0,5,5,0,0,1,0,0,0,0,0,2,0,49,96,1,0,0,0,2,0,0,0,96
2010,17,NO,REG,2010_17_TB_NO,TB,24,41,212,1,1,3,-13,1,1,287,112,11,1.83872992865062,-4.40497718751431,0,9,5,2,0,22,106,0,2,1,6,-8.92039186810143,0,4,1,1,0,24,40,212,1,0,0,287,112,11,8.17495308946835,0,9,5,2,0,0,43,7,7,0,0,2,3,22,3,0,0,4,0,0,0,0,0,0,0,0,0,1,-11,2,0,0,5,45,4,2,1,0,3,2,1,7,6,142,2,2,0,0,45,1,0,0,1,1,0,0,0,0,0,0,0,0,45;38,,,83,0,0,1,1,0,0,1,0,0,0,0,0,3,0,39,113,1,1,0,1,0,1,4,0,89
2010,17,NYG,REG,2010_17_NYG_WAS,WAS,17,29,243,1,1,0,0,0,0,275,124,9,5.7682414433252,-1.09219222233213,0,8,4,2,1,32,82,1,0,0,4,-9.41063666266917,0,3,2,1,0,17,29,243,1,0,0,275,124,9,5.7682414433252,0,8,4,2,1,0,34,11,25,0,0,3,2,18,5,1,6,6,0,0,0,0,0,0,0,0,0,0,0,3,0,0,2,24,3,0,0,0,0,0,2,24,2,36,1,2,1,0,20,0.5,0,1,0,0,0,0,0,0,1,0,0,0,20,39,,20,39,0,2,2,0,0,1,0,0,0,0,0,7,0,53,291,2,1,2,1,0,3,73,0,198
2010,17,NYJ,REG,2010_17_BUF_NYJ,BUF,8,15,119,2,1,1,-7,0,0,173,27,7,-1.75360168522457,4.61849550406138,0,3,3,1,1,50,276,2,0,0,10,0.933704449892891,0,6,5,2,1,8,15,119,2,0,0,173,27,7,-0.462896072131116,0,3,3,1,1,0,33,8,8,0,0,3,3,5,10,4,91,11,1,0,0,0,0,0,0,0,0,0,0,2,2,0,3,25,2,0,0,0,0,0,4,46,2,15,1,1,0,0,28,1,0,1,0,0,0,0,0,0,0,0,0,0,28,,,28,0,0,5,5,0,0,1,0,0,0,0,0,6,0,49,248,4,0,1,0,3,2,44,0,204
2010,17,PHI,REG,2010_17_DAL_PHI,DAL,18,36,162,1,3,5,-39,1,1,386,56,6,-16.8909047048073,-6.77943286650321,0,4,3,2,1,28,121,0,1,0,6,-1.39956940817074,0,3,1,1,0,18,34,162,1,0,0,386,56,6,-5.75886116409674,0,4,3,2,1,0,48,0,2,0,0,0,2,14,5,0,0,3,0,0,0,0,0,0,0,0,0,1,0,1,0,0,4,40,5,2,0,0,2,1,3,31,2,48,2,2,0,0,43,1,0,1,0,1,0,0,0,0,0,0,0,0,43;22,,,65,0,0,1,1,0,0,1,0,0,0,0,0,7,0,55,268,3,2,2,0,2,1,0,0,268
2010,17,PIT,REG,2010_17_PIT_CLE,CLE,21,30,325,3,0,2,-7,0,0,191,192,17,25.1452854633351,9.04673010110855,0,12,8,5,2,30,100,2,0,0,6,2.39439544000197,0,1,0,0,0,21,30,325,3,0,0,191,192,17,27.9494541617923,0,12,8,5,2,0,43,7,7,0,0,2,4,28,5,3,22,7,0,0,0,0,0,0,0,0,0,0,0,0,0,0,3,25,3,0,0,0,0,0,3,5,2,36,2,2,0,0,41,1,0,1,0,1,0,0,0,0,0,0,0,0,41;24,,,65,0,0,5,5,0,0,1,0,0,0,0,0,2,0,59,112,0,0,0,1,0,1,11,0,81
2010,17,SEA,REG,2010_17_STL_SEA,LA,22,36,192,1,0,0,0,0,0,227,121,9,-0.518380713998278,1.43259316682816,0,5,2,1,1,35,141,0,0,0,8,-4.25230247121542,0,4,4,2,0,22,34,192,1,1,1,227,121,9,-3.30377253764437,0,5,2,1,1,0,26,15,23,0,0,1,3,18,6,1,0,7,0,1,0,0,0,0,0,0,0,0,0,0,0,0,7,70,5,1,1,1,2,1,6,25,3,62,3,3,0,0,38,1,0,0,3,0,0,0,0,0,0,0,0,0,31;38;34,,,103,0,0,1,1,0,0,1,0,0,0,0,0,7,0,40,243,4,0,2,0,4,1,9,0,234
2010,17,SF,REG,2010_17_ARI_SF,ARI,15,29,276,2,0,2,-14,0,0,362,104,11,6.39902482714005,-6.58765404388822,0,11,8,5,1,25,100,2,0,0,4,-1.77782336837845,0,1,1,1,0,15,29,276,2,0,0,362,104,11,8.94443196570501,0,11,8,5,1,0,56,0,22,0,0,2,6,41,9,2,94,10,1,1,0,0,0,0,0,0,0,1,0,0,0,0,5,25,4,0,1,0,1,0,1,0,2,43,1,1,0,0,39,1,0,0,1,0,0,0,0,0,0,0,0,0,39,,,39,0,0,5,5,0,0,1,0,0,0,0,0,7,0,53,266,3,0,2,1,1,3,17,0,229
2010,17,TB,REG,2010_17_TB_NO,NO,21,27,255,2,0,3,-22,1,1,185,151,11,11.6852758233625,13.3410744093083,0,10,4,3,1,24,84,0,0,0,5,-3.20975813432597,0,3,2,0,0,21,27,255,2,1,1,185,151,11,9.84490808567061,0,10,4,3,1,0,49,7,7,0,0,2,3,13,3,1,4,7,0,0,0,0,0,0,0,0,0,0,0,2,0,0,7,54,6,2,0,0,2,2,1,4,3,108,3,3,0,0,48,1,0,0,1,2,0,0,0,0,0,0,0,0,43;32;48,,,123,0,0,2,2,0,0,1,0,0,0,0,0,1,0,46,46,0,0,0,0,0,1,7,0,39
2010,17,TEN,REG,2010_17_TEN_IND,IND,28,39,300,2,0,1,-10,0,0,261,145,14,15.5602780867825,8.39892205519554,0,10,7,3,0,24,51,0,1,1,3,-11.3191733939457,0,1,1,0,0,28,39,300,2,0,0,261,145,14,17.2419150395776,0,10,7,3,0,0,46,11,11,0,0,1,1,7,3,0,0,5,0,0,0,0,0,0,0,0,0,0,-3,1,20,0,7,58,3,0,1,0,1,1,2,7,4,119,2,3,1,0,42,0.666666666666667,0,1,0,1,0,0,0,0,0,0,0,1,26;42,61,,68,61,0,2,2,0,0,1,0,0,0,0,0,5,0,48,211,2,2,0,0,3,0,0,0,211
2010,17,WAS,REG,2010_17_NYG_WAS,NYG,26,44,336,2,1,2,-18,2,2,353,161,14,-1.95599942351691,-4.43491299044002,0,11,8,4,1,20,67,0,0,0,5,-6.90144340395618,0,2,2,0,0,26,44,336,2,1,1,353,161,14,2.52844925306272,0,11,8,4,1,0,24,12,36,0,0,0,0,0,3,1,8,7,0,0,0,0,0,0,0,0,0,0,0,0,0,0,4,25,4,3,0,0,3,3,3,73,4,82,0,1,1,0,,0,0,0,0,0,0,0,0,0,1,0,0,0,,30,,0,30,0,2,2,0,0,1,0,0,0,0,0,4,0,45,174,1,1,0,1,0,2,24,0,130
2010,18,BAL,POST,2010_18_BAL_KC,KC,25,34,265,2,0,4,-17,1,1,193,150,19,11.844888142732,11.6730691755519,0,13,3,3,0,40,142,1,1,0,4,-1.1848509988049,0,3,3,1,0,25,34,265,2,0,0,193,150,19,20.3510351775475,0,13,3,3,0,0,30,3,7,0,0,2,3,17,6,3,12,3,0,1,0,0,0,0,0,0,0,1,0,2,0,0,2,20,2,2,1,0,3,2,0,0,1,29,3,3,0,0,29,1,1,2,0,0,0,0,0,0,0,0,0,0,19;29;29,,,77,0,0,3,3,0,0,1,0,0,0,0,0,2,0,36,62,2,1,0,0,1,0,0,0,62
2010,18,GB,POST,2010_18_GB_PHI,PHI,18,27,180,3,0,2,-9,1,1,221,110,13,8.91253425451578,5.87516967897062,0,8,3,1,0,32,138,0,2,0,6,-0.0938768907217309,0,3,3,1,0,18,27,180,3,0,0,221,110,13,13.8035334415326,0,8,3,1,0,0,47,0,2,0,0,1,3,21,3,1,9,3,0,1,0,0,0,0,0,0,0,2,0,0,0,0,2,15,3,2,2,0,4,2,3,18,3,44,0,0,0,0,,,0,0,0,0,0,0,0,0,0,0,0,0,,,,0,0,0,3,3,0,0,1,0,0,0,0,0,4,0,48,146,1,1,0,0,1,2,15,0,131
2010,18,IND,POST,2010_18_NYJ_IND,NYJ,18,26,225,1,0,1,-6,0,0,220,113,11,8.98418040171207,3.19821100968581,0,11,3,3,1,27,93,0,0,0,5,-5.83015963976308,0,1,1,0,0,18,26,225,1,0,0,220,113,11,9.32911830505297,0,11,3,3,1,0,44,16,16,0,0,1,1,5,5,1,23,2,0,0,0,0,0,0,0,0,0,0,0,0,0,0,2,10,4,0,0,0,0,0,0,0,2,44,3,3,0,0,50,1,0,0,1,1,1,0,0,0,0,0,0,0,47;32;50,,,129,0,0,1,1,0,0,1,0,0,0,0,0,4,0,46,153,1,0,1,0,2,1,15,0,138
2010,18,KC,POST,2010_18_BAL_KC,BAL,9,18,70,0,3,3,-17,0,0,185,40,2,-8.75401519460138,-5.41015584021807,0,2,1,1,0,19,108,1,1,1,6,-5.38827627745923,0,4,1,1,1,9,16,70,0,1,1,185,40,2,-5.78357772459276,0,2,1,1,0,0,54,2,26,0,0,2,4,17,7,0,0,6,0,0,0,0,0,0,0,0,0,0,0,2,0,0,5,40,2,2,0,0,2,2,0,0,4,83,0,0,0,0,,,0,0,0,0,0,0,0,0,0,0,0,0,,,,0,0,0,1,1,0,0,1,0,0,0,0,0,3,0,54,153,1,0,0,2,1,0,0,0,113
2010,18,NO,POST,2010_18_NO_SEA,SEA,39,60,404,2,0,1,-7,0,0,404,193,22,15.0287720366571,4.37597203672978,0,17,8,3,1,22,77,2,2,1,7,-4.66455323832622,0,1,1,0,0,39,57,404,2,0,0,404,193,22,19.0522722393464,0,17,8,3,1,0,34,13,15,0,0,0,2,7,4,1,10,4,0,0,0,0,0,0,0,0,0,1,1,0,0,0,7,39,6,1,1,0,2,1,2,11,7,130,3,3,0,0,26,1,0,3,0,0,0,0,0,0,0,0,0,0,26;22;21,,,69,0,0,3,3,0,0,1,0,0,0,0,0,4,0,55,191,0,1,0,0,2,1,12,0,179
2010,18,NYJ,POST,2010_18_NYJ_IND,IND,18,31,189,0,1,1,-5,0,0,307,93,12,-0.42599676059184,-2.03593647287738,0,11,3,2,0,38,169,2,0,0,10,5.5449344200897,0,3,1,1,0,18,31,189,0,1,0,307,91,12,0.726451505221451,0,11,3,2,0,0,34,12,14,0,0,0,1,6,1,0,0,3,0,0,0,0,0,0,0,0,0,1,0,0,0,0,3,15,4,1,0,0,1,0,1,15,4,132,1,1,0,0,32,1,0,0,1,0,0,0,0,0,0,0,0,0,32,,,32,0,0,2,2,0,0,1,1,1,0,0,32,5,0,65,252,1,0,0,4,1,0,0,0,172
2010,18,PHI,POST,2010_18_GB_PHI,GB,20,36,292,1,1,3,-21,0,0,324,150,12,2.51056449404449,-6.95178355489458,0,14,9,4,1,21,81,1,0,0,6,1.90026702997319,0,2,1,0,0,20,35,292,1,1,0,324,150,12,8.38079712718489,0,14,9,4,1,0,50,2,4,0,0,2,2,9,2,0,0,1,0,0,0,0,0,0,0,0,0,1,0,2,0,0,7,50,5,1,0,0,1,0,2,15,3,55,1,3,2,0,29,0.333333333333333,0,1,0,0,0,0,0,0,1,1,0,0,29,41;34,,29,75,0,1,1,0,0,1,0,0,0,0,0,4,0,52,163,1,0,1,0,0,3,18,0,145
2010,18,SEA,POST,2010_18_NO_SEA,NO,22,35,272,4,1,2,-7,0,0,252,105,13,7.46926604208868,-2.47363226754325,0,12,4,3,1,24,150,1,0,0,4,2.33015882872875,0,2,1,1,1,22,35,272,4,0,0,252,105,13,9.57801625281438,0,12,4,3,1,0,50,9,21,0,0,1,1,7,4,0,0,7,0,0,0,0,0,0,0,0,0,0,0,1,0,0,6,39,4,0,0,0,0,0,1,12,5,97,2,2,0,0,39,1,0,1,1,0,0,0,0,0,0,0,0,0,29;39,,,68,0,0,5,5,0,0,1,0,0,0,0,0,4,0,52,155,3,0,0,0,2,2,11,0,144
2010,19,ATL,POST,2010_19_GB_ATL,GB,20,29,186,1,2,5,-37,0,0,271,42,9,-7.77439701033291,5.60971950662547,0,10,3,2,0,14,45,1,1,1,2,-4.58807985734893,0,1,1,0,0,20,29,186,1,1,1,271,42,9,-7.38475083361846,0,10,3,2,0,1,47,2,20,0,0,1,2,20,5,0,0,1,0,0,0,0,0,0,0,0,0,0,-1,1,-2,0,7,32,3,1,1,0,2,2,0,0,8,232,0,0,0,0,,,0,0,0,0,0,0,0,0,0,0,0,0,,,,0,0,0,3,3,0,0,1,0,0,0,0,0,3,0,57,111,1,1,0,0,2,0,0,0,111
2010,19,BAL,POST,2010_19_BAL_PIT,PIT,16,30,125,1,1,5,-34,0,0,205,85,8,-9.65548196647264,-9.76235071818034,0,5,3,1,0,18,35,1,1,1,2,-7.79297978879185,0,1,1,0,0,16,30,125,1,1,1,205,85,8,-5.41039542018383,0,5,3,1,0,0,35,13,35,0,0,2,6,34,8,0,0,5,0,0,0,0,0,0,0,0,0,0,0,2,13,1,6,74,4,1,1,0,2,2,2,37,6,117,1,1,0,0,24,1,0,1,0,0,0,0,0,0,0,0,0,0,24,,,24,0,0,3,3,0,0,1,0,0,0,0,0,4,0,61,215,2,0,0,1,0,3,22,0,173
2010,19,CHI,POST,2010_19_SEA_CHI,SEA,15,29,274,2,1,3,-13,1,0,263,135,10,1.17297689430416,-8.50883783965275,0,9,7,5,1,45,176,3,0,0,11,7.33999421203043,0,3,1,1,0,15,29,274,2,1,0,263,135,10,5.03245651791804,0,9,7,5,1,0,39,4,6,0,0,0,2,16,4,0,0,6,0,0,0,0,0,0,0,0,0,1,0,0,0,0,8,71,3,2,0,1,2,0,2,30,3,24,0,0,0,0,,,0,0,0,0,0,0,0,0,0,0,0,0,,,,0,0,0,5,5,0,0,1,0,0,0,0,0,5,0,47,195,3,0,3,0,1,1,11,0,184
2010,19,GB,POST,2010_19_GB_ATL,ATL,31,36,366,3,0,2,-20,0,0,242,147,18,30.5983675750599,18.9335010117955,0,13,8,7,0,31,96,2,0,0,7,-2.64835968052939,0,3,3,0,0,31,36,366,3,1,1,242,147,18,29.3507429594066,0,13,8,7,0,0,33,2,16,0,0,1,5,37,6,2,70,2,1,0,0,0,0,0,0,0,0,0,0,2,0,0,6,65,3,1,0,0,1,1,0,0,2,20,2,3,1,0,43,0.666666666666667,0,0,1,1,0,0,0,0,0,0,1,0,43;32,50,,75,50,0,6,6,0,0,1,0,0,0,0,0,0,0,,0,0,0,0,0,0,0,0,0,0
2010,19,NE,POST,2010_19_NYJ_NE,NYJ,29,45,299,2,1,5,-40,1,0,306,177,19,-6.41996988893551,-0.524245235655043,0,12,4,2,0,28,113,0,2,0,6,2.92238190081855,1,3,0,0,0,29,45,299,2,0,0,306,177,19,2.42905530900779,0,12,4,2,0,0,35,10,10,0,0,0,0,0,0,0,0,2,0,0,0,0,0,0,0,0,0,3,-1,0,0,0,6,44,5,2,1,0,3,0,2,42,5,108,2,2,0,0,35,1,0,0,2,0,0,0,0,0,0,0,0,0,34;35,,,69,0,0,1,1,0,0,1,0,0,0,0,0,4,0,55,188,0,0,1,1,0,2,4,0,164
2010,19,NYJ,POST,2010_19_NYJ_NE,NE,16,25,194,3,0,0,0,0,0,193,108,8,11.6066073792172,0.76620888710022,0,4,3,2,1,29,120,1,1,0,5,-2.7494682718735,0,3,3,1,0,16,25,194,3,0,0,193,108,8,11.6066073792172,0,4,3,2,1,0,51,14,14,0,0,2,5,40,7,1,58,2,0,0,0,0,0,0,0,0,0,1,-1,0,0,0,3,35,1,0,1,0,1,0,2,4,4,103,0,1,1,0,,0,0,0,0,0,0,0,0,0,1,0,0,0,,30,,0,30,0,4,4,0,0,1,0,0,0,0,0,6,0,45,216,1,1,0,2,1,2,42,0,134
2010,19,PIT,POST,2010_19_BAL_PIT,BAL,19,32,226,2,0,6,-34,1,1,348,84,11,-0.655340678304217,1.65715259499848,0,10,3,2,1,31,71,2,1,1,7,-6.56684260786278,0,1,1,0,0,19,32,226,2,0,0,348,84,11,12.2479735925484,0,10,3,2,1,0,29,12,16,0,0,1,5,34,4,1,17,7,0,0,0,0,0,0,0,0,0,0,0,2,0,0,9,93,4,2,0,0,2,2,3,22,5,101,1,2,1,0,35,0.5,0,0,1,0,0,0,0,0,0,1,0,0,35,43,,35,43,0,4,4,0,0,1,0,0,0,0,0,4,0,55,194,1,0,1,1,0,2,37,0,137
2010,19,SEA,POST,2010_19_SEA_CHI,CHI,26,46,258,3,0,2,-16,0,0,377,87,14,3.43577812675586,-2.47170507907867,0,11,4,2,1,12,34,0,1,0,1,-3.51568010402843,0,1,1,0,0,26,46,258,3,0,0,377,87,14,5.72241359919509,0,11,4,2,1,0,58,3,7,0,0,2,3,13,4,1,23,4,0,0,0,0,0,0,0,0,0,1,-2,0,0,0,3,20,4,0,1,0,1,0,1,11,5,143,1,1,0,0,30,1,0,0,1,0,0,0,0,0,0,0,0,0,30,,,30,0,0,3,3,0,0,1,0,0,0,0,0,9,0,42,315,1,2,2,0,3,2,30,0,285
2010,20,CHI,POST,2010_20_GB_CHI,GB,19,38,233,1,3,2,-15,1,0,351,117,11,-10.945897181402,-6.43049043578071,0,10,5,4,0,24,83,1,0,0,5,-1.58786681015044,0,3,1,0,0,19,37,233,1,0,0,351,117,11,-7.50425818067743,0,10,5,4,0,0,45,10,10,0,0,1,1,8,4,2,43,2,0,0,0,0,0,0,0,0,0,1,0,0,0,0,9,89,3,1,0,0,1,0,4,38,4,63,0,0,0,0,,,0,0,0,0,0,0,0,0,0,0,0,0,,,,0,0,0,2,2,0,0,1,0,0,0,0,0,9,0,48,334,2,2,3,1,0,3,13,0,301
2010,20,GB,POST,2010_20_GB_CHI,CHI,17,30,244,0,2,1,-8,0,0,336,57,11,-2.86991675256286,0.636565784613291,0,10,8,7,0,32,120,2,0,0,9,-0.662802532955539,0,6,4,1,0,17,30,244,0,0,0,336,57,11,-0.639129416551441,0,10,8,7,0,0,48,5,5,0,0,1,2,15,6,3,58,3,1,2,0,0,0,0,0,0,0,2,0,0,0,0,6,40,2,1,1,0,2,0,3,13,3,44,0,0,0,0,,,0,0,0,0,0,0,0,0,0,0,0,0,,,,0,0,0,3,3,0,0,1,0,0,0,0,0,8,0,65,334,5,1,2,1,0,4,38,0,276
2010,20,NYJ,POST,2010_20_NYJ_PIT,PIT,20,33,233,2,0,2,-14,1,1,308,76,12,4.40317266008179,-0.18237287347967,0,8,6,2,1,22,70,0,1,0,2,-6.41934169537853,0,2,2,1,0,20,33,233,2,0,0,308,76,12,12.0219647941861,0,8,6,2,1,0,37,15,19,0,0,0,2,12,2,2,10,5,0,0,1,0,0,0,0,0,0,1,-8,0,0,0,6,50,5,1,1,0,2,1,0,0,5,51,1,1,0,0,42,1,0,0,0,1,0,0,0,0,0,0,0,0,42,,,42,0,0,2,2,0,0,1,0,0,0,0,0,4,0,53,146,1,2,0,0,0,2,10,0,136
2010,20,PIT,POST,2010_20_NYJ_PIT,NYJ,10,19,133,0,2,2,-12,0,0,226,55,9,0.309983343320396,-4.65346998290012,0,6,3,2,0,43,166,2,2,0,10,-1.16611825299333,0,4,3,1,0,10,19,133,0,0,0,226,55,9,2.94518913185826,0,6,3,2,0,0,33,13,19,0,0,1,2,14,4,0,0,4,0,1,0,0,0,0,0,0,0,2,-2,1,19,1,4,25,2,0,3,1,3,0,2,10,4,70,1,1,0,0,20,1,0,1,0,0,0,0,0,0,0,0,0,0,20,,,20,0,0,3,3,0,0,1,0,0,0,0,0,1,0,38,38,1,0,0,0,1,0,0,0,38
2010,21,GB,POST,2010_21_PIT_GB,PIT,24,39,304,3,0,3,-16,0,0,392,86,11,9.73412712150085,2.13140600766891,0,12,8,6,0,13,50,0,0,0,4,-3.67489941592794,0,2,2,0,0,24,39,304,3,0,0,392,86,11,14.2043165122049,0,12,8,6,0,0,49,2,12,0,0,1,1,2,5,2,38,5,1,1,0,0,0,0,0,0,0,1,0,1,7,0,7,67,3,0,1,0,1,0,1,0,3,63,1,1,0,0,23,1,0,1,0,0,0,0,0,0,0,0,0,0,23,,,23,0,0,4,4,0,0,1,0,0,0,0,0,6,0,51,243,1,0,0,1,1,4,5,0,218
2010,21,PIT,POST,2010_21_PIT_GB,GB,25,40,263,2,2,1,-2,0,0,388,109,11,-3.49154894280964,5.71184009313583,0,12,4,2,0,23,126,1,1,1,8,2.26437494803406,1,4,4,0,0,25,39,263,2,0,0,388,109,11,-2.31723342136104,0,12,4,2,0,0,36,0,6,0,0,0,3,16,8,0,0,1,0,0,0,0,0,0,0,0,0,0,0,0,0,0,6,55,4,1,0,0,1,1,4,5,6,111,1,2,1,0,33,0.5,0,0,1,0,0,0,0,0,0,0,1,0,33,52,,33,52,0,2,2,0,0,1,0,0,0,0,0,3,0,56,153,0,0,1,1,0,1,0,0,133
