season,week,team,season_type,game_id,opponent_team,completions,attempts,passing_yards,passing_tds,passing_interceptions,sacks_suffered,sack_yards_lost,sack_fumbles,sack_fumbles_lost,passing_air_yards,passing_yards_after_catch,passing_first_downs,passing_epa,passing_cpoe,passing_2pt_conversions,passing_10,passing_16,passing_20,passing_40,carries,rushing_yards,rushing_tds,rushing_fumbles,rushing_fumbles_lost,rushing_first_downs,rushing_epa,rushing_2pt_conversions,rushing_10,rushing_12,rushing_20,rushing_40,receptions,targets,receiving_yards,receiving_tds,receiving_fumbles,receiving_fumbles_lost,receiving_air_yards,receiving_yards_after_catch,receiving_first_downs,receiving_epa,receiving_2pt_conversions,receiving_10,receiving_16,receiving_20,receiving_40,special_teams_tds,def_tackles_solo,def_tackles_with_assist,def_tackle_assists,def_tackles_for_loss,def_tackles_for_loss_yards,def_fumbles_forced,def_sacks,def_sack_yards,def_qb_hits,def_interceptions,def_interception_yards,def_pass_defended,def_tds,def_fumbles,def_safeties,def_punt_blocks,def_pat_blocks,def_fg_blocks,def_2pt_atts,def_2pt_made,misc_yards,fumble_recovery_own,fumble_recovery_yards_own,fumble_recovery_opp,fumble_recovery_yards_opp,fumble_recovery_tds,penalties,penalty_yards,timeouts,fumbles_forced_by_opp,fumbles_not_forced,fumbles_out_of_bounds,fumbles_total,fumbles_lost_total,punt_returns,punt_return_yards,kickoff_returns,kickoff_return_yards,fg_made,fg_att,fg_missed,fg_blocked,fg_long,fg_pct,fg_made_0_19,fg_made_20_29,fg_made_30_39,fg_made_40_49,fg_made_50_59,fg_made_60_,fg_missed_0_19,fg_missed_20_29,fg_missed_30_39,fg_missed_40_49,fg_missed_50_59,fg_missed_60_,fg_made_list,fg_missed_list,fg_blocked_list,fg_made_distance,fg_missed_distance,fg_blocked_distance,pat_made,pat_att,pat_missed,pat_blocked,pat_pct,gwfg_made,gwfg_att,gwfg_missed,gwfg_blocked,gwfg_distance,pt_att,pt_blocked,pt_long,pt_yards,pt_inside_20,pt_out_of_bounds,pt_downed,pt_touchback,pt_fair_caught,pt_returned,pt_return_yards,pt_return_tds,pt_net_yards
2005,1,ARI,REG,2005_01_ARI_NYG,NYG,32,56,316,1,2,3,-29,0,0,0,316,17,-5.46280382728476,,0,15,6,2,0,21,31,0,0,0,2,-7.50106815883679,0,1,1,0,0,32,0,316,1,0,0,0,0,17,24.9783669216414,0,15,6,2,0,0,27,16,16,0,0,0,3,18,0,2,20,4,1,0,0,0,0,0,0,0,0,0,0,0,0,0,10,53,5,0,0,0,0,0,1,-5,7,180,2,2,0,0,42,1,0,1,0,1,0,0,0,0,0,0,0,0,24;42,,,66,0,0,1,1,0,0,1,0,0,0,0,0,7,0,53,312,1,0,0,1,0,6,88,1,204
2005,1,ATL,REG,2005_01_PHI_ATL,PHI,12,23,156,0,1,4,-37,3,2,0,156,6,-14.0459442946012,,0,4,4,2,1,40,200,2,0,0,11,2.7905043468927,0,6,5,2,0,12,0,156,0,0,0,0,0,6,8.55474827223225,0,4,4,2,1,0,41,3,3,0,0,1,2,7,0,1,38,4,0,0,0,0,0,0,0,0,0,0,0,2,0,0,7,88,3,3,0,1,3,2,2,0,2,53,0,0,0,0,,,0,0,0,0,0,0,0,0,0,0,0,0,,,,0,0,0,2,2,0,0,1,0,0,0,0,0,7,0,59,281,1,1,1,1,1,3,28,0,233
2005,1,BAL,REG,2005_01_IND_BAL,IND,34,54,355,1,3,3,-31,1,1,0,355,17,-11.0123632272101,,0,17,5,4,0,21,77,0,0,0,5,-1.6260489061242,0,3,3,2,0,34,0,355,1,0,0,0,0,17,21.8701934631485,0,18,4,3,0,0,34,14,14,0,0,0,0,0,0,0,0,5,0,0,0,0,0,0,0,0,0,1,0,0,0,0,8,45,3,1,1,0,2,1,3,51,4,78,0,3,3,0,,0,0,0,0,0,0,0,0,0,1,2,0,0,,38;47;45,,0,130,0,1,1,0,0,1,0,0,0,0,0,4,0,45,159,0,0,0,0,3,1,0,0,159
2005,1,BUF,REG,2005_01_HOU_BUF,HOU,17,28,170,1,0,1,-6,0,0,0,170,10,0.162420313743505,,0,6,3,1,1,36,152,0,0,0,7,-5.8196721762196,0,6,4,0,0,17,0,170,1,0,0,0,0,10,11.7091932996962,0,6,3,1,1,0,26,11,21,0,0,2,5,45,0,3,22,5,0,0,0,0,0,0,0,0,0,0,0,2,0,0,10,71,4,0,0,0,0,0,2,19,2,32,5,5,0,0,42,1,0,1,3,1,0,0,0,0,0,0,0,0,35;21;42;39;31,,,168,0,0,1,1,0,0,1,0,0,0,0,0,5,0,58,203,1,1,0,2,1,1,6,0,157
2005,1,CAR,REG,2005_01_NO_CAR,NO,19,31,212,1,2,1,-3,1,1,0,212,10,0.359754775944658,,0,7,4,4,0,25,141,1,0,0,5,4.04336933008744,0,3,3,1,0,19,0,212,1,0,0,0,0,10,15.7435590573004,0,7,4,4,0,0,43,5,17,0,0,0,0,0,0,0,0,2,0,0,0,0,0,0,0,0,0,1,0,2,0,0,11,84,3,1,2,0,3,2,0,0,5,76,2,2,0,0,46,1,0,0,1,1,0,0,0,0,0,0,0,0,39;46,,,85,0,0,2,2,0,0,1,0,0,0,0,0,1,0,35,35,0,0,0,0,0,1,0,0,35
2005,1,CHI,REG,2005_01_CHI_WAS,WAS,15,28,141,0,1,3,-16,2,1,0,141,9,-3.53556561848382,,0,6,2,2,0,18,41,1,0,0,2,-5.4795295498916,0,0,0,0,0,15,0,141,0,0,0,0,0,9,14.4550006351201,0,6,2,2,0,0,52,3,11,0,0,4,3,16,0,1,3,3,0,1,0,0,0,0,0,0,0,2,0,2,0,0,8,86,3,2,1,0,3,1,2,-3,4,70,0,0,0,0,,,0,0,0,0,0,0,0,0,0,0,0,0,,,,0,0,0,1,1,0,0,1,0,0,0,0,0,7,0,49,292,3,1,2,0,2,2,5,0,287
2005,1,CIN,REG,2005_01_CIN_CLE,CLE,26,34,280,2,1,2,-8,1,1,0,280,15,3.98515087837947,,0,12,4,3,0,32,148,1,0,0,9,2.77742270933231,0,2,1,0,0,26,0,280,2,1,0,0,0,15,21.0356931388378,0,12,4,3,0,0,33,18,18,0,0,2,0,0,0,2,30,6,0,0,0,0,0,0,0,0,0,0,0,1,0,0,5,40,4,2,0,1,2,1,2,18,4,108,2,2,0,0,32,1,0,1,1,0,0,0,0,0,0,0,0,0,32;23,,,55,0,0,3,3,0,0,1,0,0,0,0,0,3,0,57,142,0,0,0,1,0,2,20,0,102
2005,1,CLE,REG,2005_01_CIN_CLE,CIN,26,43,278,1,2,0,0,0,0,0,278,14,-7.21723199838971,,0,8,4,2,1,18,95,0,2,1,2,-3.92665483022574,0,2,2,1,0,26,0,278,1,0,0,0,0,14,16.8647535201104,0,8,4,2,1,0,34,29,29,0,0,2,2,8,0,1,0,6,0,0,0,0,0,0,0,0,0,2,0,1,6,0,7,56,5,2,1,0,3,1,2,20,6,133,2,2,0,0,34,1,0,1,1,0,0,0,0,0,0,0,0,0,29;34,,,63,0,0,1,1,0,0,1,0,0,0,0,0,2,0,56,91,0,0,0,0,0,2,18,0,73
2005,1,DAL,REG,2005_01_DAL_SD,LAC,18,24,226,3,0,4,-34,1,0,0,226,14,20.9005974564934,,0,12,4,3,0,33,109,1,1,1,6,-5.33046486598323,0,3,3,0,0,18,0,226,3,1,0,0,0,14,26.1988706249977,0,12,4,3,0,0,42,8,10,0,0,0,2,21,0,2,1,9,0,0,0,0,0,0,0,0,0,2,0,0,0,0,8,46,4,2,1,0,3,1,1,2,4,78,0,0,0,0,,,0,0,0,0,0,0,0,0,0,0,0,0,,,,0,0,0,4,4,0,0,1,0,0,0,0,0,3,0,42,124,0,0,1,0,0,2,25,0,99
2005,1,DEN,REG,2005_01_DEN_MIA,MIA,22,48,251,1,2,1,-9,1,1,0,251,15,-9.82967947581678,,0,12,4,2,0,20,70,0,1,0,3,-10.6092231266084,0,2,1,1,0,22,0,251,1,0,0,0,0,15,23.3242436217552,0,12,4,2,0,0,55,0,10,0,0,2,0,0,0,1,11,5,0,0,0,0,0,0,0,0,0,1,0,2,0,0,7,73,5,1,1,0,2,1,1,13,5,118,1,1,0,0,28,1,0,1,0,0,0,0,0,0,0,0,0,0,28,,,28,0,0,1,1,0,0,1,0,0,0,0,0,7,0,56,318,0,0,1,2,0,4,64,0,214
2005,1,DET,REG,2005_01_GB_DET,GB,15,28,167,2,0,2,-15,0,0,0,167,10,-0.262795232405506,,0,7,3,2,0,31,102,0,1,0,2,-6.09656628337689,0,1,1,0,0,15,0,167,2,0,0,0,0,10,12.901107437734,0,7,3,2,0,0,44,1,19,0,0,3,3,30,0,2,0,7,0,1,0,0,0,0,0,0,0,2,-3,1,10,0,4,38,3,0,2,0,2,0,6,12,2,29,1,1,0,0,21,1,0,1,0,0,0,0,0,0,0,0,0,0,21,,,21,0,0,2,2,0,0,1,0,0,0,0,0,7,0,48,293,4,0,0,0,4,3,19,0,274
2005,1,GB,REG,2005_01_GB_DET,DET,27,44,201,0,2,4,-31,2,1,0,201,10,-11.2557885176041,,0,7,2,1,0,17,46,0,1,0,1,-5.72014739544829,0,1,1,0,0,27,0,201,0,1,0,0,0,10,14.0501797396573,0,7,2,1,0,0,41,5,23,0,0,0,2,15,0,0,0,6,0,0,0,0,0,0,0,0,0,2,0,0,0,0,14,100,5,3,1,1,4,1,3,19,4,83,1,1,0,0,50,1,0,0,0,0,1,0,0,0,0,0,0,0,50,,,50,0,0,0,0,0,0,,0,0,0,0,0,6,0,49,248,0,0,0,0,0,6,12,0,236
2005,1,HOU,REG,2005_01_HOU_BUF,BUF,9,21,70,0,3,5,-45,1,1,0,70,4,-19.3069566977792,,0,3,1,0,0,23,95,1,1,1,6,0.185519537888467,0,2,1,0,0,9,0,70,0,0,0,0,0,4,3.86710527585819,0,3,1,0,0,0,40,11,23,0,0,0,1,6,0,0,0,2,0,0,0,0,0,0,0,0,0,0,0,0,0,0,6,38,4,2,0,0,2,2,1,6,7,141,0,0,0,0,,,0,0,0,0,0,0,0,0,0,0,0,0,,,,0,0,0,1,1,0,0,1,0,0,0,0,0,5,0,51,213,1,1,0,0,2,2,19,0,194
2005,1,IND,REG,2005_01_IND_BAL,BAL,21,36,254,2,0,0,0,0,0,0,254,12,6.98061771938152,,0,11,7,3,0,26,86,0,0,0,6,-5.48532454733504,0,3,1,0,0,21,0,254,2,0,0,0,0,12,19.7301479686867,0,11,7,3,0,0,41,19,19,0,0,1,3,31,0,3,61,10,1,0,0,0,0,0,0,0,0,0,0,1,15,0,7,45,5,0,0,0,0,0,1,0,1,14,1,1,0,0,20,1,0,1,0,0,0,0,0,0,0,0,0,0,20,,,20,0,0,3,3,0,0,1,0,0,0,0,0,7,0,50,275,4,0,2,0,2,3,51,0,224
2005,1,JAX,REG,2005_01_SEA_JAX,SEA,18,32,258,2,0,3,-15,1,0,0,258,13,9.12169263562741,,0,10,5,5,1,31,119,0,0,0,4,-6.16321786395068,0,1,1,1,0,18,0,258,2,0,0,0,0,13,23.6254749462823,0,10,5,5,1,0,41,1,5,0,0,2,2,18,0,3,29,5,0,0,0,0,0,0,0,0,0,1,0,2,0,0,6,31,4,1,0,0,1,0,3,24,3,63,4,5,1,0,41,0.8,0,2,0,2,0,0,0,0,0,1,0,0,23;41;29;41,43,,134,43,0,2,2,0,0,1,0,0,0,0,0,4,0,58,176,4,0,3,0,0,1,5,0,171
2005,1,KC,REG,2005_01_NYJ_KC,NYJ,15,26,200,0,1,1,-9,0,0,0,200,10,6.21054020426021,,0,10,3,1,0,34,198,3,0,0,10,7.49927266395169,0,6,4,3,0,15,0,200,0,0,0,0,0,10,17.0947680714889,0,10,3,1,0,0,49,9,9,0,0,3,3,19,0,1,53,4,0,1,0,0,0,1,0,0,0,1,0,2,2,0,4,26,3,0,1,0,1,0,0,0,2,39,2,3,1,0,41,0.666666666666667,0,0,1,1,0,0,0,0,1,0,0,0,41;38,32,,79,32,0,3,3,0,0,1,0,0,0,0,0,2,0,50,97,0,0,0,0,0,2,8,0,89
2005,1,LA,REG,2005_01_STL_SF,SF,34,56,362,2,1,7,-46,0,0,0,362,19,12.1461995244424,,0,15,7,3,1,26,89,0,0,0,7,-1.24818833968299,0,3,2,0,0,34,0,362,2,0,0,0,0,19,38.4622361557031,0,15,7,3,1,0,28,2,16,0,0,2,2,9,0,0,0,1,0,0,0,0,0,0,0,0,0,0,0,2,0,0,7,48,6,0,0,0,0,0,2,14,4,55,4,4,0,0,41,1,0,0,2,2,0,0,0,0,0,0,0,0,30;41;33;41,,,145,0,0,1,1,0,0,1,0,0,0,0,0,4,0,44,132,1,1,2,0,0,1,75,1,57
2005,1,LAC,REG,2005_01_DAL_SD,DAL,18,35,209,2,2,2,-21,0,0,0,209,10,1.15712297728398,,0,10,7,2,0,26,103,1,0,0,9,4.69489975587931,0,1,0,0,0,18,0,209,2,0,0,0,0,10,19.5556341350894,0,10,7,2,0,0,33,21,21,0,0,2,4,34,0,0,0,2,0,0,0,0,0,0,0,0,0,0,0,1,0,0,8,62,6,0,0,0,0,0,2,25,5,162,1,1,0,0,33,1,0,0,1,0,0,0,0,0,0,0,0,0,33,,,33,0,0,3,3,0,0,1,0,0,0,0,0,2,0,45,63,0,1,0,0,0,1,2,0,61
2005,1,LV,REG,2005_01_OAK_NE,NE,18,40,265,3,1,1,-6,0,0,0,265,12,0.98621460952005,,0,9,7,5,1,22,92,0,0,0,4,-1.61467796500074,0,3,3,0,0,18,0,265,3,0,0,0,0,12,24.5144158465411,0,9,7,5,1,0,34,21,21,0,0,0,0,0,0,0,0,1,0,1,0,1,1,0,0,0,19,0,0,0,0,0,16,149,5,0,1,1,1,0,3,15,6,151,0,1,1,0,,0,0,0,0,0,0,0,0,0,0,1,0,0,,43,,0,43,0,2,2,0,0,1,0,0,0,0,0,8,0,58,356,3,0,2,0,2,4,44,0,312
2005,1,MIA,REG,2005_01_DEN_MIA,DEN,24,36,275,2,1,0,0,0,0,0,275,14,12.6557556644785,,0,11,4,2,1,33,151,1,1,0,5,-4.94590873387642,0,2,2,1,1,24,0,275,2,1,1,0,0,14,19.4093216970796,0,11,4,2,1,0,37,1,25,0,0,1,1,9,0,2,29,7,0,1,0,0,0,0,0,0,0,1,-10,1,85,1,11,69,2,2,1,0,3,2,4,64,2,51,2,2,0,0,44,1,0,1,0,1,0,0,0,0,0,0,0,0,29;44,,,73,0,0,4,4,0,0,1,0,0,0,0,0,3,0,49,142,0,0,0,1,1,1,13,0,109
2005,1,MIN,REG,2005_01_TB_MIN,TB,22,33,233,0,3,2,-11,1,1,0,233,9,-8.08019871205326,,0,13,4,3,0,16,26,0,2,1,2,-10.7432954906835,0,1,0,0,0,22,0,233,0,1,0,0,0,9,17.9760128093211,0,13,4,3,0,0,40,13,19,0,0,1,2,14,0,2,88,4,1,0,0,0,0,0,0,0,0,2,0,0,0,0,9,70,5,3,1,0,4,2,5,54,5,89,2,2,0,0,53,1,0,1,0,0,1,0,0,0,0,0,0,0,53;22,,,75,0,0,1,1,0,0,1,0,0,0,0,0,4,0,62,217,0,0,0,1,0,3,27,0,170
2005,1,NE,REG,2005_01_OAK_NE,LV,24,38,306,2,0,0,0,0,0,0,306,13,12.6284774768283,,0,12,9,6,0,31,73,2,0,0,5,-9.27892699011136,0,2,0,0,0,24,0,306,2,0,0,0,0,13,24.4533986217575,0,12,9,6,0,0,24,21,21,0,0,0,1,6,0,1,0,3,0,0,0,0,0,0,0,0,0,0,0,0,0,0,7,46,2,0,0,0,0,0,4,44,3,79,1,1,0,0,26,1,0,1,0,0,0,0,0,0,0,0,0,0,26,,,26,0,0,3,4,0,1,0.75,0,0,0,0,0,6,1,49,269,3,1,2,0,0,3,15,0,254
2005,1,NO,REG,2005_01_NO_CAR,CAR,18,24,192,0,0,1,-2,1,1,0,192,12,8.5772224154498,,0,8,3,2,0,33,101,2,0,0,6,-1.24332890573169,0,2,1,1,0,18,0,192,0,0,0,0,0,12,17.2529324796633,0,8,3,2,0,0,40,4,10,0,0,1,1,3,0,2,16,3,0,2,0,0,0,0,0,0,0,0,0,2,-2,0,9,74,5,0,3,1,3,2,1,0,4,75,3,3,0,0,48,1,0,1,0,2,0,0,0,0,0,0,0,0,29;48;47,,,124,0,0,2,2,0,0,1,1,1,0,0,47,2,0,54,87,2,0,1,0,1,0,0,0,87
2005,1,NYG,REG,2005_01_ARI_NYG,ARI,10,23,172,2,2,3,-18,0,0,0,172,5,-4.61827785061905,,0,5,4,4,1,25,121,2,0,0,8,-1.62900335545419,0,5,5,2,0,10,0,172,2,0,0,0,0,5,14.9612577094231,0,5,4,4,1,2,43,19,19,0,0,0,3,29,0,2,88,11,0,0,0,0,0,0,0,0,0,0,0,0,0,0,7,52,2,0,0,0,0,0,6,88,5,224,0,0,0,0,,,0,0,0,0,0,0,0,0,0,0,0,0,,,,0,0,0,6,6,0,0,1,0,0,0,0,0,6,0,56,252,4,0,3,0,2,1,-5,0,257
2005,1,NYJ,REG,2005_01_NYJ_KC,KC,27,44,352,1,1,3,-19,3,1,0,352,19,6.87326325445335,,0,16,9,5,0,23,57,0,3,1,0,-12.7108057693695,0,1,0,0,0,27,0,352,1,0,0,0,0,19,34.4373381106998,0,16,9,5,0,0,45,4,4,0,0,0,1,9,0,1,0,3,0,0,0,0,0,0,0,0,6,5,-27,0,0,0,8,80,5,3,4,0,7,2,2,8,6,182,0,1,0,1,,0,0,0,0,0,0,0,0,0,0,0,0,0,,,28,0,0,28,1,1,0,0,1,0,0,0,0,0,3,0,51,133,1,0,1,0,2,0,0,0,133
2005,1,PHI,REG,2005_01_PHI_ATL,ATL,24,45,257,1,1,2,-7,1,1,0,257,15,-3.41307981041125,,0,13,6,2,0,14,51,0,1,1,2,-8.45230384875322,0,2,2,1,0,24,0,257,1,0,0,0,0,15,19.3185635420097,0,13,6,2,0,0,49,7,7,0,0,3,4,37,0,1,0,2,0,1,0,0,0,0,0,0,0,1,-13,2,18,0,8,55,5,1,2,0,3,2,3,28,3,48,1,3,2,0,44,0.333333333333333,0,0,0,1,0,0,0,0,0,2,0,0,44,49;49,,44,98,0,1,1,0,0,1,0,0,0,0,0,5,0,47,213,3,0,1,0,2,2,0,0,213
2005,1,PIT,REG,2005_01_TEN_PIT,TEN,9,11,218,2,0,0,0,0,0,0,218,8,17.4640132601607,,0,8,4,4,2,41,206,2,0,0,9,3.97684200788699,0,5,4,2,1,9,0,218,2,0,0,0,0,8,18.8155577675207,0,8,4,4,2,0,30,12,26,0,0,3,3,13,0,2,20,4,0,0,0,0,0,0,0,0,0,0,0,2,14,0,3,27,1,0,0,0,0,0,1,0,2,40,2,2,0,0,44,1,0,1,0,1,0,0,0,0,0,0,0,0,44;27,,,71,0,0,4,4,0,0,1,0,0,0,0,0,3,0,49,137,1,0,0,1,1,1,10,0,107
2005,1,SEA,REG,2005_01_SEA_JAX,JAX,21,37,246,2,3,2,-18,1,1,0,246,13,-2.12248634546995,,0,11,5,2,0,19,97,0,0,0,5,-2.09172709810082,0,2,1,1,0,21,0,246,2,0,0,0,0,13,22.0009845588938,0,11,5,2,0,0,59,1,3,0,0,1,3,15,0,0,0,4,0,0,0,0,0,0,0,0,0,0,0,0,0,0,5,29,1,2,0,0,2,2,1,5,3,81,0,0,0,0,,,0,0,0,0,0,0,0,0,0,0,0,0,,,,0,0,0,2,2,0,0,1,0,0,0,0,0,5,0,53,230,0,0,0,1,1,3,24,0,186
2005,1,SF,REG,2005_01_STL_SF,LA,13,18,192,2,0,2,-9,1,1,0,192,10,6.14261164329946,,0,8,5,4,0,21,34,1,1,1,1,-8.41689207573654,0,0,0,0,0,13,0,192,2,0,0,0,0,10,16.8190628287848,0,8,5,4,0,1,58,2,24,0,0,0,7,46,0,1,0,8,0,0,0,0,0,0,0,0,0,0,0,0,0,0,5,30,2,2,0,0,2,2,1,75,5,123,0,0,0,0,,,0,0,0,0,0,0,0,0,0,0,0,0,,,,0,0,0,4,4,0,0,1,0,0,0,0,0,5,0,47,207,1,0,2,0,1,2,14,0,193
2005,1,TB,REG,2005_01_TB_MIN,MIN,18,29,213,2,2,2,-14,0,0,0,213,8,-2.36898998497054,,0,6,4,4,1,31,146,1,0,0,4,-2.4818230681772,0,2,2,1,1,18,0,213,2,1,0,0,0,8,18.7088126437739,0,6,4,4,1,0,42,3,5,0,0,3,2,11,0,3,16,5,0,0,0,0,0,0,0,0,0,0,0,2,18,0,13,99,3,1,0,1,1,0,3,27,4,83,1,1,0,0,41,1,0,0,0,1,0,0,0,0,0,0,0,0,41,,,41,0,0,3,3,0,0,1,0,0,0,0,0,6,0,52,281,1,0,1,0,0,5,54,0,227
2005,1,TEN,REG,2005_01_TEN_PIT,PIT,18,27,219,1,2,3,-13,2,1,0,219,13,2.20133996455815,,0,12,3,2,1,23,97,0,2,1,3,-4.3204751968733,0,3,2,2,0,18,0,219,1,0,0,0,0,13,20.8181543346727,0,12,3,2,1,0,31,16,26,0,0,0,0,0,0,0,0,0,0,0,0,0,0,0,0,0,0,2,-1,0,0,0,7,49,2,3,1,0,4,2,1,10,6,132,0,1,1,0,,0,0,0,0,0,0,0,0,0,0,1,0,0,,47,,0,47,0,1,1,0,0,1,0,0,0,0,0,2,0,53,92,1,0,0,1,0,1,0,0,72
2005,1,WAS,REG,2005_01_CHI_WAS,CHI,14,25,175,0,1,3,-16,2,1,0,175,10,-0.33442015455979,,0,7,3,2,1,40,164,0,1,0,6,-6.98026792943711,0,3,2,1,1,14,0,175,0,0,0,0,0,10,16.0614351043565,0,7,3,2,1,0,41,2,6,0,0,2,2,15,0,1,7,10,0,0,0,0,0,0,0,0,0,2,0,1,0,0,5,45,2,4,0,0,4,2,2,5,2,41,3,3,0,0,43,1,1,0,0,2,0,0,0,0,0,0,0,0,40;43;19,,,102,0,0,0,0,0,0,,0,0,0,0,0,3,0,39,113,0,0,0,1,0,2,-3,0,96
2005,2,ARI,REG,2005_02_STL_ARI,LA,29,42,327,0,1,5,-30,2,1,0,327,14,-5.31624545803305,,0,16,7,7,0,16,82,0,1,0,4,1.00022545369575,0,5,3,0,0,29,0,327,0,0,0,0,0,14,17.1219557423541,0,16,7,7,0,0,39,8,8,0,0,0,4,27,0,1,14,5,0,0,0,0,0,0,0,0,0,2,-3,0,0,0,8,72,3,1,2,0,3,1,3,19,4,83,4,4,0,0,48,1,0,2,1,1,0,0,0,0,0,0,0,0,29;26;48;35,,,138,0,0,0,0,0,0,,0,0,0,0,0,5,0,55,233,0,0,0,0,2,3,14,0,219
2005,2,ATL,REG,2005_02_ATL_SEA,SEA,11,20,123,1,0,3,-15,0,0,0,123,7,-0.05384389562031,,1,6,3,2,0,28,115,1,1,0,4,-3.54696988020442,0,2,2,1,0,11,0,123,1,0,0,0,0,7,12.8638453567334,1,6,3,2,0,0,34,22,24,0,0,1,2,16,0,0,0,5,0,0,0,0,0,0,0,0,0,1,1,1,14,0,3,24,2,0,1,0,1,0,2,29,4,81,1,1,0,0,30,1,0,0,1,0,0,0,0,0,0,0,0,0,30,,,30,0,0,1,1,0,0,1,0,0,0,0,0,7,0,67,347,2,1,0,2,1,3,19,0,288
2005,2,BAL,REG,2005_02_BAL_TEN,TEN,25,41,212,1,1,6,-44,0,0,0,212,11,-5.86964988920217,,0,9,2,1,0,13,14,0,1,1,0,-10.1955516271992,0,1,1,0,0,25,0,212,1,0,0,0,0,11,16.8114749406814,0,9,2,1,0,0,35,18,22,0,0,1,1,2,0,0,0,3,0,0,0,0,0,0,0,0,0,0,0,1,22,0,10,73,3,1,0,0,1,1,3,5,4,76,1,1,0,0,30,1,0,0,1,0,0,0,0,0,0,0,0,0,30,,,30,0,0,1,1,0,0,1,0,0,0,0,0,9,1,53,379,1,1,2,0,1,5,21,0,358
2005,2,BUF,REG,2005_02_BUF_TB,TB,14,32,112,0,0,2,-12,0,0,0,112,6,-10.3551380187122,,0,5,1,1,0,17,47,0,0,0,1,-6.45557861489942,0,1,1,0,0,14,0,112,0,0,0,0,0,6,6.52819899556926,0,5,1,1,0,0,34,21,29,0,0,0,1,9,0,0,0,3,0,0,0,0,0,0,0,0,0,0,0,0,0,0,3,20,3,0,0,0,0,0,3,20,3,105,1,1,0,0,40,1,0,0,0,1,0,0,0,0,0,0,0,0,40,,,40,0,0,0,0,0,0,,0,0,0,0,0,7,0,60,305,0,1,0,2,1,3,50,0,215
2005,2,CAR,REG,2005_02_NE_CAR,NE,11,26,154,0,1,1,-8,0,0,0,154,6,-10.415637867068,,0,6,4,2,1,36,104,3,0,0,8,-4.48677362826645,0,4,1,0,0,11,0,154,0,0,0,0,0,6,10.0731170458519,0,6,4,2,1,0,44,1,3,0,0,2,2,21,0,1,0,4,0,0,0,0,0,0,0,0,0,0,0,2,10,0,6,45,4,0,0,0,0,0,6,128,4,105,2,2,0,0,52,1,0,0,0,0,2,0,0,0,0,0,0,0,51;52,,,103,0,0,3,3,0,0,1,0,0,0,0,0,7,0,53,295,4,0,3,1,2,1,0,0,275
2005,2,CHI,REG,2005_02_DET_CHI,DET,15,22,161,1,0,2,-12,0,0,0,161,5,1.45721639558762,,0,6,3,3,0,37,187,2,0,0,13,3.99355232249945,0,8,7,1,0,15,0,161,1,0,0,0,0,5,10.9170399194796,0,6,3,3,0,1,38,9,9,0,0,0,2,11,0,5,88,14,1,0,0,0,1,0,0,0,0,0,0,0,0,0,6,40,3,0,0,0,0,0,3,87,2,67,1,3,2,0,48,0.333333333333333,0,0,0,1,0,0,0,0,1,1,0,0,48,48;36,,48,84,0,5,5,0,0,1,0,0,0,0,0,4,0,48,167,1,0,0,1,1,2,20,0,127
2005,2,CIN,REG,2005_02_MIN_CIN,MIN,27,40,337,3,1,0,0,0,0,0,337,16,18.8290629807935,,0,15,5,2,1,39,167,1,0,0,9,-4.75634063819554,0,5,3,1,0,27,0,337,3,1,0,0,0,16,33.803833639659,0,15,5,2,1,0,40,0,10,0,0,2,2,9,0,5,38,8,0,0,0,0,0,0,0,0,0,0,0,2,0,0,17,115,4,1,0,1,1,0,2,15,1,18,3,3,0,0,40,1,0,1,1,1,0,0,0,0,0,0,0,0,40;29;30,,,99,0,0,4,4,0,0,1,0,0,0,0,0,3,0,55,125,1,0,0,0,2,1,5,0,120
2005,2,CLE,REG,2005_02_CLE_GB,GB,21,32,336,3,0,0,0,0,0,0,336,12,19.2264521925586,,0,13,6,3,2,23,55,0,2,0,4,-5.65548187373777,0,0,0,0,0,21,0,336,3,0,0,0,0,12,28.1855680700733,0,13,6,3,2,0,50,11,19,0,0,0,1,6,0,2,14,4,0,0,0,0,0,0,0,0,0,2,-8,0,0,0,6,40,6,1,1,0,2,0,1,-11,4,100,2,2,0,0,39,1,0,1,1,0,0,0,0,0,0,0,0,0,21;39,,,60,0,0,2,3,0,1,0.666666666666667,0,0,0,0,0,4,0,48,178,3,1,1,0,1,1,9,0,169
2005,2,DAL,REG,2005_02_WAS_DAL,WAS,21,36,261,1,0,0,0,0,0,0,261,9,2.83764440857794,,0,10,5,3,2,29,90,0,1,0,3,-4.46014271713461,0,0,0,0,0,21,0,261,1,0,0,0,0,9,11.6759101675707,0,9,4,3,2,0,41,0,20,0,0,1,5,49,0,1,12,6,0,0,0,0,0,0,0,0,0,3,-2,1,5,0,7,60,5,0,3,0,3,0,4,29,3,94,2,3,1,0,41,0.666666666666667,0,0,1,1,0,0,0,0,0,1,0,0,33;41,41,,74,41,0,1,1,0,0,1,0,0,0,0,0,6,0,58,289,3,0,3,2,0,1,9,0,240
2005,2,DEN,REG,2005_02_SD_DEN,LAC,23,37,248,0,1,3,-15,0,0,0,248,13,-1.66278762386419,,0,13,4,2,0,26,98,1,2,1,7,-4.64924858597806,0,2,1,0,0,23,0,248,0,0,0,0,0,13,14.3408304900882,0,13,4,2,0,0,43,1,3,0,0,1,4,41,0,1,25,1,1,1,0,0,0,0,0,0,0,2,-10,1,0,0,5,45,6,2,1,0,3,1,4,66,3,64,2,4,2,0,45,0.5,0,0,0,2,0,0,0,0,0,0,2,0,45;41,53;53,,86,106,0,2,2,0,0,1,1,1,0,0,41,3,0,52,132,3,1,1,0,0,1,0,0,132
2005,2,DET,REG,2005_02_DET_CHI,CHI,21,43,216,1,5,2,-11,0,0,0,216,10,-22.9013248512056,,0,9,4,2,1,18,29,0,0,0,1,-6.98395253601484,0,0,0,0,0,21,0,216,1,0,0,0,0,10,16.4833572267671,0,9,4,2,1,0,49,8,8,0,0,0,2,12,0,0,0,2,0,0,0,0,0,0,0,0,0,0,0,0,0,0,3,30,2,0,0,0,0,0,2,20,6,159,0,0,0,0,,,0,0,0,0,0,0,0,0,0,0,0,0,,,,0,0,0,0,1,0,1,0,0,0,0,0,0,4,0,48,173,1,0,1,0,0,3,87,1,86
2005,2,GB,REG,2005_02_CLE_GB,CLE,32,44,342,3,2,1,-6,0,0,0,342,19,13.7563291341952,,0,13,8,5,1,30,116,0,2,0,8,0.229124946112279,0,2,1,1,0,32,0,342,3,0,0,0,0,19,32.9053920391016,0,13,8,5,1,0,29,15,22,0,0,1,0,0,0,0,0,1,0,0,0,0,1,0,0,0,0,2,-1,0,0,0,6,41,4,0,2,0,2,0,1,9,5,88,1,1,0,0,34,1,0,0,1,0,0,0,0,0,0,0,0,0,34,,,34,0,0,3,3,0,0,1,0,0,0,0,0,3,0,50,103,2,0,0,0,2,1,-11,0,114
2005,2,HOU,REG,2005_02_PIT_HOU,PIT,16,26,167,1,0,8,-59,1,1,0,167,11,-6.24539143807488,,0,6,4,3,0,25,113,0,0,0,5,1.75735523714684,0,3,2,1,0,16,0,167,1,0,0,0,0,11,16.3501650969265,0,6,4,3,0,0,34,10,18,0,0,0,1,1,0,0,0,4,0,0,0,0,0,0,0,0,0,0,0,0,0,0,7,58,5,1,0,0,1,1,1,6,5,101,0,0,0,0,,,0,0,0,0,0,0,0,0,0,0,0,0,,,,0,0,0,1,1,0,0,1,0,0,0,0,0,4,0,51,161,2,0,0,0,2,2,10,0,151
2005,2,IND,REG,2005_02_JAX_IND,JAX,13,28,122,0,1,0,0,0,0,0,122,7,-4.61113915394526,,0,7,1,1,0,38,146,1,0,0,10,2.1337323743175,0,3,3,0,0,13,0,122,0,0,0,0,0,7,10.1062318723416,0,7,1,1,0,0,35,22,22,0,0,3,6,23,0,0,0,7,0,0,0,0,0,0,0,0,0,0,0,0,0,0,6,45,1,0,0,0,0,0,2,12,2,51,1,1,0,0,41,1,0,0,0,1,0,0,0,0,0,0,0,0,41,,,41,0,0,1,1,0,0,1,0,0,0,0,0,7,0,55,323,3,1,1,0,0,5,46,0,277
2005,2,JAX,REG,2005_02_JAX_IND,IND,16,29,198,0,0,6,-23,2,0,0,198,7,-6.19757424181777,,0,7,4,4,1,24,128,0,0,0,4,0.691944516438525,0,3,3,1,0,16,0,198,0,0,0,0,0,7,10.8454461900471,0,7,4,4,1,0,35,18,18,0,0,0,0,0,0,1,14,6,0,2,0,0,0,0,0,0,0,6,0,0,0,0,7,60,6,2,3,0,5,0,5,46,3,62,1,2,1,0,28,0.5,0,1,0,0,0,0,0,0,0,1,0,0,28,42,,28,42,0,0,0,0,0,,0,0,0,0,0,7,0,58,319,3,1,0,1,3,2,12,0,287
2005,2,KC,REG,2005_02_KC_OAK,LV,18,28,237,0,0,1,-8,0,0,0,237,8,9.48356113838438,,0,11,3,2,1,36,125,2,0,0,8,2.66854425526993,0,4,3,1,0,18,0,237,0,1,1,0,0,8,15.8070126119419,0,11,3,2,1,0,35,11,11,0,0,1,1,7,0,0,0,6,0,0,0,0,0,0,0,0,0,0,0,2,0,0,9,78,3,1,0,0,1,1,4,32,4,136,3,4,0,1,42,0.75,0,0,2,1,0,0,0,0,0,0,0,0,31;39;42,,46,112,0,46,2,2,0,0,1,0,0,0,0,0,3,0,49,120,1,0,0,1,0,2,34,0,66
2005,2,LA,REG,2005_02_STL_ARI,ARI,18,29,216,1,1,4,-27,0,0,0,216,10,-0.621140535191212,,0,11,5,3,0,22,108,1,1,0,6,0.464772183448076,0,5,5,1,0,18,0,216,1,0,0,0,0,10,16.6656955231176,0,11,5,3,0,0,40,18,18,0,0,1,4,22,0,1,0,4,0,0,0,0,0,0,0,0,0,1,-2,1,0,0,4,30,3,0,1,0,1,0,3,14,1,25,1,1,0,0,29,1,0,1,0,0,0,0,0,0,0,0,0,0,29,,,29,0,0,2,2,0,0,1,0,0,0,0,0,7,0,55,300,1,0,0,0,4,3,19,0,281
2005,2,LAC,REG,2005_02_SD_DEN,DEN,15,23,175,0,1,4,-41,1,1,0,175,10,-6.53877679340028,,0,9,3,2,0,24,79,2,0,0,4,-0.163734021771234,0,2,2,0,0,15,0,175,0,0,0,0,0,10,14.9118466466316,0,9,3,2,0,0,57,1,1,0,0,2,3,15,0,1,8,4,0,0,0,0,0,0,0,0,0,0,0,1,0,0,7,42,3,1,0,0,1,1,1,0,3,71,1,1,0,0,42,1,0,0,0,1,0,0,0,0,0,0,0,0,42,,,42,0,0,2,2,0,0,1,0,0,0,0,0,6,0,54,275,0,0,0,0,2,4,66,0,209
2005,2,LV,REG,2005_02_KC_OAK,KC,21,35,263,1,0,1,-7,1,1,0,263,11,0.984584465879184,,0,9,6,3,1,19,71,1,1,0,4,-0.171917162020691,0,2,1,0,0,21,0,263,1,0,0,0,0,11,16.003924449356,0,9,6,3,1,0,44,15,15,0,0,1,1,8,0,0,0,5,0,1,0,0,0,1,0,0,0,1,0,1,0,0,7,84,4,1,2,0,3,2,2,34,6,130,1,2,1,0,29,0.5,0,1,0,0,0,0,0,0,0,0,1,0,29,50,,29,50,0,2,2,0,0,1,0,0,0,0,0,4,0,56,204,1,0,0,0,0,4,32,0,172
2005,2,MIA,REG,2005_02_MIA_NYJ,NYJ,20,43,177,1,1,2,-8,2,0,0,177,9,-4.57195127487081,,0,5,2,2,0,18,66,0,0,0,5,0.31161304449779,0,0,0,0,0,20,0,177,1,0,0,0,0,9,14.3533982162391,0,5,2,2,0,0,37,17,17,0,0,2,2,17,0,0,0,1,0,1,0,0,0,0,0,0,0,3,0,0,0,0,10,88,3,2,1,0,3,0,5,26,4,73,0,1,1,0,,0,0,0,0,0,0,0,0,1,0,0,0,0,,21,,0,21,0,1,1,0,0,1,0,0,0,0,0,7,0,56,284,3,1,2,0,1,3,12,0,272
2005,2,MIN,REG,2005_02_MIN_CIN,CIN,21,37,236,0,5,2,-9,0,0,0,236,13,-12.1040666108746,,1,12,8,3,0,14,77,1,1,1,4,-1.36909758736147,0,2,2,1,0,21,0,236,0,1,1,0,0,13,14.2474906991557,1,12,8,3,0,0,55,1,21,0,0,1,0,0,0,1,0,3,0,0,0,0,0,0,0,0,0,0,0,0,0,0,7,49,3,2,0,0,2,2,1,5,8,101,0,0,0,0,,,0,0,0,0,0,0,0,0,0,0,0,0,,,,0,0,0,0,0,0,0,,0,0,0,0,0,3,0,52,140,2,0,0,0,1,2,15,0,125
2005,2,NE,REG,2005_02_NE_CAR,CAR,23,44,270,1,1,2,-21,1,1,0,270,11,-1.32805112689553,,0,8,5,3,1,16,39,0,0,0,1,-4.58359181502601,0,1,1,0,0,23,0,270,1,1,1,0,0,11,17.8529062581365,0,8,5,3,1,0,50,3,7,0,0,0,1,8,0,1,24,6,1,0,0,0,0,0,0,0,0,0,0,0,0,0,12,86,4,2,0,0,2,2,1,0,6,146,1,1,0,0,45,1,0,0,0,1,0,0,0,0,0,0,0,0,45,,,45,0,0,2,2,0,0,1,0,0,0,0,0,7,0,56,336,0,1,0,0,0,6,128,0,208
2005,2,NO,REG,2005_02_NYG_NO,NYG,27,45,375,1,3,4,-25,0,0,0,375,19,10.6343622478844,,0,20,11,7,0,22,72,0,1,1,3,-7.72693981643533,0,0,0,0,0,27,0,375,1,1,1,0,0,19,27.1350066408631,0,20,11,7,0,0,28,14,14,0,0,0,0,0,0,0,0,4,0,0,0,0,0,0,0,0,0,0,-10,1,0,0,13,92,6,1,2,1,3,3,4,35,5,76,1,2,1,0,21,0.5,0,1,0,0,0,0,0,1,0,0,0,0,21,29,,21,29,0,1,1,0,0,1,0,0,0,0,0,3,0,49,120,1,0,1,0,0,2,7,0,113
2005,2,NYG,REG,2005_02_NYG_NO,NO,13,24,165,1,0,0,0,0,0,0,165,7,8.0510140442579,,0,8,5,2,0,29,92,2,1,0,6,1.44436207495164,0,2,2,0,0,13,0,165,1,0,0,0,0,7,16.8140247441328,0,8,5,2,0,0,46,13,13,0,0,1,4,25,0,3,30,8,0,1,0,0,0,0,0,0,0,0,0,2,5,0,9,86,4,0,2,1,2,1,2,7,3,37,2,2,0,0,39,1,0,0,2,0,0,0,0,0,0,0,0,0,39;30,,,69,0,0,3,3,0,0,1,0,0,0,0,0,5,0,51,229,2,1,0,0,0,4,35,0,194
2005,2,NYJ,REG,2005_02_MIA_NYJ,MIA,19,30,190,2,0,2,-17,0,0,0,190,11,5.76222199108022,,0,8,4,3,0,34,98,0,1,0,7,-7.66708448372083,0,3,2,0,0,19,0,190,2,2,0,0,0,11,17.1929342342773,0,8,4,3,0,0,29,17,17,0,0,2,2,8,0,1,1,7,0,0,0,0,0,0,0,0,0,2,0,0,0,0,5,40,4,2,1,1,3,0,3,12,0,0,1,1,0,0,41,1,0,0,0,1,0,0,0,0,0,0,0,0,41,,,41,0,0,2,2,0,0,1,0,0,0,0,0,7,0,54,309,1,0,0,0,2,5,26,0,283
2005,2,PHI,REG,2005_02_SF_PHI,SF,33,39,458,5,0,2,-15,1,1,0,458,20,30.8031038540208,,0,15,11,8,2,30,140,1,0,0,10,-4.81244361135759,0,5,3,2,0,33,0,458,5,0,0,0,0,20,41.5801968474116,0,15,11,8,2,0,39,0,4,0,0,0,3,23,0,3,51,11,0,1,0,0,0,0,0,0,0,1,0,0,0,0,6,50,4,2,0,0,2,1,4,13,1,22,0,1,1,0,,0,0,0,0,0,0,0,0,0,0,1,0,0,,43,,0,43,0,6,6,0,0,1,0,0,0,0,0,2,0,46,65,0,0,0,0,1,1,0,0,65
2005,2,PIT,REG,2005_02_PIT_HOU,HOU,14,21,254,2,0,1,-1,0,0,0,254,11,16.3960127986758,,0,9,5,4,2,32,135,1,0,0,6,-0.65661752957385,0,3,2,0,0,14,0,254,2,0,0,0,0,11,21.6535889230436,0,9,5,4,2,0,45,7,11,0,0,1,8,59,0,0,0,3,0,0,0,0,0,0,0,0,0,0,0,1,0,0,5,40,3,0,0,0,0,0,2,10,1,19,2,2,0,0,37,1,0,0,2,0,0,0,0,0,0,0,0,0,37;35,,,72,0,0,3,3,0,0,1,0,0,0,0,0,1,0,39,39,0,0,0,0,0,1,6,0,33
2005,2,SEA,REG,2005_02_ATL_SEA,ATL,20,31,281,2,0,2,-16,0,0,0,281,13,8.71602657280164,,0,10,6,4,1,34,163,1,0,0,10,0.443374146299902,0,8,6,0,0,20,0,281,2,1,1,0,0,13,19.1262179044425,0,10,6,4,1,0,32,15,15,0,0,0,3,15,0,0,0,3,0,0,0,0,0,0,0,0,0,0,0,0,0,0,10,79,3,1,0,0,1,1,3,19,3,58,0,0,0,0,,,0,0,0,0,0,0,0,0,0,0,0,0,,,,0,0,0,3,3,0,0,1,0,0,0,0,0,7,0,50,269,2,0,3,0,2,2,29,0,240
2005,2,SF,REG,2005_02_SF_PHI,PHI,13,27,107,0,3,3,-23,0,0,0,107,7,-18.2955107703888,,0,4,1,0,0,17,58,0,0,0,1,-3.75739137281198,0,1,1,0,0,13,0,107,0,0,0,0,0,7,10.3681776046287,0,4,1,0,0,0,59,0,14,0,0,2,2,15,0,0,0,4,0,0,0,0,0,0,0,0,0,0,0,1,0,0,2,15,0,0,0,0,0,0,1,0,7,131,1,1,0,0,32,1,0,0,1,0,0,0,0,0,0,0,0,0,32,,,32,0,0,0,0,0,0,,0,0,0,0,0,7,0,51,302,3,0,1,0,2,4,13,0,289
2005,2,TB,REG,2005_02_BUF_TB,BUF,16,22,136,0,0,1,-9,0,0,0,136,7,1.68035672101541,,0,6,1,1,0,40,191,2,0,0,11,3.51621998224532,0,4,4,3,0,16,0,136,0,0,0,0,0,7,7.74332300023525,0,6,1,1,0,0,31,6,8,0,0,0,2,12,0,0,0,7,0,0,1,0,0,0,0,0,0,0,0,0,0,0,13,99,2,0,0,0,0,0,3,50,3,49,1,1,0,0,40,1,0,0,0,1,0,0,0,0,0,0,0,0,40,,,40,0,0,2,2,0,0,1,0,0,0,0,0,6,0,61,277,1,0,1,2,0,3,20,0,217
2005,2,TEN,REG,2005_02_BAL_TEN,BAL,19,37,195,1,0,1,-2,0,0,0,195,12,-0.753286237020169,,0,9,4,2,0,29,97,0,1,1,2,-13.9386418130598,0,3,2,1,0,19,0,195,1,0,0,0,0,12,13.8375519372573,0,9,4,2,0,0,33,14,24,0,0,1,6,44,0,1,21,6,1,0,1,1,0,0,0,0,0,0,0,1,0,0,5,47,5,1,0,0,1,1,5,21,3,104,3,3,0,0,47,1,0,1,1,1,0,0,0,0,0,0,0,0,39;29;47,,,115,0,0,2,2,0,0,1,0,0,0,0,0,8,0,56,359,4,0,1,3,1,3,5,0,294
2005,2,WAS,REG,2005_02_WAS_DAL,DAL,20,34,291,2,1,5,-49,0,0,0,291,9,4.48378855799092,,0,8,5,4,2,25,104,0,1,1,4,-3.83100059223943,0,2,1,1,0,20,0,291,2,0,0,0,0,9,27.9866128072026,0,8,5,4,2,0,53,1,7,0,0,0,0,0,0,0,0,2,0,0,0,0,0,0,0,0,0,0,0,0,0,0,12,80,4,1,0,0,1,1,1,9,4,82,0,0,0,0,,,0,0,0,0,0,0,0,0,0,0,0,0,,,,0,0,0,2,2,0,0,1,0,0,0,0,0,8,0,57,316,2,1,2,0,1,4,29,0,287
2005,3,ARI,REG,2005_03_ARI_SEA,SEA,18,36,202,0,1,3,-26,1,1,0,202,10,-8.42307104338171,,0,8,3,2,1,21,90,0,1,0,5,0.605328073550481,0,4,2,0,0,18,0,202,0,0,0,0,0,10,11.7107958995602,0,8,3,2,1,0,43,19,19,0,0,0,0,0,0,0,0,4,0,0,0,0,0,0,0,0,0,1,0,0,0,0,12,71,6,2,0,0,2,1,2,16,8,142,4,4,0,0,54,1,0,0,2,0,2,0,0,0,0,0,0,0,54;39;50;39,,,182,0,0,0,0,0,0,,0,0,0,0,0,5,0,56,243,1,0,0,1,0,4,14,0,209
2005,3,ATL,REG,2005_03_ATL_BUF,BUF,15,27,167,2,1,0,0,0,0,0,167,11,5.67659972549882,,0,7,5,2,0,36,236,1,0,0,11,6.80408988655984,0,9,7,4,1,15,0,167,2,0,0,0,0,11,18.01207180036,0,7,5,2,0,0,34,13,23,0,0,1,4,39,0,1,3,7,0,1,0,0,0,0,0,0,0,0,0,1,0,0,7,75,2,1,0,0,1,1,2,14,4,56,1,1,0,0,27,1,0,1,0,0,0,0,0,0,0,0,0,0,27,,,27,0,0,3,3,0,0,1,0,0,0,0,0,4,0,48,144,2,0,1,0,1,2,24,0,120
2005,3,BUF,REG,2005_03_ATL_BUF,ATL,10,23,75,0,1,4,-39,1,1,0,75,2,-14.8529124666268,,0,2,1,0,0,35,172,1,0,0,12,3.95632959777763,0,5,5,1,0,10,0,75,0,0,0,0,0,2,3.35218176472394,0,2,1,0,0,0,34,13,23,0,0,1,0,0,0,1,17,5,0,0,0,0,0,0,0,0,0,0,0,1,0,0,3,35,6,1,0,0,1,1,2,24,2,55,3,3,0,0,41,1,0,0,2,1,0,0,0,0,0,0,0,0,36;41;30,,,107,0,0,1,1,0,0,1,0,0,0,0,0,3,0,60,141,1,0,1,0,0,2,14,0,127
2005,3,CAR,REG,2005_03_CAR_MIA,MIA,19,35,285,3,1,4,-47,1,1,0,285,13,4.3192218721022,,0,11,9,5,1,26,61,0,1,0,4,-4.20475904957857,0,0,0,0,0,19,0,285,3,0,0,0,0,13,28.4942510006949,0,11,9,5,1,0,36,0,22,0,0,0,0,0,0,1,0,6,0,1,0,0,0,0,0,0,0,1,0,0,0,0,4,39,4,2,1,0,3,2,3,17,4,85,1,1,0,0,52,1,0,0,0,0,1,0,0,0,0,0,0,0,52,,,52,0,0,3,3,0,0,1,0,0,0,0,0,5,0,52,227,2,0,1,1,2,1,4,0,203
2005,3,CHI,REG,2005_03_CIN_CHI,CIN,17,39,149,0,5,0,0,0,0,0,149,9,-17.0731207525087,,0,9,2,1,0,28,106,1,1,0,4,-5.88298071405734,0,2,2,0,0,17,0,149,0,1,1,0,0,9,8.94837466151597,0,9,2,1,0,0,43,12,12,0,0,2,1,8,0,0,0,3,0,2,0,0,0,0,0,0,0,3,-1,1,0,0,7,88,4,2,2,0,4,1,4,12,5,88,0,1,1,0,,0,0,0,0,0,0,0,0,0,1,0,0,0,,39,,0,39,0,1,1,0,0,1,0,0,0,0,0,6,0,51,253,0,0,1,0,2,3,17,0,236
2005,3,CIN,REG,2005_03_CIN_CHI,CHI,16,23,169,3,0,1,-8,0,0,0,169,6,2.72847026892641,,0,6,4,2,1,34,83,0,0,0,4,-10.4897926677368,0,1,1,1,0,16,0,169,3,1,1,0,0,6,8.01560787833296,0,6,4,2,1,0,46,8,8,0,0,2,0,0,0,5,2,8,0,1,0,0,0,0,0,0,0,1,23,1,26,0,9,77,4,2,0,0,2,1,3,17,2,56,1,1,0,0,33,1,0,0,1,0,0,0,0,0,0,0,0,0,33,,,33,0,0,3,3,0,0,1,0,0,0,0,0,9,0,55,360,2,3,0,1,1,4,12,0,328
2005,3,CLE,REG,2005_03_CLE_IND,IND,22,29,208,0,0,4,-20,1,0,0,208,8,-1.58669717485143,,0,10,4,2,0,23,75,0,0,0,6,-0.336033415806014,0,2,1,1,0,22,0,208,0,0,0,0,0,8,10.3164114370593,0,10,4,2,0,0,37,16,16,0,0,1,0,0,0,1,0,3,0,0,0,0,0,0,0,0,0,1,0,0,0,0,7,62,6,1,0,0,1,0,1,12,4,61,2,2,0,0,40,1,0,1,0,1,0,0,0,0,0,0,0,0,40;22,,,62,0,0,0,0,0,0,,0,0,0,0,0,5,0,54,209,1,1,1,0,1,2,10,0,199
2005,3,DAL,REG,2005_03_DAL_SF,SF,24,38,363,2,2,2,-15,0,0,0,363,16,10.7289703283461,,1,14,8,6,2,32,95,3,1,1,9,-4.34297654044349,0,2,2,0,0,24,0,363,2,0,0,0,0,16,31.8271005589634,1,14,8,6,2,0,46,7,7,0,0,1,2,3,0,2,7,7,0,1,0,0,0,0,0,0,0,1,0,1,0,0,6,45,0,1,1,0,2,1,2,8,6,114,0,0,0,0,,,0,0,0,0,0,0,0,0,0,0,0,0,,,,0,0,0,2,3,1,0,0.666666666666667,0,0,0,0,0,3,0,52,126,0,1,0,1,0,1,10,0,96
2005,3,DEN,REG,2005_03_KC_DEN,KC,13,18,152,1,0,1,-15,0,0,0,152,9,7.08277445079666,,0,8,4,2,0,37,221,2,0,0,12,4.88400304312711,0,7,5,3,1,13,0,152,1,1,0,0,0,9,13.0254433995881,0,8,4,2,0,0,47,4,6,0,0,1,2,10,0,0,0,9,0,1,0,0,0,0,0,0,0,1,0,1,0,0,4,30,3,1,1,1,2,0,2,1,1,32,3,4,1,0,51,0.75,0,1,1,0,1,0,0,0,0,1,0,0,30;51;25,46,,106,46,0,3,3,0,0,1,0,0,0,0,0,1,0,55,55,0,0,0,0,0,1,10,0,45
2005,3,GB,REG,2005_03_TB_GB,TB,14,24,195,2,3,2,-10,0,0,0,195,8,2.90340780601938,,0,9,4,3,0,25,75,0,1,1,5,-8.27700404857751,0,3,1,0,0,14,0,195,2,0,0,0,0,8,19.2943985692691,0,9,4,3,0,0,44,11,31,0,0,0,1,0,0,1,38,4,0,0,0,0,0,0,0,0,0,0,0,0,0,0,8,65,4,1,0,0,1,1,3,23,4,86,1,2,1,0,32,0.5,0,0,1,0,0,0,0,0,0,1,0,0,32,42,,32,42,0,1,2,1,0,0.5,0,0,0,0,0,2,0,50,98,0,0,0,0,0,2,23,0,75
2005,3,IND,REG,2005_03_CLE_IND,CLE,19,23,228,0,1,0,0,0,0,0,228,13,12.1401313115118,,0,8,4,3,1,33,111,1,0,0,6,-8.56953283833148,0,2,2,0,0,19,0,228,0,1,0,0,0,13,17.5820990322391,0,8,4,3,1,0,36,18,18,0,0,1,4,20,0,0,0,4,0,0,0,0,0,0,0,0,0,1,0,0,0,0,3,15,2,1,0,0,1,0,2,10,3,61,2,2,0,0,23,1,0,2,0,0,0,0,0,0,0,0,0,0,20;23,,,43,0,0,1,1,0,0,1,0,0,0,0,0,3,0,47,120,2,0,0,0,2,1,12,0,108
2005,3,JAX,REG,2005_03_JAX_NYJ,NYJ,16,24,177,2,1,2,-8,1,1,0,177,7,2.82427507385742,,0,6,4,3,0,47,139,1,0,0,8,-4.53929241784716,0,5,4,0,0,16,0,177,2,1,1,0,0,7,13.7683340759249,0,6,4,3,0,0,27,17,17,0,0,1,3,14,0,2,9,6,0,1,0,0,0,0,0,0,0,1,0,1,0,0,9,85,4,2,1,0,3,2,5,31,4,93,2,2,0,0,40,1,0,0,1,1,0,0,0,0,0,0,0,0,32;40,,,72,0,0,2,2,0,0,1,0,0,0,0,0,6,0,58,300,4,1,1,1,0,3,-3,0,283
2005,3,KC,REG,2005_03_KC_DEN,DEN,23,44,221,1,0,2,-10,0,0,0,221,11,-0.681887240168762,,0,7,6,5,0,22,74,0,1,1,5,-2.84644647681853,0,2,1,0,0,23,0,221,1,0,0,0,0,11,19.5278393251938,0,7,6,5,0,0,41,5,11,0,0,1,1,15,0,0,0,1,0,0,0,0,0,0,0,0,0,0,0,0,0,0,13,118,4,1,0,0,1,1,1,10,5,125,1,1,0,0,28,1,0,1,0,0,0,0,0,0,0,0,0,0,28,,,28,0,0,1,1,0,0,1,0,0,0,0,0,6,0,52,227,2,1,1,1,1,2,1,0,206
2005,3,LA,REG,2005_03_TEN_STL,TEN,21,28,292,3,1,4,-33,1,1,0,292,16,-1.88316717246096,,0,17,5,5,0,21,101,0,3,2,5,-11.2028093055706,0,5,4,0,0,21,0,292,3,0,0,0,0,16,22.3716417946853,0,17,5,5,0,0,50,5,5,0,0,1,2,13,0,2,109,5,1,0,0,0,0,0,0,0,0,1,-6,1,0,0,11,75,3,3,1,0,4,3,1,1,4,94,1,1,0,0,46,1,0,0,0,1,0,0,0,0,0,0,0,0,46,,,46,0,0,4,4,0,0,1,0,0,0,0,0,4,0,48,170,0,0,1,1,1,1,0,0,150
2005,3,LAC,REG,2005_03_NYG_SD,NYG,20,23,217,3,0,0,0,0,0,0,217,12,18.0038778226008,,0,9,4,3,0,33,268,3,0,0,12,13.6677240821066,0,6,5,4,1,20,0,217,3,1,1,0,0,12,15.29012325441,0,9,4,3,0,0,44,11,11,0,0,1,2,14,0,0,0,8,0,0,0,0,0,0,0,0,0,0,0,1,0,0,7,50,4,1,0,0,1,1,2,10,5,134,1,1,0,0,44,1,0,0,0,1,0,0,0,0,0,0,0,0,44,,,44,0,0,6,6,0,0,1,0,0,0,0,0,2,0,50,85,0,0,1,0,0,1,-2,0,87
2005,3,LV,REG,2005_03_OAK_PHI,PHI,24,42,345,2,0,1,-1,1,0,0,345,15,17.4512155545798,,0,13,9,6,0,22,21,0,0,0,2,-8.7323234025971,0,1,1,0,0,24,0,345,2,1,0,0,0,15,30.2186863238901,0,13,9,6,0,0,52,0,2,0,0,1,1,0,0,1,3,13,0,0,0,0,1,0,0,0,0,1,0,1,0,0,13,94,5,2,0,1,2,0,5,17,4,44,2,4,2,0,28,0.5,0,2,0,0,0,0,0,0,1,1,0,0,28;26,49;37,,54,86,0,2,2,0,0,1,0,0,0,0,0,6,0,50,248,1,0,1,0,2,3,17,0,231
2005,3,MIA,REG,2005_03_CAR_MIA,CAR,14,33,171,2,1,0,0,0,0,0,171,10,-0.801387539637211,,0,8,4,2,1,30,144,1,0,0,5,1.50884144607738,0,1,1,1,1,14,0,171,2,0,0,0,0,10,18.4432621026644,0,8,4,2,1,0,36,0,28,0,0,2,4,47,0,1,37,6,0,0,0,0,0,0,0,0,0,0,0,2,12,0,13,138,3,0,0,0,0,0,1,4,4,80,2,2,0,0,32,1,0,1,1,0,0,0,0,0,0,0,0,0,27;32,,,59,0,0,3,3,0,0,1,1,1,0,0,32,6,0,55,268,3,0,2,0,1,3,17,0,251
2005,3,MIN,REG,2005_03_NO_MIN,NO,21,29,300,3,0,7,-27,0,0,0,300,13,6.74523990126007,,0,11,5,4,2,38,147,0,0,0,6,-3.13754593632817,0,3,2,1,0,21,0,300,3,0,0,0,0,13,24.0174031198258,0,11,5,4,2,0,37,5,5,0,0,2,3,17,0,2,2,8,0,0,0,0,0,0,0,0,0,0,0,2,0,0,8,60,5,0,0,0,0,0,3,8,4,91,4,5,1,0,48,0.8,0,2,1,1,0,0,0,0,1,0,0,0,24;28;48;34,33,,134,33,0,3,3,0,0,1,0,0,0,0,0,5,0,59,242,2,0,0,1,1,3,9,0,213
2005,3,NE,REG,2005_03_NE_PIT,PIT,31,41,372,0,1,3,-26,0,0,0,372,19,10.4401991105896,,0,18,9,4,0,30,79,2,1,1,5,-3.93052141292719,0,0,0,0,0,31,0,372,0,1,1,0,0,19,21.5224133181826,0,18,9,4,0,0,28,12,20,0,0,0,4,26,0,0,0,6,0,1,0,0,0,0,0,0,0,1,0,1,0,0,10,118,4,2,1,0,3,2,4,55,5,128,3,4,1,0,48,0.75,0,0,1,2,0,0,0,0,0,0,1,0,48;35;43,53,,126,53,0,2,2,0,0,1,1,1,0,0,43,4,0,49,180,1,0,1,0,0,3,20,0,160
2005,3,NO,REG,2005_03_NO_MIN,MIN,12,32,199,1,2,3,-17,0,0,0,199,7,-10.6518723157328,,0,7,4,3,1,20,114,1,0,0,6,2.37694383779308,0,5,4,1,0,12,0,199,1,0,0,0,0,7,15.5416599609912,0,7,4,3,1,0,58,7,15,0,0,0,7,27,0,0,0,2,0,0,0,0,0,0,0,0,0,0,0,0,0,0,14,84,5,2,0,0,2,2,3,9,8,193,1,1,0,0,22,1,0,1,0,0,0,0,0,0,0,0,0,0,22,,,22,0,0,1,1,0,0,1,0,0,0,0,0,6,0,50,250,3,0,0,0,3,3,8,0,242
2005,3,NYG,REG,2005_03_NYG_SD,LAC,24,41,352,2,0,2,-14,0,0,0,352,16,22.0834334692057,,0,16,7,5,1,23,86,0,1,0,5,-5.0547632033365,0,3,3,1,0,24,0,352,2,1,1,0,0,16,28.8139460904058,0,16,7,5,1,0,42,10,12,0,0,1,0,0,0,0,0,1,0,0,0,0,0,0,0,0,0,1,0,1,0,0,12,83,4,1,1,0,2,1,1,-2,7,161,3,3,0,0,40,1,0,2,0,1,0,0,0,0,0,0,0,0,22;40;28,,,90,0,0,2,2,0,0,1,0,0,0,0,0,4,0,54,176,1,2,0,0,0,2,10,0,166
2005,3,NYJ,REG,2005_03_JAX_NYJ,JAX,11,22,95,0,2,4,-16,2,0,0,95,5,-13.5479049335748,,0,4,2,1,0,25,89,1,0,0,4,-0.623108388652327,0,2,2,0,0,11,0,95,0,0,0,0,0,5,4.73023951224751,0,4,2,1,0,0,40,34,34,0,0,2,2,8,0,1,0,3,0,1,0,0,0,0,0,0,0,2,0,2,63,1,6,44,6,1,2,0,3,1,3,-3,3,75,2,2,0,0,35,1,0,1,1,0,0,0,0,0,0,0,0,0,35;25,,,60,0,0,2,2,0,0,1,0,0,0,0,0,7,0,58,340,3,0,0,0,2,5,31,0,309
2005,3,PHI,REG,2005_03_OAK_PHI,LV,30,52,365,2,1,1,0,0,0,0,365,16,6.73888858749905,,0,14,5,3,1,18,83,1,0,0,5,-0.0217543911421672,0,3,2,0,0,30,0,365,2,1,1,0,0,16,21.9509290046699,0,14,5,3,1,0,51,0,4,0,0,2,1,1,0,0,0,16,0,0,0,0,0,0,0,0,0,0,0,0,0,0,10,81,4,1,0,0,1,1,3,17,4,98,1,1,0,0,23,1,0,1,0,0,0,0,0,0,0,0,0,0,23,,,23,0,0,2,3,0,1,0.666666666666667,1,1,0,0,23,7,0,58,261,3,0,2,0,0,5,17,0,244
2005,3,PIT,REG,2005_03_NE_PIT,NE,12,28,216,2,0,4,-26,0,0,0,216,7,2.91526897117776,,0,6,3,2,2,23,79,0,0,0,4,-4.22985570273049,0,3,0,0,0,12,0,216,2,1,1,0,0,7,15.060458179214,0,6,3,2,2,0,46,19,29,0,0,2,3,26,0,1,5,4,0,0,0,0,0,0,0,0,0,0,0,2,27,0,5,35,3,0,1,0,1,1,3,20,4,79,2,3,1,0,33,0.666666666666667,0,1,1,0,0,0,0,0,0,0,1,0,33;24,52,,57,52,0,2,2,0,0,1,0,0,0,0,0,6,0,56,265,0,0,0,1,1,4,55,0,190
2005,3,SEA,REG,2005_03_ARI_SEA,ARI,21,32,284,0,0,0,0,0,0,0,284,15,13.3108108959974,,0,13,5,2,2,37,163,4,0,0,11,1.22928282111555,0,5,4,2,1,21,0,284,0,0,0,0,0,15,21.3160298194271,0,13,5,2,2,0,29,24,24,0,0,2,3,26,0,1,17,6,0,0,0,0,0,0,0,0,0,0,0,1,4,0,3,25,1,0,0,0,0,0,4,14,2,57,3,3,0,0,47,1,0,1,1,1,0,0,0,0,0,0,0,0,33;23;47,,,103,0,0,4,4,0,0,1,0,0,0,0,0,4,0,39,145,2,0,1,0,1,2,16,0,129
2005,3,SF,REG,2005_03_DAL_SF,DAL,21,34,269,3,2,2,-3,0,0,0,269,11,5.01593707987242,,0,10,2,2,1,25,124,0,1,0,7,-0.373607518646168,0,3,3,1,0,21,0,269,3,1,1,0,0,11,19.3267279050779,0,10,2,2,1,0,50,11,11,0,0,1,2,15,0,2,34,10,1,0,0,0,0,0,0,0,0,1,-2,1,0,0,8,67,5,1,1,0,2,1,1,10,5,94,1,1,0,0,20,1,0,1,0,0,0,0,0,0,0,0,0,0,20,,,20,0,0,4,4,0,0,1,0,0,0,0,0,5,0,48,199,1,0,2,0,1,2,8,0,191
2005,3,TB,REG,2005_03_TB_GB,GB,17,26,139,2,1,2,-7,1,0,0,139,9,-1.78819291872152,,0,7,2,0,0,41,161,0,0,0,8,-1.51772353192791,0,3,3,2,0,17,0,139,2,0,0,0,0,9,13.259436910972,0,7,2,0,0,0,30,8,26,0,0,1,2,10,0,3,29,6,0,0,0,0,0,0,0,0,0,1,0,1,4,0,8,103,5,0,1,0,1,0,2,23,4,68,1,1,0,0,42,1,0,0,0,1,0,0,0,0,0,0,0,0,42,,,42,0,0,2,2,0,0,1,0,0,0,0,0,6,0,57,284,1,0,1,1,1,3,23,0,241
2005,3,TEN,REG,2005_03_TEN_STL,LA,24,39,261,2,2,2,-13,0,0,0,261,10,-8.70805393781632,,0,10,5,1,1,24,87,0,0,0,7,-0.0174445725278929,0,1,1,1,0,24,0,261,2,1,1,0,0,10,14.1669221161207,0,10,5,1,1,0,48,1,1,0,0,3,4,33,0,1,1,4,0,0,0,0,0,0,0,0,0,0,0,3,25,1,11,80,4,1,0,0,1,1,1,0,4,109,2,2,0,0,41,1,0,0,1,1,0,0,0,0,0,0,0,0,41;39,,,80,0,0,3,3,0,0,1,0,0,0,0,0,5,0,51,216,3,0,1,0,3,1,1,0,215
2005,4,ARI,REG,2005_04_SF_ARI,SF,32,46,385,2,0,3,-19,1,1,0,385,17,13.6316736313299,,0,17,9,5,1,34,97,0,1,1,6,-21.2149151726899,0,4,3,0,0,32,0,385,2,0,0,0,0,17,33.4462008931297,0,17,9,5,1,0,34,0,8,0,0,5,5,43,0,1,22,3,0,1,0,0,0,0,0,0,0,0,0,3,0,0,4,37,4,3,0,0,3,3,5,71,1,19,6,6,0,0,48,1,0,2,0,4,0,0,0,0,0,0,0,0,40;45;48;23;43;24,,,223,0,0,1,1,0,0,1,0,0,0,0,0,3,0,51,135,0,0,0,1,0,2,7,0,108
2005,4,ATL,REG,2005_04_MIN_ATL,MIN,11,22,88,1,0,1,-5,0,0,0,88,7,-0.909613168329904,,0,4,0,0,0,41,285,2,1,0,15,6.73736114304517,0,8,7,5,0,11,0,88,1,0,0,0,0,7,6.97706515796017,0,4,0,0,0,0,50,2,2,0,0,2,9,52,0,2,43,4,0,0,0,0,0,0,0,0,0,1,0,1,0,0,8,65,4,0,1,0,1,0,3,14,1,36,3,3,0,0,39,1,0,1,2,0,0,0,0,0,0,0,0,0,38;26;39,,,103,0,0,3,3,0,0,1,0,0,0,0,0,3,0,39,105,2,1,0,0,0,2,0,0,105
2005,4,BAL,REG,2005_04_NYJ_BAL,NYJ,15,21,144,0,1,0,0,0,0,0,144,8,-1.44451761863813,,0,6,3,3,0,45,115,1,1,1,8,-11.9533186621848,0,0,0,0,0,15,0,144,0,0,0,0,0,8,6.57118132764926,0,6,3,3,0,0,31,11,11,0,0,0,5,25,0,0,0,2,0,0,0,0,0,0,0,0,0,0,0,0,0,0,3,19,3,1,0,0,1,1,4,56,2,52,2,2,0,0,42,1,0,1,0,1,0,0,0,0,0,0,0,0,42;25,,,67,0,0,1,1,0,0,1,0,0,0,0,0,5,0,51,231,1,0,0,0,1,4,32,0,199
2005,4,BUF,REG,2005_04_BUF_NO,NO,10,21,103,0,1,4,-36,2,1,0,103,5,-8.03998566783265,,0,7,1,0,0,23,141,1,1,0,6,-0.630495592369698,0,5,5,2,0,10,0,103,0,0,0,0,0,5,9.31751876088093,0,7,1,0,0,0,48,11,19,0,0,0,1,6,0,0,0,7,0,0,0,0,0,0,0,0,0,2,-2,0,0,0,12,79,4,2,1,0,3,1,1,8,6,216,0,1,1,0,,0,0,0,0,0,0,0,0,0,0,1,0,0,,45,,0,45,0,1,1,0,0,1,0,0,0,0,0,5,0,59,267,2,0,1,0,0,4,25,0,242
2005,4,CAR,REG,2005_04_GB_CAR,GB,17,24,206,2,0,2,-10,1,1,0,206,9,4.98501580598288,,0,8,5,3,1,33,90,2,0,0,6,-3.10658831446199,0,1,0,0,0,17,0,206,2,0,0,0,0,9,14.785875261276,0,8,5,3,1,0,47,4,10,0,0,1,1,9,0,1,32,3,0,0,0,0,0,0,0,0,0,0,0,1,0,0,8,75,3,1,0,0,1,1,4,17,3,112,2,2,0,0,38,1,0,0,2,0,0,0,0,0,0,0,0,0,32;38,,,70,0,0,2,3,0,1,0.666666666666667,0,0,0,0,0,5,0,53,216,1,0,1,0,0,4,29,0,187
2005,4,CIN,REG,2005_04_HOU_CIN,HOU,25,34,276,1,0,2,-3,1,0,0,276,17,12.8384504194892,,0,14,6,3,0,25,98,0,0,0,2,0.996980931553075,0,2,1,0,0,25,0,276,1,0,0,0,0,17,21.2580479306969,0,14,6,3,0,0,45,0,10,0,0,1,7,46,0,0,0,2,0,0,0,0,0,0,0,0,0,1,0,1,0,0,14,117,3,1,0,0,1,0,2,7,2,55,3,4,1,0,46,0.75,0,2,0,1,0,0,0,0,0,1,0,0,24;27;46,42,,97,42,0,1,1,0,0,1,0,0,0,0,0,2,0,53,95,1,0,0,0,1,1,4,0,91
2005,4,DAL,REG,2005_04_DAL_OAK,LV,11,27,212,1,1,4,-25,0,0,0,212,8,3.66323504954926,,0,7,3,2,2,32,116,0,0,0,4,-3.601368684105,0,1,1,0,0,11,0,212,1,0,0,0,0,8,18.3283469805028,0,7,3,2,2,0,37,12,12,0,0,0,3,14,0,0,0,2,0,0,0,0,0,0,0,0,0,0,0,0,0,0,6,35,4,0,0,0,0,0,0,0,1,22,2,2,0,0,30,1,0,1,1,0,0,0,0,0,0,0,0,0,29;30,,,59,0,0,1,1,0,0,1,0,0,0,0,0,5,0,56,224,1,0,0,0,0,5,34,0,190
2005,4,DEN,REG,2005_04_DEN_JAX,JAX,19,26,136,2,0,3,-18,0,0,0,136,12,2.05019290881387,,0,7,0,0,0,44,188,0,0,0,9,2.12759921803944,0,6,4,1,0,19,0,136,2,0,0,0,0,12,12.2750396333577,0,7,0,0,0,0,36,0,0,0,0,3,2,11,0,2,53,4,0,0,0,0,0,0,0,0,0,0,0,2,9,0,5,30,5,0,0,0,0,0,2,31,1,22,2,4,1,1,42,0.5,0,0,1,1,0,0,0,0,0,1,0,0,33;42,41,46,75,41,46,2,2,0,0,1,0,0,0,0,0,4,0,56,194,2,0,0,0,1,3,24,0,170
2005,4,DET,REG,2005_04_DET_TB,TB,15,27,137,0,0,2,-2,0,0,0,137,7,-4.52793366106382,,0,5,1,1,0,25,91,1,0,0,4,-2.06780327296957,0,2,0,0,0,15,0,137,0,1,1,0,0,7,5.99958558555227,0,5,1,1,0,0,42,9,9,0,0,1,3,18,0,3,87,7,0,0,0,0,0,0,0,0,0,0,0,1,0,0,8,55,4,1,0,0,1,1,3,25,3,33,2,2,0,0,44,1,0,1,0,1,0,0,0,0,0,0,0,0,44;23,,,67,0,0,1,1,0,0,1,0,0,0,0,0,6,0,49,257,3,1,0,0,2,3,15,0,242
2005,4,GB,REG,2005_04_GB_CAR,CAR,28,47,303,4,1,1,-9,1,1,0,303,15,8.6889701851618,,2,12,6,5,0,19,58,0,0,0,4,-1.98895358917071,0,2,1,0,0,28,0,303,4,0,0,0,0,15,29.6151829199956,2,12,6,5,0,0,46,7,11,0,0,1,2,10,0,0,0,2,0,0,0,0,1,0,0,0,0,0,0,1,-3,0,8,86,6,1,0,0,1,1,4,29,7,123,0,0,0,0,,,0,0,0,0,0,0,0,0,0,0,0,0,,,,0,0,0,1,1,0,0,1,0,0,0,0,0,5,0,53,227,2,0,0,0,1,4,17,0,210
2005,4,HOU,REG,2005_04_HOU_CIN,CIN,17,26,174,1,0,7,-46,1,1,0,174,11,2.21214025549125,,0,10,2,1,0,23,126,0,0,0,6,4.02486182250795,0,5,2,0,0,17,0,174,1,0,0,0,0,11,15.0801970456378,0,10,2,1,0,0,49,0,14,0,0,1,2,3,0,0,0,1,0,0,0,0,0,0,0,0,0,0,0,0,0,0,9,90,4,1,0,0,1,1,1,4,5,130,1,1,0,0,28,1,0,1,0,0,0,0,0,0,0,0,0,0,28,,,28,0,0,1,1,0,0,1,0,0,0,0,0,4,0,45,145,2,0,0,0,2,2,7,0,138
2005,4,IND,REG,2005_04_IND_TEN,TEN,20,27,264,4,0,0,0,0,0,0,264,15,28.291042914323,,0,11,7,5,0,26,100,0,0,0,5,-3.06116971426243,0,1,0,0,0,20,0,264,4,0,0,0,0,15,33.0367591878166,0,11,7,5,0,0,41,9,19,0,0,1,2,16,0,1,0,2,0,0,0,0,0,0,0,0,0,1,0,0,0,0,1,10,2,1,0,0,1,0,0,0,1,17,1,1,0,0,20,1,0,1,0,0,0,0,0,0,0,0,0,0,20,,,20,0,0,4,4,0,0,1,0,0,0,0,0,2,0,56,111,0,0,0,1,0,1,1,0,90
2005,4,JAX,REG,2005_04_DEN_JAX,DEN,20,34,240,1,2,2,-11,1,1,0,240,10,-4.61422721348936,,0,11,4,2,1,11,12,0,0,0,1,-4.68891518586315,0,0,0,0,0,20,0,240,1,2,1,0,0,10,11.9525298934896,0,11,4,2,1,0,62,2,10,0,0,0,3,18,0,0,0,3,0,0,0,0,0,1,0,0,0,0,0,0,0,0,15,119,5,3,0,1,3,2,3,24,3,87,0,0,0,0,,,0,0,0,0,0,0,0,0,0,0,0,0,,,,0,0,0,1,1,0,0,1,0,0,0,0,0,6,0,51,251,3,1,2,0,1,2,31,0,220
2005,4,KC,REG,2005_04_PHI_KC,PHI,19,30,221,2,2,3,-12,0,0,0,221,10,-5.96396056766755,,0,7,3,3,1,27,144,1,1,1,9,1.56874569266802,0,6,5,2,0,19,0,221,2,0,0,0,0,10,16.6555141938406,0,7,3,3,1,1,45,5,5,0,0,1,1,1,0,1,0,2,0,0,0,0,0,1,0,0,0,0,0,1,0,0,6,40,6,2,0,0,2,2,1,0,8,234,1,1,0,0,38,1,0,0,1,0,0,0,0,0,0,0,0,0,38,,,38,0,0,4,4,0,0,1,0,0,0,0,0,4,0,62,192,1,0,0,1,1,2,2,0,170
2005,4,LA,REG,2005_04_STL_NYG,NYG,40,62,442,2,3,1,-8,0,0,0,442,22,15.1946848472784,,0,20,10,4,0,15,42,1,2,1,4,-2.42053491307888,0,2,0,0,0,40,0,442,2,1,1,0,0,22,34.963653007036,0,20,10,4,0,0,35,14,14,0,0,0,1,4,0,0,0,4,0,0,0,0,0,0,0,0,0,1,-7,0,0,0,11,103,6,1,2,0,3,2,1,5,7,167,1,2,1,0,37,0.5,0,0,1,0,0,0,0,0,0,1,0,0,37,48,,37,48,0,3,3,0,0,1,0,0,0,0,0,2,0,39,68,0,0,1,0,0,1,11,0,57
2005,4,LAC,REG,2005_04_SD_NE,NE,19,24,248,2,0,0,0,0,0,0,248,13,23.2852070042864,,0,12,5,4,0,40,183,2,0,0,10,0.706053124408025,0,4,1,0,0,19,0,248,2,0,0,0,0,13,28.0429121864727,0,12,5,4,0,0,18,23,23,0,0,1,1,8,0,2,41,6,1,0,0,0,0,0,0,0,0,0,0,0,0,0,7,50,3,0,0,0,0,0,3,24,4,80,2,2,0,0,42,1,0,1,0,1,0,0,0,0,0,0,0,0,42;21,,,63,0,0,5,5,0,0,1,0,0,0,0,0,3,0,53,151,0,0,0,2,0,1,8,0,103
2005,4,LV,REG,2005_04_DAL_OAK,DAL,13,23,218,0,0,3,-14,0,0,0,218,8,0.990077935090552,,0,8,5,3,1,30,129,1,0,0,8,2.03762236557668,0,2,1,1,0,13,0,218,0,0,0,0,0,8,14.9434317450505,0,8,5,3,1,0,36,11,11,0,0,0,4,25,0,1,0,2,0,0,0,0,0,0,0,0,0,0,0,0,0,0,13,85,3,0,0,0,0,0,5,34,2,59,4,4,0,0,49,1,0,1,1,2,0,0,0,0,0,0,0,0,30;23;49;43,,,145,0,0,1,1,0,0,1,0,0,0,0,0,4,0,59,181,1,1,2,1,0,0,0,0,161
2005,4,MIN,REG,2005_04_MIN_ATL,ATL,23,34,250,1,2,9,-52,2,1,0,250,11,-11.2170807203098,,0,12,5,2,0,16,63,0,0,0,4,1.75238738988992,0,2,1,0,0,23,0,250,1,0,0,0,0,11,19.7503218602506,0,12,5,2,0,0,51,3,3,0,0,0,1,5,0,0,0,2,0,1,0,0,0,0,0,0,0,0,0,0,0,0,11,85,4,2,1,1,3,1,2,0,5,101,1,1,0,0,43,1,0,0,0,1,0,0,0,0,0,0,0,0,43,,,43,0,0,1,1,0,0,1,0,0,0,0,0,5,0,51,230,1,0,1,0,1,3,14,0,216
2005,4,NE,REG,2005_04_SD_NE,LAC,21,36,239,1,2,1,-8,0,0,0,239,11,-5.67716128442506,,0,12,6,4,0,18,73,1,0,0,6,1.33638408500701,0,2,2,1,0,21,0,239,1,0,0,0,0,11,14.5107434462116,0,12,6,4,0,0,31,30,30,0,0,0,0,0,0,0,0,2,0,0,0,0,0,0,0,0,0,1,0,0,0,0,4,62,6,1,0,0,1,0,1,8,8,203,1,2,1,0,24,0.5,0,1,0,0,0,0,0,0,1,0,0,0,24,37,,24,37,0,2,2,0,0,1,0,0,0,0,0,4,0,57,184,0,0,0,1,0,3,24,0,140
2005,4,NO,REG,2005_04_BUF_NO,BUF,15,26,172,0,0,1,-6,0,0,0,172,8,0.480141656260268,,0,6,4,4,0,41,167,1,0,0,11,-1.34936251800433,0,4,3,1,0,15,0,172,0,0,0,0,0,8,11.5478271325881,0,6,4,4,0,0,38,5,7,0,0,2,4,36,0,1,39,6,0,0,0,0,0,0,0,0,0,0,0,1,5,0,4,26,5,0,0,0,0,0,4,25,2,45,4,5,1,0,40,0.8,0,2,1,1,0,0,0,0,1,0,0,0,23;40;20;37,32,,120,32,0,1,1,0,0,1,0,0,0,0,0,4,0,54,160,3,0,0,0,3,1,8,0,152
2005,4,NYG,REG,2005_04_STL_NYG,LA,19,35,296,4,0,1,-4,0,0,0,296,12,16.0146432996818,,0,13,7,5,1,29,164,1,0,0,8,7.00431782309897,0,7,5,1,0,19,0,296,4,0,0,0,0,12,31.0345104680164,0,13,7,5,1,0,44,14,14,0,0,1,1,8,0,3,95,9,0,0,0,0,0,0,0,0,0,0,0,2,0,0,11,90,2,0,0,0,0,0,1,11,3,65,3,3,0,0,38,1,0,1,2,0,0,0,0,0,0,0,0,0,38;32;23,,,93,0,0,5,5,0,0,1,0,0,0,0,0,2,0,47,89,0,0,0,1,0,1,5,0,64
2005,4,NYJ,REG,2005_04_NYJ_BAL,BAL,14,28,149,0,0,5,-25,0,0,0,149,5,-12.5682481877157,,0,7,4,2,0,15,28,0,0,0,2,-5.75755825478053,0,0,0,0,0,14,0,149,0,0,0,0,0,5,5.63141715299571,0,7,4,2,0,0,31,31,31,0,0,1,0,0,0,1,0,3,0,0,0,0,0,0,0,0,0,0,0,1,43,0,5,39,5,0,0,0,0,0,4,32,4,89,1,1,0,0,21,1,0,1,0,0,0,0,0,0,0,0,0,0,21,,,21,0,0,0,0,0,0,,0,0,0,0,0,9,0,57,380,2,1,1,2,1,4,56,0,284
2005,4,PHI,REG,2005_04_PHI_KC,KC,33,48,369,3,1,1,-1,0,0,0,369,22,20.7192973835092,,1,17,7,4,0,17,28,0,1,0,2,-4.49209110927768,0,0,0,0,0,33,0,369,3,0,0,0,0,22,33.7173073356827,1,17,7,4,0,0,51,2,2,0,0,2,3,12,0,2,60,7,1,1,0,0,0,0,0,0,0,2,0,2,0,0,3,25,5,1,2,0,3,1,2,2,5,106,3,4,0,1,44,0.75,0,1,1,1,0,0,0,0,0,0,0,0,44;37;26,,40,107,0,40,2,2,0,0,1,0,0,0,0,0,3,0,43,114,1,0,2,0,0,1,0,0,114
2005,4,SEA,REG,2005_04_SEA_WAS,WAS,26,38,242,1,0,1,-7,0,0,0,242,14,9.49850976512744,,0,10,5,2,0,23,119,1,1,0,7,4.49237557530748,0,3,2,1,0,26,0,242,1,0,0,0,0,14,20.0008510194602,0,10,5,2,0,0,56,4,12,0,0,0,2,15,0,1,2,5,0,0,0,0,0,1,0,0,0,0,0,0,0,0,8,84,3,1,0,1,1,0,1,-3,3,44,1,3,2,0,53,0.333333333333333,0,0,0,0,1,0,0,0,0,2,0,0,53,47;47,,53,94,0,2,2,0,0,1,0,0,0,0,0,3,0,46,99,1,0,0,0,2,1,9,0,90
2005,4,SF,REG,2005_04_SF_ARI,ARI,17,31,160,0,1,5,-43,1,1,0,160,7,-9.66577896184754,,0,7,4,1,0,14,51,0,0,0,1,-2.46382387611084,0,2,0,0,0,17,0,160,0,3,2,0,0,7,4.16089433571324,0,7,4,1,0,0,65,0,16,0,0,3,2,19,0,0,0,3,0,1,0,0,0,0,0,0,0,2,0,3,87,2,8,52,4,5,0,0,5,3,2,7,2,38,0,0,0,0,,,0,0,0,0,0,0,0,0,0,0,0,0,,,,0,0,0,2,2,0,0,1,0,0,0,0,0,7,0,58,327,1,1,0,0,1,5,71,0,256
2005,4,TB,REG,2005_04_DET_TB,DET,22,39,302,2,3,3,-18,1,1,0,302,11,-5.28675042108944,,0,9,5,4,2,22,69,0,0,0,3,-4.02791459846776,0,2,1,0,0,22,0,302,2,0,0,0,0,11,21.8661255240392,0,9,5,4,2,0,33,16,20,0,0,1,2,2,0,0,0,0,0,0,0,0,0,0,0,0,0,0,0,1,0,0,7,55,3,1,0,0,1,1,3,15,2,29,1,2,1,0,43,0.5,0,0,0,1,0,0,0,0,0,1,0,0,43,46,,43,46,0,2,2,0,0,1,0,0,0,0,0,3,0,50,140,1,0,0,0,0,3,25,0,115
2005,4,TEN,REG,2005_04_IND_TEN,IND,28,37,220,1,1,2,-16,0,0,0,220,12,5.08236890692781,,0,7,3,1,0,19,109,0,0,0,6,1.02837580768391,0,4,3,0,0,28,0,220,1,0,0,0,0,12,16.6541509150905,0,7,3,1,0,0,32,5,17,0,0,1,0,0,0,0,0,1,0,0,0,0,0,0,0,0,0,1,0,0,0,0,9,76,3,1,0,0,1,0,1,1,6,137,1,2,1,0,34,0.5,0,0,1,0,0,0,0,0,1,0,0,0,34,38,,34,38,0,1,1,0,0,1,0,0,0,0,0,3,0,44,113,0,0,0,0,3,0,0,0,113
2005,4,WAS,REG,2005_04_SEA_WAS,SEA,20,36,226,2,1,2,-15,0,0,0,226,17,9.89226030662122,,0,13,4,1,0,39,141,0,0,0,7,-2.56570361150079,0,3,2,0,0,20,0,226,2,0,0,0,0,17,27.9096733574115,0,13,4,1,0,0,52,1,3,0,0,1,1,7,0,0,0,2,0,0,0,0,0,0,0,0,0,0,0,0,0,0,2,10,2,0,0,0,0,0,1,9,4,95,2,3,0,1,40,0.666666666666667,0,0,1,1,0,0,0,0,0,0,0,0,40;39,,39,79,0,39,2,2,0,0,1,1,1,0,0,39,2,0,42,82,1,0,0,1,0,1,-3,0,65
2005,5,ARI,REG,2005_05_CAR_ARI,CAR,29,46,394,2,3,1,-2,0,0,0,394,17,7.67710421947651,,0,17,9,7,3,27,72,0,0,0,2,-12.1870532539057,0,1,1,0,0,29,0,394,2,1,1,0,0,17,26.9737978572375,0,17,9,7,3,0,36,10,10,0,0,1,0,0,0,1,25,3,0,0,0,0,0,0,0,0,0,0,0,1,0,0,8,55,4,1,0,0,1,1,3,33,4,109,2,2,0,0,49,1,0,0,1,1,0,0,0,0,0,0,0,0,39;49,,,88,0,0,2,2,0,0,1,0,0,0,0,0,3,0,44,127,1,1,1,0,1,0,0,0,127
2005,5,ATL,REG,2005_05_NE_ATL,NE,18,34,298,3,0,3,-14,0,0,0,298,14,4.69077860987733,,1,13,9,5,1,26,116,0,0,0,5,0.977153954445384,0,2,2,0,0,18,0,298,3,0,0,0,0,14,19.2053653890624,1,13,9,4,1,0,43,12,12,0,0,0,1,8,0,1,0,2,0,0,0,0,0,0,0,0,0,0,0,0,0,0,8,84,5,0,0,0,0,0,1,8,6,119,2,2,0,0,58,1,0,0,1,0,1,0,0,0,0,0,0,0,33;58,,,91,0,0,2,2,0,0,1,0,0,0,0,0,7,0,53,319,2,0,0,1,4,2,5,0,294
2005,5,BAL,REG,2005_05_BAL_DET,DET,20,37,230,2,2,1,-2,0,0,0,230,12,-4.55253119651529,,0,9,5,4,1,30,159,0,0,0,10,3.83374469727278,0,7,3,0,0,20,0,230,2,2,2,0,0,12,10.9059164657833,0,9,5,4,1,0,46,0,12,0,0,0,0,0,0,2,38,5,0,0,0,0,0,0,0,0,0,0,0,0,0,0,21,147,5,2,0,0,2,2,3,24,5,96,1,1,0,0,46,1,0,0,0,1,0,0,0,0,0,0,0,0,46,,,46,0,0,2,2,0,0,1,0,0,0,0,0,4,0,53,164,0,0,0,0,0,4,75,0,89
2005,5,BUF,REG,2005_05_MIA_BUF,MIA,20,26,169,1,0,3,-32,1,0,0,169,8,-0.6417658761429,,0,6,2,1,1,36,99,1,2,1,7,-8.68983788775718,0,1,0,0,0,20,0,169,1,0,0,0,0,8,10.4017781245703,0,6,2,1,1,0,30,12,26,0,0,2,2,16,0,3,6,6,0,1,0,0,0,0,0,0,0,3,-18,2,0,0,7,63,4,2,3,1,5,1,2,1,3,105,2,2,0,0,47,1,0,1,0,1,0,0,0,0,0,0,0,0,24;47,,,71,0,0,2,2,0,0,1,0,0,0,0,0,6,0,63,301,3,0,0,0,1,5,33,0,268
2005,5,CAR,REG,2005_05_CAR_ARI,ARI,18,29,243,2,1,0,0,0,0,0,243,12,8.08596782903869,,0,9,3,2,1,27,87,1,0,0,2,-3.12799155595712,0,1,0,0,0,18,0,243,2,1,1,0,0,12,16.5302494452875,0,9,3,2,1,0,48,16,16,0,0,1,1,2,0,3,84,10,0,0,0,0,0,0,0,0,0,0,0,1,20,0,4,30,3,1,0,0,1,1,0,0,3,95,1,3,2,0,46,0.333333333333333,0,0,0,1,0,0,0,0,0,0,1,1,46,53;62,,46,115,0,3,3,0,0,1,0,0,0,0,0,5,0,52,214,2,1,0,0,1,3,33,0,181
2005,5,CHI,REG,2005_05_CHI_CLE,CLE,16,26,117,1,0,4,-27,1,1,0,117,7,-7.48027957801085,,0,5,1,1,0,34,176,0,2,1,9,-5.44588433828903,0,6,6,2,0,16,0,117,1,1,1,0,0,7,4.22096636809874,0,5,1,1,0,0,27,22,22,0,0,0,3,16,0,2,72,3,0,0,0,0,0,0,0,0,0,1,-9,0,0,0,7,57,4,3,1,0,4,3,1,0,5,114,1,2,1,0,44,0.5,0,0,0,1,0,0,0,0,0,1,0,0,44,48,,44,48,0,1,1,0,0,1,0,0,0,0,0,4,0,56,179,1,0,2,1,0,1,15,0,144
2005,5,CIN,REG,2005_05_CIN_JAX,JAX,22,33,239,2,0,2,-7,1,1,0,239,12,2.97147013829151,,0,10,3,2,1,26,132,0,0,0,6,1.34350328205619,0,5,4,0,0,22,0,239,2,1,0,0,0,12,17.3658991675518,0,10,3,2,1,0,46,0,2,0,0,1,0,0,0,0,0,2,0,0,0,0,0,0,0,0,0,1,0,1,0,0,12,94,5,2,0,0,2,1,2,8,3,82,2,2,0,0,48,1,0,0,1,1,0,0,0,0,0,0,0,0,31;48,,,79,0,0,2,2,0,0,1,0,0,0,0,0,5,1,75,216,2,3,0,0,1,1,8,0,208
2005,5,CLE,REG,2005_05_CHI_CLE,CHI,23,34,218,2,2,3,-16,0,0,0,218,11,-7.02195631457504,,0,6,3,3,0,22,76,0,0,0,4,-4.93447063304484,0,3,1,0,0,23,0,218,2,0,0,0,0,11,16.0319659662106,0,6,3,3,0,0,41,16,16,0,0,3,4,27,0,0,0,0,0,0,0,0,0,0,0,0,0,0,0,3,13,0,5,55,2,0,0,0,0,0,1,15,3,61,2,2,0,0,44,1,1,0,0,1,0,0,0,0,0,0,0,0,19;44,,,63,0,0,2,2,0,0,1,0,0,0,0,0,6,0,47,248,2,0,2,1,2,1,0,0,228
2005,5,DAL,REG,2005_05_PHI_DAL,PHI,24,35,289,3,0,0,0,0,0,0,289,15,15.8061118483955,,0,14,5,1,0,46,167,0,0,0,10,-6.50811619437383,0,6,3,1,0,24,0,289,3,1,1,0,0,15,13.624887448852,0,14,5,1,0,0,33,0,2,0,0,0,4,35,0,0,0,1,0,1,0,0,0,0,0,0,0,1,0,0,0,0,5,48,3,2,0,0,2,1,7,84,3,87,4,4,0,0,45,1,0,1,2,1,0,0,0,0,0,0,0,0,28;33;37;45,,,143,0,0,3,3,0,0,1,0,0,0,0,0,2,0,43,82,0,0,0,0,1,1,0,0,82
2005,5,DEN,REG,2005_05_WAS_DEN,WAS,10,26,92,1,0,0,0,0,0,0,92,4,-5.05299539834959,,0,3,1,1,0,28,165,2,0,0,6,6.02969839447178,0,3,3,2,1,10,0,92,1,0,0,0,0,4,8.64581178867957,0,3,1,1,0,0,43,6,18,0,0,0,0,0,0,0,0,6,0,0,0,0,0,1,0,0,16,0,0,1,0,0,6,43,4,0,0,0,0,0,0,0,4,74,0,0,0,0,,,0,0,0,0,0,0,0,0,0,0,0,0,,,,0,0,0,3,3,0,0,1,0,0,0,0,0,7,1,65,331,2,0,2,0,2,3,24,0,307
2005,5,DET,REG,2005_05_BAL_DET,BAL,10,23,97,1,2,1,0,1,0,0,97,6,-2.74852934887167,,0,6,1,0,0,37,169,4,0,0,7,5.17752442497294,0,3,2,1,1,10,0,97,1,0,0,0,0,6,10.6604074195493,0,6,1,0,0,0,47,1,21,0,0,2,1,2,0,2,21,7,0,0,0,0,0,0,0,0,0,1,23,2,0,0,7,46,2,0,1,0,1,0,4,75,3,48,0,0,0,0,,,0,0,0,0,0,0,0,0,0,0,0,0,,,,0,0,0,5,5,0,0,1,0,0,0,0,0,4,0,52,185,1,1,0,0,0,3,24,0,161
2005,5,GB,REG,2005_05_NO_GB,NO,20,28,215,3,0,0,0,0,0,0,215,12,13.3153112525723,,0,8,3,3,1,28,94,2,1,0,6,-0.500695389113389,0,2,1,1,0,20,0,215,3,0,0,0,0,12,19.2114276184002,0,8,3,3,1,0,37,17,21,0,0,2,4,18,0,3,117,8,2,0,0,0,0,0,0,0,0,1,0,2,8,0,6,36,2,0,1,0,1,0,4,22,1,25,1,1,0,0,26,1,0,1,0,0,0,0,0,0,0,0,0,0,26,,,26,0,0,7,7,0,0,1,0,0,0,0,0,6,0,49,227,1,1,0,0,1,4,20,0,207
2005,5,HOU,REG,2005_05_TEN_HOU,TEN,18,27,131,1,1,7,-35,1,0,0,131,7,-8.03395333420876,,1,4,1,0,0,28,161,0,0,0,5,1.27632851985179,0,4,3,1,1,18,0,131,1,0,0,0,0,7,8.46440159376664,1,4,1,0,0,0,42,12,16,0,0,1,0,0,0,0,0,5,0,0,0,0,0,0,0,0,35,1,0,0,0,0,6,39,5,2,0,1,2,0,3,20,7,171,4,4,0,0,47,1,0,0,2,2,0,0,0,0,0,0,0,0,32;38;43;47,,,160,0,0,0,0,0,0,,0,0,0,0,0,5,0,61,227,1,0,1,0,2,2,8,0,219
2005,5,IND,REG,2005_05_IND_SF,SF,23,31,255,1,2,1,-10,0,0,0,255,14,13.8123779005255,,0,12,5,1,0,28,120,2,1,1,8,-4.6496183819836,0,2,2,1,0,23,0,255,1,0,0,0,0,14,25.1225328091532,0,12,5,1,0,0,45,0,8,0,0,2,5,30,0,4,52,9,1,0,0,0,0,0,0,0,0,0,0,1,0,0,10,80,2,1,0,0,1,1,3,16,0,0,0,0,0,0,,,0,0,0,0,0,0,0,0,0,0,0,0,,,,0,0,0,4,4,0,0,1,0,0,0,0,0,2,0,45,83,1,0,1,0,0,1,7,0,76
2005,5,JAX,REG,2005_05_CIN_JAX,CIN,10,24,161,2,0,0,0,0,0,0,161,7,0.755125342338303,,0,8,6,2,0,37,181,0,0,0,8,-1.64363539527403,0,9,3,0,0,10,0,161,2,0,0,0,0,7,14.0663621606655,0,8,6,2,0,0,51,0,8,0,0,2,2,7,0,0,0,6,0,0,0,1,0,0,0,0,0,0,0,1,0,0,10,98,4,1,0,0,1,1,1,8,4,73,3,3,0,0,53,1,0,0,1,0,2,0,0,0,0,0,0,0,32;51;53,,,136,0,0,2,2,0,0,1,0,0,0,0,0,5,0,44,199,1,0,0,1,2,2,8,0,171
2005,5,LA,REG,2005_05_SEA_STL,SEA,26,40,336,2,1,4,-27,0,0,0,336,14,5.82511182814095,,0,14,10,5,0,17,77,1,0,0,5,2.42718369420618,0,3,3,0,0,26,0,336,2,0,0,0,0,14,24.2784441631306,0,14,10,5,0,1,64,2,2,0,0,0,4,17,0,0,0,2,0,1,0,0,0,0,0,0,0,1,0,0,0,0,7,74,5,2,0,0,2,1,4,6,6,202,1,1,0,0,40,1,0,0,0,1,0,0,0,0,0,0,0,0,40,,,40,0,0,4,4,0,0,1,0,0,0,0,0,6,0,42,201,1,0,0,1,3,2,28,0,153
2005,5,LAC,REG,2005_05_PIT_SD,PIT,20,35,219,1,1,1,-6,0,0,0,219,12,-1.43660006076953,,0,11,5,3,1,21,66,1,0,0,4,-0.863821684571914,0,1,1,0,0,20,0,219,1,0,0,0,0,12,18.9312695967233,0,11,5,3,1,0,28,29,29,0,0,1,3,18,0,0,0,3,0,0,0,0,0,0,0,0,0,0,0,1,0,0,9,100,5,1,0,0,1,1,2,11,5,157,3,3,0,0,41,1,0,0,2,1,0,0,0,0,0,0,0,0,34;32;41,,,107,0,0,1,1,0,0,1,0,0,0,0,0,4,0,52,193,2,0,1,0,2,1,0,0,193
2005,5,MIA,REG,2005_05_MIA_BUF,BUF,21,33,226,2,3,2,-16,0,0,0,226,9,1.46128350979416,,0,6,5,4,1,20,113,0,0,0,5,-0.133718592405785,0,5,4,2,0,21,0,226,2,2,1,0,0,9,9.15129667846486,0,6,5,4,1,0,40,19,23,0,0,2,3,32,0,0,0,2,0,1,0,0,0,0,0,0,0,1,-12,1,0,0,18,102,4,2,2,1,4,2,5,33,5,104,0,0,0,0,,,0,0,0,0,0,0,0,0,0,0,0,0,,,,0,0,0,2,2,0,0,1,0,0,0,0,0,3,0,51,122,1,0,0,0,1,2,1,0,121
2005,5,NE,REG,2005_05_NE_ATL,ATL,22,27,350,3,1,1,-8,0,0,0,350,11,19.4244792277459,,0,8,5,5,4,30,141,1,0,0,8,0.0951362635050015,0,5,3,0,0,22,0,350,3,0,0,0,0,11,29.0996976036113,0,8,5,5,4,0,44,3,5,0,0,0,3,14,0,0,0,5,0,0,0,0,0,0,0,0,0,0,0,0,0,0,11,83,6,0,0,0,0,0,2,5,5,86,1,1,0,0,29,1,0,1,0,0,0,0,0,0,0,0,0,0,29,,,29,0,0,4,4,0,0,1,1,1,0,0,29,6,0,53,261,3,0,2,0,3,1,8,0,253
2005,5,NO,REG,2005_05_NO_GB,GB,14,35,177,0,3,4,-18,1,1,0,177,7,-24.7006116413452,,0,7,5,3,1,26,95,0,0,0,6,-4.26835888490094,0,4,3,0,0,14,0,177,0,1,1,0,0,7,10.1508515508315,0,7,5,3,1,0,39,9,15,0,0,0,0,0,0,0,0,3,0,0,0,0,0,0,0,0,0,0,0,0,0,0,11,107,3,2,0,0,2,2,4,20,8,183,1,3,2,0,33,0.333333333333333,0,0,1,0,0,0,0,0,0,2,0,0,33,43;43,,33,86,0,0,0,0,0,,0,0,0,0,0,6,0,56,285,2,0,1,0,1,4,22,0,263
2005,5,NYJ,REG,2005_05_TB_NYJ,TB,13,19,163,0,1,2,-13,0,0,0,163,9,1.19304679213711,,0,7,5,2,0,27,62,2,0,0,3,-2.3916301120189,0,1,1,0,0,13,0,163,0,0,0,0,0,9,9.72589587014555,0,7,5,2,0,0,35,28,28,0,0,1,3,25,0,1,43,5,0,2,0,0,0,0,0,0,0,1,0,0,0,0,6,46,4,0,3,0,3,2,4,29,5,109,0,2,2,0,,0,0,0,0,0,0,0,0,0,0,2,0,0,,40;48,,0,88,0,2,2,0,0,1,0,0,0,0,0,4,0,50,173,1,0,0,0,0,4,18,0,155
2005,5,PHI,REG,2005_05_PHI_DAL,DAL,16,30,145,0,0,4,-35,0,0,0,145,5,-9.70070340237209,,0,6,4,3,0,9,19,0,0,0,0,-3.30060054594651,0,0,0,0,0,16,0,145,0,0,0,0,0,5,5.50489847143763,0,6,4,3,0,0,70,0,8,0,0,2,0,0,0,0,0,1,0,0,0,0,0,0,0,0,0,0,0,1,80,1,8,54,6,0,0,0,0,0,1,0,6,96,1,1,0,0,23,1,0,1,0,0,0,0,0,0,0,0,0,0,23,,,23,0,0,1,1,0,0,1,0,0,0,0,0,8,0,54,378,1,0,0,0,1,7,84,0,294
2005,5,PIT,REG,2005_05_PIT_SD,LAC,17,26,225,1,0,3,-18,1,1,0,225,11,3.42487206344958,,0,10,6,4,0,32,104,2,0,0,9,3.14117595526408,0,2,1,0,0,17,0,225,1,0,0,0,0,11,18.0866401742678,0,10,6,4,0,0,40,8,8,0,0,1,1,6,0,1,25,6,0,0,0,0,0,0,0,0,0,0,0,1,0,0,11,104,4,1,0,0,1,1,1,0,6,138,1,1,0,0,40,1,0,0,0,1,0,0,0,0,0,0,0,0,40,,,40,0,0,3,3,0,0,1,1,1,0,0,40,6,0,65,256,2,1,0,1,2,2,11,0,225
2005,5,SEA,REG,2005_05_SEA_STL,LA,27,38,316,2,0,4,-17,0,0,0,316,15,10.8952707975944,,0,10,4,4,1,30,134,2,0,0,9,-1.31548073905287,0,4,3,0,0,27,0,316,2,0,0,0,0,15,24.3526981971766,0,10,4,4,1,0,51,2,2,0,0,2,4,27,0,1,3,5,0,0,0,0,0,0,0,0,0,0,0,1,0,0,7,50,5,0,0,0,0,0,2,28,5,117,3,3,0,0,44,1,0,1,1,1,0,0,0,0,0,0,0,0,34;44;28,,,106,0,0,4,4,0,0,1,0,0,0,0,0,6,0,54,242,4,2,0,0,0,4,6,0,236
2005,5,SF,REG,2005_05_IND_SF,IND,9,23,74,0,4,5,-30,2,1,0,74,4,-24.4004973295846,,0,4,1,1,0,28,133,0,0,0,6,1.65861619927455,0,4,2,2,0,9,0,74,0,0,0,0,0,4,4.00617465215005,0,4,1,1,0,0,44,4,14,0,0,1,1,10,0,2,13,5,0,0,0,0,0,0,0,0,0,1,0,1,0,0,7,40,2,2,0,0,2,1,1,7,5,101,1,1,0,0,30,1,0,0,1,0,0,0,0,0,0,0,0,0,30,,,30,0,0,0,0,0,0,,0,0,0,0,0,5,0,50,208,1,0,1,0,1,3,16,0,192
2005,5,TB,REG,2005_05_TB_NYJ,NYJ,27,42,226,0,1,3,-25,0,0,0,226,12,-8.09495676014266,,0,8,4,2,0,26,84,0,0,0,4,-2.65956469339839,0,1,0,0,0,27,0,226,0,1,0,0,0,12,10.9128815927421,0,8,4,2,0,0,35,11,11,0,0,0,2,13,0,1,0,4,0,1,0,0,0,0,0,0,0,2,0,2,0,0,12,87,5,1,1,0,2,0,4,18,2,21,4,4,0,0,43,1,0,0,3,1,0,0,0,0,0,0,0,0,35;36;43;30,,,144,0,0,0,0,0,0,,0,0,0,0,0,5,0,59,259,0,0,0,1,0,4,29,0,210
2005,5,TEN,REG,2005_05_TEN_HOU,HOU,22,31,220,2,0,0,0,0,0,0,220,15,11.3711269670011,,0,13,3,1,1,31,90,2,1,0,5,-5.51723899214994,0,2,0,0,0,22,0,220,2,0,0,0,0,15,20.402631185425,0,13,3,1,1,0,54,10,10,0,0,2,7,35,0,1,3,2,0,0,0,0,0,0,0,0,0,0,0,0,0,0,7,65,5,1,0,1,1,0,2,8,4,145,2,3,1,0,52,0.666666666666667,0,0,0,1,1,0,0,0,0,0,1,0,52;49,58,,101,58,0,4,4,0,0,1,0,0,0,0,0,4,0,54,186,0,0,0,0,1,3,20,0,166
2005,5,WAS,REG,2005_05_WAS_DEN,DEN,30,53,322,2,0,0,0,0,0,0,322,18,6.65787801678106,,0,15,7,3,0,26,125,0,1,1,7,-2.12784870993346,0,4,4,1,0,30,0,322,2,0,0,0,0,18,25.2244809966091,0,15,7,3,0,0,30,2,14,0,0,0,0,0,0,0,0,4,0,0,0,1,0,0,0,0,0,0,-5,0,0,0,10,67,6,0,1,0,1,1,3,24,3,85,2,3,0,1,36,0.666666666666667,0,0,2,0,0,0,0,0,0,0,0,0,34;36,,38,70,0,38,1,1,0,0,1,0,0,0,0,0,5,0,49,184,3,0,2,0,3,0,0,0,184
2005,6,ATL,REG,2005_06_ATL_NO,NO,11,23,112,1,1,1,-6,0,0,0,112,6,-7.04372573297071,,0,8,2,1,0,33,160,1,0,0,12,8.31317072024103,0,3,2,1,0,11,0,112,1,0,0,0,0,6,9.1223297767574,0,8,2,1,0,1,32,26,28,0,0,1,2,14,0,1,22,6,0,0,0,0,0,1,0,0,59,0,0,1,66,1,10,79,3,0,0,0,0,0,0,0,6,143,2,2,0,0,37,1,0,0,2,0,0,0,0,0,0,0,0,0,37;36,,,73,0,0,4,4,0,0,1,1,1,0,0,36,4,0,54,189,0,0,0,0,0,4,7,0,182
2005,6,BAL,REG,2005_06_CLE_BAL,CLE,23,31,213,1,1,1,-12,1,0,0,213,10,1.24774729745978,,0,9,4,2,0,33,150,0,0,0,5,-4.9715415359824,0,4,2,1,1,23,0,213,1,0,0,0,0,10,13.4509515498095,0,9,4,2,0,0,42,4,6,0,0,2,4,31,0,1,0,5,0,0,0,0,0,0,0,0,0,1,0,2,0,0,11,97,3,1,0,0,1,0,3,74,1,7,3,3,0,0,39,1,0,1,2,0,0,0,0,0,0,0,0,0,39;27;38,,,104,0,0,1,1,0,0,1,0,0,0,0,0,5,0,60,238,1,0,0,0,0,5,38,0,200
2005,6,BUF,REG,2005_06_NYJ_BUF,NYJ,18,26,172,2,2,1,-8,0,0,0,172,8,-0.0967284536480517,,0,6,2,1,0,39,177,1,1,0,13,2.83925241748172,0,4,4,2,0,18,0,172,2,0,0,0,0,8,15.0795945596183,0,6,2,1,0,0,31,9,13,0,0,0,5,35,0,2,27,6,0,0,0,0,0,0,0,0,0,1,-6,1,0,0,13,99,2,0,1,0,1,0,1,8,4,109,2,2,0,0,50,1,0,0,1,0,1,0,0,0,0,0,0,0,50;38,,,88,0,0,3,3,0,0,1,0,0,0,0,0,4,0,49,171,1,0,0,1,1,2,21,0,130
2005,6,CAR,REG,2005_06_CAR_DET,DET,20,32,283,3,3,2,-20,0,0,0,283,13,-0.00135393423261121,,0,10,4,2,2,25,54,0,2,0,0,-11.6678178545625,0,1,0,0,0,20,0,283,3,1,1,0,0,13,21.071029760933,0,10,4,2,2,0,47,1,15,0,0,4,6,44,0,1,27,5,0,0,0,0,0,1,0,0,0,2,0,3,6,0,10,73,6,3,0,0,3,1,4,14,5,72,0,1,0,1,,0,0,0,0,0,0,0,0,0,0,0,0,0,,,52,0,0,52,3,3,0,0,1,0,0,0,0,0,5,0,51,189,1,1,1,0,1,2,3,0,186
2005,6,CHI,REG,2005_06_MIN_CHI,MIN,16,25,117,2,1,3,-20,0,0,0,117,9,-2.82970229760394,,0,5,1,0,0,30,95,2,2,2,4,-9.37652215888374,0,1,1,1,0,16,0,117,2,0,0,0,0,9,11.4840313141176,0,5,1,0,0,0,51,8,8,0,0,0,4,34,0,2,99,10,0,0,0,0,0,0,0,0,0,0,0,0,0,0,8,58,5,1,1,0,2,2,3,63,2,54,0,0,0,0,,,0,0,0,0,0,0,0,0,0,0,0,0,,,,0,0,0,4,4,0,0,1,0,0,0,0,0,5,0,45,194,0,2,0,0,0,3,11,0,183
2005,6,CIN,REG,2005_06_CIN_TEN,TEN,27,33,272,2,0,1,-4,0,0,0,272,17,14.6600572133032,,0,13,6,2,0,28,119,1,0,0,6,-3.24668452376279,0,4,1,0,0,27,0,272,2,0,0,0,0,17,21.3224940278451,0,13,6,2,0,0,35,18,22,0,0,2,0,0,0,2,33,6,1,0,0,0,0,0,0,0,0,0,0,1,26,0,4,32,4,0,0,0,0,0,1,7,3,70,1,2,1,0,21,0.5,0,1,0,0,0,0,0,0,0,0,1,0,21,52,,21,52,0,4,4,0,0,1,0,0,0,0,0,4,0,57,190,0,0,0,2,0,2,34,0,116
2005,6,CLE,REG,2005_06_CLE_BAL,BAL,16,30,147,0,1,4,-31,1,1,0,147,4,-11.1170867475626,,0,5,2,1,0,18,70,0,1,1,5,-5.15094204165507,0,1,1,0,0,16,0,147,0,0,0,0,0,4,10.2898033928359,0,5,2,1,0,0,40,21,21,0,0,1,1,12,0,1,10,2,0,0,0,0,0,0,0,0,0,1,-2,0,0,0,8,53,2,2,1,0,3,2,5,38,4,75,1,1,0,0,24,1,0,1,0,0,0,0,0,0,0,0,0,0,24,,,24,0,0,0,0,0,0,,0,0,0,0,0,6,0,61,302,2,0,1,2,0,3,74,0,188
2005,6,DAL,REG,2005_06_NYG_DAL,NYG,26,37,312,1,1,3,-19,1,1,0,312,16,9.29835055839842,,0,15,7,4,0,38,92,0,1,1,8,-11.8819894933036,0,2,1,0,0,26,0,312,1,1,1,0,0,16,23.6434276666056,0,15,7,4,0,0,36,0,10,0,0,3,4,36,0,1,43,6,0,0,0,0,0,0,0,0,0,0,-3,3,37,0,6,44,2,2,1,0,3,3,3,10,5,100,3,5,1,1,45,0.6,0,2,0,1,0,0,0,0,0,1,0,0,29;28;45,48,49,102,48,49,1,1,0,0,1,1,1,0,0,45,3,0,51,121,2,0,2,0,1,0,0,0,121
2005,6,DEN,REG,2005_06_NE_DEN,NE,17,24,262,2,0,1,-8,0,0,0,262,10,11.9842325278441,,0,7,4,3,2,34,178,2,1,0,10,2.57165248674573,0,4,2,2,1,17,0,262,2,0,0,0,0,10,20.4430749823223,0,7,4,3,2,0,36,6,18,0,0,1,0,0,0,0,0,15,0,0,0,0,0,0,0,0,0,1,0,0,0,0,11,82,4,1,0,0,1,0,3,8,2,30,0,0,0,0,,,0,0,0,0,0,0,0,0,0,0,0,0,,,,0,0,0,4,4,0,0,1,0,0,0,0,0,7,0,66,366,2,0,0,0,1,6,38,0,328
2005,6,DET,REG,2005_06_CAR_DET,CAR,17,28,201,0,1,6,-44,2,2,0,201,8,-14.2830508048291,,0,6,1,1,1,24,52,0,1,0,1,-10.8361164184207,0,0,0,0,0,17,0,201,0,1,1,0,0,8,7.12436764805889,0,6,1,1,1,0,47,1,19,0,0,3,2,20,0,3,98,7,2,0,0,0,0,1,0,0,0,1,0,1,38,0,10,75,3,4,0,0,4,3,2,3,4,112,2,3,0,1,52,0.666666666666667,0,1,0,0,1,0,0,0,0,0,0,0,52;25,,47,77,0,47,2,2,0,0,1,0,0,0,0,0,5,0,50,213,2,0,0,0,1,4,14,0,199
2005,6,HOU,REG,2005_06_HOU_SEA,SEA,19,33,179,1,0,3,-19,0,0,0,179,10,6.31791711241695,,0,6,4,2,0,22,67,0,1,0,3,-2.96528312738519,0,2,2,0,0,19,0,179,1,0,0,0,0,10,17.7299086084822,0,6,4,2,0,0,41,15,15,0,0,2,3,29,0,1,3,3,0,0,0,0,0,0,0,0,0,1,-5,0,0,0,13,95,3,0,1,0,1,0,0,0,4,90,1,2,1,0,39,0.5,0,0,1,0,0,0,0,0,0,0,1,0,39,56,,39,56,0,1,1,0,0,1,0,0,0,0,0,6,0,43,225,2,0,1,0,1,4,18,0,207
2005,6,IND,REG,2005_06_STL_IND,LA,22,32,191,2,0,2,-4,0,0,0,191,12,7.16427946969771,,0,7,3,1,0,38,176,4,1,0,16,9.54457411676412,0,6,4,1,0,22,0,191,2,0,0,0,0,12,16.5843805726036,0,7,3,1,0,0,29,23,23,0,0,2,1,14,0,3,67,6,0,0,0,0,0,0,0,0,0,1,0,1,7,0,3,15,4,1,1,0,2,1,1,19,5,94,1,2,1,0,22,0.5,0,1,0,0,0,0,0,0,0,1,0,0,22,48,,22,48,0,6,6,0,0,1,0,0,0,0,0,1,0,36,36,0,0,0,0,1,0,0,0,36
2005,6,JAX,REG,2005_06_JAX_PIT,PIT,19,35,177,1,1,3,-24,1,0,0,177,9,2.77186072309269,,0,8,2,1,1,35,93,1,0,0,6,-13.7222644138383,0,2,2,1,0,19,0,177,1,0,0,0,0,9,19.2940897755325,0,8,2,1,1,0,28,13,23,0,0,1,2,9,0,3,54,9,1,0,0,0,0,0,0,0,0,1,0,1,0,0,10,106,5,1,0,0,1,0,3,15,2,40,1,1,0,0,23,1,0,1,0,0,0,0,0,0,0,0,0,0,23,,,23,0,0,2,2,0,0,1,0,0,0,0,0,9,0,49,422,2,1,0,2,1,5,94,1,288
2005,6,KC,REG,2005_06_WAS_KC,WAS,15,25,181,1,0,1,-3,0,0,0,181,7,5.95057482309588,,1,6,4,2,1,32,96,1,2,0,7,-1.86372857453214,0,3,2,0,0,15,0,181,1,0,0,0,0,7,14.0945720932069,1,6,4,2,1,0,51,8,8,0,0,3,4,34,0,0,0,4,0,0,0,0,0,0,0,0,0,2,-1,3,80,1,4,24,4,1,1,0,2,0,2,2,4,72,2,2,0,0,38,1,0,1,1,0,0,0,0,0,0,0,0,0,20;38,,,58,0,0,2,2,0,0,1,0,0,0,0,0,5,0,42,168,2,2,0,0,3,0,0,0,168
2005,6,LA,REG,2005_06_STL_IND,IND,23,29,255,2,3,1,-14,1,0,0,255,12,-0.372966109312485,,0,8,4,2,1,21,105,1,1,1,7,0.0893190852423316,1,4,4,1,0,23,0,255,2,0,0,0,0,12,18.8262701373865,0,8,4,2,1,0,44,19,19,0,0,1,2,4,0,0,0,4,0,0,0,0,0,0,0,0,0,1,0,1,0,0,9,50,5,2,0,0,2,1,0,0,8,151,2,2,0,0,49,1,0,1,0,1,0,0,0,0,0,0,0,0,29;49,,,78,0,0,2,2,0,0,1,0,0,0,0,0,2,0,55,86,1,0,0,0,1,1,19,0,67
2005,6,LAC,REG,2005_06_SD_OAK,LV,15,21,168,2,0,2,-12,0,0,0,168,8,7.43334864153288,,0,7,3,2,0,41,190,1,0,0,10,2.64319552360896,0,6,5,1,0,15,0,168,2,0,0,0,0,8,15.770525565173,0,7,3,2,0,0,43,4,4,0,0,0,4,21,0,1,20,11,0,1,0,0,0,0,0,0,0,2,0,0,0,0,5,35,4,1,1,0,2,0,3,12,3,99,2,2,0,0,33,1,0,0,2,0,0,0,0,0,0,0,0,0,32;33,,,65,0,0,3,3,0,0,1,0,0,0,0,0,7,0,51,298,4,0,4,0,0,3,15,0,283
2005,6,LV,REG,2005_06_SD_OAK,LAC,24,48,292,0,1,4,-21,0,0,0,292,14,-5.00293707248056,,0,15,6,4,0,13,39,2,0,0,5,0.748563939298037,0,0,0,0,0,24,0,292,0,0,0,0,0,14,20.1247315299115,0,15,6,4,0,0,56,6,6,0,0,1,2,12,0,0,0,4,0,0,0,0,0,0,0,0,0,0,0,0,0,0,8,51,5,0,0,0,0,0,3,15,6,137,0,0,0,0,,,0,0,0,0,0,0,0,0,0,0,0,0,,,,0,0,0,2,2,0,0,1,0,0,0,0,0,6,0,55,282,3,0,1,0,2,3,12,0,270
2005,6,MIA,REG,2005_06_MIA_TB,TB,21,43,267,0,0,4,-24,2,2,0,267,9,-14.326333107494,,0,9,5,5,1,18,64,1,1,0,3,-3.96789336809889,0,2,2,0,0,21,0,267,0,0,0,0,0,9,15.0996082398924,0,9,5,5,1,0,43,13,17,0,0,1,3,27,0,0,0,4,0,0,0,0,0,0,0,0,0,1,0,1,0,0,9,60,4,2,1,0,3,2,4,70,6,130,2,2,0,0,53,1,0,0,0,1,1,0,0,0,0,0,0,0,47;53,,,100,0,0,1,1,0,0,1,0,0,0,0,0,6,0,51,233,1,0,1,0,2,3,20,0,213
2005,6,MIN,REG,2005_06_MIN_CHI,CHI,26,49,237,0,2,4,-34,0,0,0,237,13,-21.0024732030341,,0,9,4,1,0,19,80,0,0,0,2,-1.14464530372061,0,2,2,1,0,26,0,237,0,0,0,0,0,13,15.1669406049888,0,9,4,1,0,0,41,8,8,0,0,1,3,20,0,1,0,2,0,0,0,0,0,0,0,0,0,0,0,2,0,0,14,91,2,0,0,0,0,0,3,11,5,91,1,3,2,0,23,0.333333333333333,0,1,0,0,0,0,0,0,1,0,1,0,23,52;32,,23,84,0,0,0,0,0,,0,0,0,0,0,6,0,55,265,0,2,1,0,0,3,63,0,202
2005,6,NE,REG,2005_06_NE_DEN,DEN,24,46,299,1,0,0,0,0,0,0,299,12,6.55998066117966,,0,10,6,3,1,19,89,1,0,0,7,2.30496259777054,0,5,4,0,0,24,0,299,1,1,0,0,0,12,21.8633244656958,0,10,6,3,1,0,36,3,25,0,0,1,1,8,0,0,0,3,0,0,0,0,0,0,0,0,0,1,0,0,0,0,8,55,6,1,0,0,1,0,6,38,2,32,2,3,1,0,39,0.666666666666667,0,0,2,0,0,0,0,0,0,0,1,0,39;38,53,,77,53,0,2,2,0,0,1,0,0,0,0,0,7,0,58,361,3,1,1,1,1,3,8,0,333
2005,6,NO,REG,2005_06_ATL_NO,ATL,22,33,259,2,1,2,-14,0,0,0,259,14,5.98018858651631,,0,13,6,1,0,32,211,2,1,1,15,-0.219835727548863,0,9,5,1,0,22,0,259,2,0,0,0,0,14,19.6820057090954,0,13,6,1,0,0,22,25,31,0,0,0,1,6,0,1,51,6,0,0,0,0,0,0,0,0,0,0,0,0,0,0,8,55,6,1,0,0,1,1,4,7,4,71,1,2,0,1,19,0.5,1,0,0,0,0,0,0,0,0,0,0,0,19,,47,19,0,47,4,4,0,0,1,0,0,0,0,0,2,0,41,73,1,0,0,0,2,0,0,0,73
2005,6,NYG,REG,2005_06_NYG_DAL,DAL,14,30,215,1,1,4,-36,1,1,0,215,7,-11.5606981583191,,0,7,4,3,1,19,91,0,1,1,4,-2.45154602671391,0,1,0,0,0,14,0,215,1,1,1,0,0,7,14.4524334679008,0,7,4,3,1,0,68,0,6,0,0,2,3,19,0,1,20,3,0,0,0,0,0,1,0,0,0,0,0,3,28,0,6,32,4,3,1,1,4,3,0,0,4,78,2,2,0,0,50,1,0,0,0,1,1,0,0,0,0,0,0,0,50;45,,,95,0,0,1,1,0,0,1,0,0,0,0,0,5,0,47,212,4,1,0,0,1,3,10,0,202
2005,6,NYJ,REG,2005_06_NYJ_BUF,BUF,12,26,161,0,2,5,-35,0,0,0,161,7,-12.48063255538,,0,7,5,3,0,21,149,2,1,1,7,2.60391949516095,0,3,2,2,2,12,0,161,0,0,0,0,0,7,12.0091248886893,0,7,5,3,0,0,35,16,32,0,0,0,1,8,0,2,18,6,0,0,0,0,0,0,0,0,0,1,-8,0,0,0,7,50,6,0,2,0,2,1,2,21,3,68,1,1,0,0,44,1,0,0,0,1,0,0,0,0,0,0,0,0,44,,,44,0,0,2,2,0,0,1,0,0,0,0,0,5,0,56,197,0,2,0,1,1,1,8,0,169
2005,6,PIT,REG,2005_06_JAX_PIT,JAX,11,28,154,1,3,2,-9,0,0,0,154,7,-13.5815830438773,,0,8,3,3,0,30,73,0,2,1,3,-11.8943665834565,0,2,2,0,0,11,0,154,1,0,0,0,0,7,12.1967569662957,0,8,3,3,0,1,32,26,32,0,0,1,3,24,0,1,0,6,0,0,0,0,0,0,0,0,0,1,-9,0,0,0,7,80,2,1,1,0,2,1,5,94,2,77,1,2,1,0,29,0.5,0,1,0,0,0,0,0,0,0,1,0,0,29,46,,29,46,0,2,2,0,0,1,0,0,0,0,0,6,0,43,190,1,1,1,1,0,3,15,0,155
2005,6,SEA,REG,2005_06_HOU_SEA,HOU,14,20,168,1,1,3,-29,0,0,0,168,8,2.45584095959202,,0,6,5,5,0,42,320,5,1,0,19,27.3908761356433,0,11,10,4,1,14,0,168,1,0,0,0,0,8,13.4399688490958,0,6,5,5,0,0,34,13,13,0,0,0,3,19,0,0,0,2,0,0,0,0,0,0,0,0,0,2,0,0,0,0,6,45,2,2,0,0,2,0,4,18,3,81,0,0,0,0,,,0,0,0,0,0,0,0,0,0,0,0,0,,,,0,0,0,6,6,0,0,1,0,0,0,0,0,1,0,41,41,1,0,0,0,1,0,0,0,41
2005,6,TB,REG,2005_06_MIA_TB,MIA,18,26,189,1,0,3,-27,0,0,0,189,11,7.7169644186108,,0,10,4,3,0,34,180,1,1,1,4,-6.97216035739984,0,3,3,2,1,18,0,189,1,0,0,0,0,11,18.4314237073413,0,10,4,3,0,0,38,12,16,0,0,2,4,24,0,0,0,10,0,0,0,0,0,0,0,0,0,0,0,2,33,1,9,65,5,1,0,0,1,1,3,20,1,23,2,2,0,0,36,1,0,0,2,0,0,0,0,0,0,0,0,0,36;32,,,68,0,0,3,3,0,0,1,0,0,0,0,0,7,0,61,342,5,0,1,0,2,4,70,0,272
2005,6,TEN,REG,2005_06_CIN_TEN,CIN,26,41,259,0,2,0,0,0,0,0,259,14,-3.79805610776235,,0,12,4,2,0,24,118,2,0,0,7,2.78290152893169,0,3,2,0,0,26,0,259,0,2,1,0,0,14,9.11308869993081,0,12,4,2,0,0,36,18,26,0,0,0,1,4,0,0,0,3,0,0,0,0,0,0,0,0,0,1,0,0,0,0,5,69,4,2,1,1,3,1,2,34,6,117,3,3,0,0,47,1,0,2,0,1,0,0,0,0,0,0,0,0,24;29;47,,,100,0,0,2,2,0,0,1,0,0,0,0,0,3,0,52,125,2,0,1,0,1,1,7,0,118
2005,6,WAS,REG,2005_06_WAS_KC,KC,25,41,331,3,0,4,-34,1,1,0,331,17,13.4992048798595,,0,15,5,3,1,28,101,0,2,2,6,-13.5341088077403,0,1,1,0,0,25,0,331,3,0,0,0,0,17,32.0356920035556,0,15,5,3,1,0,44,7,7,0,0,1,1,3,0,0,0,2,0,0,0,0,0,0,0,0,0,0,0,0,0,0,5,54,5,3,0,0,3,3,0,0,6,118,0,0,0,0,,,0,0,0,0,0,0,0,0,0,0,0,0,,,,0,0,0,3,3,0,0,1,0,0,0,0,0,4,0,54,187,0,0,0,1,1,2,2,0,165
2005,7,ARI,REG,2005_07_TEN_ARI,TEN,12,28,140,1,1,4,-22,0,0,0,140,5,-12.0702787821846,,0,5,3,2,0,22,55,0,0,0,2,-7.25798285311207,0,1,1,1,0,12,0,140,1,0,0,0,0,5,12.8054713204037,0,5,3,2,0,0,57,9,9,0,0,2,3,11,0,1,60,7,1,0,0,0,0,0,0,0,0,0,0,2,0,0,9,71,3,0,0,0,0,0,4,10,3,88,2,2,0,0,33,1,0,1,1,0,0,0,0,0,0,0,0,0,33;24,,,57,0,0,2,2,0,0,1,0,0,0,0,0,10,0,60,496,0,0,0,1,0,9,79,0,397
2005,7,ATL,REG,2005_07_NYJ_ATL,NYJ,11,26,116,0,3,3,-11,1,0,0,116,5,-14.5146533956029,,0,5,2,1,0,38,205,2,1,0,13,12.4734277485404,0,4,3,1,1,11,0,116,0,0,0,0,0,5,8.09183289704379,0,5,2,1,0,0,45,3,3,0,0,2,4,40,0,1,0,3,0,0,0,0,0,0,0,0,0,1,0,3,26,1,4,30,2,2,0,1,2,0,2,17,3,74,2,2,0,0,41,1,0,1,0,1,0,0,0,0,0,0,0,0,22;41,,,63,0,0,3,3,0,0,1,0,0,0,0,0,4,0,49,161,1,0,0,1,2,1,18,0,123
2005,7,BAL,REG,2005_07_BAL_CHI,CHI,18,32,164,0,0,4,-31,0,0,0,164,7,-4.87741522513972,,0,8,4,2,0,22,66,0,2,0,5,-4.76576111750067,0,2,2,0,0,18,0,164,0,0,0,0,0,7,9.01343875623132,0,8,4,2,0,0,49,0,0,0,0,1,2,12,0,0,0,2,0,0,0,0,0,0,0,0,0,2,-8,0,0,0,11,100,5,0,2,0,2,0,3,11,3,64,2,2,0,0,40,1,0,1,0,1,0,0,0,0,0,0,0,0,40;29,,,69,0,0,0,0,0,0,,0,0,0,0,0,9,0,50,397,1,1,3,1,1,3,34,0,343
2005,7,BUF,REG,2005_07_BUF_OAK,LV,19,27,159,2,0,3,-33,0,0,0,159,10,3.66424700646044,,0,7,2,0,0,23,84,0,1,1,3,-7.80250555707607,0,1,1,0,0,19,0,159,2,0,0,0,0,10,13.5346771350887,0,7,2,0,0,0,54,7,7,0,0,1,2,7,0,0,0,4,0,0,0,0,0,0,0,0,0,0,-3,1,0,0,7,51,6,0,1,0,1,1,3,22,7,162,1,1,0,0,41,1,0,0,0,1,0,0,0,0,0,0,0,0,41,,,41,0,0,2,2,0,0,1,0,0,0,0,0,4,0,53,180,1,0,0,0,0,4,31,0,149
2005,7,CHI,REG,2005_07_BAL_CHI,BAL,15,29,145,1,0,2,-12,1,0,0,145,7,-5.79868366887277,,0,4,2,2,0,29,143,0,0,0,6,-3.25629873666912,0,4,3,1,1,15,0,145,1,0,0,0,0,7,8.98381596279796,0,4,2,2,0,0,39,10,12,0,0,0,4,31,0,0,0,4,0,0,0,0,0,0,0,0,0,1,0,0,0,0,9,60,3,1,0,0,1,0,3,34,2,36,1,2,1,0,23,0.5,0,1,0,0,0,0,0,0,0,1,0,0,23,47,,23,47,0,1,1,0,0,1,0,0,0,0,0,7,0,45,262,2,1,3,0,0,3,11,0,251
2005,7,CIN,REG,2005_07_PIT_CIN,PIT,21,36,227,0,2,2,-16,0,0,0,227,11,-8.92274143679556,,0,10,3,3,1,19,91,1,0,0,7,2.89188017841661,0,4,3,0,0,21,0,227,0,0,0,0,0,11,14.5857679524925,0,10,3,3,1,0,48,0,18,0,0,1,1,10,0,1,0,4,0,0,0,0,0,0,0,0,0,0,0,1,0,0,4,35,6,0,0,0,0,0,1,-6,6,115,2,3,1,0,39,0.666666666666667,0,1,1,0,0,0,0,0,1,0,0,0,26;39,30,,65,30,0,1,1,0,0,1,0,0,0,0,0,4,0,39,150,0,0,1,0,0,3,20,0,130
2005,7,CLE,REG,2005_07_DET_CLE,DET,10,19,73,0,3,4,-17,0,0,0,73,4,-15.4696790210278,,0,3,0,0,0,22,118,0,1,0,6,0.761208120209631,0,3,2,1,0,10,0,73,0,0,0,0,0,4,2.1848391914973,0,3,0,0,0,1,33,29,29,0,0,1,0,0,0,0,0,3,0,0,0,0,0,0,0,0,0,1,0,1,0,0,8,50,3,0,1,0,1,0,3,27,4,152,1,1,0,0,30,1,0,0,1,0,0,0,0,0,0,0,0,0,30,,,30,0,0,1,1,0,0,1,0,0,0,0,0,6,0,47,224,1,2,2,1,0,1,18,0,186
2005,7,DAL,REG,2005_07_DAL_SEA,SEA,13,24,136,1,2,5,-25,0,0,0,136,8,-10.5368811903105,,0,5,3,1,0,39,164,0,4,0,7,-4.4503102301426,0,6,3,0,0,13,0,136,1,0,0,0,0,8,9.76528133379179,0,5,3,1,0,0,39,9,9,0,0,1,1,7,0,2,0,7,0,0,0,0,0,0,0,0,0,3,-10,1,0,0,9,81,3,2,2,1,4,0,5,17,3,94,1,2,1,0,21,0.5,0,1,0,0,0,0,0,1,0,0,0,0,21,29,,21,29,0,1,1,0,0,1,0,0,0,0,0,9,0,54,363,5,0,1,1,5,2,7,0,336
2005,7,DEN,REG,2005_07_DEN_NYG,NYG,18,29,194,1,0,0,0,0,0,0,194,9,2.91442010034283,,0,7,4,3,0,33,191,1,0,0,10,10.4293773915269,0,5,3,2,0,18,0,194,1,0,0,0,0,9,14.1523833060912,0,7,4,3,0,0,30,16,16,0,0,1,0,0,0,1,0,5,0,0,0,0,0,0,0,0,0,0,0,1,0,0,6,53,4,0,1,0,1,1,3,18,4,69,3,4,1,0,49,0.75,0,1,0,2,0,0,0,0,0,1,0,0,49;42;27,49,,118,49,0,2,2,0,0,1,0,0,0,0,0,3,0,39,103,3,0,0,0,2,1,0,0,103
2005,7,DET,REG,2005_07_DET_CLE,CLE,22,34,210,0,0,0,0,0,0,0,210,11,6.20081279530881,,0,8,2,2,1,37,119,1,0,0,7,-2.36224486498395,0,2,1,0,0,22,0,210,0,1,1,0,0,11,10.282708389801,0,8,2,2,1,0,27,14,14,0,0,0,4,17,0,3,7,4,0,0,0,0,0,0,0,0,0,0,0,0,0,0,11,72,4,1,0,0,1,1,1,18,3,50,2,3,1,0,50,0.666666666666667,0,0,0,1,1,0,0,0,0,1,0,0,47;50,47,,97,47,0,1,1,0,0,1,0,0,0,0,0,5,0,47,193,2,0,0,0,2,3,27,0,166
2005,7,GB,REG,2005_07_GB_MIN,MIN,29,37,329,2,0,0,0,0,0,0,329,14,20.6409842514791,,0,12,5,5,2,23,45,0,0,0,2,-8.22681958981343,0,1,1,0,0,29,0,329,2,0,0,0,0,14,26.0999017192517,0,12,5,5,2,0,46,6,16,0,0,1,5,25,0,0,0,1,0,0,0,0,0,0,0,0,0,2,6,1,0,0,6,50,5,1,1,0,2,0,0,0,5,90,2,4,2,0,53,0.5,0,0,1,0,1,0,0,0,0,1,1,0,53;39,53;42,,92,95,0,2,2,0,0,1,0,0,0,0,0,3,0,50,136,2,0,0,0,0,3,9,0,127
2005,7,HOU,REG,2005_07_IND_HOU,IND,6,9,48,1,1,5,-42,3,1,0,48,4,-16.7440048755524,,0,1,1,0,0,33,133,1,0,0,9,2.30798196903197,0,4,1,0,0,6,0,48,1,0,0,0,0,4,5.22364934474183,0,1,1,0,0,1,38,13,21,0,0,1,2,5,0,1,1,2,0,0,0,0,0,0,0,0,0,2,0,1,0,0,3,15,3,3,0,0,3,1,0,0,7,266,0,0,0,0,,,0,0,0,0,0,0,0,0,0,0,0,0,,,,0,0,0,2,2,0,0,1,0,0,0,0,0,4,0,44,148,3,0,1,0,2,1,9,0,139
2005,7,IND,REG,2005_07_IND_HOU,HOU,21,27,237,2,1,2,-5,1,1,0,237,17,11.530647380997,,0,12,4,2,0,34,205,2,0,0,12,7.5633715246222,0,7,6,2,0,21,0,237,2,0,0,0,0,17,23.8027541355114,0,12,4,2,0,0,42,7,11,0,0,3,5,42,0,1,20,1,0,0,0,0,0,0,0,0,0,0,0,1,37,1,6,35,1,1,0,0,1,1,1,9,3,60,1,1,0,0,36,1,0,0,1,0,0,0,0,0,0,0,0,0,36,,,36,0,0,5,5,0,0,1,0,0,0,0,0,0,0,,0,0,0,0,0,0,0,0,0,0
2005,7,KC,REG,2005_07_KC_MIA,MIA,20,34,289,0,0,2,-12,0,0,0,289,14,13.6480996442211,,0,11,8,4,1,45,185,3,0,0,10,-3.75475071745031,0,3,2,1,0,20,0,289,0,0,0,0,0,14,26.6720221643598,0,11,8,4,1,0,30,0,12,0,0,1,2,10,0,1,15,8,0,0,0,0,0,0,0,0,0,0,0,0,0,0,7,63,1,0,0,0,0,0,5,19,3,65,3,3,0,0,52,1,0,0,1,0,2,0,0,0,0,0,0,0,30;51;52,,,133,0,0,3,3,0,0,1,0,0,0,0,0,5,0,56,227,3,0,1,0,2,2,55,0,172
2005,7,LA,REG,2005_07_NO_STL,NO,18,29,198,0,0,1,-9,0,0,0,198,9,-1.46563842181197,,0,8,3,2,1,27,109,3,0,0,6,-0.0185415911255404,0,2,2,1,1,18,0,198,0,1,1,0,0,9,5.8105138890096,0,8,3,2,1,0,57,7,7,0,0,1,4,17,0,1,67,11,1,0,0,0,0,1,0,0,0,0,0,1,0,0,8,65,3,1,0,0,1,1,0,0,4,92,0,1,1,0,,0,0,0,0,0,0,0,0,0,0,1,0,0,,48,,0,48,0,4,4,0,0,1,0,0,0,0,0,5,0,50,222,0,0,0,0,0,5,45,0,177
2005,7,LAC,REG,2005_07_SD_PHI,PHI,23,40,299,2,2,3,-29,1,0,0,299,13,2.01550333760679,,0,12,8,4,1,20,21,0,0,0,1,-8.88776942272544,0,0,0,0,0,23,0,299,2,1,1,0,0,13,24.0922828792245,0,12,8,4,1,0,48,3,11,0,0,0,3,25,0,2,33,15,0,0,0,0,0,0,0,0,0,1,0,0,0,0,9,72,3,2,0,0,2,1,3,14,5,81,1,2,0,1,34,0.5,0,0,1,0,0,0,0,0,0,0,0,0,34,,40,34,0,40,2,2,0,0,1,0,0,0,0,0,7,0,50,312,2,0,1,1,4,1,1,0,291
2005,7,LV,REG,2005_07_BUF_OAK,BUF,19,27,261,1,0,2,-7,1,0,0,261,12,14.4542298147891,,0,11,7,3,0,37,162,4,1,1,12,6.8974115406163,0,3,3,0,0,19,0,261,1,0,0,0,0,12,22.6444124230766,0,11,7,3,0,0,46,6,6,0,0,0,3,33,0,0,0,4,0,1,0,0,0,0,0,0,0,2,-1,1,0,0,8,53,3,1,2,0,3,1,4,31,4,80,1,1,0,0,25,1,0,1,0,0,0,0,0,0,0,0,0,0,25,,,25,0,0,5,5,0,0,1,0,0,0,0,0,3,0,54,137,0,0,0,0,0,3,22,0,115
2005,7,MIA,REG,2005_07_KC_MIA,KC,12,31,202,1,1,2,-10,1,0,0,202,7,-5.75211065414512,,0,7,3,2,1,14,94,1,0,0,2,0.48070894938428,0,2,2,1,1,12,0,202,1,0,0,0,0,7,15.7053968018736,0,7,3,2,1,0,52,0,38,0,0,0,2,12,0,0,0,5,0,0,0,0,0,0,0,0,0,1,0,0,0,0,4,30,5,1,0,0,1,0,2,55,7,162,2,2,0,0,33,1,0,1,1,0,0,0,0,0,0,0,0,0,33;23,,,56,0,0,2,2,0,0,1,0,0,0,0,0,8,0,60,367,1,0,1,0,2,5,19,0,348
2005,7,MIN,REG,2005_07_GB_MIN,GB,23,31,280,2,0,5,-25,0,0,0,280,17,12.2318713190192,,0,15,6,3,0,26,108,0,2,1,6,-9.5786154269008,0,5,4,0,0,23,0,280,2,0,0,0,0,17,23.8413025698541,0,15,6,3,0,0,44,7,13,0,0,1,0,0,0,0,0,4,0,0,0,0,0,0,0,0,0,1,-4,0,0,0,4,21,5,1,1,0,2,1,3,9,5,147,3,3,0,0,56,1,0,2,0,0,1,0,0,0,0,0,0,0,27;22;56,,,105,0,0,2,2,0,0,1,1,1,0,0,56,2,0,43,78,1,0,1,0,1,0,0,0,78
2005,7,NO,REG,2005_07_NO_STL,LA,18,39,230,2,1,4,-17,0,0,0,230,14,-2.63511017017299,,0,12,5,2,0,32,119,0,1,1,6,-11.3419902468258,0,4,2,0,0,18,0,230,2,0,0,0,0,14,23.4722899564076,0,12,5,2,0,0,39,9,9,0,0,1,1,9,0,0,0,1,0,0,0,0,0,0,0,0,0,0,0,1,-2,0,9,102,4,1,0,0,1,1,5,45,5,100,1,2,0,1,22,0.5,0,1,0,0,0,0,0,0,0,0,0,0,22,,45,22,0,45,2,2,0,0,1,0,0,0,0,0,4,0,48,150,3,0,0,0,4,0,0,0,150
2005,7,NYG,REG,2005_07_DEN_NYG,DEN,23,42,214,2,1,0,0,0,0,0,214,12,5.7747020905944,,0,8,5,3,0,20,97,1,1,1,7,-3.28924317256315,0,3,1,1,0,23,0,214,2,0,0,0,0,12,20.1499197589001,0,8,5,3,0,0,34,21,21,0,0,0,0,0,0,0,0,4,0,0,0,0,0,0,0,0,0,0,0,1,5,0,7,52,6,1,0,0,1,1,1,0,4,124,1,1,0,0,52,1,0,0,0,0,1,0,0,0,0,0,0,0,52,,,52,0,0,3,3,0,0,1,0,0,0,0,0,4,0,49,184,2,0,0,0,1,3,18,0,166
2005,7,NYJ,REG,2005_07_NYJ_ATL,ATL,23,38,234,0,1,4,-40,2,2,0,234,9,-14.3297004858323,,0,9,1,1,0,18,37,2,1,1,6,-2.92338567366824,0,1,0,0,0,23,0,234,0,0,0,0,0,9,15.3388453754305,0,9,1,1,0,0,50,3,5,0,0,2,3,11,0,3,5,6,0,1,0,0,0,0,0,0,0,1,0,0,0,0,5,44,6,2,2,0,4,3,1,18,4,118,0,0,0,0,,,0,0,0,0,0,0,0,0,0,0,0,0,,,,0,0,0,2,2,0,0,1,0,0,0,0,0,5,0,55,233,1,0,2,0,1,2,17,0,216
2005,7,PHI,REG,2005_07_SD_PHI,LAC,35,54,287,1,2,3,-25,0,0,0,287,16,-15.5802327813839,,0,11,1,1,0,14,24,0,0,0,2,-0.906835438683629,0,0,0,0,0,35,0,287,1,0,0,0,0,16,14.0074055088335,0,11,1,1,0,1,46,0,18,0,0,2,3,29,0,2,35,12,0,0,0,0,0,1,0,0,65,0,0,1,0,0,10,72,6,0,0,0,0,0,1,1,4,65,2,2,0,0,40,1,0,1,0,1,0,0,0,0,0,0,0,0,23;40,,,63,0,0,2,2,0,0,1,0,0,0,0,0,6,0,59,243,2,2,1,0,0,3,14,0,229
2005,7,PIT,REG,2005_07_PIT_CIN,CIN,9,14,93,2,1,1,-10,0,0,0,93,7,0.510572184570974,,0,5,3,2,0,47,221,1,1,1,10,5.12965344877819,0,5,4,2,0,9,0,93,2,0,0,0,0,7,8.95573202514313,0,5,3,2,0,0,44,0,8,0,0,0,2,16,0,2,55,7,0,0,0,0,0,0,0,0,0,0,0,0,0,0,5,65,4,1,0,0,1,1,3,20,2,31,2,2,0,0,39,1,0,1,1,0,0,0,0,0,0,0,0,0,27;39,,,66,0,0,3,3,0,0,1,0,0,0,0,0,2,0,44,77,1,0,0,0,1,1,-6,0,83
2005,7,SEA,REG,2005_07_DAL_SEA,DAL,23,42,224,1,2,1,-7,0,0,0,224,14,-11.2026630201831,,0,11,4,3,0,22,72,0,0,0,3,-3.1675442934793,0,3,0,0,0,23,0,224,1,1,0,0,0,14,13.9807863908063,0,11,4,3,0,0,43,24,24,0,0,2,5,25,0,2,56,7,0,1,0,0,0,0,0,0,0,0,0,0,0,0,9,83,3,1,1,1,2,1,2,7,2,36,2,2,0,0,55,1,0,0,0,0,2,0,0,0,0,0,0,0,55;50,,,105,0,0,1,1,0,0,1,1,1,0,0,50,9,0,59,335,2,1,1,0,2,5,17,0,318
2005,7,SF,REG,2005_07_SF_WAS,WAS,8,16,92,0,1,5,-38,3,1,0,92,3,-13.5538673646332,,0,3,2,2,1,26,140,2,0,0,3,1.88772434240673,0,2,2,1,1,8,0,92,0,0,0,0,0,3,6.74742046371102,0,3,2,2,1,0,50,3,7,0,0,0,1,7,0,0,0,1,0,0,0,0,0,0,0,0,0,2,0,0,0,0,5,29,0,1,2,0,3,1,2,12,9,153,1,1,0,0,47,1,0,0,0,1,0,0,0,0,0,0,0,0,47,,,47,0,0,2,2,0,0,1,0,0,0,0,0,7,0,54,297,0,0,1,0,1,5,56,0,241
2005,7,TEN,REG,2005_07_TEN_ARI,ARI,26,45,269,1,1,3,-11,1,1,0,269,12,-17.5872952989132,,0,7,5,3,0,28,90,0,2,1,3,-11.1768748032628,0,0,0,0,0,26,0,269,1,0,0,0,0,12,15.5265837444047,0,7,5,3,0,0,34,12,12,0,0,0,4,22,0,1,22,8,0,1,0,0,0,0,0,0,0,2,-3,0,0,0,11,90,5,2,2,0,4,2,9,79,2,57,1,1,0,0,53,1,0,0,0,0,1,0,0,0,0,0,0,0,53,,,53,0,0,1,1,0,0,1,0,0,0,0,0,7,0,50,296,3,0,0,1,2,4,10,0,266
2005,7,WAS,REG,2005_07_SF_WAS,SF,14,21,260,3,0,1,-7,0,0,0,260,10,17.9141016500138,,0,10,8,6,1,39,204,4,0,0,14,8.74571282687248,0,8,5,1,0,14,0,260,3,0,0,0,0,10,27.3156162795203,0,10,8,6,1,0,42,1,11,0,0,1,3,22,0,1,32,1,0,0,0,0,0,0,0,0,0,0,0,1,0,0,8,60,3,0,0,0,0,0,5,56,4,82,1,1,0,0,27,1,0,1,0,0,0,0,0,0,0,0,0,0,27,,,27,0,0,7,7,0,0,1,0,0,0,0,0,4,0,51,158,2,0,2,0,0,2,12,0,146
2005,8,ARI,REG,2005_08_ARI_DAL,DAL,16,34,161,1,2,3,-19,0,0,0,161,7,-11.7581072082835,,0,5,2,1,1,24,71,0,0,0,5,-1.74120950248347,0,1,1,0,0,16,0,161,1,0,0,0,0,7,14.6901506255381,0,5,2,1,1,0,50,0,10,0,0,1,3,18,0,0,0,0,0,1,0,0,0,0,0,0,0,1,0,1,0,0,8,56,4,0,1,0,1,0,3,59,7,127,2,2,0,0,52,1,0,0,0,1,1,0,0,0,0,0,0,0,52;47,,,99,0,0,1,1,0,0,1,0,0,0,0,0,5,0,48,214,1,2,0,0,0,3,25,0,189
2005,8,BAL,REG,2005_08_BAL_PIT,PIT,25,44,252,1,2,2,-6,0,0,0,252,12,2.69538759740613,,0,11,5,3,0,27,72,0,1,1,6,-4.92403975329541,0,1,1,0,0,25,0,252,1,0,0,0,0,12,18.049020578037,0,11,5,3,0,0,38,8,20,0,0,1,2,17,0,1,28,6,0,0,0,0,0,0,0,0,0,0,0,1,0,0,6,38,6,1,0,0,1,1,1,10,4,75,4,5,1,0,49,0.8,0,1,0,3,0,0,0,0,0,1,0,0,22;40;49;47,43,,158,43,0,1,1,0,0,1,0,0,0,0,0,1,0,41,41,0,0,0,0,1,0,0,0,41
2005,8,BUF,REG,2005_08_BUF_NE,NE,20,33,263,1,1,2,-16,1,1,0,263,12,1.41354554069975,,0,11,5,3,1,39,147,0,0,0,9,0.470474386180109,0,5,2,0,0,20,0,263,1,0,0,0,0,12,20.647129552759,0,11,5,3,1,0,22,20,22,0,0,1,3,19,0,0,0,2,0,0,0,0,0,0,0,0,0,0,0,2,0,0,12,74,5,1,0,0,1,1,3,33,4,64,3,4,1,0,41,0.75,0,1,1,1,0,0,0,0,0,1,0,0,23;35;41,46,,99,46,0,1,1,0,0,1,0,0,0,0,0,2,0,49,77,1,0,1,0,0,1,11,0,66
2005,8,CAR,REG,2005_08_MIN_CAR,MIN,21,31,341,3,0,0,0,0,0,0,341,16,24.7450212162843,,0,11,7,6,1,39,111,2,0,0,7,-5.06453542289091,0,2,1,0,0,21,0,341,3,0,0,0,0,16,31.1261324871438,0,11,7,6,1,0,38,1,11,0,0,0,4,19,0,0,0,9,0,0,0,0,0,0,0,0,0,0,0,0,0,0,6,53,2,0,0,0,0,0,3,24,2,33,1,2,1,0,44,0.5,0,0,0,1,0,0,0,0,0,0,1,0,44,56,,44,56,0,5,5,0,0,1,0,0,0,0,0,2,0,48,84,0,0,0,0,1,1,13,0,71
2005,8,CHI,REG,2005_08_CHI_DET,DET,17,31,230,1,0,2,-12,0,0,0,230,11,5.63218997134713,,0,10,5,4,1,29,115,0,1,1,3,-9.99256163317477,0,3,3,1,0,17,0,230,1,0,0,0,0,11,21.8651711884304,0,10,5,4,1,0,54,7,7,0,0,0,2,12,0,1,22,2,1,1,0,0,0,0,0,0,0,1,0,0,0,0,10,75,4,2,0,0,2,1,2,4,4,122,2,2,0,0,38,1,0,1,1,0,0,0,0,0,0,0,0,0,38;20,,,58,0,0,1,1,0,0,1,0,0,0,0,0,8,0,43,286,3,2,1,0,2,3,6,0,280
2005,8,CIN,REG,2005_08_GB_CIN,GB,22,34,237,3,1,2,-15,1,0,0,237,12,2.42310652468586,,0,10,6,4,0,27,95,0,0,0,7,-2.68050719355233,0,3,2,0,0,22,0,237,3,0,0,0,0,12,17.7756115758675,0,10,6,4,0,0,44,2,22,0,0,0,1,2,0,5,31,8,0,0,0,0,0,0,0,0,0,1,0,0,0,0,3,58,3,1,0,0,1,0,1,3,3,69,0,0,0,0,,,0,0,0,0,0,0,0,0,0,0,0,0,,,,0,0,0,3,3,0,0,1,0,0,0,0,0,6,0,55,252,1,0,2,0,0,4,39,0,213
2005,8,CLE,REG,2005_08_CLE_HOU,HOU,12,25,185,1,0,2,-16,1,1,0,185,7,-4.50955455089803,,0,6,4,3,1,33,156,0,1,1,9,-2.56997734773904,0,4,3,0,0,12,0,185,1,0,0,0,0,7,13.6120302461204,0,6,4,3,1,0,33,19,23,0,0,1,2,18,0,1,0,7,0,0,0,0,0,0,0,0,0,0,0,0,0,0,1,5,3,2,0,0,2,2,2,21,5,118,3,3,0,0,37,1,0,2,1,0,0,0,0,0,0,0,0,0,28;29;37,,,94,0,0,1,1,0,0,1,0,0,0,0,0,4,0,53,132,0,2,0,1,0,1,20,0,92
2005,8,DAL,REG,2005_08_ARI_DAL,ARI,19,24,220,1,0,3,-18,1,0,0,220,12,10.3310560946363,,0,9,4,4,0,32,146,2,1,1,6,-2.54439683948718,0,4,2,1,0,19,0,220,1,0,0,0,0,12,17.4259858945152,0,9,4,4,0,0,43,0,14,0,0,0,3,19,0,2,58,6,1,0,0,0,0,0,0,0,0,1,-1,0,0,0,0,0,1,1,1,0,2,1,3,25,3,83,2,2,0,0,21,1,0,2,0,0,0,0,0,0,0,0,0,0,21;21,,,42,0,0,4,4,0,0,1,0,0,0,0,0,3,0,55,160,0,0,0,0,0,3,59,0,101
2005,8,DEN,REG,2005_08_PHI_DEN,PHI,22,35,309,4,0,1,0,0,0,0,309,15,13.2282643243379,,0,11,7,6,1,36,255,3,0,0,10,14.5205924273178,0,4,3,2,1,22,0,309,4,0,0,0,0,15,24.685994325584,0,11,7,6,1,0,35,2,6,0,0,0,2,11,0,2,1,13,0,1,0,0,0,0,0,0,0,0,0,0,0,0,6,50,3,0,1,1,1,0,6,4,3,71,0,0,0,0,,,0,0,0,0,0,0,0,0,0,0,0,0,,,,0,0,0,7,7,0,0,1,0,0,0,0,0,7,0,47,275,2,0,1,2,2,2,10,0,225
2005,8,DET,REG,2005_08_CHI_DET,CHI,23,35,197,0,1,2,-12,0,0,0,197,9,-4.61807452951645,,0,8,3,3,0,29,93,1,0,0,4,-4.72741888847852,0,1,1,0,0,23,0,197,0,0,0,0,0,9,12.9098528823815,0,8,3,3,0,0,52,2,2,0,0,2,2,12,0,0,0,6,0,0,0,0,0,0,0,0,0,0,0,1,0,0,5,40,4,0,0,0,0,0,3,6,5,96,2,3,1,0,32,0.666666666666667,0,0,2,0,0,0,0,0,0,1,0,0,32;30,46,,62,46,0,1,1,0,0,1,0,0,0,0,0,7,0,59,298,3,1,3,1,0,2,4,0,274
2005,8,GB,REG,2005_08_GB_CIN,CIN,27,40,290,1,5,1,-2,0,0,0,290,16,-0.657261274114717,,0,14,6,2,0,22,76,1,0,0,7,-2.57495158043457,0,1,1,0,0,27,0,290,1,0,0,0,0,16,22.9473178620683,0,14,6,2,0,0,52,0,12,0,0,1,2,15,0,1,0,3,0,0,0,0,0,0,0,0,0,1,-16,0,0,0,6,29,4,0,1,0,1,0,4,39,4,103,0,0,0,0,,,0,0,0,0,0,0,0,0,0,0,0,0,,,,0,0,0,2,2,0,0,1,0,0,0,0,0,3,0,49,125,1,0,0,1,1,1,3,0,102
2005,8,HOU,REG,2005_08_CLE_HOU,CLE,10,20,138,1,1,2,-18,0,0,0,138,7,0.241126141691969,,0,5,2,2,0,37,117,0,1,0,4,-7.37438645608967,0,2,1,0,0,10,0,138,1,0,0,0,0,7,15.155914437084,0,5,2,2,0,0,30,20,26,0,0,2,2,16,0,0,0,8,0,0,0,0,0,0,0,0,0,0,0,2,3,0,5,35,3,1,0,1,1,0,1,20,5,177,4,5,1,0,40,0.8,0,0,3,1,0,0,0,0,1,0,0,0,38;37;35;40,38,,150,38,0,1,1,0,0,1,0,0,0,0,0,4,0,50,156,1,0,0,0,2,2,21,0,135
2005,8,JAX,REG,2005_08_JAX_STL,LA,18,31,213,2,1,2,-7,0,0,0,213,10,-2.44204641043156,,0,8,6,4,0,28,221,1,0,0,6,7.81659559422405,0,6,6,2,2,18,0,213,2,1,1,0,0,10,15.4808704401734,0,8,6,4,0,0,46,6,6,0,0,0,2,14,0,3,20,5,0,0,0,0,0,0,0,0,0,0,0,0,0,0,4,25,4,1,0,0,1,1,3,26,4,106,0,2,2,0,,0,0,0,0,0,0,0,0,0,0,2,0,0,,49;44,,0,93,0,3,3,0,0,1,0,0,0,0,0,2,1,47,77,1,1,0,0,1,0,0,0,77
2005,8,KC,REG,2005_08_KC_SD,LAC,31,43,347,2,0,4,-24,1,1,0,347,17,5.25622405901387,,0,15,6,4,0,21,95,0,0,0,3,-2.70030966450193,0,2,2,1,1,31,0,347,2,0,0,0,0,17,24.8840902209429,0,15,6,4,0,0,37,15,15,0,0,2,0,0,0,1,50,13,0,0,0,0,0,0,0,0,0,0,0,1,0,0,9,58,5,1,0,0,1,1,3,54,4,101,2,2,0,0,34,1,0,1,1,0,0,0,0,0,0,0,0,0,34;20,,,54,0,0,2,2,0,0,1,0,0,0,0,0,6,0,53,238,2,1,0,0,2,3,29,0,209
2005,8,LA,REG,2005_08_JAX_STL,JAX,13,21,200,2,3,2,-14,0,0,0,200,7,-1.70457519817865,,0,5,5,2,1,33,200,0,0,0,7,-2.47506791206467,0,5,4,2,1,13,0,200,2,0,0,0,0,7,16.5597938606516,0,5,5,2,1,1,51,4,4,0,0,1,2,7,0,1,37,5,0,0,0,1,0,0,0,0,29,0,0,1,0,0,9,59,3,0,0,0,0,0,0,0,4,66,1,1,0,0,41,1,0,0,0,1,0,0,0,0,0,0,0,0,41,,,41,0,0,3,3,0,0,1,0,0,0,0,0,5,0,51,204,1,0,0,1,1,3,26,0,158
2005,8,LAC,REG,2005_08_KC_SD,KC,26,44,341,4,1,0,0,0,0,0,341,16,10.1758840518887,,0,15,12,5,0,22,83,0,1,0,6,-1.12638914369745,0,2,2,0,0,26,0,341,4,1,1,0,0,16,24.7256110021845,0,15,12,5,0,0,39,22,24,0,0,1,4,24,0,0,0,3,0,0,0,0,0,0,0,0,0,1,0,1,0,0,4,38,6,2,0,0,2,1,3,29,4,84,0,0,0,0,,,0,0,0,0,0,0,0,0,0,0,0,0,,,,0,0,0,4,4,0,0,1,0,0,0,0,0,6,0,55,295,1,0,2,1,0,3,54,0,221
2005,8,LV,REG,2005_08_OAK_TEN,TEN,17,29,238,3,1,2,-6,1,0,0,238,13,9.31568891412643,,0,11,5,3,1,23,92,0,0,0,3,-0.595761367178056,0,3,3,2,0,17,0,238,3,0,0,0,0,13,26.3757830204559,0,11,5,3,1,0,38,17,23,0,0,2,6,43,0,0,0,10,0,0,0,0,0,0,0,0,0,1,0,2,8,1,7,55,2,1,0,0,1,0,0,0,6,140,2,2,0,0,32,1,0,1,1,0,0,0,0,0,0,0,0,0,22;32,,,54,0,0,4,4,0,0,1,0,0,0,0,0,3,0,57,156,1,0,1,0,0,2,39,0,117
2005,8,MIA,REG,2005_08_MIA_NO,NO,16,28,168,1,1,2,-14,1,1,0,168,7,0.173907160974962,,0,5,2,2,1,47,188,0,1,0,10,-2.20298719812853,0,6,5,1,0,16,0,168,1,0,0,0,0,7,15.6944710469213,0,5,2,2,1,0,32,8,8,0,0,0,5,61,0,1,5,3,0,0,1,0,0,0,0,0,0,1,-8,1,0,0,5,34,3,1,1,0,2,1,1,11,4,75,4,5,1,0,46,0.8,0,0,2,2,0,0,0,0,1,0,0,0,37;36;41;46,36,,160,36,0,1,1,0,0,1,0,0,0,0,0,4,0,59,184,1,0,2,2,0,0,0,0,144
2005,8,MIN,REG,2005_08_MIN_CAR,CAR,16,32,190,1,0,4,-19,0,0,0,190,8,2.7424609878876,,0,7,4,2,1,18,82,1,0,0,4,-0.923663235051092,0,2,2,0,0,16,0,190,1,0,0,0,0,8,17.8494530807366,0,7,4,2,1,0,47,4,16,0,0,0,0,0,0,0,0,6,0,0,0,0,0,0,0,0,0,0,0,0,0,0,10,57,3,0,0,0,0,0,1,13,7,136,0,1,1,0,,0,0,0,0,0,0,0,0,0,1,0,0,0,,33,,0,33,0,1,1,0,0,1,0,0,0,0,0,5,0,56,243,0,0,0,1,1,3,24,0,199
2005,8,NE,REG,2005_08_BUF_NE,BUF,14,21,199,1,0,3,-19,1,1,0,199,8,0.597770008840598,,0,7,5,4,0,22,93,2,1,1,8,-1.04101397693739,0,3,2,0,0,14,0,199,1,0,0,0,0,8,15.5122298649512,0,7,5,4,0,0,29,34,34,0,0,1,2,16,0,1,0,5,0,0,0,0,0,0,0,0,0,0,0,1,0,0,7,57,5,1,1,0,2,2,1,11,5,106,0,1,1,0,,0,0,0,0,0,0,0,0,0,0,1,0,0,,44,,0,44,0,3,3,0,0,1,0,0,0,0,0,5,0,57,232,3,1,1,0,0,3,33,0,199
2005,8,NO,REG,2005_08_MIA_NO,MIA,14,31,181,0,1,6,-68,1,0,0,181,9,-16.7691519961843,,0,10,4,2,0,17,90,0,1,0,3,-3.52760790125467,0,2,2,2,0,14,0,181,0,0,0,0,0,9,11.1407913355506,0,10,4,2,0,0,48,19,19,0,0,1,2,14,0,1,28,6,0,1,0,0,0,0,0,0,0,2,-2,1,0,0,8,77,5,0,3,0,3,1,0,0,3,75,2,2,0,0,49,1,0,1,0,1,0,0,0,0,0,0,0,0,26;49,,,75,0,0,0,0,0,0,,0,0,0,0,0,5,0,55,234,1,0,1,1,2,1,11,0,203
2005,8,NYG,REG,2005_08_WAS_NYG,WAS,12,31,146,1,1,2,-22,1,0,0,146,8,-10.0382652636949,,0,6,4,2,0,45,262,2,0,0,9,7.9566263388687,0,4,4,2,2,12,0,146,1,0,0,0,0,8,14.4697520191548,0,6,4,2,0,0,27,12,12,0,0,3,5,40,0,1,17,6,0,1,0,0,0,0,0,0,0,2,0,3,0,0,9,73,2,2,0,0,2,0,6,42,1,24,5,6,1,0,50,0.833333333333333,0,0,3,1,1,0,0,0,0,0,1,0,39;50;33;39;44,51,,205,51,0,3,3,0,0,1,0,0,0,0,0,4,0,54,172,0,1,0,0,1,2,13,0,159
2005,8,PHI,REG,2005_08_PHI_DEN,DEN,12,34,283,3,2,2,-11,0,0,0,283,8,-2.87422325793887,,0,8,5,4,2,19,79,0,1,0,3,-2.30720470962115,0,3,1,0,0,12,0,283,3,0,0,0,0,8,24.8626634906977,0,8,5,4,2,0,52,1,15,0,0,0,1,0,0,0,0,7,0,0,0,0,0,0,0,0,0,1,0,0,0,0,10,70,2,0,1,0,1,0,2,10,7,166,0,0,0,0,,,0,0,0,0,0,0,0,0,0,0,0,0,,,,0,0,0,3,3,0,0,1,0,0,0,0,0,8,0,50,341,1,1,0,0,1,6,4,0,337
2005,8,PIT,REG,2005_08_BAL_PIT,BAL,18,31,177,2,1,2,-17,0,0,0,177,13,-1.33529830572185,,0,9,1,1,0,28,101,0,0,0,5,-3.0753404217192,0,3,1,0,0,18,0,177,2,0,0,0,0,13,17.4698975888314,0,9,1,1,0,0,39,16,26,0,0,1,2,6,0,2,0,4,0,0,0,0,0,0,0,0,0,1,0,1,0,0,4,19,3,1,1,0,2,1,0,0,5,127,2,2,0,0,42,1,0,0,1,1,0,0,0,0,0,0,0,0,42;37,,,79,0,0,2,2,0,0,1,0,0,0,0,0,3,0,49,122,1,0,1,0,1,1,10,0,112
2005,8,SF,REG,2005_08_TB_SF,TB,8,19,50,0,0,0,0,0,0,0,50,1,-10.1519905028955,,0,2,0,0,0,39,158,0,0,0,7,-8.22466917550659,0,3,2,1,0,8,0,50,0,0,0,0,0,1,0.150485160644166,0,2,0,0,0,0,46,0,10,0,0,1,5,32,0,2,36,8,0,1,0,0,0,0,0,0,0,1,0,1,0,0,7,65,5,0,1,0,1,0,4,18,3,63,5,6,1,0,47,0.833333333333333,0,1,0,4,0,0,0,0,1,0,0,0,45;47;41;46;28,39,,207,39,0,0,0,0,0,,0,0,0,0,0,9,0,49,369,2,0,0,0,4,5,29,0,340
2005,8,TB,REG,2005_08_TB_SF,SF,21,34,264,1,2,5,-32,1,1,0,264,10,-8.38160153280819,,0,7,5,2,1,20,43,0,0,0,1,-7.11384369712323,0,2,1,0,0,21,0,264,1,0,0,0,0,10,17.8442513715966,0,7,5,2,1,0,46,5,17,0,0,0,0,0,0,0,0,1,0,0,0,0,0,0,0,0,0,0,0,0,0,0,8,65,4,1,0,0,1,1,5,29,4,84,1,2,1,0,47,0.5,0,0,0,1,0,0,0,0,0,0,1,0,47,52,,47,52,0,1,1,0,0,1,0,0,0,0,0,8,0,55,349,1,0,1,2,1,4,18,0,291
2005,8,TEN,REG,2005_08_OAK_TEN,LV,26,40,229,1,0,6,-43,2,2,0,229,14,-5.54220752162096,,0,8,5,1,0,25,140,1,0,0,4,1.44769564585765,0,4,3,1,0,26,0,229,1,0,0,0,0,14,19.3201889364719,0,8,5,1,0,0,27,16,20,0,0,1,2,6,0,1,52,4,1,0,0,0,0,0,0,0,0,1,0,0,0,0,9,79,4,2,1,0,3,2,2,39,3,69,2,2,0,0,39,1,0,1,1,0,0,0,0,0,0,0,0,0,39;24,,,63,0,0,1,2,1,0,0.5,0,0,0,0,0,3,0,54,125,0,1,0,1,1,0,0,0,105
2005,8,WAS,REG,2005_08_WAS_NYG,NYG,14,34,127,0,1,5,-40,0,0,0,127,5,-22.34598688595,,0,5,2,2,0,13,38,0,0,0,1,-3.45756741357036,0,1,1,0,0,14,0,127,0,2,2,0,0,5,-1.71804222476203,0,5,2,2,0,0,44,24,24,0,0,2,2,22,0,1,0,3,0,0,0,0,0,0,0,0,0,0,0,0,0,0,10,88,4,3,0,0,3,3,2,13,6,105,0,0,0,0,,,0,0,0,0,0,0,0,0,0,0,0,0,,,,0,0,0,0,0,0,0,,0,0,0,0,0,8,0,55,344,2,0,2,0,0,6,42,0,302
2005,9,ARI,REG,2005_09_SEA_ARI,SEA,29,48,334,1,3,4,-27,1,1,0,334,17,-4.5827740747553,,0,13,5,4,1,20,71,0,0,0,5,-1.232480493607,0,2,2,0,0,29,0,334,1,0,0,0,0,17,21.7675842342016,0,13,5,4,1,0,42,10,10,0,0,1,1,0,0,0,0,4,0,0,0,0,1,0,0,0,0,0,0,0,0,0,9,78,5,1,0,0,1,1,2,11,7,177,4,4,0,0,50,1,0,1,1,1,1,0,0,0,0,0,0,0,23;31;50;44,,,148,0,0,1,1,0,0,1,0,0,0,0,0,1,0,36,36,0,1,0,0,0,0,0,0,36
2005,9,ATL,REG,2005_09_ATL_MIA,MIA,22,31,228,1,0,3,-8,0,0,0,228,13,16.246652903577,,0,11,3,2,0,41,162,1,0,0,11,1.97035537988995,0,4,3,1,0,22,0,228,1,2,1,0,0,13,20.8342079887516,0,11,3,2,0,0,27,0,22,0,0,0,0,0,0,1,1,4,0,1,0,0,0,0,0,0,0,0,0,0,0,0,4,28,2,2,1,1,3,2,2,1,3,72,1,1,0,0,21,1,0,1,0,0,0,0,0,0,0,0,0,0,21,,,21,0,0,2,2,0,0,1,0,0,0,0,0,3,0,48,114,1,0,2,0,0,1,0,0,114
2005,9,BAL,REG,2005_09_CIN_BAL,CIN,19,31,153,0,0,4,-37,1,0,0,153,6,-11.249925503868,,0,5,3,1,0,24,124,0,0,0,9,6.04455739888363,0,5,3,1,0,19,0,153,0,1,1,0,0,6,4.71287762894644,0,5,3,1,0,0,42,14,14,0,0,3,3,17,0,0,0,2,0,0,0,0,0,0,0,0,0,1,0,1,0,0,7,40,6,2,0,0,2,1,1,-1,4,105,3,3,0,0,34,1,0,0,3,0,0,0,0,0,0,0,0,0,34;32;31,,,97,0,0,0,0,0,0,,0,0,0,0,0,3,0,56,143,1,0,0,1,0,2,13,0,110
2005,9,CAR,REG,2005_09_CAR_TB,TB,11,18,216,1,0,1,-6,0,0,0,216,9,16.1257691817591,,0,9,6,3,1,32,77,2,1,0,3,-9.04417160635256,0,1,1,0,0,11,0,216,1,0,0,0,0,9,22.2334593008854,0,9,6,3,1,0,48,7,9,0,0,2,5,33,0,2,101,9,1,0,0,0,0,0,0,0,0,0,0,2,11,0,5,24,0,1,0,1,1,0,3,46,2,53,2,2,0,0,30,1,0,1,1,0,0,0,0,0,0,0,0,0,30;20,,,50,0,0,4,4,0,0,1,0,0,0,0,0,6,0,59,297,0,0,0,1,2,3,45,0,232
2005,9,CHI,REG,2005_09_CHI_NO,NO,12,26,137,1,2,2,-6,1,1,0,137,6,-10.9779692408118,,0,5,3,3,0,32,183,1,0,0,7,1.79975946440312,0,4,4,3,0,12,0,137,1,0,0,0,0,6,10.4569701699074,0,5,3,3,0,0,52,6,6,0,0,2,3,20,0,2,5,6,0,0,0,0,0,0,0,0,0,0,0,2,49,0,8,60,4,1,0,0,1,1,4,35,3,60,2,3,1,0,35,0.666666666666667,0,1,1,0,0,0,0,0,0,1,0,0,35;28,47,,63,47,0,2,2,0,0,1,1,1,0,0,28,6,0,59,292,3,2,1,1,1,1,7,0,265
2005,9,CIN,REG,2005_09_CIN_BAL,BAL,19,26,248,2,0,3,-17,0,0,0,248,14,17.8204052450248,,0,12,5,3,1,34,98,1,2,0,8,-1.10959265229758,0,2,0,0,0,19,0,248,2,1,1,0,0,14,21.5750982303289,0,12,5,3,1,0,39,14,14,0,0,2,4,37,0,0,0,4,0,0,0,0,0,0,0,0,0,3,-2,1,0,0,5,54,2,3,1,0,4,1,2,13,3,61,0,1,1,0,,0,0,0,0,0,0,0,0,0,0,1,0,0,,48,,0,48,0,3,3,0,0,1,0,0,0,0,0,2,0,49,93,1,0,0,1,0,1,-1,0,74
2005,9,CLE,REG,2005_09_TEN_CLE,TEN,18,34,272,1,1,0,0,0,0,0,272,10,3.8045424253207,,0,10,3,3,3,32,169,1,1,1,5,-5.34275661309948,0,5,4,3,0,18,0,272,1,0,0,0,0,10,15.7901562235784,0,10,3,3,3,0,26,20,20,0,0,0,1,10,0,1,1,5,0,0,0,0,0,0,0,0,0,0,-4,0,0,0,9,63,6,0,1,0,1,1,3,11,1,4,2,3,1,0,37,0.666666666666667,1,0,1,0,0,0,0,0,1,0,0,0,37;19,39,,56,39,0,2,2,0,0,1,0,0,0,0,0,5,0,54,203,3,1,2,0,1,1,31,0,172
2005,9,DET,REG,2005_09_DET_MIN,MIN,28,48,263,1,2,4,-32,1,1,0,263,14,-11.4162520470955,,0,13,3,3,1,20,58,1,0,0,5,-0.0441745194839314,0,0,0,0,0,28,0,263,1,0,0,0,0,14,17.4380298276855,0,13,3,3,1,0,43,11,19,0,0,1,3,15,0,0,0,1,0,0,0,0,0,0,0,0,0,0,0,1,0,0,6,31,5,1,0,0,1,1,2,12,6,122,0,1,1,0,,0,0,0,0,0,0,0,0,0,0,0,1,0,,51,,0,51,0,2,2,0,0,1,0,0,0,0,0,5,0,60,263,2,0,1,0,1,3,34,0,229
2005,9,GB,REG,2005_09_PIT_GB,PIT,20,35,214,0,1,1,-11,1,1,0,214,10,-10.1516125782177,,0,8,5,2,0,29,65,1,1,1,4,-11.6051576060446,0,1,0,0,0,20,0,214,0,0,0,0,0,10,18.151824029861,0,8,5,2,0,0,25,19,25,0,0,1,1,6,0,1,24,2,0,0,0,0,0,0,0,0,0,1,-15,0,0,0,8,74,5,1,2,0,3,2,4,66,5,81,1,2,1,0,40,0.5,0,0,0,1,0,0,0,0,1,0,0,0,40,31,,40,31,0,1,1,0,0,1,0,0,0,0,0,3,0,53,147,0,0,0,0,0,3,13,0,134
2005,9,HOU,REG,2005_09_HOU_JAX,JAX,22,30,219,1,0,6,-28,3,1,0,219,10,3.5392366925953,,0,8,3,2,0,23,88,1,0,0,7,0.390829169657081,0,3,0,0,0,22,0,219,1,0,0,0,0,10,17.8314136525732,0,8,3,2,0,0,45,3,3,0,0,0,2,4,0,0,0,2,0,1,0,0,0,0,0,0,0,4,0,0,0,0,4,30,3,4,1,0,5,1,2,0,4,80,0,0,0,0,,,0,0,0,0,0,0,0,0,0,0,0,0,,,,0,0,0,2,2,0,0,1,0,0,0,0,0,5,0,55,220,3,0,1,0,2,2,8,0,212
2005,9,IND,REG,2005_09_IND_NE,NE,28,37,321,3,1,0,0,0,0,0,321,17,23.5440911242118,,0,12,7,4,1,38,132,2,0,0,10,5.23327415954555,0,1,1,0,0,28,0,321,3,0,0,0,0,17,30.976509678235,0,12,7,4,1,0,25,21,21,0,0,3,2,31,0,0,0,2,0,0,0,0,0,0,0,0,0,0,0,2,5,0,7,32,1,0,0,0,0,0,1,0,4,98,2,2,0,0,35,1,0,1,1,0,0,0,0,0,0,0,0,0,35;20,,,55,0,0,4,4,0,0,1,0,0,0,0,0,1,0,49,49,0,0,0,0,0,1,29,0,20
2005,9,JAX,REG,2005_09_HOU_JAX,HOU,19,25,218,1,0,2,-4,0,0,0,218,12,10.3550896340166,,0,10,3,3,0,27,98,2,0,0,4,0.923912376281805,0,3,2,0,0,19,0,218,1,0,0,0,0,12,17.4873000999796,0,10,3,3,0,0,54,1,3,0,0,4,6,28,0,0,0,1,0,0,0,0,0,0,0,0,0,0,0,1,0,0,6,45,2,0,0,0,0,0,2,8,2,46,0,0,0,0,,,0,0,0,0,0,0,0,0,0,0,0,0,,,,0,0,0,3,3,0,0,1,0,0,0,0,0,6,0,41,227,3,3,0,0,1,2,0,0,227
2005,9,KC,REG,2005_09_OAK_KC,LV,22,35,235,1,0,3,-28,2,1,0,235,10,1.07165915903687,,0,10,6,2,0,24,114,2,1,0,6,3.18415440345416,0,4,4,0,0,22,0,235,1,0,0,0,0,10,15.9944266695414,0,10,6,2,0,0,46,7,7,0,0,0,1,13,0,1,14,4,0,0,0,0,0,0,0,0,0,2,-3,0,0,0,11,87,5,2,1,0,3,1,5,32,6,83,2,2,0,0,47,1,0,1,0,1,0,0,0,0,0,0,0,0,27;47,,,74,0,0,3,3,0,0,1,0,0,0,0,0,5,0,49,209,3,0,3,0,0,2,-6,0,215
2005,9,LAC,REG,2005_09_SD_NYJ,NYJ,20,27,270,1,1,1,-8,1,1,0,270,15,14.9866031446727,,0,12,7,5,0,35,133,3,0,0,9,3.45319616926423,0,5,3,0,0,20,0,270,1,0,0,0,0,15,25.0053749892977,0,12,7,5,0,0,30,20,20,0,0,0,3,24,0,0,0,4,0,0,0,0,0,0,0,0,0,0,0,0,0,0,12,124,3,1,0,0,1,1,0,0,6,145,1,1,0,0,18,1,1,0,0,0,0,0,0,0,0,0,0,0,18,,,18,0,0,4,4,0,0,1,0,0,0,0,0,2,0,60,115,0,0,0,1,0,1,15,0,80
2005,9,LV,REG,2005_09_OAK_KC,KC,21,40,175,2,1,1,-13,0,0,0,175,11,-2.02530930039177,,0,7,2,1,0,26,101,0,1,0,6,-0.207677306796424,1,2,1,0,0,21,0,175,2,0,0,0,0,11,16.88119145947,0,7,2,1,0,0,50,6,6,0,0,2,3,28,0,0,0,4,0,1,0,0,0,0,0,0,0,1,-7,1,0,0,9,84,3,0,2,1,2,0,2,-6,5,191,3,3,0,0,49,1,0,0,1,2,0,0,0,0,0,0,0,0,32;49;48,,,129,0,0,0,0,0,0,,0,0,0,0,0,5,0,53,235,2,0,0,0,0,5,32,0,203
2005,9,MIA,REG,2005_09_ATL_MIA,ATL,13,22,103,0,1,0,0,0,0,0,103,5,-7.19804000190706,,0,3,1,1,0,25,105,1,0,0,6,0.604828482144512,0,3,3,1,0,13,0,103,0,0,0,0,0,5,5.12084144301699,0,3,1,1,0,0,49,0,32,0,0,2,3,8,0,0,0,3,0,1,0,0,0,0,0,0,0,1,0,2,0,0,7,60,4,0,1,0,1,0,1,0,3,56,1,1,0,0,28,1,0,1,0,0,0,0,0,0,0,0,0,0,28,,,28,0,0,1,1,0,0,1,0,0,0,0,0,6,0,54,261,3,0,3,0,1,2,1,0,260
2005,9,MIN,REG,2005_09_DET_MIN,DET,15,22,136,2,0,3,-15,1,1,0,136,8,0.123193393591074,,0,6,2,1,0,35,164,1,0,0,10,-3.39554452640004,0,7,5,1,0,15,0,136,2,0,0,0,0,8,14.1600070854208,0,6,2,1,0,0,46,6,16,0,0,1,4,32,0,2,34,7,0,0,0,0,0,0,0,0,0,0,0,1,6,0,3,18,3,1,0,0,1,1,3,34,3,101,2,3,1,0,40,0.666666666666667,0,1,0,1,0,0,0,0,0,0,1,0,21;40,52,,61,52,0,3,3,0,0,1,0,0,0,0,0,5,0,61,234,1,0,1,1,1,2,12,0,202
2005,9,NE,REG,2005_09_IND_NE,IND,25,40,285,3,0,2,-31,2,1,0,285,14,9.86982234957395,,0,14,8,4,0,14,34,0,1,1,3,-6.12173408822855,0,3,1,0,0,25,0,285,3,0,0,0,0,14,25.1133267140831,0,14,8,4,0,0,34,28,28,0,0,0,0,0,0,1,-1,3,0,0,0,0,0,0,0,0,0,1,0,0,0,0,4,24,5,3,0,0,3,2,1,29,8,142,0,0,0,0,,,0,0,0,0,0,0,0,0,0,0,0,0,,,,0,0,0,3,3,0,0,1,0,0,0,0,0,3,0,55,143,1,0,0,0,2,1,0,0,143
2005,9,NO,REG,2005_09_CHI_NO,CHI,16,26,170,1,2,3,-20,0,0,0,170,6,-1.63929654147021,,0,7,3,1,1,33,133,1,1,1,8,-4.51203708176035,0,4,3,1,1,16,0,170,1,1,1,0,0,6,6.81974038202316,0,7,3,1,1,0,41,13,13,0,0,1,2,6,0,2,29,4,0,0,0,0,0,0,0,0,0,0,0,1,0,0,6,70,6,2,0,0,2,2,1,7,5,110,1,1,0,0,22,1,0,1,0,0,0,0,0,0,0,0,0,0,22,,,22,0,0,2,2,0,0,1,0,0,0,0,0,7,0,55,306,2,0,1,0,2,4,35,0,271
2005,9,NYG,REG,2005_09_NYG_SF,SF,18,33,251,1,0,0,0,0,0,0,251,8,14.1153940504083,,0,7,5,4,1,32,93,2,0,0,10,-3.98219056823291,0,4,2,0,0,18,0,251,1,1,0,0,0,8,24.502723746933,0,7,5,4,1,0,37,0,14,0,0,0,3,16,0,1,19,3,0,0,0,0,0,0,0,0,0,1,0,0,0,0,10,81,1,1,0,0,1,0,6,35,3,81,1,1,0,0,22,1,0,1,0,0,0,0,0,0,0,0,0,0,22,,,22,0,0,3,3,0,0,1,0,0,0,0,0,5,0,52,229,1,0,0,0,2,3,30,0,199
2005,9,NYJ,REG,2005_09_SD_NYJ,LAC,17,31,204,2,0,3,-24,0,0,0,204,10,0.21173123205441,,0,8,4,2,1,25,89,1,0,0,6,1.63816023842082,0,1,1,1,0,17,0,204,2,0,0,0,0,10,16.2325943364757,0,8,4,2,1,0,36,20,20,0,0,1,1,8,0,1,10,1,0,0,0,0,0,0,0,0,0,0,0,1,4,0,5,35,3,0,0,0,0,0,1,15,6,169,2,3,1,0,35,0.666666666666667,0,1,1,0,0,0,0,0,0,0,1,0,35;22,51,,57,51,0,2,2,0,0,1,0,0,0,0,0,2,0,46,87,0,1,1,0,0,0,0,0,87
2005,9,PHI,REG,2005_09_PHI_WAS,WAS,22,35,304,1,1,2,-13,0,0,0,304,12,7.31688275362486,,0,9,7,4,1,23,45,0,1,0,4,-8.89015157497488,0,0,0,0,0,22,0,304,1,1,0,0,0,12,21.3879088114481,0,9,7,4,1,0,42,8,14,0,0,2,2,9,0,0,0,2,0,0,0,0,0,0,0,0,0,0,-3,1,16,0,5,64,6,1,1,2,2,0,1,8,3,74,1,1,0,0,34,1,0,0,1,0,0,0,0,0,0,0,0,0,34,,,34,0,0,1,1,0,0,1,0,0,0,0,0,7,0,47,262,2,0,1,1,3,2,0,0,242
2005,9,PIT,REG,2005_09_PIT_GB,GB,9,16,65,0,1,1,-6,0,0,0,65,4,-6.60978733164786,,0,3,0,0,0,33,154,1,0,0,8,-1.07021130110022,0,4,3,1,1,9,0,65,0,0,0,0,0,4,5.33865244413028,0,3,0,0,0,0,45,13,13,0,0,1,1,11,0,1,3,3,0,0,0,0,0,0,0,0,0,3,-9,2,78,1,4,53,0,1,2,0,3,0,3,13,3,59,2,3,1,0,32,0.666666666666667,0,1,1,0,0,0,0,0,0,0,1,0,32;24,51,,56,51,0,2,2,0,0,1,0,0,0,0,0,4,0,49,183,0,0,0,0,0,4,66,0,117
2005,9,SEA,REG,2005_09_SEA_ARI,ARI,13,20,158,1,0,1,0,1,0,0,158,8,7.64367798536509,,0,6,3,1,1,33,208,3,0,0,11,8.21480821038855,0,8,5,1,1,13,0,158,1,0,0,0,0,8,13.5778035419353,0,6,3,1,1,0,43,17,17,0,0,1,4,27,0,3,31,13,0,0,0,0,0,0,0,0,0,1,0,1,1,0,6,52,2,1,0,0,1,0,0,0,6,165,2,2,0,0,28,1,0,2,0,0,0,0,0,0,0,0,0,0,26;28,,,54,0,0,3,4,0,1,0.75,0,0,0,0,0,4,0,52,186,0,0,0,2,0,2,11,0,135
2005,9,SF,REG,2005_09_NYG_SF,NYG,12,21,102,0,1,3,-16,0,0,0,102,2,-8.63064940442917,,0,6,1,1,0,22,52,0,1,0,3,-6.80711815855466,0,1,1,1,0,12,0,102,0,0,0,0,0,2,2.93652960972395,0,6,1,1,0,0,44,0,22,0,0,1,0,0,0,0,0,6,0,0,0,0,0,0,0,0,0,1,-6,0,0,0,12,80,3,0,1,0,1,0,3,30,5,103,2,2,0,0,52,1,0,0,0,1,1,0,0,0,0,0,0,0,48;52,,,100,0,0,0,0,0,0,,0,0,0,0,0,7,0,49,312,1,0,0,0,1,6,35,0,277
2005,9,TB,REG,2005_09_CAR_TB,CAR,25,42,259,1,2,5,-33,1,1,0,259,14,-13.079605726467,,0,11,4,2,1,18,44,1,1,1,2,-9.90483139990829,0,0,0,0,0,25,0,259,1,0,0,0,0,14,19.235621454136,0,11,4,2,1,0,34,12,16,0,0,1,1,6,0,0,0,7,0,0,0,0,0,0,0,0,0,0,0,0,0,0,8,42,3,2,0,0,2,2,3,45,7,155,0,0,0,0,,,0,0,0,0,0,0,0,0,0,0,0,0,,,,0,0,0,2,2,0,0,1,0,0,0,0,0,6,0,59,289,1,0,0,0,3,3,46,0,243
2005,9,TEN,REG,2005_09_TEN_CLE,CLE,18,42,235,1,1,1,-10,0,0,0,235,15,-5.58383679931285,,0,12,4,3,0,24,98,1,0,0,3,-2.38956110383998,0,2,2,1,0,18,0,235,1,0,0,0,0,15,17.7426109304943,0,12,4,3,0,0,29,21,21,0,0,0,0,0,0,1,0,3,0,0,0,0,0,0,0,0,0,1,0,1,0,0,2,15,5,0,1,0,1,0,1,31,5,76,0,1,1,0,,0,0,0,0,0,0,0,0,0,0,0,1,0,,50,,0,50,0,2,2,0,0,1,0,0,0,0,0,7,0,49,244,0,1,2,1,0,3,11,0,213
2005,9,WAS,REG,2005_09_PHI_WAS,PHI,21,29,224,0,0,2,-9,1,1,0,224,11,2.5188840398712,,0,11,6,2,0,29,78,2,0,0,5,-2.65558296846575,0,1,1,0,0,21,0,224,0,1,0,0,0,11,16.8777701628658,0,11,6,2,0,0,43,2,8,0,0,1,2,13,0,1,6,3,0,1,0,0,0,0,0,0,0,2,0,0,0,0,4,35,2,2,1,0,3,1,2,0,3,86,1,1,0,0,24,1,0,1,0,0,0,0,0,0,0,0,0,0,24,,,24,0,0,2,2,0,0,1,0,0,0,0,0,6,0,50,260,2,1,2,1,1,1,8,0,232
2005,10,ARI,REG,2005_10_ARI_DET,DET,29,45,359,1,0,0,0,0,0,0,359,18,13.43957108077,,0,17,10,5,0,16,38,1,2,1,3,-5.11917250715476,1,1,0,0,0,29,0,359,1,0,0,0,0,18,26.4889182254556,0,17,10,5,0,0,43,3,19,0,0,0,1,5,0,0,0,4,0,0,0,0,0,0,0,0,0,1,0,0,0,0,9,80,5,1,1,0,2,1,5,29,5,97,2,2,0,0,51,1,0,1,0,0,1,0,0,0,0,0,0,0,51;28,,,79,0,0,1,1,0,0,1,0,0,0,0,0,4,0,49,153,3,0,1,0,2,1,13,0,140
2005,10,ATL,REG,2005_10_GB_ATL,GB,20,30,209,2,0,3,-17,1,0,0,209,11,3.66134082320798,,1,11,6,2,0,29,133,1,2,1,7,-4.93316693101886,0,3,1,0,0,20,0,209,2,2,2,0,0,11,5.77528050176636,1,11,6,2,0,0,50,6,8,0,0,2,1,12,0,1,6,5,0,1,0,0,0,0,0,0,0,2,-6,0,0,0,8,58,4,3,3,1,6,3,3,34,8,156,1,1,0,0,37,1,0,0,1,0,0,0,0,0,0,0,0,0,37,,,37,0,0,2,2,0,0,1,0,0,0,0,0,5,0,53,197,2,0,0,0,3,2,14,0,183
2005,10,BAL,REG,2005_10_BAL_JAX,JAX,19,33,142,0,3,4,-32,0,0,0,142,5,-23.6564895017926,,0,5,3,1,0,17,53,0,0,0,2,-1.10085383488331,0,0,0,0,0,19,0,142,0,0,0,0,0,5,4.32023673787092,0,5,3,1,0,0,54,1,7,0,0,0,1,6,0,0,0,4,0,0,0,0,0,0,0,0,0,0,0,0,0,0,9,86,3,0,0,0,0,0,2,46,4,85,1,1,0,0,41,1,0,0,0,1,0,0,0,0,0,0,0,0,41,,,41,0,0,0,0,0,0,,0,0,0,0,0,7,0,57,312,0,0,0,0,0,7,59,0,253
2005,10,BUF,REG,2005_10_KC_BUF,KC,13,22,162,2,0,2,-14,1,1,0,162,5,-3.01592511541845,,0,6,4,4,0,28,61,0,1,1,4,-12.5407283559907,0,2,2,0,0,13,0,162,2,0,0,0,0,5,11.0685552575208,0,6,4,4,0,0,36,29,35,0,0,2,6,54,0,3,53,8,0,0,0,0,0,0,0,0,0,0,0,1,46,0,5,37,3,2,0,0,2,2,0,0,2,32,0,2,2,0,,0,0,0,0,0,0,0,0,1,1,0,0,0,,28;31,,0,59,0,2,2,0,0,1,0,0,0,0,0,5,0,53,241,3,0,1,0,0,4,14,0,227
2005,10,CAR,REG,2005_10_NYJ_CAR,NYJ,10,20,119,1,2,0,0,0,0,0,119,8,-2.38040898780705,,0,6,2,1,0,36,101,1,0,0,6,-4.9849360035913,0,0,0,0,0,10,0,119,1,0,0,0,0,8,13.2184830310871,0,6,2,1,0,0,47,3,15,0,0,3,3,21,0,4,42,7,1,0,0,0,0,0,0,0,0,0,0,2,4,0,3,25,2,0,0,0,0,0,2,25,2,35,3,3,0,0,42,1,0,2,0,1,0,0,0,0,0,0,0,0,23;42;28,,,93,0,0,3,3,0,0,1,0,0,0,0,0,3,0,45,128,0,0,0,0,2,1,4,0,124
2005,10,CHI,REG,2005_10_SF_CHI,SF,8,14,67,0,1,0,0,0,0,0,67,2,-9.03673902808019,,0,3,1,1,0,40,172,1,0,0,8,-4.12007545222878,0,4,4,1,0,8,0,67,0,0,0,0,0,2,3.80552084493684,0,3,1,1,0,1,43,11,11,0,0,1,0,0,0,1,3,3,0,4,0,0,0,0,0,0,108,2,0,1,0,0,5,34,3,2,3,0,5,3,4,31,4,83,1,2,1,0,37,0.5,0,0,1,0,0,0,0,0,1,0,0,0,37,39,,37,39,0,2,2,0,0,1,0,0,0,0,0,5,0,45,189,1,1,1,1,0,2,0,0,169
2005,10,CLE,REG,2005_10_CLE_PIT,PIT,17,34,253,1,1,2,-11,0,0,0,253,12,6.28751889060368,,0,9,6,5,0,19,61,1,0,0,4,0.0162594809662551,0,0,0,0,0,17,0,253,1,1,1,0,0,12,19.4940620647394,0,9,6,5,0,1,38,16,32,0,0,0,0,0,0,0,0,2,0,0,0,0,0,1,0,0,59,0,0,0,0,0,9,75,2,1,0,0,1,1,0,0,7,119,0,0,0,0,,,0,0,0,0,0,0,0,0,0,0,0,0,,,,0,0,0,3,3,0,0,1,0,0,0,0,0,4,0,46,148,1,0,0,0,1,3,16,0,132
2005,10,DAL,REG,2005_10_DAL_PHI,PHI,17,24,196,1,1,2,-13,0,0,0,196,8,-1.39280121924821,,0,8,4,2,1,24,58,1,1,0,2,-4.23142098175595,0,1,1,1,0,17,0,196,1,0,0,0,0,8,12.3546617061947,0,8,4,2,1,0,65,1,9,0,0,2,2,5,0,1,46,14,1,0,0,0,0,0,0,0,0,1,0,0,0,0,4,31,2,1,0,0,1,0,1,1,5,107,0,0,0,0,,,0,0,0,0,0,0,0,0,0,0,0,0,,,,0,0,0,3,3,0,0,1,0,0,0,0,0,9,0,56,364,2,0,1,0,2,6,65,0,299
2005,10,DEN,REG,2005_10_DEN_OAK,LV,16,22,205,1,0,0,0,0,0,0,205,9,9.69005602131151,,1,9,5,3,1,38,121,1,1,1,5,-5.88692021052464,0,2,2,1,0,16,0,205,1,1,1,0,0,9,11.3309388583883,1,9,5,3,1,0,47,7,7,0,0,1,4,35,0,3,126,5,1,0,0,0,0,0,0,0,0,0,0,0,0,0,4,30,4,1,1,0,2,2,1,52,2,49,3,3,0,0,38,1,0,2,1,0,0,0,0,0,0,0,0,0,22;38;25,,,85,0,0,2,2,0,0,1,0,0,0,0,0,4,0,52,177,1,0,1,1,0,2,9,0,148
2005,10,DET,REG,2005_10_ARI_DET,ARI,22,32,231,3,0,1,-5,0,0,0,231,12,7.26846860502752,,0,9,6,5,0,32,157,0,0,0,6,0.0506864949376826,0,5,3,1,0,22,0,231,3,0,0,0,0,12,15.996366150619,0,9,6,5,0,0,43,1,19,0,0,1,0,0,0,0,0,4,0,0,1,0,0,0,0,0,0,0,0,1,0,0,7,50,3,0,0,0,0,0,1,13,4,106,2,2,0,0,26,1,0,2,0,0,0,0,0,0,0,0,0,0,26;20,,,46,0,0,3,3,0,0,1,0,0,0,0,0,6,0,55,262,2,0,1,0,0,5,29,0,233
2005,10,GB,REG,2005_10_GB_ATL,ATL,27,40,256,1,1,1,-12,0,0,0,256,17,1.98474282231135,,0,13,6,2,0,29,107,2,2,0,7,-1.75370127622295,0,3,3,0,0,27,0,256,1,0,0,0,0,17,17.4115070700177,0,13,6,2,0,0,52,4,4,0,0,3,3,17,0,0,0,3,0,0,0,0,0,0,0,0,0,2,0,3,18,0,4,58,5,2,0,0,2,0,2,14,2,57,4,4,0,0,53,1,0,1,0,1,2,0,0,0,0,0,0,0,46;23;53;51,,,173,0,0,3,3,0,0,1,0,0,0,0,0,3,0,46,126,0,0,0,0,0,3,34,0,92
2005,10,HOU,REG,2005_10_HOU_IND,IND,16,25,138,1,0,3,-12,0,0,0,138,7,-1.5887508068214,,0,6,1,0,0,24,83,1,0,0,3,-1.64695549575845,0,1,1,0,0,16,0,138,1,0,0,0,0,7,10.7475989655844,0,6,1,0,0,0,40,14,14,0,0,1,1,4,0,0,0,3,0,1,0,0,0,0,0,0,0,2,0,2,0,0,4,35,3,1,1,0,2,0,3,9,6,143,1,1,0,0,24,1,0,1,0,0,0,0,0,0,0,0,0,0,24,,,24,0,0,2,2,0,0,1,0,0,0,0,0,6,0,44,221,1,0,0,0,3,3,7,0,214
2005,10,IND,REG,2005_10_HOU_IND,HOU,26,35,297,3,0,1,-4,0,0,0,297,16,16.5728138723538,,0,14,7,4,0,29,126,1,1,0,7,-0.568182848510332,0,2,1,0,0,26,0,297,3,0,0,0,0,16,21.8794721012237,0,14,7,4,0,0,30,22,22,0,0,1,3,12,0,0,0,1,0,2,0,0,0,0,0,0,0,0,0,0,0,0,6,50,1,1,2,1,3,2,3,7,4,82,1,1,0,0,45,1,0,0,0,1,0,0,0,0,0,0,0,0,45,,,45,0,0,4,4,0,0,1,0,0,0,0,0,3,0,51,137,2,0,0,0,0,3,9,0,128
2005,10,JAX,REG,2005_10_BAL_JAX,BAL,16,30,211,1,0,1,-6,0,0,0,211,10,2.37320090714632,,0,8,4,3,1,35,133,1,0,0,8,-5.77912653517726,0,4,3,1,0,16,0,211,1,0,0,0,0,10,16.5009034108953,0,8,4,3,1,0,44,0,2,0,0,0,4,32,0,3,31,6,1,0,0,0,0,0,0,0,0,0,0,0,0,0,5,42,3,0,0,0,0,0,7,59,2,63,3,3,0,0,48,1,0,1,1,1,0,0,0,0,0,0,0,0,48;33;26,,,107,0,0,3,3,0,0,1,0,0,0,0,0,5,0,44,203,1,1,1,1,0,2,46,0,137
2005,10,KC,REG,2005_10_KC_BUF,BUF,23,40,220,0,3,6,-54,1,1,0,220,10,-21.8034179467171,,0,8,2,1,0,32,150,0,0,0,11,2.01526975869779,0,4,3,1,0,23,0,220,0,0,0,0,0,10,16.4675894619431,0,8,2,1,0,0,29,10,20,0,0,2,2,14,0,0,0,4,0,0,0,0,0,0,0,0,0,1,0,2,0,0,8,65,4,2,0,0,2,1,4,14,3,56,1,3,2,0,35,0.333333333333333,0,0,1,0,0,0,0,0,0,2,0,0,35,44;43,,35,87,0,0,0,0,0,,0,0,0,0,0,3,0,50,106,3,1,0,0,2,0,0,0,106
2005,10,LA,REG,2005_10_STL_SEA,SEA,28,40,304,1,1,3,-26,0,0,0,304,16,8.01099247200654,,0,17,5,1,0,21,75,0,0,0,4,-4.3720264636213,0,3,3,0,0,28,0,304,1,2,1,0,0,16,17.2064600755111,0,17,5,1,0,0,38,18,20,0,0,0,0,0,0,2,49,4,0,0,0,0,0,0,0,0,0,0,0,0,0,0,8,49,4,2,0,1,2,1,2,16,6,112,3,3,0,0,39,1,0,0,3,0,0,0,0,0,0,0,0,0,31;36;39,,,106,0,0,1,1,0,0,1,0,0,0,0,0,2,0,46,83,1,1,0,0,0,1,19,0,64
2005,10,LV,REG,2005_10_DEN_OAK,DEN,26,50,310,2,3,4,-35,1,0,0,310,15,-13.4716172439973,,0,15,6,4,0,17,60,0,0,0,4,1.10483887122246,0,2,0,0,0,26,0,310,2,0,0,0,0,15,28.3187390509411,0,15,6,4,0,0,47,7,7,0,0,1,0,0,0,0,0,2,0,0,0,0,0,0,0,0,0,1,0,2,0,0,9,58,4,1,0,0,1,0,2,9,6,139,1,2,1,0,40,0.5,0,0,0,1,0,0,0,0,0,1,0,0,40,45,,40,45,0,2,2,0,0,1,0,0,0,0,0,5,0,59,233,2,2,0,1,1,1,52,0,161
2005,10,MIA,REG,2005_10_NE_MIA,NE,25,47,360,2,1,0,0,0,0,0,360,16,5.90272894299098,,0,14,8,6,1,25,77,0,0,0,5,-5.21822298230836,0,3,2,0,0,25,0,360,2,1,1,0,0,16,23.4959894073401,0,14,8,6,1,0,41,0,24,0,0,1,2,1,0,2,22,11,0,1,0,0,0,0,0,0,0,2,0,0,0,0,4,69,4,1,2,0,3,1,3,13,4,112,1,2,1,0,36,0.5,0,0,1,0,0,0,0,0,1,0,0,0,36,31,,36,31,0,1,1,0,0,1,0,0,0,0,0,6,0,58,272,2,0,1,1,1,3,0,0,252
2005,10,MIN,REG,2005_10_MIN_NYG,NYG,17,30,144,0,0,4,-19,0,0,0,144,7,-3.6899323478123,,0,7,2,2,1,21,12,0,1,1,1,-14.1976418467821,0,0,0,0,0,17,0,144,0,0,0,0,0,7,5.69575938201067,0,7,2,2,1,2,37,23,23,0,0,0,2,10,0,4,149,12,1,0,0,0,0,0,0,0,0,0,0,1,0,0,7,90,4,1,0,0,1,1,3,87,4,158,1,3,1,1,48,0.333333333333333,0,0,0,1,0,0,0,0,0,1,0,0,48,40,32,48,40,32,3,3,0,0,1,1,1,0,0,48,8,0,61,342,2,0,0,0,3,5,93,0,249
2005,10,NE,REG,2005_10_NE_MIA,MIA,21,36,275,2,2,2,-1,0,0,0,275,12,2.59644988632403,,0,11,8,2,1,25,91,0,0,0,5,-2.27615373326978,1,3,3,1,0,21,0,275,2,0,0,0,0,12,20.2175978387332,0,11,8,2,1,0,46,0,22,0,0,1,0,0,0,1,8,12,0,1,0,0,0,0,0,0,0,1,0,1,7,0,6,38,6,1,0,0,1,0,3,0,4,100,3,3,0,0,35,1,0,0,3,0,0,0,0,0,0,0,0,0,35;32;33,,,100,0,0,0,0,0,0,,0,0,0,0,0,6,0,59,262,3,0,1,0,2,3,13,0,249
2005,10,NYG,REG,2005_10_MIN_NYG,MIN,23,48,291,1,4,2,-10,0,0,0,291,14,-19.2677691818184,,0,13,5,3,1,29,124,1,0,0,8,3.80566431670752,1,6,2,0,0,23,0,291,1,0,0,0,0,14,24.2070382400416,0,12,5,3,1,0,33,17,17,0,0,1,4,19,0,0,0,4,0,0,0,0,0,1,0,0,0,0,0,1,0,0,9,75,7,0,1,0,1,1,5,93,4,81,2,3,1,0,48,0.666666666666667,0,0,1,1,0,0,0,1,0,0,0,0,35;48,28,,83,28,0,1,1,0,0,1,0,0,0,0,0,5,0,48,213,1,2,0,0,0,3,87,1,126
2005,10,NYJ,REG,2005_10_NYJ_CAR,CAR,11,21,98,0,4,3,-21,1,0,0,98,7,-20.8113339190022,,0,4,1,1,0,32,137,0,1,1,6,-4.71084046812991,0,3,0,0,0,11,0,98,0,0,0,0,0,7,9.74281236063689,0,4,1,1,0,0,37,8,18,0,0,0,0,0,0,2,11,5,0,0,0,0,0,0,0,0,0,1,0,0,0,0,5,50,2,3,0,0,3,2,1,4,7,133,1,1,0,0,22,1,0,1,0,0,0,0,0,0,0,0,0,0,22,,,22,0,0,0,0,0,0,,0,0,0,0,0,3,0,50,126,1,0,0,0,1,2,25,0,101
2005,10,PHI,REG,2005_10_DAL_PHI,DAL,21,39,183,0,1,2,-5,1,0,0,183,9,-10.1749200183911,,0,7,3,0,0,36,181,2,2,0,9,6.55534063949017,0,3,2,0,0,21,0,183,0,0,0,0,0,9,10.020230520397,0,7,3,0,0,0,43,1,9,0,0,1,2,13,0,1,5,7,0,0,0,0,0,0,0,0,0,3,-2,0,0,0,14,95,5,2,1,0,3,0,6,65,4,89,2,3,1,0,48,0.666666666666667,0,1,0,1,0,0,0,0,0,0,0,1,48;20,60,,68,60,0,2,2,0,0,1,0,1,1,0,60,7,0,51,266,2,0,3,0,3,1,1,0,265
2005,10,PIT,REG,2005_10_CLE_PIT,CLE,18,27,223,1,0,0,0,0,0,0,223,10,7.98110695583477,,0,6,3,2,2,41,159,3,0,0,12,3.41474961413769,0,7,3,1,0,18,0,223,1,0,0,0,0,10,14.7825842733146,0,6,3,2,2,0,27,12,20,0,0,1,2,11,0,1,9,6,0,0,0,0,0,0,0,0,0,0,0,1,9,0,4,30,5,0,0,0,0,0,3,16,3,52,2,3,0,1,42,0.666666666666667,0,0,1,1,0,0,0,0,0,0,0,0,42;33,,44,75,0,44,4,4,0,0,1,0,0,0,0,0,2,0,54,87,2,0,2,0,0,0,0,0,87
2005,10,SEA,REG,2005_10_STL_SEA,LA,17,29,243,1,2,0,0,0,0,0,243,11,6.40697406723727,,0,11,4,3,1,36,174,3,0,0,10,3.96084102298482,0,5,3,2,0,17,0,243,1,0,0,0,0,11,22.4223017908516,0,11,4,3,1,0,42,18,18,0,0,2,3,26,0,1,4,5,0,0,0,0,0,0,0,0,0,0,0,1,0,0,3,69,2,0,0,0,0,0,1,19,5,114,1,1,0,0,31,1,0,0,1,0,0,0,0,0,0,0,0,0,31,,,31,0,0,4,4,0,0,1,0,0,0,0,0,3,0,44,119,0,0,0,0,1,2,16,0,103
2005,10,SF,REG,2005_10_SF_CHI,CHI,1,13,28,0,1,0,0,0,0,0,28,1,-10.6029319107568,,0,1,1,1,0,46,133,0,2,0,6,-11.8199753447123,0,4,3,0,0,1,0,28,0,0,0,0,0,1,2.94509224733338,0,1,1,1,0,0,41,11,11,0,0,2,0,0,0,1,0,4,0,1,0,0,0,0,0,0,0,2,-6,3,0,0,10,80,6,1,2,0,3,1,2,0,3,46,3,4,1,0,34,0.75,0,1,2,0,0,0,0,0,0,0,1,0,30;34;29,52,,93,52,0,0,0,0,0,,0,0,0,0,0,7,0,44,283,1,0,2,0,1,4,31,0,252
2005,10,TB,REG,2005_10_WAS_TB,WAS,15,29,279,3,0,0,0,0,0,0,279,13,15.3273162560072,,0,11,9,5,1,27,61,2,1,1,4,-7.67905141851213,1,1,0,0,0,15,0,279,3,0,0,0,0,13,28.572471533902,0,11,9,5,1,0,54,7,11,0,0,2,2,22,0,2,34,8,0,0,0,0,0,0,0,0,0,0,0,1,0,0,2,15,5,1,0,0,1,1,1,4,6,121,0,0,0,0,,,0,0,0,0,0,0,0,0,0,0,0,0,,,,0,0,0,4,4,0,0,1,0,0,0,0,0,4,0,50,181,0,0,0,1,1,2,3,0,158
2005,10,WAS,REG,2005_10_WAS_TB,TB,23,35,226,2,2,2,-22,2,1,0,226,12,0.621968760051259,,1,8,6,3,1,33,185,1,0,0,11,4.75591964513296,0,8,4,1,0,23,0,226,2,0,0,0,0,12,21.9122503338587,1,8,6,3,1,1,39,3,9,0,0,1,0,0,0,0,0,4,0,1,0,0,0,0,0,0,0,2,0,1,0,0,6,41,4,2,1,0,3,1,2,3,5,170,2,2,0,0,40,1,0,0,1,1,0,0,0,0,0,0,0,0,33;40,,,73,0,0,3,3,0,0,1,0,0,0,0,0,2,0,46,83,1,0,0,0,1,1,4,0,79
2005,11,ARI,REG,2005_11_ARI_STL,LA,27,39,285,3,0,1,-7,1,1,0,285,16,12.5940819996605,,1,12,4,4,0,26,94,1,1,0,7,0.0802514840615913,0,2,1,0,0,27,0,285,3,0,0,0,0,16,22.976688579935,1,12,4,4,0,0,50,4,4,0,0,3,5,38,0,0,0,3,0,0,0,0,0,0,0,0,0,1,-6,2,0,0,10,111,3,1,1,0,2,1,2,17,5,199,3,3,0,0,51,1,0,0,2,0,1,0,0,0,0,0,0,0,32;33;51,,,116,0,0,3,3,0,0,1,0,0,0,0,0,2,0,35,61,1,0,0,0,2,0,0,0,61
2005,11,ATL,REG,2005_11_TB_ATL,TB,21,38,306,2,0,3,-13,2,2,0,306,15,6.10268217222252,,0,13,8,5,1,36,150,1,0,0,8,-1.27018901949581,0,4,4,0,0,21,0,306,2,0,0,0,0,15,29.7472549582209,0,13,8,5,1,0,35,4,4,0,0,0,0,0,0,1,5,1,0,0,0,0,0,0,0,0,0,0,0,0,0,0,11,87,5,2,0,0,2,2,1,19,6,112,2,3,1,0,31,0.666666666666667,0,1,1,0,0,0,0,0,0,0,1,0,31;20,55,,51,55,0,3,3,0,0,1,0,0,0,0,0,2,0,40,77,0,1,0,0,0,1,2,0,75
2005,11,BAL,REG,2005_11_PIT_BAL,PIT,21,36,163,1,1,5,-26,0,0,0,163,9,-5.95198435740259,,0,7,2,0,0,38,104,0,1,1,7,-11.9300402004732,0,2,2,0,0,21,0,163,1,0,0,0,0,9,14.8012155047618,0,7,2,0,0,0,52,8,8,0,0,1,6,34,0,1,0,6,0,0,0,0,0,0,0,0,0,0,0,1,0,0,11,70,5,1,0,0,1,1,5,54,4,130,3,3,0,0,47,1,0,1,0,2,0,0,0,0,0,0,0,0,47;25;44,,,116,0,0,1,1,0,0,1,1,1,0,0,44,8,0,52,350,2,0,1,2,1,4,12,0,298
2005,11,BUF,REG,2005_11_BUF_SD,LAC,20,36,168,1,1,6,-31,2,0,0,168,7,-7.9609845018309,,0,4,1,1,1,13,65,0,1,1,5,-1.83685964878532,0,3,1,1,0,20,0,168,1,0,0,0,0,7,14.7147495145327,0,4,1,1,1,0,40,22,22,0,0,1,1,2,0,0,0,1,0,0,0,0,0,0,0,0,0,1,-2,0,0,0,9,65,6,2,1,1,3,1,0,0,9,239,1,1,0,0,53,1,0,0,0,0,1,0,0,0,0,0,0,0,53,,,53,0,0,1,1,0,0,1,0,0,0,0,0,4,0,60,194,1,0,0,1,1,2,0,0,174
2005,11,CAR,REG,2005_11_CAR_CHI,CHI,22,39,235,0,2,8,-52,1,0,0,235,9,-11.427465363935,,0,9,4,2,1,16,55,0,1,0,1,-4.50925768236382,0,1,1,0,0,22,0,235,0,1,0,0,0,9,16.8228094371152,0,9,4,2,1,0,41,9,9,0,0,0,0,0,0,1,10,5,0,0,0,0,0,0,0,0,0,2,0,0,0,0,7,62,5,3,0,1,3,0,2,18,4,51,1,2,1,0,38,0.5,0,0,1,0,0,0,0,0,0,1,0,0,38,46,,38,46,0,0,0,0,0,,0,0,0,0,0,7,0,55,291,3,1,1,0,2,3,3,0,288
2005,11,CHI,REG,2005_11_CAR_CHI,CAR,15,26,136,1,1,0,0,0,0,0,136,7,-2.38757565094653,,0,6,3,0,0,31,122,0,0,0,5,-6.80115255445708,0,3,3,1,0,15,0,136,1,0,0,0,0,7,11.083273940254,0,6,3,0,0,0,45,9,9,0,0,3,8,52,0,2,68,9,0,0,0,0,0,0,0,0,0,0,0,0,0,0,9,75,1,0,0,0,0,0,3,3,2,26,2,2,0,0,39,1,0,0,2,0,0,0,0,0,0,0,0,0,33;39,,,72,0,0,1,1,0,0,1,0,0,0,0,0,7,0,51,308,1,1,1,3,0,2,18,0,230
2005,11,CIN,REG,2005_11_IND_CIN,IND,25,38,335,2,1,1,-7,0,0,0,335,13,9.35470073618887,,0,10,7,6,1,26,164,2,0,0,9,6.28118187125074,0,6,5,1,0,25,0,335,2,0,0,0,0,13,23.8560048390979,0,10,7,6,1,0,45,0,18,0,0,0,1,6,0,1,35,4,0,0,0,0,0,0,0,0,0,0,0,0,0,0,9,85,5,0,0,0,0,0,1,0,8,181,3,3,0,0,44,1,0,0,0,3,0,0,0,0,0,0,0,0,43;41;44,,,128,0,0,4,4,0,0,1,0,0,0,0,0,1,0,18,18,0,1,0,0,0,0,0,0,18
2005,11,CLE,REG,2005_11_MIA_CLE,MIA,17,29,195,1,1,0,0,0,0,0,195,9,1.31645858952021,,0,6,4,3,0,39,181,1,0,0,8,-0.88639142079046,0,5,3,1,1,17,0,195,1,0,0,0,0,9,14.1867076669112,0,6,4,3,0,0,27,15,15,0,0,0,2,12,0,2,11,9,0,0,0,0,0,0,0,0,0,0,0,0,0,0,5,35,2,0,0,0,0,0,2,47,1,16,3,3,0,0,40,1,0,2,0,1,0,0,0,0,0,0,0,0,23;40;24,,,87,0,0,1,2,1,0,0.5,0,0,0,0,0,4,0,42,144,1,0,1,1,0,2,23,0,101
2005,11,DAL,REG,2005_11_DET_DAL,DET,12,23,110,0,0,1,-6,1,0,0,110,7,1.28255636080998,,0,5,0,0,0,42,149,2,1,1,10,-4.6366395634626,0,5,4,0,0,12,0,110,0,0,0,0,0,7,10.3425995720318,0,5,0,0,0,0,30,0,22,0,0,1,1,0,0,0,0,2,0,0,0,0,0,0,0,0,0,1,0,1,0,0,5,40,3,2,0,0,2,1,3,24,2,42,2,2,0,0,56,1,1,0,0,0,1,0,0,0,0,0,0,0,19;56,,,75,0,0,2,2,0,0,1,0,0,0,0,0,3,0,46,97,3,0,1,0,1,1,0,0,97
2005,11,DEN,REG,2005_11_NYJ_DEN,NYJ,18,26,225,0,0,3,-17,0,0,0,225,7,0.326098195547294,,0,8,4,2,1,47,196,3,1,1,18,8.13742237143078,0,3,2,0,0,18,0,225,0,0,0,0,0,7,13.2861402261769,0,8,4,2,1,0,32,2,8,0,0,2,4,22,0,2,1,4,0,0,0,0,0,0,0,0,0,0,0,3,0,0,3,30,3,1,0,0,1,1,1,4,1,23,2,2,0,0,47,1,0,1,0,1,0,0,0,0,0,0,0,0,26;47,,,73,0,0,3,3,0,0,1,0,0,0,0,0,2,0,49,93,0,0,0,0,1,1,13,0,80
2005,11,DET,REG,2005_11_DET_DAL,DAL,17,25,169,0,0,1,0,1,1,0,169,8,1.14112254212412,,0,8,2,2,0,19,57,1,0,0,3,0.00575578192365356,0,1,1,0,0,17,0,169,0,0,0,0,0,8,10.706051212881,0,8,2,2,0,0,47,1,17,0,0,2,1,6,0,0,0,2,0,0,0,0,0,0,0,0,0,0,0,1,0,0,17,129,4,1,0,0,1,1,1,0,5,95,0,1,1,0,,0,0,0,0,0,0,0,0,0,0,0,1,0,,50,,0,50,0,1,1,0,0,1,0,0,0,0,0,5,0,48,198,1,0,0,1,1,3,24,0,154
2005,11,GB,REG,2005_11_MIN_GB,MIN,20,33,227,2,2,2,-12,0,0,0,227,9,-7.66453135409887,,0,6,2,2,1,14,21,0,1,0,1,-5.2225858947495,0,0,0,0,0,20,0,227,2,0,0,0,0,9,15.7949154827511,0,6,2,2,1,0,44,17,27,0,0,1,4,19,0,1,0,8,0,0,0,0,0,0,0,0,0,1,0,1,0,0,5,31,6,1,0,0,1,0,4,21,4,72,1,1,0,0,46,1,0,0,0,1,0,0,0,0,0,0,0,0,46,,,46,0,0,2,2,0,0,1,0,0,0,0,0,7,0,48,254,1,0,0,0,2,5,40,0,214
2005,11,HOU,REG,2005_11_KC_HOU,KC,19,36,182,0,1,1,-1,1,0,0,182,9,-13.9260048265946,,0,7,2,1,0,19,78,1,3,2,4,-11.3191976616508,0,2,2,0,0,19,0,182,0,0,0,0,0,9,9.14530976797687,0,7,2,1,0,1,48,16,16,0,0,1,0,0,0,1,29,5,0,0,0,0,0,0,0,0,0,2,-11,0,0,0,6,43,3,2,2,0,4,2,1,37,8,278,1,1,0,0,22,1,0,1,0,0,0,0,0,0,0,0,0,0,22,,,22,0,0,2,2,0,0,1,0,0,0,0,0,4,0,44,161,1,0,1,0,0,3,5,0,156
2005,11,IND,REG,2005_11_IND_CIN,CIN,24,40,365,3,1,1,-6,0,0,0,365,15,19.6921726559015,,0,13,10,5,2,30,92,3,0,0,11,4.69750283047324,0,2,1,0,0,24,0,365,3,0,0,0,0,15,36.1119076729519,0,13,10,5,2,0,42,1,29,0,0,0,1,7,0,1,16,5,0,0,0,0,0,0,0,0,0,0,0,0,0,0,4,30,3,0,0,0,0,0,0,0,7,107,1,1,0,0,19,1,1,0,0,0,0,0,0,0,0,0,0,0,19,,,19,0,0,6,6,0,0,1,0,0,0,0,0,2,0,41,78,1,0,0,0,1,1,0,0,78
2005,11,JAX,REG,2005_11_JAX_TEN,TEN,22,38,258,3,0,2,-12,1,1,0,258,15,10.6498337162438,,0,10,7,4,0,30,49,1,0,0,5,-4.87705342072877,0,1,1,0,0,22,0,258,3,0,0,0,0,15,30.5248788289027,0,10,7,4,0,0,32,15,21,0,0,0,3,17,0,1,0,7,0,0,0,0,0,0,0,0,0,0,0,0,0,0,3,15,2,1,0,0,1,1,2,23,3,69,1,1,0,0,31,1,0,0,1,0,0,0,0,0,0,0,0,0,31,,,31,0,0,4,4,0,0,1,0,0,0,0,0,6,0,74,301,1,0,2,0,1,3,30,0,271
2005,11,KC,REG,2005_11_KC_HOU,HOU,19,29,220,3,1,0,0,0,0,0,220,11,8.64336253728106,,0,9,8,2,0,42,226,2,0,0,15,7.48325751052471,0,7,5,2,0,19,0,220,3,0,0,0,0,11,20.0339332153308,0,9,8,2,0,0,44,1,3,0,0,2,1,1,0,1,57,10,1,0,0,0,0,0,0,0,0,1,0,2,0,0,5,30,0,1,0,0,1,0,3,5,4,94,1,1,0,0,35,1,0,0,1,0,0,0,0,0,0,0,0,0,35,,,35,0,0,6,6,0,0,1,0,0,0,0,0,4,0,48,159,1,0,0,1,2,1,37,0,102
2005,11,LA,REG,2005_11_ARI_STL,ARI,33,43,385,3,0,5,-38,2,1,0,385,15,10.6170076955821,,1,16,7,5,1,12,6,0,1,1,1,-9.82749144139234,0,0,0,0,0,33,0,385,3,0,0,0,0,15,27.5682279704373,1,16,7,5,1,0,54,5,5,0,0,1,1,7,0,0,0,4,0,0,0,0,0,0,0,0,0,1,0,1,0,0,9,54,5,3,0,0,3,2,0,0,6,159,2,2,0,0,47,1,0,0,1,1,0,0,0,0,0,0,0,0,47;32,,,79,0,0,2,2,0,0,1,0,0,0,0,0,3,0,48,134,0,0,0,1,0,2,17,0,97
2005,11,LAC,REG,2005_11_BUF_SD,BUF,28,33,339,4,0,1,-2,1,0,0,339,16,26.5757319501419,,0,14,9,6,0,34,141,2,0,0,11,4.51078177295858,0,3,3,0,0,28,0,339,4,0,0,0,0,16,30.9165041816304,0,14,9,6,0,0,34,12,12,0,0,2,6,31,0,1,10,9,0,1,0,0,0,0,0,0,0,2,0,1,0,0,2,10,3,1,1,0,2,0,2,0,3,51,2,2,0,0,38,1,0,1,1,0,0,0,0,0,0,0,0,0,28;38,,,66,0,0,6,6,0,0,1,0,0,0,0,0,1,0,53,53,1,0,0,0,1,0,0,0,53
2005,11,LV,REG,2005_11_OAK_WAS,WAS,19,36,289,1,1,1,-3,0,0,0,289,14,10.0974873481136,,0,10,7,5,1,29,50,0,0,0,2,-11.2867705693636,0,1,0,0,0,19,0,289,1,1,0,0,0,14,28.5717392826628,0,10,7,5,1,0,45,2,4,0,0,3,2,17,0,0,0,3,0,0,0,0,0,0,0,0,0,1,0,3,3,0,10,101,4,1,0,0,1,0,2,13,4,67,3,4,1,0,30,0.75,1,1,1,0,0,0,0,0,0,1,0,0,30;25;19,45,,74,45,0,1,1,0,0,1,0,0,0,0,0,5,0,50,209,3,0,1,0,3,1,3,0,206
2005,11,MIA,REG,2005_11_MIA_CLE,CLE,9,28,67,0,2,2,-12,0,0,0,67,3,-24.3621288334834,,0,1,1,1,0,25,139,0,0,0,9,6.36965607129969,0,4,2,0,0,9,0,67,0,0,0,0,0,3,4.58990343945334,0,1,1,1,0,0,30,27,27,0,0,0,0,0,0,1,16,5,0,0,0,0,0,0,0,0,0,1,0,0,0,0,7,43,4,0,1,0,1,0,2,23,5,98,0,0,0,0,,,0,0,0,0,0,0,0,0,0,0,0,0,,,,0,0,0,0,0,0,0,,0,0,0,0,0,6,0,60,266,1,2,0,2,0,2,47,0,179
2005,11,MIN,REG,2005_11_MIN_GB,GB,18,30,196,0,1,5,-25,2,1,0,196,11,-6.74015588903327,,0,10,3,2,0,37,160,1,0,0,9,2.16776367493879,0,5,4,1,0,18,0,196,0,0,0,0,0,11,14.4217514507473,0,10,3,2,0,0,32,7,15,0,0,1,2,12,0,2,53,6,1,0,0,0,0,0,0,0,0,1,0,0,0,0,6,77,5,1,1,0,2,1,5,40,4,72,2,3,1,0,27,0.666666666666667,0,2,0,0,0,0,0,0,0,1,0,0,24;27,49,,51,49,0,2,2,0,0,1,1,1,0,0,27,5,0,42,193,2,0,1,0,0,4,21,0,172
2005,11,NE,REG,2005_11_NO_NE,NO,15,29,222,3,0,3,-28,1,1,0,222,12,8.73025787121151,,0,8,4,4,1,30,132,0,0,0,6,0.251974580970662,0,4,2,2,0,15,0,222,3,0,0,0,0,12,24.5249333861866,0,8,4,4,1,0,32,22,22,0,0,0,1,5,0,1,0,5,0,0,0,0,0,0,0,0,0,0,0,0,0,0,5,50,4,1,0,0,1,1,1,23,3,59,1,1,0,0,37,1,0,0,1,0,0,0,0,0,0,0,0,0,37,,,37,0,0,3,3,0,0,1,0,0,0,0,0,5,0,57,237,0,0,0,1,0,4,28,0,189
2005,11,NO,REG,2005_11_NO_NE,NE,27,50,343,2,1,1,-5,0,0,0,343,17,12.3110875283912,,0,13,8,8,0,21,87,0,0,0,4,-0.717354073771276,0,1,1,1,0,27,0,343,2,0,0,0,0,17,31.1339158054325,0,13,8,8,0,0,22,26,28,0,0,1,3,28,0,0,0,1,0,0,0,0,0,0,0,0,0,0,0,1,0,0,11,99,5,0,0,0,0,0,4,28,4,114,1,2,1,0,46,0.5,0,0,0,1,0,0,0,0,1,0,0,0,46,30,,46,30,0,2,2,0,0,1,0,0,0,0,0,4,0,38,129,2,1,1,0,1,1,23,0,106
2005,11,NYG,REG,2005_11_PHI_NYG,PHI,17,26,218,3,0,5,-18,2,0,0,218,11,8.04714554772573,,0,9,3,1,1,29,115,0,0,0,3,-8.23449301404028,0,1,1,1,1,17,0,218,3,0,0,0,0,11,20.2219391166894,0,9,3,1,1,0,36,19,19,0,0,1,0,0,0,1,19,5,0,0,0,1,0,0,0,0,0,2,0,0,0,0,6,58,3,2,0,0,2,0,2,8,3,66,2,2,0,0,27,1,0,2,0,0,0,0,0,0,0,0,0,0,26;27,,,53,0,0,3,3,0,0,1,0,0,0,0,0,6,0,45,234,3,1,0,0,1,4,27,0,207
2005,11,NYJ,REG,2005_11_NYJ_DEN,DEN,20,32,195,0,2,4,-22,1,1,0,195,9,-11.2735581918387,,0,8,6,0,0,7,22,0,1,1,1,-4.00177734863246,0,0,0,0,0,20,0,195,0,0,0,0,0,9,8.44905377773102,0,8,6,0,0,0,60,1,17,0,0,1,3,17,0,0,0,2,0,0,0,0,0,0,0,0,0,1,-3,1,0,0,7,41,3,2,2,0,4,3,1,13,5,116,0,0,0,0,,,0,0,0,0,0,0,0,0,0,0,0,0,,,,0,0,0,0,0,0,0,,0,0,0,0,0,3,0,58,154,3,0,2,0,0,1,4,0,150
2005,11,PHI,REG,2005_11_PHI_NYG,NYG,18,39,298,1,1,0,0,0,0,0,298,13,4.35304159333721,,0,12,9,7,1,30,106,1,2,0,5,-3.51556830131449,0,4,4,0,0,18,0,298,1,0,0,0,0,13,23.8468956673169,0,12,9,7,1,0,35,20,20,0,0,2,5,18,0,0,0,3,0,0,0,0,0,0,0,0,0,3,-3,0,0,0,7,105,5,1,2,0,3,0,4,27,4,86,1,2,1,0,20,0.5,0,1,0,0,0,0,0,0,1,0,0,0,20,38,,20,38,0,2,2,0,0,1,0,0,0,0,0,5,1,43,171,2,0,2,0,1,2,8,0,163
2005,11,PIT,REG,2005_11_PIT_BAL,BAL,21,38,246,1,1,6,-34,1,1,0,246,11,-7.6876295899776,,0,10,6,3,0,25,70,0,0,0,3,-6.33594740950503,0,2,1,0,0,21,0,246,1,0,0,0,0,11,20.2321950427103,0,10,6,3,0,0,60,13,13,0,0,1,5,26,0,1,26,6,0,0,0,0,0,0,0,0,0,0,0,1,2,0,10,62,4,1,0,0,1,1,4,12,5,71,2,2,0,0,44,1,0,0,1,1,0,0,0,0,0,0,0,0,44;37,,,81,0,0,1,1,0,0,1,0,0,0,0,0,8,0,57,335,1,1,1,1,0,5,54,0,261
2005,11,SEA,REG,2005_11_SEA_SF,SF,19,31,233,1,0,1,-5,0,0,0,233,10,7.45190273167414,,0,13,5,3,0,34,145,2,0,0,10,3.87264862807212,0,3,3,1,1,19,0,233,1,0,0,0,0,10,18.4026782424221,0,13,5,3,0,0,41,14,14,0,0,2,4,23,0,0,0,3,0,0,0,0,0,0,0,0,0,0,0,1,0,0,5,75,2,0,0,0,0,0,2,15,5,116,2,3,1,0,47,0.666666666666667,0,1,0,1,0,0,0,0,0,0,1,0,21;47,51,,68,51,0,3,3,0,0,1,0,0,0,0,0,5,0,55,215,3,0,1,1,1,2,12,0,183
2005,11,SF,REG,2005_11_SEA_SF,SEA,18,29,249,1,0,4,-23,1,0,0,249,13,5.07850423387262,,0,13,5,3,1,26,110,1,0,0,3,-3.62436265240361,0,2,2,2,1,18,0,249,1,0,0,0,0,13,18.2022842338962,0,13,5,3,1,0,49,8,8,0,0,0,1,5,0,0,0,5,0,0,0,0,0,0,0,0,0,1,0,0,0,0,6,34,6,2,0,0,2,1,2,12,6,125,4,4,0,0,40,1,0,1,2,1,0,0,0,0,0,0,0,0,33;31;40;22,,,126,0,0,1,1,0,0,1,0,0,0,0,0,4,0,52,175,0,0,0,0,2,2,15,0,160
2005,11,TB,REG,2005_11_TB_ATL,ATL,11,19,118,0,1,0,0,0,0,0,118,6,0.768179542667823,,0,5,3,1,0,27,140,2,0,0,7,6.20928899164929,0,2,2,1,0,11,0,118,0,0,0,0,0,6,8.07941364304035,0,5,3,1,0,0,58,6,6,0,0,2,3,13,0,0,0,3,0,0,0,0,0,0,0,0,0,0,0,2,0,1,8,55,5,0,0,0,0,0,1,2,4,66,3,3,0,0,45,1,0,0,1,2,0,0,0,0,0,0,0,0,31;45;45,,,121,0,0,3,3,0,0,1,1,1,0,0,45,3,0,59,150,2,0,0,0,2,1,19,0,131
2005,11,TEN,REG,2005_11_JAX_TEN,JAX,20,30,208,2,1,3,-17,0,0,0,208,11,1.51352082705125,,0,9,3,2,0,21,63,1,0,0,4,-2.15710716432659,0,1,1,0,0,20,0,208,2,0,0,0,0,11,17.5793815375655,0,9,3,1,0,0,28,24,28,0,0,1,2,12,0,0,0,6,0,0,0,0,0,0,0,0,0,0,0,1,27,1,11,73,5,0,0,0,0,0,3,30,6,196,0,0,0,0,,,0,0,0,0,0,0,0,0,0,0,0,0,,,,0,0,0,4,4,0,0,1,0,0,0,0,0,8,0,57,373,2,0,1,2,3,2,23,0,310
2005,11,WAS,REG,2005_11_OAK_WAS,LV,14,32,155,0,0,2,-17,1,1,0,155,7,-5.37238652245501,,0,7,4,2,0,27,108,0,2,2,5,-10.227702676726,0,1,1,0,0,14,0,155,0,0,0,0,0,7,10.1923439934617,0,7,4,2,0,0,46,4,8,0,0,1,1,3,0,1,17,3,1,0,0,0,0,0,0,0,0,0,0,0,0,0,6,50,6,3,0,0,3,3,1,3,4,88,2,2,0,0,45,1,0,1,0,1,0,0,0,0,0,0,0,0,24;45,,,69,0,0,1,1,0,0,1,0,0,0,0,0,6,0,44,217,3,0,2,0,2,2,13,0,204
2005,12,ARI,REG,2005_12_JAX_ARI,JAX,29,46,315,2,1,3,-14,1,1,0,315,16,-1.2417853541538,,0,13,8,4,1,16,67,0,0,0,2,-3.00422557469574,0,2,2,1,0,29,0,315,2,0,0,0,0,16,20.4776627593228,0,13,8,4,1,0,33,17,17,0,0,0,0,0,0,0,0,3,0,0,0,0,0,0,0,0,0,0,0,0,0,0,11,105,4,1,0,0,1,1,0,0,3,57,1,2,1,0,42,0.5,0,0,0,1,0,0,0,0,0,1,0,0,42,43,,42,43,0,2,2,0,0,1,0,0,0,0,0,4,0,45,160,1,0,0,0,2,2,9,0,151
2005,12,ATL,REG,2005_12_ATL_DET,DET,12,22,146,2,1,0,0,0,0,0,146,8,1.63529362726047,,0,5,5,2,0,45,256,1,1,1,13,6.8268052933272,0,10,7,1,0,12,0,146,2,0,0,0,0,8,11.8515683183796,0,5,5,2,0,0,42,1,15,0,0,3,5,29,0,2,53,9,0,0,0,0,0,0,0,0,0,0,0,2,0,0,11,84,2,1,0,0,1,1,2,54,0,0,2,2,0,0,23,1,0,2,0,0,0,0,0,0,0,0,0,0,21;23,,,44,0,0,3,3,0,0,1,0,0,0,0,0,4,0,53,194,0,0,0,2,0,2,13,0,141
2005,12,BAL,REG,2005_12_BAL_CIN,CIN,18,32,211,3,2,3,-22,2,0,0,211,9,5.15383010283449,,0,7,4,2,0,33,133,1,1,1,12,-1.43293857989181,1,4,4,1,0,18,0,211,3,0,0,0,0,9,22.8586328912211,0,7,4,2,0,0,51,0,14,0,0,2,0,0,0,1,33,2,0,1,0,0,0,0,0,0,0,3,0,2,11,0,9,91,6,2,2,0,4,1,2,18,8,145,0,1,1,0,,0,0,0,0,0,0,0,0,0,0,0,1,0,,54,,0,54,0,3,3,0,0,1,0,0,0,0,0,5,0,51,220,1,0,1,1,0,3,21,0,179
2005,12,BUF,REG,2005_12_CAR_BUF,CAR,16,29,197,0,1,4,-34,0,0,0,197,9,3.76574521946473,,0,9,4,1,0,24,53,0,1,0,5,-8.6153914633285,0,1,0,0,0,16,0,197,0,0,0,0,0,9,17.560372253065,0,9,4,1,0,0,32,23,33,0,0,2,1,9,0,0,0,2,0,0,0,0,0,0,0,0,0,1,0,1,2,0,4,31,5,0,1,0,1,0,0,0,4,86,3,3,0,0,45,1,0,0,2,1,0,0,0,0,0,0,0,0,31;45;33,,,109,0,0,0,0,0,0,,0,0,0,0,0,4,0,55,193,2,0,0,0,0,4,45,0,148
2005,12,CAR,REG,2005_12_CAR_BUF,BUF,20,27,191,1,0,1,-9,1,1,0,191,11,8.80068095807197,,0,8,4,2,0,33,113,0,0,0,7,-0.707442288583666,0,1,0,0,0,20,0,191,1,0,0,0,0,11,18.7214130157663,0,8,4,2,0,0,35,11,15,0,0,0,4,34,0,1,0,6,0,0,0,0,0,0,0,0,0,1,11,0,0,0,4,20,2,2,0,0,2,1,4,45,3,40,2,3,1,0,25,0.666666666666667,0,2,0,0,0,0,0,0,0,1,0,0,25;25,45,,50,45,0,1,1,0,0,1,0,0,0,0,0,2,0,44,81,1,0,0,0,2,0,0,0,81
2005,12,CHI,REG,2005_12_CHI_TB,TB,14,28,134,1,1,2,-13,1,0,0,134,6,-6.5949409975962,,0,4,1,1,1,33,118,0,1,0,8,-1.78675564950776,0,3,1,0,0,14,0,134,1,0,0,0,0,6,9.34727170469705,0,4,1,1,1,0,45,12,12,0,0,1,4,34,0,0,0,6,0,1,0,0,0,0,0,0,0,3,0,1,0,0,4,35,5,2,1,0,3,0,3,21,3,69,2,2,0,0,36,1,0,1,1,0,0,0,0,0,0,0,0,0,25;36,,,61,0,0,1,1,0,0,1,0,0,0,0,0,8,0,52,351,2,0,1,0,1,6,67,0,284
2005,12,CIN,REG,2005_12_BAL_CIN,BAL,22,30,302,3,1,0,0,0,0,0,302,12,20.3128574024321,,1,10,7,6,1,32,135,2,0,0,6,-1.15444001421565,0,3,3,2,0,22,0,302,3,2,2,0,0,12,18.958602218234,1,10,7,6,1,0,46,0,30,0,0,2,0,0,0,2,15,6,0,0,0,0,0,0,0,0,0,0,0,1,6,0,5,45,3,2,0,0,2,2,3,21,4,114,2,2,0,0,31,1,0,1,1,0,0,0,0,0,0,0,0,0,26;31,,,57,0,0,4,4,0,0,1,0,0,0,0,0,3,0,47,111,2,0,1,0,0,2,18,0,93
2005,12,CLE,REG,2005_12_CLE_MIN,MIN,23,36,214,1,3,5,-30,2,2,0,214,13,-16.4139754050354,,0,10,2,1,0,20,78,0,0,0,5,-2.14917231428251,0,2,2,0,0,23,0,214,1,0,0,0,0,13,17.4091614612844,0,10,2,1,0,0,43,4,12,0,0,0,2,7,0,1,24,3,0,0,0,0,0,0,0,0,0,0,0,1,0,0,6,30,6,2,0,0,2,2,4,26,5,155,2,2,0,0,38,1,0,0,2,0,0,0,0,0,0,0,0,0,32;38,,,70,0,0,0,0,0,0,,0,0,0,0,0,4,0,34,132,2,0,2,0,1,1,2,0,130
2005,12,DAL,REG,2005_12_DEN_DAL,DEN,29,44,232,2,2,1,-3,0,0,0,232,14,-3.97562566205438,,0,9,2,1,0,32,85,1,0,0,6,-1.61906419380102,0,1,0,0,0,29,0,232,2,0,0,0,0,14,18.4283607386169,0,9,2,1,0,0,36,0,10,0,0,1,2,13,0,1,4,4,0,1,0,0,0,0,0,0,0,1,0,1,0,0,7,40,6,0,1,0,1,0,4,10,4,95,0,1,1,0,,0,0,0,0,0,0,0,0,0,1,0,0,0,,34,,0,34,0,3,3,0,0,1,0,0,0,0,0,5,0,55,238,2,0,1,1,2,1,8,0,210
2005,12,DEN,REG,2005_12_DEN_DAL,DAL,15,24,162,1,1,2,-13,0,0,0,162,8,1.93688242009375,,0,7,3,3,0,20,144,1,0,0,4,2.4182961594715,0,4,4,1,1,15,0,162,1,1,1,0,0,8,9.65654666605406,0,7,3,3,0,0,55,0,14,0,0,0,1,3,0,2,66,5,1,0,0,0,0,0,0,0,0,0,0,0,0,0,10,67,5,1,0,0,1,1,1,8,5,100,1,1,0,0,24,1,0,1,0,0,0,0,0,0,0,0,0,0,24,,,24,0,0,3,3,0,0,1,1,1,0,0,24,7,0,54,311,2,0,1,0,2,4,10,0,301
2005,12,DET,REG,2005_12_ATL_DET,ATL,25,48,258,1,2,5,-29,2,1,0,258,12,-16.1871918741963,,0,12,6,3,0,13,75,0,0,0,4,0.838644874223974,0,2,1,1,0,25,0,258,1,1,1,0,0,12,14.4830606695905,0,12,6,3,0,0,48,5,17,0,0,1,0,0,0,1,20,3,0,0,0,0,0,0,0,0,0,1,0,1,0,0,9,50,5,3,0,0,3,2,2,13,5,101,0,0,0,0,,,0,0,0,0,0,0,0,0,0,0,0,0,,,,0,0,0,1,1,0,0,1,0,0,0,0,0,4,0,57,190,2,0,1,0,1,2,54,0,136
2005,12,GB,REG,2005_12_GB_PHI,PHI,15,33,171,1,2,1,-7,0,0,0,171,9,-0.560756489052437,,0,10,3,1,0,30,128,1,0,0,6,2.92702213244047,0,3,3,1,0,15,0,171,1,2,1,0,0,9,11.0090740401647,0,10,3,1,0,0,53,0,6,0,0,1,2,7,0,0,0,14,0,0,0,0,0,0,0,0,0,1,14,1,0,0,7,40,4,4,0,0,4,3,5,39,6,98,0,0,0,0,,,0,0,0,0,0,0,0,0,0,0,0,0,,,,0,0,0,2,2,0,0,1,0,0,0,0,0,7,0,45,252,1,0,1,0,2,4,35,0,217
2005,12,HOU,REG,2005_12_STL_HOU,LA,25,35,293,3,1,3,-5,0,0,0,293,17,15.0087496370397,,0,13,6,3,0,31,124,0,0,0,8,-1.50913224053372,0,6,3,0,0,25,0,293,3,0,0,0,0,17,31.4786659678211,0,13,6,3,0,0,44,14,16,0,0,2,7,33,0,1,6,9,0,1,0,0,0,0,0,0,0,0,0,0,0,0,4,54,6,1,0,0,1,1,3,30,5,146,2,3,1,0,39,0.666666666666667,0,0,2,0,0,0,0,0,0,1,0,0,39;35,46,,74,46,0,3,3,0,0,1,0,0,0,0,0,2,0,47,77,0,0,1,1,0,0,0,0,57
2005,12,IND,REG,2005_12_PIT_IND,PIT,15,25,245,2,1,2,-6,1,0,0,245,12,4.03567377330399,,0,9,3,2,1,32,127,0,0,0,4,-2.52607370205695,0,1,0,0,0,15,0,245,2,0,0,0,0,12,19.7260740347556,0,9,3,2,1,0,35,17,17,0,0,0,3,22,0,2,8,4,0,0,0,0,0,0,0,0,0,1,0,0,0,0,12,106,3,1,0,0,1,0,3,36,1,14,4,4,0,0,48,1,0,2,0,2,0,0,0,0,0,0,0,0,29;48;44;28,,,149,0,0,2,2,0,0,1,0,0,0,0,0,5,0,58,229,2,0,1,2,1,1,19,0,170
2005,12,JAX,REG,2005_12_JAX_ARI,ARI,14,28,133,0,0,0,0,0,0,0,133,9,-0.858492087527996,,0,6,2,0,0,33,162,2,0,0,8,5.21562584216008,0,5,3,2,0,14,0,133,0,0,0,0,0,9,11.8507384699769,0,6,2,0,0,1,38,11,11,0,0,1,3,14,0,1,0,9,0,0,0,0,0,0,0,0,0,0,0,1,0,0,11,81,4,0,0,0,0,0,2,9,3,138,1,2,1,0,30,0.5,0,0,1,0,0,0,0,0,1,0,0,0,30,38,,30,38,0,3,3,0,0,1,0,0,0,0,0,4,0,51,156,1,1,0,2,1,0,0,0,116
2005,12,KC,REG,2005_12_NE_KC,NE,19,26,323,1,0,2,-15,0,0,0,323,14,13.5373734916918,,0,14,9,5,2,37,112,1,1,1,8,-7.3806206737645,0,2,1,0,0,19,0,323,1,0,0,0,0,14,21.9763251498225,0,14,9,5,2,0,43,7,7,0,0,1,3,16,0,4,26,7,0,0,0,0,0,0,0,0,0,0,0,0,0,0,5,35,4,1,0,0,1,1,2,20,4,100,4,4,0,0,47,1,0,2,1,1,0,0,0,0,0,0,0,0,25;20;33;47,,,125,0,0,2,2,0,0,1,0,0,0,0,0,3,0,43,108,1,0,1,0,0,2,9,0,99
2005,12,LA,REG,2005_12_STL_HOU,HOU,21,33,324,3,1,7,-33,0,0,0,324,13,15.2106882271277,,0,13,8,3,2,29,138,1,1,0,7,2.38223929243395,0,5,4,0,0,21,0,324,3,1,0,0,0,13,29.3367359349038,0,13,8,3,2,0,49,16,16,0,0,1,3,5,0,1,15,8,0,0,0,0,0,0,0,0,0,1,0,1,0,0,9,65,2,2,0,1,2,0,0,0,4,68,2,2,0,0,47,1,0,0,1,1,0,0,0,0,0,0,0,0,37;47,,,84,0,0,3,3,0,0,1,0,0,0,0,0,4,0,52,166,1,1,0,0,0,3,30,0,136
2005,12,LAC,REG,2005_12_SD_WAS,WAS,22,45,215,0,3,3,-20,0,0,0,215,11,-8.37962461410896,,0,10,5,2,0,28,202,3,1,0,10,13.1675625284552,0,6,5,3,1,22,0,215,0,0,0,0,0,11,16.5992089230567,0,10,5,2,0,0,50,3,7,0,0,1,2,3,0,0,0,1,0,0,0,0,0,0,0,0,0,1,0,0,0,0,6,40,5,0,1,0,1,0,5,32,5,128,1,3,2,0,48,0.333333333333333,0,0,0,1,0,0,0,0,0,2,0,0,48,42;46,,48,88,0,2,2,0,0,1,0,0,0,0,0,6,0,54,230,3,0,1,0,4,1,3,0,227
2005,12,LV,REG,2005_12_MIA_OAK,MIA,21,37,226,0,2,7,-41,2,1,0,226,11,-10.1726699713909,,0,10,6,2,0,25,120,3,0,0,7,2.33714734527166,0,2,2,1,0,21,0,226,0,0,0,0,0,11,17.4972623983922,0,10,6,2,0,0,46,10,10,0,0,2,3,12,0,1,33,2,0,0,0,0,0,0,0,0,0,1,0,2,0,0,13,90,6,2,0,0,2,1,2,17,4,135,0,0,0,0,,,0,0,0,0,0,0,0,0,0,0,0,0,,,,0,0,0,3,3,0,0,1,0,0,0,0,0,6,0,56,205,0,1,2,1,2,0,0,0,185
2005,12,MIA,REG,2005_12_MIA_OAK,LV,18,31,261,2,1,3,-12,0,0,0,261,13,9.47859807566119,,0,11,6,5,1,32,145,2,2,2,6,-4.83967685682351,0,2,2,1,0,18,0,261,2,0,0,0,0,13,27.0333848057489,0,11,6,5,1,0,53,6,6,0,0,2,7,41,0,2,16,8,0,0,1,0,0,0,0,0,0,0,0,1,0,0,7,70,4,2,0,0,2,2,0,0,5,141,1,2,1,0,27,0.5,0,1,0,0,0,0,0,0,1,0,0,0,27,38,,27,38,0,4,4,0,0,1,0,0,0,0,0,4,0,54,205,3,0,2,0,0,2,17,0,188
2005,12,MIN,REG,2005_12_CLE_MIN,CLE,19,28,207,3,1,2,-7,0,0,0,207,12,5.14697113609873,,0,11,5,2,0,31,81,0,1,0,5,-7.00327125094828,0,0,0,0,0,19,0,207,3,0,0,0,0,12,19.7084000612376,0,11,5,2,0,0,46,6,12,0,0,2,5,30,0,3,24,8,0,0,0,0,0,0,0,0,0,1,-1,2,1,0,7,49,3,0,2,0,2,1,1,2,2,63,1,1,0,0,43,1,0,0,0,1,0,0,0,0,0,0,0,0,43,,,43,0,0,3,3,0,0,1,0,0,0,0,0,6,0,49,264,0,0,0,1,1,4,26,0,218
2005,12,NE,REG,2005_12_NE_KC,KC,22,40,248,1,4,3,-16,0,0,0,248,14,-3.7395157634775,,0,12,8,6,0,18,74,1,1,0,6,3.97325670003193,0,3,2,0,0,22,0,248,1,0,0,0,0,14,19.7637945685275,0,12,8,6,0,0,52,9,9,0,0,1,2,15,0,0,0,2,0,0,0,0,0,0,0,0,0,1,0,1,5,0,2,22,5,1,0,0,1,0,2,9,7,147,1,1,0,0,29,1,0,1,0,0,0,0,0,0,0,0,0,0,29,,,29,0,0,1,1,0,0,1,0,0,0,0,0,3,0,54,145,1,1,0,0,0,2,20,0,125
2005,12,NO,REG,2005_12_NO_NYJ,NYJ,17,23,181,3,0,1,-9,0,0,0,181,10,12.0426839235006,,0,8,2,2,0,25,97,0,0,0,6,-0.255285480991006,0,3,1,0,0,17,0,181,3,0,0,0,0,10,19.1468193064211,0,8,2,2,0,0,39,22,22,0,0,0,1,9,0,0,0,6,0,0,0,0,0,0,0,0,0,0,0,0,0,0,7,60,3,0,0,0,0,0,1,22,6,107,0,0,0,0,,,0,0,0,0,0,0,0,0,0,0,0,0,,,,0,0,0,3,3,0,0,1,0,0,0,0,0,5,0,50,214,2,0,0,0,1,4,33,0,181
2005,12,NYG,REG,2005_12_NYG_SEA,SEA,29,53,344,2,1,2,-20,1,0,0,344,16,5.78502731391343,,1,16,8,6,0,29,166,0,0,0,7,0.644561534339092,0,3,3,2,1,29,0,344,2,0,0,0,0,16,32.0904457021757,1,16,8,6,0,0,53,12,12,0,0,3,3,21,0,1,4,4,0,0,0,0,0,0,0,0,0,1,0,1,0,0,16,114,5,0,1,0,1,0,6,50,4,101,2,5,3,0,43,0.4,0,0,1,1,0,0,0,0,0,2,1,0,39;43,40;54;45,,82,139,0,1,1,0,0,1,0,0,0,0,0,7,0,52,261,1,1,1,1,3,1,0,0,241
2005,12,NYJ,REG,2005_12_NO_NYJ,NO,19,28,251,1,0,1,-9,0,0,0,251,12,7.26524627394017,,0,10,7,6,0,35,118,0,1,0,5,-5.6604491719485,0,2,1,1,0,19,0,251,1,0,0,0,0,12,18.4245008829405,0,10,7,6,0,0,24,21,21,0,0,0,1,9,0,0,0,0,0,0,0,0,0,0,0,0,0,1,-3,0,0,0,7,55,5,0,1,0,1,0,4,33,4,83,4,5,1,0,45,0.8,0,1,1,2,0,0,0,0,0,0,1,0,29;45;41;38,53,,153,53,0,1,1,0,0,1,0,1,1,0,53,3,0,49,133,0,1,0,1,0,1,22,0,91
2005,12,PHI,REG,2005_12_GB_PHI,GB,12,28,91,0,0,2,-7,0,0,0,91,5,-13.2672284043189,,0,4,2,0,0,34,180,1,1,1,9,1.42046816146467,0,5,5,2,0,12,0,91,0,0,0,0,0,5,4.26836968368928,0,4,2,0,0,0,51,1,11,0,0,4,1,7,0,2,0,15,0,1,0,0,0,0,0,0,0,1,0,3,0,0,7,50,1,1,1,0,2,1,4,35,3,64,4,4,0,0,44,1,0,0,3,1,0,0,0,0,0,0,0,0,44;38;37;33,,,152,0,0,1,1,0,0,1,0,0,0,0,0,7,0,44,275,1,0,1,0,1,5,39,0,236
2005,12,PIT,REG,2005_12_PIT_IND,IND,17,26,133,1,2,3,-22,0,0,0,133,6,-4.24290019281409,,0,2,1,1,0,25,86,0,0,0,3,-8.78891706612194,0,2,2,1,0,17,0,133,1,0,0,0,0,6,7.97049121463703,0,2,1,1,0,0,42,13,13,0,0,1,2,6,0,1,36,2,0,0,0,0,0,0,0,0,0,0,0,0,0,0,10,62,4,0,0,0,0,0,1,19,6,119,0,1,1,0,,0,0,0,0,0,0,0,0,0,0,1,0,0,,41,,0,41,0,1,1,0,0,1,0,0,0,0,0,6,0,55,276,1,1,0,2,0,3,36,0,200
2005,12,SEA,REG,2005_12_NYG_SEA,NYG,21,37,249,2,1,3,-21,1,0,0,249,11,1.15292967748246,,0,11,5,3,0,34,127,1,1,0,5,-2.44793481188441,0,3,2,1,0,21,0,249,2,1,1,0,0,11,16.4140306674526,0,11,5,3,0,0,49,20,20,0,0,0,1,10,0,1,40,10,0,1,0,0,0,0,0,0,0,3,0,0,0,0,8,65,3,3,1,0,4,1,1,0,6,118,1,1,0,0,36,1,0,0,1,0,0,0,0,0,0,0,0,0,36,,,36,0,0,3,3,0,0,1,1,1,0,0,36,9,0,54,410,2,0,1,1,1,6,50,0,340
2005,12,SF,REG,2005_12_SF_TEN,TEN,23,43,192,1,2,2,-5,1,1,0,192,9,-6.67564216579254,,1,8,3,2,0,22,74,1,0,0,5,0.645691173849627,0,2,2,0,0,23,0,192,1,0,0,0,0,9,15.0040992847056,1,8,3,2,0,0,30,21,23,0,0,0,0,0,0,1,61,8,1,1,0,0,0,0,0,0,0,0,0,0,0,0,4,35,4,1,1,0,2,2,3,5,7,125,0,1,1,0,,0,0,0,0,0,0,0,0,0,1,0,0,0,,34,,0,34,0,2,2,0,0,1,0,0,0,0,0,8,0,52,357,0,2,1,0,1,4,42,0,315
2005,12,TB,REG,2005_12_CHI_TB,CHI,19,30,202,0,0,4,-34,1,1,0,202,10,-8.99437983092495,,0,7,5,2,0,25,107,1,0,0,5,-0.4796482444508,0,3,3,0,0,19,0,202,0,0,0,0,0,10,11.6664147951192,0,7,5,2,0,0,42,13,17,0,0,2,2,13,0,1,0,9,0,0,0,0,0,0,0,0,0,0,0,0,0,0,5,52,3,1,0,0,1,1,6,67,4,94,1,2,1,0,27,0.5,0,1,0,0,0,0,0,1,0,0,0,0,27,29,,27,29,0,1,1,0,0,1,0,0,0,0,0,7,0,52,292,2,0,2,1,1,3,21,0,251
2005,12,TEN,REG,2005_12_SF_TEN,SF,23,41,343,3,1,0,0,0,0,0,343,10,-3.21075772857396,,0,9,6,5,3,27,118,0,1,0,5,0.794498161558295,0,5,3,1,0,23,0,343,3,0,0,0,0,10,21.5791578232893,0,9,6,5,3,0,30,23,23,0,0,1,2,5,0,2,30,11,0,0,0,0,0,0,0,0,0,1,0,2,8,0,10,70,2,0,1,0,1,0,4,42,1,16,4,4,0,0,41,1,0,2,1,1,0,0,0,0,0,0,0,0,35;41;21;22,,,119,0,0,3,3,0,0,1,0,0,0,0,0,5,0,56,229,0,0,0,2,0,3,5,0,184
2005,12,WAS,REG,2005_12_SD_WAS,LAC,17,27,194,1,0,2,-3,0,0,0,194,11,2.86745761135194,,0,10,6,2,0,33,91,1,1,0,4,-6.68569002271397,0,1,1,0,0,17,0,194,1,1,0,0,0,11,13.9772497061058,0,10,6,2,0,0,53,1,9,0,0,0,3,20,0,3,16,12,0,0,0,0,0,0,0,0,0,0,-11,0,0,0,7,60,0,1,1,2,2,0,1,3,4,59,1,2,1,0,38,0.5,0,0,1,0,0,0,0,0,0,0,1,0,38,52,,38,52,0,2,2,0,0,1,0,0,0,0,0,9,0,44,341,0,0,0,0,4,5,32,0,309
2005,13,ARI,REG,2005_13_ARI_SF,SF,29,45,354,1,2,2,-15,0,0,0,354,14,12.0230869667633,,0,13,7,4,1,23,65,0,0,0,3,-3.57354280392877,1,2,1,0,0,29,0,354,1,0,0,0,0,14,31.4509408028098,0,13,7,4,1,0,39,0,14,0,0,2,3,16,0,3,31,8,0,0,0,0,0,0,0,0,0,0,0,1,0,0,11,80,4,0,0,0,0,0,3,17,3,57,3,3,0,0,35,1,1,0,2,0,0,0,0,0,0,0,0,0,30;35;19,,,84,0,0,0,0,0,0,,0,0,0,0,0,4,1,39,131,3,0,1,0,2,1,1,0,130
2005,13,ATL,REG,2005_13_ATL_CAR,CAR,17,35,171,0,2,5,-32,0,0,0,171,8,-12.377202110257,,0,8,3,1,0,23,120,0,0,0,5,-0.935068464762355,0,4,3,1,0,17,0,171,0,0,0,0,0,8,10.4991093098277,0,8,3,1,0,0,34,12,22,0,0,0,0,0,0,1,15,5,0,0,0,0,0,0,0,0,0,0,0,0,0,0,4,37,5,0,0,0,0,0,3,20,4,113,2,3,1,0,43,0.666666666666667,0,0,1,1,0,0,0,0,0,1,0,0,36;43,49,,79,49,0,0,0,0,0,,0,0,0,0,0,6,0,47,214,0,3,1,1,1,0,0,0,194
2005,13,BAL,REG,2005_13_HOU_BAL,HOU,17,33,198,0,0,4,-33,2,0,0,198,9,-3.67755126515505,,0,8,4,4,0,23,73,1,1,1,3,-8.53820232336875,0,1,0,0,0,17,0,198,0,1,1,0,0,9,8.89036811132581,0,8,4,4,0,0,48,18,18,0,0,1,5,32,0,1,20,4,1,0,0,0,0,0,0,0,0,2,0,1,0,0,8,71,5,4,0,0,4,2,1,0,3,67,1,1,0,0,38,1,0,0,1,0,0,0,0,0,0,0,0,0,38,,,38,0,0,1,1,0,0,1,1,1,0,0,38,8,0,47,321,1,0,1,0,0,7,50,0,271
2005,13,BUF,REG,2005_13_BUF_MIA,MIA,14,27,227,3,1,2,-25,1,1,0,227,8,2.20443365146639,,0,7,4,4,2,33,92,0,0,0,5,-4.04738559457473,0,2,0,0,0,14,0,227,3,0,0,0,0,8,24.5404219022603,0,7,4,4,2,0,54,0,22,0,0,1,3,26,0,1,0,13,0,1,1,0,0,0,0,0,0,0,0,1,0,0,7,55,3,1,1,0,2,2,5,35,5,111,0,0,0,0,,,0,0,0,0,0,0,0,0,0,0,0,0,,,,0,0,0,3,3,0,0,1,0,0,0,0,0,8,0,53,353,1,1,1,0,1,5,14,0,339
2005,13,CAR,REG,2005_13_ATL_CAR,ATL,17,27,164,2,1,0,0,0,0,0,164,8,1.02321148558985,,0,7,3,1,0,34,142,1,1,0,6,-0.711581121163992,0,2,2,1,0,17,0,164,2,0,0,0,0,8,10.5326462311787,0,7,3,1,0,0,38,6,22,0,0,0,5,32,0,2,37,10,0,0,0,0,0,0,0,0,0,1,-4,0,0,0,3,38,3,0,1,0,1,0,0,0,3,56,1,1,0,0,20,1,0,1,0,0,0,0,0,0,0,0,0,0,20,,,20,0,0,3,3,0,0,1,0,0,0,0,0,7,0,55,312,2,0,0,1,2,3,20,0,272
2005,13,CHI,REG,2005_13_GB_CHI,GB,6,17,68,0,1,3,-19,0,0,0,68,2,-16.2021958029534,,0,2,2,1,0,31,141,0,1,1,8,-5.15964655346328,0,2,2,1,0,6,0,68,0,0,0,0,0,2,1.49708955816459,0,2,2,1,0,0,57,9,9,0,0,3,2,19,0,2,140,12,1,2,0,0,0,0,0,0,0,2,-2,2,0,0,4,61,2,0,3,0,3,1,4,36,2,29,4,5,1,0,40,0.8,0,2,1,1,0,0,0,0,0,1,0,0,21;40;25;35,43,,121,43,0,1,1,0,0,1,0,0,0,0,0,6,0,63,292,2,0,2,2,1,1,3,0,249
2005,13,CIN,REG,2005_13_CIN_PIT,PIT,22,38,227,3,0,1,-5,0,0,0,227,12,7.30133455958547,,0,7,5,1,1,25,102,2,0,0,7,3.76104463048978,0,3,3,0,0,22,0,227,3,0,0,0,0,12,23.4135638254811,0,7,5,1,1,0,37,16,32,0,0,2,2,7,0,3,58,4,0,0,0,0,0,0,0,0,0,0,0,1,0,0,4,30,2,0,0,0,0,0,1,3,5,197,1,1,0,0,30,1,0,0,1,0,0,0,0,0,0,0,0,0,30,,,30,0,0,5,5,0,0,1,0,0,0,0,0,5,0,56,234,0,1,0,2,0,2,8,0,186
2005,13,CLE,REG,2005_13_JAX_CLE,JAX,13,20,226,2,0,5,-21,0,0,0,226,9,10.6248067278975,,0,8,6,5,1,32,98,0,1,0,4,-9.32476811506785,0,1,1,0,0,13,0,226,2,0,0,0,0,9,22.9346340486663,0,8,6,5,1,0,23,26,26,0,0,0,3,14,0,1,0,4,0,0,0,0,0,0,0,0,0,1,0,0,0,0,7,97,5,1,0,0,1,0,0,0,5,84,0,1,1,0,,0,0,0,0,0,0,0,0,0,1,0,0,0,,34,,0,34,0,2,2,0,0,1,0,0,0,0,0,6,0,50,223,1,1,2,0,0,3,21,0,202
2005,13,DAL,REG,2005_13_DAL_NYG,NYG,15,39,146,1,2,4,-21,1,1,0,146,7,-14.3698311348634,,0,4,3,3,0,27,81,0,1,1,6,-8.79862531973049,0,3,1,0,0,15,0,146,1,0,0,0,0,7,8.31524036746123,0,4,3,3,0,0,36,18,18,0,0,0,1,2,0,2,10,4,0,0,0,0,0,0,0,0,0,0,0,0,0,0,7,46,5,2,0,0,2,2,2,30,4,66,1,1,0,0,34,1,0,0,1,0,0,0,0,0,0,0,0,0,34,,,34,0,0,1,1,0,0,1,0,0,0,0,0,7,0,52,280,3,0,2,0,3,2,6,0,274
2005,13,DEN,REG,2005_13_DEN_KC,KC,18,29,276,1,2,2,-19,0,0,0,276,8,4.41615592934105,,0,8,5,3,2,29,131,2,0,0,11,2.66543348405085,0,5,4,0,0,18,0,276,1,0,0,0,0,8,19.783306966156,0,8,5,3,2,0,55,3,3,0,0,1,0,0,0,2,38,4,0,0,0,0,0,0,0,0,0,0,0,1,0,0,8,55,6,0,0,0,0,0,1,1,6,113,2,2,0,0,40,1,0,1,0,1,0,0,0,0,0,0,0,0,22;40,,,62,0,0,3,3,0,0,1,0,0,0,0,0,2,0,57,98,0,0,0,0,0,2,10,0,88
2005,13,DET,REG,2005_13_MIN_DET,MIN,17,35,126,0,1,1,-8,0,0,0,126,9,-10.1886700390437,,0,5,1,0,0,23,105,1,1,0,7,2.85071180097293,0,2,1,0,0,17,0,126,0,0,0,0,0,9,5.60585391023968,0,5,1,0,0,0,50,1,15,0,0,0,2,14,0,0,0,3,0,0,0,0,0,0,0,0,0,1,-3,0,0,0,3,30,6,0,1,0,1,0,3,69,4,80,3,3,0,0,45,1,0,2,0,1,0,0,0,0,0,0,0,0,45;26;28,,,99,0,0,1,1,0,0,1,0,0,0,0,0,5,0,55,235,2,0,0,0,0,5,24,0,211
2005,13,GB,REG,2005_13_GB_CHI,CHI,31,58,277,0,2,2,-19,2,1,0,277,19,-21.6986404673757,,0,12,3,1,0,24,100,1,1,1,5,-2.76969534053933,0,4,3,0,0,31,0,277,0,0,0,0,0,19,20.2898805615259,0,12,3,1,0,0,39,9,9,0,0,0,3,19,0,1,6,2,0,0,0,0,0,0,0,0,0,2,0,1,0,0,9,70,5,3,1,0,4,2,1,3,6,102,0,0,0,0,,,0,0,0,0,0,0,0,0,0,0,0,0,,,,0,0,0,1,1,0,0,1,0,0,0,0,0,7,0,50,250,0,1,1,1,0,4,36,0,194
2005,13,HOU,REG,2005_13_HOU_BAL,BAL,17,37,165,0,1,5,-32,1,0,0,165,9,-12.5346781712124,,0,7,3,1,0,34,165,0,0,0,7,1.10938350255918,0,5,3,1,0,17,0,165,0,0,0,0,0,9,16.4231885536574,0,7,3,1,0,0,39,9,9,0,0,4,4,33,0,0,0,2,0,3,0,0,0,0,0,0,0,4,-1,2,0,0,11,93,6,1,4,0,5,1,7,50,4,99,5,5,0,0,39,1,0,3,2,0,0,0,0,0,0,0,0,0,39;26;22;29;39,,,155,0,0,0,0,0,0,,0,0,0,0,0,6,0,42,210,3,0,1,0,4,1,0,0,210
2005,13,IND,REG,2005_13_TEN_IND,TEN,13,17,187,3,0,0,0,0,0,0,187,8,16.370455004042,,0,9,4,3,0,31,105,1,1,1,10,-2.32665436342359,0,1,1,1,0,13,0,187,3,0,0,0,0,8,18.762654499209,0,9,4,3,0,0,46,13,13,0,0,2,4,30,0,0,0,6,0,0,0,0,0,0,0,0,0,0,-1,1,60,1,5,33,1,0,1,0,1,1,0,0,2,48,0,0,0,0,,,0,0,0,0,0,0,0,0,0,0,0,0,,,,0,0,0,5,5,0,0,1,0,0,0,0,0,2,0,56,104,0,0,0,0,1,1,16,0,88
2005,13,JAX,REG,2005_13_JAX_CLE,CLE,11,20,116,2,1,3,-14,0,0,0,116,8,2.31233662153531,,0,6,3,1,0,36,135,0,0,0,7,-2.57241296287975,0,3,3,2,0,11,0,116,2,0,0,0,0,8,13.5436335122213,0,6,3,1,0,0,28,24,24,0,0,1,5,21,0,0,0,0,0,0,0,0,0,0,0,0,0,0,0,0,0,0,5,50,3,0,0,0,0,0,3,21,3,80,2,2,0,0,29,1,0,2,0,0,0,0,0,0,0,0,0,0,24;29,,,53,0,0,2,2,0,0,1,0,0,0,0,0,4,0,47,165,2,2,1,0,1,0,0,0,165
2005,13,KC,REG,2005_13_DEN_KC,DEN,16,23,253,2,2,0,0,0,0,0,253,11,5.81672707776619,,0,9,5,4,2,37,168,2,0,0,11,3.74473076597496,0,2,2,1,0,16,0,253,2,0,0,0,0,11,18.426466742123,0,9,5,4,2,0,43,10,12,0,0,0,2,19,0,2,0,8,0,0,0,0,0,0,0,0,0,0,0,0,0,0,6,45,2,1,0,0,1,1,2,10,6,143,1,1,0,0,34,1,0,0,1,0,0,0,0,0,0,0,0,0,34,,,34,0,0,4,4,0,0,1,0,0,0,0,0,2,0,41,76,0,0,0,1,0,1,1,0,55
2005,13,LA,REG,2005_13_WAS_STL,WAS,21,36,163,0,1,3,-21,0,0,0,163,10,-8.41637851600535,,0,8,2,0,0,17,49,1,1,1,2,-7.73778370569926,0,0,0,0,0,21,0,163,0,0,0,0,0,10,10.3275368085597,0,8,2,0,0,0,53,7,7,0,0,0,0,0,0,0,0,4,0,0,1,0,0,0,0,0,0,1,0,0,0,0,4,30,2,1,1,0,2,1,2,2,5,90,0,0,0,0,,,0,0,0,0,0,0,0,0,0,0,0,0,,,,0,0,0,1,1,0,0,1,0,0,0,0,0,8,0,63,373,3,2,0,0,1,5,38,0,335
2005,13,LAC,REG,2005_13_OAK_SD,LV,17,22,160,2,0,2,-12,1,0,0,160,11,6.46832322819949,,0,7,4,1,0,38,126,1,0,0,8,-1.58440864694421,0,2,2,0,0,17,0,160,2,0,0,0,0,11,15.2383852431513,0,7,4,1,0,0,33,16,16,0,0,1,3,26,0,1,70,6,1,0,0,0,0,0,0,0,0,1,0,1,0,0,1,15,1,1,0,0,1,0,1,14,3,87,2,2,0,0,41,1,0,0,1,1,0,0,0,0,0,0,0,0,41;32,,,73,0,0,4,4,0,0,1,0,0,0,0,0,4,0,71,172,3,0,2,0,1,1,0,0,172
2005,13,LV,REG,2005_13_OAK_SD,LAC,22,40,236,1,1,3,-26,0,0,0,236,11,-5.6615193238234,,0,7,5,3,0,17,81,0,1,1,5,-9.04949181649135,0,2,2,1,0,22,0,236,1,0,0,0,0,11,20.8354215147407,0,7,5,3,0,0,50,10,10,0,0,1,2,12,0,0,0,1,0,0,0,0,0,0,0,0,0,0,0,0,0,0,0,0,2,1,0,0,1,1,1,0,7,126,1,2,1,0,37,0.5,0,0,1,0,0,0,0,0,0,0,0,1,37,61,,37,61,0,1,1,0,0,1,0,0,0,0,0,4,0,52,150,1,1,0,0,2,1,14,0,136
2005,13,MIA,REG,2005_13_BUF_MIA,BUF,34,65,387,2,1,3,-26,0,0,0,387,17,4.13675625418338,,0,15,8,4,1,22,73,1,0,0,6,-0.433941861614585,0,1,0,0,0,34,0,387,2,1,1,0,0,17,28.8877849112032,0,15,8,4,1,0,44,0,22,0,0,1,2,25,0,1,11,8,0,0,0,0,0,0,0,0,0,0,0,2,0,0,13,81,5,1,0,0,1,1,5,14,4,74,1,1,0,0,23,1,0,1,0,0,0,0,0,0,0,0,0,0,23,,,23,0,0,3,3,0,0,1,0,0,0,0,0,7,0,52,255,4,0,1,0,1,5,35,0,220
2005,13,MIN,REG,2005_13_MIN_DET,DET,17,23,256,2,0,2,-14,0,0,0,256,10,10.8677136371844,,0,10,3,2,2,32,103,1,0,0,8,-0.63813114608638,0,4,3,0,0,17,0,256,2,0,0,0,0,10,19.1229169740109,0,10,3,2,2,0,38,3,15,0,0,0,1,8,0,1,0,6,0,0,0,0,0,0,0,0,0,0,0,0,0,0,11,94,2,0,0,0,0,0,5,24,4,71,0,0,0,0,,,0,0,0,0,0,0,0,0,0,0,0,0,,,,0,0,0,3,3,0,0,1,0,0,0,0,0,6,0,51,256,1,1,1,1,0,3,69,0,167
2005,13,NE,REG,2005_13_NYJ_NE,NYJ,27,37,271,0,0,2,-20,0,0,0,271,14,11.3930046387272,,0,12,6,2,0,35,146,1,0,0,8,-5.91818747414671,0,3,3,0,0,27,0,271,0,1,0,0,0,14,21.2523664517366,0,12,6,2,0,0,22,15,15,0,0,0,2,12,0,1,0,3,0,0,0,0,0,0,0,0,0,1,0,0,0,0,7,68,5,1,0,0,1,0,3,17,2,32,3,4,1,0,34,0.75,0,2,1,0,0,0,0,0,0,1,0,0,21;34;22,45,,77,45,0,1,1,0,0,1,0,0,0,0,0,4,0,55,192,0,0,1,1,0,2,14,0,158
2005,13,NO,REG,2005_13_TB_NO,TB,18,34,215,0,4,2,-1,0,0,0,215,11,-6.69145032432212,,0,9,5,3,1,27,65,0,0,0,2,-5.59451386338333,0,0,0,0,0,18,0,215,0,0,0,0,0,11,17.8144333925447,0,9,5,3,1,0,36,11,11,0,0,0,1,8,0,0,0,3,0,0,0,0,0,1,0,0,0,0,0,0,0,0,5,35,5,0,0,0,0,0,1,4,3,67,1,1,0,0,26,1,0,1,0,0,0,0,0,0,0,0,0,0,26,,,26,0,0,0,0,0,0,,0,0,0,0,0,4,0,52,176,2,0,0,0,1,3,36,0,140
2005,13,NYG,REG,2005_13_DAL_NYG,DAL,12,31,152,0,2,1,-2,0,0,0,152,9,-10.5347609935076,,0,6,3,1,0,34,127,1,0,0,5,-5.78522519034843,0,3,1,1,0,12,0,152,0,0,0,0,0,9,13.7190782020819,0,6,3,1,0,0,30,20,20,0,0,2,4,21,0,2,15,9,0,0,0,0,0,0,0,0,0,0,0,2,12,1,6,44,2,0,0,0,0,0,2,6,3,61,1,2,1,0,27,0.5,0,1,0,0,0,0,0,0,1,0,0,0,27,33,,27,33,0,2,2,0,0,1,0,0,0,0,0,6,0,51,268,2,0,2,0,2,2,30,0,238
2005,13,NYJ,REG,2005_13_NYJ_NE,NE,15,37,135,0,1,2,-12,0,0,0,135,7,-12.5172463010531,,0,6,1,0,0,16,41,0,0,0,4,-1.56416898494498,0,1,1,0,0,15,0,135,0,0,0,0,0,7,12.0568214242812,0,6,1,0,0,0,35,30,32,0,0,1,2,20,0,0,0,1,0,0,0,0,0,0,0,0,0,0,0,0,0,0,7,60,4,0,0,0,0,0,2,14,5,70,1,1,0,0,38,1,0,0,1,0,0,0,0,0,0,0,0,0,38,,,38,0,0,0,0,0,0,,0,0,0,0,0,6,0,49,252,3,0,2,0,1,3,17,0,235
2005,13,PHI,REG,2005_13_SEA_PHI,SEA,17,39,145,0,4,4,-16,1,1,0,145,5,-43.89020543269,,0,5,2,1,0,25,61,0,1,1,6,-13.376757797203,0,1,1,0,0,17,0,145,0,0,0,0,0,5,6.13212124723941,0,5,2,1,0,0,48,1,15,0,0,0,0,0,0,0,0,8,0,0,0,0,0,0,0,0,0,0,0,0,0,0,10,56,1,2,0,0,2,2,7,108,7,117,0,0,0,0,,,0,0,0,0,0,0,0,0,0,0,0,0,,,,0,0,0,0,0,0,0,,0,0,0,0,0,8,0,43,297,1,1,1,0,1,5,29,0,268
2005,13,PIT,REG,2005_13_CIN_PIT,CIN,29,41,386,3,3,2,-7,0,0,0,386,18,9.05133721159664,,0,16,8,6,1,28,95,1,4,1,9,-5.79811346897623,0,3,3,0,0,29,0,386,3,0,0,0,0,18,29.55057859089,0,16,8,6,1,0,32,11,25,0,0,0,1,5,0,0,0,6,0,0,0,0,0,0,0,0,0,3,0,0,0,0,7,70,6,2,2,0,4,1,2,8,6,136,1,1,0,0,23,1,0,1,0,0,0,0,0,0,0,0,0,0,23,,,23,0,0,4,4,0,0,1,0,0,0,0,0,3,0,37,96,2,0,1,0,1,1,3,0,93
2005,13,SEA,REG,2005_13_SEA_PHI,PHI,8,17,98,1,0,0,0,0,0,0,98,5,1.99903448359786,,0,5,1,1,1,42,96,2,1,0,8,-9.49869543043314,0,2,2,0,0,8,0,98,1,0,0,0,0,5,11.3988423620176,0,5,1,1,1,0,53,0,12,0,0,2,4,16,0,4,148,15,2,0,0,0,0,0,0,0,0,1,-3,2,25,1,2,10,2,0,1,0,1,0,5,29,1,22,0,1,1,0,,0,0,0,0,0,0,0,0,0,0,1,0,0,,40,,0,40,0,6,6,0,0,1,0,0,0,0,0,9,0,51,367,3,0,2,0,0,7,108,0,259
2005,13,SF,REG,2005_13_ARI_SF,ARI,16,24,185,0,3,3,-16,1,0,0,185,8,-9.24676712690509,,0,8,4,3,0,20,51,1,1,1,3,-7.55271813552827,0,0,0,0,0,16,0,185,0,0,0,0,0,8,10.583054473449,0,8,4,3,0,0,49,1,17,0,0,0,2,15,0,2,2,11,0,0,0,1,0,0,0,0,0,1,0,0,0,0,6,44,3,2,0,0,2,1,1,1,5,76,1,1,0,0,48,1,0,0,0,1,0,0,0,0,0,0,0,0,48,,,48,0,0,1,1,0,0,1,0,0,0,0,0,5,0,47,217,1,1,0,1,0,3,17,0,180
2005,13,TB,REG,2005_13_TB_NO,NO,12,21,123,1,0,1,-8,0,0,0,123,8,2.17358155686347,,0,6,2,1,0,30,133,0,0,0,5,0.651852722105105,0,3,2,2,0,12,0,123,1,0,0,0,0,8,13.3097575252842,0,6,2,1,0,0,38,11,11,0,0,0,2,1,0,4,91,8,0,0,0,0,0,0,0,0,0,0,0,0,0,0,5,26,2,0,0,0,0,0,3,36,2,53,1,2,0,1,28,0.5,0,1,0,0,0,0,0,0,0,0,0,0,28,,43,28,0,43,1,1,0,0,1,0,0,0,0,0,5,0,51,199,1,1,1,2,0,1,4,0,155
2005,13,TEN,REG,2005_13_TEN_IND,IND,26,39,250,0,0,4,-30,1,1,0,250,13,-12.4520241393164,,0,11,3,1,0,20,40,0,0,0,3,-7.6536822261861,0,1,0,0,0,26,0,250,0,0,0,0,0,13,17.2767872452969,0,11,3,1,0,0,28,11,11,0,0,0,0,0,0,0,0,2,0,1,0,0,0,0,0,0,0,1,0,1,0,0,7,35,4,2,0,0,2,1,1,16,6,171,1,2,1,0,24,0.5,0,1,0,0,0,0,0,0,0,0,1,0,24,51,,24,51,0,0,0,0,0,,0,0,0,0,0,2,0,51,86,0,0,0,1,1,0,0,0,66
2005,13,WAS,REG,2005_13_WAS_STL,LA,14,22,156,1,0,1,-6,1,0,0,156,8,4.54213186088907,,0,7,4,2,0,40,257,2,0,0,11,8.82830556190534,0,5,5,3,2,14,0,156,1,0,0,0,0,8,15.1574821164249,0,7,4,2,0,0,45,2,2,0,0,1,3,21,0,1,0,3,0,0,0,0,0,0,0,0,0,0,0,1,0,0,8,76,3,0,1,1,1,0,5,38,2,42,1,2,1,0,38,0.5,0,0,1,0,0,0,0,0,0,1,0,0,38,45,,38,45,0,3,3,0,0,1,0,0,0,0,0,4,0,51,171,1,0,0,1,1,2,2,0,149
2005,14,ARI,REG,2005_14_WAS_ARI,WAS,25,41,255,1,1,2,-15,1,1,0,255,14,-1.89209696503789,,0,11,5,4,0,18,62,0,2,2,1,-12.9464508655365,0,1,0,0,0,25,0,255,1,0,0,0,0,14,17.3004713271031,0,11,5,4,0,0,48,7,7,0,0,1,0,0,0,3,84,4,0,0,0,0,0,0,0,0,0,0,0,0,0,0,8,65,5,3,0,0,3,3,4,34,4,99,2,2,0,0,44,1,0,1,0,1,0,0,0,0,0,0,0,0,44;20,,,64,0,0,1,1,0,0,1,0,0,0,0,0,3,0,52,128,1,0,1,1,1,0,0,0,108
2005,14,ATL,REG,2005_14_NO_ATL,NO,13,25,279,1,1,0,0,0,0,0,279,11,5.51986817382819,,0,10,6,5,2,32,127,3,0,0,7,-2.29753061494455,0,5,4,1,0,13,0,279,1,0,0,0,0,11,23.7886156094028,0,10,6,5,2,0,57,3,3,0,0,1,3,12,0,0,0,3,0,1,1,0,0,0,0,0,0,1,0,1,20,0,9,74,3,0,1,0,1,0,4,28,5,101,2,2,0,0,43,1,0,1,0,1,0,0,0,0,0,0,0,0,43;20,,,63,0,0,4,4,0,0,1,0,0,0,0,0,6,0,55,276,3,1,1,1,0,3,15,0,241
2005,14,BAL,REG,2005_14_BAL_DEN,DEN,23,40,251,1,2,2,0,1,1,0,251,12,-2.98162121678221,,0,9,5,3,0,23,72,0,1,1,7,-6.17184455960523,0,3,1,0,0,23,0,251,1,1,0,0,0,12,20.2472087860224,0,9,5,3,0,0,43,7,15,0,0,1,2,14,0,0,0,6,0,0,0,0,0,0,0,0,0,1,0,1,0,0,3,20,5,2,1,0,3,2,0,0,3,140,1,1,0,0,29,1,0,1,0,0,0,0,0,0,0,0,0,0,29,,,29,0,0,1,1,0,0,1,0,0,0,0,0,3,0,53,107,0,0,0,1,1,1,14,0,73
2005,14,BUF,REG,2005_14_NE_BUF,NE,10,27,181,1,3,2,-12,0,0,0,181,5,-18.3030693629015,,0,4,4,3,2,12,14,0,0,0,1,-4.53692665277049,0,0,0,0,0,10,0,181,1,0,0,0,0,5,9.50909576111007,0,4,4,3,2,0,48,19,29,0,0,0,1,1,0,2,20,5,0,0,0,0,0,0,0,0,0,0,0,0,0,0,7,50,0,0,0,0,0,0,2,45,6,149,0,1,1,0,,0,0,0,0,0,0,0,0,0,1,0,0,0,,32,,0,32,0,1,1,0,0,1,0,0,0,0,0,6,0,68,262,2,1,0,1,1,3,18,0,224
2005,14,CAR,REG,2005_14_TB_CAR,TB,21,33,220,1,1,2,-26,1,0,0,220,9,-2.55201887655444,,0,9,4,2,1,20,82,0,0,0,2,-6.57753779894253,0,2,2,1,0,21,0,220,1,0,0,0,0,9,14.4435260202736,0,9,4,2,1,0,52,8,10,0,0,0,1,5,0,0,0,2,0,0,0,0,0,0,0,0,0,1,0,0,0,0,5,35,3,1,0,0,1,0,4,63,4,78,1,2,1,0,39,0.5,0,0,1,0,0,0,0,0,0,1,0,0,39,42,,39,42,0,1,1,0,0,1,0,0,0,0,0,4,0,51,181,0,1,0,0,0,3,49,0,132
2005,14,CHI,REG,2005_14_CHI_PIT,PIT,17,35,207,0,0,3,-22,0,0,0,207,10,-4.18836650546407,,0,8,4,3,1,18,83,1,0,0,4,1.45894966612104,0,2,2,2,0,17,0,207,0,0,0,0,0,10,15.8073310339823,0,8,4,3,1,0,43,20,26,0,0,3,0,0,0,0,0,2,0,1,0,0,0,0,0,0,0,2,0,0,0,0,1,5,6,0,2,0,2,0,4,26,4,54,1,1,0,0,29,1,0,1,0,0,0,0,0,0,0,0,0,0,29,,,29,0,0,0,1,1,0,0,0,0,0,0,0,7,0,52,279,0,0,0,1,0,6,42,0,217
2005,14,CIN,REG,2005_14_CLE_CIN,CLE,13,27,93,1,1,0,0,0,0,0,93,6,-4.82409716747137,,0,4,1,0,0,34,185,1,0,0,10,6.52826117686584,0,5,5,1,0,13,0,93,1,1,0,0,0,6,8.48707217760774,0,4,1,0,0,0,36,1,27,0,0,0,2,14,0,1,9,4,0,0,0,0,0,0,0,0,0,1,0,0,0,0,6,33,5,1,0,0,1,0,3,22,5,114,3,3,0,0,37,1,0,2,1,0,0,0,0,0,0,0,0,0,21;27;37,,,85,0,0,2,2,0,0,1,1,1,0,0,37,3,0,43,120,0,0,0,0,0,3,21,0,99
2005,14,CLE,REG,2005_14_CLE_CIN,CIN,16,24,138,1,1,2,-14,0,0,0,138,9,2.6488037990675,,0,7,2,0,0,26,84,1,0,0,5,-4.01074280787725,0,2,2,0,0,16,0,138,1,0,0,0,0,9,13.8845571448205,0,7,2,0,0,0,42,0,24,0,0,1,0,0,0,1,14,6,0,0,0,0,0,0,0,0,0,0,0,0,0,0,7,45,4,0,0,0,0,0,3,21,5,104,2,2,0,0,41,1,0,1,0,1,0,0,0,0,0,0,0,0,41;29,,,70,0,0,2,2,0,0,1,0,0,0,0,0,3,0,47,125,2,0,0,0,0,3,22,0,103
2005,14,DAL,REG,2005_14_KC_DAL,KC,22,34,332,3,0,4,-16,1,0,0,332,16,20.9949205089998,,0,14,6,4,1,28,129,1,0,0,4,-2.30019947676919,0,3,2,1,0,22,0,332,3,0,0,0,0,16,35.1733717335155,0,14,6,4,1,0,42,0,14,0,0,1,2,8,0,0,0,3,0,0,0,0,0,0,0,0,0,1,0,1,59,0,5,45,6,1,0,0,1,0,0,0,5,130,1,1,0,0,34,1,0,0,1,0,0,0,0,0,0,0,0,0,34,,,34,0,0,4,4,0,0,1,0,0,0,0,0,5,0,52,212,2,1,1,2,0,1,-5,0,177
2005,14,DEN,REG,2005_14_BAL_DEN,BAL,19,33,236,1,0,2,-14,0,0,0,236,13,5.16559126570877,,0,11,6,3,0,32,96,0,0,0,4,-5.07236557733268,0,1,1,0,0,19,0,236,1,1,1,0,0,13,16.2473214523634,0,11,6,3,0,0,39,7,17,0,0,2,1,0,0,2,10,6,0,0,0,0,0,0,0,0,0,0,0,2,0,0,4,31,6,1,0,0,1,1,1,14,3,62,2,2,0,0,48,1,0,0,0,2,0,0,0,0,0,0,0,0,47;48,,,95,0,0,0,1,1,0,0,0,0,0,0,0,5,0,55,178,2,0,3,1,1,0,0,0,158
2005,14,DET,REG,2005_14_DET_GB,GB,13,24,112,1,0,0,0,0,0,0,112,4,1.7361942253774,,0,2,2,2,1,31,129,0,0,0,6,-6.7965091736077,0,2,2,1,1,13,0,112,1,0,0,0,0,4,8.10893282771576,0,2,2,2,1,0,47,15,21,0,0,0,2,10,0,1,28,3,0,2,0,0,0,1,0,0,0,2,15,1,0,0,5,50,6,0,2,0,2,0,3,13,4,133,2,2,0,0,23,1,1,1,0,0,0,0,0,0,0,0,0,0,19;23,,,42,0,0,1,1,0,0,1,0,0,0,0,0,6,0,51,244,2,0,2,0,2,2,7,0,237
2005,14,GB,REG,2005_14_DET_GB,DET,21,32,170,0,1,3,-21,1,1,0,170,11,-1.99827045926983,,0,6,3,0,0,35,181,1,0,0,6,1.87246892949398,0,5,3,1,1,21,0,170,0,0,0,0,0,11,12.0743572566952,0,6,3,0,0,0,32,17,23,0,0,0,0,0,0,0,0,2,0,0,0,0,0,0,0,0,2,0,0,0,0,0,5,25,3,0,1,0,1,1,2,7,5,83,3,4,0,1,39,0.75,0,1,2,0,0,0,0,0,0,0,0,0,36;39;28,,38,103,0,38,1,1,0,0,1,1,1,0,0,28,5,0,50,172,0,0,1,0,1,3,13,0,159
2005,14,HOU,REG,2005_14_HOU_TEN,TEN,17,26,116,1,0,6,-34,0,0,0,116,5,-10.1102846534828,,0,4,1,0,0,26,152,0,0,0,6,2.16940088086994,0,4,3,1,1,17,0,116,1,0,0,0,0,5,6.14381867134944,0,4,1,0,0,0,22,26,30,0,0,0,0,0,0,0,0,5,0,0,0,0,0,0,0,0,0,0,0,0,0,0,8,72,5,0,0,0,0,0,2,-2,4,123,1,3,1,1,30,0.333333333333333,0,0,1,0,0,0,0,0,1,0,0,0,30,31,37,30,31,37,1,1,0,0,1,0,0,0,0,0,9,0,51,322,3,2,1,0,3,3,80,1,242
2005,14,IND,REG,2005_14_IND_JAX,JAX,24,37,324,2,0,3,-24,0,0,0,324,19,14.2200484905555,,0,12,5,5,1,34,99,0,0,0,3,-1.36547208268319,0,1,1,1,0,24,0,324,2,0,0,0,0,19,30.286117204375,0,12,5,5,1,0,56,1,1,0,0,4,0,0,0,0,0,1,0,0,0,0,0,0,0,0,0,0,0,3,0,0,5,47,2,0,1,0,1,1,2,2,3,70,4,4,0,0,46,1,0,0,2,2,0,0,0,0,0,0,0,0,40;34;38;46,,,158,0,0,2,2,0,0,1,0,0,0,0,0,3,0,55,139,1,0,0,0,0,3,45,0,94
2005,14,JAX,REG,2005_14_IND_JAX,IND,26,35,250,1,0,0,0,0,0,0,250,12,10.2550199894626,,0,10,3,2,0,23,74,1,1,1,5,-4.63717592471209,1,1,1,0,0,26,0,250,1,3,2,0,0,12,12.6696619823051,0,10,3,2,0,0,55,2,12,0,0,0,3,24,0,0,0,3,0,0,0,0,0,0,0,0,0,0,0,1,0,0,7,65,4,4,0,1,4,3,3,45,6,123,1,1,0,0,27,1,0,1,0,0,0,0,0,0,0,0,0,0,27,,,27,0,0,1,1,0,0,1,0,0,0,0,0,5,0,47,193,2,1,0,0,2,2,2,0,191
2005,14,KC,REG,2005_14_KC_DAL,DAL,20,32,340,1,0,2,-8,1,1,0,340,18,10.8300137301832,,0,16,8,6,1,28,161,3,0,0,7,7.20515742144198,0,4,3,2,0,20,0,340,1,0,0,0,0,18,29.0642466127448,0,16,8,6,1,0,49,0,6,0,0,1,4,16,0,0,0,3,0,0,0,0,0,0,0,0,0,0,0,0,0,0,3,17,6,1,0,0,1,1,1,-5,6,161,0,1,1,0,,0,0,0,0,0,0,0,0,0,0,1,0,0,,41,,0,41,0,4,4,0,0,1,0,0,0,0,0,5,0,44,193,3,0,1,0,4,0,0,0,193
2005,14,LA,REG,2005_14_STL_MIN,MIN,26,45,235,0,5,1,-6,0,0,0,235,13,-16.0367232645102,,0,9,5,1,0,29,108,1,1,0,6,-6.21251673501683,0,3,1,0,0,26,0,235,0,1,1,0,0,13,16.5756290630088,0,9,5,1,0,0,40,3,11,0,0,3,0,0,0,0,0,0,0,0,0,0,0,0,0,0,0,1,-3,2,8,0,9,60,5,1,1,0,2,1,4,25,6,111,2,2,0,0,51,1,0,1,0,0,1,0,0,0,0,0,0,0,51;23,,,74,0,0,1,1,0,0,1,0,0,0,0,0,5,0,54,210,3,0,1,1,1,2,0,0,190
2005,14,LAC,REG,2005_14_MIA_SD,MIA,35,52,279,2,1,3,-34,1,1,0,279,17,-0.35154355771374,,0,10,3,2,0,27,96,1,0,0,8,2.033858237206,0,3,2,0,0,35,0,279,2,0,0,0,0,17,24.9243243784003,0,10,3,2,0,0,30,12,12,0,0,1,0,0,0,0,0,5,0,0,0,0,0,0,0,0,0,0,0,2,34,0,7,49,5,2,0,0,2,2,2,1,6,145,0,0,0,0,,,0,0,0,0,0,0,0,0,0,0,0,0,,,,0,0,0,3,3,0,0,1,0,0,0,0,0,4,0,55,139,3,0,0,1,3,0,0,0,119
2005,14,LV,REG,2005_14_OAK_NYJ,NYJ,14,26,124,1,2,6,-40,2,2,0,124,8,-13.4293592570177,,0,5,1,1,0,17,95,0,0,0,4,1.82959265710088,0,3,1,1,0,14,0,124,1,1,0,0,0,8,13.1902302080998,0,5,1,1,0,0,42,21,21,0,0,0,2,9,0,0,0,3,0,0,0,0,0,0,0,0,0,1,0,0,0,0,13,88,3,3,0,0,3,2,1,4,6,136,1,2,1,0,42,0.5,0,0,0,1,0,0,0,1,0,0,0,0,42,29,,42,29,0,1,1,0,0,1,0,0,0,0,0,3,0,49,116,2,0,1,0,1,1,7,0,109
2005,14,MIA,REG,2005_14_MIA_SD,LAC,14,22,229,2,0,0,0,0,0,0,229,9,12.1840835205188,,0,7,5,3,1,26,71,0,2,2,3,-14.8384808646245,0,1,1,0,0,14,0,229,2,0,0,0,0,9,20.5470494677429,0,7,5,3,1,0,57,15,15,0,0,2,3,34,0,1,0,2,0,0,0,0,0,0,0,0,0,0,0,2,0,0,3,12,4,1,1,0,2,2,0,0,4,90,3,3,0,0,39,1,0,2,1,0,0,0,0,0,0,0,0,0,29;39;20,,,88,0,0,2,2,0,0,1,0,0,0,0,0,3,0,45,125,0,0,0,1,0,2,1,0,104
2005,14,MIN,REG,2005_14_STL_MIN,LA,16,25,146,0,0,0,0,0,0,0,146,5,-4.3181614832809,,0,5,1,1,1,29,113,3,1,1,8,-4.43174837471452,0,6,3,0,0,16,0,146,0,0,0,0,0,5,3.80368577406736,0,5,1,1,1,0,53,8,12,0,0,1,1,6,0,5,31,9,0,2,0,0,0,0,0,0,0,1,0,1,14,0,5,60,3,3,0,0,3,2,2,0,3,104,2,2,0,0,44,1,0,0,1,1,0,0,0,0,0,0,0,0,37;44,,,81,0,0,3,3,0,0,1,0,0,0,0,0,8,0,53,300,1,0,1,0,3,4,25,0,275
2005,14,NE,REG,2005_14_NE_BUF,BUF,30,40,336,2,2,1,-1,0,0,0,336,20,16.5188618905959,,0,16,6,4,1,41,159,2,0,0,11,2.68413726915605,0,3,3,1,0,30,0,336,2,0,0,0,0,20,32.1519729308784,0,16,6,4,1,0,24,5,11,0,0,0,2,12,0,3,39,5,1,0,0,0,0,0,0,0,0,0,0,0,0,0,9,83,2,0,0,0,0,0,3,18,1,29,0,0,0,0,,,0,0,0,0,0,0,0,0,0,0,0,0,,,,0,0,0,5,5,0,0,1,0,0,0,0,0,4,0,49,144,0,0,1,0,1,2,45,0,99
2005,14,NO,REG,2005_14_NO_ATL,ATL,27,46,219,1,0,3,-12,0,0,0,219,13,-5.41634980980207,,0,8,2,0,0,24,125,1,0,0,5,0.332254900480621,0,3,2,2,0,27,0,219,1,1,1,0,0,13,8.60677995899459,0,8,2,0,0,0,45,5,5,0,0,0,0,0,0,1,19,5,0,0,0,0,0,0,0,0,0,0,0,0,0,0,10,107,6,1,0,0,1,1,3,15,6,104,1,1,0,0,47,1,0,0,0,1,0,0,0,0,0,0,0,0,47,,,47,0,0,2,2,0,0,1,0,0,0,0,0,8,0,65,383,2,0,1,1,2,4,28,0,335
2005,14,NYG,REG,2005_14_NYG_PHI,PHI,28,44,312,1,3,1,-13,0,0,0,312,19,15.0776797170992,,0,14,4,3,0,40,138,1,0,0,6,-5.20762118797765,0,4,1,1,0,28,0,312,1,0,0,0,0,19,33.3129347227471,0,14,4,3,0,0,47,0,8,0,0,1,6,28,0,0,0,12,0,0,0,0,0,0,0,0,0,0,0,1,2,0,10,71,4,0,0,0,0,0,2,19,5,95,4,4,0,0,36,1,0,3,1,0,0,0,0,0,0,0,0,0,24;21;27;36,,,108,0,0,2,2,0,0,1,1,1,0,0,36,2,0,44,70,1,1,0,0,0,1,28,0,42
2005,14,NYJ,REG,2005_14_OAK_NYJ,LV,14,26,119,1,0,2,-9,0,0,0,119,8,-5.08362645307901,,0,7,1,0,0,43,184,1,0,0,12,5.61412915403647,0,4,2,0,0,14,0,119,1,0,0,0,0,8,7.82991427169275,0,7,1,0,0,0,28,15,15,0,0,3,6,40,0,2,15,5,0,1,0,0,0,0,0,0,0,1,0,2,0,0,5,69,3,0,1,0,1,0,1,7,3,62,4,4,0,0,35,1,0,2,2,0,0,0,0,0,0,0,0,0,33;20;35;21,,,109,0,0,2,2,0,0,1,0,0,0,0,0,4,0,45,165,1,0,2,0,1,1,4,0,161
2005,14,PHI,REG,2005_14_NYG_PHI,NYG,14,32,190,0,0,6,-28,1,1,0,190,10,-3.78268613891422,,0,7,5,4,0,25,175,2,0,0,5,4.74954030010849,0,6,4,2,1,14,0,190,0,0,0,0,0,10,15.8604579206458,0,7,5,4,0,0,67,1,11,0,0,0,1,13,0,3,13,14,0,0,0,0,0,0,0,0,0,0,0,0,0,0,9,101,7,1,0,0,1,1,1,28,5,122,3,4,1,0,50,0.75,0,0,1,1,1,0,0,0,0,1,0,0,42;36;50,49,,128,49,0,2,2,0,0,1,0,0,0,0,0,4,0,41,149,0,2,0,0,0,2,19,0,130
2005,14,PIT,REG,2005_14_CHI_PIT,CHI,13,20,173,1,0,0,0,0,0,0,173,9,11.437692506006,,0,9,3,1,1,46,190,2,2,0,11,-3.39821888611186,0,4,2,1,0,13,0,173,1,2,0,0,0,9,17.9497064582538,0,9,3,1,1,0,26,12,20,0,0,0,3,22,0,0,0,5,0,0,0,0,0,0,0,0,0,4,0,0,0,0,7,55,2,3,1,0,4,0,6,42,3,59,0,0,0,0,,,0,0,0,0,0,0,0,0,0,0,0,0,,,,0,0,0,3,3,0,0,1,0,0,0,0,0,6,0,56,240,4,1,0,1,0,4,26,0,194
2005,14,SEA,REG,2005_14_SF_SEA,SF,24,30,259,4,1,1,-6,0,0,0,259,17,14.9002306751911,,0,11,4,4,0,40,185,1,1,0,11,-0.0258029979886487,0,5,3,1,0,24,0,259,4,0,0,0,0,17,25.0470551548642,0,11,4,4,0,0,31,11,11,0,0,1,3,22,0,1,14,5,0,0,0,0,0,0,0,0,0,1,0,1,0,0,8,54,3,1,0,0,1,0,3,9,2,35,2,3,1,0,52,0.666666666666667,0,0,0,0,2,0,0,0,0,0,1,0,52;52,50,,104,50,0,5,5,0,0,1,0,0,0,0,0,2,0,44,78,1,0,0,0,2,0,0,0,78
2005,14,SF,REG,2005_14_SF_SEA,SEA,9,22,77,0,1,4,-26,2,0,0,77,4,-11.9927759551645,,0,4,1,1,0,21,62,0,1,1,2,-7.64819237223128,0,1,0,0,0,9,0,77,0,0,0,0,0,4,5.39353520551231,0,4,1,1,0,0,48,17,19,0,0,1,1,6,0,1,0,4,0,0,0,0,0,0,0,0,0,2,-2,0,0,0,7,82,2,1,2,0,3,1,0,0,7,134,1,1,0,0,39,1,0,0,1,0,0,0,0,0,0,0,0,0,39,,,39,0,0,0,0,0,0,,0,0,0,0,0,8,0,49,299,1,2,1,0,2,3,9,0,290
2005,14,TB,REG,2005_14_TB_CAR,CAR,20,27,138,0,0,1,-5,0,0,0,138,7,2.74640469026053,,0,5,1,0,0,36,114,2,0,0,8,-0.220683675486588,0,3,2,0,0,20,0,138,0,0,0,0,0,7,10.8635379682528,0,5,1,0,0,0,43,4,10,0,0,1,2,26,0,1,35,4,0,0,0,0,0,0,0,0,0,0,0,0,0,0,7,50,5,0,0,0,0,0,3,49,3,32,2,2,0,0,36,1,0,0,2,0,0,0,0,0,0,0,0,0,34;36,,,70,0,0,2,2,0,0,1,0,0,0,0,0,6,0,58,259,2,0,1,1,0,4,63,0,176
2005,14,TEN,REG,2005_14_HOU_TEN,HOU,18,30,208,0,0,0,0,0,0,0,208,8,-6.51771698527545,,0,8,5,4,1,30,93,0,0,0,5,-6.65483072126517,0,3,1,0,0,18,0,208,0,0,0,0,0,8,9.83096609739005,0,8,5,4,1,1,29,20,28,0,0,0,6,34,0,0,0,4,0,0,0,0,0,1,0,0,0,0,0,0,0,0,4,56,2,0,0,0,0,0,3,80,3,25,2,3,1,0,23,0.666666666666667,0,2,0,0,0,0,0,0,0,1,0,0,23;21,46,,44,46,0,1,1,0,0,1,0,0,0,0,0,5,0,59,215,1,0,2,1,0,2,-2,0,197
2005,14,WAS,REG,2005_14_WAS_ARI,ARI,18,28,122,0,3,0,0,0,0,0,122,6,-10.8399756739841,,0,4,3,1,0,34,109,1,1,0,8,-1.95525347336661,0,2,2,1,0,18,0,122,0,1,0,0,0,6,8.76885602311813,0,4,3,1,0,1,48,7,7,0,0,3,2,15,0,1,2,7,0,0,0,0,0,0,0,0,0,3,-1,3,3,0,5,63,2,1,2,0,3,0,0,0,3,136,1,1,0,0,41,1,0,0,0,1,0,0,0,0,0,0,0,0,41,,,41,0,0,2,2,0,0,1,0,0,0,0,0,5,0,52,215,1,0,1,0,0,4,34,0,181
2005,15,ARI,REG,2005_15_ARI_HOU,HOU,25,38,301,2,2,6,-39,0,0,0,301,13,-5.13894904503656,,0,11,7,5,2,13,39,0,0,0,2,-1.68782509153243,0,0,0,0,0,25,0,301,2,1,1,0,0,13,13.5786812191608,0,11,7,5,2,0,54,10,16,0,0,1,3,16,0,1,3,6,0,0,0,0,0,0,0,0,0,1,0,1,0,0,7,69,3,3,0,0,3,2,3,6,7,151,2,2,0,0,42,1,0,1,0,1,0,0,0,0,0,0,0,0,26;42,,,68,0,0,1,1,0,0,1,0,0,0,0,0,4,0,56,197,2,1,1,1,0,1,8,0,169
2005,15,ATL,REG,2005_15_ATL_CHI,CHI,13,32,122,0,2,2,-5,0,0,0,122,6,-12.5752148419851,,0,7,3,1,0,31,114,0,0,0,6,-6.62181893783196,0,4,3,1,0,13,0,122,0,0,0,0,0,6,5.7819088237593,0,7,3,1,0,0,43,7,7,0,0,0,1,7,0,1,0,3,0,1,0,0,0,0,0,0,0,0,0,0,0,0,6,75,6,1,0,0,1,1,1,0,5,81,1,1,0,0,30,1,0,0,1,0,0,0,0,0,0,0,0,0,30,,,30,0,0,0,0,0,0,,0,0,0,0,0,6,0,50,234,4,2,1,0,1,2,30,0,204
2005,15,BAL,REG,2005_15_GB_BAL,GB,19,27,253,3,0,0,0,0,0,0,253,12,17.4839449771278,,0,10,6,5,0,38,182,2,0,0,10,4.79016070644138,0,4,3,1,0,19,0,253,3,0,0,0,0,12,24.8898058166669,0,10,6,5,0,0,43,12,12,0,0,2,3,28,0,3,24,11,0,0,0,0,0,0,0,0,0,1,0,2,46,1,7,71,2,0,1,0,1,0,2,53,2,41,2,2,0,0,40,1,0,1,0,1,0,0,0,0,0,0,0,0,23;40,,,63,0,0,6,6,0,0,1,0,0,0,0,0,4,0,48,161,2,0,0,0,2,2,5,0,156
2005,15,BUF,REG,2005_15_DEN_BUF,DEN,22,35,202,1,0,1,-5,0,0,0,202,9,6.18033222203027,,0,9,3,2,0,16,75,1,0,0,5,-2.59911667861161,0,1,1,1,0,22,0,202,1,1,0,0,0,9,17.0056723662128,0,9,3,2,0,0,33,15,29,0,0,3,1,0,0,0,0,5,0,0,0,0,0,0,0,0,0,0,0,1,0,0,12,82,4,1,0,1,1,0,0,0,5,120,1,1,0,0,31,1,0,0,1,0,0,0,0,0,0,0,0,0,31,,,31,0,0,2,2,0,0,1,0,0,0,0,0,6,0,52,254,1,0,0,2,2,2,3,0,211
2005,15,CAR,REG,2005_15_CAR_NO,NO,13,21,176,1,1,1,-11,1,1,0,176,8,2.27014509198489,,0,5,4,3,1,43,161,2,0,0,8,-2.15113698479293,0,3,3,1,0,13,0,176,1,0,0,0,0,8,16.6468124925741,0,5,4,3,1,0,38,9,9,0,0,1,0,0,0,4,99,8,0,0,0,0,0,0,0,0,0,0,0,2,0,0,3,25,2,1,0,0,1,1,3,25,3,60,2,3,1,0,32,0.666666666666667,0,1,1,0,0,0,0,0,0,0,1,0,32;29,50,,61,50,0,3,3,0,0,1,0,0,0,0,0,4,0,51,175,3,0,0,0,0,4,7,0,168
2005,15,CHI,REG,2005_15_ATL_CHI,ATL,11,26,105,0,1,1,-7,0,0,0,105,7,-2.61644270736591,,0,6,2,1,0,32,128,1,0,0,5,-7.04539225203639,0,2,2,2,0,11,0,105,0,0,0,0,0,7,7.55978401607782,0,6,2,1,0,0,42,10,10,0,0,1,2,5,0,2,14,8,0,0,0,0,0,0,0,0,0,0,0,1,0,0,3,16,3,0,0,0,0,0,2,30,2,12,3,4,1,0,39,0.75,0,1,2,0,0,0,0,0,0,1,0,0,35;29;39,44,,103,44,0,1,1,0,0,1,0,0,0,0,0,7,0,53,231,1,0,5,0,1,1,0,0,231
2005,15,CIN,REG,2005_15_CIN_DET,DET,30,42,280,3,2,2,-9,0,0,0,280,19,17.8857127691019,,0,13,6,2,0,32,155,2,1,0,8,4.66166242939653,0,5,4,1,0,30,0,280,3,1,0,0,0,19,30.6280514099635,0,13,6,2,0,0,38,1,11,0,0,0,1,4,0,3,9,6,0,0,0,0,0,0,0,0,0,1,0,1,0,0,4,40,2,2,0,1,2,0,3,19,3,48,2,2,0,0,33,1,0,1,1,0,0,0,0,0,0,0,0,0,28;33,,,61,0,0,5,5,0,0,1,0,0,0,0,0,1,0,51,51,1,0,1,0,0,0,0,0,51
2005,15,CLE,REG,2005_15_CLE_OAK,LV,21,32,198,0,1,3,-14,0,0,0,198,9,1.1270027084103,,0,8,2,2,0,25,71,0,1,1,3,-12.1886628818576,0,2,1,0,0,21,0,198,0,0,0,0,0,9,14.1807409791399,0,8,2,2,0,0,39,12,12,0,0,0,3,19,0,1,6,6,0,0,0,0,0,1,0,0,0,0,-3,0,0,0,1,15,5,0,1,0,1,1,3,47,2,63,3,3,0,0,44,1,0,1,1,1,0,0,0,0,0,0,0,0,44;24;37,,,105,0,0,0,0,0,0,,1,1,0,0,37,5,0,57,215,2,0,2,1,1,1,1,0,194
2005,15,DAL,REG,2005_15_DAL_WAS,WAS,16,29,153,1,3,7,-46,1,1,0,153,7,-14.9665210688854,,0,6,3,2,0,24,109,0,0,0,4,2.08441167022102,0,1,1,1,1,16,0,153,1,0,0,0,0,7,14.1586464564898,0,6,3,2,0,0,43,6,16,0,0,1,0,0,0,0,0,2,0,0,0,0,0,0,0,0,0,0,0,1,9,0,9,56,3,1,0,0,1,1,1,6,6,136,0,1,1,0,,0,0,0,0,0,0,0,0,0,1,0,0,0,,38,,0,38,0,1,1,0,0,1,0,0,0,0,0,6,0,52,211,1,1,2,0,1,2,0,0,211
2005,15,DEN,REG,2005_15_DEN_BUF,BUF,20,37,259,2,0,1,0,0,0,0,259,11,15.852243349771,,0,7,5,5,1,37,178,2,0,0,14,6.34408862213604,0,5,4,1,0,20,0,259,2,2,1,0,0,11,21.8621359285899,0,7,5,5,1,0,30,7,11,0,0,1,1,5,0,0,0,7,0,1,0,0,0,0,0,0,0,2,0,0,0,0,9,90,4,3,0,0,3,1,2,3,3,34,0,0,0,0,,,0,0,0,0,0,0,0,0,0,0,0,0,,,,0,0,0,4,4,0,0,1,0,0,0,0,0,4,0,38,122,2,2,0,0,2,0,0,0,122
2005,15,DET,REG,2005_15_CIN_DET,CIN,19,28,215,2,3,1,-4,0,0,0,215,10,-0.4889081444843,,0,9,4,3,0,17,59,0,0,0,3,-2.23359302856261,0,1,1,0,0,19,0,215,2,0,0,0,0,10,17.1501794805517,0,9,4,3,0,0,60,1,17,0,0,2,2,9,0,2,25,8,0,0,0,0,0,0,0,0,0,0,0,0,0,0,4,30,2,0,1,0,1,1,0,0,8,136,1,1,0,0,45,1,0,0,0,1,0,0,0,0,0,0,0,0,45,,,45,0,0,2,2,0,0,1,0,0,0,0,0,3,0,51,138,1,0,0,0,0,3,19,0,119
2005,15,GB,REG,2005_15_GB_BAL,BAL,22,44,209,0,3,3,-28,2,2,0,209,10,-23.7163089716756,,0,8,4,2,0,19,107,0,0,0,5,-0.158064344344893,0,3,3,1,0,22,0,209,0,0,0,0,0,10,15.0891373285267,0,8,4,2,0,0,42,17,17,0,0,0,0,0,0,0,0,6,0,0,0,0,0,0,0,0,0,0,0,0,0,0,10,94,3,2,0,0,2,2,2,5,9,167,1,1,0,0,27,1,0,1,0,0,0,0,0,0,0,0,0,0,27,,,27,0,0,0,0,0,0,,0,0,0,0,0,4,0,41,143,1,0,1,0,1,2,53,0,90
2005,15,HOU,REG,2005_15_ARI_HOU,ARI,22,33,150,0,1,3,-16,1,1,0,150,10,-5.29413058482026,,0,5,1,0,0,35,119,3,0,0,7,-3.50409197762073,0,1,1,1,0,22,0,150,0,0,0,0,0,10,11.6764359704976,0,5,1,0,0,0,43,11,13,0,0,3,6,39,0,2,7,7,0,0,0,0,0,0,0,0,0,0,0,2,0,0,5,43,5,1,0,0,1,1,1,8,5,86,3,3,0,0,41,1,0,2,0,1,0,0,0,0,0,0,0,0,27;41;26,,,94,0,0,3,3,0,0,1,0,0,0,0,0,4,0,53,160,1,0,0,0,1,3,6,0,154
2005,15,IND,REG,2005_15_SD_IND,LAC,26,45,336,1,2,4,-22,0,0,0,336,15,2.19641309686183,,0,16,8,4,0,15,24,1,0,0,3,-9.48174813255901,0,1,1,0,0,26,0,336,1,0,0,0,0,15,23.3821789047941,0,15,7,4,0,0,48,21,21,0,0,2,1,8,0,2,19,6,0,0,0,0,0,0,0,0,0,0,0,2,0,0,8,67,4,1,0,0,1,1,1,6,7,131,1,2,1,0,32,0.5,0,0,1,0,0,0,0,0,0,0,1,0,32,59,,32,59,0,2,2,0,0,1,0,0,0,0,0,6,0,55,270,1,0,0,1,2,3,28,0,222
2005,15,JAX,REG,2005_15_SF_JAX,SF,21,40,216,0,0,2,-14,0,0,0,216,13,-4.03276362191497,,0,9,3,2,0,35,134,1,0,0,6,-4.80399132223101,0,3,1,0,0,21,0,216,0,0,0,0,0,13,14.2647656446788,0,9,3,2,0,0,37,1,3,0,0,0,2,16,0,1,4,7,0,0,0,0,0,0,0,0,0,0,0,0,0,0,10,84,4,0,0,0,0,0,7,45,2,16,1,2,1,0,32,0.5,0,0,1,0,0,0,0,0,0,0,1,0,32,52,,32,52,0,1,1,0,0,1,0,0,0,0,0,8,0,51,314,2,1,1,3,1,2,1,0,253
2005,15,KC,REG,2005_15_KC_NYG,NYG,15,28,176,0,1,1,-2,0,0,0,176,9,1.90457437271834,,0,8,4,3,0,34,188,2,0,0,10,6.43307280943717,0,8,7,1,0,15,0,176,0,2,2,0,0,9,8.08835987077327,0,8,4,3,0,0,40,15,15,0,0,1,1,3,0,1,0,5,0,0,0,0,0,0,0,0,0,0,0,1,0,0,9,75,4,2,0,0,2,2,2,7,6,118,1,1,0,0,19,1,1,0,0,0,0,0,0,0,0,0,0,0,19,,,19,0,0,2,2,0,0,1,0,0,0,0,0,5,0,48,192,4,1,0,0,3,1,-4,0,196
2005,15,LA,REG,2005_15_PHI_STL,PHI,18,35,127,1,1,0,0,0,0,0,127,7,-10.2302567299339,,0,4,0,0,0,36,178,0,0,0,7,-8.47029692601449,0,7,5,2,0,18,0,127,1,0,0,0,0,7,5.14282916771481,0,4,0,0,0,0,52,3,3,0,0,2,4,21,0,3,26,4,0,0,0,0,0,0,0,0,0,0,0,1,0,0,15,115,4,0,0,0,0,0,4,26,3,62,3,3,0,0,53,1,0,2,0,0,1,0,0,0,0,0,0,0,26;53;28,,,107,0,0,1,1,0,0,1,0,0,0,0,0,7,0,56,286,2,2,0,0,1,4,42,0,244
2005,15,LAC,REG,2005_15_SD_IND,IND,22,33,255,1,2,1,-8,1,1,0,255,10,-1.91788886426074,,0,7,5,5,2,37,206,1,0,0,5,1.38928279054994,0,3,3,1,1,22,0,255,1,0,0,0,0,10,21.0333159988547,0,7,5,5,2,0,36,15,19,0,0,1,4,22,0,2,23,8,0,1,0,0,0,0,0,0,32,0,0,1,0,0,11,75,6,2,0,0,2,2,3,28,4,71,4,4,0,0,49,1,0,1,1,2,0,0,0,0,0,0,0,0,36;20;48;49,,,153,0,0,2,2,0,0,1,0,0,0,0,0,4,0,54,167,2,0,0,1,2,1,6,0,141
2005,15,LV,REG,2005_15_CLE_OAK,CLE,14,30,132,1,1,3,-19,0,0,0,132,6,-7.67850287168268,,0,3,2,2,0,31,143,0,1,0,9,1.65476043592207,0,4,2,1,0,14,0,132,1,0,0,0,0,6,12.5597835241351,0,3,2,2,0,0,39,10,10,0,0,0,3,14,0,1,0,6,0,0,0,0,0,0,0,0,0,1,-8,1,0,0,7,45,4,0,1,0,1,0,1,1,2,28,0,2,1,1,,0,0,0,0,0,0,0,0,0,0,0,1,0,,51,46,0,51,46,1,1,0,0,1,0,0,0,0,0,6,0,56,296,2,0,2,1,0,3,47,0,229
2005,15,MIA,REG,2005_15_NYJ_MIA,NYJ,14,29,175,2,1,1,-6,0,0,0,175,8,-2.21168968774789,,0,6,3,1,1,31,128,1,1,0,5,-1.22430566174444,0,3,3,1,0,14,0,175,2,0,0,0,0,8,12.5917948699947,0,6,3,1,1,0,54,0,26,0,0,3,6,29,0,0,0,5,0,0,0,0,0,0,0,0,0,1,-11,3,12,0,8,92,1,0,1,0,1,0,3,31,5,110,1,2,1,0,32,0.5,0,0,1,0,0,0,0,0,0,0,1,0,32,53,,32,53,0,3,3,0,0,1,0,0,0,0,0,7,0,52,296,2,1,0,0,2,4,13,0,283
2005,15,MIN,REG,2005_15_PIT_MIN,PIT,16,30,143,0,2,2,-12,0,0,0,143,7,-11.4868114250712,,0,7,3,1,0,17,54,0,1,0,2,-6.45539167383248,0,1,1,0,0,16,0,143,0,0,0,0,0,7,7.38959354284452,0,7,3,1,0,0,47,8,16,0,0,0,4,16,0,0,0,3,0,1,0,0,0,0,0,0,0,2,0,1,0,0,13,95,5,1,2,0,3,1,4,41,5,83,1,2,0,1,20,0.5,0,1,0,0,0,0,0,0,0,0,0,0,20,,32,20,0,32,0,0,0,0,,0,0,0,0,0,6,0,51,267,2,0,1,0,0,5,85,0,182
2005,15,NE,REG,2005_15_TB_NE,TB,20,31,258,3,0,1,-5,0,0,0,258,13,14.1246821368404,,0,11,8,4,0,32,83,1,0,0,7,-8.29957055140403,0,1,1,0,0,20,0,258,3,0,0,0,0,13,24.4413926357811,0,11,8,4,0,0,28,24,24,0,0,2,7,47,0,0,0,4,0,0,0,0,0,0,0,0,0,0,0,1,19,0,8,54,3,0,0,0,0,0,5,31,1,20,0,0,0,0,,,0,0,0,0,0,0,0,0,0,0,0,0,,,,0,0,0,4,4,0,0,1,0,0,0,0,0,6,0,44,237,3,0,0,0,3,3,28,0,209
2005,15,NO,REG,2005_15_CAR_NO,CAR,17,34,193,1,4,1,-10,1,1,0,193,7,-15.0774798962037,,0,7,3,3,1,22,94,0,0,0,5,-1.92687410797225,0,3,2,0,0,17,0,193,1,0,0,0,0,7,13.0416149025161,0,7,3,3,1,0,46,19,19,0,0,1,1,11,0,1,0,2,0,1,0,0,0,0,0,0,0,0,0,1,18,0,9,72,6,1,1,0,2,2,4,7,4,63,1,1,0,0,44,1,0,0,0,1,0,0,0,0,0,0,0,0,44,,,44,0,0,1,1,0,0,1,0,0,0,0,0,4,0,69,198,0,0,1,0,0,3,25,0,173
2005,15,NYG,REG,2005_15_KC_NYG,KC,17,32,186,1,1,1,-3,1,1,0,186,10,4.04667726824301,,0,7,4,1,0,34,223,2,0,0,9,5.37659389822511,0,5,5,4,2,17,0,186,1,0,0,0,0,10,18.930287457054,0,7,4,1,0,0,37,21,21,0,0,2,1,2,0,1,16,4,0,0,0,0,0,0,0,0,0,0,0,2,9,0,7,70,5,1,0,0,1,1,1,-4,4,94,2,2,0,0,41,1,0,0,1,1,0,0,0,0,0,0,0,0,41;35,,,76,0,0,3,3,0,0,1,0,0,0,0,0,3,0,46,117,2,0,1,0,0,2,7,0,110
2005,15,NYJ,REG,2005_15_NYJ_MIA,MIA,28,42,327,2,0,6,-29,0,0,0,327,17,8.07184887555662,,0,12,4,3,2,25,90,0,1,1,3,-6.66307448211592,0,2,2,0,0,28,0,327,2,2,2,0,0,17,18.8814450743837,0,12,4,3,2,0,42,0,16,0,0,0,1,6,0,1,13,8,0,0,0,0,0,0,0,0,0,0,0,0,0,0,5,39,5,3,0,0,3,3,4,13,5,121,2,2,0,0,42,1,0,0,0,2,0,0,0,0,0,0,0,0,42;42,,,84,0,0,2,2,0,0,1,0,0,0,0,0,6,0,53,234,2,0,2,1,0,3,31,0,183
2005,15,PHI,REG,2005_15_PHI_STL,LA,15,28,97,1,3,4,-21,1,0,0,97,7,-9.75610838906141,,0,3,1,0,0,28,125,1,1,0,4,0.482673373808182,0,3,2,1,1,15,0,97,1,1,1,0,0,7,8.0125809367164,0,3,1,0,0,0,58,5,5,0,0,0,0,0,0,1,24,6,0,1,0,0,0,0,0,0,0,2,1,0,0,0,13,115,3,2,2,1,4,1,4,42,5,138,1,1,0,0,31,1,0,0,1,0,0,0,0,0,0,0,0,0,31,,,31,0,0,2,2,0,0,1,0,0,0,0,0,6,0,55,273,0,0,0,1,1,4,26,0,227
2005,15,PIT,REG,2005_15_PIT_MIN,MIN,10,15,149,0,0,4,-16,0,0,0,149,5,3.04458518560374,,0,5,3,3,1,39,142,1,1,0,7,-4.55031159975113,0,3,2,1,1,10,0,149,0,0,0,0,0,5,13.136702705944,0,5,3,3,1,0,33,9,9,0,0,1,2,12,0,2,0,7,0,1,1,0,0,1,0,0,0,1,-1,1,0,0,12,129,1,0,2,0,2,1,5,85,3,56,3,3,0,0,41,1,0,2,0,1,0,0,0,0,0,0,0,0,21;41;26,,,88,0,0,1,1,0,0,1,0,0,0,0,0,6,0,58,282,3,0,1,0,1,4,41,0,241
2005,15,SEA,REG,2005_15_SEA_TEN,TEN,21,27,285,3,0,1,-9,0,0,0,285,18,24.6304816105403,,0,13,5,4,1,33,183,1,0,0,8,2.02481796129681,0,3,3,2,1,21,0,285,3,0,0,0,0,18,30.5762703293003,0,13,5,4,1,0,37,11,21,0,0,0,0,0,0,0,0,3,0,0,0,0,0,0,0,0,0,0,0,0,0,0,4,38,0,0,0,0,0,0,1,5,5,94,0,1,0,1,,0,0,0,0,0,0,0,0,0,0,0,0,0,,,36,0,0,36,4,4,0,0,1,0,0,0,0,0,2,0,43,77,1,0,0,1,1,0,0,0,57
2005,15,SF,REG,2005_15_SF_JAX,JAX,8,24,123,0,1,2,-16,0,0,0,123,3,-11.1670247020342,,0,3,3,3,1,25,110,0,0,0,4,-0.388596427551765,0,3,3,0,0,8,0,123,0,0,0,0,0,3,5.58497761920764,0,3,3,3,1,0,61,1,7,0,0,0,2,14,0,0,0,5,0,1,0,0,0,0,0,0,0,1,0,0,0,0,8,56,5,0,1,0,1,0,2,1,3,64,3,3,0,0,47,1,0,0,2,1,0,0,0,0,0,0,0,0,35;47;33,,,115,0,0,0,0,0,0,,0,0,0,0,0,8,0,50,335,1,0,0,0,1,7,45,0,290
2005,15,TB,REG,2005_15_TB_NE,NE,21,34,155,0,0,7,-47,2,1,0,155,8,-18.5203140387894,,0,4,2,1,0,18,30,0,0,0,2,-4.24055642588064,0,0,0,0,0,21,0,155,0,0,0,0,0,8,9.66328967653681,0,4,2,1,0,0,28,23,23,0,0,0,1,5,0,0,0,2,0,0,0,0,0,0,0,0,0,1,0,0,0,0,8,58,2,2,0,0,2,1,3,28,4,64,0,0,0,0,,,0,0,0,0,0,0,0,0,0,0,0,0,,,,0,0,0,0,0,0,0,,0,0,0,0,0,7,0,49,307,2,0,0,1,1,5,31,0,256
2005,15,TEN,REG,2005_15_SEA_TEN,SEA,24,39,336,2,0,0,0,0,0,0,336,17,18.2158853936708,,0,14,7,5,0,26,81,1,0,0,6,-3.90379326616415,0,1,0,0,0,24,0,336,2,0,0,0,0,17,31.1861840193742,0,14,7,5,0,0,39,6,20,0,0,0,1,9,0,0,0,2,0,0,0,0,0,1,0,0,0,0,0,0,0,0,4,30,6,0,0,0,0,0,0,0,5,101,1,1,0,0,38,1,0,0,1,0,0,0,0,0,0,0,0,0,38,,,38,0,0,3,3,0,0,1,0,0,0,0,0,2,0,50,90,0,0,0,0,1,1,5,0,85
2005,15,WAS,REG,2005_15_DAL_WAS,DAL,12,20,163,4,0,0,0,0,0,0,163,9,11.9875023152563,,0,4,4,3,1,40,171,1,1,1,9,-2.60165199817857,0,4,3,0,0,12,0,163,4,0,0,0,0,9,19.3480629020487,0,4,4,3,1,0,40,7,17,0,0,1,7,46,0,3,61,5,0,1,0,0,0,0,0,0,0,1,0,1,0,0,7,55,3,1,1,0,2,1,2,0,2,40,0,0,0,0,,,0,0,0,0,0,0,0,0,0,0,0,0,,,,0,0,0,5,5,0,0,1,0,0,0,0,0,6,0,42,201,3,1,2,1,1,1,6,0,175
2005,16,ARI,REG,2005_16_PHI_ARI,PHI,27,38,294,2,1,2,-9,1,0,0,294,15,8.49864627115982,,0,11,5,4,1,32,75,0,0,0,2,-10.3706302846549,0,1,1,0,0,27,0,294,2,1,0,0,0,15,23.4953233312699,0,11,5,4,1,0,41,4,4,0,0,1,4,24,0,1,11,6,1,0,0,0,0,0,0,0,0,2,0,0,0,0,9,84,3,2,0,0,2,0,9,59,4,76,2,3,1,0,32,0.666666666666667,0,0,2,0,0,0,0,0,0,0,1,0,32;32,54,,64,54,0,3,3,0,0,1,0,0,0,0,0,8,0,59,386,2,0,1,1,1,5,55,0,311
2005,16,ATL,REG,2005_16_ATL_TB,TB,16,26,161,2,0,4,-34,0,0,0,161,10,2.31014574177052,,0,6,3,2,0,36,154,1,1,1,8,-4.43108261548672,0,3,2,0,0,16,0,161,2,0,0,0,0,10,15.502051572752,0,6,3,2,0,0,67,10,12,0,0,0,2,15,0,2,82,5,0,0,0,0,0,0,0,0,0,0,0,1,0,0,7,85,5,1,0,0,1,1,1,8,5,104,1,2,0,1,31,0.5,0,0,1,0,0,0,0,0,0,0,0,0,31,,28,31,0,28,3,3,0,0,1,0,0,0,0,0,7,0,53,314,3,1,0,0,0,6,55,0,259
2005,16,BAL,REG,2005_16_MIN_BAL,MIN,24,34,289,3,1,2,-10,0,0,0,289,17,19.3710952633143,,0,13,6,2,1,32,88,0,0,0,3,-8.81714747232963,0,2,1,0,0,24,0,289,3,0,0,0,0,17,31.3973643689848,0,13,6,2,1,0,36,10,10,0,0,1,3,28,0,0,0,4,0,0,0,0,0,0,0,0,0,0,0,1,0,0,7,35,5,1,0,0,1,1,0,0,5,84,3,3,0,0,38,1,1,0,2,0,0,0,0,0,0,0,0,0,37;38;19,,,94,0,0,3,3,0,0,1,0,0,0,0,0,2,0,55,103,0,1,0,0,0,1,16,0,87
2005,16,BUF,REG,2005_16_BUF_CIN,CIN,24,31,308,1,1,3,-20,1,0,0,308,14,16.5226967157964,,0,12,8,5,1,25,67,1,1,0,4,-4.55341672455703,0,1,1,0,0,24,0,308,1,0,0,0,0,14,26.0584310368699,0,12,8,5,1,1,48,0,18,0,0,0,2,13,0,2,88,4,1,0,0,0,0,0,0,0,0,1,-2,0,0,0,6,55,6,1,1,1,2,0,2,38,6,256,3,4,1,0,24,0.75,0,3,0,0,0,0,0,0,0,1,0,0,21;24;22,48,,67,48,0,4,4,0,0,1,0,0,0,0,0,1,0,52,52,1,0,0,0,1,0,0,0,52
2005,16,CAR,REG,2005_16_DAL_CAR,DAL,14,31,260,2,1,3,-13,3,1,0,260,9,-2.26902454196975,,0,8,7,4,1,24,71,0,0,0,4,-3.7276134279673,0,0,0,0,0,14,0,260,2,0,0,0,0,9,20.4844826896442,0,8,7,4,1,0,58,4,14,0,0,1,5,29,0,1,8,3,0,0,0,0,0,1,0,0,0,2,5,1,0,0,6,49,5,3,0,0,3,1,2,14,4,104,2,2,0,0,47,1,0,1,0,1,0,0,0,0,0,0,0,0,24;47,,,71,0,0,2,2,0,0,1,0,0,0,0,0,7,0,54,317,1,0,0,1,2,4,10,0,287
2005,16,CHI,REG,2005_16_CHI_GB,GB,11,23,166,1,1,1,-9,0,0,0,166,8,3.66897148540622,,0,6,4,3,1,33,135,1,0,0,6,-3.42501793242991,0,4,3,1,0,11,0,166,1,0,0,0,0,8,17.5997086268617,0,6,4,3,1,0,50,4,16,0,0,0,2,17,0,4,10,7,1,0,0,0,0,0,0,0,0,0,0,0,0,0,8,55,4,0,0,0,0,0,3,30,4,60,1,1,0,0,45,1,0,0,0,1,0,0,0,0,0,0,0,0,45,,,45,0,0,3,3,0,0,1,0,0,0,0,0,6,0,51,244,2,0,2,1,0,3,90,1,134
2005,16,CIN,REG,2005_16_BUF_CIN,BUF,27,38,283,2,2,2,-13,0,0,0,283,14,2.25194914436202,,0,9,4,3,1,23,104,1,0,0,8,2.3617278028396,0,4,3,0,0,27,0,283,2,0,0,0,0,14,22.3333701301913,0,9,4,3,1,0,41,3,31,0,0,1,3,20,0,1,0,3,0,0,0,0,0,0,0,0,0,0,0,0,0,0,3,15,3,0,0,0,0,0,0,0,7,125,2,2,0,0,31,1,0,1,1,0,0,0,0,0,0,0,0,0,31;27,,,58,0,0,3,3,0,0,1,0,0,0,0,0,2,0,49,88,0,0,0,0,0,2,38,0,50
2005,16,CLE,REG,2005_16_PIT_CLE,PIT,20,39,183,0,0,8,-60,3,1,0,183,8,-24.5396741838194,,0,6,3,3,0,19,55,0,1,0,4,-1.60405702824937,0,2,2,1,0,20,0,183,0,0,0,0,0,8,9.68451715967967,0,6,3,3,0,0,30,23,23,0,0,1,2,9,0,0,0,1,0,0,0,0,0,0,0,0,0,4,0,1,0,0,4,25,4,4,1,0,5,1,1,8,8,133,0,0,0,0,,,0,0,0,0,0,0,0,0,0,0,0,0,,,,0,0,0,0,0,0,0,,0,0,0,0,0,8,0,54,335,2,1,0,1,1,5,52,0,263
2005,16,DAL,REG,2005_16_DAL_CAR,CAR,15,23,209,1,1,5,-29,0,0,0,209,9,5.65144794024184,,0,9,6,2,1,41,214,2,1,0,10,2.50677429827132,0,5,4,1,1,15,0,209,1,0,0,0,0,9,19.9805631200434,0,9,6,2,1,0,42,2,10,0,0,3,3,13,0,1,6,8,0,1,0,0,0,0,0,0,0,2,-1,1,0,0,5,44,3,1,2,0,3,1,4,10,5,132,1,2,0,1,24,0.5,0,1,0,0,0,0,0,0,0,0,0,0,24,,32,24,0,32,3,3,0,0,1,0,0,0,0,0,7,0,63,340,1,0,2,2,0,2,14,0,286
2005,16,DEN,REG,2005_16_OAK_DEN,LV,19,29,268,0,1,2,-9,0,0,0,268,14,9.79021538483743,,0,13,8,4,0,40,155,2,0,0,10,-0.471251489187125,0,3,2,1,0,19,0,268,0,0,0,0,0,14,24.8178937890334,0,13,8,4,0,0,36,3,9,0,0,2,1,17,0,1,0,13,0,0,0,0,0,0,0,0,0,0,0,1,0,0,5,25,6,0,0,0,0,0,2,41,2,56,3,4,1,0,34,0.75,0,1,2,0,0,0,0,0,0,0,1,0,29;33;34,52,,96,52,0,1,1,0,0,1,0,0,0,0,0,2,0,55,85,1,0,1,0,0,1,12,0,73
2005,16,DET,REG,2005_16_DET_NO,NO,17,30,210,0,1,1,-2,0,0,0,210,9,-2.49075713476694,,0,6,4,4,2,24,71,0,0,0,5,-2.27372836979339,0,1,1,0,0,17,0,210,0,0,0,0,0,9,12.686772827203,0,6,4,4,2,0,47,0,8,0,0,2,1,7,0,0,0,3,0,0,0,0,0,0,0,0,0,0,0,1,21,1,11,65,4,0,0,0,0,0,1,0,5,150,2,2,0,0,39,1,0,1,1,0,0,0,0,0,0,0,0,0,21;39,,,60,0,0,1,1,0,0,1,1,1,0,0,39,6,0,55,279,4,0,2,0,0,4,64,0,215
2005,16,GB,REG,2005_16_CHI_GB,CHI,30,51,317,0,4,2,-17,0,0,0,317,15,-8.64718040362332,,0,11,4,4,1,21,65,1,0,0,5,-0.497392652265262,0,1,0,0,0,30,0,317,0,0,0,0,0,15,16.7273582783673,0,11,4,4,1,1,36,7,27,0,0,0,1,9,0,1,12,5,0,0,0,0,0,0,0,0,0,0,0,0,0,0,9,69,6,0,0,0,0,0,3,90,5,97,1,3,2,0,26,0.333333333333333,0,1,0,0,0,0,0,0,2,0,0,0,26,38;39,,26,77,0,2,2,0,0,1,0,0,0,0,0,3,0,41,120,0,0,0,0,0,3,30,0,90
2005,16,HOU,REG,2005_16_JAX_HOU,JAX,19,29,295,2,1,4,-32,1,0,0,295,13,6.25400743573207,,0,11,4,3,2,29,107,0,0,0,4,-5.39755872765782,0,3,1,0,0,19,0,295,2,0,0,0,0,13,25.9695157131646,0,11,4,3,2,0,38,14,22,0,0,2,3,16,0,0,0,8,0,0,0,0,0,0,0,0,0,1,0,0,0,0,7,40,3,1,0,0,1,0,1,8,4,53,2,4,2,0,53,0.5,0,0,1,0,1,0,0,0,1,1,0,0,37;53,38;48,,90,86,0,2,2,0,0,1,0,0,0,0,0,2,0,41,64,0,1,0,0,1,0,0,0,64
2005,16,IND,REG,2005_16_IND_SEA,SEA,31,43,353,1,0,2,-9,1,1,0,353,15,12.4228156880187,,0,12,6,5,1,23,43,0,0,0,5,-7.63338090607465,0,1,0,0,0,31,0,353,1,0,0,0,0,15,28.7897138813891,0,12,6,5,1,0,41,9,9,0,0,0,2,9,0,0,0,2,0,0,0,0,0,0,0,0,0,0,0,0,0,0,4,30,4,1,0,0,1,1,2,50,5,105,2,3,0,1,32,0.666666666666667,0,1,1,0,0,0,0,0,0,0,0,0,24;32,,31,56,0,31,1,1,0,0,1,0,0,0,0,0,3,0,43,115,3,0,0,0,3,0,0,0,115
2005,16,JAX,REG,2005_16_JAX_HOU,HOU,18,31,292,1,0,3,-16,2,0,0,292,14,7.99049718923525,,0,14,8,4,0,33,172,4,0,0,11,10.7510140041413,0,6,6,1,0,18,0,292,1,0,0,0,0,14,22.7476431684918,0,14,8,4,0,0,47,8,8,0,0,1,4,32,0,1,14,3,0,0,0,0,0,0,0,0,0,2,0,0,0,0,6,50,4,2,0,0,2,0,0,0,4,85,1,2,1,0,26,0.5,0,1,0,0,0,0,0,0,0,1,0,0,26,40,,26,40,0,5,5,0,0,1,0,0,0,0,0,2,0,52,98,2,0,1,0,0,1,8,0,90
2005,16,KC,REG,2005_16_SD_KC,LAC,19,35,207,2,0,2,-10,0,0,0,207,9,6.84473708837332,,0,8,3,2,1,37,144,1,1,0,9,-0.882023221813142,0,4,2,1,0,19,0,207,2,0,0,0,0,9,20.0523461039411,0,8,3,2,1,0,41,1,1,0,0,0,1,8,0,1,0,3,0,1,0,0,0,0,0,0,0,2,0,1,0,0,7,48,6,1,1,0,2,0,4,59,2,42,0,1,1,0,,0,0,0,0,0,0,0,0,0,0,0,1,0,,52,,0,52,0,2,3,1,0,0.666666666666667,0,0,0,0,0,5,0,42,153,1,1,1,0,1,2,3,0,150
2005,16,LA,REG,2005_16_SF_STL,SF,33,41,354,1,2,1,-9,0,0,0,354,17,8.52403305627513,,0,15,8,4,1,21,44,1,0,0,2,-8.76454081240809,0,0,0,0,0,33,0,354,1,0,0,0,0,17,22.5202941121436,0,15,8,4,1,0,36,14,14,0,0,1,5,27,0,0,0,3,0,0,0,0,0,0,0,0,0,1,0,0,0,0,4,24,5,1,0,0,1,0,4,43,4,78,2,2,0,0,51,1,0,0,0,0,2,0,0,0,0,0,0,0,50;51,,,101,0,0,2,2,0,0,1,0,0,0,0,0,3,0,50,133,1,0,0,1,1,1,13,0,100
2005,16,LAC,REG,2005_16_SD_KC,KC,18,33,161,1,1,1,-8,0,0,0,161,8,-8.56255539145786,,0,7,2,1,0,20,80,0,0,0,5,2.82331917644478,0,1,1,1,0,18,0,161,1,0,0,0,0,8,9.89354907919187,0,7,2,1,0,0,56,6,6,0,0,1,2,10,0,0,0,2,0,1,0,0,0,0,0,0,0,0,0,0,0,0,7,58,6,0,1,0,1,1,2,3,4,85,0,0,0,0,,,0,0,0,0,0,0,0,0,0,0,0,0,,,,0,0,0,1,1,0,0,1,0,0,0,0,0,6,0,49,245,1,0,2,0,0,4,59,0,186
2005,16,LV,REG,2005_16_OAK_DEN,DEN,17,41,178,0,1,1,-17,1,0,0,178,9,-7.85519833807743,,0,8,1,1,0,17,87,0,0,0,5,-0.228264307923382,0,3,1,0,0,17,0,178,0,0,0,0,0,9,15.8540487834252,0,8,1,1,0,0,54,7,13,0,0,0,2,9,0,1,2,3,0,0,0,0,0,0,0,0,0,1,0,0,0,0,6,41,4,2,0,0,2,1,1,12,5,115,1,1,0,0,43,1,0,0,0,1,0,0,0,0,0,0,0,0,43,,,43,0,0,0,0,0,0,,0,0,0,0,0,5,0,64,295,0,0,0,3,0,2,41,0,194
2005,16,MIA,REG,2005_16_TEN_MIA,TEN,14,30,151,2,1,3,-21,1,0,0,151,9,-3.32054829720472,,0,8,3,2,0,38,192,1,2,1,9,-4.71002390986541,0,6,4,1,0,14,0,151,2,0,0,0,0,9,14.51375324931,0,8,3,2,0,0,45,0,30,0,0,3,4,24,0,2,0,10,0,0,0,0,0,0,0,0,0,3,-20,1,0,0,4,30,2,1,3,0,4,1,5,28,3,78,1,1,0,0,25,1,0,1,0,0,0,0,0,0,0,0,0,0,25,,,25,0,0,3,3,0,0,1,0,0,0,0,0,9,0,63,395,2,0,1,0,0,8,25,0,370
2005,16,MIN,REG,2005_16_MIN_BAL,BAL,25,36,248,2,0,3,-28,1,1,0,248,13,6.31966249981568,,0,11,2,1,1,14,42,0,0,0,2,-4.89222175316536,0,2,2,1,0,25,0,248,2,0,0,0,0,13,20.1787748458155,0,11,2,1,1,0,42,19,19,0,0,1,2,10,0,1,11,4,0,0,0,0,0,0,0,0,0,0,0,1,0,0,6,50,5,1,0,0,1,1,1,16,5,94,3,3,0,0,46,1,0,0,1,2,0,0,0,0,0,0,0,0,36;40;46,,,122,0,0,2,2,0,0,1,0,0,0,0,0,4,0,44,122,2,1,1,0,2,0,0,0,122
2005,16,NE,REG,2005_16_NE_NYJ,NYJ,19,30,187,2,1,3,-17,0,0,0,187,11,0.450359300506024,,0,7,4,4,0,50,151,2,1,0,10,-0.319518911681371,0,1,0,0,0,19,0,187,2,0,0,0,0,11,20.6317551844108,0,7,4,4,0,0,17,13,13,0,0,1,4,32,0,1,15,3,0,0,0,0,0,0,0,0,0,1,-9,2,0,0,4,30,4,0,1,0,1,0,2,20,4,50,1,1,0,0,26,1,0,1,0,0,0,0,0,0,0,0,0,0,26,,,26,0,0,4,4,0,0,1,0,0,0,0,0,2,0,46,82,0,1,0,0,0,1,3,0,79
2005,16,NO,REG,2005_16_DET_NO,DET,21,38,233,0,0,1,-7,1,0,0,233,14,0.0144070596767165,,0,11,4,3,0,25,47,0,1,1,2,-13.6705397495385,0,0,0,0,0,21,0,233,0,0,0,0,0,14,15.9524641605094,0,11,4,3,0,0,41,5,9,0,0,0,1,2,0,1,0,5,0,0,0,0,0,0,0,0,0,1,0,0,0,0,4,17,1,2,0,0,2,1,4,64,3,53,4,4,0,0,47,1,0,1,2,1,0,0,0,0,0,0,0,0,35;47;33;20,,,135,0,0,0,0,0,0,,0,0,0,0,0,4,0,46,160,2,0,0,1,2,1,0,0,140
2005,16,NYG,REG,2005_16_NYG_WAS,WAS,23,42,244,1,1,1,-11,0,0,0,244,11,-4.73328305442481,,0,11,5,3,0,19,99,0,0,0,5,1.48560664430261,0,2,1,1,0,23,0,244,1,0,0,0,0,11,17.8869749325677,0,11,5,3,0,0,44,11,15,0,0,0,1,9,0,1,31,1,1,0,0,0,0,0,0,0,0,0,0,0,0,0,9,64,5,0,0,0,0,0,2,2,6,162,2,3,0,1,47,0.666666666666667,0,0,1,1,0,0,0,0,0,0,0,0,47;38,,29,85,0,29,2,2,0,0,1,0,0,0,0,0,3,0,49,130,0,0,0,1,1,1,5,0,105
2005,16,NYJ,REG,2005_16_NE_NYJ,NE,14,26,163,2,1,4,-32,1,1,0,163,7,-2.54348816612037,,0,9,5,3,0,10,40,0,0,0,1,-0.137257127906196,0,0,0,0,0,14,0,163,2,0,0,0,0,7,16.2672200238449,0,9,5,3,0,0,42,33,33,0,0,0,3,17,0,1,74,1,1,0,0,0,0,0,0,0,0,0,0,0,0,0,9,69,3,1,1,0,2,2,1,3,4,83,0,0,0,0,,,0,0,0,0,0,0,0,0,0,0,0,0,,,,0,0,0,3,3,0,0,1,0,0,0,0,0,4,0,59,174,0,0,0,0,2,2,20,0,154
2005,16,PHI,REG,2005_16_PHI_ARI,ARI,14,36,170,1,1,4,-24,1,0,0,170,7,-13.6596547029039,,0,8,4,3,0,17,43,2,0,0,2,-3.57980787203996,0,2,1,0,0,14,0,170,1,0,0,0,0,7,13.8242809466901,0,8,4,3,0,0,58,14,14,0,0,2,2,9,0,1,7,4,0,0,0,0,0,0,0,0,0,1,1,0,0,0,10,103,5,1,0,0,1,0,5,55,6,190,0,0,0,0,,,0,0,0,0,0,0,0,0,0,0,0,0,,,,0,0,0,3,3,0,0,1,0,0,0,0,0,10,0,56,501,4,0,0,0,1,9,59,0,442
2005,16,PIT,REG,2005_16_PIT_CLE,CLE,14,21,257,2,0,2,-9,0,0,0,257,12,18.1470712870401,,0,10,8,6,1,35,209,3,0,0,8,6.77201979483428,0,4,3,1,1,14,0,257,2,0,0,0,0,12,26.7348405338125,0,10,8,6,1,0,43,12,12,0,0,4,8,60,0,0,0,7,0,1,0,0,0,0,0,0,0,0,0,1,0,0,3,30,1,1,0,0,1,1,5,52,1,22,2,2,0,0,31,1,0,1,1,0,0,0,0,0,0,0,0,0,26;31,,,57,0,0,5,5,0,0,1,0,0,0,0,0,3,0,48,126,2,0,0,0,2,1,8,0,118
2005,16,SEA,REG,2005_16_IND_SEA,IND,17,21,168,2,0,2,-9,0,0,0,168,10,4.85512610724688,,0,9,3,0,0,30,173,2,0,0,10,7.92238160193665,0,7,5,1,0,17,0,168,2,0,0,0,0,10,11.0763032120492,0,9,3,0,0,0,45,16,16,0,0,1,2,9,0,0,0,4,0,0,0,0,0,1,0,0,0,0,0,1,18,0,5,30,2,0,0,0,0,0,0,0,4,114,0,1,1,0,,0,0,0,0,0,0,0,0,0,0,0,1,0,,57,,0,57,0,4,4,0,0,1,0,0,0,0,0,5,0,62,251,0,0,1,2,0,2,50,0,161
2005,16,SF,REG,2005_16_SF_STL,LA,12,16,131,0,0,5,-27,1,0,0,131,6,-3.51355709896556,,0,6,3,2,0,29,217,3,0,0,9,13.9003910818137,0,5,3,2,1,12,0,131,0,0,0,0,0,6,6.9741753976709,0,6,3,2,0,0,53,8,8,0,0,1,1,9,0,2,3,5,0,0,0,0,0,0,0,0,0,1,0,0,0,0,6,39,3,1,0,0,1,0,1,13,5,98,1,1,0,0,56,1,0,0,0,0,1,0,0,0,0,0,0,0,56,,,56,0,0,3,3,0,0,1,0,0,0,0,0,6,0,50,248,0,0,0,1,1,4,43,0,185
2005,16,TB,REG,2005_16_ATL_TB,ATL,29,42,285,2,2,2,-15,0,0,0,285,17,-0.801994085829211,,0,13,4,2,0,37,174,1,0,0,12,4.24271579924971,0,3,1,0,0,29,0,285,2,0,0,0,0,17,18.3754975893408,0,13,4,2,0,0,49,10,14,0,0,1,4,34,0,0,0,4,0,0,0,0,0,1,0,0,9,0,0,1,0,0,8,107,5,0,1,0,1,1,6,55,6,121,2,3,1,0,50,0.666666666666667,0,0,0,1,1,0,0,1,0,0,0,0,50;41,27,,91,27,0,3,3,0,0,1,1,1,0,0,41,5,0,54,216,3,1,0,1,2,1,8,0,188
2005,16,TEN,REG,2005_16_TEN_MIA,MIA,19,37,166,1,2,4,-24,2,1,0,166,6,-16.6544461023074,,0,4,1,1,1,25,92,0,0,0,4,-3.50778744704439,0,1,1,0,0,19,0,166,1,0,0,0,0,6,10.1073670643312,0,4,1,1,1,0,48,0,22,0,0,1,3,21,0,1,0,3,0,1,0,0,0,0,0,0,0,2,0,1,5,0,5,28,4,3,0,0,3,1,8,25,3,58,1,1,0,0,24,1,0,1,0,0,0,0,0,0,0,0,0,0,24,,,24,0,0,1,1,0,0,1,0,0,0,0,0,9,0,55,382,4,1,1,0,2,5,28,0,354
2005,16,WAS,REG,2005_16_NYG_WAS,NYG,13,19,233,4,1,1,-9,0,0,0,233,11,13.3959319518763,,0,7,4,2,2,43,156,1,0,0,8,-2.6626331344014,0,5,2,0,0,13,0,233,4,0,0,0,0,11,26.7502624662011,0,7,4,2,2,0,40,4,12,0,0,0,1,11,0,1,27,8,0,0,0,0,0,1,0,0,5,0,0,0,0,0,6,81,3,0,0,0,0,0,1,5,5,106,0,0,0,0,,,0,0,0,0,0,0,0,0,0,0,0,0,,,,0,0,0,5,5,0,0,1,0,0,0,0,0,5,0,49,221,3,0,3,0,0,2,2,0,219
2005,17,ARI,REG,2005_17_ARI_IND,IND,31,42,297,1,1,3,-13,0,0,0,297,14,2.22161866531443,,0,12,5,3,0,31,129,0,2,1,7,1.1109940087772,0,2,0,0,0,31,0,297,1,0,0,0,0,14,20.4290955176638,0,12,5,3,0,0,28,8,8,0,0,1,2,5,0,1,15,5,0,0,0,0,0,0,0,0,0,1,0,0,0,0,12,98,3,2,0,0,2,1,1,9,4,58,2,2,0,0,42,1,0,1,0,1,0,0,0,0,0,0,0,0,28;42,,,70,0,0,1,1,0,0,1,0,0,0,0,0,5,0,46,194,1,0,2,0,1,2,15,0,179
2005,17,ATL,REG,2005_17_CAR_ATL,CAR,24,37,225,1,1,5,-40,0,0,0,225,11,2.118927168653,,1,12,3,0,0,15,26,0,1,1,3,-14.3635710206581,0,0,0,0,0,24,0,225,1,1,1,0,0,11,14.9722644711584,1,12,3,0,0,0,45,8,8,0,0,0,1,6,0,0,0,5,0,1,0,0,0,0,0,0,0,0,0,0,0,0,7,70,2,2,1,0,3,3,2,15,8,181,1,1,0,0,29,1,0,1,0,0,0,0,0,0,0,0,0,0,29,,,29,0,0,0,0,0,0,,0,0,0,0,0,3,0,51,134,0,1,1,0,0,1,8,0,126
2005,17,BAL,REG,2005_17_BAL_CLE,CLE,15,36,151,0,2,2,-13,0,0,0,151,7,-13.158616256224,,0,6,2,2,0,32,129,0,1,1,5,-4.62819151052882,0,4,3,0,0,15,0,151,0,0,0,0,0,7,8.8756522188778,0,6,2,2,0,0,42,17,17,0,0,3,4,21,0,2,50,4,0,0,0,0,0,0,0,0,0,1,-12,1,9,1,8,64,5,1,1,0,2,1,6,30,4,44,3,3,0,0,43,1,0,1,1,1,0,0,0,0,0,0,0,0,21;43;31,,,95,0,0,1,1,0,0,1,0,0,0,0,0,8,0,58,359,1,0,0,1,1,6,91,1,248
2005,17,BUF,REG,2005_17_BUF_NYJ,NYJ,23,37,184,2,4,2,-12,1,0,0,184,11,-11.9389638732108,,0,7,3,2,0,30,159,0,0,0,9,4.96352247608593,0,3,3,1,0,23,0,184,2,0,0,0,0,11,15.8429425682641,0,7,3,2,0,0,37,11,11,0,0,0,4,27,0,0,0,1,0,1,0,0,0,0,0,0,0,3,0,0,0,0,3,30,6,2,1,0,3,0,2,26,7,151,4,4,0,0,52,1,0,2,1,0,1,0,0,0,0,0,0,0,21;24;52;36,,,133,0,0,2,2,0,0,1,0,0,0,0,0,1,0,48,48,1,0,1,0,0,0,0,0,48
2005,17,CAR,REG,2005_17_CAR_ATL,ATL,16,25,180,2,0,1,-6,0,0,0,180,7,11.1718278488162,,0,7,3,2,1,38,229,2,0,0,13,5.25018748990083,0,9,5,2,1,16,0,180,2,0,0,0,0,7,19.652115424794,0,7,3,2,1,0,47,5,5,0,0,2,5,40,0,1,0,6,0,0,0,0,0,0,0,0,0,0,0,3,11,1,6,55,3,0,0,0,0,0,1,8,2,28,3,3,0,0,41,1,1,0,1,1,0,0,0,0,0,0,0,0,19;41;34,,,94,0,0,5,5,0,0,1,0,0,0,0,0,3,0,53,112,2,0,0,0,1,2,15,0,97
2005,17,CHI,REG,2005_17_CHI_MIN,MIN,14,23,121,1,0,3,-24,0,0,0,121,6,2.02261964557692,,0,4,3,1,0,33,154,0,1,0,7,-5.10282126547191,0,4,3,2,0,14,0,121,1,1,0,0,0,6,14.7229386087856,0,4,3,1,0,0,30,4,18,0,0,0,0,0,0,0,0,3,0,0,0,0,0,0,0,0,-1,1,-1,0,0,0,8,45,3,0,2,1,2,0,1,12,7,148,1,1,0,0,22,1,0,1,0,0,0,0,0,0,0,0,0,0,22,,,22,0,0,1,1,0,0,1,0,0,0,0,0,4,1,44,146,2,2,0,0,2,0,0,0,146
2005,17,CIN,REG,2005_17_CIN_KC,KC,18,32,130,0,2,1,-6,0,0,0,130,7,-10.9057028436509,,0,6,2,1,0,22,37,0,0,0,3,-3.74033293299927,0,0,0,0,0,18,0,130,0,0,0,0,0,7,8.15438280609669,0,6,2,1,0,0,47,6,6,0,0,1,2,9,0,0,0,1,0,0,0,0,0,0,0,0,0,0,0,1,0,0,6,50,3,0,0,0,0,0,1,10,8,167,1,1,0,0,49,1,0,0,0,1,0,0,0,0,0,0,0,0,49,,,49,0,0,0,0,0,0,,0,0,0,0,0,7,0,61,346,2,0,0,1,2,4,34,0,292
2005,17,CLE,REG,2005_17_BAL_CLE,BAL,22,38,199,1,2,4,-21,1,1,0,199,10,-18.2803616975733,,0,6,3,2,0,23,54,0,1,0,2,-8.9626542556216,0,2,2,0,0,22,0,199,1,0,0,0,0,10,12.8367464653543,0,6,3,2,0,1,32,26,26,0,0,1,2,13,0,2,50,10,0,0,0,0,0,0,0,0,0,2,11,1,0,0,9,64,5,3,0,0,3,1,6,91,5,128,2,2,0,0,39,1,0,1,1,0,0,0,0,0,0,0,0,0,21;39,,,60,0,0,2,2,0,0,1,0,0,0,0,0,8,0,51,325,1,1,0,1,0,6,30,0,275
2005,17,DAL,REG,2005_17_STL_DAL,LA,18,39,242,1,2,5,-28,1,1,0,242,11,-8.00425544719685,,0,12,9,4,0,22,57,0,1,0,2,-8.10720016036066,0,1,1,1,0,18,0,242,1,1,1,0,0,11,18.4154066836054,0,12,9,4,0,0,54,0,8,0,0,0,2,11,0,0,0,3,0,1,0,0,0,0,0,0,0,2,0,0,0,0,10,78,6,4,1,1,5,2,5,28,5,143,1,2,1,0,22,0.5,0,1,0,0,0,0,0,0,0,1,0,0,22,47,,22,47,0,1,1,0,0,1,0,0,0,0,0,6,0,45,223,3,0,1,0,2,3,23,0,200
2005,17,DEN,REG,2005_17_DEN_SD,LAC,10,22,98,0,0,2,-14,1,0,0,98,5,-6.5528486193507,,0,5,2,2,0,40,157,3,0,0,12,6.92614088975562,0,4,3,0,0,10,0,98,0,0,0,0,0,5,5.79471368424129,0,5,2,2,0,0,45,10,10,0,0,3,6,38,0,1,48,6,0,0,1,0,0,0,0,0,0,1,0,1,0,0,4,22,1,1,0,0,1,0,3,17,3,53,0,1,1,0,,0,0,0,0,0,0,0,0,1,0,0,0,0,,28,,0,28,0,3,3,0,0,1,0,0,0,0,0,7,0,57,319,2,0,1,0,1,5,42,0,277
2005,17,DET,REG,2005_17_DET_PIT,PIT,17,33,212,3,0,1,-9,0,0,0,212,12,12.2265822221525,,0,8,4,2,1,25,105,0,1,0,3,-0.536944375431631,0,1,1,0,0,17,0,212,3,1,1,0,0,12,24.8620916769723,0,8,4,2,1,0,34,9,29,0,0,0,1,3,0,2,22,3,0,1,0,0,0,0,0,0,0,1,0,0,0,0,5,47,3,3,0,0,3,2,2,1,6,126,0,0,0,0,,,0,0,0,0,0,0,0,0,0,0,0,0,,,,0,0,0,3,3,0,0,1,0,0,0,0,0,6,0,47,235,2,1,0,0,3,2,79,1,156
2005,17,GB,REG,2005_17_SEA_GB,SEA,21,37,259,1,1,3,-13,1,1,0,259,12,7.38649078755397,,0,13,2,2,1,33,68,1,0,0,5,-7.95005496119848,0,2,0,0,0,21,0,259,1,0,0,0,0,12,25.646928747856,0,13,2,2,1,0,47,8,12,0,0,1,4,27,0,1,8,3,0,0,0,0,0,0,0,0,0,0,0,1,0,0,7,50,1,1,1,0,2,2,3,-5,3,63,3,3,0,0,32,1,0,2,1,0,0,0,0,0,0,0,0,0,26;32;28,,,86,0,0,2,2,0,0,1,0,0,0,0,0,3,0,42,98,0,1,0,0,1,1,12,0,86
2005,17,HOU,REG,2005_17_HOU_SF,SF,18,36,196,1,2,0,0,0,0,0,196,8,-11.6881329694361,,0,9,4,3,0,25,88,1,0,0,5,1.33008651668206,0,1,0,0,0,18,0,196,1,0,0,0,0,8,15.050336866756,0,9,4,3,0,0,54,0,34,0,0,0,3,17,0,1,0,6,0,0,0,1,0,0,0,0,0,0,0,0,0,0,8,74,3,0,0,0,0,0,3,27,4,89,1,2,1,0,21,0.5,0,1,0,0,0,0,0,0,1,0,0,0,21,31,,21,31,0,2,2,0,0,1,0,0,0,0,0,7,0,44,280,5,0,4,0,1,2,21,0,259
2005,17,IND,REG,2005_17_ARI_IND,ARI,22,33,212,2,1,2,-5,1,0,0,212,10,-3.471919309474,,0,8,5,1,0,10,11,0,0,0,0,-2.04021861869842,0,0,0,0,0,22,0,212,2,0,0,0,0,10,13.5829657949992,0,8,5,1,0,0,44,25,27,0,0,2,3,13,0,1,16,6,0,0,0,0,0,0,0,0,0,1,0,1,0,0,7,50,5,1,0,0,1,0,2,15,4,65,1,1,0,0,44,1,0,0,0,1,0,0,0,0,0,0,0,0,44,,,44,0,0,2,2,0,0,1,0,0,0,0,0,5,0,58,232,3,0,1,1,2,1,9,0,203
2005,17,JAX,REG,2005_17_TEN_JAX,TEN,19,31,234,2,0,3,-21,2,1,0,234,14,10.3405783931791,,0,12,4,3,0,35,122,3,0,0,6,-0.553154012013692,0,2,2,1,0,19,0,234,2,0,0,0,0,14,23.3652210610453,0,12,4,3,0,0,42,5,13,0,0,2,1,8,0,1,9,6,0,0,0,0,0,0,0,0,0,1,0,1,0,0,7,50,1,2,0,0,2,1,3,31,2,53,2,2,0,0,46,1,0,0,1,1,0,0,0,0,0,0,0,0,46;38,,,84,0,0,4,5,1,0,0.8,0,0,0,0,0,3,0,40,116,1,1,0,0,0,2,2,0,114
2005,17,KC,REG,2005_17_CIN_KC,CIN,23,29,344,1,0,2,-9,0,0,0,344,13,17.1771489407743,,0,15,8,5,1,32,202,3,2,1,9,5.63110486443333,0,6,5,3,1,23,0,344,1,0,0,0,0,13,23.7160689768257,0,15,8,5,1,0,39,11,11,0,0,0,1,6,0,2,16,8,0,0,0,0,0,0,0,0,0,1,-6,0,0,0,9,80,3,1,1,0,2,1,4,34,1,22,3,3,0,0,39,1,0,2,1,0,0,0,0,0,0,0,0,0,39;24;23,,,86,0,0,4,4,0,0,1,0,0,0,0,0,2,0,51,99,0,0,0,0,1,1,10,0,89
2005,17,LA,REG,2005_17_STL_DAL,DAL,19,32,158,0,0,2,-11,0,0,0,158,9,-1.35190763046885,,0,7,3,1,0,33,106,2,0,0,6,-3.36671835456657,0,4,3,0,0,19,0,158,0,0,0,0,0,9,12.1135308649391,0,7,3,1,0,0,44,1,11,0,0,4,5,28,0,2,61,3,0,0,0,0,0,0,0,0,0,0,0,2,0,0,7,40,2,0,0,0,0,0,3,23,2,48,2,4,2,0,49,0.5,0,1,0,1,0,0,0,1,0,0,1,0,49;20,27;53,,69,80,0,2,2,0,0,1,0,0,0,0,0,6,0,45,240,0,1,0,0,0,5,28,0,212
2005,17,LAC,REG,2005_17_DEN_SD,DEN,20,36,183,0,1,6,-38,3,1,0,183,9,-21.0002555115498,,0,10,1,1,0,20,91,1,0,0,4,0.191980304778554,0,3,3,1,0,20,0,183,0,0,0,0,0,9,8.85661232005805,0,10,1,1,0,0,34,20,20,0,0,1,2,14,0,0,0,7,0,0,0,0,0,0,0,0,0,1,0,0,0,0,8,70,3,3,0,0,3,1,5,42,4,87,0,0,0,0,,,0,0,0,0,0,0,0,0,0,0,0,0,,,,0,0,0,1,1,0,0,1,0,0,0,0,0,7,0,56,311,3,1,2,1,0,3,17,0,274
2005,17,LV,REG,2005_17_NYG_OAK,NYG,26,48,331,3,0,3,-31,1,0,0,331,19,8.34292392674252,,0,14,6,4,1,17,25,0,0,0,0,-11.1875962693593,0,0,0,0,0,26,0,331,3,0,0,0,0,19,29.3076388820773,0,14,6,4,1,0,39,14,14,0,0,1,2,13,0,0,0,5,0,0,0,0,0,0,0,0,0,1,0,0,0,0,8,54,5,1,0,0,1,0,3,9,7,154,0,0,0,0,,,0,0,0,0,0,0,0,0,0,0,0,0,,,,0,0,0,3,3,0,0,1,0,0,0,0,0,9,0,57,421,4,0,1,1,1,6,98,0,303
2005,17,MIA,REG,2005_17_MIA_NE,NE,22,35,239,1,0,2,-9,0,0,0,239,14,13.5323618853149,,0,11,4,2,0,40,148,1,0,0,9,-0.214080044086955,0,0,0,0,0,22,0,239,1,0,0,0,0,14,26.6119051598944,0,11,4,2,0,0,36,8,8,0,0,1,1,1,0,1,0,4,0,0,1,0,0,0,0,0,0,0,0,0,0,0,9,77,3,0,0,0,0,0,2,18,4,69,4,4,0,0,42,1,0,0,2,2,0,0,0,0,0,0,0,0,36;38;41;42,,,157,0,0,2,2,0,0,1,0,0,0,0,0,4,0,42,155,3,0,2,0,1,1,6,0,149
2005,17,MIN,REG,2005_17_CHI_MIN,CHI,27,40,247,2,0,0,0,0,0,0,247,12,6.88721056133743,,0,10,3,1,0,18,149,2,0,0,10,10.7274950927822,0,4,3,2,1,27,0,247,2,0,0,0,0,12,14.9458813253441,0,10,3,1,0,0,46,6,14,0,0,0,3,24,0,0,0,2,0,0,0,1,0,0,0,0,0,0,0,0,0,0,7,45,3,0,0,0,0,0,0,0,2,47,2,2,0,0,54,1,0,1,0,0,1,0,0,0,0,0,0,0,54;27,,,81,0,0,4,4,0,0,1,0,0,0,0,0,3,0,44,112,2,0,0,0,2,1,12,0,100
2005,17,NE,REG,2005_17_MIA_NE,MIA,14,28,205,3,1,1,-1,1,0,0,205,9,4.55009398404278,,0,8,6,3,0,28,55,0,1,0,5,-2.9349638960653,0,1,0,0,0,14,0,205,3,0,0,0,0,9,18.4861782381632,0,8,6,3,0,0,58,9,9,0,0,0,2,9,0,0,0,2,0,0,0,0,0,0,0,0,0,1,-1,0,0,0,6,45,6,1,1,1,2,0,1,6,6,196,2,2,0,0,49,1,0,0,1,1,0,0,0,0,0,0,0,0,49;33,,,82,0,0,2,2,0,0,1,0,0,0,0,0,4,0,50,166,1,0,0,0,2,2,18,0,148
2005,17,NO,REG,2005_17_NO_TB,TB,25,37,265,1,2,4,-30,1,1,0,265,14,-5.8601580574248,,0,13,5,3,0,23,71,0,0,0,1,-3.95694024453405,0,1,1,0,0,25,0,265,1,0,0,0,0,14,20.5815771475318,0,13,5,3,0,0,37,7,7,0,0,1,1,7,0,0,0,9,0,0,0,0,0,0,0,0,0,0,0,0,0,0,7,53,4,1,0,0,1,1,3,32,5,80,2,2,0,0,25,1,0,2,0,0,0,0,0,0,0,0,0,0,25;24,,,49,0,0,1,1,0,0,1,0,0,0,0,0,3,0,60,141,0,0,0,0,1,2,24,0,117
2005,17,NYG,REG,2005_17_NYG_OAK,LV,12,24,204,1,0,2,-13,1,0,0,204,7,3.56577066351591,,0,6,6,3,1,34,211,2,0,0,6,9.06248979642423,0,2,1,1,1,12,0,204,1,0,0,0,0,7,17.3858058814658,0,6,6,3,1,0,46,7,7,0,0,1,3,31,0,0,0,4,0,0,0,0,0,0,0,0,0,1,0,0,0,0,9,70,2,1,0,0,1,0,6,98,4,75,3,3,0,0,46,1,0,1,1,1,0,0,0,0,0,0,0,0,25;38;46,,,109,0,0,3,3,0,0,1,0,0,0,0,0,6,0,47,234,2,1,1,0,1,3,9,0,225
2005,17,NYJ,REG,2005_17_BUF_NYJ,BUF,11,20,153,0,0,4,-27,0,0,0,153,4,-3.50397571236527,,0,4,3,2,2,27,81,1,0,0,7,-0.74619034526404,0,1,0,0,0,11,0,153,0,0,0,0,0,4,10.3934851714293,0,4,3,2,2,1,43,19,19,0,0,2,2,12,0,4,89,8,1,0,0,0,0,0,0,0,0,0,0,0,0,0,6,40,2,0,0,0,0,0,0,0,7,250,3,4,1,0,49,0.75,0,1,1,1,0,0,0,0,0,1,0,0,49;25;34,43,,108,43,0,3,3,0,0,1,0,0,0,0,0,4,0,51,161,0,0,0,1,1,2,26,0,115
2005,17,PHI,REG,2005_17_WAS_PHI,WAS,21,42,261,2,2,4,-22,1,1,0,261,12,-11.4007808730981,,0,11,5,5,1,25,96,0,2,1,5,-5.18073274788912,0,2,0,0,0,21,0,261,2,1,1,0,0,12,17.9194269887812,0,11,5,5,1,0,51,0,2,0,0,0,1,13,0,1,0,14,0,1,0,0,0,0,0,0,0,1,-5,0,0,0,5,45,5,3,2,0,5,4,5,9,5,95,2,2,0,0,49,1,0,0,1,1,0,0,0,0,0,0,0,0,49;35,,,84,0,0,2,2,0,0,1,0,0,0,0,0,6,0,50,264,2,0,1,1,2,2,12,0,232
2005,17,PIT,REG,2005_17_DET_PIT,DET,7,16,135,0,2,1,-3,0,0,0,135,5,-1.98042363254353,,0,5,3,2,2,44,199,4,0,0,13,9.86827561404789,0,4,4,1,0,7,0,135,0,0,0,0,0,5,8.74427996855229,0,5,3,2,2,1,31,14,24,0,0,3,1,9,0,0,0,8,0,0,0,0,0,0,0,0,0,0,0,2,0,0,2,15,0,0,0,0,0,0,2,79,4,123,0,0,0,0,,,0,0,0,0,0,0,0,0,0,0,0,0,,,,0,0,0,5,5,0,0,1,0,0,0,0,0,4,0,48,164,2,0,0,0,2,2,1,0,163
2005,17,SEA,REG,2005_17_SEA_GB,GB,15,25,174,1,1,4,-27,0,0,0,174,10,-3.6082468228638,,0,8,4,3,0,30,98,1,2,1,5,-5.41057353827637,0,3,3,0,0,15,0,174,1,0,0,0,0,10,14.3017339860448,0,8,4,3,0,0,45,14,16,0,0,1,2,9,0,1,0,7,0,0,0,0,0,0,0,0,0,1,-2,2,0,0,5,58,5,1,1,0,2,1,1,12,6,82,1,1,0,0,44,1,0,0,0,1,0,0,0,0,0,0,0,0,44,,,44,0,0,2,2,0,0,1,0,0,0,0,0,6,0,45,222,3,0,2,0,1,3,-5,0,227
2005,17,SF,REG,2005_17_HOU_SF,HOU,16,29,159,1,1,3,-17,0,0,0,159,7,-7.41795121668014,,0,7,1,1,0,47,182,0,1,0,9,-5.71684532653369,0,4,3,1,0,16,0,159,1,0,0,0,0,7,9.94921040802728,0,7,1,1,0,0,33,0,28,0,0,0,0,0,0,2,71,6,1,0,0,0,0,0,0,0,-1,1,-8,0,0,0,5,32,6,0,1,0,1,0,2,21,4,66,2,2,0,0,42,1,0,0,1,1,0,0,0,0,0,0,0,0,42;33,,,75,0,0,2,2,0,0,1,1,1,0,0,33,9,1,47,312,1,2,3,1,0,3,27,0,265
2005,17,TB,REG,2005_17_NO_TB,NO,12,25,143,2,0,1,-7,0,0,0,143,10,2.52589240238838,,0,5,4,4,0,26,149,0,2,0,3,0.0442413652490359,0,2,2,1,1,12,0,143,2,0,0,0,0,10,14.8147127397242,0,5,4,4,0,0,35,21,25,0,0,1,4,30,0,2,18,2,0,0,0,0,0,0,0,0,0,2,-1,1,34,1,10,107,4,1,1,0,2,0,2,24,3,85,2,2,0,0,46,1,0,1,0,1,0,0,0,0,0,0,0,0,46;26,,,72,0,0,3,3,0,0,1,0,0,0,0,0,6,0,53,276,1,0,1,0,2,3,32,0,244
2005,17,TEN,REG,2005_17_TEN_JAX,JAX,21,39,179,2,1,1,-8,0,0,0,179,9,-8.19112000649329,,0,7,1,0,0,22,99,0,1,1,5,-2.34362871566555,0,2,2,0,0,21,0,179,2,1,0,0,0,9,16.2690262973774,0,7,1,0,0,0,53,3,5,0,0,2,3,21,0,0,0,3,0,0,0,0,0,0,0,0,0,0,0,1,0,0,18,140,1,2,0,1,2,1,2,2,7,184,0,0,0,0,,,0,0,0,0,0,0,0,0,0,0,0,0,,,,0,0,0,1,2,1,0,0.5,0,0,0,0,0,5,0,56,240,1,0,0,1,1,3,31,0,189
2005,17,WAS,REG,2005_17_WAS_PHI,PHI,9,25,141,1,1,1,-13,0,0,0,141,5,-6.21064977386534,,0,3,3,2,2,36,151,2,0,0,8,2.5662426300114,0,5,4,1,0,9,0,141,1,0,0,0,0,5,12.0036093895324,0,3,3,2,2,0,53,0,6,0,0,3,4,22,0,2,8,19,0,0,0,0,0,0,0,0,0,0,0,4,39,1,7,60,1,0,0,0,0,0,2,12,5,103,1,1,0,0,25,1,0,1,0,0,0,0,0,0,0,0,0,0,25,,,25,0,0,4,4,0,0,1,0,0,0,0,0,10,0,52,410,1,0,1,1,3,5,9,0,381
2005,18,CAR,POST,2005_18_CAR_NYG,NYG,15,22,140,1,0,4,-28,1,0,0,140,9,2.68543134543808,,0,6,3,3,0,45,223,1,0,0,13,5.4511994615167,0,8,5,1,0,15,0,140,1,0,0,0,0,9,13.9639215488569,0,6,3,3,0,0,23,10,10,0,0,1,4,22,0,3,5,5,0,0,0,0,0,0,0,0,0,1,0,2,0,0,7,52,3,1,0,0,1,0,0,0,1,17,3,3,0,0,45,1,1,0,1,1,0,0,0,0,0,0,0,0,31;45;18,,,94,0,0,2,2,0,0,1,0,0,0,0,0,4,0,42,151,2,0,1,1,0,2,5,0,126
2005,18,CIN,POST,2005_18_PIT_CIN,PIT,25,41,263,1,2,4,-20,1,0,0,263,13,4.04821409229055,,0,8,4,4,1,20,84,1,0,0,4,-2.88111282378668,0,3,3,1,0,25,0,263,1,0,0,0,0,13,21.7287214890458,0,8,4,4,1,0,40,0,18,0,0,0,1,6,0,0,0,2,0,0,0,0,0,0,0,0,0,2,-19,0,0,0,7,90,5,0,2,0,2,0,2,15,6,127,1,1,0,0,23,1,0,1,0,0,0,0,0,0,0,0,0,0,23,,,23,0,0,2,2,0,0,1,0,0,0,0,0,3,0,51,131,0,0,1,0,0,2,21,0,110
2005,18,JAX,POST,2005_18_JAX_NE,NE,21,39,247,0,1,6,-42,0,0,0,247,14,-10.9550517967996,,0,14,4,2,1,17,87,0,2,1,1,-6.38211636000779,0,2,1,0,0,21,0,247,0,0,0,0,0,14,19.6599755145726,0,14,4,2,1,0,38,10,10,0,0,2,4,12,0,0,0,2,0,0,0,0,0,0,0,0,0,1,-8,0,0,0,8,40,3,1,1,0,2,1,3,12,5,108,1,2,1,0,36,0.5,0,0,1,0,0,0,0,0,0,1,0,0,36,41,,36,41,0,0,0,0,0,,0,0,0,0,0,5,0,46,209,1,1,0,0,0,4,31,0,178
2005,18,NE,POST,2005_18_JAX_NE,JAX,15,27,201,3,0,4,-12,1,0,0,201,10,8.8604826516239,,0,8,4,3,1,28,118,0,0,0,6,-3.16055414138827,0,3,3,0,0,15,0,201,3,1,0,0,0,10,21.1086029788712,0,8,4,3,1,0,39,11,13,0,0,1,6,42,0,1,73,5,1,1,0,0,0,0,0,0,0,3,0,1,0,0,4,32,5,2,2,1,4,0,4,31,2,36,0,0,0,0,,,0,0,0,0,0,0,0,0,0,0,0,0,,,,0,0,0,4,4,0,0,1,0,0,0,0,0,5,0,46,196,2,0,1,0,1,3,12,0,184
2005,18,NYG,POST,2005_18_CAR_NYG,CAR,10,18,113,0,3,4,-22,1,1,0,113,6,-15.0903464851435,,0,6,2,1,0,13,41,0,0,0,1,-3.05642984592123,0,0,0,0,0,10,0,113,0,0,0,0,0,6,7.64757019217359,0,6,2,1,0,0,37,29,29,0,0,1,4,28,0,0,0,3,0,1,0,0,0,0,0,0,0,0,0,0,0,0,2,15,3,1,1,0,2,2,2,5,6,122,0,0,0,0,,,0,0,0,0,0,0,0,0,0,0,0,0,,,,0,0,0,0,0,0,0,,0,0,0,0,0,4,0,49,155,2,2,1,1,0,0,0,0,135
2005,18,PIT,POST,2005_18_PIT_CIN,CIN,14,21,208,3,0,1,-6,0,0,0,208,8,14.1649633425845,,0,6,3,2,2,34,144,1,0,0,9,1.63706829561852,0,3,3,2,0,14,0,208,3,0,0,0,0,8,20.0851689095725,0,6,3,2,2,0,44,0,20,0,0,0,3,16,0,2,31,7,0,0,0,0,0,0,0,0,0,0,0,0,0,0,6,39,2,0,0,0,0,0,2,21,4,94,1,1,0,0,21,1,0,1,0,0,0,0,0,0,0,0,0,0,21,,,21,0,0,4,4,0,0,1,0,0,0,0,0,3,0,49,141,1,0,0,1,0,2,15,0,106
2005,18,TB,POST,2005_18_WAS_TB,WAS,25,38,198,0,2,3,-30,0,0,0,198,11,-16.654427665181,,0,7,3,2,0,25,75,1,1,1,4,-9.0206388020888,0,0,0,0,0,25,0,198,0,1,0,0,0,11,10.4848048771265,0,7,3,2,0,0,28,16,20,0,0,2,2,16,0,1,3,4,0,1,0,0,0,0,0,0,0,1,0,0,0,0,3,30,4,2,1,1,3,1,4,37,4,96,1,1,0,0,43,1,0,0,0,1,0,0,0,0,0,0,0,0,43,,,43,0,0,1,1,0,0,1,0,0,0,0,0,5,0,45,197,3,0,1,0,1,3,19,0,178
2005,18,WAS,POST,2005_18_WAS_TB,TB,7,16,41,0,1,2,-16,0,0,0,41,4,-9.65631871682126,,0,3,0,0,0,31,95,1,0,0,5,-4.52272826714116,0,1,0,0,0,7,0,41,0,1,0,0,0,4,4.34753359179013,0,3,0,0,0,0,38,21,25,0,0,2,3,30,0,2,34,8,0,2,0,0,0,0,0,0,0,3,51,1,7,1,4,30,2,2,1,0,3,0,3,19,3,55,1,1,0,0,47,1,0,0,0,1,0,0,0,0,0,0,0,0,47,,,47,0,0,2,2,0,0,1,0,0,0,0,0,7,0,51,268,2,1,0,1,1,4,37,0,211
2005,19,CAR,POST,2005_19_CAR_CHI,CHI,24,33,319,3,1,1,-8,1,0,0,319,14,15.4527575588242,,0,11,6,6,2,31,123,0,1,0,6,-4.82314864542245,0,3,2,1,0,24,0,319,3,0,0,0,0,14,29.740285862909,0,11,6,6,2,0,41,9,9,0,0,0,1,7,0,1,1,8,0,0,0,0,0,0,0,0,0,3,0,0,0,0,9,50,3,2,1,0,3,0,2,-1,4,100,3,3,0,0,38,1,0,1,2,0,0,0,0,0,0,0,0,0,20;38;37,,,95,0,0,2,3,1,0,0.666666666666667,0,0,0,0,0,5,0,47,206,3,0,2,1,0,2,1,0,185
2005,19,CHI,POST,2005_19_CAR_CHI,CAR,17,41,192,1,1,1,-7,0,0,0,192,11,-6.90824379445985,,0,9,7,3,0,27,97,2,0,0,6,4.21715257584583,0,2,2,1,0,17,0,192,1,0,0,0,0,11,13.3924567869399,0,9,7,3,0,0,48,11,11,0,0,2,1,8,0,1,20,3,0,0,0,0,0,0,0,0,0,0,0,0,0,0,4,19,5,0,0,0,0,0,2,1,6,132,0,0,0,0,,,0,0,0,0,0,0,0,0,0,0,0,0,,,,0,0,0,3,3,0,0,1,0,0,0,0,0,7,0,54,246,0,2,3,0,0,2,-1,0,247
2005,19,DEN,POST,2005_19_NE_DEN,NE,15,26,197,1,1,2,-7,0,0,0,197,9,0.317001024352446,,0,9,4,2,1,32,96,2,0,0,6,-4.88095704894914,0,1,1,0,0,15,0,197,1,0,0,0,0,9,15.3424681169563,0,9,4,2,1,0,38,7,13,0,0,2,0,0,0,2,105,5,0,1,0,0,0,0,0,0,0,0,0,3,0,0,4,24,6,1,0,1,1,0,1,10,4,73,2,2,0,0,50,1,0,0,1,0,1,0,0,0,0,0,0,0,50;34,,,84,0,0,3,3,0,0,1,0,0,0,0,0,6,0,58,274,3,0,1,0,1,4,37,0,237
2005,19,IND,POST,2005_19_PIT_IND,PIT,22,38,290,1,0,5,-43,0,0,0,290,11,-0.598486447743288,,1,10,7,7,1,14,58,1,0,0,4,-1.00268144741335,0,2,1,0,0,22,0,290,1,0,0,0,0,11,22.1434004727781,1,10,7,7,1,0,36,22,22,0,0,1,2,14,0,1,5,6,0,1,0,0,0,0,0,0,0,1,0,1,35,0,9,67,5,0,1,0,1,0,2,-2,3,52,1,2,1,0,20,0.5,0,1,0,0,0,0,0,0,0,1,0,0,20,46,,20,46,0,1,1,0,0,1,0,0,0,0,0,6,0,52,272,1,0,0,0,1,5,50,0,222
2005,19,NE,POST,2005_19_NE_DEN,DEN,20,36,341,1,2,0,0,0,0,0,341,12,2.45168823920945,,0,10,6,5,2,21,79,0,1,1,3,-4.95598761929432,0,2,1,0,0,20,0,341,1,0,0,0,0,12,27.025796526752,0,10,6,5,2,0,43,8,10,0,0,1,2,7,0,1,0,4,0,1,0,0,0,0,0,0,0,0,0,0,0,0,8,82,5,2,1,0,3,3,4,37,6,150,2,3,1,0,40,0.666666666666667,0,0,1,1,0,0,0,0,0,1,0,0,40;32,43,,72,43,0,1,1,0,0,1,0,0,0,0,0,3,0,50,146,0,0,0,0,2,1,10,0,136
2005,19,PIT,POST,2005_19_PIT_IND,IND,14,24,197,2,1,2,-14,0,0,0,197,8,5.13800631061895,,0,8,5,2,1,42,112,1,1,1,10,-6.98227993596811,0,2,1,0,0,14,0,197,2,0,0,0,0,8,21.4000451426837,0,8,5,2,1,0,28,17,19,0,0,0,5,43,0,0,0,4,0,0,0,0,0,0,0,0,0,0,0,0,0,0,2,8,1,1,0,0,1,1,5,50,3,55,0,0,0,0,,,0,0,0,0,0,0,0,0,0,0,0,0,,,,0,0,0,3,3,0,0,1,0,0,0,0,0,5,0,50,208,3,0,1,1,1,2,-2,0,190
2005,19,SEA,POST,2005_19_WAS_SEA,WAS,16,26,215,1,0,0,0,0,0,0,215,8,8.2870291210972,,0,7,5,4,0,33,119,1,2,1,6,-5.74029758708213,0,1,1,1,0,16,0,215,1,0,0,0,0,8,15.92959915401,0,7,5,4,0,0,36,21,21,0,0,1,2,12,0,0,0,7,0,2,0,0,0,0,0,0,0,2,0,1,0,0,2,10,1,2,3,0,5,3,4,-1,3,49,2,2,0,0,33,1,0,0,2,0,0,0,0,0,0,0,0,0,33;31,,,64,0,0,2,2,0,0,1,0,0,0,0,0,5,0,53,212,4,0,3,0,1,1,3,0,209
2005,19,WAS,POST,2005_19_WAS_SEA,SEA,22,38,242,1,0,2,-12,1,1,0,242,7,-1.39997196584272,,0,8,6,4,1,25,59,0,0,0,3,-5.06577082752483,0,0,0,0,0,22,0,242,1,0,0,0,0,7,17.4390499950969,0,8,6,4,1,0,37,14,14,0,0,2,0,0,0,0,0,6,0,0,0,0,0,0,0,0,0,0,0,3,0,0,7,50,5,1,0,0,1,1,1,3,5,95,1,2,1,0,26,0.5,0,1,0,0,0,0,0,0,1,0,0,0,26,36,,26,36,0,1,1,0,0,1,0,0,0,0,0,7,0,51,299,1,1,1,0,1,4,-1,0,300
2005,20,CAR,POST,2005_20_CAR_SEA,SEA,15,35,196,1,3,2,-20,0,0,0,196,7,-13.8002766411519,,0,6,4,2,2,12,36,0,0,0,2,-3.63820840860717,0,1,1,0,0,15,0,196,1,1,1,0,0,7,13.1746746174758,0,6,4,2,2,1,56,20,20,0,0,0,2,16,0,0,0,3,0,0,0,0,0,0,0,0,0,0,0,0,0,0,5,57,3,1,0,0,1,1,1,59,7,143,0,0,0,0,,,0,0,0,0,0,0,0,0,0,0,0,0,,,,0,0,0,2,2,0,0,1,0,0,0,0,0,7,0,52,243,2,0,3,0,2,2,7,0,236
2005,20,DEN,POST,2005_20_PIT_DEN,PIT,18,30,223,1,2,3,-12,2,2,0,223,8,-10.8493869059312,,0,7,5,3,0,21,97,1,0,0,5,4.75164487083462,0,2,0,0,0,18,0,223,1,0,0,0,0,8,12.3552772432158,0,7,5,3,0,0,46,6,20,0,0,1,2,7,0,0,0,4,0,0,0,0,0,0,0,0,0,0,0,0,0,0,4,20,4,2,0,0,2,2,0,0,5,121,1,1,0,0,23,1,0,1,0,0,0,0,0,0,0,0,0,0,23,,,23,0,0,2,2,0,0,1,0,0,0,0,0,2,0,51,87,1,0,0,0,1,1,13,0,74
2005,20,PIT,POST,2005_20_PIT_DEN,DEN,21,29,275,2,0,2,-7,0,0,0,275,15,23.321666608316,,0,12,7,4,0,33,90,2,1,0,5,-4.0862039537169,0,2,1,0,0,21,0,275,2,0,0,0,0,15,32.709026048251,0,12,7,4,0,0,38,4,8,0,0,2,3,12,0,2,15,4,0,0,0,0,0,0,0,0,0,0,0,2,0,0,8,61,2,1,0,1,1,0,1,13,2,42,2,2,0,0,47,1,0,0,0,2,0,0,0,0,0,0,0,0,47;42,,,89,0,0,4,4,0,0,1,0,0,0,0,0,4,0,41,148,2,0,1,1,2,0,0,0,128
2005,20,SEA,POST,2005_20_CAR_SEA,CAR,20,28,219,2,0,2,-16,0,0,0,219,11,9.66918490527045,,0,11,5,2,0,51,190,2,0,0,13,-0.519776826639136,0,8,5,0,0,20,0,219,2,0,0,0,0,11,19.3420903966836,0,11,5,2,0,0,24,11,11,0,0,1,2,20,0,3,67,9,0,0,0,0,0,0,0,0,0,0,0,1,5,0,7,63,3,0,0,0,0,0,2,7,2,51,2,3,1,0,39,0.666666666666667,0,1,1,0,0,0,0,0,0,1,0,0,24;39,49,,63,49,0,4,4,0,0,1,0,0,0,0,0,5,0,45,194,2,0,2,2,0,1,59,1,95
2005,21,PIT,POST,2005_21_SEA_PIT,SEA,10,22,166,1,2,1,-8,0,0,0,166,8,-1.2633866154938,,0,6,4,3,1,33,181,2,0,0,6,3.63067250855966,0,4,3,1,1,10,0,166,1,0,0,0,0,8,19.2182557245251,0,6,4,3,1,0,54,2,12,0,0,0,3,14,0,1,24,8,0,0,0,0,0,0,0,0,0,0,0,0,0,0,3,20,4,0,0,0,0,0,2,32,2,43,0,0,0,0,,,0,0,0,0,0,0,0,0,0,0,0,0,,,,0,0,0,3,3,0,0,1,0,0,0,0,0,6,0,60,292,1,0,1,1,0,4,27,0,245
2005,21,SEA,POST,2005_21_SEA_PIT,PIT,26,49,273,1,1,3,-14,0,0,0,273,15,-4.26453907916217,,0,13,6,3,0,25,137,0,0,0,5,4.12361715658335,0,2,2,1,0,26,0,273,1,0,0,0,0,15,19.3999086910626,0,13,6,3,0,0,39,0,10,0,0,0,1,8,0,2,76,4,0,0,0,0,0,0,0,0,0,0,0,0,0,0,7,70,5,0,0,0,0,0,4,27,4,71,1,3,2,0,47,0.333333333333333,0,0,0,1,0,0,0,0,0,0,2,0,47,54;50,,47,104,0,1,1,0,0,1,0,0,0,0,0,6,0,57,301,0,0,0,4,0,2,32,0,189
