season,week,team,season_type,game_id,opponent_team,completions,attempts,passing_yards,passing_tds,passing_interceptions,sacks_suffered,sack_yards_lost,sack_fumbles,sack_fumbles_lost,passing_air_yards,passing_yards_after_catch,passing_first_downs,passing_epa,passing_cpoe,passing_2pt_conversions,passing_10,passing_16,passing_20,passing_40,carries,rushing_yards,rushing_tds,rushing_fumbles,rushing_fumbles_lost,rushing_first_downs,rushing_epa,rushing_2pt_conversions,rushing_10,rushing_12,rushing_20,rushing_40,receptions,targets,receiving_yards,receiving_tds,receiving_fumbles,receiving_fumbles_lost,receiving_air_yards,receiving_yards_after_catch,receiving_first_downs,receiving_epa,receiving_2pt_conversions,receiving_10,receiving_16,receiving_20,receiving_40,special_teams_tds,def_tackles_solo,def_tackles_with_assist,def_tackle_assists,def_tackles_for_loss,def_tackles_for_loss_yards,def_fumbles_forced,def_sacks,def_sack_yards,def_qb_hits,def_interceptions,def_interception_yards,def_pass_defended,def_tds,def_fumbles,def_safeties,def_punt_blocks,def_pat_blocks,def_fg_blocks,def_2pt_atts,def_2pt_made,misc_yards,fumble_recovery_own,fumble_recovery_yards_own,fumble_recovery_opp,fumble_recovery_yards_opp,fumble_recovery_tds,penalties,penalty_yards,timeouts,fumbles_forced_by_opp,fumbles_not_forced,fumbles_out_of_bounds,fumbles_total,fumbles_lost_total,punt_returns,punt_return_yards,kickoff_returns,kickoff_return_yards,fg_made,fg_att,fg_missed,fg_blocked,fg_long,fg_pct,fg_made_0_19,fg_made_20_29,fg_made_30_39,fg_made_40_49,fg_made_50_59,fg_made_60_,fg_missed_0_19,fg_missed_20_29,fg_missed_30_39,fg_missed_40_49,fg_missed_50_59,fg_missed_60_,fg_made_list,fg_missed_list,fg_blocked_list,fg_made_distance,fg_missed_distance,fg_blocked_distance,pat_made,pat_att,pat_missed,pat_blocked,pat_pct,gwfg_made,gwfg_att,gwfg_missed,gwfg_blocked,gwfg_distance,pt_att,pt_blocked,pt_long,pt_yards,pt_inside_20,pt_out_of_bounds,pt_downed,pt_touchback,pt_fair_caught,pt_returned,pt_return_yards,pt_return_tds,pt_net_yards
2012,1,ARI,REG,2012_01_SEA_ARI,SEA,20,36,215,1,1,1,-5,1,0,266,74,13,-1.5724413518921,-4.87794097926882,0,10,5,2,0,20,43,1,1,1,2,-8.77019849716453,0,1,1,0,0,20,36,215,1,0,0,266,74,13,-0.221718202171524,0,10,5,2,0,0,54,4,10,3,14,1,3,14,8,1,16,6,0,0,0,0,0,1,0,0,0,1,0,1,0,0,10,102,3,2,0,0,2,1,4,37,1,22,2,2,0,0,31,1,0,1,1,0,0,0,0,0,0,0,0,0,21;31,,,52,0,0,2,2,0,0,1,0,0,0,0,0,5,0,53,238,2,0,0,0,1,4,50,0,188
2012,1,ATL,REG,2012_01_ATL_KC,KC,23,31,299,3,0,1,-7,0,0,241,135,17,21.9960492307297,13.8396540957112,0,12,7,4,0,23,84,1,0,0,4,-1.32808578288153,0,2,0,0,0,23,31,299,3,1,0,241,135,17,23.6255593805841,0,12,7,4,0,0,57,0,4,7,24,1,3,17,5,2,5,7,0,0,0,0,0,0,0,0,0,0,0,1,0,0,2,12,1,1,0,1,1,0,0,0,3,112,4,4,0,0,41,1,0,1,2,1,0,0,0,0,0,0,0,0,34;21;30;41,,,126,0,0,4,4,0,0,1,0,0,0,0,0,1,0,52,52,0,0,0,0,0,1,14,0,38
2012,1,BAL,REG,2012_01_CIN_BAL,CIN,23,32,329,2,0,3,-21,0,0,345,100,15,13.3568048304625,11.051956936717,0,14,9,6,1,23,122,2,1,0,8,3.95669556409121,0,5,3,0,0,23,32,329,2,0,0,345,100,15,19.1627400694214,0,14,9,6,1,0,43,11,17,2,18,1,4,28,6,1,34,9,1,0,0,0,0,0,0,0,0,1,-10,1,0,0,6,50,4,0,1,0,1,0,2,18,4,88,3,3,0,0,46,1,0,0,1,2,0,0,0,0,0,0,0,0,46;40;39,,,125,0,0,5,5,0,0,1,0,0,0,0,0,2,0,50,87,1,0,0,0,0,2,19,0,68
2012,1,BUF,REG,2012_01_BUF_NYJ,NYJ,18,32,195,3,3,0,0,0,0,306,62,13,1.88058966468088,-1.27538680098951,0,9,3,3,0,26,195,1,0,0,6,9.12081803183537,0,3,3,2,2,18,32,195,3,1,1,306,62,13,-0.918642286909744,0,9,3,3,0,0,40,0,20,1,1,2,0,0,0,1,0,1,0,0,0,0,0,0,0,0,0,0,0,0,0,0,6,34,3,1,0,0,1,1,1,27,3,71,0,0,0,0,,,0,0,0,0,0,0,0,0,0,0,0,0,,,,0,0,0,4,4,0,0,1,0,0,0,0,0,2,0,44,81,0,1,0,0,0,1,68,1,13
2012,1,CAR,REG,2012_01_CAR_TB,TB,23,33,303,1,2,3,-12,1,0,378,98,14,3.50501227713539,13.0045782436024,0,13,9,7,1,13,10,0,0,0,1,-7.301071682219,0,0,0,0,0,23,33,303,1,0,0,378,98,14,6.22157843163586,0,13,9,7,1,0,47,4,14,4,13,0,2,10,2,0,0,6,0,1,0,0,0,0,0,0,0,2,0,0,0,0,6,65,4,1,1,0,2,0,3,28,1,31,1,1,0,0,21,1,0,1,0,0,0,0,0,0,0,0,0,0,21,,,21,0,0,1,1,0,0,1,0,0,0,0,0,5,1,47,199,2,0,1,0,3,1,0,0,199
2012,1,CHI,REG,2012_01_IND_CHI,IND,21,35,333,2,1,2,-19,0,0,400,97,15,8.43360290115947,1.66016178471702,0,15,9,7,1,33,114,3,0,0,8,2.51389763051677,0,3,3,2,0,21,35,333,2,0,0,400,97,15,12.0651765656496,0,15,9,7,1,0,39,0,12,4,22,2,3,16,7,3,63,11,0,0,0,0,0,0,0,0,0,0,0,2,0,0,7,48,3,0,0,0,0,0,1,23,2,49,2,2,0,0,35,1,0,1,1,0,0,0,0,0,0,0,0,0,35;26,,,61,0,0,5,5,0,0,1,0,0,0,0,0,5,0,50,208,0,1,0,1,1,2,12,0,176
2012,1,CIN,REG,2012_01_CIN_BAL,BAL,22,37,221,0,1,4,-28,1,1,283,123,10,-16.8417876791917,-6.28442643462001,0,9,3,1,0,28,129,1,1,0,9,5.92748295662017,0,4,4,0,0,22,37,221,0,0,0,283,123,10,-5.74472913351004,0,9,3,1,0,0,42,8,8,4,31,0,3,21,4,0,0,6,0,0,0,0,0,0,0,0,0,1,-5,0,0,0,3,41,1,1,1,0,2,1,2,19,3,64,2,2,0,0,34,1,1,0,1,0,0,0,0,0,0,0,0,0,34;19,,,53,0,0,1,1,0,0,1,0,0,0,0,0,4,0,57,183,1,0,1,0,1,2,18,0,165
2012,1,CLE,REG,2012_01_PHI_CLE,PHI,12,35,118,0,4,2,-7,1,0,289,87,7,-18.7567152880682,-27.0507351841245,0,6,2,2,0,22,99,0,1,0,3,-5.93935634195805,0,2,2,2,0,12,35,118,0,0,0,289,87,7,-18.7034642389361,0,6,2,2,0,0,53,0,16,6,24,2,2,11,11,4,88,14,1,0,0,0,0,0,0,0,0,2,-3,1,0,0,3,35,4,1,1,0,2,0,6,78,4,98,3,3,0,0,43,1,0,1,0,2,0,0,0,0,0,0,0,0,43;42;22,,,107,0,0,1,1,0,0,1,0,0,0,0,0,7,0,54,308,3,0,2,1,3,1,6,0,282
2012,1,DAL,REG,2012_01_DAL_NYG,NYG,22,29,307,3,1,2,-17,0,0,253,107,12,12.9133956927721,12.2528692771649,0,13,6,4,1,26,143,0,0,0,5,1.95887443883112,0,2,2,1,1,22,29,307,3,0,0,253,107,12,16.4843353055216,0,13,6,4,1,0,35,12,14,4,28,1,3,26,5,0,0,1,0,0,0,0,0,0,0,0,0,0,0,1,6,0,13,86,3,0,0,0,0,0,3,3,3,61,1,1,0,0,33,1,0,0,1,0,0,0,0,0,0,0,0,0,33,,,33,0,0,3,3,0,0,1,0,0,0,0,0,2,0,60,108,1,0,0,0,1,1,5,0,103
2012,1,DEN,REG,2012_01_PIT_DEN,PIT,19,26,253,2,0,2,-13,0,0,217,125,11,14.1514886804851,12.7840962547522,1,8,5,2,1,27,94,1,1,1,8,-6.99915826659696,0,2,1,0,0,19,26,253,2,0,0,217,125,11,17.5435252253427,1,8,5,2,1,0,51,0,8,9,40,0,5,36,10,1,43,9,1,0,0,0,0,0,0,0,0,0,0,0,0,0,6,49,2,1,0,0,1,1,2,22,0,0,1,1,0,0,26,1,0,1,0,0,0,0,0,0,0,0,0,0,26,,,26,0,0,2,2,0,0,1,0,0,0,0,0,2,0,46,90,1,0,0,0,0,2,23,0,67
2012,1,DET,REG,2012_01_STL_DET,LA,32,48,355,1,3,1,-9,0,0,382,142,23,-7.71250432524286,2.2413747741821,0,13,8,6,1,18,83,2,0,0,5,1.65636975964298,0,3,2,0,0,32,47,355,1,0,0,382,142,23,-5.17970441594409,0,13,8,6,1,0,36,2,26,5,29,1,4,25,9,0,0,1,0,0,0,0,0,0,0,0,0,0,0,0,0,0,3,27,4,0,0,0,0,0,5,53,2,19,2,2,0,0,45,1,0,0,0,2,0,0,0,0,0,0,0,0,41;45,,,86,0,0,3,3,0,0,1,0,0,0,0,0,3,0,45,121,2,0,0,0,2,1,6,0,115
2012,1,GB,REG,2012_01_SF_GB,SF,30,44,303,2,1,3,-24,0,0,368,153,16,7.47034220754006,6.3310845267205,1,12,4,2,1,14,45,0,0,0,2,-2.56874882202828,0,0,0,0,0,30,42,303,2,0,0,368,153,16,9.43033852260863,1,12,4,2,1,1,41,8,18,3,15,1,4,20,6,0,0,0,0,1,0,0,0,0,0,0,0,1,0,0,0,0,10,77,6,0,1,0,1,0,3,80,3,73,0,0,0,0,,,0,0,0,0,0,0,0,0,0,0,0,0,,,,0,0,0,2,2,0,0,1,0,0,0,0,0,6,0,60,289,4,1,0,1,3,1,20,0,249
2012,1,HOU,REG,2012_01_MIA_HOU,MIA,20,31,266,1,0,2,-12,0,0,271,95,15,11.7669936750822,0.295683885774305,0,13,6,5,0,35,83,2,0,0,3,-7.57788368610085,0,2,2,0,0,20,31,266,1,0,0,271,95,15,14.1936252793452,0,13,6,5,0,0,36,10,16,3,22,2,2,20,3,3,40,8,0,0,0,0,0,0,0,0,0,0,0,1,1,0,4,35,4,0,0,0,0,0,1,14,3,47,3,4,1,0,40,0.75,1,0,1,1,0,0,0,0,0,0,1,0,35;40;19,52,,94,52,0,3,3,0,0,1,0,0,0,0,0,5,0,55,218,1,1,1,0,1,2,76,1,142
2012,1,IND,REG,2012_01_IND_CHI,CHI,23,45,309,1,3,3,-16,1,1,437,89,16,-7.39333793999711,-8.0523857805464,0,14,9,7,0,15,63,1,0,0,4,0.166416708671022,0,3,3,0,0,23,45,309,1,0,0,437,89,16,0.431425279922874,0,14,9,7,0,0,53,0,2,7,32,0,2,19,3,1,4,9,1,0,0,0,0,0,0,0,0,0,0,0,0,0,3,19,4,2,0,0,2,2,2,12,4,73,0,1,1,0,,0,0,0,0,0,0,0,0,0,1,0,0,0,,37,,0,37,0,3,3,0,0,1,0,0,0,0,0,5,0,63,257,2,0,3,1,0,1,23,0,214
2012,1,JAX,REG,2012_01_JAX_MIN,MIN,23,39,260,2,0,2,-18,0,0,267,96,12,14.6320940198104,-5.05536764095991,1,9,5,3,0,34,113,0,1,1,7,-7.67298924984345,0,4,0,0,0,23,39,260,2,0,0,267,96,12,14.3785470945488,1,9,5,3,0,0,42,0,26,5,9,1,2,4,1,0,0,4,0,2,0,0,0,0,0,0,0,1,0,1,0,0,4,25,4,1,2,1,3,1,4,20,3,63,3,3,0,0,47,1,1,1,0,1,0,0,0,0,0,0,0,0,19;26;47,,,92,0,0,0,1,0,1,0,0,0,0,0,0,4,0,57,214,1,0,0,1,1,2,22,0,172
2012,1,KC,REG,2012_01_ATL_KC,ATL,21,33,258,1,2,3,-17,1,1,254,71,13,1.66325146929218,0.161458958279003,0,11,6,5,0,33,152,2,0,0,9,5.20267675392097,0,4,3,1,1,21,33,258,1,0,0,254,71,13,7.70111838504296,0,11,6,5,0,0,45,0,6,4,10,1,1,7,3,0,0,1,0,0,0,0,0,0,0,0,0,0,0,0,0,0,2,25,4,1,0,0,1,1,1,14,5,95,1,2,1,0,39,0.5,0,0,1,0,0,0,0,0,0,1,0,0,39,40,,39,40,0,3,3,0,0,1,0,0,0,0,0,1,0,47,47,1,0,0,0,1,0,0,0,47
2012,1,LA,REG,2012_01_STL_DET,DET,17,25,198,1,0,4,-25,1,0,259,88,10,3.39573313023125,5.91563659906387,0,11,4,1,0,26,77,0,0,0,4,-4.5410565402708,0,1,0,0,0,17,25,198,1,0,0,259,88,10,8.66814158029163,0,11,3,1,0,0,47,2,14,3,14,0,1,9,3,3,107,5,1,0,0,0,0,0,0,0,0,2,0,0,0,0,7,65,2,1,1,0,2,0,1,6,1,25,3,3,0,0,48,1,0,1,0,2,0,0,0,0,0,0,0,0,48;29;46,,,123,0,0,2,2,0,0,1,0,0,0,0,0,5,0,57,241,1,0,0,0,0,5,53,0,188
2012,1,LAC,REG,2012_01_SD_OAK,LV,24,33,231,1,0,1,-5,0,0,235,90,11,8.24754021902168,12.6585468198314,0,9,4,3,1,20,32,0,0,0,1,-7.39005922475052,0,1,0,0,0,24,33,231,1,0,0,235,90,11,10.0460214948148,0,9,4,3,1,0,49,5,9,7,66,1,3,21,6,0,0,4,0,0,0,1,0,0,0,0,0,0,0,1,0,0,9,78,4,0,0,0,0,0,2,18,4,76,5,5,0,0,45,1,1,2,0,2,0,0,0,0,0,0,0,0,23;28;19;41;45,,,156,0,0,1,1,0,0,1,0,0,0,0,0,3,0,55,163,2,0,1,0,1,1,15,0,148
2012,1,LV,REG,2012_01_SD_OAK,LAC,32,46,297,1,0,3,-21,0,0,353,123,15,5.72096292285151,4.84110583429751,1,14,5,3,0,20,45,0,1,0,3,-12.3452938531991,0,1,0,0,0,32,46,297,1,1,1,353,123,15,4.40653510805587,1,14,5,3,0,0,37,9,17,2,5,0,1,5,3,0,0,1,0,0,0,0,0,0,0,0,0,3,-45,0,0,0,6,35,5,1,3,0,4,1,1,15,1,6,2,2,0,0,51,1,1,0,0,0,1,0,0,0,0,0,0,0,51;19,,,70,0,0,0,0,0,0,,0,0,0,0,0,2,1,62,114,0,0,0,0,0,2,18,0,96
2012,1,MIA,REG,2012_01_MIA_HOU,HOU,20,36,219,0,3,2,-20,0,0,185,117,7,-17.4821300437907,-12.7712760534551,0,8,4,3,0,20,76,0,3,1,6,-5.03351682162537,0,3,1,0,0,20,36,219,0,0,0,185,117,7,-13.4508722952451,0,8,4,3,0,1,49,8,12,8,28,0,2,12,5,0,0,2,0,0,0,0,0,0,0,0,0,2,0,0,0,0,7,78,4,2,1,0,3,1,2,76,6,155,1,1,0,0,39,1,0,0,1,0,0,0,0,0,0,0,0,0,39,,,39,0,0,1,1,0,0,1,0,0,0,0,0,3,0,56,133,2,0,0,0,2,1,14,0,119
2012,1,MIN,REG,2012_01_JAX_MIN,JAX,20,27,270,0,0,2,-4,1,1,193,148,14,3.34207733149413,7.64203369617462,0,14,8,3,0,29,123,2,0,0,6,-0.503713005397003,0,3,2,1,0,20,27,270,0,0,0,193,148,14,9.87253969476331,0,14,8,3,0,0,52,0,18,3,16,1,2,18,7,0,0,7,0,0,0,0,1,0,0,0,0,0,0,1,0,0,5,47,2,1,0,0,1,1,2,22,5,128,4,4,0,0,55,1,0,1,1,1,1,0,0,0,0,0,0,0,20;42;55;38,,,155,0,0,2,2,0,0,1,0,0,0,0,0,5,0,59,242,1,0,1,0,0,4,20,0,222
2012,1,NE,REG,2012_01_NE_TEN,TEN,23,31,236,2,0,1,-8,0,0,261,97,12,9.76861945143534,13.0680528379256,0,7,5,4,0,35,162,1,0,0,13,5.33188052797854,0,6,6,0,0,23,31,236,2,0,0,261,97,12,12.0963183122185,0,7,5,4,0,0,42,0,16,5,21,1,2,8,3,1,0,6,0,0,0,0,0,0,0,0,0,0,0,1,6,1,3,20,4,0,0,0,0,0,3,27,2,47,2,2,0,0,31,1,0,1,1,0,0,0,0,0,0,0,0,0,25;31,,,56,0,0,4,4,0,0,1,0,0,0,0,0,4,0,51,154,3,0,2,1,1,0,0,0,134
2012,1,NO,REG,2012_01_WAS_NO,WAS,24,52,339,3,2,2,-13,0,0,555,89,17,1.92758839773441,-11.7616304329463,0,17,10,6,0,10,32,0,0,0,2,0.544128680994734,1,0,0,0,0,24,49,339,3,1,1,555,89,17,1.20237027394896,0,17,10,6,0,1,49,0,36,3,12,1,2,14,5,0,0,2,0,0,0,1,0,0,0,0,4,0,0,0,0,0,12,107,5,1,0,1,1,1,2,14,3,103,1,1,0,0,21,1,0,1,0,0,0,0,0,0,0,0,0,0,21,,,21,0,0,3,3,0,0,1,0,0,0,0,0,5,0,59,278,0,0,1,0,0,4,34,0,244
2012,1,NYG,REG,2012_01_DAL_NYG,DAL,21,32,213,1,0,3,-26,0,0,282,77,11,3.12282358272996,3.53205995634198,0,8,2,2,0,19,82,1,1,1,3,-3.79493730649119,0,2,1,1,0,21,32,213,1,0,0,282,77,11,7.2648089048459,0,8,2,2,0,0,32,17,17,4,21,0,2,17,2,1,51,3,0,0,0,0,0,0,0,0,0,0,0,0,0,0,4,33,3,1,0,0,1,1,1,5,5,100,1,1,0,0,22,1,0,1,0,0,0,0,0,0,0,0,0,0,22,,,22,0,0,2,2,0,0,1,0,0,0,0,0,4,0,56,201,1,0,0,1,0,3,3,0,178
2012,1,NYJ,REG,2012_01_BUF_NYJ,BUF,19,27,266,3,1,0,0,0,0,267,78,15,19.6412140762254,12.7143976780084,0,11,8,4,0,36,118,1,2,0,5,-2.70088372490136,0,2,2,0,0,19,26,266,3,0,0,267,78,15,19.932411863148,0,11,8,4,0,1,34,0,18,3,13,1,0,0,6,3,46,7,1,0,0,0,0,0,0,0,0,2,0,1,17,0,5,34,5,2,0,0,2,0,1,68,1,24,2,2,0,0,39,1,0,1,1,0,0,0,0,0,0,0,0,0,25;39,,,64,0,0,6,6,0,0,1,0,0,0,0,0,2,0,55,103,1,0,1,0,0,1,27,0,76
2012,1,PHI,REG,2012_01_PHI_CLE,CLE,29,56,317,2,4,2,-11,0,0,551,105,14,-12.8607415777579,-5.39443450314658,0,13,6,3,1,30,150,0,3,1,10,-2.04240100699826,0,6,4,1,0,29,56,317,2,0,0,551,105,14,-10.4633839392982,0,13,6,3,1,0,46,0,6,5,7,1,2,7,5,4,13,10,0,0,0,0,0,0,0,0,0,2,-5,0,0,0,12,110,3,2,1,0,3,1,1,6,3,64,1,2,1,0,42,0.5,0,0,0,1,0,0,0,0,0,1,0,0,42,45,,42,45,0,2,2,0,0,1,0,0,0,0,0,6,0,62,330,1,0,0,0,0,6,78,0,252
2012,1,PIT,REG,2012_01_PIT_DEN,DEN,22,40,245,2,1,5,-36,0,0,367,92,15,2.01683851608608,0.226023126589625,0,13,5,3,0,26,75,0,0,0,2,-3.23020174191333,0,1,0,0,0,22,38,245,2,0,0,367,92,15,11.2269525320218,0,13,5,3,0,0,40,0,6,2,13,1,2,13,4,0,0,6,0,0,0,0,0,0,0,0,0,1,0,1,0,0,8,52,4,0,1,0,1,0,2,23,1,27,2,2,0,0,35,1,0,1,1,0,0,0,0,0,0,0,0,0,21;35,,,56,0,0,1,1,0,0,1,0,0,0,0,0,3,0,52,142,1,0,1,0,0,2,22,0,120
2012,1,SEA,REG,2012_01_SEA_ARI,ARI,18,34,153,1,1,3,-14,0,0,305,38,9,-5.39308051742406,-3.34224806112402,0,6,2,1,0,33,115,0,2,1,5,-9.6513253065103,0,2,0,0,0,18,34,153,1,0,0,305,38,9,-1.59189339762812,0,6,2,1,0,0,34,5,17,1,1,2,1,5,5,1,0,9,0,0,0,0,0,0,0,0,0,1,-8,1,0,0,13,90,4,1,1,0,2,1,4,50,3,133,3,4,0,1,47,0.75,0,1,1,1,0,0,0,0,0,0,0,0,27;47;39,,50,113,0,50,1,1,0,0,1,0,0,0,0,0,4,0,48,185,1,0,0,0,0,4,37,0,148
2012,1,SF,REG,2012_01_SF_GB,GB,20,26,211,2,0,4,-20,0,0,184,93,13,8.25052520952949,12.2747835058432,0,11,4,3,0,32,186,1,0,0,6,6.39612044467883,0,5,4,2,0,20,26,211,2,1,0,184,93,13,14.2814107861493,0,11,4,3,0,0,43,3,11,2,14,0,3,24,5,1,11,5,0,0,0,0,0,0,0,0,0,0,0,0,0,0,8,66,6,1,0,1,1,0,1,20,1,31,3,3,0,0,63,1,0,0,0,2,0,1,0,0,0,0,0,0,40;43;63,,,146,0,0,3,3,0,0,1,0,0,0,0,0,5,0,61,256,3,0,0,0,2,3,80,1,176
2012,1,TB,REG,2012_01_CAR_TB,CAR,16,24,138,1,0,2,-10,0,0,119,71,8,-3.54322301381751,0.137957558035851,0,5,2,2,0,36,130,0,0,0,8,-1.78053225189797,0,4,3,0,0,16,24,138,1,0,0,119,71,8,0.00810723943152603,0,5,2,2,0,0,33,3,7,8,32,1,3,12,4,2,24,8,0,0,0,1,0,0,0,0,0,0,0,0,0,0,4,35,1,0,0,0,0,0,1,0,3,55,3,3,0,0,40,1,0,1,1,1,0,0,0,0,0,0,0,0,36;20;40,,,96,0,0,1,1,0,0,1,0,0,0,0,0,5,0,52,230,2,1,0,1,0,3,28,0,182
2012,1,TEN,REG,2012_01_NE_TEN,NE,29,43,272,1,1,2,-8,1,1,299,133,13,-2.6928525245184,2.25018962871197,0,10,6,3,0,16,20,0,0,0,1,-7.16793902195059,0,0,0,0,0,29,43,272,1,0,0,299,133,13,3.02163525897601,0,10,6,3,0,0,44,0,24,6,17,0,1,8,4,0,0,0,0,0,0,0,0,0,0,0,0,0,0,0,0,0,3,30,3,1,0,0,1,1,0,0,4,98,2,2,0,0,28,1,0,2,0,0,0,0,0,0,0,0,0,0,28;24,,,52,0,0,1,1,0,0,1,0,0,0,0,0,4,0,56,209,2,0,1,0,0,3,27,0,182
2012,1,WAS,REG,2012_01_WAS_NO,NO,19,26,320,2,0,2,-14,1,0,227,202,13,17.1788261927837,9.80875457708652,0,11,7,7,1,43,153,2,0,0,7,-1.9659213459685,0,5,3,0,0,19,26,320,2,0,0,227,202,13,19.6769390377855,0,11,7,7,1,0,31,0,8,3,14,1,2,13,5,2,50,13,0,2,0,0,0,0,0,0,0,3,0,0,0,0,12,127,4,1,2,0,3,0,4,34,2,49,4,4,0,0,45,1,0,0,2,2,0,0,0,0,0,0,0,0,37;41;37;45,,,160,0,0,4,4,0,0,1,0,0,0,0,0,3,1,58,139,0,0,0,1,0,2,14,0,105
2012,2,ARI,REG,2012_02_ARI_NE,NE,15,27,140,1,0,2,0,1,1,158,72,7,-1.66865930245719,-6.40700528254876,0,6,2,2,0,32,102,1,1,1,8,-1.97478045482421,0,3,2,0,0,15,26,140,1,0,0,158,72,7,3.64340442844671,0,6,2,2,0,0,50,0,16,7,36,0,4,19,6,1,0,5,0,0,0,1,0,0,0,0,0,0,0,0,0,0,5,39,6,2,0,0,2,2,1,3,2,50,2,2,0,0,47,1,0,0,1,1,0,0,0,0,0,0,0,0,38;47,,,85,0,0,2,2,0,0,1,0,0,0,0,0,6,0,59,280,2,1,1,0,2,2,25,0,255
2012,2,ATL,REG,2012_02_DEN_ATL,DEN,24,36,219,2,0,1,-11,0,0,276,57,15,7.17609726488679,4.87663677760533,0,10,4,2,0,28,67,1,1,0,3,-6.36885266777914,0,1,1,0,0,24,35,219,2,0,0,276,57,15,9.99858129201545,0,10,4,2,0,0,48,0,16,6,28,1,3,23,6,3,80,7,0,0,0,0,0,0,0,0,0,1,0,1,0,0,8,72,2,1,0,0,1,0,1,-2,2,47,2,2,0,0,42,1,0,0,1,1,0,0,0,0,0,0,0,0,37;42,,,79,0,0,3,3,0,0,1,0,0,0,0,0,6,0,49,252,3,0,0,0,3,3,11,0,241
2012,2,BAL,REG,2012_02_BAL_PHI,PHI,22,42,232,1,1,2,-18,1,1,417,88,9,-10.8549363217397,-7.34069709266935,0,8,5,4,1,21,111,1,0,0,5,-0.296372482087463,0,2,2,1,1,22,42,232,1,0,0,417,88,9,-4.52372506377503,0,8,5,4,1,0,60,2,4,7,26,1,2,14,4,2,9,5,0,0,0,0,0,0,0,0,0,0,0,2,0,0,6,45,4,1,0,0,1,1,3,34,3,100,3,3,0,0,56,1,0,0,0,1,2,0,0,0,0,0,0,0,56;51;48,,,155,0,0,2,2,0,0,1,0,0,0,0,0,5,0,56,251,2,0,0,1,1,3,10,0,221
2012,2,BUF,REG,2012_02_KC_BUF,KC,10,19,178,2,0,0,0,0,0,119,132,6,7.41996070416644,-8.95247459411621,0,6,5,3,2,36,201,2,1,0,9,8.22083696606569,0,4,4,3,0,10,19,178,2,0,0,119,132,6,7.41996070416644,0,6,5,3,2,1,43,6,16,5,32,2,5,29,6,1,0,9,0,0,0,0,0,0,0,0,0,1,-15,2,0,0,5,50,3,0,1,0,1,0,3,98,1,5,0,0,0,0,,,0,0,0,0,0,0,0,0,0,0,0,0,,,,0,0,0,5,5,0,0,1,0,0,0,0,0,7,0,60,349,1,2,0,1,0,4,61,0,268
2012,2,CAR,REG,2012_02_NO_CAR,NO,14,20,253,1,0,1,-9,0,0,160,139,10,13.9824695288844,13.3180048904921,0,10,7,5,1,41,219,3,1,1,12,0.888580437371275,0,5,4,3,1,14,19,253,1,0,0,160,139,10,16.6814861055173,0,10,7,5,1,0,41,0,38,0,0,1,1,2,5,2,11,6,1,0,0,0,0,0,0,0,0,0,-4,0,0,0,4,34,4,0,1,0,1,1,1,14,3,72,0,0,0,0,,,0,0,0,0,0,0,0,0,0,0,0,0,,,,0,0,0,5,5,0,0,1,0,0,0,0,0,5,0,58,229,2,0,1,1,1,2,30,0,179
2012,2,CHI,REG,2012_02_CHI_GB,GB,11,27,126,1,4,7,-52,0,0,326,56,7,-15.1921772576209,-13.9989113366162,0,8,2,2,0,23,94,0,0,0,3,-3.14680271456018,0,1,1,0,0,11,27,126,1,0,0,326,56,7,-6.79975025542465,0,8,2,2,0,0,40,8,28,6,27,1,5,31,6,1,20,3,0,0,0,0,0,0,0,0,0,0,0,1,1,0,8,65,4,0,0,0,0,0,2,8,2,57,1,1,0,0,45,1,0,0,0,1,0,0,0,0,0,0,0,0,45,,,45,0,0,1,1,0,0,1,0,0,0,0,0,6,0,54,281,1,0,0,1,3,2,16,0,245
2012,2,CIN,REG,2012_02_CLE_CIN,CLE,24,31,318,3,1,6,-23,0,0,311,153,14,17.3654361573406,15.0271856977094,0,13,6,5,2,25,80,0,0,0,3,-4.46223851546275,0,1,1,0,0,24,31,318,3,0,0,311,153,14,20.7154513805997,0,13,6,5,2,1,32,2,46,5,18,1,2,13,6,0,0,3,0,0,0,0,0,0,0,0,0,0,0,1,0,0,6,54,6,0,0,0,0,0,3,90,4,103,2,2,0,0,39,1,0,0,2,0,0,0,0,0,0,0,0,0,39;37,,,76,0,0,4,4,0,0,1,0,0,0,0,0,3,0,58,126,3,0,1,0,1,1,9,0,117
2012,2,CLE,REG,2012_02_CLE_CIN,CIN,26,37,322,2,0,2,-13,0,0,296,186,16,16.3923351980582,11.4222357670466,0,15,10,5,0,23,130,1,0,0,4,3.21734963968629,0,3,2,1,0,26,36,322,2,1,1,296,186,16,14.9742380769411,0,15,10,5,0,0,48,0,20,4,17,0,6,23,6,1,4,3,0,0,0,0,0,0,0,0,0,0,0,0,0,0,10,103,4,1,0,0,1,1,1,9,6,165,2,2,0,0,50,1,0,1,0,0,1,0,0,0,0,0,0,0,50;25,,,75,0,0,3,3,0,0,1,0,0,0,0,0,4,0,53,186,0,0,1,0,0,3,90,1,96
2012,2,DAL,REG,2012_02_DAL_SEA,SEA,23,40,251,1,1,1,-4,0,0,428,95,13,-1.72864144359482,-2.30087026953697,0,11,6,4,0,16,49,0,1,0,4,-1.56919146352448,0,0,0,0,0,23,40,251,1,1,0,428,95,13,-0.397351847670507,0,11,6,4,0,0,30,6,50,3,11,0,2,18,4,0,0,4,0,1,0,0,0,0,0,0,0,3,-3,0,0,0,5,47,6,2,2,0,4,1,2,2,5,109,0,0,0,0,,,0,0,0,0,0,0,0,0,0,0,0,0,,,,0,0,0,1,1,0,0,1,0,0,0,0,0,5,1,52,229,3,2,1,0,1,1,7,0,222
2012,2,DEN,REG,2012_02_DEN_ATL,ATL,24,37,241,1,3,3,-23,0,0,315,97,12,-8.76414440915687,3.38046309110281,0,13,5,0,0,27,118,2,1,1,9,1.10077235044446,0,3,2,1,0,24,37,241,1,0,0,315,97,12,-4.21119602507679,0,13,5,0,0,0,42,0,14,2,13,1,1,11,6,0,0,3,0,0,0,0,0,0,0,0,0,0,0,0,0,0,10,96,4,1,0,0,1,1,3,11,2,47,0,0,0,0,,,0,0,0,0,0,0,0,0,0,0,0,0,,,,0,0,0,3,3,0,0,1,0,0,0,0,0,5,0,67,251,3,0,2,0,2,1,-2,0,253
2012,2,DET,REG,2012_02_DET_SF,SF,19,32,230,1,1,2,-16,0,0,184,160,10,5.39413057197003,-6.28399327397347,0,8,4,4,1,26,82,0,0,0,3,-3.12452269642381,0,1,0,0,0,19,32,230,1,0,0,184,160,10,7.91412639838296,0,8,4,4,1,0,48,3,3,4,27,1,3,25,4,0,0,3,0,0,0,0,0,0,0,0,0,0,0,1,0,0,8,67,5,0,0,0,0,0,1,10,2,64,4,5,1,0,48,0.8,0,0,1,3,0,0,0,0,0,1,0,0,38;41;40;48,40,,167,40,0,1,1,0,0,1,0,0,0,0,0,2,0,46,89,0,1,0,0,0,1,8,0,81
2012,2,GB,REG,2012_02_CHI_GB,CHI,23,33,246,2,1,5,-31,0,0,237,142,11,-1.74500718238234,4.35239328071475,0,9,8,5,0,28,106,0,0,0,6,-5.24538255967293,0,2,1,1,0,23,32,246,2,1,1,237,142,11,3.0515347897617,0,9,8,5,0,0,32,5,23,9,49,0,7,52,12,4,38,7,0,1,0,0,0,0,0,0,0,1,0,0,0,0,4,54,3,1,1,0,2,1,2,16,1,21,3,3,0,0,54,1,0,0,1,1,1,0,0,0,0,0,0,0,48;35;54,,,137,0,0,2,2,0,0,1,0,0,0,0,0,5,0,57,238,3,1,0,1,1,2,8,0,210
2012,2,HOU,REG,2012_02_HOU_JAX,JAX,26,35,195,0,0,0,0,0,0,139,133,11,5.39268316487576,6.70117931706565,0,8,1,0,0,48,216,3,0,0,16,3.43993707246145,0,6,5,1,0,26,35,195,0,0,0,139,133,11,5.39268316487576,0,8,1,0,0,0,27,1,3,4,21,0,3,24,7,0,0,2,0,1,0,0,0,0,0,0,0,0,0,1,0,0,10,64,3,0,1,1,1,0,6,77,2,58,2,2,0,0,37,1,0,0,2,0,0,0,0,0,0,0,0,0,31;37,,,68,0,0,3,3,0,0,1,0,0,0,0,0,6,0,58,299,1,0,1,2,0,3,32,0,227
2012,2,IND,REG,2012_02_MIN_IND,MIN,20,31,224,2,0,2,-30,0,0,231,68,10,6.01843146888647,3.39708091883824,0,8,4,4,1,30,84,0,0,0,5,-5.15275229563513,0,1,1,0,0,20,29,224,2,0,0,231,68,10,8.94022988318466,0,8,4,4,1,0,48,0,26,5,12,1,4,13,5,0,0,5,0,0,0,0,0,0,0,0,0,0,0,1,0,0,7,51,6,0,0,0,0,0,1,11,1,19,3,3,0,0,53,1,0,1,0,1,1,0,0,0,0,0,0,0,26;45;53,,,124,0,0,2,2,0,0,1,1,1,0,0,53,5,0,64,268,0,0,0,0,0,5,51,0,217
2012,2,JAX,REG,2012_02_HOU_JAX,HOU,9,21,76,1,0,3,-24,0,0,186,17,4,-11.594492692966,-16.6161080201467,0,3,1,1,0,14,65,0,1,1,3,-7.0196650652797,0,3,3,0,0,9,21,76,1,0,0,186,17,4,-8.04408084391616,0,3,1,1,0,0,75,0,4,6,11,0,0,0,4,0,0,2,0,0,0,0,0,0,0,0,0,0,-2,0,0,0,8,71,1,0,1,0,1,1,3,32,3,79,0,0,0,0,,,0,0,0,0,0,0,0,0,0,0,0,0,,,,0,0,0,1,1,0,0,1,0,0,0,0,0,9,0,60,470,3,1,0,0,2,6,77,0,393
2012,2,KC,REG,2012_02_KC_BUF,BUF,23,42,301,2,1,5,-29,1,1,475,130,15,-2.28643060830397,-1.05212141827839,0,15,6,5,0,24,150,0,1,1,8,0.572743246390019,0,5,5,2,0,23,41,301,2,0,0,475,130,15,8.85294290073216,0,15,6,5,0,0,28,12,18,3,18,0,0,0,1,0,0,4,0,1,0,0,0,0,0,0,0,1,0,0,0,0,4,33,4,2,1,0,3,2,4,61,2,40,1,1,0,0,33,1,0,0,1,0,0,0,0,0,0,0,0,0,33,,,33,0,0,2,2,0,0,1,0,0,0,0,0,7,0,66,313,2,1,1,1,1,3,98,1,195
2012,2,LA,REG,2012_02_WAS_STL,WAS,26,35,310,3,1,2,-9,1,0,266,139,15,12.7806840793055,9.4487305198397,0,12,6,3,1,27,151,0,1,1,6,-4.8093077677723,1,5,5,2,1,26,35,310,3,1,1,266,139,15,6.34759043715894,0,12,6,3,1,0,51,0,4,5,19,0,1,9,4,1,5,3,0,0,0,1,0,0,0,0,0,1,0,0,0,0,7,60,5,3,0,0,3,2,4,29,1,12,3,3,0,0,42,1,0,0,2,1,0,0,0,0,0,0,0,0,39;33;42,,,114,0,0,2,2,0,0,1,0,0,0,0,0,3,0,66,163,1,1,0,1,0,1,-3,0,146
2012,2,LAC,REG,2012_02_TEN_SD,TEN,24,32,284,3,1,4,-16,2,0,267,150,16,16.0898152366895,13.1326716858894,0,14,7,4,0,39,148,2,1,0,10,3.10998565104092,0,5,4,0,0,24,32,284,3,0,0,267,150,16,21.1024484434165,0,14,7,4,0,0,28,7,7,0,0,0,0,0,4,1,8,5,0,0,0,0,0,0,0,0,0,2,0,0,0,0,4,41,2,3,0,1,3,0,1,1,2,74,1,1,0,0,26,1,0,1,0,0,0,0,0,0,0,0,0,0,26,,,26,0,0,5,5,0,0,1,0,0,0,0,0,4,0,62,197,1,0,0,0,1,3,30,0,167
2012,2,LV,REG,2012_02_OAK_MIA,MIA,24,48,373,1,1,0,0,0,0,417,206,15,4.73953257116709,-7.37366949518522,0,17,8,5,1,14,23,0,0,0,1,-6.58144684036961,0,0,0,0,0,24,48,373,1,0,0,417,206,15,4.73953257116709,0,17,8,5,1,0,55,0,0,5,19,0,1,11,4,0,0,1,0,0,0,0,0,0,0,0,0,1,-5,0,0,0,5,42,4,0,1,0,1,0,5,58,3,54,2,2,0,0,27,1,0,2,0,0,0,0,0,0,0,0,0,0,25;27,,,52,0,0,1,1,0,0,1,0,0,0,0,0,9,0,60,422,1,0,0,1,2,6,85,0,317
2012,2,MIA,REG,2012_02_OAK_MIA,LV,18,30,200,1,0,1,-11,0,0,229,46,11,3.55913666461129,1.44770577036101,0,11,4,3,0,43,263,4,0,0,12,9.20828903996153,0,7,6,2,1,18,29,200,1,0,0,229,46,11,5.49129666446243,0,11,4,3,0,0,43,0,2,2,11,0,0,0,9,1,8,6,0,0,0,0,0,0,0,0,0,0,0,0,0,0,3,21,1,0,0,0,0,0,6,85,0,0,0,0,0,0,,,0,0,0,0,0,0,0,0,0,0,0,0,,,,0,0,0,5,5,0,0,1,0,0,0,0,0,7,0,59,348,5,0,1,0,1,5,58,0,290
2012,2,MIN,REG,2012_02_MIN_IND,IND,27,35,245,2,0,4,-13,1,1,201,139,14,8.43190985418685,11.0185952697481,0,10,4,2,0,26,95,0,0,0,4,-4.06014358025277,0,1,1,1,0,27,35,245,2,0,0,201,139,14,15.5210441468639,0,10,4,2,0,0,42,0,22,6,36,0,2,30,3,0,0,3,0,1,0,0,0,0,0,0,0,1,0,0,0,0,11,105,4,1,1,0,2,1,5,51,4,111,2,2,0,0,51,1,0,1,0,0,1,0,0,0,0,0,0,0,51;29,,,80,0,0,2,2,0,0,1,0,0,0,0,0,4,0,55,192,2,0,2,0,1,1,11,0,181
2012,2,NE,REG,2012_02_ARI_NE,ARI,28,46,316,1,1,4,-19,0,0,466,131,17,0.242019101494884,0.937351451979743,0,13,6,3,0,28,90,0,0,0,8,-6.11210373710492,0,4,2,1,0,28,45,316,1,0,0,466,131,17,4.63713530012893,0,13,6,3,0,0,34,1,25,4,14,2,2,0,6,0,0,1,0,0,0,0,0,0,0,0,0,0,0,2,0,0,8,60,5,0,0,0,0,0,2,25,2,46,4,5,1,0,53,0.8,0,0,1,1,2,0,0,0,0,1,0,0,46;34;51;53,42,,184,42,0,0,0,0,0,,0,1,1,0,42,5,1,40,172,2,0,2,1,1,1,3,0,149
2012,2,NO,REG,2012_02_NO_CAR,CAR,31,49,325,1,2,1,-2,0,0,220,203,19,1.9897381137529,0.895792499501654,0,15,6,3,0,27,163,2,0,0,8,8.09077271446586,0,5,3,2,1,31,47,325,1,0,0,220,203,19,7.30234432003308,0,15,6,3,0,0,39,0,24,3,12,0,1,9,3,0,0,2,0,0,0,0,0,0,0,0,0,1,0,1,0,0,2,23,3,1,0,0,1,0,2,30,3,54,2,2,0,0,53,1,0,1,0,0,1,0,0,0,0,0,0,0,22;53,,,75,0,0,3,3,0,0,1,0,0,0,0,0,3,0,65,148,1,0,1,1,0,1,14,0,114
2012,2,NYG,REG,2012_02_TB_NYG,TB,31,51,510,3,3,0,0,0,0,524,185,21,7.18153957816835,2.13305798231387,0,21,10,8,3,25,94,1,1,0,6,1.15871589809842,1,4,3,1,0,31,51,510,3,0,0,524,185,21,7.18153957816835,0,21,10,8,3,0,28,21,21,4,19,1,2,15,4,2,6,5,0,0,0,0,0,0,0,0,0,1,1,0,0,0,7,53,4,0,1,0,1,0,2,23,4,99,4,4,0,0,37,1,0,2,2,0,0,0,0,0,0,0,0,0,37;24;36;24,,,121,0,0,3,3,0,0,1,0,0,0,0,0,2,0,47,79,1,0,0,0,0,2,16,0,63
2012,2,NYJ,REG,2012_02_NYJ_PIT,PIT,10,27,138,1,0,2,-9,0,0,318,34,6,-4.97081609141217,-21.6855194833544,0,7,2,2,1,22,90,0,0,0,5,0.104621666599996,0,3,2,1,0,10,27,138,1,0,0,318,34,6,-1.89151147864662,0,7,2,2,1,0,36,9,33,7,21,0,3,10,3,0,0,3,0,1,0,0,0,0,0,0,0,0,0,0,0,0,7,63,2,0,1,0,1,1,3,6,4,112,1,1,0,0,38,1,0,0,1,0,0,0,0,0,0,0,0,0,38,,,38,0,0,1,1,0,0,1,0,0,0,0,0,6,0,58,272,1,1,2,1,0,2,23,0,229
2012,2,PHI,REG,2012_02_BAL_PHI,BAL,23,32,371,1,2,2,-14,0,0,344,87,17,11.4404766831431,17.4967030187448,0,17,13,7,1,41,129,2,2,2,7,-10.6063880147181,0,2,1,1,0,23,30,371,1,0,0,344,87,17,15.895201615378,0,17,13,7,1,0,47,0,4,4,24,1,2,18,1,1,0,8,0,0,0,0,0,0,0,0,0,0,-10,1,0,0,7,58,4,1,1,0,2,2,3,10,3,49,1,1,0,0,23,1,0,1,0,0,0,0,0,0,0,0,0,0,23,,,23,0,0,3,3,0,0,1,0,0,0,0,0,5,0,56,196,0,0,1,0,1,3,34,0,162
2012,2,PIT,REG,2012_02_NYJ_PIT,NYJ,24,31,275,2,0,3,-10,0,0,256,101,13,14.8678434518832,13.1478151006083,0,12,6,3,0,28,66,1,0,0,5,-6.53164628975681,0,2,1,0,0,24,31,275,2,0,0,256,101,13,18.3377015519654,0,12,6,3,0,0,27,8,16,4,18,0,2,9,3,0,0,5,0,0,0,0,0,0,0,0,0,0,0,1,0,0,10,107,4,0,0,0,0,0,2,23,2,45,2,2,0,0,45,1,0,0,0,2,0,0,0,0,0,0,0,0,45;45,,,90,0,0,3,3,0,0,1,0,0,0,0,0,5,0,49,205,3,0,1,0,1,3,6,0,199
2012,2,SEA,REG,2012_02_DAL_SEA,DAL,15,20,151,1,0,2,-18,0,0,169,51,8,5.79834628304467,12.9861690104008,0,6,3,2,0,41,182,1,0,0,9,3.44799556746148,0,3,3,1,0,15,20,151,1,0,0,169,51,8,6.27983287199401,0,6,3,2,0,1,35,1,17,2,8,2,1,4,6,1,35,7,0,0,0,1,0,0,0,0,3,0,0,1,0,0,5,35,1,0,0,0,0,0,1,7,1,20,2,2,0,0,25,1,0,2,0,0,0,0,0,0,0,0,0,0,21;25,,,46,0,0,3,3,0,0,1,0,0,0,0,0,4,0,68,215,2,0,1,1,0,2,2,0,193
2012,2,SF,REG,2012_02_DET_SF,DET,20,31,226,2,0,3,-25,0,0,176,124,13,8.33566778989359,-3.79898894217707,0,13,4,2,0,27,148,1,0,0,8,2.50099460405181,0,8,6,1,0,20,31,226,2,0,0,176,124,13,10.59956851099,0,13,4,2,0,0,44,4,6,1,7,0,2,16,4,1,20,7,0,0,0,0,0,0,0,0,0,1,0,0,0,0,5,62,5,1,1,0,2,1,1,8,5,85,2,2,0,0,48,1,0,0,1,1,0,0,0,0,0,0,0,0,36;48,,,84,0,0,3,3,0,0,1,0,0,0,0,0,3,0,52,109,2,0,0,0,2,1,10,0,99
2012,2,TB,REG,2012_02_TB_NYG,NYG,15,28,243,2,2,2,-15,0,0,390,59,10,5.6502619351002,-2.79303586908749,0,10,7,5,2,22,79,1,0,0,4,-2.95083838194842,0,1,1,0,0,15,28,243,2,0,0,390,59,10,8.83739215789573,0,10,7,5,2,0,37,21,21,2,2,0,0,0,2,3,100,15,1,0,0,0,0,0,0,0,0,1,0,0,0,0,5,33,3,1,0,0,1,0,2,16,8,198,2,2,0,0,52,1,0,0,0,1,1,0,0,0,0,0,0,0,45;52,,,97,0,0,4,4,0,0,1,0,0,0,0,0,6,0,53,252,3,1,0,0,3,2,23,0,229
2012,2,TEN,REG,2012_02_TEN_SD,LAC,15,30,174,1,1,0,0,0,0,256,78,7,-9.38309730426369,-9.60914009603961,0,7,4,1,1,10,38,0,0,0,1,0.00699588342104107,0,1,1,1,0,15,29,174,1,0,0,256,78,7,-8.28346774727066,0,7,4,1,1,0,40,27,27,6,19,3,4,16,4,1,11,3,0,0,0,0,0,0,0,0,0,0,0,0,0,0,8,59,3,0,0,0,0,0,3,30,7,177,1,1,0,0,23,1,0,1,0,0,0,0,0,0,0,0,0,0,23,,,23,0,0,1,1,0,0,1,0,0,0,0,0,7,0,63,361,3,3,0,1,2,1,1,0,340
2012,2,WAS,REG,2012_02_WAS_STL,LA,20,29,206,1,1,1,-9,0,0,213,85,7,0.835798576795985,6.07662796974182,0,5,2,2,1,29,176,2,0,0,9,7.34201400598977,0,6,4,2,0,20,27,206,1,0,0,213,85,7,5.26335804010325,0,5,2,2,1,0,57,1,1,5,15,3,2,9,4,1,0,5,0,0,0,0,0,0,0,0,0,0,0,2,30,1,11,96,6,0,0,0,0,0,1,-3,4,53,0,1,1,0,,0,0,0,0,0,0,0,0,0,0,0,0,1,,62,,0,62,0,4,4,0,0,1,0,0,0,0,0,5,1,55,240,2,0,0,0,1,4,29,0,211
2012,3,ARI,REG,2012_03_PHI_ARI,PHI,17,24,222,2,0,3,-29,0,0,159,115,12,7.55135325402186,3.36240213364363,0,10,4,3,0,34,99,0,0,0,3,-11.7056346549616,0,4,3,2,0,17,24,222,2,0,0,159,115,12,13.148675012344,0,10,4,3,0,0,43,1,7,5,30,3,5,23,14,0,0,3,0,0,0,0,0,0,0,0,0,0,0,3,93,1,5,45,1,0,0,0,0,0,5,52,1,12,2,2,0,0,47,1,0,1,0,1,0,0,0,0,0,0,0,0,47;27,,,74,0,0,3,3,0,0,1,0,0,0,0,0,6,0,58,283,2,0,0,1,3,2,16,0,247
2012,3,ATL,REG,2012_03_ATL_SD,LAC,30,40,275,3,1,2,-10,0,0,266,109,18,15.9971165641327,10.8114188298201,0,11,3,1,0,26,119,1,0,0,5,-0.760558631401975,0,2,2,1,0,30,39,275,3,0,0,266,109,18,20.1898581827991,0,11,3,1,0,0,29,13,13,1,9,2,1,9,3,2,-2,5,0,0,0,0,0,0,0,0,0,0,0,2,0,0,2,15,0,0,0,0,0,0,2,34,0,0,0,0,0,0,,,0,0,0,0,0,0,0,0,0,0,0,0,,,,0,0,0,3,3,0,0,1,0,0,0,0,0,5,0,53,223,2,0,0,0,3,2,11,0,212
2012,3,BAL,REG,2012_03_NE_BAL,NE,28,39,382,3,1,0,0,0,0,462,162,17,15.2503777136153,13.1358981132507,0,15,11,9,1,26,121,1,0,0,6,-2.34107227320324,0,1,1,0,0,28,39,382,3,0,0,462,162,17,15.2503777136153,0,15,11,9,1,0,47,14,16,7,35,0,2,16,6,0,0,5,0,1,0,0,0,0,0,0,0,1,0,0,0,0,14,135,5,0,1,0,1,0,2,19,4,81,1,1,0,0,27,1,0,1,0,0,0,0,0,0,0,0,0,0,27,,,27,0,0,4,4,0,0,1,1,1,0,0,27,3,0,52,136,2,0,1,1,0,1,11,0,105
2012,3,BUF,REG,2012_03_BUF_CLE,CLE,22,35,208,3,0,1,-2,1,1,157,118,11,8.06346082916068,-4.18193025248391,0,7,3,1,0,34,138,0,0,0,6,-5.93279525934486,0,3,1,1,0,22,35,208,3,0,0,157,118,11,12.6008739770209,0,7,3,1,0,0,45,0,8,8,31,1,4,30,5,2,41,8,0,0,0,0,0,0,0,0,0,0,0,0,0,0,10,75,3,0,1,0,1,1,2,53,1,34,1,1,0,0,37,1,0,0,1,0,0,0,0,0,0,0,0,0,37,,,37,0,0,3,3,0,0,1,0,0,0,0,0,6,0,66,252,1,3,0,0,0,3,43,0,209
2012,3,CAR,REG,2012_03_NYG_CAR,NYG,19,33,288,0,3,2,-21,0,0,271,134,14,-6.48143654718297,-4.26889052896789,0,14,9,4,0,20,60,1,0,0,4,0.00901015935232863,0,1,1,0,0,19,33,288,0,0,0,271,134,14,-2.53352056728909,0,14,9,4,0,0,44,0,36,6,18,1,2,12,3,0,0,3,0,1,0,0,0,0,0,0,0,0,0,0,0,0,3,22,0,1,1,0,2,2,1,0,6,126,0,0,0,0,,,0,0,0,0,0,0,0,0,0,0,0,0,,,,0,0,0,1,1,0,0,1,0,0,0,0,0,3,0,44,125,1,0,0,1,1,1,6,0,99
2012,3,CHI,REG,2012_03_STL_CHI,LA,17,31,183,0,1,2,-12,0,0,212,86,10,-6.16347878037876,-8.72788852260959,0,10,2,1,0,34,103,1,0,0,8,-1.90001033031327,0,5,5,1,0,17,31,183,0,0,0,212,86,10,-3.06365586312412,0,10,2,1,0,0,41,0,8,8,39,0,6,51,10,2,34,7,1,0,0,0,0,0,0,0,0,0,0,0,0,0,6,45,4,0,0,0,0,0,3,39,3,85,3,3,0,0,54,1,0,1,1,0,1,0,0,0,0,0,0,0,54;22;37,,,113,0,0,2,2,0,0,1,0,0,0,0,0,4,0,55,165,2,1,0,0,1,2,20,0,145
2012,3,CIN,REG,2012_03_CIN_WAS,WAS,20,28,401,4,1,2,-16,0,0,302,169,12,20.8603842799647,11.6216194416795,0,12,7,7,3,28,93,1,1,1,8,-7.61140441714088,0,4,1,0,0,20,28,401,4,0,0,302,169,12,24.8068127978921,0,12,7,7,3,0,42,9,31,7,44,1,4,32,13,0,0,4,0,0,0,0,0,0,0,0,0,0,0,1,0,0,8,80,3,1,0,0,1,1,4,24,3,63,1,1,0,0,47,1,0,0,0,1,0,0,0,0,0,0,0,0,47,,,47,0,0,5,5,0,0,1,0,0,0,0,0,4,0,56,165,3,1,1,0,1,1,-1,0,166
2012,3,CLE,REG,2012_03_BUF_CLE,BUF,27,43,237,1,2,4,-30,0,0,305,135,11,-10.3867785949842,-2.89878346199213,0,11,5,3,0,13,33,1,0,0,4,-2.85986185329966,0,0,0,0,0,27,43,237,1,1,0,305,135,11,-4.89459338359302,0,11,5,3,0,0,46,0,16,2,3,0,0,0,1,0,0,5,0,1,0,0,0,0,0,0,0,2,0,1,0,0,6,57,6,1,1,0,2,0,3,43,3,85,0,0,0,0,,,0,0,0,0,0,0,0,0,0,0,0,0,,,,0,0,0,2,2,0,0,1,0,0,0,0,0,8,0,52,336,3,3,0,0,3,2,53,0,283
2012,3,DAL,REG,2012_03_TB_DAL,TB,25,39,283,0,1,4,-24,2,2,438,119,12,-7.03180103158317,1.7972852446531,0,12,7,2,1,23,38,1,0,0,2,-8.30812499247177,0,2,0,0,0,25,38,283,0,0,0,438,119,12,5.3710280498772,0,12,7,2,1,0,35,1,13,2,16,2,2,19,6,1,0,4,0,0,0,0,0,0,0,0,0,0,0,1,0,0,13,105,5,2,0,0,2,2,3,43,1,18,3,3,0,0,32,1,0,2,1,0,0,0,0,0,0,0,0,0,32;26;22,,,80,0,0,1,1,0,0,1,0,0,0,0,0,4,0,54,173,1,0,0,0,1,3,10,0,163
2012,3,DEN,REG,2012_03_HOU_DEN,HOU,26,52,330,2,0,3,-14,0,0,470,107,14,-1.10925396725123,-10.4527147377239,0,13,8,7,0,21,59,0,0,0,5,-6.00407542454195,0,2,1,0,0,26,51,330,2,0,0,470,117,14,2.84265286357787,0,13,7,6,0,0,42,0,20,2,9,1,1,6,7,1,7,6,0,0,1,0,0,0,0,0,0,0,0,1,0,0,7,75,6,0,1,0,1,1,4,29,4,84,3,3,0,0,53,1,0,1,1,0,1,0,0,0,0,0,0,0,32;23;53,,,108,0,0,2,2,0,0,1,0,0,0,0,0,8,0,56,379,3,0,2,1,1,4,19,0,340
2012,3,DET,REG,2012_03_DET_TEN,TEN,43,55,450,3,0,1,-8,0,0,413,160,23,26.2200585970876,15.0792058695246,1,18,8,5,1,36,141,1,0,0,11,-1.14019515509638,0,1,1,0,0,43,54,450,3,1,1,413,160,23,18.2645213780797,1,18,8,5,1,0,39,0,16,5,24,1,0,0,1,0,0,4,0,0,0,0,0,0,0,0,0,0,0,2,0,0,10,91,5,1,0,0,1,1,0,0,2,42,4,4,0,0,53,1,0,1,1,1,1,0,0,0,0,0,0,0,47;53;33;26,,,159,0,0,3,3,0,0,1,0,0,0,0,0,4,0,46,156,1,0,0,0,1,3,73,1,83
2012,3,GB,REG,2012_03_GB_SEA,SEA,26,39,223,0,0,8,-39,0,0,198,98,11,-1.10362297723007,2.06221279345061,0,10,1,1,0,21,84,1,1,0,6,1.7134160665446,0,2,2,1,0,26,38,223,0,0,0,198,98,11,8.96705287722468,0,10,1,1,0,0,19,2,40,2,20,0,1,19,3,0,0,4,0,1,0,0,0,0,0,0,0,2,0,0,0,0,10,127,4,1,1,0,2,0,3,12,1,23,2,2,0,0,40,1,0,1,0,1,0,0,0,0,0,0,0,0,29;40,,,69,0,0,0,0,0,0,,0,0,0,0,0,6,0,55,267,3,0,2,0,2,2,5,0,262
2012,3,HOU,REG,2012_03_HOU_DEN,DEN,17,30,290,4,1,1,-6,0,0,337,129,13,17.5956035328199,3.27864970479693,0,11,6,4,3,34,152,0,1,1,7,-3.9968585887691,0,3,2,2,0,17,28,290,4,0,0,337,129,13,19.7062924163983,0,11,6,4,3,0,50,0,10,6,17,0,3,14,7,0,0,12,0,0,0,0,0,0,0,0,0,0,0,1,0,0,9,69,3,1,0,0,1,1,4,19,1,0,1,1,0,0,41,1,0,0,0,1,0,0,0,0,0,0,0,0,41,,,41,0,0,4,4,0,0,1,0,0,0,0,0,5,0,66,271,1,0,0,1,0,4,29,0,222
2012,3,IND,REG,2012_03_JAX_IND,JAX,22,46,313,2,1,0,0,0,0,542,119,15,1.33434413687792,-7.99197259951722,0,13,6,4,1,29,124,0,0,0,6,2.20017083956402,0,3,2,0,0,22,44,313,2,0,0,542,119,15,1.92341796282562,0,13,6,4,1,0,39,0,16,4,15,1,1,7,3,0,0,3,0,0,0,0,0,0,0,0,0,0,0,0,0,0,11,106,5,0,0,0,0,0,4,29,5,139,1,2,1,0,37,0.5,0,0,1,0,0,0,0,0,1,0,0,0,37,36,,37,36,0,2,2,0,0,1,0,0,0,0,0,6,0,63,280,2,1,0,1,1,3,8,0,252
2012,3,JAX,REG,2012_03_JAX_IND,IND,10,21,155,1,0,1,-7,1,0,145,118,3,-1.6299527313664,-17.0889037705603,0,3,2,2,1,32,185,1,1,0,10,5.9092633121619,0,2,2,1,1,10,21,155,1,0,0,145,118,3,-0.00707328370239013,0,3,2,2,1,0,46,0,16,1,2,0,0,0,5,1,22,9,0,0,0,0,0,0,0,0,0,2,0,0,0,0,6,67,5,1,1,0,2,0,3,8,1,20,3,3,0,0,47,1,0,1,0,2,0,0,0,0,0,0,0,0,44;47;26,,,117,0,0,1,1,0,0,1,0,0,0,0,0,6,0,66,321,1,0,0,1,1,4,29,0,272
2012,3,KC,REG,2012_03_KC_NO,NO,26,44,248,0,1,3,-11,1,1,338,148,16,-4.45857442083878,-4.55300225767978,0,13,3,1,0,45,273,1,0,0,10,5.24808845953284,0,4,3,2,2,26,43,248,0,1,1,338,148,16,-6.45829578438487,0,13,3,1,0,0,36,0,18,5,36,0,4,35,8,1,32,5,0,0,1,0,0,0,0,0,0,0,0,0,0,0,6,40,7,1,1,0,2,2,3,40,5,95,6,6,0,0,45,1,0,1,3,2,0,0,0,0,0,0,0,0,25;45;34;38;43;31,,,216,0,0,1,1,0,0,1,1,1,0,0,31,5,0,55,208,4,1,2,0,1,1,2,0,206
2012,3,LA,REG,2012_03_STL_CHI,CHI,18,35,152,0,2,6,-51,0,0,237,47,6,-20.7096296700698,-13.0186591954792,0,6,2,1,0,17,59,0,0,0,5,0.333733325300273,0,3,2,0,0,18,34,152,0,0,0,237,47,6,-9.74533115047287,0,6,2,1,0,0,50,0,12,5,19,0,2,12,6,1,32,6,0,0,0,0,0,0,0,0,0,0,0,0,0,0,4,40,4,0,0,0,0,0,2,20,1,24,2,2,0,0,56,1,0,0,0,1,1,0,0,0,0,0,0,0,56;46,,,102,0,0,0,0,0,0,,0,0,0,0,0,6,0,56,279,1,2,0,1,0,3,39,0,220
2012,3,LAC,REG,2012_03_ATL_SD,ATL,21,38,173,0,2,1,-9,0,0,293,111,9,-8.33739551741694,-9.62918330180018,0,7,3,1,0,17,116,0,1,1,6,0.613070465740748,0,2,1,1,1,21,38,173,0,1,1,293,111,9,-12.7322206210514,0,7,3,1,0,0,32,27,27,1,1,0,2,10,2,1,3,4,0,0,0,0,0,0,0,0,0,0,0,0,0,0,4,17,3,2,0,0,2,2,2,11,1,31,1,1,0,0,41,1,0,0,0,1,0,0,0,0,0,0,0,0,41,,,41,0,0,0,0,0,0,,0,0,0,0,0,4,0,64,206,0,1,0,1,0,2,34,0,152
2012,3,LV,REG,2012_03_PIT_OAK,PIT,24,34,209,3,1,1,-7,0,0,274,82,15,6.72928028189128,7.32001933981391,0,10,5,0,0,21,119,1,0,0,4,-0.0871497112901185,0,2,2,1,1,24,34,209,3,0,0,274,82,15,8.12851691416947,0,10,5,0,0,0,41,6,30,2,6,4,1,5,2,0,0,3,0,0,0,0,0,0,0,0,0,0,0,2,1,0,3,25,3,0,0,0,0,0,1,5,2,87,2,2,0,0,43,1,0,0,1,1,0,0,0,0,0,0,0,0,32;43,,,75,0,0,4,4,0,0,1,1,1,0,0,43,3,0,60,155,1,0,0,0,1,2,22,0,133
2012,3,MIA,REG,2012_03_NYJ_MIA,NYJ,16,36,196,0,1,0,0,0,0,377,47,9,-1.90066822625254,-14.2040928204854,0,9,5,3,1,43,185,2,1,1,9,-2.44027505451306,0,3,3,1,0,16,36,196,0,0,0,377,47,9,-1.90066822625254,0,9,5,3,1,0,53,0,14,3,7,0,2,11,8,2,7,8,0,0,0,0,0,0,0,0,0,0,0,0,0,0,11,65,7,1,0,0,1,1,3,19,4,92,2,4,2,0,41,0.5,0,1,0,1,0,0,0,0,0,2,0,0,21;41,47;48,,62,95,0,2,2,0,0,1,0,0,0,0,0,4,0,62,235,0,0,0,1,0,3,45,0,170
2012,3,MIN,REG,2012_03_SF_MIN,SF,21,35,198,2,0,0,0,0,0,199,118,15,12.4783960716422,-8.31101979528155,0,11,2,1,0,41,146,1,3,2,6,-5.41790382814361,0,2,2,2,0,21,35,198,2,0,0,199,118,15,12.4783960716422,0,11,2,1,0,0,42,2,18,2,11,2,3,13,4,1,24,4,0,0,0,0,0,1,0,0,0,1,0,2,0,0,1,10,3,2,1,0,3,2,0,0,3,74,1,1,0,0,52,1,0,0,0,0,1,0,0,0,0,0,0,0,52,,,52,0,0,3,3,0,0,1,0,0,0,0,0,4,0,53,181,1,0,0,1,1,2,24,0,137
2012,3,NE,REG,2012_03_NE_BAL,BAL,28,41,335,1,0,2,-16,0,0,298,135,19,18.5479513439269,5.15481324457541,0,17,3,3,1,34,77,2,1,0,6,-1.84361135569634,0,1,1,0,0,28,41,335,1,0,0,298,135,19,21.3685131557787,0,17,3,3,1,0,45,9,9,1,1,0,0,0,0,1,36,5,0,0,0,0,0,0,0,0,0,1,-3,0,0,0,10,83,4,0,1,0,1,0,1,11,1,24,3,3,0,0,49,1,0,1,1,1,0,0,0,0,0,0,0,0,37;49;20,,,106,0,0,3,3,0,0,1,0,0,0,0,0,4,0,56,172,2,0,0,0,2,2,19,0,153
2012,3,NO,REG,2012_03_KC_NO,KC,20,36,240,3,1,4,-35,0,0,301,86,12,-3.46832730928441,-5.70549050139056,0,8,5,3,0,19,83,0,0,0,2,-2.67376662942115,0,1,1,1,1,20,36,240,3,0,0,301,86,12,2.42626687086532,0,8,5,3,0,0,65,0,32,6,18,1,3,11,4,1,28,10,0,0,0,0,0,0,0,0,0,0,0,2,0,0,4,45,1,0,0,0,0,0,1,2,5,107,1,2,1,0,40,0.5,0,0,0,1,0,0,0,0,1,0,0,0,40,38,,40,38,0,3,3,0,0,1,0,0,0,0,0,6,0,70,335,1,1,1,1,0,3,40,0,275
2012,3,NYG,REG,2012_03_NYG_CAR,CAR,28,37,292,1,0,2,-12,1,0,250,99,15,13.8212556630357,14.5390844179524,0,12,6,5,0,29,125,2,0,0,8,4.02599900440438,0,3,3,1,0,28,37,292,1,0,0,250,99,15,17.0990557830997,0,12,6,5,0,0,41,0,10,1,9,1,2,21,4,3,61,7,0,0,0,0,0,0,0,0,0,1,0,2,0,0,5,38,1,1,0,0,1,0,1,6,1,19,5,5,0,0,49,1,0,1,2,2,0,0,0,0,0,0,0,0,47;49;30;36;27,,,189,0,0,3,3,0,0,1,0,0,0,0,0,2,0,41,76,2,0,1,0,0,1,0,0,76
2012,3,NYJ,REG,2012_03_NYJ_MIA,MIA,21,45,306,1,2,2,-11,0,0,496,122,14,-3.01022103977459,-7.3989441448992,0,13,5,2,1,32,93,0,0,0,3,-4.16727964168787,0,1,0,0,0,21,44,306,1,0,0,496,122,14,1.45942455103784,0,13,5,2,1,0,55,0,16,1,3,1,0,0,2,1,18,5,1,0,0,0,0,0,0,0,0,1,0,1,0,0,9,108,5,0,1,0,1,0,3,45,3,62,3,3,0,0,33,1,0,1,2,0,0,0,0,0,0,0,0,0,33;20;33,,,86,0,0,2,2,0,0,1,1,1,0,0,33,6,0,61,274,4,0,1,0,2,3,19,0,255
2012,3,PHI,REG,2012_03_PHI_ARI,ARI,17,37,217,0,0,5,-23,2,2,378,75,12,-18.6534957007347,-8.57686364167445,0,10,6,3,0,21,113,0,0,0,4,-0.13694384694884,0,4,3,1,0,17,37,217,0,0,0,378,75,12,0.903281776704321,0,10,6,3,0,0,48,5,15,8,33,0,3,29,7,0,0,3,0,1,0,0,0,0,0,0,0,0,0,0,0,0,5,65,5,3,0,0,3,3,2,16,3,66,2,2,0,0,40,1,0,0,1,1,0,0,0,0,0,0,0,0,36;40,,,76,0,0,0,0,0,0,,0,0,0,0,0,5,0,62,250,1,0,0,0,0,5,52,0,198
2012,3,PIT,REG,2012_03_PIT_OAK,LV,36,49,384,4,0,1,-5,0,0,373,191,18,27.104238846487,12.36265340577,0,16,9,5,0,20,54,0,1,1,6,-3.45627240370959,0,0,0,0,0,36,46,384,4,3,1,373,191,18,24.0159133541165,0,16,9,5,0,0,38,4,12,4,11,0,1,7,1,1,26,2,0,0,0,0,0,0,0,0,0,2,0,0,0,0,10,81,5,4,0,0,4,2,2,22,2,44,1,1,0,0,33,1,0,0,1,0,0,0,0,0,0,0,0,0,33,,,33,0,0,4,4,0,0,1,0,0,0,0,0,3,0,44,108,1,1,0,0,1,1,5,0,103
2012,3,SEA,REG,2012_03_GB_SEA,GB,10,21,130,2,0,1,-19,0,0,232,33,4,-1.9202942820848,-7.4392604685965,0,4,3,3,1,29,127,0,0,0,6,0.862590752309188,0,2,1,0,0,10,21,130,2,0,0,232,33,4,0.407181891554501,0,4,3,3,1,0,41,4,28,10,42,1,8,39,12,0,0,3,0,0,0,0,0,0,0,0,0,0,0,0,0,0,14,118,4,0,0,0,0,0,2,5,2,42,0,0,0,0,,,0,0,0,0,0,0,0,0,0,0,0,0,,,,0,0,0,2,2,0,0,1,0,0,0,0,0,6,0,73,309,3,0,1,0,2,3,12,0,297
2012,3,SF,REG,2012_03_SF_MIN,MIN,24,35,204,1,1,3,-13,1,1,234,73,14,0.00311311529375935,1.89342439174652,0,6,3,2,0,20,89,0,1,1,5,-5.20243006100645,0,3,0,0,0,24,35,204,1,0,0,234,73,14,5.1390366105189,0,6,3,2,0,0,44,2,28,3,5,2,0,0,2,0,0,1,0,0,0,0,0,0,0,0,0,0,0,2,14,0,6,60,6,2,0,0,2,2,2,24,4,193,2,3,0,1,29,0.666666666666667,0,2,0,0,0,0,0,0,0,0,0,0,29;29,,43,58,0,43,1,1,0,0,1,0,0,0,0,0,3,0,53,146,1,0,1,0,2,0,0,0,146
2012,3,TB,REG,2012_03_TB_DAL,DAL,10,28,110,1,1,2,-19,2,0,230,58,5,-14.8038762680545,-21.5097336857407,0,5,2,2,0,25,75,0,0,0,4,-1.95254391268827,0,2,1,0,0,10,27,110,1,0,0,230,58,5,-9.46935861844676,0,5,2,2,0,0,51,0,4,11,27,2,4,24,5,1,0,4,0,1,0,0,0,0,0,0,0,2,0,2,0,0,10,69,4,2,1,0,3,1,3,10,1,15,1,1,0,0,28,1,0,1,0,0,0,0,0,0,0,0,0,0,28,,,28,0,0,1,1,0,0,1,0,0,0,0,0,8,0,56,331,3,0,1,2,2,3,43,0,248
2012,3,TEN,REG,2012_03_DET_TEN,DET,29,42,378,2,0,0,0,0,0,317,172,13,19.0235730854926,3.72079766931988,0,10,7,4,2,19,59,0,1,1,4,-6.80033225199441,0,4,2,1,0,29,42,378,2,1,1,317,172,13,15.0502442783342,0,10,7,4,2,2,59,0,38,4,11,1,1,8,4,0,0,4,0,0,0,0,0,0,0,0,0,0,-2,1,72,1,6,32,4,1,1,0,2,2,3,73,4,174,3,5,2,0,38,0.6,0,1,2,0,0,0,0,0,0,2,0,0,31;38;26,41;48,,95,89,0,5,5,0,0,1,0,0,0,0,0,1,0,41,41,0,0,0,0,1,0,0,0,41
2012,3,WAS,REG,2012_03_CIN_WAS,CIN,21,34,221,1,0,5,-42,1,0,270,113,13,-2.06898980625556,2.48620997775685,0,12,3,2,0,35,202,2,2,1,15,6.69425206804471,0,8,5,1,0,21,33,221,1,0,0,270,113,13,5.55154821134056,0,12,3,2,0,0,28,10,38,2,17,1,2,16,6,1,0,6,1,0,0,0,0,0,0,0,0,2,5,1,0,0,6,60,4,1,2,0,3,1,1,-1,3,100,1,1,0,0,36,1,0,0,1,0,0,0,0,0,0,0,0,0,36,,,36,0,0,4,4,0,0,1,0,0,0,0,0,7,0,58,310,2,0,1,1,1,4,24,0,266
2012,4,ARI,REG,2012_04_MIA_ARI,MIA,29,48,324,3,2,8,-55,0,0,417,81,18,-8.3698618208291,-2.65786765764157,0,14,5,4,1,15,28,0,0,0,0,-6.69387457914637,0,0,0,0,0,29,48,324,3,0,0,417,81,18,3.97085769177647,0,14,5,4,1,0,52,5,11,7,48,2,4,37,10,2,5,9,0,3,0,0,0,0,0,0,0,3,11,2,60,0,6,62,3,2,2,0,4,0,4,18,3,90,1,1,0,0,46,1,0,0,0,1,0,0,0,0,0,0,0,0,46,,,46,0,0,3,3,0,0,1,1,1,0,0,46,9,0,68,435,3,1,2,0,4,2,9,0,426
2012,4,ATL,REG,2012_04_CAR_ATL,CAR,25,40,369,3,1,7,-64,0,0,407,145,14,1.77915783413486,0.0092126801609993,0,12,4,4,3,19,121,0,0,0,6,3.70943981717574,0,5,4,1,0,25,40,369,3,0,0,407,145,14,13.4353311825617,0,12,4,4,3,0,51,0,8,5,14,3,3,10,3,0,0,0,0,0,0,0,0,0,0,0,0,0,0,1,0,0,2,15,3,0,0,0,0,0,2,17,1,27,3,3,0,0,41,1,0,0,1,2,0,0,0,0,0,0,0,0,41;33;40,,,114,0,0,3,3,0,0,1,1,1,0,0,40,5,0,59,235,2,0,0,0,2,3,23,0,212
2012,4,BAL,REG,2012_04_CLE_BAL,CLE,28,46,356,1,1,4,-19,0,0,548,127,16,5.31344153605964,3.54874694476957,0,15,8,5,0,27,101,1,0,0,5,-3.64357967977412,0,3,2,1,0,28,46,356,1,0,0,548,127,16,9.84402869242108,0,15,8,5,0,0,34,11,11,4,11,1,1,6,9,1,63,11,1,0,0,0,0,0,0,0,0,0,0,1,0,0,11,100,5,0,0,0,0,0,1,0,3,68,1,2,1,0,45,0.5,0,0,0,1,0,0,0,0,0,1,0,0,45,47,,45,47,0,2,2,0,0,1,0,0,0,0,0,7,0,55,322,3,2,0,2,1,2,54,0,228
2012,4,BUF,REG,2012_04_NE_BUF,NE,22,39,350,4,4,3,-10,1,0,469,190,15,7.09487089869799,-1.95342756998845,0,13,9,7,1,27,98,0,2,2,4,-14.9208551601623,0,3,2,0,0,22,39,350,4,0,0,469,190,15,11.13274179172,0,13,9,7,1,0,38,21,31,2,3,3,1,7,3,0,0,7,0,0,0,0,0,0,0,0,0,1,0,2,8,0,3,17,3,3,0,0,3,2,0,0,1,26,0,0,0,0,,,0,0,0,0,0,0,0,0,0,0,0,0,,,,0,0,0,4,4,0,0,1,0,0,0,0,0,5,0,54,209,2,2,0,0,2,1,14,0,195
2012,4,CAR,REG,2012_04_CAR_ATL,ATL,15,25,215,2,0,3,-10,1,0,201,81,10,9.5510302206967,-5.4906656742096,0,8,6,3,0,35,199,2,2,1,11,1.39906606345903,0,9,5,1,0,15,25,215,2,0,0,201,81,10,11.3573317638948,0,8,6,3,0,0,41,0,16,7,44,0,7,64,12,1,21,7,0,0,0,0,0,0,0,0,0,2,0,0,0,0,9,64,5,3,0,0,3,1,3,23,2,55,0,0,0,0,,,0,0,0,0,0,0,0,0,0,0,0,0,,,,0,0,0,4,4,0,0,1,0,0,0,0,0,6,0,49,271,2,0,1,0,3,2,17,0,254
2012,4,CHI,REG,2012_04_CHI_DAL,DAL,18,24,275,2,0,2,-8,1,1,282,102,14,15.758585253818,15.3483495737116,0,13,9,6,0,28,93,0,0,0,3,-7.41107218954688,0,2,1,0,0,18,24,275,2,0,0,282,102,14,21.4824342425857,0,13,9,6,0,0,51,2,8,6,18,1,1,7,2,5,99,5,2,0,0,0,0,0,0,0,0,0,0,0,0,0,4,25,4,1,0,0,1,1,1,8,3,50,2,2,0,0,43,1,0,1,0,1,0,0,0,0,0,0,0,0,43;21,,,64,0,0,4,4,0,0,1,0,0,0,0,0,3,0,52,120,2,1,1,0,1,0,0,0,120
2012,4,CIN,REG,2012_04_CIN_JAX,JAX,20,31,244,2,1,0,0,0,0,252,115,12,14.9338458944134,6.10794482692595,0,10,5,3,1,34,138,1,2,1,6,-6.97004173498135,0,2,2,1,1,20,31,244,2,0,0,252,115,12,14.9338458944134,0,10,5,3,1,0,44,0,4,8,43,0,6,43,7,1,23,4,0,0,0,0,0,0,0,0,0,1,0,1,0,0,6,50,1,2,0,0,2,1,3,33,0,0,2,2,0,0,35,1,0,0,2,0,0,0,0,0,0,0,0,0,35;35,,,70,0,0,3,3,0,0,1,0,0,0,0,0,3,0,58,143,2,1,2,0,0,0,0,0,143
2012,4,CLE,REG,2012_04_CLE_BAL,BAL,25,52,320,0,1,1,-6,0,0,512,133,17,-6.63189406741806,-9.27338686585426,0,14,8,5,1,17,43,1,0,0,1,-3.81117443210678,0,0,0,0,0,25,50,320,0,0,0,512,133,17,-2.46091861326643,0,14,8,5,1,0,40,19,19,6,27,0,4,19,6,1,0,5,0,1,0,0,0,0,0,0,0,0,0,0,0,0,7,66,5,1,0,0,1,1,2,54,2,47,3,3,0,0,52,1,0,0,0,0,3,0,0,0,0,0,0,0,51;50;52,,,153,0,0,1,1,0,0,1,0,0,0,0,0,7,0,52,290,2,2,1,0,3,1,0,0,290
2012,4,DAL,REG,2012_04_CHI_DAL,CHI,40,53,396,2,5,1,-7,0,0,433,157,24,-7.77001985923554,9.73443566606595,1,17,7,4,0,14,41,0,1,0,2,-3.42881728260545,0,2,1,0,0,40,52,396,2,1,0,433,157,24,-5.25531331879021,1,17,7,4,0,0,42,3,13,2,9,1,2,8,4,0,0,1,0,0,0,0,0,0,0,0,0,2,-4,1,0,0,2,10,5,1,1,0,2,0,0,0,2,48,1,1,0,0,39,1,0,0,1,0,0,0,0,0,0,0,0,0,39,,,39,0,0,1,1,0,0,1,0,0,0,0,0,3,0,41,111,2,0,2,0,0,1,8,0,103
2012,4,DEN,REG,2012_04_OAK_DEN,LV,30,39,338,3,0,0,0,0,0,211,216,14,21.6046489697748,10.89385839609,0,13,8,6,1,38,165,1,0,0,11,1.47639191060147,0,6,4,1,0,30,38,338,3,1,1,211,216,14,19.1954038091337,0,13,8,6,1,0,32,1,15,3,23,1,3,21,7,0,0,2,0,0,0,0,0,0,0,0,0,0,0,0,0,0,4,30,0,0,1,0,1,1,5,42,1,16,3,3,0,0,53,1,0,1,0,1,1,0,0,0,0,0,0,0,21;43;53,,,117,0,0,4,4,0,0,1,0,0,0,0,0,0,0,,0,0,0,0,0,0,0,0,0,0
2012,4,DET,REG,2012_04_MIN_DET,MIN,30,51,319,0,0,5,-33,0,0,457,168,17,2.71387610455661,-3.95925039052963,0,14,7,2,0,20,55,1,1,1,2,-9.57460633560549,0,1,1,0,0,30,50,319,0,0,0,457,168,17,8.78701517474058,0,14,7,2,0,0,38,5,15,7,10,0,2,11,7,0,0,3,0,0,0,0,0,0,0,0,0,0,0,0,0,0,5,72,5,1,0,0,1,1,3,35,0,0,2,2,0,0,40,1,0,0,1,1,0,0,0,0,0,0,0,0,40;31,,,71,0,0,1,1,0,0,1,0,0,0,0,0,5,0,51,198,4,1,0,0,3,1,77,1,121
2012,4,GB,REG,2012_04_NO_GB,NO,31,41,319,4,1,0,0,0,0,323,160,21,17.9379660919658,12.7070737321202,0,17,6,2,0,25,102,0,1,1,5,-2.61768236634089,0,1,0,0,0,31,41,319,4,0,0,323,160,21,17.9379660919658,0,17,6,2,0,0,37,8,36,4,22,0,2,17,2,0,0,9,0,0,0,0,0,0,0,0,0,0,-6,0,0,0,7,43,3,0,1,0,1,1,0,0,3,88,0,0,0,0,,,0,0,0,0,0,0,0,0,0,0,0,0,,,,0,0,0,4,4,0,0,1,0,0,0,0,0,2,0,47,82,1,1,0,0,0,1,4,0,78
2012,4,HOU,REG,2012_04_TEN_HOU,TEN,20,28,202,2,0,0,0,0,0,173,115,11,9.99962455645436,2.81868981463569,0,8,4,3,0,31,95,1,0,0,5,-4.45219910725678,0,1,1,0,0,20,28,202,2,0,0,173,115,11,9.99962455645436,0,8,4,3,0,0,46,9,11,4,26,2,4,26,6,2,118,5,2,0,0,0,0,0,0,0,0,0,0,1,7,0,1,3,3,0,0,0,0,0,4,34,2,56,1,1,0,0,33,1,0,0,1,0,0,0,0,0,0,0,0,0,33,,,33,0,0,5,5,0,0,1,0,0,0,0,0,6,0,61,259,4,0,1,0,2,3,9,0,250
2012,4,JAX,REG,2012_04_CIN_JAX,CIN,23,34,186,1,1,6,-43,0,0,206,89,11,-11.0700263762381,-0.38284825928071,0,7,2,1,0,18,69,0,0,0,5,0.783683710207697,0,0,0,0,0,23,34,186,1,0,0,206,89,11,-5.54251856538467,0,7,2,1,0,0,45,0,18,3,16,2,0,0,1,1,10,4,0,1,0,0,0,0,0,0,0,0,0,1,0,0,3,37,2,0,1,0,1,1,0,0,3,70,1,1,0,0,21,1,0,1,0,0,0,0,0,0,0,0,0,0,21,,,21,0,0,1,1,0,0,1,0,0,0,0,0,6,0,61,295,0,1,0,1,1,3,33,0,242
2012,4,KC,REG,2012_04_SD_KC,LAC,24,42,251,2,3,2,-17,1,0,259,108,15,-13.8896208330551,-3.60527153198536,0,13,4,3,0,22,115,1,3,3,6,-9.10953012737446,0,4,3,1,0,24,39,251,2,0,0,259,108,15,-7.98227136087371,0,13,4,3,0,0,56,0,2,6,27,0,3,20,3,1,1,4,0,0,0,0,0,0,0,0,0,1,0,0,0,0,9,80,4,4,0,0,4,3,3,39,4,109,0,0,0,0,,,0,0,0,0,0,0,0,0,0,0,0,0,,,,0,0,0,2,2,0,0,1,0,0,0,0,0,4,0,60,205,3,0,2,0,1,1,0,0,205
2012,4,LA,REG,2012_04_SEA_STL,SEA,17,31,223,1,1,2,-12,0,0,266,80,13,3.35249364449542,-5.62625487645467,0,11,4,2,1,27,75,0,0,0,2,-9.24145408913233,0,2,1,1,0,17,30,223,1,0,0,266,80,13,6.37865233413309,0,11,4,2,1,0,53,0,6,5,29,0,2,20,4,3,40,5,0,0,0,0,0,0,0,0,0,0,0,0,0,0,6,37,3,0,0,0,0,0,1,18,1,10,4,4,0,0,60,1,0,1,0,1,1,1,0,0,0,0,0,0,58;48;60;24,,,190,0,0,1,1,0,0,1,0,0,0,0,0,4,0,48,156,1,0,0,0,2,2,1,0,155
2012,4,LAC,REG,2012_04_SD_KC,KC,18,23,209,2,1,3,-20,0,0,161,126,9,3.77794213710137,15.9225229335868,0,10,5,3,0,34,104,1,1,0,7,-4.94115919144644,0,2,2,0,0,18,23,209,2,0,0,161,126,9,7.77167764586181,0,10,5,3,0,0,49,0,6,4,17,4,2,17,7,3,73,5,1,1,0,0,0,0,0,0,0,1,-3,3,0,0,7,75,5,0,2,1,2,0,1,0,2,53,3,3,0,0,47,1,0,1,0,2,0,0,0,0,0,0,0,0,24;47;45,,,116,0,0,4,4,0,0,1,0,0,0,0,0,5,0,66,269,0,1,0,1,0,3,39,0,210
2012,4,LV,REG,2012_04_OAK_DEN,DEN,19,34,202,0,0,3,-21,1,0,363,100,9,-3.06721148415353,-0.328167133471545,0,9,5,3,0,16,56,0,0,0,2,-5.04763960000128,0,1,1,0,0,19,34,202,0,0,0,363,100,9,0.574380765702797,0,9,5,3,0,0,55,0,22,3,9,0,0,0,2,0,0,4,0,0,0,0,0,0,0,0,0,1,0,1,0,0,5,41,3,1,0,0,1,0,0,0,0,0,2,2,0,0,38,1,0,1,1,0,0,0,0,0,0,0,0,0,38;24,,,62,0,0,0,0,0,0,,0,0,0,0,0,7,0,68,346,1,0,2,0,0,5,42,0,304
2012,4,MIA,REG,2012_04_MIA_ARI,ARI,26,41,431,1,2,4,-37,1,1,432,168,15,9.56360525731985,4.66139534624611,1,15,11,5,2,29,86,1,0,0,5,-5.90268552064663,0,3,3,1,0,26,41,431,1,1,1,432,168,15,9.88978319377462,1,15,11,5,2,0,54,3,11,9,57,2,8,55,10,2,31,7,0,0,0,0,0,0,0,0,0,0,0,0,0,0,4,40,5,2,0,0,2,2,2,9,1,23,2,3,1,0,32,0.666666666666667,0,1,1,0,0,0,0,0,0,0,1,0,32;27,51,,59,51,0,1,1,0,0,1,0,0,0,0,0,5,0,48,221,1,0,0,0,1,4,18,0,203
2012,4,MIN,REG,2012_04_MIN_DET,DET,16,26,111,0,0,2,-11,0,0,142,61,4,-8.62547158541637,-7.09681545312588,0,3,2,1,0,28,127,0,0,0,9,1.58263823215384,0,5,4,0,0,16,26,111,0,0,0,142,61,4,-6.72210022616644,0,3,2,1,0,2,46,3,19,7,37,1,5,33,9,0,0,11,0,0,0,0,0,0,0,0,0,0,0,1,0,0,5,87,0,0,0,0,0,0,1,77,2,109,2,3,1,0,49,0.666666666666667,0,1,0,1,0,0,0,0,0,1,0,0,49;27,46,,76,46,0,2,2,0,0,1,0,0,0,0,0,6,0,52,259,2,0,2,0,1,3,35,0,224
2012,4,NE,REG,2012_04_NE_BUF,BUF,22,36,340,3,0,1,-7,0,0,376,143,13,21.0234555256861,-0.45521863632732,0,15,9,4,1,40,247,4,1,0,19,12.9085936240461,0,9,8,2,0,22,36,340,3,2,2,376,143,13,13.8878522872651,0,15,9,4,1,0,37,9,15,4,14,3,3,10,5,4,56,9,0,0,0,0,0,0,0,0,0,0,0,2,2,0,1,10,2,3,0,1,3,2,1,14,1,20,1,3,2,0,30,0.333333333333333,0,0,1,0,0,0,0,0,0,2,0,0,30,49;42,,30,91,0,7,7,0,0,1,0,0,0,0,0,3,0,49,119,3,0,2,0,1,0,0,0,119
2012,4,NO,REG,2012_04_NO_GB,GB,35,54,446,3,0,2,-17,0,0,376,184,23,24.1246190150312,-0.307803573431792,0,17,9,7,1,19,45,0,0,0,1,-5.69114698574413,0,0,0,0,0,35,54,446,3,0,0,376,184,23,27.1482605540703,0,17,9,7,1,0,39,8,16,0,0,0,0,0,1,1,0,4,0,0,0,0,0,0,0,0,0,0,0,1,0,0,10,72,5,0,0,0,0,0,1,4,3,91,2,3,1,0,27,0.666666666666667,0,2,0,0,0,0,0,0,0,1,0,0,20;27,48,,47,48,0,3,3,0,0,1,0,1,1,0,48,3,0,48,108,1,2,0,0,1,0,0,0,108
2012,4,NYG,REG,2012_04_NYG_PHI,PHI,24,42,309,2,1,0,0,0,0,436,122,14,7.7534981304574,1.24495654571347,0,13,5,5,1,19,57,0,0,0,2,-4.61509282380575,0,0,0,0,0,24,41,309,2,0,0,436,122,14,9.1524457521531,0,13,5,5,1,0,50,0,10,8,18,0,2,10,4,0,0,4,0,0,0,0,0,0,0,0,0,1,0,0,0,0,7,55,6,0,1,0,1,0,3,29,6,217,1,2,1,0,25,0.5,0,1,0,0,0,0,0,0,0,0,1,0,25,54,,25,54,0,2,2,0,0,1,0,1,1,0,54,5,0,60,222,2,1,0,2,1,1,3,0,179
2012,4,NYJ,REG,2012_04_SF_NYJ,SF,14,30,112,0,1,3,-12,1,1,209,54,5,-16.0140592972166,-19.6555638313293,0,3,1,1,0,17,45,0,0,0,1,-4.24656872835476,0,0,0,0,0,14,30,112,0,2,2,209,54,5,-21.7961326526711,0,3,1,1,0,0,47,0,22,5,13,0,2,9,3,0,0,3,0,0,0,0,0,0,0,0,0,0,0,0,0,0,4,30,2,2,1,0,3,3,0,0,2,73,0,0,0,0,,,0,0,0,0,0,0,0,0,0,0,0,0,,,,0,0,0,0,0,0,0,,0,0,0,0,0,7,1,54,303,2,0,0,0,3,4,40,0,263
2012,4,PHI,REG,2012_04_NYG_PHI,NYG,19,30,241,1,0,2,-10,0,0,269,87,11,7.7780656201194,7.0729394753774,0,10,7,3,0,36,191,0,1,0,10,0.178327635258054,0,8,7,2,0,19,27,241,1,0,0,269,87,11,12.7322998369178,0,10,7,3,0,0,42,0,12,1,5,0,0,0,3,1,14,7,0,0,0,0,0,0,0,0,0,0,0,0,0,0,5,49,3,0,1,1,1,0,1,3,3,50,4,4,0,0,48,1,0,2,1,1,0,0,0,0,0,0,0,0,20;48;35;26,,,129,0,0,1,1,0,0,1,0,0,0,0,0,4,0,56,182,2,0,0,0,1,3,29,0,153
2012,4,SEA,REG,2012_04_SEA_STL,LA,17,25,160,0,3,2,-20,0,0,181,79,8,-9.68977951649812,0.8869389295578,0,7,3,0,0,34,179,1,0,0,11,3.1237481466801,0,4,3,0,0,17,25,160,0,0,0,181,79,8,-7.30911839289128,0,7,3,0,0,0,46,0,2,9,33,0,2,12,3,1,29,4,0,0,0,0,0,0,0,0,0,0,0,0,0,0,5,55,3,0,0,0,0,0,2,1,1,69,2,2,0,0,31,1,0,0,2,0,0,0,0,0,0,0,0,0,31;30,,,61,0,0,1,1,0,0,1,0,0,0,0,0,4,0,62,196,0,2,0,1,0,1,18,0,158
2012,4,SF,REG,2012_04_SF_NYJ,NYJ,12,22,143,0,0,2,-9,0,0,306,34,7,-5.3080399285381,-0.496109168637883,0,5,3,3,0,44,247,3,1,0,16,10.8802662325565,0,7,5,2,0,12,22,143,0,0,0,306,34,7,-2.56313294417385,0,5,3,3,0,0,23,0,24,3,13,2,3,12,3,1,0,7,0,1,0,1,0,0,0,0,0,2,-2,3,52,1,8,67,4,0,2,0,2,0,4,40,1,25,2,4,2,0,40,0.5,0,0,1,1,0,0,0,0,0,1,1,0,36;40,55;40,,76,95,0,4,4,0,0,1,0,0,0,0,0,4,0,61,184,2,1,2,1,0,0,0,0,164
2012,4,TB,REG,2012_04_WAS_TB,WAS,24,39,299,1,1,1,-6,0,0,310,82,11,0.518287315623677,-2.74441968172024,0,8,6,4,2,18,80,1,0,0,5,-0.0400540523371995,0,2,1,0,0,24,39,299,1,0,0,310,82,11,1.97335360165111,0,8,6,4,2,0,49,3,17,5,12,1,1,2,2,0,0,2,0,0,0,0,0,0,0,0,0,0,0,0,0,0,10,107,5,0,0,0,0,0,4,36,1,2,3,3,0,0,57,1,0,0,0,1,2,0,0,0,0,0,0,0,50;57;47,,,154,0,0,1,1,0,0,1,0,0,0,0,0,6,0,64,277,3,1,0,0,2,3,17,0,260
2012,4,TEN,REG,2012_04_TEN_HOU,HOU,17,27,193,2,2,4,-26,1,1,185,119,9,-18.7339633311494,-1.76390879429304,0,8,5,3,0,29,158,0,0,0,8,2.00751346006291,0,4,4,0,0,17,26,193,2,0,0,185,119,9,-5.73742619302357,0,8,5,3,0,0,37,16,16,4,12,0,0,0,3,0,0,2,0,1,0,0,0,0,0,0,0,1,0,0,0,0,7,73,2,2,0,0,2,1,3,9,5,107,0,0,0,0,,,0,0,0,0,0,0,0,0,0,0,0,0,,,,0,0,0,2,2,0,0,1,0,0,0,0,0,7,0,60,326,2,1,2,0,0,4,34,0,292
2012,4,WAS,REG,2012_04_WAS_TB,TB,26,35,323,0,0,1,-2,0,0,222,191,14,10.7295789892726,7.61750568361843,0,17,11,6,0,31,153,2,1,0,9,5.19068492198616,0,4,4,1,0,26,34,323,0,0,0,222,191,14,11.8865045317273,0,17,11,6,0,0,42,0,0,2,13,0,1,6,1,1,13,6,0,0,0,0,0,0,0,0,0,1,0,0,0,1,8,73,6,1,0,0,1,0,3,17,2,42,1,4,3,0,41,0.25,0,0,0,1,0,0,0,0,1,1,1,0,41,41;57;31,,41,129,0,3,3,0,0,1,1,1,0,0,41,6,0,61,280,1,0,0,0,2,4,36,0,244
2012,5,ARI,REG,2012_05_ARI_STL,LA,28,50,289,0,0,9,-52,1,1,414,144,13,-12.4092569033644,-8.23089915513992,0,13,5,2,0,17,45,0,0,0,4,-3.40841510274913,0,1,1,0,0,28,50,289,0,0,0,414,144,13,3.15673000578251,0,13,5,2,0,0,35,0,10,4,18,0,1,10,6,1,0,3,0,0,0,0,0,0,0,0,0,0,0,0,0,0,5,35,3,1,0,0,1,1,5,76,0,0,1,2,1,0,35,0.5,0,0,1,0,0,0,0,0,0,1,0,0,35,40,,35,40,0,0,0,0,0,,0,0,0,0,0,7,0,51,320,3,0,1,0,2,4,36,0,284
2012,5,ATL,REG,2012_05_ATL_WAS,WAS,34,52,345,2,1,1,-7,0,0,497,118,21,9.60367821977584,4.36765757890848,0,16,7,3,0,28,83,1,1,1,5,-9.01102313434239,0,1,1,0,0,34,52,345,2,0,0,497,118,21,11.4164165286917,0,16,7,3,0,0,33,6,20,4,11,0,3,15,8,2,28,4,0,0,0,0,0,0,0,0,0,0,-2,0,0,0,2,13,2,0,1,0,1,1,2,2,2,36,1,1,0,0,53,1,0,0,0,0,1,0,0,0,0,0,0,0,53,,,53,0,0,3,3,0,0,1,0,0,0,0,0,6,0,63,293,1,0,0,2,1,3,22,0,231
2012,5,BAL,REG,2012_05_BAL_KC,KC,13,27,187,0,1,4,-22,0,0,265,100,8,-7.80408251893026,-10.2608186779199,0,8,5,2,1,24,133,0,0,0,6,2.16103617772071,0,4,4,2,0,13,27,187,0,0,0,265,100,8,-2.56791079188457,0,8,5,2,1,0,66,0,6,9,23,1,0,0,2,2,9,2,0,0,0,0,0,0,0,0,0,0,0,2,13,0,5,33,2,1,0,0,1,1,1,10,2,52,3,3,0,0,39,1,0,2,1,0,0,0,0,0,0,0,0,0,28;26;39,,,93,0,0,0,0,0,0,,0,0,0,0,0,5,0,56,232,2,0,0,0,0,5,33,0,199
2012,5,BUF,REG,2012_05_BUF_SF,SF,16,26,126,0,1,1,-11,0,0,243,52,6,-8.11192423320608,1.32576181338384,0,4,2,1,0,19,89,0,0,0,4,-1.49774741003057,0,2,2,1,0,16,26,126,0,1,1,243,52,6,-10.0036595132551,0,4,2,1,0,0,52,2,6,0,0,1,0,0,3,0,0,1,0,0,0,0,0,0,0,0,0,0,0,1,0,0,5,30,0,1,0,0,1,1,1,28,2,87,1,1,0,0,31,1,0,0,1,0,0,0,0,0,0,0,0,0,31,,,31,0,0,0,0,0,0,,0,0,0,0,0,6,0,59,286,2,2,0,1,0,3,19,0,247
2012,5,CAR,REG,2012_05_SEA_CAR,SEA,12,29,141,0,0,4,-33,1,1,244,55,7,-14.0309935579926,-18.9871608183302,0,6,3,2,0,19,82,0,1,1,4,-6.60937857162207,0,4,3,0,0,12,29,141,0,1,0,244,55,7,-5.11679276922136,0,6,3,2,0,0,43,0,38,6,33,1,2,9,2,2,30,2,1,0,1,0,0,0,0,0,0,1,0,1,4,0,3,25,5,3,0,0,3,2,1,13,4,81,1,1,0,0,32,1,0,0,1,0,0,0,0,0,0,0,0,0,32,,,32,0,0,1,1,0,0,1,0,0,0,0,0,7,0,63,318,2,1,1,0,0,5,39,0,279
2012,5,CHI,REG,2012_05_CHI_JAX,JAX,23,39,292,2,1,1,-5,0,0,351,112,16,13.6857613706203,-0.84500049169247,0,16,4,3,0,33,214,1,0,0,9,11.3154958572704,0,6,3,1,1,23,39,292,2,0,0,351,112,16,14.9232476075818,0,16,4,3,0,0,38,0,4,5,14,1,3,13,5,2,72,5,2,0,0,0,0,0,0,0,0,0,0,1,0,0,12,80,3,0,0,0,0,0,4,8,1,28,2,2,0,0,32,1,0,0,2,0,0,0,0,0,0,0,0,0,32;31,,,63,0,0,5,5,0,0,1,0,0,0,0,0,3,0,43,122,1,0,1,1,1,0,0,0,102
2012,5,CIN,REG,2012_05_MIA_CIN,MIA,26,43,234,1,2,3,-16,0,0,322,106,13,-9.531048784515,-4.40459688042485,0,13,5,2,0,19,80,0,0,0,4,-0.971909598069033,0,2,2,1,0,26,43,234,1,2,1,322,106,13,-7.57227881592058,0,13,5,2,0,0,34,2,36,5,17,1,2,12,6,0,0,4,0,0,0,0,0,0,0,0,0,1,0,2,5,0,5,46,6,2,0,0,2,1,2,25,2,49,2,3,1,0,42,0.666666666666667,0,1,0,1,0,0,0,0,0,1,0,0,42;24,41,,66,41,0,1,1,0,0,1,0,0,0,0,0,6,0,55,243,2,1,2,0,0,3,15,0,228
2012,5,CLE,REG,2012_05_CLE_NYG,NYG,22,35,291,2,2,0,0,0,0,211,165,11,5.95297414835864,-2.33324485165732,0,10,5,5,1,19,84,1,0,0,3,1.50516146350389,0,2,2,0,0,22,35,291,2,0,0,211,165,11,5.95297414835864,0,10,5,5,1,0,34,26,26,0,0,0,0,0,1,1,44,7,0,0,0,0,0,0,0,0,0,0,0,1,0,0,10,91,5,1,0,0,1,1,1,12,6,221,2,2,0,0,41,1,0,0,1,1,0,0,0,0,0,0,0,0,32;41,,,73,0,0,3,3,0,0,1,0,0,0,0,0,3,0,55,144,1,0,2,0,0,1,8,0,136
2012,5,DEN,REG,2012_05_DEN_NE,NE,31,44,337,3,0,2,-13,1,1,372,129,16,13.2851580618881,10.0827135484327,0,12,7,6,0,20,70,0,1,1,5,-5.91951911873184,0,2,0,0,0,31,44,337,3,1,1,372,129,16,15.3739678256679,0,12,7,6,0,0,48,0,58,9,47,2,4,30,5,0,0,1,0,0,0,0,0,0,0,0,0,0,0,1,0,0,4,21,4,3,0,0,3,3,0,0,4,61,0,0,0,0,,,0,0,0,0,0,0,0,0,0,0,0,0,,,,0,0,0,3,3,0,0,1,0,0,0,0,0,3,0,51,137,2,0,1,1,0,1,5,0,112
2012,5,GB,REG,2012_05_GB_IND,IND,20,32,235,3,1,5,-28,0,0,254,115,11,1.52620754860774,0.493141047416195,0,9,6,3,0,24,149,1,0,0,6,3.21280518188723,0,4,4,1,1,20,31,235,3,0,0,254,115,11,8.39475377524781,0,9,6,3,0,0,56,0,8,4,15,1,4,17,10,1,0,12,0,0,0,0,0,0,0,0,0,0,0,0,0,0,9,89,4,0,0,0,0,0,4,19,3,95,0,2,2,0,,0,0,0,0,0,0,0,0,0,0,0,2,0,,52;51,,0,103,0,3,3,0,0,1,0,0,0,0,0,7,0,58,316,4,0,0,0,5,2,13,0,303
2012,5,HOU,REG,2012_05_HOU_NYJ,NYJ,14,28,209,1,1,0,0,0,0,251,97,10,7.44068969806866,-5.399162035722,0,10,5,2,0,35,169,1,0,0,8,-0.449851849677178,0,5,5,2,1,14,26,209,1,0,0,251,97,10,8.64245199176692,0,10,5,2,0,0,32,0,26,2,13,1,3,13,6,2,90,10,0,0,0,0,0,0,0,0,0,0,0,0,0,0,7,50,3,0,0,0,0,0,1,3,3,33,3,3,0,0,42,1,0,2,0,1,0,0,0,0,0,0,0,0,27;42;22,,,91,0,0,2,2,0,0,1,0,0,0,0,0,6,0,48,241,4,1,2,0,3,0,0,0,241
2012,5,IND,REG,2012_05_GB_IND,GB,31,55,362,2,1,4,-17,1,0,543,99,16,3.54819717284286,-2.06895958293568,0,15,8,4,0,30,119,1,0,0,8,1.02459172804095,1,3,1,0,0,31,55,362,2,0,0,543,99,16,5.15991955427912,0,15,8,4,0,0,42,0,18,7,34,0,5,28,6,1,0,3,0,0,0,0,0,0,0,0,0,0,0,0,0,0,9,100,4,1,0,1,1,0,2,13,0,0,3,4,1,0,50,0.75,0,2,0,0,1,0,0,0,0,0,1,0,24;50;28,53,,102,53,0,1,1,0,0,1,0,0,0,0,0,5,0,47,223,2,0,0,0,1,4,19,0,204
2012,5,JAX,REG,2012_05_CHI_JAX,CHI,17,33,142,0,2,3,-13,1,1,313,32,5,-23.0369919310741,-10.2298188841704,0,5,2,1,0,17,60,0,0,0,3,-3.7724234231282,0,2,2,2,0,17,33,142,0,0,0,313,32,5,-16.1565561998122,0,5,2,1,0,0,56,0,8,3,9,0,1,5,4,1,0,4,0,0,0,0,0,0,0,0,0,0,0,0,0,0,6,49,1,1,0,0,1,1,0,0,3,65,1,1,0,0,31,1,0,0,1,0,0,0,0,0,0,0,0,0,31,,,31,0,0,0,0,0,0,,0,0,0,0,0,6,0,65,291,2,0,1,0,1,4,8,0,283
2012,5,KC,REG,2012_05_BAL_KC,BAL,11,17,124,0,2,0,0,0,0,140,41,6,0.661902310850141,7.27391242980957,0,5,3,2,0,51,214,0,3,2,12,-15.899381557716,0,8,4,1,0,11,16,124,0,0,0,140,41,6,0.817240010160763,0,5,3,2,0,0,46,0,0,4,22,1,4,22,6,1,29,3,0,0,0,0,0,0,0,0,0,0,-6,1,0,0,8,60,6,1,2,1,3,2,5,33,3,82,2,2,0,0,31,1,0,0,2,0,0,0,0,0,0,0,0,0,30;31,,,61,0,0,0,0,0,0,,0,0,0,0,0,5,0,58,236,3,0,2,0,2,1,10,0,226
2012,5,LA,REG,2012_05_ARI_STL,ARI,7,21,141,2,1,1,-10,0,0,300,17,6,-3.58993747925437,-19.9063879393396,0,4,2,2,2,32,111,0,0,0,6,-3.73876109917183,0,4,3,0,0,7,21,141,2,0,0,300,17,6,-1.5876397659495,0,4,2,2,2,0,44,0,30,6,38,1,9,52,12,0,0,7,0,0,0,0,0,0,0,0,0,0,0,1,0,0,7,60,3,0,0,0,0,0,4,36,1,36,1,1,0,0,53,1,0,0,0,0,1,0,0,0,0,0,0,0,53,,,53,0,0,2,2,0,0,1,0,0,0,0,0,7,0,68,398,3,2,0,0,0,5,76,0,322
2012,5,LAC,REG,2012_05_SD_NO,NO,27,42,354,2,1,5,-44,1,1,279,229,18,3.35082043164172,1.07461497187614,0,17,6,5,1,18,117,1,0,0,6,2.00853430328425,0,6,6,1,0,27,40,354,2,0,0,279,229,18,13.5592522699949,0,17,6,5,1,0,47,0,14,5,26,2,3,19,7,1,9,5,0,0,0,0,0,0,0,0,0,0,0,0,0,0,7,56,4,1,0,0,1,1,2,16,5,127,1,2,1,0,20,0.5,0,1,0,0,0,0,0,0,0,0,1,0,20,55,,20,55,0,3,3,0,0,1,0,0,0,0,0,4,0,61,182,3,0,0,0,2,2,2,0,180
2012,5,MIA,REG,2012_05_MIA_CIN,CIN,17,26,223,0,0,2,-12,0,0,262,106,9,7.30565278874566,7.63147068023682,0,9,6,5,0,35,68,2,1,1,4,-12.0936500888784,0,1,1,0,0,17,25,223,0,0,0,262,106,9,11.6441376923103,0,9,6,5,0,0,35,0,34,1,3,2,3,16,7,2,1,6,0,1,0,0,0,0,0,0,0,0,0,1,0,0,2,10,2,1,1,0,2,2,3,15,1,30,1,2,1,0,46,0.5,0,0,0,1,0,0,0,0,0,0,1,0,46,53,,46,53,0,2,2,0,0,1,0,0,0,0,0,5,0,59,248,0,1,0,2,0,2,25,0,183
2012,5,MIN,REG,2012_05_TEN_MIN,TEN,25,35,258,2,2,1,0,0,0,243,148,13,6.3950982703539,6.08708432742528,0,11,4,2,1,31,175,1,0,0,9,2.11235709280044,0,7,5,3,0,25,35,258,2,0,0,243,148,13,7.7053438569993,0,11,4,2,1,0,44,1,17,5,27,2,2,19,5,1,6,9,0,0,0,0,0,0,0,0,0,0,0,1,0,0,5,60,2,0,0,0,0,0,2,-1,0,0,3,3,0,0,42,1,0,1,1,1,0,0,0,0,0,0,0,0,42;36;26,,,104,0,0,3,3,0,0,1,0,0,0,0,0,3,0,52,138,1,0,0,0,1,2,25,0,113
2012,5,NE,REG,2012_05_DEN_NE,DEN,23,31,223,1,0,4,-30,1,0,209,118,16,7.32003523845924,8.63638962468793,0,10,2,2,0,54,251,3,1,1,18,5.03890430144276,0,7,5,2,0,23,31,223,1,0,0,209,118,16,14.5748328586924,0,10,2,2,0,0,33,0,32,2,11,3,2,13,5,0,0,3,0,0,0,0,0,0,0,0,0,1,0,3,14,0,6,59,3,2,0,0,2,1,1,5,2,23,1,1,0,0,23,1,0,1,0,0,0,0,0,0,0,0,0,0,23,,,23,0,0,4,4,0,0,1,0,0,0,0,0,3,0,50,129,1,0,1,0,2,0,0,0,129
2012,5,NO,REG,2012_05_SD_NO,LAC,29,45,370,4,1,3,-19,1,0,377,150,19,14.2866483887968,2.55336314439774,0,14,6,4,3,21,53,0,0,0,1,-4.45378198346589,0,0,0,0,0,29,45,370,4,1,0,377,150,19,18.2297007965001,0,14,6,4,3,0,48,0,14,6,40,1,5,44,7,1,41,6,0,0,0,0,0,0,0,0,0,1,1,1,0,0,10,99,3,2,0,1,2,0,2,2,2,49,1,1,0,0,26,1,0,1,0,0,0,0,0,0,0,0,0,0,26,,,26,0,0,4,4,0,0,1,0,0,0,0,0,4,0,61,207,2,2,0,0,0,2,16,0,191
2012,5,NYG,REG,2012_05_CLE_NYG,CLE,25,37,259,3,1,0,0,0,0,313,88,12,9.3812876761803,4.82526775952932,0,10,5,2,0,34,243,2,1,1,14,4.1830992224277,0,9,6,3,1,25,37,259,3,0,0,313,88,12,9.3812876761803,0,10,5,2,0,0,27,20,20,0,0,1,0,0,2,2,46,7,0,0,0,0,0,0,0,0,0,0,0,1,9,0,3,25,3,0,1,0,1,1,1,8,5,67,2,2,0,0,40,1,0,1,0,1,0,0,0,0,0,0,0,0,29;40,,,69,0,0,5,5,0,0,1,0,0,0,0,0,2,0,57,100,0,0,0,1,0,1,12,0,68
2012,5,NYJ,REG,2012_05_HOU_NYJ,HOU,14,32,230,1,2,3,-13,1,0,372,50,10,-9.72148938996023,-12.4153162352741,0,10,6,5,0,23,69,0,1,0,5,0.557049745722907,0,3,2,0,0,14,32,230,1,0,0,372,50,10,-6.89929473075088,0,10,6,5,0,1,43,0,20,3,8,0,0,0,2,1,0,3,0,0,0,0,0,0,0,0,0,2,8,0,0,0,5,25,4,1,1,0,2,0,0,0,5,160,1,1,0,0,21,1,0,1,0,0,0,0,0,0,0,0,0,0,21,,,21,0,0,2,2,0,0,1,0,0,0,0,0,6,0,61,265,2,1,2,1,1,1,3,0,242
2012,5,PHI,REG,2012_05_PHI_PIT,PIT,20,30,175,2,0,3,-7,1,0,320,70,9,8.37175920896698,10.0649232168992,0,8,2,2,0,23,78,0,2,2,7,-8.28820179577451,0,1,0,0,0,20,30,175,2,1,0,320,70,9,11.2591387737775,0,8,2,2,0,0,41,9,15,1,6,0,0,0,3,0,0,5,0,0,0,0,0,0,0,0,0,2,0,0,0,0,5,35,3,4,0,0,4,2,1,13,3,65,0,0,0,0,,,0,0,0,0,0,0,0,0,0,0,0,0,,,,0,0,0,2,2,0,0,1,0,0,0,0,0,4,0,56,176,1,0,1,1,1,1,7,0,149
2012,5,PIT,REG,2012_05_PHI_PIT,PHI,22,38,220,1,0,0,0,0,0,265,147,14,2.94139373916098,-4.45607626760328,0,10,3,1,0,30,123,0,1,0,6,-0.519088214348419,0,2,2,0,0,22,37,220,1,0,0,265,147,14,3.34660725871347,0,10,3,1,0,0,42,5,7,5,13,4,3,7,8,0,0,3,0,0,0,0,0,0,0,0,0,2,-6,2,0,0,9,106,6,0,3,1,3,0,1,7,2,57,3,3,0,0,34,1,0,1,2,0,0,0,0,0,0,0,0,0,20;34;34,,,88,0,0,1,1,0,0,1,1,1,0,0,34,4,0,57,185,1,1,1,0,1,1,13,0,172
2012,5,SEA,REG,2012_05_SEA_CAR,CAR,19,25,221,1,2,2,-9,0,0,192,87,10,1.82652626947776,12.3967707157135,0,12,4,2,0,35,98,0,0,0,7,-8.69638578011654,0,4,1,0,0,19,25,221,1,0,0,192,87,10,4.21391111640071,0,12,4,2,0,0,34,0,14,3,27,3,4,33,4,0,0,7,0,0,0,0,0,0,0,0,0,0,0,2,0,0,7,65,2,1,0,0,1,1,5,39,3,48,3,3,0,0,44,1,0,1,1,1,0,0,0,0,0,0,0,0,22;36;44,,,102,0,0,1,1,0,0,1,0,0,0,0,0,3,0,54,122,2,1,1,0,0,1,13,0,109
2012,5,SF,REG,2012_05_BUF_SF,BUF,19,25,310,3,0,0,0,0,0,242,110,11,19.6486065561767,15.7846857309341,0,12,8,5,2,38,311,3,1,1,18,18.0101468891315,0,11,9,3,0,19,25,310,3,0,0,242,110,11,19.6486065561767,0,12,8,5,2,0,33,4,4,3,17,1,1,11,3,1,4,2,0,0,0,0,0,0,0,0,0,0,0,1,5,0,7,53,4,1,0,0,1,1,3,19,2,45,1,1,0,0,19,1,1,0,0,0,0,0,0,0,0,0,0,0,19,,,19,0,0,6,6,0,0,1,0,0,0,0,0,2,0,58,112,1,0,1,0,0,1,28,0,84
2012,5,TEN,REG,2012_05_TEN_MIN,MIN,29,48,234,1,1,2,-19,0,0,294,99,14,-0.0689951170352288,-6.90622429052989,0,11,3,0,0,19,52,0,1,1,3,-9.15756864758441,0,2,0,0,0,29,48,234,1,1,0,294,99,14,3.70753676566528,0,11,3,0,0,0,39,0,30,4,5,0,1,0,2,2,12,5,0,0,0,0,0,0,0,0,0,0,0,0,0,0,10,75,3,2,0,1,2,1,2,25,2,61,0,0,0,0,,,0,0,0,0,0,0,0,0,0,0,0,0,,,,0,0,0,1,1,0,0,1,0,0,0,0,0,6,0,53,256,3,1,0,0,3,2,-1,0,257
2012,5,WAS,REG,2012_05_ATL_WAS,ATL,15,24,202,1,2,3,-15,0,0,198,106,6,-5.99588009647913,-1.30113443980614,0,7,4,3,1,21,129,0,0,0,6,0.349304133349071,0,6,5,1,0,15,24,202,1,0,0,198,106,6,-1.44671035831561,0,7,4,3,1,0,34,10,44,1,7,0,1,7,3,1,28,8,1,0,0,0,0,0,0,0,0,0,0,1,0,0,4,20,5,0,0,0,0,0,3,22,4,113,1,2,1,0,23,0.5,0,1,0,0,0,0,0,0,1,0,0,0,23,31,,23,31,0,2,2,0,0,1,0,0,0,0,0,6,0,56,254,3,1,1,0,2,2,2,0,252
2012,6,ARI,REG,2012_06_BUF_ARI,BUF,16,36,173,1,2,5,-23,0,0,277,61,9,-17.5878873209959,-19.6087355273111,0,6,5,2,0,30,182,0,0,0,10,4.51020965556381,0,8,6,2,0,16,35,173,1,0,0,277,61,9,-11.9448139103441,0,6,5,2,0,0,52,2,10,6,25,1,2,12,2,1,15,7,0,0,0,0,0,0,0,0,0,0,0,1,0,0,7,67,4,0,0,0,0,0,3,36,2,49,3,4,0,1,61,0.75,0,0,0,2,0,1,0,0,0,0,0,0,49;49;61,,38,159,0,38,1,1,0,0,1,0,0,0,0,0,5,0,61,259,1,0,1,2,0,2,10,0,209
2012,6,ATL,REG,2012_06_OAK_ATL,LV,24,37,249,1,3,1,-8,0,0,312,93,11,-7.05056044938323,2.75291365546149,0,10,4,3,0,15,45,0,0,0,3,-6.34746281105723,0,1,1,0,0,24,37,249,1,0,0,312,93,11,-5.86449154433144,0,10,4,3,0,0,55,0,10,7,27,2,3,28,5,1,79,5,1,0,0,0,0,0,0,0,0,0,0,2,39,0,2,25,3,0,0,0,0,0,0,0,1,29,3,4,1,0,55,0.75,0,1,0,1,1,0,0,0,0,1,0,0,41;20;55,43,,116,43,0,2,2,0,0,1,1,1,0,0,55,4,0,57,211,2,0,1,0,1,2,0,0,211
2012,6,BAL,REG,2012_06_DAL_BAL,DAL,17,26,234,1,0,1,-4,0,0,261,89,10,12.1805910166004,3.33588902766888,0,8,5,4,1,22,86,2,0,0,8,1.67757690673492,0,2,2,0,0,17,26,234,1,0,0,261,89,10,13.8122540014447,0,8,5,4,1,1,45,22,22,4,16,0,1,7,3,1,0,3,0,0,0,0,0,0,0,0,0,0,0,0,0,0,10,76,3,0,0,0,0,0,0,0,3,159,1,1,0,0,38,1,0,0,1,0,0,0,0,0,0,0,0,0,38,,,38,0,0,4,4,0,0,1,0,0,0,0,0,3,0,52,135,0,0,0,0,1,2,10,0,125
2012,6,BUF,REG,2012_06_BUF_ARI,ARI,18,33,153,0,1,2,-12,0,0,215,113,9,-8.37116174999392,-11.7973619140685,0,6,3,1,0,33,165,2,1,1,9,-1.16256983857783,0,4,3,1,0,18,32,153,0,0,0,215,113,9,-7.43357893935172,0,6,3,1,0,0,49,2,14,6,25,0,5,23,7,2,36,5,0,0,1,0,0,1,0,0,0,0,0,0,0,0,5,39,4,1,0,0,1,1,2,10,4,86,1,1,0,0,25,1,0,1,0,0,0,0,0,0,0,0,0,0,25,,,25,0,0,2,2,0,0,1,1,1,0,0,25,8,0,62,352,2,3,1,1,0,3,36,0,296
2012,6,CIN,REG,2012_06_CIN_CLE,CLE,31,46,381,3,3,2,-19,1,1,382,176,17,-7.95931499207763,6.0651744292541,0,14,7,3,2,20,76,0,0,0,3,-2.21240964141907,0,1,1,1,0,31,44,381,3,0,0,382,176,17,1.69731303670306,0,14,7,3,2,0,43,0,22,4,20,1,2,13,2,1,3,5,0,1,0,0,0,0,0,0,0,1,0,0,0,0,7,50,6,1,1,0,2,1,4,58,4,80,1,1,0,0,44,1,0,0,0,1,0,0,0,0,0,0,0,0,44,,,44,0,0,3,3,0,0,1,0,0,0,0,0,7,0,65,354,2,2,1,2,0,2,60,0,254
2012,6,CLE,REG,2012_06_CIN_CLE,CIN,17,29,231,2,1,2,-13,0,0,127,128,11,2.0170514259137,-9.45350404443412,0,10,3,3,1,34,110,1,1,0,5,-5.3551050593657,0,1,1,0,0,17,29,231,2,0,0,127,128,11,5.62792507559061,0,10,3,3,1,0,44,0,22,1,5,1,2,19,2,3,33,8,1,1,0,0,0,0,0,0,0,1,0,1,35,0,5,35,2,1,1,1,2,0,2,60,2,63,2,2,0,0,41,1,0,0,1,1,0,0,0,0,0,0,0,0,41;38,,,79,0,0,4,4,0,0,1,0,0,0,0,0,8,0,57,354,1,3,1,0,0,4,58,0,296
2012,6,DAL,REG,2012_06_DAL_BAL,BAL,25,36,261,2,1,1,-7,0,0,277,88,15,14.6967640991224,6.84641947348913,0,13,6,1,0,42,227,1,0,0,12,9.60364267564728,0,5,3,2,0,25,36,261,2,0,0,277,88,15,15.8664446878948,0,13,6,1,0,0,31,8,8,2,5,0,1,4,3,0,0,3,0,0,0,0,0,0,0,0,0,0,0,0,0,0,13,82,5,0,0,0,0,0,2,10,1,14,3,4,1,0,43,0.75,0,0,1,2,0,0,0,0,0,0,1,0,42;43;34,51,,119,51,0,2,2,0,0,1,0,1,1,0,51,1,0,32,32,1,0,0,0,1,0,0,0,32
2012,6,DEN,REG,2012_06_DEN_SD,LAC,24,30,309,3,1,0,0,0,0,211,137,13,12.3373759004753,16.3763987024625,0,11,6,5,1,22,56,0,0,0,3,-6.75249806526699,0,0,0,0,0,24,30,309,3,0,0,211,137,13,12.3373759004753,0,11,6,5,1,0,52,14,14,4,17,3,4,24,5,4,61,6,1,1,0,0,0,0,0,0,0,0,0,2,65,1,10,81,2,1,1,0,2,2,2,12,4,68,0,0,0,0,,,0,0,0,0,0,0,0,0,0,0,0,0,,,,0,0,0,5,5,0,0,1,0,0,0,0,0,5,0,56,223,2,0,0,0,1,4,14,0,209
2012,6,DET,REG,2012_06_DET_PHI,PHI,22,45,311,1,1,0,0,0,0,423,123,15,5.14821665284729,-9.57158227761587,0,14,10,4,1,28,138,1,0,0,7,1.30517090849119,0,3,3,0,0,22,45,311,1,0,0,423,123,15,5.14821665284729,0,14,10,4,1,0,53,0,4,10,48,0,3,25,13,2,0,6,0,1,0,0,0,0,0,0,0,1,0,1,0,0,16,132,5,1,0,0,1,0,4,72,2,26,4,4,0,0,46,1,1,0,1,2,0,0,0,0,0,0,0,0,46;34;19;45,,,144,0,0,2,2,0,0,1,1,1,0,0,45,7,0,56,299,1,0,1,0,3,3,12,0,287
2012,6,GB,REG,2012_06_GB_HOU,HOU,24,37,338,6,0,2,-10,0,0,408,102,16,24.1480729980394,7.7867347646404,0,14,8,5,2,31,99,0,0,0,5,-7.03315655968618,0,2,1,0,0,24,37,338,6,0,0,408,102,16,26.840404243907,0,14,8,5,2,0,47,6,10,7,30,0,3,24,6,3,37,6,0,0,0,0,0,0,0,0,0,0,0,0,0,0,4,51,3,0,0,0,0,0,3,23,3,86,0,0,0,0,,,0,0,0,0,0,0,0,0,0,0,0,0,,,,0,0,0,6,6,0,0,1,0,0,0,0,0,4,1,55,171,3,0,1,0,2,1,19,0,152
2012,6,HOU,REG,2012_06_GB_HOU,GB,22,38,255,0,3,3,-24,0,0,265,141,16,-3.0354481428304,-8.51083444921594,0,17,3,1,0,28,90,2,1,0,6,-3.96362952535856,0,2,1,0,0,22,38,255,0,0,0,265,141,16,2.27360979557026,0,17,3,1,0,1,47,14,14,5,15,0,2,10,7,0,0,5,0,0,0,1,0,0,0,0,0,1,-2,0,0,0,7,69,4,0,1,0,1,0,1,19,3,65,1,1,0,0,51,1,0,0,0,0,1,0,0,0,0,0,0,0,51,,,51,0,0,3,3,0,0,1,0,0,0,0,0,4,0,55,206,0,1,0,0,0,3,23,0,183
2012,6,IND,REG,2012_06_IND_NYJ,NYJ,22,44,280,0,2,4,-23,1,1,422,100,15,-9.15518766012643,-9.02070118937382,0,14,6,4,0,17,41,0,0,0,0,-3.92303639056627,0,0,0,0,0,22,43,280,0,1,1,422,100,15,-1.61420055498853,0,14,6,4,0,0,36,0,38,2,8,0,1,6,3,0,0,2,0,0,0,0,0,0,0,0,0,0,0,0,0,0,3,27,1,2,0,0,2,2,0,0,4,71,3,3,0,0,50,1,0,1,0,1,1,0,0,0,0,0,0,0,20;50;47,,,117,0,0,0,0,0,0,,0,0,0,0,0,3,0,55,131,2,0,1,1,1,0,0,0,111
2012,6,KC,REG,2012_06_KC_TB,TB,22,38,180,0,2,0,0,0,0,241,79,9,-16.5510683976921,-7.13118863733191,0,7,3,0,0,30,80,0,0,0,5,-6.5041267995839,0,1,1,1,0,22,38,180,0,0,0,241,79,9,-16.5510683976921,0,7,3,0,0,0,39,0,8,1,10,2,1,10,1,1,32,3,0,0,0,1,0,0,0,0,0,0,0,1,11,1,7,55,2,0,0,0,0,0,2,11,0,0,1,1,0,0,38,1,0,0,1,0,0,0,0,0,0,0,0,0,38,,,38,0,0,1,1,0,0,1,0,0,0,0,0,6,0,62,276,3,1,2,0,0,3,21,0,255
2012,6,LA,REG,2012_06_STL_MIA,MIA,26,39,315,0,0,3,-15,0,0,274,120,15,9.22943616901068,8.35491191399725,1,12,6,5,1,27,162,1,0,0,7,7.92332208674634,0,5,3,2,1,26,38,315,0,0,0,274,120,15,15.2906463109742,1,12,6,5,1,0,40,0,0,4,18,1,3,29,4,0,0,3,0,2,0,0,0,0,0,0,0,0,0,0,0,0,12,94,5,2,1,2,3,1,6,21,2,33,2,5,3,0,48,0.4,0,0,1,1,0,0,0,0,1,0,1,1,48;32,52;37;66,,80,155,0,0,0,0,0,,0,0,0,0,0,3,0,56,135,2,0,1,1,1,0,0,0,115
2012,6,LAC,REG,2012_06_DEN_SD,DEN,25,41,241,2,4,4,-24,2,2,369,120,16,-18.4165983902362,-1.79869612542594,0,12,2,2,0,27,90,0,0,0,4,-3.48263576504542,0,2,1,0,0,25,41,241,2,1,0,369,120,16,-2.83720149143619,0,12,2,2,0,0,32,17,17,2,2,1,0,0,1,1,80,2,1,1,0,0,0,0,0,0,0,2,0,2,0,0,9,64,4,3,1,0,4,2,4,14,5,126,1,1,0,0,32,1,0,0,1,0,0,0,0,0,0,0,0,0,32,,,32,0,0,3,3,0,0,1,0,0,0,0,0,4,0,51,180,3,0,2,0,0,2,12,0,168
2012,6,LV,REG,2012_06_OAK_ATL,ATL,23,33,353,1,1,3,-28,1,1,269,163,15,0.518632405137887,4.73606586456299,0,15,9,6,1,32,149,1,1,1,6,-5.84601859823681,0,3,3,2,1,23,33,353,1,0,0,269,163,15,12.9322456326832,0,15,9,6,1,0,34,0,10,5,16,0,1,8,10,3,32,7,0,0,0,0,0,0,0,0,0,0,0,0,0,0,12,110,2,2,0,0,2,2,2,0,2,25,2,2,0,0,52,1,0,1,0,0,1,0,0,0,0,0,0,0,52;22,,,74,0,0,2,2,0,0,1,0,0,0,0,0,5,0,57,241,1,1,0,3,1,0,0,0,181
2012,6,MIA,REG,2012_06_STL_MIA,LA,21,29,185,2,0,3,-29,1,0,102,95,8,0.952318724671761,3.53483403551167,0,6,1,1,0,17,36,0,0,0,2,-4.04227681312477,0,1,0,0,0,21,29,185,2,0,0,102,95,8,6.0177001112219,0,6,1,1,0,0,56,1,5,6,22,2,3,15,8,0,0,4,0,0,0,0,0,0,0,0,0,0,0,1,0,0,5,40,2,1,0,1,1,0,0,0,2,69,1,1,0,0,42,1,0,0,0,1,0,0,0,0,0,0,0,0,42,,,42,0,0,2,2,0,0,1,0,0,0,0,0,6,0,63,323,2,0,0,0,0,6,21,0,302
2012,6,MIN,REG,2012_06_MIN_WAS,WAS,35,52,352,2,2,4,-25,1,1,288,242,21,3.11891020643203,2.82580778002739,1,14,8,3,0,24,94,0,1,0,4,-2.01660281616644,0,1,1,1,0,35,52,352,2,0,0,288,242,21,12.847391461016,1,14,8,3,0,0,28,10,24,6,16,1,1,4,3,1,0,4,0,0,0,0,0,0,0,0,0,1,0,0,0,0,5,29,5,0,2,0,2,1,1,-2,3,100,4,4,0,0,37,1,0,3,1,0,0,0,0,0,0,0,0,0,20;27;27;37,,,111,0,0,0,0,0,0,,0,0,0,0,0,2,0,56,101,2,0,1,0,0,1,1,0,100
2012,6,NE,REG,2012_06_NE_SEA,SEA,36,58,395,2,2,1,-7,0,0,464,136,20,6.57672835461505,1.8045788364751,0,15,6,6,1,26,87,0,0,0,5,-0.803175546091655,0,1,1,0,0,36,56,395,2,0,0,464,136,20,11.6330366685282,0,15,6,6,1,0,28,1,27,4,17,2,2,10,5,0,0,3,0,0,0,0,0,0,0,0,0,0,0,2,0,0,6,80,6,0,0,0,0,0,4,68,2,43,3,3,0,0,35,1,0,1,2,0,0,0,0,0,0,0,0,0,25;35;35,,,95,0,0,2,2,0,0,1,0,0,0,0,0,3,0,48,133,2,0,0,0,1,2,29,0,104
2012,6,NYG,REG,2012_06_NYG_SF,SF,15,28,193,1,0,0,0,0,0,318,21,10,4.35758188001158,0.129692469324384,0,7,5,2,0,37,149,1,0,0,8,-0.639291780089365,0,7,4,2,0,15,28,193,1,0,0,318,21,10,4.35758188001158,0,7,5,2,0,0,51,2,4,7,49,0,6,48,9,3,42,6,0,0,0,0,0,0,0,0,0,0,0,0,0,0,2,20,6,0,0,0,0,0,2,2,2,93,4,5,0,1,34,0.8,0,1,3,0,0,0,0,0,0,0,0,0,34;30;22;32,,40,118,0,40,2,2,0,0,1,0,0,0,0,0,4,0,59,199,2,0,0,1,1,2,22,0,157
2012,6,NYJ,REG,2012_06_IND_NYJ,IND,12,19,105,2,0,1,-6,0,0,101,48,8,6.55444515583804,0.923438605509306,0,4,1,1,0,44,252,3,0,0,14,10.867512560857,0,5,4,2,1,12,19,105,2,0,0,101,48,8,8.55274442903465,0,4,1,1,0,0,37,0,18,5,17,2,4,23,7,2,13,7,0,0,0,0,0,0,0,0,0,0,0,2,-4,0,8,110,3,0,0,0,0,0,0,0,2,54,0,0,0,0,,,0,0,0,0,0,0,0,0,0,0,0,0,,,,0,0,0,5,5,0,0,1,0,0,0,0,0,5,0,57,260,1,1,0,1,3,0,0,0,240
2012,6,PHI,REG,2012_06_DET_PHI,DET,28,46,311,2,2,3,-25,0,0,422,150,15,6.6012102962416,5.51286090252011,0,12,7,2,1,29,71,0,1,0,5,-14.0021425286973,0,3,1,0,0,28,43,311,2,0,0,422,150,15,12.1389449171386,0,12,7,2,1,0,50,0,12,4,5,1,0,0,4,1,0,6,0,0,0,0,0,0,0,0,0,1,-22,0,0,0,9,60,3,0,2,0,2,1,3,12,5,122,3,3,0,0,49,1,0,1,1,1,0,0,0,0,0,0,0,0,26;32;49,,,107,0,0,2,2,0,0,1,0,0,0,0,0,5,0,64,283,0,0,0,1,0,4,72,0,191
2012,6,PIT,REG,2012_06_PIT_TEN,TEN,24,40,363,1,1,1,-7,0,0,313,211,14,12.4267039852099,-0.280856322019528,0,13,6,4,2,22,56,1,0,0,3,-3.6661850597593,0,2,1,0,0,24,39,363,1,0,0,313,211,14,15.2993039639083,0,13,6,4,2,0,45,0,24,4,26,2,3,25,4,1,4,8,0,0,0,0,0,0,0,0,0,0,0,0,0,0,4,50,3,0,0,0,0,0,4,17,3,97,3,4,1,0,52,0.75,0,2,0,0,1,0,0,0,0,0,1,0,29;28;52,54,,109,54,0,2,2,0,0,1,0,0,0,0,0,3,1,46,123,2,0,0,0,2,1,9,0,114
2012,6,SEA,REG,2012_06_NE_SEA,NE,16,27,293,3,0,2,-10,1,1,419,56,11,13.2474792989669,4.92477648788028,0,10,6,6,3,26,85,0,1,0,4,-8.36586094304221,0,1,0,0,0,16,27,293,3,1,1,419,56,11,13.8990013573784,0,10,6,6,3,0,47,0,36,3,11,0,1,7,5,2,23,7,0,0,0,0,0,0,0,0,0,1,-14,0,0,0,4,35,2,2,1,0,3,2,2,29,2,40,1,1,0,0,34,1,0,0,1,0,0,0,0,0,0,0,0,0,34,,,34,0,0,3,3,0,0,1,0,0,0,0,0,4,0,66,240,0,0,0,0,0,4,68,0,172
2012,6,SF,REG,2012_06_NYG_SF,NYG,23,37,282,0,3,6,-48,0,0,365,74,10,-15.1285742362651,-0.333693140261882,0,8,4,4,1,17,80,0,0,0,4,-0.30368075833495,0,3,2,0,0,23,37,282,0,0,0,365,74,10,-4.94106780216489,0,8,4,4,1,0,43,11,13,4,6,0,0,0,1,0,0,3,0,0,0,0,0,1,0,0,0,1,0,0,0,0,6,35,5,0,1,0,1,0,2,22,6,116,1,3,2,0,42,0.333333333333333,0,0,0,1,0,0,0,0,0,1,1,0,42,43;52,,42,95,0,0,0,0,0,,0,0,0,0,0,4,0,58,199,1,0,0,0,2,2,2,0,197
2012,6,TB,REG,2012_06_KC_TB,KC,15,26,328,3,1,1,-10,1,0,293,160,11,9.75756851400684,-2.56346418307378,0,11,7,4,3,24,145,1,0,0,6,4.16227931401227,0,5,4,2,0,15,26,328,3,0,0,293,160,11,12.024724046732,0,11,7,4,3,0,45,1,17,5,11,0,0,0,2,2,90,8,1,0,0,0,0,0,0,0,1,1,0,0,0,0,6,33,3,2,0,0,2,1,3,21,2,36,1,2,1,0,27,0.5,0,1,0,0,0,0,0,0,0,0,1,0,27,55,,27,55,0,5,5,0,0,1,0,0,0,0,0,2,1,54,106,1,0,0,0,0,2,11,0,95
2012,6,TEN,REG,2012_06_PIT_TEN,PIT,25,44,290,1,1,3,-25,1,0,446,110,16,-1.12182953111763,-0.739157606254925,0,12,7,4,0,22,94,1,0,0,3,-1.07918279635252,0,2,2,0,0,25,44,290,1,1,0,446,110,16,4.04333805791399,0,12,7,4,0,0,37,0,30,5,15,0,1,7,3,1,0,5,0,0,0,1,0,0,0,0,0,2,0,0,0,0,5,45,3,2,0,0,2,0,1,9,5,131,4,4,0,0,47,1,0,1,1,2,0,0,0,0,0,0,0,0,22;38;47;40,,,147,0,0,2,2,0,0,1,1,1,0,0,40,5,0,61,261,2,0,0,1,0,4,17,0,224
2012,6,WAS,REG,2012_06_MIN_WAS,MIN,17,22,182,1,1,1,-4,0,0,169,85,10,5.34601646146189,13.0659286271442,0,7,4,1,0,32,183,3,0,0,7,9.43610496181645,0,3,3,1,1,17,22,182,1,1,0,169,85,10,6.14273215081926,0,7,4,1,0,0,37,14,36,2,10,0,3,18,9,2,24,6,1,0,0,0,0,0,0,0,0,0,0,1,7,0,7,66,4,1,0,1,1,0,1,1,0,0,1,1,0,0,50,1,0,0,0,0,1,0,0,0,0,0,0,0,50,,,50,0,0,5,5,0,0,1,0,0,0,0,0,3,0,43,115,1,1,1,0,0,1,-2,0,117
2012,7,ARI,REG,2012_07_ARI_MIN,MIN,25,36,262,1,1,7,-32,1,1,228,148,15,-14.1608055902179,-0.129417826732,0,11,7,2,0,26,126,1,0,0,5,1.48249844263773,0,3,2,1,0,25,36,262,1,0,0,228,148,15,2.79462215391686,0,11,7,2,0,0,30,0,18,2,15,0,3,15,4,2,0,3,0,0,0,0,0,0,0,0,0,1,0,0,0,0,9,82,4,2,0,0,2,1,4,7,1,13,0,1,1,0,,0,0,0,0,0,0,0,0,0,0,1,0,0,,47,,0,47,0,2,2,0,0,1,0,0,0,0,0,6,0,52,234,5,0,1,0,4,1,0,0,234
2012,7,BAL,REG,2012_07_BAL_HOU,HOU,21,43,147,1,2,4,-26,1,0,310,87,6,-26.7059779513887,-16.5920035824889,0,4,0,0,0,12,55,0,0,0,4,2.1944370084675,0,1,1,0,0,21,42,147,1,0,0,310,87,6,-21.846946900367,0,4,0,0,0,0,54,0,20,3,19,1,2,17,5,0,0,4,0,0,0,0,0,0,0,0,0,1,0,0,0,0,5,56,2,1,0,0,1,0,1,1,7,201,2,2,0,0,54,1,0,0,0,0,2,0,0,0,0,0,0,0,51;54,,,105,0,0,1,1,0,0,1,0,0,0,0,0,5,0,57,253,1,1,0,0,0,4,9,0,244
2012,7,BUF,REG,2012_07_TEN_BUF,TEN,27,35,225,3,1,1,-9,1,1,140,133,14,6.03629222990803,12.0232110364097,0,8,4,3,0,24,166,0,0,0,6,3.86809140752303,0,7,5,1,0,27,35,225,3,0,0,140,133,14,11.5703972710888,0,8,4,3,0,1,35,14,20,4,17,1,2,12,4,0,0,4,0,0,0,0,0,0,0,0,0,0,0,0,0,0,8,65,5,1,0,0,1,1,0,0,4,184,2,2,0,0,42,1,0,0,1,1,0,0,0,0,0,0,0,0,31;42,,,73,0,0,4,4,0,0,1,0,0,0,0,0,1,0,22,22,0,1,0,0,0,0,0,0,22
2012,7,CAR,REG,2012_07_DAL_CAR,DAL,21,37,233,1,1,2,-17,0,0,321,103,9,-5.04742912182701,-0.864339371522268,0,12,4,3,0,21,112,1,0,0,7,1.71665317911538,0,4,4,3,0,21,36,233,1,0,0,321,101,9,-2.61746882993612,0,11,4,3,0,0,43,0,28,2,3,1,0,0,0,0,0,1,0,0,0,0,0,0,0,0,0,0,0,1,9,0,9,71,4,0,1,0,1,1,4,4,2,48,0,0,0,0,,,0,0,0,0,0,0,0,0,0,0,0,0,,,,0,0,0,2,2,0,0,1,0,0,0,0,0,6,0,55,248,2,1,0,0,2,3,17,0,231
2012,7,CHI,REG,2012_07_DET_CHI,DET,17,32,150,1,0,5,-25,0,0,217,68,9,-7.12403357045871,-8.25115265324712,0,7,4,2,0,32,171,0,0,0,7,0.623095683171414,0,6,3,2,0,17,32,150,1,0,0,217,68,9,-0.912579477096584,0,7,4,2,0,0,47,0,14,4,21,4,3,20,6,1,2,8,0,0,0,0,0,0,0,0,0,0,0,3,4,0,9,49,4,0,0,0,0,0,2,7,1,27,2,3,0,1,39,0.666666666666667,0,1,1,0,0,0,0,0,0,0,0,0,39;21,,47,60,0,47,1,1,0,0,1,0,0,0,0,0,8,0,53,324,2,0,1,0,1,6,7,0,317
2012,7,CIN,REG,2012_07_PIT_CIN,PIT,14,28,105,1,1,0,0,0,0,187,50,5,-11.0059398023102,-11.9282978000464,0,3,1,0,0,21,80,1,0,0,6,4.73575141024776,0,2,2,0,0,14,27,105,1,0,0,187,50,5,-9.74409231512502,0,3,1,0,0,0,46,2,30,4,16,1,3,14,4,1,0,3,0,0,0,0,0,0,0,0,0,0,0,1,0,0,2,20,4,0,0,0,0,0,1,5,5,134,1,1,0,0,48,1,0,0,0,1,0,0,0,0,0,0,0,0,48,,,48,0,0,2,2,0,0,1,0,0,0,0,0,6,0,61,311,1,1,1,1,0,3,10,0,281
2012,7,CLE,REG,2012_07_CLE_IND,IND,25,41,264,2,0,0,0,0,0,437,139,14,9.83574064212735,0.130752419553152,0,11,4,2,0,17,55,0,0,0,3,-3.3075137512642,0,1,1,0,0,25,41,264,2,0,0,437,179,14,9.83574064212735,0,10,3,2,0,0,48,0,16,4,11,1,3,13,7,0,0,2,0,0,0,0,0,0,0,0,0,1,2,1,0,0,9,75,5,0,1,0,1,0,2,12,2,55,0,0,0,0,,,0,0,0,0,0,0,0,0,0,0,0,0,,,,0,0,0,1,1,0,0,1,0,0,0,0,0,5,0,53,207,2,1,1,0,2,1,8,0,199
2012,7,DAL,REG,2012_07_DAL_CAR,CAR,24,34,227,1,0,0,0,0,0,255,80,11,10.4303650992039,6.39116641353158,0,9,2,2,0,31,85,0,0,0,4,-4.97781032453892,0,1,0,0,0,24,34,227,1,1,1,255,80,11,6.42791278891281,0,9,2,2,0,0,33,0,26,4,15,0,2,17,6,1,0,4,0,0,0,0,0,0,0,0,0,0,0,1,0,0,6,43,4,1,0,0,1,1,3,17,0,0,4,4,0,0,49,1,1,1,1,1,0,0,0,0,0,0,0,0,19;49;28;38,,,134,0,0,1,1,0,0,1,0,0,0,0,0,4,0,59,197,2,0,0,0,0,4,4,0,193
2012,7,DET,REG,2012_07_DET_CHI,CHI,28,46,263,1,1,3,-20,0,0,398,52,16,-2.63024727307493,1.62344286623208,0,12,7,3,0,18,97,0,2,2,4,-7.92935665143887,0,4,3,0,0,28,46,263,1,2,0,398,52,16,1.77307587763062,0,12,7,3,0,0,54,0,12,6,22,0,5,25,9,0,0,5,0,2,0,0,0,1,0,0,0,0,0,0,0,0,5,47,5,4,2,3,6,3,6,7,2,44,0,0,0,0,,,0,0,0,0,0,0,0,0,0,0,0,0,,,,0,0,0,1,1,0,0,1,0,0,0,0,0,8,0,58,321,3,1,2,0,3,2,7,0,314
2012,7,GB,REG,2012_07_GB_STL,LA,30,37,342,3,0,3,-10,0,0,325,124,18,23.1264005921434,21.2249555521541,0,13,6,2,1,26,70,0,0,0,2,-6.83437846571906,0,2,2,0,0,30,36,342,3,0,0,325,124,18,25.8155980345313,0,13,6,2,1,0,42,0,10,3,16,0,3,9,6,1,0,2,0,0,0,0,0,0,0,0,0,0,0,0,0,0,3,30,4,0,0,0,0,0,1,15,1,23,3,4,1,0,48,0.75,0,1,0,2,0,0,0,0,0,0,1,0,47;23;48,58,,118,58,0,3,3,0,0,1,0,0,0,0,0,3,0,42,116,2,0,0,0,3,0,0,0,116
2012,7,HOU,REG,2012_07_BAL_HOU,BAL,23,37,256,2,0,2,-17,0,0,324,64,13,8.60578863887622,-2.55403848918709,0,10,5,3,0,37,181,2,0,0,11,4.90026116435183,0,4,2,0,0,23,37,256,2,0,0,324,64,13,12.2543840644094,0,10,5,3,0,0,39,0,10,6,31,1,4,26,9,2,52,11,1,1,1,0,0,0,0,0,0,1,0,0,0,0,5,60,2,1,0,0,1,0,4,9,1,17,2,2,0,0,33,1,0,1,1,0,0,0,0,0,0,0,0,0,33;29,,,62,0,0,5,5,0,0,1,0,0,0,0,0,5,0,62,240,2,2,1,0,1,1,1,0,239
2012,7,IND,REG,2012_07_CLE_IND,CLE,16,29,186,0,0,3,-13,1,1,359,59,8,-2.32533270792576,-2.75148266348346,0,8,3,1,0,37,148,2,0,0,10,5.63839440053562,0,1,1,1,0,16,29,186,0,0,0,359,59,8,4.6364256202103,0,8,3,1,0,0,37,0,16,2,2,0,0,0,5,0,0,6,0,0,0,0,0,0,0,0,0,0,0,0,0,0,7,50,6,1,0,0,1,1,1,8,1,24,1,1,0,0,38,1,0,0,1,0,0,0,0,0,0,0,0,0,38,,,38,0,0,2,2,0,0,1,0,0,0,0,0,5,0,59,242,1,0,1,2,0,2,12,0,190
2012,7,JAX,REG,2012_07_JAX_OAK,LV,17,32,181,1,0,3,-26,0,0,206,90,6,-10.1547891830658,-11.6699396632612,0,6,3,2,1,26,54,1,0,0,3,-7.82692140853577,0,0,0,0,0,17,32,181,1,1,1,206,90,6,-7.60992680150714,0,6,3,2,1,0,53,3,9,3,12,1,2,16,9,1,2,6,0,0,0,0,0,0,0,0,38,0,0,2,0,0,6,92,3,1,0,0,1,1,4,44,3,54,3,3,0,0,50,1,0,0,0,2,1,0,0,0,0,0,0,0,50;40;45,,,135,0,0,2,2,0,0,1,0,0,0,0,0,9,0,55,379,2,0,2,1,1,5,6,0,353
2012,7,LA,REG,2012_07_GB_STL,GB,21,34,255,1,1,3,-9,1,0,282,148,11,-2.86333822040506,-0.145314679001317,0,11,5,3,1,22,108,1,0,0,7,2.66969235602301,0,4,2,0,0,21,33,255,1,0,0,282,148,11,0.96087684984579,0,11,5,3,1,0,52,0,12,7,19,0,3,10,5,0,0,3,0,0,0,0,0,0,0,0,0,1,0,0,0,0,6,30,5,0,1,0,1,0,0,0,3,82,2,2,0,0,50,1,0,0,0,1,1,0,0,0,0,0,0,0,50;43,,,93,0,0,2,2,0,0,1,0,0,0,0,0,2,0,55,99,1,0,0,0,1,1,15,0,84
2012,7,LV,REG,2012_07_JAX_OAK,JAX,26,46,298,1,1,2,-16,1,1,334,147,9,-4.40506277243149,-1.94119274616241,0,9,6,3,1,26,69,1,1,0,8,-7.68739990157817,0,1,1,0,0,26,45,298,1,0,0,334,147,9,2.55711890782222,0,9,6,3,1,0,38,5,27,6,32,1,3,26,6,0,0,3,0,2,0,0,0,0,0,0,0,2,0,1,0,0,9,58,4,1,3,0,4,2,5,6,4,99,4,5,1,0,40,0.8,0,1,2,1,0,0,0,0,0,0,0,1,21;33;31;40,64,,125,64,0,2,2,0,0,1,1,1,0,0,40,6,0,49,264,1,0,0,1,1,4,44,0,200
2012,7,MIN,REG,2012_07_ARI_MIN,ARI,8,17,58,1,2,3,-15,0,0,89,34,2,-14.0613412362701,-20.4039789736271,0,2,0,0,0,27,166,1,0,0,7,0.477303076768294,0,5,5,2,0,8,16,58,1,0,0,89,34,2,-9.57309204018126,0,2,0,0,0,0,56,0,14,6,34,2,7,32,10,1,31,2,1,0,0,0,0,0,0,0,0,0,0,1,0,0,7,35,4,0,0,0,0,0,1,0,2,47,0,0,0,0,,,0,0,0,0,0,0,0,0,0,0,0,0,,,,0,0,0,3,3,0,0,1,0,0,0,0,0,7,0,51,280,1,1,1,0,1,4,7,0,273
2012,7,NE,REG,2012_07_NYJ_NE,NYJ,26,42,259,2,0,1,-9,0,0,459,146,17,7.53494406274915,3.42038270176911,0,14,7,2,0,31,131,0,0,0,6,-3.28680843568873,0,4,3,0,0,26,41,259,2,0,0,459,146,17,10.0723324635059,0,14,7,2,0,1,59,0,10,4,18,2,4,31,4,1,0,3,0,0,1,0,0,0,0,0,0,0,0,1,0,0,6,40,5,1,0,0,1,1,2,21,8,222,2,2,0,0,48,1,0,0,0,2,0,0,0,0,0,0,0,0,43;48,,,91,0,0,3,3,0,0,1,0,0,0,0,0,6,0,54,269,4,0,0,0,3,3,22,0,247
2012,7,NO,REG,2012_07_NO_TB,TB,27,37,377,4,1,0,0,0,0,350,106,17,22.9446287429309,14.2715747015817,0,14,9,5,2,26,81,1,0,0,5,-2.22365149547113,0,2,1,0,0,27,35,377,4,0,0,350,106,17,23.6879005812807,0,14,9,5,2,0,43,1,9,5,14,1,2,9,4,0,0,5,0,0,0,0,0,0,0,0,0,0,0,0,0,0,7,55,4,0,0,0,0,0,1,15,0,0,0,0,0,0,,,0,0,0,0,0,0,0,0,0,0,0,0,,,,0,0,0,5,5,0,0,1,0,0,0,0,0,4,0,57,205,2,1,0,0,1,2,15,0,190
2012,7,NYG,REG,2012_07_WAS_NYG,WAS,26,40,337,1,2,1,-8,0,0,334,139,17,7.43876565936959,4.26531538367271,0,14,6,3,1,19,64,2,0,0,4,0.474880361929536,0,1,1,0,0,26,40,337,1,0,0,334,139,17,8.47648804788484,0,14,6,3,1,0,44,19,19,4,27,4,3,26,5,1,41,3,0,0,0,0,0,0,0,0,0,0,0,3,0,0,3,30,3,0,0,0,0,0,0,0,4,106,2,2,0,0,39,1,0,1,1,0,0,0,0,0,0,0,0,0,27;39,,,66,0,0,3,3,0,0,1,0,0,0,0,0,3,0,44,120,1,0,1,0,0,2,13,0,107
2012,7,NYJ,REG,2012_07_NYJ_NE,NE,28,41,328,1,1,4,-31,1,1,372,80,16,11.27693798914,6.36686435559901,0,15,8,6,0,33,106,1,1,0,7,-2.1330359611311,0,1,1,0,0,28,41,328,1,1,0,372,80,16,15.6492924345144,0,15,8,6,0,0,63,0,4,4,14,1,1,9,2,0,0,1,0,0,0,0,0,0,0,0,0,1,-12,1,0,0,8,60,3,2,1,1,3,1,3,22,4,116,4,4,0,0,54,1,0,1,0,2,1,0,0,0,0,0,0,0,54;21;43;43,,,161,0,0,2,2,0,0,1,0,0,0,0,0,3,0,60,170,0,0,0,1,0,2,21,0,129
2012,7,PIT,REG,2012_07_PIT_CIN,CIN,27,38,278,1,1,3,-14,1,1,310,136,12,2.71928042200011,9.15019676873558,1,10,7,6,0,29,167,1,0,0,10,3.18222273088759,0,8,6,2,0,27,38,278,1,0,0,310,136,12,10.5007039169184,1,10,7,6,0,0,23,1,31,1,2,0,0,0,2,1,11,6,0,0,0,0,0,0,0,0,0,0,0,0,0,0,5,50,2,1,0,0,1,1,3,10,4,122,3,3,0,0,47,1,0,0,0,3,0,0,0,0,0,0,0,0,42;47;42,,,131,0,0,1,1,0,0,1,0,0,0,0,0,3,0,55,120,2,0,1,0,1,1,5,0,115
2012,7,SEA,REG,2012_07_SEA_SF,SF,9,23,122,0,1,2,-7,0,0,326,62,5,-7.11378566946208,-16.3982734732006,0,5,3,2,0,29,136,0,0,0,6,0.331794433436957,0,3,3,0,0,9,23,122,0,0,0,326,62,5,-5.91030217005012,0,5,3,2,0,0,46,4,4,4,7,1,2,2,3,1,4,2,0,1,0,0,0,0,0,0,0,1,0,0,0,0,3,20,6,0,1,0,1,0,2,5,0,0,2,3,1,0,52,0.666666666666667,0,0,1,0,1,0,0,0,0,0,1,0,52;35,51,,87,51,0,0,0,0,0,,0,0,0,0,0,4,0,64,194,1,0,0,0,1,3,70,0,124
2012,7,SF,REG,2012_07_SEA_SF,SEA,14,23,140,1,1,2,-2,0,0,182,93,9,1.22917305259361,-3.45464232175247,0,9,2,0,0,32,175,0,0,0,8,-1.10522507212897,0,6,3,2,0,14,23,140,1,1,0,182,93,9,2.88849858398316,0,9,2,0,0,0,32,10,10,3,12,0,2,7,3,1,1,6,0,0,0,0,0,0,0,0,0,1,0,0,0,0,5,40,3,1,0,0,1,0,3,70,2,41,2,2,0,0,38,1,0,1,1,0,0,0,0,0,0,0,0,0,38;28,,,66,0,0,1,1,0,0,1,0,0,0,0,0,5,0,66,228,4,0,1,0,2,2,5,0,223
2012,7,TB,REG,2012_07_NO_TB,NO,24,42,420,3,0,2,-9,1,0,419,200,18,21.8585234380346,1.91363227076647,0,14,9,5,1,24,102,1,0,0,5,-1.52513030654518,0,4,2,1,0,24,41,420,3,0,0,419,200,18,26.1496234594863,0,14,9,5,1,0,37,3,15,3,8,0,0,0,0,1,30,7,0,0,0,0,0,0,0,0,0,0,0,0,0,0,7,50,3,1,0,1,1,0,2,15,1,16,0,1,1,0,,0,0,0,0,0,0,0,0,0,0,1,0,0,,42,,0,42,0,4,4,0,0,1,0,0,0,0,0,3,0,54,126,0,1,0,0,1,1,15,0,111
2012,7,TEN,REG,2012_07_TEN_BUF,BUF,22,33,205,1,0,2,-12,0,0,250,90,12,8.80339856311912,2.30955996296623,0,8,5,1,0,27,197,4,0,0,7,9.90122111566598,0,4,4,3,1,22,33,205,1,1,0,250,90,12,10.9106666779844,0,8,5,1,0,0,32,16,24,3,8,1,1,9,7,1,0,3,0,0,0,0,0,0,0,0,0,0,0,1,0,0,3,25,2,1,0,1,1,0,0,0,5,116,0,0,0,0,,,0,0,0,0,0,0,0,0,0,0,0,0,,,,0,0,0,5,5,0,0,1,0,0,0,0,0,3,0,57,124,2,0,0,1,2,0,0,0,104
2012,7,WAS,REG,2012_07_WAS_NYG,NYG,20,28,258,2,1,3,-26,0,0,324,88,12,8.18825519138587,15.1404486762153,0,12,6,4,0,38,248,0,3,2,11,1.29766622922371,0,7,6,3,0,20,27,258,2,2,1,324,88,12,11.7467633478809,0,12,6,4,0,0,25,24,24,1,3,0,1,8,6,2,7,8,0,0,0,0,0,0,0,0,0,2,0,0,0,0,7,55,2,4,1,0,5,3,2,13,1,17,3,3,0,0,45,1,0,1,0,2,0,0,0,0,0,0,0,0,20;43;45,,,108,0,0,2,2,0,0,1,0,0,0,0,0,1,0,33,33,0,0,0,0,1,0,0,0,33
2012,8,ARI,REG,2012_08_SF_ARI,SF,32,52,290,0,1,4,-32,0,0,385,160,15,-5.56490592770603,-5.31819319495788,0,11,6,3,0,9,7,0,0,0,0,-5.82459868659498,0,1,0,0,0,32,52,290,0,0,0,385,160,15,-0.356500121721514,0,11,6,3,0,0,52,0,4,8,36,0,4,28,4,0,0,0,0,0,0,0,0,0,0,0,0,0,0,0,0,0,7,51,6,0,0,0,0,0,4,15,0,0,1,1,0,0,28,1,0,1,0,0,0,0,0,0,0,0,0,0,28,,,28,0,0,0,0,0,0,,0,0,0,0,0,7,0,54,331,1,0,0,1,1,5,59,0,252
2012,8,ATL,REG,2012_08_ATL_PHI,PHI,22,29,262,3,0,2,-16,0,0,117,178,14,18.7480076821353,7.56425384817452,0,10,2,2,1,37,146,0,1,0,6,-3.55178580270096,0,4,1,1,1,22,29,262,3,0,0,117,178,14,21.4819551462838,0,10,2,2,1,0,43,0,10,8,23,1,3,13,6,0,0,7,0,0,0,0,0,0,0,0,0,1,0,0,0,0,6,40,3,1,0,0,1,0,1,11,2,30,3,3,0,0,43,1,0,1,1,1,0,0,0,0,0,0,0,0,43;29;30,,,102,0,0,3,3,0,0,1,0,0,0,0,0,1,1,52,52,0,0,0,0,0,1,7,0,45
2012,8,CAR,REG,2012_08_CAR_CHI,CHI,20,39,314,0,2,2,-17,1,0,346,134,12,1.83597067892823,-8.26768200648458,0,11,6,3,2,36,119,0,1,0,6,-3.44348180480301,0,3,3,0,0,20,38,314,0,0,0,346,134,12,4.87483231779803,0,11,6,3,2,0,47,0,10,6,28,2,6,55,5,1,2,2,0,0,0,0,0,0,0,0,0,2,0,2,0,1,3,21,5,2,0,0,2,0,0,0,0,0,5,5,0,0,45,1,0,1,2,2,0,0,0,0,0,0,0,0,34;31;22;43;45,,,175,0,0,1,1,0,0,1,0,0,0,0,0,3,0,36,77,0,1,0,0,0,2,11,0,66
2012,8,CHI,REG,2012_08_CAR_CHI,CAR,19,28,186,1,1,6,-55,2,2,257,55,13,-8.11475082442825,2.36438576664243,0,11,2,1,0,19,79,1,0,0,3,-0.0259033965921347,0,2,2,0,0,19,28,186,1,0,0,257,55,13,2.23733149707937,0,11,2,1,0,0,50,0,18,7,15,2,2,17,2,2,27,6,1,0,0,0,0,0,0,0,0,0,0,0,0,0,5,40,5,2,0,0,2,2,2,11,7,44,1,2,1,0,41,0.5,0,0,0,1,0,0,0,0,1,0,0,0,41,33,,41,33,0,2,2,0,0,1,1,1,0,0,41,4,0,49,179,3,0,3,0,1,0,0,0,179
2012,8,CLE,REG,2012_08_SD_CLE,LAC,11,27,129,0,0,2,-12,0,0,115,85,7,-5.9858163104509,-23.4819525921786,0,6,2,2,0,33,133,1,2,0,6,-1.19002154958434,0,5,3,1,0,11,27,129,0,0,0,115,85,7,-1.93043018563185,0,6,2,2,0,0,42,0,34,4,25,1,1,6,3,0,0,3,0,0,0,0,0,0,0,0,0,2,-20,1,0,0,4,35,2,1,1,0,2,0,2,7,2,47,0,0,0,0,,,0,0,0,0,0,0,0,0,0,0,0,0,,,,0,0,0,1,1,0,0,1,0,0,0,0,0,9,0,51,356,3,1,1,1,1,5,46,0,290
2012,8,DAL,REG,2012_08_NYG_DAL,NYG,36,62,437,1,4,4,-22,0,0,697,130,21,-11.3109888507702,-0.392064061321196,0,17,7,6,1,17,19,2,1,1,4,-5.54760818145587,0,0,0,0,0,36,61,437,1,0,0,697,130,21,-6.43863653501693,0,17,7,6,1,0,39,1,23,4,5,1,1,2,4,1,0,5,0,2,0,0,0,0,0,0,0,2,0,1,0,0,2,10,4,1,3,0,4,2,2,8,6,142,1,1,0,0,51,1,0,0,0,0,1,0,0,0,0,0,0,0,51,,,51,0,0,3,3,0,0,1,0,0,0,0,0,4,0,50,165,3,0,1,0,2,1,1,0,164
2012,8,DEN,REG,2012_08_NO_DEN,NO,22,30,305,3,0,0,0,0,0,234,160,16,18.1096601371974,11.3765746355057,0,13,9,7,1,41,225,1,2,1,11,-2.08406402065884,0,7,5,2,0,22,30,305,3,0,0,234,160,16,18.1096601371974,0,13,9,7,1,0,34,0,8,4,26,1,1,12,2,1,8,13,0,0,0,0,0,0,0,0,0,0,0,0,0,0,5,34,1,2,0,1,2,1,4,43,1,12,2,2,0,0,33,1,0,0,2,0,0,0,0,0,0,0,0,0,33;33,,,66,0,0,4,4,0,0,1,0,0,0,0,0,5,0,55,232,3,0,1,1,2,1,-1,0,213
2012,8,DET,REG,2012_08_SEA_DET,SEA,34,49,352,3,1,2,-21,0,0,341,173,23,17.6539051803411,3.00496749731959,0,13,5,3,1,22,84,1,0,0,3,-0.563541121140588,0,2,1,0,0,34,49,352,3,0,0,341,173,23,21.7096983520896,0,13,5,3,1,0,40,7,11,7,16,1,0,0,3,1,26,3,0,0,0,0,0,0,0,0,0,0,0,1,0,0,5,61,6,0,0,0,0,0,1,6,1,21,0,0,0,0,,,0,0,0,0,0,0,0,0,0,0,0,0,,,,0,0,0,4,4,0,0,1,0,0,0,0,0,4,0,47,176,0,0,0,0,1,3,29,0,147
2012,8,GB,REG,2012_08_JAX_GB,JAX,22,36,186,2,0,2,-14,1,1,245,109,9,-5.42069939554381,-2.79938346809811,0,7,2,2,0,26,66,0,0,0,5,-7.11862772128854,0,0,0,0,0,22,36,186,2,0,0,245,109,9,1.13210237932913,0,7,2,2,0,1,37,9,23,4,28,2,2,24,4,0,0,1,0,0,0,1,0,0,0,0,0,0,0,1,0,0,5,33,1,1,0,0,1,1,1,0,2,57,1,2,1,0,25,0.5,0,1,0,0,0,0,0,0,1,0,0,0,25,32,,25,32,0,3,3,0,0,1,0,0,0,0,0,5,0,65,225,1,1,0,1,2,1,0,0,205
2012,8,IND,REG,2012_08_IND_TEN,TEN,26,38,297,1,1,2,-11,1,0,288,113,16,11.6224931816732,7.69943767472317,0,16,7,4,0,34,171,1,0,0,12,5.73949254949643,0,4,4,0,0,26,38,297,1,1,0,288,113,16,13.9448254725475,0,16,7,4,0,0,44,0,16,4,14,0,2,9,2,0,0,2,0,0,0,0,0,0,0,0,0,1,0,0,0,0,5,45,6,2,0,1,2,0,1,13,3,28,2,3,0,1,44,0.666666666666667,0,1,0,1,0,0,0,0,0,0,0,0,20;44,,37,64,0,37,1,1,0,0,1,0,0,0,0,0,2,0,48,87,0,0,0,1,0,1,19,0,48
2012,8,JAX,REG,2012_08_JAX_GB,GB,27,49,303,1,0,2,-24,1,0,346,155,14,0.399002066455413,-8.97206906229258,0,13,8,4,0,20,62,0,1,1,1,-10.6547735916683,0,1,1,1,0,27,48,303,1,0,0,346,155,14,6.24661575268545,0,13,8,4,0,0,39,6,18,2,8,1,2,14,4,0,0,2,0,1,0,0,0,0,0,0,0,1,0,1,0,0,7,77,6,2,1,1,3,1,1,0,4,84,3,3,0,0,38,1,0,1,2,0,0,0,0,0,0,0,0,0,38;22;32,,,92,0,0,0,0,0,0,,0,0,0,0,0,5,1,57,203,0,0,1,1,2,1,0,0,183
2012,8,KC,REG,2012_08_OAK_KC,LV,22,34,219,1,2,3,-22,1,0,235,134,11,-9.53519963286424,3.65285934770809,0,11,2,2,1,22,102,0,1,1,5,-5.08687982397696,0,5,4,0,0,22,34,219,1,0,0,235,134,11,-5.50713883548005,0,11,2,2,1,0,52,0,6,6,11,0,0,0,3,1,17,7,0,1,0,0,0,0,0,0,0,1,-2,0,0,0,5,40,6,1,2,0,3,2,5,59,2,52,3,3,0,0,52,1,0,0,1,1,1,0,0,0,0,0,0,0,30;42;52,,,124,0,0,1,1,0,0,1,0,0,0,0,0,5,0,57,236,2,0,0,0,2,3,38,0,198
2012,8,LA,REG,2012_08_NE_STL,NE,23,32,244,1,2,2,-25,0,0,252,69,9,-7.19673907133983,9.63236718408523,0,7,5,3,1,23,107,0,1,0,7,0.511173345468706,0,3,3,1,0,23,31,244,1,1,0,252,69,9,-0.0869086825405248,0,7,5,3,1,0,45,2,4,4,15,0,0,0,0,0,0,6,0,0,0,0,0,0,0,0,0,1,0,0,0,0,12,102,1,1,1,1,2,0,1,0,5,93,0,0,0,0,,,0,0,0,0,0,0,0,0,0,0,0,0,,,,0,0,0,1,1,0,0,1,0,0,0,0,0,4,0,50,195,1,0,1,0,0,3,16,0,179
2012,8,LAC,REG,2012_08_SD_CLE,CLE,18,34,154,0,0,1,-6,0,0,277,115,9,-5.16942932314489,-7.99620368263938,0,8,2,2,0,34,117,0,1,1,8,-7.71425797563279,0,1,0,0,0,18,33,154,0,0,0,277,115,9,-3.75317360906413,0,8,2,2,0,0,30,0,34,4,32,1,2,12,6,0,0,6,0,1,0,0,0,0,0,0,0,1,0,0,0,0,3,15,6,1,1,0,2,1,5,46,2,32,2,2,0,0,43,1,0,0,1,1,0,0,0,0,0,0,0,0,43;31,,,74,0,0,0,0,0,0,,0,0,0,0,0,6,0,60,279,3,1,3,0,0,2,7,0,272
2012,8,LV,REG,2012_08_OAK_KC,KC,14,28,209,2,1,0,0,0,0,229,159,8,4.22568940862919,-5.95760389610573,0,6,5,3,1,34,135,0,0,0,6,-8.91318212344777,0,4,4,3,0,14,27,209,2,0,0,229,159,8,4.71122396390791,0,6,5,3,1,0,51,0,0,5,28,1,3,22,12,2,25,5,0,0,0,0,0,0,0,0,0,0,0,2,3,0,2,20,1,0,0,0,0,0,3,38,2,46,4,4,0,0,36,1,0,1,3,0,0,0,0,0,0,0,0,0,36;35;29;32,,,132,0,0,2,2,0,0,1,0,0,0,0,0,6,0,54,256,1,0,0,1,0,5,59,0,177
2012,8,MIA,REG,2012_08_MIA_NYJ,NYJ,13,24,149,1,0,2,-10,0,0,249,41,8,-0.300712546698277,2.40026388479316,0,6,3,2,0,33,97,1,1,1,3,-5.56553686235659,0,2,2,0,0,13,24,149,1,0,0,249,41,8,2.88777865689109,0,6,3,2,0,1,41,0,28,4,21,1,4,25,6,1,29,11,0,0,0,1,0,1,0,0,0,0,0,1,0,0,4,31,3,1,0,0,1,1,2,26,2,78,3,3,0,0,42,1,0,0,2,1,0,0,0,0,0,0,0,0,33;39;42,,,114,0,0,3,3,0,0,1,0,0,0,0,0,6,0,58,320,4,2,0,2,2,0,0,0,280
2012,8,MIN,REG,2012_08_TB_MIN,TB,19,35,251,1,1,3,-22,0,0,318,161,11,-4.52270916277201,-8.19123273386675,0,11,6,4,0,21,140,1,1,1,4,-6.19090478023281,0,4,1,1,1,19,34,251,1,1,1,318,161,11,-3.20067194795127,0,11,6,4,0,0,41,1,35,2,7,0,1,5,3,0,0,5,0,0,0,0,0,0,0,0,0,1,-12,0,0,0,5,32,5,2,1,0,3,2,3,31,1,43,1,1,0,0,51,1,0,0,0,0,1,0,0,0,0,0,0,0,51,,,51,0,0,2,2,0,0,1,0,0,0,0,0,6,0,55,227,0,1,1,0,1,3,1,0,226
2012,8,NE,REG,2012_08_NE_STL,LA,24,38,321,4,0,0,0,0,0,253,182,16,24.0172514077222,-0.362903585559443,0,14,9,4,0,28,152,2,0,0,9,7.83413954434218,0,6,5,3,1,24,38,321,4,0,0,253,182,16,24.0172514077222,0,14,9,4,0,0,51,0,0,5,40,1,2,25,4,2,53,7,0,0,0,0,0,0,0,0,0,0,0,0,0,0,8,42,2,0,0,0,0,0,3,16,1,19,1,1,0,0,26,1,0,1,0,0,0,0,0,0,0,0,0,0,26,,,26,0,0,6,6,0,0,1,0,0,0,0,0,2,0,62,113,1,0,0,1,0,1,0,0,93
2012,8,NO,REG,2012_08_NO_DEN,DEN,22,42,213,2,1,1,-12,1,0,353,105,12,-1.4462127716979,-11.6685174050785,0,10,5,2,0,17,51,0,0,0,2,-2.12190047989134,0,0,0,0,0,22,42,213,2,0,0,353,105,12,0.449374764575623,0,10,5,2,0,0,58,0,12,2,7,2,0,0,2,0,0,5,0,0,0,0,0,0,0,0,0,1,0,1,0,0,3,15,1,1,0,0,1,0,1,-1,0,0,0,0,0,0,,,0,0,0,0,0,0,0,0,0,0,0,0,,,,0,0,0,2,2,0,0,1,0,0,0,0,0,8,0,63,413,4,1,1,0,2,4,43,0,370
2012,8,NYG,REG,2012_08_NYG_DAL,DAL,15,29,192,0,1,1,-2,0,0,301,66,7,-2.83798996428338,-10.1704865694046,0,7,4,2,1,28,103,1,1,1,4,-7.36117849480606,0,3,2,0,0,15,29,192,0,0,0,301,66,7,-2.39538270880546,0,7,4,2,1,0,59,1,5,4,23,1,4,22,8,4,103,4,1,0,0,0,0,0,0,0,0,0,0,2,0,0,5,45,4,1,0,0,1,1,1,1,4,86,5,5,0,0,43,1,0,1,2,2,0,0,0,0,0,0,0,0,41;37;26;43;37,,,184,0,0,2,2,0,0,1,0,0,0,0,0,6,0,59,287,2,2,1,0,1,2,8,0,279
2012,8,NYJ,REG,2012_08_MIA_NYJ,MIA,28,54,283,1,1,4,-25,1,1,406,101,17,-16.2497196786928,-11.5014159569034,0,13,7,3,0,21,105,0,0,0,3,2.64421256410424,0,1,1,1,0,28,54,283,1,0,0,406,101,17,-5.63663231701431,0,13,7,3,0,0,34,0,26,5,15,1,2,10,3,0,0,3,0,0,0,0,0,0,0,0,0,0,0,1,0,0,5,45,5,1,0,0,1,1,0,0,4,101,1,2,0,1,38,0.5,0,0,1,0,0,0,0,0,0,0,0,0,38,,35,38,0,35,0,0,0,0,,0,0,0,0,0,6,1,59,274,1,0,1,0,3,2,26,0,248
2012,8,PHI,REG,2012_08_ATL_PHI,ATL,21,35,191,1,0,3,-13,0,0,172,120,10,-0.222123791240926,-7.59220868349075,0,9,2,1,0,24,92,1,1,0,9,2.14201652596239,0,3,1,0,0,21,35,191,1,0,0,172,120,10,3.07311505398403,0,9,2,1,0,0,57,0,6,9,26,1,2,16,2,0,0,2,0,0,0,1,0,0,0,0,0,1,0,0,0,0,6,57,5,1,1,1,2,0,1,7,5,89,1,1,0,0,33,1,0,0,1,0,0,0,0,0,0,0,0,0,33,,,33,0,0,2,2,0,0,1,0,0,0,0,0,3,0,56,144,2,0,0,0,2,1,11,0,133
2012,8,PIT,REG,2012_08_WAS_PIT,WAS,24,33,222,3,0,1,-7,0,0,159,131,16,9.26826813706265,6.53192726048556,0,11,3,2,0,27,140,0,0,0,7,2.57124933792511,0,6,5,1,0,24,33,222,3,0,0,159,131,16,10.6286302435312,0,11,3,2,0,0,25,9,19,3,16,0,1,8,5,0,0,8,0,0,0,0,1,0,0,0,0,0,0,0,0,0,3,20,3,0,0,0,0,0,3,25,3,51,2,2,0,0,48,1,0,1,0,1,0,0,0,0,0,0,0,0,48;27,,,75,0,0,3,3,0,0,1,0,0,0,0,0,3,0,58,152,2,0,1,0,0,2,34,0,118
2012,8,SEA,REG,2012_08_SEA_DET,DET,25,35,236,2,1,0,0,0,0,294,82,12,5.27449931666254,7.82981285027095,0,10,6,0,0,19,133,1,0,0,6,3.12586084537907,0,3,1,1,1,25,35,236,2,0,0,294,82,12,5.21192961290128,0,10,5,0,0,0,43,9,21,2,21,0,2,21,7,1,0,4,0,0,0,0,0,0,0,0,0,0,0,0,0,0,2,10,4,1,0,0,1,1,3,29,4,68,1,2,1,0,23,0.5,0,1,0,0,0,0,0,0,0,0,0,1,23,61,,23,61,0,3,3,0,0,1,0,0,0,0,0,3,0,64,145,3,0,1,0,1,1,6,0,139
2012,8,SF,REG,2012_08_SF_ARI,ARI,18,19,232,3,0,4,-28,0,0,94,143,10,13.4635883161008,23.6217630536933,0,8,5,5,1,29,113,0,0,0,4,-3.64235060033388,0,2,2,0,0,18,19,232,3,0,0,94,143,10,19.6824861765398,0,8,5,5,1,0,48,0,2,9,45,0,4,32,6,1,0,13,0,0,0,0,0,0,0,0,0,0,0,0,0,0,10,80,3,0,0,0,0,0,5,59,1,31,1,1,0,0,43,1,0,0,0,1,0,0,0,0,0,0,0,0,43,,,43,0,0,3,3,0,0,1,0,0,0,0,0,5,0,55,244,3,0,0,0,1,4,15,0,229
2012,8,TB,REG,2012_08_TB_MIN,MIN,19,36,262,3,0,1,-5,0,0,238,143,14,14.01922043718,-11.6327177319262,0,10,4,3,1,41,159,1,0,0,8,-1.22424344055235,0,4,3,1,1,19,36,262,3,0,0,238,143,14,15.7781880980132,0,10,4,3,1,0,37,0,10,7,39,2,3,22,4,1,0,4,0,1,0,0,0,0,0,0,0,1,0,2,4,0,4,49,5,0,1,0,1,0,3,1,0,0,3,3,0,0,40,1,0,1,1,1,0,0,0,0,0,0,0,0,28;40;38,,,106,0,0,3,3,0,0,1,0,0,0,0,0,6,0,57,281,0,2,1,0,0,3,31,0,250
2012,8,TEN,REG,2012_08_IND_TEN,IND,22,29,236,1,0,2,-9,0,0,234,75,11,9.72543873507772,11.59675224074,0,10,6,3,0,25,112,0,1,0,7,-1.33744742313866,0,4,1,0,0,22,29,236,1,0,0,234,75,11,11.7573446317152,0,10,6,3,0,0,53,0,18,7,20,2,2,11,8,1,0,5,0,0,0,0,0,1,0,0,42,1,-4,0,0,0,8,65,2,0,1,0,1,0,1,19,1,7,2,3,1,0,39,0.666666666666667,0,0,2,0,0,0,0,0,0,1,0,0,39;30,45,,69,45,0,1,1,0,0,1,0,0,0,0,0,3,0,61,130,1,0,2,0,0,1,13,0,117
2012,8,WAS,REG,2012_08_WAS_PIT,PIT,16,35,177,1,0,1,-8,0,0,310,79,10,2.50556522370987,-12.724241742066,0,7,4,3,0,21,86,0,1,0,6,0.0845738787902519,0,4,1,0,0,16,35,177,1,0,0,310,79,10,3.69987205891317,0,7,4,3,0,0,39,5,25,3,13,0,1,7,2,0,0,1,0,0,0,0,0,0,0,0,0,1,-7,0,0,0,6,40,3,0,1,0,1,0,2,34,4,97,2,2,0,0,48,1,0,0,0,2,0,0,0,0,0,0,0,0,48;45,,,93,0,0,0,1,0,1,0,0,0,0,0,0,4,0,52,151,0,1,0,0,0,3,25,0,126
2012,9,ARI,REG,2012_09_ARI_GB,GB,23,46,306,1,1,2,-20,0,0,444,103,13,-1.16704262926942,-10.2976235747337,0,11,6,5,1,18,54,1,0,0,3,-3.75333131464221,0,1,0,0,0,23,45,306,1,1,0,444,103,13,2.10258742916631,0,11,6,5,1,0,42,8,16,1,1,1,1,10,4,1,6,3,0,2,0,0,0,0,0,0,0,1,0,0,0,0,8,57,5,1,2,1,3,1,4,19,3,61,1,1,0,0,20,1,0,1,0,0,0,0,0,0,0,0,0,0,20,,,20,0,0,2,2,0,0,1,0,0,0,0,0,8,0,65,344,4,2,1,0,2,3,46,0,298
2012,9,ATL,REG,2012_09_DAL_ATL,DAL,24,34,342,0,0,3,-12,1,0,280,148,16,12.2065617878686,5.00997497754938,0,14,10,7,1,26,123,1,0,0,3,-3.16656246460691,0,2,1,1,1,24,34,342,0,0,0,280,148,16,15.4410196443784,0,14,10,7,1,0,37,0,12,2,12,0,1,9,1,0,0,3,0,0,0,0,0,0,0,0,0,1,0,0,0,0,2,15,4,1,0,0,1,0,2,6,2,45,4,6,2,0,46,0.666666666666667,0,0,2,2,0,0,0,0,1,1,0,0,45;46;36;32,37;43,,159,80,0,1,1,0,0,1,0,0,0,0,0,2,0,47,80,1,0,1,0,0,1,37,0,43
2012,9,BAL,REG,2012_09_BAL_CLE,CLE,15,24,153,1,0,1,-8,0,0,234,58,9,3.56874113889365,0.638713811834653,1,5,5,3,0,37,137,2,0,0,8,0.213332001823916,0,4,1,0,0,15,24,153,1,0,0,234,58,9,5.52005551742343,1,5,5,3,0,0,38,1,35,1,2,0,1,2,6,2,27,5,0,0,0,0,0,0,0,0,0,0,0,0,0,0,9,82,3,0,0,0,0,0,2,7,4,80,1,1,0,0,43,1,0,0,0,1,0,0,0,0,0,0,0,0,43,,,43,0,0,2,2,0,0,1,0,0,0,0,0,7,0,54,313,1,0,0,1,1,5,54,0,239
2012,9,BUF,REG,2012_09_BUF_HOU,HOU,25,38,239,0,0,4,-9,1,1,254,125,13,-4.00674633667604,2.01419160554284,0,10,4,2,0,15,74,0,0,0,4,-2.37786663359447,0,3,2,1,0,25,38,239,0,0,0,254,125,13,1.39239038215466,0,10,4,2,0,0,45,0,20,6,23,0,2,12,3,0,0,3,0,0,0,0,0,1,0,0,0,0,0,0,0,0,3,15,6,1,0,0,1,1,4,37,4,52,3,4,1,0,39,0.75,0,1,2,0,0,0,0,0,1,0,0,0,22;38;39,37,,99,37,0,0,0,0,0,,0,0,0,0,0,5,0,57,247,2,1,1,0,1,2,34,0,213
2012,9,CAR,REG,2012_09_CAR_WAS,WAS,13,23,201,1,0,0,0,0,0,266,97,6,7.3366013107346,-0.689136204512223,0,6,3,1,1,27,129,2,0,0,9,3.8163437586627,0,6,3,2,0,13,23,201,1,0,0,266,97,6,7.3366013107346,0,6,3,1,1,0,31,8,54,4,24,0,4,29,9,0,0,6,0,0,0,0,0,0,0,0,0,0,0,0,0,0,7,60,5,0,0,0,0,0,2,8,2,49,0,1,0,1,,0,0,0,0,0,0,0,0,0,0,0,0,0,,,50,0,0,50,3,3,0,0,1,0,0,0,0,0,5,0,49,161,3,1,2,0,0,2,-4,0,165
2012,9,CHI,REG,2012_09_CHI_TEN,TEN,19,26,229,3,0,3,-24,1,1,189,84,10,2.13510160135709,11.774439823169,0,7,5,3,1,36,160,1,0,0,9,-0.14108612772543,0,5,4,1,1,19,26,229,3,0,0,189,84,10,11.1372487990223,0,7,5,3,1,1,34,0,24,2,9,5,2,20,3,1,46,9,1,0,0,1,0,0,0,0,5,0,0,4,15,0,5,37,1,1,0,0,1,1,5,69,1,26,3,3,0,0,40,1,0,2,0,1,0,0,0,0,0,0,0,0,40;25;22,,,87,0,0,6,6,0,0,1,0,0,0,0,0,3,0,43,115,1,1,1,1,0,0,0,0,95
2012,9,CIN,REG,2012_09_DEN_CIN,DEN,26,42,299,1,1,5,-24,0,0,312,142,15,2.78162116785689,0.376355066532042,0,11,6,3,1,25,91,1,0,0,5,1.31550066615455,0,1,0,0,0,26,41,299,1,0,0,312,142,15,8.11942704959074,0,11,6,3,1,0,40,0,28,1,4,0,0,0,1,2,0,7,0,0,0,0,0,0,0,0,0,0,0,0,0,0,8,83,6,0,0,0,0,0,3,-1,4,114,3,4,1,0,49,0.75,0,1,0,2,0,0,0,0,0,1,0,0,28;49;41,46,,118,46,0,2,2,0,0,1,0,0,0,0,0,4,0,60,206,2,0,0,1,1,2,2,0,184
2012,9,CLE,REG,2012_09_BAL_CLE,BAL,20,37,176,0,2,1,-2,0,0,310,89,10,-13.4559252353162,-4.08257709609138,0,8,3,2,0,27,116,0,1,0,4,-0.884356115255975,0,2,2,0,0,20,36,176,0,0,0,310,89,10,-11.2294952215404,0,8,3,2,0,0,40,0,34,2,10,0,1,8,1,0,0,4,0,0,0,0,0,0,0,0,0,1,0,0,0,0,4,31,5,0,1,0,1,0,5,54,3,74,5,5,0,0,41,1,0,2,2,1,0,0,0,0,0,0,0,0,32;28;29;33;41,,,163,0,0,0,0,0,0,,0,0,0,0,0,4,0,44,170,1,0,0,0,2,2,7,0,163
2012,9,DAL,REG,2012_09_DAL_ATL,ATL,25,35,321,1,0,1,-9,0,0,298,103,14,8.98037794127748,3.96716850144523,0,12,5,4,1,18,65,0,0,0,3,-3.73673089267686,0,2,2,0,0,25,35,321,1,0,0,298,103,14,11.4284406023814,0,12,5,4,1,0,49,0,10,6,18,1,3,12,7,0,0,4,0,0,0,0,0,0,0,0,0,0,0,0,0,0,7,50,6,0,0,0,0,0,1,37,3,73,2,3,1,0,32,0.666666666666667,0,1,1,0,0,0,0,0,0,0,1,0,23;32,54,,55,54,0,1,1,0,0,1,0,0,0,0,0,4,0,53,182,3,0,0,0,2,2,6,0,176
2012,9,DEN,REG,2012_09_DEN_CIN,CIN,27,35,291,3,2,0,0,0,0,277,125,17,14.7201466449187,14.000732089792,0,11,6,4,1,26,68,0,0,0,2,-4.94705725595484,0,2,1,0,0,27,35,291,3,0,0,277,125,17,14.7201466449187,0,11,6,4,1,1,43,0,38,7,32,0,5,24,6,1,0,6,0,0,0,0,0,0,0,0,0,0,0,0,0,0,5,29,3,0,0,0,0,0,2,2,3,119,1,1,0,0,43,1,0,0,0,1,0,0,0,0,0,0,0,0,43,,,43,0,0,4,4,0,0,1,0,0,0,0,0,3,0,49,140,1,0,0,0,0,3,-1,0,141
2012,9,DET,REG,2012_09_DET_JAX,JAX,22,33,285,0,0,1,0,0,0,270,123,16,17.5731961545627,5.36164487853195,0,14,6,3,0,34,149,4,0,0,8,7.63665628130548,0,4,2,0,0,22,33,285,0,0,0,270,123,16,18.2283386685978,0,14,6,3,0,0,47,0,0,1,5,0,1,5,2,2,18,4,0,0,0,0,0,0,0,0,0,0,0,0,0,0,5,42,5,0,0,0,0,0,0,0,0,0,1,2,1,0,42,0.5,0,0,0,1,0,0,0,0,0,1,0,0,42,47,,42,47,0,4,4,0,0,1,0,0,0,0,0,2,0,50,99,1,0,0,0,0,2,12,0,87
2012,9,GB,REG,2012_09_ARI_GB,ARI,14,30,218,4,1,1,-10,0,0,248,121,11,5.6529920079549,-12.8026667340048,0,7,5,3,1,39,176,0,1,0,8,-5.49343687231885,0,5,4,2,0,14,29,218,4,0,0,248,121,11,8.61508244315992,0,7,5,3,1,0,34,10,18,4,28,1,2,20,7,1,2,8,0,0,0,0,0,0,0,0,0,1,0,1,0,0,1,5,3,1,0,0,1,0,3,46,3,90,1,2,1,0,33,0.5,0,0,1,0,0,0,0,0,0,1,0,0,33,44,,33,44,0,4,4,0,0,1,0,0,0,0,0,6,0,46,255,3,0,0,1,1,4,19,0,216
2012,9,HOU,REG,2012_09_BUF_HOU,BUF,19,27,268,2,0,2,-12,0,0,259,98,13,12.286794021614,6.64239465086549,0,13,5,3,0,32,118,1,0,0,8,-2.20725036627846,0,5,3,1,0,19,27,268,2,0,0,259,98,13,15.8814268560429,0,13,5,3,0,0,46,1,11,6,12,1,4,9,11,0,0,6,0,0,0,0,0,0,0,0,0,0,0,1,0,0,7,42,5,0,0,0,0,0,2,34,4,62,0,1,0,1,,0,0,0,0,0,0,0,0,0,0,0,0,0,,,46,0,0,46,3,3,0,0,1,0,0,0,0,0,5,0,58,247,0,1,0,0,0,4,37,0,210
2012,9,IND,REG,2012_09_MIA_IND,MIA,30,48,433,2,0,1,-14,1,0,578,151,22,24.4008111817585,4.62642976393302,0,18,11,9,1,26,97,0,1,0,4,-6.39399160107132,0,3,1,0,0,30,48,433,2,0,0,578,151,22,26.6934160728761,0,18,11,9,1,0,30,0,22,2,10,1,2,9,6,0,0,2,0,0,0,0,0,0,0,0,0,2,0,0,0,0,11,91,5,2,0,0,2,0,4,29,2,52,3,5,1,1,47,0.6,0,1,0,2,0,0,0,0,0,1,0,0,23;47;43,48,54,113,48,54,2,2,0,0,1,0,0,0,0,0,2,0,59,99,1,0,0,0,1,1,12,0,87
2012,9,JAX,REG,2012_09_DET_JAX,DET,27,38,220,2,2,1,-5,0,0,313,62,11,0.633220774732996,8.31486088664908,1,8,3,3,0,20,64,0,0,0,6,0.5534512931481,0,0,0,0,0,27,38,220,2,0,0,313,62,11,1.92070161798643,1,8,3,3,0,0,50,0,4,0,0,0,1,0,3,0,0,1,0,0,0,0,0,0,0,0,0,0,0,0,0,0,3,40,2,0,0,0,0,0,2,12,3,48,0,0,0,0,,,0,0,0,0,0,0,0,0,0,0,0,0,,,,0,0,0,0,0,0,0,,0,0,0,0,0,4,0,73,202,3,1,1,0,2,0,0,0,202
2012,9,KC,REG,2012_09_KC_SD,LAC,19,29,181,0,1,1,-5,1,1,233,87,10,-3.88677607802885,5.47863596252033,0,10,2,2,0,30,113,1,0,0,9,-1.54755513266049,0,5,3,0,0,19,28,181,0,1,1,233,87,10,-1.10775709559886,0,10,2,2,0,0,30,16,16,3,7,1,1,4,1,1,0,1,0,1,0,0,0,0,0,0,0,0,0,1,0,0,5,37,3,2,1,0,3,3,1,0,4,83,2,3,1,0,49,0.666666666666667,0,0,0,2,0,0,0,0,1,0,0,0,49;41,39,,90,39,0,1,1,0,0,1,0,0,0,0,0,1,0,43,43,0,0,0,0,0,1,2,0,41
2012,9,LAC,REG,2012_09_KC_SD,KC,18,20,220,2,1,1,-4,0,0,160,69,9,9.14496463421975,30.8668062875145,0,9,5,4,0,26,123,0,0,0,8,-2.12393624303513,0,3,1,1,0,18,19,220,2,0,0,160,69,9,10.7536166932668,0,9,5,4,0,0,36,16,18,4,11,2,1,5,2,1,59,4,1,1,0,0,0,0,0,0,0,0,0,3,0,1,8,54,3,1,0,0,1,1,1,2,1,24,1,1,0,0,25,1,0,1,0,0,0,0,0,0,0,0,0,0,25,,,25,0,0,4,4,0,0,1,0,0,0,0,0,2,0,38,69,2,0,1,0,0,1,0,0,69
2012,9,LV,REG,2012_09_TB_OAK,TB,40,62,418,4,3,2,-16,0,0,499,224,19,-0.106989640836677,2.4232764397898,1,17,6,6,1,11,22,0,0,0,2,-0.957834991073469,0,0,0,0,0,40,62,418,4,2,0,499,224,19,2.56174036851052,1,17,6,6,1,0,42,6,16,5,25,1,1,10,2,0,0,1,0,0,0,0,0,1,0,0,34,1,0,1,0,0,9,80,5,2,0,1,2,0,2,0,1,22,1,1,0,0,29,1,0,1,0,0,0,0,0,0,0,0,0,0,29,,,29,0,0,3,3,0,0,1,0,0,0,0,0,4,0,58,218,1,0,0,0,1,3,46,0,172
2012,9,MIA,REG,2012_09_MIA_IND,IND,22,38,290,1,0,2,-9,1,0,289,111,13,7.1961438522569,-6.18250252384889,0,13,5,2,0,18,84,1,0,0,5,3.11076617660001,0,2,2,1,0,22,38,290,1,0,0,289,111,13,9.09915353375367,0,13,5,2,0,0,54,0,12,4,23,2,1,14,6,0,0,7,0,0,0,0,0,1,0,0,0,1,2,0,0,0,8,79,5,1,0,0,1,0,1,12,3,79,2,2,0,0,37,1,0,0,2,0,0,0,0,0,0,0,0,0,37;31,,,68,0,0,2,2,0,0,1,0,0,0,0,0,4,0,60,213,2,0,0,0,0,4,29,0,184
2012,9,MIN,REG,2012_09_MIN_SEA,SEA,11,22,63,0,1,4,-19,0,0,130,34,4,-10.3461121694869,-13.9351122758605,0,2,0,0,0,27,243,2,1,1,10,11.1708490934689,0,8,8,3,1,11,22,63,0,0,0,130,34,4,-4.56860449584467,0,2,0,0,0,0,35,3,45,4,16,0,1,8,4,0,0,1,0,0,0,0,1,0,0,0,0,0,0,0,0,0,6,33,6,1,0,0,1,1,3,1,3,79,2,2,0,0,55,1,0,0,1,0,1,0,0,0,0,0,0,0,36;55,,,91,0,0,2,2,0,0,1,0,0,0,0,0,3,0,53,88,0,0,0,0,1,2,21,0,67
2012,9,NO,REG,2012_09_PHI_NO,PHI,21,27,239,2,0,2,-8,2,1,212,104,14,9.33440532178576,11.2537311183082,0,9,6,4,0,25,140,1,0,0,5,2.5629873482394,0,3,3,2,0,21,27,239,2,0,0,212,104,14,16.1071121226247,0,9,6,4,0,0,46,0,30,8,52,2,7,46,13,1,99,4,1,0,0,0,0,0,0,0,0,1,0,1,0,0,4,35,2,3,0,0,3,2,1,5,4,118,0,1,1,0,,0,0,0,0,0,0,0,0,0,0,0,1,0,,52,,0,52,0,4,4,0,0,1,0,0,0,0,0,3,0,66,149,0,1,0,0,1,1,20,0,129
2012,9,NYG,REG,2012_09_PIT_NYG,PIT,10,24,125,0,1,2,-11,1,0,274,53,6,-7.11445117801468,-15.9736735125383,0,5,3,2,0,22,68,1,0,0,4,-2.44835708162282,0,0,0,0,0,10,24,125,0,0,0,274,53,6,-4.47353660514618,0,5,3,2,0,0,39,24,24,6,29,2,4,25,4,1,7,4,0,0,0,0,0,0,0,0,0,1,0,1,70,1,7,40,5,1,0,0,1,0,0,0,4,100,2,3,1,0,50,0.666666666666667,0,1,0,0,1,0,0,0,0,0,1,0,50;23,51,,73,51,0,2,2,0,0,1,0,0,0,0,0,5,0,55,237,1,1,1,0,0,3,76,0,161
2012,9,PHI,REG,2012_09_PHI_NO,NO,22,41,272,1,1,7,-46,1,0,379,133,13,-10.6994591725906,-2.82846606875721,0,11,3,2,1,29,221,0,0,0,10,8.9757850196329,0,6,6,3,1,22,38,272,1,1,1,379,133,13,-4.70190208333401,0,11,3,2,1,0,39,0,22,2,8,3,2,8,2,0,0,2,0,0,0,0,0,0,0,0,0,1,0,2,0,0,7,58,4,2,0,0,2,1,1,20,1,13,2,2,0,0,37,1,0,1,1,0,0,0,0,0,0,0,0,0,22;37,,,59,0,0,1,1,0,0,1,0,0,0,0,0,4,0,55,178,1,0,0,1,2,1,5,0,153
2012,9,PIT,REG,2012_09_PIT_NYG,NYG,21,30,216,2,1,4,-25,1,1,175,113,12,-9.07194606904979,6.97927094739059,0,8,4,3,1,35,158,1,0,0,9,2.6734644920507,0,5,3,1,0,21,29,216,2,1,0,175,113,12,6.19594648751081,0,8,4,3,1,0,26,13,13,3,13,1,2,11,5,1,3,5,0,0,0,0,0,0,0,0,0,0,0,0,0,0,6,119,3,2,0,1,2,1,3,76,5,173,1,1,0,0,30,1,0,0,1,0,0,0,0,0,0,0,0,0,30,,,30,0,0,3,3,0,0,1,0,0,0,0,0,4,0,53,165,2,0,1,1,2,0,0,0,145
2012,9,SEA,REG,2012_09_MIN_SEA,MIN,17,25,198,3,0,1,-8,0,0,190,80,12,11.7005380263436,7.42524390419324,0,8,5,4,0,45,195,1,1,0,13,1.43696381148075,0,5,4,1,0,17,24,198,3,0,0,190,80,12,13.261830832751,0,8,5,4,0,0,31,5,23,4,12,1,4,19,7,1,0,1,0,0,0,0,0,0,0,0,0,0,-1,1,0,0,4,49,4,0,1,1,1,0,2,21,1,19,1,1,0,0,40,1,0,0,0,1,0,0,0,0,0,0,0,0,40,,,40,0,0,3,4,0,1,0.75,0,0,0,0,0,4,0,55,195,2,0,1,0,0,3,1,0,194
2012,9,TB,REG,2012_09_TB_OAK,LV,18,30,247,2,0,1,-10,1,0,358,100,10,12.8245953768136,2.63561139504115,0,10,4,4,1,32,278,4,1,1,10,13.5866836487195,0,9,7,3,3,18,30,247,2,0,0,358,100,10,15.0507022332976,0,10,4,4,1,0,45,8,12,5,21,2,2,16,4,3,37,6,0,0,0,0,0,0,0,0,0,1,-8,0,0,0,14,116,6,1,1,0,2,1,3,46,3,62,0,2,1,1,,0,0,0,0,0,0,0,0,0,0,0,1,0,,54,35,0,54,35,6,6,0,0,1,0,0,0,0,0,4,0,47,154,2,1,1,0,0,2,0,0,154
2012,9,TEN,REG,2012_09_CHI_TEN,CHI,20,35,200,1,1,2,-20,0,0,309,46,8,-12.6461215985099,-6.24118762356894,1,9,5,2,0,18,159,1,1,1,4,1.13108485273551,0,4,2,1,1,20,35,200,1,4,3,309,46,8,-23.3706147959663,1,9,5,2,0,0,49,0,24,5,22,1,3,24,5,0,0,2,0,1,1,0,0,0,0,0,0,1,2,1,6,0,9,68,4,5,1,1,6,4,0,0,7,145,1,1,0,0,39,1,0,0,1,0,0,0,0,0,0,0,0,0,39,,,39,0,0,1,1,0,0,1,0,0,0,0,0,6,1,59,299,1,0,0,1,0,5,69,0,210
2012,9,WAS,REG,2012_09_CAR_WAS,CAR,23,39,215,0,0,4,-29,0,0,297,60,11,-0.767969619883446,-5.41294003144289,0,10,6,2,0,32,151,1,0,0,9,4.40256134676909,0,3,3,0,0,23,39,215,0,0,0,297,60,11,6.92209772830341,0,10,6,2,0,0,25,7,21,2,4,0,0,0,2,0,0,2,0,0,0,0,0,1,0,0,0,0,0,0,0,0,13,97,5,0,0,0,0,0,2,-4,3,55,2,2,0,0,47,1,0,1,0,1,0,0,0,0,0,0,0,0,47;25,,,72,0,0,1,1,0,0,1,0,0,0,0,0,3,0,51,137,2,0,0,0,1,2,8,0,129
2012,10,ATL,REG,2012_10_ATL_NO,NO,34,52,411,3,1,1,-3,0,0,491,125,20,20.4574527681613,4.54456508159638,0,15,7,4,2,18,46,0,0,0,3,-7.20762941829724,0,1,1,0,0,34,51,411,3,0,0,491,125,20,21.4030718716601,0,15,7,4,2,0,39,0,22,2,8,0,1,6,2,1,13,6,0,0,0,0,0,0,0,0,0,0,0,0,0,0,6,53,5,0,0,0,0,0,3,9,0,0,2,2,0,0,37,1,0,1,1,0,0,0,0,0,0,0,0,0,37;20,,,57,0,0,3,3,0,0,1,0,0,0,0,0,3,0,52,140,1,0,0,0,2,1,2,0,138
2012,10,BAL,REG,2012_10_OAK_BAL,LV,21,34,341,3,1,0,0,0,0,332,134,15,16.5401414596312,4.81446674641441,0,13,10,6,3,28,78,3,0,0,4,-1.51902792826877,0,1,1,0,0,21,34,341,3,0,0,332,134,15,16.5401414596312,0,13,10,6,3,1,44,16,18,6,30,0,3,18,5,1,0,8,0,0,0,0,0,0,0,0,0,0,0,2,0,0,4,41,3,0,0,0,0,0,4,36,2,123,2,2,0,0,48,1,0,0,1,1,0,0,0,0,0,0,0,0,48;34,,,82,0,0,7,7,0,0,1,0,0,0,0,0,4,0,58,210,1,1,0,0,0,3,0,0,210
2012,10,BUF,REG,2012_10_BUF_NE,NE,27,40,337,2,1,3,-18,1,1,289,186,20,14.5387894058273,7.1271138638258,0,17,8,5,0,28,162,2,1,1,11,6.88682323839748,0,7,6,0,0,27,40,337,2,1,0,289,186,20,21.492296669574,0,17,8,5,0,0,43,0,22,3,7,0,1,7,4,0,0,3,0,0,0,0,0,0,0,0,0,1,0,0,0,0,14,148,5,3,0,0,3,2,0,0,2,34,1,1,0,0,41,1,0,0,0,1,0,0,0,0,0,0,0,0,41,,,41,0,0,4,4,0,0,1,0,0,0,0,0,2,0,50,100,0,0,0,0,0,2,10,0,90
2012,10,CAR,REG,2012_10_DEN_CAR,DEN,21,36,241,2,2,7,-43,1,0,269,180,11,-13.7793096249225,-7.05541372299194,0,9,8,3,0,21,52,0,1,0,4,-5.63374197273873,0,1,1,0,0,21,36,241,2,0,0,269,180,11,-4.5981717222603,0,9,8,3,0,0,48,0,18,2,3,3,1,6,3,0,0,2,0,0,0,0,0,0,0,0,0,2,0,2,0,0,7,45,2,2,0,0,2,0,3,10,2,34,0,1,1,0,,0,0,0,0,0,0,0,0,0,0,1,0,0,,43,,0,43,0,2,2,0,0,1,0,0,0,0,0,9,0,59,451,1,0,0,0,1,8,125,1,326
2012,10,CHI,REG,2012_10_HOU_CHI,HOU,18,33,134,0,2,0,0,0,0,346,36,4,-16.398884226646,-6.11732358282263,0,3,2,1,1,23,115,0,1,1,4,-3.96596449444769,0,4,2,1,0,18,33,134,0,1,1,346,36,4,-21.8125323814654,0,3,2,1,1,0,46,1,15,7,24,0,1,7,3,2,10,5,0,0,0,0,0,0,0,0,0,0,0,0,0,0,5,49,5,2,0,0,2,2,3,31,3,53,2,3,1,0,51,0.666666666666667,0,1,0,0,1,0,0,0,0,1,0,0,51;24,48,,75,48,0,0,0,0,0,,0,0,0,0,0,5,0,43,194,2,1,3,0,1,0,0,0,194
2012,10,CIN,REG,2012_10_NYG_CIN,NYG,21,30,199,4,0,0,0,0,0,223,68,10,10.5375756676146,8.81841063499451,0,9,2,1,1,28,76,0,0,0,5,-5.82944272289751,0,0,0,0,0,21,30,199,4,0,0,223,68,10,10.5375756676146,0,9,2,1,1,0,42,1,37,4,14,3,4,26,7,2,24,7,0,1,0,0,0,0,0,0,0,1,0,2,6,0,5,40,3,1,1,0,2,1,3,84,2,24,1,1,0,0,28,1,0,1,0,0,0,0,0,0,0,0,0,0,28,,,28,0,0,4,4,0,0,1,0,0,0,0,0,4,0,57,193,2,0,1,0,1,2,28,0,165
2012,10,DAL,REG,2012_10_DAL_PHI,PHI,19,26,209,2,0,3,-16,0,0,182,91,8,7.47643425413819,14.1374688148499,0,6,4,3,1,25,101,0,0,0,5,-1.82532519882079,0,3,3,0,0,19,25,209,2,0,0,182,91,8,12.300871571111,0,6,4,3,1,1,50,0,8,5,12,1,2,11,6,1,47,4,1,0,0,0,0,0,0,0,0,1,3,1,0,1,13,75,5,1,0,0,1,0,4,97,1,17,1,1,0,0,30,1,0,0,1,0,0,0,0,0,0,0,0,0,30,,,30,0,0,5,5,0,0,1,0,0,0,0,0,7,0,53,288,3,2,1,0,3,1,4,0,284
2012,10,DEN,REG,2012_10_DEN_CAR,CAR,27,38,301,1,0,1,-6,1,1,286,132,15,5.72164736225027,8.51071712217833,0,12,5,4,1,22,65,1,2,1,2,-7.66321643488482,0,1,1,0,0,27,38,301,1,0,0,286,132,15,11.3886406428901,0,12,5,4,1,1,48,0,14,10,55,2,7,43,8,2,63,5,1,0,1,0,0,0,0,0,0,1,0,0,0,0,7,60,2,3,0,0,3,2,8,125,2,44,2,3,1,0,53,0.666666666666667,0,1,0,0,1,0,0,0,0,1,0,0,53;27,43,,80,43,0,4,4,0,0,1,0,0,0,0,0,6,0,60,288,3,0,2,0,1,3,10,0,278
2012,10,DET,REG,2012_10_DET_MIN,MIN,28,42,329,3,1,2,-21,0,0,329,83,19,12.6354049927562,-0.863944845540183,0,15,8,5,1,17,60,0,1,0,2,-5.7044027177617,0,1,1,0,0,28,42,329,3,1,1,329,83,19,10.6706679348135,0,15,8,5,1,0,53,0,18,9,39,0,2,14,5,0,0,0,0,0,0,0,0,0,0,0,0,1,-5,0,0,0,6,57,5,1,1,0,2,1,3,48,2,36,1,1,0,0,41,1,0,0,0,1,0,0,0,0,0,0,0,0,41,,,41,0,0,3,3,0,0,1,0,0,0,0,0,6,0,42,228,0,0,0,0,4,2,6,0,222
2012,10,HOU,REG,2012_10_HOU_CHI,CHI,14,26,95,1,2,1,-7,0,0,157,33,6,-10.0709194897757,-8.46897411346436,0,4,1,1,0,35,127,0,0,0,6,-4.60246338124853,0,5,5,2,0,14,25,95,1,0,0,157,33,6,-7.73068272234775,0,4,1,1,0,0,43,1,11,4,6,2,0,0,4,2,5,4,0,0,0,0,0,0,0,0,0,0,0,2,32,0,3,35,2,0,0,0,0,0,0,0,3,66,2,2,0,0,42,1,0,1,0,1,0,0,0,0,0,0,0,0,20;42,,,62,0,0,1,1,0,0,1,0,0,0,0,0,8,0,59,357,1,1,2,1,1,3,31,0,306
2012,10,IND,REG,2012_10_IND_JAX,JAX,18,26,227,0,1,2,-6,1,1,292,67,10,-1.9178198778951,11.20489354317,0,9,7,4,1,37,138,2,0,0,11,3.38963840166573,0,3,1,0,0,18,26,227,0,0,0,292,67,10,3.8823627778329,0,9,7,4,1,0,45,0,0,4,30,1,4,30,7,2,62,4,1,0,0,0,0,0,0,0,0,0,0,1,0,0,6,40,4,1,0,0,1,1,1,12,2,40,2,2,0,0,41,1,0,0,1,1,0,0,0,0,0,0,0,0,31;41,,,72,0,0,3,3,0,0,1,0,0,0,0,0,3,0,57,135,2,0,1,0,2,0,0,0,135
2012,10,JAX,REG,2012_10_IND_JAX,IND,28,47,330,1,2,4,-30,0,0,475,110,14,-8.68196824215911,0.215967453044394,0,13,6,3,1,12,37,0,0,0,2,-2.01067810948007,0,1,0,0,0,28,46,330,1,1,1,475,110,14,-1.31869749846728,0,13,6,3,1,0,56,0,0,1,6,1,2,6,6,1,23,3,0,0,0,0,0,0,0,0,0,0,0,1,0,0,10,115,2,1,0,0,1,1,0,0,1,19,1,2,1,0,40,0.5,0,0,0,1,0,0,0,0,0,1,0,0,40,44,,40,44,0,1,1,0,0,1,0,0,0,0,0,5,0,57,236,1,2,0,0,2,1,12,0,224
2012,10,KC,REG,2012_10_KC_PIT,PIT,11,26,154,0,1,2,-6,0,0,273,54,7,-8.05125802198723,-13.8752188682556,0,8,3,2,0,35,142,1,0,0,7,1.22931793115421,0,1,1,0,0,11,25,154,0,0,0,273,54,7,-6.20600855553272,0,8,3,2,0,0,41,5,15,4,6,2,1,3,3,0,0,6,0,0,0,0,0,0,0,0,0,1,0,1,1,0,6,76,6,0,1,0,1,0,3,17,5,102,2,3,1,0,46,0.666666666666667,0,1,0,1,0,0,0,0,1,0,0,0,22;46,33,,68,33,0,1,1,0,0,1,0,0,0,0,0,8,0,57,337,5,1,1,1,2,3,4,0,313
2012,10,LA,REG,2012_10_STL_SF,SF,28,41,315,2,0,2,-16,0,0,254,135,18,20.7174290484216,10.9946601665937,0,14,6,3,0,37,159,1,1,0,5,-0.438437844859436,0,2,1,1,0,28,39,315,2,1,0,254,135,18,21.2742216475706,0,14,6,3,0,0,52,6,12,5,33,3,5,31,9,0,0,1,0,0,0,0,0,0,0,0,0,2,-1,0,0,0,13,85,5,2,1,0,3,1,3,14,5,84,1,2,1,0,27,0.5,0,1,0,0,0,0,0,0,0,0,1,0,27,58,,27,58,0,3,3,0,0,1,0,0,0,0,0,4,0,45,147,1,2,0,0,0,2,23,0,124
2012,10,LAC,REG,2012_10_SD_TB,TB,29,37,337,3,2,2,-14,0,0,366,124,16,9.47092351233005,19.1240283685762,0,12,6,4,1,26,103,0,0,0,6,-3.81899447654723,0,4,2,1,0,29,37,337,3,0,0,366,124,16,11.6408371968137,0,12,6,4,1,0,32,6,6,1,5,0,1,5,1,0,0,2,0,0,0,0,0,0,0,0,0,0,0,0,0,0,1,5,4,0,0,0,0,0,1,11,2,51,1,1,0,0,34,1,0,0,1,0,0,0,0,0,0,0,0,0,34,,,34,0,0,3,3,0,0,1,0,0,0,0,0,2,1,57,112,0,0,0,1,0,1,5,0,87
2012,10,LV,REG,2012_10_OAK_BAL,BAL,29,46,368,2,1,3,-18,0,0,439,153,15,5.82899859930543,0.230917885251667,0,15,6,6,1,24,72,0,1,1,4,-5.5832222395984,0,0,0,0,0,29,46,368,2,0,0,439,153,15,11.357259583065,0,15,6,6,1,0,43,8,8,6,13,0,0,0,4,1,0,4,0,1,0,0,0,0,0,0,0,0,-3,0,0,0,10,105,0,0,2,0,2,2,3,0,5,136,2,2,0,0,47,1,0,0,1,1,0,0,0,0,0,0,0,0,32;47,,,79,0,0,2,2,0,0,1,0,0,0,0,0,5,0,60,274,1,0,1,0,0,4,36,0,238
2012,10,MIA,REG,2012_10_TEN_MIA,TEN,23,39,217,0,3,2,-16,0,0,250,99,10,-17.7398191587534,-9.17469645157838,0,13,1,0,0,15,54,0,1,1,2,-6.13091824494768,0,1,1,0,0,23,39,217,0,0,0,250,99,10,-15.1484915127046,0,13,1,0,0,0,44,0,6,4,16,0,1,6,1,0,0,2,0,0,0,0,0,0,0,0,0,0,0,0,0,0,7,67,3,1,0,0,1,1,2,16,3,75,1,1,0,0,40,1,0,0,0,1,0,0,0,0,0,0,0,0,40,,,40,0,0,0,0,0,0,,0,0,0,0,0,6,0,67,291,1,1,1,0,0,4,56,0,235
2012,10,MIN,REG,2012_10_DET_MIN,DET,24,32,221,2,0,2,-14,0,0,207,77,9,4.46610510759177,8.98628821596503,0,8,5,3,1,34,196,1,0,0,8,1.0384270717057,1,6,6,3,1,24,32,221,2,0,0,207,77,9,7.51590036288956,0,8,5,3,1,0,41,1,13,5,29,1,2,21,3,1,3,3,0,0,0,0,0,0,0,0,0,1,0,1,0,0,7,47,1,0,1,0,1,0,2,6,5,90,4,4,0,0,48,1,0,2,1,1,0,0,0,0,0,0,0,0,48;23;23;33,,,127,0,0,2,2,0,0,1,0,0,0,0,0,5,0,57,243,2,0,0,1,1,3,48,0,175
2012,10,NE,REG,2012_10_BUF_NE,BUF,23,38,237,2,0,1,-7,0,0,259,134,14,8.7821091807983,-5.03735903062319,0,11,4,2,0,29,117,2,0,0,8,2.90282404542086,0,4,3,1,0,23,38,237,2,0,0,259,134,14,11.6157246563654,0,11,4,2,0,0,31,0,38,2,8,3,3,18,5,1,0,3,0,0,0,0,0,0,0,0,0,0,0,2,0,0,7,73,0,0,0,0,0,0,2,10,3,68,3,3,0,0,48,1,0,1,0,2,0,0,0,0,0,0,0,0,43;48;27,,,118,0,0,4,4,0,0,1,0,0,0,0,0,2,0,44,69,1,0,1,0,1,0,0,0,69
2012,10,NO,REG,2012_10_ATL_NO,ATL,21,32,298,3,1,1,-6,0,0,294,133,17,11.9049787519975,2.99883782863617,0,14,6,3,1,29,148,1,0,0,4,-0.78974002529867,0,1,1,1,1,21,32,298,3,0,0,294,133,17,13.8631766846879,0,14,6,3,1,0,42,0,24,5,9,0,1,3,5,1,0,10,0,0,0,0,0,0,0,0,0,0,0,0,0,0,5,35,5,0,0,0,0,0,1,2,2,45,1,1,0,0,31,1,0,0,1,0,0,0,0,0,0,0,0,0,31,,,31,0,0,4,4,0,0,1,0,0,0,0,0,5,0,57,250,1,0,1,0,1,3,9,0,241
2012,10,NYG,REG,2012_10_NYG_CIN,CIN,29,46,215,0,2,4,-26,2,1,322,58,11,-17.1180614193813,-0.574266910552979,0,10,1,0,0,20,129,1,1,1,7,1.14330619620159,0,3,2,1,0,29,46,215,0,0,0,322,58,11,-6.96680022174541,0,10,1,0,0,0,32,0,40,4,6,1,0,0,1,0,0,2,0,0,0,0,0,0,0,0,0,1,0,1,0,0,1,5,4,3,0,0,3,2,2,28,6,107,2,2,0,0,31,1,0,1,1,0,0,0,0,0,0,0,0,0,23;31,,,54,0,0,1,1,0,0,1,0,0,0,0,0,4,0,68,213,0,0,0,1,0,3,84,0,109
2012,10,NYJ,REG,2012_10_NYJ_SEA,SEA,12,25,132,0,1,3,-31,1,1,168,60,5,-15.2926624632091,-16.0676085948944,0,4,2,2,1,22,84,0,0,0,4,-2.52776478580199,0,0,0,0,0,12,25,132,0,0,0,168,60,5,-5.54839108552551,0,4,2,2,1,0,44,3,25,5,22,3,4,22,8,0,0,3,0,1,0,0,0,0,0,0,0,0,0,2,21,1,6,35,1,1,1,0,2,2,2,6,3,81,0,0,0,0,,,0,0,0,0,0,0,0,0,0,0,0,0,,,,0,0,0,1,1,0,0,1,0,0,0,0,0,7,0,56,321,4,1,0,0,3,3,40,0,281
2012,10,PHI,REG,2012_10_DAL_PHI,DAL,28,41,289,2,1,2,-11,1,1,240,177,14,-7.41181670187507,5.51882187525431,0,11,5,4,1,23,91,1,0,0,3,-2.24766758629054,0,2,2,1,0,28,39,289,2,0,0,240,162,14,1.98375735885929,0,11,5,4,1,0,42,0,8,7,21,1,3,16,6,0,0,2,0,0,0,0,0,0,0,0,0,0,0,0,0,0,6,50,4,1,0,0,1,1,1,4,5,94,1,1,0,0,40,1,0,0,0,1,0,0,0,0,0,0,0,0,40,,,40,0,0,2,3,1,0,0.666666666666667,0,0,0,0,0,7,0,63,354,0,0,0,2,1,4,97,1,217
2012,10,PIT,REG,2012_10_KC_PIT,KC,16,32,157,1,0,1,-3,0,0,300,67,8,1.12612291638728,-10.6662881560624,0,5,4,3,0,29,95,0,1,1,3,-12.68078872154,0,2,2,0,0,16,32,157,1,1,0,300,67,8,2.97742462371464,0,5,4,3,0,0,34,13,27,2,7,0,2,6,5,1,23,6,0,1,0,0,0,0,0,0,0,2,0,0,0,0,2,19,4,2,1,0,3,1,3,4,1,23,3,3,0,0,35,1,0,1,2,0,0,0,0,0,0,0,0,0,35;31;23,,,89,0,0,1,1,0,0,1,1,1,0,0,23,6,0,58,256,0,0,1,1,1,3,17,0,219
2012,10,SEA,REG,2012_10_NYJ_SEA,NYJ,13,20,211,3,0,4,-22,2,1,231,82,11,7.71624716249062,9.4160658121109,0,9,5,4,0,43,174,1,1,1,7,-9.1818617467361,0,4,4,0,0,13,20,211,3,0,0,231,82,11,18.9600150226033,0,9,5,4,0,0,26,1,31,2,15,1,3,31,4,1,0,5,0,0,0,0,0,0,0,0,0,1,0,2,3,0,7,45,2,3,0,0,3,2,3,40,1,17,0,0,0,0,,,0,0,0,0,0,0,0,0,0,0,0,0,,,,0,0,0,4,4,0,0,1,0,0,0,0,0,6,0,50,255,2,0,0,0,4,2,6,0,249
2012,10,SF,REG,2012_10_STL_SF,LA,18,25,189,1,0,5,-31,1,0,159,90,11,1.14577089026774,5.51027131080627,0,11,3,1,0,34,183,2,1,0,14,7.33365530913825,0,7,3,1,0,18,25,189,1,1,0,159,90,11,7.9122911416131,0,11,3,1,0,0,61,10,10,5,22,2,2,16,6,0,0,5,0,0,0,0,0,0,0,0,0,3,12,1,8,0,7,66,8,3,1,1,4,0,2,23,5,118,1,2,1,0,33,0.5,0,0,1,0,0,0,0,0,0,1,0,0,33,41,,33,41,0,3,3,0,0,1,0,0,0,0,0,6,0,49,251,3,0,1,1,1,3,14,0,217
2012,10,TB,REG,2012_10_SD_TB,LAC,14,20,210,2,0,1,-5,0,0,249,76,10,11.6505351277883,11.1763669550419,0,7,3,3,2,22,74,0,0,0,2,-3.04722866296806,0,1,1,0,0,14,20,210,2,0,0,249,76,10,12.9024972847546,0,7,3,3,2,1,40,16,16,7,25,0,2,14,5,2,83,4,1,0,0,1,0,0,0,0,29,0,0,0,0,0,1,5,2,0,0,0,0,0,1,5,1,10,2,2,0,0,45,1,0,0,0,2,0,0,0,0,0,0,0,0,40;45,,,85,0,0,4,4,0,0,1,0,0,0,0,0,3,0,52,134,1,0,2,0,0,1,11,0,123
2012,10,TEN,REG,2012_10_TEN_MIA,MIA,9,22,122,2,0,1,-6,0,0,233,22,7,4.8397751635837,-16.0500067201528,0,4,3,2,0,37,177,1,0,0,10,3.21789240121143,0,6,5,2,0,9,22,122,2,0,0,233,22,7,6.49266744721333,0,4,3,2,0,0,40,0,6,4,24,1,2,16,2,3,98,9,1,0,0,0,0,0,0,0,0,0,0,1,0,0,4,39,1,0,0,0,0,0,4,56,1,19,3,3,0,0,53,1,0,0,2,0,1,0,0,0,0,0,0,0,37;38;53,,,128,0,0,4,4,0,0,1,0,0,0,0,0,4,0,71,208,3,1,1,0,0,2,16,0,192
2012,11,ARI,REG,2012_11_ARI_ATL,ATL,11,27,70,0,0,3,-29,1,1,248,38,3,-24.969148169461,-22.0932220971143,0,2,1,0,0,26,137,1,0,0,4,-2.13438358425628,0,2,2,2,2,11,27,70,0,0,0,248,38,3,-14.1525237534226,0,2,1,0,0,0,50,0,10,3,7,2,1,5,5,5,46,9,0,0,0,0,0,0,0,0,0,0,0,1,-1,0,5,43,4,1,0,0,1,1,2,17,4,125,4,4,0,0,48,1,0,2,1,1,0,0,0,0,0,0,0,0,48;28;38;27,,,141,0,0,1,1,0,0,1,0,0,0,0,0,8,0,62,407,3,1,1,1,1,4,44,0,343
2012,11,ATL,REG,2012_11_ARI_ATL,ARI,28,46,301,0,5,1,-5,0,0,369,139,15,-17.3632372474454,-2.42529265258623,0,12,7,4,0,24,58,1,0,0,4,-6.1137071341252,0,1,0,0,0,28,46,301,0,2,1,369,139,15,-21.1851731924031,0,12,7,4,0,0,46,0,8,8,34,1,3,29,5,0,0,5,0,0,0,0,0,0,0,0,0,0,0,1,15,1,5,35,5,2,0,1,2,1,4,44,2,53,3,3,0,0,51,1,0,1,0,1,1,0,0,0,0,0,0,0,51;28;48,,,127,0,0,2,2,0,0,1,0,0,0,0,0,4,0,53,205,2,0,2,0,0,2,17,0,188
2012,11,BAL,REG,2012_11_BAL_PIT,PIT,20,32,164,0,0,2,-11,0,0,305,54,7,-3.38743236874903,1.49225243367255,0,5,2,2,0,23,47,0,1,0,4,-6.26142596319551,0,0,0,0,0,20,32,164,0,0,0,305,54,7,-1.11057696775275,0,5,2,2,0,1,33,7,29,5,29,2,3,24,5,1,20,7,0,0,0,0,0,0,0,0,0,1,0,2,23,0,4,68,2,1,1,1,2,0,3,74,3,76,2,3,1,0,39,0.666666666666667,0,1,1,0,0,0,0,0,0,1,0,0,26;39,41,,65,41,0,1,1,0,0,1,0,0,0,0,0,8,0,54,372,4,0,1,1,3,3,12,0,340
2012,11,BUF,REG,2012_11_MIA_BUF,MIA,17,27,168,0,0,3,-7,0,0,112,113,9,-5.543656335572,-3.27353786539148,0,8,3,2,0,31,120,0,0,0,4,-4.7204117141373,0,2,2,1,0,17,27,168,0,2,0,112,113,9,-1.58281523130017,0,8,3,2,0,1,28,15,19,7,19,1,3,17,5,2,14,5,0,0,0,0,0,0,0,0,0,2,0,1,0,0,11,100,3,2,0,0,2,0,3,98,3,75,4,4,0,0,42,1,1,0,2,1,0,0,0,0,0,0,0,0,32;34;42;19,,,127,0,0,1,1,0,0,1,0,0,0,0,0,7,0,56,317,5,2,1,0,1,3,31,0,286
2012,11,CAR,REG,2012_11_TB_CAR,TB,16,29,252,1,0,2,-18,0,0,291,115,10,6.54570854369528,-2.37754977175168,0,13,7,5,0,34,97,1,0,0,7,-10.1239917369967,0,6,1,0,0,16,28,252,1,0,0,291,115,10,9.87459472603375,0,13,7,5,0,0,40,0,30,0,0,1,1,12,6,2,92,9,1,1,0,0,0,0,0,0,0,0,0,1,0,0,11,91,5,1,0,0,1,1,3,41,3,59,0,1,1,0,,0,0,0,0,0,0,0,0,0,0,1,0,0,,40,,0,40,0,3,3,0,0,1,0,0,0,0,0,6,0,55,274,1,0,2,1,1,2,15,0,239
2012,11,CHI,REG,2012_11_CHI_SF,SF,14,22,107,1,2,6,-49,2,0,182,41,5,-11.7030573009979,6.09118362719362,0,3,1,0,0,28,85,0,0,0,6,-4.67664087098092,0,1,1,0,0,14,22,107,1,0,0,182,41,5,-3.3024284709245,0,3,1,0,0,0,41,5,13,1,4,0,2,11,4,0,0,2,0,0,0,0,0,0,0,0,0,3,0,0,0,0,6,55,4,3,0,0,3,0,3,-1,5,126,0,0,0,0,,,0,0,0,0,0,0,0,0,0,0,0,0,,,,0,0,0,1,1,0,0,1,0,0,0,0,0,5,0,53,234,1,0,1,0,0,4,19,0,215
2012,11,CIN,REG,2012_11_CIN_KC,KC,18,29,230,2,0,2,-10,0,0,321,92,11,10.3787693159782,3.79721049604745,0,10,6,4,1,38,189,2,0,0,9,8.41679844667669,0,6,4,2,0,18,29,230,2,1,0,321,92,11,13.7267582070781,0,10,6,4,1,0,53,0,0,4,23,2,4,17,8,0,0,3,0,0,0,0,0,0,0,0,0,1,0,1,0,0,8,54,3,1,0,0,1,0,4,24,1,26,0,1,1,0,,0,0,0,0,0,0,0,0,0,0,0,1,0,,50,,0,50,0,4,4,0,0,1,0,0,0,0,0,6,0,69,322,3,1,1,0,1,3,30,0,292
2012,11,CLE,REG,2012_11_CLE_DAL,DAL,20,35,210,2,0,2,-18,1,1,212,99,14,2.46336455756881,-6.53586255652564,0,11,5,3,0,33,119,0,1,0,3,-4.710549384763,0,1,1,0,0,20,35,210,2,0,0,212,99,14,10.3576968746804,0,11,5,3,0,0,55,4,12,6,47,1,7,56,10,0,0,3,0,0,0,0,0,0,0,0,0,1,0,1,0,0,12,129,7,2,0,0,2,1,2,41,5,54,2,2,0,0,51,1,0,0,1,0,1,0,0,0,0,0,0,0,51;37,,,88,0,0,2,2,0,0,1,0,0,0,0,0,5,0,52,223,2,0,1,1,1,2,27,0,176
2012,11,DAL,REG,2012_11_CLE_DAL,CLE,35,50,313,1,0,7,-56,1,1,442,84,14,-0.346434024203974,5.60254603624344,0,11,2,2,0,21,63,1,0,0,6,-2.5849465909471,0,1,1,0,0,35,49,313,1,0,0,442,84,14,13.1522155743364,0,11,2,2,0,0,51,3,15,2,5,2,2,18,6,0,0,4,0,0,0,0,0,0,0,0,0,0,0,1,0,0,9,92,4,1,0,0,1,1,2,27,0,0,3,3,0,0,44,1,0,0,2,1,0,0,0,0,0,0,0,0,44;32;38,,,114,0,0,2,2,0,0,1,1,1,0,0,38,7,0,53,302,3,5,0,0,0,2,41,0,261
2012,11,DEN,REG,2012_11_SD_DEN,LAC,25,42,270,3,1,3,-17,0,0,357,98,13,-5.75781190443314,0.10547507099989,0,12,5,3,0,25,133,0,0,0,7,0.501589847553987,0,5,5,1,0,25,41,270,3,1,1,357,98,13,-4.34385501379376,0,12,5,3,0,0,47,0,12,7,32,3,4,34,6,2,25,3,0,1,0,1,0,0,0,0,0,1,0,1,12,0,4,30,6,2,0,0,2,1,3,22,1,18,3,4,1,0,32,0.75,1,0,2,0,0,0,0,0,0,0,1,0,19;30;32,55,,81,55,0,3,3,0,0,1,0,0,0,0,0,5,0,58,252,1,0,0,1,2,2,10,0,222
2012,11,DET,REG,2012_11_GB_DET,GB,17,39,266,1,2,5,-14,1,1,526,90,9,-16.6101030967587,-14.4609960225912,0,10,8,6,1,24,110,1,0,0,6,1.62856596813072,0,3,2,0,0,17,39,266,1,1,1,526,90,9,-9.3978723422014,0,10,8,6,1,0,43,7,21,6,21,2,3,17,5,1,10,3,0,1,0,0,0,0,0,0,0,1,0,0,0,0,7,50,5,1,2,0,3,2,1,0,4,64,2,2,0,0,30,1,0,1,1,0,0,0,0,0,0,0,0,0,30;27,,,57,0,0,2,2,0,0,1,0,0,0,0,0,3,0,44,118,0,1,0,0,2,0,0,0,118
2012,11,GB,REG,2012_11_GB_DET,DET,19,27,236,2,1,3,-17,1,0,183,133,10,2.19506893860689,3.5332719484965,0,11,5,4,1,29,95,0,0,0,5,-3.17302657025164,0,2,1,0,0,19,27,236,2,0,0,183,133,10,6.16051092782237,0,11,5,4,1,0,41,0,16,5,17,1,5,14,7,2,92,8,1,0,0,0,0,0,0,0,0,2,0,2,3,0,9,80,5,2,0,0,2,0,0,0,4,71,1,3,2,0,39,0.333333333333333,0,0,1,0,0,0,0,0,1,0,1,0,39,50;38,,39,88,0,3,3,0,0,1,0,0,0,0,0,4,0,56,176,2,0,2,0,1,1,0,0,176
2012,11,HOU,REG,2012_11_JAX_HOU,JAX,43,55,527,5,2,2,-23,1,0,520,176,26,19.020992154815,14.9804366176779,0,19,9,7,2,35,149,0,1,1,10,-3.48710363341068,0,3,2,1,0,43,55,527,5,0,0,520,176,26,23.6666711525533,0,19,9,7,2,0,48,0,16,5,19,1,2,6,10,0,0,10,0,0,0,0,0,0,0,0,0,1,0,1,0,0,2,20,8,2,0,0,2,1,2,76,5,162,3,5,2,0,42,0.6,0,2,0,1,0,0,0,0,0,1,1,0,42;27;25,50;47,,94,97,0,4,4,0,0,1,0,0,0,0,0,3,0,55,111,2,0,0,0,1,2,11,0,100
2012,11,IND,REG,2012_11_IND_NE,NE,27,50,334,2,3,1,-5,1,1,604,112,16,-8.87633535242711,-3.79456588625908,0,16,8,4,1,24,119,1,1,0,9,1.82553285121685,0,4,4,2,0,27,50,334,2,0,0,604,112,16,-4.79017637542054,0,16,8,4,1,0,33,0,34,2,2,1,0,0,2,0,0,1,0,0,0,0,0,0,0,0,0,2,0,0,0,0,1,5,2,3,0,0,3,1,1,7,7,104,1,2,1,0,47,0.5,0,0,0,1,0,0,0,0,0,0,1,0,47,58,,47,58,0,3,3,0,0,1,0,0,0,0,0,3,0,57,139,1,0,1,0,0,2,117,1,22
2012,11,JAX,REG,2012_11_JAX_HOU,HOU,18,35,378,4,0,2,-6,1,1,345,190,12,20.1956218504234,-3.7601339904701,0,11,5,5,3,29,86,0,0,0,4,-6.25886872310061,0,2,2,1,0,18,34,378,4,0,0,345,190,12,27.0883824641237,0,11,5,5,3,0,70,1,25,3,25,2,2,23,6,2,35,4,0,0,0,0,0,0,0,0,0,0,0,1,0,0,6,54,5,1,0,0,1,1,2,11,6,149,3,3,0,0,43,1,0,0,1,2,0,0,0,0,0,0,0,0,43;40;33,,,116,0,0,4,4,0,0,1,0,0,0,0,0,5,0,62,242,1,1,0,0,2,2,76,0,166
2012,11,KC,REG,2012_11_CIN_KC,CIN,17,30,188,0,0,4,-17,1,0,263,67,10,-9.60305142014593,-3.14868955776609,0,9,5,4,0,26,113,0,1,1,5,-5.97413270128891,0,3,2,0,0,17,29,188,0,0,0,263,67,10,-5.68148411078917,0,9,5,4,0,0,55,0,6,4,17,1,2,10,3,0,0,2,0,0,0,0,0,0,0,0,0,2,-4,0,0,0,6,30,4,2,1,0,3,1,3,30,3,69,2,2,0,0,34,1,0,0,2,0,0,0,0,0,0,0,0,0,34;33,,,67,0,0,0,0,0,0,,0,0,0,0,0,7,0,68,356,4,1,0,1,1,4,24,0,312
2012,11,LA,REG,2012_11_NYJ_STL,NYJ,23,44,170,2,1,1,-3,1,1,339,87,10,-14.2360960008372,-12.2748566574829,0,4,2,1,0,20,114,0,1,1,5,-3.74738820665516,0,4,2,2,0,23,43,170,2,1,0,339,87,10,-6.64696582291788,0,4,2,1,0,0,63,0,2,11,32,1,3,12,3,0,0,1,0,0,0,0,0,1,0,0,0,1,0,0,0,0,5,30,5,3,0,0,3,2,0,0,5,127,0,0,0,0,,,0,0,0,0,0,0,0,0,0,0,0,0,,,,0,0,0,1,1,0,0,1,0,0,0,0,0,5,0,57,251,1,1,0,0,1,3,29,0,222
2012,11,LAC,REG,2012_11_SD_DEN,DEN,24,40,258,2,2,4,-34,3,1,357,101,11,-7.85763269959716,-2.58030101656914,0,12,4,3,0,23,53,0,0,0,1,-8.63962353824172,0,1,0,0,0,24,40,258,2,0,0,357,101,11,1.57187915695249,0,12,4,3,0,0,54,1,11,6,20,2,3,17,3,1,23,5,1,0,1,0,0,0,0,0,0,2,0,1,1,0,10,65,3,3,0,0,3,1,2,10,1,16,0,0,0,0,,,0,0,0,0,0,0,0,0,0,0,0,0,,,,0,0,0,3,3,0,0,1,0,0,0,0,0,9,1,66,493,3,0,3,3,0,3,22,0,411
2012,11,LV,REG,2012_11_NO_OAK,NO,22,40,312,2,2,3,-28,0,0,341,172,15,-5.2254232541156,-6.02166727185249,0,11,9,6,1,26,120,0,0,0,7,-2.30147993279388,0,3,3,0,0,22,40,312,2,0,0,341,172,15,-2.03879375841571,0,11,9,6,1,0,35,0,26,2,6,1,0,0,4,0,0,2,0,0,0,0,0,0,0,0,0,0,0,0,0,0,4,40,4,0,0,0,0,0,1,0,6,121,1,1,0,0,40,1,0,0,0,1,0,0,0,0,0,0,0,0,40,,,40,0,0,2,2,0,0,1,0,0,0,0,0,3,0,53,135,0,1,0,1,1,0,0,0,115
2012,11,MIA,REG,2012_11_MIA_BUF,BUF,14,28,141,1,2,3,-17,0,0,306,46,9,-4.04906540247151,-7.77134299278259,0,7,3,0,0,24,60,0,0,0,2,-6.2932880668086,0,1,0,0,0,14,28,141,1,1,1,306,46,9,-7.90906081551924,0,7,3,0,0,1,35,17,29,5,13,2,3,7,4,0,0,3,0,0,0,0,0,0,0,0,0,0,0,0,0,0,6,69,3,1,0,0,1,1,3,31,5,181,0,1,1,0,,0,0,0,0,0,0,0,0,0,0,0,1,0,,50,,0,50,0,2,2,0,0,1,0,0,0,0,0,6,0,65,299,2,1,0,0,2,3,98,1,201
2012,11,NE,REG,2012_11_IND_NE,IND,24,35,331,3,0,0,0,0,0,290,161,20,25.4148907170854,7.66171046665737,0,18,8,3,0,25,115,2,0,0,5,0.109213928226382,0,3,2,1,1,24,35,331,3,1,0,290,161,20,25.4148907170854,0,18,8,3,0,1,37,0,44,2,3,3,1,5,6,3,166,11,2,0,0,0,0,0,0,0,0,0,0,1,0,0,4,70,2,1,0,1,1,0,2,117,4,94,1,2,1,0,31,0.5,0,0,1,0,0,0,0,0,1,0,0,0,31,36,,31,36,0,8,8,0,0,1,0,0,0,0,0,2,0,61,114,1,0,1,0,0,1,7,0,107
2012,11,NO,REG,2012_11_NO_OAK,LV,21,28,229,3,0,0,0,0,0,248,104,14,16.3020079832375,18.5155243785293,0,11,5,2,0,28,151,1,0,0,5,-0.0591213962179609,0,5,5,2,0,21,27,229,3,1,0,248,104,14,17.825528260061,0,11,5,2,0,0,44,0,24,5,32,0,3,28,6,2,55,9,1,0,0,0,0,0,0,0,0,1,0,0,0,0,11,109,1,1,0,0,1,0,0,0,3,123,1,1,0,0,47,1,0,0,0,1,0,0,0,0,0,0,0,0,47,,,47,0,0,5,5,0,0,1,0,0,0,0,0,4,0,50,172,1,1,1,0,1,1,0,0,172
2012,11,NYJ,REG,2012_11_NYJ_STL,LA,16,21,177,1,0,3,-12,1,0,166,64,9,4.56080729573677,11.2896914993014,0,7,4,2,0,41,124,2,0,0,8,-2.23230497890038,0,6,2,0,0,16,21,177,1,0,0,166,64,9,9.18173225783921,0,7,4,2,0,0,45,0,2,4,9,3,1,3,2,1,5,4,0,1,0,0,0,0,0,0,0,2,0,2,38,0,3,20,1,1,1,0,2,0,3,29,1,42,2,4,1,1,51,0.5,0,0,0,0,2,0,0,0,0,1,0,0,51;51,44,26,102,44,26,3,3,0,0,1,0,0,0,0,0,3,0,58,127,2,0,1,1,1,0,0,0,107
2012,11,PHI,REG,2012_11_PHI_WAS,WAS,21,46,204,0,2,4,-27,2,0,355,144,10,-8.16639079611055,-17.1645722959353,0,10,5,5,0,21,80,0,2,1,2,-9.59506291395519,0,2,2,0,0,21,46,204,0,0,0,355,144,10,-2.05556933570401,0,10,5,5,0,0,36,11,17,6,26,2,2,8,4,0,0,1,0,0,0,0,0,0,0,0,0,3,-8,0,0,0,9,70,5,3,1,0,4,1,3,28,4,80,2,2,0,0,42,1,0,0,0,2,0,0,0,0,0,0,0,0,41;42,,,83,0,0,0,0,0,0,,0,0,0,0,0,5,0,53,234,1,1,0,1,0,3,32,0,182
2012,11,PIT,REG,2012_11_BAL_PIT,BAL,18,39,199,0,1,3,-24,0,0,415,73,10,-6.43320073064549,-13.0666152789043,0,9,4,3,0,27,134,1,0,0,5,0.582921952998731,0,2,1,1,0,18,39,199,0,1,1,415,70,10,-5.41778302963373,0,9,4,3,0,0,34,15,21,3,13,1,2,11,4,0,0,4,0,0,0,0,0,0,0,0,0,1,0,0,0,0,6,43,6,2,1,0,3,2,3,12,2,36,1,1,0,0,22,1,0,1,0,0,0,0,0,0,0,0,0,0,22,,,22,0,0,1,1,0,0,1,0,0,0,0,0,8,0,51,357,4,1,0,0,4,3,74,1,283
2012,11,SF,REG,2012_11_CHI_SF,CHI,16,23,243,2,0,2,-11,0,0,268,95,9,11.7649698321992,16.403305395083,0,9,5,5,1,29,121,1,0,0,6,-3.38171807455365,0,5,4,0,0,16,22,243,2,0,0,268,95,9,14.6903094864901,0,9,5,5,1,0,45,9,13,7,44,3,6,49,11,2,5,4,0,0,1,0,0,0,0,0,0,0,0,0,0,0,5,50,4,0,0,0,0,0,4,19,3,63,3,3,0,0,37,1,0,0,3,0,0,0,0,0,0,0,0,0,32;37;32,,,101,0,0,3,3,0,0,1,0,0,0,0,0,4,0,54,188,4,0,0,0,1,3,-1,0,189
2012,11,TB,REG,2012_11_TB_CAR,CAR,25,46,248,3,2,1,-12,0,0,429,68,12,-4.93520294130265,-3.46590095096164,1,11,5,2,0,30,167,0,1,1,9,-0.424370994616766,0,6,4,3,0,25,45,248,3,0,0,429,68,12,-2.64077336650059,1,11,5,2,0,0,46,0,16,10,37,1,2,18,3,0,0,0,0,0,0,0,0,0,0,0,0,0,0,1,0,0,6,50,6,1,0,0,1,1,2,15,1,33,2,2,0,0,51,1,0,0,0,1,1,0,0,0,0,0,0,0,51;40,,,91,0,0,1,1,0,0,1,0,0,0,0,0,6,0,58,297,1,0,1,1,1,3,41,0,236
2012,11,WAS,REG,2012_11_PHI_WAS,PHI,14,15,200,4,0,2,-8,0,0,168,40,7,15.9744394469308,29.8911547660828,0,5,4,3,2,34,169,0,2,0,7,-3.93933850617032,0,7,5,3,0,14,15,200,4,0,0,168,40,7,18.0179686805932,0,5,4,3,2,0,39,12,14,9,43,3,4,27,8,2,47,8,0,1,0,0,0,0,0,0,0,2,0,1,0,0,13,80,4,2,1,1,3,0,3,32,0,0,1,1,0,0,25,1,0,1,0,0,0,0,0,0,0,0,0,0,25,,,25,0,0,4,4,0,0,1,0,0,0,0,0,5,0,57,227,3,0,0,0,2,3,28,0,199
2012,12,ARI,REG,2012_12_STL_ARI,LA,31,52,312,0,4,2,-11,0,0,464,114,16,-19.2517333908924,-4.9263898569804,0,14,4,4,0,23,74,2,0,0,6,-5.30504238698632,0,3,2,0,0,31,52,312,0,0,0,464,114,16,-16.6764777786317,0,14,4,4,0,0,41,2,14,4,13,1,2,11,1,1,0,3,0,0,0,0,0,0,0,0,0,0,0,0,0,0,7,56,5,0,0,0,0,0,4,59,3,68,1,1,0,0,32,1,0,0,1,0,0,0,0,0,0,0,0,0,32,,,32,0,0,2,2,0,0,1,0,0,0,0,0,6,0,54,289,1,0,0,0,2,4,18,0,271
2012,12,ATL,REG,2012_12_ATL_TB,TB,26,32,353,1,1,1,-8,1,1,219,191,13,12.9985888987432,16.8622682802379,0,12,5,4,1,24,79,2,0,0,6,0.0612000696128234,0,3,3,1,0,26,32,353,1,0,0,219,191,13,17.9394435892466,0,12,5,4,1,0,38,5,5,7,18,0,2,8,5,0,0,2,0,0,0,0,0,0,0,0,0,0,0,0,0,0,2,15,4,1,0,0,1,1,1,10,2,73,1,3,2,0,31,0.333333333333333,0,0,1,0,0,0,0,1,0,1,0,0,31,22;48,,31,70,0,3,3,0,0,1,0,0,0,0,0,1,0,45,45,1,0,0,0,1,0,0,0,45
2012,12,BAL,REG,2012_12_BAL_SD,LAC,30,51,355,1,0,5,-39,1,0,529,185,19,10.4367698285736,-0.574504803208744,0,13,8,6,1,35,127,0,0,0,5,-8.89812776516228,0,5,5,0,0,30,51,355,1,0,0,529,185,19,17.4008086196504,0,13,8,6,1,0,32,18,18,7,40,0,6,39,6,0,0,5,0,0,0,0,0,0,0,0,0,1,0,0,0,0,6,60,5,1,0,0,1,0,8,66,2,46,3,3,0,0,43,1,0,0,2,1,0,0,0,0,0,0,0,0,43;38;38,,,119,0,0,1,1,0,0,1,1,1,0,0,38,8,0,58,370,3,1,1,1,3,2,11,0,339
2012,12,BUF,REG,2012_12_BUF_IND,IND,17,33,180,1,1,2,-11,0,0,246,116,9,-2.44173686604957,-12.6843112887758,0,6,3,2,1,23,135,0,0,0,5,1.27328428571299,0,4,3,2,1,17,33,180,1,0,0,246,116,9,1.39151233874251,0,6,3,2,1,0,49,0,18,6,24,2,4,15,7,1,-1,6,0,0,0,0,0,0,0,0,0,0,0,1,0,0,4,46,5,0,0,0,0,0,2,24,1,32,2,2,0,0,33,1,0,0,2,0,0,0,0,0,0,0,0,0,33;31,,,64,0,0,1,1,0,0,1,0,0,0,0,0,7,0,57,314,3,0,1,0,2,4,111,1,203
2012,12,CAR,REG,2012_12_CAR_PHI,PHI,18,28,306,2,0,2,-17,0,0,237,133,12,15.0628208858895,3.54414390666144,0,13,6,5,2,35,109,2,0,0,10,-1.64268472668482,0,3,2,0,0,18,28,306,2,0,0,237,133,12,17.7675377917246,0,13,6,5,2,0,39,0,14,4,20,3,1,12,1,0,0,3,0,0,0,0,0,0,0,0,0,0,0,3,-2,0,6,101,1,0,0,0,0,0,0,0,5,114,1,1,0,0,23,1,0,1,0,0,0,0,0,0,0,0,0,0,23,,,23,0,0,3,4,1,0,0.75,0,0,0,0,0,5,0,44,188,0,0,0,0,3,2,32,0,156
2012,12,CHI,REG,2012_12_MIN_CHI,MIN,23,31,188,1,1,1,-5,0,0,222,60,13,-0.15466800517955,12.0727633276293,0,10,2,1,0,39,113,2,1,1,7,-6.04231998064534,1,0,0,0,0,23,31,188,1,0,0,222,60,13,0.993770993318473,0,10,2,1,0,0,43,0,10,2,15,1,2,15,6,1,35,9,0,0,0,0,0,1,0,0,0,0,0,2,-1,0,5,55,4,1,0,0,1,1,1,6,3,65,2,3,0,1,47,0.666666666666667,0,0,0,2,0,0,0,0,0,0,0,0,47;46,,39,93,0,39,2,2,0,0,1,0,0,0,0,0,4,0,50,173,2,0,2,0,1,1,0,0,173
2012,12,CIN,REG,2012_12_OAK_CIN,LV,16,30,210,3,0,2,-16,0,0,293,83,8,4.82326869521096,-1.48973459643977,0,6,4,3,2,34,221,1,0,0,10,9.17282617458841,0,4,4,4,1,16,28,210,3,0,0,293,83,8,9.87417570449218,0,6,4,3,2,0,33,1,37,7,31,1,4,27,8,1,29,6,0,0,0,0,0,0,0,0,0,0,0,1,0,0,3,25,4,0,0,0,0,0,5,29,1,25,2,3,1,0,55,0.666666666666667,0,1,0,0,1,0,0,0,0,1,0,0,55;20,48,,75,48,0,4,4,0,0,1,0,0,0,0,0,5,0,45,204,0,1,1,0,1,2,17,0,187
2012,12,CLE,REG,2012_12_PIT_CLE,PIT,17,26,158,1,1,4,-28,0,0,177,93,10,-12.5801131465166,2.15281672202624,0,7,3,1,0,34,108,1,0,0,3,-6.58541607440477,0,2,2,0,0,17,26,158,1,0,0,177,93,10,-7.07168678817532,0,7,3,1,0,0,35,1,21,5,13,7,1,6,1,3,1,7,0,0,0,0,0,0,0,0,0,0,0,5,4,0,10,90,1,0,0,0,0,0,4,43,1,5,2,2,0,0,32,1,0,1,1,0,0,0,0,0,0,0,0,0,28;32,,,60,0,0,2,2,0,0,1,0,0,0,0,0,10,0,49,383,5,1,0,0,6,3,5,0,378
2012,12,DAL,REG,2012_12_WAS_DAL,WAS,37,62,441,3,2,2,-18,0,0,446,255,20,10.6743244375959,-4.49102682168367,0,17,5,4,1,11,35,0,0,0,1,-0.73151668046182,1,0,0,0,0,37,61,441,3,1,1,446,255,20,8.41113889790558,0,17,5,4,1,0,45,4,18,5,19,0,3,16,7,1,27,2,0,0,0,0,0,0,0,0,0,0,0,0,0,0,7,45,4,1,0,0,1,1,3,17,4,76,3,3,0,0,51,1,0,0,2,0,1,0,0,0,0,0,0,0,30;33;51,,,114,0,0,2,2,0,0,1,0,0,0,0,0,3,0,56,106,1,0,0,0,1,2,13,0,93
2012,12,DEN,REG,2012_12_DEN_KC,KC,22,37,285,2,1,2,-12,0,0,413,90,16,12.4586376991543,2.29482159421251,0,12,9,5,0,24,95,0,0,0,4,-2.3523551634655,0,4,2,0,0,22,37,285,2,0,0,413,90,16,14.5122575683241,0,12,9,5,0,0,50,0,2,3,13,1,2,10,6,1,-2,4,0,0,0,0,0,0,0,0,0,0,0,0,0,0,4,35,3,0,0,0,0,0,0,0,2,92,1,3,2,0,34,0.333333333333333,0,0,1,0,0,0,0,0,1,1,0,0,34,47;33,,34,80,0,2,2,0,0,1,0,0,0,0,0,4,0,51,175,0,1,0,0,1,2,29,0,146
2012,12,DET,REG,2012_12_HOU_DET,HOU,31,61,441,2,0,3,-22,0,0,643,175,21,9.47085311339844,-11.0430209363093,0,21,8,7,1,23,106,2,0,0,8,-0.651728261564896,0,4,4,2,0,31,61,441,2,1,1,643,175,21,12.2855651358296,0,21,8,7,1,0,54,1,17,6,27,1,2,19,6,1,2,7,0,1,0,0,0,0,0,0,0,1,0,0,0,0,7,70,6,1,1,0,2,1,4,32,3,71,1,2,1,0,46,0.5,0,0,0,1,0,0,0,0,0,1,0,0,46,47,,46,47,0,4,4,0,0,1,0,0,0,0,0,8,0,43,299,4,1,4,0,1,2,10,0,289
2012,12,GB,REG,2012_12_GB_NYG,NYG,15,27,230,1,1,5,-29,1,1,171,128,9,-7.09280986444525,-5.94202971458435,0,9,4,3,1,26,116,0,0,0,6,-0.251152368424699,0,2,1,0,0,15,25,230,1,0,0,171,128,9,4.72060101915849,0,9,4,3,1,0,30,18,18,1,6,0,1,6,2,0,0,4,0,0,0,0,0,0,0,0,0,0,0,0,0,0,8,49,1,1,0,0,1,1,2,20,7,168,1,2,1,0,28,0.5,0,1,0,0,0,0,0,0,0,0,1,0,28,55,,28,55,0,1,1,0,0,1,0,0,0,0,0,4,0,49,154,0,1,1,0,1,1,0,0,154
2012,12,HOU,REG,2012_12_HOU_DET,DET,29,48,315,1,1,2,-19,1,0,425,145,15,3.04933232583719,-4.02556390812,0,13,5,4,1,28,205,3,0,0,10,9.08069240819767,0,9,3,1,1,29,48,315,1,0,0,425,145,15,5.28420267041221,0,13,5,4,1,0,51,3,13,7,29,1,3,22,6,0,0,11,0,0,0,0,0,0,0,0,0,1,0,1,0,0,8,66,4,1,0,0,1,0,2,10,5,121,2,3,1,0,45,0.666666666666667,0,0,1,1,0,0,0,0,0,0,1,0,45;32,51,,77,51,0,4,4,0,0,1,1,1,0,0,32,6,0,53,286,3,1,0,0,1,4,32,0,254
2012,12,IND,REG,2012_12_BUF_IND,BUF,20,37,240,1,1,4,-15,0,0,336,109,12,-0.967316185560446,-6.00575962000423,0,12,6,4,0,29,87,0,0,0,8,-0.611375601147302,0,3,1,0,0,20,36,240,1,1,0,336,109,12,6.36871767824942,0,12,6,4,0,1,29,0,32,6,36,0,2,11,5,1,20,6,0,1,0,0,0,0,0,0,0,1,0,0,0,0,6,37,3,2,0,0,2,1,4,111,4,68,2,2,0,0,25,1,1,1,0,0,0,0,0,0,0,0,0,0,25;19,,,44,0,0,2,2,0,0,1,0,0,0,0,0,5,0,59,256,2,1,1,0,1,2,24,0,232
2012,12,JAX,REG,2012_12_TEN_JAX,TEN,17,26,261,2,1,7,-40,0,0,270,103,9,-1.35958219872555,6.61856509172,0,8,8,8,1,27,100,1,0,0,8,2.61126430856298,0,3,3,0,0,17,26,261,2,0,0,270,103,9,9.84380955895176,0,8,8,8,1,0,56,0,4,6,29,1,1,11,2,2,21,7,0,0,0,0,0,0,0,0,0,0,0,0,0,0,5,30,4,0,0,0,0,0,1,5,1,24,1,1,0,0,41,1,0,0,0,1,0,0,0,0,0,0,0,0,41,,,41,0,0,3,3,0,0,1,0,0,0,0,0,5,0,65,235,4,0,2,0,2,1,0,0,235
2012,12,KC,REG,2012_12_DEN_KC,DEN,13,26,126,0,1,2,-10,0,0,312,61,4,-9.90768398291064,-8.53726921173242,0,7,2,1,0,31,148,0,1,0,7,1.55222433782183,0,5,3,0,0,13,26,126,0,0,0,312,61,4,-6.03355298207705,0,7,2,1,0,0,47,1,3,6,22,0,2,12,5,1,8,6,0,0,0,0,0,0,0,0,0,1,0,0,0,0,7,50,5,1,0,0,1,0,2,29,3,57,3,3,0,0,49,1,0,1,1,1,0,0,0,0,0,0,0,0,34;22;49,,,105,0,0,0,0,0,0,,0,0,0,0,0,6,0,58,272,4,0,1,2,3,0,0,0,232
2012,12,LA,REG,2012_12_STL_ARI,ARI,8,18,205,2,1,2,-11,1,0,253,63,8,2.32733566971729,-8.89412094564999,0,8,6,5,0,34,173,0,0,0,6,0.216252818180827,0,2,2,1,1,8,17,205,2,0,0,253,63,8,5.84234085323988,0,8,6,5,0,0,51,2,16,3,13,0,2,11,3,4,131,9,2,0,0,0,0,0,0,0,0,1,0,0,0,0,10,84,2,1,0,0,1,0,4,18,1,31,1,2,1,0,19,0.5,1,0,0,0,0,0,0,0,1,0,0,0,19,35,,19,35,0,4,4,0,0,1,0,0,0,0,0,6,0,48,260,1,1,0,0,1,4,59,0,201
2012,12,LAC,REG,2012_12_BAL_SD,BAL,23,36,228,1,0,6,-39,0,0,142,124,10,-5.82422596359744,5.4087407165958,0,10,4,2,0,23,91,0,0,0,4,1.33388042740989,0,2,1,0,0,23,31,228,1,0,0,142,124,10,6.78295198140761,0,10,4,2,0,0,57,19,21,8,36,1,5,39,6,0,0,8,0,0,0,0,0,0,0,0,0,0,0,0,0,0,5,37,4,0,0,0,0,0,2,11,1,25,2,2,0,0,47,1,0,0,1,1,0,0,0,0,0,0,0,0,47;30,,,77,0,0,1,1,0,0,1,0,0,0,0,0,9,0,63,479,4,0,0,0,1,8,66,0,413
2012,12,LV,REG,2012_12_OAK_CIN,CIN,19,34,146,1,1,4,-27,1,1,191,86,8,-16.6683420299784,-8.73534000095199,0,6,2,2,0,23,99,0,0,0,6,-0.65955748752458,0,3,2,0,0,19,34,146,1,0,0,191,86,8,-7.81435906731043,0,6,2,2,0,0,35,1,35,2,16,0,2,16,5,0,0,4,0,0,0,0,0,0,0,0,0,0,0,0,0,0,3,25,5,1,0,0,1,1,2,17,5,117,1,1,0,0,55,1,0,0,0,0,1,0,0,0,0,0,0,0,55,,,55,0,0,1,1,0,0,1,0,0,0,0,0,6,0,57,281,3,0,0,0,1,5,29,0,252
2012,12,MIA,REG,2012_12_SEA_MIA,SEA,18,26,253,1,1,1,-7,0,0,243,60,12,4.74848164239666,9.30083703994751,0,11,8,4,0,28,189,2,0,0,9,8.05689100937994,0,6,5,3,0,18,25,253,1,0,0,243,60,12,6.61920924988226,0,11,8,4,0,0,45,0,10,5,12,0,2,8,5,0,0,0,0,0,0,0,0,0,0,0,0,0,0,0,0,0,2,15,5,0,0,0,0,0,0,0,0,0,1,1,0,0,43,1,0,0,0,1,0,0,0,0,0,0,0,0,43,,,43,0,0,3,3,0,0,1,1,1,0,0,43,5,0,57,225,2,0,1,1,1,2,30,0,175
2012,12,MIN,REG,2012_12_MIN_CHI,CHI,22,43,159,1,1,2,-15,0,0,292,89,10,-10.0920676440904,-8.53206958712601,0,6,1,1,0,20,114,0,2,2,3,-6.61048234143527,0,3,2,1,0,22,41,159,1,0,0,292,89,10,-5.6404915529741,0,6,1,1,0,0,62,0,8,3,13,1,1,5,6,1,31,3,0,0,0,0,0,1,0,0,0,0,0,1,0,0,3,44,2,1,1,0,2,2,1,0,3,67,1,2,0,1,40,0.5,0,0,0,1,0,0,0,0,0,0,0,0,40,,30,40,0,30,1,1,0,0,1,0,0,0,0,0,4,0,53,162,0,1,1,0,1,1,6,0,156
2012,12,NE,REG,2012_12_NE_NYJ,NYJ,18,27,323,3,0,0,0,0,0,287,169,11,24.0849527977586,12.3381633598071,0,8,6,5,2,39,152,2,1,1,12,1.4565188488923,0,1,1,0,0,18,26,323,3,0,0,287,169,11,25.5594703029088,0,8,6,5,2,0,53,0,22,5,19,4,2,15,3,1,1,5,0,0,0,0,0,0,0,0,0,0,0,4,55,2,8,37,1,1,0,0,1,1,3,32,4,38,0,1,1,0,,0,0,0,0,0,0,0,0,0,1,0,0,0,,39,,0,39,0,7,7,0,0,1,0,0,0,0,0,3,0,43,125,0,0,0,1,1,1,1,0,104
2012,12,NO,REG,2012_12_SF_NO,SF,26,41,267,3,2,5,-36,0,0,353,91,12,-21.7580949139083,-0.68435899913311,0,8,3,3,1,21,59,0,0,0,4,-3.56874404032715,0,0,0,0,0,26,40,267,3,0,0,353,91,12,-11.4407280285377,0,8,3,3,1,0,28,0,38,2,5,0,0,0,2,1,0,4,0,0,0,0,0,1,0,0,0,0,0,1,0,0,4,53,4,0,0,0,0,0,1,3,5,148,0,0,0,0,,,0,0,0,0,0,0,0,0,0,0,0,0,,,,0,0,0,3,3,0,0,1,0,0,0,0,0,5,0,56,252,2,1,0,0,2,2,13,0,239
2012,12,NYG,REG,2012_12_GB_NYG,GB,16,30,249,3,0,1,-6,0,0,261,111,13,14.7700259703561,-4.23323293526967,0,11,6,3,1,31,147,2,0,0,7,2.552690222197,0,5,3,0,0,16,30,249,3,0,0,261,111,13,15.7175086975913,0,11,6,3,1,0,36,18,18,4,23,1,5,29,7,1,0,2,0,1,0,0,0,0,0,0,0,1,0,1,10,0,4,24,3,0,1,0,1,0,1,0,3,72,1,1,0,0,43,1,0,0,0,1,0,0,0,0,0,0,0,0,43,,,43,0,0,5,5,0,0,1,0,0,0,0,0,3,0,48,135,1,0,0,0,1,2,20,0,115
2012,12,NYJ,REG,2012_12_NE_NYJ,NE,26,36,301,1,1,2,-15,0,0,276,110,15,7.76574525716127,12.3306919847216,0,13,5,4,0,29,119,1,2,2,6,-14.1383876783657,0,4,2,0,0,26,35,301,1,2,1,276,110,15,5.54424591170391,0,13,5,4,0,0,46,1,19,3,5,1,0,0,1,0,0,1,0,0,1,0,0,0,0,0,0,1,0,1,0,0,5,35,4,4,1,0,5,4,1,1,8,177,1,1,0,0,32,1,0,0,1,0,0,0,0,0,0,0,0,0,32,,,32,0,0,2,2,0,0,1,0,0,0,0,0,4,0,57,198,0,0,0,0,1,3,32,0,166
2012,12,PHI,REG,2012_12_CAR_PHI,CAR,16,21,119,0,0,1,-12,0,0,146,29,4,-2.12495610594956,9.61381608531589,0,4,1,0,0,26,204,2,3,2,12,-2.04668546380708,0,6,4,2,1,16,21,119,0,0,0,146,29,4,0.7543532298466,0,4,1,0,0,0,51,1,7,6,33,0,2,17,4,0,0,3,0,0,0,0,0,0,0,0,0,1,-4,0,0,0,5,30,5,3,1,0,4,3,2,32,4,110,3,3,0,0,45,1,0,0,1,2,0,0,0,0,0,0,0,0,36;41;45,,,122,0,0,1,1,0,0,1,0,0,0,0,0,2,0,41,82,1,0,0,0,2,0,0,0,82
2012,12,PIT,REG,2012_12_PIT_CLE,CLE,20,34,199,0,3,1,-6,0,0,327,129,10,-8.3557533287094,-5.7316475054797,0,13,2,1,0,20,49,1,4,3,1,-14.3541576065472,0,0,0,0,0,20,34,199,0,2,1,327,129,10,-9.95321595857968,0,12,2,1,0,0,49,0,22,8,36,0,4,28,5,1,53,4,1,1,0,0,0,0,0,0,0,1,0,0,0,0,9,68,5,7,1,2,8,5,3,5,4,75,0,0,0,0,,,0,0,0,0,0,0,0,0,0,0,0,0,,,,0,0,0,2,2,0,0,1,0,0,0,0,0,6,0,55,275,1,1,1,0,0,4,43,0,232
2012,12,SEA,REG,2012_12_SEA_MIA,MIA,21,27,224,2,0,2,-8,0,0,229,72,13,13.8670037328266,17.8219339361897,0,10,5,4,0,27,96,0,0,0,3,-5.5342150258366,0,3,2,1,0,21,27,224,2,0,0,229,72,13,15.8621124408673,0,10,5,4,0,1,37,0,10,4,14,0,1,7,1,1,10,4,0,0,0,0,0,0,0,0,0,0,0,0,0,0,10,59,3,0,0,0,0,0,2,30,2,122,0,0,0,0,,,0,0,0,0,0,0,0,0,0,0,0,0,,,,0,0,0,3,3,0,0,1,0,0,0,0,0,7,0,55,280,6,2,1,0,4,0,0,0,280
2012,12,SF,REG,2012_12_SF_NO,NO,16,25,231,1,1,0,0,0,0,174,130,10,10.723162692045,3.163139457288,0,8,4,4,2,31,144,1,0,0,7,0.710931662993623,0,6,3,1,0,16,23,231,1,0,0,174,130,10,12.337338745594,0,8,4,4,2,0,45,0,20,3,19,0,5,36,7,2,92,3,2,1,0,0,0,0,0,0,0,0,0,0,0,0,10,68,5,0,1,0,1,1,2,13,1,23,1,3,1,1,27,0.333333333333333,0,1,0,0,0,0,0,0,0,0,1,0,27,50,33,27,50,33,4,4,0,0,1,0,0,0,0,0,4,0,59,187,2,0,0,1,2,1,3,0,164
2012,12,TB,REG,2012_12_ATL_TB,ATL,20,31,284,0,0,2,-8,0,0,449,71,12,12.0819273134788,11.8307597438494,0,11,6,6,0,21,50,2,0,0,4,-3.54547386548677,0,1,0,0,0,20,30,284,0,0,0,449,71,12,14.4669346928226,0,11,6,6,0,0,38,12,12,5,17,1,1,8,2,1,28,1,0,0,0,0,0,0,0,0,0,0,0,1,0,0,5,24,5,0,0,0,0,0,0,0,3,63,3,4,1,0,48,0.75,0,1,0,2,0,0,0,0,0,0,1,0,22;42;48,56,,112,56,0,2,2,0,0,1,0,0,0,0,0,2,0,58,100,0,0,0,0,1,1,10,0,90
2012,12,TEN,REG,2012_12_TEN_JAX,JAX,23,40,261,1,2,1,-11,0,0,426,101,15,4.93660320114544,-0.765961408615112,0,12,6,5,0,29,110,0,0,0,3,-1.44335223693633,0,1,1,1,0,23,40,261,1,0,0,426,95,15,7.1497333613803,0,12,6,5,0,0,49,0,4,6,31,0,7,40,13,1,0,4,0,0,0,0,0,0,0,0,0,1,-2,0,0,0,6,42,6,1,0,0,1,0,1,0,5,108,4,5,1,0,40,0.8,0,0,3,1,0,0,0,0,0,1,0,0,38;40;39;33,42,,150,42,0,1,1,0,0,1,0,0,0,0,0,4,0,57,201,1,2,1,0,0,1,5,0,196
2012,12,WAS,REG,2012_12_WAS_DAL,DAL,19,27,304,4,1,3,-16,0,0,231,143,15,12.9206319268634,13.236878156662,0,9,6,4,2,32,149,1,0,0,6,-2.74376309404033,0,4,3,0,0,19,25,304,4,0,0,231,143,15,20.8728876876486,0,9,6,4,2,0,46,1,13,2,15,1,2,18,10,2,37,7,0,0,0,0,0,0,0,0,0,0,0,1,13,0,5,41,4,0,0,0,0,0,2,13,3,83,1,1,0,0,48,1,0,0,0,1,0,0,0,0,0,0,0,0,48,,,48,0,0,5,5,0,0,1,0,0,0,0,0,5,0,58,226,2,0,1,0,1,3,17,0,209
2012,13,ARI,REG,2012_13_ARI_NYJ,NYJ,10,31,72,0,1,2,-16,0,0,302,22,2,-21.7699199923254,-27.5608028134992,0,2,2,1,0,21,81,0,0,0,2,-7.47340585809434,0,1,1,1,1,10,31,72,0,0,0,302,22,2,-18.8306199544049,0,2,2,1,0,0,53,0,18,3,14,1,3,14,5,3,32,7,0,0,0,0,0,0,0,0,0,0,0,1,3,0,4,30,5,0,0,0,0,0,1,9,2,39,2,2,0,0,48,1,0,0,1,1,0,0,0,0,0,0,0,0,48;35,,,83,0,0,0,0,0,0,,0,0,0,0,0,10,0,57,448,3,0,1,1,6,2,17,0,411
2012,13,ATL,REG,2012_13_NO_ATL,NO,18,33,165,1,0,1,-6,0,0,303,85,7,-5.16015258218025,-6.0270031914115,0,7,4,1,0,23,124,1,1,1,8,-2.51665125868749,0,5,5,1,0,18,32,165,1,0,0,303,85,7,-3.38569684206372,0,7,4,1,0,0,53,0,10,4,14,0,1,6,6,5,20,12,0,0,0,0,0,0,0,0,0,0,0,0,0,0,5,25,1,1,0,0,1,1,1,13,1,22,3,3,0,0,55,1,0,1,0,1,1,0,0,0,0,0,0,0,45;29;55,,,129,0,0,2,2,0,0,1,0,0,0,0,0,6,0,57,319,1,0,0,0,2,4,62,0,257
2012,13,BAL,REG,2012_13_PIT_BAL,PIT,16,34,188,1,1,3,-11,1,1,449,74,11,-9.998811515523,-8.92091936924878,0,9,3,2,0,21,111,1,0,0,6,3.45150781131815,0,4,1,1,0,16,34,188,1,0,0,449,74,11,-3.64672859374888,0,9,3,2,0,0,48,9,9,8,18,0,2,6,6,2,34,4,0,0,0,0,0,0,0,0,0,0,0,1,0,0,8,70,3,1,0,0,1,1,0,0,3,74,2,2,0,0,45,1,0,1,0,1,0,0,0,0,0,0,0,0,45;23,,,68,0,0,2,2,0,0,1,0,0,0,0,0,5,0,57,253,2,0,0,0,0,5,9,0,244
2012,13,BUF,REG,2012_13_JAX_BUF,JAX,9,17,112,2,1,0,0,0,0,136,37,5,-0.500491649436805,-6.08348495819989,0,5,1,1,1,46,232,2,0,0,14,1.4555933161173,0,7,4,1,1,9,17,112,2,0,0,136,37,5,-0.500491649436805,0,5,1,1,1,0,30,11,17,2,10,3,3,16,6,1,45,9,0,1,0,0,0,0,0,0,0,0,0,1,0,0,9,100,4,0,1,0,1,1,3,12,2,93,2,2,0,0,50,1,0,1,0,0,1,0,0,0,0,0,0,0,29;50,,,79,0,0,4,4,0,0,1,0,0,0,0,0,4,0,61,178,1,0,0,0,2,2,21,0,157
2012,13,CAR,REG,2012_13_CAR_KC,KC,15,27,232,3,0,2,-12,0,0,358,78,11,6.923099043197,1.2811024983724,0,10,4,3,2,22,165,0,0,0,8,9.42675890482496,0,4,3,2,0,15,27,232,3,1,0,358,78,11,9.13486770994496,0,10,4,3,2,0,62,0,0,5,13,0,1,4,3,0,0,1,0,0,0,0,0,0,0,0,0,0,0,0,0,0,7,45,6,1,0,1,1,0,1,12,2,41,0,0,0,0,,,0,0,0,0,0,0,0,0,0,0,0,0,,,,0,0,0,3,3,0,0,1,0,0,0,0,0,4,0,51,184,1,0,0,1,2,1,6,0,158
2012,13,CHI,REG,2012_13_SEA_CHI,SEA,17,26,233,2,0,0,0,0,0,295,74,11,10.7765024118125,6.74106593315418,0,10,4,2,1,33,132,0,1,0,7,-4.55442778542255,0,3,2,0,0,17,26,233,2,1,0,295,74,11,10.7765024118125,0,10,4,2,1,0,50,0,8,4,12,2,2,10,2,0,0,5,0,1,0,0,0,0,0,0,0,3,-7,1,0,0,5,45,2,1,2,0,3,0,1,0,4,71,1,1,0,0,46,1,0,0,0,1,0,0,0,0,0,0,0,0,46,,,46,0,0,2,2,0,0,1,0,0,0,0,0,5,0,45,207,3,2,1,0,0,2,1,0,206
2012,13,CIN,REG,2012_13_CIN_SD,LAC,25,38,211,1,2,1,0,0,0,248,87,9,-5.84986586918935,4.36534910566277,0,7,5,0,0,32,128,1,0,0,10,2.40114022762282,0,1,1,1,1,25,36,211,1,2,1,248,87,9,-7.12255315579354,0,7,5,0,0,0,31,12,14,4,15,2,4,29,4,1,0,2,0,0,0,0,0,0,0,0,0,1,0,1,2,0,8,55,1,2,1,1,3,1,3,55,3,56,2,2,0,0,24,1,1,1,0,0,0,0,0,0,0,0,0,0,19;24,,,43,0,0,2,2,0,0,1,0,0,0,0,0,3,0,45,114,3,0,1,0,2,0,0,0,114
2012,13,CLE,REG,2012_13_CLE_OAK,LV,25,36,364,1,2,1,-11,0,0,291,189,14,10.8305658293403,11.9860292722782,0,13,9,8,2,30,122,1,0,0,8,4.91074554284569,0,2,2,0,0,25,36,364,1,0,0,291,189,14,12.6250710932518,0,13,9,8,2,0,51,0,6,3,11,1,1,7,1,1,0,8,0,0,0,0,0,0,0,0,0,0,0,0,0,0,2,25,4,0,0,0,0,0,2,16,1,18,2,3,0,1,41,0.666666666666667,0,0,1,1,0,0,0,0,0,0,0,0,41;35,,28,76,0,28,2,2,0,0,1,0,0,0,0,0,2,0,43,69,1,0,1,0,1,0,0,0,69
2012,13,DAL,REG,2012_13_PHI_DAL,PHI,22,27,303,3,0,2,-9,0,0,229,129,14,21.909975986208,17.9022318787045,0,14,6,5,0,33,123,1,1,0,8,-0.76073703946895,0,4,4,1,0,22,27,303,3,0,0,229,129,14,24.8334588515863,0,14,6,5,0,0,35,4,24,4,22,2,1,11,3,0,0,2,0,0,0,0,0,0,0,0,0,1,-8,1,50,1,7,60,3,0,1,0,1,0,0,0,1,22,1,1,0,0,39,1,0,0,1,0,0,0,0,0,0,0,0,0,39,,,39,0,0,5,5,0,0,1,0,0,0,0,0,3,0,63,156,0,1,0,0,0,2,104,1,52
2012,13,DEN,REG,2012_13_TB_DEN,TB,27,38,242,3,1,0,0,0,0,265,86,14,4.58738940656892,5.57864355413537,0,10,2,1,0,29,91,0,0,0,6,-5.18952206609538,0,2,2,0,0,27,38,242,3,0,0,265,86,14,4.58738940656892,0,10,2,1,0,0,31,2,14,1,7,1,1,7,3,1,26,4,1,0,0,0,0,0,0,0,0,1,0,0,0,0,8,75,2,0,1,0,1,0,4,95,1,26,1,2,1,0,31,0.5,0,0,1,0,0,0,0,0,0,1,0,0,31,47,,31,47,0,4,4,0,0,1,0,0,0,0,0,5,0,55,224,3,1,1,0,2,1,15,0,209
2012,13,DET,REG,2012_13_IND_DET,IND,27,46,313,2,1,0,0,0,0,429,106,15,-0.471790289763301,-4.57880098534667,0,13,5,3,1,29,138,1,1,0,5,-1.31852988386527,0,1,1,1,1,27,46,313,2,0,0,429,106,15,-0.471790289763301,0,13,5,3,1,0,35,4,12,5,27,1,2,19,12,3,80,11,0,0,0,0,0,0,0,0,0,1,-2,0,0,0,8,61,4,0,1,0,1,0,4,39,2,43,4,4,0,0,52,1,0,0,2,1,1,0,0,0,0,0,0,0,48;33;52;31,,,164,0,0,3,3,0,0,1,0,0,0,0,0,7,0,56,298,3,1,1,1,2,2,6,0,272
2012,13,GB,REG,2012_13_MIN_GB,MIN,27,35,286,1,1,2,-3,0,0,351,115,14,11.7491567884933,17.6175499663633,0,11,4,3,0,36,152,1,0,0,6,-1.70022522373069,0,2,1,1,0,27,34,286,1,0,0,351,115,14,14.0385271289631,0,11,4,3,0,0,30,11,15,1,4,0,0,0,1,2,1,7,0,0,0,0,0,0,0,0,0,0,0,0,0,0,10,78,5,0,0,0,0,0,3,11,3,68,3,4,1,0,47,0.75,0,0,2,1,0,0,0,0,0,0,1,0,30;47;31,53,,108,53,0,2,2,0,0,1,0,0,0,0,0,4,0,44,166,1,0,0,0,2,2,1,0,165
2012,13,HOU,REG,2012_13_HOU_TEN,TEN,21,35,207,2,0,0,0,0,0,200,122,11,0.934643580206718,-7.26834118366242,0,8,4,2,1,35,124,1,1,0,5,-2.09183325141203,0,3,1,0,0,21,35,207,2,0,0,200,122,11,0.934643580206718,0,8,4,2,1,0,47,0,8,7,33,2,6,44,7,3,27,16,0,0,0,0,0,0,0,0,0,1,0,3,0,0,11,97,3,1,0,0,1,0,4,67,1,14,1,1,0,0,50,1,0,0,0,0,1,0,0,0,0,0,0,0,50,,,50,0,0,3,3,0,0,1,0,0,0,0,0,10,0,64,489,5,0,1,1,2,6,65,0,404
2012,13,IND,REG,2012_13_IND_DET,DET,24,54,391,4,3,2,-19,1,0,583,187,13,-1.49420590512455,-10.6143217247266,0,13,7,6,4,18,87,1,0,0,7,3.3252664769534,0,3,2,0,0,24,52,391,4,0,0,583,187,13,2.28863432718208,0,13,7,6,4,0,54,3,13,4,8,0,0,0,4,1,1,8,0,0,0,0,0,0,0,0,0,1,0,0,0,0,4,36,3,1,0,0,1,0,2,6,0,0,0,0,0,0,,,0,0,0,0,0,0,0,0,0,0,0,0,,,,0,0,0,5,5,0,0,1,0,0,0,0,0,8,0,61,400,1,0,0,0,4,4,39,0,361
2012,13,JAX,REG,2012_13_JAX_BUF,BUF,19,42,202,1,1,3,-16,1,1,468,65,10,-16.7579237504407,-10.9943746810868,0,8,4,3,0,18,50,1,2,0,4,-1.93588771462953,1,1,1,0,0,19,42,202,1,0,0,468,65,10,-9.73762206366618,0,8,4,3,0,0,30,22,30,4,7,0,0,0,1,1,5,3,0,0,0,0,0,0,0,0,0,2,0,1,0,0,8,74,3,3,0,0,3,1,2,21,5,99,1,1,0,0,36,1,0,0,1,0,0,0,0,0,0,0,0,0,36,,,36,0,0,1,1,0,0,1,0,0,0,0,0,5,0,52,208,3,0,0,0,2,3,12,0,196
2012,13,KC,REG,2012_13_CAR_KC,CAR,19,23,201,2,0,1,-4,0,0,180,69,11,11.2827359584904,18.8010472318401,0,8,5,3,0,43,158,1,0,0,10,1.80140548915369,0,3,2,0,0,19,23,201,2,0,0,180,69,11,12.3692980010806,0,8,5,3,0,0,37,0,2,4,14,1,2,12,5,0,0,2,0,0,0,0,0,0,0,0,0,0,0,0,0,0,1,5,4,0,0,0,0,0,1,6,1,31,2,2,0,0,52,1,0,0,0,1,1,0,0,0,0,0,0,0,42;52,,,94,0,0,3,3,0,0,1,0,0,0,0,0,3,0,55,128,2,1,0,0,1,1,12,0,116
2012,13,LA,REG,2012_13_SF_STL,SF,26,39,221,0,0,2,-13,0,0,270,110,10,-3.85210803863713,-0.64939503606997,1,6,4,3,0,27,85,0,0,0,3,-5.66602710546542,0,2,1,0,0,26,38,221,0,0,0,270,110,10,-0.83372931662136,1,6,4,3,0,0,57,0,6,6,16,0,3,17,5,0,0,0,0,0,1,0,0,0,0,0,0,0,0,1,2,1,8,65,8,0,0,0,0,0,4,36,2,35,2,3,1,0,54,0.666666666666667,0,0,0,0,2,0,0,0,0,0,1,0,53;54,58,,107,58,0,0,0,0,0,,1,1,0,0,54,9,0,63,388,3,6,0,0,1,2,6,0,382
2012,13,LAC,REG,2012_13_CIN_SD,CIN,26,48,280,0,1,4,-29,2,1,284,145,15,-10.7297810779428,-6.3118765977296,0,13,7,2,0,11,46,0,0,0,4,-0.65290902054403,0,1,0,0,0,26,44,280,0,0,0,284,145,15,1.00542115426064,0,13,7,2,0,0,44,15,17,2,3,2,1,0,3,2,51,4,1,0,0,0,0,0,0,0,0,1,0,1,0,0,8,55,4,2,0,0,2,1,0,0,3,66,2,3,1,0,20,0.666666666666667,1,1,0,0,0,0,0,0,0,0,1,0,20;19,54,,39,54,0,1,1,0,0,1,0,0,0,0,0,5,0,55,230,1,0,1,0,1,3,55,0,175
2012,13,LV,REG,2012_13_CLE_OAK,CLE,34,54,351,2,1,1,-7,0,0,482,109,20,9.75668157709782,3.1482117433174,0,15,5,3,1,17,85,0,0,0,5,-1.30819859728217,0,4,2,0,0,34,51,351,2,1,0,482,109,20,13.7751036900144,0,15,5,3,1,0,48,4,14,3,14,0,1,11,10,2,24,6,0,0,0,0,0,1,0,0,0,1,0,0,0,0,9,65,6,1,0,0,1,0,0,0,5,101,1,2,1,0,51,0.5,0,0,0,0,1,0,0,0,0,0,0,1,51,61,,51,61,0,2,2,0,0,1,0,0,0,0,0,5,0,51,202,2,0,2,1,0,2,16,0,166
2012,13,MIA,REG,2012_13_NE_MIA,NE,13,29,186,0,0,3,-10,1,1,339,59,7,-4.68983478760329,-11.942595243454,0,8,5,4,0,27,101,1,3,0,7,-5.08155593011534,0,2,2,0,0,13,28,186,0,1,0,339,59,7,2.08300998551514,0,8,5,4,0,0,53,1,11,5,21,0,4,25,8,1,15,3,0,0,0,0,0,0,0,0,0,3,-10,0,0,0,7,77,4,4,1,1,5,1,2,7,1,17,3,3,0,0,44,1,0,0,1,2,0,0,0,0,0,0,0,0,44;33;42,,,119,0,0,1,1,0,0,1,0,0,0,0,0,5,0,60,259,2,1,1,1,0,2,25,0,214
2012,13,MIN,REG,2012_13_MIN_GB,GB,12,25,119,1,2,0,0,0,0,277,57,9,-8.93190912325977,-9.49372482299805,0,5,2,1,0,28,240,1,1,0,6,10.7025446864427,0,4,3,3,2,12,25,119,1,0,0,277,57,9,-8.93190912325977,0,5,2,1,0,0,52,14,22,5,7,0,2,3,3,1,0,2,0,0,0,0,0,0,0,0,0,1,0,0,0,0,5,48,3,0,1,0,1,0,2,1,2,53,0,1,1,0,,0,0,0,0,0,0,0,0,0,0,1,0,0,,42,,0,42,0,2,2,0,0,1,0,0,0,0,0,5,0,58,235,1,0,1,0,1,3,11,0,224
2012,13,NE,REG,2012_13_NE_MIA,MIA,24,40,238,1,1,4,-25,0,0,309,132,14,4.13410133991077,-1.35720666497946,0,10,2,2,0,32,108,1,0,0,7,-2.09372598990526,0,2,1,0,0,24,40,238,1,0,0,309,132,14,10.9510138819105,0,10,2,2,0,0,43,0,4,7,28,4,3,10,4,0,0,2,0,0,0,0,0,0,0,0,0,0,0,1,0,0,6,50,3,0,0,0,0,0,2,25,1,29,3,4,1,0,43,0.75,0,1,1,1,0,0,0,0,0,1,0,0,43;32;20,49,,95,49,0,2,2,0,0,1,0,0,0,0,0,3,0,54,131,0,0,0,1,0,2,7,0,104
2012,13,NO,REG,2012_13_NO_ATL,ATL,28,50,341,0,5,1,-6,0,0,519,93,18,-15.998395725327,-3.79724471519391,0,17,6,5,0,23,101,1,0,0,4,2.44396170123946,0,2,1,0,0,28,48,341,0,0,0,519,93,18,-8.02360640710586,0,17,6,5,0,0,33,0,16,3,13,1,1,6,6,0,0,4,0,0,0,0,0,0,0,0,0,0,0,1,1,0,5,30,6,0,0,0,0,0,4,62,4,94,2,2,0,0,52,1,0,1,0,0,1,0,0,0,0,0,0,0,21;52,,,73,0,0,1,1,0,0,1,0,0,0,0,0,4,0,52,181,1,0,2,1,0,1,13,0,148
2012,13,NYG,REG,2012_13_NYG_WAS,WAS,20,33,280,1,0,1,-7,0,0,406,113,12,12.5038653350327,4.21243412420154,0,9,7,5,1,29,117,0,0,0,7,2.37930700997822,0,3,2,0,0,20,32,280,1,0,0,406,113,12,15.8341239829439,0,9,7,5,1,0,25,4,40,1,3,2,0,0,2,0,0,0,0,0,0,0,0,0,0,0,0,0,0,1,0,0,9,73,6,0,0,0,0,0,2,11,4,83,3,4,1,0,40,0.75,0,0,2,1,0,0,0,0,0,1,0,0,39;40;35,43,,114,43,0,1,1,0,0,1,0,0,0,0,0,3,0,54,148,1,0,0,0,0,3,21,0,127
2012,13,NYJ,REG,2012_13_ARI_NYJ,ARI,15,28,126,1,3,3,-14,0,0,297,34,9,-16.1949527827062,-3.42362104700162,0,5,2,1,0,43,177,0,0,0,8,-3.95561173738679,0,3,2,0,0,15,26,126,1,1,1,297,34,9,-12.5067085786111,0,5,2,1,0,0,30,0,16,4,15,0,2,16,4,1,24,5,0,0,0,0,0,0,0,0,0,0,0,0,0,0,3,20,2,1,0,0,1,1,2,17,2,49,0,2,2,0,,0,0,0,0,0,0,0,0,0,0,1,1,0,,46;52,,0,98,0,1,1,0,0,1,0,0,0,0,0,6,0,60,263,2,4,0,0,1,1,9,0,254
2012,13,PHI,REG,2012_13_PHI_DAL,DAL,22,34,251,1,0,1,-11,1,0,260,142,11,8.05156156064721,7.00093142447933,0,12,7,3,0,26,183,2,1,1,11,0.304287494435844,0,8,5,3,0,22,31,251,1,0,0,260,142,11,10.9419791634918,0,12,7,3,0,1,48,0,12,7,32,0,2,9,6,0,0,1,0,0,0,0,0,0,0,0,0,1,0,0,0,0,1,5,6,2,0,0,2,1,2,104,3,65,2,2,0,0,43,1,0,0,0,2,0,0,0,0,0,0,0,0,43;43,,,86,0,0,3,3,0,0,1,0,0,0,0,0,2,0,43,78,1,1,0,0,1,0,0,0,78
2012,13,PIT,REG,2012_13_PIT_BAL,BAL,25,37,276,1,2,2,-6,0,0,358,128,12,3.99509585608507,6.91263087697931,0,10,6,4,1,26,96,1,0,0,6,0.867447226132949,0,3,3,1,0,25,37,276,1,1,1,358,128,12,2.57241823996196,0,10,6,4,1,0,33,10,10,4,8,1,3,11,6,1,0,8,0,0,0,0,0,0,0,0,0,1,0,1,0,0,4,50,2,0,2,0,2,1,5,9,2,61,3,3,0,0,46,1,0,0,0,3,0,0,0,0,0,0,0,0,46;41;42,,,129,0,0,2,2,0,0,1,1,1,0,0,42,4,0,46,154,1,0,1,0,3,0,0,0,154
2012,13,SEA,REG,2012_13_SEA_CHI,CHI,23,37,293,2,0,2,-10,0,0,419,118,13,13.4998392921767,5.15957192794697,0,13,5,4,1,32,176,1,1,1,11,3.04067915139603,0,8,5,1,0,23,36,293,2,1,0,419,118,13,16.9831646549574,0,13,5,4,1,0,51,0,6,2,9,1,0,0,3,0,0,2,0,0,0,0,0,0,0,0,0,1,0,0,0,0,8,55,4,2,0,0,2,1,2,1,0,0,1,1,0,0,31,1,0,0,1,0,0,0,0,0,0,0,0,0,31,,,31,0,0,2,2,0,0,1,0,0,0,0,0,5,0,44,198,3,3,1,0,0,1,0,0,198
2012,13,SF,REG,2012_13_SF_STL,LA,21,32,208,0,0,3,-17,0,0,213,73,11,5.0443187479294,1.67815137294031,0,8,4,2,0,36,148,1,1,1,6,-12.9196642746693,0,3,2,2,1,21,31,208,0,0,0,213,73,11,10.0012738603881,0,8,4,2,0,0,58,0,6,5,18,0,2,13,3,0,0,4,0,0,0,0,0,0,0,0,0,0,-15,0,0,0,11,97,6,0,1,0,1,1,2,6,0,0,2,3,1,0,33,0.666666666666667,0,1,1,0,0,0,0,0,0,0,1,0,23;33,51,,56,51,0,1,1,0,0,1,0,0,0,0,0,6,0,61,306,4,0,0,0,2,4,36,0,270
2012,13,TB,REG,2012_13_TB_DEN,DEN,18,39,242,2,1,1,-7,1,0,443,84,12,-4.43559191585263,-11.170508655218,0,11,5,4,1,21,71,0,0,0,3,-1.27288467706889,0,0,0,0,0,18,39,242,2,0,0,443,84,12,-3.04255024512276,0,11,5,4,1,0,51,1,11,7,13,0,0,0,0,1,27,3,0,0,0,0,0,0,0,0,0,1,0,0,0,0,11,80,2,1,0,0,1,0,1,15,0,0,3,3,0,0,55,1,0,0,1,0,2,0,0,0,0,0,0,0,31;50;55,,,136,0,0,2,2,0,0,1,0,0,0,0,0,5,0,63,257,1,0,0,0,1,4,95,0,162
2012,13,TEN,REG,2012_13_HOU_TEN,HOU,21,45,309,1,3,6,-44,1,1,431,96,12,-13.3724327075521,-13.7646122111215,0,10,7,5,1,17,89,0,2,2,2,-9.02849541878095,0,4,4,1,0,21,45,309,1,0,0,431,96,12,-4.47923564960877,0,10,7,5,1,0,52,0,14,3,11,1,0,0,1,0,0,5,0,0,0,0,0,0,0,0,0,0,0,0,0,0,4,35,5,3,0,0,3,3,6,65,2,56,1,1,0,0,37,1,0,0,1,0,0,0,0,0,0,0,0,0,37,,,37,0,0,1,1,0,0,1,0,0,0,0,0,6,0,70,303,2,1,1,0,0,4,67,0,236
2012,13,WAS,REG,2012_13_NYG_WAS,NYG,13,21,163,1,0,0,0,0,0,222,66,7,5.08295398077007,2.07320196287973,0,7,4,2,0,31,207,0,2,1,13,4.36989983048989,0,7,5,1,1,13,21,163,1,0,0,222,66,7,5.08295398077007,0,7,4,2,0,0,31,13,37,1,7,0,1,7,2,0,0,1,0,0,0,0,0,0,0,0,0,1,13,0,0,1,4,56,3,2,0,0,2,1,3,21,2,59,1,1,0,0,33,1,0,0,1,0,0,0,0,0,0,0,0,0,33,,,33,0,0,2,2,0,0,1,0,0,0,0,0,3,0,51,126,1,0,0,0,1,2,11,0,115
2012,14,ARI,REG,2012_14_ARI_SEA,SEA,19,39,133,0,4,3,-22,2,2,316,65,6,-34.1823525218642,-12.5565068844037,0,4,2,1,0,16,43,0,1,0,2,-3.00641432404518,0,0,0,0,0,19,39,133,0,0,0,316,65,6,-24.2046914230741,0,4,2,1,0,0,44,3,31,2,23,0,1,7,3,1,0,7,0,2,0,0,0,0,0,0,0,1,-1,0,0,0,9,79,4,3,2,0,5,4,2,11,9,200,0,0,0,0,,,0,0,0,0,0,0,0,0,0,0,0,0,,,,0,0,0,0,0,0,0,,0,0,0,0,0,6,0,59,280,2,0,0,0,1,5,39,0,241
2012,14,ATL,REG,2012_14_ATL_CAR,CAR,34,49,342,2,1,2,-15,0,0,419,105,22,12.7366008637329,6.94488622248173,0,15,7,1,0,11,35,1,0,0,2,0.556962707894854,0,0,0,0,0,34,49,342,2,0,0,419,101,22,15.6254024980445,0,15,7,1,0,0,42,0,24,3,10,1,1,7,4,0,0,2,0,0,0,0,0,0,0,0,0,0,0,0,0,0,3,15,2,0,0,0,0,0,0,0,3,49,0,0,0,0,,,0,0,0,0,0,0,0,0,0,0,0,0,,,,0,0,0,2,2,0,0,1,0,0,0,0,0,4,0,52,168,1,2,0,0,2,0,0,0,168
2012,14,BAL,REG,2012_14_BAL_WAS,WAS,16,21,182,3,1,2,-9,1,1,182,90,7,1.68175823087222,16.9094414938064,0,7,4,3,0,35,186,1,1,0,9,4.22067641452304,0,4,3,2,1,16,21,182,3,0,0,182,90,7,8.82639009979903,0,7,4,3,0,0,28,10,52,3,18,2,3,24,8,0,0,2,0,0,0,0,0,0,0,0,0,1,0,1,9,0,8,56,5,1,1,0,2,1,3,25,5,145,0,0,0,0,,,0,0,0,0,0,0,0,0,0,0,0,0,,,,0,0,0,4,4,0,0,1,0,0,0,0,0,5,0,59,251,2,0,1,0,1,3,100,0,151
2012,14,BUF,REG,2012_14_STL_BUF,LA,25,33,247,1,1,5,-27,1,0,259,143,13,-0.649303390228004,13.0666037400564,0,12,5,2,0,20,61,0,1,1,3,-8.7316084302729,0,3,3,0,0,25,33,247,1,0,0,259,143,13,6.50848495581322,0,12,5,2,0,0,32,13,25,1,2,1,1,2,4,1,23,8,0,0,0,0,0,0,0,0,0,1,0,0,0,0,2,15,6,1,1,0,2,1,4,44,3,79,2,2,0,0,40,1,0,0,1,1,0,0,0,0,0,0,0,0,35;40,,,75,0,0,0,0,0,0,,0,0,0,0,0,7,0,55,274,3,1,2,0,2,2,23,0,251
2012,14,CAR,REG,2012_14_ATL_CAR,ATL,23,35,287,2,0,1,-7,0,0,346,124,12,11.8948350864869,7.09112810237067,0,10,8,4,1,32,195,1,0,0,10,8.04511602732237,0,4,4,2,1,23,35,287,2,1,0,346,124,12,13.1963889648962,0,10,8,4,1,0,36,0,22,2,15,0,2,15,6,1,0,3,0,0,0,0,0,0,0,0,0,0,0,0,0,0,3,10,6,1,0,1,1,0,0,0,3,54,3,3,0,0,41,1,0,1,1,1,0,0,0,0,0,0,0,0,24;41;31,,,96,0,0,3,3,0,0,1,0,0,0,0,0,2,0,58,88,1,0,0,1,1,0,0,0,68
2012,14,CHI,REG,2012_14_CHI_MIN,MIN,28,53,324,2,2,2,-4,1,0,644,91,16,-11.0079690768616,-6.93940978783828,0,15,8,5,0,18,118,0,0,0,4,4.36065071367193,0,4,2,1,0,28,52,324,2,0,0,644,91,16,-9.7934318279149,0,15,8,5,0,0,36,0,22,7,28,2,1,14,1,1,0,2,0,0,0,0,0,0,0,0,0,1,0,0,0,0,10,80,5,1,0,0,1,0,5,58,4,59,0,0,0,0,,,0,0,0,0,0,0,0,0,0,0,0,0,,,,0,0,0,2,2,0,0,1,0,0,0,0,0,6,0,48,225,4,0,1,0,5,0,0,0,225
2012,14,CIN,REG,2012_14_DAL_CIN,DAL,20,33,206,1,1,5,-16,0,0,307,85,13,-4.1455353920272,-2.55193186528755,0,10,6,1,0,20,146,0,0,0,4,2.17815446580062,0,3,3,2,0,20,33,206,1,0,0,307,85,13,-0.488910520469276,0,10,6,1,0,0,39,0,30,5,33,0,3,29,9,1,0,6,0,0,0,0,0,0,0,0,0,0,0,0,0,0,8,70,5,0,0,0,0,0,1,-3,3,65,4,4,0,0,52,1,0,2,1,0,1,0,0,0,0,0,0,0,25;33;25;52,,,135,0,0,1,1,0,0,1,0,0,0,0,0,3,0,50,136,1,0,1,0,0,2,4,0,132
2012,14,CLE,REG,2012_14_KC_CLE,KC,17,30,217,0,0,3,-19,0,0,195,101,10,3.98305201232448,-5.21045068899791,0,11,5,2,0,35,154,2,1,0,9,2.04018856218318,0,5,5,1,0,17,30,217,0,0,0,195,101,10,7.53448276593132,0,11,5,2,0,1,32,0,28,6,32,0,5,29,9,1,23,3,0,0,0,0,0,0,0,0,0,2,0,0,0,0,7,55,2,1,1,0,2,0,4,144,1,15,3,3,0,0,34,1,0,2,1,0,0,0,0,0,0,0,0,0,23;24;34,,,81,0,0,3,3,0,0,1,0,0,0,0,0,5,0,53,204,1,1,0,0,1,3,5,0,199
2012,14,DAL,REG,2012_14_DAL_CIN,CIN,25,43,268,1,1,3,-29,0,0,375,117,13,6.93872844550247,-4.21035851156989,0,9,5,5,0,24,49,1,0,0,5,-2.05868426357975,0,0,0,0,0,25,43,268,1,0,0,375,117,13,9.86654374265531,0,9,5,5,0,0,28,0,40,3,15,0,5,16,4,1,37,3,0,0,0,0,0,0,0,0,0,0,0,0,0,0,6,49,3,0,0,0,0,0,2,4,1,14,2,2,0,0,40,1,0,0,1,1,0,0,0,0,0,0,0,0,37;40,,,77,0,0,2,2,0,0,1,1,1,0,0,40,5,0,49,165,1,3,1,0,0,1,-3,0,168
2012,14,DEN,REG,2012_14_DEN_OAK,LV,26,36,310,1,1,3,-22,0,0,318,85,15,8.99151418340791,10.7464155389203,0,14,10,3,0,39,140,1,0,0,9,-4.1538378817495,0,3,3,0,0,26,36,310,1,0,0,318,85,15,12.7809407604644,0,14,10,3,0,0,27,6,12,2,4,1,1,10,1,1,18,3,0,1,0,0,0,0,0,0,0,1,0,1,0,0,3,25,3,0,1,0,1,0,1,0,1,33,4,4,0,0,43,1,0,1,2,1,0,0,0,0,0,0,0,0,43;34;20;33,,,130,0,0,2,2,0,0,1,0,0,0,0,0,2,0,53,89,2,0,0,0,1,1,8,0,81
2012,14,DET,REG,2012_14_DET_GB,GB,27,45,264,1,1,1,-13,1,1,480,76,17,-4.21099752802063,1.86312185092406,0,12,3,2,0,32,135,1,0,0,7,4.05253982491558,0,3,2,1,0,27,44,264,1,0,0,480,76,17,5.63715597186576,0,12,3,2,0,0,31,5,25,5,25,2,3,25,5,0,0,0,0,0,0,0,0,0,0,0,0,0,0,1,0,0,5,55,6,0,1,0,1,1,0,0,4,81,2,3,1,0,46,0.666666666666667,0,0,1,1,0,0,0,0,0,0,1,0,46;34,51,,80,51,0,2,2,0,0,1,0,0,0,0,0,2,0,39,70,0,0,0,0,1,1,13,0,57
2012,14,GB,REG,2012_14_DET_GB,DET,14,24,173,0,0,3,-25,1,1,226,77,6,-6.30021841512271,-1.33713707327843,0,6,5,4,0,25,140,2,0,0,8,6.57874462363543,0,7,4,1,0,14,24,173,0,1,0,226,79,6,1.66845943548911,0,6,5,4,0,0,46,6,24,0,0,0,0,0,2,1,32,7,0,0,0,0,0,0,0,0,0,1,0,1,43,1,7,50,4,2,0,0,2,1,1,13,4,88,2,3,1,0,49,0.666666666666667,0,0,0,2,0,0,0,0,0,0,1,0,49;41,51,,90,51,0,3,3,0,0,1,0,0,0,0,0,3,0,53,133,1,0,1,1,1,0,0,0,113
2012,14,HOU,REG,2012_14_HOU_NE,NE,21,36,247,0,1,2,-24,1,0,216,153,10,-4.6228334834741,-4.45277103119426,0,10,7,4,0,27,100,2,0,0,7,-0.477090640488314,0,3,2,1,0,21,36,247,0,0,0,216,153,10,-1.20092112952261,0,10,7,4,0,0,27,0,48,3,11,2,1,7,7,1,1,2,0,0,0,0,0,0,0,0,0,1,0,0,0,0,7,70,2,1,0,0,1,0,2,1,2,39,0,0,0,0,,,0,0,0,0,0,0,0,0,0,0,0,0,,,,0,0,0,2,2,0,0,1,0,0,0,0,0,7,0,59,345,1,1,0,0,2,4,50,0,295
2012,14,IND,REG,2012_14_TEN_IND,TEN,16,34,196,1,2,4,-25,0,0,400,99,11,-6.34949819544399,-9.86783837570864,0,10,4,2,0,30,98,1,1,0,7,-2.03616799484007,0,4,3,0,0,16,34,196,1,1,0,400,99,11,-0.747787293731924,0,10,4,2,0,0,37,0,18,3,9,0,1,3,4,2,10,7,1,0,0,0,0,0,0,0,0,2,-3,0,0,0,6,43,4,1,1,0,2,0,2,24,0,0,2,2,0,0,53,1,0,0,0,1,1,0,0,0,0,0,0,0,53;40,,,93,0,0,3,3,0,0,1,0,0,0,0,0,4,0,54,213,2,2,0,0,1,1,14,0,199
2012,14,JAX,REG,2012_14_NYJ_JAX,NYJ,21,43,185,0,2,3,-17,0,0,399,57,10,-12.5037109098113,-8.3772959453719,0,8,2,2,0,24,123,1,0,0,5,4.40174176300871,0,3,2,1,0,21,42,185,0,0,0,399,57,10,-7.99110878486602,0,8,2,2,0,0,49,0,6,2,6,2,1,7,2,0,0,1,0,0,0,0,0,0,0,0,0,0,0,2,0,0,7,54,6,0,0,0,0,0,3,25,4,78,1,2,1,0,31,0.5,0,0,1,0,0,0,0,0,0,0,1,0,31,55,,31,55,0,1,1,0,0,1,0,0,0,0,0,8,0,55,363,5,0,1,0,5,2,18,0,345
2012,14,KC,REG,2012_14_KC_CLE,CLE,10,21,159,0,1,5,-29,0,0,201,69,4,-11.4363971271086,-7.23637413410913,0,5,4,3,1,26,180,1,0,0,6,5.31464966962813,0,5,4,1,1,10,21,159,0,0,0,201,69,4,-4.19835554872407,0,5,4,3,1,0,44,0,22,7,30,1,3,19,4,0,0,5,0,1,0,0,0,0,0,0,0,1,0,0,0,0,5,35,4,0,1,0,1,0,3,5,3,51,0,1,1,0,,0,0,0,0,0,0,0,0,1,0,0,0,0,,27,,0,27,0,1,1,0,0,1,0,0,0,0,0,7,0,57,336,4,1,1,0,1,4,144,1,192
2012,14,LA,REG,2012_14_STL_BUF,BUF,19,39,209,1,1,1,-2,0,0,387,62,11,0.918037776646204,-10.4142562701152,1,9,4,3,0,27,78,1,1,0,5,-4.11673847102793,0,2,1,0,0,19,39,209,1,0,0,387,62,11,2.03744125580136,1,9,4,3,0,0,40,9,21,6,23,1,4,20,11,1,21,3,0,0,0,0,0,0,0,0,0,2,0,1,4,0,2,17,1,1,1,0,2,0,2,23,4,88,0,0,0,0,,,0,0,0,0,0,0,0,0,0,0,0,0,,,,0,0,0,1,1,0,0,1,0,0,0,0,0,8,0,50,302,2,1,1,0,2,4,44,0,258
2012,14,LAC,REG,2012_14_SD_PIT,PIT,21,42,200,3,0,1,0,0,0,301,87,14,7.06857504773358,-9.32427800837017,0,8,1,1,0,36,94,0,0,0,4,-4.50463877531001,0,1,1,0,0,21,42,200,3,0,0,301,87,14,7.48875800271923,0,8,1,1,0,0,34,4,10,2,14,0,2,14,4,1,0,8,0,0,0,0,0,0,0,0,0,0,0,1,0,1,6,51,1,0,0,0,0,0,3,35,3,24,2,2,0,0,51,1,0,0,1,0,1,0,0,0,0,0,0,0,51;39,,,90,0,0,4,4,0,0,1,0,0,0,0,0,7,0,43,262,5,1,2,0,3,1,0,0,262
2012,14,LV,REG,2012_14_DEN_OAK,DEN,19,30,273,2,1,1,-10,1,1,279,127,11,1.99487870708993,-0.696323911348979,0,10,3,2,2,16,61,0,0,0,2,-4.20929482462816,0,1,1,1,0,19,30,273,2,0,0,279,127,11,7.26094975967146,0,10,3,2,2,0,51,13,19,5,27,0,3,22,4,1,0,3,0,0,0,0,0,0,0,0,0,0,0,0,0,0,11,94,4,1,0,0,1,1,1,8,2,34,0,0,0,0,,,0,0,0,0,0,0,0,0,0,0,0,0,,,,0,0,0,1,1,0,0,1,0,0,0,0,0,5,0,58,217,3,0,1,0,3,1,0,0,217
2012,14,MIA,REG,2012_14_MIA_SF,SF,17,33,150,1,0,2,-17,0,0,353,64,9,-2.64537195968127,-6.6632684433099,0,4,2,2,0,22,94,0,0,0,5,-0.792816088418476,0,2,2,1,0,17,33,150,1,1,0,353,64,9,-0.684102492776345,0,4,2,2,0,0,36,14,14,8,25,1,4,19,7,0,0,0,0,1,0,0,0,0,0,0,0,2,0,0,0,0,5,43,5,2,1,0,3,1,2,10,5,153,2,2,0,0,53,1,0,1,0,0,1,0,0,0,0,0,0,0,28;53,,,81,0,0,1,1,0,0,1,0,0,0,0,0,3,0,55,142,1,0,1,1,0,1,12,0,110
2012,14,MIN,REG,2012_14_CHI_MIN,CHI,11,17,91,0,1,1,-14,0,0,154,58,7,-1.42680678959005,-1.72737994614769,0,6,1,0,0,38,171,2,0,0,8,-2.60015748819569,0,5,4,1,1,11,17,91,0,1,0,154,58,7,0.847678177291527,0,6,1,0,0,0,46,0,18,3,6,1,2,4,5,2,100,10,1,0,0,0,0,0,0,0,0,1,0,0,0,0,7,54,2,2,0,1,2,0,0,0,2,21,0,0,0,0,,,0,0,0,0,0,0,0,0,0,0,0,0,,,,0,0,0,3,3,0,0,1,0,0,0,0,0,7,0,56,320,2,1,1,0,0,5,58,0,262
2012,14,NE,REG,2012_14_HOU_NE,HOU,21,36,296,4,1,1,-7,0,0,378,122,15,14.1313301540795,-2.48958518107732,0,12,5,3,1,33,130,1,1,0,9,3.29458302323474,0,3,2,0,0,21,36,296,4,1,0,378,122,15,16.4398019743967,0,12,5,3,1,0,45,0,14,9,39,1,2,24,7,1,19,7,0,0,0,0,0,0,0,0,0,2,0,0,0,1,6,56,4,2,0,0,2,0,4,50,1,7,0,0,0,0,,,0,0,0,0,0,0,0,0,0,0,0,0,,,,0,0,0,6,6,0,0,1,0,0,0,0,0,5,0,55,240,2,1,0,1,1,2,1,0,219
2012,14,NO,REG,2012_14_NO_NYG,NYG,26,43,354,1,2,1,-9,0,0,418,157,15,0.560054325196602,0.313950384535441,0,14,5,5,2,24,142,1,0,0,6,4.78112830306255,0,3,3,1,0,26,41,354,1,2,2,418,157,15,-6.36075340008765,0,14,5,5,2,0,38,14,14,1,1,0,0,0,2,2,85,7,1,0,0,0,0,0,0,0,0,0,0,0,0,0,10,81,1,2,0,0,2,2,2,5,8,149,2,2,0,0,32,1,0,1,1,0,0,0,0,0,0,0,0,0,32;25,,,57,0,0,3,3,0,0,1,0,0,0,0,0,4,0,55,202,0,1,0,0,1,2,19,0,183
2012,14,NYG,REG,2012_14_NO_NYG,NO,22,35,259,4,2,0,0,0,0,328,66,14,-0.552372014449084,9.33685993606394,0,10,5,4,0,27,135,2,0,0,7,4.55187092887354,0,2,2,2,1,22,33,259,4,0,0,328,66,14,1.9958195168794,0,10,5,4,0,1,35,24,24,1,9,2,1,9,1,2,91,8,0,0,0,0,0,0,0,0,0,1,0,2,16,0,6,55,4,0,1,0,1,0,2,19,6,287,1,2,1,0,39,0.5,0,0,1,0,0,0,0,0,1,0,0,0,39,36,,39,36,0,7,7,0,0,1,0,0,0,0,0,3,0,56,116,3,0,0,0,1,2,5,0,111
2012,14,NYJ,REG,2012_14_NYJ_JAX,JAX,12,19,111,0,0,1,-7,1,1,109,58,4,-5.7650123135623,-1.13303598604704,0,5,2,1,0,42,166,2,0,0,11,4.33958516409621,0,4,3,0,0,12,19,111,0,1,1,109,58,4,-5.08498473798097,0,5,2,1,0,0,50,0,8,4,18,0,3,17,10,2,11,4,0,0,0,0,0,0,0,0,0,0,0,0,0,0,1,15,4,2,0,0,2,2,2,18,0,0,1,1,0,0,44,1,0,0,0,1,0,0,0,0,0,0,0,0,44,,,44,0,0,2,2,0,0,1,0,0,0,0,0,7,0,59,326,1,1,0,1,2,3,25,0,281
2012,14,PHI,REG,2012_14_PHI_TB,TB,32,51,381,2,0,6,-43,0,0,495,161,18,7.08821449499347,5.34172222018242,0,17,9,8,0,16,29,1,0,0,4,-2.05765846802387,0,3,1,0,0,32,50,381,2,0,0,495,161,18,15.9684941318189,0,17,9,8,0,0,41,9,11,6,29,0,2,11,5,0,0,8,0,1,0,0,0,0,0,0,0,0,0,0,0,0,2,13,5,0,1,0,1,1,5,35,3,88,1,3,2,0,28,0.333333333333333,0,1,0,0,0,0,0,0,1,0,1,0,28,58;31,,28,89,0,2,2,0,0,1,0,0,0,0,0,7,0,66,343,0,1,1,0,1,4,63,0,280
2012,14,PIT,REG,2012_14_SD_PIT,LAC,22,42,285,3,1,2,-14,0,0,503,72,14,4.93964988541998,-4.64242213382954,0,13,7,4,1,17,69,0,1,1,3,-10.2269639080623,0,2,1,0,0,22,41,285,3,0,0,503,72,14,6.6127071257215,0,13,7,4,1,0,44,7,19,2,3,0,1,0,5,0,0,2,0,0,0,0,0,0,0,0,0,1,-8,0,0,0,8,52,6,0,2,0,2,1,1,0,5,113,1,1,0,0,49,1,0,0,0,1,0,0,0,0,0,0,0,0,49,,,49,0,0,3,3,0,0,1,0,0,0,0,0,7,0,79,332,2,0,2,0,2,3,35,0,297
2012,14,SEA,REG,2012_14_ARI_SEA,ARI,12,22,216,1,1,1,-7,0,0,265,132,7,9.86119262717821,0.76727376065471,0,8,7,4,1,42,284,4,0,0,13,7.18109593269764,0,11,9,3,0,12,22,216,1,0,0,265,132,7,11.9752820712298,0,8,7,4,1,0,34,3,21,4,15,3,3,22,6,4,64,10,1,0,0,0,0,0,0,0,0,0,0,4,11,1,10,97,2,0,0,0,0,0,5,39,1,18,3,3,0,0,32,1,0,1,2,0,0,0,0,0,0,0,0,0,31;28;32,,,91,0,0,7,7,0,0,1,0,0,0,0,0,3,0,51,126,2,0,0,0,1,2,11,0,115
2012,14,SF,REG,2012_14_MIA_SF,MIA,18,23,185,0,0,4,-19,1,0,165,101,9,0.248750546420315,14.7502468979877,0,9,5,2,0,28,155,3,0,0,9,8.14288097151396,0,5,3,1,1,18,23,185,0,0,0,165,101,9,6.9030764623865,0,9,5,2,0,0,36,9,11,3,18,2,2,17,4,0,0,3,0,0,0,0,0,0,0,0,0,1,0,1,0,0,6,45,5,1,0,0,1,0,1,12,3,79,2,2,0,0,37,1,0,0,2,0,0,0,0,0,0,0,0,0,30;37,,,67,0,0,3,3,0,0,1,0,0,0,0,0,4,0,55,193,1,0,1,1,0,2,10,0,163
2012,14,TB,REG,2012_14_PHI_TB,PHI,14,34,189,2,0,2,-11,0,0,423,61,10,-0.311302494315896,-14.3254762624993,0,8,6,3,1,32,136,1,1,0,7,0.911017650854774,0,4,2,0,0,14,34,189,2,0,0,423,61,10,1.24898108182242,0,8,6,3,1,0,47,8,8,9,59,0,6,43,13,0,0,5,0,0,0,0,0,0,0,0,0,1,-4,1,0,0,8,64,3,0,1,0,1,0,4,63,2,47,0,0,0,0,,,0,0,0,0,0,0,0,0,0,0,0,0,,,,0,0,0,3,3,0,0,1,0,0,0,0,0,10,0,61,424,2,1,0,2,2,5,35,0,349
2012,14,TEN,REG,2012_14_TEN_IND,IND,22,35,262,1,2,1,-3,0,0,298,93,10,-1.91288022290143,3.22290229446748,0,9,5,2,2,24,97,0,0,0,4,-1.24684622662608,0,2,1,1,0,22,34,262,1,0,0,298,93,10,0.560355129312001,0,9,5,2,2,0,41,0,14,10,40,1,4,25,9,2,40,6,1,0,0,0,0,0,0,0,0,0,0,0,0,0,9,70,3,0,0,0,0,0,1,14,0,0,3,4,1,0,40,0.75,0,1,1,1,0,0,0,0,0,0,1,0,40;31;25,57,,96,57,0,2,2,0,0,1,0,0,0,0,0,3,0,57,165,1,1,0,0,0,2,24,0,141
2012,14,WAS,REG,2012_14_BAL_WAS,BAL,17,28,268,2,0,3,-24,0,0,308,96,13,12.5627448186445,6.56473879460935,0,12,8,6,0,35,179,1,2,1,7,-8.82076280445777,1,6,4,1,0,17,27,268,2,0,0,308,96,13,17.6701326606729,0,12,8,6,0,0,33,6,40,2,11,1,2,9,3,1,2,3,0,0,0,0,0,0,0,0,0,1,-9,1,0,0,8,70,7,2,1,1,3,1,3,100,2,37,3,3,0,0,49,1,0,0,1,2,0,0,0,0,0,0,0,0,48;49;34,,,131,0,0,2,2,0,0,1,1,1,0,0,34,5,0,57,240,1,0,0,1,1,3,25,0,195
2012,15,ARI,REG,2012_15_DET_ARI,DET,14,21,104,0,1,1,-7,0,0,97,41,4,-9.57263614933345,-1.33986387934004,0,3,1,1,0,29,99,3,1,0,6,-4.3963555956143,0,2,2,1,0,14,21,104,0,0,0,97,41,4,-8.40056346156508,0,3,1,1,0,0,45,4,8,7,26,0,2,18,8,3,186,9,2,0,0,0,0,0,0,0,0,1,-10,1,0,0,6,50,1,0,1,0,1,0,6,54,2,53,1,1,0,0,51,1,0,0,0,0,1,0,0,0,0,0,0,0,51,,,51,0,0,5,5,0,0,1,0,0,0,0,0,9,0,55,398,6,1,1,1,4,2,0,0,378
2012,15,ATL,REG,2012_15_NYG_ATL,NYG,23,28,270,3,0,1,-5,0,0,201,137,16,21.7191405624617,16.0050347447395,0,12,4,3,1,38,129,1,0,0,6,-8.39107306692044,0,3,2,0,0,23,28,270,3,0,0,201,137,16,23.1817879572045,0,12,4,3,1,0,30,0,16,2,3,1,1,2,3,2,11,5,0,0,0,0,0,0,0,0,0,0,0,1,0,0,3,30,2,0,0,0,0,0,2,10,0,0,2,2,0,0,38,1,1,0,1,0,0,0,0,0,0,0,0,0,38;19,,,57,0,0,4,4,0,0,1,0,0,0,0,0,2,0,61,100,0,0,0,1,1,0,0,0,80
2012,15,BAL,REG,2012_15_DEN_BAL,DEN,20,40,254,2,1,3,-32,0,0,327,111,8,-18.0806878263678,-10.8106683462094,0,9,3,3,2,19,56,0,1,1,2,-8.21677360986359,0,2,1,0,0,20,39,254,2,0,0,327,111,8,-14.5643522507593,0,9,3,3,2,0,46,19,19,6,25,1,2,17,5,0,0,5,0,1,0,0,0,0,0,0,0,2,12,0,0,0,6,61,3,2,1,0,3,1,5,52,6,144,1,1,0,0,45,1,0,0,0,1,0,0,0,0,0,0,0,0,45,,,45,0,0,2,2,0,0,1,0,0,0,0,0,7,0,57,353,2,1,1,0,0,5,33,0,320
2012,15,BUF,REG,2012_15_SEA_BUF,SEA,24,43,247,1,2,3,-32,1,1,454,90,14,-21.0763785883843,-6.80975701127734,0,12,5,4,0,21,118,1,0,0,7,2.97037012199871,0,3,3,0,0,24,42,247,1,0,0,454,90,14,-9.99987474880772,0,12,5,4,0,0,34,15,17,3,12,0,2,9,3,0,0,1,0,0,0,0,1,0,0,0,0,0,0,0,0,0,4,20,3,1,0,0,1,1,0,0,5,139,1,1,0,0,41,1,0,0,0,1,0,0,0,0,0,0,0,0,41,,,41,0,0,2,2,0,0,1,0,0,0,0,0,4,0,60,194,1,0,0,0,1,3,20,0,174
2012,15,CAR,REG,2012_15_CAR_SD,LAC,19,33,231,2,0,2,-14,0,0,230,111,12,10.4676544035912,-1.16597544401884,0,9,4,3,1,39,155,2,2,1,13,2.07330033066683,0,3,3,0,0,19,32,231,2,0,0,230,111,12,13.4728991625026,0,9,4,3,1,0,31,11,11,5,20,4,6,27,5,0,0,1,0,0,0,0,0,0,0,0,0,1,-4,2,0,0,6,48,5,1,1,0,2,1,2,32,2,52,1,1,0,0,33,1,0,0,1,0,0,0,0,0,0,0,0,0,33,,,33,0,0,4,4,0,0,1,0,0,0,0,0,4,0,44,158,1,0,0,1,2,1,23,0,115
2012,15,CHI,REG,2012_15_GB_CHI,GB,12,21,135,1,1,4,-28,1,0,205,73,6,-10.2388200358298,-3.4703688962119,0,9,2,0,0,23,83,0,0,0,3,-3.32998349954141,0,2,2,1,0,12,21,135,1,1,0,205,73,6,-5.42736164230588,0,9,2,0,0,0,48,0,22,4,12,1,3,13,4,0,0,4,0,0,0,0,0,0,0,0,0,2,0,2,0,0,10,91,4,2,0,0,2,0,3,42,2,63,2,2,0,0,34,1,0,0,2,0,0,0,0,0,0,0,0,0,34;34,,,68,0,0,1,1,0,0,1,0,0,0,0,0,6,0,47,239,3,0,1,0,2,3,-2,0,241
2012,15,CIN,REG,2012_15_CIN_PHI,PHI,13,27,127,1,0,6,-35,2,2,216,99,6,-15.9637277342115,-11.9348399914228,0,6,1,0,0,41,157,2,0,0,11,3.82227281638188,0,4,2,1,0,13,26,127,1,0,0,216,99,6,-1.45092461995936,0,6,1,0,0,0,38,0,2,6,13,2,1,3,2,1,44,4,0,0,0,1,0,0,0,0,3,0,0,4,37,1,11,94,1,2,0,0,2,2,4,42,4,69,2,2,0,0,32,1,0,1,1,0,0,0,0,0,0,0,0,0,24;32,,,56,0,0,4,4,0,0,1,0,0,0,0,0,5,0,49,194,0,0,1,1,2,1,6,0,168
2012,15,CLE,REG,2012_15_WAS_CLE,WAS,21,35,244,1,2,2,-11,1,0,245,107,8,-12.5614164107828,-5.36756907190595,0,7,4,4,1,15,58,2,0,0,5,0.765183730516583,0,2,2,0,0,21,35,244,1,0,0,245,107,8,-9.1209740951308,0,7,4,4,1,0,52,0,22,3,22,2,2,21,4,1,37,3,0,0,0,0,0,0,0,0,0,1,0,0,0,0,5,30,4,1,0,0,1,0,2,15,7,191,0,0,0,0,,,0,0,0,0,0,0,0,0,0,0,0,0,,,,0,0,0,3,3,0,0,1,0,0,0,0,0,6,0,58,252,0,2,0,1,1,2,18,0,214
2012,15,DAL,REG,2012_15_PIT_DAL,PIT,30,42,341,2,0,1,-13,0,0,306,175,17,13.1249598935355,3.58825311774299,0,14,8,2,0,21,87,1,1,1,6,-7.86732647409455,0,3,2,1,0,30,42,341,2,0,0,306,175,17,14.7251924513948,0,14,8,2,0,0,37,2,16,3,18,1,4,20,8,1,36,5,0,0,0,0,0,0,0,0,0,0,0,1,0,0,8,61,4,1,0,0,1,1,2,38,1,25,2,2,0,0,50,1,0,1,0,0,1,0,0,0,0,0,0,0,50;21,,,71,0,0,3,3,0,0,1,1,1,0,0,21,6,0,60,288,0,0,1,1,1,3,51,0,217
2012,15,DEN,REG,2012_15_DEN_BAL,BAL,17,28,204,1,0,2,-17,0,0,379,38,8,4.57895045745588,7.04740009137562,0,8,2,2,1,45,163,2,0,0,12,1.81323559098479,0,1,1,1,0,17,28,204,1,0,0,379,38,8,7.70831626764901,0,8,2,2,1,0,45,5,5,5,34,2,3,32,9,1,98,3,1,0,0,0,0,0,0,0,0,0,0,1,0,0,7,51,1,1,0,1,1,0,5,33,1,20,2,3,1,0,36,0.666666666666667,0,1,1,0,0,0,0,0,0,1,0,0,27;36,45,,63,45,0,4,4,0,0,1,0,0,0,0,0,8,0,49,344,2,0,1,0,2,5,52,0,292
2012,15,DET,REG,2012_15_DET_ARI,ARI,24,50,246,0,3,2,-18,0,0,443,141,12,-26.6575878465658,-9.52366698295512,0,9,3,3,0,22,84,1,0,0,5,-4.04877277411288,0,3,1,0,0,24,47,246,0,0,0,443,141,12,-20.8683470715762,0,9,3,3,0,0,45,2,8,7,29,0,1,7,5,1,-1,2,0,1,0,0,0,0,0,0,0,0,0,0,0,0,7,63,2,0,1,0,1,1,2,0,2,49,1,1,0,0,41,1,0,0,0,1,0,0,0,0,0,0,0,0,41,,,41,0,0,1,1,0,0,1,0,0,0,0,0,8,0,51,376,2,0,0,0,2,6,54,0,322
2012,15,GB,REG,2012_15_GB_CHI,CHI,23,36,291,3,0,3,-13,0,0,320,104,14,17.5598917638748,5.47813948462991,0,10,6,5,0,32,113,0,1,1,3,-11.3493980672232,0,2,2,1,0,23,34,291,3,0,0,320,104,14,23.1627855000883,0,10,6,5,0,0,40,0,12,6,25,2,4,28,4,1,24,7,0,1,0,0,0,0,0,0,0,0,0,0,0,0,8,104,3,1,1,0,2,2,3,-2,2,37,0,2,2,0,,0,0,0,0,0,0,0,0,0,0,2,0,0,,43;42,,0,85,0,3,3,0,0,1,0,0,0,0,0,5,0,51,208,1,2,0,0,0,3,42,0,166
2012,15,HOU,REG,2012_15_IND_HOU,IND,23,31,261,1,0,3,-22,0,0,303,63,13,8.88229380165853,9.03992451006366,0,7,5,3,1,32,178,0,0,0,8,-1.97122729975183,0,4,3,3,0,23,31,261,1,0,0,303,63,13,13.329603429089,0,7,5,3,1,1,44,1,5,9,51,1,5,38,10,0,0,5,0,0,0,1,0,0,0,0,8,0,0,1,0,0,9,69,4,0,0,0,0,0,2,12,1,18,5,6,1,0,46,0.833333333333333,0,2,2,1,0,0,0,0,0,0,1,0,29;35;27;46;33,50,,170,50,0,2,2,0,0,1,0,0,0,0,0,3,0,52,127,1,1,0,0,0,2,18,0,109
2012,15,IND,REG,2012_15_IND_HOU,HOU,13,27,186,2,0,5,-38,0,0,199,84,7,-5.36097260778825,-10.1728358268738,0,7,4,2,1,25,124,0,1,1,8,-2.12646392267197,0,5,4,1,0,13,25,186,2,0,0,199,84,7,2.07641715606969,0,7,4,2,1,0,58,1,3,4,29,0,3,22,3,0,0,0,0,0,0,0,0,0,0,0,0,0,0,0,0,0,8,79,3,1,0,0,1,1,2,18,4,111,1,1,0,0,26,1,0,1,0,0,0,0,0,0,0,0,0,0,26,,,26,0,0,2,2,0,0,1,0,0,0,0,0,5,1,63,242,3,2,0,0,1,2,12,0,230
2012,15,JAX,REG,2012_15_JAX_MIA,MIA,18,34,221,0,0,2,-8,0,0,239,111,9,-0.509614009952256,-6.31626353544348,0,7,6,4,0,21,86,0,1,0,3,-7.73146420402918,0,2,1,0,0,18,34,221,0,0,0,239,111,9,1.58993992424803,0,7,6,4,0,0,53,0,4,2,6,1,1,11,0,0,0,1,0,0,0,0,0,0,0,0,0,2,0,1,0,0,10,88,4,0,2,0,2,0,1,9,1,24,1,1,0,0,37,1,0,0,1,0,0,0,0,0,0,0,0,0,37,,,37,0,0,0,0,0,0,,0,0,0,0,0,5,0,53,237,2,0,2,0,3,0,0,0,237
2012,15,KC,REG,2012_15_KC_OAK,LV,18,32,136,0,1,4,-27,0,0,202,55,5,-20.7399317875388,-9.55619309097528,0,4,2,1,0,10,10,0,0,0,0,-5.69037761620712,0,0,0,0,0,18,32,136,0,0,0,202,55,5,-13.7020458313054,0,4,2,1,0,0,59,0,10,4,10,2,0,0,0,0,0,8,0,0,0,0,0,0,0,0,0,0,0,1,4,0,7,60,4,0,0,0,0,0,3,24,3,70,0,0,0,0,,,0,0,0,0,0,0,0,0,0,0,0,0,,,,0,0,0,0,0,0,0,,0,0,0,0,0,7,0,71,383,4,0,4,1,2,0,0,0,363
2012,15,LA,REG,2012_15_MIN_STL,MIN,35,55,377,3,1,4,-32,0,0,390,157,23,-2.36558069355749,-3.33821692249992,1,15,7,4,0,18,87,0,0,0,4,-5.07993737736251,0,3,3,0,0,35,55,377,3,0,0,390,157,23,4.72813235295973,1,15,7,4,0,0,51,0,0,10,23,2,2,22,3,0,0,1,0,1,0,0,0,0,0,0,0,1,0,0,0,0,8,47,3,1,1,0,2,1,3,16,2,29,0,1,1,0,,0,0,0,0,0,0,0,0,0,0,0,1,0,,57,,0,57,0,2,2,0,0,1,0,0,0,0,0,4,0,55,164,1,1,1,0,1,1,15,0,149
2012,15,LAC,REG,2012_15_CAR_SD,CAR,16,23,121,1,0,6,-27,3,2,102,65,4,-14.5262999184779,4.35158989646218,0,1,1,1,0,16,70,0,1,0,6,-0.218198846938321,0,2,1,0,0,16,22,121,1,0,0,102,65,4,2.26863114739535,0,1,1,1,0,0,40,21,21,3,18,1,2,14,4,0,0,5,0,0,0,0,0,0,0,0,0,2,0,1,0,0,9,70,0,4,0,0,4,2,1,23,2,49,0,0,0,0,,,0,0,0,0,0,0,0,0,0,0,0,0,,,,0,0,0,1,1,0,0,1,0,0,0,0,0,6,0,64,291,1,0,0,1,3,2,32,0,239
2012,15,LV,REG,2012_15_KC_OAK,KC,18,30,182,0,0,0,0,0,0,257,82,9,1.64483370528564,-6.12588663895925,0,8,2,0,0,45,203,0,0,0,10,-3.67791259989708,0,5,4,1,1,18,30,182,0,2,1,257,82,9,-3.0722566862683,0,8,2,0,0,0,37,1,3,6,32,0,4,27,8,1,3,4,0,0,0,0,0,0,0,0,0,1,0,0,0,0,5,62,4,2,0,0,2,1,0,0,0,0,5,6,1,0,57,0.833333333333333,0,1,1,1,2,0,0,0,0,0,1,0,20;50;57;30;41,51,,198,51,0,0,0,0,0,,0,0,0,0,0,4,0,64,205,0,0,0,1,0,3,24,0,161
2012,15,MIA,REG,2012_15_JAX_MIA,JAX,22,29,220,2,0,1,-11,1,1,224,61,13,4.64600745250416,14.3365100539964,1,9,4,3,0,36,180,0,0,0,8,1.7510194045672,0,3,2,2,1,22,29,220,2,0,0,224,61,13,9.79738290758748,1,9,4,3,0,0,39,0,8,3,9,0,2,8,5,0,0,5,0,0,0,0,0,0,0,0,0,0,0,0,0,0,5,41,2,1,0,0,1,1,0,0,2,38,3,3,0,0,53,1,0,0,2,0,1,0,0,0,0,0,0,0,53;30;31,,,114,0,0,1,1,0,0,1,0,0,0,0,0,1,0,63,63,1,0,0,0,0,1,9,0,54
2012,15,MIN,REG,2012_15_MIN_STL,LA,17,24,131,0,0,2,-22,1,0,120,80,9,-3.43930490803706,-0.0587742775678635,0,8,0,0,0,33,213,2,0,0,8,6.1805856412393,0,6,5,2,2,17,24,131,0,1,0,120,80,9,-0.103252423751916,0,8,0,0,0,0,57,0,2,5,33,1,4,32,8,1,29,5,1,0,0,0,0,0,0,0,0,1,0,1,0,0,3,49,4,2,0,1,2,0,1,15,1,24,5,5,0,0,53,1,0,0,1,1,3,0,0,0,0,0,0,0,50;38;42;53;51,,,234,0,0,3,3,0,0,1,0,0,0,0,0,4,0,50,182,2,0,0,0,1,3,16,0,166
2012,15,NE,REG,2012_15_SF_NE,SF,36,65,443,1,2,3,-18,0,0,603,143,22,-2.11691940752135,-4.30275088264829,0,17,7,6,2,24,95,3,1,1,8,-5.70936319645261,0,2,1,0,0,36,63,443,1,1,1,603,143,22,0.497871699277312,0,17,7,6,2,0,41,0,36,5,27,1,1,13,1,1,0,3,0,0,0,0,0,0,0,0,0,0,0,1,5,0,8,73,6,2,0,0,2,2,5,13,5,107,2,2,0,0,41,1,0,0,1,1,0,0,0,0,0,0,0,0,32;41,,,73,0,0,4,4,0,0,1,0,0,0,0,0,5,0,49,228,1,0,1,0,1,3,15,0,213
2012,15,NO,REG,2012_15_TB_NO,TB,26,39,307,4,0,1,-9,0,0,256,140,15,12.5166113090309,4.97188779868578,0,13,7,6,0,25,149,1,0,0,7,2.71901784488,0,6,4,2,0,26,38,307,4,0,0,256,140,15,14.9705803803591,0,13,7,6,0,0,45,0,14,3,10,1,2,11,11,4,43,10,0,0,0,0,0,0,0,0,0,0,0,1,0,0,6,55,2,0,0,0,0,0,3,38,1,30,2,2,0,0,36,1,0,1,1,0,0,0,0,0,0,0,0,0,25;36,,,61,0,0,5,5,0,0,1,0,0,0,0,0,5,0,60,268,0,2,0,1,1,1,39,0,209
2012,15,NYG,REG,2012_15_NYG_ATL,ATL,13,25,161,0,2,1,-2,0,0,209,81,5,-13.4368046696135,-13.9264048337936,0,5,3,2,0,21,97,0,1,1,4,-7.48333457339322,0,2,2,2,0,13,25,161,0,0,0,209,81,5,-11.9586537589156,0,5,3,2,0,0,51,0,18,5,13,0,1,5,2,0,0,2,0,0,0,0,0,0,0,0,0,0,0,0,0,0,2,25,5,1,0,0,1,1,0,0,3,66,0,1,1,0,,0,0,0,0,0,0,0,0,0,1,0,0,0,,30,,0,30,0,0,0,0,0,,0,0,0,0,0,2,0,58,110,0,0,0,0,0,2,10,0,100
2012,15,NYJ,REG,2012_15_NYJ_TEN,TEN,13,29,131,1,4,4,-24,0,0,312,34,8,-16.100311424541,-12.0525326194434,0,6,4,1,0,30,146,0,2,1,8,-2.00977272057207,0,6,4,1,0,13,29,131,1,0,0,312,34,8,-10.3538146440566,0,6,4,1,0,0,41,0,22,7,37,0,4,22,4,0,0,4,0,0,0,0,0,1,0,0,0,1,-7,0,0,0,4,23,4,1,1,0,2,1,1,7,2,52,1,1,0,0,22,1,0,1,0,0,0,0,0,0,0,0,0,0,22,,,22,0,0,1,1,0,0,1,0,0,0,0,0,6,0,53,254,3,1,2,0,1,2,3,0,251
2012,15,PHI,REG,2012_15_CIN_PHI,CIN,16,33,180,1,1,1,-3,0,0,331,83,6,-8.26628947860544,-6.85414931466503,0,7,4,2,1,19,42,0,1,1,1,-11.6478711480158,0,0,0,0,0,16,31,180,1,2,2,331,83,6,-15.0311287843807,0,7,4,2,1,0,57,0,10,6,25,2,6,35,7,0,0,7,0,0,0,0,0,0,0,0,0,0,-6,2,4,0,9,76,6,2,2,0,4,4,1,6,7,130,2,2,0,0,22,1,0,2,0,0,0,0,0,0,0,0,0,0,22;20,,,42,0,0,1,1,0,0,1,0,0,0,0,0,6,1,53,258,3,0,0,0,2,4,42,0,216
2012,15,PIT,REG,2012_15_PIT_DAL,DAL,24,40,339,2,1,4,-20,0,0,361,115,17,6.86405640936997,-1.08085211954619,0,15,7,5,1,17,69,1,0,0,2,-1.20521314971847,0,1,1,1,0,24,38,339,2,0,0,361,115,17,12.7643713390322,0,15,7,5,1,0,47,1,9,3,20,1,1,13,2,0,0,2,0,2,0,0,0,0,0,0,0,1,0,1,0,0,0,0,6,1,1,0,2,1,3,51,2,49,1,1,0,0,32,1,0,0,1,0,0,0,0,0,0,0,0,0,32,,,32,0,0,3,3,0,0,1,0,0,0,0,0,6,0,54,258,2,1,1,2,0,2,38,0,180
2012,15,SEA,REG,2012_15_SEA_BUF,BUF,14,23,205,1,0,2,-9,0,0,181,99,10,9.06449948477959,1.91319341009313,0,8,4,3,2,32,270,4,0,0,12,19.1947981486446,0,11,9,3,1,14,22,205,1,0,0,181,99,10,11.8044217344693,0,8,4,3,2,0,37,10,16,3,23,1,3,32,5,2,81,5,1,0,0,0,0,0,0,0,0,0,0,1,35,0,4,32,1,0,0,0,0,0,3,20,3,66,3,3,0,0,33,1,1,1,1,0,0,0,0,0,0,0,0,0,19;33;23,,,75,0,0,5,6,0,1,0.833333333333333,0,0,0,0,0,2,0,44,79,1,0,0,0,2,0,0,0,79
2012,15,SF,REG,2012_15_SF_NE,NE,14,25,221,4,1,1,-13,0,0,309,94,11,8.25921873562038,1.15159380435944,0,9,5,5,0,39,180,0,4,0,7,-3.66436750942838,0,6,4,1,0,14,25,221,4,1,1,309,94,11,5.91087939112913,0,9,5,5,0,0,53,0,24,5,23,2,3,18,7,2,69,5,0,1,0,0,0,0,0,0,0,5,-4,2,66,1,6,88,5,1,5,0,6,1,3,15,6,154,2,3,1,0,28,0.666666666666667,0,2,0,0,0,0,0,0,1,0,0,0,20;28,39,,48,39,0,5,5,0,0,1,0,0,0,0,0,5,0,64,283,3,0,0,0,0,5,13,0,270
2012,15,TB,REG,2012_15_TB_NO,NO,30,54,330,0,4,2,-11,1,1,548,124,16,-20.7706576274359,-2.92976008584866,0,15,7,4,0,16,67,0,0,0,4,0.389090438664425,0,3,1,0,0,30,52,330,0,0,0,548,124,16,-9.13512578321388,0,15,7,4,0,0,46,0,16,5,17,0,1,9,5,0,0,3,0,0,0,0,0,0,0,0,0,0,0,0,0,0,7,84,2,1,0,0,1,1,1,39,4,70,0,0,0,0,,,0,0,0,0,0,0,0,0,0,0,0,0,,,,0,0,0,0,0,0,0,,0,0,0,0,0,4,0,58,195,0,0,0,0,1,3,38,0,157
2012,15,TEN,REG,2012_15_NYJ_TEN,NYJ,13,22,149,0,0,4,-22,0,0,319,65,8,-3.36609460419277,0.470725514672019,0,8,2,2,0,30,167,2,0,0,4,-0.21805802022625,0,3,3,1,1,13,22,149,0,0,0,319,65,8,2.59926163870841,0,8,2,2,0,0,39,0,20,6,33,1,4,24,6,4,55,6,0,0,0,0,0,0,0,0,0,0,0,1,0,0,14,111,3,0,0,0,0,0,2,3,3,75,0,1,0,1,,0,0,0,0,0,0,0,0,0,0,0,0,0,,,46,0,0,46,2,2,0,0,1,0,0,0,0,0,10,0,55,391,4,2,0,1,6,1,7,0,364
2012,15,WAS,REG,2012_15_WAS_CLE,CLE,26,37,329,2,1,2,-21,1,0,309,137,17,10.2450420846036,6.03466617899972,0,13,8,4,1,35,122,3,0,0,7,-1.09764804531005,0,2,1,0,0,26,37,329,2,1,0,309,137,17,12.6533942298594,0,13,8,4,1,0,34,0,22,4,18,1,2,11,3,2,25,6,0,0,0,0,0,0,0,0,0,2,0,0,0,0,6,45,4,2,0,0,2,0,2,18,1,22,1,1,0,0,44,1,0,0,0,1,0,0,0,0,0,0,0,0,44,,,44,0,0,5,5,0,0,1,0,0,0,0,0,5,0,57,213,1,0,0,0,3,2,15,0,198
2012,16,ARI,REG,2012_16_CHI_ARI,CHI,28,49,246,0,2,4,-27,1,0,377,64,14,-21.4851581460978,-11.2745727811541,0,11,4,1,0,19,29,0,2,1,0,-16.3396962754196,0,0,0,0,0,28,49,246,0,0,0,377,64,14,-13.2406992509211,0,11,4,1,0,1,46,0,8,3,4,0,1,1,1,0,0,1,0,0,0,0,0,1,0,0,82,1,0,1,0,0,4,25,5,2,1,1,3,1,2,11,2,39,2,2,0,0,49,1,0,0,1,1,0,0,0,0,0,0,0,0,49;35,,,84,0,0,1,1,0,0,1,0,0,0,0,0,8,0,60,358,6,1,2,0,0,5,18,0,340
2012,16,ATL,REG,2012_16_ATL_DET,DET,25,32,279,4,0,1,-8,0,0,270,145,15,17.7650336468462,15.6908118166029,0,13,4,2,1,22,73,0,0,0,4,-4.24422434699954,0,2,2,1,0,25,32,279,4,0,0,270,145,15,19.5413440537043,0,13,4,2,1,0,52,0,16,0,0,2,0,0,6,1,1,3,0,0,0,0,0,0,0,0,0,0,0,2,15,0,3,20,1,0,0,0,0,0,1,9,3,58,1,1,0,0,20,1,0,1,0,0,0,0,0,0,0,0,0,0,20,,,20,0,0,4,4,0,0,1,0,0,0,0,0,4,0,47,167,2,1,0,0,3,0,0,0,167
2012,16,BAL,REG,2012_16_NYG_BAL,NYG,25,36,309,2,0,0,0,0,0,323,104,17,21.4089233992494,10.5640754931503,0,10,7,5,1,45,224,1,0,0,6,-4.44555587523754,0,5,4,1,1,25,36,309,2,0,0,323,104,17,21.4089233992494,0,10,7,5,1,0,29,7,7,4,33,0,3,31,9,0,0,8,0,0,0,0,0,0,0,0,0,0,0,0,0,0,9,92,3,0,0,0,0,0,7,56,3,58,4,4,0,0,30,1,0,3,1,0,0,0,0,0,0,0,0,0,23;21;30;29,,,103,0,0,3,3,0,0,1,0,0,0,0,0,2,0,60,117,1,0,0,0,0,2,12,0,105
2012,16,BUF,REG,2012_16_BUF_MIA,MIA,20,35,240,1,1,2,-13,1,1,325,81,10,1.45413515003747,-1.9140106013843,0,10,5,4,1,28,154,0,0,0,6,4.04120766971469,0,2,2,1,1,20,35,240,1,2,2,325,81,10,-4.59502431031433,0,10,5,4,1,0,51,0,4,4,16,1,2,11,4,0,0,5,0,0,0,0,0,1,0,0,0,0,0,0,0,0,11,93,5,3,0,0,3,3,1,14,2,32,1,1,0,0,42,1,0,0,0,1,0,0,0,0,0,0,0,0,42,,,42,0,0,1,1,0,0,1,0,0,0,0,0,4,0,60,171,0,2,0,0,0,2,26,0,145
2012,16,CAR,REG,2012_16_OAK_CAR,LV,18,29,170,1,1,2,-11,0,0,216,61,8,3.28498100804889,0.258190981272993,0,8,4,3,0,28,112,1,0,0,5,-3.58822360570771,0,3,3,1,0,18,29,170,1,0,0,216,61,8,2.97292022932113,0,8,4,3,0,0,41,0,16,6,23,0,1,9,3,1,25,6,0,1,0,0,0,0,0,0,0,0,0,0,0,0,10,97,2,1,0,0,1,1,1,14,1,26,1,2,1,0,51,0.5,0,0,0,0,1,0,0,0,0,1,0,0,51,48,,51,48,0,2,2,0,0,1,0,0,0,0,0,4,0,55,195,1,0,0,0,0,4,2,0,193
2012,16,CHI,REG,2012_16_CHI_ARI,ARI,12,26,146,1,0,1,-1,0,0,352,39,6,-3.33544283767696,-11.8750901176379,0,5,3,2,0,33,152,1,0,0,8,-3.8073915314043,0,4,3,1,0,12,26,146,1,0,0,352,39,6,-2.4403414222179,0,5,3,2,0,0,52,0,4,7,34,2,4,27,3,2,49,7,1,2,0,0,0,0,0,0,0,1,1,1,1,1,2,12,3,0,2,0,2,1,5,18,2,52,0,1,0,1,,0,0,0,0,0,0,0,0,0,0,0,0,0,,,20,0,0,20,4,4,0,0,1,0,0,0,0,0,9,0,64,394,3,0,2,1,4,2,11,0,363
2012,16,CIN,REG,2012_16_CIN_PIT,PIT,24,41,278,0,2,6,-25,0,0,528,108,13,-3.70257927982526,4.12164755165577,0,12,7,5,0,16,14,0,0,0,0,-7.22506689582951,0,0,0,0,0,24,40,278,0,1,1,528,108,13,-2.16070848929154,0,12,7,5,0,0,32,14,26,6,22,1,4,35,7,2,27,6,1,0,0,0,0,0,0,0,0,0,0,1,3,0,7,55,3,1,0,0,1,1,3,-2,0,0,2,3,1,0,43,0.666666666666667,0,0,0,2,0,0,0,0,0,0,1,0,41;43,56,,84,56,0,1,1,0,0,1,1,1,0,0,43,6,0,64,316,4,1,1,1,1,2,6,0,290
2012,16,CLE,REG,2012_16_CLE_DEN,DEN,21,36,183,1,0,6,-41,0,0,260,63,13,-8.13807841831368,-7.04485674699148,0,7,4,2,0,18,91,0,0,0,5,3.95876376125682,0,2,2,0,0,21,36,183,1,0,0,260,63,13,3.16283441391219,0,7,4,2,0,0,53,1,15,3,6,0,0,0,2,1,0,2,0,1,0,0,0,0,0,0,0,0,0,0,0,0,10,69,3,0,1,0,1,1,2,11,2,60,2,2,0,0,53,1,0,1,0,0,1,0,0,0,0,0,0,0,27;53,,,80,0,0,0,0,0,0,,0,0,0,0,0,4,0,45,169,2,0,0,0,1,3,2,0,167
2012,16,DAL,REG,2012_16_NO_DAL,NO,26,43,416,4,0,2,-10,0,0,438,174,16,17.3392526503128,1.21172310375586,0,15,9,5,3,11,40,0,1,1,2,-5.87665150978137,0,0,0,0,0,26,41,416,4,0,0,438,174,16,22.1946015192487,0,15,9,5,3,0,62,4,22,4,11,2,0,0,2,0,0,7,0,0,0,0,0,0,0,0,0,1,0,0,0,0,5,32,6,1,1,0,2,1,2,39,2,29,1,1,0,0,47,1,0,0,0,1,0,0,0,0,0,0,0,0,47,,,47,0,0,4,4,0,0,1,0,0,0,0,0,6,0,63,307,2,0,1,1,2,2,10,0,277
2012,16,DEN,REG,2012_16_CLE_DEN,CLE,30,43,339,3,1,0,0,0,0,311,142,19,18.2181512342325,7.79609555421874,0,14,5,5,0,32,118,1,0,0,6,-5.39505508381518,0,2,2,0,0,30,43,339,3,0,0,311,142,19,18.2181512342325,0,14,5,5,0,0,37,4,14,5,29,0,6,41,9,0,0,3,0,2,0,0,0,0,0,0,0,2,0,1,0,0,11,84,2,0,2,0,2,0,3,2,1,6,2,2,0,0,41,1,0,1,0,1,0,0,0,0,0,0,0,0,27;41,,,68,0,0,4,4,0,0,1,0,0,0,0,0,3,0,56,147,0,0,0,0,1,2,11,0,136
2012,16,DET,REG,2012_16_ATL_DET,ATL,37,56,443,0,1,0,0,0,0,382,241,21,9.32195642118055,1.34274390610782,0,20,12,7,1,22,79,1,1,1,4,-8.83171445658226,0,1,1,0,0,37,55,443,0,1,1,382,241,21,3.87862821254126,0,20,12,7,1,0,35,6,26,1,2,0,1,8,9,0,0,3,0,0,1,0,0,0,0,0,0,0,0,0,0,0,2,20,6,2,0,0,2,2,0,0,4,67,3,3,0,0,38,1,0,1,2,0,0,0,0,0,0,0,0,0,34;38;20,,,92,0,0,1,1,0,0,1,0,0,0,0,0,2,0,45,82,1,0,0,0,1,1,9,0,73
2012,16,GB,REG,2012_16_TEN_GB,TEN,28,40,351,3,0,1,-8,0,0,364,188,18,14.2626265067322,9.07207775861025,0,14,7,6,0,35,117,4,0,0,9,6.34112214681227,0,2,1,0,0,28,40,351,3,0,0,364,188,18,16.0493344393273,0,14,7,6,0,0,42,3,15,10,47,0,7,39,12,2,20,7,0,0,0,0,0,0,0,0,0,0,0,0,0,0,1,10,4,0,0,0,0,0,5,101,0,0,2,2,0,0,48,1,0,1,0,1,0,0,0,0,0,0,0,0,26;48,,,74,0,0,7,7,0,0,1,0,0,0,0,0,3,0,53,119,0,0,0,0,2,1,12,0,107
2012,16,HOU,REG,2012_16_MIN_HOU,MIN,18,33,178,0,0,4,-25,1,1,270,76,8,-9.73624334836588,-10.2980414123246,0,9,4,0,0,16,34,0,1,1,1,-9.13497444288805,0,1,1,0,0,18,33,178,0,0,0,270,76,8,-0.825982528780739,0,9,4,0,0,0,58,1,11,7,13,1,1,3,5,0,0,4,0,0,0,0,0,0,0,0,0,1,0,1,0,0,9,60,3,2,1,0,3,2,2,16,4,84,2,2,0,0,51,1,0,0,1,0,1,0,0,0,0,0,0,0,51;33,,,84,0,0,0,0,0,0,,0,0,0,0,0,7,0,65,353,2,0,0,0,1,6,50,0,303
2012,16,IND,REG,2012_16_IND_KC,KC,17,36,205,1,0,3,-7,0,0,363,84,12,0.216202030418927,-11.8631155954467,0,8,5,4,0,26,90,0,1,0,3,-3.89375779251644,0,4,1,0,0,17,36,205,1,0,0,363,84,12,4.03898243652147,0,8,5,4,0,0,53,0,8,2,9,1,1,7,5,2,32,3,1,0,0,0,0,0,0,0,0,1,0,1,4,0,4,48,2,1,0,0,1,0,0,0,2,58,2,2,0,0,48,1,0,0,1,1,0,0,0,0,0,0,0,0,48;36,,,84,0,0,2,2,0,0,1,0,0,0,0,0,7,0,60,318,3,2,0,1,1,3,2,0,296
2012,16,JAX,REG,2012_16_NE_JAX,NE,29,51,348,1,3,1,-5,0,0,418,146,13,-3.1129896123242,-3.82903136160909,0,11,9,2,1,23,93,0,0,0,7,-0.667491899483139,0,3,2,0,0,29,49,348,1,0,0,418,146,13,-0.936734905139344,0,11,9,2,1,0,54,0,4,3,13,0,3,21,10,2,4,7,0,0,0,0,0,0,0,0,0,0,0,0,0,0,5,47,4,0,0,0,0,0,4,36,5,97,3,4,1,0,42,0.75,0,0,1,2,0,0,0,0,0,1,0,0,41;35;42,43,,118,43,0,1,1,0,0,1,0,0,0,0,0,4,0,65,225,2,0,0,0,1,3,42,0,183
2012,16,KC,REG,2012_16_IND_KC,IND,10,22,162,0,2,1,-7,0,0,244,60,6,-8.77180864397344,-8.68693739175797,0,6,4,2,1,44,352,1,1,1,13,5.67208672628461,0,9,8,4,1,10,22,162,0,0,0,244,60,6,-6.24578413053525,0,6,4,2,1,0,44,0,0,7,14,1,3,7,4,0,0,6,0,0,0,0,0,0,0,0,0,0,0,0,0,0,9,75,3,1,0,0,1,1,3,2,3,54,2,3,1,0,47,0.666666666666667,0,0,0,2,0,0,0,0,0,1,0,0,47;47,43,,94,43,0,1,1,0,0,1,0,0,0,0,0,3,0,53,138,1,0,1,1,1,0,0,0,118
2012,16,LA,REG,2012_16_STL_TB,TB,13,27,196,2,1,0,0,0,0,271,81,11,6.91258304892108,-7.28253810494034,0,8,3,2,1,27,89,1,0,0,3,-5.72468045382993,0,2,2,0,0,13,27,196,2,1,1,271,81,11,7.7113146900665,0,8,3,2,1,0,51,8,8,4,23,2,5,23,10,4,46,9,1,0,0,0,0,0,0,0,0,0,0,1,0,0,9,64,2,1,0,0,1,1,0,0,2,39,0,0,0,0,,,0,0,0,0,0,0,0,0,0,0,0,0,,,,0,0,0,4,4,0,0,1,0,0,0,0,0,7,0,57,335,2,1,1,0,2,3,7,0,328
2012,16,LAC,REG,2012_16_SD_NYJ,NYJ,11,22,165,2,0,4,-29,0,0,237,71,8,1.62481195025612,-6.22435644978569,0,8,3,2,0,30,87,0,0,0,3,-8.38065514053008,0,0,0,0,0,11,21,165,2,0,0,237,71,8,9.32284586178139,0,8,3,2,0,1,39,0,26,9,46,1,11,71,16,1,30,2,0,0,0,0,0,0,0,0,0,0,0,1,0,0,5,53,3,0,0,0,0,0,4,107,4,66,2,2,0,0,51,1,0,1,0,0,1,0,0,0,0,0,0,0,51;27,,,78,0,0,3,3,0,0,1,0,0,0,0,0,6,0,56,252,2,1,1,0,2,2,19,0,233
2012,16,LV,REG,2012_16_OAK_CAR,CAR,20,36,151,0,1,1,-9,0,0,249,69,8,-7.20431001242696,-5.85682582524088,0,7,4,2,0,22,47,0,0,0,1,-8.72734944312833,0,1,1,0,0,20,36,151,0,0,0,249,69,8,-6.11816198777387,0,7,4,2,0,0,35,0,20,9,31,1,2,11,6,1,7,6,0,0,0,0,0,0,0,0,0,0,0,1,0,0,6,70,4,0,0,0,0,0,4,2,1,26,2,2,0,0,31,1,0,1,1,0,0,0,0,0,0,0,0,0,21;31,,,52,0,0,0,0,0,0,,0,0,0,0,0,5,0,61,219,4,1,0,0,3,1,14,0,205
2012,16,MIA,REG,2012_16_BUF_MIA,BUF,13,25,130,2,0,2,-11,0,0,201,49,7,-0.58215213764553,-9.58802515268326,0,7,2,1,0,35,182,1,2,0,10,5.92061973828822,0,4,2,2,0,13,25,130,2,0,0,201,49,7,2.60405010998155,0,7,2,1,0,0,51,0,0,3,11,3,2,13,5,1,8,1,0,0,0,0,0,0,0,0,0,1,0,3,21,0,3,25,3,1,1,1,2,0,2,26,2,50,1,2,0,1,45,0.5,0,0,0,1,0,0,0,0,0,0,0,0,45,,46,45,0,46,3,3,0,0,1,0,0,0,0,0,5,0,49,212,2,0,0,2,2,1,14,0,158
2012,16,MIN,REG,2012_16_MIN_HOU,HOU,16,30,174,1,0,1,-3,1,1,272,86,8,1.97709582658586,-6.26145139336586,0,5,4,3,0,42,174,1,0,0,11,-1.06646474148147,0,7,5,5,0,16,30,174,1,0,0,272,86,8,7.41099926578914,0,5,4,3,0,0,42,0,4,7,33,2,4,25,8,0,0,5,0,0,0,0,0,0,0,0,0,0,0,2,3,0,5,52,1,1,0,0,1,1,6,50,2,54,3,3,0,0,56,1,0,0,1,1,1,0,0,0,0,0,0,0,56;41;39,,,136,0,0,2,2,0,0,1,0,0,0,0,0,4,0,51,182,1,0,1,0,1,2,16,0,166
2012,16,NE,REG,2012_16_NE_JAX,JAX,24,41,267,2,2,3,-21,0,0,311,129,15,5.8732440729838,-2.29894896832908,0,10,4,3,0,27,103,0,0,0,6,-1.8851187848486,0,2,2,0,0,24,41,267,2,0,0,311,129,15,6.68389382990805,0,10,4,3,0,0,52,0,8,4,12,0,1,5,4,3,27,5,0,0,0,0,0,0,0,0,0,0,0,0,0,0,4,39,2,0,0,0,0,0,3,42,1,20,3,3,0,0,49,1,0,1,1,1,0,0,0,0,0,0,0,0,25;49;38,,,112,0,0,2,2,0,0,1,0,0,0,0,0,5,0,56,239,1,0,0,0,1,4,36,0,203
2012,16,NO,REG,2012_16_NO_DAL,DAL,37,53,446,3,0,0,0,0,0,261,264,25,30.4090802468487,4.52069897277683,0,17,9,4,2,38,116,1,0,0,5,-7.02613615352088,0,2,1,0,0,37,51,446,3,2,0,261,264,25,31.3711248577234,0,17,9,4,2,0,33,1,7,3,16,1,2,10,4,0,0,2,0,0,0,0,0,0,0,0,0,1,0,1,0,0,6,42,5,2,0,1,2,0,2,10,4,60,2,3,1,0,37,0.666666666666667,0,1,1,0,0,0,0,0,1,0,0,0,37;20,36,,57,36,0,4,4,0,0,1,1,1,0,0,20,5,0,63,263,2,1,1,1,0,2,39,0,204
2012,16,NYG,REG,2012_16_NYG_BAL,BAL,14,28,150,1,0,3,-31,0,0,296,46,7,-0.395854819566011,-7.20833582537515,0,5,1,1,1,14,67,1,0,0,3,0.615736731037032,0,3,1,0,0,14,28,150,1,0,0,296,46,7,3.86823365371674,0,5,1,1,1,0,47,24,24,6,25,0,0,0,2,0,0,5,0,0,0,0,0,0,0,0,0,0,0,0,0,0,6,52,2,0,0,0,0,0,2,12,5,117,0,0,0,0,,,0,0,0,0,0,0,0,0,0,0,0,0,,,,0,0,0,2,2,0,0,1,0,0,0,0,0,8,0,60,416,3,0,1,0,0,7,56,0,360
2012,16,NYJ,REG,2012_16_SD_NYJ,LAC,15,25,227,0,1,11,-71,1,1,191,114,11,-15.6056732510184,-1.33010637760162,0,12,4,3,1,23,69,2,0,0,6,-0.810656824731268,0,2,2,0,0,15,25,227,0,0,0,191,114,11,3.23893530260868,0,12,4,3,1,0,39,0,16,6,23,0,4,29,6,0,0,2,0,0,0,0,0,0,0,0,0,0,0,0,0,0,6,40,4,1,0,0,1,1,2,19,4,122,1,1,0,0,40,1,0,0,0,1,0,0,0,0,0,0,0,0,40,,,40,0,0,2,2,0,0,1,0,0,0,0,0,6,0,59,266,2,1,0,0,1,4,107,1,159
2012,16,PHI,REG,2012_16_WAS_PHI,WAS,32,48,345,1,1,5,-24,1,1,366,154,17,-3.60005116456202,4.04794996089124,0,16,7,3,0,22,90,1,0,0,8,2.42393065808574,0,1,1,0,0,32,47,345,1,0,0,366,154,17,10.8941052978112,0,16,7,3,0,0,39,0,14,2,21,1,1,13,3,1,4,4,0,0,0,0,0,0,0,0,0,0,0,0,0,0,4,25,5,1,0,0,1,1,1,10,4,74,2,2,0,0,38,1,0,0,2,0,0,0,0,0,0,0,0,0,38;30,,,68,0,0,2,2,0,0,1,0,0,0,0,0,2,0,50,87,0,1,0,0,0,1,20,0,67
2012,16,PIT,REG,2012_16_CIN_PIT,CIN,14,28,220,1,2,4,-35,1,0,290,76,8,-11.5388402932862,-9.48939493724278,0,10,4,2,1,31,95,0,0,0,6,-5.23385892446469,0,4,3,1,0,14,28,220,1,1,1,290,76,8,-3.75306889660568,0,10,4,2,1,0,35,10,20,5,23,1,6,25,8,2,6,8,0,0,0,0,0,0,0,0,0,1,0,1,2,0,5,63,4,1,1,0,2,1,2,6,3,67,1,3,2,0,40,0.333333333333333,0,0,0,1,0,0,0,1,0,0,1,0,40,24;53,,40,77,0,1,1,0,0,1,0,0,0,0,0,7,0,58,317,2,1,0,2,1,3,-2,0,279
2012,16,SEA,REG,2012_16_SF_SEA,SF,15,22,171,4,1,1,-1,0,0,240,55,12,16.0720799433184,16.9956459885552,0,7,3,2,1,39,176,1,0,0,8,3.77824858075473,0,4,2,2,0,15,21,171,4,0,0,240,55,12,17.8463858682662,0,7,3,2,1,1,27,3,31,1,13,2,1,13,4,1,0,4,0,0,0,0,0,1,0,0,90,0,0,1,0,0,4,45,2,0,0,0,0,0,2,17,2,63,0,0,0,0,,,0,0,0,0,0,0,0,0,0,0,0,0,,,,0,0,0,6,6,0,0,1,0,0,0,0,0,1,0,41,41,0,0,0,0,1,0,0,0,41
2012,16,SF,REG,2012_16_SF_SEA,SEA,19,36,244,1,1,1,-13,0,0,388,50,12,1.19287151535388,-0.851042355809893,0,9,6,5,0,19,82,0,1,0,3,1.73149577339063,0,1,1,0,0,19,35,244,1,1,1,388,50,12,-1.25681511954832,0,9,6,5,0,0,24,2,44,2,4,0,1,1,1,1,2,4,0,0,0,0,0,0,0,0,0,1,0,0,0,0,6,58,5,2,0,0,2,1,0,0,7,176,2,3,0,1,54,0.666666666666667,0,0,1,0,1,0,0,0,0,0,0,0,33;54,,21,87,0,21,1,1,0,0,1,0,0,0,0,0,3,0,58,155,1,0,0,0,1,2,17,0,138
2012,16,TB,REG,2012_16_STL_TB,LA,30,54,372,1,4,5,-23,1,0,526,193,17,-17.9757725364677,-1.55987877328441,0,12,7,3,2,22,80,0,0,0,4,-1.42801239603432,0,1,1,0,0,30,53,372,1,0,0,526,193,17,-10.2444039209429,0,12,7,3,2,0,34,7,7,4,21,1,0,0,5,1,0,6,0,1,0,0,0,0,0,0,0,1,0,1,1,0,1,5,3,2,0,0,2,1,3,7,0,0,2,2,0,0,49,1,0,1,0,1,0,0,0,0,0,0,0,0,29;49,,,78,0,0,1,1,0,0,1,0,0,0,0,0,1,0,25,25,1,0,0,0,1,0,0,0,25
2012,16,TEN,REG,2012_16_TEN_GB,GB,13,30,140,1,2,7,-39,0,0,325,42,7,-20.5971549405949,-12.5940002997716,0,4,2,2,0,22,79,0,0,0,3,-4.51787191466428,0,2,2,1,0,13,30,140,1,0,0,325,42,7,-11.155072662048,0,4,2,2,0,0,51,8,14,2,9,0,1,8,4,0,0,0,0,0,0,0,0,0,0,0,0,0,0,0,0,0,5,35,1,0,0,0,0,0,1,12,9,176,0,0,0,0,,,0,0,0,0,0,0,0,0,0,0,0,0,,,,0,0,0,1,1,0,0,1,0,0,0,0,0,8,0,54,376,2,1,1,0,1,5,101,0,275
2012,16,WAS,REG,2012_16_WAS_PHI,PHI,16,24,198,2,1,1,-13,1,0,171,91,10,4.03529251904674,4.47088008125623,0,9,6,4,0,28,128,1,0,0,8,4.62473725597374,0,4,2,0,0,16,24,198,2,0,0,171,91,10,6.18010447898396,0,9,6,4,0,0,59,0,6,7,27,1,5,24,8,1,9,5,0,0,0,0,0,0,0,0,0,1,-4,1,10,0,3,24,2,1,0,0,1,0,1,20,3,56,2,2,0,0,45,1,0,0,0,2,0,0,0,0,0,0,0,0,45;42,,,87,0,0,3,3,0,0,1,0,0,0,0,0,2,0,53,86,1,0,0,0,1,1,10,0,76
2012,17,ARI,REG,2012_17_ARI_SF,SF,19,34,225,1,1,2,-18,0,0,310,61,8,-1.24792185691241,-3.93529297674403,0,7,3,3,1,17,55,0,0,0,3,-0.521738142299,0,1,0,0,0,19,34,225,1,1,1,310,61,8,-2.16717147836518,0,7,3,3,1,0,40,13,13,3,10,1,1,4,4,0,0,3,0,0,0,0,0,0,0,0,0,0,0,0,0,0,5,34,0,1,0,0,1,1,3,17,5,109,2,2,0,0,35,1,0,0,2,0,0,0,0,0,0,0,0,0,35;31,,,66,0,0,1,1,0,0,1,0,0,0,0,0,6,0,70,305,2,0,1,1,3,1,28,0,257
2012,17,ATL,REG,2012_17_TB_ATL,TB,28,44,238,1,0,2,-25,0,0,336,155,12,-2.80152787669795,-0.886951657858762,0,9,3,1,0,16,65,1,0,0,2,-4.15129150882951,0,2,2,0,0,28,44,238,1,0,0,336,155,12,-1.39376588893356,0,9,3,1,0,0,48,0,2,4,10,0,0,0,2,1,11,9,0,0,0,0,0,0,0,0,0,0,0,0,0,0,2,15,2,0,0,0,0,0,4,42,3,59,1,1,0,0,28,1,0,1,0,0,0,0,0,0,0,0,0,0,28,,,28,0,0,2,2,0,0,1,0,0,0,0,0,6,1,60,305,3,0,0,1,2,3,35,0,250
2012,17,BAL,REG,2012_17_BAL_CIN,CIN,19,33,183,0,1,4,-37,0,0,209,61,8,-12.6618839501938,-4.32721097623148,0,8,2,2,0,46,206,2,0,0,12,5.27492921374505,0,5,4,2,0,19,31,183,0,0,0,209,61,8,-5.59613619048145,0,8,2,2,0,0,29,0,22,4,12,0,2,1,2,0,0,3,0,0,0,0,0,0,0,0,0,0,0,0,0,0,10,102,4,0,0,0,0,0,1,6,6,141,1,2,1,0,49,0.5,0,0,0,1,0,0,0,0,0,1,0,0,49,45,,49,45,0,2,2,0,0,1,0,0,0,0,0,7,0,43,256,1,2,1,0,2,2,6,0,250
2012,17,BUF,REG,2012_17_NYJ_BUF,NYJ,12,26,225,1,0,0,0,0,0,248,114,9,8.58722087238913,-12.8821026820403,0,8,5,3,1,31,109,2,1,1,5,-5.23092147131683,0,4,3,0,0,12,26,225,1,0,0,248,114,9,8.58722087238913,0,8,5,3,1,0,35,21,31,2,5,3,1,6,2,1,20,4,1,0,0,0,0,1,0,0,0,0,0,1,0,0,4,24,3,1,0,0,1,1,0,0,4,107,0,2,2,0,,0,0,0,0,0,0,0,0,0,0,1,1,0,,50;46,,0,96,0,4,4,0,0,1,0,0,0,0,0,5,0,51,196,2,1,1,0,3,0,0,0,196
2012,17,CAR,REG,2012_17_CAR_NO,NO,17,34,260,0,1,1,-3,0,0,428,103,13,4.25570101521189,-5.51845457623987,0,13,9,4,0,39,273,5,0,0,12,12.5433303040556,0,6,5,3,2,17,34,260,0,0,0,428,103,13,5.39092472984666,0,13,9,4,0,0,42,0,16,4,26,0,2,18,3,1,0,6,0,0,0,0,0,0,0,0,0,0,0,0,0,0,4,36,5,0,0,0,0,0,2,77,1,25,3,4,1,0,42,0.75,0,1,1,1,0,0,0,0,0,0,1,0,20;31;42,54,,93,54,0,5,5,0,0,1,0,0,0,0,0,2,0,54,101,0,0,0,1,0,1,-1,0,82
2012,17,CHI,REG,2012_17_CHI_DET,DET,18,31,257,1,0,2,-12,1,0,350,157,8,2.98451664862317,2.38347971631635,0,6,5,3,2,35,144,1,1,0,10,-4.93662928511882,0,6,5,0,0,18,31,257,1,0,0,350,157,8,7.04946340392438,0,6,5,3,2,0,37,0,14,3,5,2,1,17,2,1,31,8,0,0,0,0,0,0,0,0,0,2,0,3,6,0,3,35,4,1,1,0,2,0,3,6,4,74,4,5,1,0,40,0.8,0,2,1,1,0,0,0,0,0,1,0,0,33;40;28;20,43,,121,43,0,2,2,0,0,1,0,0,0,0,0,5,0,54,219,4,0,0,1,3,1,0,0,199
2012,17,CIN,REG,2012_17_BAL_CIN,BAL,15,26,143,1,0,2,-1,0,0,194,39,5,-4.17331216328387,-4.2330596446991,0,4,2,1,1,21,47,0,0,0,2,-8.74157515104162,0,0,0,0,0,15,25,143,1,0,0,194,39,5,-0.720905973064531,0,4,2,1,1,0,55,0,38,6,44,0,4,37,5,1,14,4,1,0,0,0,0,0,0,0,0,1,-6,0,0,0,4,40,5,0,1,0,1,0,2,6,2,56,3,3,0,0,47,1,0,0,2,1,0,0,0,0,0,0,0,0,47;32;38,,,117,0,0,2,2,0,0,1,0,0,0,0,0,7,0,58,330,4,0,3,1,2,1,6,0,304
2012,17,CLE,REG,2012_17_CLE_PIT,PIT,22,32,204,1,1,4,-22,1,1,276,61,12,-2.55188384854879,6.83468929491937,0,9,2,1,0,26,138,0,0,0,5,3.13086965557886,0,4,3,2,0,22,32,204,1,2,2,276,61,12,-5.7461091786065,0,9,2,1,0,0,35,8,14,3,26,0,2,13,3,0,0,4,0,0,0,0,0,0,0,0,0,0,0,0,0,0,9,79,1,3,0,0,3,3,1,7,3,71,1,2,1,0,51,0.5,0,0,0,0,1,0,0,0,1,0,0,0,51,39,,51,39,0,1,1,0,0,1,0,0,0,0,0,3,0,48,115,2,0,1,0,1,1,10,0,105
2012,17,DAL,REG,2012_17_DAL_WAS,WAS,20,37,218,2,3,2,-22,0,0,285,72,13,-5.02750754631037,-8.85671361072643,1,11,4,2,0,22,100,0,0,0,7,2.53750634251628,0,1,1,1,0,20,37,218,2,0,0,285,72,13,-1.85906566441903,1,11,4,2,0,0,32,5,47,2,15,0,1,13,2,0,0,1,0,0,0,0,0,0,0,0,0,0,0,0,0,0,1,6,4,0,0,0,0,0,3,78,5,93,1,1,0,0,48,1,0,0,0,1,0,0,0,0,0,0,0,0,48,,,48,0,0,1,1,0,0,1,0,0,0,0,0,4,0,50,166,2,0,0,1,0,3,18,0,128
2012,17,DEN,REG,2012_17_KC_DEN,KC,25,33,316,3,0,0,0,0,0,249,108,19,26.9734794956365,16.0574464127421,0,15,5,4,0,43,172,2,1,1,12,-7.38893759611528,0,5,5,1,0,25,32,316,3,0,0,249,108,19,27.1236397557858,0,15,5,4,0,0,38,0,6,9,35,0,4,23,7,0,0,4,0,0,0,0,0,0,0,0,0,0,0,0,0,0,5,30,4,1,0,0,1,1,2,7,0,0,1,1,0,0,42,1,0,0,0,1,0,0,0,0,0,0,0,0,42,,,42,0,0,5,5,0,0,1,0,0,0,0,0,3,0,53,134,1,1,0,0,1,1,11,0,123
2012,17,DET,REG,2012_17_CHI_DET,CHI,24,42,272,3,1,1,-17,1,1,358,82,15,-0.600668137126792,-5.97772106528282,0,10,7,4,0,20,72,0,1,1,4,-5.11547701992095,0,2,1,0,0,24,40,272,3,0,0,358,82,15,6.95392888715518,0,10,7,4,0,0,47,3,25,3,27,1,1,5,5,0,0,6,0,0,0,0,0,0,0,0,0,0,0,0,0,0,4,29,6,2,1,0,3,3,1,0,2,54,1,1,0,0,44,1,0,0,0,1,0,0,0,0,0,0,0,0,44,,,44,0,0,3,3,0,0,1,0,0,0,0,0,5,0,49,219,2,2,0,0,0,3,6,0,213
2012,17,GB,REG,2012_17_GB_MIN,MIN,28,40,365,4,0,5,-32,1,1,295,215,18,12.6019599281028,11.2258280578413,0,14,6,5,2,16,72,0,0,0,3,0.00302157353144139,0,2,1,0,0,28,38,365,4,0,0,295,215,18,23.4111348159388,0,14,6,5,2,0,53,1,9,6,30,0,1,7,2,0,0,3,0,0,0,0,0,0,0,0,0,0,0,0,0,0,7,43,5,1,0,0,1,1,2,41,3,86,2,2,0,0,51,1,0,0,0,1,1,0,0,0,0,0,0,0,51;40,,,91,0,0,4,4,0,0,1,0,0,0,0,0,3,0,59,128,1,0,1,0,0,2,36,0,92
2012,17,HOU,REG,2012_17_HOU_IND,IND,24,36,275,0,2,4,-25,0,0,305,147,14,2.09567873416597,1.04860448175006,0,11,6,4,0,20,102,1,0,0,3,1.37858440027249,0,2,2,1,0,24,36,275,0,0,0,305,147,14,7.65850977906407,0,11,6,4,0,0,38,0,18,6,19,0,1,7,5,0,0,5,0,0,0,0,0,0,0,0,0,0,0,0,0,0,9,64,5,0,0,0,0,0,1,23,4,111,3,4,1,0,51,0.75,0,0,2,0,1,0,0,0,0,0,1,0,51;37;37,52,,125,52,0,1,1,0,0,1,0,0,0,0,0,2,0,55,101,0,0,1,0,0,1,19,0,82
2012,17,IND,REG,2012_17_HOU_IND,HOU,14,28,191,2,0,1,-7,0,0,206,116,9,8.9752037684666,-12.5126020184585,0,7,4,2,1,33,81,1,0,0,8,-9.29692317562876,0,1,1,1,0,14,28,191,2,0,0,206,116,9,10.9600124059943,0,7,4,2,1,1,46,0,10,6,31,0,4,25,5,2,26,4,0,0,0,0,0,0,0,0,0,0,0,0,0,0,3,24,1,0,0,0,0,0,1,19,4,170,0,0,0,0,,,0,0,0,0,0,0,0,0,0,0,0,0,,,,0,0,0,4,4,0,0,1,0,0,0,0,0,5,0,53,230,2,2,1,1,0,1,23,0,187
2012,17,JAX,REG,2012_17_JAX_TEN,TEN,25,41,298,2,3,7,-45,0,0,400,103,14,-18.7652091022318,-0.879915385711484,0,12,7,4,0,23,122,0,0,0,5,2.08418650802923,0,4,2,0,0,25,41,298,2,1,0,400,103,14,-9.29522894868557,0,12,7,4,0,1,34,0,26,7,21,0,2,10,4,0,0,1,0,0,0,1,0,0,0,0,19,1,0,0,0,0,7,35,5,1,0,0,1,0,4,25,7,141,0,0,0,0,,,0,0,0,0,0,0,0,0,0,0,0,0,,,,0,0,0,2,2,0,0,1,0,0,0,0,0,5,0,54,232,1,0,1,0,1,3,160,2,72
2012,17,KC,REG,2012_17_KC_DEN,DEN,7,16,49,0,0,4,-23,0,0,69,28,2,-12.5539931944777,-17.8619284182787,0,2,1,0,0,28,93,0,0,0,6,-1.74517527071293,0,2,1,0,0,7,16,49,0,0,0,69,28,2,-7.99327302281468,0,2,1,0,0,0,55,0,12,3,6,1,0,0,1,0,0,2,0,0,0,0,0,0,0,0,0,0,0,1,64,0,5,32,1,0,0,0,0,0,1,11,3,69,1,2,1,0,23,0.5,0,1,0,0,0,0,0,0,1,0,0,0,23,33,,23,33,0,0,0,0,0,,0,0,0,0,0,8,0,59,373,3,1,2,0,3,2,7,0,366
2012,17,LA,REG,2012_17_STL_SEA,SEA,25,42,252,1,1,0,0,0,0,284,137,13,2.90328902272918,-1.2100663408637,0,11,3,2,0,19,79,0,0,0,4,1.13408621569397,0,2,2,0,0,25,40,252,1,0,0,284,137,13,4.41055984322625,0,11,3,2,0,0,32,2,36,7,48,1,6,41,7,0,0,1,0,1,0,0,0,0,0,0,0,0,0,0,0,0,14,98,5,0,1,1,1,0,2,8,2,51,2,3,1,0,39,0.666666666666667,0,1,1,0,0,0,0,0,0,0,1,0,39;25,51,,64,51,0,1,1,0,0,1,0,0,0,0,0,5,0,57,243,0,1,1,1,0,2,22,0,201
2012,17,LAC,REG,2012_17_OAK_SD,LV,13,17,151,2,0,2,-11,0,0,131,69,9,9.27056067242732,12.2493387145155,0,7,2,2,0,31,70,0,0,0,3,-10.0429158465122,0,0,0,0,0,13,17,151,2,0,0,131,69,9,11.8809675012387,0,7,2,2,0,1,30,17,17,3,6,0,0,0,1,1,0,3,0,0,0,0,0,0,0,0,0,0,0,0,0,0,8,60,1,0,0,0,0,0,2,15,2,117,1,1,0,0,30,1,0,0,1,0,0,0,0,0,0,0,0,0,30,,,30,0,0,3,3,0,0,1,0,0,0,0,0,5,1,58,250,0,0,0,0,1,4,24,0,226
2012,17,LV,REG,2012_17_OAK_SD,LAC,13,28,150,2,1,0,0,0,0,324,25,9,2.27044310732163,-8.72289825763021,0,6,3,2,0,29,115,1,0,0,5,-1.14615247759502,0,0,0,0,0,13,28,150,2,0,0,324,25,9,2.27044310732163,0,6,3,2,0,0,27,17,17,4,18,0,2,11,3,0,0,1,0,1,0,1,0,0,0,0,0,1,0,0,0,0,9,67,6,0,1,0,1,0,4,24,3,61,0,0,0,0,,,0,0,0,0,0,0,0,0,0,0,0,0,,,,0,0,0,3,3,0,0,1,0,0,0,0,0,6,0,58,277,1,1,1,0,2,2,15,0,262
2012,17,MIA,REG,2012_17_MIA_NE,NE,20,35,235,0,1,7,-26,0,0,300,102,11,-7.96741092876955,-4.47560799973352,0,11,5,4,0,15,47,0,1,1,4,-6.35393609665334,0,1,1,0,0,20,35,235,0,0,0,300,102,11,1.51400229407982,0,11,5,4,0,0,43,0,32,5,13,0,1,8,2,0,0,1,0,0,0,0,0,0,0,0,0,0,0,0,0,0,3,23,3,0,1,0,1,1,1,14,3,42,0,1,1,0,,0,0,0,0,0,0,0,0,0,0,1,0,0,,41,,0,41,0,0,0,0,0,,0,0,0,0,0,5,0,57,247,3,0,1,0,0,4,30,0,217
2012,17,MIN,REG,2012_17_GB_MIN,GB,16,28,234,3,0,1,-7,0,0,219,78,13,12.3746219624889,-6.74225613474846,0,9,6,4,1,37,217,1,0,0,10,2.37405510202066,0,7,7,4,0,16,28,234,3,0,0,219,78,13,13.5965853201349,0,9,6,4,1,0,47,0,0,5,36,1,5,32,7,0,0,2,0,0,0,0,0,0,0,0,0,0,0,1,0,0,10,98,5,0,0,0,0,0,2,36,6,171,3,3,0,0,54,1,0,1,1,0,1,0,0,0,0,0,0,0,54;37;29,,,120,0,0,4,4,0,0,1,1,1,0,0,29,3,0,56,148,0,0,1,0,0,2,41,0,107
2012,17,NE,REG,2012_17_MIA_NE,MIA,22,36,284,2,0,1,-8,0,0,308,159,15,11.2931045835721,-2.45081583658854,0,10,7,5,0,38,167,2,0,0,12,6.12087904853979,0,5,2,1,0,22,36,284,2,0,0,308,159,15,13.1444179678219,0,10,7,5,0,0,36,0,18,8,29,0,7,26,9,1,13,5,0,1,0,0,0,0,0,0,0,0,0,1,0,0,6,48,3,0,1,1,1,0,4,30,0,0,0,0,0,0,,,0,0,0,0,0,0,0,0,0,0,0,0,,,,0,0,0,4,4,0,0,1,0,0,0,0,0,5,0,56,178,4,0,1,0,3,1,14,0,164
2012,17,NO,REG,2012_17_CAR_NO,CAR,29,43,396,4,1,2,-18,0,0,380,154,18,12.5231995020161,4.47028015935144,0,14,9,4,1,18,63,0,0,0,3,-3.30823447101284,0,2,1,0,0,29,43,396,4,0,0,380,154,18,16.1992102212838,0,14,9,4,1,0,46,0,18,3,5,0,1,3,6,1,18,6,1,0,0,0,0,0,0,0,0,0,0,0,0,0,5,55,6,0,0,0,0,0,1,-1,4,95,1,1,0,0,53,1,0,0,0,0,1,0,0,0,0,0,0,0,53,,,53,0,0,5,5,0,0,1,0,0,0,0,0,6,0,61,276,2,1,1,1,1,2,77,0,179
2012,17,NYG,REG,2012_17_PHI_NYG,PHI,14,22,223,5,0,1,-11,0,0,278,81,12,17.7273248427082,8.75548896464435,0,9,4,4,1,35,185,1,0,0,15,4.04520756189595,0,13,8,0,0,14,22,223,5,0,0,278,81,12,19.7151382097509,0,9,4,4,1,0,40,14,14,4,13,0,1,4,7,1,48,5,0,0,0,0,0,0,0,0,0,0,0,0,0,0,1,5,1,0,0,0,0,0,0,0,1,29,0,0,0,0,,,0,0,0,0,0,0,0,0,0,0,0,0,,,,0,0,0,6,6,0,0,1,0,0,0,0,0,2,0,53,98,2,0,0,0,0,2,4,0,94
2012,17,NYJ,REG,2012_17_NYJ_BUF,BUF,17,35,205,0,1,1,-6,1,1,338,83,10,-11.8987898838755,-12.0920264295169,0,7,4,2,2,36,133,0,1,0,8,-3.8522476073998,0,3,2,0,0,17,35,205,0,0,0,338,83,10,-6.75312439078021,0,7,4,2,2,0,33,11,13,1,2,1,0,0,4,0,0,3,0,0,0,0,0,0,0,0,0,3,-3,1,10,0,4,45,4,3,1,0,4,1,0,0,5,83,3,4,0,1,47,0.75,0,2,0,1,0,0,0,0,0,0,0,0,47;23;28,,30,98,0,30,0,0,0,0,,0,0,0,0,0,4,0,61,172,1,0,0,2,2,0,0,0,132
2012,17,PHI,REG,2012_17_PHI_NYG,NYG,21,37,211,1,1,1,-4,0,0,253,113,9,1.77435750997544,-4.55641319622865,0,6,3,3,0,27,110,0,1,0,8,-6.28228769515408,0,4,3,0,0,21,37,211,1,0,0,253,113,9,3.15112556534738,0,6,3,3,0,0,24,19,19,1,11,0,1,11,2,0,0,3,0,0,0,0,0,0,0,0,0,1,-4,0,0,0,6,52,3,0,1,0,1,0,2,4,4,100,0,1,1,0,,0,0,0,0,0,0,0,0,1,0,0,0,0,,28,,0,28,0,1,1,0,0,1,0,0,0,0,0,4,0,49,161,1,1,1,1,1,0,0,0,141
2012,17,PIT,REG,2012_17_CLE_PIT,CLE,15,23,134,3,0,2,-13,0,0,177,64,9,4.46060576586751,5.49359153146329,0,7,1,0,0,28,91,0,0,0,6,-5.63025371792399,0,5,3,0,0,15,23,134,3,0,0,177,64,9,8.04088272823719,0,7,1,0,0,0,36,11,27,4,15,3,4,22,9,1,1,3,0,0,0,0,0,0,0,0,0,0,0,3,23,0,3,58,3,0,0,0,0,0,1,10,2,46,1,1,0,0,41,1,0,0,0,1,0,0,0,0,0,0,0,0,41,,,41,0,0,3,3,0,0,1,0,0,0,0,0,6,0,60,251,1,3,1,0,1,1,7,0,244
2012,17,SEA,REG,2012_17_STL_SEA,LA,15,19,250,1,0,6,-41,1,0,191,145,8,6.8764880541291,17.9240131064465,0,8,5,4,2,30,153,1,1,0,8,2.79389878170332,0,7,5,1,0,15,19,250,1,0,0,191,145,8,15.2260618396217,0,8,5,4,2,0,26,3,33,0,0,0,0,0,5,1,9,4,0,0,0,0,0,0,0,0,0,2,4,0,0,0,10,80,2,1,1,0,2,0,2,22,3,62,2,2,0,0,49,1,0,0,0,2,0,0,0,0,0,0,0,0,43;49,,,92,0,0,2,2,0,0,1,0,0,0,0,0,5,0,52,183,2,1,0,1,1,2,8,0,155
2012,17,SF,REG,2012_17_ARI_SF,ARI,17,29,282,2,0,1,-4,0,0,355,103,12,16.2761090798037,4.31846411063753,0,10,8,6,1,37,129,1,1,0,7,-6.6501733861353,0,3,2,1,0,17,29,282,2,0,0,355,103,12,17.3816552398227,0,10,8,6,1,0,38,7,7,6,28,1,2,18,4,1,12,4,0,0,0,0,0,0,0,0,0,0,0,1,0,0,3,25,4,1,0,1,1,0,1,28,2,36,2,4,2,0,43,0.5,0,1,0,1,0,0,0,0,0,2,0,0,43;26,44;40,,69,84,0,3,3,0,0,1,0,0,0,0,0,4,0,56,185,1,1,0,0,0,3,17,0,168
2012,17,TB,REG,2012_17_TB_ATL,ATL,19,35,222,1,1,0,0,0,0,256,106,12,3.59990699666264,-11.5767258405685,0,10,7,3,0,30,144,1,0,0,6,-5.11549105047016,0,4,3,2,1,19,35,222,1,0,0,256,106,12,3.59990699666264,0,10,7,3,0,0,47,0,10,2,25,0,2,25,6,0,0,6,0,0,0,1,0,0,0,0,0,0,0,0,0,0,2,15,4,0,0,0,0,0,3,35,1,23,3,3,0,0,48,1,0,1,0,2,0,0,0,0,0,0,0,0,48;22;42,,,112,0,0,1,1,0,0,1,0,0,0,0,0,5,0,56,251,2,0,0,0,1,4,42,0,209
2012,17,TEN,REG,2012_17_JAX_TEN,JAX,9,15,152,0,0,2,-10,0,0,161,57,4,-1.54249212751165,4.10678237676621,0,6,3,3,1,34,79,1,0,0,6,-11.1630239282546,0,2,2,0,0,9,15,152,0,0,0,161,57,4,2.80991715512937,0,6,3,3,1,2,50,0,28,3,16,1,7,45,13,3,142,10,2,0,0,0,0,0,0,0,0,0,0,0,0,0,5,43,2,0,0,0,0,0,3,160,3,39,1,1,0,0,48,1,0,0,0,1,0,0,0,0,0,0,0,0,48,,,48,0,0,5,5,0,0,1,0,0,0,0,0,4,1,55,204,1,0,0,0,0,4,25,0,179
2012,17,WAS,REG,2012_17_DAL_WAS,DAL,9,18,100,0,0,1,-13,0,0,166,61,6,-1.0857170491945,-12.2730506791009,0,6,1,0,0,42,274,4,0,0,17,12.4165858858124,0,12,8,2,0,9,18,100,0,0,0,166,61,6,1.08598391269334,0,6,1,0,0,0,26,6,40,3,24,0,2,22,5,3,15,8,0,1,0,0,0,0,0,0,0,1,0,0,0,0,2,20,5,0,1,0,1,0,3,18,4,109,0,1,1,0,,0,0,0,0,0,0,0,0,0,1,0,0,0,,37,,0,37,0,4,4,0,0,1,0,0,0,0,0,5,0,58,207,2,0,0,0,2,3,78,0,129
2012,18,BAL,POST,2012_18_IND_BAL,IND,12,23,282,2,0,1,-13,0,0,269,98,11,13.8464314640481,-4.82486389253451,0,9,8,7,3,32,170,1,2,2,6,-6.50702161615482,0,5,5,1,1,12,23,282,2,0,0,269,98,11,15.8610207658243,0,9,8,7,3,0,48,12,16,3,11,1,3,21,10,1,41,12,0,0,0,0,0,0,0,0,0,0,0,1,0,0,9,70,2,2,0,0,2,2,4,57,2,60,1,1,0,0,23,1,0,1,0,0,0,0,0,0,0,0,0,0,23,,,23,0,0,3,3,0,0,1,0,0,0,0,0,4,0,60,173,1,1,1,2,0,0,0,0,133
2012,18,CIN,POST,2012_18_CIN_HOU,HOU,14,30,127,0,1,2,-9,0,0,330,40,5,-16.9648022961465,-13.5500883233958,0,4,2,1,1,16,80,0,0,0,5,1.25537127669668,0,3,3,1,0,14,29,127,0,0,0,330,40,5,-13.4500959716838,0,4,2,1,1,0,60,1,17,2,8,0,0,0,2,1,21,3,1,1,0,0,0,0,0,0,0,1,0,0,0,0,5,51,4,0,1,0,1,0,3,12,6,156,2,2,0,0,47,1,0,0,1,1,0,0,0,0,0,0,0,0,34;47,,,81,0,0,1,1,0,0,1,0,0,0,0,0,5,0,53,233,3,0,0,0,3,2,14,0,219
2012,18,GB,POST,2012_18_MIN_GB,MIN,23,33,274,1,0,3,-24,0,0,244,164,16,8.14614330348559,7.85060660405593,0,13,7,4,0,31,76,2,0,0,2,-7.1550681683292,0,1,0,0,0,23,33,274,1,0,0,244,164,16,12.2251585815102,0,13,7,4,0,0,34,9,17,4,22,1,3,23,6,1,0,5,0,0,0,0,0,0,0,0,0,0,0,2,0,0,2,10,2,0,0,0,0,0,4,17,2,28,1,1,0,0,20,1,0,1,0,0,0,0,0,0,0,0,0,0,20,,,20,0,0,3,3,0,0,1,0,0,0,0,0,8,0,46,302,3,0,0,0,5,3,25,0,277
2012,18,HOU,POST,2012_18_CIN_HOU,CIN,29,38,262,0,1,0,0,0,0,180,120,13,-1.73878445107606,10.0144256320265,0,12,6,3,0,39,158,1,0,0,8,-3.59838268102612,0,6,4,0,0,29,36,262,0,0,0,180,120,13,-1.17411459421623,0,12,6,3,0,0,38,2,2,5,20,0,2,9,3,1,14,11,0,0,0,0,0,0,0,0,0,0,0,0,0,0,7,55,4,0,0,0,0,0,2,14,2,47,4,4,0,0,48,1,0,3,0,1,0,0,0,0,0,0,0,0,48;27;22;24,,,121,0,0,1,1,0,0,1,0,0,0,0,0,3,0,48,126,1,0,0,0,0,3,12,0,114
2012,18,IND,POST,2012_18_IND_BAL,BAL,28,54,288,0,1,3,-21,1,1,477,110,16,-8.59736744245646,-8.75874130793338,0,10,6,4,0,30,152,0,0,0,6,2.4241301502916,0,3,3,1,0,28,53,288,0,0,0,477,110,16,0.8634591947669,0,10,6,4,0,0,34,12,12,1,13,2,1,13,2,0,0,5,0,0,0,0,0,0,0,0,0,0,0,2,0,0,5,37,5,1,0,0,1,1,0,0,0,0,3,4,1,0,52,0.75,0,1,0,1,1,0,0,0,0,1,0,0,47;52;26,40,,125,40,0,0,0,0,0,,0,0,0,0,0,4,0,53,194,0,0,0,0,0,4,57,0,137
2012,18,MIN,POST,2012_18_MIN_GB,GB,11,30,180,1,1,3,-23,1,1,387,59,6,-10.2036092225902,-12.7871476941639,0,6,4,3,1,29,167,0,0,0,11,3.4292832860956,0,7,3,0,0,11,27,180,1,0,0,387,59,6,-2.69218092736299,0,6,4,3,1,0,45,11,25,7,36,0,3,24,5,0,0,2,0,1,0,0,0,0,0,0,0,0,0,0,0,0,4,30,4,1,1,0,2,2,3,25,3,73,1,1,0,0,33,1,0,0,1,0,0,0,0,0,0,0,0,0,33,,,33,0,0,1,1,0,0,1,0,0,0,0,0,5,0,56,248,1,0,1,0,0,4,17,0,231
2012,18,SEA,POST,2012_18_SEA_WAS,WAS,15,26,187,1,0,5,-31,0,0,248,98,9,-0.272791553644353,-0.962755657159365,1,6,4,3,0,37,224,1,2,1,12,3.32491296535591,0,7,6,3,0,15,26,187,1,0,0,248,98,9,9.96102094079193,1,6,4,3,0,0,22,4,38,3,20,0,2,16,4,1,2,4,0,0,0,0,0,0,0,0,0,1,19,1,0,0,4,30,3,1,1,0,2,1,2,19,2,46,3,3,0,0,32,1,0,2,1,0,0,0,0,0,0,0,0,0,32;29;22,,,83,0,0,1,1,0,0,1,0,0,0,0,0,3,0,40,104,1,0,1,0,0,2,12,0,92
2012,18,WAS,POST,2012_18_SEA_WAS,SEA,13,29,115,2,1,2,-16,0,0,248,55,9,-5.36490848875837,-15.8475123602768,0,5,1,1,0,23,104,0,2,1,5,-3.84268756513484,0,1,1,0,0,13,29,115,2,0,0,248,55,9,-2.46730827965075,0,5,1,1,0,0,32,5,51,4,21,1,5,31,7,0,0,4,0,0,0,0,0,0,0,0,0,1,-11,1,0,0,3,15,4,0,2,0,2,1,2,12,5,97,0,0,0,0,,,0,0,0,0,0,0,0,0,0,0,0,0,,,,0,0,0,2,2,0,0,1,0,0,0,0,0,4,0,53,193,0,1,0,0,1,2,19,0,174
2012,19,ATL,POST,2012_19_SEA_ATL,SEA,24,35,250,3,2,0,0,0,0,436,58,16,8.01775074537719,9.29518478257316,0,10,6,3,1,26,167,0,0,0,6,4.7932743683923,0,4,4,2,1,24,35,250,3,0,0,436,58,16,8.01775074537719,0,10,6,3,1,0,36,0,28,3,18,1,2,17,4,1,0,5,0,0,0,0,0,0,0,0,0,0,0,1,0,0,3,11,4,0,0,0,0,0,0,0,4,105,3,3,0,0,49,1,0,0,2,1,0,0,0,0,0,0,0,0,39;37;49,,,125,0,0,3,3,0,0,1,0,0,0,0,0,2,0,42,84,0,0,0,0,0,2,24,0,60
2012,19,BAL,POST,2012_19_BAL_DEN,DEN,18,34,331,3,0,1,-7,0,0,506,66,14,12.7688666558824,-2.04084743471707,0,12,7,4,2,39,155,1,1,1,4,-7.32671058966509,0,3,2,2,0,18,34,331,3,0,0,506,66,14,15.262028908357,0,12,7,4,2,0,64,0,18,3,8,2,3,17,5,2,39,8,1,0,0,0,0,0,0,0,0,0,0,1,0,0,8,56,4,0,1,0,1,1,3,22,4,64,1,1,0,0,47,1,0,0,0,1,0,0,0,0,0,0,0,0,47,,,47,0,0,5,5,0,0,1,1,1,0,0,47,8,0,58,386,6,1,2,0,2,3,90,1,296
2012,19,DEN,POST,2012_19_BAL_DEN,BAL,28,43,290,3,2,3,-17,2,1,301,111,15,3.31699349696314,1.69040775576303,0,14,3,2,0,41,125,0,0,0,9,-4.35510058468208,0,1,0,0,0,28,43,290,3,0,0,301,111,15,8.92919539648605,0,14,3,2,0,2,54,0,14,0,0,0,1,7,3,0,0,7,0,0,0,0,0,0,0,0,0,0,0,1,0,0,10,87,2,2,0,0,2,1,3,90,4,171,0,1,1,0,,0,0,0,0,0,0,0,0,0,0,0,1,0,,52,,0,52,0,5,5,0,0,1,0,0,0,0,0,5,0,59,244,3,0,1,0,1,3,22,0,222
2012,19,GB,POST,2012_19_GB_SF,SF,26,39,257,2,1,1,-9,0,0,345,61,11,5.52397536942429,4.65316482079335,0,7,5,3,1,16,104,1,1,0,5,6.91958816954866,0,3,3,0,0,26,39,257,2,1,0,345,61,11,8.01852013580194,0,7,5,3,1,0,43,12,16,2,10,0,1,7,2,1,52,7,1,1,0,0,0,0,0,0,0,2,2,0,0,0,5,26,2,2,1,0,3,1,2,0,4,71,1,1,0,0,31,1,0,0,1,0,0,0,0,0,0,0,0,0,31,,,31,0,0,4,4,0,0,1,0,0,0,0,0,4,0,52,188,2,0,1,0,2,1,0,0,188
2012,19,HOU,POST,2012_19_HOU_NE,NE,34,51,343,2,1,1,-9,1,0,347,134,19,2.479111267057,0.238285929548974,1,16,7,5,0,23,91,1,0,0,5,3.72650292213075,0,2,2,1,0,34,51,343,2,1,0,347,134,19,4.23636467781732,1,16,7,5,0,0,28,0,42,3,4,0,1,9,7,0,0,0,0,1,0,0,0,0,0,0,0,1,0,0,0,0,3,20,6,1,2,2,3,0,3,17,5,230,2,2,0,0,55,1,0,1,0,0,1,0,0,0,0,0,0,0,27;55,,,82,0,0,2,2,0,0,1,0,0,0,0,0,5,0,43,182,2,1,1,1,1,1,0,0,162
2012,19,NE,POST,2012_19_HOU_NE,HOU,25,40,344,3,0,1,-9,0,0,325,180,15,16.0035594003744,-0.0514634698629379,0,12,5,5,2,24,122,2,0,0,8,3.28131686273919,0,3,3,2,0,25,40,344,3,0,0,325,180,15,17.6301347306467,0,12,5,5,2,0,49,0,26,4,13,1,0,0,3,1,6,3,0,0,0,0,0,0,0,0,0,0,0,0,0,0,5,56,3,0,0,0,0,0,1,0,3,51,2,2,0,0,38,1,0,0,2,0,0,0,0,0,0,0,0,0,37;38,,,75,0,0,5,5,0,0,1,0,0,0,0,0,5,0,64,264,2,1,1,0,0,3,17,0,247
2012,19,SEA,POST,2012_19_SEA_ATL,ATL,24,36,385,2,1,2,-17,0,0,437,150,19,17.0834210470493,8.37741452786658,0,16,12,9,0,28,123,2,1,1,9,-2.91804370930186,0,3,2,0,0,24,36,385,2,0,0,437,150,19,21.7562210593896,0,16,12,9,0,0,41,0,8,3,7,0,0,0,1,2,3,6,0,0,0,0,0,0,0,0,0,0,0,0,0,0,6,35,4,1,0,0,1,1,2,24,1,37,0,0,0,0,,,0,0,0,0,0,0,0,0,0,0,0,0,,,,0,0,0,4,4,0,0,1,0,0,0,0,0,3,0,50,110,1,1,1,1,0,0,0,0,90
2012,19,SF,POST,2012_19_GB_SF,GB,17,31,263,2,1,1,-7,0,0,381,88,11,4.61264738516184,-4.19832174816439,0,11,6,3,2,43,323,4,1,0,15,14.74247282871,0,11,10,3,1,17,31,263,2,0,0,381,88,11,5.99502525705611,0,11,6,3,2,0,34,9,11,1,9,2,1,9,3,1,39,3,0,0,0,0,0,0,0,0,0,1,-3,1,0,0,8,86,4,0,1,0,1,0,1,0,1,23,1,1,0,0,36,1,0,0,1,0,0,0,0,0,0,0,0,0,36,,,36,0,0,6,6,0,0,1,0,0,0,0,0,3,0,52,133,2,0,0,1,0,2,0,0,113
2012,20,ATL,POST,2012_20_SF_ATL,SF,30,42,396,3,1,1,0,0,0,484,63,21,15.9634451714269,10.2265312558129,0,18,8,6,1,23,81,0,1,1,5,-8.0159230621648,0,2,1,0,0,30,42,396,3,0,0,484,63,21,16.4621586361359,0,18,8,6,1,0,39,0,18,3,14,1,1,9,1,0,0,3,0,0,0,0,0,0,0,0,0,0,-9,1,0,0,2,30,4,0,1,0,1,1,3,6,0,0,1,1,0,0,35,1,0,0,1,0,0,0,0,0,0,0,0,0,35,,,35,0,0,3,3,0,0,1,0,0,0,0,0,2,0,48,90,1,0,0,0,1,1,20,0,70
2012,20,BAL,POST,2012_20_BAL_NE,NE,21,36,240,3,0,2,-5,0,0,431,98,15,11.126807097462,3.14568351540301,0,11,7,4,0,33,121,1,0,0,9,2.63495710195275,0,3,1,0,0,21,36,240,3,1,0,431,98,15,12.667905868846,0,11,7,4,0,0,35,0,44,0,0,1,0,0,7,2,2,5,0,0,0,0,0,0,0,0,0,0,0,1,0,0,5,60,1,1,0,1,1,0,1,11,3,32,0,0,0,0,,,0,0,0,0,0,0,0,0,0,0,0,0,,,,0,0,0,4,4,0,0,1,0,0,0,0,0,7,0,59,313,1,1,1,0,1,4,56,0,257
2012,20,NE,POST,2012_20_BAL_NE,BAL,29,54,320,1,2,0,0,0,0,421,153,19,0.825132413156098,-6.05826675891876,0,14,5,3,0,28,108,0,1,1,6,-4.48628706821754,0,0,0,0,0,29,52,320,1,0,0,421,153,19,1.44080652171397,0,14,5,3,0,0,39,0,26,3,9,1,2,5,5,0,0,2,0,0,0,0,0,0,0,0,0,0,0,0,0,0,4,40,6,1,0,0,1,1,4,56,4,89,2,2,0,0,31,1,0,1,1,0,0,0,0,0,0,0,0,0,31;25,,,56,0,0,1,1,0,0,1,0,0,0,0,0,5,0,51,179,4,0,0,0,4,1,11,0,168
2012,20,SF,POST,2012_20_SF_ATL,ATL,16,21,233,1,0,1,-9,0,0,206,98,11,12.897397982667,15.8782279207593,0,8,8,6,0,29,149,3,0,0,8,9.41890937322751,0,4,2,1,0,16,21,233,1,1,1,206,98,11,10.1977987168476,0,8,8,6,0,0,50,0,6,1,2,0,1,0,4,1,6,7,0,0,0,0,0,0,0,0,0,0,0,1,0,0,4,24,4,1,0,0,1,1,1,20,3,64,0,1,1,0,,0,0,0,0,0,0,0,0,0,1,0,0,0,,38,,0,38,0,4,4,0,0,1,0,0,0,0,0,3,0,62,151,1,0,0,0,0,3,6,0,145
2012,21,BAL,POST,2012_21_BAL_SF,SF,22,33,287,3,0,2,-13,0,0,335,104,13,12.2070775065573,11.8191317655146,0,9,5,5,1,35,93,0,0,0,6,-6.61912718374515,0,1,1,0,0,22,32,287,3,1,1,335,104,13,14.9439572535725,0,9,5,5,1,1,40,6,14,3,17,1,3,16,4,1,6,7,0,1,0,0,0,0,0,0,0,1,0,1,0,0,2,20,4,1,1,0,2,1,2,28,5,206,2,2,0,0,38,1,1,0,1,0,0,0,0,0,0,0,0,0,19;38,,,57,0,0,4,4,0,0,1,0,0,0,0,0,3,0,56,141,0,0,0,2,0,1,32,0,69
2012,21,SF,POST,2012_21_BAL_SF,BAL,16,28,302,1,1,3,-16,0,0,388,98,13,4.40512307275553,1.3003976217338,0,12,9,7,0,29,182,2,1,1,9,3.24486595613416,0,4,4,2,0,16,28,302,1,0,0,388,98,13,8.50681372567499,0,12,9,7,0,0,54,7,13,5,27,1,2,13,7,0,0,2,0,0,1,0,0,0,0,0,0,0,0,1,0,0,5,33,6,1,0,0,1,1,1,32,4,106,3,3,0,0,36,1,0,1,2,0,0,0,0,0,0,0,0,0,36;27;34,,,97,0,0,2,2,0,0,1,0,0,0,0,0,3,0,55,159,0,0,0,1,0,2,28,0,111
