season,week,team,season_type,game_id,opponent_team,completions,attempts,passing_yards,passing_tds,passing_interceptions,sacks_suffered,sack_yards_lost,sack_fumbles,sack_fumbles_lost,passing_air_yards,passing_yards_after_catch,passing_first_downs,passing_epa,passing_cpoe,passing_2pt_conversions,passing_10,passing_16,passing_20,passing_40,carries,rushing_yards,rushing_tds,rushing_fumbles,rushing_fumbles_lost,rushing_first_downs,rushing_epa,rushing_2pt_conversions,rushing_10,rushing_12,rushing_20,rushing_40,receptions,targets,receiving_yards,receiving_tds,receiving_fumbles,receiving_fumbles_lost,receiving_air_yards,receiving_yards_after_catch,receiving_first_downs,receiving_epa,receiving_2pt_conversions,receiving_10,receiving_16,receiving_20,receiving_40,special_teams_tds,def_tackles_solo,def_tackles_with_assist,def_tackle_assists,def_tackles_for_loss,def_tackles_for_loss_yards,def_fumbles_forced,def_sacks,def_sack_yards,def_qb_hits,def_interceptions,def_interception_yards,def_pass_defended,def_tds,def_fumbles,def_safeties,def_punt_blocks,def_pat_blocks,def_fg_blocks,def_2pt_atts,def_2pt_made,misc_yards,fumble_recovery_own,fumble_recovery_yards_own,fumble_recovery_opp,fumble_recovery_yards_opp,fumble_recovery_tds,penalties,penalty_yards,timeouts,fumbles_forced_by_opp,fumbles_not_forced,fumbles_out_of_bounds,fumbles_total,fumbles_lost_total,punt_returns,punt_return_yards,kickoff_returns,kickoff_return_yards,fg_made,fg_att,fg_missed,fg_blocked,fg_long,fg_pct,fg_made_0_19,fg_made_20_29,fg_made_30_39,fg_made_40_49,fg_made_50_59,fg_made_60_,fg_missed_0_19,fg_missed_20_29,fg_missed_30_39,fg_missed_40_49,fg_missed_50_59,fg_missed_60_,fg_made_list,fg_missed_list,fg_blocked_list,fg_made_distance,fg_missed_distance,fg_blocked_distance,pat_made,pat_att,pat_missed,pat_blocked,pat_pct,gwfg_made,gwfg_att,gwfg_missed,gwfg_blocked,gwfg_distance,pt_att,pt_blocked,pt_long,pt_yards,pt_inside_20,pt_out_of_bounds,pt_downed,pt_touchback,pt_fair_caught,pt_returned,pt_return_yards,pt_return_tds,pt_net_yards
2003,1,ARI,REG,2003_01_ARI_DET,DET,28,46,363,3,1,2,-19,1,1,0,363,13,-1.3031956991757,,0,11,7,7,1,20,95,0,1,0,4,0.680083353363443,0,3,2,1,0,28,0,363,3,0,0,0,0,13,26.2852830735501,0,11,7,7,1,0,37,6,6,0,0,0,0,0,0,0,0,4,0,1,0,0,0,0,0,0,0,1,0,0,0,0,12,80,6,0,3,0,3,2,3,18,6,152,1,1,0,0,38,1,0,0,1,0,0,0,0,0,0,0,0,0,38,,,38,0,0,3,3,0,0,1,0,0,0,0,0,4,0,52,163,0,0,0,0,1,3,77,1,86
2003,1,ATL,REG,2003_01_ATL_DAL,DAL,16,27,228,2,1,2,-8,1,0,0,228,10,10.018946078957,,0,9,4,4,1,30,98,1,0,0,6,0.698742018210829,0,3,1,0,0,16,0,228,2,0,0,0,0,10,21.4449031287822,0,9,4,4,1,0,41,0,6,0,0,1,3,14,0,1,8,6,0,0,0,0,1,0,0,0,0,1,0,1,0,0,4,31,2,1,0,0,1,0,5,34,3,70,2,2,0,0,37,1,0,0,2,0,0,0,0,0,0,0,0,0,37;31,,,68,0,0,3,3,0,0,1,0,0,0,0,0,5,0,48,213,2,0,1,0,3,1,0,0,213
2003,1,BAL,REG,2003_01_BAL_PIT,PIT,22,43,152,1,1,2,-9,1,0,0,152,9,-14.8090479527018,,1,5,0,0,0,23,88,1,2,1,4,-5.43749230843969,0,2,1,0,0,22,0,152,1,0,0,0,0,9,8.36966776532075,1,5,0,0,0,0,38,12,28,0,0,1,3,19,0,0,0,5,0,0,0,0,0,0,0,0,0,3,-3,1,0,0,10,81,6,2,2,0,4,1,4,22,5,116,0,0,0,0,,,0,0,0,0,0,0,0,0,0,0,0,0,,,,0,0,0,1,1,0,0,1,0,0,0,0,0,6,0,55,226,2,0,2,0,3,1,9,0,217
2003,1,BUF,REG,2003_01_NE_BUF,NE,17,28,230,1,1,2,-15,0,0,0,230,12,9.46014005001592,,0,8,6,3,1,33,104,2,1,1,7,-7.58449189114617,0,2,0,0,0,17,0,230,1,0,0,0,0,12,20.1706807371283,0,8,6,3,1,0,35,12,18,0,0,0,2,20,0,4,38,11,1,0,0,0,0,0,0,0,0,1,-14,0,0,0,10,119,5,0,2,0,2,1,4,3,1,20,1,1,0,0,44,1,0,0,0,1,0,0,0,0,0,0,0,0,44,,,44,0,0,4,4,0,0,1,0,0,0,0,0,4,0,71,226,1,0,0,0,0,4,39,0,187
2003,1,CAR,REG,2003_01_JAX_CAR,JAX,16,30,141,3,2,4,-21,0,0,0,141,9,-7.3182138774313,,0,7,1,1,0,27,122,0,2,0,7,-2.20335669729672,0,3,1,1,0,16,0,141,3,0,0,0,0,9,11.899216476988,0,7,1,1,0,0,51,6,12,0,0,0,4,16,0,0,0,0,0,1,1,1,0,1,0,0,0,4,-3,1,0,0,9,83,3,1,3,0,4,0,6,102,4,108,1,1,0,0,49,1,0,0,0,1,0,0,0,0,0,0,0,0,49,,,49,0,0,1,1,0,0,1,0,0,0,0,0,7,0,47,285,1,1,1,1,0,4,37,0,228
2003,1,CHI,REG,2003_01_CHI_SF,SF,14,34,95,1,3,5,-23,1,1,0,95,4,-30.9656834019697,,0,4,0,0,0,20,55,0,0,0,3,-3.41498453810345,0,0,0,0,0,14,0,95,1,0,0,0,0,4,5.47109814174473,0,4,0,0,0,0,48,20,20,0,0,2,0,0,0,1,0,7,0,1,0,0,0,0,0,0,0,1,0,1,0,0,4,30,1,2,1,0,3,2,2,9,9,170,0,0,0,0,,,0,0,0,0,0,0,0,0,0,0,0,0,,,,0,0,0,1,1,0,0,1,0,0,0,0,0,7,1,47,283,2,0,0,0,2,5,29,0,254
2003,1,CIN,REG,2003_01_DEN_CIN,DEN,20,37,264,1,2,4,-21,1,1,0,264,12,-15.3190797831921,,0,9,5,5,2,22,51,0,1,0,1,-8.52958589230548,0,1,1,0,0,20,0,264,1,0,0,0,0,12,13.9886693669541,0,9,5,5,2,0,50,0,20,0,0,0,1,6,0,3,38,7,0,0,0,0,0,0,0,0,0,1,0,0,0,0,4,25,3,3,0,0,3,2,2,3,7,135,1,1,0,0,26,1,0,1,0,0,0,0,0,0,0,0,0,0,26,,,26,0,0,1,1,0,0,1,0,0,0,0,0,4,0,51,161,0,1,0,0,0,3,26,0,135
2003,1,CLE,REG,2003_01_IND_CLE,IND,20,29,182,0,2,0,0,0,0,0,182,9,-0.0700480548451536,,0,9,5,2,0,26,98,0,1,0,6,-3.77772742468448,0,2,1,0,0,20,0,182,0,0,0,0,0,9,13.4235752216773,0,9,5,2,0,0,38,11,11,0,0,2,1,7,0,2,25,6,0,1,0,0,0,0,0,0,0,2,0,0,0,0,9,64,1,1,1,0,2,0,1,2,3,36,2,2,0,0,20,1,1,1,0,0,0,0,0,0,0,0,0,0,19;20,,,39,0,0,0,0,0,0,,0,0,0,0,0,3,0,49,127,2,0,1,1,0,1,2,0,105
2003,1,DAL,REG,2003_01_ATL_DAL,ATL,15,32,268,1,1,3,-14,0,0,0,268,9,0.47153806322074,,0,10,7,4,2,24,149,1,2,1,7,-2.09633157742792,0,4,3,1,1,15,0,268,1,0,0,0,0,9,17.947019549174,0,10,7,4,2,0,40,1,23,0,0,1,2,8,0,1,-2,4,0,0,0,0,0,0,0,0,0,1,-14,0,0,0,7,49,4,1,1,0,2,1,1,0,5,95,0,1,1,0,,0,0,0,0,0,0,0,0,0,1,0,0,0,,33,,0,33,0,1,2,0,1,0.5,0,0,0,0,0,6,0,51,261,1,0,1,0,0,5,34,0,227
2003,1,DEN,REG,2003_01_DEN_CIN,CIN,12,25,115,0,3,1,-6,0,0,0,115,5,-13.951898467621,,0,5,1,1,0,40,184,2,0,0,14,7.71816405601567,0,5,3,1,0,12,0,115,0,0,0,0,0,5,7.59657515081067,0,5,1,1,0,0,49,1,15,0,0,3,4,21,0,2,15,10,1,0,0,0,0,0,0,0,0,0,0,2,0,0,5,58,4,0,0,0,0,0,3,26,3,75,3,3,0,0,51,1,0,1,1,0,1,0,0,0,0,0,0,0,51;27;39,,,117,0,0,3,3,0,0,1,0,0,0,0,0,5,0,55,235,2,1,1,1,0,2,3,0,212
2003,1,DET,REG,2003_01_ARI_DET,ARI,17,30,195,4,0,0,0,0,0,0,195,10,9.66873979580123,,0,9,4,3,0,23,66,0,0,0,6,-5.82315594656393,0,2,2,0,0,17,0,195,4,0,0,0,0,10,22.1254257999244,0,9,4,3,0,1,49,4,4,0,0,0,1,9,0,1,48,7,1,0,0,0,0,0,0,0,0,0,0,2,0,0,6,36,1,0,0,0,0,0,3,77,5,119,0,0,0,0,,,0,0,0,0,0,0,0,0,0,0,0,0,,,,0,0,0,6,6,0,0,1,0,0,0,0,0,6,0,41,222,1,1,1,1,0,3,18,0,184
2003,1,GB,REG,2003_01_MIN_GB,MIN,25,41,248,1,4,1,-6,0,0,0,248,14,1.34481404568143,,1,11,7,3,0,19,62,2,1,1,6,-3.45493746493594,0,1,1,0,0,25,0,248,1,0,0,0,0,14,22.6993870330772,1,11,7,3,0,0,43,11,15,0,0,2,2,12,0,0,0,3,0,0,0,0,0,0,0,0,0,0,0,3,0,0,6,60,6,1,0,0,1,1,2,13,7,143,1,1,0,0,27,1,0,1,0,0,0,0,0,0,0,0,0,0,27,,,27,0,0,2,2,0,0,1,0,0,0,0,0,2,0,40,79,0,0,1,0,0,1,0,0,79
2003,1,HOU,REG,2003_01_HOU_MIA,MIA,17,32,266,1,0,0,0,0,0,0,266,9,10.1372155756727,,0,7,5,4,1,34,127,0,0,0,6,-5.81989142277648,0,6,5,0,0,17,0,266,1,0,0,0,0,9,22.3242051095982,0,7,5,4,1,0,34,0,20,0,0,1,2,12,0,2,3,6,0,0,0,0,0,0,0,0,0,0,0,1,0,0,8,67,7,0,0,0,0,0,4,12,3,54,5,7,2,0,50,0.714285714285714,0,2,2,0,1,0,0,0,0,1,1,0,36;50;23;24;35,43;54,,168,97,0,0,0,0,0,,1,1,0,0,35,5,0,49,214,1,0,1,0,2,2,4,0,210
2003,1,IND,REG,2003_01_IND_CLE,CLE,27,43,211,0,2,1,-7,0,0,0,211,14,-2.48038377441885,,0,8,2,0,0,15,67,0,1,0,3,-1.57260969956405,0,4,1,0,0,27,0,211,0,1,0,0,0,14,16.124618662452,0,8,2,0,0,0,34,18,18,0,0,1,0,0,0,2,43,5,0,0,0,0,0,0,0,0,0,0,0,0,0,0,9,53,5,2,0,2,2,0,1,2,3,55,3,3,0,0,46,1,0,1,0,2,0,0,0,0,0,0,0,0,22;46;45,,,113,0,0,0,0,0,0,,1,1,0,0,45,3,0,50,119,1,1,0,0,1,1,2,0,117
2003,1,JAX,REG,2003_01_JAX_CAR,CAR,23,27,272,2,0,4,-16,0,0,0,272,11,12.4771073886518,,0,9,4,3,1,28,75,1,0,0,4,-8.48342383055747,0,1,0,0,0,23,0,272,2,0,0,0,0,11,20.9593800700827,0,9,4,3,1,0,42,4,16,0,0,1,4,21,0,2,13,8,0,0,0,0,0,0,0,0,0,0,-6,0,0,0,8,82,5,0,1,0,1,1,4,37,5,91,1,2,0,1,40,0.5,0,0,0,1,0,0,0,0,0,0,0,0,40,,55,40,0,55,2,2,0,0,1,0,1,0,1,55,7,1,58,327,0,0,0,0,1,6,102,0,225
2003,1,KC,REG,2003_01_SD_KC,LAC,21,32,282,1,1,3,-23,1,1,0,282,13,4.61870459619168,,0,11,9,6,0,32,131,2,0,0,6,-2.97256992611111,0,4,1,1,0,21,0,282,1,0,0,0,0,13,22.4643038458373,0,11,9,6,0,0,39,6,6,0,0,0,3,34,0,2,16,7,0,0,0,0,0,0,0,0,0,0,0,0,0,0,7,62,2,1,0,0,1,1,3,23,3,72,2,2,0,0,46,1,0,0,0,2,0,0,0,0,0,0,0,0,42;46,,,88,0,0,3,3,0,0,1,0,0,0,0,0,5,0,50,215,1,0,1,0,0,4,46,0,169
2003,1,LA,REG,2003_01_STL_NYG,NYG,35,55,353,1,1,6,-38,5,3,0,353,16,-16.3185235272509,,0,17,8,3,0,13,40,0,1,0,2,-3.62485767481849,0,1,1,0,0,35,0,353,1,0,0,0,0,16,22.7730720812106,0,17,8,3,0,0,42,7,7,0,0,3,2,15,0,0,0,5,0,0,0,0,0,0,0,0,0,3,-9,3,0,0,5,35,6,5,1,0,6,3,2,23,6,133,2,2,0,0,39,1,0,1,1,0,0,0,0,0,0,0,0,0,39;28,,,67,0,0,1,1,0,0,1,0,0,0,0,0,4,0,41,143,1,0,2,0,0,2,4,0,139
2003,1,LAC,REG,2003_01_SD_KC,KC,18,33,202,2,2,3,-34,0,0,0,202,8,-4.31980419292813,,0,10,5,3,0,18,64,0,0,0,4,-6.46467975131236,0,2,1,0,0,18,0,202,2,0,0,0,0,8,14.8366893124767,0,10,5,3,0,0,56,2,2,0,0,1,3,23,0,1,6,3,0,0,0,0,0,0,0,0,0,0,0,1,0,0,8,55,3,0,0,0,0,0,4,46,5,104,0,0,0,0,,,0,0,0,0,0,0,0,0,0,0,0,0,,,,0,0,0,2,2,0,0,1,0,0,0,0,0,7,0,50,303,1,1,1,1,1,3,23,0,260
2003,1,LV,REG,2003_01_OAK_TEN,TEN,24,39,264,2,0,4,-18,0,0,0,264,10,7.01971124949717,,0,9,2,2,1,10,34,0,0,0,0,-3.75325268786401,0,0,0,0,0,24,0,264,2,0,0,0,0,10,18.8129401096122,0,9,2,2,1,0,40,19,21,0,0,1,1,11,0,1,11,4,0,1,0,0,0,0,0,0,0,0,0,1,0,0,17,173,5,1,0,0,1,1,3,0,5,115,2,2,0,0,47,1,0,0,0,2,0,0,0,0,0,0,0,0,47;47,,,94,0,0,2,2,0,0,1,0,0,0,0,0,7,0,65,353,2,0,1,0,1,5,74,0,279
2003,1,MIA,REG,2003_01_HOU_MIA,HOU,17,32,227,3,2,2,-12,0,0,0,227,9,3.58280658257729,,0,8,6,4,1,22,86,0,1,1,4,-6.36485409014858,0,3,2,0,0,17,0,227,3,0,0,0,0,9,17.8118106399926,0,8,6,4,1,0,36,0,40,0,0,0,0,0,0,0,0,5,0,0,0,0,0,0,0,0,0,0,0,0,0,0,11,87,3,1,0,0,1,1,2,4,6,131,0,0,0,0,,,0,0,0,0,0,0,0,0,0,0,0,0,,,,0,0,0,2,2,0,0,1,0,0,0,0,0,7,0,50,266,3,2,1,0,0,4,12,0,254
2003,1,MIN,REG,2003_01_MIN_GB,GB,15,30,195,3,0,2,-12,0,0,0,195,12,14.5862631157,,0,10,4,4,0,36,154,0,2,2,7,-1.99415204313118,0,6,5,0,0,15,0,195,3,0,0,0,0,12,24.7614666033501,0,10,4,4,0,0,42,9,13,0,0,1,1,6,0,4,98,5,0,0,0,0,0,0,0,0,0,0,0,1,0,0,7,65,1,2,1,0,3,3,1,0,3,47,3,3,0,0,46,1,0,1,1,1,0,0,0,0,0,0,0,0,22;46;34,,,102,0,0,3,3,0,0,1,0,0,0,0,0,2,0,37,74,0,0,0,0,0,2,13,0,61
2003,1,NE,REG,2003_01_NE_BUF,BUF,17,35,154,0,4,2,-20,0,0,0,154,8,-24.1981118049007,,0,5,2,1,1,21,105,0,0,0,4,-5.50442414710415,0,3,2,0,0,17,0,154,0,0,0,0,0,8,9.39829856727738,0,5,2,1,1,0,28,21,31,0,0,0,2,15,0,1,2,6,0,0,0,0,0,0,0,0,0,0,0,1,0,0,12,121,5,0,0,0,0,0,4,39,6,128,0,0,0,0,,,0,0,0,0,0,0,0,0,0,0,0,0,,,,0,0,0,0,0,0,0,,0,0,0,0,0,5,0,50,208,0,0,1,0,0,4,3,0,205
2003,1,NO,REG,2003_01_NO_SEA,SEA,29,47,274,1,1,3,-18,1,1,0,274,14,-3.51168628261075,,0,11,4,2,1,25,103,0,2,2,5,-6.73820810235338,0,1,0,0,0,29,0,274,1,0,0,0,0,14,20.106483589625,0,11,4,2,1,0,37,18,18,0,0,1,3,18,0,0,0,2,0,0,0,0,0,0,0,0,0,0,-6,0,0,0,11,114,4,2,1,0,3,3,4,31,5,112,1,1,0,0,33,1,0,0,1,0,0,0,0,0,0,0,0,0,33,,,33,0,0,1,1,0,0,1,0,0,0,0,0,5,0,56,230,2,0,0,0,2,3,25,0,205
2003,1,NYG,REG,2003_01_STL_NYG,LA,14,26,202,0,0,2,-15,1,1,0,202,7,-2.84950132763122,,0,7,2,2,1,27,149,1,1,1,8,-3.29933553423839,0,8,6,2,0,14,0,202,0,1,1,0,0,7,6.96591734648183,0,7,2,2,1,0,53,13,13,0,0,5,6,38,0,1,34,8,0,1,0,0,0,0,0,0,0,2,0,3,0,1,7,59,3,3,2,0,5,3,2,4,3,47,3,3,0,0,47,1,0,1,0,2,0,0,0,0,0,0,0,0,24;47;44,,,115,0,0,2,2,0,0,1,0,0,0,0,0,5,0,53,221,2,1,1,1,0,2,23,0,178
2003,1,NYJ,REG,2003_01_NYJ_WAS,WAS,15,24,105,0,0,1,-4,0,0,0,105,6,-5.1885988907015,,0,6,1,0,0,22,57,1,0,0,4,1.35523097770056,0,1,1,0,0,15,0,105,0,0,0,0,0,6,3.12878416424364,0,6,1,0,0,0,51,2,10,0,0,1,4,18,0,1,12,3,0,0,0,0,0,0,0,0,0,0,0,1,0,0,1,5,5,0,0,0,0,0,1,26,4,90,2,2,0,0,41,1,0,0,1,1,0,0,0,0,0,0,0,0,30;41,,,71,0,0,1,1,0,0,1,0,0,0,0,0,6,0,40,187,2,1,1,0,3,1,10,0,177
2003,1,PHI,REG,2003_01_TB_PHI,TB,19,37,148,0,1,3,-24,1,0,0,148,7,-19.2129681581864,,0,7,0,0,0,16,121,0,0,0,4,2.43566612288123,0,4,3,1,1,19,0,148,0,1,1,0,0,7,2.10454137448687,0,7,0,0,0,0,51,0,22,0,0,0,0,0,0,1,28,5,0,0,0,0,0,0,0,0,0,1,0,0,0,0,3,25,6,2,0,0,2,1,4,15,4,95,0,0,0,0,,,0,0,0,0,0,0,0,0,0,0,0,0,,,,0,0,0,0,0,0,0,,0,0,0,0,0,7,0,50,267,0,0,1,1,1,4,30,0,217
2003,1,PIT,REG,2003_01_BAL_PIT,BAL,21,29,260,3,0,3,-19,0,0,0,260,13,13.3971924133278,,0,9,7,4,1,33,98,1,1,1,5,-7.38257401334704,0,3,2,0,0,21,0,260,3,0,0,0,0,13,24.1416436591244,0,9,7,4,1,0,36,14,24,0,0,2,2,9,0,1,42,10,0,0,0,0,0,0,0,0,0,1,0,1,0,0,9,138,2,1,1,0,2,1,1,9,2,29,2,2,0,0,31,1,0,1,1,0,0,0,0,0,0,0,0,0,29;31,,,60,0,0,4,4,0,0,1,0,0,0,0,0,5,0,57,231,0,0,0,0,1,4,22,0,209
2003,1,SEA,REG,2003_01_NO_SEA,NO,12,23,137,2,0,3,-18,0,0,0,137,6,-2.43724938187803,,0,6,3,2,0,33,151,1,1,0,10,1.70731240120949,0,5,3,1,0,12,0,137,2,0,0,0,0,6,12.3849845673249,0,6,3,2,0,0,49,15,15,0,0,2,3,18,0,1,18,11,0,1,0,0,0,0,0,0,0,2,-7,3,4,0,3,20,2,1,1,0,2,0,3,25,3,65,2,2,0,0,37,1,0,1,1,0,0,0,0,0,0,0,0,0,37;25,,,62,0,0,3,3,0,0,1,0,0,0,0,0,7,0,49,296,5,0,0,0,3,4,31,0,265
2003,1,SF,REG,2003_01_CHI_SF,CHI,19,35,229,2,1,0,0,0,0,0,229,11,4.9650163466373,,0,10,6,4,0,42,162,2,1,0,10,-3.22562831506366,0,6,1,1,0,19,0,229,2,0,0,0,0,11,19.7420801195719,0,10,6,4,0,0,41,6,10,0,0,2,5,23,0,3,87,9,1,2,0,1,0,0,0,0,1,2,0,2,1,0,4,25,3,2,1,0,3,1,5,29,2,37,5,5,0,0,29,1,0,5,0,0,0,0,0,0,0,0,0,0,22;29;28;24;26,,,129,0,0,4,5,1,0,0.8,0,0,0,0,0,3,0,52,132,2,0,0,0,1,2,9,0,123
2003,1,TB,REG,2003_01_TB_PHI,PHI,27,36,238,2,1,0,0,0,0,0,238,15,11.4261181234629,,0,12,5,2,0,31,90,0,0,0,4,-5.45958962949226,0,1,1,0,0,27,0,238,2,0,0,0,0,15,21.5486198846497,0,12,5,2,0,0,34,0,20,0,0,2,3,24,0,1,0,13,0,0,0,0,0,0,0,0,0,0,0,1,0,0,7,64,6,0,0,0,0,0,4,30,1,18,1,1,0,0,23,1,0,1,0,0,0,0,0,0,0,0,0,0,23,,,23,0,0,2,2,0,0,1,0,0,0,0,0,6,0,59,270,3,0,1,0,1,4,15,0,255
2003,1,TEN,REG,2003_01_OAK_TEN,LV,25,38,269,2,1,1,-11,1,1,0,269,17,8.16820634907672,,0,15,7,1,0,28,76,0,0,0,1,-9.33019769540406,0,1,0,0,0,25,0,269,2,0,0,0,0,17,21.0089428346464,0,15,7,1,0,0,33,7,17,0,0,1,4,18,0,0,0,3,0,0,0,0,0,0,0,0,0,0,0,1,0,0,11,111,5,1,0,0,1,1,5,74,3,83,4,4,0,0,50,1,0,0,2,1,1,0,0,0,0,0,0,0,50;49;34;33,,,166,0,0,1,2,1,0,0.5,0,0,0,0,0,5,0,49,209,1,0,0,1,1,3,0,0,189
2003,1,WAS,REG,2003_01_NYJ_WAS,NYJ,17,23,185,1,1,4,-18,1,1,0,185,8,-4.60610119194944,,0,7,4,4,1,34,160,0,0,0,9,-0.961068482262262,0,3,1,1,0,17,0,185,1,0,0,0,0,8,13.9515258360077,0,7,4,4,1,0,36,5,7,0,0,0,1,4,0,0,0,5,0,0,0,0,0,0,0,0,0,0,0,0,0,0,6,55,2,1,0,0,1,1,1,10,4,89,3,3,0,0,50,1,0,1,1,0,1,0,0,0,0,0,0,0,50;22;33,,,105,0,0,1,1,0,0,1,1,1,0,0,33,3,0,39,92,1,1,0,0,1,1,26,0,66
2003,2,ARI,REG,2003_02_SEA_ARI,SEA,25,46,205,0,4,2,-12,1,0,0,205,11,-10.731492164041,,0,8,0,0,0,24,93,0,2,1,5,-12.3591685707797,0,1,1,0,0,25,0,205,0,1,1,0,0,11,8.41924632864539,0,8,0,0,0,0,37,8,8,0,0,0,1,2,0,0,0,3,0,0,0,0,0,0,0,0,0,2,-12,0,0,0,4,40,5,2,2,0,4,2,1,7,5,152,0,1,1,0,,0,0,0,0,0,0,0,0,0,0,0,1,0,,53,,0,53,0,0,0,0,0,,0,0,0,0,0,4,0,64,216,1,0,0,1,0,3,50,0,146
2003,2,ATL,REG,2003_02_WAS_ATL,WAS,16,36,197,2,2,3,-13,0,0,0,197,9,-12.1659722199794,,0,7,6,3,1,22,99,2,0,0,7,2.08555575588252,0,4,4,1,0,16,0,197,2,0,0,0,0,9,12.1720344511559,0,7,6,3,1,0,56,8,8,0,0,3,6,46,0,0,0,4,0,0,0,0,0,0,0,0,0,0,0,2,0,0,5,35,3,0,0,0,0,0,6,80,6,130,1,2,1,0,37,0.5,0,0,1,0,0,0,0,0,0,1,0,0,37,45,,37,45,0,4,4,0,0,1,0,0,0,0,0,6,0,48,245,0,1,0,1,3,1,5,0,220
2003,2,BAL,REG,2003_02_CLE_BAL,CLE,7,18,78,0,1,4,-28,3,2,0,78,4,-18.5203975597625,,0,3,2,2,0,41,343,2,0,0,10,10.3832883018341,0,6,6,5,3,7,0,78,0,0,0,0,0,4,6.34640673390823,0,3,2,2,0,0,40,9,9,0,0,1,3,32,0,2,55,12,1,1,0,0,0,0,0,0,0,2,1,1,0,0,10,85,4,3,1,0,4,2,5,54,3,63,4,5,1,0,56,0.8,0,2,0,1,1,0,0,0,0,1,0,0,20;40;56;21,45,,137,45,0,3,3,0,0,1,0,0,0,0,0,4,0,51,162,0,1,1,0,0,2,18,0,144
2003,2,BUF,REG,2003_02_BUF_JAX,JAX,20,27,328,2,0,0,0,0,0,0,328,12,29.9896002040326,,0,10,7,6,1,32,43,3,0,0,6,-10.4589203312062,0,0,0,0,0,20,0,328,2,0,0,0,0,12,36.3601619430119,0,10,7,6,1,0,50,2,8,0,0,0,3,22,0,0,0,3,0,1,0,0,0,0,0,0,0,2,0,0,0,0,6,55,4,0,2,0,2,0,3,38,3,89,1,1,0,0,27,1,0,1,0,0,0,0,0,0,0,0,0,0,27,,,27,0,0,5,5,0,0,1,0,0,0,0,0,2,0,56,97,0,0,0,0,0,2,14,0,83
2003,2,CAR,REG,2003_02_CAR_TB,TB,9,23,96,0,2,1,-9,1,0,0,96,6,-10.6921693675246,,0,5,3,2,0,40,171,0,0,0,5,-2.18754070339492,0,5,3,1,0,9,0,96,0,0,0,0,0,6,8.54793389816769,0,5,3,2,0,0,51,13,15,0,0,1,1,2,0,1,53,6,0,0,0,0,1,2,0,0,0,0,0,0,0,0,16,120,3,1,0,1,1,0,3,66,2,47,4,4,0,0,47,1,0,2,1,1,0,0,0,0,0,0,0,0,28;35;20;47,,,130,0,0,0,0,0,0,,1,1,0,0,47,7,0,55,335,3,0,2,1,0,4,18,0,297
2003,2,CHI,REG,2003_02_CHI_MIN,MIN,14,23,145,1,1,3,-17,0,0,0,145,7,-3.49629964972165,,0,5,1,1,1,17,80,0,1,0,2,-0.44913483975688,0,2,2,2,0,14,0,145,1,0,0,0,0,7,9.90308910270687,0,5,1,1,1,0,48,13,19,0,0,2,3,16,0,0,0,2,0,0,0,0,0,0,0,0,0,2,0,1,0,0,6,50,5,0,2,0,2,0,1,11,4,92,2,2,0,0,43,1,0,0,0,2,0,0,0,0,0,0,0,0,42;43,,,85,0,0,1,1,0,0,1,0,0,0,0,0,5,0,48,205,2,0,2,0,1,2,36,0,169
2003,2,CIN,REG,2003_02_CIN_OAK,LV,25,41,303,1,2,2,-16,0,0,0,303,15,4.99032348978366,,0,13,6,3,0,39,129,1,0,0,8,-6.78094754094491,0,3,3,0,0,25,0,303,1,0,0,0,0,15,28.5333705605503,0,13,6,3,0,0,26,17,17,0,0,0,0,0,0,0,0,4,0,0,0,0,0,0,0,0,0,0,0,0,0,0,7,65,3,0,0,0,0,0,3,56,5,128,2,2,0,0,31,1,0,1,1,0,0,0,0,0,0,0,0,0,31;22,,,53,0,0,2,2,0,0,1,0,0,0,0,0,6,0,53,231,2,1,0,0,0,5,81,0,150
2003,2,CLE,REG,2003_02_CLE_BAL,BAL,17,37,147,1,2,3,-32,0,0,0,147,6,-15.4412375822154,,0,6,1,1,0,20,60,0,1,1,1,-9.18871307885274,0,0,0,0,0,17,0,147,1,0,0,0,0,6,11.6128366502526,0,6,1,1,0,0,43,13,13,0,0,3,4,28,0,1,21,2,0,0,0,0,0,0,0,0,0,1,-10,2,0,0,7,50,4,1,1,0,2,1,2,18,6,133,2,2,0,0,44,1,0,0,1,1,0,0,0,0,0,0,0,0,44;35,,,79,0,0,1,1,0,0,1,0,0,0,0,0,8,0,50,326,1,1,0,0,2,5,54,0,272
2003,2,DAL,REG,2003_02_DAL_NYG,NYG,25,40,321,0,1,4,-25,2,0,0,321,15,0.0804140609318549,,0,13,10,9,0,36,107,1,0,0,5,-7.08145470714214,0,4,1,0,0,25,0,321,0,1,0,0,0,15,21.1009666155071,0,13,10,9,0,0,34,12,12,0,0,2,2,9,0,2,41,12,1,0,0,0,0,0,0,0,0,2,0,1,0,0,11,108,6,2,1,1,3,0,4,45,5,120,7,8,1,0,52,0.875,0,2,2,2,1,0,0,0,0,0,1,0,37;49;42;21;36;52;25,53,,262,53,0,2,2,0,0,1,1,1,0,0,25,6,0,47,220,0,2,2,0,1,1,9,0,211
2003,2,DEN,REG,2003_02_DEN_SD,LAC,16,29,192,3,0,1,-7,1,0,0,192,10,8.30732389224075,,0,9,6,3,0,33,197,1,0,0,10,11.2602269962081,0,6,6,3,1,16,0,192,3,0,0,0,0,10,17.7437802997843,0,9,6,3,0,0,40,8,8,0,0,0,0,0,0,1,2,9,0,0,0,0,0,0,0,0,0,1,0,0,0,0,10,81,4,1,0,0,1,0,3,17,4,96,3,3,0,0,45,1,0,0,2,1,0,0,0,0,0,0,0,0,30;45;34,,,109,0,0,4,4,0,0,1,0,0,0,0,0,3,0,49,134,1,0,0,0,0,3,44,0,90
2003,2,DET,REG,2003_02_DET_GB,GB,26,55,241,0,3,1,-4,1,0,0,241,10,-26.3383592419325,,0,10,4,3,1,17,56,0,0,0,3,-4.48903556878213,0,3,2,0,0,26,0,241,0,0,0,0,0,10,11.1194450136625,0,10,4,3,1,0,33,15,25,0,0,1,0,0,0,1,4,4,0,0,0,0,0,0,0,0,0,1,0,1,0,0,7,60,4,0,1,0,1,0,2,8,5,115,2,2,0,0,52,1,0,1,0,0,1,0,0,0,0,0,0,0,22;52,,,74,0,0,0,0,0,0,,0,0,0,0,0,9,0,45,337,4,0,2,0,4,3,7,0,330
2003,2,GB,REG,2003_02_DET_GB,DET,15,28,132,2,1,0,0,0,0,0,132,9,0.166345285959707,,0,7,1,0,0,35,200,1,1,0,7,2.03764699748717,0,4,3,2,1,15,0,132,2,0,0,0,0,9,12.4968431113521,0,7,1,0,0,0,43,10,10,0,0,0,0,0,0,3,70,15,1,1,0,0,0,0,0,0,0,0,0,0,0,0,7,35,3,1,1,1,2,1,3,7,2,51,1,1,0,0,46,1,0,0,0,1,0,0,0,0,0,0,0,0,46,,,46,0,0,4,4,0,0,1,0,0,0,0,0,8,0,54,308,3,0,3,1,2,2,8,0,280
2003,2,HOU,REG,2003_02_HOU_NO,NO,17,36,213,0,2,5,-30,0,0,0,213,10,-17.7381249648752,,0,11,5,2,0,24,75,1,0,0,3,0.651443581996062,0,1,0,0,0,17,0,213,0,0,0,0,0,10,13.4226383254863,0,11,5,2,0,0,39,11,11,0,0,0,2,7,0,0,0,4,0,0,0,0,0,0,0,0,0,0,0,0,0,0,11,86,4,0,0,0,0,0,5,32,5,149,1,1,0,0,30,1,0,0,1,0,0,0,0,0,0,0,0,0,30,,,30,0,0,1,1,0,0,1,0,0,0,0,0,8,0,51,314,1,0,2,0,2,4,15,0,299
2003,2,IND,REG,2003_02_TEN_IND,TEN,14,21,173,1,0,1,-9,0,0,0,173,8,3.88657410185537,,0,6,2,2,1,34,127,1,1,0,9,-3.49191316985525,0,3,2,0,0,14,0,173,1,0,0,0,0,8,12.4484681600006,0,6,2,2,1,0,40,14,14,0,0,2,5,26,0,1,75,6,1,0,0,0,0,0,0,0,0,2,-9,1,0,0,6,38,3,0,2,0,2,0,3,41,1,38,4,4,0,0,48,1,0,2,0,2,0,0,0,0,0,0,0,0,29;41;23;48,,,141,0,0,3,3,0,0,1,0,0,0,0,0,4,0,43,155,1,0,0,0,1,3,18,0,137
2003,2,JAX,REG,2003_02_BUF_JAX,BUF,26,40,214,1,0,3,-22,0,0,0,214,12,-6.91434276379011,,0,11,4,2,0,22,95,1,0,0,7,5.20362503531374,0,2,2,1,0,26,0,214,1,0,0,0,0,12,8.71153189003235,0,11,4,2,0,0,43,2,12,0,0,0,0,0,0,0,0,2,0,0,0,0,0,0,0,0,0,0,0,0,0,0,8,97,4,0,0,0,0,0,2,14,7,159,1,2,1,0,44,0.5,0,0,0,1,0,0,0,0,0,1,0,0,44,48,,44,48,0,2,2,0,0,1,0,0,0,0,0,4,0,47,177,1,1,0,0,0,3,38,0,139
2003,2,KC,REG,2003_02_PIT_KC,PIT,15,21,125,1,2,1,-1,0,0,0,125,6,-3.60047939314973,,0,5,2,1,0,35,158,3,0,0,10,0.79100615013158,0,5,5,1,0,15,0,125,1,0,0,0,0,6,11.4659528176999,0,5,2,1,0,1,52,3,3,0,0,1,4,16,0,3,88,7,1,0,0,0,0,0,0,0,0,0,0,1,0,0,4,32,1,0,0,0,0,0,4,62,3,146,0,0,0,0,,,0,0,0,0,0,0,0,0,0,0,0,0,,,,0,0,0,5,6,1,0,0.833333333333333,0,0,0,0,0,5,0,56,220,1,0,1,2,0,2,9,0,171
2003,2,LA,REG,2003_02_SF_STL,SF,25,36,236,2,0,5,-46,2,2,0,236,13,-5.8344393441301,,0,10,6,3,0,24,88,1,0,0,4,-2.01517397482572,0,2,2,1,0,25,0,236,2,0,0,0,0,13,16.1585892555806,0,10,6,3,0,0,46,9,9,0,0,0,1,1,0,1,65,7,0,1,0,0,0,0,0,0,0,0,0,0,0,0,4,43,3,2,2,0,4,4,4,13,5,121,2,2,0,0,29,1,0,2,0,0,0,0,0,0,0,0,0,0,29;28,,,57,0,0,3,3,0,0,1,1,1,0,0,28,4,0,52,165,0,0,0,0,1,3,17,0,148
2003,2,LAC,REG,2003_02_DEN_SD,DEN,20,41,182,1,1,0,0,0,0,0,182,10,-8.4681396533588,,0,9,3,2,0,18,121,0,0,0,7,2.27563445741544,0,4,3,2,0,20,0,182,1,0,0,0,0,10,16.8189205385019,0,9,3,2,0,0,39,13,13,0,0,1,1,7,0,0,0,2,0,0,0,0,0,0,0,0,0,0,0,0,0,0,11,96,2,0,0,0,0,0,3,44,8,152,2,2,0,0,25,1,1,1,0,0,0,0,0,0,0,0,0,0,19;25,,,44,0,0,1,1,0,0,1,0,0,0,0,0,5,0,51,214,2,0,2,0,0,3,17,0,197
2003,2,LV,REG,2003_02_CIN_OAK,CIN,13,28,103,0,0,0,0,0,0,0,103,4,-7.48203972607307,,0,2,2,1,0,20,134,1,0,0,6,2.81232139359143,0,3,2,2,1,13,0,103,0,0,0,0,0,4,5.17522380049923,0,2,2,1,0,0,47,24,24,0,0,0,2,16,0,2,83,7,1,0,0,0,0,0,0,0,0,0,0,0,0,0,6,59,3,0,0,0,0,0,5,81,5,100,3,3,0,0,40,1,0,1,1,1,0,0,0,0,0,0,0,0,40;26;39,,,105,0,0,2,2,0,0,1,0,0,0,0,0,6,0,60,264,2,1,0,1,1,3,56,0,188
2003,2,MIA,REG,2003_02_MIA_NYJ,NYJ,14,19,190,1,0,1,-1,1,1,0,190,10,8.68077742872993,,0,7,5,4,0,44,187,2,0,0,11,3.98197627195623,0,4,3,1,0,14,0,190,1,0,0,0,0,10,18.3627761292155,0,7,5,4,0,0,27,15,17,0,0,0,1,7,0,1,14,8,0,0,0,0,0,0,0,0,0,0,0,0,0,0,4,30,2,1,0,0,1,1,0,0,2,39,0,0,0,0,,,0,0,0,0,0,0,0,0,0,0,0,0,,,,0,0,0,3,3,0,0,1,0,0,0,0,0,5,0,44,203,2,0,1,0,1,3,12,0,191
2003,2,MIN,REG,2003_02_CHI_MIN,CHI,20,26,214,2,0,3,-16,2,1,0,214,11,4.73858878788638,,0,9,3,1,1,39,202,1,1,0,13,3.11375064210733,0,8,5,0,0,20,0,214,2,0,0,0,0,11,18.3461525410333,0,9,3,1,1,0,30,6,10,0,0,0,3,17,0,1,19,2,0,0,0,0,0,0,0,0,0,2,0,0,0,0,3,25,3,2,1,0,3,1,2,36,4,95,1,2,1,0,23,0.5,0,1,0,0,0,0,0,0,0,0,1,0,23,53,,23,53,0,3,3,0,0,1,0,0,0,0,0,3,0,42,82,0,1,1,0,0,1,11,0,71
2003,2,NE,REG,2003_02_NE_PHI,PHI,30,44,255,3,0,2,-8,0,0,0,255,13,6.63995916833638,,0,8,6,3,0,30,62,0,0,0,2,-9.99535363935865,0,0,0,0,0,30,0,255,3,0,0,0,0,13,22.144809180121,0,8,6,3,0,0,45,0,6,0,0,4,7,42,0,2,51,16,1,0,0,0,0,0,0,0,0,1,-19,4,27,0,8,84,5,0,1,0,1,0,5,47,3,57,1,1,0,0,27,1,0,1,0,0,0,0,0,0,0,0,0,0,27,,,27,0,0,4,4,0,0,1,0,0,0,0,0,10,0,52,389,4,2,2,1,1,4,29,0,340
2003,2,NO,REG,2003_02_HOU_NO,HOU,18,27,189,2,0,2,-7,0,0,0,189,8,4.61725779382916,,0,8,3,2,0,27,110,1,0,0,4,-2.42409908823902,0,2,2,2,0,18,0,189,2,0,0,0,0,8,14.5131356943625,0,8,3,2,0,0,43,11,11,0,0,0,5,30,0,2,49,11,1,0,0,0,0,0,0,0,0,0,0,0,0,0,9,78,4,0,0,0,0,0,4,15,2,37,1,1,0,0,39,1,0,0,1,0,0,0,0,0,0,0,0,0,39,,,39,0,0,4,4,0,0,1,0,0,0,0,0,7,0,59,334,2,0,1,0,1,5,32,0,302
2003,2,NYG,REG,2003_02_DAL_NYG,DAL,21,51,265,3,2,2,-9,1,0,0,265,14,-3.41529550292762,,0,11,6,4,1,17,53,0,1,1,4,-7.60215069164329,1,2,1,0,0,21,0,265,3,0,0,0,0,14,25.4203959439765,0,11,6,4,1,0,52,22,22,0,0,2,3,14,0,1,29,3,1,0,0,0,0,0,0,0,0,1,0,0,0,0,10,102,5,2,0,0,2,1,1,9,8,194,1,1,0,0,30,1,0,0,1,0,0,0,0,0,0,0,0,0,30,,,30,0,0,3,3,0,0,1,0,0,0,0,0,7,0,56,306,2,1,0,1,1,4,45,0,241
2003,2,NYJ,REG,2003_02_MIA_NYJ,MIA,29,45,373,1,1,1,-7,0,0,0,373,17,6.25407430860557,,0,15,10,7,1,11,21,0,0,0,0,-5.66248889971757,0,0,0,0,0,29,0,373,1,0,0,0,0,17,20.5560893638676,0,15,10,7,1,0,30,29,29,0,0,1,1,1,0,0,0,2,0,0,0,0,0,0,0,0,0,0,0,1,0,0,7,52,3,0,0,0,0,0,3,12,1,32,1,1,0,0,30,1,0,0,1,0,0,0,0,0,0,0,0,0,30,,,30,0,0,1,1,0,0,1,0,0,0,0,0,4,0,51,168,2,0,1,0,3,0,0,0,168
2003,2,PHI,REG,2003_02_NE_PHI,NE,20,48,211,0,2,7,-42,3,2,0,211,13,-33.4288905511727,,0,10,3,2,0,17,99,1,1,1,7,1.30294122407213,0,4,3,0,0,20,0,211,0,0,0,0,0,13,10.9438094873331,0,10,3,2,0,0,60,0,16,0,0,0,2,8,0,0,0,7,0,1,0,0,0,0,0,0,0,1,0,0,0,0,7,53,6,4,1,0,5,4,4,29,6,123,1,1,0,0,57,1,0,0,0,0,1,0,0,0,0,0,0,0,57,,,57,0,0,1,1,0,0,1,0,0,0,0,0,8,0,56,344,2,0,0,1,2,5,47,0,277
2003,2,PIT,REG,2003_02_PIT_KC,KC,28,47,336,1,3,4,-16,0,0,0,336,14,-9.0012853293195,,0,12,7,5,1,16,60,0,0,0,2,-3.39437402802287,0,2,2,1,0,28,0,336,1,1,1,0,0,14,21.579139860371,0,12,7,5,1,0,51,3,3,0,0,0,1,1,0,2,35,4,1,0,0,0,0,0,0,0,0,0,0,0,0,0,8,82,4,1,0,0,1,1,2,9,7,175,2,2,0,0,51,1,0,1,0,0,1,0,0,0,0,0,0,0,20;51,,,71,0,0,2,2,0,0,1,0,0,0,0,0,5,0,54,216,1,1,0,0,0,4,62,0,154
2003,2,SEA,REG,2003_02_SEA_ARI,ARI,10,21,195,2,0,1,-2,0,0,0,195,6,11.0951078799692,,0,6,2,2,2,30,130,2,0,0,8,4.64436870033387,0,4,3,0,0,10,0,195,2,0,0,0,0,6,20.5624667030061,0,6,2,2,2,0,41,11,11,0,0,2,2,12,0,4,12,6,0,0,0,0,0,0,0,0,0,0,0,2,86,1,8,64,0,0,0,0,0,0,3,50,1,14,1,1,0,0,37,1,0,0,1,0,0,0,0,0,0,0,0,0,37,,,37,0,0,5,5,0,0,1,0,0,0,0,0,5,0,50,199,2,0,2,0,2,1,7,0,192
2003,2,SF,REG,2003_02_SF_STL,LA,21,38,243,2,1,1,-1,0,0,0,243,13,-1.45250346013382,,0,13,4,1,0,26,148,1,0,0,6,3.38742265239125,0,5,5,1,0,21,0,243,2,0,0,0,0,13,22.0423722497417,0,13,4,1,0,0,57,2,2,0,0,2,5,46,0,0,0,2,0,1,0,0,0,0,0,0,0,0,0,4,0,0,13,121,4,0,1,1,1,0,3,17,4,88,1,2,1,0,35,0.5,0,0,1,0,0,0,0,0,0,1,0,0,35,43,,35,43,0,3,3,0,0,1,0,0,0,0,0,6,0,56,237,3,1,1,0,0,4,13,0,224
2003,2,TB,REG,2003_02_CAR_TB,CAR,34,61,339,1,1,1,-2,0,0,0,339,16,-2.31918804551955,,0,17,6,2,1,22,60,0,0,0,6,-3.04651499266038,0,1,1,0,0,34,0,339,1,1,0,0,0,16,24.9311886070645,0,17,6,2,1,0,37,16,20,0,0,1,1,9,0,2,0,7,0,0,0,0,0,0,0,0,0,1,0,0,0,0,17,168,5,1,0,0,1,0,4,18,4,74,1,3,0,2,41,0.333333333333333,0,0,0,1,0,0,0,0,0,0,0,0,41,,38;47,41,0,85,0,1,0,1,0,0,0,0,0,0,7,0,59,332,4,0,2,1,1,3,66,0,246
2003,2,TEN,REG,2003_02_TEN_IND,IND,22,34,209,1,1,5,-26,2,1,0,209,11,-14.9132296337048,,0,11,3,1,0,19,53,0,0,0,2,-4.33516560232965,0,1,0,0,0,22,0,209,1,0,0,0,0,11,12.4055078426027,0,11,3,1,0,0,28,24,24,0,0,0,1,9,0,0,0,1,0,0,0,0,0,0,0,0,0,1,0,0,0,0,10,99,6,2,0,0,2,1,3,18,7,113,0,0,0,0,,,0,0,0,0,0,0,0,0,0,0,0,0,,,,0,0,0,1,1,0,0,1,0,0,0,0,0,6,0,51,241,3,0,3,0,0,3,41,0,200
2003,2,WAS,REG,2003_02_WAS_ATL,ATL,25,39,356,2,0,6,-46,2,2,0,356,16,1.87347653851566,,0,16,8,6,0,31,125,2,0,0,6,0.264203532249667,0,5,2,1,0,25,0,356,2,1,0,0,0,16,26.3734659677721,0,16,8,6,0,0,42,7,7,0,0,0,3,13,0,2,30,6,0,0,1,0,0,0,0,0,0,1,0,0,0,0,12,79,4,3,0,0,3,2,1,5,5,89,1,2,1,0,54,0.5,0,0,0,0,1,0,0,0,0,0,1,0,54,51,,54,51,0,4,4,0,0,1,0,0,0,0,0,8,0,52,320,2,0,1,0,1,6,80,0,240
2003,3,ARI,REG,2003_03_GB_ARI,GB,20,31,273,1,1,0,0,0,0,0,273,13,9.47226687845996,,0,13,6,5,0,31,81,1,1,0,6,-3.5464502274699,0,2,0,0,0,20,0,273,1,0,0,0,0,13,22.7469908488856,0,13,6,5,0,0,45,9,9,0,0,1,0,0,0,1,22,4,0,0,0,0,0,0,0,0,0,1,0,1,0,0,7,57,3,1,0,0,1,0,2,12,3,63,2,2,0,0,37,1,0,1,1,0,0,0,0,0,0,0,0,0,21;37,,,58,0,0,2,2,0,0,1,0,0,0,0,0,4,0,58,204,0,0,0,0,0,4,60,0,144
2003,3,ATL,REG,2003_03_TB_ATL,TB,18,31,127,0,4,2,-20,0,0,0,127,6,-18.2100089149205,,0,5,1,1,0,19,29,1,0,0,3,-5.63992507953662,0,1,1,0,0,18,0,127,0,0,0,0,0,6,3.83435635328777,0,5,1,1,0,0,51,4,4,0,0,1,1,8,0,0,0,1,0,0,0,0,0,0,0,0,0,0,0,1,37,0,5,35,4,1,0,0,1,1,2,67,6,100,1,2,1,0,29,0.5,0,1,0,0,0,0,0,0,0,1,0,0,29,44,,29,44,0,1,1,0,0,1,0,0,0,0,0,5,0,52,220,0,0,0,0,2,3,27,0,193
2003,3,BAL,REG,2003_03_BAL_SD,LAC,12,21,98,1,1,1,-1,0,0,0,98,6,0.649576920831763,,0,3,1,1,0,32,152,1,1,0,9,6.57966181210941,0,5,3,0,0,12,0,98,1,0,0,0,0,6,8.9725785717505,0,3,1,1,0,0,59,8,8,0,0,0,1,13,0,3,38,9,0,0,0,0,0,0,0,0,0,1,50,0,0,1,4,28,2,1,0,0,1,0,2,-6,3,66,1,1,0,0,49,1,0,0,0,1,0,0,0,0,0,0,0,0,49,,,49,0,0,3,3,0,0,1,0,0,0,0,0,6,0,48,252,1,0,0,1,0,5,31,0,201
2003,3,BUF,REG,2003_03_BUF_MIA,MIA,10,26,98,0,3,4,-21,0,0,0,98,7,-21.1990450910525,,0,5,2,0,0,14,41,0,0,0,1,-2.48613330797525,0,1,0,0,0,10,0,98,0,0,0,0,0,7,4.77800554566784,0,5,2,0,0,0,52,0,26,0,0,1,1,7,0,2,54,3,1,0,0,0,0,0,0,0,0,0,0,1,29,0,11,84,5,0,0,0,0,0,2,18,2,29,0,0,0,0,,,0,0,0,0,0,0,0,0,0,0,0,0,,,,0,0,0,1,1,0,0,1,0,0,0,0,0,7,0,64,350,1,2,0,1,0,4,41,0,289
2003,3,CIN,REG,2003_03_PIT_CIN,PIT,16,24,157,1,1,4,-32,0,0,0,157,8,-6.32152318910485,,0,5,2,2,0,16,57,0,0,0,1,-0.478170082555153,0,0,0,0,0,16,0,157,1,0,0,0,0,8,10.495358430373,0,5,2,2,0,0,54,0,18,0,0,0,1,2,0,1,11,6,0,0,0,0,0,0,0,0,0,0,0,0,0,0,7,49,4,0,0,0,0,0,2,38,4,90,1,1,0,0,44,1,0,0,0,1,0,0,0,0,0,0,0,0,44,,,44,0,0,1,1,0,0,1,0,0,0,0,0,6,0,49,243,1,0,0,2,1,3,13,0,190
2003,3,CLE,REG,2003_03_CLE_SF,SF,25,38,222,2,1,3,-22,0,0,0,222,15,7.11386783783668,,0,9,4,1,0,19,51,0,0,0,2,-4.03500473912573,0,1,0,0,0,25,0,222,2,0,0,0,0,15,26.1978887770092,0,9,4,1,0,0,37,17,17,0,0,1,2,8,0,1,19,2,0,1,0,0,0,0,0,0,0,1,0,0,0,0,7,60,4,1,1,0,2,1,1,7,3,80,0,1,1,0,,0,0,0,0,0,0,0,0,0,0,1,0,0,,48,,0,48,0,1,1,0,0,1,0,0,0,0,0,4,0,47,175,0,0,1,1,0,2,25,0,130
2003,3,DEN,REG,2003_03_OAK_DEN,LV,14,21,197,2,0,2,-4,0,0,0,197,11,12.4825894219846,,0,7,4,3,2,39,190,2,2,1,6,-1.84777577515342,0,5,4,2,2,14,0,197,2,0,0,0,0,11,21.1836626036384,0,7,4,3,2,0,41,4,6,0,0,0,5,28,0,1,0,8,0,0,0,0,0,0,0,0,0,1,0,0,0,0,6,35,5,1,1,0,2,1,5,75,1,24,1,1,0,0,20,1,0,1,0,0,0,0,0,0,0,0,0,0,20,,,20,0,0,4,4,0,0,1,0,0,0,0,0,4,1,61,188,0,0,0,0,0,4,74,0,114
2003,3,DET,REG,2003_03_MIN_DET,MIN,24,42,235,0,3,2,-10,0,0,0,235,13,-7.48175017244873,,0,10,3,2,0,26,77,1,2,0,4,-6.48020260944031,0,2,1,0,0,24,0,235,0,0,0,0,0,13,14.9075124636266,0,10,3,2,0,0,33,2,16,0,0,0,2,2,0,1,0,8,0,0,0,0,0,0,0,0,0,2,0,0,0,0,9,56,4,1,1,0,2,0,4,70,5,94,2,2,0,0,37,1,0,1,1,0,0,0,0,0,0,0,0,0,27;37,,,64,0,0,1,1,0,0,1,0,0,0,0,0,5,0,51,210,2,0,1,1,1,2,11,0,179
2003,3,GB,REG,2003_03_GB_ARI,ARI,23,33,245,1,1,0,0,0,0,0,245,11,7.39181338644271,,0,9,3,3,0,23,66,0,2,1,7,-6.24114491482033,0,1,0,0,0,23,0,245,1,0,0,0,0,11,17.0535137238059,0,9,3,3,0,0,46,6,6,0,0,1,0,0,0,1,7,4,0,0,0,0,0,0,0,0,0,1,0,0,0,0,4,48,4,1,1,0,2,1,4,60,5,94,2,2,0,0,40,1,0,0,0,2,0,0,0,0,0,0,0,0,40;40,,,80,0,0,1,1,0,0,1,0,0,0,0,0,4,0,51,173,3,0,1,0,1,2,12,0,161
2003,3,HOU,REG,2003_03_KC_HOU,KC,24,38,218,2,2,1,-9,0,0,0,218,12,-2.68410272654728,,0,8,2,1,1,26,107,0,1,1,6,-5.52548233498237,0,5,3,0,0,24,0,218,2,1,1,0,0,12,14.952965114353,0,8,2,1,1,0,41,9,11,0,0,0,1,4,0,2,-6,8,0,0,0,0,0,0,0,0,0,0,0,0,0,0,10,74,3,2,0,0,2,2,3,9,7,164,0,0,0,0,,,0,0,0,0,0,0,0,0,0,0,0,0,,,,0,0,0,2,2,0,0,1,0,0,0,0,0,6,0,47,259,4,0,0,0,5,1,73,1,186
2003,3,IND,REG,2003_03_JAX_IND,JAX,21,33,216,2,1,0,0,0,0,0,216,11,4.76436127421065,,0,9,3,2,0,30,73,0,0,0,6,-7.65411977475742,0,2,1,0,0,21,0,216,2,0,0,0,0,11,18.0536117282602,0,9,3,2,0,0,34,15,15,0,0,1,2,8,0,0,0,4,0,0,0,0,0,0,0,0,0,0,0,1,0,0,4,20,2,0,0,0,0,0,3,35,3,73,3,3,0,0,46,1,0,1,1,1,0,0,0,0,0,0,0,0,46;36;29,,,111,0,0,2,2,0,0,1,0,0,0,0,0,3,0,47,126,2,0,0,1,1,1,0,0,106
2003,3,JAX,REG,2003_03_JAX_IND,IND,16,28,122,1,0,2,-8,0,0,0,122,7,-0.729100915301638,,0,6,2,0,0,25,152,0,2,1,7,-1.40520187700167,0,5,3,2,1,16,0,122,1,0,0,0,0,7,9.50496054411633,0,6,2,0,0,0,39,15,15,0,0,0,0,0,0,1,4,5,0,0,0,0,0,0,0,0,0,0,-5,0,0,0,7,38,5,1,1,1,2,1,1,0,6,159,2,4,2,0,49,0.5,0,0,1,1,0,0,0,0,0,2,0,0,49;37,46;41,,86,87,0,1,1,0,0,1,0,0,0,0,0,4,0,51,155,1,0,0,0,1,3,35,0,120
2003,3,KC,REG,2003_03_KC_HOU,HOU,16,28,262,1,2,1,-4,0,0,0,262,12,7.31537373876199,,0,12,6,5,1,35,168,3,1,0,11,3.2784864474088,0,7,5,1,0,16,0,262,1,0,0,0,0,12,23.4119765879586,0,12,6,5,1,1,50,8,14,0,0,2,1,9,0,2,39,7,1,0,0,0,0,0,0,0,0,1,-19,2,7,0,4,20,2,0,1,0,1,0,1,73,2,51,0,0,0,0,,,0,0,0,0,0,0,0,0,0,0,0,0,,,,0,0,0,6,6,0,0,1,0,0,0,0,0,4,0,48,171,0,0,0,1,0,3,9,0,142
2003,3,LA,REG,2003_03_STL_SEA,SEA,21,34,226,1,2,0,0,0,0,0,226,14,7.10168074570648,,0,11,3,2,0,28,82,1,1,0,4,-4.6591200643419,0,3,3,0,0,21,0,226,1,0,0,0,0,14,20.1550998460152,0,11,3,2,0,0,42,11,11,0,0,1,4,36,0,1,4,6,0,2,0,0,0,0,0,0,0,1,0,0,0,0,3,15,1,1,2,1,3,1,4,25,5,99,3,3,0,0,33,1,0,1,2,0,0,0,0,0,0,0,0,0,28;33;33,,,94,0,0,2,2,0,0,1,0,0,0,0,0,2,0,52,98,0,0,0,0,0,2,38,0,60
2003,3,LAC,REG,2003_03_BAL_SD,BAL,28,45,270,0,3,1,-13,0,0,0,270,14,-7.01198382490873,,0,11,4,2,1,30,132,1,0,0,10,3.82022541418881,0,3,3,0,0,28,0,270,0,0,0,0,0,14,17.0851530248765,0,11,4,2,1,0,40,5,5,0,0,1,1,1,0,1,-2,3,0,0,0,0,0,0,0,0,0,0,0,0,0,0,10,61,5,0,0,0,0,0,5,31,4,53,1,2,1,0,24,0.5,0,1,0,0,0,0,0,0,0,0,1,0,24,50,,24,50,0,1,1,0,0,1,0,0,0,0,0,5,0,52,204,1,0,2,0,1,2,-6,0,210
2003,3,LV,REG,2003_03_OAK_DEN,DEN,17,35,184,0,1,5,-28,0,0,0,184,7,-11.4236037247412,,0,11,5,0,0,16,39,1,1,0,4,-3.09219543379732,0,1,0,0,0,17,0,184,0,0,0,0,0,7,13.734931643068,0,11,5,0,0,0,46,0,12,0,0,1,2,4,0,0,0,1,0,0,0,1,0,0,0,0,6,1,-12,1,0,0,13,98,2,0,1,0,1,0,4,74,3,91,1,1,0,0,41,1,0,0,0,1,0,0,0,0,0,0,0,0,41,,,41,0,0,1,1,0,0,1,0,0,0,0,0,8,0,64,418,0,0,1,2,0,5,75,0,303
2003,3,MIA,REG,2003_03_BUF_MIA,BUF,16,28,154,1,2,1,-7,0,0,0,154,10,-11.8503864756571,,0,6,3,2,0,44,166,1,0,0,8,1.46267075330252,0,1,1,1,0,16,0,154,1,1,1,0,0,10,7.24729575891979,0,6,3,2,0,0,22,0,22,0,0,0,4,21,0,3,11,6,0,0,0,0,0,0,0,0,0,0,0,0,0,0,4,35,0,1,0,0,1,1,4,41,2,38,1,3,2,0,26,0.333333333333333,0,1,0,0,0,0,0,0,0,1,1,0,26,51;44,,26,95,0,2,2,0,0,1,0,0,0,0,0,4,0,48,174,0,0,1,1,0,2,18,0,136
2003,3,MIN,REG,2003_03_MIN_DET,DET,15,32,289,1,1,2,-2,0,0,0,289,10,10.4649252573859,,0,8,5,4,2,22,127,2,1,0,3,3.09810697787907,0,3,3,1,1,15,0,289,1,0,0,0,0,10,26.0952279209741,0,8,5,4,2,0,47,1,25,0,0,1,2,10,0,3,1,10,0,0,0,0,0,0,0,0,0,1,-1,0,0,0,11,125,5,0,1,0,1,0,2,11,4,99,1,2,1,0,21,0.5,0,1,0,0,0,0,0,0,1,0,0,0,21,37,,21,37,0,2,2,0,0,1,0,0,0,0,0,6,0,55,286,0,0,0,2,0,4,70,0,176
2003,3,NE,REG,2003_03_NYJ_NE,NYJ,15,26,181,0,0,5,-34,3,1,0,181,9,-8.5958924642096,,0,7,5,3,0,36,147,1,0,0,9,-1.82004615370533,0,2,2,0,0,15,0,181,0,0,0,0,0,9,12.0413064043969,0,7,5,3,0,0,21,26,26,0,0,1,0,0,0,1,55,5,1,0,0,0,0,0,0,0,0,2,0,0,0,0,9,87,3,2,1,0,3,1,1,23,5,111,3,3,0,0,47,1,0,2,0,1,0,0,0,0,0,0,0,0,24;22;47,,,93,0,0,2,2,0,0,1,0,0,0,0,0,6,0,51,252,1,0,1,0,3,2,24,0,228
2003,3,NO,REG,2003_03_NO_TEN,TEN,15,23,185,1,0,3,-20,1,0,0,185,8,3.39847563574578,,0,8,4,2,0,15,23,0,0,0,2,-4.92211140686413,0,1,0,0,0,15,0,185,1,1,1,0,0,8,10.1163494990906,0,8,4,2,0,0,54,1,11,0,0,1,1,1,0,0,0,4,0,0,1,0,0,0,0,0,0,1,0,1,0,0,5,27,2,2,1,0,3,2,0,0,7,131,1,1,0,0,31,1,0,0,1,0,0,0,0,0,0,0,0,0,31,,,31,0,0,1,1,0,0,1,0,0,0,0,0,3,0,52,139,2,0,1,1,0,1,0,0,119
2003,3,NYG,REG,2003_03_NYG_WAS,WAS,24,39,276,3,0,1,-6,1,0,0,276,15,10.9526800987788,,0,10,6,3,1,31,129,0,0,0,7,-0.0565064051401998,0,4,3,0,0,24,0,276,3,1,0,0,0,15,25.5525559480302,0,10,6,3,1,0,46,0,4,0,0,0,3,16,0,1,22,8,0,0,0,0,0,0,0,0,0,2,0,0,0,0,15,124,5,2,0,0,2,0,0,0,5,120,1,2,1,0,29,0.5,0,1,0,0,0,0,0,0,1,0,0,0,29,37,,29,37,0,3,3,0,0,1,1,1,0,0,29,7,0,53,305,3,0,1,1,3,2,30,0,255
2003,3,NYJ,REG,2003_03_NYJ_NE,NE,25,44,264,1,1,0,0,0,0,0,264,10,-11.5762849416397,,0,11,5,2,0,17,65,0,0,0,4,0.842314958371814,0,1,1,0,0,25,0,264,1,1,0,0,0,10,15.3435663087146,0,11,5,2,0,0,23,34,34,0,0,2,4,12,0,0,0,3,0,0,0,0,0,0,0,0,0,0,0,1,16,0,6,52,5,1,0,1,1,0,2,24,5,140,3,4,1,0,41,0.75,0,0,2,1,0,0,0,0,0,1,0,0,41;39;30,42,,110,42,0,1,1,0,0,1,0,0,0,0,0,5,0,55,207,1,0,1,1,2,1,23,0,164
2003,3,PIT,REG,2003_03_PIT_CIN,CIN,21,34,240,1,1,1,-2,0,0,0,240,12,10.8041622342795,,0,11,4,4,0,38,138,1,0,0,9,-2.64826402731705,0,3,1,0,0,21,0,240,1,0,0,0,0,12,24.1103116336682,0,11,4,4,0,0,36,0,10,0,0,0,4,32,0,1,1,5,0,1,0,0,0,0,0,0,0,1,0,0,0,0,6,53,4,0,1,0,1,0,3,13,2,51,1,2,1,0,33,0.5,0,0,1,0,0,0,0,1,0,0,0,0,33,24,,33,24,0,2,2,0,0,1,0,0,0,0,0,3,0,48,132,0,0,0,1,0,2,38,0,74
2003,3,SEA,REG,2003_03_STL_SEA,LA,22,39,256,2,1,4,-36,1,0,0,256,13,-1.9545040568078,,0,11,4,3,0,22,96,0,0,0,6,-2.9731185870769,0,3,2,0,0,22,0,256,2,0,0,0,0,13,21.7962107117346,0,11,4,3,0,0,39,15,15,0,0,1,0,0,0,2,1,5,0,0,0,0,0,0,0,0,0,1,0,1,0,1,4,30,3,1,0,0,1,0,2,38,4,82,1,2,1,0,36,0.5,0,0,1,0,0,0,0,0,1,0,0,0,36,35,,36,35,0,3,3,0,0,1,0,0,0,0,0,4,0,51,135,1,0,0,0,0,4,25,0,110
2003,3,SF,REG,2003_03_CLE_SF,CLE,21,35,198,0,1,2,-8,1,0,0,198,11,1.43063377741346,,0,8,5,1,0,24,75,0,0,0,3,-8.6610340801165,0,2,1,0,0,21,0,198,0,0,0,0,0,11,9.79633236449445,0,8,5,1,0,0,39,11,11,0,0,1,3,22,0,1,0,4,0,0,0,0,0,0,0,0,0,1,1,1,0,0,8,88,5,1,0,0,1,0,2,25,3,56,4,4,0,0,46,1,0,0,2,2,0,0,0,0,0,0,0,0,38;44;46;36,,,164,0,0,0,0,0,0,,0,0,0,0,0,4,0,54,187,1,0,1,1,1,1,7,0,160
2003,3,TB,REG,2003_03_TB_ATL,ATL,16,24,192,2,0,1,-8,0,0,0,192,8,6.56185381800251,,0,7,3,2,1,37,132,2,1,1,8,-6.01795465807663,0,3,2,1,0,16,0,192,2,0,0,0,0,8,15.9917454890566,0,7,3,2,1,0,43,3,3,0,0,1,2,20,0,4,5,6,0,0,0,0,0,0,0,0,0,0,0,1,0,0,10,123,2,1,0,0,1,1,3,27,3,84,1,1,0,0,24,1,0,1,0,0,0,0,0,0,0,0,0,0,24,,,24,0,0,4,4,0,0,1,0,0,0,0,0,7,0,60,355,1,1,1,2,1,2,67,0,248
2003,3,TEN,REG,2003_03_NO_TEN,NO,24,35,281,2,0,2,-1,1,1,0,281,18,14.6984814170047,,0,13,4,3,0,35,105,1,0,0,8,-3.96133800846292,0,3,1,0,0,24,0,281,2,0,0,0,0,18,27.5623703639877,0,13,4,3,0,0,30,5,11,0,0,2,3,20,0,0,0,1,0,1,0,0,0,0,0,0,0,1,0,2,3,0,4,14,3,1,1,0,2,1,1,0,3,67,2,2,0,0,43,1,0,1,0,1,0,0,0,0,0,0,0,0,22;43,,,65,0,0,3,3,0,0,1,0,0,0,0,0,1,0,41,41,0,0,1,0,0,0,0,0,41
2003,3,WAS,REG,2003_03_NYG_WAS,NYG,23,45,348,2,1,3,-16,0,0,0,348,15,9.80415674406864,,1,14,9,8,0,22,124,0,0,0,6,2.12297764036339,0,4,3,1,0,23,0,348,2,0,0,0,0,15,30.506357007248,1,14,9,8,0,0,56,0,2,0,0,2,1,6,0,0,0,3,0,0,0,0,0,0,0,0,0,0,0,0,0,0,17,142,4,0,0,0,0,0,2,30,3,64,2,4,2,0,42,0.5,0,0,1,1,0,0,0,0,0,1,1,0,42;33,53;49,,75,102,0,1,1,0,0,1,0,0,0,0,0,4,0,47,151,2,1,1,2,0,0,0,0,111
2003,4,ARI,REG,2003_04_ARI_STL,LA,13,21,135,0,0,1,-10,1,1,0,135,3,-13.7292827367345,,0,4,2,2,0,14,36,1,0,0,3,1.38618816738017,0,0,0,0,0,13,0,135,0,1,1,0,0,3,-0.0936917444486171,0,4,2,2,0,1,68,9,9,0,0,1,1,4,0,1,28,2,0,1,0,0,0,0,0,0,0,0,0,0,0,0,10,92,5,3,0,0,3,3,0,0,7,252,0,0,0,0,,,0,0,0,0,0,0,0,0,0,0,0,0,,,,0,0,0,1,1,0,0,1,0,0,0,0,0,6,0,61,312,2,0,1,0,1,4,36,0,276
2003,4,ATL,REG,2003_04_ATL_CAR,CAR,14,23,152,0,1,6,-29,0,0,0,152,6,-11.419009296714,,0,4,3,2,1,23,144,0,0,0,5,2.4378193654702,0,2,2,1,1,14,0,152,0,0,0,0,0,6,6.24010258517228,0,4,3,2,1,0,51,1,7,0,0,2,0,0,0,0,0,2,0,0,0,0,0,0,0,0,0,1,-7,1,4,0,9,84,4,0,1,0,1,0,0,0,5,112,1,2,1,0,28,0.5,0,1,0,0,0,0,0,0,0,0,1,0,28,55,,28,55,0,0,0,0,0,,0,0,0,0,0,6,0,50,249,2,1,1,0,3,1,6,0,243
2003,4,BAL,REG,2003_04_KC_BAL,KC,15,26,140,0,3,3,-16,0,0,0,140,7,-9.80938082056799,,0,3,2,2,0,36,202,1,0,0,13,4.88936001152615,0,8,8,1,0,15,0,140,0,0,0,0,0,7,7.59808567888103,0,3,2,2,0,0,40,10,10,0,0,1,3,23,0,0,0,4,0,1,0,0,0,0,0,0,0,0,0,0,0,0,4,30,3,0,1,0,1,1,5,38,3,60,1,1,0,0,29,1,0,1,0,0,0,0,0,0,0,0,0,0,29,,,29,0,0,1,1,0,0,1,0,0,0,0,0,5,0,67,204,2,0,2,0,2,1,-4,0,208
2003,4,BUF,REG,2003_04_PHI_BUF,PHI,27,43,296,1,0,2,-9,1,0,0,296,13,7.86462220131065,,0,14,6,3,0,12,21,1,0,0,1,-0.94552818388911,0,0,0,0,0,27,0,296,1,2,1,0,0,13,18.4181449539466,0,14,6,3,0,0,41,9,17,0,0,2,2,14,0,0,0,5,0,0,0,0,0,0,0,0,0,2,0,0,0,0,10,84,4,3,0,0,3,1,2,8,6,153,0,1,1,0,,0,0,0,0,0,0,0,0,0,0,0,1,0,,51,,0,51,0,1,1,0,0,1,0,0,0,0,0,4,0,46,164,1,0,0,0,1,3,23,0,141
2003,4,CAR,REG,2003_04_ATL_CAR,ATL,17,27,168,1,0,0,0,0,0,0,168,9,6.80536514747655,,0,9,3,1,0,39,193,1,2,1,8,-4.99978312200436,0,6,5,3,0,17,0,168,1,1,0,0,0,9,16.3175079605426,0,9,3,1,0,0,42,3,11,0,0,0,6,29,0,1,4,5,0,0,0,0,0,0,0,0,0,2,-3,0,0,0,4,40,2,2,1,0,3,1,1,6,2,30,3,3,0,0,53,1,0,1,1,0,1,0,0,0,0,0,0,0,53;23;38,,,114,0,0,2,2,0,0,1,0,0,0,0,0,4,0,58,191,1,0,0,2,1,0,0,0,151
2003,4,CHI,REG,2003_04_GB_CHI,GB,25,44,201,0,2,5,-21,0,0,0,201,12,-14.281525406212,,0,10,2,1,0,28,181,2,0,0,10,9.39744135126239,0,3,3,1,1,25,0,201,0,0,0,0,0,12,12.8009284483851,0,10,2,1,0,0,41,9,9,0,0,0,0,0,0,1,3,4,0,0,0,0,0,0,0,0,0,0,0,0,0,0,6,62,4,0,0,0,0,0,1,11,7,118,3,3,0,0,41,1,0,0,2,1,0,0,0,0,0,0,0,0,31;38;41,,,110,0,0,2,2,0,0,1,0,0,0,0,0,4,1,43,162,0,1,0,0,2,1,5,0,157
2003,4,CIN,REG,2003_04_CIN_CLE,CLE,23,31,215,3,0,0,0,0,0,0,215,13,15.297082404024,,0,8,3,1,1,29,80,0,0,0,3,-3.01977032911964,0,1,0,0,0,23,0,215,3,0,0,0,0,13,22.978415300604,0,8,3,1,1,0,38,10,10,0,0,1,2,10,0,1,17,10,0,0,0,0,0,0,0,0,0,0,0,0,0,0,11,60,2,0,0,0,0,0,0,0,2,39,0,0,0,0,,,0,0,0,0,0,0,0,0,0,0,0,0,,,,0,0,0,3,3,0,0,1,0,0,0,0,0,6,0,47,252,0,0,0,1,0,5,57,0,175
2003,4,CLE,REG,2003_04_CIN_CLE,CIN,23,36,280,2,1,2,-10,0,0,0,280,13,6.03045394783417,,0,8,4,3,2,22,69,0,2,0,5,-4.56214612309123,0,0,0,0,0,23,0,280,2,0,0,0,0,13,20.920762419817,0,8,4,3,2,0,30,16,16,0,0,0,0,0,0,0,0,2,0,0,0,0,0,0,0,0,0,2,-3,0,0,0,11,101,4,1,1,0,2,0,5,57,4,60,0,1,1,0,,0,0,0,0,0,0,0,0,0,1,0,0,0,,35,,0,35,0,2,2,0,0,1,0,0,0,0,0,4,0,51,163,2,0,2,1,1,0,0,0,143
2003,4,DAL,REG,2003_04_DAL_NYJ,NYJ,11,23,165,1,1,2,-7,0,0,0,165,6,2.65675842989003,,0,7,3,3,1,41,202,1,0,0,11,5.15612777931428,0,5,4,2,0,11,0,165,1,0,0,0,0,6,16.099486668536,0,7,3,3,1,0,37,17,17,0,0,2,0,0,0,0,0,2,0,0,0,0,0,0,0,0,0,0,0,2,0,0,5,38,3,0,0,0,0,0,0,0,3,31,1,1,0,0,26,1,0,1,0,0,0,0,0,0,0,0,0,0,26,,,26,0,0,2,2,0,0,1,0,0,0,0,0,5,0,45,198,2,0,0,0,2,3,31,0,167
2003,4,DEN,REG,2003_04_DET_DEN,DET,25,34,277,2,0,3,-24,1,0,0,277,13,8.63408625504975,,0,12,7,3,0,23,79,0,2,1,5,-6.72420350078028,0,2,1,1,0,25,0,277,2,0,0,0,0,13,21.1850422938005,0,12,7,3,0,0,37,7,11,0,0,1,1,8,0,0,0,7,0,0,0,0,0,0,0,0,0,2,0,0,0,0,6,44,2,1,2,0,3,1,3,9,1,24,2,2,0,0,41,1,0,0,1,1,0,0,0,0,0,0,0,0,37;41,,,78,0,0,2,2,0,0,1,0,0,0,0,0,4,0,53,182,0,0,0,0,0,4,25,0,157
2003,4,DET,REG,2003_04_DET_DEN,DEN,15,33,149,2,0,1,-8,0,0,0,149,6,1.30756106565241,,0,6,2,2,1,24,144,0,0,0,8,0.182343900064128,0,4,3,2,0,15,0,149,2,1,0,0,0,6,14.5119928810745,0,6,2,2,1,0,46,3,5,0,0,1,3,24,0,0,0,4,0,0,0,0,0,0,0,0,0,1,0,1,7,0,8,74,6,1,0,0,1,0,4,25,3,57,1,1,0,0,53,1,0,0,0,0,1,0,0,0,0,0,0,0,53,,,53,0,0,1,2,1,0,0.5,0,0,0,0,0,5,0,58,226,1,0,1,1,0,3,9,0,197
2003,4,GB,REG,2003_04_GB_CHI,CHI,22,31,193,3,1,0,0,0,0,0,193,10,8.02737785405854,,0,10,2,2,0,25,187,2,0,0,7,8.35096670826897,0,6,3,2,1,22,0,193,3,0,0,0,0,10,14.3574331770805,0,10,2,2,0,0,56,6,6,0,0,0,5,21,0,2,13,6,0,0,0,1,0,0,0,0,0,0,0,0,0,0,4,38,4,0,0,0,0,0,1,5,5,120,1,1,0,0,34,1,0,0,1,0,0,0,0,0,0,0,0,0,34,,,34,0,0,5,5,0,0,1,0,0,0,0,0,3,0,45,118,1,0,1,0,1,1,11,0,107
2003,4,HOU,REG,2003_04_JAX_HOU,JAX,23,37,234,1,2,1,-5,1,0,0,234,12,1.40233216305471,,0,7,5,2,0,37,110,2,2,1,7,-7.33358682880804,0,1,0,0,0,23,0,234,1,1,1,0,0,12,18.0010744254687,0,7,5,2,0,0,31,10,18,0,0,3,0,0,0,3,-46,12,0,0,0,0,0,0,0,0,0,2,0,2,0,0,4,43,6,2,2,0,4,2,2,49,5,141,1,2,1,0,48,0.5,0,0,0,1,0,0,0,0,0,0,1,0,48,50,,48,50,0,3,3,0,0,1,0,0,0,0,0,4,0,47,139,2,0,2,0,1,1,1,0,138
2003,4,IND,REG,2003_04_IND_NO,NO,21,27,327,6,0,1,-9,0,0,0,327,15,27.9445143086813,,0,15,7,2,1,28,100,0,1,0,5,-5.25791603745893,0,1,1,0,0,21,0,327,6,0,0,0,0,15,33.8256526122225,0,15,7,2,1,0,46,10,10,0,0,2,1,8,0,2,22,8,0,2,0,0,0,0,0,0,0,3,-3,2,19,1,2,20,4,1,2,0,3,0,3,17,4,92,2,2,0,0,42,1,0,0,0,2,0,0,0,0,0,0,0,0,41;42,,,83,0,0,7,7,0,0,1,0,0,0,0,0,2,0,52,88,2,0,0,0,1,1,11,0,77
2003,4,JAX,REG,2003_04_JAX_HOU,HOU,18,37,263,1,3,0,0,0,0,0,263,9,3.40969643202479,,0,10,4,3,1,22,79,1,2,2,4,-10.0206893311115,0,2,2,0,0,18,0,263,1,0,0,0,0,9,21.7668651060085,0,10,4,3,1,0,38,21,37,0,0,2,1,5,0,2,-4,10,0,0,0,0,0,0,0,0,0,0,0,2,0,0,9,48,2,3,0,1,3,2,1,1,3,66,2,2,0,0,29,1,0,2,0,0,0,0,0,0,0,0,0,0,29;20,,,49,0,0,2,2,0,0,1,0,0,0,0,0,4,0,56,174,1,0,1,0,1,2,49,0,125
2003,4,KC,REG,2003_04_KC_BAL,BAL,17,28,159,1,0,3,-23,1,0,0,159,10,-2.01683172596367,,0,9,5,0,0,28,129,0,0,0,5,0.588530946755782,0,3,2,1,0,17,0,159,1,0,0,0,0,10,11.371881807514,0,9,5,0,0,1,41,18,18,0,0,0,3,16,0,3,0,6,0,0,0,0,0,0,0,0,0,1,0,1,0,0,4,26,3,1,0,0,1,0,1,-4,3,121,1,1,0,0,46,1,0,0,0,1,0,0,0,0,0,0,0,0,46,,,46,0,0,2,2,0,0,1,0,0,0,0,0,9,0,68,322,2,0,2,0,2,5,38,0,284
2003,4,LA,REG,2003_04_ARI_STL,ARI,28,42,272,2,1,1,-4,0,0,0,272,19,15.9725702064378,,0,15,3,2,0,41,133,2,1,0,11,0.970094645774225,0,4,2,0,0,28,0,272,2,0,0,0,0,19,26.885714437093,0,15,3,2,0,0,27,7,7,0,0,3,1,10,0,0,0,2,0,1,0,0,0,0,0,0,0,2,0,3,21,0,5,35,5,1,1,0,2,0,4,36,3,93,3,4,1,0,53,0.75,0,1,1,0,1,0,0,0,1,0,0,0,24;53;31,39,,108,39,0,4,4,0,0,1,0,0,0,0,0,2,0,43,84,0,0,1,0,1,0,0,0,84
2003,4,LAC,REG,2003_04_SD_OAK,LV,22,32,208,2,1,0,0,0,0,0,208,9,3.37633572197888,,0,11,5,3,0,39,222,2,0,0,12,5.61685134074651,0,9,5,1,1,22,0,208,2,0,0,0,0,9,12.3685757954372,0,11,5,3,0,0,47,6,8,0,0,0,3,20,0,1,12,2,0,0,0,0,0,0,0,0,0,0,0,1,0,0,9,111,4,0,0,0,0,0,2,5,6,126,1,1,0,0,32,1,0,0,1,0,0,0,0,0,0,0,0,0,32,,,32,0,0,4,4,0,0,1,0,0,0,0,0,7,0,56,300,4,0,3,1,2,1,0,0,280
2003,4,LV,REG,2003_04_SD_OAK,LAC,26,43,348,3,1,3,-20,0,0,0,348,15,8.26790689240554,,0,13,9,7,0,24,120,1,0,0,6,4.82976026885444,0,3,2,1,0,26,0,348,3,0,0,0,0,15,28.7083942987956,0,13,9,7,0,0,51,14,14,0,0,0,0,0,0,1,3,3,0,1,0,0,0,0,0,0,0,0,0,0,0,0,7,57,1,0,1,0,1,1,1,0,5,83,2,2,0,0,46,1,0,1,0,1,0,0,0,0,0,0,0,0,23;46,,,69,0,0,4,4,0,0,1,1,1,0,0,46,6,0,73,284,2,3,1,0,0,2,5,0,279
2003,4,MIN,REG,2003_04_SF_MIN,SF,16,21,267,4,0,2,-15,0,0,0,267,10,17.3194544701837,,0,10,6,5,1,30,102,1,0,0,8,0.912156479200348,0,2,1,0,0,16,0,267,4,0,0,0,0,10,24.3979148952058,0,10,6,5,1,0,49,7,13,0,0,1,4,27,0,3,105,10,0,0,0,0,0,0,0,0,0,0,0,0,0,0,4,29,1,0,0,0,0,0,1,5,2,35,0,0,0,0,,,0,0,0,0,0,0,0,0,0,0,0,0,,,,0,0,0,5,5,0,0,1,0,0,0,0,0,4,0,52,166,0,0,0,0,2,2,14,0,152
2003,4,NE,REG,2003_04_NE_WAS,WAS,25,38,289,2,3,1,-8,0,0,0,289,16,8.56669271881655,,0,13,7,4,0,30,106,0,1,1,5,-8.34289160720073,0,4,1,0,0,25,0,289,2,0,0,0,0,16,22.8569684429499,0,13,7,4,0,0,41,1,7,0,0,1,2,13,0,0,0,4,0,0,0,0,0,1,0,0,0,0,0,0,0,0,8,64,4,1,0,0,1,1,2,20,4,99,1,2,1,0,23,0.5,0,1,0,0,0,0,0,0,0,1,0,0,23,46,,23,46,0,2,2,0,0,1,0,0,0,0,0,2,0,52,96,0,0,0,1,0,1,9,0,67
2003,4,NO,REG,2003_04_IND_NO,IND,21,36,228,1,2,2,-20,2,2,0,228,12,-17.0292577631163,,1,9,4,2,0,25,155,1,0,0,8,2.1549495048821,0,5,5,2,0,21,0,228,1,1,0,0,0,12,18.1665454623727,1,9,4,2,0,0,40,14,14,0,0,1,1,9,0,0,0,2,0,0,0,0,0,0,0,0,0,1,0,0,0,0,5,50,1,2,1,0,3,2,1,11,9,176,2,2,0,0,43,1,0,0,1,1,0,0,0,0,0,0,0,0,38;43,,,81,0,0,1,1,0,0,1,0,0,0,0,0,3,0,49,139,0,0,0,0,0,3,17,0,122
2003,4,NYJ,REG,2003_04_DAL_NYJ,DAL,21,29,219,0,0,0,0,0,0,0,219,11,2.35530215785357,,0,11,4,2,0,26,66,0,1,1,2,-10.271021149813,0,0,0,0,0,21,0,219,0,1,1,0,0,11,7.44827852066374,0,11,4,2,0,0,35,18,18,0,0,0,2,7,0,1,0,3,0,1,0,0,0,0,0,0,0,1,0,0,0,0,4,40,3,2,1,0,3,2,3,31,4,118,2,2,0,0,38,1,0,0,2,0,0,0,0,0,0,0,0,0,34;38,,,72,0,0,0,0,0,0,,0,0,0,0,0,4,0,48,177,3,0,2,0,2,0,0,0,177
2003,4,PHI,REG,2003_04_PHI_BUF,BUF,18,29,172,0,0,2,-14,0,0,0,172,10,5.06735665504914,,0,6,3,1,0,34,177,2,1,0,6,5.47351413172426,0,4,3,2,1,18,0,172,0,0,0,0,0,10,15.1836974182851,0,6,3,1,0,0,32,8,18,0,0,3,2,9,0,0,0,8,0,1,0,0,0,0,0,0,0,2,0,1,27,0,7,45,5,2,0,0,2,0,3,23,2,49,3,3,0,0,34,1,0,2,1,0,0,0,0,0,0,0,0,0,26;34;22,,,82,0,0,2,2,0,0,1,0,0,0,0,0,4,0,53,174,0,0,1,1,0,2,8,0,146
2003,4,PIT,REG,2003_04_TEN_PIT,TEN,31,47,332,0,2,3,-25,0,0,0,332,16,-10.1204161496185,,0,13,5,5,0,25,69,1,1,0,5,-7.33360334171448,0,3,1,0,0,31,0,332,0,0,0,0,0,16,20.4733797950391,0,13,5,5,0,0,26,9,19,0,0,0,1,3,0,0,0,1,0,0,0,0,0,0,0,0,0,1,-6,0,0,0,8,80,6,0,1,0,1,0,3,17,4,65,2,3,1,0,26,0.666666666666667,0,2,0,0,0,0,0,0,1,0,0,0,26;23,30,,49,30,0,1,1,0,0,1,0,0,0,0,0,3,0,47,120,2,1,0,0,2,0,0,0,120
2003,4,SF,REG,2003_04_SF_MIN,MIN,23,41,254,1,3,4,-27,1,0,0,254,12,-6.91402487980668,,0,10,8,2,0,25,145,0,0,0,6,-0.0248984786449,0,4,4,1,0,23,0,254,1,0,0,0,0,12,21.1624311388005,0,10,8,2,0,0,36,7,17,0,0,0,2,15,0,0,0,0,0,0,0,0,0,0,0,0,0,1,0,0,0,0,9,55,2,1,0,0,1,0,2,14,6,117,0,0,0,0,,,0,0,0,0,0,0,0,0,0,0,0,0,,,,0,0,0,1,1,0,0,1,0,0,0,0,0,3,0,38,101,1,0,0,0,2,1,5,0,96
2003,4,TEN,REG,2003_04_TEN_PIT,PIT,15,16,161,3,0,1,-3,0,0,0,161,7,13.8250115792616,,0,6,3,3,1,22,40,0,0,0,1,-7.39100853394484,0,0,0,0,0,15,0,161,3,0,0,0,0,7,14.9834925564355,0,6,3,3,1,0,48,10,22,0,0,0,3,25,0,2,109,9,1,0,1,0,0,0,0,0,0,0,0,0,0,0,10,77,4,0,0,0,0,0,0,0,5,89,0,0,0,0,,,0,0,0,0,0,0,0,0,0,0,0,0,,,,0,0,0,4,4,0,0,1,0,0,0,0,0,7,0,56,302,2,1,3,0,0,3,17,0,285
2003,4,WAS,REG,2003_04_NE_WAS,NE,10,22,147,0,0,2,-13,0,0,0,147,7,-1.42735407161967,,0,7,4,3,0,29,116,2,1,0,8,3.55073692038422,0,2,1,1,0,10,0,147,0,0,0,0,0,7,10.7033080706606,0,7,4,3,0,0,48,6,14,0,0,1,1,8,0,3,0,5,0,0,0,0,0,0,0,0,0,1,0,1,5,0,9,75,3,1,0,0,1,0,1,9,4,72,2,3,0,1,38,0.666666666666667,0,1,1,0,0,0,0,0,0,0,0,0,38;29,,48,67,0,48,2,2,0,0,1,0,0,0,0,0,5,0,46,187,1,1,1,0,1,2,20,0,167
2003,5,ARI,REG,2003_05_ARI_DAL,DAL,14,28,121,1,2,3,-2,0,0,0,121,5,-10.6813386737485,,0,7,1,1,0,18,32,0,0,0,1,-7.11101072072052,0,1,1,0,0,14,0,121,1,0,0,0,0,5,10.3185119621921,0,7,1,1,0,0,60,0,4,0,0,1,1,9,0,1,-2,2,0,0,0,0,0,0,0,0,0,0,0,0,0,0,5,36,2,0,0,0,0,0,0,0,5,137,0,0,0,0,,,0,0,0,0,0,0,0,0,0,0,0,0,,,,0,0,0,1,1,0,0,1,0,0,0,0,0,6,0,49,253,2,0,0,1,2,3,27,0,206
2003,5,ATL,REG,2003_05_MIN_ATL,MIN,28,41,352,2,2,2,-16,1,0,0,352,15,-4.06151093553838,,0,14,7,5,1,17,104,1,2,0,4,0.0376740048814099,0,3,3,1,1,28,0,352,2,1,1,0,0,15,16.6219878205625,0,14,7,5,1,0,55,4,4,0,0,0,2,6,0,1,14,3,0,0,0,0,0,0,0,0,0,3,0,0,0,0,7,56,6,3,1,0,4,1,4,51,7,168,2,2,0,0,34,1,0,0,2,0,0,0,0,0,0,0,0,0,34;33,,,67,0,0,2,2,0,0,1,0,0,0,0,0,5,0,44,175,0,2,0,0,0,3,10,0,165
2003,5,BUF,REG,2003_05_CIN_BUF,CIN,19,35,211,1,0,4,-34,0,0,0,211,12,-0.201374426803385,,0,8,5,3,0,27,80,1,2,0,4,-5.47125532681821,0,2,1,0,0,19,0,211,1,0,0,0,0,12,17.7926178486363,0,8,5,3,0,0,31,22,30,0,0,2,1,13,0,1,6,6,0,0,0,0,0,0,0,0,0,3,-4,1,0,0,6,49,3,1,2,0,3,0,3,6,5,97,3,3,0,0,38,1,0,2,1,0,0,0,0,0,0,0,0,0,27;38;29,,,94,0,0,1,1,0,0,1,0,0,0,0,0,7,0,60,302,0,2,0,1,0,4,30,0,252
2003,5,CAR,REG,2003_05_NO_CAR,NO,15,23,124,0,0,0,0,0,0,0,124,7,3.66918619884627,,0,5,2,0,0,40,185,1,1,1,12,-2.45348713739077,0,6,5,1,0,15,0,124,0,1,0,0,0,7,9.24619386034778,0,5,2,0,0,1,43,5,11,0,0,0,0,0,0,1,0,6,0,0,0,0,0,0,0,0,0,1,0,0,0,0,4,20,3,2,0,0,2,1,2,16,3,140,2,2,0,0,49,1,0,1,0,1,0,0,0,0,0,0,0,0,49;23,,,72,0,0,1,1,0,0,1,0,0,0,0,0,3,0,47,137,1,0,0,0,0,3,34,0,103
2003,5,CHI,REG,2003_05_OAK_CHI,LV,13,24,160,1,2,2,-16,0,0,0,160,7,-10.7035335470364,,0,6,3,3,1,35,200,1,1,0,11,8.33201505977914,1,7,5,1,0,13,0,160,1,1,1,0,0,7,5.51663261489011,0,6,3,3,1,0,42,11,11,0,0,0,1,5,0,2,43,6,0,0,0,0,0,1,0,0,0,1,-1,0,0,0,11,97,5,1,1,0,2,1,2,59,5,126,3,3,0,0,50,1,0,0,1,1,1,0,0,0,0,0,0,0,35;50;48,,,133,0,0,1,1,0,0,1,1,1,0,0,48,4,0,52,171,0,0,0,2,0,2,2,0,129
2003,5,CIN,REG,2003_05_CIN_BUF,BUF,26,44,225,0,1,1,-13,1,0,0,225,14,-0.0619409150384125,,0,9,1,1,0,27,67,1,1,1,3,-11.0260155762411,0,1,1,0,0,26,0,225,0,0,0,0,0,14,20.9422452362981,0,9,1,1,0,0,44,11,15,0,0,1,4,34,0,0,0,6,0,1,0,0,0,0,0,0,0,1,0,0,0,0,7,49,4,2,1,1,3,1,4,30,5,77,3,4,1,0,39,0.75,0,0,3,0,0,0,0,0,0,0,1,0,39;37;30,54,,106,54,0,1,1,0,0,1,0,0,0,0,0,6,0,40,197,2,1,2,0,0,3,6,0,191
2003,5,CLE,REG,2003_05_CLE_PIT,PIT,20,25,208,2,1,1,-8,0,0,0,208,12,10.9874778385992,,0,7,6,2,0,40,124,1,1,0,8,-7.09518756363615,0,4,4,1,0,20,0,208,2,0,0,0,0,12,22.2062053703121,0,7,6,2,0,0,37,4,14,0,0,1,3,12,0,2,78,8,1,1,0,0,0,0,0,0,0,1,-8,1,0,0,2,10,3,0,2,0,2,1,3,18,4,123,2,2,0,0,22,1,1,1,0,0,0,0,0,0,0,0,0,0,19;22,,,41,0,0,3,4,0,1,0.75,0,0,0,0,0,4,0,54,169,0,0,0,0,0,4,39,0,130
2003,5,DAL,REG,2003_05_ARI_DAL,ARI,20,31,277,2,1,1,-9,0,0,0,277,10,4.78875056334845,,0,9,7,5,1,36,97,0,1,0,8,-8.38843031035503,0,3,2,0,0,20,0,277,2,0,0,0,0,10,18.7818013868106,0,9,7,5,1,0,39,0,2,0,0,0,3,2,0,2,40,8,0,0,2,0,0,0,0,0,0,1,0,0,0,0,7,64,2,1,0,0,1,0,3,27,4,89,2,2,0,0,36,1,0,0,2,0,0,0,0,0,0,0,0,0,33;36,,,69,0,0,2,2,0,0,1,0,0,0,0,0,5,0,46,189,3,1,1,0,3,0,0,0,189
2003,5,DEN,REG,2003_05_DEN_KC,KC,21,39,293,1,0,0,0,0,0,0,293,14,7.95096705685194,,0,12,8,5,1,31,176,1,2,0,6,3.09087187785586,0,3,1,1,1,21,0,293,1,0,0,0,0,14,21.2706027056556,0,12,8,5,1,0,39,2,2,0,0,1,0,0,0,1,6,3,0,2,0,0,0,0,0,0,0,3,0,1,0,0,7,59,2,4,0,0,4,1,3,16,5,135,3,4,1,0,48,0.75,0,2,0,1,0,0,0,0,0,0,1,0,48;29;21,53,,98,53,0,2,2,0,0,1,0,0,0,0,0,5,0,45,198,1,1,0,1,0,3,105,1,73
2003,5,DET,REG,2003_05_DET_SF,SF,20,36,221,1,2,0,0,0,0,0,221,10,-5.96880202118217,,0,10,5,2,0,20,84,1,0,0,5,-0.515213515638607,0,2,1,0,0,20,0,221,1,0,0,0,0,10,14.8109430980694,0,10,5,2,0,0,50,9,9,0,0,1,2,9,0,1,-1,5,0,0,0,0,0,0,0,0,0,0,0,0,0,0,5,48,5,0,0,0,0,0,4,32,4,66,1,1,0,0,28,1,0,1,0,0,0,0,0,0,0,0,0,0,28,,,28,0,0,2,2,0,0,1,0,0,0,0,0,7,0,50,264,1,1,1,0,1,4,30,0,234
2003,5,GB,REG,2003_05_SEA_GB,SEA,19,25,185,2,0,1,-8,0,0,0,185,12,11.2456183254835,,0,7,2,2,0,35,159,3,0,0,12,7.8604240049026,0,4,2,0,0,19,0,185,2,0,0,0,0,12,16.6681347232079,0,7,2,2,0,0,36,16,20,0,0,1,2,10,0,1,19,10,0,0,0,0,0,0,0,0,0,0,0,1,0,0,3,25,2,0,0,0,0,0,0,0,3,73,0,0,0,0,,,0,0,0,0,0,0,0,0,0,0,0,0,,,,0,0,0,5,5,0,0,1,0,0,0,0,0,2,0,33,58,0,0,0,0,1,1,0,0,58
2003,5,IND,REG,2003_05_IND_TB,TB,34,47,386,2,1,1,-5,0,0,0,386,17,17.5646188245737,,0,16,6,4,1,22,74,3,0,0,5,3.70240666798782,0,1,1,0,0,34,0,386,2,0,0,0,0,17,31.0659997570328,0,16,6,4,1,0,38,22,30,0,0,0,0,0,0,1,15,6,0,1,0,0,0,0,0,0,0,0,0,0,0,0,11,80,5,1,0,0,1,1,1,9,6,182,1,1,0,0,29,1,0,1,0,0,0,0,0,0,0,0,0,0,29,,,29,0,0,5,5,0,0,1,1,1,0,0,29,6,0,55,311,2,0,1,1,1,3,28,0,263
2003,5,JAX,REG,2003_05_SD_JAX,LAC,19,28,336,2,0,3,-23,1,0,0,336,14,16.9625203437872,,0,14,7,5,2,37,123,1,1,1,7,-9.08315240585944,0,4,1,0,0,19,0,336,2,0,0,0,0,14,28.1976785129055,0,14,7,5,2,0,37,3,7,0,0,2,4,19,0,0,0,4,0,0,0,0,0,0,0,0,0,1,0,2,0,0,8,89,3,1,1,0,2,1,4,50,3,39,2,2,0,0,53,1,0,1,0,0,1,0,0,0,0,0,0,0,53;27,,,80,0,0,3,3,0,0,1,0,0,0,0,0,4,0,58,168,1,0,1,1,0,2,11,0,137
2003,5,KC,REG,2003_05_DEN_KC,DEN,15,29,128,2,1,0,0,0,0,0,128,6,-4.19667484312627,,0,5,3,3,0,24,133,0,1,1,6,-2.01309777417919,0,5,5,2,0,15,0,128,2,0,0,0,0,6,9.35221184056718,0,5,3,3,0,1,52,7,7,0,0,4,0,0,0,0,0,4,0,0,0,0,0,0,0,0,0,0,0,1,0,0,7,47,4,1,0,0,1,1,3,105,6,157,1,1,0,0,23,1,0,1,0,0,0,0,0,0,0,0,0,0,23,,,23,0,0,3,3,0,0,1,0,0,0,0,0,6,0,56,269,2,1,0,1,1,3,16,0,233
2003,5,LAC,REG,2003_05_SD_JAX,JAX,24,41,296,3,0,4,-19,0,0,0,296,14,12.438032645674,,0,13,7,5,1,13,69,0,1,0,4,2.06667029712116,0,3,3,0,0,24,0,296,3,2,2,0,0,14,18.3235130966641,0,13,7,5,1,0,55,3,7,0,0,1,3,23,0,0,0,1,0,0,0,0,0,0,0,0,0,1,0,1,0,0,10,61,6,2,1,0,3,2,2,11,4,83,0,0,0,0,,,0,0,0,0,0,0,0,0,0,0,0,0,,,,0,0,0,3,3,0,0,1,0,0,0,0,0,6,0,52,242,2,0,1,0,1,4,50,0,192
2003,5,LV,REG,2003_05_OAK_CHI,CHI,16,34,183,0,2,1,-5,0,0,0,183,10,-12.0490466616101,,0,9,7,3,0,27,123,1,0,0,7,4.98256763778893,0,2,2,1,0,16,0,183,0,0,0,0,0,10,11.2380821556435,0,9,7,3,0,0,49,7,7,0,0,1,2,16,0,2,67,5,0,0,0,0,0,0,0,0,0,0,0,1,3,0,5,45,1,0,0,0,0,0,2,2,5,104,5,6,0,1,49,0.833333333333333,0,0,4,1,0,0,0,0,0,0,0,0,36;39;32;33;49,,47,189,0,47,0,1,1,0,0,0,0,0,0,0,3,0,62,166,0,0,0,1,0,2,59,0,87
2003,5,MIA,REG,2003_05_MIA_NYG,NYG,14,26,167,0,0,2,-16,1,1,0,167,8,-1.59892607900374,,0,5,4,3,0,30,134,2,1,0,5,1.72752927795928,0,2,1,1,1,14,0,167,0,1,0,0,0,8,16.2171430771996,0,5,4,3,0,0,42,19,19,0,0,1,1,3,0,3,5,5,0,0,0,0,0,0,0,0,0,1,0,1,0,0,6,50,2,2,1,1,3,1,2,36,2,34,3,3,0,0,48,1,0,1,0,2,0,0,0,0,0,0,0,0,43;23;48,,,114,0,0,2,2,0,0,1,0,0,0,0,0,5,0,44,174,3,0,3,0,1,1,12,0,162
2003,5,MIN,REG,2003_05_MIN_ATL,ATL,14,24,239,2,1,2,-6,0,0,0,239,10,6.07005202647403,,1,9,6,4,2,38,166,2,1,0,6,0.383032917887083,0,3,2,1,0,14,0,239,2,0,0,0,0,10,20.749495950222,1,9,6,4,2,0,54,2,2,0,0,3,2,16,0,2,81,6,0,1,2,0,0,0,0,0,0,2,-1,1,0,0,8,58,0,0,2,0,2,0,3,10,7,112,2,2,0,0,32,1,0,1,1,0,0,0,0,0,0,0,0,0,32;24,,,56,0,0,3,3,0,0,1,0,0,0,0,0,7,0,52,282,1,0,2,0,1,4,51,0,231
2003,5,NE,REG,2003_05_TEN_NE,TEN,17,31,219,1,0,3,-26,1,0,0,219,10,6.39952046529037,,0,9,5,2,1,27,161,3,0,0,9,5.99729020823725,0,6,5,1,1,17,0,219,1,0,0,0,0,10,21.2876344630495,0,9,5,2,1,0,30,26,26,0,0,0,2,19,0,1,65,7,1,0,0,0,0,0,0,0,0,1,0,0,0,0,9,55,3,1,0,0,1,0,2,23,8,220,1,3,2,0,48,0.333333333333333,0,0,0,1,0,0,0,0,2,0,0,0,48,34;39,,48,73,0,5,5,0,0,1,0,0,0,0,0,2,0,44,64,0,0,1,0,0,1,14,0,50
2003,5,NO,REG,2003_05_NO_CAR,CAR,16,31,189,1,1,0,0,0,0,0,189,9,4.81028329295062,,0,7,5,3,0,29,155,0,1,0,7,1.69556742373253,0,5,4,1,0,16,0,189,1,0,0,0,0,9,15.8802093872774,0,7,5,3,0,0,52,3,7,0,0,2,0,0,0,0,0,5,0,0,0,0,0,0,0,0,0,0,-9,1,0,0,7,64,5,0,1,1,1,0,3,34,5,110,2,3,1,0,38,0.666666666666667,0,1,1,0,0,0,0,0,0,0,1,0,38;26,57,,64,57,0,1,1,0,0,1,0,0,0,0,0,4,0,46,164,3,0,0,0,2,2,16,0,148
2003,5,NYG,REG,2003_05_MIA_NYG,MIA,31,43,276,0,3,1,-3,0,0,0,276,15,-7.64699795685016,,0,10,6,3,0,23,77,1,0,0,6,-2.74171537940636,0,3,0,0,0,31,0,276,0,1,1,0,0,15,8.9235497059999,0,10,6,3,0,0,26,25,25,0,0,2,2,16,0,0,0,5,0,0,0,0,0,0,0,0,0,1,0,1,0,0,5,35,6,1,1,0,2,1,1,12,5,86,1,2,1,0,43,0.5,0,0,0,1,0,0,0,1,0,0,0,0,43,29,,43,29,0,1,1,0,0,1,0,0,0,0,0,4,0,45,158,1,0,0,0,2,2,36,0,122
2003,5,PHI,REG,2003_05_WAS_PHI,WAS,16,30,157,1,2,3,-17,0,0,0,157,9,-7.25594690996025,,0,6,4,2,0,30,121,1,0,0,7,-0.179307877887401,0,3,3,0,0,16,0,157,1,0,0,0,0,9,12.1990127485673,0,6,4,2,0,0,50,0,10,0,0,0,2,13,0,2,20,16,1,0,0,0,0,0,0,0,0,0,0,0,0,0,7,86,2,0,0,0,0,0,2,28,6,80,2,2,0,0,52,1,0,0,1,0,1,0,0,0,0,0,0,0,52;36,,,88,0,0,3,3,0,0,1,0,0,0,0,0,5,0,49,198,1,1,0,1,1,2,11,0,167
2003,5,PIT,REG,2003_05_CLE_PIT,CLE,14,30,161,0,2,3,-12,1,1,0,161,7,-21.140268225244,,0,7,4,2,0,18,60,1,0,0,3,-3.42700267391147,0,2,1,0,0,14,0,161,0,0,0,0,0,7,10.8562901815749,0,7,4,2,0,0,49,10,18,0,0,0,1,8,0,1,19,2,0,1,0,0,1,0,0,0,0,1,0,1,0,0,10,62,1,1,1,0,2,1,4,39,7,156,2,2,0,0,37,1,0,0,2,0,0,0,0,0,0,0,0,0,30;37,,,67,0,0,1,1,0,0,1,0,0,0,0,0,5,0,46,214,1,0,1,1,0,3,18,0,176
2003,5,SEA,REG,2003_05_SEA_GB,GB,23,39,225,0,1,2,-10,0,0,0,225,14,-1.60192796189888,,0,11,2,2,0,23,128,1,1,1,8,1.33424549404299,0,2,2,0,0,23,0,225,0,0,0,0,0,14,17.595429651119,0,11,2,2,0,0,36,15,19,0,0,0,1,8,0,0,0,3,0,0,0,0,0,0,0,0,0,0,0,0,0,0,7,57,4,1,0,0,1,1,1,0,6,95,2,2,0,0,58,1,0,1,0,0,1,0,0,0,0,0,0,0,27;58,,,85,0,0,1,1,0,0,1,0,0,0,0,0,1,0,32,32,0,0,1,0,0,0,0,0,32
2003,5,SF,REG,2003_05_DET_SF,DET,15,27,192,2,1,2,-9,0,0,0,192,9,4.75449334727845,,0,9,4,3,0,39,142,1,2,0,10,-5.0535421372029,0,3,2,0,0,15,0,192,2,0,0,0,0,9,18.3719319841732,0,9,4,3,0,0,39,6,6,0,0,0,0,0,0,2,53,10,0,0,0,0,0,0,0,0,0,3,-3,0,0,0,4,45,3,1,2,0,3,0,4,30,3,53,1,2,1,0,48,0.5,0,0,0,1,0,0,0,0,1,0,0,0,48,37,,48,37,0,3,3,0,0,1,0,0,0,0,0,6,0,47,248,1,0,1,1,0,4,32,0,196
2003,5,TB,REG,2003_05_IND_TB,IND,26,39,318,3,1,0,0,0,0,0,318,14,20.3712942111874,,0,13,4,3,1,33,139,0,0,0,7,-3.64542025205446,0,5,2,0,0,26,0,318,3,0,0,0,0,14,24.5367619514142,0,13,4,3,1,0,36,19,29,0,0,1,1,5,0,1,29,3,1,0,0,0,0,0,0,0,0,0,0,1,57,1,11,111,7,0,0,0,0,0,3,28,5,93,0,2,2,0,,0,0,0,0,0,0,0,0,0,0,0,0,2,,60;62,,0,122,0,5,5,0,0,1,0,0,0,0,0,6,0,54,241,4,1,1,1,2,1,9,0,212
2003,5,TEN,REG,2003_05_TEN_NE,NE,23,45,391,0,1,2,-19,0,0,0,391,16,6.38896020938075,,1,15,7,6,3,27,70,2,0,0,4,-1.85470165439074,0,2,1,0,0,23,0,391,0,0,0,0,0,16,31.5488929750685,1,16,8,6,3,0,28,22,22,0,0,1,3,26,0,0,0,3,0,0,0,0,0,0,0,0,0,1,-2,0,0,0,8,66,3,0,1,0,1,0,1,14,7,135,5,6,1,0,48,0.833333333333333,0,0,2,3,0,0,0,0,0,1,0,0,48;43;33;37;41,46,,202,46,0,1,1,0,0,1,0,0,0,0,0,3,0,56,134,0,0,0,0,1,2,23,0,111
2003,5,WAS,REG,2003_05_WAS_PHI,PHI,25,50,271,1,2,2,-13,0,0,0,271,12,-9.80032457733646,,0,11,3,2,0,21,49,1,0,0,5,1.66075129737319,0,0,0,0,0,25,0,271,1,0,0,0,0,12,18.9951982417735,0,11,3,2,0,0,49,0,6,0,0,0,3,17,0,2,21,8,0,0,0,0,0,0,0,0,0,0,0,0,0,0,11,85,5,0,0,0,0,0,2,11,6,154,4,4,0,0,53,1,0,0,1,2,1,0,0,0,0,0,0,0,48;45;37;53,,,183,0,0,1,1,0,0,1,0,0,0,0,0,6,0,50,252,0,0,0,1,3,2,28,0,204
2003,6,ARI,REG,2003_06_BAL_ARI,BAL,22,36,247,2,3,2,-17,0,0,0,247,9,-14.2883438727004,,0,11,4,3,0,20,90,0,1,0,6,0.597459991320665,1,4,4,0,0,22,0,247,2,1,0,0,0,9,14.8887476871023,0,11,4,3,0,0,43,7,7,0,0,0,1,3,0,0,0,6,0,0,0,0,0,0,0,0,0,1,0,0,0,0,5,35,4,2,0,1,2,0,2,12,6,130,1,1,0,0,46,1,0,0,0,1,0,0,0,0,0,0,0,0,46,,,46,0,0,1,1,0,0,1,0,0,0,0,0,3,1,58,146,1,0,1,0,1,1,0,0,146
2003,6,ATL,REG,2003_06_ATL_STL,LA,12,28,155,0,2,3,-19,0,0,0,155,5,-17.8356517950712,,0,5,3,3,0,21,73,0,0,0,4,-0.316697869391646,0,2,1,0,0,12,0,155,0,1,1,0,0,5,5.45856631838251,0,5,3,3,0,0,58,2,2,0,0,2,0,0,0,2,6,3,0,1,0,0,0,0,0,0,0,0,0,1,0,0,3,30,3,2,0,0,2,2,1,11,6,142,0,1,0,1,,0,0,0,0,0,0,0,0,0,0,0,0,0,,,60,0,0,60,0,0,0,0,,0,0,0,0,0,6,0,54,245,1,0,1,0,3,2,21,0,224
2003,6,BAL,REG,2003_06_BAL_ARI,ARI,9,18,75,0,0,1,-3,0,0,0,75,4,-0.170108963652085,,0,2,1,0,0,38,213,0,0,0,8,0.061641657837856,0,6,3,1,1,9,0,75,0,0,0,0,0,4,6.70948217710576,0,2,1,0,0,1,38,9,9,0,0,2,2,17,0,3,120,4,1,0,0,1,0,0,0,0,22,0,0,0,0,0,6,55,0,0,0,0,0,0,1,0,2,16,4,4,0,0,37,1,0,2,2,0,0,0,0,0,0,0,0,0,31;22;29;37,,,119,0,0,2,2,0,0,1,0,0,0,0,0,4,0,49,166,2,1,0,1,0,2,12,0,134
2003,6,BUF,REG,2003_06_BUF_NYJ,NYJ,24,41,202,0,2,7,-62,1,1,0,202,13,-13.6619567202708,,0,9,4,1,0,19,53,0,0,0,2,-11.3739593613427,0,0,0,0,0,24,0,202,0,0,0,0,0,13,20.3191497880616,0,9,4,1,0,0,29,22,22,0,0,0,2,15,0,0,0,0,0,0,0,0,0,0,0,0,0,0,-21,0,0,0,5,45,2,1,1,0,2,2,1,5,7,141,1,1,0,0,44,1,0,0,0,1,0,0,0,0,0,0,0,0,44,,,44,0,0,0,0,0,0,,0,0,0,0,0,4,0,56,190,0,0,0,0,1,3,102,0,88
2003,6,CAR,REG,2003_06_CAR_IND,IND,12,20,181,1,1,3,-29,1,0,0,181,3,3.73458410528828,,0,4,3,3,2,41,189,1,1,1,12,-4.49700674579184,0,6,5,1,0,12,0,181,1,0,0,0,0,3,13.315482351929,0,4,3,3,2,0,46,9,9,0,0,2,0,0,0,1,2,2,0,0,0,0,0,0,0,0,0,2,0,2,0,0,9,70,3,3,0,0,3,1,3,61,6,118,3,3,0,0,47,1,0,2,0,1,0,0,0,0,0,0,0,0,29;23;47,,,99,0,0,2,2,0,0,1,1,1,0,0,47,5,0,64,241,3,1,2,1,1,0,0,0,221
2003,6,CHI,REG,2003_06_CHI_NO,NO,10,21,152,1,0,3,-21,2,2,0,152,8,-1.08503733027033,,0,6,5,3,0,32,140,0,3,0,7,-2.3617843434331,0,3,2,0,0,10,0,152,1,0,0,0,0,8,17.5262258587754,0,6,5,3,0,0,42,9,9,0,0,2,0,0,0,0,0,7,0,0,0,0,0,0,0,0,0,2,-22,0,0,0,5,86,5,4,1,1,5,2,0,0,4,124,2,2,0,0,31,1,0,1,1,0,0,0,0,0,0,0,0,0,28;31,,,59,0,0,1,1,0,0,1,0,0,0,0,0,4,0,46,167,1,1,0,1,0,2,10,0,137
2003,6,CLE,REG,2003_06_OAK_CLE,LV,16,26,127,0,0,2,-14,0,0,0,127,6,-4.69618934082515,,0,8,3,0,0,32,171,1,1,1,11,1.69427672063466,0,6,5,1,0,16,0,127,0,0,0,0,0,6,5.23615056371367,0,8,3,0,0,0,28,18,18,0,0,1,1,1,0,0,0,5,0,0,0,0,0,0,0,0,0,0,0,0,0,0,6,55,2,1,0,0,1,1,4,16,2,45,2,2,0,0,52,1,0,0,1,0,1,0,0,0,0,0,0,0,52;32,,,84,0,0,1,1,0,0,1,0,0,0,0,0,4,0,54,186,3,1,2,1,0,0,0,0,166
2003,6,DAL,REG,2003_06_PHI_DAL,PHI,15,26,183,0,1,1,-10,0,0,0,183,8,-0.929604780311994,,0,6,3,2,1,36,119,1,0,0,7,-3.7171225617905,0,4,3,0,0,15,0,183,0,0,0,0,0,8,12.7867304066313,0,6,3,2,1,1,41,0,16,0,0,2,3,16,0,0,0,4,0,1,0,0,0,0,0,0,0,1,0,1,0,0,5,23,5,1,0,0,1,0,3,10,4,137,3,3,0,0,51,1,0,2,0,0,1,0,0,0,0,0,0,0,51;22;28,,,101,0,0,2,2,0,0,1,0,0,0,0,0,6,0,48,232,2,1,0,0,3,2,13,0,219
2003,6,DEN,REG,2003_06_PIT_DEN,PIT,17,28,172,2,2,2,-7,1,0,0,172,9,-6.97786378841968,,0,9,3,1,0,18,77,0,1,1,4,-7.29074344586115,0,2,1,1,0,17,0,172,2,0,0,0,0,9,11.2475115233101,0,9,3,1,0,0,54,6,16,0,0,1,6,39,0,0,0,7,0,0,0,0,0,0,0,0,0,1,0,1,3,0,6,37,5,2,0,0,2,1,3,11,2,32,1,1,0,0,47,1,0,0,0,1,0,0,0,0,0,0,0,0,47,,,47,0,0,2,2,0,0,1,1,1,0,0,47,6,0,59,317,3,0,1,0,0,5,36,0,281
2003,6,GB,REG,2003_06_KC_GB,KC,25,36,272,2,1,3,-15,0,0,0,272,13,1.9080183914524,,0,10,5,5,0,35,183,2,1,1,11,0.605326721793972,0,7,5,1,0,25,0,272,2,0,0,0,0,13,23.3014039143365,0,10,5,5,0,0,39,12,20,0,0,0,0,0,0,0,0,3,0,0,0,0,0,0,0,0,0,0,0,0,0,0,3,25,1,1,0,0,1,1,2,17,6,140,2,2,0,0,50,1,0,0,0,1,1,0,0,0,0,0,0,0,50;41,,,91,0,0,4,4,0,0,1,0,0,0,0,0,4,0,60,179,0,1,0,1,0,2,62,0,97
2003,6,HOU,REG,2003_06_HOU_TEN,TEN,25,42,371,2,3,1,-4,0,0,0,371,15,-2.81551958337152,,0,13,9,5,1,16,91,0,0,0,6,3.68187607097207,0,4,3,1,0,25,0,371,2,0,0,0,0,15,26.7984657068155,0,13,9,5,1,0,34,12,18,0,0,0,1,0,0,0,0,3,0,0,0,0,0,0,0,0,0,0,0,1,0,0,6,50,3,0,0,0,0,0,1,4,7,105,1,1,0,0,29,1,0,1,0,0,0,0,0,0,0,0,0,0,29,,,29,0,0,2,2,0,0,1,0,0,0,0,0,6,0,47,239,3,0,3,0,2,1,0,0,239
2003,6,IND,REG,2003_06_CAR_IND,CAR,23,34,293,1,1,0,0,0,0,0,293,15,8.0507912043908,,0,12,8,5,0,27,76,1,1,1,3,-10.5311850791331,0,1,0,0,0,23,0,293,1,1,1,0,0,15,16.263316937548,0,12,8,5,0,0,43,25,25,0,0,3,3,29,0,1,9,4,0,0,0,0,0,0,0,0,0,0,0,1,0,0,4,30,3,2,0,0,2,2,0,0,5,114,2,2,0,0,39,1,0,1,1,0,0,0,0,0,0,0,0,0,39;22,,,61,0,0,2,2,0,0,1,0,0,0,0,0,5,0,54,219,1,0,1,0,1,3,61,0,158
2003,6,JAX,REG,2003_06_MIA_JAX,MIA,24,42,256,0,3,4,-12,2,1,33,256,11,-13.814759460045,,0,11,4,2,0,30,88,1,1,0,7,-6.83682110002877,0,1,0,0,0,24,2,256,0,1,1,33,0,11,2.11049501650268,0,11,4,2,0,0,43,0,0,0,0,2,1,4,0,1,21,4,0,0,0,0,0,0,0,0,0,3,-11,1,0,0,7,50,4,4,1,0,5,2,2,-2,2,40,1,2,1,0,20,0.5,0,1,0,0,0,0,0,0,1,0,0,0,20,31,,20,31,0,1,1,0,0,1,0,0,0,0,0,1,0,42,42,0,1,0,0,0,0,0,0,42
2003,6,KC,REG,2003_06_KC_GB,GB,27,45,400,3,0,0,0,0,0,0,400,16,20.1836436338298,,0,15,9,5,2,26,82,1,0,0,5,0.0340568703832105,0,0,0,0,0,27,0,400,3,0,0,0,0,16,33.0228166419547,0,15,9,5,2,0,47,16,22,0,0,1,3,15,0,1,79,7,1,0,0,0,0,0,0,0,0,0,0,1,0,0,5,40,5,0,0,0,0,0,2,62,4,54,2,3,1,0,34,0.666666666666667,0,0,2,0,0,0,0,0,0,1,0,0,34;31,48,,65,48,0,4,4,0,0,1,0,0,0,0,0,6,0,55,249,1,0,2,1,1,2,17,0,212
2003,6,LA,REG,2003_06_ATL_STL,ATL,24,35,377,2,2,0,0,0,0,0,377,17,21.3698993044761,,0,17,10,7,0,31,119,1,0,0,9,-5.33431080865557,0,6,2,1,0,24,0,377,2,1,1,0,0,17,25.5164482794441,0,17,10,7,0,0,38,8,8,0,0,2,3,19,0,2,78,5,1,1,1,0,0,1,0,0,0,0,0,2,3,0,6,45,2,2,0,1,2,1,2,21,2,46,2,2,0,0,38,1,0,1,1,0,0,0,0,0,0,0,0,0,28;38,,,66,0,0,4,4,0,0,1,0,0,0,0,0,2,0,39,72,1,0,0,0,1,1,11,0,61
2003,6,LV,REG,2003_06_OAK_CLE,CLE,21,33,165,1,0,1,-1,1,0,0,165,6,-1.39381287025753,,0,4,1,1,0,21,90,0,0,0,6,2.02974619553424,0,2,0,0,0,21,0,165,1,0,0,0,0,6,9.28577671991661,0,4,1,1,0,0,38,16,16,0,0,1,2,14,0,0,0,4,0,0,0,0,0,0,0,0,0,1,0,1,7,0,19,128,3,1,0,0,1,0,0,0,4,91,0,0,0,0,,,0,0,0,0,0,0,0,0,0,0,0,0,,,,0,0,0,1,1,0,0,1,0,0,0,0,0,6,0,59,277,2,0,0,0,2,4,16,0,261
2003,6,MIA,REG,2003_06_MIA_JAX,JAX,14,27,147,0,1,1,-4,0,0,22,147,9,0.0188060328400979,,0,7,2,1,0,24,91,1,1,1,6,-1.32841659127735,0,4,3,1,0,14,1,147,0,1,0,22,0,9,11.1044482599245,0,7,2,1,0,0,52,2,20,0,0,4,4,12,0,3,46,7,1,0,0,0,0,0,0,0,0,1,2,2,0,1,11,149,4,2,0,0,2,1,0,0,3,71,1,1,0,0,51,1,0,0,0,0,1,0,0,0,0,0,0,0,51,,,51,0,0,3,3,0,0,1,0,0,0,0,0,5,0,55,221,1,0,1,2,0,2,-2,0,183
2003,6,NE,REG,2003_06_NYG_NE,NYG,8,21,112,0,0,2,-21,0,0,0,112,5,-3.92734184481791,,0,4,2,2,0,31,129,1,0,0,6,-3.70187859024736,0,5,3,1,0,8,0,112,0,0,0,0,0,5,10.083220823115,0,4,2,2,0,0,32,38,40,0,0,1,2,8,0,4,19,10,0,0,0,0,0,0,0,0,0,0,0,1,38,1,10,110,5,0,0,0,0,0,0,0,3,55,1,2,1,0,28,0.5,0,1,0,0,0,0,0,0,0,1,0,0,28,42,,28,42,0,2,2,0,0,1,0,0,0,0,0,8,0,49,311,1,0,2,0,0,6,28,0,283
2003,6,NO,REG,2003_06_CHI_NO,CHI,14,29,153,2,0,0,0,0,0,0,153,7,5.00211914140182,,0,6,3,2,0,34,130,0,1,0,8,-5.40420423441844,0,2,1,1,0,14,0,153,2,0,0,0,0,7,15.8179655870481,0,6,3,2,0,0,34,15,15,0,0,4,3,21,0,0,0,5,0,0,0,0,0,0,0,0,0,2,0,2,2,0,6,35,4,2,1,1,3,0,2,10,3,61,2,3,1,0,50,0.666666666666667,0,0,1,0,1,0,0,0,1,0,0,0,50;30,38,,80,38,0,2,2,0,0,1,0,0,0,0,0,3,0,38,103,1,1,0,0,2,0,0,0,103
2003,6,NYG,REG,2003_06_NYG_NE,NE,35,59,314,0,4,2,-8,0,0,0,314,18,-8.92522832224039,,0,11,3,2,0,24,75,0,1,1,6,-10.541112039564,0,1,1,0,0,35,0,314,0,0,0,0,0,18,22.0445620131795,0,11,3,2,0,0,25,20,20,0,0,0,2,21,0,0,0,1,0,1,0,0,0,0,0,0,0,1,0,0,0,0,8,50,5,1,1,0,2,1,6,28,4,78,2,4,2,0,34,0.5,0,1,1,0,0,0,0,0,0,2,0,0,22;34,47;49,,56,96,0,0,0,0,0,,0,0,0,0,0,3,0,39,103,2,1,0,0,2,0,0,0,103
2003,6,NYJ,REG,2003_06_BUF_NYJ,BUF,11,17,130,3,0,2,-15,0,0,0,130,7,2.84153419218686,,0,6,5,2,0,33,118,0,0,0,5,-4.09764244079647,0,1,1,0,0,11,0,130,3,0,0,0,0,7,12.5500212455459,0,6,5,2,0,0,41,16,16,0,0,1,7,62,0,2,39,7,0,0,0,0,0,0,0,0,0,0,0,2,0,0,3,25,4,0,0,0,0,0,3,102,2,41,3,4,1,0,43,0.75,0,1,1,1,0,0,0,0,0,0,1,0,27;33;43,50,,103,50,0,3,3,0,0,1,0,0,0,0,0,3,0,51,117,0,0,0,1,1,1,5,0,92
2003,6,PHI,REG,2003_06_PHI_DAL,DAL,11,26,126,1,0,3,-16,1,1,0,126,3,-6.77120001718868,,0,2,2,2,1,31,122,2,1,0,8,6.79021109544556,0,3,3,2,0,11,0,126,1,0,0,0,0,3,8.89674330560956,0,2,2,2,1,0,49,0,14,0,0,1,1,10,0,1,0,3,0,0,0,0,0,0,0,0,0,1,0,0,0,0,2,10,6,2,0,0,2,1,2,13,6,148,0,0,0,0,,,0,0,0,0,0,0,0,0,0,0,0,0,,,,0,0,0,3,3,0,0,1,0,0,0,0,0,8,0,60,361,5,1,0,1,3,3,10,0,331
2003,6,PIT,REG,2003_06_PIT_DEN,DEN,20,31,186,0,0,7,-56,1,0,0,186,10,-4.77797394667407,,0,9,3,1,0,30,85,1,2,1,5,-6.6997265069948,1,3,1,0,0,20,0,186,0,0,0,0,0,10,13.9103985402035,0,9,3,1,0,0,37,1,5,0,0,2,2,7,0,2,38,5,0,0,0,0,0,0,0,0,0,2,-7,1,4,0,9,85,5,1,2,0,3,1,5,36,2,38,2,2,0,0,26,1,0,2,0,0,0,0,0,0,0,0,0,0,24;26,,,50,0,0,0,0,0,0,,0,0,0,0,0,7,0,54,327,1,1,0,2,1,3,11,0,276
2003,6,SEA,REG,2003_06_SF_SEA,SF,17,27,207,1,1,4,-21,0,0,0,207,10,1.65660167348828,,0,7,5,4,0,34,147,1,0,0,9,-3.1834126979229,0,6,5,1,0,17,0,207,1,0,0,0,0,10,16.8257471705438,0,7,5,4,0,0,40,14,14,0,0,1,4,18,0,0,0,3,0,0,0,0,0,0,0,0,0,0,0,1,0,0,8,105,3,0,0,0,0,0,3,6,4,79,2,2,0,0,37,1,0,1,1,0,0,0,0,0,0,0,0,0,27;37,,,64,0,0,2,2,0,0,1,0,0,0,0,0,5,0,42,187,1,0,2,0,1,2,9,0,178
2003,6,SF,REG,2003_06_SF_SEA,SEA,16,27,168,0,0,4,-18,0,0,0,168,9,1.6481733150169,,0,8,3,1,0,29,111,2,1,1,7,1.15248234593309,0,2,1,0,0,16,0,168,0,0,0,0,0,9,13.3404568095892,0,8,3,1,0,0,43,15,15,0,0,0,4,21,0,1,0,3,0,0,0,0,0,0,0,0,0,0,0,0,0,0,6,33,6,1,0,0,1,1,2,9,5,93,2,3,1,0,42,0.666666666666667,0,0,1,1,0,0,0,0,1,0,0,0,42;33,38,,75,38,0,1,2,1,0,0.5,0,0,0,0,0,5,0,41,189,0,1,0,0,1,3,6,0,183
2003,6,TB,REG,2003_06_TB_WAS,WAS,22,30,268,4,0,0,0,0,0,0,268,15,22.1431089871912,,0,12,5,4,0,25,111,0,2,0,7,-0.530939794087317,0,5,4,0,0,22,0,268,4,0,0,0,0,15,28.2031581794727,0,12,5,4,0,0,52,2,6,0,0,2,6,39,0,2,44,5,1,0,0,0,0,0,0,0,0,2,0,1,0,0,6,59,3,2,0,0,2,0,1,11,2,42,0,0,0,0,,,0,0,0,0,0,0,0,0,0,0,0,0,,,,0,0,0,5,5,0,0,1,0,0,0,0,0,3,0,46,97,1,1,0,0,1,1,12,0,85
2003,6,TEN,REG,2003_06_HOU_TEN,HOU,18,27,421,3,0,1,0,0,0,0,421,17,28.0041218856058,,0,17,13,11,3,33,114,1,1,1,5,-6.62796377021004,0,5,4,1,0,18,0,421,3,0,0,0,0,17,37.5050527028798,0,17,13,11,3,0,23,20,26,0,0,0,1,4,0,3,65,6,1,0,0,0,0,0,0,0,0,0,0,0,0,0,8,69,1,0,1,0,1,1,1,0,2,41,1,1,0,0,33,1,0,0,1,0,0,0,0,0,0,0,0,0,33,,,33,0,0,5,5,0,0,1,0,0,0,0,0,4,0,53,162,2,0,2,1,0,1,4,0,138
2003,6,WAS,REG,2003_06_TB_WAS,TB,25,36,246,1,2,6,-39,1,1,0,246,13,-6.65518822462206,,0,9,4,3,0,23,68,0,0,0,5,-1.76167595444713,0,1,1,0,0,25,0,246,1,1,0,0,0,13,18.7403594176285,0,9,4,3,0,0,45,0,6,0,0,2,0,0,0,0,0,3,0,0,0,0,0,0,0,0,0,0,0,0,0,0,9,72,5,2,0,1,2,1,1,12,3,85,2,2,0,0,51,1,0,0,1,0,1,0,0,0,0,0,0,0,33;51,,,84,0,0,1,1,0,0,1,0,0,0,0,0,2,0,46,84,0,0,0,0,1,1,11,0,73
2003,7,ATL,REG,2003_07_NO_ATL,NO,9,29,115,1,1,1,-7,0,0,0,115,6,-8.69101633230546,,0,5,3,1,0,22,130,1,0,0,3,0.643344957439695,0,1,1,1,1,9,0,115,1,0,0,0,0,6,11.127897543367,0,5,3,1,0,0,54,8,8,0,0,2,3,10,0,0,0,3,0,0,0,0,0,0,0,0,0,0,0,1,3,0,5,78,2,0,0,0,0,0,3,69,8,146,1,1,0,0,28,1,0,1,0,0,0,0,0,0,0,0,0,0,28,,,28,0,0,2,2,0,0,1,0,0,0,0,0,6,0,48,267,1,0,0,0,2,3,23,0,244
2003,7,BAL,REG,2003_07_BAL_CIN,CIN,15,27,302,2,1,3,-21,1,1,0,302,11,11.627886007902,,2,9,8,7,1,29,110,1,2,1,5,-8.27605340848095,0,3,3,2,0,15,0,302,2,1,0,0,0,11,33.2490992285023,2,9,8,7,1,0,38,1,19,0,0,1,4,30,0,0,0,3,0,0,0,0,0,0,0,0,0,1,-4,0,0,0,13,113,6,2,2,1,4,2,4,43,6,116,1,1,0,0,25,1,0,1,0,0,0,0,0,0,0,0,0,0,25,,,25,0,0,1,1,0,0,1,0,0,0,0,0,5,0,54,199,2,2,2,0,0,1,13,0,186
2003,7,BUF,REG,2003_07_WAS_BUF,WAS,19,26,244,1,1,1,-8,0,0,0,244,15,8.81946498760954,,0,14,6,3,0,39,196,2,1,1,9,-0.53357684724825,0,5,5,2,0,19,0,244,1,1,0,0,0,15,17.7040225836681,0,14,6,3,0,0,28,11,15,0,0,1,2,6,0,0,0,7,0,0,0,0,0,0,0,0,0,1,0,1,2,0,9,95,5,1,1,0,2,1,6,13,1,17,1,1,0,0,20,1,0,1,0,0,0,0,0,0,0,0,0,0,20,,,20,0,0,3,3,0,0,1,0,0,0,0,0,6,0,59,291,1,0,1,0,1,4,51,0,240
2003,7,CAR,REG,2003_07_TEN_CAR,TEN,31,49,362,2,0,4,-23,1,1,0,362,14,0.0686202279757708,,0,11,5,3,2,17,44,0,1,1,3,-10.8524455788434,0,1,0,0,0,31,0,362,2,1,1,0,0,14,15.2914010910899,0,11,5,3,2,0,48,7,15,0,0,2,3,26,0,0,0,6,0,0,0,0,0,0,0,0,0,0,-4,0,0,0,5,45,4,2,2,0,4,4,3,14,5,93,1,1,0,0,53,1,0,0,0,0,1,0,0,0,0,0,0,0,53,,,53,0,0,2,2,0,0,1,0,0,0,0,0,6,0,52,265,1,0,1,0,0,5,53,0,212
2003,7,CHI,REG,2003_07_CHI_SEA,SEA,19,34,149,0,2,3,-25,0,0,0,149,8,-7.26074662308401,,0,5,1,1,0,28,87,1,1,0,8,2.92603246621741,1,3,0,0,0,19,0,149,0,0,0,0,0,8,11.5179335633569,0,5,1,1,0,0,30,22,22,0,0,1,2,4,0,1,0,3,0,1,0,0,0,0,0,0,0,2,-4,1,2,0,6,64,4,0,2,0,2,0,1,0,4,78,3,3,0,0,50,1,0,0,1,1,1,0,0,0,0,0,0,0,50;35;40,,,125,0,0,0,0,0,0,,0,0,0,0,0,3,0,52,133,2,0,1,0,2,0,0,0,133
2003,7,CIN,REG,2003_07_BAL_CIN,BAL,16,27,274,3,0,4,-30,0,0,0,274,10,10.8559610686448,,0,9,7,3,2,28,59,1,0,0,4,-4.20486648171209,0,1,0,0,0,16,0,274,3,1,0,0,0,10,24.2996574679855,0,9,7,3,2,0,33,2,36,0,0,2,3,21,0,1,31,2,0,0,0,0,0,0,0,0,0,1,1,2,0,0,8,65,6,1,1,1,2,0,1,13,4,50,2,2,0,0,44,1,0,0,1,1,0,0,0,0,0,0,0,0,44;37,,,81,0,0,4,4,0,0,1,0,0,0,0,0,5,0,58,185,1,0,1,0,0,4,43,0,142
2003,7,CLE,REG,2003_07_SD_CLE,LAC,24,44,192,2,2,3,-16,0,0,0,192,10,-24.2788230876182,,0,8,3,1,0,22,101,0,1,0,6,-0.586468589142896,0,4,3,0,0,24,0,192,2,0,0,0,0,10,9.84603139270436,0,7,3,1,0,0,39,15,15,0,0,1,1,13,0,1,3,4,0,0,0,0,0,0,0,0,0,1,0,1,0,0,7,76,5,1,0,0,1,0,1,3,7,158,2,3,1,0,46,0.666666666666667,0,0,0,2,0,0,0,0,0,1,0,0,46;42,46,,88,46,0,2,2,0,0,1,0,0,0,0,0,4,0,50,175,1,0,0,0,1,3,61,0,114
2003,7,DAL,REG,2003_07_DAL_DET,DET,19,27,198,3,0,1,-1,0,0,0,198,10,11.0676372327143,,0,9,5,2,0,43,134,1,1,1,11,-11.0277429565244,0,6,4,0,0,19,0,198,3,0,0,0,0,10,16.6111339157214,0,9,5,2,0,0,34,1,9,0,0,1,1,7,0,3,51,13,1,1,0,0,0,0,0,0,0,2,0,1,0,0,6,65,3,2,1,0,3,1,6,19,2,34,1,1,0,0,23,1,0,1,0,0,0,0,0,0,0,0,0,0,23,,,23,0,0,5,5,0,0,1,0,0,0,0,0,5,0,49,208,2,0,0,1,2,2,15,0,173
2003,7,DEN,REG,2003_07_DEN_MIN,MIN,21,37,223,1,3,5,-40,1,0,0,223,13,-12.3616435434613,,0,11,4,3,0,27,138,1,0,0,9,4.12643076141831,0,4,4,1,0,21,0,223,1,0,0,0,0,13,16.9526899951482,0,11,4,3,0,0,34,10,24,0,0,2,2,9,0,0,0,1,0,0,0,0,0,0,0,0,0,0,0,0,0,0,5,40,5,1,0,1,1,0,2,4,4,100,2,2,0,0,46,1,0,0,0,2,0,0,0,0,0,0,0,0,46;46,,,92,0,0,2,2,0,0,1,0,0,0,0,0,3,0,46,129,0,0,0,0,0,3,24,0,105
2003,7,DET,REG,2003_07_DAL_DET,DAL,10,33,81,0,3,1,-7,0,0,0,81,3,-29.0465443408466,,0,2,1,1,0,21,83,0,1,1,4,-3.84868744650157,0,1,1,0,0,10,0,81,0,0,0,0,0,3,5.28717976965709,0,2,1,1,0,0,51,2,24,0,0,2,1,1,0,0,0,1,0,0,0,0,0,0,0,0,0,0,0,1,67,1,9,96,2,1,0,0,1,1,2,15,7,114,0,0,0,0,,,0,0,0,0,0,0,0,0,0,0,0,0,,,,0,0,0,1,1,0,0,1,0,0,0,0,0,7,0,47,266,1,0,0,0,1,6,19,0,247
2003,7,GB,REG,2003_07_GB_STL,LA,23,32,268,2,1,1,-12,0,0,0,268,16,3.52037543272072,,0,15,5,3,0,26,116,1,2,2,4,-6.23578071294469,0,2,1,1,1,23,0,268,2,0,0,0,0,16,20.327234581986,0,15,5,3,0,0,53,4,4,0,0,2,2,8,0,2,3,5,0,1,0,0,0,0,0,0,0,0,0,0,0,0,6,40,5,2,1,0,3,3,2,2,6,98,1,1,0,0,33,1,0,0,1,0,0,0,0,0,0,0,0,0,33,,,33,0,0,3,3,0,0,1,0,0,0,0,0,4,0,53,183,0,0,0,1,0,3,27,0,136
2003,7,HOU,REG,2003_07_NYJ_HOU,NYJ,15,23,170,0,0,2,-14,0,0,0,170,7,0.0205133717972785,,0,6,2,2,0,36,169,2,0,0,10,-0.0477167984936386,0,7,4,0,0,15,0,170,0,0,0,0,0,7,13.2818479096168,0,6,2,2,0,0,35,9,15,0,0,0,2,22,0,0,0,8,0,0,0,0,0,0,0,0,0,0,0,0,0,0,8,50,6,0,0,0,0,0,1,8,5,134,0,0,0,0,,,0,0,0,0,0,0,0,0,0,0,0,0,,,,0,0,0,2,2,0,0,1,0,0,0,0,0,7,0,51,247,4,0,0,1,3,3,45,0,182
2003,7,KC,REG,2003_07_KC_OAK,LV,11,22,206,0,1,2,-12,0,0,0,206,7,-3.4022479362002,,0,7,5,5,2,31,125,2,0,0,7,2.98691521579167,0,3,2,1,0,11,0,206,0,0,0,0,0,7,10.6610920699313,0,7,5,5,2,0,42,16,16,0,0,1,4,25,0,2,2,4,0,0,0,0,0,0,0,0,0,0,0,1,0,0,7,67,4,0,0,0,0,0,2,15,3,60,1,2,1,0,37,0.5,0,0,1,0,0,0,0,0,0,0,1,0,37,50,,37,50,0,2,2,0,0,1,0,0,0,0,0,7,0,53,287,3,0,2,1,2,2,11,0,256
2003,7,LA,REG,2003_07_GB_STL,GB,22,34,247,3,2,2,-8,0,0,0,247,13,1.84911574388389,,0,10,7,5,0,27,131,1,1,0,7,-0.927005265156433,0,3,3,1,0,22,0,247,3,1,0,0,0,13,20.5717006226769,0,10,7,5,0,0,51,5,5,0,0,2,1,12,0,1,28,4,0,0,0,0,0,0,0,0,0,2,-5,3,0,0,8,64,3,2,1,1,3,0,3,27,4,79,2,2,0,0,43,1,0,0,1,1,0,0,0,0,0,0,0,0,39;43,,,82,0,0,4,4,0,0,1,0,0,0,0,0,4,0,48,173,0,0,0,2,0,2,2,0,131
2003,7,LAC,REG,2003_07_SD_CLE,CLE,9,19,74,0,1,1,-13,0,0,0,74,3,-14.6723638840326,,0,4,2,0,0,36,228,1,1,0,9,8.08829509676906,0,5,4,2,1,9,0,74,0,0,0,0,0,3,2.36834014847629,0,4,2,0,0,0,41,14,14,0,0,1,3,16,0,2,53,11,1,0,0,0,0,0,0,0,0,1,-1,0,0,0,12,93,6,1,1,0,2,1,3,61,5,96,4,5,1,0,50,0.8,0,0,1,2,1,0,0,0,0,1,0,0,44;50;42;32,43,,168,43,0,2,2,0,0,1,0,0,0,0,0,4,0,56,146,1,1,1,1,0,1,3,0,123
2003,7,LV,REG,2003_07_KC_OAK,KC,26,47,282,0,2,4,-25,1,0,0,282,13,-10.7307761617147,,0,12,6,4,0,25,100,1,0,0,9,-0.762934891012264,0,3,1,0,0,26,0,282,0,0,0,0,0,13,12.4116374840087,0,12,6,4,0,0,32,17,17,0,0,0,2,12,0,1,0,3,0,1,0,0,0,0,0,0,0,1,0,0,0,0,6,50,4,1,1,0,2,1,2,11,4,75,1,1,0,0,27,1,0,1,0,0,0,0,0,0,0,0,0,0,27,,,27,0,0,1,1,0,0,1,0,0,0,0,0,6,0,71,268,2,2,0,1,1,2,15,0,233
2003,7,MIA,REG,2003_07_NE_MIA,NE,20,35,230,1,2,1,-1,0,0,0,230,14,0.119734123179291,,0,12,8,2,0,29,97,0,0,0,5,-5.07182054237182,0,4,2,0,0,20,0,230,1,2,1,0,0,14,11.0060219561638,0,12,8,2,0,0,43,0,34,0,0,2,1,10,0,0,0,2,0,1,0,0,0,0,0,0,0,1,0,2,0,0,4,40,2,2,1,1,3,1,2,9,4,82,2,4,1,1,34,0.5,0,1,1,0,0,0,0,0,1,0,0,0,23;34,35,35,57,35,35,1,1,0,0,1,0,0,0,0,0,4,0,46,129,3,1,1,0,1,1,2,0,127
2003,7,MIN,REG,2003_07_DEN_MIN,DEN,19,26,277,2,0,2,-9,0,0,0,277,9,7.47610981203616,,0,9,5,5,2,22,72,1,1,0,4,-2.80214046180481,0,1,0,0,0,19,0,277,2,0,0,0,0,9,17.6514892372652,0,10,5,5,2,0,41,13,19,0,0,1,5,40,0,3,67,7,1,1,0,0,0,0,0,0,0,3,0,0,0,0,14,108,3,2,1,0,3,0,3,24,5,107,0,0,0,0,,,0,0,0,0,0,0,0,0,0,0,0,0,,,,0,0,0,4,4,0,0,1,0,0,0,0,0,6,0,45,234,2,0,2,0,2,2,4,0,230
2003,7,NE,REG,2003_07_NE_MIA,MIA,24,34,283,2,0,1,-10,1,0,0,283,10,13.3408009236495,,0,7,4,3,1,29,59,0,2,2,5,-16.1331496783702,0,0,0,0,0,24,0,283,2,0,0,0,0,10,21.4491174692521,0,7,4,3,1,0,44,0,18,0,0,2,1,1,0,2,0,9,0,0,0,0,0,1,0,0,6,1,0,1,16,0,5,34,8,2,1,0,3,2,1,2,4,100,2,2,0,0,30,1,0,1,1,0,0,0,0,0,0,0,0,0,25;30,,,55,0,0,1,1,0,0,1,0,0,0,0,0,6,0,45,214,2,0,3,0,1,2,9,0,205
2003,7,NO,REG,2003_07_NO_ATL,ATL,23,31,352,3,0,3,-10,0,0,0,352,15,24.0864424840547,,0,13,7,6,2,36,165,3,1,1,10,4.90578959571531,0,5,4,2,0,23,0,352,3,1,0,0,0,15,34.4954987419187,0,13,7,6,2,0,39,2,2,0,0,0,1,7,0,1,22,7,0,0,0,0,0,0,0,0,0,1,6,0,0,0,7,54,2,2,0,0,2,1,3,23,3,70,1,1,0,0,42,1,0,0,0,1,0,0,0,0,0,0,0,0,42,,,42,0,0,6,6,0,0,1,0,0,0,0,0,3,0,54,54,1,0,0,0,0,3,69,0,-15
2003,7,NYG,REG,2003_07_PHI_NYG,PHI,22,36,174,1,0,3,-15,1,1,0,174,12,-3.66499095945733,,0,8,1,1,0,41,180,0,1,0,11,-1.50053498969646,0,7,3,0,0,22,0,174,1,1,1,0,0,12,7.61041137261782,0,8,1,1,0,0,31,10,10,0,0,3,3,17,0,1,1,6,0,0,0,0,0,0,0,0,0,1,-20,1,2,0,6,66,3,2,1,0,3,2,3,17,3,42,1,1,0,0,39,1,0,0,1,0,0,0,0,0,0,0,0,0,39,,,39,0,0,1,1,0,0,1,0,0,0,0,0,7,0,49,252,3,3,0,0,2,2,84,1,168
2003,7,NYJ,REG,2003_07_NYJ_HOU,HOU,15,29,182,1,0,2,-22,0,0,0,182,9,-3.33724117558811,,0,9,7,4,0,27,136,1,1,0,8,3.14006399846403,0,5,5,1,0,15,0,182,1,0,0,0,0,9,12.6668407635735,0,9,7,4,0,0,42,14,16,0,0,0,2,14,0,0,0,3,0,0,0,0,0,0,0,0,0,1,-6,0,0,0,2,9,3,0,1,0,1,0,3,45,3,93,2,2,0,0,40,1,0,0,1,1,0,0,0,0,0,0,0,0,39;40,,,79,0,0,1,1,0,0,1,0,0,0,0,0,6,0,46,227,1,1,0,1,3,1,8,0,199
2003,7,PHI,REG,2003_07_PHI_NYG,NYG,9,23,64,0,1,3,-17,1,0,0,64,2,-8.00063176505501,,0,1,1,1,0,23,87,1,2,1,6,-2.75538100802805,0,3,2,0,0,9,0,64,0,0,0,0,0,2,4.44394958717749,0,1,1,1,0,1,64,9,9,0,0,2,3,15,0,0,0,3,0,0,0,0,0,0,0,0,0,2,0,2,0,0,6,35,3,3,0,0,3,1,2,84,3,61,0,0,0,0,,,0,0,0,0,0,0,0,0,0,0,0,0,,,,0,0,0,2,2,0,0,1,0,0,0,0,0,7,0,56,293,2,2,2,0,0,3,17,0,276
2003,7,SEA,REG,2003_07_CHI_SEA,CHI,19,27,215,1,1,2,-4,0,0,0,215,9,3.42508635696784,,0,7,5,4,0,28,124,2,0,0,9,0.555111492983997,0,4,3,2,0,19,0,215,1,1,1,0,0,9,12.8775586199481,0,7,5,4,0,0,32,22,22,0,0,0,3,25,0,2,39,5,0,0,0,0,0,0,0,0,0,0,0,0,0,0,5,45,4,1,0,0,1,1,0,0,5,108,1,2,1,0,45,0.5,0,0,0,1,0,0,0,0,0,0,1,0,45,50,,45,50,0,3,3,0,0,1,0,0,0,0,0,2,0,61,90,1,0,0,0,1,1,0,0,90
2003,7,SF,REG,2003_07_TB_SF,TB,15,29,253,2,1,1,-7,0,0,0,253,8,5.30117433700763,,0,7,5,3,2,41,212,1,1,1,12,-0.214346849209024,0,6,6,1,0,15,0,253,2,0,0,0,0,8,19.8169085165539,0,7,5,3,2,0,41,7,7,0,0,3,2,7,0,3,43,8,0,0,0,0,0,0,0,0,0,0,0,1,13,0,5,35,4,0,1,0,1,1,3,23,2,30,1,4,1,2,27,0.25,0,1,0,0,0,0,0,0,0,0,1,0,27,50,31;39,27,50,70,3,3,0,0,1,0,0,0,0,0,3,0,55,147,0,0,1,0,1,1,11,0,136
2003,7,TB,REG,2003_07_TB_SF,SF,25,41,265,1,3,2,-7,1,0,0,265,9,-7.60732183250366,,0,7,3,2,2,14,68,0,0,0,5,-0.10208224580856,0,4,4,0,0,25,0,265,1,1,1,0,0,9,10.2779986532987,0,7,3,2,2,0,55,6,6,0,0,0,1,7,0,1,12,4,0,0,0,0,0,2,0,0,0,2,0,1,0,0,6,74,4,3,0,0,3,1,1,11,5,115,0,0,0,0,,,0,0,0,0,0,0,0,0,0,0,0,0,,,,0,0,0,1,1,0,0,1,0,0,0,0,0,6,0,50,255,1,0,1,1,1,3,23,0,212
2003,7,TEN,REG,2003_07_TEN_CAR,CAR,13,25,240,2,0,3,-26,1,0,0,240,10,7.41977112591929,,0,8,8,6,2,36,134,1,1,0,5,-5.0554732495463,0,4,4,1,0,13,0,240,2,0,0,0,0,10,25.0744737691132,0,8,8,6,2,0,53,1,5,0,0,2,4,23,0,0,0,4,0,0,0,0,0,0,0,0,0,2,0,4,32,1,5,40,4,2,0,0,2,0,5,53,2,48,3,3,0,0,40,1,0,0,2,1,0,0,0,0,0,0,0,0,40;32;34,,,106,0,0,4,4,0,0,1,0,0,0,0,0,7,0,55,303,3,1,1,1,1,3,14,0,269
2003,7,WAS,REG,2003_07_WAS_BUF,BUF,10,29,119,1,0,2,-6,1,0,0,119,4,-2.40107442034059,,0,3,2,2,1,22,56,0,1,1,3,-10.2075940351642,0,0,0,0,0,10,0,119,1,0,0,0,0,4,10.9694288908504,0,3,2,2,1,0,47,12,16,0,0,1,1,8,0,1,1,2,0,0,0,0,0,0,0,0,0,2,-4,1,0,0,9,77,1,1,2,0,3,1,4,51,4,66,0,0,0,0,,,0,0,0,0,0,0,0,0,0,0,0,0,,,,0,0,0,1,1,0,0,1,0,0,0,0,0,10,0,51,417,2,1,0,0,3,6,13,0,404
2003,8,ARI,REG,2003_08_SF_ARI,SF,14,25,97,0,1,1,-4,0,0,0,97,5,-7.91611768457922,,0,2,1,0,0,44,221,1,0,0,11,0.857344196204198,0,9,5,1,0,14,0,97,0,0,0,0,0,5,5.63128565145964,0,2,1,0,0,0,38,9,9,0,0,2,2,6,0,0,0,4,0,0,0,1,0,0,0,0,0,0,0,1,0,0,6,55,3,0,0,0,0,0,0,0,3,74,3,6,3,0,53,0.5,0,1,1,0,1,0,0,0,1,1,1,0,53;20;39,41;37;50,,112,128,0,1,1,0,0,1,1,1,0,0,39,4,0,50,143,1,0,2,0,0,2,22,0,121
2003,8,BAL,REG,2003_08_DEN_BAL,DEN,15,27,137,1,0,2,-11,0,0,0,137,9,-3.955680307303,,0,5,2,1,0,37,151,1,1,0,5,1.72664370856698,0,3,2,1,0,15,0,137,1,0,0,0,0,9,11.3718524404923,0,5,2,1,0,0,44,11,11,0,0,2,2,24,0,2,71,7,0,0,0,0,0,0,0,0,0,1,0,0,0,0,9,62,4,1,0,0,1,0,3,26,3,51,4,5,1,0,39,0.8,0,3,1,0,0,0,0,0,0,1,0,0,25;39;22;29,45,,115,45,0,2,2,0,0,1,0,0,0,0,0,5,0,55,206,1,0,2,0,1,2,19,0,187
2003,8,BUF,REG,2003_08_BUF_KC,KC,25,38,165,0,5,3,-32,1,1,0,165,9,-20.2360228921251,,0,6,0,0,0,26,133,0,1,0,6,2.06904789019609,0,2,2,1,0,25,0,165,0,1,1,0,0,9,3.53021353999019,0,6,0,0,0,0,43,5,5,0,0,0,0,0,0,0,0,2,0,0,1,1,0,0,0,0,0,1,-5,0,0,0,5,31,3,2,1,0,3,2,2,0,8,181,1,2,1,0,20,0.5,0,1,0,0,0,0,0,0,0,1,0,0,20,49,,20,49,0,0,0,0,0,,0,0,0,0,0,3,0,53,126,2,1,0,1,1,0,0,0,106
2003,8,CAR,REG,2003_08_CAR_NO,NO,12,27,148,0,0,1,-3,0,0,0,148,8,0.42681825758824,,0,8,5,2,0,39,223,2,0,0,10,5.87579987365727,0,7,5,3,1,12,0,148,0,0,0,0,0,8,12.7786540576199,0,8,5,2,0,0,46,12,12,0,0,1,2,11,0,1,17,5,0,1,0,0,0,0,0,0,0,1,0,2,0,0,6,50,6,0,1,0,1,0,3,27,3,48,3,3,0,0,31,1,0,2,1,0,0,0,0,0,0,0,0,0,24;29;31,,,84,0,0,2,2,0,0,1,1,1,0,0,31,6,1,58,269,1,3,0,0,1,2,45,0,224
2003,8,CHI,REG,2003_08_DET_CHI,DET,20,31,207,1,0,2,-14,0,0,0,207,10,5.8339421021252,,0,10,3,2,0,26,68,1,0,0,4,-7.28116021724288,0,0,0,0,0,20,0,207,1,0,0,0,0,10,15.796832492723,0,10,3,2,0,1,42,11,11,0,0,0,1,6,0,2,43,4,0,0,0,0,0,0,0,0,0,0,0,0,0,0,7,60,3,0,0,0,0,0,5,56,2,103,1,2,0,1,37,0.5,0,0,1,0,0,0,0,0,0,0,0,0,37,,32,37,0,32,3,3,0,0,1,0,0,0,0,0,7,0,53,318,2,0,2,1,0,4,45,0,253
2003,8,CIN,REG,2003_08_SEA_CIN,SEA,19,31,240,2,0,2,-8,0,0,0,240,10,8.0128860596137,,0,8,4,4,1,33,180,1,0,0,8,4.32415049895644,0,5,4,1,1,19,0,240,2,0,0,0,0,10,21.70218054828,0,8,4,4,1,0,44,1,21,0,0,2,2,6,0,3,2,9,0,0,0,0,0,1,0,0,0,0,0,2,2,0,7,60,3,0,0,0,0,0,1,0,4,70,2,2,0,0,30,1,0,1,1,0,0,0,0,0,0,0,0,0,30;25,,,55,0,0,3,3,0,0,1,0,0,0,0,0,6,0,49,226,1,0,0,1,2,3,12,0,194
2003,8,CLE,REG,2003_08_CLE_NE,NE,22,36,155,0,1,4,-36,1,0,0,155,8,-9.46064498440104,,0,5,2,0,0,19,84,0,0,0,5,2.33789532608353,0,2,1,0,0,22,0,155,0,0,0,0,0,8,7.28838698164327,0,5,2,0,0,0,25,31,31,0,0,1,1,6,0,0,0,3,0,0,0,0,0,0,0,0,0,2,0,0,0,0,5,25,4,1,1,0,2,0,1,-1,4,77,1,1,0,0,29,1,0,1,0,0,0,0,0,0,0,0,0,0,29,,,29,0,0,0,0,0,0,,0,0,0,0,0,8,0,60,351,1,1,1,0,1,5,44,0,307
2003,8,DAL,REG,2003_08_DAL_TB,TB,15,25,140,0,2,4,-22,1,0,0,140,7,-10.549310321454,,0,6,2,2,0,22,60,0,1,1,2,-10.3443703246814,0,1,1,0,0,15,0,140,0,1,0,0,0,7,8.53460653830553,0,6,2,2,0,0,37,17,17,0,0,2,2,18,0,0,0,2,0,0,0,0,0,0,0,0,0,1,0,0,0,0,1,5,0,3,0,1,3,1,2,19,4,103,0,1,1,0,,0,0,0,0,0,0,0,0,0,0,1,0,0,,41,,0,41,0,0,0,0,0,,0,0,0,0,0,6,0,54,244,1,1,1,1,2,1,8,0,216
2003,8,DEN,REG,2003_08_DEN_BAL,BAL,16,31,114,0,2,2,-24,2,0,0,114,4,-20.4845193032771,,0,3,1,0,0,27,104,0,0,0,6,-3.22091026243376,0,3,2,0,0,16,0,114,0,0,0,0,0,4,4.82755417533917,0,3,1,0,0,0,43,15,17,0,0,1,2,11,0,0,0,3,0,0,0,0,0,0,0,0,0,2,0,0,0,0,7,49,3,2,0,0,2,0,2,19,6,116,2,2,0,0,28,1,0,2,0,0,0,0,0,0,0,0,0,0,28;22,,,50,0,0,0,0,0,0,,0,0,0,0,0,5,0,56,190,0,0,2,0,0,3,26,0,164
2003,8,DET,REG,2003_08_DET_CHI,CHI,23,40,180,1,2,1,-6,0,0,0,180,11,-8.02279825761775,,2,8,1,0,0,23,86,0,0,0,3,-3.39172412315384,0,1,1,1,0,23,0,180,1,0,0,0,0,11,16.1590685025151,2,8,1,0,0,1,42,10,10,0,0,0,2,14,0,0,0,0,0,0,0,0,0,1,0,0,0,0,0,0,0,0,9,64,4,0,0,0,0,0,4,45,4,149,0,0,0,0,,,0,0,0,0,0,0,0,0,0,0,0,0,,,,0,0,0,0,0,0,0,,0,0,0,0,0,7,0,51,308,1,0,1,1,0,5,56,0,232
2003,8,HOU,REG,2003_08_HOU_IND,IND,20,26,150,1,1,2,-11,0,0,0,150,8,1.33641103532864,,0,6,3,2,0,28,131,2,1,1,9,3.84126369995647,0,6,6,1,0,20,0,150,1,0,0,0,0,8,8.07866644195747,0,6,3,2,0,0,37,15,15,0,0,0,0,0,0,0,0,1,0,0,0,0,0,0,0,0,0,0,0,1,0,0,7,52,6,1,0,0,1,1,2,11,7,128,0,0,0,0,,,0,0,0,0,0,0,0,0,0,0,0,0,,,,0,0,0,3,3,0,0,1,0,0,0,0,0,5,0,49,205,3,0,0,0,4,1,0,0,205
2003,8,IND,REG,2003_08_HOU_IND,HOU,22,30,269,3,0,0,0,0,0,0,269,14,14.1550834146961,,0,9,6,3,1,27,122,0,0,0,7,-0.172684565122419,0,6,3,0,0,22,0,269,3,0,0,0,0,14,20.2287675938278,0,9,6,3,1,0,38,19,19,0,0,1,2,11,0,1,0,2,0,1,0,0,0,0,0,0,0,0,0,1,8,0,3,13,4,0,1,0,1,1,1,0,4,67,3,3,0,0,31,1,0,2,1,0,0,0,0,0,0,0,0,0,31;29;22,,,82,0,0,3,3,0,0,1,0,0,0,0,0,3,0,52,129,0,1,0,0,0,2,11,0,118
2003,8,JAX,REG,2003_08_TEN_JAX,TEN,24,40,244,2,3,1,-1,0,0,0,244,12,-9.15950327273458,,0,8,3,3,1,11,54,0,0,0,3,-0.814336824418444,0,1,1,0,0,24,0,244,2,0,0,0,0,12,17.1524140826659,0,8,3,3,1,0,58,2,10,0,0,0,0,0,0,1,4,2,0,0,0,0,0,0,0,0,0,0,0,0,0,0,5,45,5,0,0,0,0,0,2,31,7,110,1,1,0,0,49,1,0,0,0,1,0,0,0,0,0,0,0,0,49,,,49,0,0,2,2,0,0,1,0,0,0,0,0,3,0,51,141,2,1,0,0,0,2,11,0,130
2003,8,KC,REG,2003_08_BUF_KC,BUF,21,37,275,2,0,0,0,0,0,0,275,13,7.76937599500525,,0,9,5,3,1,24,100,3,0,0,8,2.67010271543503,0,3,3,0,0,21,0,275,2,0,0,0,0,13,21.3148060203239,0,9,5,3,1,0,52,11,11,0,0,2,3,32,0,5,28,6,0,0,0,0,0,0,0,0,0,0,0,2,17,0,5,60,4,0,0,0,0,0,0,0,2,38,1,1,0,0,49,1,0,0,0,1,0,0,0,0,0,0,0,0,49,,,49,0,0,5,5,0,0,1,0,0,0,0,0,6,1,47,222,3,0,2,0,2,2,0,0,222
2003,8,LA,REG,2003_08_STL_PIT,PIT,22,37,375,1,0,2,-16,0,0,0,375,15,14.8767081477279,,0,13,11,11,2,37,89,3,0,0,7,-3.12176932349382,0,3,1,0,0,22,0,375,1,0,0,0,0,15,31.0631402590661,0,13,11,11,2,0,34,4,8,0,0,2,2,8,0,3,12,7,0,0,0,0,0,0,0,0,0,0,0,1,0,0,8,45,6,0,0,0,0,0,4,8,4,73,2,3,1,0,22,0.666666666666667,0,2,0,0,0,0,0,0,0,1,0,0,20;22,47,,42,47,0,3,3,0,0,1,0,0,0,0,0,6,0,55,252,3,0,1,0,1,4,92,1,160
2003,8,LAC,REG,2003_08_MIA_SD,MIA,19,30,190,0,3,6,-44,1,0,0,190,11,-15.9690219089389,,0,9,5,2,0,31,104,1,0,0,4,-4.13169724216366,0,1,1,0,0,19,0,190,0,0,0,0,0,11,11.3508220611839,0,9,5,2,0,0,40,9,9,0,0,1,1,9,0,0,0,2,0,0,0,0,0,0,0,0,0,1,0,1,2,0,6,35,6,1,0,0,1,0,2,4,4,98,1,1,0,0,51,1,0,0,0,0,1,0,0,0,0,0,0,0,51,,,51,0,0,1,1,0,0,1,0,0,0,0,0,3,0,51,130,2,0,1,0,1,1,12,0,118
2003,8,MIA,REG,2003_08_MIA_SD,LAC,20,29,192,3,0,1,-9,0,0,0,192,11,7.46417214216838,,0,7,2,1,1,27,81,0,1,1,3,-6.53309219708899,0,1,1,0,0,20,0,192,3,0,0,0,0,11,16.7989578331807,0,7,2,1,1,0,56,4,4,0,0,1,6,44,0,3,51,5,0,0,1,0,0,0,0,0,0,0,0,0,0,0,8,47,1,1,0,0,1,1,1,12,4,97,1,2,1,0,44,0.5,0,0,0,1,0,0,0,0,1,0,0,0,44,36,,44,36,0,3,3,0,0,1,0,0,0,0,0,4,0,47,138,0,1,0,0,1,2,4,0,134
2003,8,MIN,REG,2003_08_NYG_MIN,NYG,18,31,241,2,2,4,-19,1,0,0,241,11,-3.53927191674409,,0,9,7,4,0,28,137,0,0,0,9,1.07804199681695,0,5,4,1,0,18,0,241,2,0,0,0,0,11,17.2797686115217,0,9,7,4,0,0,46,7,9,0,0,1,1,8,0,1,0,7,0,0,0,1,0,0,0,0,0,1,0,0,0,0,9,52,4,1,0,0,1,0,2,18,7,110,1,2,1,0,51,0.5,0,0,0,0,1,0,0,0,0,0,1,0,51,54,,51,54,0,2,2,0,0,1,0,0,0,0,0,4,0,45,147,1,0,0,1,2,1,0,0,127
2003,8,NE,REG,2003_08_CLE_NE,CLE,20,33,259,0,0,1,-6,0,0,0,259,10,0.374396384779754,,0,9,6,4,1,30,94,0,0,0,7,-3.1960365998093,0,3,3,0,0,20,0,259,0,0,0,0,0,10,13.5724918188973,0,8,6,4,1,0,27,23,23,0,0,1,4,36,0,1,0,3,0,2,0,0,0,0,0,0,0,1,0,0,0,0,3,30,3,1,1,1,2,0,5,44,2,25,3,4,1,0,38,0.75,0,2,1,0,0,0,0,0,0,1,0,0,27;28;38,48,,93,48,0,0,0,0,0,,0,0,0,0,0,5,0,50,202,4,0,3,1,0,1,-1,0,183
2003,8,NO,REG,2003_08_CAR_NO,CAR,21,34,201,2,1,3,-11,1,1,0,201,14,-5.55695001050868,,0,10,3,1,0,29,104,0,1,1,5,-5.24961255461676,0,2,2,0,0,21,0,201,2,0,0,0,0,14,17.3250981525887,0,10,3,1,0,0,43,16,16,0,0,0,1,3,0,0,0,10,0,0,0,1,0,0,0,0,0,1,0,0,0,0,4,43,6,1,2,0,3,2,2,45,6,145,2,2,0,0,46,1,0,0,0,2,0,0,0,0,0,0,0,0,46;42,,,88,0,0,2,2,0,0,1,0,0,0,0,0,6,0,52,254,3,1,1,0,1,3,27,0,227
2003,8,NYG,REG,2003_08_NYG_MIN,MIN,23,39,375,2,1,1,-8,0,0,0,375,18,15.0545718590941,,0,16,9,6,2,28,83,1,0,0,5,-4.87236492161173,0,4,3,0,0,23,0,375,2,0,0,0,0,18,32.7293391353888,0,16,9,6,2,0,43,7,17,0,0,1,4,19,0,2,18,5,0,1,0,0,0,0,0,0,20,0,0,0,0,0,9,70,5,1,0,1,1,0,1,0,3,57,3,3,0,0,44,1,0,1,1,1,0,0,0,0,0,0,0,0,20;44;37,,,101,0,0,2,2,0,0,1,0,0,0,0,0,3,1,53,144,0,0,0,0,1,2,18,0,126
2003,8,NYJ,REG,2003_08_NYJ_PHI,PHI,21,35,266,1,1,2,-14,0,0,0,266,16,6.6165808993265,,0,14,6,2,1,24,125,1,0,0,6,2.2810648715822,0,4,3,1,0,21,0,266,1,1,1,0,0,16,15.6305140930635,0,14,6,2,1,0,49,0,8,0,0,1,5,29,0,1,25,4,0,0,0,0,0,0,0,0,0,0,0,1,0,0,5,35,6,1,0,0,1,1,0,0,5,117,1,2,1,0,30,0.5,0,0,1,0,0,0,0,0,0,0,1,0,30,55,,30,55,0,2,2,0,0,1,0,0,0,0,0,1,1,34,34,1,0,0,0,1,0,0,0,34
2003,8,PHI,REG,2003_08_NYJ_PHI,NYJ,17,23,141,1,1,5,-29,0,0,0,141,10,-0.568222209937963,,0,6,2,0,0,32,194,2,1,1,12,3.23058161679219,0,4,3,1,0,17,0,141,1,0,0,0,0,10,13.7770494539873,0,6,2,0,0,0,45,0,10,0,0,1,2,14,0,1,23,8,0,0,0,1,0,0,0,0,0,0,0,1,0,0,1,10,3,1,0,0,1,1,0,0,4,105,1,2,1,0,30,0.5,0,0,1,0,0,0,0,0,0,0,1,0,30,55,,30,55,0,3,3,0,0,1,0,0,0,0,0,2,0,43,60,1,1,0,0,1,0,0,0,60
2003,8,PIT,REG,2003_08_STL_PIT,LA,12,28,159,2,3,2,-8,0,0,0,159,8,-13.9653363050311,,0,4,3,3,1,18,94,0,1,1,2,-3.47799812495941,0,1,1,1,0,12,0,159,2,0,0,0,0,8,9.92169876623666,0,4,3,3,1,1,51,11,19,0,0,0,2,16,0,0,0,6,0,0,0,0,0,0,0,0,0,1,0,0,0,0,5,37,5,2,0,0,2,1,4,92,7,172,0,0,0,0,,,0,0,0,0,0,0,0,0,0,0,0,0,,,,0,0,0,3,3,0,0,1,0,0,0,0,0,6,0,50,258,4,1,1,0,0,4,8,0,250
2003,8,SEA,REG,2003_08_SEA_CIN,CIN,26,43,347,3,3,2,-6,0,0,0,347,17,11.901051543985,,0,17,8,3,1,24,121,0,0,0,7,3.22366660676198,0,4,3,1,0,26,0,344,3,1,1,0,0,17,28.4492085198144,0,17,8,3,1,0,53,0,12,0,0,0,2,8,0,0,0,3,0,0,0,0,0,0,0,0,0,0,0,0,0,0,5,30,6,2,0,0,2,2,3,12,5,114,1,2,0,1,27,0.5,0,1,0,0,0,0,0,0,0,0,0,0,27,,49,27,0,49,3,3,0,0,1,0,0,0,0,0,2,0,49,81,1,0,1,0,0,1,0,0,81
2003,8,SF,REG,2003_08_SF_ARI,ARI,15,28,155,0,0,2,-6,0,0,0,155,9,0.87894894253365,,0,7,6,1,0,27,106,1,2,1,4,-1.67850207523773,0,2,2,1,0,15,0,155,0,1,0,0,0,9,13.8475236199303,0,7,6,1,0,0,48,11,11,0,0,0,1,4,0,1,0,3,0,0,0,0,0,0,0,0,0,1,1,0,0,1,6,36,4,2,1,0,3,1,2,22,2,53,0,2,2,0,,0,0,0,0,0,0,0,0,0,1,1,0,0,,45;35,,0,80,0,1,1,0,0,1,0,0,0,0,0,4,1,37,136,0,2,1,0,1,0,0,0,136
2003,8,TB,REG,2003_08_DAL_TB,DAL,13,26,151,1,0,2,-18,2,0,0,151,8,-2.26816800921019,,0,4,3,2,1,35,128,0,0,0,5,-7.0506825444787,0,3,1,0,0,13,0,151,1,0,0,0,0,8,12.6163845026167,0,4,3,2,1,0,30,18,18,0,0,3,4,22,0,2,65,6,0,0,0,0,0,0,0,0,0,2,0,1,0,0,3,15,4,2,0,0,2,0,1,8,1,22,3,4,1,0,50,0.75,0,2,0,0,1,0,0,0,0,1,0,0,24;26;50,48,,100,48,0,1,1,0,0,1,0,0,0,0,0,5,0,47,200,1,2,0,0,1,2,19,0,181
2003,8,TEN,REG,2003_08_TEN_JAX,JAX,21,27,187,1,1,0,0,0,0,0,187,11,8.81616578892028,,0,9,2,1,0,38,133,2,0,0,11,1.62708320601513,0,4,3,1,0,21,0,187,1,0,0,0,0,11,16.4023469343145,0,9,2,1,0,0,40,2,6,0,0,0,1,1,0,3,43,9,0,0,0,0,0,0,0,0,0,0,0,0,0,0,8,49,4,0,0,0,0,0,2,11,4,61,3,3,0,0,43,1,0,0,1,2,0,0,0,0,0,0,0,0,43;43;33,,,119,0,0,3,3,0,0,1,0,0,0,0,0,3,0,58,149,0,0,1,0,0,2,31,0,118
2003,9,ARI,REG,2003_09_CIN_ARI,CIN,18,28,166,2,0,2,-23,0,0,0,166,10,3.36887690283268,,0,6,4,1,0,37,161,0,1,1,8,-8.0935054361762,0,6,3,1,0,18,0,166,2,0,0,0,0,10,15.7796274969886,0,6,4,1,0,0,36,7,7,0,0,2,1,2,0,2,21,7,0,0,0,0,0,0,0,0,0,0,0,0,0,0,8,57,1,1,0,0,1,1,4,20,3,58,1,2,1,0,31,0.5,0,0,1,0,0,0,0,0,1,0,0,0,31,34,,31,34,0,2,2,0,0,1,0,0,0,0,0,6,0,62,271,3,2,0,2,1,1,15,0,216
2003,9,ATL,REG,2003_09_PHI_ATL,PHI,16,28,164,0,1,3,-17,0,0,0,164,5,-11.7623766464844,,0,6,1,1,1,28,131,1,0,0,10,2.44672520732274,0,4,3,2,0,16,0,164,0,0,0,0,0,5,6.47630608250558,0,6,1,1,1,0,43,9,9,0,0,0,2,10,0,0,0,3,0,0,0,0,0,1,0,0,0,0,0,0,0,0,8,61,5,0,1,0,1,1,3,81,5,101,3,3,0,0,46,1,0,1,0,2,0,0,0,0,0,0,0,0,40;25;46,,,111,0,0,1,1,0,0,1,0,0,0,0,0,5,0,53,217,0,0,0,0,3,2,25,0,192
2003,9,BAL,REG,2003_09_JAX_BAL,JAX,10,23,156,1,1,0,0,0,0,0,156,5,-0.273364968669883,,1,4,4,3,1,30,103,1,1,1,4,-8.57020580091678,0,2,1,1,0,10,0,156,1,0,0,0,0,5,11.978399660191,1,4,4,3,1,0,55,9,9,0,0,4,4,22,0,1,0,6,0,0,0,0,0,0,0,0,0,0,-8,2,0,0,7,40,1,0,1,0,1,1,5,31,3,101,3,3,0,0,32,1,0,2,1,0,0,0,0,0,0,0,0,0,23;32;23,,,78,0,0,1,1,0,0,1,0,0,0,0,0,5,0,57,234,2,0,0,1,2,2,5,0,209
2003,9,CAR,REG,2003_09_CAR_HOU,HOU,13,23,193,1,1,0,0,0,0,0,193,9,4.26304703058388,,0,7,4,4,1,35,174,0,0,0,12,3.36450043175137,0,6,5,0,0,13,0,193,1,0,0,0,0,9,15.4127048959199,0,7,4,4,0,0,30,13,17,0,0,0,2,5,0,0,0,1,0,0,0,0,0,0,0,0,0,1,0,0,0,0,4,40,4,0,1,0,1,0,1,7,2,39,1,1,0,0,23,1,0,1,0,0,0,0,0,0,0,0,0,0,23,,,23,0,0,1,1,0,0,1,0,0,0,0,0,3,0,57,147,0,0,0,3,0,0,0,0,87
2003,9,CHI,REG,2003_09_SD_CHI,LAC,21,30,224,0,1,2,-8,1,0,0,224,9,-1.14053763620954,,0,10,5,3,0,33,125,2,0,0,10,7.20036386424908,0,4,2,0,0,21,0,224,0,1,0,0,0,9,12.0966369988164,0,10,5,3,0,0,33,9,9,0,0,1,0,0,0,1,-5,6,0,0,0,0,0,0,0,0,0,2,0,0,0,0,5,35,1,2,0,0,2,0,5,55,2,46,2,2,0,0,38,1,0,1,1,0,0,0,0,0,0,0,0,0,38;22,,,60,0,0,2,2,0,0,1,0,0,0,0,0,4,0,42,151,3,0,1,0,1,2,5,0,146
2003,9,CIN,REG,2003_09_CIN_ARI,ARI,21,38,218,1,2,1,-2,1,0,0,218,10,-2.03159359810525,,0,6,3,1,1,19,47,1,1,0,4,-2.73170218156884,0,1,1,0,0,21,0,218,1,0,0,0,0,10,14.3219826639106,0,6,3,1,1,0,51,11,11,0,0,1,2,23,0,0,0,2,0,0,0,0,0,0,0,0,0,1,0,1,-1,0,5,43,6,2,1,2,3,0,1,15,4,50,0,0,0,0,,,0,0,0,0,0,0,0,0,0,0,0,0,,,,0,0,0,2,2,0,0,1,0,0,0,0,0,6,0,54,263,0,0,1,1,0,4,20,0,223
2003,9,DAL,REG,2003_09_WAS_DAL,WAS,17,33,196,1,2,1,-4,0,0,0,196,11,-0.605863710865378,,0,9,5,3,0,40,208,2,2,2,10,-1.65192331527942,0,6,5,1,1,17,0,196,1,0,0,0,0,11,16.7498438425828,0,9,5,3,0,0,39,0,12,0,0,1,4,43,0,0,0,5,0,0,0,0,1,0,0,0,0,0,0,0,0,0,5,30,4,2,0,0,2,2,5,77,2,55,0,0,0,0,,,0,0,0,0,0,0,0,0,0,0,0,0,,,,0,0,0,3,3,0,0,1,0,0,0,0,0,4,0,59,174,1,1,0,2,0,1,6,0,128
2003,9,DEN,REG,2003_09_NE_DEN,NE,16,35,163,1,1,0,0,0,0,0,163,10,-3.09122719259528,,0,7,3,2,0,29,114,1,0,0,6,-2.53023359493818,0,3,2,0,0,16,0,163,1,0,0,0,0,10,11.9930830911035,0,7,3,2,0,1,46,2,6,0,0,0,0,0,0,1,0,8,0,0,1,0,0,0,0,0,0,0,0,1,0,0,4,30,3,0,0,0,0,0,2,60,8,154,1,2,1,0,43,0.5,0,0,0,1,0,0,0,0,0,1,0,0,43,44,,43,44,0,3,3,0,0,1,0,0,0,0,0,8,0,51,336,2,0,1,1,1,5,30,0,286
2003,9,DET,REG,2003_09_OAK_DET,LV,13,21,117,1,1,0,0,0,0,0,117,6,-4.27019331823225,,0,4,1,1,0,33,112,1,2,0,5,-7.16025681048632,0,2,2,0,0,13,0,117,1,0,0,0,0,6,6.82158256380353,0,4,1,1,0,0,52,5,5,0,0,1,3,19,0,3,30,11,0,1,0,0,0,0,0,0,0,2,-5,1,38,0,3,30,1,0,3,0,3,1,4,43,3,116,3,3,0,0,54,1,0,0,1,1,1,0,0,0,0,0,0,0,54;42;39,,,135,0,0,2,2,0,0,1,0,0,0,0,0,4,0,47,169,1,0,0,2,0,2,6,0,123
2003,9,GB,REG,2003_09_GB_MIN,MIN,18,28,194,3,1,1,-4,0,0,0,194,11,8.03264624604236,,0,10,3,2,0,34,261,0,0,0,12,9.80487487898897,0,10,8,3,1,18,0,194,3,0,0,0,0,11,19.0019420221026,0,10,3,2,0,0,47,6,6,0,0,0,2,4,0,0,0,1,0,0,0,0,0,0,0,0,0,0,0,0,0,0,3,25,5,0,0,0,0,0,1,9,5,100,3,3,0,0,43,1,0,2,0,1,0,0,0,0,0,0,0,0,21;43;27,,,91,0,0,3,3,0,0,1,0,0,0,0,0,2,0,51,93,0,0,0,0,0,2,23,0,70
2003,9,HOU,REG,2003_09_CAR_HOU,CAR,13,19,154,1,0,2,-5,0,0,0,154,8,8.59650823046104,,0,8,4,3,0,30,118,1,0,0,5,1.1437351530767,0,5,4,1,0,13,0,154,1,0,0,0,0,8,14.9022447249154,0,8,4,3,0,0,33,15,17,0,0,0,0,0,0,1,0,6,0,0,0,0,0,0,0,0,0,0,0,0,0,0,7,55,3,0,0,0,0,0,0,0,3,58,0,0,0,0,,,0,0,0,0,0,0,0,0,0,0,0,0,,,,0,0,0,2,2,0,0,1,0,0,0,0,0,3,0,55,144,3,0,1,0,1,1,7,0,137
2003,9,IND,REG,2003_09_IND_MIA,MIA,23,37,266,1,1,4,-25,0,0,0,266,13,5.55921030929049,,0,8,6,4,1,35,115,1,0,0,7,-4.39967734378297,0,3,0,0,0,23,0,266,1,0,1,0,0,13,21.6880540030356,0,8,6,4,1,0,38,0,14,0,0,3,5,39,0,0,0,3,0,0,0,0,0,0,0,0,0,0,0,2,0,0,5,35,2,0,0,0,0,1,4,56,3,52,3,3,0,0,50,1,0,1,0,1,1,0,0,0,0,0,0,0,50;44;25,,,119,0,0,2,2,0,0,1,0,0,0,0,0,4,0,51,192,2,0,0,0,2,2,24,0,168
2003,9,JAX,REG,2003_09_JAX_BAL,BAL,22,34,208,1,1,4,-22,3,2,0,208,13,-2.60882105651715,,0,8,5,2,0,33,134,0,0,0,6,-5.33721499692183,0,4,3,0,0,22,0,208,1,1,0,0,0,13,17.9099019005412,0,8,5,2,0,0,30,13,13,0,0,0,0,0,0,1,0,6,0,0,0,0,0,0,0,0,0,2,0,1,15,1,7,52,4,4,0,0,4,2,2,5,5,94,1,1,0,0,24,1,0,1,0,0,0,0,0,0,0,0,0,0,24,,,24,0,0,2,2,0,0,1,0,0,0,0,0,7,0,51,309,2,0,1,1,0,5,31,0,258
2003,9,LA,REG,2003_09_STL_SF,SF,26,42,378,1,2,5,-47,1,1,0,378,16,-2.30588295074363,,0,13,10,6,2,8,9,0,0,0,0,-3.35163352970267,0,0,0,0,0,26,0,378,1,0,0,0,0,16,29.1829193825606,0,13,10,6,2,0,46,11,11,0,0,1,1,12,0,1,6,6,0,0,0,0,1,0,0,0,0,0,0,1,0,0,7,50,3,1,0,0,1,1,1,8,6,99,1,1,0,0,39,1,0,0,1,0,0,0,0,0,0,0,0,0,39,,,39,0,0,1,1,0,0,1,0,0,0,0,0,4,0,46,170,2,0,1,0,1,2,32,0,138
2003,9,LAC,REG,2003_09_SD_CHI,CHI,15,26,119,0,1,0,0,0,0,0,119,3,-3.06982058170252,,0,4,2,1,0,19,80,1,0,0,8,1.95737119149666,0,3,3,0,0,15,0,119,0,0,0,0,0,3,5.96955143718515,0,4,2,1,0,0,49,14,14,0,0,2,2,8,0,1,7,5,0,1,0,0,0,0,0,0,0,1,0,0,0,0,4,24,4,1,0,0,1,0,2,5,5,103,0,1,1,0,,0,0,0,0,0,0,0,0,0,0,1,0,0,,46,,0,46,0,1,1,0,0,1,0,0,0,0,0,6,0,51,257,1,0,0,0,1,5,55,0,202
2003,9,LV,REG,2003_09_OAK_DET,DET,21,39,190,0,3,3,-19,0,0,0,190,11,-7.13336263236582,,0,8,1,1,0,26,94,1,1,0,6,-0.830784235079099,0,2,2,0,0,21,0,190,0,1,1,0,0,11,8.51671473068369,0,8,1,1,0,0,45,5,5,0,0,0,0,0,0,1,5,1,0,0,0,0,0,0,0,0,0,2,0,1,0,0,8,51,4,1,1,0,2,1,2,6,4,89,2,3,1,0,55,0.666666666666667,0,1,0,0,1,0,0,0,0,0,1,0,55;24,55,,79,55,0,1,1,0,0,1,0,0,0,0,0,4,0,59,205,1,0,0,0,0,4,43,0,162
2003,9,MIA,REG,2003_09_IND_MIA,IND,18,29,231,1,0,5,-39,2,2,0,231,8,-11.03344484399,,0,8,5,4,1,14,47,1,0,0,4,0.0320380774792284,0,1,0,0,0,18,0,231,1,0,0,0,0,8,11.8332530954138,0,8,5,4,1,0,50,0,32,0,0,1,4,25,0,1,1,3,0,0,0,0,0,0,0,0,0,1,0,1,8,0,5,44,4,2,0,0,2,2,2,24,5,94,1,1,0,0,23,1,0,1,0,0,0,0,0,0,0,0,0,0,23,,,23,0,0,2,2,0,0,1,0,0,0,0,0,7,0,50,317,2,0,2,0,1,4,56,0,261
2003,9,MIN,REG,2003_09_GB_MIN,GB,21,34,202,2,0,2,-4,0,0,0,202,11,4.07110764374001,,0,8,2,2,1,25,125,1,0,0,8,4.37499256432056,0,3,1,0,0,21,0,202,2,0,0,0,0,11,17.1518784193904,0,8,2,2,1,0,39,13,21,0,0,0,1,4,0,1,25,2,0,0,0,0,0,0,0,0,0,0,0,0,0,0,4,20,5,0,0,0,0,0,2,23,7,136,2,2,0,0,47,1,0,0,1,1,0,0,0,0,0,0,0,0,47;37,,,84,0,0,3,3,0,0,1,0,0,0,0,0,4,0,50,180,2,1,0,1,1,1,9,0,151
2003,9,NE,REG,2003_09_NE_DEN,DEN,20,35,350,3,1,0,0,0,0,0,350,15,20.1775217319481,,0,14,9,5,2,26,69,0,1,1,2,-8.33300722611602,0,2,1,0,0,20,0,350,3,0,0,0,0,15,31.1556448104008,0,14,9,5,2,0,48,3,5,0,0,0,0,0,0,1,0,6,0,0,0,0,0,0,0,0,0,0,-1,0,0,0,14,85,4,0,2,1,2,1,5,30,4,118,3,3,0,0,46,1,0,1,0,2,0,0,0,0,0,0,0,0,40;46;28,,,114,0,0,3,3,0,0,1,0,0,0,0,0,5,0,42,167,1,0,1,0,2,2,60,1,107
2003,9,NO,REG,2003_09_NO_TB,TB,13,30,142,1,1,1,-9,0,0,0,142,7,-7.84138656704406,,0,7,2,1,0,28,124,0,0,0,3,-4.94056922341945,0,3,3,1,0,13,0,142,1,0,0,0,0,7,10.8616362971952,0,7,2,1,0,0,45,9,11,0,0,4,4,27,0,2,74,7,1,0,0,0,0,0,0,0,0,0,0,4,-2,0,5,47,3,0,0,0,0,0,2,22,3,74,1,2,1,0,47,0.5,0,0,0,1,0,0,0,0,1,0,0,0,47,39,,47,39,0,2,2,0,0,1,1,1,0,0,47,7,0,58,327,2,0,1,1,1,4,40,0,267
2003,9,NYG,REG,2003_09_NYG_NYJ,NYJ,24,40,303,2,0,1,-5,0,0,0,303,17,13.4350174152821,,0,15,9,3,0,33,115,1,0,0,6,-1.06584517026977,1,3,1,0,0,24,0,303,2,0,0,0,0,17,27.1522357928974,0,15,9,3,0,0,47,22,22,0,0,3,3,21,0,2,36,7,0,0,0,0,0,1,0,0,0,0,0,2,-3,0,6,62,5,0,0,0,0,0,1,2,6,126,3,4,1,0,39,0.75,0,1,2,0,0,0,0,0,1,0,0,0,39;36;29,39,,104,39,0,2,2,0,0,1,1,1,0,0,29,6,0,49,211,3,0,0,1,1,4,14,0,177
2003,9,NYJ,REG,2003_09_NYG_NYJ,NYG,27,45,281,4,2,3,-21,2,1,0,281,18,8.00663196015963,,0,14,6,3,0,38,132,0,1,1,7,-8.95617513614707,0,2,1,0,0,27,0,281,4,0,0,0,0,18,30.2986795734018,0,14,6,3,0,0,39,24,24,0,0,0,1,5,0,0,0,6,0,1,0,0,0,0,0,0,0,2,0,0,0,0,3,30,6,3,1,0,4,2,4,14,6,150,0,1,0,1,,0,0,0,0,0,0,0,0,0,0,0,0,0,,,51,0,0,51,4,4,0,0,1,0,0,0,0,0,3,0,39,99,1,0,0,0,2,1,2,0,97
2003,9,PHI,REG,2003_09_PHI_ATL,ATL,21,33,312,1,0,2,-10,0,0,0,312,13,11.1003384911544,,0,13,7,4,1,28,128,1,0,0,8,1.67458054443705,0,5,1,0,0,21,0,312,1,0,0,0,0,13,22.592733107154,0,13,7,4,1,0,48,5,5,0,0,0,3,17,0,1,34,5,0,0,0,0,0,0,0,0,0,0,0,1,0,0,11,90,6,0,0,0,0,0,2,25,3,55,3,4,0,1,40,0.75,0,2,0,1,0,0,0,0,0,0,0,0,21;25;40,,41,86,0,41,2,2,0,0,1,0,0,0,0,0,5,0,54,231,2,1,1,0,0,3,81,0,150
2003,9,PIT,REG,2003_09_PIT_SEA,SEA,21,35,226,1,0,2,-11,0,0,0,226,12,5.36033579822132,,0,9,4,2,0,30,105,0,0,0,5,-5.38606318406528,0,3,2,0,0,21,0,226,1,0,0,0,0,12,16.7685420099297,0,9,4,2,0,0,41,11,11,0,0,1,5,24,0,0,0,2,0,0,0,0,0,0,0,0,0,0,0,0,0,0,11,76,5,0,0,0,0,0,2,8,6,118,3,3,0,0,49,1,0,1,1,1,0,0,0,0,0,0,0,0,49;33;21,,,103,0,0,1,1,0,0,1,0,0,0,0,0,4,1,47,143,1,0,1,0,1,2,21,0,122
2003,9,SEA,REG,2003_09_PIT_SEA,PIT,18,31,215,1,0,5,-24,0,0,0,215,12,3.97651647974941,,0,9,5,3,1,25,98,1,1,0,5,-3.34910576429543,0,3,3,1,1,18,0,215,1,0,0,0,0,12,19.6882782561879,0,9,5,3,1,0,40,18,18,0,0,0,2,11,0,0,0,5,0,1,0,1,0,0,0,0,0,0,0,0,0,0,5,35,3,1,1,2,2,0,2,21,5,84,3,3,0,0,46,1,0,0,2,1,0,0,0,0,0,0,0,0,36;46;34,,,116,0,0,2,2,0,0,1,0,0,0,0,0,5,0,52,205,0,0,1,1,1,2,8,0,177
2003,9,SF,REG,2003_09_STL_SF,LA,19,29,236,3,1,1,-12,0,0,0,236,13,10.682462722834,,0,11,7,4,0,35,165,0,1,1,9,-2.91605218074983,0,5,3,0,0,19,0,236,3,0,0,0,0,13,23.0383243020891,0,11,7,4,0,1,42,5,5,0,0,1,5,47,0,2,16,11,0,0,0,0,0,0,0,0,0,0,0,1,7,0,7,39,2,1,0,0,1,1,2,32,3,156,1,2,1,0,44,0.5,0,0,0,1,0,0,0,0,0,0,1,0,44,53,,44,53,0,3,4,0,1,0.75,0,0,0,0,0,2,0,41,77,0,0,1,0,0,1,8,0,69
2003,9,TB,REG,2003_09_NO_TB,NO,27,46,333,2,2,4,-27,1,1,0,333,18,-7.49673997704097,,0,16,7,6,0,18,56,0,0,0,2,-2.63020823954139,0,0,0,0,0,27,0,321,2,1,1,0,0,18,24.1849626169117,0,16,7,6,0,0,35,15,15,0,0,0,1,9,0,1,12,6,0,1,0,0,0,0,0,0,0,0,0,0,0,0,5,35,3,4,0,0,4,4,4,40,3,56,0,1,1,0,,0,0,0,0,0,0,0,0,0,1,0,0,0,,36,,0,36,0,2,2,0,0,1,0,0,0,0,0,4,0,60,191,1,1,0,0,1,2,22,0,169
2003,9,WAS,REG,2003_09_WAS_DAL,DAL,18,33,167,2,0,4,-43,0,0,0,167,8,-7.29203695904277,,1,7,3,1,0,16,89,0,0,0,5,3.18184268067125,0,3,2,0,0,18,0,167,2,0,0,0,0,8,11.3505943748606,1,7,3,1,0,0,52,1,9,0,0,2,0,0,0,2,30,4,0,0,0,0,0,0,0,0,0,1,0,2,-7,0,8,57,5,1,0,0,1,0,1,6,4,97,0,0,0,0,,,0,0,0,0,0,0,0,0,0,0,0,0,,,,0,0,0,0,1,0,1,0,0,0,0,0,0,8,0,54,363,2,2,0,0,1,5,77,0,286
2003,10,ARI,REG,2003_10_ARI_PIT,PIT,23,43,307,2,0,5,-24,1,1,0,307,13,-2.26403255802581,,0,12,6,4,2,28,96,0,1,0,4,-6.84372485725908,0,2,2,0,0,23,0,307,2,0,0,0,0,13,27.633547497855,0,12,6,4,2,0,28,10,20,0,0,1,1,0,0,0,0,3,0,0,0,0,0,0,0,0,0,1,-1,1,0,0,8,81,6,1,1,0,2,1,4,8,5,75,1,1,0,0,20,1,0,1,0,0,0,0,0,0,0,0,0,0,20,,,20,0,0,0,1,1,0,0,0,0,0,0,0,7,0,45,250,1,0,1,2,1,3,64,1,146
2003,10,ATL,REG,2003_10_ATL_NYG,NYG,9,23,65,1,0,1,-7,0,0,0,65,7,-3.63097664399538,,0,5,1,0,0,37,216,3,0,0,10,14.177388287033,0,5,5,2,1,9,0,65,1,0,0,0,0,7,8.60391523339786,0,5,1,0,0,0,39,18,18,0,0,3,3,15,0,2,25,8,0,1,0,0,0,0,0,0,0,0,0,2,0,0,7,60,3,1,0,1,1,0,2,6,2,41,0,0,0,0,,,0,0,0,0,0,0,0,0,0,0,0,0,,,,0,0,0,3,4,0,1,0.75,0,0,0,0,0,7,0,42,227,0,0,1,0,1,5,7,0,220
2003,10,BAL,REG,2003_10_BAL_STL,LA,17,33,170,1,3,7,-48,2,2,0,170,10,-25.1822274819292,,0,6,3,2,1,38,145,1,3,2,5,-12.7807699438833,0,2,2,2,0,17,0,170,1,0,0,0,0,10,11.5772809792058,0,6,3,2,1,0,48,3,3,0,0,1,4,36,0,2,18,6,0,0,0,0,0,0,0,0,0,1,-5,2,0,0,10,80,7,4,1,0,5,4,5,75,6,123,3,3,0,0,41,1,0,1,0,2,0,0,0,0,0,0,0,0,41;25;41,,,107,0,0,1,1,0,0,1,0,0,0,0,0,6,0,54,244,1,1,0,0,0,5,76,0,168
2003,10,BUF,REG,2003_10_BUF_DAL,DAL,17,34,104,0,0,3,-19,2,2,0,104,6,-19.7184440220866,,0,4,1,0,0,25,100,0,1,0,6,0.321188790665474,0,5,2,0,0,17,0,104,0,0,0,0,0,6,1.37662836699747,0,4,1,0,0,0,55,0,6,0,0,0,1,2,0,0,0,7,0,0,0,0,0,0,0,0,0,1,0,0,0,0,1,15,5,3,0,0,3,2,1,7,3,74,2,2,0,0,41,1,0,1,0,1,0,0,0,0,0,0,0,0,41;29,,,70,0,0,0,0,0,0,,0,0,0,0,0,9,0,54,364,0,1,2,0,0,6,64,0,300
2003,10,CAR,REG,2003_10_TB_CAR,TB,20,32,277,2,2,2,-14,1,0,0,277,11,1.25050204113411,,0,9,5,4,1,31,78,0,1,0,6,-8.72141060290946,0,3,2,0,0,20,0,277,2,0,0,0,0,11,19.7419861488748,0,9,5,4,1,0,47,2,10,0,0,1,3,17,0,1,29,7,1,0,0,0,0,0,0,0,0,2,-6,0,0,0,7,64,4,1,1,0,2,0,4,33,5,119,2,2,0,0,47,1,0,0,0,2,0,0,0,0,0,0,0,0,47;45,,,92,0,0,3,3,0,0,1,0,0,0,0,0,5,0,54,195,3,1,1,0,1,2,5,0,190
2003,10,CHI,REG,2003_10_CHI_DET,DET,16,28,149,1,1,2,-16,0,0,0,149,6,-0.0894183888053206,,0,6,2,1,0,24,66,0,0,0,3,-6.91348666455685,0,2,2,0,0,16,0,149,1,0,0,0,0,6,15.1438965808298,0,6,2,1,0,0,42,1,13,0,0,1,1,7,0,0,0,7,0,0,0,0,0,0,0,0,0,0,0,0,0,0,5,35,4,0,0,0,0,0,3,9,5,140,1,3,1,1,43,0.333333333333333,0,0,0,1,0,0,0,0,0,1,0,0,43,41,48,43,41,48,1,1,0,0,1,0,0,0,0,0,7,0,49,268,1,0,3,0,2,2,21,0,247
2003,10,CIN,REG,2003_10_HOU_CIN,HOU,18,26,182,1,1,0,0,0,0,0,182,10,10.2712303054868,,0,8,3,2,0,57,240,3,0,0,16,4.28513035649828,0,6,4,2,0,18,0,182,1,0,0,0,0,10,17.1125336301629,0,8,3,2,0,0,32,1,9,0,0,0,2,17,0,1,6,3,0,0,0,0,0,0,0,0,0,0,0,0,0,0,7,55,4,0,0,0,0,0,2,0,6,117,2,2,0,0,40,1,0,0,0,2,0,0,0,0,0,0,0,0,40;40,,,80,0,0,4,4,0,0,1,0,0,0,0,0,2,0,40,78,0,0,0,0,0,2,3,0,75
2003,10,CLE,REG,2003_10_CLE_KC,KC,19,27,149,1,1,3,-30,0,0,0,149,7,-5.21909449772306,,0,6,2,1,0,21,80,1,1,1,6,-2.39560566820479,0,2,1,0,0,19,0,149,1,0,0,0,0,7,5.81313695461722,0,6,2,1,0,0,51,7,7,0,0,1,3,18,0,0,0,3,0,0,0,0,0,0,0,0,0,1,0,2,3,0,4,38,6,2,0,0,2,1,0,0,7,147,2,2,0,0,50,1,0,1,0,0,1,0,0,0,0,0,0,0,50;22,,,72,0,0,2,2,0,0,1,0,0,0,0,0,5,0,56,209,2,1,1,1,1,1,0,0,189
2003,10,DAL,REG,2003_10_BUF_DAL,BUF,15,33,116,1,0,1,-2,0,0,0,116,8,-8.88206562015694,,0,3,2,1,0,35,122,0,0,0,6,-7.40434774387389,0,3,2,0,0,15,0,116,1,0,0,0,0,8,10.548102679546,0,3,2,1,0,0,46,0,6,0,0,3,3,19,0,0,0,3,0,0,0,0,0,0,0,0,0,0,0,2,0,0,5,53,4,0,0,0,0,0,6,64,3,66,1,1,0,0,51,1,0,0,0,0,1,0,0,0,0,0,0,0,51,,,51,0,0,1,1,0,0,1,0,0,0,0,0,9,0,46,341,5,1,2,2,3,1,7,0,294
2003,10,DET,REG,2003_10_CHI_DET,CHI,24,39,238,0,0,1,-7,1,0,0,238,9,-1.69964928955596,,0,9,7,1,0,20,17,0,0,0,0,-11.5777280431939,0,0,0,0,0,24,0,238,0,0,0,0,0,9,14.4343833924621,0,9,7,1,0,0,37,3,21,0,0,0,2,16,0,1,-1,5,0,0,0,0,0,1,0,0,0,1,0,0,0,0,7,41,3,1,0,0,1,0,2,21,3,63,4,4,0,0,48,1,0,2,1,1,0,0,0,0,0,0,0,0,24;25;30;48,,,127,0,0,0,0,0,0,,0,0,0,0,0,6,0,50,230,1,1,1,0,1,3,9,0,221
2003,10,GB,REG,2003_10_PHI_GB,PHI,14,22,109,1,1,4,-43,3,1,0,109,4,-13.9660485906934,,0,4,1,1,0,37,241,1,3,1,11,5.64143434275407,0,6,3,2,1,14,0,109,1,0,0,0,0,4,3.45030442951247,0,4,1,1,0,0,37,10,22,0,0,0,1,8,0,0,0,3,0,0,0,0,0,0,0,0,0,4,0,0,0,0,4,33,5,3,3,0,6,2,0,0,2,46,0,1,1,0,,0,0,0,0,0,0,0,0,0,0,1,0,0,,45,,0,45,0,2,2,0,0,1,0,0,0,0,0,7,0,51,290,0,0,0,0,3,4,30,0,260
2003,10,HOU,REG,2003_10_HOU_CIN,CIN,11,25,146,2,1,2,-17,0,0,0,146,5,-1.7476049006148,,0,4,2,1,1,19,140,1,0,0,6,8.71847649750998,0,5,3,1,1,11,0,146,2,0,0,0,0,5,14.5945836919709,0,4,2,1,1,0,65,0,26,0,0,0,0,0,0,1,0,2,0,0,0,0,0,0,0,0,0,0,0,0,0,0,6,58,5,0,0,0,0,0,2,3,7,186,2,2,0,0,45,1,0,0,1,1,0,0,0,0,0,0,0,0,45;33,,,78,0,0,3,3,0,0,1,0,0,0,0,0,4,0,49,141,1,0,1,0,1,2,0,0,141
2003,10,IND,REG,2003_10_IND_JAX,JAX,28,45,347,2,2,0,0,0,0,0,347,16,18.4126196555961,,0,9,4,4,1,21,47,0,0,0,2,-3.32191138417693,0,0,0,0,0,28,0,347,2,0,0,0,0,16,30.5339120110148,0,9,4,4,1,0,51,0,6,0,0,1,0,0,0,1,2,3,0,1,0,0,0,0,0,0,0,1,0,1,0,0,7,38,5,0,1,0,1,0,2,22,4,91,3,3,0,0,27,1,0,3,0,0,0,0,0,0,0,0,0,0,27;26;27,,,80,0,0,2,2,0,0,1,0,0,0,0,0,4,0,45,139,1,1,0,0,1,2,41,0,98
2003,10,JAX,REG,2003_10_IND_JAX,IND,12,24,179,1,1,0,0,0,0,0,179,8,3.94814031943679,,0,7,5,3,1,38,174,3,0,0,10,6.79114533454413,0,4,3,1,0,12,0,179,1,0,0,0,0,8,15.2776847258792,0,7,5,3,1,0,46,6,12,0,0,0,0,0,0,2,16,4,0,1,0,0,0,0,0,0,0,0,0,0,0,0,7,47,4,1,0,0,1,1,2,41,5,93,0,0,0,0,,,0,0,0,0,0,0,0,0,0,0,0,0,,,,0,0,0,4,4,0,0,1,0,0,0,0,0,4,0,50,144,1,1,1,0,0,2,22,0,122
2003,10,KC,REG,2003_10_CLE_KC,CLE,29,42,368,3,0,3,-18,0,0,0,368,19,24.8611654207052,,0,17,5,5,0,27,88,2,1,1,8,-5.95804889791179,0,2,2,0,0,29,0,368,3,0,0,0,0,19,36.4937652699009,0,17,5,5,0,0,48,3,3,0,0,2,3,30,0,1,18,3,0,1,0,0,0,0,0,0,0,0,0,1,0,0,5,70,4,1,1,0,2,2,1,0,5,159,2,2,0,0,29,1,0,2,0,0,0,0,0,0,0,0,0,0,29;27,,,56,0,0,5,5,0,0,1,0,0,0,0,0,2,0,44,81,0,0,0,0,2,0,0,0,81
2003,10,LA,REG,2003_10_BAL_STL,BAL,13,26,110,0,2,4,-36,0,0,0,110,3,-17.227766381589,,0,4,2,2,0,21,47,2,0,0,4,-6.02466179814103,0,1,1,0,0,13,0,110,0,0,0,0,0,3,5.99489980448557,0,4,2,2,0,0,59,15,15,0,0,4,7,48,0,3,81,8,0,2,0,0,0,0,0,0,0,0,0,4,45,1,7,75,1,1,1,0,2,2,5,76,5,120,4,4,0,0,49,1,0,1,0,3,0,0,0,0,0,0,0,0,49;46;48;27,,,170,0,0,3,3,0,0,1,0,0,0,0,0,7,0,53,307,1,0,0,0,2,5,75,0,232
2003,10,LAC,REG,2003_10_MIN_SD,MIN,21,29,248,2,0,2,-1,0,0,0,248,14,16.3114183997677,,0,9,6,5,0,26,211,4,2,0,8,11.9156096697261,0,5,4,2,2,21,0,248,2,0,0,0,0,14,23.4719841549813,0,9,6,5,0,0,48,12,12,0,0,1,3,20,0,1,0,3,0,0,0,0,0,0,0,0,0,2,-9,1,0,0,6,49,3,0,2,0,2,0,2,0,4,100,0,0,0,0,,,0,0,0,0,0,0,0,0,0,0,0,0,,,,0,0,0,6,6,0,0,1,0,0,0,0,0,3,0,53,126,1,0,1,0,1,1,15,0,111
2003,10,LV,REG,2003_10_NYJ_OAK,NYJ,18,25,186,1,0,0,0,0,0,0,186,13,12.3826385935459,,0,8,4,1,0,52,169,1,1,1,11,-5.18920986776357,0,1,0,0,0,18,0,186,1,0,0,0,0,13,17.1858709278091,0,8,4,1,0,1,37,14,14,0,0,0,0,0,0,0,0,3,0,1,0,0,0,0,0,0,0,1,0,0,0,0,6,37,6,1,1,0,2,1,3,96,5,99,1,1,0,0,22,1,0,1,0,0,0,0,0,0,0,0,0,0,22,,,22,0,0,3,3,0,0,1,0,0,0,0,0,4,0,55,178,1,0,0,1,1,2,23,0,135
2003,10,MIA,REG,2003_10_MIA_TEN,TEN,19,33,181,1,3,4,-16,2,2,0,181,7,-23.3804266805528,,0,5,4,2,0,16,59,0,0,0,4,-3.17459222645266,0,2,2,0,0,19,0,181,1,0,0,0,0,7,11.921785372193,0,5,4,2,0,0,32,23,29,0,0,0,0,0,0,0,0,4,0,0,0,0,0,0,0,0,0,0,0,0,0,0,4,30,4,2,0,0,2,2,1,6,5,101,0,0,0,0,,,0,0,0,0,0,0,0,0,0,0,0,0,,,,0,0,0,1,1,0,0,1,0,0,0,0,0,7,0,47,292,3,1,0,0,5,1,15,0,277
2003,10,MIN,REG,2003_10_MIN_SD,LAC,32,44,370,4,1,3,-20,0,0,0,370,17,19.5199641925574,,0,17,8,3,0,23,110,0,1,1,8,-1.262621584523,0,4,3,0,0,32,0,370,4,0,0,0,0,17,36.134710373939,0,17,7,2,0,0,39,8,8,0,0,0,2,1,0,0,0,2,0,0,0,0,0,0,0,0,0,0,0,0,0,0,10,107,4,1,0,0,1,1,1,15,7,120,0,0,0,0,,,0,0,0,0,0,0,0,0,0,0,0,0,,,,0,0,0,4,4,0,0,1,0,0,0,0,0,3,0,42,114,1,0,0,0,1,2,0,0,114
2003,10,NYG,REG,2003_10_ATL_NYG,ATL,27,44,211,0,2,3,-15,1,0,0,211,10,-14.6610101860715,,0,10,2,2,0,19,124,1,1,1,5,1.2944110922399,0,3,3,1,0,27,0,211,0,1,1,0,0,10,7.11077976349043,0,10,2,2,0,0,23,24,24,0,0,1,1,7,0,0,0,7,0,1,0,0,1,0,0,0,0,2,0,0,0,0,9,70,6,3,1,0,4,2,5,7,4,71,0,0,0,0,,,0,0,0,0,0,0,0,0,0,0,0,0,,,,0,0,0,1,1,0,0,1,0,0,0,0,0,5,0,51,174,1,1,1,1,0,2,6,0,148
2003,10,NYJ,REG,2003_10_NYJ_OAK,LV,18,27,269,2,0,0,0,0,0,0,269,9,11.0367467542592,,1,6,6,4,3,30,155,1,1,0,6,3.55159318621611,0,3,3,2,0,18,0,269,2,0,0,0,0,9,15.7367817075576,1,6,6,4,3,0,37,37,37,0,0,1,0,0,0,0,0,3,0,0,0,0,0,0,0,0,0,3,-3,1,0,0,3,25,4,0,3,0,3,0,2,23,5,101,2,2,0,0,48,1,0,0,1,1,0,0,0,0,0,0,0,0,48;38,,,86,0,0,1,1,0,0,1,1,1,0,0,38,5,0,46,204,1,0,2,0,0,3,96,1,108
2003,10,PHI,REG,2003_10_PHI_GB,GB,15,31,198,1,0,1,-8,0,0,0,198,7,-0.30300470259145,,0,7,3,3,1,30,92,1,0,0,7,-3.47228202834024,0,5,2,0,0,15,0,198,1,0,0,0,0,7,15.2179000154919,0,7,3,3,1,0,44,9,15,0,0,3,1,11,0,1,33,1,0,0,0,0,0,0,0,0,0,0,0,2,0,0,6,40,3,0,0,0,0,0,4,30,3,96,1,2,1,0,21,0.5,0,1,0,0,0,0,0,0,0,1,0,0,21,47,,21,47,0,2,2,0,0,1,0,0,0,0,0,7,0,48,276,2,1,4,2,0,0,0,0,236
2003,10,PIT,REG,2003_10_ARI_PIT,ARI,12,24,159,3,0,1,0,0,0,0,159,7,4.90564378119274,,0,5,2,2,1,27,87,0,1,1,3,-9.41865554259857,0,2,2,0,0,12,0,159,3,0,0,0,0,7,15.9979911979754,0,5,2,2,1,1,44,15,25,0,0,1,5,24,0,0,0,3,0,0,0,0,0,0,0,0,0,0,0,1,0,0,6,69,2,1,0,0,1,1,3,64,4,78,0,1,1,0,,0,0,0,0,0,0,0,0,1,0,0,0,0,,23,,0,23,0,4,4,0,0,1,0,0,0,0,0,7,0,59,276,3,0,2,0,1,4,8,0,268
2003,10,SEA,REG,2003_10_SEA_WAS,WAS,19,29,241,1,1,3,-20,0,0,0,241,13,10.289264495774,,0,12,4,2,0,28,125,1,1,0,8,1.0528275358898,0,4,4,0,0,19,0,241,1,0,0,0,0,13,24.1180217923312,0,12,4,2,0,0,50,2,4,0,0,0,0,0,0,2,30,5,0,1,0,0,0,0,0,0,0,1,0,0,0,0,4,32,3,1,2,0,3,2,2,15,6,109,2,3,1,0,48,0.666666666666667,0,1,0,1,0,0,0,0,0,1,0,0,27;48,49,,75,49,0,2,2,0,0,1,0,0,0,0,0,3,0,44,120,2,0,0,0,2,1,11,0,109
2003,10,TB,REG,2003_10_TB_CAR,CAR,24,43,275,2,1,3,-17,1,0,0,275,12,1.6174384656924,,0,10,7,5,0,19,89,0,0,0,4,-2.04336805583444,0,5,3,0,0,24,0,275,2,0,0,0,0,12,23.9439258931088,0,10,7,5,0,0,53,2,8,0,0,1,2,14,0,2,38,4,1,0,0,0,0,0,0,0,0,1,0,0,0,0,9,95,3,1,0,0,1,0,2,5,5,76,1,1,0,0,39,1,0,0,1,0,0,0,0,0,0,0,0,0,39,,,39,0,0,3,3,0,0,1,0,0,0,0,0,7,0,52,290,1,3,0,0,0,4,33,0,257
2003,10,TEN,REG,2003_10_MIA_TEN,MIA,19,26,223,2,0,0,0,0,0,0,223,13,12.2580122918589,,0,11,4,2,1,38,101,1,1,0,4,-13.173895217416,0,1,0,0,0,19,0,223,2,0,0,0,0,13,19.6649093350279,0,11,4,2,1,0,26,15,21,0,0,2,4,16,0,3,47,7,1,0,0,0,0,0,0,0,0,1,1,2,12,0,5,25,0,0,1,0,1,0,1,15,1,19,1,1,0,0,35,1,0,0,1,0,0,0,0,0,0,0,0,0,35,,,35,0,0,4,4,0,0,1,0,0,0,0,0,6,0,49,241,3,1,1,1,2,1,6,0,215
2003,10,WAS,REG,2003_10_SEA_WAS,SEA,18,33,242,3,2,0,0,0,0,0,242,11,6.54043847686821,,0,10,3,3,1,32,137,0,0,0,7,1.23550883855205,0,2,2,1,0,18,0,242,3,0,0,0,0,11,22.3880916449707,0,10,3,3,1,0,50,4,8,0,0,1,3,20,0,1,0,4,0,0,0,0,0,0,0,0,0,0,0,2,0,0,4,40,5,0,0,0,0,0,1,11,5,83,2,2,0,0,34,1,0,1,1,0,0,0,0,0,0,0,0,0,20;34,,,54,0,0,3,3,0,0,1,0,0,0,0,0,4,0,46,160,2,0,1,0,1,2,15,0,145
2003,11,ARI,REG,2003_11_ARI_CLE,CLE,13,32,152,0,3,1,-6,1,0,0,152,5,-12.9139396204336,,0,6,2,1,1,13,41,0,1,1,4,-5.1701344155008,0,0,0,0,0,13,0,152,0,0,0,0,0,5,10.4243927015923,0,6,2,1,1,0,39,23,23,0,0,0,0,0,0,0,0,1,0,0,0,0,0,0,0,0,0,1,0,0,0,0,9,55,4,2,0,0,2,1,1,-1,9,165,2,2,0,0,42,1,0,1,0,1,0,0,0,0,0,0,0,0,42;26,,,68,0,0,0,0,0,0,,0,0,0,0,0,5,0,53,229,0,0,0,1,1,3,13,0,196
2003,11,ATL,REG,2003_11_ATL_NO,NO,8,27,80,0,2,1,-4,0,0,0,80,5,-19.2327423696165,,0,5,1,1,0,28,168,1,0,0,6,2.6455187976826,0,3,3,2,2,8,0,80,0,0,0,0,0,5,4.95972047001123,0,5,1,1,0,0,55,16,18,0,0,2,7,35,0,2,35,6,1,1,0,0,0,0,0,0,0,1,0,2,4,0,5,44,5,2,0,0,2,1,4,45,5,94,2,3,1,0,38,0.666666666666667,0,1,1,0,0,0,0,0,0,0,1,0,38;27,54,,65,54,0,2,2,0,0,1,0,0,0,0,0,8,0,47,306,1,0,3,0,1,4,18,0,288
2003,11,BAL,REG,2003_11_BAL_MIA,MIA,14,25,112,0,2,3,-10,0,0,0,112,6,-8.40361931708148,,0,4,1,0,0,32,118,0,1,1,6,-8.12881437299075,0,3,2,0,0,14,0,112,0,0,0,0,0,6,10.9130305312634,0,4,1,0,0,0,47,0,22,0,0,0,0,0,0,1,10,6,0,0,0,0,0,0,0,0,0,0,0,0,0,0,10,88,1,0,1,0,1,1,0,0,1,73,2,2,0,0,45,1,0,0,1,1,0,0,0,0,0,0,0,0,39;45,,,84,0,0,0,0,0,0,,0,0,0,0,0,7,0,56,326,1,1,1,2,0,3,46,0,240
2003,11,BUF,REG,2003_11_HOU_BUF,HOU,15,26,184,0,0,4,-31,1,1,0,184,8,-6.84773790071205,,0,9,3,1,0,28,182,0,1,0,7,2.12563884290903,0,3,2,1,1,15,0,184,0,0,0,0,0,8,12.9728730400093,0,9,3,1,0,0,24,20,32,0,0,1,4,8,0,1,11,1,0,0,2,0,0,0,0,0,0,1,0,0,0,0,6,44,5,2,0,0,2,1,2,10,4,79,2,4,2,0,23,0.5,0,2,0,0,0,0,0,1,0,1,0,0,23;20,29;44,,43,73,0,0,0,0,0,,0,0,0,0,0,6,0,48,234,4,0,1,0,1,4,22,0,212
2003,11,CAR,REG,2003_11_WAS_CAR,WAS,20,30,317,0,2,0,0,0,0,0,317,11,0.490889105542986,,0,13,8,8,1,35,110,2,1,1,6,-9.6836076710897,0,2,2,0,0,20,0,317,0,1,1,0,0,11,15.7490374471365,0,13,8,8,1,0,42,5,9,0,0,1,3,23,0,1,10,10,0,1,0,0,0,0,0,0,0,1,0,1,0,0,4,69,4,2,1,0,3,2,3,16,3,73,2,4,2,0,26,0.5,0,2,0,0,0,0,0,0,0,1,1,0,25;26,47;54,,51,101,0,2,2,0,0,1,0,0,0,0,0,4,0,56,201,1,0,0,1,1,2,31,0,150
2003,11,CHI,REG,2003_11_STL_CHI,LA,16,32,153,1,2,1,-7,0,0,0,153,9,-7.42842726831624,,0,7,2,2,0,26,95,1,1,0,4,-1.92800130805699,0,2,2,2,0,16,0,153,1,0,0,0,0,9,9.51828606281197,0,7,2,2,0,1,56,10,10,0,0,2,4,32,0,2,2,8,0,0,0,0,0,0,0,0,0,1,0,1,0,0,6,47,3,0,1,0,1,0,3,70,5,104,0,1,1,0,,0,0,0,0,0,0,0,0,0,1,0,0,0,,34,,0,34,0,3,3,0,0,1,0,0,0,0,0,7,0,51,289,1,0,2,1,0,4,47,0,222
2003,11,CIN,REG,2003_11_KC_CIN,KC,19,32,233,2,0,2,-11,0,0,0,233,12,6.87529619516047,,0,7,3,2,1,33,200,0,0,0,8,0.911904153996147,0,5,3,2,1,19,0,233,2,0,0,0,0,12,19.5906410811585,0,7,3,2,1,1,45,1,13,0,0,0,1,9,0,0,0,5,0,0,0,0,0,0,0,0,0,0,0,0,0,0,5,33,1,0,0,0,0,0,4,87,4,63,1,2,1,0,27,0.5,0,1,0,0,0,0,0,0,0,1,0,0,27,48,,27,48,0,3,3,0,0,1,0,0,0,0,0,6,0,45,225,2,0,2,0,0,4,63,0,162
2003,11,CLE,REG,2003_11_ARI_CLE,ARI,29,35,392,3,0,0,0,0,0,0,392,20,26.6612220354342,,0,16,10,5,1,33,89,2,1,0,5,-8.06621784021772,0,1,1,0,0,29,0,392,3,0,0,0,0,20,32.6776764449875,0,16,10,5,1,0,24,14,14,0,0,2,1,6,0,3,15,9,0,0,0,0,0,0,0,0,0,1,-3,1,0,0,7,64,3,0,1,0,1,0,3,13,3,94,3,3,0,0,34,1,0,2,1,0,0,0,0,0,0,0,0,0,34;24;29,,,87,0,0,5,5,0,0,1,0,0,0,0,0,2,0,47,90,0,0,0,0,1,1,-1,0,91
2003,11,DAL,REG,2003_11_DAL_NE,NE,20,36,210,0,3,1,-3,0,0,0,210,8,-8.55799831415061,,0,6,3,3,0,28,84,0,0,0,7,-6.22880121506751,0,1,0,0,0,20,0,210,0,0,0,0,0,8,10.9013226990355,0,6,3,3,0,0,21,27,27,0,0,1,2,9,0,0,0,4,0,0,0,0,1,0,0,0,0,1,0,1,0,0,10,78,3,0,1,0,1,0,2,8,4,80,0,0,0,0,,,0,0,0,0,0,0,0,0,0,0,0,0,,,,0,0,0,0,0,0,0,,0,0,0,0,0,7,0,46,256,0,0,0,1,3,3,40,0,196
2003,11,DEN,REG,2003_11_SD_DEN,LAC,23,35,253,3,2,1,-6,1,1,0,253,13,5.38499357225765,,0,8,3,3,1,49,201,0,1,0,9,-2.21643365016624,0,4,3,1,0,23,0,253,3,0,0,0,0,13,24.0906334109253,0,8,3,3,1,1,25,3,7,0,0,1,2,14,0,1,16,9,0,0,0,0,0,0,0,0,0,1,-2,3,0,0,7,60,4,1,1,0,2,1,3,93,2,44,3,4,1,0,42,0.75,0,2,0,1,0,0,0,1,0,0,0,0,42;22;27,29,,91,29,0,4,4,0,0,1,0,0,0,0,0,0,0,,0,0,0,0,0,0,0,0,0,0
2003,11,DET,REG,2003_11_DET_SEA,SEA,26,48,285,2,2,1,-9,0,0,0,285,13,-1.10365194192855,,0,12,4,2,1,17,81,0,0,0,5,1.32808392657898,0,2,2,2,0,26,0,285,2,0,0,0,0,13,23.8314975847025,0,12,4,2,1,0,41,17,17,0,0,1,0,0,0,0,0,2,0,1,0,0,0,0,0,0,0,1,0,0,0,0,8,56,5,0,1,0,1,0,3,7,6,118,0,0,0,0,,,0,0,0,0,0,0,0,0,0,0,0,0,,,,0,0,0,2,2,0,0,1,0,0,0,0,0,6,0,47,221,1,0,0,0,1,5,84,1,137
2003,11,GB,REG,2003_11_GB_TB,TB,13,28,92,1,1,0,0,0,0,0,92,5,-5.72769643912232,,0,2,1,1,0,38,190,1,0,0,10,5.11091379906426,0,4,2,1,0,13,0,92,1,0,0,0,0,5,9.04164926538942,0,2,1,1,0,0,37,6,8,0,0,1,3,18,0,2,0,6,0,0,0,0,0,0,0,0,0,0,0,1,0,0,7,29,2,0,0,0,0,0,5,61,3,93,2,2,0,0,33,1,0,0,2,0,0,0,0,0,0,0,0,0,31;33,,,64,0,0,2,2,0,0,1,0,0,0,0,0,8,0,55,332,4,0,4,2,1,1,0,0,292
2003,11,HOU,REG,2003_11_HOU_BUF,BUF,13,20,219,1,1,4,-8,1,0,0,219,7,3.80938199082358,,0,7,5,3,2,28,34,0,1,0,3,-10.8494230470532,0,1,1,0,0,13,0,219,1,0,0,0,0,7,16.6201962974155,0,7,5,3,2,0,36,14,22,0,0,2,4,31,0,0,0,4,0,0,0,0,0,0,0,0,0,1,-1,1,-1,0,11,65,4,1,1,1,2,0,4,22,3,32,2,2,0,0,41,1,0,0,1,1,0,0,0,0,0,0,0,0,41;34,,,75,0,0,0,0,0,0,,0,0,0,0,0,5,0,43,191,3,0,2,0,1,2,10,0,181
2003,11,IND,REG,2003_11_NYJ_IND,NYJ,27,36,401,1,0,1,-8,0,0,0,401,17,17.1980806673801,,0,14,10,8,1,40,145,4,0,0,12,2.64644148404477,0,4,4,1,0,27,0,401,1,0,0,0,0,17,28.4216550939018,0,14,10,8,1,0,19,12,16,0,0,0,3,27,0,0,0,0,0,0,0,0,0,0,0,0,0,0,0,0,0,0,4,30,4,0,0,0,0,0,2,8,6,137,1,1,0,0,31,1,0,0,1,0,0,0,0,0,0,0,0,0,31,,,31,0,0,5,5,0,0,1,0,0,0,0,0,3,0,45,123,2,0,2,0,1,0,0,0,123
2003,11,JAX,REG,2003_11_JAX_TEN,TEN,15,31,151,0,2,1,-6,1,0,0,151,8,-13.5242171707675,,0,5,1,1,0,30,126,0,0,0,8,-1.05348291801056,0,6,3,0,0,15,0,151,0,0,0,0,0,8,11.9223160606925,0,5,1,1,0,0,36,12,18,0,0,2,2,16,0,1,0,2,0,0,0,0,0,0,0,0,0,1,0,2,0,0,3,15,3,1,0,0,1,0,0,0,2,13,1,2,1,0,39,0.5,0,0,1,0,0,0,0,0,0,1,0,0,39,44,,39,44,0,0,0,0,0,,0,0,0,0,0,6,0,49,248,1,1,0,1,1,3,37,0,191
2003,11,KC,REG,2003_11_KC_CIN,CIN,28,42,313,2,0,1,-9,0,0,0,313,17,6.4860055491982,,0,17,8,2,0,17,67,0,0,0,2,-2.96953431757801,0,2,2,1,0,28,0,313,2,0,0,0,0,17,21.1934285066382,0,17,8,2,0,0,51,0,10,0,0,0,2,11,0,0,0,4,0,0,0,0,0,0,0,0,0,0,0,0,0,0,4,25,6,0,0,0,0,0,4,63,4,67,2,3,1,0,39,0.666666666666667,0,0,2,0,0,0,0,0,0,1,0,0,37;39,44,,76,44,0,1,1,0,0,1,0,0,0,0,0,7,0,45,235,3,1,0,0,2,4,87,1,148
2003,11,LA,REG,2003_11_STL_CHI,CHI,29,46,240,2,2,4,-32,0,0,0,240,15,-2.47524801534167,,0,10,5,2,0,25,112,0,1,0,4,1.74862774447992,0,1,1,1,1,29,0,240,2,0,0,0,0,15,18.1801564066781,0,10,5,2,0,0,41,10,10,0,0,0,1,7,0,2,0,5,0,0,0,0,0,0,0,0,0,1,0,0,0,0,7,45,6,2,0,0,2,1,4,47,3,40,3,3,0,0,44,1,0,0,1,2,0,0,0,0,0,0,0,0,41;44;31,,,116,0,0,2,2,0,0,1,1,1,0,0,31,6,0,51,258,2,1,1,0,1,3,70,1,188
2003,11,LAC,REG,2003_11_SD_DEN,DEN,9,25,70,1,1,2,-14,1,1,0,70,2,-14.9041972549311,,1,2,1,0,0,13,40,0,2,2,3,-8.36678936413955,0,3,3,0,0,9,0,70,1,0,0,0,0,2,5.60568954392523,1,2,1,0,0,0,64,4,14,0,0,1,1,6,0,2,41,5,0,0,0,0,0,0,0,0,0,0,-3,1,0,0,9,83,1,1,2,0,3,3,0,0,7,165,0,0,0,0,,,0,0,0,0,0,0,0,0,0,0,0,0,,,,0,0,0,0,0,0,0,,0,0,0,0,0,7,0,54,327,3,0,0,0,4,3,93,1,234
2003,11,LV,REG,2003_11_MIN_OAK,MIN,9,13,195,0,0,3,-11,0,0,0,195,8,4.36630449719412,,0,8,8,5,0,43,191,3,2,2,9,-5.34355993085774,0,4,2,1,1,9,0,195,0,0,0,0,0,8,16.2580665478599,0,8,8,5,0,0,44,13,13,0,0,3,3,23,0,3,77,6,1,0,0,0,0,0,0,0,0,0,0,3,0,0,7,85,5,2,0,0,2,2,1,5,4,62,0,1,1,0,,0,0,0,0,0,0,0,0,0,0,0,1,0,,52,,0,52,0,4,4,0,0,1,0,0,0,0,0,4,0,49,154,3,0,1,0,2,1,11,0,143
2003,11,MIA,REG,2003_11_BAL_MIA,BAL,13,32,126,0,1,0,0,0,0,0,126,7,-6.97190741131434,,0,5,3,0,0,42,141,0,0,0,9,-14.5158018515245,0,6,3,1,0,13,0,126,0,0,0,0,0,7,13.197260760935,0,5,3,0,0,0,39,0,20,0,0,0,3,10,0,2,53,4,0,0,0,0,0,0,0,0,0,0,0,1,0,0,5,50,0,0,0,0,0,0,3,46,0,0,3,4,1,0,52,0.75,0,1,0,1,1,0,0,0,0,1,0,0,23;52;43,48,,118,48,0,0,0,0,0,,1,1,0,0,43,7,0,52,264,5,1,2,1,3,0,0,0,244
2003,11,MIN,REG,2003_11_MIN_OAK,LV,27,49,396,1,3,3,-23,2,1,0,396,16,-1.62241137492947,,1,14,9,6,3,22,94,1,1,1,3,-1.31894174218178,0,2,1,0,0,27,0,396,1,1,1,0,0,16,30.5657244337928,1,14,9,6,3,0,45,15,15,0,0,2,3,11,0,0,0,2,0,0,0,0,0,0,0,0,0,1,0,2,0,0,10,60,6,3,1,0,4,3,1,11,5,139,1,3,2,0,35,0.333333333333333,0,0,1,0,0,0,0,0,1,1,0,0,35,39;44,,35,83,0,1,1,0,0,1,0,0,0,0,0,1,0,36,36,0,0,0,0,0,1,5,0,31
2003,11,NE,REG,2003_11_DAL_NE,DAL,15,34,212,0,0,2,-9,1,0,0,212,10,-1.46491671055932,,0,8,4,3,2,25,65,1,0,0,2,-6.95817234131038,0,0,0,0,0,15,0,212,0,0,0,0,0,10,15.7516378526925,0,8,4,3,2,0,30,19,19,0,0,0,1,3,0,3,47,8,0,1,0,0,0,0,0,0,0,1,0,0,0,0,7,84,3,1,1,0,2,1,3,40,1,14,2,2,0,0,26,1,0,2,0,0,0,0,0,0,0,0,0,0,23;26,,,49,0,0,0,1,0,1,0,0,0,0,0,0,8,0,41,277,2,0,5,0,1,2,8,0,269
2003,11,NO,REG,2003_11_ATL_NO,ATL,21,38,228,0,2,7,-35,0,0,0,228,8,-20.4348742157727,,0,8,4,3,0,36,210,2,2,2,13,0.533367585675804,0,5,4,2,1,21,0,228,0,0,0,0,0,8,15.1935080360272,0,8,4,3,0,0,35,12,12,0,0,2,1,4,0,2,23,10,0,1,0,0,0,0,0,0,0,1,0,1,0,0,7,46,5,2,2,1,4,2,4,18,6,117,3,3,0,0,36,1,0,2,1,0,0,0,0,0,0,0,0,0,28;26;36,,,90,0,0,2,2,0,0,1,1,1,0,0,36,7,0,49,286,3,0,0,0,3,4,45,0,241
2003,11,NYG,REG,2003_11_NYG_PHI,PHI,25,44,268,1,1,3,-16,0,0,0,268,13,1.74051475949457,,0,12,4,2,1,24,109,0,0,0,6,-4.71759673615452,0,4,3,0,0,25,0,268,1,0,0,0,0,13,19.7019730828433,0,12,4,2,1,0,39,1,5,0,0,0,0,0,0,0,0,4,0,0,0,0,0,0,0,0,0,0,0,1,0,0,11,113,5,0,0,0,0,0,2,2,5,98,1,1,0,0,30,1,0,0,1,0,0,0,0,0,0,0,0,0,30,,,30,0,0,1,1,0,0,1,0,0,0,0,0,6,0,43,230,3,1,2,0,2,1,0,0,230
2003,11,NYJ,REG,2003_11_NYJ_IND,IND,11,14,219,3,0,3,-27,0,0,0,219,6,8.18824001098983,,0,7,5,4,2,17,132,0,0,0,6,3.36317787598916,0,6,6,2,0,11,0,219,3,0,0,0,0,6,17.5006197365001,0,7,5,4,2,1,50,19,19,0,0,0,1,8,0,0,0,4,0,0,0,0,0,0,0,0,0,0,0,0,0,0,8,56,3,0,0,0,0,0,0,0,7,259,1,1,0,0,43,1,0,0,0,1,0,0,0,0,0,0,0,0,43,,,43,0,0,4,4,0,0,1,0,0,0,0,0,5,0,40,188,2,1,1,1,0,2,8,0,160
2003,11,PHI,REG,2003_11_NYG_PHI,NYG,24,30,314,2,0,0,0,0,0,0,314,14,18.9637793773436,,0,10,6,5,0,21,62,2,0,0,5,-2.69087842246518,0,2,2,1,0,24,0,314,2,0,0,0,0,14,25.0841638830607,0,10,6,5,0,0,49,0,16,0,0,0,3,16,0,1,0,11,0,0,0,0,0,0,0,0,0,0,0,0,0,0,7,49,2,0,1,0,1,1,1,0,3,42,0,0,0,0,,,0,0,0,0,0,0,0,0,0,0,0,0,,,,0,0,0,4,4,0,0,1,0,0,0,0,0,5,0,35,148,4,0,0,0,3,2,2,0,146
2003,11,PIT,REG,2003_11_PIT_SF,SF,26,45,320,1,1,2,-15,0,0,0,320,16,2.64744786507209,,0,15,8,5,0,20,44,1,0,0,5,-2.90446937625529,0,1,1,0,0,26,0,320,1,0,0,0,0,16,26.0381015753956,0,15,8,5,0,0,45,9,9,0,0,0,0,0,0,0,0,1,0,0,0,0,0,0,0,0,0,1,0,0,0,0,3,30,4,1,1,0,2,1,1,0,6,108,0,1,1,0,,0,0,0,0,0,0,0,0,0,0,1,0,0,,45,,0,45,0,2,2,0,0,1,0,0,0,0,0,6,0,58,216,2,3,1,0,0,2,5,0,211
2003,11,SEA,REG,2003_11_DET_SEA,DET,21,29,207,1,0,0,0,0,0,0,207,10,7.14042365015484,,0,8,4,2,0,33,159,2,1,0,10,6.28170476912055,0,4,2,1,1,21,0,207,1,0,0,0,0,10,11.5155184814357,0,8,4,2,0,1,38,12,12,0,0,0,1,9,0,2,8,7,0,2,0,0,0,0,0,0,0,3,0,0,0,1,6,49,4,1,2,0,3,0,5,84,2,46,0,0,0,0,,,0,0,0,0,0,0,0,0,0,0,0,0,,,,0,0,0,5,5,0,0,1,0,0,0,0,0,6,0,61,289,2,0,2,1,0,3,7,0,262
2003,11,SF,REG,2003_11_PIT_SF,PIT,21,27,254,2,0,0,0,0,0,0,254,12,12.262444293484,,0,7,5,3,1,32,169,1,0,0,5,-2.52003803505795,0,3,2,1,1,21,0,254,2,0,0,0,0,12,16.8458509045372,0,7,5,3,1,0,42,10,12,0,0,1,2,15,0,1,48,6,0,1,0,0,0,0,0,0,0,0,0,1,0,0,4,20,5,0,1,1,1,0,2,5,3,44,3,3,0,0,44,1,0,1,1,1,0,0,0,0,0,0,0,0,32;22;44,,,98,0,0,3,3,0,0,1,0,0,0,0,0,4,0,50,165,1,0,2,1,0,1,0,0,145
2003,11,TB,REG,2003_11_GB_TB,GB,17,28,149,1,2,3,-18,0,0,0,149,6,-6.66465594016082,,0,5,2,1,0,18,154,0,1,1,4,-1.76664506143425,0,2,2,2,2,17,0,149,1,0,0,0,0,6,5.6261101914092,0,5,2,1,0,0,37,22,24,0,0,0,0,0,0,1,6,5,0,0,0,0,0,0,0,0,0,0,0,0,0,0,8,48,5,1,0,0,1,1,1,0,5,110,2,2,0,0,47,1,0,1,0,1,0,0,0,0,0,0,0,0,24;47,,,71,0,0,1,1,0,0,1,0,0,0,0,0,8,0,55,364,2,1,0,0,2,5,61,0,303
2003,11,TEN,REG,2003_11_JAX_TEN,JAX,13,26,166,1,1,2,-16,1,1,0,166,8,-2.71879759090483,,0,5,4,3,0,32,96,0,1,1,5,-9.97105491952971,0,3,1,0,0,13,0,166,1,0,0,0,0,8,16.7225568801514,0,5,4,3,0,0,29,17,25,0,0,1,1,6,0,2,67,6,0,0,0,0,0,0,0,0,0,0,0,0,0,0,2,12,3,2,0,0,2,2,3,37,2,19,1,2,1,0,33,0.5,0,0,1,0,0,0,0,0,0,1,0,0,33,48,,33,48,0,1,1,0,0,1,0,0,0,0,0,4,0,53,174,2,1,1,0,2,0,0,0,174
2003,11,WAS,REG,2003_11_WAS_CAR,CAR,16,35,150,2,1,3,-23,0,0,0,150,9,-7.93085065337673,,0,8,2,2,0,22,54,0,2,1,2,-11.3792610953267,0,0,0,0,0,16,0,150,2,0,0,0,0,9,16.267602862441,0,8,2,2,0,0,45,10,16,0,0,2,0,0,0,2,79,5,0,0,0,0,0,0,0,0,0,1,-7,2,1,0,0,0,2,1,1,0,2,1,2,31,4,86,1,2,1,0,23,0.5,0,1,0,0,0,0,0,0,0,1,0,0,23,46,,23,46,0,2,2,0,0,1,0,0,0,0,0,7,0,52,303,2,1,1,1,1,3,16,0,267
2003,12,ARI,REG,2003_12_STL_ARI,LA,15,28,192,2,2,0,0,0,0,0,192,8,-10.1090137822624,,0,5,4,3,2,30,166,0,0,0,7,-0.335729957441799,0,5,5,1,0,15,0,192,2,0,0,0,0,8,17.1070184505661,0,5,4,3,2,0,55,5,5,0,0,1,4,31,0,4,126,10,1,0,0,0,0,0,0,0,0,0,0,1,0,0,8,60,1,0,0,0,0,0,1,19,4,108,2,2,0,0,27,1,0,2,0,0,0,0,0,0,0,0,0,0,22;27,,,49,0,0,3,3,0,0,1,0,0,0,0,0,3,0,44,122,1,0,0,1,2,0,0,0,102
2003,12,ATL,REG,2003_12_TEN_ATL,TEN,19,32,276,2,1,2,-19,1,0,0,276,12,-0.277692322968505,,0,10,5,2,2,20,25,1,0,0,2,-3.22527925928609,0,1,0,0,0,19,0,276,2,0,0,0,0,12,20.686134392221,0,10,5,2,2,1,42,9,9,0,0,1,1,9,0,0,0,1,0,0,0,0,0,0,0,0,0,1,0,1,2,0,5,40,5,1,1,0,2,1,3,58,7,97,1,1,0,0,40,1,0,0,0,1,0,0,0,0,0,0,0,0,40,,,40,0,0,4,4,0,0,1,0,0,0,0,0,5,0,46,183,2,0,1,0,3,1,58,1,125
2003,12,BAL,REG,2003_12_SEA_BAL,SEA,20,37,319,4,0,6,-43,0,0,0,319,12,9.73248656836813,,0,11,7,5,3,35,150,0,3,2,7,-10.6996052758386,0,4,4,0,0,20,0,319,4,0,0,0,0,12,32.1658437882434,0,11,7,5,3,1,50,12,12,0,0,2,6,40,0,0,0,4,0,0,0,1,0,0,0,0,16,1,-12,3,8,0,14,112,3,2,1,0,3,2,3,11,8,142,3,3,0,0,42,1,0,1,0,2,0,0,0,0,0,0,0,0,21;40;42,,,103,0,0,5,5,0,0,1,1,1,0,0,42,8,0,53,337,1,1,0,1,3,3,12,0,305
2003,12,BUF,REG,2003_12_IND_BUF,IND,15,28,135,0,1,2,-17,0,0,0,135,5,-9.41589623163804,,0,7,1,0,0,27,110,2,1,0,9,8.92554456798825,0,6,5,1,0,15,0,135,0,0,0,0,0,5,6.99815779802157,0,7,1,0,0,0,41,17,25,0,0,2,1,6,0,0,0,6,0,0,0,0,0,0,0,0,0,1,0,1,3,0,6,42,3,0,1,0,1,0,2,17,4,91,0,1,1,0,,0,0,0,0,0,0,0,0,0,0,1,0,0,,48,,0,48,0,2,2,0,0,1,0,0,0,0,0,6,0,64,294,4,1,1,0,0,4,17,0,277
2003,12,CAR,REG,2003_12_CAR_DAL,DAL,9,25,175,1,1,1,-6,0,0,0,175,7,-5.20916009951168,,0,6,4,4,1,28,75,1,0,0,5,-3.04667126705508,0,2,1,0,0,9,0,175,1,0,0,0,0,7,15.1651991406106,0,6,4,4,1,0,56,0,4,0,0,0,1,0,0,1,0,4,0,0,0,0,0,0,0,0,0,0,0,0,0,0,11,68,4,1,0,0,1,1,2,-1,5,92,2,3,1,0,44,0.666666666666667,0,0,1,1,0,0,0,0,0,0,1,0,44;34,52,,78,52,0,2,2,0,0,1,0,0,0,0,0,5,0,55,251,1,0,0,0,1,4,15,0,236
2003,12,CHI,REG,2003_12_CHI_DEN,DEN,15,33,126,0,0,2,-15,1,0,0,126,9,-7.21358258422985,,0,6,1,0,0,33,106,1,0,0,8,2.6633462238533,0,2,0,0,0,15,0,126,0,0,0,0,0,9,8.39053511130624,0,6,1,0,0,0,42,2,4,0,0,1,2,11,0,0,0,7,0,0,0,0,0,0,0,0,0,1,0,0,0,0,6,29,5,1,0,0,1,0,4,39,3,116,4,4,0,0,54,1,0,1,1,1,1,0,0,0,0,0,0,0,33;23;54;47,,,157,0,0,1,1,0,0,1,0,0,0,0,0,5,0,47,183,2,1,2,1,0,1,9,0,154
2003,12,CIN,REG,2003_12_CIN_SD,LAC,24,38,243,4,0,2,-14,1,1,0,243,18,16.7101947847158,,0,9,3,2,0,45,225,0,0,0,12,4.96909493107743,0,9,5,1,0,24,0,243,4,0,0,0,0,18,32.492952163273,0,9,3,2,0,0,34,9,9,0,0,0,2,3,0,0,0,5,0,0,0,0,0,0,0,0,0,0,0,0,0,0,6,80,3,1,0,0,1,1,1,1,6,105,2,2,0,0,47,1,0,0,1,1,0,0,0,0,0,0,0,0,37;47,,,84,0,0,4,4,0,0,1,0,0,0,0,0,3,0,47,137,1,0,0,0,0,3,30,0,107
2003,12,CLE,REG,2003_12_PIT_CLE,PIT,25,44,234,0,2,3,-21,1,0,0,234,11,-7.06251399686308,,0,8,5,1,0,28,90,0,3,3,7,-17.1046141331317,0,4,3,0,0,25,0,234,0,0,0,0,0,11,15.3997418538202,0,8,5,1,0,0,30,20,20,0,0,0,2,14,0,0,0,3,0,0,0,0,0,0,0,0,0,1,0,0,0,0,5,32,5,2,2,0,4,3,6,47,4,70,2,2,0,0,31,1,0,1,1,0,0,0,0,0,0,0,0,0,27;31,,,58,0,0,0,0,0,0,,0,0,0,0,0,4,0,46,149,1,2,0,0,0,2,9,0,140
2003,12,DAL,REG,2003_12_CAR_DAL,CAR,29,44,254,2,1,1,0,0,0,0,254,12,2.02765953902811,,0,10,5,3,0,25,65,1,0,0,4,-5.11214522576466,0,2,2,0,0,29,0,254,2,0,0,0,0,12,13.6480929800309,0,10,5,3,0,0,40,0,6,0,0,1,1,6,0,1,30,7,0,0,0,0,0,0,0,0,0,0,0,1,0,0,10,123,3,0,0,0,0,0,4,15,4,99,1,3,2,0,24,0.333333333333333,0,1,0,0,0,0,0,0,0,2,0,0,24,49;44,,24,93,0,3,3,0,0,1,0,0,0,0,0,6,0,39,210,2,1,1,1,1,2,-1,0,191
2003,12,DEN,REG,2003_12_CHI_DEN,CHI,19,36,176,1,0,2,-11,0,0,0,176,9,-10.5039877711784,,0,7,3,2,0,21,200,0,0,0,8,9.31220599392979,0,4,4,3,2,19,0,176,1,0,0,0,0,9,5.90345742418544,0,7,3,2,0,0,46,6,12,0,0,1,2,15,0,0,0,2,0,0,0,0,0,0,0,0,0,2,0,0,0,0,8,114,6,1,1,0,2,0,1,9,5,79,1,2,1,0,25,0.5,0,1,0,0,0,0,0,0,0,1,0,0,25,40,,25,40,0,1,1,0,0,1,0,0,0,0,0,5,0,44,193,0,0,0,0,1,4,39,0,154
2003,12,DET,REG,2003_12_DET_MIN,MIN,21,41,167,1,4,0,0,0,0,0,167,11,-19.0429585386883,,0,9,3,1,0,19,74,0,0,0,3,-3.03835901198909,0,3,2,1,0,21,0,167,1,0,0,0,0,11,15.4889100827277,0,9,3,1,0,0,49,2,14,0,0,2,3,10,0,1,0,2,0,0,0,0,0,0,0,0,0,0,0,1,79,1,5,50,4,0,1,1,1,0,2,28,4,114,0,1,1,0,,0,0,0,0,0,0,0,0,0,0,1,0,0,,43,,0,43,0,2,2,0,0,1,0,0,0,0,0,6,0,48,245,1,0,0,1,0,5,59,0,166
2003,12,GB,REG,2003_12_SF_GB,SF,10,15,138,2,3,1,-2,0,0,0,138,4,-3.49685358803353,,0,2,2,1,1,48,243,0,1,0,13,-2.26928469436638,0,8,6,4,0,10,0,138,2,0,0,0,0,4,11.9701812304871,0,2,2,1,1,0,39,7,9,0,0,0,4,23,0,1,5,5,0,0,0,0,0,0,0,0,0,1,-8,0,0,0,4,40,4,0,1,0,1,0,2,16,3,73,2,3,1,0,38,0.666666666666667,0,0,2,0,0,0,0,0,0,1,0,0,38;37,49,,75,49,0,2,2,0,0,1,0,0,0,0,0,2,0,46,90,0,0,0,0,0,2,12,0,78
2003,12,HOU,REG,2003_12_NE_HOU,NE,10,25,93,2,1,3,-13,0,0,0,93,7,-10.5492980628712,,0,6,1,0,0,30,89,0,0,0,3,-6.1381472523015,0,2,2,0,0,10,0,93,2,0,0,0,0,7,13.1865747964475,0,6,1,0,0,0,55,25,35,0,0,1,4,24,0,2,34,13,0,1,0,1,0,1,0,0,0,0,0,1,33,0,6,45,5,1,0,0,1,1,1,0,5,115,2,2,0,0,31,1,1,0,1,0,0,0,0,0,0,0,0,0,19;31,,,50,0,0,2,2,0,0,1,0,0,0,0,0,8,0,50,312,4,0,1,0,3,4,42,0,270
2003,12,IND,REG,2003_12_IND_BUF,BUF,26,42,229,0,0,1,-6,0,0,0,229,13,4.16664623509396,,1,9,2,1,0,30,103,2,1,1,7,-0.318851834759582,0,2,2,0,0,26,0,229,0,1,0,0,0,13,18.3534287360236,1,9,2,1,0,0,32,11,17,0,0,0,2,17,0,1,1,3,0,0,0,0,0,0,0,0,0,1,16,0,0,0,6,49,1,2,0,0,2,1,4,17,3,74,1,1,0,0,24,1,0,1,0,0,0,0,0,0,0,0,0,0,24,,,24,0,0,0,0,0,0,,0,0,0,0,0,6,0,49,237,1,1,2,0,1,2,17,0,220
2003,12,JAX,REG,2003_12_JAX_NYJ,NYJ,17,33,172,0,1,1,0,0,0,0,172,9,-5.28671396525311,,0,8,4,4,0,37,158,1,1,1,9,-2.46307513111969,0,5,3,1,0,17,0,172,0,0,0,0,0,9,10.6511723876465,0,8,4,4,0,0,30,18,18,0,0,0,2,15,0,1,1,6,0,0,0,0,0,0,0,0,0,0,0,0,0,0,3,37,5,1,0,0,1,1,2,67,4,74,1,2,1,0,23,0.5,0,1,0,0,0,0,0,0,1,0,0,0,23,36,,23,36,0,1,1,0,0,1,0,0,0,0,0,4,0,44,153,1,2,1,0,0,1,18,0,135
2003,12,KC,REG,2003_12_OAK_KC,LV,23,33,244,1,0,1,-2,0,0,0,244,13,1.85910952029787,,0,11,7,3,0,25,142,2,0,0,8,7.81705923366826,0,5,4,1,0,23,0,244,1,0,0,0,0,13,12.7513634825851,0,11,7,3,0,0,52,5,5,0,0,0,3,6,0,0,0,2,0,1,0,0,0,0,0,0,0,1,0,0,0,0,2,20,6,0,1,0,1,0,3,37,5,141,2,2,0,0,43,1,0,0,1,1,0,0,0,0,0,0,0,0,43;35,,,78,0,0,3,3,0,0,1,1,1,0,0,35,5,0,42,159,0,0,0,0,1,4,58,0,101
2003,12,LA,REG,2003_12_STL_ARI,ARI,28,44,329,1,4,4,-31,1,1,0,329,15,-10.6276152551613,,0,15,8,5,0,26,117,1,0,0,10,0.191290611216997,0,5,4,0,0,28,0,329,1,0,0,0,0,15,26.3751305814809,0,15,8,5,0,0,41,7,7,0,0,0,0,0,0,2,86,6,1,0,0,0,0,0,0,0,0,0,0,0,0,0,3,25,6,1,0,0,1,1,0,0,6,138,3,3,0,0,49,1,0,2,0,1,0,0,0,0,0,0,0,0,29;24;49,,,102,0,0,3,3,0,0,1,1,1,0,0,49,3,0,54,153,0,0,0,2,0,1,19,0,94
2003,12,LAC,REG,2003_12_CIN_SD,CIN,15,33,210,2,0,2,-3,0,0,0,210,11,0.370943927535356,,0,10,3,3,0,20,118,1,0,0,5,5.02540700373356,0,4,2,1,0,15,0,210,2,0,0,0,0,11,18.5278968561324,0,10,3,3,0,0,47,20,20,0,0,1,2,14,0,0,0,1,0,0,0,0,0,0,0,0,0,0,0,1,0,0,7,59,6,0,0,0,0,0,3,30,7,162,2,2,0,0,48,1,0,1,0,1,0,0,0,0,0,0,0,0,48;26,,,74,0,0,3,3,0,0,1,0,0,0,0,0,4,0,51,179,3,0,2,0,1,1,1,0,178
2003,12,LV,REG,2003_12_OAK_KC,KC,19,31,219,1,0,3,-6,0,0,0,219,12,8.76584124180122,,0,9,4,3,1,35,166,2,0,0,8,2.66333824806497,0,7,4,1,0,19,0,219,1,0,0,0,0,12,21.8817746462883,0,9,4,3,1,0,46,6,6,0,0,0,1,2,0,0,0,3,0,0,0,0,0,0,0,0,0,0,0,0,0,0,7,65,4,0,0,0,0,0,4,58,6,96,1,1,0,0,41,1,0,0,0,1,0,0,0,0,0,0,0,0,41,,,41,0,0,3,3,0,0,1,0,0,0,0,0,5,0,42,180,3,1,0,0,1,3,37,0,143
2003,12,MIA,REG,2003_12_WAS_MIA,WAS,13,23,192,1,2,2,-19,0,0,0,192,7,-2.10440455614084,,0,3,3,2,1,32,144,2,0,0,8,-0.61184416123433,0,4,2,1,0,13,0,192,1,0,0,0,0,7,14.0733591568881,0,3,3,2,1,0,45,0,12,0,0,0,2,9,0,1,0,7,0,1,0,0,0,0,0,0,0,0,0,1,0,0,7,45,2,0,1,0,1,1,2,12,4,81,1,1,0,0,51,1,0,0,0,0,1,0,0,0,0,0,0,0,51,,,51,0,0,3,3,0,0,1,0,0,0,0,0,4,0,57,181,0,1,0,1,1,1,0,0,161
2003,12,MIN,REG,2003_12_DET_MIN,DET,20,30,196,0,1,3,-10,1,0,0,196,12,0.589970493743303,,0,11,2,1,0,28,121,1,1,1,6,-15.50121187279,0,4,3,1,0,20,0,196,0,0,0,0,0,12,15.11191151704,0,11,2,1,0,0,39,3,5,0,0,0,0,0,0,4,103,13,2,0,0,0,0,0,0,0,0,1,0,0,0,0,11,95,4,2,0,0,2,1,5,59,1,18,1,1,0,0,24,1,0,1,0,0,0,0,0,0,0,0,0,0,24,,,24,0,0,3,3,0,0,1,0,0,0,0,0,6,0,54,231,2,1,0,0,3,2,28,0,203
2003,12,NE,REG,2003_12_NE_HOU,HOU,29,47,368,2,2,4,-24,1,1,0,368,20,1.87144666824724,,0,17,8,5,0,41,128,0,1,0,7,-6.62871195483593,0,1,0,0,0,29,0,368,2,0,0,0,0,20,28.9127026216011,0,17,8,5,0,0,35,10,18,0,0,1,3,13,0,1,4,12,0,0,0,0,0,0,0,0,0,1,-2,1,0,0,5,58,4,1,1,0,2,1,4,42,5,108,3,5,1,1,32,0.6,0,2,1,0,0,0,0,0,1,0,0,0,21;32;28,38,37,81,38,37,2,2,0,0,1,1,1,0,0,28,3,1,51,125,0,0,1,0,1,1,0,0,125
2003,12,NO,REG,2003_12_NO_PHI,PHI,24,39,287,1,0,2,-20,1,1,0,287,15,1.74153156037373,,0,12,6,4,1,24,199,2,1,1,9,7.34828307892894,0,4,4,2,1,24,0,287,1,2,1,0,0,15,17.0162084244092,0,12,6,4,1,0,50,0,6,0,0,0,3,12,0,0,0,3,0,0,0,0,0,0,0,0,0,0,0,0,0,0,12,101,4,3,1,1,4,3,0,0,6,95,0,1,0,1,,0,0,0,0,0,0,0,0,0,0,0,0,0,,,45,0,0,45,2,2,0,0,1,0,0,0,0,0,1,0,40,40,0,0,0,0,0,1,15,0,25
2003,12,NYG,REG,2003_12_NYG_TB,TB,18,34,160,0,2,3,-27,2,1,0,160,8,-9.41194125416783,,0,7,2,0,0,17,79,0,3,1,4,-6.13418886036379,0,3,3,2,0,18,0,160,0,0,0,0,0,8,12.2808313118227,0,7,2,0,0,0,49,18,18,0,0,3,2,4,0,1,56,5,1,0,0,0,0,0,0,0,0,2,-9,2,0,0,9,71,6,3,2,1,5,2,2,18,3,83,2,2,0,0,30,1,0,0,2,0,0,0,0,0,0,0,0,0,30;30,,,60,0,0,1,1,0,0,1,0,0,0,0,0,5,0,52,211,2,1,0,0,2,2,16,0,195
2003,12,NYJ,REG,2003_12_JAX_NYJ,JAX,25,39,236,1,1,2,-15,0,0,0,236,15,0.547047105559614,,0,10,1,1,0,21,61,0,0,0,1,-7.68133498483861,0,1,0,0,0,25,0,236,1,0,0,0,0,15,17.2033374535968,0,10,1,1,0,0,32,28,28,0,0,1,1,0,0,1,0,2,0,0,0,0,0,0,0,0,0,0,0,1,0,0,6,45,4,0,0,0,0,0,1,18,3,55,2,2,0,0,36,1,0,0,2,0,0,0,0,0,0,0,0,0,36;35,,,71,0,0,1,1,0,0,1,0,0,0,0,0,6,0,46,234,1,1,0,0,3,2,67,0,167
2003,12,PHI,REG,2003_12_NO_PHI,NO,16,25,259,1,0,3,-12,0,0,0,259,12,7.89360717211187,,0,10,6,5,1,32,201,2,0,0,8,6.23889693277163,0,7,6,1,0,16,0,259,1,0,0,0,0,12,18.1635955797504,0,10,6,5,1,0,50,0,4,0,0,3,2,20,0,0,0,6,0,0,0,0,0,1,0,0,8,0,0,3,0,0,14,171,4,0,0,0,0,0,1,15,4,90,4,4,0,0,42,1,0,0,2,2,0,0,0,0,0,0,0,0,36;41;42;33,,,152,0,0,3,3,0,0,1,0,0,0,0,0,3,0,47,104,1,0,1,1,1,0,0,0,84
2003,12,PIT,REG,2003_12_PIT_CLE,CLE,9,24,73,1,0,2,-14,0,0,0,73,6,-6.56439001466076,,0,3,0,0,0,31,109,0,0,0,4,-4.74915720825084,0,2,2,1,0,9,0,73,1,0,0,0,0,6,8.10651367955143,0,3,0,0,0,0,45,16,16,0,0,2,3,21,0,2,34,9,0,0,0,0,0,0,0,0,0,0,0,3,2,0,10,55,4,0,0,0,0,0,2,9,3,47,2,3,1,0,46,0.666666666666667,0,1,0,1,0,0,0,0,0,1,0,0,23;46,45,,69,45,0,1,1,0,0,1,0,0,0,0,0,9,0,55,414,2,0,2,1,0,6,47,0,347
2003,12,SEA,REG,2003_12_SEA_BAL,BAL,23,42,333,5,0,6,-40,1,1,0,333,17,11.8383296976769,,0,14,8,4,1,32,133,0,1,1,5,-5.49756655783858,0,3,3,0,0,23,0,333,5,0,0,0,0,17,36.2222088366398,0,14,8,4,1,0,57,10,10,0,0,2,6,43,0,0,0,12,0,1,0,0,0,0,0,0,0,0,0,2,27,0,6,89,3,2,1,0,3,3,3,12,5,107,2,2,0,0,46,1,0,0,0,2,0,0,0,0,0,0,0,0,45;46,,,91,0,0,5,5,0,0,1,0,0,0,0,0,6,1,54,255,3,0,1,0,2,3,11,0,244
2003,12,SF,REG,2003_12_SF_GB,GB,14,30,142,1,1,4,-23,0,0,0,142,7,-6.43917639577272,,0,6,3,2,0,21,73,0,0,0,4,-4.49312475300394,0,1,1,1,0,14,0,142,1,0,0,0,0,7,14.070629879008,0,6,3,2,0,0,42,15,21,0,0,0,1,2,0,3,38,3,0,0,0,0,0,0,0,0,0,0,0,0,0,0,6,45,4,0,0,0,0,0,2,12,4,88,1,2,1,0,24,0.5,0,1,0,0,0,0,0,1,0,0,0,0,24,28,,24,28,0,1,1,0,0,1,0,0,0,0,0,6,0,47,202,3,0,1,0,3,2,16,0,186
2003,12,TB,REG,2003_12_NYG_TB,NYG,22,32,269,1,1,2,-4,0,0,0,269,11,5.85844381210035,,0,12,4,4,1,38,93,1,0,0,5,-11.7261475539417,0,1,0,0,0,22,0,269,1,2,2,0,0,11,11.4333270899369,0,12,4,4,1,0,28,16,16,0,0,3,3,27,0,2,18,3,0,1,1,0,0,0,0,0,0,3,-6,2,0,0,5,45,2,3,2,0,5,2,2,16,4,67,1,1,0,0,21,1,0,1,0,0,0,0,0,0,0,0,0,0,21,,,21,0,0,2,2,0,0,1,0,0,0,0,0,5,0,38,170,1,1,2,0,0,2,18,0,152
2003,12,TEN,REG,2003_12_TEN_ATL,ATL,18,26,212,3,0,1,-9,0,0,0,212,13,11.8787679199183,,0,11,4,3,0,35,144,1,2,1,7,-8.78630491018001,0,5,5,0,0,18,0,212,3,0,0,0,0,13,20.4628247014068,0,11,4,3,0,1,41,5,5,0,0,1,2,19,0,1,11,4,0,0,0,0,0,0,0,0,0,1,-1,1,0,0,9,62,3,1,1,0,2,1,1,58,6,121,1,2,1,0,22,0.5,0,1,0,0,0,0,0,0,0,1,0,0,22,44,,22,44,0,5,5,0,0,1,0,0,0,0,0,5,0,57,258,2,0,0,1,1,3,58,1,180
2003,12,WAS,REG,2003_12_WAS_MIA,MIA,16,34,157,1,1,2,-9,0,0,0,157,10,-0.12176559504969,,0,7,1,1,0,32,129,1,0,0,9,2.27042503491975,0,4,2,1,0,16,0,157,1,0,0,0,0,10,16.2131062630215,0,7,1,1,0,0,33,0,20,0,0,0,2,19,0,2,21,6,0,1,0,0,0,0,0,0,0,0,0,1,0,0,5,38,4,0,1,0,1,1,1,0,3,77,3,3,0,0,31,1,0,2,1,0,0,0,0,0,0,0,0,0,28;31;22,,,81,0,0,2,2,0,0,1,0,0,0,0,0,4,0,41,128,2,1,0,0,1,2,12,0,116
2003,13,ARI,REG,2003_13_ARI_CHI,CHI,20,32,163,0,2,1,-12,0,0,0,163,7,-13.6815947377525,,0,3,2,1,0,18,46,0,1,1,2,-7.08255062019453,0,0,0,0,0,20,0,163,0,0,0,0,0,7,7.20875869179145,0,3,2,1,0,0,52,9,9,0,0,0,3,16,0,0,0,6,0,0,0,0,0,0,0,0,0,0,0,1,0,0,3,15,3,1,0,0,1,1,1,14,5,111,1,1,0,0,32,1,0,0,1,0,0,0,0,0,0,0,0,0,32,,,32,0,0,0,0,0,0,,0,0,0,0,0,8,0,53,324,4,1,4,0,0,3,39,0,285
2003,13,ATL,REG,2003_13_ATL_HOU,HOU,20,39,176,0,1,1,-2,0,0,0,176,11,-8.92807580263496,,0,7,2,2,0,24,69,1,0,0,4,-1.44115135801952,0,1,0,0,0,20,0,176,0,0,0,0,0,11,13.6574951006271,0,7,2,2,0,0,33,16,20,0,0,2,4,24,0,1,4,2,0,1,0,0,0,0,0,0,0,1,0,0,0,0,6,49,4,1,0,0,1,0,3,48,3,78,2,3,1,0,42,0.666666666666667,0,0,1,1,0,0,0,0,0,1,0,0,35;42,49,,77,49,0,1,1,0,0,1,0,0,0,0,0,5,0,49,205,3,0,1,0,1,3,45,0,160
2003,13,BAL,REG,2003_13_SF_BAL,SF,14,25,177,2,1,1,-12,1,0,0,177,7,5.35765141673938,,0,7,2,2,0,29,117,2,2,1,7,-5.41580800581141,0,4,4,1,0,14,0,177,2,0,0,0,0,7,16.204186224289,0,7,2,2,0,0,37,20,20,0,0,0,0,0,0,4,65,12,1,0,0,0,0,0,0,0,0,2,-4,0,0,0,4,25,1,2,1,0,3,1,2,22,3,121,3,3,0,0,47,1,0,1,0,2,0,0,0,0,0,0,0,0,28;47;41,,,116,0,0,5,5,0,0,1,0,0,0,0,0,5,0,49,215,2,0,0,1,2,2,-1,0,196
2003,13,BUF,REG,2003_13_BUF_NYG,NYG,21,34,275,2,0,4,-23,0,0,0,275,12,9.62097534040923,,0,11,8,6,0,36,151,1,1,0,9,0.660333243431523,0,6,5,1,0,21,0,275,2,0,0,0,0,12,25.4634884285398,0,11,8,6,0,0,25,16,16,0,0,1,6,35,0,0,0,5,0,1,0,0,0,0,0,0,0,2,-2,1,0,0,8,60,1,0,2,0,2,0,4,13,2,36,1,2,1,0,26,0.5,0,1,0,0,0,0,0,0,0,0,1,0,26,50,,26,50,0,3,3,0,0,1,0,0,0,0,0,6,0,50,251,2,3,1,0,0,2,16,0,235
2003,13,CAR,REG,2003_13_PHI_CAR,PHI,18,29,216,2,0,2,-16,1,1,0,216,12,2.71415437366674,,0,10,7,4,0,29,136,0,0,0,6,-4.19417188029564,0,3,3,1,0,18,0,216,2,0,0,0,0,12,17.8227150632883,0,10,7,4,0,0,45,3,13,0,0,1,3,23,0,1,0,3,0,0,0,0,0,0,0,0,0,0,0,1,0,0,9,70,5,1,0,0,1,1,2,1,6,146,1,4,3,0,20,0.25,0,1,0,0,0,0,0,0,2,1,0,0,20,32;38;49,,20,119,0,1,2,1,0,0.5,0,0,0,0,0,3,0,51,140,0,0,1,0,0,2,11,0,129
2003,13,CHI,REG,2003_13_ARI_CHI,ARI,22,37,284,2,0,3,-16,0,0,0,284,14,9.52873931662899,,0,12,4,4,1,36,154,2,1,1,10,0.678703392972833,0,5,4,0,0,22,0,284,2,0,0,0,0,14,22.1524473324535,0,12,4,4,1,0,37,9,9,0,0,1,1,12,0,2,35,5,0,0,0,0,0,0,0,0,0,0,-5,1,0,0,4,25,3,0,1,0,1,1,3,39,1,11,0,2,2,0,,0,0,0,0,0,0,0,0,0,0,2,0,0,,44;43,,0,87,0,4,4,0,0,1,0,0,0,0,0,4,0,49,163,1,2,1,0,0,1,14,0,149
2003,13,CIN,REG,2003_13_CIN_PIT,PIT,18,32,271,3,0,1,-5,0,0,0,271,10,15.5801973634407,,0,10,6,3,2,25,113,0,0,0,8,-0.793567458458711,0,4,4,0,0,18,0,271,3,0,0,0,0,10,28.3137292315369,0,10,6,3,2,0,44,7,23,0,0,2,6,36,0,1,8,3,0,0,0,0,0,0,0,0,0,0,0,1,0,0,6,55,5,0,0,0,0,0,2,13,4,92,1,1,0,0,44,1,0,0,0,1,0,0,0,0,0,0,0,0,44,,,44,0,0,3,3,0,0,1,0,0,0,0,0,4,0,41,123,1,1,1,1,1,0,0,0,103
2003,13,CLE,REG,2003_13_CLE_SEA,SEA,23,34,191,0,1,4,-24,1,1,0,191,9,-13.2216814684798,,0,9,4,0,0,16,47,0,0,0,1,-4.15362751093926,0,0,0,0,0,23,0,191,0,1,1,0,0,9,8.66584439366125,0,9,4,0,0,1,50,16,16,0,0,1,3,22,0,1,0,4,0,0,0,1,0,0,0,0,28,0,0,0,0,0,4,35,4,2,0,0,2,2,0,0,6,145,0,0,0,0,,,0,0,0,0,0,0,0,0,0,0,0,0,,,,0,0,0,1,1,0,0,1,0,0,0,0,0,5,0,41,171,3,0,2,0,2,1,9,0,162
2003,13,DAL,REG,2003_13_MIA_DAL,MIA,24,40,288,2,3,5,-25,1,1,0,288,12,-13.6026061623998,,0,12,7,3,1,16,91,1,0,0,5,2.40595921859494,0,4,3,0,0,24,0,288,2,0,0,0,0,12,22.2923689658055,0,12,7,3,1,0,56,0,16,0,0,1,1,7,0,0,0,0,0,0,0,0,1,0,0,0,0,1,0,1,0,0,5,50,2,3,0,0,3,2,0,0,6,136,0,0,0,0,,,0,0,0,0,0,0,0,0,0,0,0,0,,,,0,0,0,3,3,0,0,1,0,0,0,0,0,5,0,50,183,0,1,0,0,0,4,16,0,167
2003,13,DEN,REG,2003_13_DEN_OAK,LV,11,20,105,1,1,3,-11,0,0,0,105,5,-5.60780371289002,,0,3,2,2,0,46,193,2,0,0,11,8.18688799875975,1,6,6,2,0,11,0,105,1,0,0,0,0,5,10.9787843069644,0,3,2,2,0,0,38,8,10,0,0,4,2,11,0,0,0,6,0,0,0,0,0,0,0,0,0,0,0,3,0,0,6,45,5,0,0,0,0,0,2,13,3,83,0,0,0,0,,,0,0,0,0,0,0,0,0,0,0,0,0,,,,0,0,0,2,2,0,0,1,0,0,0,0,0,5,1,51,223,0,0,0,2,0,3,61,0,122
2003,13,DET,REG,2003_13_GB_DET,GB,21,32,183,0,1,3,-17,1,0,0,183,8,-6.79412102516491,,0,8,1,1,0,33,100,1,2,0,7,-1.59022627197555,0,2,2,0,0,21,0,183,0,0,0,0,0,8,10.2702776731522,0,8,1,1,0,0,38,3,21,0,0,2,4,28,0,3,23,6,0,0,0,0,0,0,0,0,0,3,-2,2,0,0,5,40,2,2,1,0,3,0,3,29,3,58,5,5,0,0,49,1,0,1,1,3,0,0,0,0,0,0,0,0,42;28;49;46;32,,,197,0,0,1,1,0,0,1,0,0,0,0,0,6,0,44,217,3,0,1,0,3,2,5,0,212
2003,13,GB,REG,2003_13_GB_DET,DET,23,37,296,2,3,4,-28,1,1,0,296,11,-6.07823010283755,,0,11,7,4,1,16,52,0,0,0,4,-3.65237845754018,0,1,1,1,0,23,0,296,2,1,1,0,0,11,17.7892013291421,0,11,7,4,1,0,59,2,14,0,0,2,3,17,0,1,0,7,0,0,0,0,0,0,0,0,0,0,0,0,0,0,6,49,5,2,0,0,2,2,2,5,6,161,0,0,0,0,,,0,0,0,0,0,0,0,0,0,0,0,0,,,,0,0,0,2,2,0,0,1,0,0,0,0,0,6,0,49,233,2,0,2,0,1,3,29,0,204
2003,13,HOU,REG,2003_13_ATL_HOU,ATL,10,19,125,0,1,4,-24,1,0,0,125,6,-7.21535989018378,,0,7,2,2,0,31,135,2,0,0,8,1.28456980350893,0,3,3,1,0,10,0,125,0,1,0,0,0,6,8.13505779824046,0,7,2,2,0,0,38,13,13,0,0,1,1,2,0,1,22,12,0,0,0,0,0,0,0,0,0,2,0,0,0,0,5,53,4,2,0,0,2,0,3,45,3,72,1,2,1,0,40,0.5,0,0,0,1,0,0,0,0,0,0,1,0,40,52,,40,52,0,2,2,0,0,1,0,0,0,0,0,5,0,58,236,1,0,0,1,1,3,48,0,168
2003,13,IND,REG,2003_13_NE_IND,NE,29,48,278,4,1,2,-6,1,1,0,278,14,3.32921803069384,,0,11,3,2,0,29,98,0,1,0,9,-5.3346382896998,0,2,2,1,0,29,0,278,4,0,0,0,0,14,28.4331128275371,0,11,3,2,0,0,39,17,17,0,0,3,2,10,0,2,27,4,0,1,0,0,0,0,0,0,0,1,-2,1,0,0,4,31,5,1,2,1,3,1,1,0,6,124,2,2,0,0,40,1,0,1,0,1,0,0,0,0,0,0,0,0,40;29,,,69,0,0,4,4,0,0,1,0,0,0,0,0,3,0,53,135,1,0,0,0,1,2,21,0,114
2003,13,JAX,REG,2003_13_TB_JAX,TB,20,34,224,2,0,0,0,0,0,0,224,11,4.87732250457104,,0,9,4,2,1,35,135,0,0,0,8,-5.89979170910847,0,3,3,1,0,20,0,224,2,2,1,0,0,11,14.0901517447201,0,9,4,2,1,0,41,2,8,0,0,0,2,12,0,1,7,9,0,0,0,0,0,0,0,0,0,0,0,0,0,0,5,48,0,2,0,1,2,1,2,29,3,66,1,3,2,0,28,0.333333333333333,0,1,0,0,0,0,0,0,0,2,0,0,28,46;41,,28,87,0,2,2,0,0,1,0,0,0,0,0,3,0,46,130,0,0,1,1,0,1,1,0,109
2003,13,KC,REG,2003_13_KC_SD,LAC,17,30,155,2,2,1,-14,1,0,0,155,10,1.08741170266876,,0,5,3,1,0,39,194,2,0,0,13,8.05892127400148,0,6,4,1,0,17,0,155,2,0,0,0,0,10,18.1188605388743,0,5,3,1,0,0,41,8,8,0,0,0,1,2,0,2,27,4,0,0,0,0,0,1,0,0,0,1,0,1,0,0,6,55,1,1,0,0,1,0,1,4,4,90,0,0,0,0,,,0,0,0,0,0,0,0,0,0,0,0,0,,,,0,0,0,4,4,0,0,1,0,0,0,0,0,5,0,47,189,1,1,1,0,1,2,20,0,169
2003,13,LA,REG,2003_13_MIN_STL,MIN,16,21,263,1,1,1,-8,0,0,0,263,11,11.9589561685472,,0,10,7,6,1,25,141,4,0,0,9,5.15301625971915,0,7,5,1,0,16,0,263,1,0,0,0,0,11,20.201264707488,0,10,7,6,1,0,68,6,6,0,0,3,8,54,0,1,11,3,0,0,0,1,0,0,0,0,9,0,0,2,90,1,4,25,5,0,0,0,0,0,1,8,4,73,2,2,0,0,51,1,0,1,0,0,1,0,0,0,0,0,0,0,28;51,,,79,0,0,6,6,0,0,1,0,0,0,0,0,2,0,47,72,1,0,0,0,2,0,0,0,72
2003,13,LAC,REG,2003_13_KC_SD,KC,16,34,213,2,2,1,-2,0,0,0,213,10,2.84439581315529,,0,10,7,5,0,28,159,1,1,1,6,-1.4065322480465,0,5,5,1,1,16,0,213,2,0,0,0,0,10,21.4297317721066,0,10,7,5,0,0,51,9,9,0,0,1,1,14,0,2,0,6,0,0,0,0,0,0,0,0,0,0,-4,0,0,0,5,55,5,0,1,0,1,1,2,20,5,169,1,3,1,1,21,0.333333333333333,0,1,0,0,0,0,0,0,0,1,0,0,21,48,40,21,48,40,3,3,0,0,1,0,0,0,0,0,3,0,37,93,0,1,0,0,1,1,4,0,89
2003,13,LV,REG,2003_13_DEN_OAK,DEN,13,30,153,0,0,2,-11,0,0,0,153,6,-7.69770716188103,,0,6,4,4,0,23,120,0,3,2,5,-6.63013419869822,0,3,3,2,1,13,0,153,0,1,1,0,0,6,4.48518017376773,0,6,4,4,0,0,41,19,21,0,0,0,3,11,0,1,0,4,0,0,1,1,0,0,0,0,0,0,0,0,0,0,11,89,6,4,0,1,4,3,3,61,5,66,2,2,0,0,48,1,0,0,0,2,0,0,0,0,0,0,0,0,46;48,,,94,0,0,0,0,0,0,,0,0,0,0,0,5,0,52,220,2,0,1,1,1,2,13,0,187
2003,13,MIA,REG,2003_13_MIA_DAL,DAL,16,20,239,3,0,1,-7,0,0,0,239,11,19.0608821424539,,0,10,5,4,0,44,133,1,1,1,9,-10.1400913073052,0,3,1,0,0,16,0,239,3,0,0,0,0,11,24.6824452859582,0,10,5,4,0,0,43,0,6,0,0,3,5,25,0,3,83,6,0,1,0,0,0,0,0,0,0,1,0,2,34,1,6,69,6,1,1,0,2,1,4,16,4,71,2,2,0,0,42,1,0,0,1,1,0,0,0,0,0,0,0,0,33;42,,,75,0,0,4,5,0,1,0.8,0,0,0,0,0,4,0,47,170,2,0,0,2,2,0,0,0,130
2003,13,MIN,REG,2003_13_MIN_STL,LA,33,48,330,1,1,8,-54,2,1,0,330,17,-12.5521817291886,,0,15,6,4,0,26,189,1,0,0,8,9.01175981701817,0,7,7,2,1,33,0,330,1,1,1,0,0,17,25.3419527332298,0,15,6,4,0,0,42,2,2,0,0,0,1,8,0,1,44,2,0,0,0,0,0,0,0,0,0,0,0,0,0,0,11,65,2,3,0,1,3,2,0,0,8,182,1,1,0,0,28,1,0,1,0,0,0,0,0,0,0,0,0,0,28,,,28,0,0,2,2,0,0,1,0,0,0,0,0,2,1,40,75,0,0,0,0,1,1,8,0,67
2003,13,NE,REG,2003_13_NE_IND,IND,26,35,236,2,2,2,-10,1,0,0,236,12,4.98399244212901,,0,10,4,1,0,23,56,2,2,1,7,-4.62117032433162,0,1,0,0,0,26,0,236,2,1,0,0,0,12,21.2786062325945,0,10,4,1,0,1,48,17,17,0,0,1,2,6,0,1,7,8,0,0,0,0,0,0,0,0,0,2,-3,1,4,0,6,52,4,3,1,1,4,1,2,21,7,229,1,1,0,0,43,1,0,0,0,1,0,0,0,0,0,0,0,0,43,,,43,0,0,5,5,0,0,1,0,0,0,0,0,3,0,38,82,1,0,2,0,0,1,0,0,82
2003,13,NO,REG,2003_13_NO_WAS,WAS,14,30,121,1,0,0,0,0,0,0,121,8,-0.660489721242698,,0,6,1,0,0,37,189,2,0,0,11,7.86970657965867,0,5,4,1,1,14,0,121,1,0,0,0,0,8,13.5113073267275,0,6,1,0,0,0,40,2,12,0,0,1,0,0,0,1,14,8,0,0,0,0,0,0,0,0,0,0,0,2,27,0,3,30,4,0,0,0,0,0,2,22,5,130,1,3,2,0,25,0.333333333333333,0,1,0,0,0,0,0,0,0,1,1,0,25,51;48,,25,99,0,3,3,0,0,1,0,0,0,0,0,6,0,48,245,2,1,3,1,0,1,4,0,221
2003,13,NYG,REG,2003_13_BUF_NYG,BUF,17,35,233,1,0,6,-35,2,1,0,233,9,-9.11149088735692,,0,7,2,1,1,13,24,0,0,0,1,-3.23676921264268,0,0,0,0,0,17,0,233,1,0,0,0,0,9,18.2841656272649,0,7,2,1,1,0,42,21,21,0,0,0,4,23,0,0,0,2,0,0,0,0,0,0,0,0,0,1,0,0,0,0,5,58,2,1,1,0,2,1,2,16,4,64,0,0,0,0,,,0,0,0,0,0,0,0,0,0,0,0,0,,,,0,0,0,1,1,0,0,1,0,0,0,0,0,9,0,46,331,1,1,2,0,2,4,13,0,318
2003,13,NYJ,REG,2003_13_TEN_NYJ,TEN,18,23,231,2,2,2,-8,0,0,0,231,10,7.81826619085041,,0,7,7,5,0,30,97,1,0,0,8,-0.568941186130906,0,1,1,0,0,18,0,231,2,0,0,0,0,10,16.2632239094528,0,7,7,5,0,0,33,18,18,0,0,0,1,4,0,2,14,8,0,0,0,0,0,0,0,0,0,0,0,0,0,0,3,17,3,0,0,0,0,0,2,16,2,40,1,1,0,0,27,1,0,1,0,0,0,0,0,0,0,0,0,0,27,,,27,0,0,3,3,0,0,1,0,0,0,0,0,3,0,42,120,0,0,0,0,0,3,35,0,85
2003,13,PHI,REG,2003_13_PHI_CAR,CAR,18,26,182,1,1,3,-23,0,0,0,182,9,4.6073476846438,,0,7,2,2,0,28,124,1,0,0,5,1.72009018606283,0,2,2,1,0,18,0,182,1,0,0,0,0,9,17.5633670527101,0,7,2,2,0,0,53,1,7,0,0,1,2,16,0,0,0,2,0,1,0,0,0,0,0,0,0,0,0,1,0,0,4,35,5,1,0,0,1,1,2,11,4,89,4,4,0,0,48,1,0,1,2,1,0,0,0,0,0,0,0,0,35;48;38;29,,,150,0,0,1,1,0,0,1,0,0,0,0,0,3,0,56,148,1,0,0,1,0,2,1,0,127
2003,13,PIT,REG,2003_13_CIN_PIT,CIN,29,44,335,1,1,6,-36,1,1,0,335,18,7.61737598262708,,0,14,10,4,0,25,85,1,0,0,4,-1.15631573698983,0,1,1,0,0,29,0,335,1,1,0,0,0,18,26.4943540593376,0,14,10,4,0,0,31,11,23,0,0,0,1,5,0,0,0,4,0,0,0,0,0,0,0,0,0,0,0,0,0,0,7,70,4,2,0,1,2,1,0,0,4,93,2,2,0,0,39,1,0,1,1,0,0,0,0,0,0,0,0,0,23;39,,,62,0,0,2,2,0,0,1,0,0,0,0,0,3,0,69,166,0,0,0,1,0,2,13,0,133
2003,13,SEA,REG,2003_13_CLE_SEA,CLE,26,36,328,3,1,3,-22,1,0,0,328,20,19.2174216721498,,0,14,8,6,0,36,157,1,0,0,6,-3.68736072806916,0,3,3,1,0,26,0,328,3,0,0,0,0,20,35.2709762828599,0,14,8,6,0,0,36,12,12,0,0,2,4,24,0,1,27,7,0,0,0,0,0,0,0,0,0,1,0,2,0,0,5,45,2,1,0,0,1,0,1,9,1,21,2,3,1,0,41,0.666666666666667,0,0,1,1,0,0,0,0,0,1,0,0,36;41,41,,77,41,0,4,4,0,0,1,0,0,0,0,0,2,1,38,63,1,0,1,0,1,0,0,0,63
2003,13,SF,REG,2003_13_SF_BAL,BAL,17,36,158,0,4,0,0,0,0,0,158,6,-22.9717545404096,,0,2,2,2,0,30,106,0,0,0,4,-6.05169747007312,0,2,2,1,0,17,0,158,0,0,0,0,0,6,9.53610044601373,0,2,2,2,0,0,31,14,14,0,0,2,1,12,0,1,0,6,0,0,0,0,0,0,0,0,0,0,0,1,0,0,6,46,2,0,0,0,0,0,2,-1,7,139,2,2,0,0,48,1,0,0,0,2,0,0,0,0,0,0,0,0,48;40,,,88,0,0,0,0,0,0,,0,0,0,0,0,6,0,46,229,2,1,1,0,2,2,22,0,207
2003,13,TB,REG,2003_13_TB_JAX,JAX,21,38,156,0,1,2,-12,0,0,0,156,9,-9.55943422510463,,0,5,1,0,0,19,77,1,0,0,6,0.474714022362605,0,3,2,0,0,21,0,156,0,0,0,0,0,9,10.1971075559268,0,5,1,0,0,0,48,5,11,0,0,2,0,0,0,0,0,4,0,0,0,0,0,0,0,0,0,0,0,1,0,0,7,80,4,0,0,0,0,0,1,1,3,54,1,2,1,0,47,0.5,0,0,0,1,0,0,0,0,0,1,0,0,47,45,,47,45,0,1,1,0,0,1,0,0,0,0,0,5,0,55,183,2,3,0,0,0,2,29,0,154
2003,13,TEN,REG,2003_13_TEN_NYJ,NYJ,21,35,272,2,2,3,-13,2,0,0,272,14,6.30258631077221,,0,11,5,3,1,22,84,0,0,0,4,-1.73175545128805,0,2,1,0,0,21,0,272,2,0,0,0,0,14,27.5113377398811,0,11,5,3,1,0,39,14,14,0,0,0,2,8,0,2,4,3,0,0,0,0,0,0,0,0,0,2,0,0,0,0,5,36,5,0,2,0,2,0,3,35,5,91,1,2,1,0,35,0.5,0,0,1,0,0,0,0,0,0,0,1,0,35,52,,35,52,0,2,2,0,0,1,0,0,0,0,0,2,0,52,90,1,0,0,0,0,2,16,0,74
2003,13,WAS,REG,2003_13_NO_WAS,NO,22,42,231,0,1,0,0,0,0,0,231,11,-6.26493983897883,,0,12,4,2,0,26,161,1,2,1,8,-4.84153024823172,0,4,4,2,0,22,0,231,0,0,0,0,0,11,12.1753826360764,0,12,4,2,0,1,48,5,11,0,0,0,0,0,0,0,0,5,0,0,0,0,0,0,0,0,0,1,0,0,0,0,8,120,5,1,2,0,3,2,1,4,4,144,2,2,0,0,49,1,0,0,0,2,0,0,0,0,0,0,0,0,45;49,,,94,0,0,2,2,0,0,1,0,0,0,0,0,4,0,45,151,2,0,2,0,0,2,22,0,129
2003,14,ARI,REG,2003_14_ARI_SF,SF,19,40,179,2,1,3,-28,0,0,0,179,10,-6.27838604670251,,0,7,4,2,0,22,66,0,1,0,4,-3.71033873828128,0,2,1,0,0,19,0,179,2,1,1,0,0,10,14.6092037315248,0,7,4,2,0,0,47,7,7,0,0,1,1,3,0,0,0,4,0,0,0,0,0,0,0,0,0,1,-7,1,0,0,1,13,1,1,1,0,2,1,0,0,8,142,0,0,0,0,,,0,0,0,0,0,0,0,0,0,0,0,0,,,,0,0,0,2,2,0,0,1,0,0,0,0,0,6,0,43,215,0,0,3,0,0,3,12,0,203
2003,14,ATL,REG,2003_14_CAR_ATL,CAR,16,34,179,0,1,3,-23,1,0,0,179,10,-6.56952805716924,,0,8,4,2,0,37,224,2,1,1,9,0.833981127070729,0,5,5,2,1,16,0,179,0,0,0,0,0,10,13.0702918551106,0,8,4,2,0,0,44,6,6,0,0,0,1,12,0,2,32,4,1,0,0,0,0,0,0,0,0,1,0,1,0,0,7,42,4,2,0,0,2,1,3,22,3,39,0,2,2,0,,0,0,0,0,0,0,0,0,0,2,0,0,0,,36;34,,0,70,0,2,2,0,0,1,0,0,0,0,0,4,0,43,162,2,0,1,0,1,2,1,0,161
2003,14,BAL,REG,2003_14_CIN_BAL,CIN,8,19,145,1,2,2,-15,0,0,0,145,7,-4.0629178279778,,0,6,1,1,1,45,223,3,2,1,12,2.8962140010644,0,8,7,0,0,8,0,145,1,0,0,0,0,7,12.8307906492846,0,6,1,1,1,0,46,13,13,0,0,3,6,46,0,2,55,4,0,0,0,0,0,0,0,0,0,2,-2,3,0,0,2,20,3,1,2,0,3,1,3,13,3,19,1,1,0,0,22,1,0,1,0,0,0,0,0,0,0,0,0,0,22,,,22,0,0,4,4,0,0,1,0,0,0,0,0,5,0,39,163,1,1,0,0,1,3,15,0,148
2003,14,BUF,REG,2003_14_NYJ_BUF,NYJ,9,15,72,1,1,2,-19,1,0,0,72,4,-6.20539588029843,,0,3,0,0,0,41,203,1,2,1,14,0.675376175844576,0,8,5,0,0,9,0,72,1,0,0,0,0,4,4.73991003708215,0,3,0,0,0,0,27,23,25,0,0,1,5,28,0,1,3,6,0,0,0,0,0,0,0,0,0,2,0,0,0,0,3,23,4,3,0,0,3,1,1,6,3,71,1,1,0,0,32,1,0,0,1,0,0,0,0,0,0,0,0,0,32,,,32,0,0,2,2,0,0,1,0,0,0,0,0,4,0,54,161,3,0,1,0,1,2,8,0,153
2003,14,CAR,REG,2003_14_CAR_ATL,ATL,13,25,153,1,2,1,-12,0,0,0,153,8,-4.11880055151414,,0,7,5,3,0,33,90,1,3,1,4,-11.2777207439067,0,2,1,0,0,13,0,153,1,0,0,0,0,8,14.3271698324243,0,7,5,3,0,0,51,8,8,0,0,2,3,23,0,1,0,8,0,0,0,0,0,0,0,0,0,2,-5,1,0,0,10,76,4,0,3,0,3,1,2,1,4,79,0,0,0,0,,,0,0,0,0,0,0,0,0,0,0,0,0,,,,0,0,0,2,2,0,0,1,0,0,0,0,0,8,0,53,293,2,2,2,0,1,3,22,0,271
2003,14,CHI,REG,2003_14_CHI_GB,GB,17,40,256,1,3,3,-25,0,0,0,256,10,-13.8607812026166,,0,10,6,5,1,20,44,0,0,0,3,-5.41605222865474,0,2,1,0,0,17,0,256,1,1,1,0,0,10,16.5775230769068,0,10,6,5,1,1,48,17,21,0,0,0,0,0,0,1,45,3,1,0,0,0,0,0,0,0,0,0,0,0,0,0,5,45,6,2,0,0,2,2,1,25,8,211,0,0,0,0,,,0,0,0,0,0,0,0,0,0,0,0,0,,,,0,0,0,3,3,0,0,1,0,0,0,0,0,6,0,52,256,0,0,0,3,0,3,3,0,193
2003,14,CIN,REG,2003_14_CIN_BAL,BAL,23,31,214,1,2,6,-46,3,2,0,214,9,-15.992378237242,,0,9,4,2,0,21,100,0,0,0,5,0.230487053690013,0,2,2,0,0,23,0,214,1,0,0,0,0,9,14.5022811064264,0,9,4,2,0,0,39,16,16,0,0,1,2,15,0,2,10,5,0,1,0,0,0,0,0,0,0,1,0,1,0,0,9,63,4,3,1,0,4,3,3,15,6,138,2,2,0,0,38,1,0,1,1,0,0,0,0,0,0,0,0,0,25;38,,,63,0,0,1,1,0,0,1,0,0,0,0,0,6,0,41,209,2,1,1,0,1,3,13,0,196
2003,14,CLE,REG,2003_14_STL_CLE,LA,16,26,178,2,2,5,-31,3,2,0,178,8,-18.8229659344796,,0,6,6,3,0,24,162,1,0,0,9,5.90862299926812,0,6,4,1,0,16,0,178,2,0,0,0,0,8,12.0607242900152,0,6,6,3,0,0,37,23,23,0,0,0,3,13,0,1,0,5,0,0,0,0,0,0,0,0,0,1,0,0,0,0,4,30,4,3,0,0,3,2,1,26,7,144,0,0,0,0,,,0,0,0,0,0,0,0,0,0,0,0,0,,,,0,0,0,2,2,0,0,1,0,0,0,0,0,4,0,52,172,0,1,0,1,0,2,23,0,129
2003,14,DAL,REG,2003_14_DAL_PHI,PHI,15,24,93,1,2,3,-18,0,0,0,93,4,-14.603115273217,,0,3,1,0,0,34,150,0,0,0,9,2.64978440289269,0,3,3,1,0,15,0,93,1,0,0,0,0,4,2.59681547086802,0,3,1,0,0,0,40,0,10,0,0,0,2,12,0,0,0,11,0,0,0,0,0,0,0,0,0,0,-13,0,0,0,9,62,2,0,1,1,1,0,3,30,7,122,1,1,0,0,29,1,0,1,0,0,0,0,0,0,0,0,0,0,29,,,29,0,0,1,1,0,0,1,0,0,0,0,0,7,0,38,221,1,0,4,0,1,2,14,0,207
2003,14,DEN,REG,2003_14_KC_DEN,KC,20,29,238,1,0,0,0,0,0,0,238,15,14.7048895927555,,0,14,2,2,0,32,270,5,0,0,11,17.2279693368473,0,6,4,4,2,20,0,238,1,0,0,0,0,15,20.6523942303029,0,14,2,2,0,0,49,5,13,0,0,1,3,16,0,0,0,5,0,0,0,0,0,0,0,0,0,0,0,0,0,0,4,23,2,0,0,0,0,0,0,0,3,85,1,1,0,0,47,1,0,0,0,1,0,0,0,0,0,0,0,0,47,,,47,0,0,6,6,0,0,1,0,0,0,0,0,2,0,45,73,0,2,0,0,0,0,0,0,73
2003,14,DET,REG,2003_14_SD_DET,LAC,26,47,208,1,0,0,0,0,0,0,208,10,-7.28190741268918,,0,8,4,3,0,18,68,0,0,0,3,-2.07696623308584,0,2,1,0,0,26,0,208,1,0,0,0,0,10,6.40277066780254,0,8,4,3,0,0,53,0,12,0,0,1,0,0,0,1,12,1,0,2,0,0,0,0,0,0,0,2,2,1,10,0,8,71,6,1,1,0,2,0,5,33,3,54,0,0,0,0,,,0,0,0,0,0,0,0,0,0,0,0,0,,,,0,0,0,1,1,0,0,1,0,0,0,0,0,9,0,49,387,0,0,0,0,1,8,40,0,347
2003,14,GB,REG,2003_14_CHI_GB,CHI,22,33,210,1,1,0,0,0,0,0,210,10,0.0511288967185704,,1,8,5,2,0,38,97,1,1,0,6,-11.5158374599996,0,2,1,0,0,22,0,210,1,0,0,0,0,10,17.193256829792,1,8,5,2,0,0,32,12,16,0,0,2,3,25,0,3,148,8,1,0,0,0,0,0,0,0,0,1,0,2,0,0,8,57,2,0,1,0,1,0,3,3,3,61,4,4,0,0,45,1,0,1,2,1,0,0,0,0,0,0,0,0,24;38;35;45,,,142,0,0,2,2,0,0,1,0,0,0,0,0,6,0,45,228,2,1,1,1,2,1,25,0,183
2003,14,HOU,REG,2003_14_HOU_JAX,JAX,11,23,71,0,1,3,-17,1,0,0,71,4,-14.3151691384264,,0,3,0,0,0,23,70,0,1,1,2,-6.24390695051989,0,2,2,0,0,11,0,71,0,1,1,0,0,4,0.526713797531556,0,3,0,0,0,0,61,1,5,0,0,0,1,12,0,0,0,1,0,0,0,0,0,0,0,0,0,1,0,0,0,0,10,86,4,3,0,0,3,2,3,3,6,88,0,0,0,0,,,0,0,0,0,0,0,0,0,0,0,0,0,,,,0,0,0,0,0,0,0,,0,0,0,0,0,10,0,52,419,2,0,0,1,3,6,55,0,344
2003,14,IND,REG,2003_14_IND_TEN,TEN,22,34,228,0,0,3,-7,0,0,0,228,10,2.45725336494619,,0,8,4,3,1,32,117,2,0,0,8,3.97547209600452,0,3,1,0,0,22,0,228,0,0,0,0,0,10,13.8224199203613,0,8,4,3,1,0,29,14,20,0,0,4,1,1,0,0,0,4,0,0,0,0,0,0,0,0,0,0,0,4,0,0,6,55,4,0,0,0,0,0,0,0,6,135,5,5,0,0,36,1,0,3,2,0,0,0,0,0,0,0,0,0,21;35;36;23;26,,,141,0,0,2,2,0,0,1,0,0,0,0,0,4,0,52,144,1,0,1,0,1,2,12,0,132
2003,14,JAX,REG,2003_14_HOU_JAX,HOU,18,29,194,1,0,1,-12,0,0,0,194,8,-0.370971032554128,,0,8,4,3,0,40,208,2,1,0,11,5.24786626553396,0,7,5,1,1,18,0,194,1,0,0,0,0,8,10.5087433988989,0,8,4,3,0,0,43,1,7,0,0,3,3,17,0,1,2,5,0,0,0,0,0,0,0,0,0,0,0,2,10,0,7,70,2,0,1,1,1,0,6,55,1,19,2,3,1,0,35,0.666666666666667,0,1,1,0,0,0,0,0,0,1,0,0,35;28,41,,63,41,0,3,3,0,0,1,0,0,0,0,0,6,0,48,246,1,1,1,1,0,3,3,0,223
2003,14,KC,REG,2003_14_KC_DEN,DEN,34,47,397,1,0,3,-16,1,0,0,397,21,12.081550332383,,0,16,8,6,1,19,63,3,0,0,6,2.16155759635149,0,2,0,0,0,34,0,397,1,0,0,0,0,21,26.3520490208322,0,16,8,6,1,0,41,2,12,0,0,0,0,0,0,0,0,2,0,0,0,0,0,0,0,0,0,1,0,0,0,0,5,44,5,1,0,0,1,0,0,0,6,157,0,0,0,0,,,0,0,0,0,0,0,0,0,0,0,0,0,,,,0,0,0,3,3,0,0,1,0,0,0,0,0,3,0,53,138,0,0,0,0,3,0,0,0,138
2003,14,LA,REG,2003_14_STL_CLE,CLE,22,36,223,1,1,3,-13,0,0,0,223,11,1.29243765167261,,0,11,5,2,0,31,118,0,0,0,7,-0.92030116787646,0,3,2,0,0,22,0,223,1,0,0,0,0,11,19.5035875562436,0,11,5,2,0,0,34,15,15,0,0,3,5,31,0,2,73,3,1,1,0,0,0,0,0,0,0,1,0,2,5,0,5,40,5,0,1,0,1,0,2,23,4,67,4,5,1,0,37,0.8,0,3,1,0,0,0,0,0,1,0,0,0,28;26;29;37,39,,120,39,0,2,2,0,0,1,0,0,0,0,0,4,0,52,146,2,2,0,0,1,1,26,0,120
2003,14,LAC,REG,2003_14_SD_DET,DET,17,25,244,2,1,0,0,0,0,0,244,9,7.25363397540059,,0,9,5,2,1,35,131,0,1,1,6,-7.44528738188092,0,5,4,0,0,17,0,244,2,0,0,0,0,9,19.4425469713751,0,9,5,2,1,0,47,0,10,0,0,1,0,0,0,0,0,14,0,0,0,0,0,0,0,0,0,0,0,0,0,0,11,95,1,1,0,0,1,1,8,40,2,47,0,0,0,0,,,0,0,0,0,0,0,0,0,0,0,0,0,,,,0,0,0,2,2,0,0,1,0,0,0,0,0,7,0,52,297,3,1,0,0,1,5,33,0,264
2003,14,LV,REG,2003_14_OAK_PIT,PIT,10,25,68,0,2,4,-29,1,1,0,68,3,-24.9040813064203,,0,2,1,0,0,23,122,1,0,0,6,4.06191479437985,0,2,2,1,0,10,0,68,0,0,0,0,0,3,4.73066784744151,0,2,1,0,0,0,44,12,26,0,0,3,0,0,0,1,5,4,0,2,0,0,0,0,0,0,0,1,0,1,0,0,5,50,3,1,2,1,3,1,2,-3,6,105,0,0,0,0,,,0,0,0,0,0,0,0,0,0,0,0,0,,,,0,0,0,1,1,0,0,1,0,0,0,0,0,9,0,61,403,0,2,0,2,0,5,132,0,231
2003,14,MIA,REG,2003_14_MIA_NE,NE,13,31,111,0,2,5,-45,2,1,0,111,5,-24.3782161039999,,0,4,3,2,0,25,68,0,0,0,2,-4.83662179822568,0,1,1,0,0,13,0,111,0,0,0,0,0,5,9.51878161681816,0,4,3,2,0,0,29,28,30,0,0,1,3,13,0,0,0,2,0,0,0,0,0,0,0,0,0,1,0,1,0,0,4,25,3,2,0,0,2,1,5,20,3,50,0,0,0,0,,,0,0,0,0,0,0,0,0,0,0,0,0,,,,0,0,0,0,0,0,0,,0,0,0,0,0,11,0,56,406,1,0,0,1,4,6,32,0,354
2003,14,MIN,REG,2003_14_SEA_MIN,SEA,21,33,274,3,0,2,-2,0,0,0,274,11,10.748896437314,,0,8,3,3,3,43,193,0,4,0,10,-0.817502684309147,0,3,3,1,0,21,0,274,3,0,0,0,0,11,22.3991579281911,0,8,3,3,3,0,32,3,9,0,0,1,3,16,0,2,81,5,1,0,0,0,0,0,0,0,0,3,0,1,0,0,5,30,3,1,3,1,4,0,4,10,2,45,2,3,1,0,36,0.666666666666667,0,0,2,0,0,0,0,0,0,1,0,0,36;35,40,,71,40,0,4,4,0,0,1,0,0,0,0,0,4,0,55,147,3,0,1,1,2,0,0,0,127
2003,14,NE,REG,2003_14_MIA_NE,MIA,16,31,163,0,0,3,-13,0,0,0,163,7,-5.89407708947432,,0,8,3,1,0,34,78,0,0,0,5,-8.50429890549276,0,2,1,1,0,16,0,163,0,1,1,0,0,7,4.86563346965704,0,8,3,1,0,0,23,29,29,0,0,2,5,45,0,2,5,6,1,1,1,0,0,0,0,0,0,1,0,1,0,0,2,14,3,1,1,0,2,1,6,32,1,23,1,2,1,0,29,0.5,0,1,0,0,0,0,0,0,0,0,1,0,29,54,,29,54,0,1,1,0,0,1,0,0,0,0,0,11,0,49,401,5,2,2,1,1,5,20,0,361
2003,14,NO,REG,2003_14_TB_NO,TB,20,30,238,1,0,7,-36,3,2,0,238,11,-7.2581204632593,,0,12,6,1,0,24,90,0,1,1,4,-7.80979762098286,0,3,2,1,0,20,0,238,1,0,0,0,0,11,15.1330778867123,0,12,6,1,0,0,39,14,14,0,0,0,1,6,0,1,7,9,0,0,0,0,0,1,0,0,0,1,0,0,0,0,4,44,5,3,1,0,4,3,4,57,3,86,0,1,1,0,,0,0,0,0,0,0,0,0,0,0,1,0,0,,49,,0,49,0,1,1,0,0,1,0,0,0,0,0,4,1,54,190,2,1,0,1,0,2,5,0,165
2003,14,NYG,REG,2003_14_WAS_NYG,WAS,12,25,145,0,1,6,-45,1,1,0,145,7,-16.0777642972927,,0,6,4,1,0,23,120,1,1,1,7,-0.263893375813495,0,3,3,0,0,12,0,145,0,0,0,0,0,7,11.1712761407252,0,6,4,1,0,0,47,17,17,0,0,0,2,16,0,0,0,0,0,0,0,0,0,0,0,0,0,0,0,0,0,0,7,70,5,2,0,0,2,2,1,5,4,73,0,1,1,0,,0,0,0,0,0,0,0,0,1,0,0,0,0,,26,,0,26,0,1,1,0,0,1,0,0,0,0,0,4,0,59,206,2,0,2,1,0,1,4,0,182
2003,14,NYJ,REG,2003_14_NYJ_BUF,BUF,15,29,155,0,1,5,-28,1,0,0,155,8,-9.69477563393285,,0,8,4,1,0,26,88,0,0,0,6,-1.63096533613664,0,3,0,0,0,15,0,155,0,0,0,0,0,8,10.4767523289192,0,8,4,1,0,0,34,17,23,0,0,3,2,19,0,1,16,3,0,0,0,0,0,0,0,0,0,1,0,1,0,0,6,54,5,1,0,0,1,0,2,8,4,80,2,3,1,0,40,0.666666666666667,0,0,1,1,0,0,0,0,0,0,1,0,38;40,50,,78,50,0,0,0,0,0,,0,0,0,0,0,5,0,38,151,1,0,2,0,2,1,6,0,145
2003,14,PHI,REG,2003_14_DAL_PHI,DAL,19,35,248,3,0,2,-12,0,0,0,248,11,1.9528605433327,,0,9,9,7,0,22,167,1,0,0,4,3.6986906945312,0,3,3,3,1,19,0,248,3,0,0,0,0,11,17.3858154026705,0,9,9,7,0,0,53,0,12,0,0,0,3,18,0,2,12,4,0,1,1,0,0,0,0,0,0,1,0,0,0,0,3,25,1,0,1,0,1,0,2,14,4,66,2,2,0,0,22,1,0,2,0,0,0,0,0,0,0,0,0,0,22;21,,,43,0,0,4,4,0,0,1,0,0,0,0,0,5,0,48,194,1,0,0,0,2,3,30,0,164
2003,14,PIT,REG,2003_14_OAK_PIT,LV,19,28,266,1,1,0,0,0,0,0,266,12,8.56675315322548,,0,12,6,4,0,40,133,2,2,1,8,-13.438315366698,0,4,2,0,0,19,0,266,1,1,0,0,0,12,19.3987071507409,0,12,5,4,0,0,31,10,18,0,0,1,4,29,0,2,22,6,0,1,0,0,0,0,0,0,0,3,0,1,0,0,9,85,2,3,1,0,4,1,5,132,2,57,2,4,2,0,44,0.5,0,0,0,2,0,0,0,0,0,2,0,0,44;40,47;48,,84,95,0,3,3,0,0,1,0,0,0,0,0,4,0,43,149,3,1,0,0,1,2,-3,0,152
2003,14,SEA,REG,2003_14_SEA_MIN,MIN,17,34,218,0,2,3,-16,0,0,0,218,8,-11.2844366983305,,0,9,7,5,0,16,56,1,1,1,4,-4.61094180966029,0,2,2,0,0,17,0,218,0,0,0,0,0,8,17.07594287793,0,9,7,5,0,0,54,12,18,0,0,1,2,2,0,0,0,4,0,0,0,0,0,0,0,0,0,0,0,0,0,0,7,39,2,1,0,0,1,1,0,0,5,153,0,2,2,0,,0,0,0,0,0,0,0,0,0,0,1,1,0,,52;49,,0,101,0,1,1,0,0,1,0,0,0,0,0,5,0,48,218,1,0,0,0,1,4,10,0,208
2003,14,SF,REG,2003_14_ARI_SF,ARI,20,29,267,4,0,1,-3,0,0,0,267,17,16.5941023241612,,0,13,6,5,0,36,232,3,0,0,12,5.60497392411344,0,7,5,4,1,20,0,267,4,1,1,0,0,17,22.8949103705236,0,13,6,5,0,0,40,8,14,0,0,1,3,28,0,1,17,10,0,0,1,0,0,0,0,0,0,0,0,1,0,0,5,54,2,1,0,0,1,1,3,12,2,51,0,0,0,0,,,0,0,0,0,0,0,0,0,0,0,0,0,,,,0,0,0,6,6,0,0,1,0,0,0,0,0,3,0,41,109,2,0,3,0,0,0,0,0,109
2003,14,TB,REG,2003_14_TB_NO,NO,20,34,213,2,1,1,-6,0,0,0,213,11,6.19182079475394,,0,12,3,1,0,29,107,0,0,0,4,-4.80168080351332,0,3,3,0,0,20,0,213,2,0,0,0,0,11,20.9400221393818,0,12,3,1,0,0,48,9,9,0,0,3,6,28,0,0,0,2,0,0,0,1,0,0,0,0,20,0,0,3,20,0,9,85,3,0,0,0,0,0,2,5,2,34,0,2,1,1,,0,0,0,0,0,0,0,0,0,0,1,0,0,,44,35,0,44,35,2,2,0,0,1,0,0,0,0,0,5,0,55,260,1,0,1,0,0,4,57,0,203
2003,14,TEN,REG,2003_14_IND_TEN,IND,22,38,235,2,0,1,-1,0,0,0,235,15,13.0311866985977,,0,10,6,2,0,19,93,1,0,0,5,4.09166725202533,1,3,2,1,0,22,0,235,2,1,1,0,0,15,20.3079759337271,0,10,6,2,0,0,35,22,28,0,0,0,3,7,0,0,0,5,0,1,0,0,0,0,0,0,0,0,0,0,0,0,10,67,5,4,0,0,4,4,2,12,7,115,2,2,0,0,40,1,0,0,0,2,0,0,0,0,0,0,0,0,40;40,,,80,0,0,1,1,0,0,1,0,0,0,0,0,2,0,48,91,2,0,0,0,2,0,0,0,91
2003,14,WAS,REG,2003_14_WAS_NYG,NYG,13,19,154,2,0,2,-16,0,0,0,154,10,8.8517928190831,,0,6,4,3,0,48,150,0,0,0,7,-7.05875263386406,0,3,3,1,0,13,0,154,2,0,0,0,0,10,17.9884543100488,0,6,4,3,0,0,30,14,14,0,0,2,6,45,0,1,2,7,0,0,0,0,0,0,0,0,0,0,0,2,3,0,6,35,1,0,0,0,0,0,1,4,1,50,2,3,1,0,41,0.666666666666667,0,1,0,1,0,0,0,0,1,0,0,0,28;41,34,,69,34,0,2,2,0,0,1,0,0,0,0,0,4,0,39,92,0,0,2,0,1,1,5,0,87
2003,15,ARI,REG,2003_15_CAR_ARI,CAR,14,25,172,0,1,4,-25,1,0,0,172,9,-3.36207885430266,,0,9,3,2,0,40,170,2,1,1,13,-0.588203624589369,0,7,5,1,0,14,0,172,0,0,0,0,0,9,15.5110975802527,0,9,3,2,0,0,33,6,6,0,0,1,1,5,0,1,21,5,0,0,0,0,0,0,0,0,0,1,0,1,0,0,5,50,2,2,0,0,2,1,1,17,4,84,1,2,1,0,44,0.5,0,0,0,1,0,0,0,0,1,0,0,0,44,35,,44,35,0,2,2,0,0,1,0,0,0,0,0,4,0,45,151,1,2,1,0,0,1,21,0,130
2003,15,ATL,REG,2003_15_ATL_IND,IND,9,25,66,0,1,4,-37,1,1,0,66,4,-28.5373595438432,,0,4,1,0,0,26,125,1,0,0,7,5.78062462597154,0,6,5,0,0,9,0,66,0,0,0,0,0,4,1.51244192000013,0,4,1,0,0,0,42,15,15,0,0,2,2,12,0,0,0,1,0,0,0,0,0,0,0,0,0,0,0,2,0,0,6,80,0,1,0,0,1,1,3,24,7,147,0,0,0,0,,,0,0,0,0,0,0,0,0,0,0,0,0,,,,0,0,0,1,1,0,0,1,0,0,0,0,0,7,0,45,284,2,0,2,0,3,2,2,0,282
2003,15,BAL,REG,2003_15_BAL_OAK,LV,12,27,193,1,1,3,-23,1,0,0,193,8,-5.61800854015459,,0,7,4,4,1,31,149,0,1,1,6,-4.65707057618816,0,5,4,1,0,12,0,193,1,0,0,0,0,8,15.8785400721245,0,7,4,4,1,0,45,7,7,0,0,0,0,0,0,0,0,8,0,1,0,0,0,0,0,0,0,1,0,0,0,0,8,55,5,2,1,0,3,2,4,36,4,93,2,3,1,0,32,0.666666666666667,0,1,1,0,0,0,0,0,0,0,1,0,32;28,50,,60,50,0,0,0,0,0,,0,0,0,0,0,6,0,56,240,1,0,0,1,1,4,-2,0,222
2003,15,BUF,REG,2003_15_BUF_TEN,TEN,17,30,168,2,0,3,-16,1,1,0,168,8,-1.74294831315366,,0,7,3,1,0,20,89,0,0,0,4,-2.74820677321672,0,4,4,0,0,17,0,168,2,0,0,0,0,8,13.6170901308387,0,7,3,1,0,0,50,15,21,0,0,2,4,32,0,0,0,3,0,0,0,0,0,0,0,0,0,0,0,1,28,1,3,15,4,1,0,0,1,1,3,50,5,76,2,2,0,0,32,1,0,1,1,0,0,0,0,0,0,0,0,0,27;32,,,59,0,0,2,2,0,0,1,0,0,0,0,0,7,0,56,307,0,1,0,0,1,5,59,0,248
2003,15,CAR,REG,2003_15_CAR_ARI,ARI,20,32,236,1,1,1,-5,1,1,0,236,12,2.05267550109811,,0,9,4,2,0,18,67,0,0,0,4,-1.44904209824745,0,1,1,0,0,20,0,236,1,0,0,0,0,12,19.1842304774325,0,9,4,2,0,0,50,11,11,0,0,2,4,25,0,1,35,4,1,0,0,0,0,0,0,0,0,0,0,1,0,0,4,35,6,1,0,0,1,1,1,21,2,46,2,2,0,0,49,1,0,1,0,1,0,0,0,0,0,0,0,0,21;49,,,70,0,0,2,2,0,0,1,1,1,0,0,49,4,0,56,170,2,1,1,0,1,1,17,0,153
2003,15,CHI,REG,2003_15_MIN_CHI,MIN,13,30,157,0,0,1,-12,0,0,0,157,8,-3.90959238319485,,0,7,3,2,0,23,87,1,1,0,5,-1.63329742130009,0,2,1,1,0,13,0,157,0,0,0,0,0,8,11.7813054795973,0,7,3,2,0,0,58,11,11,0,0,0,2,7,0,1,0,4,0,0,0,0,0,0,0,0,0,1,-1,0,0,0,3,30,1,0,1,0,1,0,2,20,3,43,2,3,1,0,38,0.666666666666667,0,1,1,0,0,0,0,0,0,1,0,0,38;22,46,,60,46,0,1,1,0,0,1,0,0,0,0,0,5,0,47,212,4,0,0,0,3,2,-1,0,213
2003,15,CIN,REG,2003_15_SF_CIN,SF,18,25,189,2,0,2,-21,0,0,0,189,12,10.9097564612484,,0,8,4,3,0,37,225,2,0,0,9,6.8681094462013,0,6,4,2,2,18,0,189,2,0,0,0,0,12,20.9438282246438,0,8,4,3,0,0,50,0,14,0,0,3,1,13,0,0,0,1,0,0,0,0,0,0,0,0,0,0,0,3,23,1,4,40,3,0,0,0,0,0,1,12,5,102,2,2,0,0,34,1,0,0,2,0,0,0,0,0,0,0,0,0,34;30,,,64,0,0,5,5,0,0,1,0,0,0,0,0,2,0,44,87,0,0,0,0,1,1,9,0,78
2003,15,CLE,REG,2003_15_CLE_DEN,DEN,8,21,181,2,1,2,-8,0,0,0,181,6,5.90106829175835,,0,6,4,4,2,26,102,0,0,0,4,-6.09333132667234,0,4,3,0,0,8,0,181,2,0,0,0,0,6,19.6966202131007,0,6,4,4,2,0,56,3,19,0,0,0,3,17,0,1,0,4,0,0,0,0,0,0,0,0,0,0,0,0,0,0,7,32,4,0,0,0,0,0,4,51,4,80,2,3,1,0,48,0.666666666666667,0,0,1,1,0,0,0,0,1,0,0,0,39;48,38,,87,38,0,2,2,0,0,1,0,0,0,0,0,4,0,56,208,0,0,0,2,0,2,32,0,136
2003,15,DAL,REG,2003_15_DAL_WAS,WAS,10,24,108,1,0,3,-4,1,1,0,108,5,-8.81553353119172,,0,5,2,2,0,45,222,2,1,0,11,9.95465488561264,0,7,7,1,1,10,0,108,1,0,0,0,0,5,9.30487788154278,0,5,2,2,0,0,31,5,11,0,0,1,1,4,0,4,23,12,0,1,0,0,0,0,0,0,0,3,-2,2,0,0,2,10,6,1,3,0,4,1,3,12,1,11,2,3,1,0,34,0.666666666666667,0,1,1,0,0,0,0,0,0,0,1,0,34;20,50,,54,50,0,3,3,0,0,1,0,0,0,0,0,6,0,56,246,0,1,1,0,3,1,0,0,246
2003,15,DEN,REG,2003_15_CLE_DEN,CLE,22,36,269,0,1,3,-17,0,0,0,269,13,1.70021665154856,,0,11,5,1,1,40,165,2,0,0,12,2.58621675983703,0,2,2,1,0,22,0,269,0,0,0,0,0,13,19.3424625183106,0,11,5,1,1,0,30,5,13,0,0,0,2,8,0,1,0,8,0,0,0,0,0,0,0,0,0,1,0,0,0,0,11,124,7,0,1,0,1,0,2,32,2,45,3,3,0,0,51,1,0,1,1,0,1,0,0,0,0,0,0,0,51;36;25,,,112,0,0,2,2,0,0,1,1,1,0,0,25,5,0,49,208,2,0,0,0,1,4,51,0,157
2003,15,DET,REG,2003_15_DET_KC,KC,20,36,197,1,1,0,0,0,0,0,197,13,0.385789517877562,,0,7,4,3,0,30,137,1,0,0,7,1.84078817552654,0,4,4,1,0,20,0,197,1,0,0,0,0,13,22.0108185530989,0,7,4,3,0,0,48,4,4,0,0,0,0,0,0,0,0,1,0,0,0,0,0,0,0,0,0,0,0,0,0,0,5,32,2,1,0,0,1,1,0,0,7,190,1,1,0,0,29,1,0,1,0,0,0,0,0,0,0,0,0,0,29,,,29,0,0,2,2,0,0,1,0,0,0,0,0,2,0,43,82,0,0,0,1,0,1,0,0,62
2003,15,GB,REG,2003_15_GB_SD,LAC,23,33,278,4,1,0,0,0,0,0,278,12,15.8219208357623,,0,10,8,3,1,27,83,1,0,0,3,-2.92617026124253,0,2,2,1,0,23,0,278,4,0,0,0,0,12,25.3254126839456,0,10,8,3,1,0,52,11,11,0,0,3,2,27,0,1,9,3,0,0,0,0,0,0,0,0,0,0,0,3,1,0,9,96,3,0,0,0,0,0,2,14,5,146,1,1,0,0,32,1,0,0,1,0,0,0,0,0,0,0,0,0,32,,,32,0,0,5,5,0,0,1,0,0,0,0,0,5,0,60,239,1,0,0,1,1,3,29,0,190
2003,15,HOU,REG,2003_15_HOU_TB,TB,9,17,64,0,0,5,-22,1,0,0,64,3,-7.09203409818844,,0,3,1,1,0,19,65,0,1,0,3,-2.08882146555698,0,2,2,0,0,9,0,64,0,0,0,0,0,3,5.87043807597365,0,3,1,1,0,0,46,16,20,0,0,1,0,0,0,0,0,5,0,0,0,0,0,1,0,0,0,2,0,0,0,0,9,62,5,1,1,0,2,0,2,24,5,99,1,1,0,0,38,1,0,0,1,0,0,0,0,0,0,0,0,0,38,,,38,0,0,0,0,0,0,,0,0,0,0,0,7,0,53,304,0,0,0,0,2,5,36,0,268
2003,15,IND,REG,2003_15_ATL_IND,ATL,26,31,299,5,0,2,-12,0,0,0,299,18,21.4005518094762,,0,13,8,3,0,31,178,0,1,1,6,-2.19430841732537,0,5,5,2,1,26,0,299,5,1,1,0,0,18,23.6223684765282,0,13,8,3,0,0,35,12,12,0,0,1,4,37,0,1,0,6,0,0,0,0,0,0,0,0,0,0,0,1,4,0,9,63,3,2,0,0,2,2,2,2,0,0,1,1,0,0,43,1,0,0,0,1,0,0,0,0,0,0,0,0,43,,,43,0,0,5,5,0,0,1,0,0,0,0,0,4,0,52,161,2,0,1,0,0,3,24,0,137
2003,15,JAX,REG,2003_15_JAX_NE,NE,21,40,288,1,2,1,-6,1,0,0,288,12,-5.0992123851289,,0,10,5,4,1,20,72,0,0,0,5,0.179720529704355,0,1,0,0,0,21,0,288,1,0,0,0,0,12,18.9236905325797,0,10,5,4,1,0,30,33,33,0,0,1,2,16,0,0,0,3,0,1,0,0,0,0,0,0,0,2,0,1,0,0,8,60,4,1,1,0,2,0,2,-1,6,147,2,3,1,0,24,0.666666666666667,0,2,0,0,0,0,0,0,1,0,0,0,24;23,34,,47,34,0,1,1,0,0,1,0,0,0,0,0,5,0,50,216,0,0,0,0,0,5,49,0,167
2003,15,KC,REG,2003_15_DET_KC,DET,25,32,372,3,0,0,0,0,0,0,372,15,23.7395546388796,,0,13,8,5,1,28,149,3,0,0,12,7.46225847857922,0,5,4,0,0,25,0,372,3,0,0,0,0,15,27.4481596044714,0,13,8,5,1,0,45,9,9,0,0,1,0,0,0,1,3,5,0,0,0,0,0,0,0,0,0,0,0,1,0,0,6,55,3,0,0,0,0,0,1,0,4,88,1,2,1,0,35,0.5,0,0,1,0,0,0,0,0,0,1,0,0,35,48,,35,48,0,6,6,0,0,1,0,0,0,0,0,1,0,42,42,1,0,1,0,0,0,0,0,42
2003,15,LA,REG,2003_15_SEA_STL,SEA,20,32,236,2,1,1,-6,0,0,0,236,12,9.62030773475999,,0,12,5,3,1,30,86,1,0,0,6,-6.97369665945392,0,1,1,1,0,20,0,236,2,0,0,0,0,12,23.389569925901,0,12,5,3,1,0,45,10,10,0,0,0,2,15,0,1,9,7,0,0,0,0,0,0,0,0,0,0,0,0,0,0,7,50,4,0,0,0,0,0,1,2,5,122,2,2,0,0,46,1,0,0,1,1,0,0,0,0,0,0,0,0,33;46,,,79,0,0,3,3,0,0,1,0,0,0,0,0,3,0,56,137,1,1,0,1,1,0,0,0,117
2003,15,LAC,REG,2003_15_GB_SD,GB,28,48,363,2,1,2,-27,2,2,0,363,15,-1.91266137520744,,1,11,8,7,2,27,88,0,1,0,5,-1.71998136479881,0,4,3,0,0,28,0,363,2,1,1,0,0,15,26.1856029679331,1,11,8,7,2,0,40,12,12,0,0,0,0,0,0,1,25,3,0,0,0,0,0,0,0,0,0,1,0,0,0,0,9,69,3,3,1,0,4,3,3,29,7,145,2,2,0,0,26,1,0,2,0,0,0,0,0,0,0,0,0,0,20;26,,,46,0,0,1,1,0,0,1,0,0,0,0,0,3,0,48,119,1,0,1,0,0,2,14,0,105
2003,15,LV,REG,2003_15_BAL_OAK,BAL,16,35,186,1,0,0,0,0,0,0,186,9,0.0187924594664999,,0,10,4,3,0,31,79,1,0,0,4,-11.0717633703898,0,1,1,0,0,16,0,186,1,0,0,0,0,9,15.6681485136505,0,10,4,3,0,0,40,12,12,0,0,2,3,23,0,1,29,4,0,0,0,0,0,0,0,0,0,0,0,2,0,0,9,70,2,0,0,0,0,0,4,-2,4,137,2,2,0,0,37,1,0,1,1,0,0,0,0,0,0,0,0,0,37;23,,,60,0,0,2,2,0,0,1,0,0,0,0,0,9,0,65,391,2,0,0,3,2,4,36,0,295
2003,15,MIA,REG,2003_15_PHI_MIA,PHI,21,40,240,0,2,2,-19,0,0,0,240,12,-5.18764878895561,,0,10,6,3,0,29,177,3,0,0,9,9.95376267010579,0,3,3,2,1,21,0,240,0,0,0,0,0,12,15.9537396378465,0,10,6,3,0,0,32,0,26,0,0,1,1,0,0,1,0,7,0,0,0,0,0,0,0,0,0,0,0,0,0,0,7,76,5,0,0,0,0,0,1,8,6,154,2,2,0,0,50,1,0,1,0,0,1,0,0,0,0,0,0,0,27;50,,,77,0,0,3,3,0,0,1,0,0,0,0,0,3,0,39,102,1,0,2,0,1,0,0,0,102
2003,15,MIN,REG,2003_15_MIN_CHI,CHI,24,34,222,1,1,2,-7,0,0,0,222,11,0.78263323298568,,0,7,3,1,0,38,178,0,1,0,10,-0.960731058556121,0,5,3,1,0,24,0,222,1,0,0,0,0,11,15.1697409425539,0,7,3,1,0,0,36,4,4,0,0,0,1,12,0,0,0,3,0,0,0,0,0,0,0,0,0,1,-5,0,0,0,7,68,6,0,1,0,1,0,2,-1,4,51,1,1,0,0,22,1,0,1,0,0,0,0,0,0,0,0,0,0,22,,,22,0,0,1,1,0,0,1,0,0,0,0,0,4,0,42,137,0,1,0,0,1,2,20,0,117
2003,15,NE,REG,2003_15_JAX_NE,JAX,22,34,228,2,0,2,-16,0,0,0,228,12,11.0823971387893,,0,8,6,4,0,32,84,1,0,0,6,-9.34003113517005,0,1,1,0,0,22,0,228,2,1,1,0,0,12,18.9903498286149,0,8,6,4,0,0,22,25,25,0,0,1,1,6,0,2,61,6,0,0,0,0,0,0,0,0,0,0,0,0,0,0,4,55,2,1,0,0,1,1,5,49,4,41,2,2,0,0,31,1,0,1,1,0,0,0,0,0,0,0,0,0,22;31,,,53,0,0,3,3,0,0,1,0,0,0,0,0,4,0,51,161,3,0,2,0,0,2,-1,0,162
2003,15,NO,REG,2003_15_NYG_NO,NYG,28,39,315,5,0,1,-7,0,0,0,315,15,20.4515876988451,,0,13,5,3,1,29,132,0,1,1,9,-3.65420190431178,0,3,3,2,0,28,0,315,5,0,0,0,0,15,28.4189091990299,0,13,5,3,1,1,45,7,7,0,0,3,3,10,0,0,0,5,0,0,0,0,0,1,0,0,64,0,-6,2,0,0,7,55,4,0,1,0,1,1,3,32,2,38,1,2,1,0,35,0.5,0,0,1,0,0,0,0,0,0,1,0,0,35,49,,35,49,0,6,6,0,0,1,0,0,0,0,0,1,0,57,57,1,0,0,0,0,1,10,0,47
2003,15,NYG,REG,2003_15_NYG_NO,NO,15,26,140,1,0,3,-10,0,0,0,140,7,-3.71471258648158,,0,5,1,1,0,26,111,0,1,1,7,-3.64330007508397,0,3,3,1,0,15,0,140,1,1,0,0,0,7,9.72649664665154,0,5,1,1,0,0,36,20,20,0,0,0,1,7,0,0,0,3,0,0,0,0,0,0,0,0,0,1,0,1,0,0,7,70,3,3,0,0,3,2,1,10,8,164,0,1,0,1,,0,0,0,0,0,0,0,0,0,0,0,0,0,,,43,0,0,43,1,1,0,0,1,0,0,0,0,0,6,0,49,255,1,3,0,0,0,3,32,0,223
2003,15,NYJ,REG,2003_15_PIT_NYJ,PIT,15,25,144,0,0,0,0,0,0,0,144,10,2.08097969538098,,0,5,3,2,0,36,175,0,2,1,4,-9.66898522079046,0,3,3,2,1,15,0,144,0,0,0,0,0,10,8.42163785728658,0,5,3,2,0,0,20,28,28,0,0,0,0,0,0,0,0,8,0,0,0,0,0,0,0,0,0,1,-16,0,0,0,4,40,2,0,2,0,2,1,3,5,1,24,2,2,0,0,41,1,0,1,0,1,0,0,0,0,0,0,0,0,28;41,,,69,0,0,0,0,0,0,,0,0,0,0,0,7,0,43,239,4,1,1,0,1,4,49,0,190
2003,15,PHI,REG,2003_15_PHI_MIA,MIA,16,28,261,1,1,1,0,0,0,0,261,10,10.8994807307221,,0,9,6,3,2,28,140,3,0,0,8,2.80521039648024,0,5,5,3,0,16,0,261,1,1,0,0,0,10,23.2747967298492,0,9,6,3,2,0,44,0,16,0,0,0,2,19,0,2,5,6,0,0,0,0,0,0,0,0,0,1,0,0,0,0,6,60,4,1,0,0,1,0,0,0,4,81,2,2,0,0,46,1,0,0,0,2,0,0,0,0,0,0,0,0,46;42,,,88,0,0,4,4,0,0,1,0,0,0,0,0,3,0,51,129,1,0,0,1,1,1,8,0,101
2003,15,PIT,REG,2003_15_PIT_NYJ,NYJ,16,38,137,0,0,0,0,0,0,0,137,8,-8.72832493774394,,0,5,2,1,0,24,94,0,0,0,5,0.333672273380216,0,2,0,0,0,16,0,137,0,0,0,0,0,8,13.3099378554616,0,5,2,1,0,0,37,14,14,0,0,0,0,0,0,0,0,3,0,0,0,0,0,0,0,0,0,0,0,1,9,0,4,19,5,0,0,0,0,0,4,49,3,51,0,2,2,0,,0,0,0,0,0,0,0,0,1,0,1,0,0,,43;20,,0,63,0,0,0,0,0,,0,0,0,0,0,5,0,39,173,4,0,1,0,1,3,5,0,168
2003,15,SEA,REG,2003_15_SEA_STL,LA,21,37,246,1,1,2,-15,0,0,0,246,11,0.148178419846084,,0,10,5,4,0,27,135,1,0,0,7,2.93397113209358,0,5,3,2,0,21,0,246,1,0,0,0,0,11,18.3680042593041,0,10,5,4,0,0,46,9,9,0,0,0,1,6,0,1,7,3,0,0,1,0,0,0,0,0,0,0,0,0,0,0,9,64,5,0,0,0,0,0,0,0,6,116,2,2,0,0,38,1,0,0,2,0,0,0,0,0,0,0,0,0,31;38,,,69,0,0,2,2,0,0,1,0,0,0,0,0,5,0,48,200,3,0,1,1,2,1,2,0,178
2003,15,SF,REG,2003_15_SF_CIN,CIN,26,33,344,2,0,1,-13,1,1,0,344,16,18.6174680641562,,0,11,6,5,3,27,171,3,2,2,12,1.76645792444469,0,8,5,0,0,26,0,344,2,0,0,0,0,16,26.9436123738415,0,11,6,5,3,0,45,1,29,0,0,0,2,21,0,0,0,1,0,0,0,0,0,0,0,0,0,1,0,0,0,0,7,50,5,3,1,0,4,3,1,9,8,174,1,1,0,0,23,1,0,1,0,0,0,0,0,0,0,0,0,0,23,,,23,0,0,5,5,0,0,1,0,0,0,0,0,1,0,36,36,0,0,0,0,0,1,12,0,24
2003,15,TB,REG,2003_15_HOU_TB,HOU,17,28,237,0,0,0,0,0,0,0,237,11,7.71349935651266,,0,9,3,1,1,42,161,1,1,0,9,-7.22045871592127,0,3,3,0,0,17,0,237,0,0,0,0,0,11,18.0258519676116,0,9,3,1,1,0,27,13,13,0,0,1,5,22,0,0,0,3,0,0,0,0,0,0,0,0,0,1,0,0,0,0,3,25,3,1,0,0,1,0,5,36,1,13,3,4,0,1,36,0.75,0,2,1,0,0,0,0,0,0,0,0,0,36;23;26,,41,85,0,41,1,1,0,0,1,0,0,0,0,0,2,0,56,107,1,0,0,0,0,2,24,0,83
2003,15,TEN,REG,2003_15_BUF_TEN,BUF,26,41,295,2,0,4,-32,1,1,0,295,17,2.20566952321495,,0,13,5,2,0,32,86,1,0,0,6,-6.33372785784002,1,2,1,0,0,26,0,295,2,1,0,0,0,17,26.439629233646,0,13,5,2,0,0,29,13,21,0,0,1,3,16,0,0,0,4,0,0,0,0,0,0,0,0,0,1,0,1,0,0,6,68,2,2,0,0,2,1,5,59,5,106,2,3,1,0,39,0.666666666666667,0,1,1,0,0,0,0,0,0,1,0,0,29;39,41,,68,41,0,2,2,0,0,1,0,0,0,0,0,6,0,48,249,2,0,1,1,1,3,50,0,179
2003,15,WAS,REG,2003_15_DAL_WAS,DAL,7,27,59,0,4,1,-4,0,0,0,59,3,-25.6943147243583,,0,3,1,0,0,26,106,0,0,0,4,-1.03965966007672,0,2,1,0,0,7,0,59,0,1,1,0,0,3,1.36625891405856,0,3,1,0,0,0,51,8,12,0,0,1,3,4,0,0,0,3,0,1,0,0,0,0,0,0,0,0,0,1,0,0,4,35,1,1,1,0,2,2,1,0,6,125,0,0,0,0,,,0,0,0,0,0,0,0,0,0,0,0,0,,,,0,0,0,0,0,0,0,,0,0,0,0,0,8,0,57,354,3,0,3,1,1,3,12,0,322
2003,16,ARI,REG,2003_16_ARI_SEA,SEA,25,40,274,1,0,8,-54,1,1,0,274,15,1.55967202290173,,0,10,3,2,2,26,79,0,0,0,1,-8.56208041706123,0,1,1,0,0,25,0,274,1,0,0,0,0,15,22.6169176918353,0,10,3,2,2,0,34,15,15,0,0,1,2,10,0,2,25,4,0,0,0,0,0,0,0,0,0,0,0,2,0,0,6,30,6,1,0,0,1,1,1,7,5,92,1,3,2,0,49,0.333333333333333,0,0,0,1,0,0,0,0,2,0,0,0,49,38;33,,49,71,0,1,1,0,0,1,0,0,0,0,0,6,0,51,263,0,0,1,1,1,3,22,0,221
2003,16,ATL,REG,2003_16_ATL_TB,TB,8,15,119,2,0,0,0,0,0,0,119,7,7.4048429263773,,0,4,2,1,1,42,148,0,2,1,8,-3.63511490898239,0,3,2,1,0,8,0,119,2,0,0,0,0,7,14.4996773278579,0,4,2,1,1,0,53,5,7,0,0,1,0,0,0,4,73,9,1,0,0,0,0,0,0,0,0,1,0,0,0,0,4,30,6,2,0,0,2,1,1,17,3,43,3,3,0,0,38,1,0,1,2,0,0,0,0,0,0,0,0,0,26;38;37,,,101,0,0,3,3,0,0,1,0,0,0,0,0,3,0,50,110,1,0,0,0,2,1,6,0,104
2003,16,BAL,REG,2003_16_BAL_CLE,CLE,11,19,100,1,1,3,-17,0,0,0,100,8,-1.0426715009565,,0,4,1,1,0,41,276,3,1,0,9,11.6444413964346,0,6,4,3,2,11,0,100,1,0,0,0,0,8,11.6208563497348,0,4,1,1,0,0,39,11,11,0,0,3,5,30,0,1,52,3,1,0,0,0,0,0,0,0,0,1,-3,3,0,0,5,41,2,0,1,0,1,0,3,20,1,7,0,1,1,0,,0,0,0,0,0,0,0,0,0,0,1,0,0,,46,,0,46,0,5,5,0,0,1,0,0,0,0,0,6,0,45,234,0,1,1,1,1,2,34,0,180
2003,16,BUF,REG,2003_16_MIA_BUF,MIA,15,28,155,0,1,6,-51,1,1,0,155,6,-24.2950603980149,,0,4,3,2,0,28,73,0,2,1,4,-8.01310856151395,0,0,0,0,0,15,0,155,0,0,0,0,0,6,8.27686305635143,0,4,3,2,0,0,28,20,28,0,0,1,2,9,0,1,2,5,0,2,0,0,0,0,0,0,0,1,0,1,0,0,7,59,5,4,1,1,5,3,2,24,3,54,1,1,0,0,23,1,0,1,0,0,0,0,0,0,0,0,0,0,23,,,23,0,0,0,0,0,0,,0,0,0,0,0,6,0,59,263,0,3,1,0,0,2,54,0,209
2003,16,CAR,REG,2003_16_DET_CAR,DET,29,35,260,2,1,0,0,0,0,0,260,10,7.51685134739258,,0,7,3,3,1,36,124,0,1,0,10,-5.05557792040054,0,4,3,0,0,29,0,260,2,2,1,0,0,10,7.67368606542011,0,7,3,3,1,0,26,6,10,0,0,0,1,0,0,1,29,1,0,0,0,0,0,0,0,0,0,1,0,0,0,0,6,35,6,3,0,1,3,1,6,33,3,64,2,2,0,0,44,1,0,0,0,2,0,0,0,0,0,0,0,0,42;44,,,86,0,0,2,2,0,0,1,0,0,0,0,0,3,0,51,109,0,0,1,0,1,1,89,1,20
2003,16,CHI,REG,2003_16_WAS_CHI,WAS,19,32,249,2,1,2,-11,1,0,0,249,12,4.16694292326329,,0,9,5,5,1,40,191,1,1,0,11,6.76917448197492,0,6,5,0,0,19,0,249,2,1,1,0,0,12,16.915038262101,0,9,5,5,1,0,36,6,6,0,0,0,1,3,0,0,0,3,0,0,0,0,0,0,0,0,0,2,0,0,0,0,5,33,4,2,1,0,3,1,4,56,5,88,2,4,2,0,45,0.5,1,0,0,1,0,0,0,0,2,0,0,0,19;45,30;33,,64,63,0,3,3,0,0,1,1,1,0,0,45,2,0,47,91,1,0,1,0,0,1,20,0,71
2003,16,CIN,REG,2003_16_CIN_STL,LA,16,29,202,1,3,3,-15,0,0,0,202,8,-7.85914671368664,,0,8,4,3,1,23,99,0,0,0,5,-2.19550996630736,0,3,3,1,0,16,0,202,1,0,0,0,0,8,13.7398607262294,0,8,4,3,1,0,54,6,6,0,0,2,1,1,0,1,0,4,0,0,0,0,0,0,0,0,0,0,0,0,0,0,5,38,5,0,0,0,0,0,2,46,3,79,1,1,0,0,48,1,0,0,0,1,0,0,0,0,0,0,0,0,48,,,48,0,0,1,1,0,0,1,0,0,0,0,0,4,0,53,172,0,0,0,2,1,1,16,0,116
2003,16,CLE,REG,2003_16_BAL_CLE,BAL,17,33,163,0,1,5,-30,2,2,0,163,7,-26.3327495377429,,0,5,2,1,1,24,78,0,2,1,4,-5.3869040813297,0,1,1,0,0,17,0,163,0,0,0,0,0,7,7.83762468458974,0,5,2,1,1,0,28,26,26,0,0,0,3,17,0,1,4,3,0,0,0,0,0,0,0,0,0,1,0,0,0,0,5,26,6,3,1,0,4,3,2,34,4,51,0,1,1,0,,0,0,0,0,0,0,0,0,0,1,0,0,0,,37,,0,37,0,0,0,0,0,,0,0,0,0,0,7,0,48,271,1,1,1,2,0,3,20,0,211
2003,16,DAL,REG,2003_16_NYG_DAL,NYG,17,26,240,1,0,3,-18,0,0,0,240,9,3.59550554031995,,0,10,4,3,1,31,104,0,0,0,7,-4.65379892661049,0,1,0,0,0,17,0,240,1,0,0,0,0,9,15.1299795042141,0,10,4,3,1,0,44,1,11,0,0,1,5,31,0,0,0,3,0,0,0,0,0,0,0,0,0,0,0,0,0,0,3,35,2,0,0,0,0,0,6,61,2,24,4,4,0,0,49,1,0,2,0,2,0,0,0,0,0,0,0,0,24;42;21;49,,,136,0,0,1,1,0,0,1,0,0,0,0,0,6,0,49,246,4,0,2,0,2,2,8,0,238
2003,16,DEN,REG,2003_16_DEN_IND,IND,14,17,238,1,1,0,0,0,0,0,238,11,16.1413255914813,,0,9,6,4,1,54,227,3,2,0,13,1.63102885703565,0,3,3,1,0,14,0,238,1,0,0,0,0,11,24.8142869084841,0,9,6,4,1,0,27,4,4,0,0,2,2,10,0,0,0,7,0,1,0,1,0,0,0,0,5,3,9,0,0,0,11,93,3,2,1,0,3,0,2,21,4,70,1,1,0,0,24,1,0,1,0,0,0,0,0,0,0,0,0,0,24,,,24,0,0,4,4,0,0,1,0,0,0,0,0,1,0,34,34,1,0,1,0,0,0,0,0,34
2003,16,DET,REG,2003_16_DET_CAR,CAR,7,19,53,0,1,1,0,0,0,0,53,4,-9.71833691385109,,0,1,1,0,0,21,53,0,0,0,1,-6.27951784944162,0,1,0,0,0,7,0,53,0,0,0,0,0,4,5.51947133499198,0,1,1,0,0,1,63,5,11,0,0,3,0,0,0,1,0,1,0,0,0,0,0,0,0,0,0,0,0,1,62,1,7,55,3,0,0,0,0,0,1,89,4,65,0,0,0,0,,,0,0,0,0,0,0,0,0,0,0,0,0,,,,0,0,0,2,2,0,0,1,0,0,0,0,0,8,0,49,333,2,0,1,0,1,6,33,0,300
2003,16,GB,REG,2003_16_GB_OAK,LV,22,30,399,4,0,1,-7,0,0,0,399,15,32.7277490610115,,0,14,9,9,4,37,156,1,0,0,8,-1.42079645348713,0,4,3,0,0,22,0,399,4,0,0,0,0,15,40.0699605305563,0,14,9,9,4,0,44,8,8,0,0,2,5,29,0,2,8,7,0,0,0,0,0,0,0,0,0,0,0,1,0,0,10,70,3,0,0,0,0,0,3,25,2,92,2,2,0,0,31,1,0,1,1,0,0,0,0,0,0,0,0,0,31;27,,,58,0,0,5,5,0,0,1,0,0,0,0,0,3,0,50,127,0,0,0,1,1,1,11,0,96
2003,16,HOU,REG,2003_16_TEN_HOU,TEN,17,34,242,1,2,1,-7,0,0,0,242,9,-1.31760472606927,,0,9,5,4,1,18,91,1,1,1,4,-7.09502312081168,0,3,2,0,0,17,0,242,1,0,0,0,0,9,15.1390819580358,0,9,5,4,1,0,34,22,26,0,0,0,0,0,0,1,95,10,1,0,0,0,0,0,0,0,0,0,0,0,0,0,7,75,2,1,0,0,1,1,4,16,5,97,1,1,0,0,49,1,0,0,0,1,0,0,0,0,0,0,0,0,49,,,49,0,0,3,3,0,0,1,0,0,0,0,0,7,0,57,332,3,0,0,0,4,3,40,0,292
2003,16,IND,REG,2003_16_DEN_IND,DEN,12,23,146,0,0,2,-10,1,0,0,146,4,-7.0884765484129,,0,3,3,2,1,12,47,1,2,0,3,0.960141838295385,0,1,1,0,0,12,0,146,0,0,0,0,0,4,4.70269060588908,0,3,3,2,1,0,40,30,30,0,0,2,0,0,0,1,31,2,1,0,0,0,0,0,0,0,0,2,-1,0,0,0,6,45,5,2,1,1,3,0,0,0,6,169,1,1,0,0,40,1,0,0,0,1,0,0,0,0,0,0,0,0,40,,,40,0,0,2,2,0,0,1,0,0,0,0,0,4,1,54,164,1,0,0,0,2,2,21,0,143
2003,16,JAX,REG,2003_16_NO_JAX,NO,9,17,131,1,2,1,0,0,0,0,131,8,-1.36370487508585,,0,5,3,3,0,45,243,1,0,0,11,2.84391302262525,0,7,6,4,0,9,0,131,1,0,0,0,0,8,13.2611636148067,0,5,3,3,0,0,48,4,10,0,0,1,1,7,0,0,0,5,0,0,0,0,0,0,0,0,0,0,0,1,0,0,7,69,4,0,0,0,0,0,0,0,4,84,2,3,0,1,43,0.666666666666667,0,0,1,1,0,0,0,0,0,0,0,0,43;35,,21,78,0,21,2,2,0,0,1,0,0,0,0,0,2,0,39,69,0,0,0,0,0,2,13,0,56
2003,16,KC,REG,2003_16_KC_MIN,MIN,18,38,224,0,2,0,0,0,0,0,224,12,-4.58854850528576,,0,11,4,2,0,23,105,3,0,0,6,6.24817795131821,0,3,1,1,0,18,0,224,0,2,1,0,0,12,16.7437445950783,0,11,4,2,0,0,64,0,0,0,0,1,2,14,0,1,-1,4,0,0,0,0,0,0,0,0,0,1,1,0,0,0,2,20,4,4,0,1,4,2,3,70,6,106,0,0,0,0,,,0,0,0,0,0,0,0,0,0,0,0,0,,,,0,0,0,2,2,0,0,1,0,0,0,0,0,4,0,45,166,1,0,0,0,0,4,14,0,152
2003,16,LA,REG,2003_16_CIN_STL,CIN,24,38,229,2,1,1,-1,1,0,0,229,13,6.35958412368885,,0,9,4,3,0,31,143,1,0,0,9,-0.285113126505166,0,4,3,1,0,24,0,229,2,1,0,0,0,13,19.6193049002355,0,9,4,3,0,0,41,5,7,0,0,0,3,15,0,3,41,8,0,0,0,0,0,0,0,0,0,2,0,0,0,0,6,40,3,2,0,0,2,0,1,16,2,40,2,2,0,0,50,1,0,1,0,0,1,0,0,0,0,0,0,0,26;50,,,76,0,0,3,3,0,0,1,0,0,0,0,0,2,0,51,51,0,0,0,0,0,2,46,0,5
2003,16,LAC,REG,2003_16_SD_PIT,PIT,21,36,240,1,2,2,-12,1,1,0,240,10,-7.5616168260757,,0,11,5,4,1,27,116,2,0,0,10,6.19927904714132,0,4,3,1,0,21,0,240,1,0,0,0,0,10,14.0889222200494,0,11,5,4,1,0,36,16,30,0,0,0,2,9,0,0,0,2,0,1,0,0,0,0,0,0,0,0,0,0,0,0,2,10,6,1,1,1,2,1,3,16,8,141,1,1,0,0,31,1,0,0,1,0,0,0,0,0,0,0,0,0,31,,,31,0,0,3,3,0,0,1,0,0,0,0,0,3,0,48,127,1,0,0,0,1,2,3,0,124
2003,16,LV,REG,2003_16_GB_OAK,GB,22,41,223,0,2,5,-29,1,1,0,223,11,-20.7021959898411,,0,11,3,2,0,16,104,1,0,0,4,3.00037144881208,0,3,3,2,0,22,0,223,0,1,0,0,0,11,10.2063715665718,0,11,3,2,0,0,39,20,20,0,0,0,1,7,0,0,0,2,0,0,0,0,0,0,0,0,0,1,0,0,0,0,3,25,6,2,0,0,2,1,1,11,8,152,0,0,0,0,,,0,0,0,0,0,0,0,0,0,0,0,0,,,,0,0,0,1,1,0,0,1,0,0,0,0,0,5,0,57,257,3,0,1,1,0,3,25,0,212
2003,16,MIA,REG,2003_16_MIA_BUF,BUF,8,17,46,1,1,2,-9,1,1,0,46,2,-11.6928167272283,,0,1,1,1,0,38,132,0,1,0,8,-3.83421171316877,0,3,2,1,0,8,0,46,1,1,0,0,0,2,0.780428748952706,0,1,1,1,0,0,35,15,17,0,0,4,6,51,0,1,74,3,1,0,0,0,0,0,0,0,0,2,-5,3,0,0,12,106,5,1,2,0,3,1,2,54,2,39,2,2,0,0,30,1,0,1,1,0,0,0,0,0,0,0,0,0,28;30,,,58,0,0,2,2,0,0,1,0,0,0,0,0,7,0,41,237,2,0,0,0,5,2,24,0,213
2003,16,MIN,REG,2003_16_KC_MIN,KC,20,30,260,3,1,2,-14,1,0,0,260,15,11.3263646003783,,0,12,8,3,0,39,223,3,1,0,12,7.93567759246798,0,7,3,1,1,20,0,260,3,0,0,0,0,15,24.44128472706,0,12,8,3,0,0,46,2,2,0,0,4,0,0,0,2,66,9,0,0,0,0,0,0,0,0,0,3,0,2,0,0,6,51,2,1,2,0,3,0,4,14,4,91,1,1,0,0,46,1,0,0,0,1,0,0,0,0,0,0,0,0,46,,,46,0,0,6,6,0,0,1,0,0,0,0,0,4,0,43,153,1,0,0,0,1,3,70,0,83
2003,16,NE,REG,2003_16_NE_NYJ,NYJ,15,26,138,2,1,0,0,0,0,0,138,8,-4.89232945261756,,0,6,3,1,0,24,133,0,0,0,5,3.44238583452534,0,4,3,2,0,15,0,138,2,0,0,0,0,8,10.8558583569829,0,6,3,1,0,0,39,19,19,0,0,2,4,17,0,5,28,9,1,0,0,0,0,0,0,0,0,0,0,0,0,0,5,31,3,0,0,0,0,0,2,13,4,77,0,0,0,0,,,0,0,0,0,0,0,0,0,0,0,0,0,,,,0,0,0,3,3,0,0,1,0,0,0,0,0,6,0,36,187,5,0,4,0,1,1,8,0,179
2003,16,NO,REG,2003_16_NO_JAX,JAX,22,38,296,2,0,1,-7,0,0,0,296,16,14.1190050516509,,0,11,8,2,1,25,61,0,2,1,0,-16.1409232386602,0,0,0,0,0,22,0,296,2,0,0,0,0,16,29.0302743934881,0,12,9,3,1,0,46,6,14,0,0,0,1,0,0,2,24,3,0,0,0,0,0,1,0,0,0,1,-9,0,0,0,4,30,3,1,1,0,2,1,2,13,5,88,2,2,0,0,38,1,0,0,2,0,0,0,0,0,0,0,0,0,33;38,,,71,0,0,1,2,1,0,0.5,0,0,0,0,0,3,0,41,108,2,0,0,0,3,0,0,0,108
2003,16,NYG,REG,2003_16_NYG_DAL,DAL,18,32,190,0,0,5,-31,1,0,0,190,7,-0.919228274756028,,0,5,3,3,1,22,54,0,0,0,1,-7.3440296377521,0,2,1,0,0,18,0,190,0,0,0,0,0,7,15.9909158592927,0,5,3,3,1,0,53,0,6,0,0,0,3,18,0,0,0,1,0,0,0,0,0,0,0,0,0,1,0,0,0,0,4,20,4,1,0,0,1,0,2,8,3,52,1,1,0,0,45,1,0,0,0,1,0,0,0,0,0,0,0,0,45,,,45,0,0,0,0,0,0,,0,0,0,0,0,8,0,56,346,4,1,0,0,1,6,61,0,285
2003,16,NYJ,REG,2003_16_NE_NYJ,NE,24,43,229,0,5,4,-17,2,0,0,229,15,-12.6692753579506,,0,11,4,3,0,26,109,2,0,0,6,3.12082316336455,0,1,0,0,0,24,0,229,0,0,0,0,0,15,18.1309412328557,0,11,4,3,0,0,26,19,19,0,0,0,0,0,0,1,23,3,0,0,0,0,0,0,0,0,0,2,0,0,0,0,4,25,5,2,0,0,2,0,1,8,4,65,1,1,0,0,29,1,0,1,0,0,0,0,0,0,0,0,0,0,29,,,29,0,0,1,1,0,0,1,0,0,0,0,0,4,0,48,148,1,0,0,0,2,2,13,0,135
2003,16,PHI,REG,2003_16_SF_PHI,SF,17,27,238,1,2,5,-33,0,0,0,238,9,-5.63918081191477,,0,8,6,4,2,19,88,2,0,0,6,1.81554040967603,0,3,2,0,0,17,0,238,1,1,1,0,0,9,13.539217415615,0,8,6,4,2,1,63,0,4,0,0,1,3,17,0,0,0,7,0,0,0,0,0,0,0,0,0,0,0,1,0,0,5,35,5,1,0,1,1,1,2,91,7,167,0,2,2,0,,0,0,0,0,0,0,0,0,0,0,2,0,0,,42;47,,0,89,0,4,4,0,0,1,0,0,0,0,0,4,0,54,166,1,0,0,0,0,4,26,0,140
2003,16,PIT,REG,2003_16_SD_PIT,LAC,12,19,169,3,0,2,-9,0,0,0,169,8,8.5483741324153,,0,7,5,3,0,43,181,1,0,0,12,4.97051274019759,0,2,2,2,0,12,0,169,3,0,0,0,0,8,15.8829937288877,0,7,5,3,0,0,43,7,19,0,0,1,2,12,0,2,24,6,1,1,0,0,0,0,0,0,0,1,0,1,0,0,3,24,3,0,1,0,1,0,2,3,5,90,2,2,0,0,47,1,0,0,0,2,0,0,0,0,0,0,0,0,47;40,,,87,0,0,4,5,1,0,0.8,0,0,0,0,0,4,0,43,155,0,0,0,1,0,3,16,0,119
2003,16,SEA,REG,2003_16_ARI_SEA,ARI,19,27,190,2,2,2,-10,0,0,0,190,9,1.74700392351951,,0,4,3,3,0,30,160,2,2,2,11,-3.09686141589191,0,6,4,1,1,19,0,190,2,0,0,0,0,9,16.0327752862358,0,4,3,3,0,0,53,15,15,0,0,1,8,54,0,0,0,6,0,0,0,0,0,0,0,0,0,0,0,1,0,0,3,30,1,1,1,0,2,2,3,22,2,55,0,0,0,0,,,0,0,0,0,0,0,0,0,0,0,0,0,,,,0,0,0,4,4,0,0,1,0,0,0,0,0,4,0,46,168,2,0,1,0,2,1,7,0,161
2003,16,SF,REG,2003_16_SF_PHI,PHI,15,29,225,2,0,3,-17,1,1,0,225,9,3.67674478352141,,1,9,6,6,0,41,209,1,1,0,12,3.06974964671513,0,7,6,1,0,15,0,225,2,0,0,0,0,9,21.478282618318,1,9,6,6,0,0,39,0,14,0,0,1,5,33,0,2,63,6,0,0,0,0,0,0,0,0,0,1,-11,0,0,0,8,70,4,1,1,0,2,1,4,26,5,64,3,3,0,0,33,1,0,2,1,0,0,0,0,0,0,0,0,0,33;25;22,,,80,0,0,2,2,0,0,1,1,1,0,0,22,4,0,52,135,0,1,0,0,1,2,91,1,44
2003,16,TB,REG,2003_16_ATL_TB,ATL,34,48,346,4,4,0,0,0,0,0,346,17,3.80383898576861,,1,11,3,2,1,22,94,0,0,0,6,-0.47302925522672,0,1,1,0,0,34,0,346,4,1,0,0,0,17,32.2463433475643,1,11,3,2,1,0,35,16,16,0,0,2,0,0,0,0,0,2,0,0,0,0,0,0,0,0,0,1,0,1,0,0,7,46,6,1,0,0,1,0,1,6,5,89,0,0,0,0,,,0,0,0,0,0,0,0,0,0,0,0,0,,,,0,0,0,2,2,0,0,1,0,0,0,0,0,2,0,44,87,1,0,1,0,0,1,17,0,70
2003,16,TEN,REG,2003_16_TEN_HOU,HOU,17,36,268,2,1,0,0,0,0,0,268,11,-3.59404669454546,,0,9,6,5,1,35,182,0,0,0,9,-0.277748971566325,0,4,3,2,0,17,0,268,2,0,0,0,0,11,21.6723999080172,0,9,6,5,1,0,33,8,12,0,0,1,1,7,0,2,0,9,0,0,0,0,0,0,0,0,0,0,0,1,61,1,6,42,5,0,0,0,0,0,3,40,5,103,2,2,0,0,41,1,0,1,0,1,0,0,0,0,0,0,0,0,41;26,,,67,0,0,3,3,0,0,1,0,0,0,0,0,7,0,56,321,1,1,0,1,1,4,16,0,285
2003,16,WAS,REG,2003_16_WAS_CHI,CHI,17,27,245,3,0,1,-3,0,0,0,245,12,13.63968208824,,0,12,6,3,0,18,44,0,0,0,2,-5.74766610265942,0,0,0,0,0,17,0,245,3,0,0,0,0,12,22.5747706503539,0,12,6,3,0,0,59,9,9,0,0,2,2,11,0,1,0,4,0,0,0,0,0,0,0,0,0,0,0,1,0,0,7,50,5,0,0,0,0,0,1,20,6,115,1,2,1,0,27,0.5,0,1,0,0,0,0,0,0,1,0,0,0,27,31,,27,31,0,3,3,0,0,1,0,0,0,0,0,6,0,50,254,2,0,2,0,0,4,56,0,198
2003,17,ARI,REG,2003_17_MIN_ARI,MIN,20,33,224,2,1,8,-69,4,0,0,224,11,-3.1983178677544,,0,6,4,4,0,19,64,0,1,0,1,-8.3733798725442,0,2,1,0,0,20,0,224,2,0,0,0,0,11,23.9211211861519,0,6,4,4,0,0,41,16,16,0,0,2,1,5,0,1,30,5,0,0,0,0,0,0,0,0,0,5,-19,1,0,0,1,5,5,4,1,0,5,0,1,7,4,86,2,2,0,0,26,1,0,2,0,0,0,0,0,0,0,0,0,0,22;26,,,48,0,0,0,0,0,0,,0,0,0,0,0,6,0,51,249,2,0,1,0,1,4,14,0,235
2003,17,ATL,REG,2003_17_JAX_ATL,JAX,12,22,180,2,1,1,-2,1,0,0,180,9,8.15465613541892,,0,6,4,3,1,39,166,1,0,0,11,1.40128018608084,0,4,3,1,0,12,0,180,2,0,0,0,0,9,19.6197622887557,0,6,4,3,1,0,47,4,4,0,0,1,1,4,0,0,0,0,0,0,0,0,0,1,0,0,0,1,0,1,0,0,4,35,4,1,0,0,1,0,0,0,3,64,0,0,0,0,,,0,0,0,0,0,0,0,0,0,0,0,0,,,,0,0,0,3,3,0,0,1,0,0,0,0,0,4,0,50,166,1,0,0,1,1,2,49,0,97
2003,17,BAL,REG,2003_17_PIT_BAL,PIT,16,27,163,0,1,1,-7,0,0,0,163,8,-5.50198715940246,,0,8,3,3,0,35,123,1,1,1,5,-9.24147219061237,0,3,2,1,0,16,0,163,0,0,0,0,0,8,7.85177542341489,0,8,3,3,0,0,45,11,11,0,0,2,5,31,0,3,27,11,0,0,0,0,0,0,0,0,0,0,0,2,0,0,10,55,4,1,0,0,1,1,4,25,3,55,2,4,2,0,47,0.5,0,0,0,2,0,0,0,0,0,0,2,0,46;47,52;51,,93,103,0,1,1,0,0,1,1,1,0,0,47,8,0,45,304,2,0,2,0,2,4,71,0,233
2003,17,BUF,REG,2003_17_BUF_NE,NE,23,43,202,0,2,4,-28,1,1,0,202,8,-21.3416141565134,,0,5,5,2,0,20,82,0,1,1,7,-1.99391852226108,0,1,1,0,0,23,0,202,0,0,0,0,0,8,13.85027115501,0,5,5,2,0,0,26,29,29,0,0,1,2,14,0,0,0,2,0,0,0,0,0,0,0,0,0,0,0,1,0,0,10,71,3,2,0,0,2,2,3,30,6,161,0,1,1,0,,0,0,0,0,0,0,0,0,0,0,1,0,0,,40,,0,40,0,0,0,0,0,,0,0,0,0,0,4,0,52,168,1,0,0,0,1,3,37,0,131
2003,17,CAR,REG,2003_17_CAR_NYG,NYG,16,30,191,2,1,6,-54,1,1,0,191,10,-3.28895703289129,,0,8,4,2,0,34,114,0,0,0,4,-3.20898501270479,0,3,3,1,0,16,0,191,2,0,0,0,0,10,18.4820887476089,0,8,4,2,0,1,29,19,19,0,0,1,2,11,0,4,59,13,1,0,0,0,0,0,0,0,0,0,0,1,0,0,8,82,5,1,0,0,1,1,3,50,5,103,3,3,0,0,42,1,0,0,2,1,0,0,0,0,0,0,0,0,42;33;34,,,109,0,0,4,4,0,0,1,0,0,0,0,0,5,2,45,193,2,0,0,0,3,2,25,0,168
2003,17,CHI,REG,2003_17_CHI_KC,KC,17,42,198,0,2,4,-41,0,0,0,198,10,-20.9881805890961,,0,9,6,4,0,22,84,0,0,0,5,0.250039943144657,0,3,2,1,0,17,0,198,0,0,0,0,0,10,7.76640770630911,0,9,6,4,0,0,53,3,3,0,0,0,1,8,0,1,25,1,0,0,0,0,0,0,0,0,0,0,0,0,0,0,8,78,4,0,0,0,0,0,2,2,6,168,1,2,1,0,48,0.5,0,0,0,1,0,0,0,0,0,0,1,0,48,52,,48,52,0,0,0,0,0,,0,0,0,0,0,5,0,49,206,1,1,0,0,0,4,32,0,174
2003,17,CIN,REG,2003_17_CLE_CIN,CLE,23,35,175,0,1,3,-19,0,0,0,175,10,-3.44430306868846,,0,8,1,0,0,25,115,2,0,0,6,2.40928992815316,0,3,3,1,0,23,0,175,0,0,0,0,0,10,10.147073523804,0,8,1,0,0,0,45,0,16,0,0,1,0,0,0,0,0,2,0,0,0,0,0,0,0,0,0,0,0,0,0,0,9,66,6,0,0,0,0,0,1,-1,6,139,0,1,1,0,,0,0,0,0,0,0,0,0,0,0,0,1,0,,52,,0,52,0,2,2,0,0,1,0,0,0,0,0,5,0,54,212,1,0,2,0,0,3,11,0,201
2003,17,CLE,REG,2003_17_CLE_CIN,CIN,9,18,115,0,0,0,0,0,0,0,115,6,-0.125079332542831,,0,6,4,0,0,40,264,2,0,0,11,9.26489927932956,0,7,5,4,1,9,0,115,0,0,0,0,0,6,10.3876557557824,0,6,4,0,0,0,39,0,26,0,0,0,3,19,0,1,3,7,0,0,0,0,0,0,0,0,0,1,0,0,0,0,9,69,1,1,0,0,1,0,3,11,3,58,3,3,0,0,42,1,1,0,0,2,0,0,0,0,0,0,0,0,42;42;18,,,102,0,0,1,1,0,0,1,0,0,0,0,0,3,0,44,106,1,1,1,0,0,1,-1,0,107
2003,17,DAL,REG,2003_17_DAL_NO,NO,27,47,290,1,3,3,-23,0,0,0,290,15,-7.43227498384658,,0,12,6,4,0,23,85,0,0,0,5,1.27858050283976,0,2,1,0,0,27,0,290,1,1,0,0,0,15,17.9536824250245,0,12,6,4,0,0,36,12,14,0,0,0,2,10,0,0,0,4,0,1,0,0,0,0,0,0,0,0,0,0,0,0,7,44,5,1,1,2,2,0,3,3,4,90,0,0,0,0,,,0,0,0,0,0,0,0,0,0,0,0,0,,,,0,0,0,1,1,0,0,1,0,0,0,0,0,6,0,52,268,1,1,0,1,0,4,27,0,221
2003,17,DEN,REG,2003_17_DEN_GB,GB,13,27,102,0,2,0,0,0,0,0,102,7,-14.2242732538125,,0,5,1,0,0,34,114,0,0,0,3,-4.39409640460508,0,2,0,0,0,13,0,102,0,0,0,0,0,7,4.62343551160487,0,5,1,0,0,0,31,17,19,0,0,0,2,14,0,1,0,2,0,0,0,0,0,0,0,0,0,0,0,0,0,0,4,30,3,1,0,0,1,1,3,37,6,140,1,1,0,0,31,1,0,0,1,0,0,0,0,0,0,0,0,0,31,,,31,0,0,0,0,0,0,,0,0,0,0,0,7,0,62,297,2,0,1,1,2,3,42,0,235
2003,17,DET,REG,2003_17_STL_DET,LA,26,36,238,3,1,1,-8,0,0,0,238,15,3.87227568577122,,0,15,3,1,0,29,112,0,0,0,5,-4.9333835838479,0,3,2,1,0,26,0,238,3,1,1,0,0,15,11.6441227750513,0,15,3,1,0,0,44,3,3,0,0,3,4,40,0,1,15,8,0,0,0,0,0,0,0,0,0,0,0,2,0,0,6,50,4,1,0,0,1,1,4,54,4,92,3,3,0,0,50,1,0,0,2,0,1,0,0,0,0,0,0,0,39;38;50,,,127,0,0,3,3,0,0,1,0,0,0,0,0,2,1,40,73,0,0,0,0,1,1,4,0,69
2003,17,GB,REG,2003_17_DEN_GB,DEN,13,22,118,1,1,2,-14,0,0,0,118,9,-4.35240122806392,,0,6,1,1,0,34,262,2,0,0,6,11.6604275254649,0,3,2,2,2,13,0,118,1,0,0,0,0,9,8.5742653158959,0,6,1,1,0,0,32,21,27,0,0,1,0,0,0,2,33,6,0,0,0,0,0,0,0,0,0,0,0,1,0,1,4,29,2,0,0,0,0,0,3,42,1,20,1,2,1,0,33,0.5,0,0,1,0,0,0,0,0,0,1,0,0,33,40,,33,40,0,4,4,0,0,1,0,0,0,0,0,5,0,48,203,1,0,1,0,1,3,37,0,166
2003,17,HOU,REG,2003_17_IND_HOU,IND,13,23,105,0,1,0,0,0,0,0,105,5,-9.35673986562465,,0,5,1,0,0,22,99,2,0,0,5,2.55727878020844,0,4,3,1,0,13,0,105,0,0,0,0,0,5,4.68149253155571,0,5,1,0,0,0,56,17,17,0,0,2,1,9,0,1,41,13,0,0,0,0,0,0,0,0,0,0,0,1,0,0,6,40,2,0,0,0,0,0,3,28,4,78,1,1,0,0,36,1,0,0,1,0,0,0,0,0,0,0,0,0,36,,,36,0,0,2,2,0,0,1,0,0,0,0,0,7,0,53,332,1,1,0,0,2,4,31,0,301
2003,17,IND,REG,2003_17_IND_HOU,HOU,26,38,220,1,1,1,-9,0,0,0,220,13,-1.06935461642815,,0,8,3,0,0,38,207,1,2,1,12,-1.19081790466055,0,6,5,1,0,26,0,220,1,0,0,0,0,13,15.7415724869934,0,8,3,0,0,0,29,10,14,0,0,0,0,0,0,1,19,10,0,0,0,0,0,0,0,0,0,1,0,0,0,0,6,60,4,2,0,0,2,1,4,31,4,107,2,2,0,0,43,1,0,0,1,1,0,0,0,0,0,0,0,0,39;43,,,82,0,0,2,2,0,0,1,1,1,0,0,43,5,0,49,204,1,0,1,1,0,3,28,0,156
2003,17,JAX,REG,2003_17_JAX_ATL,ATL,19,32,167,1,0,1,-4,0,0,0,167,10,-0.185745010676328,,0,9,1,0,0,28,157,1,0,0,11,7.03101295308443,0,7,7,0,0,19,0,167,1,0,0,0,0,10,13.5633638130385,0,9,1,0,0,0,41,7,7,0,0,1,1,2,0,1,2,2,0,0,0,0,0,0,0,0,0,0,0,0,0,0,9,48,3,1,0,0,1,1,2,49,4,74,0,1,0,1,,0,0,0,0,0,0,0,0,0,0,0,0,0,,,30,0,0,30,2,2,0,0,1,0,0,0,0,0,4,0,43,154,0,2,1,1,0,0,0,0,134
2003,17,KC,REG,2003_17_CHI_KC,CHI,22,30,203,1,1,1,-8,0,0,0,203,11,3.90541467165487,,0,8,5,3,0,34,87,3,0,0,7,1.039701758913,0,1,0,0,0,22,0,203,1,0,0,0,0,11,16.3596359425283,0,8,5,3,0,0,46,3,5,0,0,0,4,41,0,2,11,8,0,0,0,0,0,0,0,0,0,0,0,0,0,0,6,55,2,0,0,0,0,0,4,32,2,70,1,1,0,0,38,1,0,0,1,0,0,0,0,0,0,0,0,0,38,,,38,0,0,4,4,0,0,1,0,0,0,0,0,5,0,47,193,2,0,1,1,1,2,2,0,171
2003,17,LA,REG,2003_17_STL_DET,DET,22,42,193,1,1,4,-40,2,2,0,193,8,-18.8677980515956,,0,6,4,2,0,13,41,1,0,0,4,3.41035790194292,0,0,0,0,0,22,0,193,1,1,0,0,0,8,13.3850501074339,0,6,4,2,0,0,56,5,5,0,0,1,1,8,0,1,11,3,0,1,0,1,0,0,0,0,0,2,0,1,0,0,7,35,6,3,1,0,4,2,1,4,6,144,2,2,0,0,51,1,0,0,1,0,1,0,0,0,0,0,0,0,51;36,,,87,0,0,2,2,0,0,1,0,0,0,0,0,4,0,52,187,0,0,0,0,0,4,54,0,133
2003,17,LAC,REG,2003_17_OAK_SD,LV,15,28,97,1,0,3,-23,0,0,0,97,3,-13.4470676829224,,0,3,2,1,0,37,263,2,0,0,16,10.3658843263402,0,11,10,3,0,15,0,97,1,0,0,0,0,3,0.567933987884317,0,3,2,1,0,0,30,20,20,0,0,2,5,35,0,1,15,5,0,0,0,0,0,0,0,0,0,0,0,0,0,0,7,50,3,0,0,0,0,0,5,49,3,60,0,0,0,0,,,0,0,0,0,0,0,0,0,0,0,0,0,,,,0,0,0,3,3,0,0,1,0,0,0,0,0,10,0,53,392,3,1,2,0,4,3,92,1,300
2003,17,LV,REG,2003_17_OAK_SD,LAC,6,22,35,0,1,5,-35,2,0,0,35,1,-22.7253765167552,,0,0,0,0,0,32,141,0,1,0,7,1.12394693237729,0,3,2,0,0,6,0,35,0,0,0,0,0,1,-0.232907333178446,0,0,0,0,0,2,50,7,9,0,0,0,3,23,0,0,0,2,0,0,0,0,0,0,0,0,0,4,0,0,0,0,5,38,4,2,2,0,4,0,3,92,4,131,0,0,0,0,,,0,0,0,0,0,0,0,0,0,0,0,0,,,,0,0,0,2,2,0,0,1,0,0,0,0,0,9,0,55,424,2,2,0,0,2,5,49,0,375
2003,17,MIA,REG,2003_17_NYJ_MIA,NYJ,21,29,328,1,1,2,-12,0,0,0,328,15,9.55765089358035,,0,13,9,8,1,26,81,1,0,0,4,-1.50163555048737,0,2,1,0,0,21,0,328,1,0,0,0,0,15,25.0527364241425,0,13,9,8,1,0,40,0,24,0,0,0,4,30,0,0,0,3,0,0,0,0,0,0,0,0,0,0,-15,0,0,0,5,30,2,0,1,1,1,0,0,0,5,120,3,4,1,0,43,0.75,0,2,0,1,0,0,0,0,0,0,1,0,23;43;22,53,,88,53,0,2,2,0,0,1,1,1,0,0,22,0,0,,0,0,0,0,0,0,0,0,0,0
2003,17,MIN,REG,2003_17_MIN_ARI,ARI,18,28,197,1,1,1,-5,1,0,0,197,11,-0.657258075234148,,0,10,2,2,0,33,150,1,0,0,9,7.3558134479681,0,4,3,1,0,18,0,197,1,1,1,0,0,11,14.3235657757032,0,10,2,2,0,0,45,6,6,0,0,4,8,69,0,1,3,5,0,0,0,0,0,0,0,0,0,1,0,0,0,0,7,71,3,2,0,0,2,1,4,14,2,41,1,2,1,0,46,0.5,0,0,0,1,0,0,0,0,0,1,0,0,46,44,,46,44,0,2,2,0,0,1,0,0,0,0,0,3,0,44,118,0,0,0,0,2,1,7,0,111
2003,17,NE,REG,2003_17_BUF_NE,BUF,21,33,204,4,0,2,-14,1,1,0,204,12,4.44909439186592,,0,8,3,2,0,34,131,0,0,0,10,4.60622354598384,0,3,1,0,0,21,0,204,4,0,0,0,0,12,20.5917000757763,0,8,3,2,0,0,30,24,24,0,0,2,4,28,0,2,14,6,0,0,0,0,0,0,0,0,0,0,0,2,13,0,4,34,2,1,0,0,1,1,3,37,1,23,1,2,1,0,24,0.5,0,1,0,0,0,0,0,1,0,0,0,0,24,24,,24,24,0,4,4,0,0,1,0,0,0,0,0,3,0,47,130,1,0,0,0,0,3,30,0,100
2003,17,NO,REG,2003_17_DAL_NO,DAL,15,33,243,1,0,2,-10,0,0,0,243,10,3.00505538066367,,0,7,4,2,1,24,58,0,0,0,2,-6.68564990907908,0,0,0,0,0,15,0,243,1,0,0,0,0,10,19.9589824988352,0,7,4,2,1,0,44,13,13,0,0,1,3,23,0,3,13,11,0,0,0,0,0,0,0,0,0,0,0,0,0,0,7,60,2,0,0,0,0,0,4,27,2,54,2,2,0,0,27,1,0,2,0,0,0,0,0,0,0,0,0,0,24;27,,,51,0,0,1,1,0,0,1,0,0,0,0,0,8,0,53,376,2,0,1,1,3,3,3,0,353
2003,17,NYG,REG,2003_17_CAR_NYG,CAR,18,43,110,2,4,2,-11,0,0,0,110,7,-30.7992614865744,,0,4,2,1,0,19,76,0,0,0,5,-1.26206664578058,0,4,3,0,0,18,0,110,2,0,0,0,0,7,8.7512532712426,0,4,2,1,0,0,44,16,16,0,0,1,6,54,0,1,3,6,0,1,0,2,0,0,0,0,13,0,0,1,0,1,8,45,5,1,0,0,1,1,2,25,7,137,1,1,0,0,28,1,0,1,0,0,0,0,0,0,0,0,0,0,28,,,28,0,0,3,3,0,0,1,0,0,0,0,0,5,0,48,188,1,2,0,0,0,3,50,1,138
2003,17,NYJ,REG,2003_17_NYJ_MIA,MIA,22,28,221,1,0,4,-30,0,0,0,221,14,6.20944220469165,,0,8,4,2,1,25,94,1,0,0,5,1.9938609918463,0,2,1,0,0,22,0,221,1,0,0,0,0,14,18.3844398908406,0,8,4,2,1,0,35,0,24,0,0,0,2,12,0,1,26,4,0,0,1,0,0,0,0,0,0,0,0,0,0,0,4,40,6,0,0,0,0,0,0,0,4,56,2,2,0,0,36,1,0,1,1,0,0,0,0,0,0,0,0,0,36;22,,,58,0,0,1,1,0,0,1,0,0,0,0,0,4,0,43,155,2,1,0,0,3,0,0,0,155
2003,17,PHI,REG,2003_17_PHI_WAS,WAS,24,34,249,3,0,0,0,0,0,0,249,17,20.3012208510131,,0,12,5,4,1,25,83,1,0,0,4,-1.72346527921036,0,2,2,0,0,24,0,249,3,0,0,0,0,17,26.6677340436727,0,12,5,4,1,0,45,1,5,0,0,2,5,18,0,1,3,6,0,0,0,0,0,0,0,0,0,0,0,1,0,0,7,48,1,0,0,0,0,0,0,0,2,40,1,1,0,0,26,1,0,1,0,0,0,0,0,0,0,0,0,0,26,,,26,0,0,4,4,0,0,1,0,0,0,0,0,3,0,46,114,3,1,1,0,0,1,1,0,113
2003,17,PIT,REG,2003_17_PIT_BAL,BAL,15,29,189,1,3,5,-31,1,1,0,189,7,-10.9337061267579,,0,6,1,1,1,27,56,0,0,0,0,-13.2895204468589,0,0,0,0,0,15,0,189,1,0,0,0,0,7,15.2112315022678,0,6,1,1,1,0,49,11,11,0,0,1,1,7,0,1,0,9,0,1,0,0,0,0,0,0,63,0,0,1,1,0,3,40,5,2,0,0,2,2,4,71,4,77,1,1,0,0,42,1,0,0,0,1,0,0,0,0,0,0,0,0,42,,,42,0,0,1,1,0,0,1,0,0,0,0,0,8,0,49,288,3,0,0,1,3,4,25,0,243
2003,17,SEA,REG,2003_17_SEA_SF,SF,24,37,315,2,2,1,-10,0,0,0,315,15,7.60366337130452,,0,14,8,5,0,32,89,1,0,0,8,-2.27660625142648,0,3,3,1,0,24,0,315,2,0,0,0,0,15,26.8356885568646,0,14,8,5,0,0,41,9,13,0,0,0,3,17,0,1,15,4,0,1,0,0,0,0,0,0,0,0,0,0,0,0,6,43,2,1,0,0,1,1,3,26,4,88,1,2,1,0,33,0.5,0,0,1,0,0,0,0,0,0,1,0,0,33,49,,33,49,0,3,3,0,0,1,0,0,0,0,0,5,0,49,178,3,0,1,0,3,1,12,0,166
2003,17,SF,REG,2003_17_SEA_SF,SEA,22,38,248,2,1,3,-17,0,0,0,248,10,-2.132888750738,,0,11,5,3,1,22,59,0,0,0,2,-6.70158531758352,0,0,0,0,0,22,0,248,2,1,0,0,0,10,17.0565101430538,0,11,5,3,1,0,55,4,4,0,0,1,1,10,0,2,24,8,0,0,0,0,0,0,0,0,0,1,0,1,0,0,6,45,4,0,1,0,1,0,1,12,5,84,1,2,1,0,38,0.5,0,0,1,0,0,0,0,1,0,0,0,0,38,29,,38,29,0,2,2,0,0,1,0,0,0,0,0,8,0,45,299,1,2,1,0,2,3,26,0,273
2003,17,TB,REG,2003_17_TB_TEN,TEN,24,38,202,1,4,2,-17,0,0,0,202,10,-10.6769246324506,,0,9,3,1,0,19,89,0,1,0,4,2.83893102704315,0,3,2,0,0,24,0,202,1,0,0,0,0,10,14.5459445338295,0,9,3,1,0,0,44,9,19,0,0,1,0,0,0,1,0,2,0,0,0,0,0,0,0,0,0,1,0,0,0,0,4,31,1,1,0,0,1,0,0,0,6,95,2,2,0,0,33,1,0,1,1,0,0,0,0,0,0,0,0,0,27;33,,,60,0,0,1,1,0,0,1,0,0,0,0,0,5,0,49,188,1,1,1,1,1,1,17,0,151
2003,17,TEN,REG,2003_17_TB_TEN,TB,18,27,232,2,1,0,0,0,0,0,232,13,6.29342623766773,,0,9,6,4,0,34,112,0,1,0,7,-3.06136326881824,0,2,1,0,0,18,0,232,2,0,0,0,0,13,18.3330210739042,0,9,6,4,0,0,42,9,9,0,0,1,2,17,0,4,9,10,0,0,0,0,0,0,0,0,0,1,0,0,0,1,4,50,3,1,0,0,1,0,1,17,4,88,4,4,0,0,43,1,0,1,2,1,0,0,0,0,0,0,0,0,37;33;43;23,,,136,0,0,3,3,0,0,1,0,0,0,0,0,3,0,53,152,2,0,1,1,1,0,0,0,132
2003,17,WAS,REG,2003_17_PHI_WAS,PHI,22,34,199,0,1,5,-18,1,1,0,199,8,-13.1890058425042,,0,8,3,2,1,18,79,1,1,0,8,4.60943938099081,0,1,0,0,0,22,0,199,0,0,0,0,0,8,10.5312898292905,0,8,3,2,1,0,43,4,8,0,0,0,0,0,0,0,0,2,0,0,0,0,0,0,0,0,0,1,0,0,0,0,9,78,1,2,0,0,2,1,1,1,4,86,0,1,1,0,,0,0,0,0,0,0,0,0,0,0,0,1,0,,52,,0,52,0,1,1,0,0,1,0,0,0,0,0,1,0,69,69,1,0,1,0,0,0,0,0,69
2003,18,BAL,POST,2003_18_TEN_BAL,TEN,20,37,214,1,2,2,-13,0,0,0,214,11,-5.44529295020374,,0,9,4,2,0,16,54,0,0,0,1,-5.94766849681037,0,1,0,0,0,20,0,214,1,0,0,0,0,11,13.8310563788366,0,9,4,2,0,0,41,22,22,0,0,0,0,0,0,3,79,7,1,1,0,0,0,0,0,0,0,1,0,0,0,0,8,70,5,0,1,0,1,0,2,2,4,79,1,1,0,0,43,1,0,0,0,1,0,0,0,0,0,0,0,0,43,,,43,0,0,2,2,0,0,1,0,0,0,0,0,8,0,56,390,0,0,1,0,1,6,70,0,320
2003,18,CAR,POST,2003_18_DAL_CAR,DAL,18,29,273,1,0,1,0,0,0,0,273,9,9.70253898084727,,0,8,4,4,2,34,107,1,0,0,6,-8.55076404184324,0,3,2,2,0,18,0,273,1,1,0,0,0,9,20.0533560585018,0,8,4,4,2,0,39,5,15,0,0,1,3,22,0,1,34,7,0,0,0,0,0,0,0,0,0,1,0,1,0,0,0,0,4,1,0,0,1,0,3,13,3,59,5,5,0,0,38,1,2,0,3,0,0,0,0,0,0,0,0,0,18;38;19;32;34,,,141,0,0,2,2,0,0,1,0,0,0,0,0,5,0,59,242,0,0,0,1,0,4,22,0,200
2003,18,DAL,POST,2003_18_DAL_CAR,CAR,21,36,154,0,1,3,-22,0,0,0,154,7,-13.5579263719847,,0,5,3,2,0,18,72,1,1,1,3,-3.13281187487286,0,1,1,0,0,21,0,154,0,0,0,0,0,7,7.41819068422774,0,5,3,2,0,0,55,2,4,0,0,1,1,0,0,0,0,3,0,0,0,0,0,0,0,0,0,0,0,0,0,0,2,11,4,1,0,0,1,1,4,22,8,179,1,1,0,0,37,1,0,0,1,0,0,0,0,0,0,0,0,0,37,,,37,0,0,1,1,0,0,1,0,0,0,0,0,7,0,51,252,1,1,2,0,1,3,13,0,239
2003,18,DEN,POST,2003_18_DEN_IND,IND,23,30,181,1,2,2,-5,1,1,0,181,9,-6.05163940902954,,0,6,2,1,0,26,146,0,1,0,10,3.82452532841126,0,5,2,0,0,23,0,181,1,0,0,0,0,9,11.8485664316382,0,6,2,1,0,0,40,10,10,0,0,2,0,0,0,0,0,1,0,0,0,0,0,0,0,0,0,0,0,1,0,0,5,55,1,2,0,1,2,1,0,0,6,133,1,2,0,1,49,0.5,0,0,0,1,0,0,0,0,0,0,0,0,49,,46,49,0,46,1,1,0,0,1,0,0,0,0,0,2,0,44,84,1,0,1,1,0,0,0,0,64
2003,18,GB,POST,2003_18_SEA_GB,SEA,26,38,319,1,0,0,0,0,0,0,319,14,10.3833948724102,,0,13,6,5,1,32,78,2,0,0,8,0.142724574728595,0,0,0,0,0,26,0,319,1,0,0,0,0,14,21.4824071672047,0,13,6,5,1,0,36,16,20,0,0,1,2,14,0,1,52,4,1,0,0,0,0,0,0,0,0,0,0,0,0,0,5,30,4,0,0,0,0,0,3,39,6,103,2,3,1,0,31,0.666666666666667,0,1,1,0,0,0,0,0,0,1,0,0,31;27,47,,58,47,0,3,3,0,0,1,0,0,0,0,0,5,0,52,192,0,0,2,2,0,1,16,0,136
2003,18,IND,POST,2003_18_DEN_IND,DEN,26,31,394,5,0,0,0,0,0,0,394,17,27.4967644459848,,0,15,8,5,2,23,85,0,2,1,6,-6.47858127363725,0,2,0,0,0,26,0,394,5,1,0,0,0,17,30.6252282403293,0,15,8,5,2,0,39,17,17,0,0,2,2,5,0,2,52,4,0,0,0,0,0,1,0,0,0,1,-2,1,0,0,5,40,3,2,1,1,3,1,0,0,2,34,2,2,0,0,27,1,0,2,0,0,0,0,0,0,0,0,0,0,27;20,,,47,0,0,5,5,0,0,1,0,0,0,0,0,0,0,,0,0,0,0,0,0,0,0,0,0
2003,18,SEA,POST,2003_18_SEA_GB,GB,25,45,305,0,1,2,-14,1,0,0,305,16,2.38020140920641,,0,11,5,4,0,21,49,3,0,0,4,0.619289793859934,0,1,1,0,0,25,0,305,0,0,0,0,0,16,23.4663423137972,0,11,5,4,0,0,49,11,17,0,0,0,0,0,0,0,0,3,0,0,0,0,0,0,0,0,0,1,0,0,0,0,2,15,4,1,0,0,1,0,1,16,7,98,2,2,0,0,35,1,0,0,2,0,0,0,0,0,0,0,0,0,30;35,,,65,0,0,3,3,0,0,1,0,0,0,0,0,6,0,45,225,0,0,2,0,1,3,39,0,186
2003,18,TEN,POST,2003_18_TEN_BAL,BAL,14,23,159,1,3,0,0,0,0,0,159,6,-10.1466626234469,,0,7,2,1,1,40,165,1,0,0,10,4.95319377145068,0,3,2,0,0,14,0,159,1,0,0,0,0,6,10.7410919564427,0,7,2,1,1,0,32,8,8,0,0,0,2,13,0,2,1,10,0,0,0,0,0,0,0,0,0,0,0,0,0,0,6,55,2,0,0,0,0,0,6,70,4,61,2,2,0,0,46,1,0,0,0,2,0,0,0,0,0,0,0,0,45;46,,,91,0,0,2,2,0,0,1,1,1,0,0,46,6,0,63,268,4,0,2,0,2,2,2,0,266
2003,19,CAR,POST,2003_19_CAR_STL,LA,16,27,290,1,1,3,-21,0,0,0,290,12,8.95275197260213,,0,13,6,6,1,41,216,1,1,0,10,8.56185332034604,0,6,5,1,1,16,0,290,1,0,0,0,0,12,25.3306223489559,0,13,6,6,1,0,54,3,3,0,0,0,2,16,0,3,15,7,0,0,0,0,0,0,0,0,0,1,0,0,0,1,13,92,7,1,0,0,1,0,0,0,6,142,3,5,2,0,52,0.6,0,0,1,1,1,0,0,0,0,1,1,0,45;52;34,53;45,,131,98,0,2,2,0,0,1,0,0,0,0,0,2,0,40,73,2,0,0,0,2,0,0,0,73
2003,19,GB,POST,2003_19_GB_PHI,PHI,15,28,180,2,1,1,-9,0,0,0,180,7,-1.53760104566442,,0,5,4,2,2,37,210,0,0,0,9,2.48834650637582,0,5,4,2,0,15,0,180,2,0,0,0,0,7,14.6293402604819,0,5,4,2,2,0,57,0,10,0,0,3,8,49,0,0,0,14,0,0,0,0,0,0,0,0,0,0,0,1,0,0,6,45,6,0,0,0,0,0,6,27,4,83,1,1,0,0,21,1,0,1,0,0,0,0,0,0,0,0,0,0,21,,,21,0,0,2,2,0,0,1,0,0,0,0,0,7,0,55,293,2,0,0,1,2,4,34,0,239
2003,19,IND,POST,2003_19_IND_KC,KC,22,30,304,3,0,1,-12,0,0,0,304,17,27.8391311418382,,0,14,8,4,0,32,142,2,0,0,10,4.17026806302426,0,6,5,0,0,22,0,304,3,0,0,0,0,17,32.7798658555257,0,14,8,4,0,0,39,12,12,0,0,1,0,0,0,0,0,3,0,0,0,0,0,0,0,0,0,0,0,1,0,0,1,5,4,0,0,0,0,0,0,0,6,100,1,1,0,0,45,1,0,0,0,1,0,0,0,0,0,0,0,0,45,,,45,0,0,5,5,0,0,1,0,0,0,0,0,0,0,,0,0,0,0,0,0,0,0,0,0
2003,19,KC,POST,2003_19_IND_KC,IND,18,30,212,1,0,0,0,0,0,0,212,13,15.5604324825167,,0,11,5,3,0,30,196,2,1,1,10,5.29982550138306,0,6,4,2,1,18,0,212,1,0,0,0,0,13,24.7786052031734,0,11,5,3,0,1,53,2,2,0,0,0,1,12,0,0,0,2,0,0,0,0,0,0,0,0,0,0,0,0,0,0,4,30,6,1,0,0,1,1,0,0,7,208,1,2,1,0,22,0.5,0,1,0,0,0,0,0,0,1,0,0,0,22,31,,22,31,0,4,4,0,0,1,0,0,0,0,0,0,0,,0,0,0,0,0,0,0,0,0,0
2003,19,LA,POST,2003_19_CAR_STL,CAR,27,46,332,0,3,2,-16,0,0,0,332,17,0.969641371107054,,1,14,9,7,0,23,64,1,0,0,4,-6.58383949209503,0,0,0,0,0,27,0,332,0,0,0,0,0,17,22.5807786968509,1,14,9,7,0,0,61,6,6,0,0,1,3,21,0,1,37,3,0,0,0,0,0,0,0,0,0,0,0,0,0,0,5,33,9,0,0,0,0,0,0,0,5,124,5,6,1,0,51,0.833333333333333,0,3,1,0,1,0,0,0,0,0,1,0,20;26;24;51;33,53,,154,53,0,0,0,0,0,,0,0,0,0,0,1,0,46,46,0,0,0,0,1,0,0,0,46
2003,19,NE,POST,2003_19_TEN_NE,TEN,21,41,201,1,0,0,0,0,0,0,201,10,5.26848983463122,,0,6,4,2,1,27,96,1,0,0,7,-0.476299430651125,0,3,2,0,0,21,0,201,1,1,1,0,0,10,14.7939479516936,0,6,4,2,1,0,24,24,24,0,0,0,3,10,0,1,7,1,0,0,0,0,0,1,0,0,0,0,0,0,0,0,2,14,4,1,0,0,1,1,1,9,3,48,1,2,1,0,46,0.5,0,0,0,1,0,0,0,0,0,1,0,0,46,44,,46,44,0,2,2,0,0,1,0,0,0,0,0,4,0,32,108,1,0,3,0,1,0,0,0,108
2003,19,PHI,POST,2003_19_GB_PHI,GB,21,39,248,2,0,8,-49,2,1,0,248,13,-5.24347106878411,,0,9,3,3,1,25,164,0,0,0,6,1.00173855960988,0,6,5,3,1,21,0,248,2,1,0,0,0,13,20.609683478775,0,9,3,3,1,0,56,0,12,0,0,0,1,9,0,1,35,6,0,0,0,0,0,0,0,0,0,1,0,0,0,0,3,25,5,3,0,1,3,1,4,34,5,125,2,3,1,0,37,0.666666666666667,0,0,2,0,0,0,0,0,1,0,0,0,37;31,33,,68,33,0,2,2,0,0,1,1,1,0,0,31,7,0,49,302,2,0,0,0,1,6,27,0,275
2003,19,TEN,POST,2003_19_TEN_NE,NE,18,26,210,1,1,3,-10,0,0,0,210,11,4.74116646543906,,0,11,3,3,0,26,84,1,0,0,4,0.206763612222858,0,2,2,0,0,18,0,210,1,0,0,0,0,11,18.5132537001045,0,11,3,3,0,0,28,20,20,0,0,1,0,0,0,0,0,1,0,0,0,0,0,0,0,0,0,0,0,1,0,0,9,55,3,0,0,0,0,0,0,0,4,92,0,1,0,1,,0,0,0,0,0,0,0,0,0,0,0,0,0,,,31,0,0,31,2,2,0,0,1,0,0,0,0,0,4,0,56,136,2,0,2,0,1,1,9,0,127
2003,20,CAR,POST,2003_20_CAR_PHI,PHI,9,14,101,1,0,0,0,0,0,0,101,5,3.94047717633657,,0,4,2,2,0,40,155,1,1,0,8,-0.37319155811565,0,3,2,0,0,9,0,101,1,0,0,0,0,5,7.99202981032431,0,4,2,2,0,0,46,0,14,0,0,1,5,36,2,4,13,15,0,0,0,0,0,0,0,0,0,1,0,0,0,0,5,35,3,1,0,0,1,0,0,0,2,57,0,0,0,0,,,0,0,0,0,0,0,0,0,0,0,0,0,,,,0,0,0,2,2,0,0,1,0,0,0,0,0,8,0,59,306,3,1,4,1,0,2,14,0,272
2003,20,IND,POST,2003_20_IND_NE,NE,23,47,237,1,4,4,-29,0,0,0,237,13,-14.3651394960471,,0,10,3,2,0,25,98,1,0,0,8,8.39472020126414,0,3,1,0,0,23,0,237,1,1,1,0,0,13,17.5474354276084,0,10,3,2,0,0,34,24,24,0,0,1,0,0,0,1,0,6,0,0,0,0,0,0,0,0,0,0,-35,1,0,0,4,20,5,1,1,1,2,1,0,0,7,145,0,0,0,0,,,0,0,0,0,0,0,0,0,0,0,0,0,,,,0,0,0,2,2,0,0,1,0,0,0,0,0,1,0,55,55,0,0,0,0,0,1,16,0,39
2003,20,NE,POST,2003_20_IND_NE,IND,22,37,237,1,1,0,0,0,0,0,237,15,3.27529894534795,,0,8,5,1,0,32,112,0,0,0,5,-4.43441520852172,0,2,2,1,0,22,0,237,1,1,1,0,0,15,17.6995177530334,0,8,5,1,0,0,32,21,21,0,0,1,4,29,0,4,26,7,0,0,1,0,0,0,0,0,0,0,0,1,0,0,3,15,3,1,0,0,1,1,1,16,3,53,5,5,0,0,34,1,0,3,2,0,0,0,0,0,0,0,0,0,31;25;27;21;34,,,138,0,0,1,1,0,0,1,0,0,0,0,0,2,0,44,74,0,0,0,1,1,0,0,0,54
2003,20,PHI,POST,2003_20_CAR_PHI,CAR,17,36,188,0,4,5,-36,0,0,0,188,7,-19.4290446848564,,0,9,4,3,0,26,137,0,0,0,8,7.1241508218809,0,1,1,0,0,17,0,188,0,0,0,0,0,7,10.6789701593851,0,9,4,3,0,0,44,0,12,0,0,1,0,0,0,0,0,3,0,1,0,0,0,0,0,0,0,1,0,0,0,0,4,34,5,1,0,0,1,0,2,14,3,62,1,1,0,0,41,1,0,0,0,1,0,0,0,0,0,0,0,0,41,,,41,0,0,0,0,0,0,,0,0,0,0,0,4,0,54,147,1,1,1,1,1,0,0,0,127
2003,21,CAR,POST,2003_21_CAR_NE,NE,16,33,323,3,0,4,-28,1,1,0,323,12,4.41051709631598,,0,12,7,5,1,16,92,1,0,0,3,-0.00953847811382547,0,2,2,2,0,16,0,323,3,0,0,0,0,12,26.1399164647157,0,12,7,5,1,0,39,29,39,0,0,0,0,0,0,1,12,5,0,0,0,0,0,1,0,0,0,0,0,0,0,0,12,73,4,1,0,0,1,1,1,2,6,116,1,1,0,0,50,1,0,0,0,0,1,0,0,0,0,0,0,0,50,,,50,0,0,2,2,0,0,1,0,0,0,0,0,7,0,51,310,1,0,0,0,2,5,42,0,268
2003,21,NE,POST,2003_21_CAR_NE,CAR,32,48,354,3,1,0,0,0,0,0,354,19,16.1590084656114,,0,13,7,3,1,35,127,1,0,0,7,-2.80415854569571,1,2,2,1,0,32,0,354,3,0,0,0,0,19,28.0119836882445,0,13,7,3,1,0,29,10,12,0,0,1,4,28,0,0,0,11,0,1,0,0,0,0,0,0,0,1,0,1,0,0,8,60,6,0,1,0,1,0,5,42,4,78,1,3,1,1,41,0.333333333333333,0,0,0,1,0,0,0,0,1,0,0,0,41,31,36,41,31,36,3,3,0,0,1,1,1,0,0,41,5,0,51,173,2,0,3,0,1,1,2,0,171
