season,week,team,season_type,game_id,opponent_team,completions,attempts,passing_yards,passing_tds,passing_interceptions,sacks_suffered,sack_yards_lost,sack_fumbles,sack_fumbles_lost,passing_air_yards,passing_yards_after_catch,passing_first_downs,passing_epa,passing_cpoe,passing_2pt_conversions,passing_10,passing_16,passing_20,passing_40,carries,rushing_yards,rushing_tds,rushing_fumbles,rushing_fumbles_lost,rushing_first_downs,rushing_epa,rushing_2pt_conversions,rushing_10,rushing_12,rushing_20,rushing_40,receptions,targets,receiving_yards,receiving_tds,receiving_fumbles,receiving_fumbles_lost,receiving_air_yards,receiving_yards_after_catch,receiving_first_downs,receiving_epa,receiving_2pt_conversions,receiving_10,receiving_16,receiving_20,receiving_40,special_teams_tds,def_tackles_solo,def_tackles_with_assist,def_tackle_assists,def_tackles_for_loss,def_tackles_for_loss_yards,def_fumbles_forced,def_sacks,def_sack_yards,def_qb_hits,def_interceptions,def_interception_yards,def_pass_defended,def_tds,def_fumbles,def_safeties,def_punt_blocks,def_pat_blocks,def_fg_blocks,def_2pt_atts,def_2pt_made,misc_yards,fumble_recovery_own,fumble_recovery_yards_own,fumble_recovery_opp,fumble_recovery_yards_opp,fumble_recovery_tds,penalties,penalty_yards,timeouts,fumbles_forced_by_opp,fumbles_not_forced,fumbles_out_of_bounds,fumbles_total,fumbles_lost_total,punt_returns,punt_return_yards,kickoff_returns,kickoff_return_yards,fg_made,fg_att,fg_missed,fg_blocked,fg_long,fg_pct,fg_made_0_19,fg_made_20_29,fg_made_30_39,fg_made_40_49,fg_made_50_59,fg_made_60_,fg_missed_0_19,fg_missed_20_29,fg_missed_30_39,fg_missed_40_49,fg_missed_50_59,fg_missed_60_,fg_made_list,fg_missed_list,fg_blocked_list,fg_made_distance,fg_missed_distance,fg_blocked_distance,pat_made,pat_att,pat_missed,pat_blocked,pat_pct,gwfg_made,gwfg_att,gwfg_missed,gwfg_blocked,gwfg_distance,pt_att,pt_blocked,pt_long,pt_yards,pt_inside_20,pt_out_of_bounds,pt_downed,pt_touchback,pt_fair_caught,pt_returned,pt_return_yards,pt_return_tds,pt_net_yards
2008,1,ARI,REG,2008_01_ARI_SF,SF,19,30,197,1,0,3,-21,0,0,177,110,10,4.76500183595407,2.48126218716304,0,8,4,2,1,39,109,1,0,0,7,-5.6284942437868,0,1,0,0,0,19,0,197,1,0,0,177,110,10,17.239183617228,0,8,4,2,1,0,34,0,10,0,0,3,4,12,4,1,28,1,0,0,0,0,0,0,0,0,0,0,0,4,16,0,4,40,3,0,0,0,0,0,1,17,3,39,3,4,1,0,31,0.75,0,1,2,0,0,0,0,0,1,0,0,0,25;31;30,35,,86,35,0,2,2,0,0,1,0,0,0,0,0,4,0,59,180,2,0,3,0,1,0,0,0,180
2008,1,ATL,REG,2008_01_DET_ATL,DET,9,13,161,1,0,1,-5,0,0,96,79,5,5.70666226584258,4.93986950470851,0,4,3,2,2,42,318,3,0,0,17,12.1139811023406,0,13,9,2,1,9,0,161,1,0,0,96,79,5,8.46433717888108,0,4,3,2,2,0,43,7,7,0,0,0,3,16,3,1,38,2,0,0,0,0,0,0,0,0,0,0,0,0,0,0,7,68,1,0,0,0,0,0,5,15,3,75,2,2,0,0,50,1,0,1,0,0,1,0,0,0,0,0,0,0,50;25,,,75,0,0,4,4,0,0,1,0,0,0,0,0,3,0,51,115,0,1,0,0,2,0,0,0,115
2008,1,BAL,REG,2008_01_CIN_BAL,CIN,15,29,129,0,0,0,0,0,0,173,75,8,-2.35766418868153,-13.3266417116954,0,6,0,0,0,46,229,2,1,1,12,-7.43680734169902,0,5,3,2,1,15,0,129,0,1,1,173,75,8,7.32957372639794,0,6,0,0,0,0,35,8,8,0,0,0,2,10,5,1,16,5,0,0,0,0,0,0,0,0,0,0,0,1,11,0,9,64,5,2,0,0,2,2,4,56,2,25,1,2,1,0,21,0.5,0,1,0,0,0,0,0,0,0,1,0,0,21,47,,21,47,0,2,2,0,0,1,0,0,0,0,0,5,0,57,241,1,1,0,0,0,4,11,0,230
2008,1,BUF,REG,2008_01_SEA_BUF,SEA,20,31,234,2,0,1,-2,0,0,250,89,9,3.55114418471062,3.28781872987747,0,8,6,4,1,29,106,1,0,0,3,-5.39052260271274,0,3,3,1,0,20,0,234,2,0,0,250,89,9,13.952337005749,0,8,6,4,1,1,34,11,21,0,0,2,5,23,9,1,0,10,0,0,0,0,0,0,0,0,0,0,0,1,0,0,1,14,5,0,0,0,0,0,6,120,1,27,2,3,0,1,38,0.666666666666667,0,0,2,0,0,0,0,0,0,0,0,0,35;38,,52,73,0,52,4,4,0,0,1,0,0,0,0,0,9,0,59,419,3,0,1,0,4,4,54,0,365
2008,1,CAR,REG,2008_01_CAR_SD,LAC,23,41,247,1,0,1,-1,0,0,357,90,12,2.73817542286439,-2.2615709014841,0,11,4,4,0,29,142,0,0,0,7,2.82445001254425,0,4,1,0,0,23,1,247,1,1,1,357,90,12,13.952551158708,0,11,4,4,0,0,33,12,12,0,0,1,1,6,2,0,0,4,0,1,0,0,0,0,0,0,0,1,0,1,31,1,6,29,6,1,1,0,2,1,3,16,5,99,4,4,0,0,49,1,0,0,2,2,0,0,0,0,0,0,0,0,44;33;30;49,,,156,0,0,2,2,0,0,1,0,0,0,0,0,3,0,49,144,2,0,0,0,2,1,12,0,132
2008,1,CHI,REG,2008_01_CHI_IND,IND,13,21,150,0,0,2,-14,1,0,132,97,7,4.07558441292655,3.78633767366409,0,4,4,3,0,39,183,2,0,0,9,2.09019797823127,0,3,2,1,1,13,0,150,0,0,0,132,97,7,11.8228902200353,0,4,4,3,0,0,41,7,7,0,0,1,2,17,4,0,0,5,0,0,1,0,0,0,0,0,0,1,0,1,21,1,7,60,4,1,0,0,1,0,1,25,5,90,2,2,0,0,41,1,0,1,0,1,0,0,0,0,0,0,0,0,41;25,,,66,0,0,3,3,0,0,1,0,0,0,0,0,5,0,55,178,3,0,1,0,3,1,8,0,170
2008,1,CIN,REG,2008_01_CIN_BAL,BAL,10,25,99,0,1,2,-10,0,0,202,31,5,-14.3879602776823,-17.3237248607304,0,4,2,2,0,23,65,0,1,1,1,-12.3403727980331,0,0,0,0,0,10,0,99,0,0,0,202,31,5,3.49477779049363,0,4,2,2,0,0,42,21,21,0,0,2,0,0,1,0,0,9,0,0,0,0,0,0,0,0,0,0,0,2,65,1,5,40,6,0,1,0,1,1,4,11,4,118,1,1,0,0,43,1,0,0,0,1,0,0,0,0,0,0,0,0,43,,,43,0,0,1,1,0,0,1,0,0,0,0,0,7,0,56,316,2,0,2,0,1,4,56,0,260
2008,1,CLE,REG,2008_01_DAL_CLE,DAL,11,24,114,1,0,1,0,1,0,121,61,7,1.51296514268786,-8.73158127069473,0,6,2,0,0,18,91,0,1,0,2,-2.76814591168659,0,3,2,1,0,11,0,114,1,0,0,121,61,7,11.9163188407547,0,6,2,0,0,0,42,11,11,0,0,0,0,0,1,1,20,3,0,0,0,0,0,0,0,0,0,2,5,0,0,0,9,55,3,1,1,0,2,0,2,23,5,90,1,1,0,0,34,1,0,0,1,0,0,0,0,0,0,0,0,0,34,,,34,0,0,1,1,0,0,1,0,0,0,0,0,5,0,55,203,1,1,1,1,0,2,8,0,175
2008,1,DAL,REG,2008_01_DAL_CLE,CLE,24,32,320,1,1,0,0,0,0,281,137,16,20.3274877373187,14.8797601461411,0,15,8,4,0,31,167,3,0,0,11,4.93074301860179,0,7,6,2,0,24,0,320,1,0,0,281,137,16,30.6847522554162,0,15,8,4,0,0,32,5,5,0,0,1,1,0,4,0,0,3,0,1,0,0,0,0,0,0,0,1,0,0,0,0,11,82,1,0,1,0,1,0,2,8,2,39,0,0,0,0,,,0,0,0,0,0,0,0,0,0,0,0,0,,,,0,0,0,4,4,0,0,1,0,0,0,0,0,2,0,52,97,0,0,0,0,0,2,23,0,74
2008,1,DEN,REG,2008_01_DEN_OAK,LV,16,25,299,2,0,0,0,0,0,275,101,10,23.3177651360083,8.29311994214853,0,11,7,4,2,34,142,3,0,0,10,9.69661106547574,0,3,1,0,0,16,0,299,2,0,0,275,101,10,27.7318026227877,0,11,7,4,2,0,45,6,12,0,0,0,2,13,3,0,0,2,0,1,0,0,0,0,0,0,0,1,0,1,0,0,3,15,3,1,0,0,1,0,2,19,2,28,2,2,0,0,43,1,0,1,0,1,0,0,0,0,0,0,0,0,26;43,,,69,0,0,5,5,0,0,1,0,0,0,0,0,2,0,42,80,1,0,0,0,0,2,3,0,77
2008,1,DET,REG,2008_01_DET_ATL,ATL,24,33,262,2,1,3,-16,0,0,262,110,14,5.18564750044607,8.59770933166146,0,12,4,4,0,21,62,1,1,0,4,-2.66661060211482,0,2,1,0,0,24,0,262,2,0,0,262,110,14,19.2212743739365,0,12,4,4,0,0,42,8,8,0,0,0,1,5,2,0,0,2,0,0,0,0,0,0,0,0,0,1,0,0,0,0,5,30,6,0,1,0,1,0,0,0,6,123,0,0,0,0,,,0,0,0,0,0,0,0,0,0,0,0,0,,,,0,0,0,3,3,0,0,1,0,0,0,0,0,6,0,52,255,2,0,0,0,1,5,15,0,240
2008,1,GB,REG,2008_01_MIN_GB,MIN,18,22,178,1,0,0,0,0,0,200,35,6,2.68039282936698,21.9113528728485,0,6,3,2,1,27,139,1,2,0,8,4.85750923119485,0,3,3,2,1,18,0,178,1,0,0,200,35,6,4.98374240503509,0,6,3,2,1,1,47,7,11,0,0,0,1,10,8,1,7,6,0,0,0,0,0,0,0,0,0,2,0,0,0,0,12,118,3,1,1,0,2,0,3,78,4,92,1,2,0,1,42,0.5,0,0,0,1,0,0,0,0,0,0,0,0,42,,33,42,0,33,3,3,0,0,1,0,0,0,0,0,5,0,50,226,1,1,0,0,0,4,13,0,213
2008,1,HOU,REG,2008_01_HOU_PIT,PIT,25,33,202,1,2,5,-43,1,1,198,57,13,-9.88660404643981,11.877135746181,0,11,2,1,0,20,75,1,0,0,5,-2.22139369978686,0,1,1,0,0,25,0,202,1,0,0,198,57,13,14.3097142829303,0,11,2,1,0,0,36,14,24,0,0,2,2,15,1,0,0,2,0,0,0,0,0,0,0,0,0,0,0,1,41,0,5,43,5,1,0,0,1,1,2,5,6,112,1,1,0,0,34,1,0,0,1,0,0,0,0,0,0,0,0,0,34,,,34,0,0,2,2,0,0,1,0,0,0,0,0,4,0,56,173,1,0,0,1,2,1,-3,0,156
2008,1,IND,REG,2008_01_CHI_IND,CHI,30,49,257,1,0,2,-17,0,0,358,115,15,-0.551638048338266,-5.54542675310252,0,10,3,1,0,15,53,0,0,0,5,-4.63735816720873,0,1,1,0,0,30,0,257,1,1,1,358,115,15,8.01529299196772,0,10,3,1,0,0,36,22,22,0,0,1,2,14,4,0,0,1,0,0,0,0,0,0,0,0,0,0,0,0,0,0,6,40,6,1,0,0,1,1,1,8,5,101,2,2,0,0,39,1,0,0,2,0,0,0,0,0,0,0,0,0,39;34,,,73,0,0,1,1,0,0,1,0,0,0,0,0,2,0,51,98,1,0,1,0,0,1,25,0,73
2008,1,JAX,REG,2008_01_JAX_TEN,TEN,23,35,215,1,2,7,-59,1,1,300,100,11,-9.8136554513565,5.77704851116453,0,7,2,2,0,17,33,0,0,0,1,-5.29637208732311,0,1,0,0,0,23,0,215,1,0,0,300,100,11,13.3020396478154,0,7,2,2,0,0,35,14,14,0,0,0,0,0,1,2,23,2,0,0,0,0,0,0,0,0,0,0,0,0,0,0,6,50,4,1,0,0,1,1,2,45,4,138,1,2,1,0,27,0.5,0,1,0,0,0,0,0,0,1,0,0,0,27,37,,27,37,0,1,1,0,0,1,0,0,0,0,0,6,0,50,222,4,0,1,1,2,2,15,0,187
2008,1,KC,REG,2008_01_KC_NE,NE,19,31,206,1,1,4,-24,1,0,170,126,9,-2.41035153760352,2.9435420228589,0,6,2,2,1,27,102,0,0,0,5,-1.0894640259794,0,2,1,1,0,19,0,206,1,0,0,170,126,9,17.646194763307,0,6,2,2,1,0,32,19,19,0,0,1,2,16,4,0,0,2,0,0,0,0,0,0,0,0,0,1,0,2,8,0,2,15,5,1,0,0,1,0,1,7,4,98,1,1,0,0,40,1,0,0,0,1,0,0,0,0,0,0,0,0,40,,,40,0,0,1,1,0,0,1,0,0,0,0,0,6,0,55,259,3,0,2,1,1,2,2,0,237
2008,1,LA,REG,2008_01_STL_PHI,PHI,14,26,158,0,0,4,-28,1,0,173,44,6,-7.11642487348422,-14.9875675439835,0,5,4,3,0,15,36,0,0,0,1,-3.62314973032335,0,0,0,0,0,14,0,158,0,0,0,173,44,6,7.13480715789933,0,5,4,3,0,0,49,6,14,0,0,1,0,0,0,0,0,2,0,0,0,0,0,0,0,0,0,1,0,0,0,0,9,66,4,1,0,0,1,0,1,-2,5,90,1,1,0,0,46,1,0,0,0,1,0,0,0,0,0,0,0,0,46,,,46,0,0,0,0,0,0,,0,0,0,0,0,10,0,57,485,3,0,1,0,0,9,97,0,388
2008,1,LAC,REG,2008_01_CAR_SD,CAR,17,27,217,3,0,1,-6,0,0,211,79,10,10.0177300242815,5.58536855074076,0,8,7,3,1,27,105,0,0,0,6,-1.14580138024758,0,1,1,0,0,17,0,217,3,1,1,211,79,10,11.3837435299522,0,8,7,3,1,0,36,24,24,0,0,1,1,1,3,0,0,6,0,0,0,0,0,0,0,0,0,0,0,1,0,0,2,12,1,1,0,0,1,1,1,12,2,61,1,1,0,0,27,1,0,1,0,0,0,0,0,0,0,0,0,0,27,,,27,0,0,3,3,0,0,1,0,0,0,0,0,5,0,63,238,2,0,0,1,1,3,16,0,202
2008,1,LV,REG,2008_01_DEN_OAK,DEN,17,26,180,2,0,2,-13,0,0,286,59,10,8.38650522584794,6.51874026426902,0,9,4,3,0,31,150,0,3,1,5,-10.9610615154379,0,3,2,1,1,17,0,180,2,0,0,286,59,10,19.1550397228566,0,9,4,3,0,0,36,6,14,0,0,1,0,0,0,0,0,0,0,0,0,0,0,0,0,0,0,2,-25,0,0,0,10,96,3,0,3,0,3,1,2,3,6,154,0,0,0,0,,,0,0,0,0,0,0,0,0,0,0,0,0,,,,0,0,0,2,2,0,0,1,0,0,0,0,0,5,0,62,255,1,0,0,2,1,2,19,0,196
2008,1,MIA,REG,2008_01_NYJ_MIA,NYJ,26,43,251,2,1,4,-23,0,0,435,35,15,-1.40090289519867,4.10961927402587,0,12,3,1,0,17,49,0,1,0,2,-3.1388242727844,0,0,0,0,0,26,0,251,2,1,0,435,35,15,20.3379083077016,0,12,3,1,0,0,41,2,16,0,0,2,3,13,2,0,0,2,0,1,0,0,0,0,0,0,0,1,0,1,0,0,4,59,4,1,2,2,3,0,4,38,4,69,0,0,0,0,,,0,0,0,0,0,0,0,0,0,0,0,0,,,,0,0,0,2,2,0,0,1,0,0,0,0,0,7,0,54,278,1,1,0,0,1,5,64,0,214
2008,1,MIN,REG,2008_01_MIN_GB,GB,16,35,178,1,1,1,-10,0,0,400,68,7,-1.78479090023668,-9.14770916980856,0,6,4,3,0,33,187,1,0,0,10,9.91197971009473,0,4,3,1,0,16,0,178,1,0,0,400,68,7,13.0116984420312,0,6,4,3,0,0,41,4,12,0,0,1,0,0,2,0,0,1,0,0,0,0,0,1,0,0,2,0,0,0,0,0,9,42,4,0,0,0,0,0,4,13,3,60,2,2,0,0,37,1,0,1,1,0,0,0,0,0,0,0,0,0,37;27,,,64,0,0,1,1,0,0,1,0,0,0,0,0,5,0,50,217,2,0,2,0,0,3,78,1,139
2008,1,NE,REG,2008_01_KC_NE,KC,20,29,228,1,0,2,-16,0,0,196,118,9,6.21311452183268,4.56736534833908,0,11,4,2,1,28,126,1,0,0,8,2.42278753023129,0,3,3,1,0,20,0,228,1,2,2,196,118,9,9.19243806885788,0,11,4,2,1,0,26,29,29,0,0,1,4,24,8,1,3,3,0,0,0,0,0,0,0,0,0,1,0,0,0,0,3,30,4,1,2,0,3,2,2,2,3,70,1,1,0,0,37,1,0,0,1,0,0,0,0,0,0,0,0,0,37,,,37,0,0,2,2,0,0,1,0,0,0,0,0,4,0,70,202,1,0,1,2,0,1,7,0,155
2008,1,NO,REG,2008_01_TB_NO,TB,23,32,343,3,1,1,-6,0,0,241,216,11,8.73560858999338,7.59079474955797,0,9,7,5,2,27,101,0,1,0,5,-6.30413045710884,0,3,2,1,0,23,0,343,3,0,0,241,216,11,24.2336535623014,0,9,7,5,2,0,46,9,9,0,0,0,2,15,6,1,2,5,0,0,0,0,0,0,0,0,0,1,-17,0,0,0,7,51,4,0,1,0,1,0,2,10,5,67,1,1,0,0,34,1,0,0,1,0,0,0,0,0,0,0,0,0,34,,,34,0,0,3,3,0,0,1,0,0,0,0,0,7,0,61,310,0,0,0,1,0,6,40,0,250
2008,1,NYG,REG,2008_01_WAS_NYG,WAS,19,35,216,0,1,2,-16,0,0,319,31,10,1.42831832700176,-6.22389141251059,0,8,4,2,0,32,154,1,0,0,10,0.788519992180607,0,4,3,1,0,19,0,216,0,0,0,319,31,10,19.639903821866,0,8,4,2,0,0,25,21,21,0,0,0,1,8,2,0,0,5,0,0,0,0,0,0,0,0,0,1,0,0,0,0,7,70,2,0,1,0,1,0,4,21,2,19,3,3,0,0,47,1,0,2,0,1,0,0,0,0,0,0,0,0,24;25;47,,,96,0,0,1,1,0,0,1,0,0,0,0,0,4,0,47,145,3,2,1,0,0,1,-2,0,147
2008,1,NYJ,REG,2008_01_NYJ_MIA,MIA,15,22,194,2,0,3,-13,1,1,205,66,7,5.61337734229178,5.90203566984697,0,8,3,3,1,31,112,1,2,0,6,3.25278335850453,0,2,2,0,0,15,0,194,2,0,0,205,66,7,17.1992316008983,0,8,3,3,1,0,50,0,2,0,0,1,4,23,6,1,0,8,0,0,0,0,0,0,0,0,0,2,-2,0,0,0,7,40,3,2,1,0,3,1,5,64,1,10,0,1,1,0,,0,0,0,0,0,0,0,0,0,1,0,0,0,,32,,0,32,0,2,2,0,0,1,0,0,0,0,0,6,0,56,272,0,1,1,0,0,4,38,0,234
2008,1,PHI,REG,2008_01_STL_PHI,LA,26,39,414,3,0,0,0,0,0,444,145,17,22.2161297877294,8.95144053407618,0,13,7,5,3,32,108,2,1,0,8,-1.80387303620228,0,2,1,0,0,26,0,414,3,0,0,444,145,17,32.7588010961481,0,13,7,5,3,0,31,3,9,0,0,1,4,28,4,0,0,7,0,0,0,0,0,0,0,0,0,0,0,0,0,0,4,41,3,1,0,1,1,0,9,97,1,15,1,1,0,0,23,1,0,1,0,0,0,0,0,0,0,0,0,0,23,,,23,0,0,5,5,0,0,1,0,0,0,0,0,4,0,59,186,3,0,2,1,0,1,-2,0,168
2008,1,PIT,REG,2008_01_HOU_PIT,HOU,13,18,137,2,0,2,-15,1,1,149,68,9,-1.47787216257274,8.57913278871112,0,7,2,1,0,39,183,3,1,0,10,8.35176628170302,0,5,5,1,0,13,0,137,2,1,0,149,68,9,13.191418257833,0,7,2,1,0,0,37,15,23,0,0,1,5,43,6,2,6,2,0,0,0,0,0,0,0,0,0,1,-2,1,2,0,4,41,0,2,1,1,3,1,1,-3,4,79,1,1,0,0,44,1,0,0,0,1,0,0,0,0,0,0,0,0,44,,,44,0,0,5,5,0,0,1,0,0,0,0,0,3,0,45,129,0,1,0,0,0,2,5,0,124
2008,1,SEA,REG,2008_01_SEA_BUF,BUF,17,41,190,1,1,5,-23,0,0,429,51,11,-13.0090207681045,-12.9366103559732,0,9,7,3,0,21,85,0,0,0,4,-3.40101576724555,0,4,4,1,0,17,0,190,1,1,0,429,51,11,13.4140740364383,0,9,7,3,0,0,29,20,28,0,0,0,1,2,2,0,0,7,0,0,0,0,0,1,0,0,0,0,0,0,0,0,5,30,3,2,0,1,2,1,4,54,4,106,1,1,0,0,45,1,0,0,0,1,0,0,0,0,0,0,0,0,45,,,45,0,0,1,1,0,0,1,0,0,0,0,0,11,0,56,450,2,4,1,0,0,6,120,1,330
2008,1,SF,REG,2008_01_ARI_SF,ARI,14,20,195,0,1,4,-12,2,2,138,143,9,-10.215496587173,5.24675399065018,0,9,5,3,0,20,108,1,1,0,3,2.1501938751628,0,1,1,1,1,14,0,195,0,1,1,138,143,9,8.09421757265227,0,9,5,3,0,0,49,1,27,0,0,0,3,21,5,0,0,7,0,0,0,0,0,0,0,0,0,1,0,0,0,0,3,20,6,3,2,0,5,4,0,0,4,64,2,2,0,0,39,1,0,0,2,0,0,0,0,0,0,0,0,0,39;30,,,69,0,0,1,1,0,0,1,0,0,0,0,0,2,0,49,87,0,0,0,0,1,1,17,0,70
2008,1,TB,REG,2008_01_TB_NO,NO,24,41,221,1,1,2,-15,0,0,297,131,14,-3.54545894247174,-0.954704770916387,0,12,2,1,0,20,146,0,0,0,4,-0.0956529917524667,0,4,4,1,1,24,0,221,1,0,0,297,131,14,13.3510134742828,0,12,2,1,0,0,48,6,6,0,0,0,1,6,6,1,26,3,1,0,0,0,0,0,0,0,0,0,0,0,0,0,7,66,6,0,0,0,0,0,6,40,4,84,2,2,0,0,37,1,0,0,2,0,0,0,0,0,0,0,0,0,37;33,,,70,0,0,2,2,0,0,1,0,0,0,0,0,8,0,61,353,4,1,2,1,2,2,10,0,323
2008,1,TEN,REG,2008_01_JAX_TEN,JAX,14,24,175,1,2,1,-3,1,0,235,135,6,-3.14911686530209,-3.3018226424853,0,5,4,4,1,32,137,1,0,0,7,-3.73519898820086,0,5,3,0,0,14,0,175,1,0,0,235,135,6,12.9988651402517,0,5,4,4,1,0,38,13,15,0,0,1,7,59,11,2,1,5,0,0,0,0,0,0,0,0,0,1,0,1,0,0,5,36,4,0,1,0,1,0,2,15,2,33,1,1,0,0,47,1,0,0,0,1,0,0,0,0,0,0,0,0,47,,,47,0,0,2,2,0,0,1,0,0,0,0,0,7,0,56,300,0,0,2,2,1,2,45,0,215
2008,1,WAS,REG,2008_01_WAS_NYG,NYG,15,27,133,1,0,1,-8,0,0,257,53,5,-4.76905670535052,-3.75892216196427,0,5,1,1,0,24,84,0,0,0,3,-2.36562065972248,0,1,1,1,0,15,0,133,1,0,0,257,53,5,4.38323312572902,0,5,1,1,0,0,34,22,22,0,0,0,2,16,5,1,0,3,0,0,0,0,0,0,0,0,0,0,0,0,0,0,7,35,3,0,0,0,0,0,1,-2,5,145,0,0,0,0,,,0,0,0,0,0,0,0,0,0,0,0,0,,,,0,0,0,1,1,0,0,1,0,0,0,0,0,7,0,53,265,2,0,0,0,3,4,21,0,244
2008,2,ARI,REG,2008_02_MIA_ARI,MIA,20,26,376,3,0,2,-12,0,0,207,220,13,26.034952101385,15.2718369777386,0,11,8,6,2,31,81,1,1,0,5,-8.16273287876078,0,3,3,0,0,20,0,376,3,0,0,207,220,13,30.8795435602078,0,11,8,6,2,0,41,5,5,0,0,1,2,15,8,0,0,4,0,0,0,0,0,0,0,0,0,1,0,0,0,0,8,45,5,1,0,0,1,0,2,18,1,27,1,1,0,0,45,1,0,0,0,1,0,0,0,0,0,0,0,0,45,,,45,0,0,4,4,0,0,1,0,0,0,0,0,2,0,48,77,2,0,1,0,1,0,0,0,77
2008,2,ATL,REG,2008_02_ATL_TB,TB,13,33,158,0,2,4,-29,0,0,329,39,8,-9.81745062200607,-14.7885985432133,0,7,4,2,0,28,105,0,1,0,2,-4.48900291163296,0,2,2,1,0,13,0,158,0,0,0,329,39,8,18.1741639591055,0,7,4,2,0,0,38,11,15,0,0,1,2,13,5,0,0,1,0,0,0,0,0,0,0,0,0,1,-11,1,3,0,8,60,2,1,1,1,2,0,3,43,4,84,3,3,0,0,32,1,0,2,1,0,0,0,0,0,0,0,0,0,32;27;24,,,83,0,0,0,0,0,0,,0,0,0,0,0,5,0,55,181,2,0,1,0,2,2,0,0,181
2008,2,BUF,REG,2008_02_BUF_JAX,JAX,20,25,239,1,0,3,-29,1,1,139,143,11,6.41894151762439,17.3675484657288,0,9,5,3,0,26,75,1,0,0,6,-1.49086376349524,0,1,0,0,0,20,0,239,1,0,0,139,143,11,19.581532470067,0,9,5,3,0,0,47,0,4,0,0,0,2,20,4,1,0,5,0,0,0,0,0,0,0,0,0,0,0,1,0,0,4,40,4,1,0,0,1,1,3,38,4,78,2,2,0,0,45,1,0,1,0,1,0,0,0,0,0,0,0,0,21;45,,,66,0,0,2,2,0,0,1,0,0,0,0,0,3,0,51,143,1,0,0,0,1,2,23,0,120
2008,2,CAR,REG,2008_02_CHI_CAR,CHI,12,21,128,0,1,3,-26,0,0,128,43,4,-10.5317580713599,-4.24047127366066,0,5,3,3,0,31,114,2,0,0,8,-2.14283364831366,0,3,2,1,0,12,0,128,0,0,0,128,43,4,7.2065854735265,0,5,3,3,0,0,50,2,12,0,0,2,1,8,1,0,0,4,0,0,0,0,0,0,0,0,0,0,0,2,22,0,10,65,4,0,0,0,0,0,3,34,2,36,2,2,0,0,45,1,0,0,1,1,0,0,0,0,0,0,0,0,37;45,,,82,0,0,2,2,0,0,1,0,0,0,0,0,7,1,59,338,4,1,1,0,0,5,30,0,308
2008,2,CHI,REG,2008_02_CHI_CAR,CAR,19,32,149,0,0,1,-8,0,0,298,57,6,-0.419816884249871,-2.20163427293301,0,3,1,1,0,29,115,1,0,0,6,-1.6516857270035,0,3,3,0,0,19,0,149,0,2,2,298,57,6,1.75377729505999,0,3,1,1,0,1,43,2,8,0,0,0,3,26,4,1,26,3,0,0,0,1,0,0,0,0,9,0,0,0,0,0,12,86,5,2,0,0,2,2,5,30,4,101,1,1,0,0,26,1,0,1,0,0,0,0,0,0,0,0,0,0,26,,,26,0,0,2,2,0,0,1,0,0,0,0,0,7,0,47,281,1,1,0,0,3,3,34,0,247
2008,2,CIN,REG,2008_02_TEN_CIN,TEN,16,27,134,0,2,1,-7,1,0,192,58,7,-11.6499438850588,-4.99665764746843,0,5,1,1,0,28,88,1,2,0,3,-4.68602173973341,0,1,1,0,0,16,0,134,0,0,0,192,58,7,4.21376984723611,0,5,1,1,0,0,41,0,34,0,0,1,1,10,2,0,0,2,0,0,0,0,0,0,0,0,0,2,0,1,0,0,5,35,4,3,0,1,3,0,2,42,3,92,0,1,1,0,,0,0,0,0,0,0,0,0,0,1,0,0,0,,37,,0,37,0,1,1,0,0,1,0,0,0,0,0,6,1,49,216,2,1,2,0,1,2,6,0,210
2008,2,CLE,REG,2008_02_PIT_CLE,PIT,18,32,166,0,2,2,-11,0,0,297,77,9,-3.22269608688723,-6.11006077378988,0,6,2,1,0,25,53,0,0,0,5,-5.18458007881418,0,0,0,0,0,18,0,166,0,0,0,297,77,9,12.0777677154401,0,6,2,1,0,0,34,14,16,0,0,0,3,22,7,0,0,2,0,0,0,0,0,0,0,0,0,0,0,0,0,0,10,65,6,0,0,0,0,0,5,44,1,22,2,2,0,0,38,1,0,0,2,0,0,0,0,0,0,0,0,0,31;38,,,69,0,0,0,0,0,0,,0,0,0,0,0,5,0,59,265,2,0,4,0,0,1,1,0,264
2008,2,DAL,REG,2008_02_PHI_DAL,PHI,21,30,312,3,1,0,0,0,0,266,144,12,14.2820238380275,9.18353343832082,0,9,7,5,2,24,68,1,1,1,6,-7.927760692226,0,3,2,0,0,21,0,312,3,1,0,266,137,12,24.4401898435364,0,9,7,5,2,1,46,1,17,0,0,0,4,22,4,0,0,3,0,0,0,0,0,0,0,0,0,1,0,1,0,0,10,108,3,2,0,0,2,1,3,11,7,252,2,2,0,0,51,1,0,0,0,1,1,0,0,0,0,0,0,0,51;47,,,98,0,0,5,5,0,0,1,0,0,0,0,0,3,0,55,140,1,1,0,0,0,2,12,0,128
2008,2,DEN,REG,2008_02_SD_DEN,LAC,36,50,350,4,1,1,-9,1,0,422,95,20,18.9577131260107,10.5645297169685,1,14,4,3,0,24,145,1,0,0,9,5.22376714696293,0,5,3,1,1,36,0,350,4,1,0,422,92,20,34.7769856313099,1,13,4,3,0,0,41,0,8,0,0,1,1,1,2,1,0,3,0,0,0,0,0,0,0,0,0,1,0,0,0,0,7,67,6,2,0,0,2,0,1,6,2,48,1,1,0,0,52,1,0,0,0,0,1,0,0,0,0,0,0,0,52,,,52,0,0,4,4,0,0,1,0,0,0,0,0,3,0,64,161,1,0,0,1,0,2,15,0,126
2008,2,DET,REG,2008_02_GB_DET,GB,23,45,282,2,3,5,-20,0,0,451,154,10,-28.213801043383,-12.2542234306986,0,9,6,4,1,12,49,0,0,0,4,0.272860002936795,0,1,1,0,0,23,0,282,2,0,0,451,154,10,15.7240066754748,0,9,6,4,1,0,44,0,20,0,0,1,1,4,0,0,0,4,0,1,1,0,0,0,0,0,0,1,0,1,0,0,5,40,3,0,1,0,1,0,3,28,7,150,3,3,0,0,53,1,0,0,1,1,1,0,0,0,0,0,0,0,38;49;53,,,140,0,0,2,2,0,0,1,0,0,0,0,0,6,0,42,208,3,3,0,0,1,2,4,0,204
2008,2,GB,REG,2008_02_GB_DET,DET,24,38,328,3,0,1,-4,1,1,409,131,13,13.4350539563006,2.06760007299875,0,10,5,4,2,30,123,1,2,0,6,-4.34541931093554,0,5,4,0,0,24,0,328,3,0,0,409,131,13,30.7186136395321,0,10,5,4,2,0,40,0,14,0,0,0,5,20,7,3,83,9,2,0,0,0,0,0,0,0,0,1,-16,0,0,0,8,62,1,1,2,1,3,1,2,4,4,99,2,2,0,0,39,1,0,1,1,0,0,0,0,0,0,0,0,0,25;39,,,64,0,0,6,6,0,0,1,0,0,0,0,0,4,0,52,192,0,0,0,1,0,3,28,0,144
2008,2,IND,REG,2008_02_IND_MIN,MIN,26,42,311,1,2,2,-15,0,0,327,125,15,0.477011588061342,-4.62950373568186,0,12,6,3,1,19,25,1,0,0,2,-4.91357455497189,1,0,0,0,0,26,0,311,1,0,0,327,108,15,20.0095523323398,0,13,7,3,1,0,43,9,27,0,0,1,3,11,2,0,0,3,0,0,0,0,0,0,0,0,0,0,0,1,0,0,5,45,4,0,0,0,0,0,2,30,4,84,1,2,1,0,47,0.5,0,0,0,1,0,0,0,0,1,0,0,0,47,30,,47,30,0,1,1,0,0,1,1,1,0,0,47,7,0,55,308,2,1,1,0,1,4,42,0,266
2008,2,JAX,REG,2008_02_BUF_JAX,BUF,17,28,165,0,1,2,-20,0,0,231,65,8,-5.8935312601779,1.09617158218666,0,9,0,0,0,27,98,1,0,0,9,2.12171628249462,0,3,2,0,0,17,0,165,0,0,0,231,65,8,7.73623084519023,0,9,0,0,0,0,50,0,6,0,0,1,3,29,4,0,0,0,0,1,0,0,0,0,0,0,0,0,0,1,11,0,5,35,6,0,2,1,2,1,2,23,4,95,3,3,0,0,50,1,0,1,1,0,1,0,0,0,0,0,0,0,28;50;39,,,117,0,0,1,1,0,0,1,0,0,0,0,0,4,0,52,202,0,0,0,1,0,3,38,0,144
2008,2,KC,REG,2008_02_OAK_KC,LV,17,38,173,1,2,5,-38,1,0,316,61,9,-15.2078243000577,-14.8188632395532,1,8,2,1,0,19,55,0,1,0,3,-1.89040465996368,0,1,1,0,0,17,0,173,1,0,0,316,61,9,11.8877107231093,1,8,2,1,0,0,45,15,15,0,0,2,0,0,0,0,0,2,0,0,0,0,0,0,0,0,0,2,1,2,0,0,5,36,6,2,0,0,2,0,3,37,1,21,0,0,0,0,,,0,0,0,0,0,0,0,0,0,0,0,0,,,,0,0,0,0,0,0,0,,0,0,0,0,0,8,0,73,395,5,1,1,0,0,6,46,0,349
2008,2,LA,REG,2008_02_NYG_STL,NYG,20,32,177,1,1,6,-44,0,0,240,54,6,-14.2196157081453,-4.35035151820029,0,7,3,3,1,16,68,0,0,0,5,-1.74309318023734,0,1,1,0,0,20,0,177,1,0,0,240,54,6,8.03785275431073,0,7,3,3,1,0,47,7,7,0,0,1,2,19,3,0,0,1,0,0,0,0,0,0,0,0,0,0,0,0,0,0,5,40,3,0,0,0,0,0,1,7,8,133,2,2,0,0,54,1,0,0,0,0,2,0,0,0,0,0,0,0,54;54,,,108,0,0,1,1,0,0,1,0,0,0,0,0,6,0,63,334,2,0,1,0,1,4,76,0,258
2008,2,LAC,REG,2008_02_SD_DEN,DEN,21,33,377,3,1,1,-1,0,0,351,222,14,22.3141033095982,7.83572155050933,1,13,9,6,3,18,80,0,0,0,2,-2.4981650520931,0,3,3,0,0,21,0,377,3,0,0,351,222,14,33.7277209643945,1,13,9,6,3,1,48,6,14,0,0,2,1,9,0,1,10,8,0,1,0,0,0,0,0,0,0,1,0,0,0,0,8,60,3,1,0,0,1,0,2,15,6,212,3,3,0,0,34,1,0,2,1,0,0,0,0,0,0,0,0,0,34;21;28,,,83,0,0,3,3,0,0,1,0,0,0,0,0,1,0,52,52,0,0,0,0,0,1,6,0,46
2008,2,LV,REG,2008_02_OAK_KC,KC,6,17,55,0,0,0,0,0,0,139,44,2,-4.50995738750561,-25.9606619091595,0,3,0,0,0,47,300,2,3,2,14,4.1223756185225,0,9,6,5,1,6,0,55,0,0,0,139,44,2,4.78661410673513,0,3,0,0,0,0,36,10,10,0,0,2,5,38,5,2,36,12,0,0,0,0,0,0,0,0,0,0,0,0,0,0,9,61,4,2,1,1,3,2,6,46,2,75,3,3,0,0,56,1,0,1,0,1,1,0,0,0,0,0,0,0,56;25;40,,,121,0,0,2,2,0,0,1,0,0,0,0,0,4,0,67,179,1,0,0,1,0,3,37,0,122
2008,2,MIA,REG,2008_02_MIA_ARI,ARI,17,32,179,0,0,2,-15,0,0,249,64,9,0.651535501712053,-6.00205352529883,0,8,4,1,0,24,72,1,1,0,6,-1.65230730897747,0,2,1,0,0,17,0,179,0,0,0,249,64,9,16.1173263158125,0,8,4,1,0,0,42,10,10,0,0,1,2,12,2,0,0,2,0,0,0,0,0,0,0,0,0,1,0,0,0,0,6,42,3,1,0,0,1,0,0,0,4,81,1,1,0,0,32,1,0,0,1,0,0,0,0,0,0,0,0,0,32,,,32,0,0,1,1,0,0,1,0,0,0,0,0,5,0,55,194,3,0,2,0,1,2,18,0,176
2008,2,MIN,REG,2008_02_IND_MIN,IND,14,24,130,0,0,3,-11,1,1,198,61,8,-14.2464573910407,-6.91997508207957,0,7,4,3,0,35,180,0,0,0,7,-0.796011463642191,0,4,3,2,0,14,1,130,0,0,0,198,61,8,3.23619163038958,0,7,4,3,0,0,44,5,7,0,0,0,2,15,3,2,1,5,0,1,0,0,0,0,0,0,0,1,0,0,0,0,2,5,4,1,1,0,2,1,4,42,4,105,5,6,1,0,53,0.833333333333333,0,2,0,2,1,0,0,0,0,1,0,0,45;27;53;46;28,48,,199,48,0,0,0,0,0,,0,0,0,0,0,6,0,56,260,2,1,1,1,1,2,30,0,210
2008,2,NE,REG,2008_02_NE_NYJ,NYJ,16,23,165,0,0,3,-9,0,0,152,123,10,8.99060200724401,7.10486134757166,0,6,3,2,0,33,104,1,0,0,6,-4.38618895287542,0,1,0,0,0,16,0,165,0,0,0,152,123,10,16.271930823219,0,6,3,2,0,0,30,10,10,0,0,0,2,29,2,1,6,4,0,0,0,0,0,0,0,0,0,0,0,0,0,0,2,10,5,0,0,0,0,0,3,53,2,53,4,4,0,0,37,1,0,3,1,0,0,0,0,0,0,0,0,0,21;37;28;27,,,113,0,0,1,1,0,0,1,0,0,0,0,0,3,0,59,150,0,1,0,2,0,0,0,0,110
2008,2,NO,REG,2008_02_NO_WAS,WAS,22,33,216,1,2,2,-21,0,0,229,116,11,2.84061161447758,3.88296721503139,0,10,3,1,0,19,55,1,0,0,3,-3.6598585069878,0,0,0,0,0,22,0,216,1,1,1,229,116,11,14.5085549827942,0,10,3,1,0,1,38,19,29,0,0,1,2,15,5,0,0,5,0,0,0,0,0,0,0,0,0,0,0,1,3,0,5,55,6,1,0,0,1,1,1,55,4,93,1,1,0,0,49,1,0,0,0,1,0,0,0,0,0,0,0,0,49,,,49,0,0,3,3,0,0,1,0,0,0,0,0,5,0,56,223,2,1,0,0,0,4,23,0,200
2008,2,NYG,REG,2008_02_NYG_STL,LA,20,29,260,3,0,2,-19,0,0,448,51,14,15.9456203965038,12.5960164029023,0,11,6,2,0,31,200,1,0,0,10,7.38302781998056,0,8,4,3,0,20,0,260,3,1,0,448,51,14,24.4423871614073,0,11,6,2,0,0,49,1,1,0,0,0,6,44,6,1,41,4,1,0,0,0,0,0,0,0,0,0,0,0,0,0,7,69,3,1,0,1,1,0,4,76,4,93,2,2,0,0,39,1,0,0,2,0,0,0,0,0,0,0,0,0,39;33,,,72,0,0,5,5,0,0,1,0,0,0,0,0,3,0,54,141,2,2,0,0,0,1,7,0,134
2008,2,NYJ,REG,2008_02_NE_NYJ,NE,18,26,181,1,1,2,-29,0,0,135,144,9,3.99522317171795,2.49673473834991,0,6,4,3,1,21,104,0,0,0,3,-4.28288045561375,0,4,3,0,0,18,0,181,1,0,0,135,116,9,14.9622597122798,0,6,4,3,1,0,31,26,26,0,0,0,3,9,5,0,0,2,0,0,0,0,0,0,0,0,0,0,0,0,0,0,6,60,5,0,0,0,0,0,0,0,1,24,1,2,1,0,21,0.5,0,1,0,0,0,0,0,0,1,0,0,0,21,31,,21,31,0,1,1,0,0,1,0,0,0,0,0,4,0,55,162,0,1,0,0,0,3,53,0,109
2008,2,PHI,REG,2008_02_PHI_DAL,DAL,25,37,281,1,0,4,-22,0,0,325,99,11,9.14210671964186,1.71798182030519,0,11,6,2,1,23,78,2,2,1,8,-3.43928033768378,0,2,1,0,0,25,0,281,1,1,0,325,96,11,21.6334795950097,0,11,6,2,1,0,41,0,14,0,0,2,0,0,0,1,14,3,0,0,0,0,0,0,0,0,0,1,-11,1,0,1,5,44,4,0,3,0,3,1,2,12,7,159,3,3,0,0,44,1,0,1,1,1,0,0,0,0,0,0,0,0,34;44;22,,,100,0,0,4,4,0,0,1,0,0,0,0,0,3,0,61,155,0,0,0,0,0,3,11,0,144
2008,2,PIT,REG,2008_02_PIT_CLE,CLE,12,19,186,1,0,3,-22,0,0,313,12,8,3.49923483380771,14.46216875001,0,9,5,2,1,31,117,0,0,0,5,-3.58661450172076,0,4,2,0,0,12,0,186,1,0,0,313,12,8,14.7619027856272,0,9,5,2,1,0,46,3,3,0,0,0,2,11,3,2,12,6,0,0,0,0,0,0,0,0,0,0,0,0,0,0,7,60,4,0,0,0,0,0,1,1,3,21,1,1,0,0,48,1,0,0,0,1,0,0,0,0,0,0,0,0,48,,,48,0,0,1,1,0,0,1,0,0,0,0,0,6,0,55,273,4,0,1,0,0,5,44,0,229
2008,2,SEA,REG,2008_02_SF_SEA,SF,18,36,189,0,2,1,-7,0,0,277,85,11,-10.5318830799952,-14.7314830786652,0,10,5,1,0,34,169,2,0,0,10,3.44343295847831,0,3,3,1,0,18,0,189,0,1,1,277,85,11,9.822385653737,0,10,5,1,0,0,51,5,5,0,0,1,8,49,8,0,0,0,0,1,0,0,0,0,0,0,24,1,10,1,4,1,10,75,5,2,0,0,2,1,3,46,5,120,3,3,0,0,51,1,0,0,2,0,1,0,0,0,0,0,0,0,51;38;32,,,121,0,0,3,3,0,0,1,0,0,0,0,0,3,1,40,117,0,2,0,1,0,0,0,0,97
2008,2,SF,REG,2008_02_SF_SEA,SEA,20,32,321,1,0,8,-49,0,0,325,140,13,6.41436765803691,6.89375794702961,0,13,7,5,1,23,93,1,2,1,3,-7.61458591680275,0,3,3,1,0,20,0,321,1,0,0,325,140,13,23.2062624372266,0,13,7,5,1,0,55,6,6,0,0,2,1,7,2,2,87,7,1,0,0,1,0,0,0,0,0,1,-3,1,4,0,9,60,7,1,1,0,2,1,0,0,5,136,4,5,1,0,40,0.8,0,3,0,1,0,0,0,0,0,1,0,0,26;28;28;40,41,,122,41,0,3,3,0,0,1,1,1,0,0,40,4,0,59,185,0,0,0,1,0,3,46,0,119
2008,2,TB,REG,2008_02_ATL_TB,ATL,18,31,160,1,0,2,-13,1,1,226,91,10,-1.0562963321732,-2.58735072228216,0,8,1,1,0,28,164,2,0,0,5,2.14349746017251,0,5,3,1,1,18,0,160,1,0,0,226,91,10,14.4309485992999,0,8,1,1,0,0,37,9,17,0,0,1,4,29,14,2,24,4,0,0,0,0,0,0,0,0,0,0,0,0,0,0,11,94,3,1,0,0,1,1,2,0,3,61,1,1,0,0,33,1,0,0,1,0,0,0,0,0,0,0,0,0,33,,,33,0,0,3,3,0,0,1,0,0,0,0,0,5,0,56,233,2,0,1,0,1,3,43,0,190
2008,2,TEN,REG,2008_02_TEN_CIN,CIN,14,21,128,1,0,1,-10,1,0,178,69,7,2.75017926294822,4.68668511935643,0,4,2,0,0,41,177,1,1,1,9,-7.31001764469718,0,4,3,1,1,14,0,128,1,0,0,178,69,7,11.896128388471,0,4,2,0,0,1,40,0,24,0,0,3,1,7,1,2,15,5,0,0,0,1,0,0,0,0,0,1,-17,0,0,0,5,25,3,1,1,0,2,1,2,6,1,36,1,1,0,0,34,1,0,0,1,0,0,0,0,0,0,0,0,0,34,,,34,0,0,3,3,0,0,1,0,0,0,0,0,6,0,70,288,2,3,0,1,0,2,42,0,226
2008,2,WAS,REG,2008_02_NO_WAS,NO,24,36,321,1,0,2,-15,0,0,271,198,15,11.8907637409015,3.39702836104802,0,12,6,5,1,31,149,2,0,0,8,-0.92022592880727,0,5,3,1,0,24,0,321,1,0,0,271,198,15,22.3067973823674,0,12,6,5,1,0,27,16,20,0,0,1,2,21,2,2,10,9,0,1,0,0,0,0,0,0,0,0,0,1,5,0,4,26,4,1,0,0,1,1,4,23,3,76,3,5,2,0,36,0.6,0,1,2,0,0,0,0,0,1,1,0,0,22;36;35,49;30,,93,79,0,2,2,0,0,1,0,0,0,0,0,2,0,38,66,0,1,0,0,0,1,55,1,11
2008,3,ARI,REG,2008_03_ARI_WAS,WAS,17,31,210,2,1,2,-13,0,0,284,89,11,4.31827420219281,-3.85712369762618,0,7,4,1,1,23,116,0,0,0,6,1.04324766388163,0,3,2,0,0,17,0,210,2,1,1,284,89,11,15.9721158908797,0,7,4,1,1,0,41,15,17,0,0,0,2,17,4,0,0,3,0,0,0,0,0,0,0,0,0,0,0,0,0,0,6,42,5,1,0,0,1,1,2,3,5,103,1,1,0,0,26,1,0,1,0,0,0,0,0,0,0,0,0,0,26,,,26,0,0,2,2,0,0,1,0,0,0,0,0,4,0,46,167,1,0,0,2,1,1,6,0,121
2008,3,ATL,REG,2008_03_KC_ATL,KC,12,18,192,1,0,0,0,0,0,177,76,7,6.5793773834958,1.65346910556157,0,6,4,2,1,36,186,3,0,0,9,2.09132356973714,0,4,3,2,1,12,0,192,1,0,0,177,76,7,14.2151468753364,0,6,4,2,1,0,46,11,11,0,0,2,2,11,3,3,51,9,1,1,0,0,0,0,0,0,0,0,0,0,0,0,4,22,3,0,1,0,1,1,6,37,3,44,1,1,0,0,27,1,0,1,0,0,0,0,0,0,0,0,0,0,27,,,27,0,0,5,5,0,0,1,0,0,0,0,0,6,0,51,259,3,0,0,0,3,3,14,0,245
2008,3,BAL,REG,2008_03_CLE_BAL,CLE,13,19,129,0,2,1,-7,0,0,203,42,7,-5.67023408442037,6.45815465185377,0,8,2,0,0,44,151,3,1,0,13,-0.259582325042729,0,3,1,0,0,13,0,129,0,0,0,203,42,7,5.86381689028349,0,8,2,0,0,0,29,10,10,0,0,1,4,26,8,3,46,13,1,0,0,0,0,0,0,0,0,1,0,0,0,0,5,40,5,0,1,0,1,0,1,21,3,78,0,1,1,0,,0,0,0,0,0,0,0,0,0,0,1,0,0,,48,,0,48,0,4,4,0,0,1,0,0,0,0,0,3,0,59,146,0,1,0,0,0,2,24,0,122
2008,3,BUF,REG,2008_03_OAK_BUF,LV,24,39,279,1,1,3,-17,1,1,289,119,16,0.910610355378594,-1.68172324958601,0,12,8,3,0,30,116,2,0,0,8,-1.0691498987609,0,3,1,0,0,24,0,279,1,2,1,289,119,16,20.7555656653713,0,12,8,3,0,0,34,10,12,0,0,1,1,7,2,0,0,2,0,0,0,0,0,0,0,0,0,0,0,1,0,0,4,25,5,3,0,1,3,2,2,9,6,150,1,2,1,0,38,0.5,0,0,1,0,0,0,0,0,0,1,0,0,38,46,,38,46,0,3,3,0,0,1,1,1,0,0,38,5,0,62,238,1,1,0,1,0,3,36,0,182
2008,3,CAR,REG,2008_03_CAR_MIN,MIN,17,29,191,0,0,5,-34,2,1,305,69,9,-8.80569128104954,-2.20221949034724,0,10,4,1,0,20,47,1,1,1,3,-10.6600707929465,0,0,0,0,0,17,0,191,0,0,0,305,69,9,11.9040886192745,0,10,4,1,0,0,41,6,16,0,0,0,3,18,6,1,19,5,0,0,0,0,0,0,0,0,0,1,0,0,0,0,12,67,5,2,1,0,3,2,5,50,5,146,1,1,0,0,43,1,0,0,0,1,0,0,0,0,0,0,0,0,43,,,43,0,0,1,1,0,0,1,0,0,0,0,0,5,0,52,199,3,0,0,0,3,2,0,0,199
2008,3,CHI,REG,2008_03_TB_CHI,TB,22,34,268,2,2,3,-21,0,0,287,121,14,-6.2912531607236,7.27610804817893,1,13,7,4,0,37,158,0,0,0,7,-0.793801184417005,0,3,2,1,0,22,0,268,2,0,0,287,121,14,20.7197389795054,1,13,7,4,0,0,54,7,7,0,0,1,0,0,6,3,15,16,0,0,0,0,0,0,0,0,0,0,0,1,0,0,8,64,3,0,0,0,0,0,3,25,4,108,3,4,1,0,43,0.75,0,1,0,2,0,0,0,0,0,1,0,0,40;43;28,49,,111,49,0,1,1,0,0,1,0,0,0,0,0,6,0,53,275,3,1,0,1,1,3,1,0,254
2008,3,CIN,REG,2008_03_CIN_NYG,NYG,27,39,286,1,0,6,-41,1,0,238,162,16,6.94149558527118,5.36655305247558,0,12,6,3,0,27,102,1,0,0,7,-1.04177749931114,0,3,3,1,0,27,0,286,1,0,0,238,162,16,21.3197830794652,0,12,6,3,0,0,33,24,24,0,0,0,0,0,4,0,0,6,0,0,0,0,0,0,0,0,0,2,0,0,0,0,8,57,6,1,1,0,2,0,2,31,6,114,3,3,0,0,30,1,0,2,1,0,0,0,0,0,0,0,0,0,22;30;21,,,73,0,0,2,2,0,0,1,0,0,0,0,0,5,0,55,233,0,0,0,0,0,5,48,0,185
2008,3,CLE,REG,2008_03_CLE_BAL,BAL,14,37,125,1,3,5,-29,1,0,259,91,7,-21.7669602294448,-25.4890085072131,0,5,4,0,0,15,73,0,0,0,3,-0.825795994896907,0,2,1,0,0,14,0,125,1,0,0,259,91,7,12.6961259401287,0,5,4,0,0,0,39,19,19,0,0,0,1,7,2,2,16,3,0,0,0,0,0,0,0,0,0,1,0,0,0,0,9,65,1,1,0,0,1,0,2,24,5,73,1,1,0,0,38,1,0,0,1,0,0,0,0,0,0,0,0,0,38,,,38,0,0,1,1,0,0,1,0,0,0,0,0,7,0,56,301,2,1,1,2,2,1,21,0,240
2008,3,DAL,REG,2008_03_DAL_GB,GB,17,31,260,1,1,3,-24,1,0,360,113,9,-0.454147283825206,-0.0722302496433258,0,7,4,4,2,35,217,2,1,1,13,6.33930169808446,0,7,4,2,1,17,0,260,1,1,0,360,113,9,21.3975656801828,0,7,4,4,2,0,45,6,18,0,0,1,5,40,7,0,0,3,0,0,0,0,0,0,0,0,0,2,14,1,21,0,7,54,3,3,0,0,3,1,3,13,3,58,2,2,0,0,39,1,0,1,1,0,0,0,0,0,0,0,0,0,25;39,,,64,0,0,3,3,0,0,1,0,0,0,0,0,3,0,65,142,1,1,0,0,0,2,12,0,130
2008,3,DEN,REG,2008_03_NO_DEN,NO,21,34,264,2,1,0,0,0,0,329,79,11,9.81180283616924,4.96464949665648,0,9,7,5,0,24,105,1,0,0,7,1.47694916024924,0,2,2,0,0,21,0,264,2,1,1,329,79,11,16.0659127160325,0,9,7,5,0,0,50,8,20,0,0,1,1,7,1,0,0,2,0,0,0,0,0,0,0,0,0,0,0,1,34,1,3,20,6,1,0,0,1,1,1,22,4,97,2,2,0,0,34,1,0,1,1,0,0,0,0,0,0,0,0,0,27;34,,,61,0,0,4,4,0,0,1,0,0,0,0,0,2,0,56,105,0,0,0,0,0,2,30,0,75
2008,3,DET,REG,2008_03_DET_SF,SF,15,31,146,1,2,4,-22,1,0,266,71,6,-9.70922108180586,-14.6047272284826,0,4,1,1,0,20,116,0,1,0,8,6.61104524828261,0,4,2,1,0,15,0,146,1,0,0,266,71,6,10.2783872905345,0,4,1,1,0,0,40,16,16,0,0,0,1,1,1,0,0,0,0,0,0,0,0,0,0,0,0,2,0,0,0,0,9,61,3,3,0,1,3,0,1,8,6,140,2,2,0,0,51,1,0,0,0,1,1,0,0,0,0,0,0,0,44;51,,,95,0,0,1,1,0,0,1,0,0,0,0,0,5,0,57,239,2,0,1,0,1,3,38,0,201
2008,3,GB,REG,2008_03_DAL_GB,DAL,22,39,290,0,0,5,-40,0,0,315,126,12,1.93973079242124,-0.694442954328325,0,14,5,3,1,21,84,1,2,1,4,-6.20039728502161,0,0,0,0,0,22,0,290,0,0,0,315,126,12,19.7211376180348,0,14,5,3,1,0,47,9,17,0,0,3,3,24,7,1,61,4,0,0,0,0,0,0,0,0,0,1,-8,1,0,0,8,68,3,1,1,0,2,1,2,12,6,97,3,3,0,0,38,1,0,0,3,0,0,0,0,0,0,0,0,0,36;38;33,,,107,0,0,1,1,0,0,1,0,0,0,0,0,5,0,65,245,0,0,1,1,0,3,13,0,212
2008,3,HOU,REG,2008_03_HOU_TEN,TEN,17,37,188,0,3,3,-17,1,0,338,90,8,-23.4307475722291,-6.44907144208749,0,7,4,2,1,28,146,1,1,0,7,1.37354511424201,0,3,2,2,1,17,0,188,0,0,0,338,90,8,8.71585910383146,0,7,4,2,1,0,29,21,25,0,0,1,0,0,1,1,33,4,0,0,0,0,0,0,0,0,0,2,-2,1,6,0,2,10,6,1,1,0,2,0,4,45,4,82,2,2,0,0,44,1,0,1,0,1,0,0,0,0,0,0,0,0,44;24,,,68,0,0,0,0,0,0,,0,0,0,0,0,4,0,57,170,2,0,2,0,0,2,15,0,155
2008,3,IND,REG,2008_03_JAX_IND,JAX,15,29,216,1,2,1,-5,0,0,339,52,7,-8.06142025478766,-4.36507114048662,0,8,5,5,1,19,114,2,0,0,9,9.65346235819743,0,3,2,1,0,15,0,216,1,0,0,339,52,7,14.7426234560262,0,8,5,5,1,0,37,32,32,0,0,0,0,0,4,1,28,2,0,0,0,0,0,0,0,0,0,0,0,0,0,0,6,37,4,0,0,0,0,0,1,0,3,52,0,0,0,0,,,0,0,0,0,0,0,0,0,0,0,0,0,,,,0,0,0,3,3,0,0,1,0,0,0,0,0,3,0,60,135,2,0,0,0,1,2,1,0,134
2008,3,JAX,REG,2008_03_JAX_IND,IND,16,22,167,0,1,0,0,0,0,105,110,11,5.22011010525019,7.67077674919909,0,7,3,2,0,48,236,1,0,0,13,1.80453656731509,0,7,6,2,0,16,0,167,0,0,0,105,110,11,14.4535683858597,0,7,3,2,0,0,28,8,8,0,0,0,1,5,5,2,88,5,1,0,0,0,0,0,0,0,0,0,0,0,0,0,5,44,4,0,0,0,0,0,2,1,3,72,3,3,0,0,51,1,0,2,0,0,1,0,0,0,0,0,0,0,26;21;51,,,98,0,0,2,2,0,0,1,1,1,0,0,51,1,0,60,60,1,0,0,0,0,1,0,0,60
2008,3,KC,REG,2008_03_KC_ATL,ATL,14,36,128,1,3,2,-11,1,0,257,74,7,-19.7427369587281,-26.4562038083871,0,7,0,0,0,33,184,1,1,0,10,0.849329772579949,0,5,4,1,1,14,0,128,1,0,0,257,74,7,13.8230960433721,0,7,0,0,0,0,43,11,11,0,0,0,0,0,0,0,0,1,0,0,0,0,0,0,0,0,0,1,0,1,0,0,3,13,6,2,0,1,2,0,3,14,7,130,0,1,1,0,,0,0,0,0,0,0,0,0,0,1,0,0,0,,32,,0,32,0,2,2,0,0,1,0,0,0,0,0,6,0,57,309,2,0,0,0,0,6,37,0,272
2008,3,LA,REG,2008_03_STL_SEA,SEA,18,31,184,1,1,1,-9,1,1,317,140,9,-2.82017821012947,0.462810166420475,0,6,3,3,1,24,65,0,1,0,4,-4.94747825310333,0,0,0,0,0,18,0,184,1,0,0,317,140,9,16.2132105620694,0,6,3,3,1,0,59,3,5,0,0,0,1,10,3,0,0,3,0,0,0,0,0,0,0,0,0,1,0,1,0,0,7,51,6,1,1,0,2,1,2,28,6,135,2,2,0,0,43,1,0,1,0,1,0,0,0,0,0,0,0,0,43;29,,,72,0,0,1,1,0,0,1,0,0,0,0,0,4,0,61,218,0,0,0,0,0,4,20,0,198
2008,3,LAC,REG,2008_03_NYJ_SD,NYJ,19,25,250,3,1,0,0,0,0,178,145,12,16.2872845808404,12.1957067251205,0,8,5,4,1,35,107,2,0,0,8,-2.39898111496586,0,1,1,1,0,19,0,250,3,0,0,178,145,12,28.2300109679457,0,8,5,4,1,0,38,17,17,0,0,1,3,30,5,3,55,10,1,0,0,0,0,0,0,0,0,0,0,1,23,0,6,37,2,0,0,0,0,0,0,0,3,41,2,2,0,0,49,1,0,0,1,1,0,0,0,0,0,0,0,0,36;49,,,85,0,0,6,6,0,0,1,0,0,0,0,0,1,0,48,48,1,0,1,0,0,0,0,0,48
2008,3,LV,REG,2008_03_OAK_BUF,BUF,9,19,156,1,0,1,-7,1,1,207,103,4,-2.06332012220834,-7.52459638997128,0,4,3,3,1,30,98,1,0,0,6,-4.70665798391062,0,3,3,0,0,9,0,156,1,0,0,207,103,4,10.1643519198988,0,4,3,3,1,0,47,10,22,0,0,3,3,17,6,1,0,2,0,0,0,0,0,0,0,0,0,0,0,2,0,0,3,25,1,1,0,0,1,1,3,36,3,98,3,3,0,0,35,1,0,1,2,0,0,0,0,0,0,0,0,0,23;35;32,,,90,0,0,2,2,0,0,1,0,0,0,0,0,6,0,57,305,4,0,1,1,2,2,9,0,276
2008,3,MIA,REG,2008_03_MIA_NE,NE,18,21,245,1,0,0,0,0,0,163,102,12,18.8284160090261,22.4296100082852,0,11,6,4,0,36,216,4,0,0,11,8.01684517663049,0,4,4,3,1,18,0,245,1,1,0,163,102,12,22.3292028518044,0,11,6,4,0,0,27,26,26,0,0,2,4,19,7,1,8,3,0,0,0,0,0,0,0,0,0,0,0,1,0,0,5,35,2,1,0,1,1,0,1,10,3,47,1,1,0,0,39,1,0,0,1,0,0,0,0,0,0,0,0,0,39,,,39,0,0,5,5,0,0,1,0,0,0,0,0,4,0,60,189,2,0,0,0,2,2,34,0,155
2008,3,MIN,REG,2008_03_CAR_MIN,CAR,16,28,204,1,1,3,-18,0,0,237,75,11,-2.0186631589542,-9.19189282826015,0,8,3,3,1,32,119,0,0,0,5,-4.92112508113496,0,2,1,0,0,16,0,204,1,0,0,237,75,11,16.6937847041991,0,8,3,3,1,0,40,6,16,0,0,2,5,34,7,0,0,3,0,1,0,0,0,0,0,0,0,1,0,2,19,1,9,100,0,0,1,0,1,0,2,0,2,44,2,2,0,0,32,1,0,1,1,0,0,0,0,0,0,0,0,0,28;32,,,60,0,0,2,2,0,0,1,0,0,0,0,0,5,0,55,263,2,0,0,0,0,5,50,0,213
2008,3,NE,REG,2008_03_MIA_NE,MIA,22,35,156,1,1,4,-19,0,0,165,50,7,-9.59877087456341,-2.99973969950395,0,4,1,1,0,20,79,0,1,1,5,-5.28762081213063,0,2,2,0,0,22,0,156,1,0,0,165,50,7,9.2757664425209,0,4,1,1,0,0,14,39,39,0,0,1,0,0,0,0,0,2,0,0,0,0,0,0,0,0,0,1,0,0,0,0,2,10,2,2,0,0,2,1,2,34,7,248,2,2,0,0,44,1,0,0,1,1,0,0,0,0,0,0,0,0,37;44,,,81,0,0,1,1,0,0,1,0,0,0,0,0,3,0,48,121,1,0,1,0,1,1,10,0,111
2008,3,NO,REG,2008_03_NO_DEN,DEN,39,48,421,1,0,1,-7,0,0,311,194,20,22.6268754824998,15.7933585821314,0,16,8,4,1,25,88,3,2,1,7,-7.63000947807397,0,2,1,1,0,39,0,421,1,0,0,311,196,20,28.0173021340822,0,16,8,4,1,0,38,7,11,0,0,1,0,0,1,1,14,5,0,0,1,0,0,0,0,0,0,1,0,1,17,0,4,51,6,1,1,0,2,1,2,30,3,60,1,3,2,0,43,0.333333333333333,0,0,0,1,0,0,0,0,0,1,1,0,43,51;43,,43,94,0,3,3,0,0,1,0,0,0,0,0,2,0,60,114,0,0,0,1,0,1,22,0,72
2008,3,NYG,REG,2008_03_CIN_NYG,CIN,26,43,289,1,0,0,0,0,0,369,114,12,9.53511629835055,0.181535844291959,0,9,4,4,0,25,117,1,0,0,8,-2.74329520463409,0,4,4,2,0,26,0,289,1,0,0,369,114,12,21.38540434674,0,9,4,4,0,0,49,18,18,0,0,1,6,41,5,0,0,8,0,0,0,0,0,0,0,0,0,0,0,0,0,0,6,40,6,0,0,0,0,0,5,48,4,112,4,4,0,0,46,1,0,3,0,1,0,0,0,0,0,0,0,0,24;46;26;22,,,118,0,0,2,2,0,0,1,1,1,0,0,22,4,0,54,175,0,0,0,1,1,2,31,0,124
2008,3,NYJ,REG,2008_03_NYJ_SD,LAC,33,47,297,3,3,3,-30,0,0,328,155,17,-7.59376616309117,8.99760016928548,0,9,2,1,1,13,41,0,1,1,2,-4.06861461565131,0,0,0,0,0,33,0,297,3,0,0,328,155,17,23.4170035646213,0,9,2,1,1,0,42,10,10,0,0,0,0,0,0,1,25,4,1,0,0,0,0,0,0,0,0,1,0,0,0,0,2,5,3,1,1,0,2,1,0,0,9,291,1,1,0,0,32,1,0,0,1,0,0,0,0,0,0,0,0,0,32,,,32,0,0,2,2,0,0,1,0,0,0,0,0,2,0,40,76,2,0,1,0,1,0,0,0,76
2008,3,PHI,REG,2008_03_PIT_PHI,PIT,26,38,214,1,2,3,-19,0,0,242,99,13,-4.88304619063507,1.62042264015444,0,8,4,2,0,23,65,0,0,0,3,-3.48883932724665,0,1,0,0,0,26,0,214,1,1,1,242,99,13,10.3110404687468,0,8,4,2,0,0,36,10,16,0,0,2,9,44,11,1,0,5,0,0,1,0,0,0,0,0,0,0,0,2,0,0,7,62,2,1,0,0,1,1,2,11,4,76,2,2,0,0,31,1,0,0,2,0,0,0,0,0,0,0,0,0,31;31,,,62,0,0,1,1,0,0,1,0,0,0,0,0,5,0,64,222,3,1,1,0,2,1,5,0,217
2008,3,PIT,REG,2008_03_PIT_PHI,PHI,17,32,191,0,1,9,-44,2,2,254,60,10,-10.4462059754646,-4.48663620085552,0,9,6,1,0,19,33,0,0,0,1,-10.6622467665584,0,0,0,0,0,17,0,191,0,0,0,254,60,10,14.96226222103,0,9,6,1,0,0,51,2,6,0,0,1,3,19,5,2,0,4,0,0,0,0,0,0,0,0,0,0,0,1,0,0,7,35,6,2,0,0,2,2,1,5,3,72,2,2,0,0,53,1,0,0,1,0,1,0,0,0,0,0,0,0,37;53,,,90,0,0,0,0,0,0,,0,0,0,0,0,5,0,53,207,3,0,0,0,3,2,11,0,196
2008,3,SEA,REG,2008_03_STL_SEA,LA,12,20,172,1,0,1,-10,0,0,188,41,9,6.06415401630042,-0.611404839314913,0,8,5,2,0,46,245,3,0,0,13,9.45820705427417,0,7,6,3,0,12,0,172,1,0,0,188,41,9,14.1409822560381,0,8,5,2,0,0,42,8,8,0,0,1,1,9,1,1,31,6,0,1,0,0,0,0,0,0,0,0,0,1,0,0,5,55,3,0,1,0,1,1,4,20,4,93,3,3,0,0,38,1,0,1,2,0,0,0,0,0,0,0,0,0,28;38;38,,,104,0,0,4,4,0,0,1,0,0,0,0,0,3,0,46,126,1,0,1,0,0,2,28,0,98
2008,3,SF,REG,2008_03_DET_SF,DET,16,23,189,2,0,1,-1,0,0,191,84,11,8.86641795444302,5.84798636643783,0,8,4,2,0,39,182,2,0,0,11,5.74783490699806,0,4,4,2,0,16,0,189,2,0,0,191,84,11,15.4584141158848,0,8,4,2,0,0,34,12,12,0,0,3,4,22,3,2,1,4,0,0,0,0,0,0,0,0,0,0,0,0,0,0,3,30,4,0,0,0,0,0,3,38,4,99,1,2,1,0,25,0.5,0,1,0,0,0,0,0,0,0,1,0,0,25,43,,25,43,0,4,4,0,0,1,0,0,0,0,0,4,0,47,148,3,0,1,0,2,1,8,0,140
2008,3,TB,REG,2008_03_TB_CHI,CHI,38,67,407,2,3,0,0,0,0,473,180,22,8.41309612931851,-2.77720841310792,0,16,10,3,0,17,47,0,0,0,4,-7.25334245709045,0,2,1,0,0,38,1,407,2,1,1,473,166,22,31.152995911194,0,16,10,3,0,0,63,5,5,0,0,0,3,21,4,2,45,6,1,0,0,0,0,0,0,0,0,0,0,0,0,0,6,61,4,1,0,0,1,1,3,1,5,109,2,2,0,0,35,1,0,1,1,0,0,0,0,0,0,0,0,0,35;21,,,56,0,0,3,3,0,0,1,1,1,0,0,21,6,0,56,268,1,1,1,0,1,3,25,0,243
2008,3,TEN,REG,2008_03_HOU_TEN,HOU,14,26,189,1,1,0,0,0,0,270,73,10,0.0633549991060451,-3.90944286034657,0,8,5,3,0,36,154,2,0,0,9,2.33529310085578,0,5,5,0,0,14,0,189,1,1,1,270,73,10,9.16044769994915,0,8,5,3,0,0,32,23,23,0,0,1,3,17,10,3,99,9,1,0,0,0,0,0,0,0,0,0,0,0,0,0,8,75,2,1,0,0,1,1,2,15,4,98,1,1,0,0,44,1,0,0,0,1,0,0,0,0,0,0,0,0,44,,,44,0,0,4,4,0,0,1,0,0,0,0,0,6,0,52,268,3,0,0,0,2,4,45,0,223
2008,3,WAS,REG,2008_03_ARI_WAS,ARI,23,31,204,2,0,2,-17,0,0,133,148,10,6.95894471319988,3.18832150821028,0,9,4,2,0,31,136,1,0,0,11,1.36810042004799,0,3,3,0,0,23,0,204,2,0,0,133,148,10,16.0870105291251,0,9,4,2,0,0,19,25,29,0,0,1,2,13,7,1,42,9,0,0,0,0,0,0,0,0,0,0,0,1,0,0,7,67,4,0,0,0,0,0,1,6,3,54,1,2,1,0,48,0.5,0,0,0,1,0,0,0,0,0,0,1,0,48,52,,48,52,0,3,3,0,0,1,0,0,0,0,0,4,0,56,171,2,0,0,0,2,2,3,0,168
2008,4,ARI,REG,2008_04_ARI_NYJ,NYJ,40,57,472,2,3,5,-46,4,3,394,224,26,2.21629721701084,10.6658836928281,0,24,11,4,0,15,42,3,0,0,5,3.51591790221585,1,0,0,0,0,40,0,472,2,1,1,394,224,26,36.0006401236025,0,24,11,4,0,0,39,16,16,0,0,0,2,5,2,1,39,8,0,0,0,0,0,0,0,0,0,1,0,0,0,0,11,71,4,5,0,0,5,4,2,10,8,192,0,1,0,1,,0,0,0,0,0,0,0,0,0,0,0,0,0,,,37,0,0,37,3,3,0,0,1,0,0,0,0,0,1,0,39,39,1,0,0,0,0,1,9,0,30
2008,4,ATL,REG,2008_04_ATL_CAR,CAR,21,41,158,0,0,2,-8,0,0,289,79,9,-14.2389651811351,-11.4719664439177,0,7,2,2,0,23,118,0,0,0,5,2.12555665604305,0,2,1,1,1,21,0,158,0,0,0,289,79,9,6.64181731866832,0,7,2,2,0,0,46,3,7,0,0,0,0,0,0,0,0,4,0,0,0,1,0,0,0,0,0,0,0,0,0,0,5,45,3,0,0,0,0,0,2,25,2,37,3,3,0,0,44,1,0,0,1,2,0,0,0,0,0,0,0,0,33;44;44,,,121,0,0,0,0,0,0,,0,0,0,0,0,6,0,60,254,1,0,1,2,1,2,5,0,209
2008,4,BAL,REG,2008_04_BAL_PIT,PIT,16,31,192,1,0,5,-52,2,1,345,77,12,-5.95407608370373,-3.67026992382542,0,9,4,3,0,33,103,1,0,0,4,-4.64496800788836,0,2,1,0,0,16,0,192,1,0,0,345,77,12,21.3870571896841,0,9,4,3,0,0,31,17,27,0,0,2,3,23,6,1,1,5,0,1,0,0,0,0,0,0,0,3,-1,0,0,0,8,72,7,2,2,0,4,1,4,7,6,120,2,2,0,0,33,1,0,1,1,0,0,0,0,0,0,0,0,0,33;20,,,53,0,0,2,2,0,0,1,0,0,0,0,0,8,0,61,379,2,1,1,0,0,6,28,0,351
2008,4,BUF,REG,2008_04_BUF_STL,LA,15,25,197,1,1,4,-31,0,0,321,50,7,-3.48739644673966,3.87957847118378,1,5,4,4,1,31,111,1,0,0,7,-0.0464731385292763,0,5,1,1,0,15,0,197,1,0,0,321,50,7,15.6908574941027,1,5,4,4,1,0,52,2,2,0,0,1,2,23,8,1,33,3,1,0,0,0,0,0,0,0,0,1,0,1,0,0,5,35,1,1,0,0,1,0,5,78,3,97,3,3,0,0,45,1,0,0,1,2,0,0,0,0,0,0,0,0,45;35;45,,,125,0,0,2,2,0,0,1,0,0,0,0,0,6,0,62,269,5,2,1,1,1,1,8,0,241
2008,4,CAR,REG,2008_04_ATL_CAR,ATL,20,29,294,2,0,0,0,0,0,266,152,13,19.8390555763617,5.02271087005221,0,12,6,4,1,33,107,1,0,0,5,-6.39992406619014,0,2,2,1,0,20,0,294,2,0,0,266,152,13,26.7774865317042,0,12,6,4,1,0,45,2,4,0,0,0,2,8,2,0,0,7,0,0,0,0,0,0,0,0,0,0,0,0,0,0,11,90,0,0,0,0,0,0,2,5,3,62,1,1,0,0,44,1,0,0,0,1,0,0,0,0,0,0,0,0,44,,,44,0,0,3,3,0,0,1,0,0,0,0,0,5,1,54,245,0,0,1,2,0,2,25,0,180
2008,4,CHI,REG,2008_04_PHI_CHI,PHI,18,34,199,3,2,4,-21,1,1,241,84,8,-12.9053817445235,-4.56237783655524,0,6,6,4,0,26,78,0,1,1,4,-8.62253492692253,0,4,3,0,0,18,0,199,3,0,0,241,84,8,18.4614131750423,0,6,6,4,0,0,49,5,7,0,0,0,3,25,7,1,49,7,0,0,0,0,0,0,0,0,0,0,-6,1,0,0,1,5,5,1,1,0,2,2,4,1,5,138,1,1,0,0,41,1,0,0,0,1,0,0,0,0,0,0,0,0,41,,,41,0,0,3,3,0,0,1,0,0,0,0,0,8,0,67,354,4,1,1,0,2,4,37,0,317
2008,4,CIN,REG,2008_04_CLE_CIN,CLE,21,35,156,1,3,3,-14,1,1,287,69,9,-7.32873659612749,-2.47624576091766,0,6,1,1,0,16,69,0,1,1,3,-7.12106070946902,0,4,3,0,0,21,0,156,1,0,0,287,69,9,9.26537046168565,0,6,1,1,0,0,52,0,18,0,0,1,1,11,4,1,12,5,0,0,0,0,0,0,0,0,0,0,0,1,0,0,6,55,6,2,0,0,2,2,1,9,4,122,2,2,0,0,45,1,0,0,0,2,0,0,0,0,0,0,0,0,42;45,,,87,0,0,0,0,0,0,,0,0,0,0,0,4,0,49,173,1,0,1,1,0,2,10,0,143
2008,4,CLE,REG,2008_04_CLE_CIN,CIN,15,24,138,1,1,1,-11,0,0,200,68,9,-0.134476694685873,5.90529466668765,0,5,3,1,0,40,134,1,1,0,7,-2.05926815107548,0,4,2,0,0,15,0,138,1,0,0,200,68,9,11.8294179789955,0,5,3,1,0,0,40,0,12,0,0,2,3,14,4,3,39,5,0,1,0,0,0,0,0,0,0,1,0,2,0,0,9,52,5,1,1,0,2,1,2,10,3,58,2,2,0,0,29,1,0,2,0,0,0,0,0,0,0,0,0,0,25;29,,,54,0,0,2,2,0,0,1,0,0,0,0,0,4,0,58,172,1,0,2,1,0,1,9,0,143
2008,4,DAL,REG,2008_04_WAS_DAL,WAS,28,47,300,3,1,0,0,0,0,439,97,16,4.83763405601901,-3.25459831434747,0,14,7,5,0,11,44,0,0,0,4,-1.15221461723559,0,1,1,0,0,28,0,300,3,1,0,439,97,16,20.7970341656747,0,14,7,5,0,0,44,0,30,0,0,0,2,11,7,0,0,3,0,0,0,0,0,0,0,0,0,0,0,0,0,0,3,15,5,1,0,1,1,0,3,14,6,87,1,1,0,0,36,1,0,0,1,0,0,0,0,0,0,0,0,0,36,,,36,0,0,3,3,0,0,1,0,0,0,0,0,6,0,59,295,1,1,0,1,0,4,41,0,234
2008,4,DEN,REG,2008_04_DEN_KC,KC,29,49,361,1,2,1,-9,0,0,477,141,17,5.11717935151264,0.368405295454938,0,13,8,7,1,22,94,0,2,1,5,-9.13945486227749,0,3,2,0,0,29,0,361,1,1,1,477,141,17,22.4467146140268,0,13,8,7,1,0,48,11,11,0,0,1,1,3,1,0,0,0,0,0,0,0,0,0,0,0,0,0,-6,1,0,0,3,22,5,2,1,1,3,2,1,36,8,180,4,5,1,0,56,0.8,0,1,1,0,2,0,0,1,0,0,0,0,56;51;22;33,28,,162,28,0,1,1,0,0,1,0,0,0,0,0,2,0,51,77,0,1,0,0,0,1,1,0,76
2008,4,GB,REG,2008_04_GB_TB,TB,16,32,171,2,3,3,-18,0,0,210,78,6,-9.32751597830793,-11.4770495122479,0,5,4,3,1,18,28,0,1,1,2,-13.9198775641853,0,0,0,0,0,16,0,171,2,0,0,210,78,6,13.6857084454678,0,5,4,3,1,0,44,12,18,0,0,0,0,0,6,3,107,8,1,0,0,0,0,0,0,0,0,0,0,0,0,0,7,74,4,1,0,0,1,1,2,21,6,100,0,0,0,0,,,0,0,0,0,0,0,0,0,0,0,0,0,,,,0,0,0,3,3,0,0,1,0,0,0,0,0,5,0,47,190,0,1,1,1,1,1,19,0,151
2008,4,HOU,REG,2008_04_HOU_JAX,JAX,29,40,307,3,0,0,0,0,0,285,141,18,24.8066388027861,15.4190378817352,0,13,6,4,0,23,79,0,2,0,4,-3.10209864526692,0,3,2,0,0,29,0,307,3,0,0,285,141,18,29.5363652339789,0,13,6,4,0,0,49,0,2,0,0,0,1,0,8,0,0,1,0,0,0,0,0,0,0,0,0,2,0,0,0,0,2,15,5,2,0,0,2,0,2,23,5,73,2,2,0,0,47,1,0,1,0,1,0,0,0,0,0,0,0,0,27;47,,,74,0,0,3,3,0,0,1,0,0,0,0,0,2,0,46,87,0,0,0,0,0,2,43,0,44
2008,4,JAX,REG,2008_04_HOU_JAX,HOU,23,32,236,1,0,1,0,0,0,219,93,14,8.44770188007919,11.2408290617168,0,12,4,2,0,25,139,2,0,0,7,7.21533486115354,0,3,3,1,1,23,0,236,1,0,0,219,93,14,16.9003386112163,0,12,4,2,0,0,54,0,4,0,0,2,0,0,4,0,0,4,0,0,0,0,0,0,0,0,0,0,0,0,0,0,2,27,0,0,0,0,0,0,2,43,6,130,3,3,0,0,46,1,0,0,1,2,0,0,0,0,0,0,0,0,46;40;37,,,123,0,0,3,3,0,0,1,1,1,0,0,37,2,0,56,93,1,0,0,0,0,2,23,0,70
2008,4,KC,REG,2008_04_DEN_KC,DEN,21,28,160,1,0,1,-3,0,0,196,83,9,3.04435576769344,12.8667017178876,0,8,4,1,0,33,213,2,1,1,8,1.05147543973731,0,4,4,2,1,21,0,160,1,0,0,196,83,9,9.08852843454394,0,8,4,1,0,0,50,7,9,0,0,2,1,9,2,2,39,8,0,0,0,0,0,0,0,0,0,0,0,2,54,0,5,45,4,1,0,0,1,1,1,1,5,136,4,5,1,0,43,0.8,0,2,1,1,0,0,0,0,0,1,0,0,23;21;43;33,48,,120,48,0,3,3,0,0,1,0,0,0,0,0,3,0,54,133,2,1,0,0,1,1,36,0,97
2008,4,LA,REG,2008_04_BUF_STL,BUF,17,33,236,0,1,2,-23,0,0,332,112,7,-13.7799072762136,-6.80841686147632,0,8,5,3,1,29,167,2,0,0,9,0.364019260960986,0,4,3,3,0,17,0,236,0,1,1,332,112,7,10.0566690652631,0,8,5,3,1,0,50,4,6,0,0,1,4,31,7,1,19,5,0,0,0,0,0,0,0,0,0,0,0,0,0,0,5,50,5,1,0,0,1,1,1,8,6,144,0,1,1,0,,0,0,0,0,0,0,0,0,0,0,0,1,0,,51,,0,51,0,2,2,0,0,1,0,0,0,0,0,5,0,60,281,2,0,0,0,0,5,78,0,203
2008,4,LAC,REG,2008_04_SD_OAK,LV,14,25,180,1,2,4,-26,0,0,290,37,9,-5.83185047299213,-3.61744427680969,1,9,5,3,0,30,141,2,1,0,6,4.65446523699681,0,3,2,1,1,14,0,180,1,1,0,290,33,9,13.9567860387471,1,9,5,3,0,0,49,2,20,0,0,1,6,26,7,1,4,6,0,0,0,0,0,0,0,0,26,2,-5,1,0,0,3,15,2,1,1,0,2,0,3,18,5,160,2,4,1,1,47,0.5,0,1,0,1,0,0,0,0,0,1,0,0,28;47,47,44,75,47,44,2,2,0,0,1,0,0,0,0,0,4,0,65,222,0,0,0,1,0,3,33,0,169
2008,4,LV,REG,2008_04_SD_OAK,LAC,22,37,277,1,1,6,-26,1,1,333,154,11,-15.4318187738977,-1.79732143878937,0,10,5,3,1,23,72,0,0,0,1,-5.3622083607479,0,1,1,0,0,22,0,277,1,0,0,333,154,11,13.123878527491,0,10,5,3,1,0,49,6,8,0,0,1,4,26,4,2,33,5,0,0,1,0,0,1,0,0,0,0,0,0,0,0,8,64,6,1,0,0,1,1,3,33,6,129,3,4,1,0,32,0.75,0,2,1,0,0,0,0,0,0,0,0,1,22;28;32,76,,82,76,0,1,1,0,0,1,0,0,0,0,0,6,0,70,302,2,1,2,0,0,3,18,0,284
2008,4,MIN,REG,2008_04_MIN_TEN,TEN,26,44,274,0,1,4,-21,0,0,401,60,13,3.28366052263854,-0.965456596829674,0,10,4,3,0,20,80,2,2,2,4,-9.07792837056331,0,2,2,2,0,26,0,274,0,2,1,401,60,13,17.9959693644694,0,10,4,3,0,0,34,21,25,0,0,1,0,0,3,0,0,5,0,0,0,0,0,0,0,0,0,1,-1,1,0,0,7,50,6,3,1,0,4,3,3,19,5,133,1,2,1,0,42,0.5,0,0,0,1,0,0,0,0,0,1,0,0,42,48,,42,48,0,2,2,0,0,1,0,0,0,0,0,6,0,57,324,0,0,0,1,1,4,55,0,249
2008,4,NO,REG,2008_04_SF_NO,SF,23,35,363,3,1,0,0,0,0,282,109,12,12.0784557770821,10.0007006616303,0,11,8,5,3,32,104,1,0,0,6,-0.665701995775722,0,2,0,0,0,23,0,363,3,1,1,282,109,12,26.9415036363644,0,11,8,5,3,0,41,8,8,0,0,1,6,36,7,2,38,7,0,0,0,0,0,0,0,0,0,0,0,1,0,0,13,123,5,1,0,0,1,1,0,0,4,104,1,1,0,0,31,1,0,0,1,0,0,0,0,0,0,0,0,0,31,,,31,0,0,4,4,0,0,1,0,0,0,0,0,3,0,40,92,1,2,0,0,1,0,0,0,92
2008,4,NYJ,REG,2008_04_ARI_NYJ,ARI,24,34,289,6,1,2,-5,0,0,287,114,14,16.3109565900761,11.3281729466775,0,10,7,4,1,26,89,0,0,0,6,1.85600863113371,1,2,2,0,0,24,0,289,6,0,0,287,114,14,32.8833195490588,0,10,7,4,1,0,43,20,20,0,0,5,5,46,6,3,38,5,1,0,0,0,0,1,0,0,0,0,0,4,14,0,4,61,5,0,0,0,0,0,1,9,3,39,2,3,1,0,30,0.666666666666667,0,1,1,0,0,0,0,0,0,1,0,0,20;30,44,,50,44,0,6,6,0,0,1,0,0,0,0,0,2,0,51,96,0,0,0,0,0,2,10,0,86
2008,4,PHI,REG,2008_04_PHI_CHI,CHI,25,41,262,1,1,3,-25,0,0,382,79,13,-2.67829954124294,2.82069273838183,0,10,7,3,0,23,103,1,0,0,5,-5.333581115387,0,4,4,2,0,25,0,262,1,0,0,382,79,13,18.9166111168284,0,10,7,3,0,0,51,3,3,0,0,1,4,21,7,2,8,6,0,1,0,0,0,0,0,0,0,0,0,2,6,0,3,25,4,0,1,0,1,1,4,37,4,99,2,4,2,0,31,0.5,0,1,1,0,0,0,0,0,0,1,1,0,24;31,50;47,,55,97,0,2,2,0,0,1,0,0,0,0,0,6,0,65,266,1,1,1,0,0,4,1,0,265
2008,4,PIT,REG,2008_04_BAL_PIT,BAL,14,24,191,1,1,3,-23,1,0,188,93,7,-2.52878797654216,0.817382335662842,0,6,4,3,1,28,69,0,0,0,2,-8.96391322707642,0,1,1,0,0,14,0,191,1,1,0,188,93,7,13.5869195897133,0,6,4,3,1,0,32,16,40,0,0,2,5,52,6,0,0,6,0,0,0,0,0,0,0,0,0,1,0,1,7,1,5,29,3,2,0,1,2,0,6,28,3,56,3,3,0,0,49,1,1,0,0,2,0,0,0,0,0,0,0,0,49;19;46,,,114,0,0,2,2,0,0,1,1,1,0,0,46,7,0,44,281,2,0,2,0,1,4,7,0,274
2008,4,SF,REG,2008_04_SF_NO,NO,18,36,257,1,2,6,-36,1,1,302,112,12,-8.70284537764289,-8.66830156129949,1,11,7,6,0,19,91,0,0,0,4,2.41598419978982,0,2,0,0,0,18,0,257,1,0,0,302,112,12,24.5103579728021,1,11,7,6,0,0,49,8,8,0,0,1,0,0,4,1,0,5,0,0,0,0,0,0,0,0,0,0,0,1,0,0,9,63,4,1,0,0,1,1,0,0,6,170,3,3,0,0,49,1,0,0,1,2,0,0,0,0,0,0,0,0,47;49;38,,,134,0,0,0,0,0,0,,0,0,0,0,0,3,0,43,123,2,0,1,0,2,0,0,0,123
2008,4,TB,REG,2008_04_GB_TB,GB,15,30,149,1,3,0,0,0,0,193,69,7,-21.8616088104503,-11.8668784697851,0,7,3,0,0,41,178,1,0,0,9,1.47969563282575,0,3,2,1,1,15,0,149,1,0,0,193,69,7,8.38125679409131,0,7,3,0,0,0,38,7,7,0,0,1,3,18,6,3,14,4,0,0,0,0,0,0,0,0,0,0,0,1,38,1,8,70,3,0,0,0,0,0,1,19,4,115,3,3,0,0,36,1,0,2,1,0,0,0,0,0,0,0,0,0,23;36;24,,,83,0,0,3,3,0,0,1,0,0,0,0,0,4,0,64,198,0,0,0,2,0,2,21,0,137
2008,4,TEN,REG,2008_04_MIN_TEN,MIN,18,35,199,0,0,0,0,0,0,316,58,11,-0.387143817852732,-6.48713089963969,0,9,5,2,0,34,76,3,1,0,5,-2.41600011583068,0,0,0,0,0,18,0,199,0,0,0,316,58,11,16.3667969663511,0,9,5,2,0,0,41,14,16,0,0,3,4,21,9,1,11,6,0,1,0,0,0,0,0,0,0,1,-3,3,8,0,4,18,4,1,2,1,3,1,4,55,4,120,3,3,0,0,49,1,0,1,1,1,0,0,0,0,0,0,0,0,20;32;49,,,101,0,0,3,3,0,0,1,0,0,0,0,0,6,0,50,261,3,0,1,0,2,3,19,0,242
2008,4,WAS,REG,2008_04_WAS_DAL,DAL,20,31,231,2,0,2,-11,0,0,168,95,14,9.80051190819948,6.25208015243212,0,8,4,2,1,37,161,0,0,0,7,0.318339337180781,0,4,3,1,0,20,0,231,2,0,0,168,95,14,22.280779343273,0,8,4,2,1,0,40,0,6,0,0,1,0,0,2,1,3,5,0,0,0,0,0,0,0,0,0,0,0,0,0,0,5,30,3,0,0,0,0,0,4,41,3,71,4,4,0,0,33,1,0,2,2,0,0,0,0,0,0,0,0,0,20;33;33;29,,,115,0,0,2,2,0,0,1,0,0,0,0,0,4,0,60,185,2,0,0,0,1,3,14,0,171
2008,5,ARI,REG,2008_05_BUF_ARI,BUF,33,42,250,2,0,0,0,0,0,203,116,17,14.2835717916367,14.2899709503825,0,11,2,0,0,34,123,3,0,0,9,-0.934767449395061,0,5,4,0,0,33,0,250,2,0,0,203,116,17,20.2266994066066,0,11,2,0,0,0,33,12,14,0,0,2,5,35,10,1,1,3,0,0,0,0,0,0,0,0,0,0,0,3,13,0,4,20,5,0,0,0,0,0,0,0,3,68,2,2,0,0,47,1,0,0,1,1,0,0,0,0,0,0,0,0,47;38,,,85,0,0,5,5,0,0,1,0,0,0,0,0,2,0,51,90,0,0,0,0,0,2,34,0,56
2008,5,ATL,REG,2008_05_ATL_GB,GB,16,26,194,2,1,0,0,0,0,254,48,9,6.82214849611175,6.75624950478474,0,7,5,4,0,36,176,1,0,0,10,3.83937317965319,0,5,5,1,0,16,0,194,2,0,0,254,48,9,18.4151502031928,0,7,5,4,0,0,43,9,9,0,0,0,2,9,6,1,16,4,0,1,0,0,0,0,0,0,0,1,0,0,0,0,2,15,4,0,1,0,1,0,2,3,3,85,2,2,0,0,42,1,0,0,0,2,0,0,0,0,0,0,0,0,42;41,,,83,0,0,3,3,0,0,1,0,0,0,0,0,3,0,53,125,3,0,2,0,1,0,0,0,125
2008,5,BAL,REG,2008_05_TEN_BAL,TEN,18,27,153,0,2,0,0,0,0,176,47,9,-2.06486993707863,0.70533432342388,0,5,3,1,0,38,132,1,0,0,10,-1.64174330036622,0,2,2,0,0,18,0,153,0,0,0,176,47,9,7.8897028574429,0,5,3,1,0,0,32,9,9,0,0,0,0,0,2,2,-4,11,0,0,0,0,0,0,0,0,0,0,0,0,0,0,11,91,6,0,0,0,0,0,1,7,1,25,1,2,1,0,38,0.5,0,0,1,0,0,0,0,0,0,1,0,0,38,45,,38,45,0,1,1,0,0,1,0,0,0,0,0,4,0,48,156,2,0,0,1,2,1,33,0,103
2008,5,BUF,REG,2008_05_BUF_ARI,ARI,18,24,238,1,1,5,-35,1,1,229,110,9,-0.342516069824342,14.5341835916042,0,8,4,2,1,17,84,1,1,1,4,-3.28819450958274,0,3,2,2,0,18,0,238,1,1,1,229,110,9,12.3580947821029,0,8,4,2,1,0,54,14,14,0,0,0,0,0,4,0,0,4,0,0,0,0,0,0,0,0,0,0,-7,0,0,0,6,36,3,2,1,0,3,3,2,34,7,146,1,1,0,0,48,1,0,0,0,1,0,0,0,0,0,0,0,0,48,,,48,0,0,2,2,0,0,1,0,0,0,0,0,2,0,55,93,0,1,0,1,0,0,0,0,73
2008,5,CAR,REG,2008_05_KC_CAR,KC,14,22,236,2,1,0,0,0,0,187,121,11,13.4311390800867,2.78180539608002,0,10,4,3,1,48,205,2,1,1,9,-7.59212318334403,0,6,4,3,0,14,0,236,2,0,0,187,121,11,22.9427528711967,0,10,4,3,1,0,38,0,6,0,0,2,3,31,1,2,51,9,0,0,0,0,0,0,0,0,0,0,0,1,0,0,8,56,3,1,0,0,1,1,5,68,1,19,2,2,0,0,43,1,0,0,1,1,0,0,0,0,0,0,0,0,32;43,,,75,0,0,4,4,0,0,1,0,0,0,0,0,3,0,51,136,2,0,0,0,1,2,-2,0,138
2008,5,CHI,REG,2008_05_CHI_DET,DET,24,34,334,2,0,1,-6,0,0,338,146,14,17.6246209395595,9.92139183423098,0,11,7,6,1,34,97,1,0,0,7,-8.28681586262525,0,4,1,0,0,24,0,334,2,0,0,338,146,14,29.5628036828712,0,11,7,6,1,0,37,2,12,0,0,1,4,40,4,1,26,7,1,1,0,0,0,0,0,0,0,0,0,1,0,0,6,45,3,1,0,0,1,1,4,24,2,38,2,2,0,0,45,1,0,0,1,1,0,0,0,0,0,0,0,0,37;45,,,82,0,0,4,4,0,0,1,0,0,0,0,0,5,0,37,165,4,3,0,1,1,0,0,0,145
2008,5,CIN,REG,2008_05_CIN_DAL,DAL,23,39,217,2,1,2,-9,0,0,260,82,13,1.06274426817519,-0.95514110156468,0,9,4,1,0,23,61,0,1,1,4,-8.42863373865839,0,2,0,0,0,23,0,217,2,0,0,260,82,13,18.9862723607658,0,9,4,1,0,0,49,0,10,0,0,2,1,1,5,1,39,2,0,0,0,0,0,0,0,0,0,0,0,1,0,0,7,44,3,1,0,0,1,1,1,8,6,177,3,3,0,0,41,1,0,0,1,2,0,0,0,0,0,0,0,0,41;31;40,,,112,0,0,1,1,0,0,1,0,0,0,0,0,4,0,57,185,0,0,1,1,0,2,15,0,150
2008,5,DAL,REG,2008_05_CIN_DAL,CIN,14,23,176,3,1,1,-1,0,0,159,100,8,5.02016300578643,1.07295383577761,0,6,2,2,1,38,198,1,2,1,8,1.84298655268503,0,4,4,1,0,14,0,176,3,0,0,159,100,8,18.5558071229025,0,6,2,2,1,0,46,1,13,0,0,1,2,9,2,1,11,6,0,0,0,0,0,0,0,0,0,1,0,1,0,0,6,52,1,2,0,0,2,1,2,15,3,67,1,1,0,0,30,1,0,0,1,0,0,0,0,0,0,0,0,0,30,,,30,0,0,4,4,0,0,1,0,0,0,0,0,3,0,66,166,1,0,1,1,0,1,8,0,138
2008,5,DEN,REG,2008_05_TB_DEN,TB,23,34,227,1,0,0,0,0,0,217,139,13,4.44539481036119,0.131146083859836,0,12,2,1,0,26,106,0,0,0,4,-0.351953145698644,0,2,2,0,0,23,0,227,1,0,0,217,139,13,15.2748315398186,0,12,2,1,0,0,43,9,15,0,0,0,3,13,6,1,11,4,0,1,0,0,0,0,0,0,0,0,0,0,0,0,6,55,2,1,0,0,1,1,5,40,3,47,3,3,0,0,55,1,0,1,0,1,1,0,0,0,0,0,0,0,55;40;27,,,122,0,0,1,1,0,0,1,0,0,0,0,0,5,0,63,248,2,1,0,0,0,4,19,0,229
2008,5,DET,REG,2008_05_CHI_DET,CHI,21,39,171,0,1,4,-40,1,1,314,90,7,-29.9369829945499,-11.8344752412093,0,7,2,2,0,13,54,1,0,0,3,-0.991796796384733,0,2,2,0,0,21,0,171,0,0,0,314,90,7,3.60334870259976,0,7,2,2,0,0,47,3,29,0,0,1,1,6,3,0,0,3,0,0,0,0,0,0,0,0,0,0,0,1,0,0,6,41,1,1,0,0,1,1,0,0,6,110,0,0,0,0,,,0,0,0,0,0,0,0,0,0,0,0,0,,,,0,0,0,1,1,0,0,1,0,0,0,0,0,8,0,51,366,2,0,0,1,3,4,24,0,322
2008,5,GB,REG,2008_05_ATL_GB,ATL,25,37,313,3,1,2,-9,0,0,285,101,14,10.6625206847101,9.64846330530503,0,11,6,5,1,23,104,0,0,0,6,1.21331313744304,0,3,3,0,0,25,0,313,3,0,0,285,101,14,24.3594459649474,0,11,6,5,1,0,41,10,14,0,0,0,0,0,1,1,0,2,0,0,0,0,0,0,0,0,0,0,0,0,0,0,9,97,4,0,0,0,0,0,0,0,5,110,1,2,1,0,50,0.5,0,0,0,0,1,0,0,0,0,0,1,0,50,53,,50,53,0,3,3,0,0,1,0,0,0,0,0,3,0,44,123,1,0,0,0,1,2,3,0,120
2008,5,HOU,REG,2008_05_IND_HOU,IND,21,33,246,1,1,2,-11,2,1,234,102,12,2.07276981128246,-1.17393592372537,0,8,5,3,0,32,156,2,1,1,9,-2.85658337259039,0,1,1,1,1,21,0,246,1,0,0,234,102,12,15.7541207013056,0,8,5,3,0,0,32,19,19,0,0,0,2,12,4,1,0,5,0,0,0,0,0,0,0,0,0,1,0,0,0,0,1,5,6,3,0,0,3,2,0,0,4,107,2,2,0,0,43,1,0,0,1,1,0,0,0,0,0,0,0,0,37;43,,,80,0,0,3,3,0,0,1,0,0,0,0,0,2,0,44,87,0,0,0,1,0,1,6,0,61
2008,5,IND,REG,2008_05_IND_HOU,HOU,25,34,247,2,1,2,-12,0,0,328,74,12,8.65018483286332,12.0625248461059,0,9,6,5,0,22,79,1,0,0,6,2.88745589755544,0,3,2,0,0,25,0,247,2,0,0,328,74,12,17.6717133494385,0,9,6,5,0,0,35,24,24,0,0,3,2,11,1,1,3,4,0,0,0,0,0,0,0,0,0,0,0,2,68,1,6,31,4,0,0,0,0,0,1,6,5,115,1,2,1,0,46,0.5,0,0,0,1,0,0,0,0,0,1,0,0,46,49,,46,49,0,4,4,0,0,1,0,0,0,0,0,3,0,57,150,1,0,1,1,1,0,0,0,130
2008,5,JAX,REG,2008_05_PIT_JAX,PIT,18,32,200,1,0,3,-25,1,0,235,71,9,6.94141170184594,-3.57393198646605,0,10,5,2,0,19,38,1,0,0,2,-7.16705585399177,0,0,0,0,0,18,0,200,1,0,0,235,71,9,18.9174728852231,0,10,5,2,0,0,55,1,3,0,0,0,3,23,7,1,72,4,1,0,0,0,0,0,0,0,0,1,0,0,0,0,8,89,3,1,0,0,1,0,2,0,5,113,0,0,0,0,,,0,0,0,0,0,0,0,0,0,0,0,0,,,,0,0,0,3,3,0,0,1,0,0,0,0,0,5,0,55,233,1,0,0,1,1,3,15,0,198
2008,5,KC,REG,2008_05_KC_CAR,CAR,15,31,123,0,2,3,-31,2,1,238,30,5,-25.9607539826538,-13.8582696688586,0,5,2,1,0,17,35,0,0,0,2,-5.10969367506914,0,0,0,0,0,15,0,123,0,0,0,238,30,5,5.60466685070423,0,5,2,1,0,0,58,5,11,0,0,1,0,0,0,1,0,3,0,0,0,0,0,0,0,0,0,1,0,1,7,0,4,35,2,2,0,0,2,1,2,-2,5,130,0,0,0,0,,,0,0,0,0,0,0,0,0,0,0,0,0,,,,0,0,0,0,0,0,0,,0,0,0,0,0,7,0,57,343,1,0,0,0,2,5,68,0,275
2008,5,LAC,REG,2008_05_SD_MIA,MIA,13,28,159,1,0,2,-17,0,0,250,56,7,0.522034707025716,-16.4753104959215,0,7,4,2,1,19,60,0,0,0,3,-6.16893075479311,0,2,0,0,0,13,0,159,1,0,0,250,56,7,14.1578058468003,0,7,4,2,1,0,59,3,7,0,0,0,1,5,2,0,0,1,0,0,0,0,0,0,0,0,0,0,0,1,0,0,4,46,5,0,0,0,0,0,2,34,4,80,1,1,0,0,34,1,0,0,1,0,0,0,0,0,0,0,0,0,34,,,34,0,0,1,1,0,0,1,0,0,0,0,0,6,0,67,335,3,1,0,0,1,4,32,0,303
2008,5,MIA,REG,2008_05_SD_MIA,LAC,22,29,228,1,0,1,-5,0,0,228,67,11,6.81854436349106,12.1968057648889,0,11,5,3,0,40,167,1,0,0,11,1.96864404078224,0,5,2,0,0,22,0,228,1,0,0,228,67,11,14.0335435196998,0,11,5,3,0,0,34,4,8,0,0,0,2,17,4,0,0,3,0,1,0,0,0,0,0,0,0,1,0,0,0,0,1,5,3,0,2,0,2,1,4,32,3,49,1,2,1,0,47,0.5,0,0,0,1,0,0,0,0,0,1,0,0,47,42,,47,42,0,2,2,0,0,1,0,0,0,0,0,4,0,59,187,1,0,0,1,1,2,34,0,133
2008,5,MIN,REG,2008_05_MIN_NO,NO,20,37,226,2,0,1,0,1,0,389,59,12,4.97865394492406,-3.71032808389929,0,8,3,2,0,26,44,0,0,0,2,-8.59539306266789,0,0,0,0,0,20,0,226,2,0,0,389,59,12,19.5867579217302,0,8,3,2,0,1,55,2,2,0,0,3,1,10,3,2,1,9,0,0,0,0,0,1,0,0,59,1,2,2,16,0,7,60,6,1,0,0,1,0,0,0,5,117,3,3,0,0,53,1,0,0,2,0,1,0,0,0,0,0,0,0,53;33;30,,,116,0,0,3,3,0,0,1,0,0,0,0,0,7,0,52,303,3,0,0,1,1,5,176,2,107
2008,5,NE,REG,2008_05_NE_SF,SF,22,32,259,1,2,5,-26,0,0,217,150,13,5.0798570286133,8.6760761482375,0,10,3,2,1,43,144,2,1,0,10,0.968300152220763,0,3,1,0,0,22,1,259,1,0,0,217,150,13,22.3277009785412,0,10,3,2,1,0,32,0,8,0,0,0,1,8,1,3,0,5,0,0,0,0,0,0,0,0,0,1,0,0,0,0,4,56,3,0,1,0,1,0,2,19,4,102,3,3,0,0,49,1,0,0,1,2,0,0,0,0,0,0,0,0,35;40;49,,,124,0,0,3,3,0,0,1,0,0,0,0,0,4,0,50,142,1,1,0,1,1,1,13,0,109
2008,5,NO,REG,2008_05_MIN_NO,MIN,26,46,330,1,2,1,-10,1,1,353,133,14,3.61112133374006,-8.76215974489848,0,13,7,6,2,22,55,0,3,1,3,-12.774686830584,0,1,0,0,0,26,0,330,1,1,0,353,133,14,26.787647263729,0,13,7,6,2,2,45,9,9,0,0,1,1,0,6,0,0,3,0,0,0,0,0,0,0,0,0,3,-17,0,0,0,11,102,5,3,2,0,5,2,5,176,7,178,2,4,1,1,53,0.5,0,0,1,0,1,0,0,0,0,1,0,0,35;53,46,46,88,46,46,3,3,0,0,1,0,0,0,0,0,2,0,45,86,0,0,0,0,2,0,0,0,86
2008,5,NYG,REG,2008_05_SEA_NYG,SEA,20,26,272,3,0,1,-3,1,0,313,49,11,15.7602156247391,19.3630885619384,0,8,7,5,1,36,254,2,0,0,14,11.1977658446995,0,7,5,4,1,20,0,272,3,0,0,313,49,11,21.3276368400228,0,8,7,5,1,0,29,16,16,0,0,0,2,12,4,1,44,5,0,0,0,0,0,0,0,0,0,1,0,0,0,0,5,56,1,1,0,0,1,0,4,41,2,24,3,3,0,0,35,1,0,1,2,0,0,0,0,0,0,0,0,0,29;33;35,,,97,0,0,5,5,0,0,1,0,0,0,0,0,2,0,56,96,0,1,0,1,0,0,0,0,76
2008,5,PHI,REG,2008_05_WAS_PHI,WAS,17,29,196,0,0,0,0,0,0,186,130,10,2.90076512490309,-6.92266955457885,0,7,4,3,1,18,58,1,0,0,3,-2.49378924025449,0,0,0,0,0,17,0,196,0,0,0,186,130,10,12.937584223575,0,7,4,3,1,1,53,3,11,0,0,0,1,9,3,0,0,5,0,0,0,0,0,0,0,0,0,0,0,0,0,0,4,33,4,0,0,0,0,0,1,68,5,97,1,2,1,0,23,0.5,0,1,0,0,0,0,0,0,0,0,1,0,23,50,,23,50,0,2,2,0,0,1,0,0,0,0,0,5,0,56,252,2,0,1,0,1,3,38,0,214
2008,5,PIT,REG,2008_05_PIT_JAX,JAX,26,41,309,3,1,3,-23,0,0,364,115,18,10.6143572442159,6.05330111050024,0,16,7,1,1,26,129,0,0,0,6,-2.24888926261337,0,5,4,1,0,26,0,309,3,0,0,364,115,18,28.9040017379886,0,16,7,1,1,0,38,2,8,0,0,1,3,25,5,0,0,5,0,0,0,0,0,0,0,0,0,0,0,0,0,0,10,129,4,0,0,0,0,0,3,15,4,86,2,2,0,0,38,1,0,1,1,0,0,0,0,0,0,0,0,0,38;23,,,61,0,0,2,2,0,0,1,0,0,0,0,0,4,0,61,198,1,0,0,1,1,2,0,0,178
2008,5,SEA,REG,2008_05_SEA_NYG,NYG,14,27,125,0,1,2,-12,0,0,237,52,7,-9.87783817018592,-8.55921065365827,0,7,3,1,0,22,74,0,0,0,2,-4.37493924435694,0,0,0,0,0,14,0,125,0,0,0,237,52,7,7.31371436693007,0,7,3,1,0,0,35,22,22,0,0,1,1,3,1,0,0,3,0,0,0,0,0,0,0,0,0,0,0,0,0,0,2,29,3,0,0,0,0,0,0,0,8,163,2,2,0,0,30,1,0,1,1,0,0,0,0,0,0,0,0,0,30;29,,,59,0,0,0,0,0,0,,0,0,0,0,0,8,0,63,369,1,1,0,2,1,4,41,0,288
2008,5,SF,REG,2008_05_NE_SF,NE,14,29,130,3,3,1,-8,0,0,248,60,7,-10.4512221562909,0.554451735123344,0,5,3,1,0,18,77,0,0,0,3,0.892880566476379,0,1,1,0,0,14,0,130,3,0,0,248,60,7,8.94249702023808,0,5,3,1,0,0,48,0,44,0,0,0,5,26,7,2,13,5,0,0,0,0,0,0,0,0,0,0,0,0,0,0,6,37,4,0,0,0,0,0,1,13,4,83,0,0,0,0,,,0,0,0,0,0,0,0,0,0,0,0,0,,,,0,0,0,3,3,0,0,1,0,0,0,0,0,5,0,82,270,0,0,1,1,1,2,19,0,231
2008,5,TB,REG,2008_05_TB_DEN,DEN,26,36,181,1,1,3,-13,0,0,213,68,11,1.04765928345937,10.6991259490742,0,7,1,0,0,22,139,0,0,0,6,1.21748048674931,0,5,5,1,0,26,0,181,1,0,0,213,68,11,10.0035103989786,0,7,1,0,0,0,50,2,6,0,0,1,0,0,0,0,0,4,0,0,0,0,0,0,0,0,0,0,0,1,0,0,5,30,6,0,0,0,0,0,4,19,1,16,2,2,0,0,33,1,0,0,2,0,0,0,0,0,0,0,0,0,33;31,,,64,0,0,1,1,0,0,1,0,0,0,0,0,7,0,64,349,3,0,2,0,0,5,40,0,309
2008,5,TEN,REG,2008_05_TEN_BAL,BAL,17,32,163,1,2,0,0,0,0,347,91,11,0.950876709940892,-4.12887751028456,0,9,1,1,0,22,47,0,0,0,1,-8.61932668217924,0,2,1,0,0,17,0,163,1,0,0,347,91,11,15.6655053875875,0,9,1,1,0,0,41,18,18,0,0,0,0,0,1,2,6,3,0,0,0,0,0,0,0,0,0,0,0,0,0,0,10,78,1,0,0,0,0,0,1,33,2,77,2,2,0,0,35,1,0,1,1,0,0,0,0,0,0,0,0,0,35;26,,,61,0,0,1,1,0,0,1,0,0,0,0,0,4,0,47,156,1,0,0,1,2,1,7,0,129
2008,5,WAS,REG,2008_05_WAS_PHI,PHI,17,30,194,1,0,1,-9,0,0,139,119,11,7.55222293502929,-9.18450991312663,0,9,6,1,0,44,203,1,0,0,10,1.56002361759926,0,4,4,2,0,17,1,194,1,0,0,139,119,11,15.9683337089779,0,9,6,1,0,0,34,2,6,0,0,0,0,0,0,0,0,5,0,0,0,0,0,0,0,0,0,0,0,0,0,0,3,24,5,0,0,0,0,0,3,38,2,51,3,3,0,0,50,1,0,0,0,2,1,0,0,0,0,0,0,0,41;48;50,,,139,0,0,2,2,0,0,1,0,0,0,0,0,4,0,49,138,1,0,1,0,2,1,68,1,70
2008,6,ARI,REG,2008_06_DAL_ARI,DAL,22,30,236,2,1,1,-10,0,0,185,111,11,6.56184509450391,13.9163356026014,0,11,7,3,0,19,50,0,1,1,3,-7.32086748233996,0,0,0,0,0,22,0,236,2,0,0,185,111,11,16.4640849751886,0,11,7,3,0,2,50,8,8,0,0,3,3,20,8,0,0,3,0,0,0,1,0,0,0,0,3,0,-1,1,0,0,12,70,3,0,2,0,2,2,5,48,3,101,1,1,0,0,41,1,0,0,0,1,0,0,0,0,0,0,0,0,41,,,41,0,0,3,3,0,0,1,0,0,0,0,0,5,0,56,215,1,1,0,0,1,3,19,0,196
2008,6,ATL,REG,2008_06_CHI_ATL,CHI,22,30,301,1,0,0,0,0,0,321,41,14,19.1284791924466,11.198915541172,0,13,5,4,1,30,75,0,1,1,4,-8.62886982086625,0,4,3,2,0,22,0,301,1,0,0,321,41,14,26.1883444693199,0,13,5,4,1,0,43,10,10,0,0,0,1,4,1,0,0,5,0,0,0,0,0,0,0,0,0,0,0,1,0,0,6,46,1,1,0,0,1,1,1,6,5,188,5,6,1,0,48,0.833333333333333,0,1,1,3,0,0,0,0,1,0,0,0,29;48;32;41;48,33,,198,33,0,1,1,0,0,1,1,1,0,0,48,2,0,45,82,0,0,0,1,1,0,0,0,62
2008,6,BAL,REG,2008_06_BAL_IND,IND,28,38,241,0,3,4,-32,1,0,191,152,11,-12.3480040874006,4.44005921080306,0,8,3,1,1,19,51,0,1,0,4,-3.99458430468803,0,1,0,0,0,28,0,241,0,2,2,191,152,11,1.0848273281008,0,8,3,1,1,0,40,13,13,0,0,1,2,13,4,0,0,1,0,0,0,0,0,0,0,0,0,1,-4,0,0,0,4,33,4,3,1,0,4,2,2,8,3,53,1,1,0,0,37,1,0,0,1,0,0,0,0,0,0,0,0,0,37,,,37,0,0,0,0,0,0,,0,0,0,0,0,5,0,57,245,0,1,1,0,0,3,16,0,229
2008,6,CAR,REG,2008_06_CAR_TB,TB,20,39,242,0,3,0,0,0,0,305,90,12,-11.4468976190159,-11.730304092933,0,9,4,3,1,20,40,0,0,0,2,-4.12148449668894,0,0,0,0,0,20,0,242,0,0,0,305,90,12,14.4734648147714,0,9,4,3,1,0,41,13,17,0,0,0,0,0,2,0,0,2,0,0,0,0,0,0,0,0,0,0,0,0,0,0,4,16,3,0,0,0,0,0,1,9,5,105,1,1,0,0,20,1,0,1,0,0,0,0,0,0,0,0,0,0,20,,,20,0,0,0,0,0,0,,0,0,0,0,0,4,1,63,197,1,1,0,0,0,3,26,0,171
2008,6,CHI,REG,2008_06_CHI_ATL,ATL,26,43,286,1,0,1,-4,0,0,389,90,17,11.3025851082187,0.990660914352962,0,17,6,1,0,23,79,1,0,0,4,-3.27210778556764,0,2,1,1,0,26,0,286,1,0,0,389,90,17,24.8043583094841,0,17,6,1,0,0,49,8,8,0,0,1,0,0,0,0,0,3,0,1,0,0,0,0,0,0,0,0,0,1,0,0,6,57,5,0,1,0,1,1,0,0,6,121,2,2,0,0,36,1,0,0,2,0,0,0,0,0,0,0,0,0,36;32,,,68,0,0,2,2,0,0,1,0,0,0,0,0,3,0,57,130,1,0,0,0,2,1,6,0,124
2008,6,CIN,REG,2008_06_CIN_NYJ,NYJ,20,33,152,0,0,5,-24,2,1,232,50,10,-6.38534087393782,-1.21056058190086,0,8,1,0,0,21,43,1,0,0,3,-5.01806632932858,0,1,0,0,0,20,0,152,0,0,0,232,50,10,13.206128503487,0,8,1,0,0,0,39,19,19,0,0,1,2,23,6,2,6,7,0,0,0,0,0,0,0,0,0,1,0,1,15,1,4,23,4,2,0,0,2,1,1,10,5,121,0,0,0,0,,,0,0,0,0,0,0,0,0,0,0,0,0,,,,0,0,0,2,2,0,0,1,0,0,0,0,0,7,0,52,292,0,0,0,0,2,5,77,0,215
2008,6,CLE,REG,2008_06_NYG_CLE,NYG,18,29,310,2,0,0,0,0,0,242,153,11,21.5873635551992,0.0981455219203028,1,12,6,4,2,30,144,1,1,0,9,4.44944883120479,0,4,3,1,0,18,0,310,2,0,0,242,153,11,28.2907371157737,1,12,6,4,2,0,36,9,9,0,0,0,1,4,5,3,139,6,1,0,0,0,0,0,0,0,0,1,-1,0,0,0,10,55,3,0,1,0,1,0,1,3,2,34,2,3,1,0,28,0.666666666666667,0,2,0,0,0,0,0,0,0,0,1,0,28;26,51,,54,51,0,3,3,0,0,1,0,0,0,0,0,0,0,,0,0,0,0,0,0,0,0,0,0
2008,6,DAL,REG,2008_06_DAL_ARI,ARI,24,39,321,3,0,3,-20,2,1,288,226,11,6.7236357231007,3.93386785243009,0,9,5,4,2,22,73,0,1,0,4,-5.67997358739376,0,1,1,0,0,24,0,321,3,1,0,288,226,11,26.2664736447623,0,9,5,4,2,0,34,11,11,0,0,0,1,10,10,1,0,3,0,0,0,0,0,0,0,0,0,3,-16,2,0,0,12,93,4,3,1,0,4,1,3,19,5,108,1,2,1,0,52,0.5,0,0,0,0,1,0,0,0,1,0,0,0,52,37,,52,37,0,3,3,0,0,1,0,0,0,0,0,7,1,61,335,1,1,0,1,0,5,48,0,267
2008,6,DEN,REG,2008_06_JAX_DEN,JAX,21,37,192,2,1,0,0,0,0,237,90,10,3.54582075295547,-6.64957380957074,0,10,3,1,0,23,131,0,1,1,7,-2.54052553005749,0,4,3,1,0,21,0,192,2,1,1,237,90,10,9.17325739684748,0,10,3,1,0,0,44,8,22,0,0,3,2,15,2,0,0,5,0,0,0,0,0,0,0,0,0,0,0,2,0,0,4,52,4,2,0,0,2,2,3,47,2,50,1,1,0,0,39,1,0,0,1,0,0,0,0,0,0,0,0,0,39,,,39,0,0,2,2,0,0,1,0,0,0,0,0,4,0,52,192,0,0,0,1,0,3,14,0,158
2008,6,DET,REG,2008_06_DET_MIN,MIN,12,21,150,1,0,6,-38,0,0,231,42,5,-3.27347881748574,4.05241878409135,0,5,4,2,0,24,100,0,1,0,2,-5.35654809142197,0,1,1,1,1,12,0,150,1,2,1,231,42,5,5.85718056396581,0,5,4,2,0,0,44,12,20,0,0,4,5,39,5,1,2,4,0,0,0,0,0,1,0,0,0,2,6,2,0,0,5,96,4,0,3,0,3,1,4,25,3,50,1,1,0,0,40,1,0,0,0,1,0,0,0,0,0,0,0,0,40,,,40,0,0,1,1,0,0,1,0,0,0,0,0,9,0,58,412,4,1,1,1,3,3,5,0,387
2008,6,GB,REG,2008_06_GB_SEA,SEA,21,30,208,2,0,2,-8,1,1,253,56,11,11.5970154937291,11.4124601257258,0,5,2,1,1,39,113,1,0,0,7,-7.50127802201314,0,2,2,0,0,21,0,208,2,0,0,253,56,11,23.7483013173965,0,5,2,1,1,0,36,5,5,0,0,0,3,19,5,2,27,5,0,0,0,0,0,0,0,0,0,0,0,0,0,0,5,45,2,1,0,0,1,1,4,39,3,75,2,2,0,0,51,1,0,1,0,0,1,0,0,0,0,0,0,0,29;51,,,80,0,0,3,3,0,0,1,0,0,0,0,0,4,0,46,141,2,0,2,0,2,0,0,0,141
2008,6,HOU,REG,2008_06_MIA_HOU,MIA,22,42,379,1,2,1,-8,0,0,363,150,13,2.09840376737096,-7.6866238582425,0,15,11,8,1,27,114,1,0,0,8,4.10861884256895,0,3,3,1,0,22,0,379,1,1,1,363,150,13,21.4904234225978,0,15,11,8,1,1,30,20,22,0,0,1,2,10,3,1,19,3,0,1,0,0,0,0,0,0,0,0,0,0,0,0,1,5,6,2,0,0,2,2,4,87,5,142,3,3,0,0,42,1,0,1,1,1,0,0,0,0,0,0,0,0,27;33;42,,,102,0,0,2,2,0,0,1,0,0,0,0,0,3,0,58,140,1,0,0,1,1,1,25,0,95
2008,6,IND,REG,2008_06_BAL_IND,BAL,19,28,271,3,0,2,-13,0,0,346,76,14,16.4391709531112,13.1166457065514,0,10,6,3,1,30,76,1,0,0,3,-8.0861609611311,0,1,1,1,0,19,0,271,3,1,0,346,76,14,27.0524041596429,0,10,6,3,1,0,47,9,9,0,0,3,4,32,3,3,5,5,0,1,0,0,0,0,0,0,0,1,0,2,-4,0,11,84,3,1,1,1,2,0,3,16,1,23,1,1,0,0,37,1,0,0,1,0,0,0,0,0,0,0,0,0,37,,,37,0,0,4,4,0,0,1,0,0,0,0,0,6,0,50,251,3,1,2,0,1,2,8,0,243
2008,6,JAX,REG,2008_06_JAX_DEN,DEN,25,34,276,1,0,2,-15,1,1,265,111,15,9.07992518394527,8.47226144636379,0,13,4,3,0,34,155,2,0,0,9,4.27433505823137,0,3,2,1,1,25,0,276,1,2,1,265,111,15,17.139764958858,0,13,4,3,0,0,43,6,6,0,0,2,0,0,0,1,0,7,0,0,0,0,0,0,0,0,0,0,0,2,18,0,6,45,4,3,0,1,3,2,3,14,3,66,1,1,0,0,48,1,0,0,0,1,0,0,0,0,0,0,0,0,48,,,48,0,0,3,3,0,0,1,0,0,0,0,0,4,0,46,160,0,1,0,0,0,3,47,0,113
2008,6,LA,REG,2008_06_STL_WAS,WAS,15,26,136,0,0,2,-12,0,0,232,56,6,-2.54146150783386,-2.46133827246152,0,6,2,1,1,26,76,0,1,1,2,-9.16364904737879,0,0,0,0,0,15,0,136,0,0,0,232,56,6,9.7424775769833,0,6,2,1,1,0,41,15,19,0,0,3,4,21,5,0,0,4,0,0,0,0,0,0,0,0,0,0,0,3,77,1,10,79,5,1,0,0,1,1,1,34,3,71,4,4,0,0,51,1,0,1,0,2,1,0,0,0,0,0,0,0,51;25;44;49,,,169,0,0,1,1,0,0,1,1,1,0,0,49,6,0,56,283,2,0,0,1,1,4,19,0,244
2008,6,LAC,REG,2008_06_NE_SD,NE,18,27,306,3,0,0,0,0,0,329,107,13,15.4663033580657,13.3573975700598,0,9,6,5,3,28,98,0,1,1,3,-10.5386636117473,0,2,1,1,0,18,0,306,3,0,0,329,107,13,25.0876596799794,0,9,6,5,3,0,47,12,12,0,0,1,4,10,4,1,2,6,0,0,0,0,0,0,0,0,0,0,0,0,0,0,3,20,5,0,1,0,1,1,2,50,2,41,3,4,1,0,35,0.75,0,2,1,0,0,0,0,0,0,1,0,0,25;35;23,44,,83,44,0,3,3,0,0,1,0,0,0,0,0,3,0,46,118,1,0,1,1,1,0,0,0,98
2008,6,LV,REG,2008_06_OAK_NO,NO,13,35,159,0,1,2,-18,1,1,437,75,8,-16.0275065366078,-20.0916219609124,0,6,2,2,0,22,85,0,0,0,4,-1.45213555311784,0,1,0,0,0,13,0,159,0,0,0,437,75,8,12.7803160743023,0,6,2,2,0,0,42,16,16,0,0,0,1,1,2,0,0,2,0,0,0,0,0,0,0,0,0,0,0,0,0,0,5,26,2,1,0,0,1,1,1,35,5,84,1,3,2,0,24,0.333333333333333,0,1,0,0,0,0,0,0,0,0,2,0,24,57;59,,24,116,0,0,0,0,0,,0,0,0,0,0,4,0,65,199,1,0,0,1,2,1,8,0,171
2008,6,MIA,REG,2008_06_MIA_HOU,HOU,19,25,284,2,1,2,-10,1,0,109,232,7,9.66098192002391,9.80703470607599,0,7,5,4,2,24,96,2,0,0,7,3.15504089544993,0,1,0,0,0,19,0,284,2,0,0,109,235,7,16.5881050630123,0,7,5,4,2,0,32,18,32,0,0,2,1,8,6,2,12,10,0,0,0,0,0,0,0,0,0,1,0,2,0,0,4,30,3,1,0,0,1,0,1,25,5,113,0,0,0,0,,,0,0,0,0,0,0,0,0,0,0,0,0,,,,0,0,0,4,4,0,0,1,0,0,0,0,0,7,0,56,332,2,0,1,1,1,4,87,1,225
2008,6,MIN,REG,2008_06_DET_MIN,DET,18,33,296,1,1,5,-39,1,0,195,207,11,-3.61519799258496,-13.7645995244384,0,9,4,4,2,31,135,0,2,2,5,-12.6462863635499,0,5,3,0,0,18,0,296,1,1,0,195,207,11,19.8641718877479,0,9,4,4,2,0,43,5,7,0,0,0,6,38,9,0,0,1,0,0,1,0,0,0,0,0,0,1,0,1,10,0,7,99,2,4,0,1,4,2,3,5,4,93,1,2,0,1,26,0.5,0,1,0,0,0,0,0,0,0,0,0,0,26,,38,26,0,38,1,1,0,0,1,1,1,0,0,26,8,0,60,414,1,0,1,3,0,4,25,0,329
2008,6,NE,REG,2008_06_NE_SD,LAC,22,38,203,0,1,4,-10,1,0,242,126,8,-13.4174932040796,-5.77165283061363,0,7,2,1,0,26,106,1,0,0,10,6.30960514367325,0,1,1,0,0,22,0,203,0,0,0,242,126,8,8.07020831371197,0,7,2,1,0,0,42,5,5,0,0,0,0,0,0,0,0,3,0,0,0,0,0,0,0,0,0,1,0,1,8,0,6,73,3,1,0,0,1,0,0,0,7,150,1,2,1,0,47,0.5,0,0,0,1,0,0,0,0,0,1,0,0,47,48,,47,48,0,1,1,0,0,1,0,0,0,0,0,5,0,53,212,2,2,1,0,0,2,50,0,162
2008,6,NO,REG,2008_06_OAK_NO,LV,26,30,320,3,0,1,-1,0,0,204,125,14,15.8375496811177,18.5884498556455,0,12,8,5,1,33,122,1,0,0,9,-0.375837609255087,0,1,1,0,0,26,0,320,3,0,0,204,125,14,20.1595203966834,0,12,8,5,1,0,29,14,14,0,0,1,2,18,5,1,18,11,0,0,0,0,0,0,0,0,0,0,0,1,0,0,3,30,4,0,0,0,0,0,1,8,0,0,2,3,1,0,44,0.666666666666667,0,0,1,1,0,0,0,0,1,0,0,0,44;33,31,,77,31,0,4,4,0,0,1,0,0,0,0,0,2,0,46,92,0,0,0,1,0,1,35,0,37
2008,6,NYG,REG,2008_06_NYG_CLE,CLE,18,28,196,1,3,1,-4,0,0,314,64,14,-10.9488484009635,8.25748762914113,0,11,4,3,0,25,181,1,0,0,8,7.65266553871334,0,7,6,0,0,18,0,196,1,0,0,314,64,14,16.133697932295,0,11,4,3,0,0,36,11,11,0,0,0,0,0,1,0,0,2,0,0,0,0,0,0,0,0,0,0,0,0,0,0,5,38,6,0,0,0,0,0,0,0,4,68,0,0,0,0,,,0,0,0,0,0,0,0,0,0,0,0,0,,,,0,0,0,2,2,0,0,1,0,0,0,0,0,2,0,46,85,1,1,0,0,0,1,3,0,82
2008,6,NYJ,REG,2008_06_CIN_NYJ,CIN,25,33,189,1,2,2,-23,1,1,189,96,14,-5.63398456321415,14.1944013761752,0,7,3,2,0,27,86,2,0,0,4,-0.485357418539934,0,1,0,0,0,25,0,189,1,0,0,189,96,14,14.6179392637424,0,7,3,2,0,0,36,15,17,0,0,2,5,24,6,0,0,4,0,0,0,0,0,0,0,0,0,0,0,1,0,0,4,25,3,1,0,0,1,1,5,77,2,65,2,2,0,0,43,1,0,0,1,1,0,0,0,0,0,0,0,0,38;43,,,81,0,0,2,2,0,0,1,0,0,0,0,0,2,0,41,74,1,0,0,0,1,1,10,0,64
2008,6,PHI,REG,2008_06_PHI_SF,SF,23,36,278,2,1,0,0,0,0,245,124,15,10.5246279013551,0.799903066621886,0,12,9,3,0,21,103,1,0,0,5,0.0901697946393032,0,3,2,1,0,23,1,278,2,0,0,245,124,15,23.709427555826,0,12,9,3,0,0,45,0,24,0,0,1,3,24,2,2,96,4,1,0,0,0,0,0,0,0,0,0,0,1,0,0,2,10,4,0,0,0,0,0,3,34,4,116,4,5,0,1,38,0.8,1,2,1,0,0,0,0,0,0,0,0,0,19;38;25;28,,54,110,0,54,4,4,0,0,1,0,0,0,0,0,2,0,41,77,1,0,0,0,1,1,45,0,32
2008,6,SEA,REG,2008_06_GB_SEA,GB,12,23,83,2,2,3,-19,0,0,165,42,5,-12.2717531480098,-9.65525183988654,0,2,1,0,0,23,113,0,0,0,6,2.00155680484022,0,3,2,1,0,12,0,83,2,0,0,165,42,5,9.0553146241582,0,2,1,0,0,0,52,12,12,0,0,1,2,8,4,0,0,1,0,0,0,0,0,0,0,0,0,0,0,1,0,0,6,50,3,0,0,0,0,0,0,0,5,106,1,1,0,0,50,1,0,0,0,0,1,0,0,0,0,0,0,0,50,,,50,0,0,2,2,0,0,1,0,0,0,0,0,5,0,62,244,0,0,1,0,0,4,39,0,205
2008,6,SF,REG,2008_06_PHI_SF,PHI,17,30,199,0,2,3,-24,1,1,146,186,7,-15.9162884799348,-7.99137395003746,0,7,5,5,1,27,131,1,0,0,7,2.76401470776182,0,4,2,1,0,17,0,199,0,0,0,146,186,7,9.76972779585049,0,7,5,5,1,1,41,0,16,0,0,0,0,0,1,1,1,6,0,0,0,0,0,1,0,0,41,0,0,0,0,0,10,58,6,1,0,0,1,1,1,45,9,194,4,4,0,0,53,1,0,1,2,0,1,0,0,0,0,0,0,0,32;37;53;29,,,151,0,0,2,2,0,0,1,0,0,0,0,0,3,0,47,128,0,0,0,0,0,3,34,0,94
2008,6,TB,REG,2008_06_CAR_TB,CAR,15,20,173,1,0,0,0,0,0,120,79,8,10.617124336375,10.6838718056679,0,7,4,4,0,37,142,1,1,0,8,-3.6618990187956,0,3,2,1,0,15,0,173,1,0,0,120,79,8,14.1374182558719,0,7,4,4,0,1,32,9,15,0,0,0,0,0,3,3,94,10,0,0,0,1,0,0,0,0,22,1,-9,0,0,0,7,80,4,0,1,0,1,0,3,26,1,22,2,3,1,0,49,0.666666666666667,0,0,1,1,0,0,0,0,0,0,1,0,37;49,51,,86,51,0,3,3,0,0,1,0,0,0,0,0,5,0,60,223,3,0,2,1,1,1,9,0,194
2008,6,WAS,REG,2008_06_STL_WAS,LA,18,26,208,0,0,4,-21,1,0,177,101,8,-2.0163785801223,1.54375433921814,0,11,5,3,0,31,181,2,0,0,12,5.38722406033776,0,7,5,1,0,18,0,208,0,2,2,177,101,8,-2.48836783587006,0,11,5,3,0,0,27,19,23,0,0,1,2,12,5,0,0,6,0,0,0,0,0,0,0,0,0,1,-16,1,0,0,7,53,5,3,1,0,4,3,4,19,3,77,1,1,0,0,38,1,0,0,1,0,0,0,0,0,0,0,0,0,38,,,38,0,0,2,2,0,0,1,0,0,0,0,0,5,0,51,205,2,1,3,0,0,1,34,0,171
2008,7,BAL,REG,2008_07_BAL_MIA,MIA,17,23,232,1,0,3,-15,0,0,183,135,10,14.7163095299102,13.649452574875,0,12,4,3,1,35,140,1,1,0,10,2.64372354868101,0,4,3,0,0,17,0,232,1,1,1,183,135,10,19.5709732135322,0,12,4,3,1,0,46,5,9,0,0,0,1,7,1,1,44,3,1,0,0,0,0,0,0,0,0,1,0,0,0,0,7,67,3,1,1,0,2,1,2,12,4,101,2,2,0,0,47,1,0,1,0,1,0,0,0,0,0,0,0,0,47;28,,,75,0,0,3,3,0,0,1,0,0,0,0,0,3,0,67,177,3,1,0,0,0,2,10,0,167
2008,7,BUF,REG,2008_07_SD_BUF,LAC,25,30,261,1,0,0,0,0,0,158,135,15,13.3000279299982,14.3799308935801,0,12,5,3,0,32,109,1,0,0,7,-3.54734999413504,0,2,2,0,0,25,0,261,1,0,0,158,135,15,17.0061687371348,0,12,5,3,0,0,33,10,14,0,0,1,1,7,2,1,32,2,0,0,0,0,0,0,0,0,0,0,0,2,0,0,5,35,3,0,0,0,0,0,1,5,3,58,3,4,1,0,44,0.75,0,1,1,1,0,0,0,0,0,0,1,0,38;27;44,52,,109,52,0,2,2,0,0,1,0,0,0,0,0,2,0,56,105,0,0,0,0,0,2,16,0,89
2008,7,CAR,REG,2008_07_NO_CAR,NO,14,22,195,2,0,1,-2,0,0,255,53,10,9.22864013919672,7.18285576863722,0,9,5,3,0,37,143,1,0,0,7,-1.99566186081101,0,4,4,0,0,14,0,195,2,0,0,255,53,10,19.0733469558763,0,9,5,3,0,0,49,0,4,0,0,1,1,3,2,1,31,8,0,0,0,0,0,0,0,0,0,0,0,1,3,0,3,29,2,0,0,0,0,0,2,26,2,48,3,3,0,0,48,1,0,1,1,1,0,0,0,0,0,0,0,0,39;48;28,,,115,0,0,3,3,0,0,1,0,0,0,0,0,5,0,50,237,0,0,0,1,0,4,27,0,190
2008,7,CHI,REG,2008_07_MIN_CHI,MIN,21,32,283,2,0,2,-9,1,1,223,173,13,5.13686445622673,4.91565521806479,0,11,6,3,1,22,53,1,0,0,5,-1.89934265648481,0,0,0,0,0,21,0,283,2,1,0,223,173,13,20.2822927425199,0,11,6,3,1,1,52,10,10,0,0,0,2,14,5,4,56,9,0,0,0,1,0,0,0,0,17,1,0,1,0,2,5,45,4,2,0,0,2,1,0,0,7,124,2,3,0,1,48,0.666666666666667,0,1,0,1,0,0,0,0,0,0,0,0,26;48,,42,74,0,42,6,6,0,0,1,0,0,0,0,0,4,0,54,137,2,0,0,0,2,2,3,0,134
2008,7,CIN,REG,2008_07_PIT_CIN,PIT,24,39,175,1,0,7,-47,1,1,281,68,11,-14.9572889881898,-3.05403562692496,0,6,3,0,0,22,84,0,1,0,5,-1.44597233951208,0,2,1,0,0,24,0,175,1,0,0,281,68,11,10.971984472475,0,6,3,0,0,0,33,1,29,0,0,1,0,0,2,0,0,4,0,0,0,0,0,0,0,0,0,1,-15,0,0,0,4,55,2,1,1,0,2,1,3,6,6,129,1,1,0,0,26,1,0,1,0,0,0,0,0,0,0,0,0,0,26,,,26,0,0,1,1,0,0,1,0,0,0,0,0,8,0,50,303,2,1,2,0,2,3,21,0,282
2008,7,CLE,REG,2008_07_CLE_WAS,WAS,14,37,136,1,0,1,-2,0,0,295,62,7,-7.70348107651216,-22.4540600502813,1,6,4,1,0,28,102,0,1,0,7,-2.97942784841871,0,2,1,1,0,14,0,136,1,0,0,295,62,7,13.9812663168269,1,6,4,1,0,0,31,21,27,0,0,2,1,6,3,0,0,3,0,0,0,0,0,0,0,0,0,0,-3,1,0,0,4,25,5,0,1,1,1,0,5,48,3,89,1,2,1,0,37,0.5,0,0,1,0,0,0,0,0,0,0,1,0,37,54,,37,54,0,0,0,0,0,,0,0,0,0,0,8,0,50,353,3,0,1,1,2,4,30,0,303
2008,7,DAL,REG,2008_07_DAL_STL,LA,17,34,234,1,3,3,-17,0,0,378,84,8,-7.24621942033991,-9.00911056634152,0,10,5,3,0,22,124,1,1,0,7,2.33461259986507,0,5,4,1,0,17,0,234,1,1,1,378,84,8,13.5812374061788,0,10,5,3,0,0,54,1,1,0,0,0,5,28,7,0,0,0,0,0,0,0,0,0,0,0,0,1,-15,0,0,0,8,56,3,1,1,0,2,1,2,41,4,105,0,1,1,0,,0,0,0,0,0,0,0,0,0,0,1,0,0,,46,,0,46,0,2,2,0,0,1,0,0,0,0,0,5,0,54,210,1,2,0,2,0,1,10,0,160
2008,7,DEN,REG,2008_07_DEN_NE,NE,19,29,187,1,2,3,-18,1,1,271,91,12,1.24298587662634,2.31935351059355,0,11,2,1,0,26,106,0,2,2,4,-10.1367406803183,0,1,1,0,0,19,0,187,1,0,0,271,91,12,18.4468452486326,0,11,2,1,0,0,34,23,29,0,0,0,6,38,11,0,0,2,0,0,0,0,0,0,0,0,0,0,0,0,0,0,8,87,1,3,0,0,3,3,1,8,7,148,0,0,0,0,,,0,0,0,0,0,0,0,0,0,0,0,0,,,,0,0,0,1,1,0,0,1,0,0,0,0,0,5,0,62,243,1,0,0,1,1,3,63,0,160
2008,7,DET,REG,2008_07_DET_HOU,HOU,12,25,265,1,0,2,-16,0,0,392,80,9,5.17874231428281,-5.92618094136318,1,8,4,4,2,19,77,1,1,0,4,0.724074163765181,0,3,2,2,0,12,0,265,1,0,0,392,87,9,17.0508958670981,1,9,4,4,2,0,36,28,30,0,0,1,3,13,3,0,0,1,0,0,0,0,0,0,0,0,0,1,-7,1,0,0,4,31,5,0,2,1,2,0,0,0,4,82,2,2,0,0,54,1,0,0,0,0,2,0,0,0,0,0,0,0,54;54,,,108,0,0,1,1,0,0,1,0,0,0,0,0,4,0,51,189,0,0,1,0,1,2,-12,0,201
2008,7,GB,REG,2008_07_IND_GB,IND,21,28,186,1,0,0,0,0,0,161,87,12,7.42365964466348,17.2426074743271,0,8,2,1,0,35,116,1,1,0,7,-2.82753745113539,0,2,1,0,0,21,0,186,1,0,0,161,87,12,13.4995302295091,0,8,2,1,0,0,33,9,15,0,0,1,0,0,3,2,161,9,2,2,0,0,0,1,0,0,0,3,0,0,0,0,9,70,3,2,1,0,3,0,3,26,1,-2,2,3,1,0,31,0.666666666666667,0,1,1,0,0,0,0,0,1,0,0,0,31;29,36,,60,36,0,4,4,0,0,1,0,0,0,0,0,2,0,59,111,0,0,0,2,0,0,0,0,71
2008,7,HOU,REG,2008_07_DET_HOU,DET,26,31,267,2,0,3,-13,1,1,181,119,16,6.58429311049986,15.4378589122526,0,14,6,1,0,34,150,2,1,0,12,5.56290884994087,0,3,2,1,0,26,0,267,2,0,0,181,119,16,17.5012857636611,0,14,6,1,0,0,24,9,9,0,0,0,2,16,3,0,0,6,0,0,0,0,0,0,0,0,0,1,-2,0,0,0,5,41,2,1,1,0,2,1,2,-12,5,102,0,0,0,0,,,0,0,0,0,0,0,0,0,0,0,0,0,,,,0,0,0,4,4,0,0,1,0,0,0,0,0,4,0,59,195,3,0,3,0,1,0,0,0,195
2008,7,IND,REG,2008_07_IND_GB,GB,21,42,229,0,2,0,0,0,0,396,102,9,-12.0148441062619,-9.34038648293132,0,8,3,2,0,23,73,2,0,0,6,3.14856971299741,0,0,0,0,0,21,0,229,0,1,0,396,102,9,21.7513285468449,0,8,3,2,0,0,44,12,14,0,0,2,0,0,3,0,0,3,0,0,0,0,0,0,0,0,0,0,0,0,0,0,12,110,1,1,0,1,1,0,0,0,4,70,0,1,0,1,,0,0,0,0,0,0,0,0,0,0,0,0,0,,,45,0,0,45,2,2,0,0,1,0,0,0,0,0,4,0,64,186,0,1,0,0,0,3,26,0,160
2008,7,KC,REG,2008_07_TEN_KC,TEN,23,37,235,0,0,3,-21,0,0,252,94,8,-1.72730892187672,3.93893650599888,0,10,6,4,0,17,58,1,1,0,4,-3.76884088650695,0,3,3,0,0,23,0,235,0,0,0,252,94,8,10.9611860548508,0,10,6,4,0,0,43,6,6,0,0,0,0,0,2,0,0,2,0,0,0,0,0,0,0,0,0,1,-8,0,0,0,8,60,2,0,1,0,1,0,2,2,7,192,1,3,2,0,26,0.333333333333333,0,1,0,0,0,0,0,0,1,0,1,0,26,39;50,,26,89,0,1,1,0,0,1,0,0,0,0,0,7,0,66,333,1,0,3,2,0,2,2,0,291
2008,7,LA,REG,2008_07_DAL_STL,DAL,14,19,173,1,0,5,-28,0,0,170,78,8,0.927963960030125,11.2487702777511,0,7,5,3,1,35,180,3,0,0,9,4.63183924969053,0,5,5,1,1,14,0,173,1,0,0,170,78,8,13.9290426562657,0,7,5,3,1,0,43,3,3,0,0,1,3,17,11,3,61,8,0,0,0,0,0,0,0,0,0,0,0,1,0,0,5,32,2,0,0,0,0,0,1,10,3,51,2,3,1,0,52,0.666666666666667,0,0,1,0,1,0,0,0,0,0,1,0,52;35,54,,87,54,0,4,4,0,0,1,0,0,0,0,0,4,0,58,172,1,1,0,0,1,2,41,0,131
2008,7,LAC,REG,2008_07_SD_BUF,BUF,22,29,208,2,1,2,-17,2,2,183,86,11,0.242335591115989,14.4465443279062,0,8,3,2,0,17,72,0,0,0,4,-0.0787483127787709,0,1,1,1,0,22,0,208,2,0,0,183,86,11,18.8682577882428,0,8,3,2,0,0,42,13,17,0,0,0,0,0,0,0,0,3,0,0,0,0,0,0,0,0,0,0,0,0,0,0,5,35,3,1,1,0,2,2,2,16,6,85,0,0,0,0,,,0,0,0,0,0,0,0,0,0,0,0,0,,,,0,0,0,2,2,0,0,1,0,0,0,0,0,3,0,46,112,1,0,2,0,0,1,5,0,107
2008,7,LV,REG,2008_07_NYJ_OAK,NYJ,17,30,203,1,0,2,-12,1,0,237,88,10,2.39225795068387,-5.76957106590271,0,8,6,3,0,38,153,0,0,0,7,-3.67766195266109,0,5,5,1,0,17,0,203,1,0,0,237,88,10,14.6169944755384,0,8,6,3,0,0,52,5,15,0,0,2,3,21,2,2,10,9,0,0,0,0,0,0,0,0,0,2,0,1,0,0,14,85,4,2,0,0,2,0,3,33,4,62,3,4,1,0,57,0.75,0,1,1,0,1,0,0,0,0,1,0,0,29;37;57,40,,123,40,0,1,1,0,0,1,1,1,0,0,57,7,0,60,303,5,0,3,1,0,3,0,0,283
2008,7,MIA,REG,2008_07_BAL_MIA,BAL,24,35,295,1,1,1,-7,0,0,335,84,15,-1.15903060684719,6.87693519251687,0,13,9,4,0,22,71,0,0,0,4,-4.38335335473688,0,2,1,0,0,24,0,295,1,0,0,335,84,15,14.0320393393631,0,13,9,4,0,0,49,7,11,0,0,1,3,15,4,0,0,2,0,0,0,0,0,0,0,0,0,0,0,1,0,0,6,28,5,0,0,0,0,0,2,10,6,104,2,2,0,0,26,1,0,2,0,0,0,0,0,0,0,0,0,0,21;26,,,47,0,0,1,1,0,0,1,0,0,0,0,0,3,0,55,163,0,0,0,1,0,2,12,0,131
2008,7,MIN,REG,2008_07_MIN_CHI,CHI,25,40,298,2,4,2,-14,0,0,347,121,16,3.98313772812253,4.29580910847737,0,13,6,2,0,32,155,3,0,0,10,6.62149370112122,0,2,2,1,1,25,0,298,2,0,0,347,121,16,28.4859374886146,0,13,6,2,0,0,46,5,5,0,0,2,2,9,3,0,0,6,0,1,0,0,0,1,0,0,0,1,0,1,0,0,8,50,4,0,2,0,2,1,2,3,7,153,2,2,0,0,42,1,0,1,0,1,0,0,0,0,0,0,0,0,42;23,,,65,0,0,5,5,0,0,1,0,0,0,0,0,0,1,,0,0,0,0,0,0,0,0,0,0
2008,7,NE,REG,2008_07_DEN_NE,DEN,18,24,185,3,0,6,-38,0,0,111,125,8,1.42894186728829,9.55087045828501,0,5,3,3,0,38,257,2,0,0,15,15.8125291009783,0,11,8,3,0,18,0,185,3,0,0,111,125,8,14.2520055468488,0,5,3,3,0,0,35,15,17,0,0,3,3,18,7,2,9,5,0,0,0,0,0,0,0,0,0,0,0,3,7,0,5,65,1,0,0,0,0,0,3,63,2,46,2,2,0,0,40,1,0,0,1,1,0,0,0,0,0,0,0,0,31;40,,,71,0,0,5,5,0,0,1,0,0,0,0,0,3,0,55,117,3,0,0,0,2,1,8,0,109
2008,7,NO,REG,2008_07_NO_CAR,CAR,21,39,231,0,1,1,-3,0,0,364,91,9,-7.21801461384166,-5.8769166469574,0,7,4,3,1,22,115,1,0,0,7,-0.742285210289992,0,2,2,1,0,21,0,231,0,1,1,364,91,9,8.92229427298298,0,7,4,3,1,0,49,2,8,0,0,0,1,2,1,0,0,3,0,0,0,0,0,0,0,0,0,0,0,0,0,0,3,30,6,1,0,0,1,1,4,27,4,108,0,0,0,0,,,0,0,0,0,0,0,0,0,0,0,0,0,,,,0,0,0,1,1,0,0,1,0,0,0,0,0,5,0,39,177,2,0,0,0,3,2,26,0,151
2008,7,NYG,REG,2008_07_SF_NYG,SF,16,31,161,1,0,0,0,0,0,185,107,7,-0.54262039556489,-4.96561372721637,0,6,1,1,0,32,112,2,2,0,6,-3.18553240204346,0,5,4,1,0,16,0,161,1,0,0,185,107,7,12.6083009220893,0,6,1,1,0,0,34,12,12,0,0,3,6,38,3,2,18,3,0,0,1,0,0,0,0,0,0,2,0,1,0,0,11,80,1,2,0,0,2,0,2,8,5,109,2,3,0,1,48,0.666666666666667,0,1,0,1,0,0,0,0,0,0,0,0,21;48,,35,69,0,35,3,3,0,0,1,0,0,0,0,0,6,0,61,293,3,1,0,1,1,3,0,0,273
2008,7,NYJ,REG,2008_07_NYJ_OAK,LV,21,38,197,0,2,3,-21,1,0,291,91,8,-11.001932578596,-4.94996998991285,0,8,4,1,0,33,242,1,2,0,12,9.25307883840287,0,8,6,3,0,21,0,197,0,0,0,291,91,8,8.05227852187818,0,8,4,1,0,0,52,5,19,0,0,2,2,12,1,0,0,4,0,1,0,0,0,0,0,0,0,2,-12,0,0,0,7,60,7,2,2,1,4,1,3,0,3,52,2,2,0,0,52,1,0,0,0,1,1,0,0,0,0,0,0,0,40;52,,,92,0,0,1,1,0,0,1,0,0,0,0,0,7,0,50,278,3,1,0,0,3,3,33,0,245
2008,7,PIT,REG,2008_07_PIT_CIN,CIN,20,31,250,3,0,0,0,0,0,261,100,10,16.2313345041166,6.55494558234369,0,8,6,3,1,27,125,2,1,0,9,2.78922078036703,0,4,4,1,0,20,0,250,3,1,0,261,100,10,24.1202375316061,0,8,6,3,1,0,48,0,22,0,0,1,7,47,9,0,0,5,0,0,0,0,0,0,0,0,0,1,-3,1,0,0,3,15,2,1,1,1,2,0,3,21,3,70,1,1,0,0,21,1,0,1,0,0,0,0,0,0,0,0,0,0,21,,,21,0,0,5,5,0,0,1,0,0,0,0,0,5,0,51,204,2,0,0,1,1,3,6,0,178
2008,7,SEA,REG,2008_07_SEA_TB,TB,12,23,73,1,1,0,0,0,0,144,31,4,-8.70834405529323,-8.70494090992471,0,2,1,0,0,16,103,0,1,1,3,-1.88230517291231,0,2,2,2,1,12,0,73,1,0,0,144,31,4,4.49404115364476,0,2,1,0,0,0,57,12,18,0,0,3,1,5,7,0,0,2,0,0,0,0,0,0,0,0,0,0,-1,1,0,0,1,6,3,0,1,0,1,1,3,42,5,170,1,2,1,0,26,0.5,0,1,0,0,0,0,0,0,1,0,0,0,26,38,,26,38,0,1,1,0,0,1,0,0,0,0,0,5,0,59,237,0,1,0,1,0,3,3,0,214
2008,7,SF,REG,2008_07_SF_NYG,NYG,16,28,256,1,2,6,-38,3,0,321,126,12,-4.39354677148856,-4.74001094698906,0,13,7,5,0,16,35,0,1,1,1,-12.5834494339069,0,1,1,0,0,16,0,256,1,0,0,321,126,12,20.450897276809,0,13,7,5,0,1,29,24,24,0,0,2,0,0,1,0,0,8,0,0,0,0,0,1,0,0,74,2,-1,0,0,0,13,134,3,3,1,1,4,1,3,0,6,113,1,1,0,0,40,1,0,0,0,1,0,0,0,0,0,0,0,0,40,,,40,0,0,2,2,0,0,1,0,0,0,0,0,5,0,59,218,0,1,1,1,0,2,8,0,190
2008,7,TB,REG,2008_07_SEA_TB,SEA,27,36,310,1,0,1,-5,1,0,228,97,16,16.8186269819704,18.7894138422879,0,12,5,2,1,38,97,1,1,0,6,-9.26736351694137,0,1,1,0,0,27,0,310,1,1,1,228,97,16,21.7772010022018,0,12,5,2,1,0,26,5,9,0,0,0,0,0,3,1,19,4,0,0,0,0,0,0,0,0,0,3,-1,1,0,0,4,26,5,3,1,0,4,1,3,3,1,4,2,3,1,0,27,0.666666666666667,0,2,0,0,0,0,0,0,0,1,0,0,27;27,47,,54,47,0,2,2,0,0,1,0,0,0,0,0,4,0,58,154,2,1,0,0,0,3,42,0,112
2008,7,TEN,REG,2008_07_TEN_KC,KC,11,18,123,0,0,0,0,0,0,64,102,6,-0.00830496181116436,1.49924655755361,0,5,3,2,0,40,332,4,0,0,14,20.0431799780345,0,8,6,3,2,11,0,123,0,0,0,64,102,6,8.14209823662567,0,5,3,2,0,0,41,7,9,0,0,0,3,21,7,0,0,4,0,0,0,0,0,0,0,0,0,0,0,0,0,0,8,55,1,0,0,0,0,0,2,2,3,51,2,2,0,0,49,1,0,0,0,2,0,0,0,0,0,0,0,0,49;46,,,95,0,0,4,4,0,0,1,0,0,0,0,0,4,0,50,172,3,0,1,1,0,2,2,0,150
2008,7,WAS,REG,2008_07_CLE_WAS,CLE,14,23,164,1,0,1,-6,0,0,155,78,8,5.25561300402698,-0.955436446449973,0,7,4,2,0,36,193,1,1,1,8,-5.79127378790872,0,5,3,3,0,14,0,164,1,1,0,155,78,8,11.4289049496874,0,7,4,2,0,0,22,27,29,0,0,0,1,2,5,0,0,9,0,0,0,0,0,0,0,0,0,0,0,0,0,0,5,38,5,2,0,1,2,1,4,30,3,86,0,1,1,0,,0,0,0,0,0,0,0,0,0,1,0,0,0,,36,,0,36,0,2,2,0,0,1,0,0,0,0,0,8,0,48,298,2,1,1,1,0,5,48,0,230
2008,8,ARI,REG,2008_08_ARI_CAR,CAR,36,51,391,2,1,2,-16,1,0,451,108,20,14.7039783738437,11.0885108510653,0,15,8,5,0,14,50,1,1,1,3,-7.09998095109734,0,2,1,1,0,36,1,391,2,0,0,451,108,20,32.7293165843585,0,15,8,5,0,0,43,1,13,0,0,2,1,10,0,0,0,3,0,0,0,0,0,0,0,0,0,1,0,1,0,0,7,60,4,2,0,0,2,1,2,0,5,103,1,1,0,0,21,1,0,1,0,0,0,0,0,0,0,0,0,0,21,,,21,0,0,2,2,0,0,1,0,0,0,0,0,3,0,56,167,1,0,0,2,1,0,0,0,127
2008,8,ATL,REG,2008_08_ATL_PHI,PHI,23,44,277,2,2,2,-19,0,0,344,136,13,0.865648443170358,-6.44813506376176,0,10,7,4,1,24,77,0,0,0,3,-7.12410684261704,0,2,2,1,0,23,0,277,2,0,0,344,136,13,27.1601934618084,0,10,7,4,1,0,51,1,1,0,0,1,2,13,3,0,0,3,0,1,0,0,0,0,0,0,0,0,0,1,0,0,6,51,3,0,1,0,1,1,4,22,5,85,0,0,0,0,,,0,0,0,0,0,0,0,0,0,0,0,0,,,,0,0,0,2,2,0,0,1,0,0,0,0,0,7,0,53,264,5,2,1,0,1,3,-5,0,269
2008,8,BAL,REG,2008_08_OAK_BAL,LV,13,25,183,1,0,0,0,0,0,256,102,6,2.71772166280249,-10.7026940584183,0,5,3,3,2,46,192,2,1,1,12,3.01714748941595,0,5,5,0,0,13,0,183,1,0,0,256,102,6,14.5021418277448,0,5,3,3,2,0,36,10,10,0,0,0,4,41,8,1,0,7,0,0,1,0,0,0,0,0,0,0,0,0,0,0,8,52,5,1,0,0,1,1,4,63,3,70,2,2,0,0,38,1,0,0,2,0,0,0,0,0,0,0,0,0,38;30,,,68,0,0,3,3,0,0,1,0,0,0,0,0,6,0,50,242,3,2,0,1,0,3,5,0,217
2008,8,BUF,REG,2008_08_BUF_MIA,MIA,21,35,227,0,1,2,-7,1,0,344,58,9,2.10892334933701,-1.23492394174848,0,10,3,2,0,27,119,1,1,1,8,-3.87119265721533,0,3,1,0,0,21,0,227,0,1,1,344,58,9,14.3406503606642,0,10,3,2,0,0,46,2,4,0,0,2,1,8,2,0,0,2,0,1,0,0,0,1,0,0,0,1,0,1,0,0,7,64,5,3,1,0,4,3,1,0,6,121,3,3,0,0,47,1,1,0,0,2,0,0,0,0,0,0,0,0,19;43;47,,,109,0,0,1,1,0,0,1,0,0,0,0,0,3,0,59,142,0,1,1,1,0,0,0,0,122
2008,8,CAR,REG,2008_08_ARI_CAR,ARI,20,28,248,2,0,1,-10,1,1,194,120,11,3.25328028736073,8.24111284954207,0,9,4,2,1,29,113,1,0,0,7,-0.0231930250301957,0,4,4,0,0,20,0,248,2,1,0,194,120,11,14.7661466653667,0,9,4,2,1,0,51,2,10,0,0,2,2,16,5,1,44,7,0,0,0,0,0,0,0,0,0,0,0,1,0,0,3,25,4,2,0,1,2,1,0,0,3,86,2,2,0,0,50,1,0,1,0,0,1,0,0,0,0,0,0,0,23;50,,,73,0,0,3,3,0,0,1,0,0,0,0,0,3,0,53,133,2,0,0,0,1,2,0,0,133
2008,8,CIN,REG,2008_08_CIN_HOU,HOU,20,32,155,0,2,2,-7,1,1,255,70,10,-7.71527157213484,-1.47086186334491,0,5,0,0,0,22,105,0,0,0,5,3.15381718130084,0,2,1,0,0,20,0,155,0,0,0,255,70,10,12.7071524666683,0,5,0,0,0,0,31,20,26,0,0,0,1,5,3,0,0,3,0,0,0,0,0,0,0,0,0,0,0,0,0,0,7,51,1,1,0,0,1,1,1,15,5,102,2,2,0,0,43,1,0,0,1,1,0,0,0,0,0,0,0,0,43;32,,,75,0,0,0,0,0,0,,0,0,0,0,0,3,0,49,127,1,0,0,0,2,1,73,1,54
2008,8,CLE,REG,2008_08_CLE_JAX,JAX,14,27,246,1,0,1,-10,1,0,216,127,9,10.1898240871037,-6.16969929801093,0,8,5,4,3,24,91,1,0,0,6,-3.96742674571578,0,4,2,0,0,14,1,246,1,0,0,216,127,9,20.9844833851637,0,8,5,4,3,0,61,0,2,0,0,1,3,16,11,0,0,4,0,0,0,0,0,1,0,0,0,1,0,1,0,0,1,15,2,1,0,0,1,0,1,5,3,78,3,3,0,0,42,1,0,1,1,1,0,0,0,0,0,0,0,0,32;20;42,,,94,0,0,2,2,0,0,1,0,0,0,0,0,5,0,54,207,2,1,2,0,0,2,23,0,184
2008,8,DAL,REG,2008_08_TB_DAL,TB,19,33,122,1,0,3,-20,0,0,192,70,6,-5.22856869168283,1.62450588982681,0,5,0,0,0,26,70,0,0,0,7,-2.6990611096262,0,2,0,0,0,19,0,122,1,0,0,192,70,6,9.28637008054648,0,5,0,0,0,0,47,0,18,0,0,1,2,14,12,0,0,3,0,0,0,0,0,0,0,0,0,0,0,1,0,0,5,35,4,0,0,0,0,0,2,5,4,75,2,2,0,0,45,1,0,0,1,1,0,0,0,0,0,0,0,0,38;45,,,83,0,0,1,1,0,0,1,0,0,0,0,0,7,0,60,313,1,0,0,0,2,5,82,0,231
2008,8,DET,REG,2008_08_WAS_DET,WAS,21,35,223,1,0,1,-6,0,0,266,108,10,0.523184092545401,-2.80532381113838,0,9,4,3,0,15,57,1,1,0,2,-1.74674832751043,0,2,0,0,0,21,0,223,1,0,0,266,108,10,13.7434203659068,0,9,4,3,0,0,56,1,13,0,0,2,3,24,3,0,0,3,0,0,0,0,0,0,0,0,0,1,0,1,0,0,7,51,5,2,0,1,2,0,0,0,5,115,1,1,0,0,43,1,0,0,0,1,0,0,0,0,0,0,0,0,43,,,43,0,0,2,2,0,0,1,0,0,0,0,0,6,0,50,263,2,0,0,0,1,5,99,1,164
2008,8,HOU,REG,2008_08_CIN_HOU,CIN,24,28,280,3,0,1,-5,0,0,238,99,17,21.9708453803032,21.0613892546722,0,9,6,4,0,31,109,1,0,0,5,-2.22715601752861,0,2,1,1,0,24,0,280,3,0,0,238,99,17,25.684351614007,0,9,6,4,0,1,28,17,25,0,0,1,2,7,4,2,17,7,0,0,0,0,0,0,0,0,0,0,0,1,0,0,7,55,4,0,0,0,0,0,1,73,3,58,0,0,0,0,,,0,0,0,0,0,0,0,0,0,0,0,0,,,,0,0,0,5,5,0,0,1,0,0,0,0,0,2,0,35,59,0,1,0,0,0,1,15,0,44
2008,8,IND,REG,2008_08_IND_TEN,TEN,26,41,223,2,2,0,0,0,0,380,94,12,-1.38052902914933,2.85390219310435,0,12,2,1,0,22,94,1,0,0,7,-0.152800497948192,0,3,1,1,0,26,0,223,2,0,0,380,94,12,16.3664232983137,0,12,2,1,0,0,39,14,14,0,0,1,0,0,2,0,0,3,0,0,0,0,0,0,0,0,0,0,0,0,0,0,5,35,3,0,0,0,0,0,1,5,6,150,0,0,0,0,,,0,0,0,0,0,0,0,0,0,0,0,0,,,,0,0,0,3,3,0,0,1,0,0,0,0,0,3,0,41,111,3,0,1,0,1,1,0,0,111
2008,8,JAX,REG,2008_08_CLE_JAX,CLE,25,42,283,2,0,3,-16,0,0,400,86,16,8.05773364281066,3.19332556753624,0,11,4,4,0,29,113,0,0,0,6,-1.66286318958092,0,2,1,1,0,25,0,283,2,0,0,400,86,16,23.878896708542,0,11,4,4,0,0,43,0,0,0,0,1,1,10,2,0,0,2,0,0,0,0,0,0,0,0,0,0,0,0,0,0,6,40,4,1,0,0,1,1,2,23,6,134,1,2,0,1,53,0.5,0,0,0,0,1,0,0,0,0,0,0,0,53,,38,53,0,38,2,2,0,0,1,0,0,0,0,0,3,0,59,140,0,0,0,1,1,1,5,0,115
2008,8,KC,REG,2008_08_KC_NYJ,NYJ,25,36,280,2,0,4,-30,0,0,255,140,14,7.08676384718365,8.45973627907889,0,15,4,2,0,20,80,0,0,0,3,-3.81032209174009,0,2,1,1,0,25,0,280,2,0,0,255,140,14,22.6377561431145,0,15,4,2,0,0,34,21,21,0,0,0,1,5,2,3,118,4,1,0,0,0,0,0,0,0,0,0,0,0,0,0,4,39,5,0,0,0,0,0,2,7,5,123,1,1,0,0,30,1,0,0,1,0,0,0,0,0,0,0,0,0,30,,,30,0,0,3,3,0,0,1,0,0,0,0,0,7,0,54,289,1,1,0,1,2,3,71,0,198
2008,8,LA,REG,2008_08_STL_NE,NE,18,34,301,1,1,4,-33,0,0,343,103,10,3.12684134302529,-3.81224417325222,0,9,5,4,2,26,90,0,0,0,5,-1.8719895684626,0,3,3,0,0,18,0,301,1,1,0,343,103,10,23.6851553949659,0,9,5,4,2,0,33,20,20,0,0,0,3,17,7,2,29,4,0,0,0,0,0,0,0,0,0,1,0,0,0,0,9,63,5,0,1,0,1,0,0,0,4,78,3,3,0,0,44,1,0,2,0,1,0,0,0,0,0,0,0,0,20;44;25,,,89,0,0,1,1,0,0,1,0,0,0,0,0,6,0,52,245,1,1,0,1,1,3,30,0,195
2008,8,LAC,REG,2008_08_SD_NO,NO,25,40,341,3,1,0,0,0,0,497,102,18,21.8684456361848,3.92567723989487,0,18,9,5,0,22,110,0,0,0,3,-1.34500606550137,0,2,2,2,1,25,0,341,3,0,0,497,102,18,32.9643399826078,0,18,9,5,0,0,55,2,4,0,0,1,0,0,1,0,0,6,0,0,1,0,0,0,0,0,0,0,0,0,0,0,14,134,4,1,0,0,1,1,2,20,8,201,3,3,0,0,33,1,0,1,2,0,0,0,0,0,0,0,0,0,33;24;31,,,88,0,0,3,3,0,0,1,0,0,0,0,0,2,0,49,96,1,0,0,0,2,0,0,0,96
2008,8,LV,REG,2008_08_OAK_BAL,BAL,15,33,228,1,1,4,-41,0,0,400,37,8,-5.92140285039656,-9.36948083566897,0,6,4,4,1,19,47,0,0,0,2,-5.81670405983459,0,1,1,0,0,15,0,228,1,0,0,400,37,8,17.6689330883673,0,6,4,4,1,0,43,18,18,0,0,1,0,0,0,0,0,5,0,0,0,0,0,0,0,0,0,0,0,1,0,0,2,10,2,0,0,0,0,0,3,5,6,109,1,1,0,0,22,1,0,1,0,0,0,0,0,0,0,0,0,0,22,,,22,0,0,1,1,0,0,1,0,0,0,0,0,5,0,59,249,0,1,0,0,0,4,63,0,186
2008,8,MIA,REG,2008_08_BUF_MIA,BUF,22,30,314,1,0,1,-8,0,0,252,127,12,12.164786855424,8.4768083691597,0,11,5,3,3,27,52,1,1,1,6,-9.64745770388921,0,1,1,0,0,22,0,314,1,1,0,252,127,12,21.0759791402379,0,11,5,3,3,0,49,3,7,0,0,3,2,7,2,1,30,7,0,0,1,0,0,0,0,0,0,0,0,3,15,0,7,51,2,2,0,1,2,1,0,0,3,37,3,4,0,1,45,0.75,0,0,1,2,0,0,0,0,0,0,0,0,43;45;35,,46,123,0,46,2,2,0,0,1,0,0,0,0,0,4,0,44,158,2,1,1,0,1,1,0,0,158
2008,8,NE,REG,2008_08_STL_NE,LA,21,33,267,1,2,3,-17,0,0,296,131,15,2.42463238677269,3.83691412932945,0,13,7,3,0,29,98,1,0,0,8,-5.65002857691822,0,2,1,0,0,21,0,267,1,0,0,296,131,15,20.4509331801382,0,13,7,3,0,0,27,26,26,0,0,0,4,33,7,1,47,3,0,0,0,0,0,0,0,0,0,0,0,0,0,0,0,0,5,0,0,0,0,0,3,30,4,121,3,3,0,0,41,1,0,1,1,1,0,0,0,0,0,0,0,0,30;27;41,,,98,0,0,2,2,0,0,1,0,0,0,0,0,3,0,57,149,0,0,0,3,0,0,0,0,89
2008,8,NO,REG,2008_08_SD_NO,LAC,30,41,339,3,0,0,0,0,0,329,145,16,23.8498373815961,10.4706171809173,0,13,6,5,1,26,70,2,1,0,6,1.26028947945451,0,2,2,0,0,30,0,339,3,1,0,329,142,16,30.7751247701235,0,13,6,5,1,0,49,0,6,0,0,1,0,0,1,1,8,4,0,0,0,0,0,0,0,0,0,1,0,1,7,0,6,60,3,1,1,1,2,0,0,0,6,113,1,1,0,0,23,1,0,1,0,0,0,0,0,0,0,0,0,0,23,,,23,0,0,4,5,1,0,0.8,0,0,0,0,0,3,0,44,126,1,0,0,0,1,2,20,0,106
2008,8,NYG,REG,2008_08_NYG_PIT,PIT,19,32,199,1,0,0,0,0,0,206,110,9,6.69155385625435,-5.39085045456886,0,7,5,2,0,35,83,0,1,0,4,-10.7680680920894,0,2,1,0,0,19,0,199,1,0,0,206,110,9,16.7444710608089,0,7,5,2,0,0,28,8,24,0,0,2,5,35,4,4,30,9,0,1,1,0,0,0,0,0,0,2,0,0,0,0,7,71,4,0,2,0,2,0,3,28,3,76,4,4,0,0,35,1,0,3,1,0,0,0,0,0,0,0,0,0,26;35;25;24,,,110,0,0,1,1,0,0,1,0,0,0,0,0,5,0,49,205,1,0,0,0,3,2,14,0,191
2008,8,NYJ,REG,2008_08_KC_NYJ,KC,28,41,290,2,3,1,-5,0,0,393,108,17,-0.477459425407004,4.88046491291465,0,11,5,3,0,24,135,2,0,0,4,5.0130139355897,0,2,2,1,1,28,0,290,2,0,0,393,108,17,27.4312973508984,0,11,5,3,0,0,32,23,23,0,0,0,4,30,4,0,0,5,0,0,0,0,0,0,0,0,0,0,0,0,0,0,4,20,2,0,0,0,0,0,3,71,5,124,0,1,1,0,,0,0,0,0,0,0,0,0,0,1,0,0,0,,36,,0,36,0,4,4,0,0,1,0,0,0,0,0,3,0,50,143,1,0,0,1,0,2,7,0,116
2008,8,PHI,REG,2008_08_ATL_PHI,ATL,19,34,253,0,0,2,-13,1,1,348,121,11,1.91169976724852,-5.3182304782026,0,10,7,7,0,32,192,3,0,0,11,6.0815766103157,0,7,7,3,0,19,0,253,0,0,0,348,121,11,18.0440816717746,0,10,7,7,0,0,51,0,6,0,0,0,2,19,2,2,0,8,0,0,0,0,0,0,0,0,0,0,0,1,0,0,7,70,5,1,0,0,1,1,3,-5,3,47,2,2,0,0,36,1,1,0,1,0,0,0,0,0,0,0,0,0,36;18,,,54,0,0,3,3,0,0,1,0,0,0,0,0,7,0,54,286,2,0,2,0,1,4,22,0,264
2008,8,PIT,REG,2008_08_NYG_PIT,NYG,13,29,189,1,4,5,-35,1,0,318,85,7,-13.2901208541589,-17.0546791676817,0,8,3,2,1,22,95,1,0,0,4,-2.06503538432298,0,2,1,1,0,13,0,189,1,1,0,318,80,7,12.8434795826906,0,8,3,2,1,0,35,19,31,0,0,0,0,0,0,0,0,4,0,0,0,0,0,0,0,0,0,2,-18,0,0,0,8,59,4,2,1,1,3,0,2,14,5,95,0,0,0,0,,,0,0,0,0,0,0,0,0,0,0,0,0,,,,0,0,0,2,2,0,0,1,0,0,0,0,0,4,0,51,177,2,0,1,0,0,3,28,0,149
2008,8,SEA,REG,2008_08_SEA_SF,SF,15,25,222,2,0,1,0,0,0,173,184,10,16.4728926359198,0.467834711074829,0,9,4,3,2,28,39,1,0,0,4,-6.57455209869659,0,2,1,0,0,15,0,222,2,0,0,173,184,10,22.9653151976527,0,9,4,3,2,0,53,0,26,0,0,4,5,40,4,1,75,4,1,0,0,0,0,0,0,0,0,0,0,1,50,0,3,15,2,0,0,0,0,0,4,26,1,40,2,2,0,0,43,1,0,0,0,2,0,0,0,0,0,0,0,0,43;42,,,85,0,0,4,4,0,0,1,0,0,0,0,0,5,0,63,267,1,0,1,1,0,3,26,0,221
2008,8,SF,REG,2008_08_SEA_SF,SEA,28,44,304,1,1,5,-40,3,1,216,144,14,-18.7841771762805,5.85259109735489,0,10,6,4,1,24,124,0,0,0,7,2.34237310005119,0,4,2,1,0,28,0,304,1,1,0,216,144,14,17.1487331361523,0,10,6,4,1,0,40,0,14,0,0,0,1,0,2,0,0,1,0,0,0,0,0,0,0,0,0,2,0,0,0,0,7,65,4,4,0,1,4,1,3,26,6,157,2,2,0,0,42,1,0,0,0,2,0,0,0,0,0,0,0,0,42;40,,,82,0,0,1,1,0,0,1,0,0,0,0,0,4,0,57,196,1,0,0,0,0,4,26,0,170
2008,8,TB,REG,2008_08_TB_DAL,DAL,27,43,227,0,0,2,-14,0,0,273,121,10,-2.50348252304788,2.71098308619999,0,8,3,2,0,20,49,0,0,0,4,-3.33851919098283,0,0,0,0,0,27,0,227,0,0,0,273,121,10,14.6864335924127,0,8,3,2,0,0,41,0,16,0,0,0,3,20,5,0,0,5,0,0,0,0,0,0,0,0,0,0,0,0,0,0,7,58,3,1,0,0,1,1,5,82,3,62,3,4,1,0,41,0.75,0,0,2,1,0,0,0,0,0,0,1,0,36;36;41,51,,113,51,0,0,0,0,0,,0,0,0,0,0,4,0,43,150,3,0,0,0,2,2,5,0,145
2008,8,TEN,REG,2008_08_IND_TEN,IND,24,37,193,0,0,0,0,0,0,224,58,11,7.05963442598767,0.298378032607001,1,7,2,1,0,31,88,3,0,0,8,-3.90935249553877,0,2,1,0,0,24,0,193,0,1,0,224,58,11,16.4583333483073,1,7,2,1,0,0,35,16,16,0,0,0,0,0,2,2,40,10,0,0,0,0,0,0,0,0,0,0,0,0,0,0,4,40,1,1,0,1,1,0,1,0,2,77,3,4,1,0,48,0.75,0,0,1,2,0,0,0,0,0,1,0,0,34;44;48,43,,126,43,0,2,2,0,0,1,0,0,0,0,0,2,0,75,108,1,0,1,0,0,1,5,0,103
2008,8,WAS,REG,2008_08_WAS_DET,DET,23,28,328,1,0,3,-24,2,1,235,163,16,13.7118688429421,17.1099424362183,0,13,8,5,1,33,135,0,0,0,5,-5.55879463121528,0,4,3,1,0,23,0,328,1,0,0,235,163,16,24.6507548640632,0,13,8,5,1,1,38,0,6,0,0,2,1,6,4,0,0,6,0,0,0,0,0,0,0,0,0,1,0,0,0,0,8,67,4,2,0,0,2,1,5,99,2,43,4,5,1,0,47,0.8,0,1,0,3,0,0,0,0,0,0,1,0,25;47;45;42,50,,159,50,0,1,1,0,0,1,0,0,0,0,0,2,0,49,81,1,0,0,0,2,0,0,0,81
2008,9,ARI,REG,2008_09_ARI_STL,LA,23,34,342,2,0,1,-9,0,0,263,196,12,13.3450194820661,4.20643012313282,0,14,9,4,1,33,177,1,0,0,11,0.32680364564294,0,8,7,3,0,23,0,342,2,0,0,263,196,12,25.082167388569,0,14,9,4,1,0,45,2,2,0,0,2,2,16,2,2,40,5,1,0,0,0,0,0,0,0,0,1,0,1,0,0,10,69,4,0,1,0,1,0,5,15,3,54,2,2,0,0,36,1,0,0,2,0,0,0,0,0,0,0,0,0,36;30,,,66,0,0,4,4,0,0,1,0,0,0,0,0,5,0,47,211,2,0,1,0,0,4,34,0,177
2008,9,ATL,REG,2008_09_ATL_OAK,LV,17,22,220,2,0,3,-19,1,1,196,103,12,9.21975676223905,18.6640564174879,0,12,5,2,0,57,252,1,0,0,14,1.48140310443705,0,8,5,0,0,17,0,220,2,0,0,196,103,12,21.4926979590673,0,12,5,2,0,0,25,0,2,0,0,1,3,16,4,1,0,3,0,0,0,0,0,0,0,0,0,0,0,1,0,0,4,40,4,1,0,0,1,1,2,13,1,26,1,2,1,0,48,0.5,0,0,0,1,0,0,0,0,0,0,1,0,48,51,,48,51,0,3,3,0,0,1,0,0,0,0,0,1,1,33,33,1,0,0,0,1,0,0,0,33
2008,9,BAL,REG,2008_09_BAL_CLE,CLE,17,29,248,2,0,2,-12,0,0,234,125,13,14.1031295509622,1.81555444640773,0,11,6,3,1,41,193,1,0,0,8,-2.20233355409711,0,4,3,2,1,17,0,248,2,0,0,234,125,13,26.565986214322,0,11,6,3,1,0,39,8,8,0,0,1,1,9,4,1,42,5,1,0,0,0,0,0,0,0,0,0,0,1,6,0,7,42,4,0,0,0,0,0,5,26,4,34,3,3,0,0,41,1,0,1,1,1,0,0,0,0,0,0,0,0,41;32;22,,,95,0,0,4,4,0,0,1,0,0,0,0,0,6,0,57,250,2,1,0,1,1,3,41,0,189
2008,9,BUF,REG,2008_09_NYJ_BUF,NYJ,24,35,289,1,2,5,-27,1,1,276,120,13,-6.76158521893109,4.52704446656363,0,10,7,6,1,17,30,0,1,0,3,-5.44772611150984,0,0,0,0,0,24,0,289,1,1,0,276,120,13,24.0869739101753,0,10,7,6,1,0,32,9,13,0,0,0,0,0,1,1,42,7,1,0,0,0,0,0,0,0,0,2,0,0,0,0,7,45,6,2,1,0,3,1,0,0,7,179,1,2,1,0,53,0.5,0,0,0,0,1,0,0,0,0,1,0,0,53,43,,53,43,0,2,2,0,0,1,0,0,0,0,0,1,0,39,39,0,0,1,0,0,0,0,0,39
2008,9,CHI,REG,2008_09_DET_CHI,DET,17,33,166,1,1,1,0,0,0,289,60,9,-3.89820796921019,-5.52215692587197,0,7,4,1,0,30,154,2,0,0,9,5.29008644391433,0,4,3,1,0,17,0,166,1,0,0,289,60,9,10.3583517522202,0,7,4,1,0,0,51,11,11,0,0,1,2,12,8,2,44,7,0,0,0,0,1,0,0,0,0,0,0,1,0,0,3,25,5,1,0,0,1,1,2,21,4,65,2,2,0,0,41,1,0,0,1,1,0,0,0,0,0,0,0,0,36;41,,,77,0,0,3,3,0,0,1,0,0,0,0,0,7,0,51,266,2,1,1,0,3,2,31,0,235
2008,9,CIN,REG,2008_09_JAX_CIN,JAX,21,31,162,2,1,2,-9,0,0,262,56,8,-2.02365755365463,3.28484691919819,0,6,2,1,0,29,159,1,0,0,9,1.36553445510799,0,5,5,3,0,21,0,162,2,0,0,262,56,8,12.4281429130933,0,6,2,1,0,0,38,1,27,0,0,0,3,15,13,1,13,7,0,0,0,0,0,0,0,0,0,0,0,0,0,0,5,39,4,1,0,0,1,1,4,22,2,34,0,0,0,0,,,0,0,0,0,0,0,0,0,0,0,0,0,,,,0,0,0,3,3,0,0,1,0,0,0,0,0,7,0,42,248,4,0,3,0,2,2,14,0,234
2008,9,CLE,REG,2008_09_BAL_CLE,BAL,17,33,219,2,1,1,-9,0,0,243,88,12,-7.95986503271312,-7.10389418527484,0,11,6,4,0,23,64,0,0,0,1,-5.38841215614229,0,0,0,0,0,17,0,219,2,1,1,243,88,12,11.2660805833948,0,11,6,4,0,1,56,7,7,0,0,0,2,12,3,0,0,4,0,0,0,0,0,0,0,0,0,0,0,0,0,0,8,37,5,1,0,0,1,1,3,41,7,237,2,2,0,0,54,1,0,1,0,0,1,0,0,0,0,0,0,0,23;54,,,77,0,0,3,3,0,0,1,0,0,0,0,0,6,0,55,250,1,1,0,0,0,5,26,0,224
2008,9,DAL,REG,2008_09_DAL_NYG,NYG,14,27,134,1,3,4,-32,0,0,244,40,6,-15.1396852727048,-6.62169135533846,0,5,2,2,0,24,81,0,0,0,4,-4.78064641973469,0,2,2,1,0,14,0,134,1,1,1,244,40,6,8.16072929475922,0,5,2,2,0,0,36,23,23,0,0,2,3,18,3,1,23,2,1,0,0,0,0,0,0,0,0,0,0,2,0,0,9,55,3,1,0,0,1,1,1,6,5,108,0,0,0,0,,,0,0,0,0,0,0,0,0,0,0,0,0,,,,0,0,0,2,2,0,0,1,0,0,0,0,0,6,0,45,230,2,0,0,0,3,3,13,0,217
2008,9,DEN,REG,2008_09_MIA_DEN,MIA,24,46,307,2,3,1,-2,0,0,417,152,13,-7.02911550540685,-8.55992211235894,0,14,7,5,1,12,14,0,0,0,0,-6.21804377547232,0,0,0,0,0,24,0,307,2,0,0,417,152,13,19.8111153623811,0,14,7,5,1,0,40,7,19,0,0,0,3,15,4,1,13,8,0,0,0,0,0,0,0,0,0,0,0,0,0,0,10,81,1,0,0,0,0,0,1,16,5,182,1,2,1,0,50,0.5,0,0,0,0,1,0,0,0,0,1,0,0,50,49,,50,49,0,2,2,0,0,1,0,0,0,0,0,4,0,61,185,3,0,1,0,1,2,6,0,179
2008,9,DET,REG,2008_09_DET_CHI,CHI,28,47,292,2,2,2,-12,1,0,464,88,17,0.100325802511881,8.16728980703787,0,16,6,1,0,26,53,1,0,0,4,-2.77368265500991,0,1,0,0,0,28,0,292,2,1,1,464,88,17,19.7783677388215,0,16,6,1,0,0,46,8,8,0,0,1,1,0,3,1,-4,5,0,0,0,0,0,0,0,0,0,1,0,1,0,0,4,36,4,1,1,0,2,1,2,31,6,137,1,1,0,0,52,1,0,0,0,0,1,0,0,0,0,0,0,0,52,,,52,0,0,2,3,0,1,0.666666666666667,0,0,0,0,0,6,0,50,254,1,1,0,1,2,2,21,0,213
2008,9,GB,REG,2008_09_GB_TEN,TEN,22,41,314,1,1,4,-26,1,1,326,201,12,-5.23364502708018,-7.18578968833133,0,12,7,6,2,24,102,0,0,0,5,0.859480306971818,0,3,3,0,0,22,0,314,1,0,0,326,201,12,22.1890269194268,0,12,7,6,2,0,42,18,18,0,0,0,2,11,2,0,0,8,0,0,0,0,0,0,0,0,0,0,0,0,0,0,4,41,4,1,0,0,1,1,3,27,3,97,3,3,0,0,38,1,0,2,1,0,0,0,0,0,0,0,0,0,23;25;38,,,86,0,0,1,1,0,0,1,0,0,0,0,0,3,0,55,133,1,0,1,0,1,1,13,0,120
2008,9,HOU,REG,2008_09_HOU_MIN,MIN,32,45,363,2,2,5,-36,2,1,264,209,17,0.266323332471075,1.84918509589301,0,15,9,6,0,16,62,0,0,0,3,-4.16426852703444,0,1,1,0,0,32,0,363,2,0,0,264,209,17,30.4661495677428,0,15,9,6,0,0,40,5,19,0,0,0,3,14,3,1,44,1,1,0,0,0,0,0,0,0,0,1,0,0,0,0,5,35,6,2,0,0,2,1,2,-1,5,101,0,0,0,0,,,0,0,0,0,0,0,0,0,0,0,0,0,,,,0,0,0,3,3,0,0,1,0,0,0,0,0,4,0,55,161,1,0,0,1,1,2,5,0,136
2008,9,IND,REG,2008_09_NE_IND,NE,21,29,254,2,0,0,0,0,0,234,92,16,17.4727563072608,9.57673448940803,1,13,6,3,0,21,47,0,0,0,2,-7.37820961110992,0,0,0,0,0,21,0,254,2,0,0,234,92,16,23.2344129911363,1,13,6,3,0,0,47,15,15,0,0,1,0,0,4,1,0,3,0,0,0,0,0,0,0,0,0,0,0,1,0,0,1,0,5,0,0,0,0,0,1,2,4,93,1,1,0,0,52,1,0,0,0,0,1,0,0,0,0,0,0,0,52,,,52,0,0,1,1,0,0,1,0,0,0,0,0,3,0,58,163,0,0,0,1,0,2,24,0,119
2008,9,JAX,REG,2008_09_JAX_CIN,CIN,23,38,229,0,1,3,-15,0,0,352,102,12,-6.06943717348811,6.74780723121431,0,8,5,2,0,21,68,1,0,0,6,-0.262056868523359,0,0,0,0,0,23,0,229,0,0,0,352,105,12,15.3149960896845,0,8,5,2,0,0,50,0,10,0,0,1,2,9,3,1,4,4,0,0,0,0,0,0,0,0,0,1,7,1,18,1,12,86,4,0,1,0,1,0,2,14,4,83,2,2,0,0,52,1,0,1,0,0,1,0,0,0,0,0,0,0,52;26,,,78,0,0,1,1,0,0,1,0,0,0,0,0,6,0,52,270,2,1,0,0,1,4,22,0,248
2008,9,KC,REG,2008_09_TB_KC,TB,15,26,201,2,0,1,0,0,0,229,64,9,6.92174347565086,2.14499487326695,0,6,4,3,1,36,183,1,1,1,9,1.12048332748236,0,5,3,1,0,15,0,201,2,0,0,229,64,9,16.184202851553,0,6,4,3,1,0,45,18,18,0,0,3,0,0,3,1,35,5,0,0,0,0,0,0,0,0,0,0,0,3,0,0,7,60,6,1,0,0,1,1,2,9,4,72,2,2,0,0,39,1,0,1,1,0,0,0,0,0,0,0,0,0,39;28,,,67,0,0,3,3,0,0,1,0,0,0,0,0,5,0,58,223,0,0,0,3,0,2,27,0,136
2008,9,LA,REG,2008_09_ARI_STL,ARI,16,33,186,2,2,2,-16,1,1,352,61,7,-14.9632878268166,-14.2603947357698,0,5,1,1,1,20,61,0,1,0,5,-5.26350852887845,0,3,2,0,0,16,0,186,2,0,0,352,61,7,13.123824487193,0,5,1,1,1,0,60,1,1,0,0,0,1,9,4,0,0,4,0,0,0,0,0,0,0,0,0,1,0,0,0,0,4,41,3,2,0,0,2,1,4,34,7,146,0,0,0,0,,,0,0,0,0,0,0,0,0,0,0,0,0,,,,0,0,0,1,1,0,0,1,0,0,0,0,0,7,0,52,353,3,1,1,0,0,5,15,0,338
2008,9,LV,REG,2008_09_ATL_OAK,ATL,6,19,31,0,1,4,-21,2,1,98,24,0,-23.0043363331934,-34.5254479085698,0,0,0,0,0,11,67,0,0,0,3,-1.33948763890658,0,3,3,2,0,6,0,31,0,0,0,98,24,0,0.452445514616557,0,0,0,0,0,0,59,9,27,0,0,1,3,19,2,0,0,1,0,0,0,1,0,0,0,0,0,1,0,1,0,0,7,55,2,1,1,0,2,1,0,0,5,123,0,0,0,0,,,0,0,0,0,0,0,0,0,0,0,0,0,,,,0,0,0,0,0,0,0,,0,0,0,0,0,6,0,64,301,2,1,3,0,0,2,13,0,288
2008,9,MIA,REG,2008_09_MIA_DEN,DEN,23,40,281,0,1,3,-15,0,0,327,119,16,4.32741107087336,-4.32916149497032,0,15,5,3,0,29,75,1,0,0,4,-4.225011039997,0,1,1,1,0,23,0,281,0,0,0,327,119,16,23.7269772369182,0,15,5,3,0,0,38,2,4,0,0,0,1,2,1,3,35,11,1,0,0,0,0,0,0,0,0,0,0,0,0,0,2,42,2,0,0,0,0,0,2,6,1,41,4,4,0,0,47,1,0,1,0,3,0,0,0,0,0,0,0,0,45;47;23;41,,,156,0,0,2,2,0,0,1,0,0,0,0,0,5,0,71,229,2,2,0,1,1,1,16,0,193
2008,9,MIN,REG,2008_09_HOU_MIN,HOU,11,18,182,3,1,3,-14,0,0,192,89,5,-2.45419239223702,-1.14844905005561,0,4,3,3,2,35,177,1,0,0,10,-2.32914241892286,0,4,4,3,1,11,0,182,3,0,0,192,89,5,14.2839877862716,0,4,3,3,2,0,48,5,13,0,0,2,5,36,5,2,4,6,0,0,0,0,0,0,0,0,0,0,0,1,0,0,3,20,2,0,0,0,0,0,2,5,3,53,0,0,0,0,,,0,0,0,0,0,0,0,0,0,0,0,0,,,,0,0,0,4,4,0,0,1,0,0,0,0,0,6,0,57,264,4,2,1,0,1,2,-1,0,265
2008,9,NE,REG,2008_09_NE_IND,IND,26,35,202,0,1,0,0,0,0,261,129,12,7.66689332295073,8.78775592361178,0,11,2,1,0,32,140,1,0,0,10,0.77785738082976,0,2,1,0,0,26,0,202,0,1,1,261,129,12,12.5595599632273,0,11,2,1,0,0,36,10,10,0,0,0,0,0,2,0,0,5,0,0,0,0,0,0,0,0,0,0,0,0,0,0,2,20,3,1,0,0,1,1,2,24,4,96,3,3,0,0,35,1,0,2,1,0,0,0,0,0,0,0,0,0,29;35;25,,,89,0,0,0,0,0,0,,0,0,0,0,0,1,0,64,64,1,0,0,0,0,1,2,0,62
2008,9,NYG,REG,2008_09_DAL_NYG,DAL,16,27,147,3,1,4,-28,2,2,206,34,8,-9.40942416267353,-2.56764436209643,0,6,2,1,0,34,200,2,0,0,12,7.45980453837547,0,6,6,2,0,16,0,147,3,1,0,206,34,8,16.530454234191,0,6,2,1,0,0,29,20,20,0,0,1,4,32,7,3,67,6,0,0,0,0,0,0,0,0,0,1,0,1,0,0,8,65,4,2,1,0,3,2,3,13,3,54,0,0,0,0,,,0,0,0,0,0,0,0,0,0,0,0,0,,,,0,0,0,5,5,0,0,1,0,0,0,0,0,4,0,44,161,3,2,0,0,1,1,6,0,155
2008,9,NYJ,REG,2008_09_NYJ_BUF,BUF,19,28,201,0,1,0,0,0,0,141,119,10,1.59564333932273,-0.105665730578559,0,7,2,2,1,25,96,1,1,0,6,-0.907704528489547,0,2,1,1,0,19,0,201,0,0,0,141,119,10,15.4666904801929,0,7,2,2,1,0,39,5,17,0,0,2,5,27,8,2,92,7,1,0,0,0,0,0,0,0,0,1,-2,1,0,0,5,34,4,0,1,0,1,0,0,0,3,70,4,5,1,0,37,0.8,0,2,2,0,0,0,0,0,1,0,0,0,37;26;20;31,37,,114,37,0,2,2,0,0,1,0,0,0,0,0,1,0,46,46,1,0,0,0,1,0,0,0,46
2008,9,PHI,REG,2008_09_PHI_SEA,SEA,28,43,349,2,1,1,-2,0,0,327,203,16,9.70815198476489,6.58023728103172,0,13,9,6,1,28,72,0,1,0,3,-3.94094624801073,0,0,0,0,0,28,0,349,2,0,0,327,203,16,29.0082910865908,0,13,9,6,1,0,43,4,4,0,0,0,4,22,8,0,0,8,0,1,0,0,0,0,0,0,0,0,0,0,0,0,1,15,3,1,1,2,2,0,5,50,2,63,4,4,0,0,42,1,0,1,2,1,0,0,0,0,0,0,0,0,39;24;42;39,,,144,0,0,2,2,0,0,1,0,0,0,0,0,5,0,50,235,2,0,1,0,0,4,28,0,207
2008,9,PIT,REG,2008_09_PIT_WAS,WAS,12,27,179,1,1,5,-19,0,0,262,72,10,0.132020728932887,-12.6904829784676,0,7,3,2,1,29,64,2,0,0,4,-4.2293033649039,0,1,1,0,0,12,0,179,1,0,0,262,72,10,21.5425697354076,0,7,3,2,1,0,43,9,15,0,0,0,7,45,12,2,16,13,0,1,0,1,0,0,0,0,4,1,0,0,0,0,4,41,3,1,0,0,1,0,4,30,3,60,1,1,0,0,35,1,0,0,1,0,0,0,0,0,0,0,0,0,35,,,35,0,0,2,3,1,0,0.666666666666667,0,0,0,0,0,8,0,48,290,0,0,0,0,5,3,19,0,271
2008,9,SEA,REG,2008_09_PHI_SEA,PHI,13,29,169,1,0,4,-22,0,0,266,95,2,-12.3195218400797,-12.185527490718,0,2,2,2,1,22,86,0,0,0,7,1.10129707260057,0,4,2,1,0,13,0,169,1,0,0,266,95,2,6.15038151462795,0,2,2,2,1,0,54,5,7,0,0,1,1,2,7,1,0,5,0,0,0,0,0,0,0,0,0,0,0,0,0,0,4,20,6,0,0,0,0,0,4,28,5,123,0,0,0,0,,,0,0,0,0,0,0,0,0,0,0,0,0,,,,0,0,0,1,1,0,0,1,0,0,0,0,0,11,0,61,508,2,1,1,3,1,5,50,0,398
2008,9,TB,REG,2008_09_TB_KC,KC,32,44,342,2,1,0,0,0,0,301,146,19,16.1618794985239,10.8001683584668,1,15,8,5,0,25,81,0,2,2,4,-13.373028028437,0,1,0,0,0,32,0,342,2,1,1,301,146,19,24.0829531983596,1,15,8,5,0,1,43,11,11,0,0,1,1,0,3,0,0,5,0,0,0,0,0,0,0,0,0,0,0,1,0,0,7,47,6,3,0,0,3,3,2,27,7,254,3,3,0,0,43,1,0,1,1,1,0,0,0,0,0,0,0,0,25;43;34,,,102,0,0,1,1,0,0,1,1,1,0,0,34,3,0,50,138,0,0,0,1,0,2,9,0,109
2008,9,TEN,REG,2008_09_GB_TEN,GB,18,37,180,0,0,2,-11,0,0,295,83,9,-4.07597355096663,-14.8391120337151,0,8,4,2,0,36,178,1,0,0,10,1.43268524837276,0,2,2,1,1,18,0,180,0,0,0,295,83,9,10.7538549914355,0,8,4,2,0,0,43,11,13,0,0,1,4,26,5,1,0,8,0,0,0,0,0,0,0,0,0,0,0,1,0,0,2,15,4,0,0,0,0,0,1,13,6,144,4,5,1,0,41,0.8,0,2,1,1,0,0,0,0,0,1,0,0,31;25;22;41,47,,119,47,0,1,1,0,0,1,1,1,0,0,41,6,0,60,259,2,1,1,0,1,3,27,0,232
2008,9,WAS,REG,2008_09_PIT_WAS,PIT,24,43,206,0,2,7,-45,0,0,231,123,10,-24.6388765522474,-9.66001451015472,0,9,2,1,0,15,60,0,0,0,2,-3.76284267785468,0,1,1,1,0,24,0,206,0,0,0,231,123,10,8.23547917994438,0,9,2,1,0,0,32,18,24,0,0,1,5,19,9,1,0,10,0,0,0,0,0,0,0,0,0,0,0,0,0,0,5,78,6,0,0,0,0,0,3,19,4,75,2,2,0,0,44,1,0,0,0,2,0,0,0,0,0,0,0,0,44;43,,,87,0,0,0,0,0,0,,0,0,0,0,0,6,1,55,262,1,0,0,1,1,4,30,0,212
2008,10,ARI,REG,2008_10_SF_ARI,SF,32,42,328,3,0,0,0,0,0,262,121,17,15.4727077060597,11.3988195146833,0,12,8,3,1,19,46,0,0,0,2,-6.99645799460659,0,2,2,0,0,32,0,328,3,0,0,262,121,17,26.2381998463681,0,12,8,3,1,0,41,5,5,0,0,0,0,0,3,2,43,9,0,0,0,0,0,0,0,0,0,0,0,1,0,0,10,71,4,0,0,0,0,0,2,32,5,106,3,3,0,0,33,1,0,2,1,0,0,0,0,0,0,0,0,0,28;33;23,,,84,0,0,2,2,0,0,1,0,0,0,0,0,5,0,52,176,2,1,1,0,1,2,28,0,148
2008,10,ATL,REG,2008_10_NO_ATL,NO,16,23,248,2,0,0,0,0,0,249,114,11,11.4992741002052,8.74336012031721,0,11,4,3,1,36,113,1,0,0,6,-5.13603294908535,0,2,2,1,0,16,0,248,2,0,0,249,114,11,19.6516796699122,0,11,4,3,1,0,37,13,13,0,0,1,1,6,4,3,127,15,1,0,0,0,0,0,0,0,0,0,0,0,0,0,2,25,2,0,0,0,0,0,2,33,2,73,2,2,0,0,27,1,0,2,0,0,0,0,0,0,0,0,0,0,22;27,,,49,0,0,4,4,0,0,1,0,0,0,0,0,4,0,44,141,3,0,1,0,3,0,0,0,141
2008,10,BAL,REG,2008_10_BAL_HOU,HOU,16,24,199,3,0,3,-28,0,0,303,73,8,6.07374084013512,12.1258261303107,1,8,5,4,1,40,162,2,1,0,14,6.0861127297394,0,2,1,0,0,16,0,199,3,0,0,303,73,8,17.1093145478081,1,8,5,4,1,0,28,15,17,0,0,0,2,14,5,4,46,7,0,0,1,0,0,0,0,0,0,1,-5,0,0,0,7,55,3,0,1,0,1,0,1,3,3,66,1,2,1,0,54,0.5,0,0,0,0,1,0,0,0,0,0,1,0,54,50,,54,50,0,4,4,0,0,1,0,0,0,0,0,4,0,74,200,3,1,0,1,2,0,0,0,180
2008,10,BUF,REG,2008_10_BUF_NE,NE,13,23,120,1,2,2,-12,0,0,176,37,8,-6.19254499918316,-4.03787960176883,0,5,0,0,0,18,60,0,0,0,2,-2.52581553687453,0,0,0,0,0,13,0,120,1,0,0,176,37,8,12.4959626586642,0,5,0,0,0,0,29,34,36,0,0,1,1,8,3,0,0,4,0,0,0,0,0,0,0,0,0,0,0,1,0,0,3,22,6,0,0,0,0,0,0,0,3,138,1,1,0,0,25,1,0,1,0,0,0,0,0,0,0,0,0,0,25,,,25,0,0,1,1,0,0,1,0,0,0,0,0,5,0,60,208,4,0,1,0,3,1,10,0,198
2008,10,CAR,REG,2008_10_CAR_OAK,LV,7,27,72,1,4,2,-15,0,0,281,31,4,-22.3290807918302,-31.6182269404332,0,2,1,1,0,28,162,1,0,0,4,1.23432917310856,0,3,3,2,1,7,0,72,1,0,0,281,22,4,6.35688457073411,0,2,1,1,0,0,58,8,10,0,0,3,5,35,3,2,11,6,0,0,0,0,0,0,0,0,0,0,0,1,0,0,4,40,3,0,0,0,0,0,7,123,1,59,1,2,1,0,32,0.5,0,0,1,0,0,0,0,0,0,0,1,0,32,54,,32,54,0,2,2,0,0,1,0,0,0,0,0,9,0,50,372,4,0,1,0,1,7,17,0,355
2008,10,CHI,REG,2008_10_TEN_CHI,TEN,20,37,173,1,1,2,-8,0,0,316,78,8,-8.68045660068642,-7.76670051587595,0,6,3,1,0,24,78,1,0,0,6,-2.1616061492532,0,1,1,0,0,20,0,173,1,0,0,316,78,8,12.4618904650561,0,6,3,1,0,0,50,11,11,0,0,0,1,5,3,0,0,4,0,0,0,0,0,0,0,0,0,0,0,1,0,0,3,20,5,0,0,0,0,0,2,13,4,99,0,1,0,1,,0,0,0,0,0,0,0,0,0,0,0,0,0,,,48,0,0,48,2,2,0,0,1,0,0,0,0,0,8,0,45,313,0,1,1,1,1,4,43,0,250
2008,10,CLE,REG,2008_10_DEN_CLE,DEN,23,35,239,2,0,0,0,0,0,174,150,10,9.62260613114854,1.4078608580998,0,9,5,1,0,29,160,1,0,0,9,5.22681196566555,0,6,6,3,0,23,0,239,2,1,1,174,150,10,14.5535978994014,0,9,5,1,0,0,43,11,11,0,0,0,1,6,2,1,13,9,0,0,0,0,0,0,0,0,0,0,0,0,0,0,3,20,2,1,0,0,1,1,1,5,5,135,3,3,0,0,52,1,0,1,1,0,1,0,0,0,0,0,0,0,24;52;33,,,109,0,0,3,3,0,0,1,0,0,0,0,0,2,0,51,89,2,0,0,0,1,1,2,0,87
2008,10,DEN,REG,2008_10_DEN_CLE,CLE,24,42,447,3,1,1,-6,0,0,489,184,15,23.6062892378869,0.192009312350576,0,16,10,7,1,28,123,1,0,0,10,2.22857507463777,0,3,2,0,0,24,0,447,3,0,0,489,184,15,38.0505910052642,0,16,10,7,1,0,48,7,7,0,0,1,0,0,4,0,0,1,0,0,0,0,0,0,0,0,0,0,0,1,0,0,3,30,5,0,0,0,0,0,1,2,5,90,2,3,1,0,35,0.666666666666667,0,0,2,0,0,0,0,0,1,0,0,0,35;30,38,,65,38,0,4,4,0,0,1,0,0,0,0,0,1,0,29,29,0,0,0,0,0,1,5,0,24
2008,10,DET,REG,2008_10_JAX_DET,JAX,11,18,198,1,1,7,-45,0,0,255,41,7,-5.39709232192157,6.29844349973342,0,7,4,4,2,27,103,1,0,0,5,0.937257993093226,0,2,2,1,0,11,0,198,1,0,0,255,41,7,14.9181707044142,0,7,4,4,2,0,40,1,21,0,0,0,1,11,4,0,0,2,0,0,0,0,0,0,0,0,0,1,0,0,0,0,6,46,4,1,0,0,1,0,1,8,5,112,0,1,0,1,,0,0,0,0,0,0,0,0,0,0,0,0,0,,,33,0,0,33,2,2,0,0,1,0,0,0,0,0,4,0,53,181,0,0,0,0,1,3,23,0,158
2008,10,GB,REG,2008_10_GB_MIN,MIN,15,26,142,0,0,4,-32,0,0,149,86,6,-8.45695992433451,-6.51639550924301,0,6,1,0,0,18,74,1,0,0,4,-0.6251597647788,0,3,3,0,0,15,0,142,0,1,0,149,79,6,8.97349039538546,0,6,1,0,0,1,43,15,27,0,0,1,2,10,3,3,87,5,1,0,0,0,0,0,0,0,0,2,0,0,0,0,10,80,3,2,0,0,2,0,2,75,5,93,2,3,1,0,47,0.666666666666667,0,0,0,2,0,0,0,0,0,0,1,0,47;40,52,,87,52,0,3,3,0,0,1,0,1,1,0,52,7,0,42,281,2,2,0,0,1,4,36,0,245
2008,10,HOU,REG,2008_10_BAL_HOU,BAL,23,38,294,1,4,2,-14,0,0,315,121,12,-17.1527550158165,-2.88857366693647,0,8,6,4,2,16,75,0,0,0,5,0.303552143954581,0,3,2,0,0,23,0,294,1,0,0,315,121,12,20.0678939985228,0,8,6,4,2,0,34,23,23,0,0,0,3,28,7,0,0,4,0,0,0,0,0,0,0,0,0,0,0,0,0,0,10,76,6,0,0,0,0,0,0,0,6,126,2,2,0,0,48,1,0,1,0,1,0,0,0,0,0,0,0,0,23;48,,,71,0,0,1,1,0,0,1,0,0,0,0,0,3,0,50,139,0,0,1,0,1,1,3,0,136
2008,10,IND,REG,2008_10_IND_PIT,PIT,21,40,240,3,0,2,-12,0,0,457,82,11,8.46794128591714,-4.25709381699562,0,9,4,1,1,19,62,0,0,0,5,-0.0842339678783901,0,1,0,0,0,21,0,240,3,0,0,457,82,11,25.0860245805234,0,9,4,1,1,0,37,15,37,0,0,1,2,13,3,3,8,4,0,0,0,0,0,0,0,0,0,0,0,0,0,0,6,45,3,0,0,0,0,0,1,3,5,85,1,1,0,0,36,1,0,0,1,0,0,0,0,0,0,0,0,0,36,,,36,0,0,3,3,0,0,1,0,0,0,0,0,6,0,52,255,1,0,1,0,1,4,40,0,215
2008,10,JAX,REG,2008_10_JAX_DET,DET,18,27,238,2,0,1,-11,0,0,251,83,12,17.7227863539598,7.48050146632724,0,11,6,4,0,33,157,3,0,0,11,6.49370414245641,0,6,4,1,0,18,0,238,2,0,0,251,83,12,25.3548386026523,0,11,6,4,0,0,45,0,8,0,0,1,7,45,9,1,14,4,0,0,0,0,0,1,0,0,34,0,0,0,0,0,5,33,1,0,0,0,0,0,3,23,1,10,1,1,0,0,34,1,0,0,1,0,0,0,0,0,0,0,0,0,34,,,34,0,0,5,5,0,0,1,0,0,0,0,0,2,0,50,77,2,0,0,0,1,1,8,0,69
2008,10,KC,REG,2008_10_KC_SD,LAC,27,41,266,3,0,1,-3,0,0,284,84,13,8.81958875129954,2.45921800776226,0,9,5,4,0,18,76,0,0,0,5,-3.22221115918364,0,2,1,1,0,27,0,266,3,0,0,284,84,13,20.6987111783531,0,9,5,4,0,0,40,15,15,0,0,1,2,8,3,2,4,2,0,0,0,0,0,0,0,0,0,0,0,0,0,0,3,16,5,0,0,0,0,0,1,-1,4,105,0,0,0,0,,,0,0,0,0,0,0,0,0,0,0,0,0,,,,0,0,0,1,1,0,0,1,0,0,0,0,0,6,0,48,244,4,0,4,0,1,1,-2,0,246
2008,10,LA,REG,2008_10_STL_NYJ,NYJ,11,23,135,0,2,2,-15,1,1,169,83,6,-20.6181265336441,-15.6617684856705,0,6,5,3,0,21,80,0,1,1,2,-5.93750738378731,0,4,4,0,0,11,0,135,0,1,1,169,83,6,6.10803134815069,0,6,5,3,0,0,37,22,22,0,0,0,0,0,0,0,0,2,0,0,0,0,0,0,0,0,0,0,0,0,0,0,4,25,2,3,0,0,3,3,1,4,7,131,1,1,0,0,37,1,0,0,1,0,0,0,0,0,0,0,0,0,37,,,37,0,0,0,0,0,0,,0,0,0,0,0,4,0,57,207,0,0,0,0,0,4,49,0,158
2008,10,LAC,REG,2008_10_KC_SD,KC,27,36,316,2,2,2,-8,0,0,314,115,18,11.0372907138237,13.3886499915804,0,15,7,4,0,26,92,0,0,0,3,-5.97462955806986,0,2,1,0,0,27,0,316,2,0,0,314,104,18,27.549651762296,0,15,7,4,0,0,33,16,16,0,0,0,1,3,1,0,0,3,0,0,0,0,0,0,0,0,0,0,0,0,0,0,5,37,2,1,0,1,1,0,1,-2,1,26,2,2,0,0,34,1,0,1,1,0,0,0,0,0,0,0,0,0,34;26,,,60,0,0,2,2,0,0,1,0,0,0,0,0,3,0,54,132,2,0,2,0,0,1,-1,0,133
2008,10,LV,REG,2008_10_CAR_OAK,CAR,15,34,147,0,2,5,-35,2,0,215,102,9,-16.8918204879393,-19.899530907472,0,8,1,1,0,36,147,0,2,0,7,-8.28950504019437,0,5,3,0,0,15,0,147,0,0,0,215,98,9,7.21692019328475,0,8,1,1,0,0,34,7,13,0,0,0,2,15,2,4,8,9,0,0,0,0,0,0,0,0,0,4,-17,0,0,0,10,83,6,3,2,0,5,1,7,17,4,72,2,3,1,0,45,0.666666666666667,0,0,1,1,0,0,0,0,0,0,1,0,38;45,58,,83,58,0,0,0,0,0,,0,0,0,0,0,11,0,63,556,2,0,1,1,2,7,123,0,413
2008,10,MIA,REG,2008_10_SEA_MIA,SEA,22,36,209,1,1,2,-3,0,0,245,82,12,-1.22596320422599,-2.78498257199923,0,7,2,1,0,27,155,2,0,0,8,4.99785535334377,0,4,3,1,1,22,0,209,1,0,0,245,82,12,15.5958846792346,0,7,2,1,0,0,42,3,15,0,0,0,3,13,7,0,0,6,0,0,0,0,0,0,0,0,0,0,0,0,0,0,4,29,4,0,0,0,0,0,3,18,3,88,0,0,0,0,,,0,0,0,0,0,0,0,0,0,0,0,0,,,,0,0,0,3,3,0,0,1,0,0,0,0,0,5,0,55,230,1,2,0,0,0,3,49,0,181
2008,10,MIN,REG,2008_10_GB_MIN,GB,15,28,151,2,3,2,-10,0,0,137,119,8,-16.133202277474,-17.4845567771367,0,6,2,1,1,41,220,1,1,0,9,-0.318476944346912,0,7,5,3,0,15,0,151,2,0,0,137,119,8,13.7994828033843,0,6,2,1,1,0,35,7,11,0,0,2,4,32,6,0,0,1,0,0,2,0,0,0,0,0,0,1,0,0,0,0,7,55,5,1,0,0,1,0,4,36,5,96,1,2,1,0,54,0.5,0,0,0,0,1,0,0,0,0,1,0,0,54,47,,54,47,0,3,3,0,0,1,0,0,0,0,0,5,0,51,175,4,1,0,0,2,2,75,1,100
2008,10,NE,REG,2008_10_BUF_NE,BUF,23,34,234,0,0,1,-8,1,1,275,100,11,6.79403818603734,2.95140383874669,0,10,4,2,0,43,144,2,0,0,11,-0.897256273766393,0,5,3,0,0,23,0,234,0,0,0,275,100,11,16.5921914619976,0,10,4,2,0,0,15,20,20,0,0,0,2,12,5,2,6,3,0,0,0,0,0,0,0,0,0,0,0,0,0,0,2,15,2,1,0,0,1,1,1,10,1,13,2,3,1,0,37,0.666666666666667,0,0,2,0,0,0,0,0,0,1,0,0,32;37,49,,69,49,0,2,2,0,0,1,0,0,0,0,0,2,0,46,83,2,0,0,0,2,0,0,0,83
2008,10,NO,REG,2008_10_NO_ATL,ATL,31,58,422,2,3,1,-6,0,0,656,93,20,-4.726250327835,-5.57988685156618,0,19,11,6,1,17,105,0,0,0,5,4.96057650720468,0,2,2,1,0,31,0,422,2,1,0,656,93,20,36.1019622066962,0,19,11,6,1,0,36,14,14,0,0,0,0,0,0,0,0,1,0,0,0,0,0,0,0,0,0,0,0,0,0,0,7,45,5,1,0,1,1,0,0,0,5,127,2,2,0,0,44,1,0,1,0,1,0,0,0,0,0,0,0,0,24;44,,,68,0,0,2,2,0,0,1,0,0,0,0,0,3,0,56,145,0,1,0,0,0,2,33,0,112
2008,10,NYG,REG,2008_10_NYG_PHI,PHI,17,31,191,2,1,1,-9,0,0,160,75,13,2.90700406144952,-5.64471790867467,0,11,4,2,0,45,219,2,3,1,11,2.89649739556122,0,4,2,2,0,17,0,191,2,0,0,160,75,13,19.083804559472,0,11,4,2,0,0,38,1,5,0,0,1,0,0,2,1,21,4,0,0,0,0,0,0,0,0,0,1,0,1,12,0,4,30,4,3,0,1,3,1,2,45,4,79,3,3,0,0,28,1,0,3,0,0,0,0,0,0,0,0,0,0,27;26;28,,,81,0,0,3,3,0,0,1,0,0,0,0,0,3,0,51,130,3,3,0,0,0,0,0,0,130
2008,10,NYJ,REG,2008_10_STL_NYJ,LA,14,19,167,1,0,0,0,0,0,175,55,7,9.80917971956864,15.1341522994794,0,5,3,2,1,43,206,3,1,0,15,3.37595226133132,0,9,6,1,0,14,0,167,1,0,0,175,55,7,13.756263035107,0,5,3,2,1,0,22,18,20,0,0,3,2,15,3,2,91,6,0,0,0,0,0,0,0,0,0,1,-5,3,69,1,5,24,3,0,1,0,1,0,4,49,1,23,4,4,0,0,55,1,0,1,0,2,1,0,0,0,0,0,0,0,22;49;46;55,,,172,0,0,5,5,0,0,1,0,0,0,0,0,1,0,36,36,0,0,0,0,0,1,4,0,32
2008,10,PHI,REG,2008_10_NYG_PHI,NYG,17,36,194,3,1,0,0,0,0,289,62,10,0.959894204545899,-11.6626418488366,0,8,6,2,0,21,106,1,0,0,5,0.504601421853295,0,4,2,1,0,17,0,194,3,0,0,289,62,10,18.2046441343264,0,8,6,2,0,0,59,6,8,0,0,3,1,9,3,1,21,3,0,0,0,0,0,0,0,0,0,0,0,1,0,0,5,45,6,1,0,0,1,1,0,0,8,220,1,1,0,0,29,1,0,1,0,0,0,0,0,0,0,0,0,0,29,,,29,0,0,4,4,0,0,1,0,0,0,0,0,5,0,62,228,2,0,0,1,2,2,45,0,163
2008,10,PIT,REG,2008_10_IND_PIT,IND,30,42,284,0,3,2,-13,1,0,325,99,12,1.14634571792326,4.49018936072077,0,10,6,3,1,26,55,2,0,0,6,-2.68870037357556,0,0,0,0,0,30,0,284,0,0,0,325,99,12,20.2511409822037,0,10,6,3,1,0,32,10,18,0,0,0,2,12,5,0,0,5,0,0,0,0,0,0,0,0,0,1,0,0,0,0,3,20,3,1,0,0,1,0,4,40,5,106,2,2,0,0,42,1,0,1,0,1,0,0,0,0,0,0,0,0,42;24,,,66,0,0,2,2,0,0,1,0,0,0,0,0,3,0,43,113,2,0,0,0,2,1,3,0,110
2008,10,SEA,REG,2008_10_SEA_MIA,MIA,21,38,185,1,0,3,-13,0,0,336,57,12,-0.990002327993948,-2.64870959359246,0,11,1,1,0,23,126,0,0,0,8,1.74527693627169,0,5,3,1,0,21,0,185,1,0,0,336,57,12,12.3163557530655,0,11,1,1,0,0,49,3,3,0,0,0,2,3,3,1,35,4,1,0,0,0,0,0,0,0,0,0,0,0,0,0,5,25,3,0,0,0,0,0,3,49,3,98,2,2,0,0,37,1,0,1,1,0,0,0,0,0,0,0,0,0,37;27,,,64,0,0,1,1,0,0,1,0,0,0,0,0,5,0,51,198,2,0,0,1,1,3,18,0,160
2008,10,SF,REG,2008_10_SF_ARI,ARI,19,40,217,2,2,0,0,0,0,366,65,10,-0.395903440046823,-13.0112619736256,0,10,4,3,0,28,119,0,1,1,7,-8.14030781826988,0,2,2,1,0,19,0,217,2,0,0,366,65,10,21.1396558835404,0,10,4,3,0,1,50,7,7,0,0,0,0,0,5,0,0,2,0,0,0,0,0,0,0,0,0,0,-2,0,0,0,10,93,7,0,1,0,1,1,2,28,6,212,1,1,0,0,41,1,0,0,0,1,0,0,0,0,0,0,0,0,41,,,41,0,0,3,3,0,0,1,0,0,0,0,0,4,0,63,212,1,0,0,1,1,2,32,0,160
2008,10,TEN,REG,2008_10_TEN_CHI,CHI,30,41,289,2,0,1,-5,0,0,365,93,17,13.5417339904976,12.5581407328931,0,15,5,2,0,29,20,1,2,1,2,-16.1768490919494,0,0,0,0,0,30,0,289,2,0,0,365,93,17,22.8148821984229,0,15,5,2,0,0,41,8,8,0,0,0,2,8,2,1,13,7,0,0,0,0,0,1,0,0,0,1,-3,0,0,0,8,55,5,0,2,0,2,1,4,43,2,46,0,1,1,0,,0,0,0,0,0,0,0,0,0,0,1,0,0,,49,,0,49,0,3,3,0,0,1,0,0,0,0,0,8,0,55,302,5,2,2,0,2,2,13,0,289
2008,11,ARI,REG,2008_11_ARI_SEA,SEA,32,44,395,1,1,2,-13,1,1,330,156,18,10.492295033012,12.9732998354094,0,13,6,5,2,24,76,1,0,0,6,-2.58565713290591,0,4,4,0,0,32,0,395,1,1,0,330,156,18,30.940061338295,0,13,6,5,2,0,43,5,5,0,0,2,2,17,6,3,19,8,0,1,0,0,0,0,0,0,0,1,0,1,0,0,8,52,4,3,0,0,3,2,2,19,1,25,4,4,0,0,54,1,0,1,1,1,1,0,0,0,0,0,0,0,38;48;54;26,,,166,0,0,2,2,0,0,1,0,0,0,0,0,2,0,48,77,0,1,0,0,0,1,20,0,57
2008,11,ATL,REG,2008_11_DEN_ATL,DEN,20,33,250,0,1,0,0,0,0,382,99,13,9.16034001636366,-1.20411370739792,0,10,2,2,0,35,114,2,0,0,6,-5.85123350593494,0,2,2,1,0,20,0,250,0,0,0,382,99,13,22.5471311578109,0,10,2,2,0,0,39,7,7,0,0,0,1,8,1,0,0,2,0,0,0,0,0,0,0,0,0,0,0,0,0,0,5,36,5,0,0,0,0,0,1,9,5,102,2,2,0,0,46,1,0,0,1,1,0,0,0,0,0,0,0,0,46;36,,,82,0,0,2,2,0,0,1,0,0,0,0,0,2,0,34,62,1,0,0,0,2,0,0,0,62
2008,11,BAL,REG,2008_11_BAL_NYG,NYG,20,33,164,1,2,1,-10,0,0,222,93,10,-11.5629439719271,-3.64193482832475,0,9,1,0,0,26,121,0,0,0,6,2.63909367134329,0,4,3,1,0,20,0,164,1,0,0,222,93,10,14.3208794823731,0,9,1,0,0,0,24,22,22,0,0,0,1,7,5,1,0,3,0,1,0,0,0,0,0,0,0,1,0,0,0,0,10,66,1,1,0,0,1,0,1,0,4,102,1,2,0,1,38,0.5,0,0,1,0,0,0,0,0,0,0,0,0,38,,32,38,0,32,1,1,0,0,1,0,0,0,0,0,3,0,45,94,1,1,1,0,1,0,0,0,94
2008,11,BUF,REG,2008_11_CLE_BUF,CLE,16,26,148,1,3,0,0,0,0,124,93,9,-6.86329491154632,-6.75066365645482,0,8,4,3,0,38,186,1,1,1,10,-1.08424264762828,0,5,5,1,0,16,0,148,1,0,0,124,93,9,10.8935054639587,0,8,4,3,0,1,31,9,17,0,0,0,1,9,5,0,0,13,0,1,0,0,0,0,0,0,0,1,0,0,0,0,3,30,6,1,1,0,2,1,2,34,7,246,2,3,1,0,31,0.666666666666667,0,1,1,0,0,0,0,0,0,1,0,0,26;31,47,,57,47,0,3,3,0,0,1,0,1,1,0,47,3,0,40,108,2,0,1,0,2,0,0,0,108
2008,11,CAR,REG,2008_11_DET_CAR,DET,10,19,98,1,0,0,0,0,0,152,41,6,-0.122062430309597,-8.7458682687659,0,4,2,0,0,32,264,3,0,0,10,10.9054736180555,0,9,9,4,1,10,0,98,1,1,1,152,41,6,4.48388409573818,0,4,2,0,0,0,54,3,9,0,0,2,3,21,4,2,16,5,0,0,0,0,0,0,0,0,0,0,0,2,4,0,7,55,3,1,0,0,1,1,1,2,5,92,1,1,0,0,29,1,0,1,0,0,0,0,0,0,0,0,0,0,29,,,29,0,0,4,4,0,0,1,0,0,0,0,0,5,0,43,187,2,0,3,0,1,1,7,0,180
2008,11,CHI,REG,2008_11_CHI_GB,GB,17,33,159,0,0,1,-8,0,0,237,84,5,-6.00511948211961,-9.00489437964655,0,5,3,1,0,20,83,0,1,1,3,-10.6792908339121,0,2,0,0,0,17,0,159,0,0,0,237,84,5,7.97615141706774,0,5,3,1,0,0,47,10,18,0,0,0,0,0,0,1,0,1,0,0,0,0,0,0,0,0,0,0,-7,0,0,0,8,65,1,0,1,0,1,1,1,7,8,196,1,1,0,0,35,1,0,0,1,0,0,0,0,0,0,0,0,0,35,,,35,0,0,0,0,0,0,,0,0,0,0,0,6,0,46,239,2,2,1,0,2,1,3,0,236
2008,11,CIN,REG,2008_11_PHI_CIN,PHI,29,44,261,1,0,8,-35,0,0,232,134,13,-5.07912044400596,-1.99951605741368,0,14,5,4,0,30,56,0,0,0,3,-14.3730303763132,0,1,1,0,0,29,0,261,1,2,1,232,134,13,15.120043075699,0,14,5,4,0,0,49,0,16,0,0,1,2,16,5,3,79,15,0,0,0,0,0,0,0,0,0,1,-7,1,6,0,4,35,3,2,1,1,3,1,4,31,3,73,2,3,1,0,41,0.666666666666667,0,1,0,1,0,0,0,0,0,1,0,0,20;41,47,,61,47,0,1,1,0,0,1,0,1,1,0,47,11,0,44,397,4,3,0,0,2,6,43,0,354
2008,11,CLE,REG,2008_11_CLE_BUF,BUF,14,36,185,0,0,1,-9,0,0,402,48,11,-3.08637520257191,-14.152925198569,0,11,5,3,0,27,161,2,0,0,5,6.74840975925326,0,3,3,1,1,14,0,185,0,0,0,402,48,11,15.707435788933,0,11,5,3,0,0,40,15,25,0,0,1,0,0,1,3,9,7,0,0,0,0,0,0,0,0,0,0,0,1,0,0,2,15,4,0,0,0,0,0,0,0,3,64,5,5,0,0,56,1,0,1,1,2,1,0,0,0,0,0,0,0,40;33;43;22;56,,,194,0,0,2,2,0,0,1,0,0,0,0,0,5,0,65,230,2,0,2,0,1,2,34,0,196
2008,11,DAL,REG,2008_11_DAL_WAS,WAS,19,27,198,1,2,0,0,0,0,190,102,10,2.71481779479655,7.83482867258566,0,8,4,3,0,28,117,1,1,0,7,-0.982825661136303,0,2,2,0,0,19,0,198,1,0,0,190,102,10,16.8795263840002,0,8,4,3,0,0,33,15,15,0,0,0,3,26,7,1,0,6,0,0,0,0,0,0,0,0,0,1,0,0,0,0,5,40,2,0,1,0,1,0,3,26,3,35,0,0,0,0,,,0,0,0,0,0,0,0,0,0,0,0,0,,,,0,0,0,2,2,0,0,1,0,0,0,0,0,4,0,47,157,0,0,1,0,1,2,14,0,143
2008,11,DEN,REG,2008_11_DEN_ATL,ATL,19,27,216,1,0,1,-8,0,0,227,50,11,15.983232766199,5.55357568793827,0,8,3,1,1,25,124,2,0,0,7,-0.202735500986144,0,4,4,0,0,19,0,216,1,0,0,227,50,11,21.3657951075584,0,8,3,1,1,0,46,10,10,0,0,0,0,0,1,1,5,3,0,0,0,0,0,0,0,0,0,0,0,0,0,0,6,36,3,0,0,0,0,0,0,0,5,159,1,2,1,0,20,0.5,0,1,0,0,0,0,0,0,0,1,0,0,20,49,,20,49,0,3,3,0,0,1,0,0,0,0,0,3,0,52,127,1,0,0,0,2,1,9,0,118
2008,11,DET,REG,2008_11_DET_CAR,CAR,20,35,207,1,2,3,-21,1,1,281,100,10,-9.70510749708391,1.84134552255273,0,9,3,2,0,34,130,1,0,0,8,0.979491330727004,0,4,3,1,0,20,0,207,1,1,1,281,100,10,12.3880049255677,0,9,3,2,0,0,39,5,9,0,0,1,0,0,2,0,0,3,0,0,0,0,0,0,0,0,0,1,0,1,0,0,1,14,4,2,1,0,3,2,1,7,3,72,3,3,0,0,56,1,0,1,0,1,1,0,0,0,0,0,0,0,40;56;27,,,123,0,0,1,1,0,0,1,0,0,0,0,0,3,0,49,116,1,0,0,0,2,1,2,0,114
2008,11,GB,REG,2008_11_CHI_GB,CHI,23,30,227,2,1,0,0,0,0,246,72,12,10.539765037619,17.3242992368238,0,7,6,2,0,38,200,1,0,0,11,8.59979266879118,0,4,4,2,0,23,0,227,2,0,0,246,72,12,17.0031463632477,0,7,6,2,0,0,35,7,17,0,0,0,1,8,3,0,0,6,0,0,0,0,0,0,0,0,0,0,0,1,54,1,6,55,3,0,0,0,0,0,1,3,2,28,3,3,0,0,53,1,0,0,1,1,1,0,0,0,0,0,0,0,53;33;45,,,131,0,0,4,4,0,0,1,0,0,0,0,0,2,0,40,70,1,0,0,0,1,1,7,0,63
2008,11,HOU,REG,2008_11_HOU_IND,IND,13,18,192,0,1,2,-13,0,0,136,90,7,6.53833602989434,6.01713392469618,0,6,3,1,1,25,177,3,1,0,9,10.5093959847582,0,4,2,2,1,13,0,192,0,0,0,136,90,7,13.9379195336369,0,6,3,1,1,0,50,17,17,0,0,0,0,0,3,0,0,1,0,0,0,0,0,0,0,0,0,1,3,0,0,0,3,23,3,1,0,0,1,0,1,39,8,207,2,2,0,0,34,1,0,1,1,0,0,0,0,0,0,0,0,0,28;34,,,62,0,0,3,3,0,0,1,0,0,0,0,0,2,0,53,95,0,0,0,0,0,2,11,0,84
2008,11,IND,REG,2008_11_HOU_IND,HOU,30,46,320,2,0,0,0,0,0,387,127,21,19.767974683454,2.86980485138686,0,15,5,2,0,34,154,1,0,0,8,1.26772071426967,0,4,2,0,0,30,0,320,2,0,0,387,127,21,29.3102193210507,0,15,5,2,0,0,29,18,18,0,0,1,2,13,3,1,2,2,0,0,0,0,0,0,0,0,0,0,0,0,0,0,6,45,4,0,0,0,0,0,2,11,5,130,4,4,0,0,40,1,0,0,3,1,0,0,0,0,0,0,0,0,40;39;32;31,,,142,0,0,3,3,0,0,1,0,0,0,0,0,1,0,55,55,0,0,0,0,0,1,39,0,16
2008,11,JAX,REG,2008_11_TEN_JAX,TEN,13,30,135,0,1,4,-18,1,0,287,50,7,-14.8181504780368,-9.93184195510272,0,6,3,0,0,32,140,2,0,0,6,2.94504711791524,0,3,2,1,0,13,0,135,0,0,0,287,50,7,11.1513622548664,0,6,3,0,0,0,47,1,1,0,0,0,1,0,1,1,0,2,0,0,0,0,0,0,0,0,0,1,0,0,0,0,9,61,4,1,0,0,1,0,2,31,4,75,0,0,0,0,,,0,0,0,0,0,0,0,0,0,0,0,0,,,,0,0,0,2,2,0,0,1,0,0,0,0,0,10,0,51,409,1,0,0,0,7,3,14,0,395
2008,11,KC,REG,2008_11_NO_KC,NO,19,38,235,2,1,4,-29,0,0,419,51,14,-1.29578651127985,-6.31331283795206,0,9,4,3,1,24,124,0,2,0,5,5.9512022373965,0,3,2,1,0,19,0,235,2,0,0,419,51,14,22.0208937310672,0,9,4,3,1,0,37,14,14,0,0,0,0,0,2,1,2,4,0,0,0,0,0,0,0,0,0,2,0,0,0,0,6,40,6,1,1,0,2,0,2,19,5,103,2,2,0,0,21,1,0,2,0,0,0,0,0,0,0,0,0,0,20;21,,,41,0,0,2,2,0,0,1,0,0,0,0,0,4,0,38,133,2,0,2,0,2,0,0,0,133
2008,11,LA,REG,2008_11_STL_SF,SF,34,53,295,1,2,4,-15,0,0,408,204,14,-9.08630522694211,1.26423279069505,0,13,5,3,0,23,126,0,1,1,8,1.21051313198404,0,3,3,2,0,34,0,295,1,0,0,408,204,14,12.558229927703,0,13,5,3,0,0,47,0,18,0,0,2,2,14,4,0,0,0,0,0,0,0,0,0,0,0,0,1,-3,2,0,0,6,52,5,1,1,0,2,1,5,19,6,136,3,4,1,0,48,0.75,0,1,0,2,0,0,0,0,0,1,0,0,24;48;44,48,,116,48,0,1,1,0,0,1,0,0,0,0,0,4,0,56,167,3,0,1,0,1,2,40,0,127
2008,11,LAC,REG,2008_11_SD_PIT,PIT,15,26,159,0,2,2,-12,1,0,198,80,8,-3.27745260569685,-4.6111890902886,0,7,3,1,0,22,66,1,0,0,7,-0.920150705846027,0,2,1,0,0,15,0,159,0,0,0,198,80,8,15.2766710720753,0,7,3,1,0,0,47,18,26,0,0,0,4,22,5,0,0,3,0,0,0,0,0,0,0,0,0,1,0,0,0,0,2,5,4,1,0,0,1,0,1,1,3,27,1,2,1,0,22,0.5,0,1,0,0,0,0,0,0,0,1,0,0,22,42,,22,42,0,1,1,0,0,1,0,0,0,0,0,2,0,50,87,2,0,0,0,2,0,0,0,87
2008,11,LV,REG,2008_11_OAK_MIA,MIA,15,22,156,0,0,6,-40,1,0,270,17,8,-4.80189702304134,8.28274244611914,0,8,5,1,0,20,70,0,0,0,2,-4.27365147837554,0,2,2,0,0,15,0,156,0,0,0,270,17,8,7.93104719504445,0,8,5,1,0,1,51,2,8,0,0,1,3,14,4,0,0,2,0,0,1,0,0,0,0,0,0,1,0,1,8,0,7,35,5,0,1,0,1,0,4,113,5,109,2,3,1,0,37,0.666666666666667,0,1,1,0,0,0,0,0,0,1,0,0,21;37,46,,58,46,0,1,1,0,0,1,0,0,0,0,0,6,0,58,316,4,0,1,0,1,4,36,0,280
2008,11,MIA,REG,2008_11_OAK_MIA,LV,16,22,174,0,0,3,-14,0,0,165,35,10,3.46085251506884,5.45096532865004,0,8,4,3,0,35,222,2,1,1,10,-2.66079341890577,0,9,7,2,1,16,0,174,0,0,0,165,35,10,11.9876874004258,0,8,4,3,0,0,41,5,9,0,0,0,5,27,6,0,0,3,0,0,0,0,0,0,0,0,0,0,0,0,0,0,3,55,5,1,0,0,1,1,4,36,3,53,1,1,0,0,38,1,0,0,1,0,0,0,0,0,0,0,0,0,38,,,38,0,0,2,2,0,0,1,1,1,0,0,38,5,0,57,235,1,0,0,0,1,4,113,1,122
2008,11,MIN,REG,2008_11_MIN_TB,TB,14,21,138,1,0,5,-27,0,0,170,53,8,-0.660984663400106,4.669284536725,0,7,5,1,0,26,99,0,1,0,4,-3.64134979143546,0,1,1,1,0,14,0,138,1,1,1,170,53,8,11.1206884917137,0,7,5,1,0,0,47,11,13,0,0,1,1,0,6,0,0,2,0,0,0,0,0,0,0,0,0,1,0,1,0,0,5,28,5,2,1,0,3,2,0,0,6,124,2,2,0,0,43,1,0,0,1,1,0,0,0,0,0,0,0,0,43;37,,,80,0,0,1,1,0,0,1,0,0,0,0,0,2,0,51,90,0,1,0,1,0,0,0,0,70
2008,11,NE,REG,2008_11_NYJ_NE,NYJ,30,51,400,3,0,3,-14,0,0,462,172,18,19.2290691401804,1.26255763073762,1,20,8,2,1,25,125,0,0,0,7,-3.21406897202879,0,4,4,1,0,30,0,400,3,1,1,462,172,18,30.489652063654,1,20,8,2,1,0,30,41,41,0,0,1,3,23,4,0,0,4,0,0,0,0,0,0,0,0,0,1,-17,1,0,0,5,29,7,1,1,0,2,1,3,14,6,135,3,3,0,0,47,1,0,0,1,2,0,0,0,0,0,0,0,0,42;31;47,,,120,0,0,2,2,0,0,1,0,0,0,0,0,4,0,51,176,2,0,2,0,2,0,0,0,176
2008,11,NO,REG,2008_11_NO_KC,KC,25,36,266,1,1,0,0,0,0,283,126,15,10.6043044683531,8.03373042080137,0,10,4,3,1,28,103,2,0,0,7,0.00905343005433679,0,2,2,0,0,25,0,266,1,0,0,283,126,15,20.8171608553159,0,10,4,3,1,0,39,14,14,0,0,1,4,29,4,1,3,8,0,0,0,0,0,0,0,0,0,1,-11,0,0,0,2,8,4,0,1,0,1,0,0,0,5,120,3,3,0,0,35,1,0,1,2,0,0,0,0,0,0,0,0,0,30;23;35,,,88,0,0,3,3,0,0,1,0,0,0,0,0,2,0,49,97,0,0,0,0,0,2,19,0,78
2008,11,NYG,REG,2008_11_BAL_NYG,BAL,13,23,153,1,1,1,-7,0,0,162,81,11,4.86747704987647,-1.06066140261563,0,7,4,2,0,33,207,2,0,0,9,1.00867518953666,0,5,4,3,1,13,0,153,1,0,0,162,81,11,16.1471394786495,0,7,4,2,0,0,39,14,14,0,0,1,1,10,3,2,60,4,1,0,0,0,0,1,0,0,0,0,0,0,0,0,8,65,3,0,0,0,0,0,0,0,3,53,1,1,0,0,19,1,1,0,0,0,0,0,0,0,0,0,0,0,19,,,19,0,0,3,3,0,0,1,0,0,0,0,0,3,0,49,138,0,1,0,1,0,1,0,0,118
2008,11,NYJ,REG,2008_11_NYJ_NE,NE,26,33,258,2,0,3,-23,0,0,175,108,16,18.2827862658473,12.7851497946364,0,10,5,2,1,39,140,1,0,0,4,-4.59945945832636,0,3,2,0,0,26,0,258,2,1,1,175,108,16,25.5635373108089,0,10,5,2,1,1,34,27,29,0,0,1,3,14,7,0,0,6,0,0,0,0,0,0,0,0,0,0,0,1,11,0,4,25,4,1,0,0,1,1,0,0,6,189,2,2,0,0,34,1,0,1,1,0,0,0,0,0,0,0,0,0,22;34,,,56,0,0,4,4,0,0,1,1,1,0,0,34,5,0,49,213,0,0,0,0,2,3,14,0,199
2008,11,PHI,REG,2008_11_PHI_CIN,CIN,28,58,339,1,3,2,-16,1,1,595,157,12,-15.1304307772649,-13.5536615447751,0,11,6,3,2,18,68,0,0,0,4,-0.578829955949914,0,2,1,1,0,28,0,339,1,0,0,595,157,12,22.9243253015481,0,11,6,3,2,0,54,2,40,0,0,2,8,35,9,0,0,7,0,0,0,0,0,0,0,0,0,0,0,1,-2,0,8,60,6,1,0,0,1,1,6,43,4,70,2,2,0,0,42,1,0,1,0,1,0,0,0,0,0,0,0,0,42;27,,,69,0,0,1,1,0,0,1,0,0,0,0,0,10,0,53,362,0,3,1,1,1,4,31,0,311
2008,11,PIT,REG,2008_11_SD_PIT,LAC,31,41,308,0,0,4,-22,0,0,233,139,16,5.38715623412533,11.9859398939671,0,13,3,1,0,28,124,0,0,0,8,-2.43704800523119,0,3,1,0,0,31,0,308,0,0,0,233,139,16,17.8424224001509,0,13,3,1,0,0,28,8,14,0,0,1,2,12,1,2,37,6,0,0,1,0,0,0,0,0,0,0,0,0,0,0,13,115,5,0,0,0,0,0,0,0,4,68,3,4,1,0,41,0.75,0,1,1,1,0,0,0,0,0,0,1,0,21;41;32,51,,94,51,0,0,0,0,0,,1,1,0,0,32,4,0,42,124,1,1,0,0,2,1,1,0,123
2008,11,SEA,REG,2008_11_ARI_SEA,ARI,17,29,170,1,3,2,-17,1,0,254,79,9,-2.62321108656749,1.57208987351122,0,8,3,2,0,22,43,2,1,1,6,-4.91264547425089,0,0,0,0,0,17,0,170,1,0,0,254,79,9,9.8905206720666,0,8,3,2,0,0,57,4,4,0,0,3,2,13,6,1,58,5,0,0,0,0,0,0,0,0,0,1,0,2,0,0,1,15,5,2,0,0,2,1,1,20,6,164,0,0,0,0,,,0,0,0,0,0,0,0,0,0,0,0,0,,,,0,0,0,2,2,0,0,1,0,0,0,0,0,4,0,59,178,3,0,1,0,1,2,19,0,159
2008,11,SF,REG,2008_11_STL_SF,LA,15,21,213,2,0,2,-14,0,0,148,119,9,10.7937604085018,11.8378303590275,0,6,6,5,1,36,135,3,2,2,9,-7.06830742242164,0,6,1,1,0,15,0,213,2,0,0,148,119,9,18.8026854511409,0,6,6,5,1,0,55,1,29,0,0,1,4,15,5,2,37,9,0,0,0,0,0,0,0,0,0,0,0,1,0,0,7,33,4,2,0,0,2,2,2,40,4,85,0,0,0,0,,,0,0,0,0,0,0,0,0,0,0,0,0,,,,0,0,0,5,5,0,0,1,0,0,0,0,0,6,0,58,311,0,0,0,1,0,5,19,0,272
2008,11,TB,REG,2008_11_MIN_TB,MIN,23,30,255,0,0,1,0,0,0,190,114,9,10.6860805792234,13.8870677848657,0,8,5,5,0,33,108,1,1,1,10,-10.9173162855192,0,1,0,0,0,23,0,255,0,0,0,190,114,9,15.2760532671439,0,8,5,5,0,0,35,15,17,0,0,2,5,27,8,0,0,2,0,0,0,0,0,0,0,0,0,0,0,2,2,0,5,54,5,1,0,0,1,1,0,0,3,65,4,5,1,0,39,0.8,0,3,1,0,0,0,0,0,0,1,0,0,39;26;29;26,46,,120,46,0,1,1,0,0,1,0,0,0,0,0,1,0,37,37,0,0,1,0,0,0,0,0,37
2008,11,TEN,REG,2008_11_TEN_JAX,JAX,13,23,230,3,1,1,0,0,0,209,112,8,8.04569430579465,-7.27334074352099,0,7,4,4,2,33,114,0,0,0,4,-5.43888561049243,0,1,0,0,0,13,0,230,3,0,0,209,112,8,18.737376648351,0,7,4,4,2,0,51,0,0,0,0,1,4,18,11,1,-23,6,0,0,0,0,0,0,0,0,0,0,0,0,0,0,10,63,0,0,0,0,0,0,3,14,3,73,1,1,0,0,32,1,0,0,1,0,0,0,0,0,0,0,0,0,32,,,32,0,0,3,3,0,0,1,0,0,0,0,0,8,0,53,344,2,0,1,1,4,2,31,0,293
2008,11,WAS,REG,2008_11_DAL_WAS,DAL,22,35,162,1,1,3,-26,0,0,223,117,9,-8.92885211479063,-0.767006593592027,0,6,2,2,0,18,92,0,0,0,5,2.32892188173719,0,3,2,2,0,22,0,162,1,0,0,223,117,9,8.69306204578606,0,6,2,2,0,0,27,19,25,0,0,0,0,0,4,2,6,4,0,0,0,0,0,0,0,0,0,0,0,0,0,0,2,10,6,0,0,0,0,0,2,14,3,80,1,2,1,0,41,0.5,0,0,0,1,0,0,0,0,0,1,0,0,41,46,,41,46,0,1,1,0,0,1,0,0,0,0,0,4,0,52,188,0,0,0,1,0,3,26,0,142
2008,12,ARI,REG,2008_12_NYG_ARI,NYG,32,52,351,1,1,1,-3,1,1,371,163,21,6.36850199390096,3.53031821396886,0,18,6,2,0,15,23,2,1,0,2,-6.85461552834022,0,0,0,0,0,32,0,351,1,0,0,371,163,21,26.384810602725,0,18,6,2,0,0,51,7,7,0,0,0,1,6,5,0,0,5,0,0,0,0,0,0,0,0,0,1,-7,0,0,0,3,29,6,1,1,0,2,1,2,-5,8,232,3,4,1,0,44,0.75,0,1,1,1,0,0,0,0,0,0,0,1,34;20;44,68,,98,68,0,2,2,0,0,1,0,0,0,0,0,3,0,50,126,1,0,0,0,1,2,21,0,105
2008,12,ATL,REG,2008_12_CAR_ATL,CAR,17,27,259,0,0,1,0,0,0,223,145,10,12.5337377357899,-0.98838883417624,0,8,6,3,1,33,133,5,0,0,10,7.72276565717766,0,4,3,0,0,17,0,259,0,1,1,223,145,10,16.8874687049538,0,8,6,3,1,1,38,15,15,0,0,0,3,21,3,0,0,5,0,0,0,0,0,0,0,0,0,0,0,0,0,0,3,25,4,1,0,0,1,1,4,95,4,52,1,1,0,0,23,1,0,1,0,0,0,0,0,0,0,0,0,0,23,,,23,0,0,6,6,0,0,1,0,0,0,0,0,3,0,48,129,0,1,0,0,1,1,0,0,129
2008,12,BAL,REG,2008_12_PHI_BAL,PHI,12,26,183,2,0,3,-45,1,0,160,135,8,-1.0421820199065,-19.8177862625856,0,6,5,4,1,40,110,1,0,0,6,-7.17456916863627,0,2,2,1,0,12,1,183,2,0,0,160,135,8,15.0204302346974,0,6,5,4,1,0,42,8,8,0,0,1,2,12,5,4,163,10,1,0,1,1,0,0,0,0,0,1,0,1,22,0,5,30,3,1,0,0,1,0,4,30,2,39,2,3,1,0,44,0.666666666666667,0,0,0,2,0,0,0,0,0,0,1,0,44;42,53,,86,53,0,4,4,0,0,1,0,0,0,0,0,8,0,60,362,3,0,1,1,1,5,30,0,312
2008,12,BUF,REG,2008_12_BUF_KC,KC,24,32,273,2,0,0,0,0,0,254,101,12,9.39385902656146,15.4681313422418,0,12,5,4,1,38,171,3,2,0,13,7.48384983269757,0,7,4,1,0,24,0,273,2,0,0,254,101,12,16.6091149846822,0,12,5,4,1,0,43,0,0,0,0,3,3,13,3,2,64,6,1,0,0,0,0,0,0,0,0,2,-1,3,6,0,6,45,4,1,1,0,2,0,0,0,6,102,4,4,0,0,39,1,0,1,3,0,0,0,0,0,0,0,0,0,21;39;34;38,,,132,0,0,6,6,0,0,1,0,0,0,0,0,2,0,48,83,1,1,0,0,0,1,18,0,65
2008,12,CAR,REG,2008_12_CAR_ATL,ATL,21,35,295,1,0,3,-21,0,0,373,68,15,8.89845154689097,-1.36507562228612,0,13,7,5,1,26,134,2,0,0,7,1.80642238807102,1,4,4,1,0,21,0,295,1,0,0,373,68,15,25.5565419475897,0,13,7,5,1,0,47,4,4,0,0,1,1,0,1,0,0,1,0,0,0,0,0,0,0,0,0,0,0,1,0,0,8,48,4,0,0,0,0,0,1,0,5,86,2,2,0,0,23,1,0,2,0,0,0,0,0,0,0,0,0,0,23;21,,,44,0,0,2,2,0,0,1,0,0,0,0,0,6,0,59,277,0,0,1,1,0,4,95,1,162
2008,12,CHI,REG,2008_12_CHI_STL,LA,18,29,139,1,0,1,-6,0,0,211,62,7,0.162206800921543,-1.30446635443589,0,4,2,1,0,32,201,2,1,1,11,2.33406960935099,0,6,6,2,1,18,0,139,1,1,1,211,62,7,4.12097863491496,0,4,2,1,0,0,51,2,2,0,0,0,5,43,7,4,20,10,0,0,0,0,0,0,0,0,0,0,0,0,0,0,3,14,2,2,0,0,2,2,4,26,2,76,2,2,0,0,43,1,0,0,1,1,0,0,0,0,0,0,0,0,43;38,,,81,0,0,3,3,0,0,1,0,0,0,0,0,5,0,52,221,1,0,0,1,1,3,12,0,189
2008,12,CIN,REG,2008_12_CIN_PIT,PIT,20,37,168,1,1,1,-3,0,0,236,59,8,-4.37727447776864,-7.40864384505484,0,8,1,1,0,20,43,0,0,0,3,-7.16022115107626,0,0,0,0,0,20,0,168,1,0,0,236,59,8,12.1479236779269,0,8,1,1,0,0,33,14,32,0,0,0,0,0,0,0,0,5,0,0,0,0,0,0,0,0,0,0,0,1,0,0,2,15,5,0,0,0,0,0,0,0,6,106,1,1,0,0,26,1,0,1,0,0,0,0,0,0,0,0,0,0,26,,,26,0,0,1,1,0,0,1,0,0,0,0,0,8,0,43,293,2,1,1,0,2,4,9,0,284
2008,12,CLE,REG,2008_12_HOU_CLE,HOU,13,32,145,0,3,0,0,0,0,278,64,6,-15.4013221118644,-18.8499134965241,0,5,3,1,1,20,95,0,1,1,6,-3.03139595215907,0,2,2,0,0,13,0,145,0,1,1,278,64,6,7.11211126978742,0,5,3,1,1,0,52,17,17,0,0,1,1,4,1,2,28,3,0,0,0,0,0,1,0,0,0,0,-8,0,0,0,5,40,4,1,1,0,2,2,2,10,4,104,2,3,1,0,32,0.666666666666667,0,0,2,0,0,0,0,0,1,0,0,0,32;32,39,,64,39,0,0,0,0,0,,0,0,0,0,0,2,0,55,104,0,0,0,0,0,2,18,0,86
2008,12,DAL,REG,2008_12_SF_DAL,SF,23,39,341,3,0,1,-7,0,0,381,144,13,15.8693136045283,4.04534422689014,0,10,4,3,3,29,74,0,1,1,3,-13.3204073064844,0,0,0,0,0,23,0,341,3,0,0,381,144,13,30.2266584091916,0,10,4,3,3,0,37,0,12,0,0,1,4,25,8,1,0,3,0,0,1,1,0,0,0,0,0,0,-12,1,0,0,8,65,2,0,1,0,1,1,2,16,5,93,4,4,0,0,48,1,0,0,0,4,0,0,0,0,0,0,0,0,48;41;47;42,,,178,0,0,3,3,0,0,1,0,0,0,0,0,4,0,70,193,1,0,1,2,0,1,9,0,144
2008,12,DEN,REG,2008_12_OAK_DEN,LV,16,37,204,0,1,0,0,0,0,511,70,12,4.98437200266214,-9.47061950961749,0,9,5,4,0,28,115,1,1,1,6,-4.52549205329543,0,3,2,0,0,16,0,204,0,0,0,511,70,12,18.7390780571732,0,9,5,4,0,0,42,7,7,0,0,0,0,0,0,0,0,1,0,0,0,0,0,0,0,0,0,0,0,0,0,0,4,39,3,0,1,0,1,1,1,1,3,56,1,3,2,0,44,0.333333333333333,0,0,0,1,0,0,0,0,0,2,0,0,44,47;43,,44,90,0,1,1,0,0,1,0,0,0,0,0,2,0,60,112,0,0,1,0,0,1,89,1,23
2008,12,DET,REG,2008_12_TB_DET,TB,10,26,134,1,2,4,-35,1,0,282,29,5,-20.0355346540286,-18.646439909935,0,6,3,1,1,22,108,0,0,0,4,-2.22974153357791,0,5,3,1,0,10,0,134,1,1,1,282,29,5,5.39986187464092,0,6,3,1,1,0,50,1,13,0,0,2,5,22,5,0,0,2,0,0,0,0,0,0,0,0,0,1,0,3,46,1,10,70,1,2,0,0,2,1,3,34,7,154,2,2,0,0,40,1,0,0,1,1,0,0,0,0,0,0,0,0,38;40,,,78,0,0,2,2,0,0,1,0,0,0,0,0,7,0,52,277,0,0,0,0,2,5,90,1,187
2008,12,GB,REG,2008_12_GB_NO,NO,23,41,248,2,3,2,-14,0,0,405,111,11,-5.7543862635647,-4.35013387352228,1,8,5,4,0,31,109,2,2,0,11,7.6718231535051,0,3,1,0,0,23,0,248,2,0,0,405,111,11,23.2783632744541,1,8,5,4,0,0,37,10,10,0,0,0,1,5,4,1,37,5,0,1,0,0,0,0,0,0,0,3,-9,0,0,0,3,20,1,0,3,0,3,0,3,50,9,180,0,0,0,0,,,0,0,0,0,0,0,0,0,0,0,0,0,,,,0,0,0,3,3,0,0,1,0,0,0,0,0,4,0,48,134,0,2,1,0,0,1,11,0,123
2008,12,HOU,REG,2008_12_HOU_CLE,CLE,24,32,275,1,2,1,-4,0,0,245,119,13,6.90325318809241,14.1058507465547,0,12,7,4,0,36,112,0,1,0,6,-10.4037733405078,0,2,2,0,0,24,0,275,1,0,0,245,119,13,18.9146771842424,0,12,7,4,0,0,32,7,7,0,0,1,0,0,4,3,29,5,0,1,0,0,0,0,0,0,0,2,-1,2,0,0,11,84,4,1,1,0,2,0,2,18,2,43,3,5,1,1,36,0.6,0,0,3,0,0,0,0,0,0,0,1,0,31;31;36,56,49,98,56,49,1,1,0,0,1,0,0,0,0,0,3,0,51,129,0,0,0,1,0,2,10,0,99
2008,12,IND,REG,2008_12_IND_SD,LAC,32,44,255,2,1,1,-5,0,0,269,77,14,11.7046331725366,8.40309449406557,0,9,3,2,0,23,91,0,0,0,3,-1.68220187153202,0,2,2,1,0,32,0,255,2,0,0,269,77,14,21.0022936483647,0,9,3,2,0,0,45,11,11,0,0,1,2,14,3,0,0,0,0,0,0,0,0,0,0,0,0,0,0,1,9,0,3,15,5,0,0,0,0,0,1,3,5,107,3,3,0,0,51,1,0,1,1,0,1,0,0,0,0,0,0,0,23;38;51,,,112,0,0,2,2,0,0,1,1,1,0,0,51,3,0,54,121,3,0,0,0,2,1,4,0,117
2008,12,JAX,REG,2008_12_MIN_JAX,MIN,27,45,317,1,2,4,-31,1,0,349,166,13,4.95824215885667,-2.12374130884806,0,14,7,5,0,14,35,0,0,0,2,-12.0991897391505,0,1,1,0,0,27,0,317,1,1,1,349,166,13,20.2236684939119,0,14,7,5,0,0,46,0,8,0,0,0,3,16,5,1,2,2,0,1,1,0,0,0,0,0,0,2,17,0,0,0,8,81,5,4,1,0,5,3,3,41,7,164,1,3,2,0,21,0.333333333333333,0,1,0,0,0,0,0,0,1,1,0,0,21,46;38,,21,84,0,1,1,0,0,1,0,0,0,0,0,3,0,50,123,0,1,0,1,0,1,19,0,84
2008,12,KC,REG,2008_12_BUF_KC,BUF,24,39,316,4,2,3,-13,0,0,367,102,13,-1.98883191003872,0.181888234920991,0,9,7,5,1,13,159,0,1,1,7,0.414753221557476,0,5,5,3,1,24,0,316,4,1,1,367,102,13,21.9938075069804,0,9,7,5,1,0,54,6,6,0,0,1,0,0,2,0,0,2,0,0,0,0,0,0,0,0,0,1,0,0,0,0,9,75,3,3,1,0,4,3,1,18,11,152,1,1,0,0,45,1,0,0,0,1,0,0,0,0,0,0,0,0,45,,,45,0,0,4,4,0,0,1,0,0,0,0,0,3,0,39,110,0,0,2,0,1,0,0,0,110
2008,12,LA,REG,2008_12_CHI_STL,CHI,19,36,236,0,4,5,-43,0,0,438,50,10,-19.3764028967864,-7.73183289501402,0,11,4,3,0,19,14,0,0,0,3,-6.11481036490295,0,1,0,0,0,19,0,236,0,0,0,438,50,10,17.7026138652192,0,11,4,3,0,0,50,7,7,0,0,2,1,6,2,0,0,4,0,0,0,0,0,0,0,0,0,0,0,2,0,0,11,85,2,0,0,0,0,0,3,12,6,195,1,2,1,0,43,0.5,0,0,0,1,0,0,0,0,0,1,0,0,43,40,,43,40,0,0,0,0,0,,0,0,0,0,0,5,0,60,249,0,0,1,0,0,4,26,0,223
2008,12,LAC,REG,2008_12_IND_SD,IND,24,31,288,2,0,2,-14,1,1,208,138,13,9.11067002917419,12.6041344801585,0,12,5,3,0,25,120,0,0,0,8,-0.532296232122462,0,3,3,2,0,24,0,288,2,0,0,208,138,13,19.6313066450997,0,12,5,3,0,0,41,20,20,0,0,0,1,5,2,1,0,2,0,0,0,0,0,0,0,0,0,0,0,0,0,0,5,37,3,1,0,0,1,1,1,4,5,101,2,2,0,0,47,1,0,0,1,1,0,0,0,0,0,0,0,0,35;47,,,82,0,0,2,2,0,0,1,0,0,0,0,0,3,0,45,123,1,0,0,0,2,1,3,0,120
2008,12,LV,REG,2008_12_OAK_DEN,DEN,11,12,160,1,0,0,0,0,0,109,68,7,13.3935355436406,30.0481649736563,0,4,3,3,1,41,158,2,0,0,10,-0.365101045870688,0,4,3,1,0,11,0,160,1,0,0,109,68,7,13.8758098689723,0,4,3,3,1,1,37,7,7,0,0,0,0,0,0,1,-3,7,0,0,0,0,0,0,0,0,0,0,0,1,1,0,10,90,3,0,0,0,0,0,1,89,3,63,1,1,0,0,26,1,0,1,0,0,0,0,0,0,0,0,0,0,26,,,26,0,0,4,4,0,0,1,0,0,0,0,0,3,0,59,176,1,0,0,2,0,1,1,0,135
2008,12,MIA,REG,2008_12_NE_MIA,NE,24,41,341,3,1,2,-11,0,0,383,107,18,10.5584652324033,-1.01434394717216,0,15,9,4,1,19,62,1,0,0,4,-0.885152540169656,0,1,1,0,0,24,0,341,3,0,0,383,107,18,29.1137261686381,0,15,9,4,1,0,53,4,8,0,0,1,2,7,8,1,17,5,0,0,0,0,0,0,0,0,0,0,0,1,0,0,8,60,3,0,0,0,0,0,0,0,8,158,0,0,0,0,,,0,0,0,0,0,0,0,0,0,0,0,0,,,,0,0,0,4,4,0,0,1,0,0,0,0,0,4,0,52,172,2,1,0,0,1,2,20,0,152
2008,12,MIN,REG,2008_12_MIN_JAX,JAX,12,20,120,0,1,3,-16,0,0,188,46,5,-5.88556595587229,0.0180277973413467,0,4,1,1,1,34,122,2,0,0,9,4.38970239653548,0,6,4,1,0,12,0,120,0,0,0,188,46,5,6.03510284259358,0,4,1,1,1,0,50,0,10,0,0,4,4,31,9,2,-2,4,0,0,0,0,0,0,0,0,0,0,0,3,27,1,5,49,2,0,0,0,0,0,1,19,2,36,3,3,0,0,54,1,0,1,1,0,1,0,0,0,0,0,0,0,54;32;22,,,108,0,0,3,3,0,0,1,0,0,0,0,0,3,0,49,139,2,0,0,0,0,3,41,0,98
2008,12,NE,REG,2008_12_NE_MIA,MIA,30,43,415,3,1,2,-7,0,0,365,188,18,23.3561949135606,10.0075120842734,0,17,7,6,1,25,122,3,1,1,10,7.64424853707897,0,1,1,1,0,30,0,415,3,0,0,365,188,18,37.9591491071624,0,17,7,6,1,0,44,4,4,0,0,0,2,11,3,1,19,5,0,0,0,0,0,0,0,0,0,0,0,0,0,0,6,38,3,1,0,0,1,1,2,20,5,96,2,2,0,0,30,1,0,0,2,0,0,0,0,0,0,0,0,0,30;30,,,60,0,0,6,6,0,0,1,0,0,0,0,0,1,0,49,49,0,0,0,0,1,0,0,0,49
2008,12,NO,REG,2008_12_GB_NO,GB,20,27,323,4,1,1,-5,0,0,135,231,11,13.8278924330066,11.4697246597363,0,11,4,2,2,26,98,3,0,0,9,3.34010942875478,0,1,1,1,0,20,0,323,4,0,0,135,231,11,25.8384291843395,0,11,4,2,2,0,50,15,15,0,0,0,2,14,5,3,42,11,0,0,0,0,0,0,0,0,0,0,0,0,0,0,2,10,6,0,0,0,0,0,1,11,3,103,1,1,0,0,30,1,0,0,1,0,0,0,0,0,0,0,0,0,30,,,30,0,0,6,6,0,0,1,0,0,0,0,0,3,0,47,132,0,0,0,0,0,3,50,0,82
2008,12,NYG,REG,2008_12_NYG_ARI,ARI,26,33,240,3,0,1,-6,0,0,292,124,11,13.6377929232357,18.704494472706,0,7,3,2,0,27,87,1,0,0,7,-1.61324636058603,0,3,2,0,0,26,0,240,3,0,0,292,124,11,20.2925780723578,0,7,3,2,0,0,51,4,4,0,0,1,1,3,12,1,13,6,0,0,0,0,0,0,0,0,29,0,0,1,0,0,9,76,4,0,0,0,0,0,2,21,3,180,3,3,0,0,33,1,0,1,2,0,0,0,0,0,0,0,0,0,33;27;33,,,93,0,0,4,4,0,0,1,0,0,0,0,0,4,0,51,171,1,1,0,0,1,2,-5,0,176
2008,12,NYJ,REG,2008_12_NYJ_TEN,TEN,25,32,224,2,1,2,-7,1,0,211,112,14,11.119628141658,16.2959340959787,0,8,4,2,0,39,192,2,0,0,9,4.78828182438156,0,4,3,1,1,25,0,224,2,1,1,211,112,14,18.4162624867167,0,8,4,2,0,0,25,13,13,0,0,2,1,7,1,0,0,4,0,0,0,0,0,0,0,0,0,1,0,1,0,0,3,27,2,2,0,0,2,1,2,8,2,39,2,2,0,0,30,1,0,1,1,0,0,0,0,0,0,0,0,0,20;30,,,50,0,0,4,4,0,0,1,0,0,0,0,0,1,0,50,50,1,0,1,0,0,0,0,0,50
2008,12,PHI,REG,2008_12_PHI_BAL,BAL,18,41,132,0,4,2,-12,1,1,414,52,8,-41.9354282400454,-13.7372891232371,0,6,0,0,0,21,86,0,0,0,4,-1.48383777448908,0,2,2,0,0,18,0,132,0,0,0,414,52,8,7.95759086086764,0,6,0,0,0,1,42,16,16,0,0,1,3,45,3,0,0,4,0,0,0,0,0,0,0,0,0,0,0,0,0,0,7,64,4,1,0,0,1,1,5,30,7,205,0,0,0,0,,,0,0,0,0,0,0,0,0,0,0,0,0,,,,0,0,0,1,1,0,0,1,0,0,0,0,0,6,1,56,291,2,0,0,1,1,4,30,0,241
2008,12,PIT,REG,2008_12_CIN_PIT,CIN,17,30,243,1,0,0,0,0,0,254,132,11,7.89450229259923,-7.69357413053513,0,11,8,4,0,37,121,2,0,0,9,1.03439595614327,0,3,2,0,0,17,0,243,1,0,0,254,132,11,20.931203323009,0,11,8,4,0,0,25,12,30,0,0,0,1,3,2,1,19,5,0,1,0,0,0,0,0,0,0,0,0,0,0,0,4,40,2,0,1,0,1,1,4,9,3,80,2,2,0,0,38,1,0,0,2,0,0,0,0,0,0,0,0,0,37;38,,,75,0,0,3,3,0,0,1,0,0,0,0,0,5,0,34,142,1,5,0,0,0,0,0,0,142
2008,12,SEA,REG,2008_12_WAS_SEA,WAS,12,24,103,2,2,2,-14,0,0,225,49,6,-8.799153338831,-7.47722341962483,0,5,1,1,0,20,139,0,0,0,7,3.90907972501009,0,4,2,1,1,12,0,103,2,0,0,225,49,6,9.44377904970315,0,5,1,1,0,0,56,10,10,0,0,2,2,7,3,0,0,8,0,0,0,0,0,0,0,0,0,0,0,1,0,0,6,51,5,0,0,0,0,0,1,10,5,124,1,2,1,0,45,0.5,0,0,0,1,0,0,0,0,0,0,1,0,45,53,,45,53,0,2,2,0,0,1,0,0,0,0,0,4,0,59,191,2,0,1,0,1,2,18,0,173
2008,12,SF,REG,2008_12_SF_DAL,DAL,21,33,303,2,1,4,-25,1,0,352,83,12,5.55455868747328,12.6332572195679,0,11,9,5,1,15,26,0,0,0,1,-10.0619304171414,0,0,0,0,0,21,0,303,2,0,0,352,83,12,26.0245278883814,0,11,9,5,1,0,46,0,10,0,0,0,1,7,3,0,0,3,0,0,0,0,0,0,0,0,0,1,0,1,0,0,2,10,5,1,1,0,2,1,1,9,7,144,3,4,1,0,35,0.75,0,2,1,0,0,0,0,0,0,0,1,0,23;22;35,53,,80,53,0,1,1,0,0,1,0,0,0,0,0,3,1,54,150,0,0,0,1,0,2,16,0,114
2008,12,TB,REG,2008_12_TB_DET,DET,13,18,165,2,0,6,-29,2,2,93,89,7,-8.42806313251839,1.14768511719174,0,7,5,2,0,32,119,1,0,0,7,-5.17746036854805,0,3,3,1,1,13,0,165,2,0,0,93,89,7,15.4492137483321,0,7,5,2,0,1,45,0,4,0,0,2,4,35,5,2,67,7,1,1,0,0,0,0,0,0,0,1,0,1,0,0,3,25,4,2,2,0,4,3,5,90,5,142,1,1,0,0,48,1,0,0,0,1,0,0,0,0,0,0,0,0,48,,,48,0,0,5,5,0,0,1,0,0,0,0,0,4,0,59,204,0,1,0,0,0,3,34,0,170
2008,12,TEN,REG,2008_12_NYJ_TEN,NYJ,21,39,243,1,0,1,-7,1,0,323,103,14,1.18522748327346,-8.77479700705944,0,12,3,2,0,11,45,0,1,1,1,-8.13982371549355,0,2,1,1,0,21,0,243,1,0,0,323,103,14,15.7371856495156,0,12,3,2,0,0,45,21,23,0,0,2,2,7,2,1,0,3,0,0,0,0,0,0,0,0,0,1,0,1,0,0,8,60,4,2,0,0,2,1,0,0,7,130,2,2,0,0,49,1,0,0,0,2,0,0,0,0,0,0,0,0,43;49,,,92,0,0,1,1,0,0,1,0,0,0,0,0,5,0,52,211,0,0,1,2,0,2,8,0,163
2008,12,WAS,REG,2008_12_WAS_SEA,SEA,20,33,206,1,0,2,-7,1,0,250,117,12,5.59528803694783,-2.00262575438528,0,11,4,3,0,41,187,1,1,1,10,-0.0929346712295858,0,4,3,2,0,20,0,206,1,0,0,250,117,12,18.4269131573965,0,11,4,3,0,0,35,4,4,0,0,0,2,14,5,2,13,4,0,0,0,0,0,0,0,0,0,1,0,0,0,0,2,20,2,2,0,0,2,1,2,18,3,84,2,3,1,0,26,0.666666666666667,0,2,0,0,0,0,0,0,0,1,0,0,26;22,43,,48,43,0,2,2,0,0,1,0,0,0,0,0,3,0,38,95,0,0,1,0,1,1,10,0,85
2008,13,ARI,REG,2008_13_ARI_PHI,PHI,21,39,235,3,3,0,0,0,0,292,81,10,-5.94458751640911,-4.5831316556686,0,7,6,5,1,10,25,0,1,0,0,-3.2527441085258,0,0,0,0,0,21,0,235,3,1,1,292,81,10,12.9302861687467,0,7,6,5,1,0,56,1,7,0,0,0,1,8,4,0,0,2,0,1,0,0,0,0,0,0,0,2,0,1,0,0,1,2,1,2,1,0,3,1,2,9,9,175,0,0,0,0,,,0,0,0,0,0,0,0,0,0,0,0,0,,,,0,0,0,2,2,0,0,1,0,0,0,0,0,4,0,51,145,0,1,0,0,0,3,11,0,134
2008,13,ATL,REG,2008_13_ATL_SD,LAC,17,23,207,2,0,0,0,0,0,213,47,10,15.6456750500345,21.587579629638,0,7,5,3,0,43,141,0,1,1,9,-12.208694813191,0,5,2,0,0,17,0,207,2,1,1,213,47,10,8.98870621687128,0,7,5,3,0,0,33,12,12,0,0,1,3,18,4,0,0,5,0,1,1,0,0,1,0,0,19,0,0,0,0,0,3,20,4,2,1,0,3,3,2,32,5,87,2,2,0,0,40,1,0,0,1,1,0,0,0,0,0,0,0,0,35;40,,,75,0,0,2,2,0,0,1,0,0,0,0,0,2,0,55,106,1,0,0,0,1,1,12,0,94
2008,13,BAL,REG,2008_13_BAL_CIN,CIN,20,30,312,3,0,2,-8,0,0,322,103,14,17.8460712731379,11.3394189874331,0,10,6,5,2,43,147,0,2,0,6,-8.93613962093762,0,3,0,0,0,20,0,312,3,0,0,322,103,14,30.0396892829361,0,10,6,5,2,0,32,0,16,0,0,0,3,15,11,1,35,5,1,0,0,0,0,0,0,0,0,1,-6,0,0,0,3,30,2,1,1,1,2,0,3,5,1,21,2,2,0,0,27,1,0,2,0,0,0,0,0,0,0,0,0,0,27;21,,,48,0,0,4,4,0,0,1,0,0,0,0,0,7,0,56,331,4,1,2,1,1,2,17,0,294
2008,13,BUF,REG,2008_13_SF_BUF,SF,21,38,205,0,0,3,-11,0,0,202,73,11,-5.86932031000077,-10.1050054556445,0,8,3,2,0,25,156,0,1,1,7,-1.35621353954775,0,5,3,1,1,21,0,205,0,1,0,202,73,11,11.9688673703931,0,8,3,2,0,0,34,9,11,0,0,2,3,28,4,0,0,2,0,0,0,0,0,0,0,0,0,1,0,1,0,0,6,43,6,2,0,0,2,1,4,49,3,55,1,3,2,0,22,0.333333333333333,0,1,0,0,0,0,0,1,0,1,0,0,22,20;40,,22,60,0,0,0,0,0,,0,0,0,0,0,3,0,29,78,1,1,1,0,0,1,3,0,75
2008,13,CAR,REG,2008_13_CAR_GB,GB,12,17,177,0,0,2,-7,0,0,203,57,4,5.36330548161641,9.05462345656227,0,3,3,3,2,27,130,5,1,0,9,9.42539919004776,0,2,2,2,1,12,0,177,0,1,1,203,57,4,7.99866295652464,0,3,3,3,2,0,52,9,17,0,0,0,2,5,5,1,0,3,0,0,0,0,0,0,0,0,0,1,0,1,0,0,2,12,5,2,0,0,2,1,4,46,5,163,0,0,0,0,,,0,0,0,0,0,0,0,0,0,0,0,0,,,,0,0,0,5,5,0,0,1,0,0,0,0,0,6,0,51,277,3,0,3,0,0,3,23,0,254
2008,13,CHI,REG,2008_13_CHI_MIN,MIN,11,29,153,2,3,3,-28,0,0,252,91,4,-21.6449548907694,-23.9083308598091,0,4,3,2,1,26,103,0,0,0,5,-6.22657764522592,0,3,3,2,0,11,0,153,2,0,0,252,91,4,14.1640573471086,0,4,3,2,1,0,45,9,17,0,0,1,2,10,4,1,36,5,0,0,0,0,0,0,0,0,0,0,0,0,0,0,5,50,4,0,0,0,0,0,4,29,7,186,0,0,0,0,,,0,0,0,0,0,0,0,0,0,0,0,0,,,,0,0,0,2,2,0,0,1,0,0,0,0,0,9,0,46,360,5,3,1,0,3,2,-3,0,363
2008,13,CIN,REG,2008_13_BAL_CIN,BAL,12,33,124,0,1,4,-26,2,0,264,55,4,-26.3602674310774,-21.7969054356217,0,4,2,1,1,16,57,0,0,0,2,-5.20036982110469,0,1,1,1,0,12,0,124,0,0,0,264,55,4,7.8035187991045,0,4,2,1,1,0,43,3,39,0,0,1,2,8,5,0,0,1,0,0,0,0,0,0,0,0,0,2,0,0,0,0,3,15,3,0,2,0,2,0,2,17,7,156,1,1,0,0,21,1,0,1,0,0,0,0,0,0,0,0,0,0,21,,,21,0,0,0,0,0,0,,0,0,0,0,0,11,0,55,479,3,2,0,1,5,3,5,0,454
2008,13,CLE,REG,2008_13_IND_CLE,IND,16,29,110,0,1,3,-18,1,1,234,32,8,-9.71139395688956,-9.97096027793555,0,3,2,1,0,32,101,0,0,0,5,-3.25823739414262,0,1,1,0,0,16,0,110,0,0,0,234,32,8,8.68048660367071,0,3,2,1,0,0,38,9,9,0,0,2,0,0,1,2,4,3,0,0,0,0,0,0,0,0,0,0,0,1,-2,0,4,25,5,1,0,0,1,1,0,0,3,61,2,3,1,0,34,0.666666666666667,0,1,1,0,0,0,0,0,1,0,0,0,34;25,34,,59,34,0,0,0,0,0,,0,0,0,0,0,4,0,60,202,2,0,1,1,0,2,0,0,182
2008,13,DAL,REG,2008_13_SEA_DAL,SEA,22,34,331,3,1,0,0,0,0,508,88,17,13.8829535286957,20.4289821783702,0,15,8,5,0,24,116,1,0,0,5,1.96966132509988,0,4,4,1,0,22,0,331,3,0,0,508,88,17,25.3693485124968,0,15,8,5,0,0,55,0,12,0,0,2,7,45,9,1,0,8,0,0,0,0,0,0,0,0,0,0,0,1,0,0,5,38,6,0,0,0,0,0,2,15,2,83,2,2,0,0,42,1,0,0,0,2,0,0,0,0,0,0,0,0,41;42,,,83,0,0,4,4,0,0,1,0,0,0,0,0,5,0,50,213,2,0,0,0,3,2,12,0,201
2008,13,DEN,REG,2008_13_DEN_NYJ,NYJ,27,43,357,2,1,0,0,0,0,338,203,14,12.2796010292484,2.0498184896097,0,11,9,6,1,25,127,1,0,0,9,2.65005205440684,0,3,3,0,0,27,0,357,2,0,0,338,203,14,25.4572917752957,0,11,9,6,1,0,30,20,20,0,0,1,2,6,2,1,0,8,0,0,0,0,0,0,0,0,0,0,0,1,23,1,6,64,3,0,0,0,0,0,1,0,3,32,2,2,0,0,35,1,0,1,1,0,0,0,0,0,0,0,0,0,25;35,,,60,0,0,4,4,0,0,1,0,0,0,0,0,5,0,52,214,4,1,2,0,0,2,7,0,207
2008,13,DET,REG,2008_13_TEN_DET,TEN,14,28,154,1,1,4,-23,2,0,199,43,5,-14.2263270004107,-5.20962369441986,0,7,3,3,0,14,23,0,0,0,1,-7.41591161570977,0,1,1,1,0,14,0,154,1,1,1,199,43,5,5.3855577261711,0,7,3,3,0,0,50,0,28,0,0,1,1,17,1,0,0,4,0,1,0,0,0,0,0,0,0,2,0,1,10,0,5,38,3,3,1,0,4,2,2,-1,7,148,1,1,0,0,53,1,0,0,0,0,1,0,0,0,0,0,0,0,53,,,53,0,0,1,1,0,0,1,0,0,0,0,0,9,0,63,431,3,1,1,1,0,6,49,0,362
2008,13,GB,REG,2008_13_CAR_GB,CAR,29,45,298,3,1,2,-5,0,0,473,51,18,15.5479165203242,5.0540124045478,1,10,7,3,1,29,145,0,0,0,6,-4.35247901748759,0,4,3,2,0,29,0,298,3,0,0,473,51,18,26.1208081213412,1,10,7,3,1,0,33,13,15,0,0,2,2,7,2,0,0,1,0,0,0,0,0,0,0,0,0,0,-12,1,-2,0,7,49,4,0,1,0,1,1,3,23,5,92,3,3,0,0,44,1,1,0,1,1,0,0,0,0,0,0,0,0,32;44;19,,,95,0,0,2,2,0,0,1,0,0,0,0,0,4,0,48,175,0,0,0,0,0,4,46,0,129
2008,13,HOU,REG,2008_13_JAX_HOU,JAX,14,25,200,1,1,0,0,0,0,196,118,8,-2.02663913801838,-6.58720397949219,0,8,3,3,1,26,126,2,0,0,8,1.18153017909546,0,4,4,2,1,14,0,200,1,0,0,196,118,8,11.4785729111731,0,8,3,3,1,0,48,11,11,0,0,2,3,25,6,1,13,4,0,0,0,0,0,0,0,0,0,1,0,2,0,0,5,30,3,0,1,0,1,0,1,28,2,35,3,3,0,0,50,1,0,1,1,0,1,0,0,0,0,0,0,0,38;50;20,,,108,0,0,3,3,0,0,1,0,0,0,0,0,3,0,41,108,3,0,1,0,2,0,0,0,108
2008,13,IND,REG,2008_13_IND_CLE,CLE,15,21,125,0,2,0,0,0,0,179,66,9,2.81252464721363,10.5720429902985,0,5,2,0,0,29,90,0,2,1,5,-9.25782475137385,0,1,1,0,0,15,0,125,0,0,0,179,66,9,9.63997868378647,0,5,2,0,0,0,47,10,10,0,0,1,3,18,2,1,0,3,0,1,0,0,0,0,0,0,0,2,0,1,37,1,2,10,3,2,1,0,3,1,2,0,3,73,1,2,1,0,30,0.5,0,0,1,0,0,0,0,0,0,1,0,0,30,46,,30,46,0,1,1,0,0,1,0,0,0,0,0,2,0,44,76,0,0,1,0,1,0,0,0,76
2008,13,JAX,REG,2008_13_JAX_HOU,HOU,25,35,287,1,1,3,-25,1,1,239,74,15,-1.7962400443719,13.3359023753334,0,12,10,5,0,26,126,1,1,1,6,-0.846856225660304,0,4,3,1,0,25,0,287,1,0,0,239,74,15,22.3033139299151,0,12,10,5,0,0,38,1,7,0,0,0,0,0,3,1,4,4,0,0,0,0,0,0,0,0,0,0,0,0,0,0,8,60,5,2,0,0,2,2,0,0,7,122,1,2,1,0,29,0.5,0,1,0,0,0,0,0,0,0,1,0,0,29,43,,29,43,0,2,2,0,0,1,0,0,0,0,0,3,0,46,121,0,0,0,0,2,1,28,0,93
2008,13,KC,REG,2008_13_KC_OAK,LV,15,22,162,0,1,1,-6,0,0,173,53,10,-1.33466468263391,3.52471633390947,0,11,3,1,0,37,145,1,0,0,7,-1.29873200732982,0,3,3,1,0,15,0,162,0,0,0,173,53,10,11.8809755468883,0,11,3,1,0,0,35,5,13,0,0,2,0,0,1,0,0,3,0,0,0,0,0,0,0,0,0,1,-7,2,67,1,6,57,4,0,1,0,1,0,1,2,2,39,2,2,0,0,38,1,0,1,1,0,0,0,0,0,0,0,0,0,38;27,,,65,0,0,2,2,0,0,1,0,0,0,0,0,5,0,62,202,1,0,0,1,3,1,0,0,182
2008,13,LA,REG,2008_13_MIA_STL,MIA,16,35,149,0,3,0,0,0,0,301,55,8,-11.9433121765444,-16.5702134370804,0,5,3,1,0,30,129,0,0,0,7,-0.804832073394209,0,4,1,0,0,16,0,149,0,0,0,301,55,8,11.9526657808889,0,5,3,1,0,0,53,2,2,0,0,2,0,0,3,0,0,2,0,0,0,0,0,0,0,0,0,0,0,1,0,0,5,30,4,0,0,0,0,0,4,18,4,94,4,4,0,0,51,1,0,1,2,0,1,0,0,0,0,0,0,0,23;51;33;38,,,145,0,0,0,0,0,0,,0,0,0,0,0,3,0,62,156,1,0,0,1,1,1,17,0,119
2008,13,LAC,REG,2008_13_ATL_SD,ATL,17,30,149,0,0,3,-18,0,0,192,95,7,-5.60022463484556,-3.31513922790001,0,8,2,0,0,19,70,1,1,0,5,-1.46175818803022,0,2,1,1,0,17,0,149,0,0,0,192,95,7,9.72230232243612,0,8,2,0,0,0,44,18,18,0,0,2,0,0,2,0,0,0,0,0,0,0,0,0,0,0,0,1,0,3,86,1,9,84,4,1,0,0,1,0,1,12,4,75,1,2,0,1,28,0.5,0,1,0,0,0,0,0,0,0,0,0,0,28,,43,28,0,43,1,1,0,0,1,0,0,0,0,0,4,0,50,174,1,1,0,0,1,2,32,0,142
2008,13,LV,REG,2008_13_KC_OAK,KC,10,28,132,0,0,0,0,0,0,291,50,6,-6.78744148491194,-23.3313210584499,0,6,5,3,0,29,139,1,3,2,7,-10.787324550387,0,4,3,1,0,10,0,132,0,0,0,291,34,6,10.4136900430312,0,6,5,3,0,0,42,6,16,0,0,0,1,6,1,1,44,2,0,0,0,0,0,0,0,0,0,1,-8,0,0,0,5,39,4,2,1,0,3,2,1,0,5,103,2,2,0,0,51,1,0,1,0,0,1,0,0,0,0,0,0,0,25;51,,,76,0,0,1,1,0,0,1,0,0,0,0,0,4,0,57,173,1,0,2,1,0,1,2,0,151
2008,13,MIA,REG,2008_13_MIA_STL,LA,14,24,178,0,0,0,0,0,0,323,39,7,5.7349897322067,6.06595774491628,0,8,4,2,0,35,149,1,1,0,8,-1.75519433192676,0,5,2,0,0,14,0,178,0,2,1,323,39,7,8.38217568106975,0,8,4,2,0,0,54,1,1,0,0,0,0,0,1,3,13,5,0,0,0,0,0,0,0,0,0,1,-3,0,0,0,10,94,5,2,1,1,3,1,1,17,5,99,3,3,0,0,47,1,0,0,1,2,0,0,0,0,0,0,0,0,37;47;42,,,126,0,0,1,1,0,0,1,0,0,0,0,0,5,0,53,208,0,0,0,0,1,4,18,0,190
2008,13,MIN,REG,2008_13_CHI_MIN,CHI,16,25,210,1,1,2,-10,0,0,185,114,8,-5.29851439463394,0.544245719909668,0,5,3,3,1,39,178,3,0,0,8,-0.374166853660872,0,4,3,2,1,16,0,210,1,0,0,185,114,8,13.6672610414971,0,5,3,3,1,0,36,12,16,0,0,0,3,28,6,3,54,8,0,1,0,0,0,0,0,0,0,0,0,0,0,0,4,30,3,1,0,1,1,0,2,-3,2,62,2,2,0,0,27,1,0,2,0,0,0,0,0,0,0,0,0,0,23;27,,,50,0,0,4,4,0,0,1,0,0,0,0,0,9,0,62,427,1,0,0,3,2,4,29,0,338
2008,13,NE,REG,2008_13_PIT_NE,PIT,19,39,169,0,2,5,-24,2,2,345,114,7,-31.1686019990313,-11.9240203729043,0,8,4,2,0,20,122,1,0,0,7,5.71573020063806,0,3,3,1,1,19,1,169,0,0,0,345,114,7,4.78533973294543,0,8,4,2,0,0,23,31,33,0,0,1,1,7,6,1,5,4,0,0,0,0,0,0,0,0,0,0,0,0,0,0,6,45,2,2,1,0,3,3,2,0,8,157,1,2,1,0,29,0.5,0,1,0,0,0,0,0,1,0,0,0,0,29,27,,29,27,0,1,1,0,0,1,0,0,0,0,0,4,0,55,173,2,0,0,1,1,2,29,0,124
2008,13,NO,REG,2008_13_NO_TB,TB,25,47,296,2,3,1,-8,0,0,350,122,14,-0.315480781282474,-6.55590069034825,0,13,6,5,0,18,44,0,0,0,3,-6.71573183807533,0,0,0,0,0,25,0,296,2,0,0,350,122,14,26.6057389815687,0,13,6,5,0,0,41,10,14,0,0,2,4,14,6,0,0,6,0,0,0,0,0,0,0,0,0,0,0,1,6,0,5,45,5,0,0,0,0,0,2,-16,5,80,2,2,0,0,47,1,0,0,0,2,0,0,0,0,0,0,0,0,47;43,,,90,0,0,2,2,0,0,1,0,0,0,0,0,5,0,70,247,0,0,0,0,0,5,82,0,165
2008,13,NYG,REG,2008_13_NYG_WAS,WAS,21,34,305,1,1,2,-9,0,0,300,154,15,10.3030804420993,0.00275916912976433,0,14,6,3,2,35,108,1,0,0,6,-3.87839809077559,0,2,1,1,0,21,0,305,1,0,0,300,154,15,25.5063430876471,0,14,6,3,2,0,35,14,18,0,0,2,4,21,6,1,-2,9,0,0,0,0,0,0,0,0,0,0,0,1,0,0,3,19,3,0,0,0,0,0,1,9,2,37,3,3,0,0,39,1,0,0,3,0,0,0,0,0,0,0,0,0,31;38;39,,,108,0,0,2,2,0,0,1,0,0,0,0,0,4,0,45,158,0,0,1,1,2,0,0,0,138
2008,13,NYJ,REG,2008_13_DEN_NYJ,DEN,23,43,247,0,1,2,-6,1,0,345,138,14,-6.44971464999579,-9.99745061231214,0,12,3,2,0,19,142,2,2,1,4,-5.31580577831483,0,5,4,2,1,23,0,247,0,0,0,345,138,14,20.431809562986,0,12,3,2,0,0,28,24,24,0,0,0,0,0,0,1,0,9,0,0,0,0,0,0,0,0,0,2,-16,0,0,0,4,25,3,1,2,0,3,1,2,7,6,110,1,1,0,0,30,1,0,0,1,0,0,0,0,0,0,0,0,0,30,,,30,0,0,2,2,0,0,1,0,0,0,0,0,4,0,44,164,2,0,3,0,0,1,0,0,164
2008,13,PHI,REG,2008_13_ARI_PHI,ARI,27,39,260,4,0,1,-8,0,0,235,128,18,14.259024592756,8.53476218275122,0,9,5,4,0,40,185,2,0,0,13,4.34720580096606,0,4,4,0,0,27,0,260,4,0,0,235,128,18,26.6848283410072,0,9,5,4,0,0,37,3,5,0,0,2,0,0,4,3,50,10,0,1,0,0,0,0,0,0,0,0,0,1,0,0,8,61,3,0,1,0,1,1,3,11,4,97,2,2,0,0,42,1,0,0,0,2,0,0,0,0,0,0,0,0,42;41,,,83,0,0,6,6,0,0,1,0,0,0,0,0,3,0,58,137,2,0,0,0,1,2,9,0,128
2008,13,PIT,REG,2008_13_PIT_NE,NE,17,33,179,2,1,1,-7,0,0,286,51,11,0.960775254636066,-4.50512703621026,0,10,4,1,0,34,161,1,0,0,8,2.70798431569889,0,6,4,2,0,17,0,179,2,0,0,286,51,11,20.6078643574729,0,10,4,1,0,0,27,26,26,0,0,2,5,24,7,2,112,7,0,1,0,0,0,0,0,0,0,1,0,3,0,0,8,88,1,1,1,1,2,0,2,29,3,65,4,5,1,0,45,0.8,0,3,0,1,0,0,0,0,0,1,0,0,20;25;20;45,40,,110,40,0,3,3,0,0,1,0,0,0,0,0,3,0,39,115,0,0,0,0,1,2,0,0,115
2008,13,SEA,REG,2008_13_SEA_DAL,DAL,22,38,287,0,1,7,-45,0,0,359,93,14,-0.796710866638767,-3.13525365011112,0,13,7,4,0,23,80,0,2,1,5,-8.28080702267471,0,1,1,0,0,22,0,287,0,0,0,359,93,14,20.1194669674151,0,13,7,4,0,0,35,0,16,0,0,0,0,0,7,1,0,4,0,0,0,0,0,0,0,0,0,0,0,0,0,0,5,46,0,2,0,1,2,1,2,12,7,150,3,3,0,0,44,1,0,1,1,1,0,0,0,0,0,0,0,0,44;38;25,,,107,0,0,0,0,0,0,,0,0,0,0,0,7,0,60,351,2,2,0,2,1,2,15,0,296
2008,13,SF,REG,2008_13_SF_BUF,BUF,14,23,161,1,0,3,-28,1,0,194,71,8,6.73320686025545,4.45884252371995,0,7,4,1,0,29,62,0,3,1,2,-14.9462564869625,0,1,1,0,0,14,0,161,1,0,0,194,71,8,16.8854811255587,0,7,4,1,0,0,38,16,18,0,0,2,3,11,6,0,0,5,0,0,0,0,0,0,0,0,0,3,-2,1,0,0,4,35,2,2,2,0,4,1,1,3,2,38,1,1,0,0,50,1,0,0,0,0,1,0,0,0,0,0,0,0,50,,,50,0,0,1,1,0,0,1,0,0,0,0,0,6,0,58,284,3,0,0,0,2,4,49,0,235
2008,13,TB,REG,2008_13_NO_TB,NO,9,23,119,1,0,4,-14,1,0,231,52,4,-11.0842825641408,-18.5570990261824,0,6,2,2,0,34,149,1,0,0,7,4.25785295077367,0,3,2,1,0,9,0,119,1,1,1,231,52,4,4.11228848871542,0,6,2,2,0,0,35,12,18,0,0,0,1,8,10,3,20,13,0,0,0,0,0,0,0,0,0,1,0,0,0,0,1,5,4,2,0,0,2,1,5,82,3,76,3,3,0,0,38,1,0,1,2,0,0,0,0,0,0,0,0,0,38;23;37,,,98,0,0,2,2,0,0,1,0,0,0,0,0,6,0,47,221,3,4,0,0,0,2,-16,0,237
2008,13,TEN,REG,2008_13_TEN_DET,DET,12,19,181,0,0,1,-17,1,1,134,138,6,3.89927918328353,-2.36451029777527,0,7,4,4,1,46,292,4,0,0,12,6.00962669660077,0,8,8,6,1,12,0,181,0,0,0,134,138,6,14.5128473880468,0,7,4,4,1,0,38,1,3,0,0,3,4,23,9,1,15,6,1,0,0,0,0,0,0,0,0,0,0,2,-3,0,9,65,2,1,0,0,1,1,6,49,3,95,4,4,0,0,49,1,0,0,0,4,0,0,0,0,0,0,0,0,49;41;45;43,,,178,0,0,5,5,0,0,1,0,0,0,0,0,3,0,59,143,0,0,1,0,0,2,-1,0,144
2008,13,WAS,REG,2008_13_NYG_WAS,NYG,24,39,249,0,1,4,-21,1,0,321,128,12,-7.52972049923748,-0.74849186035303,0,9,5,3,0,18,92,1,0,0,4,-1.21165997599019,0,3,2,1,0,24,0,249,0,1,1,321,128,12,8.00705314165778,0,9,5,3,0,0,37,20,24,0,0,0,2,9,4,1,4,6,0,0,0,0,0,0,0,0,0,1,0,0,0,0,7,47,5,2,0,0,2,1,0,0,5,101,0,1,1,0,,0,0,0,0,0,0,0,0,0,0,1,0,0,,42,,0,42,0,1,1,0,0,1,0,0,0,0,0,6,0,54,274,0,0,1,3,1,1,9,0,205
2008,14,ARI,REG,2008_14_STL_ARI,LA,24,33,279,1,1,1,-7,0,0,274,140,12,6.03093854449492,8.7619044563987,0,10,3,3,1,22,63,1,0,0,6,-1.99976902254275,0,1,1,0,0,24,0,279,1,0,0,274,140,12,18.8884470898871,0,10,3,3,1,0,37,15,17,0,0,2,1,5,5,1,99,5,1,0,0,0,0,0,0,0,0,0,0,2,11,1,5,30,3,0,0,0,0,0,1,18,3,73,2,2,0,0,44,1,0,1,0,1,0,0,0,0,0,0,0,0,44;22,,,66,0,0,4,4,0,0,1,0,0,0,0,0,3,0,50,126,2,0,0,0,2,1,33,0,93
2008,14,ATL,REG,2008_14_ATL_NO,NO,24,33,315,1,1,0,0,0,0,301,100,13,14.721984556796,15.330572379753,1,11,5,4,1,30,99,2,1,0,9,-1.40277641126886,0,3,2,1,0,24,0,315,1,0,0,301,100,13,29.4686352899736,1,11,5,4,1,0,42,9,9,0,0,0,0,0,0,0,0,6,0,0,0,0,0,0,0,0,0,1,-2,0,0,0,5,34,3,0,1,0,1,0,2,2,6,142,1,1,0,0,23,1,0,1,0,0,0,0,0,0,0,0,0,0,23,,,23,0,0,2,2,0,0,1,0,0,0,0,0,4,0,52,190,1,0,0,0,1,3,0,0,190
2008,14,BAL,REG,2008_14_WAS_BAL,WAS,10,21,134,1,1,0,0,0,0,259,44,5,-0.637594302092337,-10.5150909650893,0,5,4,4,0,39,147,1,2,1,7,-9.70056507759728,0,3,2,1,0,10,0,134,1,0,0,259,44,5,10.395754451165,0,5,4,4,0,0,42,9,9,0,0,1,2,26,7,2,9,13,0,0,0,0,0,0,0,0,0,0,-8,1,22,1,4,35,4,1,1,1,2,1,3,9,3,53,1,1,0,0,32,1,0,0,1,0,0,0,0,0,0,0,0,0,32,,,32,0,0,3,3,0,0,1,0,0,0,0,0,6,0,49,248,3,0,1,0,3,2,6,0,242
2008,14,BUF,REG,2008_14_MIA_BUF,MIA,13,27,123,0,1,4,-44,2,1,296,51,8,-15.6583739713255,-12.4495568183752,0,5,1,1,0,18,84,0,0,0,4,-1.87867747602286,0,4,2,0,0,13,0,123,0,0,0,296,51,8,8.92918105237186,0,5,1,1,0,0,41,13,23,0,0,0,1,1,2,0,0,2,0,1,0,0,0,0,0,0,0,4,-2,0,0,0,3,25,3,3,2,0,5,1,2,11,5,96,1,1,0,0,40,1,0,0,0,1,0,0,0,0,0,0,0,0,40,,,40,0,0,0,0,0,0,,0,0,0,0,0,5,0,52,215,1,0,2,0,1,2,17,0,198
2008,14,CAR,REG,2008_14_TB_CAR,TB,14,20,173,1,2,1,-8,0,0,124,67,10,3.34939245077771,4.90420192480087,0,8,3,1,0,37,299,4,0,0,14,16.9284077899938,0,7,7,5,2,14,0,173,1,0,0,124,67,10,17.1947236209235,0,8,3,1,0,0,50,5,9,0,0,1,5,23,5,0,0,5,0,0,0,0,1,0,0,0,0,0,0,0,0,0,4,26,1,0,0,0,0,0,2,21,4,74,1,1,0,0,33,1,0,0,1,0,0,0,0,0,0,0,0,0,33,,,33,0,0,5,5,0,0,1,0,0,0,0,0,1,0,51,51,0,0,0,0,0,1,3,0,48
2008,14,CHI,REG,2008_14_JAX_CHI,JAX,20,34,219,2,1,1,-9,0,0,237,100,10,-3.72153328354259,-2.18444352640825,0,8,5,4,0,26,86,0,0,0,5,-4.39838409167714,0,2,2,1,0,20,0,219,2,0,0,237,100,10,14.8343667086898,0,8,5,4,0,0,42,15,17,0,0,1,3,19,8,1,42,10,0,3,0,0,0,0,0,0,0,2,0,0,0,0,1,5,3,1,2,1,3,0,3,22,3,81,3,3,0,0,36,1,0,1,2,0,0,0,0,0,0,0,0,0,22;36;35,,,93,0,0,2,2,0,0,1,0,0,0,0,0,6,0,49,267,4,2,1,0,1,2,2,0,265
2008,14,CIN,REG,2008_14_CIN_IND,IND,22,32,200,0,3,5,-30,1,0,217,75,11,-17.8092581138748,4.35217819176614,0,8,4,3,0,24,82,0,1,1,4,-6.10093678210978,0,2,1,0,0,22,0,200,0,0,0,217,75,11,14.377779304632,0,8,4,3,0,0,35,11,11,0,0,1,0,0,0,0,0,3,0,0,0,0,0,0,0,0,0,1,0,1,0,0,3,23,3,2,0,0,2,1,3,27,6,158,1,1,0,0,19,1,1,0,0,0,0,0,0,0,0,0,0,0,19,,,19,0,0,0,0,0,0,,0,0,0,0,0,4,0,49,127,1,1,1,0,1,1,0,0,127
2008,14,CLE,REG,2008_14_CLE_TEN,TEN,22,44,150,0,1,1,-7,0,0,334,73,8,-16.2115817519599,-7.4121644212441,0,4,1,1,0,19,35,0,1,0,2,-5.7336682114983,0,0,0,0,0,22,0,150,0,1,0,334,63,8,5.42907768621061,0,4,1,1,0,0,37,22,22,0,0,1,0,0,2,2,13,4,0,0,0,0,0,0,0,0,0,2,-1,1,0,0,8,68,4,1,1,0,2,0,2,20,4,105,3,4,1,0,47,0.75,0,0,1,2,0,0,0,0,0,1,0,0,47;41;39,44,,127,44,0,0,0,0,0,,0,0,0,0,0,6,0,53,255,1,1,0,2,1,2,44,0,171
2008,14,DAL,REG,2008_14_DAL_PIT,PIT,19,36,210,1,3,3,-16,1,1,333,105,10,-17.3011543914521,-4.26378306001425,0,7,2,2,1,26,95,0,0,0,5,-7.40694130421616,0,4,2,1,0,19,0,210,1,0,0,333,105,10,15.6089018339764,0,7,2,2,1,0,30,9,31,0,0,1,5,36,5,0,0,8,0,2,0,0,0,0,0,0,0,1,0,2,0,0,5,24,6,1,2,0,3,2,3,-5,4,68,2,2,0,0,44,1,0,0,1,1,0,0,0,0,0,0,0,0,44;33,,,77,0,0,1,1,0,0,1,0,0,0,0,0,4,0,51,160,1,1,1,0,1,1,35,0,125
2008,14,DEN,REG,2008_14_KC_DEN,KC,32,40,286,2,1,0,0,0,0,199,168,18,8.44244735391195,12.8411736339331,0,14,7,3,0,30,139,1,1,0,9,4.91221606708132,0,3,3,1,0,32,0,286,2,0,0,199,168,18,21.0470561333378,0,14,7,3,0,0,33,4,8,0,0,0,1,10,1,0,0,7,0,0,0,0,0,0,0,0,0,1,-5,0,0,0,1,5,3,0,1,0,1,0,0,0,2,40,1,2,1,0,33,0.5,0,0,1,0,0,0,0,0,0,1,0,0,33,48,,33,48,0,3,3,0,0,1,0,0,0,0,0,1,0,52,52,0,0,0,0,0,1,32,0,20
2008,14,DET,REG,2008_14_MIN_DET,MIN,14,24,220,1,0,4,-29,2,0,173,117,9,1.41357899767924,2.16667015444149,0,7,5,4,1,27,76,0,1,0,3,-7.59866833069827,0,2,2,0,0,14,0,220,1,0,0,173,117,9,15.1241801470751,0,7,5,4,1,0,40,0,24,0,0,2,2,7,4,2,18,4,0,0,0,0,0,0,0,0,0,3,0,0,0,0,4,32,6,2,1,0,3,0,1,13,5,120,3,3,0,0,39,1,0,2,1,0,0,0,0,0,0,0,0,0,25;23;39,,,87,0,0,1,1,0,0,1,0,0,0,0,0,2,0,66,119,1,0,0,0,0,2,7,0,112
2008,14,GB,REG,2008_14_HOU_GB,HOU,19,30,295,2,1,2,-16,0,0,342,95,10,3.28850365371909,6.91438600420952,0,10,6,5,2,20,108,1,0,0,5,1.63917868904537,0,2,2,1,0,19,0,295,2,0,0,342,95,10,19.2578969344031,0,10,6,5,2,0,45,19,23,0,0,2,1,6,5,1,5,5,0,0,0,0,0,0,0,0,0,0,0,3,3,0,6,65,5,0,0,0,0,0,2,8,5,80,0,0,0,0,,,0,0,0,0,0,0,0,0,0,0,0,0,,,,0,0,0,3,3,0,0,1,0,0,0,0,0,8,0,49,316,3,1,1,1,0,5,20,0,276
2008,14,HOU,REG,2008_14_HOU_GB,GB,28,42,414,2,1,1,-6,0,0,446,174,18,20.5027969817913,11.2934072048236,1,17,10,8,2,31,141,0,2,1,6,-2.13816118208107,0,4,4,1,0,28,0,414,2,1,1,446,174,18,28.294994266152,1,17,10,8,2,0,36,12,12,0,0,0,2,16,5,1,0,3,0,2,0,0,0,0,0,0,0,2,-1,0,0,0,4,30,4,2,3,0,5,3,5,20,4,72,3,4,1,0,41,0.75,0,0,1,2,0,0,0,0,0,1,0,0,30;41;40,41,,111,41,0,1,1,0,0,1,1,1,0,0,40,3,0,47,127,1,0,0,0,1,2,8,0,119
2008,14,IND,REG,2008_14_CIN_IND,CIN,26,32,277,3,0,0,0,0,0,175,161,15,20.6709877459507,13.7703794054687,0,8,4,1,1,20,57,1,0,0,4,-1.70061179861659,0,1,1,0,0,26,0,277,3,1,1,175,161,15,19.5565726723289,0,8,4,1,1,0,43,16,18,0,0,2,5,30,8,3,123,7,1,0,0,0,0,0,0,0,0,0,0,1,0,0,3,21,4,1,0,0,1,1,1,0,2,28,0,0,0,0,,,0,0,0,0,0,0,0,0,0,0,0,0,,,,0,0,0,5,5,0,0,1,0,0,0,0,0,3,0,51,139,0,0,0,0,0,3,27,0,112
2008,14,JAX,REG,2008_14_JAX_CHI,CHI,19,38,178,1,1,3,-19,0,0,305,81,8,-12.1135661063399,-8.35141457225147,0,6,3,2,0,28,119,0,0,0,6,-0.902042127388995,0,3,1,0,0,19,0,178,1,1,0,305,81,8,12.3188506381703,0,6,3,2,0,0,42,6,6,0,0,1,1,9,3,1,13,5,0,1,0,0,0,0,0,0,0,2,0,0,0,0,4,21,3,1,1,0,2,0,2,2,6,149,1,1,0,0,42,1,0,0,0,1,0,0,0,0,0,0,0,0,42,,,42,0,0,1,1,0,0,1,0,0,0,0,0,7,0,47,281,1,3,1,0,0,3,22,0,259
2008,14,KC,REG,2008_14_KC_DEN,DEN,17,32,187,1,0,1,-10,0,0,279,75,8,1.44541432799715,-4.97860490314422,0,8,3,2,0,18,83,0,0,0,6,-0.587529423006345,0,3,2,0,0,17,0,187,1,0,0,279,75,8,12.4783777072834,0,8,3,2,0,0,48,7,13,0,0,0,0,0,0,1,27,7,1,0,0,0,0,0,0,0,0,0,0,0,0,0,1,5,4,0,0,0,0,0,1,32,4,122,1,1,0,0,26,1,0,1,0,0,0,0,0,0,0,0,0,0,26,,,26,0,0,2,2,0,0,1,0,0,0,0,0,3,0,56,153,1,0,1,2,0,0,0,0,113
2008,14,LA,REG,2008_14_STL_ARI,ARI,22,38,228,1,1,1,-5,0,0,291,130,13,-6.67843508786666,-5.53185775091774,0,10,4,2,0,25,85,0,2,2,4,-13.5974952228135,0,1,1,1,0,22,0,228,1,0,0,291,130,13,19.2518707465875,0,10,4,2,0,0,41,6,6,0,0,0,1,7,5,1,24,3,0,0,0,0,0,0,0,0,0,0,0,0,0,0,1,5,2,2,0,0,2,2,1,33,6,143,1,2,1,0,51,0.5,0,0,0,0,1,0,0,0,0,1,0,0,51,42,,51,42,0,1,1,0,0,1,0,0,0,0,0,2,0,56,111,0,0,0,1,0,1,18,0,73
2008,14,LAC,REG,2008_14_OAK_SD,LV,10,22,214,3,0,0,0,0,0,244,93,10,14.9575086652004,-11.1009710214355,0,8,6,2,2,46,158,1,0,0,7,-0.692379295185674,0,2,0,0,0,10,0,214,3,0,0,244,93,10,24.4165395813761,0,8,6,2,2,0,34,11,11,0,0,1,3,20,6,3,30,7,0,1,0,0,0,0,0,0,0,0,0,1,0,0,9,51,4,1,0,0,1,1,3,24,2,38,2,2,0,0,39,1,0,1,1,0,0,0,0,0,0,0,0,0,20;39,,,59,0,0,4,4,0,0,1,0,0,0,0,0,5,0,58,230,1,0,0,0,2,3,3,0,227
2008,14,LV,REG,2008_14_OAK_SD,LAC,17,30,129,0,3,3,-20,1,1,202,47,8,-22.0015312118339,-8.58656068642934,0,5,2,1,0,16,54,0,0,0,1,-5.6373919644393,0,0,0,0,0,17,0,129,0,0,0,202,47,8,5.52908011595719,0,5,2,1,0,1,44,15,15,0,0,1,0,0,1,0,0,2,0,0,0,0,0,0,0,0,0,0,0,1,0,0,6,70,1,1,0,0,1,1,3,3,7,189,0,0,0,0,,,0,0,0,0,0,0,0,0,0,0,0,0,,,,0,0,0,1,1,0,0,1,0,0,0,0,0,7,0,58,328,3,1,3,0,0,3,24,0,304
2008,14,MIA,REG,2008_14_MIA_BUF,BUF,23,29,181,1,0,1,-1,0,0,154,81,10,7.1881184279764,10.9992978901699,0,7,3,1,0,34,115,0,0,0,8,-3.55330509639497,0,2,1,1,0,23,0,181,1,0,0,154,81,10,13.0514325596942,0,7,3,1,0,0,31,7,13,0,0,3,4,44,4,1,0,2,0,0,0,0,0,0,0,0,0,0,0,1,0,0,5,28,3,0,0,0,0,0,2,17,2,39,3,4,1,0,50,0.75,0,1,1,0,1,0,0,0,0,1,0,0,50;35;27,48,,112,48,0,1,1,0,0,1,0,0,0,0,0,4,0,54,175,2,1,0,0,0,2,11,0,164
2008,14,MIN,REG,2008_14_MIN_DET,DET,15,20,175,1,2,2,-7,0,0,144,89,12,2.60845479800997,9.14882108569145,0,10,2,1,0,32,130,1,3,0,7,-1.23708704848218,0,4,3,2,0,15,0,175,1,0,0,144,89,12,18.5306290993467,0,10,2,1,0,0,47,2,10,0,0,2,4,29,6,0,0,3,0,0,0,0,0,0,0,0,0,1,0,0,0,0,6,35,1,2,1,2,3,0,2,7,5,121,2,2,0,0,50,1,0,0,1,0,1,0,0,0,0,0,0,0,35;50,,,85,0,0,2,2,0,0,1,0,0,0,0,0,2,0,59,114,0,0,0,1,0,1,13,0,81
2008,14,NE,REG,2008_14_NE_SEA,SEA,26,44,268,1,0,3,-8,0,0,382,151,16,9.02538894001011,0.74764185173567,1,12,5,4,0,25,84,1,1,0,4,1.45770713983802,0,0,0,0,0,26,0,268,1,0,0,382,151,16,24.8564439090698,1,12,5,4,0,0,45,5,5,0,0,2,1,7,3,0,0,3,0,0,0,0,0,0,0,0,0,1,0,1,0,0,1,15,5,1,0,0,1,0,3,20,3,97,3,3,0,0,50,1,0,1,0,1,1,0,0,0,0,0,0,0,50;42;27,,,119,0,0,1,1,0,0,1,0,0,0,0,0,3,0,53,121,1,1,0,0,2,0,0,0,121
2008,14,NO,REG,2008_14_ATL_NO,ATL,18,32,230,2,0,0,0,0,0,174,157,14,8.55586976661768,-9.39566016197205,0,10,5,2,0,30,184,1,0,0,9,1.76476404576363,0,4,4,1,1,18,0,230,2,0,0,174,157,14,17.5271993150665,0,10,5,2,0,0,45,13,13,0,0,0,0,0,3,1,23,2,0,0,0,0,0,0,0,0,0,0,0,0,0,0,3,30,5,0,0,0,0,0,3,0,4,147,3,3,0,0,46,1,0,2,0,1,0,0,0,0,0,0,0,0,26;46;25,,,97,0,0,2,2,0,0,1,0,0,0,0,0,3,0,55,152,1,0,1,0,0,2,2,0,150
2008,14,NYG,REG,2008_14_PHI_NYG,PHI,13,27,123,1,0,0,0,0,0,288,41,6,-5.45930842943955,-13.1524996625053,0,7,3,0,0,24,88,0,1,0,3,-5.29879916223581,0,2,2,1,0,13,0,123,1,0,0,288,41,6,9.84658069926081,0,7,3,0,0,1,37,25,25,0,0,1,1,4,3,0,0,3,0,0,0,0,0,2,0,0,71,1,0,0,0,0,6,43,4,1,0,0,1,0,2,-6,4,86,0,1,0,1,,0,0,0,0,0,0,0,0,0,0,0,0,0,,,47,0,0,47,2,2,0,0,1,0,0,0,0,0,4,0,61,185,1,0,0,0,1,3,24,0,161
2008,14,NYJ,REG,2008_14_NYJ_SF,SF,20,31,137,0,1,3,-14,0,0,291,105,6,-2.87467544444371,1.32775466356959,0,3,1,1,0,12,59,2,0,0,4,3.29457761516096,0,1,1,0,0,20,0,137,0,0,0,291,105,6,6.18811563329655,0,3,1,1,0,0,57,1,27,0,0,5,2,10,3,1,24,3,0,0,0,0,0,0,0,0,0,1,0,1,0,0,8,57,3,0,1,0,1,0,3,14,4,67,0,0,0,0,,,0,0,0,0,0,0,0,0,0,0,0,0,,,,0,0,0,2,2,0,0,1,0,0,0,0,0,6,0,53,258,1,0,0,1,1,4,17,0,221
2008,14,PHI,REG,2008_14_PHI_NYG,NYG,19,30,191,1,0,1,-4,0,0,155,102,11,11.3488123228584,4.14637795516423,0,5,2,2,1,41,144,1,0,0,11,-0.552229238620125,0,4,2,1,0,19,0,191,1,1,0,155,102,11,19.3981965591289,0,5,2,2,1,0,27,16,16,0,0,1,0,0,2,0,0,3,0,0,0,0,0,1,0,0,0,0,0,0,0,0,9,73,4,1,0,1,1,0,3,24,1,19,2,4,0,2,51,0.5,0,0,1,0,1,0,0,0,0,0,0,0,51;34,,32;34,85,0,66,2,2,0,0,1,0,0,0,0,0,3,0,40,109,2,1,0,0,0,2,-6,0,115
2008,14,PIT,REG,2008_14_DAL_PIT,DAL,17,33,204,1,0,5,-36,0,0,267,56,8,-8.06162432079002,-7.10613336414099,0,8,4,3,1,26,70,0,1,1,4,-11.9266614667722,0,0,0,0,0,17,0,204,1,1,1,267,56,8,8.51211467501707,0,8,4,3,1,0,30,18,32,0,0,1,3,16,3,3,26,7,1,0,0,0,0,0,0,0,0,0,0,2,0,0,2,10,2,1,1,0,2,2,1,35,3,66,2,3,1,0,41,0.666666666666667,0,1,0,1,0,0,0,0,0,1,0,0,24;41,45,,65,45,0,2,2,0,0,1,0,0,0,0,0,6,0,44,197,2,2,1,0,0,3,-5,0,202
2008,14,SEA,REG,2008_14_NE_SEA,NE,20,28,212,3,0,1,-7,1,1,177,125,11,9.22231003810884,9.39946387495313,0,5,2,2,1,26,134,0,0,0,7,1.15930378594203,0,5,4,1,0,20,0,212,3,0,0,177,125,11,20.2008485121769,0,5,2,2,1,0,46,9,11,0,0,1,3,8,10,0,0,5,0,0,0,0,0,0,0,0,0,1,0,0,0,0,5,39,3,2,0,0,2,1,0,0,6,122,0,0,0,0,,,0,0,0,0,0,0,0,0,0,0,0,0,,,,0,0,0,3,3,0,0,1,0,0,0,0,0,5,0,54,197,3,1,0,0,1,3,20,0,177
2008,14,SF,REG,2008_14_NYJ_SF,NYJ,28,39,285,2,1,2,-10,0,0,225,166,15,9.20918403996511,8.49963204982953,0,12,4,2,0,33,100,0,2,1,6,-5.21594619163079,0,1,1,0,0,28,0,285,2,1,0,225,166,15,25.6024798325379,0,12,4,2,0,0,30,0,24,0,0,0,3,14,5,1,0,2,0,1,0,0,0,0,0,0,0,3,0,0,0,1,3,25,2,5,0,1,5,1,4,17,3,68,1,1,0,0,32,1,0,0,1,0,0,0,0,0,0,0,0,0,32,,,32,0,0,3,3,0,0,1,0,0,0,0,0,4,0,56,178,1,0,1,0,0,3,14,0,164
2008,14,TB,REG,2008_14_TB_CAR,CAR,24,38,321,2,0,5,-23,1,0,246,130,13,9.86526197494896,-1.33426597243861,0,9,4,4,2,24,86,1,0,0,7,4.04050632886356,0,1,1,0,0,24,0,321,2,0,0,246,130,13,26.8013803901164,0,9,4,4,2,0,44,4,10,0,0,0,1,8,1,2,5,3,0,0,0,0,0,0,0,0,0,1,0,0,0,0,5,34,6,1,0,0,1,0,1,3,6,121,1,2,1,0,20,0.5,0,1,0,0,0,0,0,0,0,1,0,0,20,40,,20,40,0,2,3,0,1,0.666666666666667,0,0,0,0,0,3,0,57,141,1,0,0,1,0,2,21,0,100
2008,14,TEN,REG,2008_14_CLE_TEN,CLE,14,23,155,2,2,0,0,0,0,180,66,8,-1.65627352078445,5.97676663171677,0,5,3,3,0,43,235,2,0,0,11,4.79243626695825,0,6,6,2,0,14,0,155,2,1,1,180,66,8,10.83459572625,0,5,3,3,0,0,37,11,15,0,0,1,1,7,11,1,36,6,0,0,0,0,0,0,0,0,0,0,0,0,0,0,13,131,0,1,0,0,1,1,2,44,3,69,0,0,0,0,,,0,0,0,0,0,0,0,0,0,0,0,0,,,,0,0,0,4,4,0,0,1,0,0,0,0,0,4,0,44,139,1,0,1,0,1,2,20,0,119
2008,14,WAS,REG,2008_14_WAS_BAL,BAL,21,37,218,1,2,2,-26,0,0,261,134,9,-6.94427947786993,-6.02040210285702,0,7,6,3,0,21,62,0,1,1,4,-10.9009806315298,0,3,0,0,0,21,0,218,1,0,0,261,134,9,14.2024790320138,0,7,6,3,0,0,35,17,17,0,0,1,0,0,1,1,5,6,0,1,0,0,0,0,0,0,0,0,0,1,13,0,7,39,5,1,1,1,2,1,2,6,5,94,1,2,1,0,43,0.5,0,0,0,1,0,0,0,0,0,1,0,0,43,48,,43,48,0,1,1,0,0,1,0,0,0,0,0,7,0,46,255,3,0,2,0,2,3,9,0,246
2008,15,ARI,REG,2008_15_MIN_ARI,MIN,32,50,298,1,1,4,-25,1,0,306,208,13,-9.38487784581957,-1.18518404814662,0,9,6,4,1,7,43,0,0,0,1,1.3873040099279,0,1,1,0,0,32,0,298,1,1,1,306,208,13,11.1358652063063,0,9,6,4,1,1,43,15,15,0,0,1,3,6,4,0,0,3,0,0,0,0,0,1,0,0,68,1,0,1,0,0,5,60,5,2,0,0,2,1,3,32,6,126,0,0,0,0,,,0,0,0,0,0,0,0,0,0,0,0,0,,,,0,0,0,2,2,0,0,1,0,0,0,0,0,6,0,59,273,2,1,0,0,2,3,110,1,163
2008,15,ATL,REG,2008_15_TB_ATL,TB,15,23,206,0,2,1,-8,1,0,203,109,9,1.79221216525184,3.9346231655641,0,8,6,4,0,43,175,1,1,0,9,-3.39554501309481,0,6,4,1,0,15,0,206,0,1,1,203,109,9,8.33794384059729,0,8,6,4,0,0,40,23,23,0,0,0,4,43,7,1,1,7,0,0,0,0,0,0,0,0,0,2,0,0,0,0,3,20,3,3,0,0,3,1,4,37,3,56,2,2,0,0,34,1,0,1,1,0,0,0,0,0,0,0,0,0,26;34,,,60,0,0,1,1,0,0,1,1,1,0,0,34,5,1,52,225,2,0,1,0,1,3,16,0,209
2008,15,BAL,REG,2008_15_PIT_BAL,PIT,11,28,115,0,2,2,-25,1,0,195,54,8,-12.9185321542976,-18.1058997357333,0,6,3,1,0,31,112,0,0,0,4,-5.02620769350324,0,1,0,0,0,11,0,115,0,0,0,195,54,8,10.1034326508525,0,6,3,1,0,0,43,11,11,0,0,2,3,26,4,0,0,7,0,0,0,0,0,0,0,0,0,1,0,2,9,0,6,40,4,1,0,0,1,0,5,90,4,91,3,3,0,0,28,1,0,3,0,0,0,0,0,0,0,0,0,0,28;26;28,,,82,0,0,0,0,0,0,,0,0,0,0,0,7,0,56,292,4,0,3,0,1,3,5,0,287
2008,15,BUF,REG,2008_15_BUF_NYJ,NYJ,24,39,148,1,3,3,-29,2,1,177,72,14,-17.5180234999588,-2.02368886934386,0,5,0,0,0,32,187,2,0,0,9,10.7379193393347,0,4,3,1,0,24,0,148,1,1,0,177,72,14,10.3152585636399,0,5,0,0,0,0,25,22,22,0,0,0,0,0,0,2,45,6,0,0,0,0,0,0,0,0,0,3,0,0,0,0,4,33,5,2,2,0,4,1,1,56,6,154,2,2,0,0,48,1,0,0,1,1,0,0,0,0,0,0,0,0,34;48,,,82,0,0,3,3,0,0,1,0,0,0,0,0,3,0,63,166,2,0,2,1,0,0,0,0,146
2008,15,CAR,REG,2008_15_DEN_CAR,DEN,17,26,253,1,1,0,0,0,0,305,110,11,4.44765759641115,6.25202082670652,0,11,7,5,0,30,147,2,0,0,7,3.3700671504613,0,3,1,1,1,17,0,253,1,0,0,305,110,11,18.2879481036216,0,11,7,5,0,0,50,2,4,0,0,1,3,14,3,1,4,8,0,0,0,0,0,0,0,0,0,0,0,1,0,0,5,35,1,0,0,0,0,0,2,22,3,60,3,3,0,0,44,1,0,0,1,2,0,0,0,0,0,0,0,0,39;44;42,,,125,0,0,3,3,0,0,1,0,0,0,0,0,4,0,50,159,3,0,1,0,2,1,-3,0,162
2008,15,CHI,REG,2008_15_NO_CHI,NO,24,41,172,0,2,1,-1,0,0,255,72,9,-15.7592006110579,-6.26202610934653,0,5,1,1,0,20,55,2,1,1,5,-6.09883105797922,0,0,0,0,0,24,1,172,0,0,0,255,72,9,6.02306509201299,0,5,1,1,0,1,48,13,13,0,0,0,1,6,3,2,0,9,0,0,0,0,0,0,0,0,0,0,0,0,0,0,4,24,4,0,1,0,1,1,2,-2,6,192,2,2,0,0,35,1,0,1,1,0,0,0,0,0,0,0,0,0,28;35,,,63,0,0,3,3,0,0,1,1,1,0,0,35,5,0,56,216,2,0,2,0,0,3,3,0,213
2008,15,CIN,REG,2008_15_WAS_CIN,WAS,16,29,209,1,0,2,-5,0,0,225,110,9,2.31250831337524,-2.61045539820636,0,6,2,2,1,33,106,1,0,0,7,-0.991771789907943,0,3,3,0,0,16,0,209,1,0,0,225,110,9,15.8183186056383,0,6,2,2,1,0,35,3,37,0,0,2,0,0,4,0,0,3,0,0,0,0,0,0,0,0,0,0,0,2,12,0,6,41,2,0,0,0,0,0,1,8,1,18,2,2,0,0,45,1,0,0,1,1,0,0,0,0,0,0,0,0,32;45,,,77,0,0,2,2,0,0,1,0,0,0,0,0,6,0,50,230,1,1,0,0,1,4,33,0,197
2008,15,CLE,REG,2008_15_CLE_PHI,PHI,11,29,156,0,2,2,-17,0,0,197,42,8,-15.6738540251665,-21.5749942023179,0,8,4,4,0,20,57,0,1,0,3,-4.84685053734575,0,1,0,0,0,11,1,156,0,0,0,197,42,8,12.6727571312804,0,8,4,4,0,0,56,2,6,0,0,0,2,6,4,3,122,8,1,0,0,0,0,0,0,0,0,1,-5,0,0,0,3,20,3,0,1,0,1,0,0,0,4,78,1,1,0,0,27,1,0,1,0,0,0,0,0,0,0,0,0,0,27,,,27,0,0,1,1,0,0,1,0,0,0,0,0,6,0,60,277,2,0,1,2,0,3,3,0,234
2008,15,DAL,REG,2008_15_NYG_DAL,NYG,20,30,244,2,0,4,-23,1,0,222,157,12,4.01546276728925,7.94062481394836,0,12,5,4,0,21,100,1,0,0,4,2.04478443707922,0,3,3,2,0,20,0,244,2,0,0,222,157,12,17.328846966455,0,12,5,4,0,0,40,0,20,0,0,2,8,45,12,2,2,4,0,0,0,0,0,0,0,0,0,1,0,0,0,0,11,108,1,1,1,1,2,0,4,34,3,76,0,0,0,0,,,0,0,0,0,0,0,0,0,0,0,0,0,,,,0,0,0,2,2,0,0,1,0,0,0,0,0,6,0,46,253,3,1,0,1,3,1,6,0,227
2008,15,DEN,REG,2008_15_DEN_CAR,CAR,21,33,172,1,1,3,-14,0,0,178,91,10,-4.39466690200888,1.06638516149213,0,9,3,0,0,23,121,0,1,1,4,-3.8957614878891,0,3,3,1,0,21,0,172,1,0,0,178,91,10,14.7321318371158,0,9,3,0,0,0,44,3,9,0,0,0,0,0,0,1,34,4,0,0,0,0,0,0,0,0,0,0,0,0,0,0,3,25,2,1,0,0,1,1,1,-3,5,116,1,2,1,0,43,0.5,0,0,0,1,0,0,0,0,0,1,0,0,43,47,,43,47,0,1,1,0,0,1,0,0,0,0,0,5,0,57,241,0,0,0,1,2,2,22,0,199
2008,15,DET,REG,2008_15_DET_IND,IND,23,34,233,1,0,0,0,0,0,287,93,8,5.58343548305176,3.63749654004068,1,5,4,3,0,22,90,1,1,1,8,-2.92747779545607,0,3,2,1,0,23,0,233,1,1,1,287,93,8,13.6583927579778,1,5,4,3,0,0,37,23,23,0,0,3,1,3,6,0,0,2,0,0,0,0,0,0,0,0,0,0,0,2,0,0,6,48,6,2,0,0,2,2,3,15,6,154,2,2,0,0,51,1,0,0,1,0,1,0,0,0,0,0,0,0,51;30,,,81,0,0,1,1,0,0,1,0,0,0,0,0,4,0,54,193,1,0,0,1,0,3,30,0,143
2008,15,GB,REG,2008_15_GB_JAX,JAX,20,32,278,1,1,3,-24,1,0,370,103,13,10.5243010672153,8.74879110244013,0,10,4,4,2,28,84,0,0,0,4,-5.46840519283433,0,0,0,0,0,20,0,278,1,0,0,370,103,13,22.5180191499408,0,10,4,4,2,0,45,0,0,0,0,1,2,9,7,0,0,2,0,0,0,0,0,0,0,0,0,1,0,0,0,0,3,30,4,1,0,0,1,0,1,5,4,74,3,3,0,0,38,1,0,2,1,0,0,0,0,0,0,0,0,0,22;23;38,,,83,0,0,1,1,0,0,1,0,0,0,0,0,2,0,48,87,1,0,0,0,1,1,0,0,87
2008,15,HOU,REG,2008_15_TEN_HOU,TEN,23,39,284,1,0,3,-16,1,1,317,95,11,-6.94451826441572,-3.32760107822907,0,9,4,3,2,29,107,0,0,0,6,-2.59451899601845,0,2,2,1,0,23,0,284,1,0,0,317,95,11,18.0409018372098,0,9,4,3,2,0,34,7,9,0,0,2,0,0,1,1,23,5,0,0,0,0,0,0,0,0,0,0,0,1,0,0,11,127,3,1,0,0,1,1,2,15,4,97,2,3,1,0,32,0.666666666666667,0,1,1,0,0,0,0,1,0,0,0,0,32;24,26,,56,26,0,1,1,0,0,1,0,0,0,0,0,6,0,57,257,3,0,2,1,2,1,17,0,220
2008,15,IND,REG,2008_15_DET_IND,DET,28,37,318,1,0,1,-3,0,0,322,131,19,21.952053181245,14.393296273979,0,12,8,4,0,29,106,3,1,0,7,0.984290662313106,0,1,0,0,0,28,0,318,1,0,0,322,131,19,30.3183333912457,0,12,8,4,0,0,41,12,12,0,0,2,0,0,0,0,0,6,0,3,0,0,0,0,0,0,0,1,0,2,2,0,5,31,2,3,1,1,4,2,3,30,5,107,1,1,0,0,31,1,0,0,1,0,0,0,0,0,0,0,0,0,31,,,31,0,0,4,4,0,0,1,0,0,0,0,0,3,0,54,139,3,0,0,0,0,3,15,0,124
2008,15,JAX,REG,2008_15_GB_JAX,GB,21,33,238,2,0,2,-9,0,0,315,64,8,4.65876518089097,2.84986313312284,0,7,5,3,1,19,94,1,1,0,8,7.27584623701125,0,3,2,0,0,21,0,238,2,0,0,315,64,8,16.4202733719721,0,7,5,3,1,0,54,0,4,0,0,1,3,24,6,1,0,4,0,0,0,0,0,0,0,0,0,1,0,0,0,0,6,58,3,1,0,0,1,0,1,0,4,84,0,1,1,0,,0,0,0,0,0,0,0,0,0,0,0,1,0,,51,,0,51,0,2,2,0,0,1,0,0,0,0,0,4,0,54,198,0,0,0,2,1,1,5,0,153
2008,15,KC,REG,2008_15_SD_KC,LAC,20,29,175,2,1,0,0,0,0,125,110,12,2.76076965464454,6.01837964994567,0,9,2,1,0,31,102,1,0,0,7,-2.53990355692804,0,2,2,0,0,20,0,175,2,0,0,125,102,12,15.077182763937,0,8,2,1,0,0,47,11,11,0,0,4,3,20,2,1,50,3,0,0,0,0,0,0,0,0,0,0,0,2,0,0,4,30,4,1,0,0,1,1,2,0,5,75,0,2,2,0,,0,0,0,0,0,0,0,0,0,1,0,1,0,,34;50,,0,84,0,3,3,0,0,1,0,1,1,0,50,5,0,41,182,1,0,2,0,2,1,4,0,178
2008,15,LA,REG,2008_15_SEA_STL,SEA,20,33,218,1,0,1,-7,0,0,314,61,9,10.225425684635,-2.03637408487725,0,11,3,3,0,31,131,1,1,1,9,-6.8228512351634,0,5,4,0,0,20,0,218,1,1,1,314,61,9,14.7713966750652,0,11,3,3,0,0,51,2,2,0,0,2,3,18,5,0,0,3,0,0,0,0,0,0,0,0,0,0,0,2,0,0,6,40,6,2,0,0,2,2,2,22,3,86,2,2,0,0,48,1,0,0,1,1,0,0,0,0,0,0,0,0,36;48,,,84,0,0,2,2,0,0,1,0,0,0,0,0,5,0,68,273,1,1,0,1,0,3,25,0,228
2008,15,LAC,REG,2008_15_SD_KC,KC,34,48,346,2,1,3,-20,2,1,300,157,16,-4.85487609019454,4.97549033413331,0,16,6,2,1,19,68,1,0,0,5,3.41679551173002,0,0,0,0,0,34,0,346,2,2,1,300,157,16,18.8192313488066,0,16,6,2,1,0,45,8,8,0,0,1,0,0,1,1,0,5,0,0,0,0,0,0,0,0,0,1,0,1,0,0,10,83,5,4,0,1,4,2,1,4,4,113,1,1,0,0,32,1,0,0,1,0,0,0,0,0,0,0,0,0,32,,,32,0,0,1,1,0,0,1,0,0,0,0,0,4,0,45,144,2,0,2,0,0,2,0,0,144
2008,15,LV,REG,2008_15_NE_OAK,NE,17,33,242,2,1,2,-24,2,0,273,164,12,-1.95491977817426,-11.2366911136743,0,9,6,4,1,27,116,1,0,0,6,0.800621054077055,0,3,2,0,0,17,0,242,2,0,0,273,164,12,19.7940557430703,0,9,6,4,1,1,43,14,14,0,0,0,2,8,2,1,5,7,0,0,0,0,0,0,0,0,0,2,0,0,0,0,7,45,3,2,0,0,2,0,1,9,7,202,0,0,0,0,,,0,0,0,0,0,0,0,0,0,0,0,0,,,,0,0,0,2,3,0,1,0.666666666666667,0,0,0,0,0,6,0,66,261,1,1,1,1,0,3,26,0,215
2008,15,MIA,REG,2008_15_SF_MIA,SF,12,19,156,2,0,1,-6,0,0,148,68,6,6.21511741098948,-1.11563284146158,0,5,2,1,1,22,98,0,0,0,5,-1.3575040387384,0,3,2,0,0,12,0,156,2,0,0,148,68,6,11.376660460839,0,5,2,1,1,0,50,12,12,0,0,0,5,27,5,0,0,4,0,0,0,0,0,0,0,0,0,0,0,0,0,0,8,66,0,0,0,0,0,0,3,52,3,70,0,1,1,0,,0,0,0,0,0,0,0,0,0,0,1,0,0,,49,,0,49,0,2,2,0,0,1,0,0,0,0,0,5,0,52,205,3,0,0,0,3,2,0,0,205
2008,15,MIN,REG,2008_15_MIN_ARI,ARI,11,17,163,4,0,3,-6,0,0,148,76,5,14.9114984409534,5.06619723404155,0,4,2,2,2,44,239,0,0,0,14,8.22003416372652,0,8,6,3,0,11,0,163,4,1,1,148,76,5,15.3679949777434,0,4,2,2,2,1,41,10,12,0,0,2,4,25,11,1,-2,8,0,0,0,0,0,0,0,0,0,0,0,1,20,0,6,34,1,1,0,0,1,1,3,110,0,0,0,1,0,1,,0,0,0,0,0,0,0,0,0,0,0,0,0,,,34,0,0,34,5,5,0,0,1,0,0,0,0,0,4,0,55,184,0,0,0,1,0,3,32,0,132
2008,15,NE,REG,2008_15_NE_OAK,LV,18,30,218,4,1,2,-8,0,0,201,122,15,14.6964041282772,-3.66650285391972,0,11,5,2,0,39,277,2,0,0,11,10.0592398798326,0,8,6,4,1,18,0,218,4,0,0,201,122,15,27.388722043368,0,11,5,2,0,1,43,8,8,0,0,2,2,24,1,1,16,4,0,0,0,0,1,0,0,0,0,0,0,0,0,0,4,20,6,0,0,0,0,0,3,26,4,150,0,0,0,0,,,0,0,0,0,0,0,0,0,0,0,0,0,,,,0,0,0,7,7,0,0,1,0,0,0,0,0,3,0,43,108,1,1,1,0,0,1,9,0,99
2008,15,NO,REG,2008_15_NO_CHI,CHI,24,43,232,2,2,1,-6,0,0,329,108,14,1.36856988345803,-4.31189856358937,0,10,3,3,0,32,119,1,0,0,7,-4.67327964922879,0,3,2,1,1,24,0,232,2,0,0,329,108,14,23.3327523184109,0,10,3,3,0,0,42,7,7,0,0,0,1,1,2,2,40,10,0,0,0,0,0,0,0,0,0,0,0,1,0,0,5,97,6,0,0,0,0,0,3,3,3,63,1,1,0,0,30,1,0,0,1,0,0,0,0,0,0,0,0,0,30,,,30,0,0,3,3,0,0,1,0,0,0,0,0,5,0,54,207,2,0,2,1,0,2,-2,0,189
2008,15,NYG,REG,2008_15_NYG_DAL,DAL,18,35,191,0,2,8,-45,2,0,295,88,11,-12.9866055365578,-8.2557218039737,0,10,4,1,0,17,72,0,0,0,3,-0.779333366837818,0,1,1,0,0,18,0,191,0,0,0,295,88,11,13.4109237334342,0,10,4,1,0,0,44,0,8,0,0,1,4,23,6,0,0,1,0,0,1,0,0,0,0,0,0,2,0,0,0,0,7,40,4,2,0,0,2,0,1,6,5,105,2,2,0,0,47,1,0,0,1,1,0,0,0,0,0,0,0,0,34;47,,,81,0,0,0,0,0,0,,0,0,0,0,0,7,0,59,335,3,2,0,0,1,4,34,0,301
2008,15,NYJ,REG,2008_15_BUF_NYJ,BUF,17,30,207,1,2,0,0,0,0,314,66,10,-1.24457524377579,-5.18214384714762,0,9,6,5,0,24,165,2,0,0,8,3.33927130285883,0,5,4,2,1,17,1,207,1,0,0,314,66,10,15.2367423140095,0,9,6,5,0,0,33,31,31,0,0,2,3,29,3,3,12,8,0,0,0,0,0,0,0,0,0,0,0,1,11,1,3,25,3,0,0,0,0,0,0,0,6,132,1,1,0,0,31,1,0,0,1,0,0,0,0,0,0,0,0,0,31,,,31,0,0,4,4,0,0,1,0,0,0,0,0,4,0,61,202,0,0,1,2,0,1,56,0,106
2008,15,PHI,REG,2008_15_CLE_PHI,CLE,26,38,290,2,3,2,-6,0,0,241,78,17,1.56184892914203,12.0890881161432,0,12,8,6,0,33,134,0,0,0,4,-6.81989950977732,0,3,2,1,0,26,0,290,2,0,0,241,78,17,28.3957497837837,0,12,8,6,0,0,33,3,5,0,0,0,2,17,7,2,67,5,1,0,0,0,0,0,0,0,0,0,0,0,0,0,1,5,4,0,0,0,0,0,3,3,3,88,3,3,0,0,34,1,0,1,2,0,0,0,0,0,0,0,0,0,24;34;34,,,92,0,0,3,3,0,0,1,0,0,0,0,0,2,0,47,83,1,0,1,0,1,0,0,0,83
2008,15,PIT,REG,2008_15_PIT_BAL,BAL,22,40,246,1,0,3,-26,1,1,302,125,13,0.318183158680057,-5.3966828645804,0,9,6,3,0,27,91,0,0,0,5,-1.36909906496294,0,1,0,0,0,22,0,246,1,1,1,302,125,13,17.5940144331544,0,9,6,3,0,0,37,19,19,0,0,1,2,25,4,2,12,6,0,1,0,0,0,0,0,0,0,1,18,0,0,0,6,48,3,2,1,0,3,2,3,5,2,35,2,2,0,0,31,1,0,0,2,0,0,0,0,0,0,0,0,0,31;30,,,61,0,0,1,1,0,0,1,0,0,0,0,0,6,0,51,252,0,1,0,0,0,5,90,0,162
2008,15,SEA,REG,2008_15_SEA_STL,LA,15,25,226,0,0,3,-18,1,1,217,91,9,2.11493160147537,-0.930909991264343,0,7,5,5,1,27,125,1,0,0,7,0.381845114356045,0,3,3,1,0,15,0,226,0,0,0,217,91,9,18.8604505431722,0,7,5,5,1,0,53,4,4,0,0,2,1,7,2,0,0,1,0,0,0,0,0,0,0,0,0,0,0,2,56,1,5,35,6,2,0,0,2,2,3,25,5,157,3,3,0,0,50,1,0,2,0,0,1,0,0,0,0,0,0,0,28;50;27,,,105,0,0,2,2,0,0,1,1,1,0,0,27,4,0,61,209,2,1,0,1,0,2,22,0,167
2008,15,SF,REG,2008_15_SF_MIA,MIA,30,47,233,0,0,5,-27,0,0,307,90,16,-2.00439151715504,-0.587936004866725,0,11,4,1,0,27,112,0,0,0,6,2.03201997611905,0,3,1,0,0,30,0,233,0,0,0,307,90,16,16.2018529565608,0,11,4,1,0,0,34,2,4,0,0,0,1,6,1,0,0,1,0,0,0,0,0,0,0,0,0,0,0,0,0,0,4,22,4,0,0,0,0,0,2,0,1,11,3,3,0,0,38,1,0,2,1,0,0,0,0,0,0,0,0,0,38;23;28,,,89,0,0,0,0,0,0,,0,0,0,0,0,5,0,53,242,0,0,0,2,0,3,52,0,150
2008,15,TB,REG,2008_15_TB_ATL,ATL,26,37,269,1,1,4,-43,0,0,298,78,14,-4.92539996379011,5.68146673408715,0,13,6,5,0,26,99,0,0,0,5,-1.96109456129706,0,3,1,0,0,26,0,269,1,0,0,298,78,14,17.9107754056458,0,13,6,5,0,0,36,28,28,0,0,3,1,8,2,2,-2,3,0,0,0,1,0,0,0,0,18,0,0,1,0,0,11,76,4,0,0,0,0,0,3,16,4,72,1,2,1,0,38,0.5,0,0,1,0,0,0,0,0,0,0,1,0,38,53,,38,53,0,1,1,0,0,1,0,0,0,0,0,9,0,60,413,4,2,0,1,2,4,37,0,356
2008,15,TEN,REG,2008_15_TEN_HOU,HOU,15,33,181,0,1,0,0,0,0,457,45,5,-8.32158258213468,-12.4350978569551,0,6,4,3,1,24,100,0,0,0,6,-3.5826545758924,0,5,3,0,0,15,1,181,0,2,1,457,45,5,3.56540551350918,0,6,4,3,1,0,49,8,12,0,0,1,3,16,7,0,0,4,0,0,0,0,0,0,0,0,0,1,0,1,0,0,7,64,5,2,0,0,2,1,1,17,3,63,4,4,0,0,51,1,0,2,1,0,1,0,0,0,0,0,0,0,26;23;51;34,,,134,0,0,0,0,0,0,,0,0,0,0,0,5,0,50,210,1,1,0,0,2,2,15,0,195
2008,15,WAS,REG,2008_15_WAS_CIN,CIN,17,28,167,1,0,0,0,0,0,168,58,7,1.7790810022138,-0.682478557739939,0,7,2,1,0,32,113,0,1,1,6,-6.45504127745517,0,2,1,0,0,17,0,167,1,1,1,168,58,7,6.89207402709872,0,7,2,1,0,0,37,0,20,0,0,0,2,5,5,0,0,3,0,0,0,0,0,0,0,0,0,0,0,0,0,0,9,75,6,2,0,0,2,2,4,33,5,182,2,2,0,0,36,1,0,1,1,0,0,0,0,0,0,0,0,0,23;36,,,59,0,0,1,1,0,0,1,0,0,0,0,0,6,0,62,290,2,1,2,1,1,1,8,0,262
2008,16,ARI,REG,2008_16_ARI_NE,NE,12,32,168,1,1,3,-26,2,1,219,71,6,-14.4362590000965,-24.0308247506619,0,5,2,2,1,15,44,0,0,0,2,-3.95716993627138,0,1,1,0,0,12,0,168,1,1,0,219,71,6,13.1387246489758,0,5,2,2,1,0,31,31,31,0,0,0,1,12,3,0,0,4,0,0,0,0,0,0,0,0,0,2,0,0,0,0,3,20,2,2,1,0,3,1,0,0,10,156,0,0,0,0,,,0,0,0,0,0,0,0,0,0,0,0,0,,,,0,0,0,1,1,0,0,1,0,0,0,0,0,8,0,50,312,1,1,1,0,1,5,56,0,256
2008,16,ATL,REG,2008_16_ATL_MIN,MIN,13,24,134,1,0,2,-10,0,0,200,57,7,0.339579388615675,-6.52396207054456,0,7,1,1,0,32,98,1,1,0,9,-0.70151027323657,0,2,1,0,0,13,0,134,1,0,0,200,57,7,10.0267430796521,0,7,1,1,0,0,43,6,20,0,0,3,3,38,11,0,0,0,0,0,0,0,0,0,0,0,0,1,0,4,5,1,6,70,1,1,0,0,1,0,1,4,3,80,1,1,0,0,22,1,0,1,0,0,0,0,0,0,0,0,0,0,22,,,22,0,0,3,3,0,0,1,0,0,0,0,0,6,0,50,253,2,0,1,1,2,2,7,0,226
2008,16,BAL,REG,2008_16_BAL_DAL,DAL,17,25,149,1,0,5,-26,1,1,190,58,7,-5.47015566005068,8.85130798816681,0,8,3,2,0,36,265,2,1,0,8,13.5212860669301,0,5,5,2,2,17,0,149,1,1,0,190,58,7,11.1925026387325,0,8,3,2,0,0,45,0,6,0,0,0,2,17,9,2,29,4,0,1,0,0,0,0,0,0,0,3,0,0,0,0,3,19,6,4,1,1,5,1,3,41,5,81,4,4,0,0,37,1,0,2,2,0,0,0,0,0,0,0,0,0,26;29;37;35,,,127,0,0,3,3,0,0,1,0,0,0,0,0,5,0,61,261,2,1,2,1,0,1,8,0,233
2008,16,BUF,REG,2008_16_BUF_DEN,DEN,17,25,193,1,0,1,-5,1,0,134,85,11,9.46045889620137,3.63967168331146,0,7,2,1,1,26,87,2,0,0,7,2.06163811867614,0,2,0,0,0,17,0,193,1,0,0,134,85,11,17.0430122403001,0,7,2,1,1,0,42,13,15,0,0,1,1,8,2,1,1,10,0,0,0,0,0,0,0,0,0,1,0,1,-2,0,4,26,2,1,0,0,1,0,0,0,6,135,3,3,0,0,49,1,0,1,1,1,0,0,0,0,0,0,0,0,37;49;28,,,114,0,0,3,3,0,0,1,0,0,0,0,0,3,0,57,158,1,0,2,0,0,1,2,0,156
2008,16,CAR,REG,2008_16_CAR_NYG,NYG,11,19,185,0,0,0,0,0,0,186,71,9,9.76714866427938,-3.1671636982968,0,8,3,2,1,35,158,4,0,0,7,5.89141215303729,0,4,4,2,0,11,0,185,0,0,0,186,71,9,18.0675428410759,0,8,3,2,1,0,40,23,23,0,0,0,3,23,3,0,0,3,0,0,0,0,0,0,0,0,0,1,0,0,0,0,2,14,3,0,1,0,1,0,2,18,6,125,0,1,1,0,,0,0,0,0,0,0,0,0,0,0,0,1,0,,50,,0,50,0,4,4,0,0,1,0,0,0,0,0,5,0,49,197,3,0,0,0,2,3,16,0,181
2008,16,CHI,REG,2008_16_GB_CHI,GB,14,27,142,1,2,3,-6,0,0,226,77,9,-7.95328041398911,-9.74877421502714,0,7,3,1,0,26,74,1,0,0,5,-4.28266494533778,0,1,1,1,0,14,0,142,1,0,0,226,77,9,13.0903494495433,0,7,3,1,0,0,47,9,9,0,0,0,0,0,4,1,-2,6,0,0,0,0,0,1,0,0,0,0,0,1,0,0,4,35,5,0,0,0,0,0,3,40,4,117,2,2,0,0,38,1,0,0,2,0,0,0,0,0,0,0,0,0,31;38,,,69,0,0,2,2,0,0,1,1,1,0,0,38,6,0,65,275,2,1,1,1,0,3,7,0,248
2008,16,CIN,REG,2008_16_CIN_CLE,CLE,5,9,55,1,0,0,0,0,0,66,29,4,3.50757372130947,-1.75613496038649,0,3,2,1,0,46,191,0,2,1,8,-9.77926959306933,0,5,4,1,1,5,0,55,1,0,0,66,29,4,7.64210370497312,0,3,2,1,0,0,39,8,8,0,0,0,3,31,4,4,87,5,1,0,0,0,0,0,0,0,0,2,-2,0,0,0,2,20,3,1,2,0,3,1,0,0,1,13,0,1,1,0,,0,0,0,0,0,0,0,0,0,0,1,0,0,,48,,0,48,0,2,2,0,0,1,0,0,0,0,0,6,0,46,193,3,1,2,0,0,3,12,0,181
2008,16,CLE,REG,2008_16_CIN_CLE,CIN,12,22,76,0,4,3,-31,0,0,127,43,3,-26.0585381124984,-12.4168971722776,0,2,0,0,0,29,137,0,0,0,8,-0.341369095956907,0,5,2,0,0,12,0,76,0,0,0,127,43,3,4.98185643739998,0,2,0,0,0,0,43,9,9,0,0,1,0,0,0,0,0,1,0,0,0,0,0,0,0,0,0,0,0,1,0,0,9,65,5,0,0,0,0,0,3,12,2,24,0,0,0,0,,,0,0,0,0,0,0,0,0,0,0,0,0,,,,0,0,0,0,0,0,0,,0,0,0,0,0,5,0,58,247,2,1,3,1,0,0,0,0,227
2008,16,DAL,REG,2008_16_BAL_DAL,BAL,24,45,252,2,2,2,-17,0,0,492,96,10,1.6189485588111,3.2582667313124,0,8,6,5,0,21,92,1,1,0,6,-0.702276368084605,0,1,1,1,0,24,0,252,2,0,0,492,96,10,19.7169116138248,0,8,6,5,0,0,47,0,26,0,0,4,5,26,8,0,0,2,0,0,0,0,0,0,0,0,0,1,-1,1,0,0,10,86,5,0,2,1,2,0,1,8,7,157,1,1,0,0,35,1,0,0,1,0,0,0,0,0,0,0,0,0,35,,,35,0,0,3,3,0,0,1,0,0,0,0,0,6,0,47,230,2,0,0,0,3,3,41,0,189
2008,16,DEN,REG,2008_16_BUF_DEN,BUF,25,45,359,0,1,1,-8,0,0,564,61,17,9.79488728883349,-1.38868153095245,0,18,8,6,0,27,181,2,0,0,9,8.26645233173622,0,4,3,2,1,25,0,359,0,1,1,564,61,17,24.4310573534412,0,18,8,6,0,0,33,13,17,0,0,1,1,5,1,0,0,2,0,0,0,0,0,0,0,0,0,0,0,0,0,0,6,62,4,1,0,0,1,1,1,2,6,106,3,4,1,0,43,0.75,0,1,1,1,0,0,0,0,0,0,1,0,23;30;43,54,,96,54,0,2,2,0,0,1,0,0,0,0,0,0,0,,0,0,0,0,0,0,0,0,0,0
2008,16,DET,REG,2008_16_NO_DET,NO,11,26,137,0,2,2,-11,0,0,363,60,8,-5.88047370529966,-15.0403181314468,0,7,4,2,0,27,129,1,1,0,6,2.04146909090923,0,3,2,0,0,11,0,137,0,0,0,363,60,8,10.4852669821121,0,7,4,2,0,0,40,3,25,0,0,1,0,0,1,0,0,5,0,0,0,0,0,0,0,0,0,0,0,1,8,0,6,35,1,1,0,1,1,0,0,0,3,72,0,0,0,0,,,0,0,0,0,0,0,0,0,0,0,0,0,,,,0,0,0,1,1,0,0,1,0,0,0,0,0,4,0,46,146,0,0,0,0,2,2,6,0,140
2008,16,GB,REG,2008_16_GB_CHI,CHI,24,39,260,2,1,0,0,0,0,396,87,15,8.81394097968951,5.63482007919214,0,12,6,1,0,29,65,0,0,0,5,-3.19582465934971,0,2,1,0,0,24,0,260,2,0,0,396,87,15,24.7147991228849,0,12,6,1,0,0,39,9,11,0,0,0,3,6,6,2,50,6,0,2,0,0,0,0,0,0,0,1,0,0,0,0,6,50,4,0,2,0,2,1,3,7,3,81,1,3,1,1,28,0.333333333333333,0,1,0,0,0,0,0,0,0,1,0,0,28,46,38,28,46,38,2,2,0,0,1,0,0,0,0,0,4,0,44,151,1,0,0,0,1,3,40,0,111
2008,16,HOU,REG,2008_16_HOU_OAK,LV,19,36,255,0,1,3,-21,0,0,214,174,11,-8.20070090789206,-8.81241695447402,0,11,6,3,1,22,90,1,0,0,5,1.97899421773405,0,2,2,0,0,19,0,255,0,1,0,214,173,11,14.577750016877,0,11,6,3,1,0,48,10,10,0,0,2,1,13,1,0,0,2,0,1,0,0,0,0,0,0,0,2,0,1,0,0,1,15,3,2,0,0,2,0,2,30,5,94,3,3,0,0,53,1,0,1,0,1,1,0,0,0,0,0,0,0,53;24;40,,,117,0,0,1,1,0,0,1,0,0,0,0,0,4,0,44,147,1,0,1,0,1,2,80,1,67
2008,16,IND,REG,2008_16_IND_JAX,JAX,29,34,364,3,0,0,0,0,0,290,140,17,31.6774349366897,23.5168078366448,0,15,6,6,1,18,32,0,0,0,1,-8.88361811051673,0,0,0,0,0,29,0,364,3,0,0,290,140,17,34.1755063732271,0,15,6,6,1,0,61,0,2,0,0,1,3,25,7,1,35,4,1,0,0,0,0,0,0,0,0,0,0,0,0,0,6,50,1,0,0,0,0,0,1,8,5,72,1,2,1,0,45,0.5,0,0,0,1,0,0,0,0,1,0,0,0,45,30,,45,30,0,4,4,0,0,1,0,0,0,0,0,2,0,42,82,2,0,0,0,1,1,-2,0,84
2008,16,JAX,REG,2008_16_IND_JAX,IND,28,41,329,1,1,3,-25,0,0,309,183,17,4.74132193114811,7.88877934217453,0,14,7,4,0,27,105,2,1,0,9,2.85799802071415,0,2,1,0,0,28,0,329,1,0,0,309,183,17,22.8691087954127,0,14,7,4,0,0,45,0,6,0,0,0,0,0,3,0,0,3,0,0,0,0,0,0,0,0,0,1,0,0,0,0,7,60,6,1,0,0,1,0,1,-2,6,146,1,1,0,0,44,1,0,0,0,1,0,0,0,0,0,0,0,0,44,,,44,0,0,3,3,0,0,1,0,0,0,0,0,3,0,54,129,1,0,0,0,2,1,8,0,121
2008,16,KC,REG,2008_16_MIA_KC,MIA,20,41,320,2,3,3,-8,0,0,509,164,11,-1.36143936260487,-10.214957036078,0,8,5,4,1,21,180,2,2,0,12,9.43096971622955,0,6,5,3,0,20,0,320,2,0,0,509,146,11,26.6952986059769,0,8,5,4,1,0,48,7,7,0,0,1,0,0,1,1,0,4,0,0,0,0,0,0,0,0,0,2,0,1,0,0,5,46,4,1,2,0,3,1,1,9,7,139,1,1,0,0,27,1,0,1,0,0,0,0,0,0,0,0,0,0,27,,,27,0,0,4,4,0,0,1,0,0,0,0,0,1,0,31,31,1,0,0,0,1,0,0,0,31
2008,16,LA,REG,2008_16_SF_STL,SF,20,37,233,1,1,3,-19,0,0,337,74,10,-6.19670153089743,-10.3045359253883,0,10,6,2,0,39,129,0,0,0,10,-2.18104376564899,0,2,2,0,0,20,1,233,1,0,0,337,57,10,14.1732208794128,0,10,6,2,0,0,44,3,3,0,0,2,4,26,9,3,5,6,0,0,0,0,0,0,0,0,0,0,0,1,0,0,7,45,5,0,0,0,0,0,2,18,3,75,3,3,0,0,43,1,0,1,1,1,0,0,0,0,0,0,0,0,43;38;22,,,103,0,0,1,1,0,0,1,0,0,0,0,0,7,0,66,342,0,1,1,1,0,4,36,0,286
2008,16,LAC,REG,2008_16_SD_TB,TB,21,31,287,4,0,1,-7,0,0,276,122,16,17.7696567535047,11.6062281529109,0,16,8,4,0,26,90,0,0,0,5,0.146541508554947,0,1,1,0,0,21,0,287,4,0,0,276,122,16,28.628335914377,0,16,8,4,0,0,43,9,15,0,0,1,2,1,6,2,62,5,1,0,0,0,0,0,0,0,0,0,0,1,0,0,4,25,0,0,0,0,0,0,2,45,4,127,2,2,0,0,57,1,0,1,0,0,1,0,0,0,0,0,0,0,28;57,,,85,0,0,5,5,0,0,1,0,0,0,0,0,4,0,56,178,1,0,0,2,0,2,16,0,122
2008,16,LV,REG,2008_16_HOU_OAK,HOU,18,25,236,2,0,1,-13,1,1,262,87,12,5.88414356633289,13.213127374649,0,11,8,6,0,34,139,0,1,0,5,-6.80432963654517,0,4,2,0,0,18,0,236,2,0,0,262,87,12,16.9080035760417,0,11,8,6,0,1,43,10,10,0,0,2,3,21,4,1,12,4,0,0,0,0,0,0,0,0,0,1,0,0,0,0,2,14,3,2,0,0,2,1,2,80,5,106,2,2,0,0,33,1,0,0,2,0,0,0,0,0,0,0,0,0,33;30,,,63,0,0,3,3,0,0,1,0,0,0,0,0,4,0,58,194,2,0,0,1,1,2,30,0,144
2008,16,MIA,REG,2008_16_MIA_KC,KC,26,34,235,3,1,0,0,0,0,215,116,15,13.6120677160634,9.77042860844556,0,13,2,0,0,30,168,2,1,1,9,-3.11220605910057,0,5,5,2,1,26,0,235,3,0,0,215,116,15,20.2329846900539,0,13,2,0,0,0,44,2,2,0,0,1,3,8,4,3,71,9,0,0,0,0,0,0,0,0,0,0,0,1,0,0,2,15,5,1,0,0,1,1,0,0,5,126,1,1,0,0,34,1,0,0,1,0,0,0,0,0,0,0,0,0,34,,,34,0,0,5,5,0,0,1,0,0,0,0,0,2,0,39,76,0,0,0,1,0,1,9,0,47
2008,16,MIN,REG,2008_16_ATL_MIN,ATL,22,36,233,2,0,3,-38,2,1,293,87,11,-6.01609868094963,7.8340076841414,0,12,7,4,0,31,155,0,3,2,11,-4.9226942587411,0,5,5,1,0,22,0,233,2,0,0,293,87,11,15.1029737752979,0,12,7,4,0,0,40,7,19,0,0,1,2,10,4,0,0,2,0,1,0,0,0,0,0,0,0,3,-22,0,0,0,3,15,3,3,4,0,7,4,2,7,3,40,1,1,0,0,29,1,0,1,0,0,0,0,0,0,0,0,0,0,29,,,29,0,0,2,2,0,0,1,0,0,0,0,0,1,0,44,44,0,0,0,0,0,1,4,0,40
2008,16,NE,REG,2008_16_ARI_NE,ARI,21,38,343,3,0,1,-12,0,0,264,257,13,15.4859189175697,-8.40873161428853,0,13,7,5,2,42,183,2,0,0,13,3.71829866588814,0,7,5,0,0,21,0,343,3,0,0,264,257,13,26.835676314513,0,13,7,5,2,0,21,16,18,0,0,2,2,19,8,1,-7,4,0,0,0,0,0,0,0,0,0,0,0,1,0,0,7,65,5,0,0,0,0,0,5,56,2,28,4,4,0,0,38,1,0,1,3,0,0,0,0,0,0,0,0,0,38;35;24;30,,,127,0,0,5,5,0,0,1,0,0,0,0,0,3,0,51,141,2,2,0,0,1,0,0,0,141
2008,16,NO,REG,2008_16_NO_DET,DET,30,40,351,2,0,0,0,0,0,283,194,19,29.9129634504207,8.78662422299385,0,12,6,4,1,30,181,4,1,1,13,4.25533892749809,0,6,5,2,0,30,0,351,2,0,0,283,194,19,34.9485904367757,0,12,6,4,1,0,35,0,16,0,0,1,2,11,4,2,0,7,0,1,0,0,0,0,0,0,0,1,0,0,0,0,3,12,3,1,1,0,2,1,2,6,1,60,0,0,0,0,,,0,0,0,0,0,0,0,0,0,0,0,0,,,,0,0,0,6,6,0,0,1,0,0,0,0,0,0,0,,0,0,0,0,0,0,0,0,0,0
2008,16,NYG,REG,2008_16_CAR_NYG,CAR,17,27,181,1,0,3,-23,0,0,198,64,12,6.12104453172686,-3.22080077948394,1,9,1,1,1,41,301,3,0,0,12,12.8858314558456,0,8,7,4,1,17,0,181,1,0,0,198,64,12,19.4909953701573,1,9,1,1,1,0,29,20,20,0,0,0,0,0,0,0,0,4,0,2,0,0,0,0,0,0,0,2,0,0,0,0,2,10,4,0,2,0,2,0,3,16,4,88,2,2,0,0,35,1,0,0,2,0,0,0,0,0,0,0,0,0,32;35,,,67,0,0,2,2,0,0,1,0,0,0,0,0,5,0,48,203,1,2,0,0,1,2,18,0,185
2008,16,NYJ,REG,2008_16_NYJ_SEA,SEA,18,31,187,0,2,4,-37,0,0,296,85,10,-9.6209578256499,-0.158524320971581,0,7,3,3,0,25,115,0,0,0,5,1.2988102065865,0,1,1,0,0,18,0,187,0,0,0,296,85,10,11.9933758278234,0,7,3,3,0,0,49,6,8,0,0,3,0,0,1,0,0,2,0,0,0,0,0,0,0,0,0,0,0,2,0,0,6,45,3,0,0,0,0,0,1,4,4,71,1,1,0,0,20,1,0,1,0,0,0,0,0,0,0,0,0,0,20,,,20,0,0,0,0,0,0,,0,0,0,0,0,6,0,46,228,3,0,0,0,4,2,21,0,207
2008,16,PHI,REG,2008_16_PHI_WAS,WAS,26,46,230,0,0,2,-17,1,1,357,112,13,-9.61219273140736,-4.60963208567013,0,8,3,1,1,16,62,0,0,0,2,-3.948609079991,0,1,1,0,0,26,0,230,0,0,0,357,112,13,9.75559016870253,0,8,3,1,1,0,39,15,23,0,0,1,3,17,4,0,0,10,0,0,0,0,0,0,0,0,55,0,0,0,0,0,3,20,5,1,0,0,1,1,1,7,1,18,1,1,0,0,22,1,0,1,0,0,0,0,0,0,0,0,0,0,22,,,22,0,0,0,0,0,0,,0,0,0,0,0,8,0,55,318,1,2,1,0,1,4,44,0,274
2008,16,PIT,REG,2008_16_PIT_TEN,TEN,26,40,331,2,2,5,-28,3,1,483,98,19,-4.91729336007061,11.950621753931,0,16,8,6,0,24,71,0,1,1,3,-7.38380441709887,0,2,2,0,0,26,0,331,2,1,0,483,98,19,26.1350419222727,0,16,8,6,0,0,40,11,21,0,0,0,1,10,5,0,0,4,0,0,0,0,0,0,0,0,0,3,0,0,0,0,3,17,5,5,0,0,5,2,2,2,2,30,0,1,1,0,,0,0,0,0,0,0,0,0,0,1,0,0,0,,33,,0,33,0,2,2,0,0,1,0,0,0,0,0,5,0,50,220,2,0,1,0,1,3,23,0,197
2008,16,SEA,REG,2008_16_NYJ_SEA,NYJ,18,25,175,1,0,0,0,0,0,201,66,9,5.79352019767975,8.68241965770721,0,9,2,1,0,36,120,0,1,1,7,-5.4508146408933,0,3,2,0,0,18,0,175,1,2,1,201,66,9,9.3257986366516,0,9,2,1,0,0,43,9,13,0,0,0,4,37,12,2,2,7,0,0,0,0,0,0,0,0,0,0,0,0,0,0,5,28,2,3,0,1,3,2,2,21,2,36,2,2,0,0,38,1,0,0,2,0,0,0,0,0,0,0,0,0,31;38,,,69,0,0,1,1,0,0,1,0,0,0,0,0,5,0,42,184,3,0,3,0,1,1,4,0,180
2008,16,SF,REG,2008_16_SF_STL,LA,18,34,216,2,3,4,-26,1,0,413,42,11,-9.06774096170155,-4.11029081134235,0,9,4,3,1,17,83,0,0,0,4,2.81475586554734,0,2,2,1,0,18,0,216,2,1,1,413,42,11,11.0903264611261,0,9,4,3,1,0,68,2,2,0,0,0,3,19,5,1,0,8,0,0,0,0,0,0,0,0,0,1,0,0,0,0,5,32,4,2,0,0,2,1,4,36,5,109,1,1,0,0,48,1,0,0,0,1,0,0,0,0,0,0,0,0,48,,,48,0,0,2,2,0,0,1,0,0,0,0,0,5,0,62,274,1,0,1,1,1,2,18,0,236
2008,16,TB,REG,2008_16_SD_TB,LAC,21,35,232,1,2,2,-1,0,0,286,97,10,-6.28063936142249,-3.79208611214862,0,8,5,1,1,27,111,2,0,0,9,4.46289971267106,0,3,1,0,0,21,0,232,1,1,1,286,97,10,12.2777502210811,0,8,5,1,1,0,33,13,15,0,0,0,1,7,4,0,0,3,0,0,0,0,0,0,0,0,0,0,0,0,0,0,2,25,2,1,0,0,1,1,2,16,7,205,1,1,0,0,49,1,0,0,0,1,0,0,0,0,0,0,0,0,49,,,49,0,0,3,3,0,0,1,0,0,0,0,0,3,0,58,131,1,1,0,0,0,2,45,0,86
2008,16,TEN,REG,2008_16_PIT_TEN,PIT,20,29,216,1,0,1,-10,0,0,242,55,9,4.96637438838991,7.94985088808783,0,8,5,3,0,31,117,2,0,0,6,-2.08150348550407,0,4,2,1,0,20,0,216,1,0,0,242,55,9,16.3816590105013,0,8,5,3,0,0,44,11,19,0,0,5,5,28,8,2,115,5,1,1,0,0,0,0,0,0,0,1,0,2,4,0,4,45,0,0,1,0,1,0,3,23,2,37,1,1,0,0,42,1,0,0,0,1,0,0,0,0,0,0,0,0,42,,,42,0,0,4,4,0,0,1,0,0,0,0,0,7,0,54,278,2,0,3,2,0,2,2,0,236
2008,16,WAS,REG,2008_16_PHI_WAS,PHI,18,33,144,0,0,3,-17,1,0,210,80,10,-7.068086249081,-13.1888171940139,0,7,1,0,0,32,122,1,0,0,6,-2.9923849562183,0,3,2,0,0,18,0,144,0,0,0,210,80,10,9.81121409755507,0,7,1,0,0,0,33,13,15,0,0,1,2,17,3,0,0,9,0,0,0,0,0,0,0,0,0,1,0,1,12,0,3,25,2,1,0,0,1,0,4,44,1,20,1,2,1,0,33,0.5,0,0,1,0,0,0,0,0,0,0,1,0,33,54,,33,54,0,1,1,0,0,1,0,0,0,0,0,8,0,50,320,5,1,2,2,2,1,7,0,273
2008,17,ARI,REG,2008_17_SEA_ARI,SEA,24,38,346,4,1,1,0,1,1,355,105,14,10.5618579102115,0.781827537637008,0,12,7,5,1,19,111,0,0,0,4,0.245722275169101,0,3,2,1,0,24,1,346,4,0,0,355,105,14,25.6906536523248,0,12,7,5,1,0,44,12,12,0,0,2,1,7,2,2,24,9,0,1,0,0,0,0,0,0,0,1,0,1,11,0,10,100,3,2,0,0,2,1,2,21,2,50,2,2,0,0,32,1,0,1,1,0,0,0,0,0,0,0,0,0,23;32,,,55,0,0,4,4,0,0,1,0,0,0,0,0,3,0,45,128,2,1,0,0,1,1,0,0,128
2008,17,ATL,REG,2008_17_STL_ATL,LA,10,21,160,1,2,1,-6,0,0,209,53,7,-7.93668050782328,-16.0461630140032,0,7,4,3,1,32,263,3,1,1,9,8.2325601860648,0,5,4,2,2,10,0,160,1,0,0,209,53,7,9.88604004438928,0,7,4,3,1,0,45,15,15,0,0,0,3,24,3,0,0,6,0,0,0,0,0,0,0,0,0,0,0,0,0,0,3,14,1,1,0,0,1,1,2,3,5,192,1,1,0,0,39,1,0,0,1,0,0,0,0,0,0,0,0,0,39,,,39,0,0,4,4,0,0,1,0,0,0,0,0,4,0,40,147,0,0,0,0,4,0,0,0,147
2008,17,BAL,REG,2008_17_JAX_BAL,JAX,18,25,322,0,0,3,-18,0,0,325,86,11,7.67071752591845,13.2554088830948,0,11,7,6,2,34,127,3,0,0,8,0.484777843666961,0,2,2,1,0,18,0,322,0,0,0,325,86,11,21.0136366402439,0,11,7,6,2,0,38,9,9,0,0,3,1,0,2,2,51,5,0,1,0,0,0,0,0,0,0,1,0,2,0,0,7,55,2,0,1,0,1,0,1,0,2,48,2,3,1,0,41,0.666666666666667,0,0,1,1,0,0,0,0,0,1,0,0,32;41,48,,73,48,0,3,3,0,0,1,0,0,0,0,0,4,0,44,153,1,0,1,2,0,1,11,0,102
2008,17,BUF,REG,2008_17_NE_BUF,NE,14,25,128,0,0,2,-13,1,1,153,30,5,-8.74400585325202,-7.94224715232849,0,7,2,0,0,35,161,0,0,0,9,-5.64757919573077,0,4,4,1,0,14,0,128,0,0,0,153,30,5,5.99472938291729,0,7,2,0,0,0,33,18,22,0,0,0,1,5,1,0,0,1,0,1,0,0,0,0,0,0,0,1,0,0,0,0,3,20,6,1,1,0,2,1,1,30,3,34,0,1,1,0,,0,0,0,0,0,0,0,0,0,0,1,0,0,,47,,0,47,0,0,0,0,0,,0,0,0,0,0,3,0,45,93,1,2,1,0,0,0,0,0,93
2008,17,CAR,REG,2008_17_CAR_NO,NO,14,20,250,1,0,1,-6,0,0,255,52,10,11.537619489899,12.3806358128786,0,8,6,5,1,42,234,1,0,0,12,5.75375868761877,0,8,5,2,0,14,0,250,1,0,0,255,52,10,15.8821433143894,0,8,6,5,1,0,37,4,4,0,0,1,2,19,5,1,16,7,0,0,0,0,0,0,0,0,0,0,0,1,12,1,5,30,4,0,0,0,0,0,2,13,5,112,4,5,1,0,45,0.8,0,1,1,2,0,0,0,0,0,1,0,0,45;26;34;42,41,,147,41,0,3,3,0,0,1,1,1,0,0,42,2,0,27,48,1,1,1,0,0,0,0,0,48
2008,17,CHI,REG,2008_17_CHI_HOU,HOU,22,37,244,2,0,2,-19,0,0,333,98,14,4.96249596690491,-3.08428446988802,0,12,5,1,0,18,69,1,0,0,6,0.757224727538414,0,2,1,0,0,22,0,244,2,1,0,333,98,14,20.4999501967427,0,12,5,1,0,0,50,9,15,0,0,1,0,0,4,0,0,4,0,0,0,0,0,0,0,0,0,0,0,1,18,0,2,10,5,2,0,1,2,1,1,0,6,187,1,1,0,0,37,1,0,0,1,0,0,0,0,0,0,0,0,0,37,,,37,0,0,3,3,0,0,1,0,0,0,0,0,6,0,45,226,4,2,0,0,2,2,16,0,210
2008,17,CIN,REG,2008_17_KC_CIN,KC,18,30,129,0,0,1,-4,0,0,239,71,7,-4.79261959969342,-5.12461632490158,0,5,1,0,0,39,204,1,1,0,13,3.92557289192337,0,9,7,1,0,18,0,129,0,0,0,239,71,7,8.08733149116159,0,5,1,0,0,0,26,2,24,0,0,0,1,2,2,0,0,6,0,0,0,0,0,0,0,0,0,2,0,1,0,0,4,43,4,1,1,0,2,0,3,16,2,18,3,3,0,0,43,1,0,0,2,1,0,0,0,0,0,0,0,0,38;30;43,,,111,0,0,1,1,0,0,1,0,0,0,0,0,3,0,48,133,2,0,1,0,0,2,15,0,118
2008,17,CLE,REG,2008_17_CLE_PIT,PIT,6,18,26,0,2,3,-6,0,0,88,25,2,-22.2960250039031,-34.6395716071129,0,1,0,0,0,29,106,0,1,0,6,-2.22958245931659,0,3,2,0,0,6,0,26,0,0,0,88,25,2,1.45188343641348,0,1,0,0,0,0,24,20,36,0,0,0,0,0,1,1,3,3,0,0,0,0,0,0,0,0,0,1,0,0,0,0,6,47,0,1,0,0,1,0,1,6,4,60,0,1,1,0,,0,0,0,0,0,0,0,0,0,0,0,1,0,,53,,0,53,0,0,0,0,0,,0,0,0,0,0,6,0,60,288,1,1,1,0,0,4,16,0,272
2008,17,DAL,REG,2008_17_DAL_PHI,PHI,23,41,233,0,1,4,-22,2,2,265,87,7,-23.5014199718541,1.43277154249303,0,6,4,3,1,19,87,0,0,0,8,5.68460497143678,0,3,1,0,0,23,0,233,0,1,1,265,87,7,0.669036377762752,0,6,4,3,1,0,42,1,11,0,0,1,1,9,1,0,0,3,0,0,0,0,0,0,0,0,0,0,0,1,0,0,5,46,2,4,0,0,4,4,2,4,7,143,2,2,0,0,42,1,0,0,1,1,0,0,0,0,0,0,0,0,37;42,,,79,0,0,0,0,0,0,,0,0,0,0,0,6,0,47,254,1,2,1,0,1,2,24,0,230
2008,17,DEN,REG,2008_17_DEN_SD,LAC,33,49,316,1,2,0,0,0,0,366,108,20,-3.31728942471091,3.6504331900149,0,16,5,1,0,10,90,2,0,0,3,8.20293563701864,1,2,2,2,0,33,0,316,1,0,0,366,108,20,20.2101656173472,0,16,5,1,0,0,43,16,16,0,0,0,2,5,2,0,0,0,0,0,0,0,0,0,0,0,0,1,0,0,0,0,4,79,1,1,0,0,1,0,0,0,9,171,0,0,0,0,,,0,0,0,0,0,0,0,0,0,0,0,0,,,,0,0,0,1,2,1,0,0.5,0,0,0,0,0,2,0,46,84,0,0,0,0,0,2,16,0,68
2008,17,DET,REG,2008_17_DET_GB,GB,22,42,225,2,2,1,-5,0,0,429,103,13,-1.2136884558131,-3.30825611948967,0,7,3,3,0,29,96,1,0,0,4,-0.0840030972030945,0,1,0,0,0,22,0,225,2,0,0,429,103,13,24.213777505036,0,7,3,3,0,0,48,6,12,0,0,2,3,11,6,0,0,2,0,0,0,0,0,0,0,0,0,0,0,1,0,0,5,60,3,0,0,0,0,0,0,0,4,68,0,0,0,0,,,0,0,0,0,0,0,0,0,0,0,0,0,,,,0,0,0,3,3,0,0,1,0,0,0,0,0,7,0,58,303,2,0,1,1,2,3,20,0,263
2008,17,GB,REG,2008_17_DET_GB,DET,21,31,308,3,0,4,-35,1,0,326,109,11,8.23877447621946,7.94587567929299,0,10,6,4,2,27,211,1,1,1,8,1.86385820305441,0,5,5,3,1,21,0,308,3,1,0,326,109,11,21.9016588520566,0,10,6,4,2,0,47,7,7,0,0,0,1,5,5,2,60,7,0,0,0,0,0,0,0,0,0,2,0,0,0,0,6,60,5,2,1,0,3,1,3,20,4,91,1,2,1,0,36,0.5,0,0,1,0,0,0,0,0,0,0,0,1,36,69,,36,69,0,4,4,0,0,1,0,0,0,0,0,3,0,55,113,2,1,2,0,0,0,0,0,113
2008,17,HOU,REG,2008_17_CHI_HOU,CHI,27,36,328,2,0,0,0,0,0,210,141,16,15.7880291446652,9.93634734834943,0,13,8,5,1,36,127,2,0,0,8,-2.65905874641612,0,3,2,1,1,27,0,328,2,1,1,210,141,16,18.2364302513888,0,13,8,5,1,0,41,3,9,0,0,2,2,19,2,0,0,8,0,0,0,0,0,0,0,0,0,0,0,1,0,0,7,70,2,1,0,0,1,1,2,16,4,99,1,1,0,0,22,1,0,1,0,0,0,0,0,0,0,0,0,0,22,,,22,0,0,4,4,0,0,1,0,0,0,0,0,4,0,45,166,1,0,0,1,2,1,0,0,146
2008,17,IND,REG,2008_17_TEN_IND,TEN,29,37,273,1,0,1,-4,0,0,164,192,14,9.71821205864772,9.76605081074947,0,8,3,3,1,27,121,0,1,0,7,1.30180713435402,0,3,2,1,0,29,0,273,1,0,0,164,192,14,18.177562871424,0,8,3,3,1,0,23,13,13,0,0,1,3,20,5,0,0,1,0,0,0,0,0,0,0,0,0,1,0,0,0,1,3,20,3,1,0,0,1,0,1,10,1,22,3,3,0,0,38,1,0,2,1,0,0,0,0,0,0,0,0,0,28;21;38,,,87,0,0,2,2,0,0,1,0,0,0,0,0,2,0,42,76,2,0,1,0,1,0,0,0,76
2008,17,JAX,REG,2008_17_JAX_BAL,BAL,14,25,127,1,2,1,0,0,0,291,27,6,-7.46314599143807,-0.0560237169265747,0,5,2,2,0,27,118,0,2,1,6,-3.58914992760401,0,5,5,3,0,14,0,127,1,1,1,291,27,6,5.69592530996306,0,5,2,2,0,0,43,15,15,0,0,0,3,18,3,0,0,5,0,0,0,0,0,0,0,0,0,1,0,0,0,0,7,28,1,3,0,0,3,2,1,11,5,97,0,0,0,0,,,0,0,0,0,0,0,0,0,0,0,0,0,,,,0,0,0,1,1,0,0,1,0,0,0,0,0,4,0,57,186,0,0,1,1,1,1,0,0,166
2008,17,KC,REG,2008_17_KC_CIN,CIN,19,36,191,1,0,1,-2,0,0,393,46,10,2.75690274410602,-6.19651468263732,0,8,2,1,0,15,31,0,1,1,1,-12.3586818709737,0,1,1,0,0,19,0,191,1,0,0,393,46,10,16.0848642627681,0,8,2,1,0,0,45,1,33,0,0,1,1,4,1,0,0,6,0,0,0,0,0,0,0,0,0,0,-8,0,0,0,6,73,3,0,1,0,1,1,2,15,5,80,0,0,0,0,,,0,0,0,0,0,0,0,0,0,0,0,0,,,,0,0,0,0,0,0,0,,0,0,0,0,0,6,0,55,283,3,0,1,2,0,3,16,0,227
2008,17,LA,REG,2008_17_STL_ATL,ATL,19,32,230,1,0,3,-24,0,0,261,98,11,-2.72225748439383,-5.94648448750377,0,10,6,3,0,37,202,2,0,0,11,7.00419686924784,0,4,3,2,0,19,0,230,1,0,0,261,98,11,16.6575227744731,0,10,6,3,0,0,32,11,11,0,0,1,1,6,1,2,24,4,0,0,0,0,0,0,0,0,0,0,0,1,0,0,3,14,4,0,0,0,0,0,0,0,3,53,2,2,0,0,31,1,0,1,1,0,0,0,0,0,0,0,0,0,31;27,,,58,0,0,3,3,0,0,1,0,0,0,0,0,5,0,64,244,2,0,1,1,1,2,3,0,221
2008,17,LAC,REG,2008_17_DEN_SD,DEN,15,20,207,2,0,2,-5,0,0,194,64,9,13.6437533731573,18.9692862724003,0,9,5,2,0,42,289,5,0,0,17,19.6999939488596,0,10,8,2,1,15,0,207,2,0,0,194,64,9,17.1505121518626,0,9,5,2,0,0,38,11,11,0,0,1,0,0,0,2,4,8,0,0,0,0,0,0,0,0,0,0,0,0,0,0,6,67,2,0,0,0,0,0,2,16,4,96,1,1,0,0,28,1,0,1,0,0,0,0,0,0,0,0,0,0,28,,,28,0,0,7,7,0,0,1,0,0,0,0,0,1,0,43,43,0,1,0,0,0,0,0,0,43
2008,17,LV,REG,2008_17_OAK_TB,TB,14,21,148,2,1,1,-3,0,0,189,44,8,-3.45372197544202,22.0107117460834,0,5,4,2,0,35,192,2,0,0,7,2.71735223487485,0,4,2,1,1,14,0,148,2,0,0,189,44,8,11.718714667426,0,5,4,2,0,0,32,12,14,0,0,0,1,2,4,1,0,3,0,0,0,0,0,0,0,0,0,1,0,0,0,0,4,25,6,1,0,0,1,0,4,67,5,99,1,1,0,0,25,1,0,1,0,0,0,0,0,0,0,0,0,0,25,,,25,0,0,4,4,0,0,1,0,0,0,0,0,6,0,69,286,3,0,1,1,2,2,16,0,250
2008,17,MIA,REG,2008_17_MIA_NYJ,NYJ,22,31,200,2,0,1,-7,1,1,261,57,9,0.311371859065871,9.12110824738779,0,6,3,3,1,29,126,0,0,0,8,-0.881607320974581,0,2,1,1,0,22,0,200,2,1,0,261,57,9,13.6722094027791,0,6,3,3,1,0,30,13,13,0,0,1,0,0,3,3,28,9,1,0,0,1,0,0,0,0,8,2,-25,1,0,0,6,30,3,2,1,0,3,1,2,25,2,43,1,1,0,0,48,1,0,0,0,1,0,0,0,0,0,0,0,0,48,,,48,0,0,3,3,0,0,1,0,0,0,0,0,5,0,65,218,2,0,2,2,1,0,0,0,178
2008,17,MIN,REG,2008_17_NYG_MIN,NYG,16,26,239,1,1,2,-21,0,0,206,103,10,0.00636951332038627,3.36858481168747,0,7,6,4,2,27,110,1,1,0,4,-3.6891265148879,0,1,1,1,1,16,0,239,1,0,0,206,103,10,18.5719145660987,0,7,6,4,2,0,37,11,21,0,0,0,2,7,5,0,0,2,0,0,0,0,0,0,0,0,0,1,0,0,0,0,2,20,6,1,0,0,1,0,1,10,5,132,2,2,0,0,50,1,0,0,0,1,1,0,0,0,0,0,0,0,48;50,,,98,0,0,2,2,0,0,1,1,1,0,0,50,4,0,55,190,2,0,0,1,0,3,11,0,159
2008,17,NE,REG,2008_17_NE_BUF,BUF,6,8,78,0,0,1,-5,0,0,49,39,6,6.78149926533707,11.7846466600895,0,5,1,0,0,47,168,1,0,0,10,-2.61189472533584,0,2,1,0,0,6,0,78,0,0,0,49,39,6,10.5885026629549,0,5,1,0,0,0,41,10,18,0,0,1,2,13,3,0,0,1,0,0,0,0,0,0,0,0,0,0,0,1,0,0,2,10,4,0,0,0,0,0,0,0,0,0,2,3,1,0,33,0.666666666666667,0,1,1,0,0,0,0,1,0,0,0,0,33;23,26,,56,26,0,1,1,0,0,1,0,0,0,0,0,4,0,57,192,1,1,1,1,0,1,30,0,142
2008,17,NO,REG,2008_17_CAR_NO,CAR,30,49,386,4,1,2,-19,0,0,500,151,18,14.1289785322034,0.767137596801836,0,18,9,7,0,11,50,0,0,0,4,1.43304260651348,0,1,0,0,0,30,0,386,4,0,0,500,151,18,33.4584947320982,0,18,9,7,0,0,48,15,15,0,0,0,1,6,4,0,0,4,0,0,0,0,0,0,0,0,0,0,0,0,0,0,7,48,5,1,0,0,1,1,0,0,3,73,1,1,0,0,21,1,0,1,0,0,0,0,0,0,0,0,0,0,21,,,21,0,0,4,4,0,0,1,0,0,0,0,0,3,0,61,164,0,0,0,1,0,2,13,0,131
2008,17,NYG,REG,2008_17_NYG_MIN,MIN,19,30,229,1,0,2,-7,0,0,357,59,12,7.1337223288491,8.87543651564368,0,11,7,3,0,30,135,0,0,0,7,-0.287020529562142,0,5,1,0,0,19,0,229,1,0,0,357,59,12,19.8171811041326,0,11,7,3,0,0,36,7,19,0,0,1,2,21,4,1,47,3,0,0,0,0,0,0,0,0,0,0,0,0,0,0,7,49,5,0,0,0,0,0,3,11,3,101,4,5,1,0,51,0.8,0,1,1,1,1,0,0,0,0,1,0,0,51;30;42;20,48,,143,48,0,1,1,0,0,1,0,0,0,0,0,4,0,54,193,1,1,1,0,1,1,10,0,183
2008,17,NYJ,REG,2008_17_MIA_NYJ,MIA,21,41,251,1,3,0,0,0,0,357,134,13,-6.75941756578025,-8.14762726426125,1,11,6,4,0,21,80,1,0,0,2,-1.24340551428031,0,2,1,0,0,21,1,251,1,1,0,357,113,13,21.4795845556511,1,12,5,4,0,0,35,22,22,0,0,2,1,7,2,0,0,1,0,0,0,0,0,0,0,0,0,1,0,1,0,0,5,36,5,1,1,0,2,1,0,0,5,101,1,1,0,0,28,1,0,1,0,0,0,0,0,0,0,0,0,0,28,,,28,0,0,0,0,0,0,,0,0,0,0,0,4,1,53,192,1,0,1,1,0,2,25,0,147
2008,17,PHI,REG,2008_17_DAL_PHI,DAL,12,21,175,2,0,1,-9,0,0,211,86,9,14.318294172117,-4.15174804982685,0,6,3,3,1,36,137,1,0,0,5,-7.04977631661163,0,3,2,1,0,12,0,175,2,1,1,211,86,9,18.3275937740691,0,6,3,3,1,0,47,2,4,0,0,4,4,22,4,1,23,10,0,0,0,0,0,0,0,0,0,0,0,4,169,2,0,0,4,1,0,0,1,1,2,24,2,22,3,4,1,0,50,0.75,0,0,0,2,1,0,0,0,0,1,0,0,40;50;41,40,,131,40,0,5,5,0,0,1,0,0,0,0,0,3,0,50,128,0,0,1,0,0,2,4,0,124
2008,17,PIT,REG,2008_17_CLE_PIT,CLE,17,27,193,0,1,0,0,0,0,156,107,10,3.16738478260908,-1.36377444634071,0,9,3,3,0,35,176,3,0,0,9,2.13725780815003,0,5,2,2,0,17,0,193,0,0,0,156,107,10,14.0570531465414,0,9,3,3,0,0,19,21,31,0,0,1,3,6,4,2,50,6,1,1,0,0,0,0,0,0,0,1,0,0,0,0,8,65,3,0,1,0,1,0,4,16,1,24,1,1,0,0,22,1,0,1,0,0,0,0,0,0,0,0,0,0,22,,,22,0,0,4,4,0,0,1,0,0,0,0,0,4,0,49,184,1,0,1,2,0,1,6,0,138
2008,17,SEA,REG,2008_17_SEA_ARI,ARI,24,43,250,2,2,1,-7,1,0,301,90,13,5.80344787595095,-10.1270463577537,0,13,4,1,0,28,87,1,1,1,7,-5.17078236619385,0,3,3,0,0,24,0,250,2,0,0,301,90,13,24.5690467439126,0,13,4,1,0,0,37,9,9,0,0,2,1,0,3,1,16,5,0,0,0,0,0,0,0,0,0,1,0,1,0,0,11,82,1,2,0,0,2,1,1,0,6,176,0,1,1,0,,0,0,0,0,0,0,0,0,0,0,1,0,0,,42,,0,42,0,3,3,0,0,1,0,0,0,0,0,4,0,49,181,0,0,2,0,0,2,21,0,160
2008,17,SF,REG,2008_17_WAS_SF,WAS,21,30,245,1,1,1,-7,0,0,221,97,10,3.43758482845197,11.2583151885441,0,8,7,4,0,26,121,2,2,0,9,3.50911802807476,0,2,1,0,0,21,0,245,1,1,0,221,95,10,13.9526573268643,0,8,7,4,0,0,50,0,16,0,0,1,1,13,3,0,0,6,0,0,0,0,0,0,0,0,0,3,-7,1,0,0,3,15,5,2,1,0,3,0,2,43,4,84,2,3,1,0,39,0.666666666666667,0,0,2,0,0,0,0,0,0,1,0,0,33;39,48,,72,48,0,3,3,0,0,1,1,1,0,0,39,3,0,52,149,1,0,0,0,1,2,6,0,143
2008,17,TB,REG,2008_17_OAK_TB,LV,17,33,257,1,1,1,-2,0,0,408,109,10,5.56291575324466,-0.885215029120445,0,8,7,5,1,26,125,2,1,0,5,-0.180334784265142,0,3,3,1,0,17,0,257,1,0,0,408,109,10,20.3961608354002,0,8,7,5,1,0,39,17,17,0,0,1,1,3,5,1,84,1,0,0,0,0,0,0,0,0,0,1,0,0,0,0,6,83,5,0,1,0,1,0,2,16,3,78,1,1,0,0,29,1,0,1,0,0,0,0,0,0,0,0,0,0,29,,,29,0,0,3,3,0,0,1,0,0,0,0,0,5,0,50,213,0,1,0,0,0,4,67,0,146
2008,17,TEN,REG,2008_17_TEN_IND,IND,11,17,62,0,0,3,-20,1,0,100,37,5,-7.97930498905861,-1.93933599135455,0,3,0,0,0,18,83,0,0,0,3,-0.78077546635177,0,1,1,0,0,11,0,62,0,0,0,100,37,5,1.23136343446095,0,3,0,0,0,0,41,13,13,0,0,1,1,4,4,0,0,2,0,0,0,0,0,0,0,0,0,1,0,0,0,0,3,30,1,1,0,0,1,0,0,0,5,169,0,1,1,0,,0,0,0,0,0,0,0,0,0,0,1,0,0,,48,,0,48,0,0,0,0,0,,0,0,0,0,0,6,0,57,286,1,0,0,3,2,1,10,0,216
2008,17,WAS,REG,2008_17_WAS_SF,SF,18,30,156,1,0,1,-13,0,0,178,94,9,1.79907207597638,-3.40565592050552,0,7,1,0,0,34,125,2,1,1,8,1.41657162946649,0,1,1,1,0,18,0,156,1,0,0,178,94,9,12.8900719634759,0,7,1,0,0,0,50,0,6,0,0,2,1,7,2,1,31,3,0,0,0,0,0,0,0,0,0,0,0,0,0,0,2,10,4,1,0,0,1,1,2,6,5,143,1,1,0,0,41,1,0,0,0,1,0,0,0,0,0,0,0,0,41,,,41,0,0,3,3,0,0,1,0,0,0,0,0,5,0,51,228,1,1,1,1,0,2,43,0,165
2008,18,ARI,POST,2008_18_ATL_ARI,ATL,19,32,271,2,1,0,0,0,0,242,148,9,3.30824126517104,-2.96381625436967,0,7,5,5,2,28,86,1,0,0,5,-2.62589015375124,0,1,0,0,0,19,0,271,2,0,0,242,148,9,18.8473748348188,0,7,5,5,2,0,47,6,6,0,0,1,3,9,5,2,3,5,0,0,1,0,0,0,0,0,0,0,0,1,27,1,6,47,3,0,0,0,0,0,2,-1,5,86,0,1,1,0,,0,0,0,0,0,0,0,0,0,0,0,1,0,,51,,0,51,0,4,4,0,0,1,0,0,0,0,0,6,0,49,239,4,0,3,0,0,3,31,0,208
2008,18,ATL,POST,2008_18_ATL_ARI,ARI,26,40,199,2,2,3,-9,0,0,324,84,14,0.955766310785778,5.13691986218477,0,7,2,2,0,24,60,1,1,1,6,-11.2303340311628,0,1,1,0,0,26,0,199,2,1,0,324,84,14,20.826640045781,0,7,2,2,0,0,38,12,12,0,0,0,0,0,3,1,0,3,0,0,0,0,0,0,0,0,0,1,-3,0,0,0,6,52,5,1,1,0,2,1,3,31,2,54,1,1,0,0,30,1,0,0,1,0,0,0,0,0,0,0,0,0,30,,,30,0,0,3,3,0,0,1,0,0,0,0,0,5,0,49,212,0,1,0,0,2,2,-1,0,213
2008,18,BAL,POST,2008_18_BAL_MIA,MIA,9,23,135,0,0,0,0,0,0,310,26,7,-0.536857621285661,-12.390424505524,0,6,3,2,0,33,151,2,1,1,8,-2.48356150044128,0,2,1,1,1,9,0,135,0,0,0,310,26,7,11.9693212970742,0,6,3,2,0,0,50,3,5,0,0,1,3,28,7,4,108,4,1,0,0,0,1,0,0,0,0,0,0,1,0,0,7,59,3,1,0,0,1,1,2,21,2,54,2,2,0,0,31,1,0,1,1,0,0,0,0,0,0,0,0,0,23;31,,,54,0,0,3,3,0,0,1,0,0,0,0,0,5,0,52,217,2,0,2,1,0,2,10,0,187
2008,18,IND,POST,2008_18_IND_SD,LAC,25,42,310,1,0,1,-8,0,0,412,140,11,7.43962443782027,-3.41292016562961,0,7,6,4,1,22,64,1,0,0,5,-1.42247713908728,0,1,0,0,0,25,0,310,1,0,0,412,140,11,21.5345703781112,0,7,6,4,1,0,43,17,17,0,0,1,4,27,6,1,36,5,0,0,0,0,0,0,0,0,0,0,0,1,0,0,9,74,3,0,0,0,0,0,2,6,4,63,1,1,0,0,43,1,0,0,0,1,0,0,0,0,0,0,0,0,43,,,43,0,0,2,2,0,0,1,0,0,0,0,0,6,0,63,281,0,1,1,1,0,3,72,0,189
2008,18,LAC,POST,2008_18_IND_SD,IND,20,36,217,0,1,4,-27,0,0,212,119,12,-2.72996800165856,-6.90717956849507,0,9,3,2,0,33,167,3,0,0,11,7.43749819767383,0,7,6,1,0,20,0,217,0,1,1,212,119,12,13.1718672009883,0,9,3,2,0,0,35,17,17,0,0,0,1,8,2,0,0,6,0,0,0,0,0,0,0,0,0,0,0,0,0,0,3,40,6,1,0,0,1,1,3,72,4,106,1,1,0,0,26,1,0,1,0,0,0,0,0,0,0,0,0,0,26,,,26,0,0,2,2,0,0,1,0,0,0,0,0,6,0,67,316,6,1,1,0,2,2,6,0,310
2008,18,MIA,POST,2008_18_BAL_MIA,BAL,25,38,252,1,4,3,-28,0,0,263,157,11,-12.1580420566024,0.528907971946817,0,7,3,3,1,21,52,0,2,1,5,-11.5959918884779,0,1,0,0,0,25,0,252,1,0,0,263,157,11,15.1375638752943,0,7,3,3,1,0,39,5,7,0,0,1,0,0,3,0,0,3,0,0,0,0,0,0,0,0,0,1,-19,1,5,0,4,34,2,1,1,0,2,1,2,10,3,69,1,1,0,0,19,1,1,0,0,0,0,0,0,0,0,0,0,0,19,,,19,0,0,0,1,0,1,0,0,0,0,0,0,3,0,56,132,1,0,0,0,1,2,21,0,111
2008,18,MIN,POST,2008_18_PHI_MIN,PHI,15,35,164,0,1,1,-11,1,0,317,111,9,-9.66932169219945,-22.447236265455,0,8,3,1,0,34,148,2,0,0,5,-5.68322710582288,0,3,2,1,1,15,0,164,0,0,0,317,111,9,13.8868387548719,0,8,3,1,0,0,45,5,13,0,0,1,3,17,7,1,0,3,0,0,0,0,0,0,0,0,0,1,-3,1,0,0,4,25,5,1,1,0,2,1,1,1,7,153,0,0,0,0,,,0,0,0,0,0,0,0,0,0,0,0,0,,,,0,0,0,2,2,0,0,1,0,0,0,0,0,8,0,60,362,2,1,2,0,0,5,109,0,253
2008,18,PHI,POST,2008_18_PHI_MIN,MIN,23,34,300,1,1,3,-17,1,1,318,127,13,3.94287037080578,4.93050958303844,0,11,3,2,1,23,67,0,0,0,2,-6.52047276908236,0,2,1,1,0,23,0,300,1,0,0,318,127,13,23.4789646550489,0,11,3,2,1,0,39,11,21,0,0,1,1,11,2,1,44,7,1,0,0,0,0,0,0,0,0,0,0,1,0,0,7,55,3,1,0,0,1,1,5,109,3,47,4,4,0,0,51,1,0,0,1,2,1,0,0,0,0,0,0,0,43;51;31;45,,,170,0,0,2,2,0,0,1,0,0,0,0,0,4,0,58,177,4,1,1,0,1,1,1,0,176
2008,19,ARI,POST,2008_19_ARI_CAR,CAR,21,32,220,2,1,1,-5,0,0,201,87,10,4.46912890626095,7.68459051847458,0,6,5,4,1,43,145,1,0,0,8,-1.35284077408142,0,2,2,0,0,21,0,220,2,0,0,201,87,10,18.8020308122731,0,6,5,4,1,0,36,4,6,0,0,1,2,11,2,5,72,12,0,0,0,0,0,0,0,0,0,0,0,1,0,0,5,65,5,0,0,0,0,0,3,15,1,23,4,5,1,0,49,0.8,0,1,2,1,0,0,0,0,0,0,1,0,49;30;33;20,53,,132,53,0,3,3,0,0,1,0,0,0,0,0,4,0,53,174,2,0,0,1,2,1,9,0,145
2008,19,BAL,POST,2008_19_BAL_TEN,TEN,11,22,161,1,0,0,0,0,0,328,31,5,2.7266653167907,-2.43066081946546,0,5,3,3,1,30,50,0,0,0,3,-10.2491764515871,0,1,0,0,0,11,0,161,1,0,0,328,31,5,12.8324908496005,0,5,3,3,1,0,44,16,16,0,0,3,1,6,5,1,3,3,0,0,0,0,0,0,0,0,0,0,0,2,0,0,8,40,4,0,0,0,0,0,1,29,1,15,2,2,0,0,43,1,0,1,0,1,0,0,0,0,0,0,0,0,21;43,,,64,0,0,1,1,0,0,1,0,0,0,0,0,8,0,51,342,2,0,1,1,3,3,8,0,314
2008,19,CAR,POST,2008_19_ARI_CAR,ARI,17,34,205,1,5,2,-11,1,1,380,101,11,-25.7962125276243,-8.21568830446764,0,9,4,3,0,15,75,1,0,0,4,-0.846628089784645,0,2,2,1,0,17,0,205,1,0,0,380,101,11,14.2609218234867,0,9,4,3,0,0,58,9,11,0,0,0,1,5,5,1,4,1,0,0,0,0,0,0,0,0,0,0,0,0,0,0,6,40,6,1,0,0,1,1,1,9,7,155,0,0,0,0,,,0,0,0,0,0,0,0,0,0,0,0,0,,,,0,0,0,1,1,0,0,1,0,0,0,0,0,4,0,53,192,0,1,0,0,0,3,15,0,177
2008,19,LAC,POST,2008_19_SD_PIT,PIT,21,35,308,3,1,4,-33,0,0,365,134,13,9.81156824500403,-0.542511812278203,0,12,5,5,2,12,15,0,0,0,1,-6.52582351109595,0,0,0,0,0,21,0,308,3,0,0,365,134,13,28.6910005016868,0,12,5,5,2,0,36,11,37,0,0,0,1,4,1,0,0,1,0,1,0,0,0,0,0,0,0,0,0,0,0,0,8,104,6,0,1,0,1,1,3,4,6,171,1,1,0,0,42,1,0,0,0,1,0,0,0,0,0,0,0,0,42,,,42,0,0,3,3,0,0,1,0,0,0,0,0,6,0,53,283,1,1,0,0,3,2,73,1,210
2008,19,NYG,POST,2008_19_PHI_NYG,PHI,15,29,169,0,2,0,0,0,0,299,52,8,-11.6279834052673,-8.24757146424261,0,6,4,4,0,32,138,0,0,0,7,-7.731103343016,0,5,2,1,0,15,0,169,0,1,1,299,52,8,5.97016743793317,0,6,4,4,0,0,32,20,20,0,0,0,0,0,4,2,17,4,0,0,1,0,0,0,0,0,0,0,0,0,0,0,6,49,5,0,1,0,1,1,3,8,6,180,3,5,2,0,36,0.6,0,1,2,0,0,0,0,0,0,2,0,0,22;34;36,46;47,,92,93,0,0,0,0,0,,0,0,0,0,0,2,0,45,90,1,0,1,0,0,1,0,0,90
2008,19,PHI,POST,2008_19_PHI_NYG,NYG,22,40,217,1,2,0,0,0,0,254,82,12,-0.80999959200376,-5.56486280340897,0,8,3,2,1,28,59,1,0,0,4,-5.66893434320809,0,0,0,0,0,22,0,217,1,0,0,254,82,12,18.5536184653174,0,8,3,2,1,0,36,21,21,0,0,0,0,0,1,2,30,6,0,0,0,0,0,0,0,0,0,0,0,1,0,0,8,61,4,0,0,0,0,0,1,0,4,108,3,3,0,0,35,1,0,2,1,0,0,0,0,0,0,0,0,0,25;35;20,,,80,0,0,2,2,0,0,1,0,0,0,0,0,4,0,56,168,1,0,0,0,1,3,8,0,160
2008,19,PIT,POST,2008_19_SD_PIT,LAC,17,27,181,1,0,1,-4,0,0,332,73,8,5.09645627596183,2.35158171918657,0,7,4,1,1,42,165,3,0,0,12,-1.32842987231561,0,4,4,1,0,17,0,181,1,0,0,332,73,8,12.986715236184,0,7,4,1,1,1,30,10,12,0,0,0,4,33,6,1,0,4,0,0,0,0,0,0,0,0,0,0,0,1,0,0,7,44,4,0,0,0,0,0,2,73,4,63,0,0,0,0,,,0,0,0,0,0,0,0,0,0,0,0,0,,,,0,0,0,5,5,0,0,1,0,0,0,0,0,5,0,51,217,1,0,1,1,0,3,4,0,193
2008,19,TEN,POST,2008_19_BAL_TEN,BAL,26,42,281,0,1,1,-6,0,0,411,128,16,1.71433052498896,1.28416230990773,0,15,6,3,0,28,116,1,2,1,4,-9.00513715099078,0,4,2,1,0,26,0,281,0,2,1,411,128,16,14.7273554543514,0,15,6,3,0,0,30,13,13,0,0,0,0,0,4,0,0,4,0,1,0,0,0,0,0,0,0,2,-8,0,0,0,12,89,3,3,2,1,5,2,3,8,4,104,1,2,1,0,27,0.5,0,1,0,0,0,0,0,0,0,0,1,0,27,51,,27,51,0,1,1,0,0,1,0,0,0,0,0,4,0,66,213,0,0,0,2,1,1,29,0,144
2008,20,ARI,POST,2008_20_PHI_ARI,PHI,21,28,279,4,0,2,-12,0,0,161,179,13,19.454078798935,8.34899236048971,1,11,6,1,1,29,102,0,0,0,6,-4.62286631425377,0,3,3,1,0,21,0,279,4,0,0,161,179,13,28.6698821849382,1,11,6,1,1,0,40,6,6,0,0,1,2,18,5,1,27,6,0,1,0,0,0,0,0,0,0,0,0,2,4,0,3,15,4,1,0,0,1,1,1,10,3,80,1,1,0,0,49,1,0,0,0,1,0,0,0,0,0,0,0,0,49,,,49,0,0,3,3,0,0,1,0,0,0,0,0,5,0,44,186,3,2,0,0,2,1,13,0,173
2008,20,BAL,POST,2008_20_BAL_PIT,PIT,13,30,141,0,3,3,-16,0,0,360,68,6,-17.8545511580887,-12.3583084841569,0,8,3,2,0,25,73,2,0,0,5,-5.86423391976859,0,2,2,0,0,13,0,141,0,1,1,360,68,6,5.74246631044662,0,8,3,2,0,0,45,7,13,0,0,1,4,32,7,0,0,7,0,2,0,0,0,0,0,0,0,1,0,1,0,0,6,53,5,2,1,1,3,1,6,65,6,86,0,0,0,0,,,0,0,0,0,0,0,0,0,0,0,0,0,,,,0,0,0,2,2,0,0,1,0,0,0,0,0,7,0,52,286,3,1,0,0,1,5,26,0,260
2008,20,PHI,POST,2008_20_PHI_ARI,ARI,28,47,375,3,1,2,-18,1,1,491,159,16,12.5119490621324,-2.17331485903781,0,10,5,4,3,18,97,0,0,0,5,2.46303028659895,0,3,2,1,0,28,0,375,3,1,1,491,159,16,32.2753692734796,0,10,5,4,3,0,49,6,6,0,0,1,2,12,7,0,0,0,0,0,0,0,0,0,0,0,0,1,5,1,0,0,7,64,5,1,2,0,3,2,1,13,2,20,2,3,1,0,45,0.666666666666667,0,0,1,1,0,0,0,0,0,1,0,0,45;33,47,,78,47,0,1,2,1,0,0.5,0,0,0,0,0,1,0,58,58,1,0,0,0,0,1,10,0,48
2008,20,PIT,POST,2008_20_BAL_PIT,BAL,16,33,255,1,0,4,-32,0,0,381,127,9,-0.0800799246642976,-7.72854107798952,0,8,5,4,2,28,52,0,1,1,1,-16.6458292666939,0,0,0,0,0,16,0,255,1,0,0,381,127,9,21.1017554517021,0,8,5,4,2,0,32,17,21,0,0,2,3,16,8,3,47,9,1,1,0,0,0,0,0,0,0,0,0,1,0,0,6,67,4,1,1,1,2,1,5,26,3,64,3,3,0,0,46,1,0,0,1,2,0,0,0,0,0,0,0,0,34;42;46,,,122,0,0,2,2,0,0,1,0,0,0,0,0,7,0,51,264,0,0,1,0,0,6,65,0,199
2008,21,ARI,POST,2008_21_PIT_ARI,PIT,31,43,377,3,1,2,-3,1,1,202,213,20,8.85917693586089,8.50474016695488,0,16,7,5,2,12,33,0,1,0,2,-1.6055192987551,0,0,0,0,0,31,0,377,3,0,0,202,213,20,30.7604084860068,0,16,7,5,2,0,39,14,14,0,0,0,2,22,5,1,-1,6,0,0,1,0,0,0,0,0,0,1,0,0,0,0,11,106,6,1,1,0,2,1,2,34,5,91,0,0,0,0,,,0,0,0,0,0,0,0,0,0,0,0,0,,,,0,0,0,3,3,0,0,1,0,0,0,0,0,5,0,45,180,3,1,1,0,1,2,5,0,175
2008,21,PIT,POST,2008_21_PIT_ARI,ARI,21,30,256,1,1,2,-22,0,0,228,164,12,10.7442041044123,9.93553717931112,0,11,4,4,1,26,58,1,0,0,4,-5.89592721520326,0,1,1,0,0,21,0,256,1,0,0,228,164,12,22.4224909582408,0,11,4,4,1,0,35,12,16,0,0,1,2,3,6,1,100,3,1,0,0,0,0,0,0,0,0,0,0,1,0,0,7,56,5,0,0,0,0,0,2,5,4,80,2,2,0,0,21,1,1,1,0,0,0,0,0,0,0,0,0,0,18;21,,,39,0,0,3,3,0,0,1,0,0,0,0,0,3,0,49,139,1,0,1,0,0,2,34,0,105
