season,week,team,season_type,game_id,opponent_team,completions,attempts,passing_yards,passing_tds,passing_interceptions,sacks_suffered,sack_yards_lost,sack_fumbles,sack_fumbles_lost,passing_air_yards,passing_yards_after_catch,passing_first_downs,passing_epa,passing_cpoe,passing_2pt_conversions,passing_10,passing_16,passing_20,passing_40,carries,rushing_yards,rushing_tds,rushing_fumbles,rushing_fumbles_lost,rushing_first_downs,rushing_epa,rushing_2pt_conversions,rushing_10,rushing_12,rushing_20,rushing_40,receptions,targets,receiving_yards,receiving_tds,receiving_fumbles,receiving_fumbles_lost,receiving_air_yards,receiving_yards_after_catch,receiving_first_downs,receiving_epa,receiving_2pt_conversions,receiving_10,receiving_16,receiving_20,receiving_40,special_teams_tds,def_tackles_solo,def_tackles_with_assist,def_tackle_assists,def_tackles_for_loss,def_tackles_for_loss_yards,def_fumbles_forced,def_sacks,def_sack_yards,def_qb_hits,def_interceptions,def_interception_yards,def_pass_defended,def_tds,def_fumbles,def_safeties,def_punt_blocks,def_pat_blocks,def_fg_blocks,def_2pt_atts,def_2pt_made,misc_yards,fumble_recovery_own,fumble_recovery_yards_own,fumble_recovery_opp,fumble_recovery_yards_opp,fumble_recovery_tds,penalties,penalty_yards,timeouts,fumbles_forced_by_opp,fumbles_not_forced,fumbles_out_of_bounds,fumbles_total,fumbles_lost_total,punt_returns,punt_return_yards,kickoff_returns,kickoff_return_yards,fg_made,fg_att,fg_missed,fg_blocked,fg_long,fg_pct,fg_made_0_19,fg_made_20_29,fg_made_30_39,fg_made_40_49,fg_made_50_59,fg_made_60_,fg_missed_0_19,fg_missed_20_29,fg_missed_30_39,fg_missed_40_49,fg_missed_50_59,fg_missed_60_,fg_made_list,fg_missed_list,fg_blocked_list,fg_made_distance,fg_missed_distance,fg_blocked_distance,pat_made,pat_att,pat_missed,pat_blocked,pat_pct,gwfg_made,gwfg_att,gwfg_missed,gwfg_blocked,gwfg_distance,pt_att,pt_blocked,pt_long,pt_yards,pt_inside_20,pt_out_of_bounds,pt_downed,pt_touchback,pt_fair_caught,pt_returned,pt_return_yards,pt_return_tds,pt_net_yards
2004,1,ARI,REG,2004_01_ARI_STL,LA,18,29,181,0,0,2,-24,0,0,0,181,9,-4.1820403902675,,0,6,2,2,0,23,103,1,0,0,4,-0.514206615572957,0,5,2,0,0,18,0,181,0,0,0,0,0,9,7.37979613820789,0,6,2,2,0,0,53,3,3,0,0,2,0,0,0,1,-1,8,0,0,0,0,0,0,0,0,0,0,0,2,0,0,8,59,6,0,0,0,0,0,1,7,5,138,1,1,0,0,22,1,0,1,0,0,0,0,0,0,0,0,0,0,22,,,22,0,0,1,1,0,0,1,0,0,0,0,0,8,0,48,342,2,0,2,1,3,2,13,0,309
2004,1,ATL,REG,2004_01_ATL_SF,SF,13,22,163,1,1,4,-31,2,0,0,163,8,-6.10203645756701,,0,7,6,4,0,28,95,2,0,0,4,0.767560356878676,0,2,1,0,0,13,0,163,1,0,0,0,0,8,12.1035630086553,0,7,6,4,0,0,50,7,7,0,0,1,3,20,0,1,85,13,0,0,0,0,0,0,0,0,0,2,0,1,0,0,7,72,5,2,0,0,2,0,3,19,4,49,0,0,0,0,,,0,0,0,0,0,0,0,0,0,0,0,0,,,,0,0,0,3,3,0,0,1,0,0,0,0,0,8,0,55,319,3,1,2,1,1,3,4,0,295
2004,1,BAL,REG,2004_01_BAL_CLE,CLE,22,38,191,0,2,3,-25,1,1,0,191,9,-9.34406784470775,,0,6,3,1,0,26,88,0,0,0,5,-4.48081690772948,0,0,0,0,0,22,0,191,0,1,0,0,0,9,10.9122536586365,0,6,3,1,0,0,33,17,17,0,0,0,2,15,0,0,0,0,0,0,0,0,0,0,0,0,0,1,0,0,0,0,6,46,6,2,0,0,2,1,6,5,4,78,1,1,0,0,42,1,0,0,0,1,0,0,0,0,0,0,0,0,42,,,42,0,0,0,0,0,0,,0,0,0,0,0,7,0,52,271,2,1,1,1,2,2,19,0,232
2004,1,BUF,REG,2004_01_JAX_BUF,JAX,17,26,153,1,0,1,-6,0,0,0,153,10,4.83211729008955,,0,7,2,1,0,36,95,0,1,1,5,-10.6810866951361,0,2,2,0,0,17,0,153,1,2,1,0,0,10,11.6923929767217,0,7,2,1,0,0,31,11,25,0,0,0,2,5,0,2,35,5,0,0,0,0,0,0,0,0,0,1,-7,0,0,0,7,78,3,2,1,0,3,2,1,5,2,43,1,2,1,0,25,0.5,0,1,0,0,0,0,0,0,0,1,0,0,25,42,,25,42,0,1,1,0,0,1,0,0,0,0,0,5,0,46,143,1,0,1,0,0,4,34,0,109
2004,1,CAR,REG,2004_01_GB_CAR,GB,23,40,284,2,1,2,-22,0,0,0,284,14,6.47883900685702,,0,11,6,5,0,13,38,0,1,1,1,-7.8371169733,0,0,0,0,0,23,0,284,2,0,0,0,0,14,22.1653045266867,0,11,6,5,0,0,55,11,13,0,0,1,2,16,0,0,0,2,0,0,0,0,0,0,0,0,0,1,-1,0,0,0,9,59,5,1,1,0,2,1,0,0,5,90,0,0,0,0,,,0,0,0,0,0,0,0,0,0,0,0,0,,,,0,0,0,2,2,0,0,1,0,0,0,0,0,5,0,54,217,3,0,0,0,2,3,26,0,191
2004,1,CHI,REG,2004_01_DET_CHI,DET,16,35,227,0,2,3,-13,1,1,0,227,8,-3.690073582693,,0,9,5,4,0,32,128,2,0,0,8,-1.25063511317501,0,2,2,1,0,16,0,227,0,1,1,0,0,8,16.8153669929889,0,9,5,4,0,0,35,14,14,0,0,0,1,2,0,1,0,4,0,1,1,0,0,0,0,0,0,1,0,0,0,0,9,95,4,3,0,0,3,2,4,80,6,132,0,1,0,1,,0,0,0,0,0,0,0,0,0,0,0,0,0,,,27,0,0,27,2,2,0,0,1,0,0,0,0,0,7,0,57,322,4,2,3,1,0,1,2,0,300
2004,1,CIN,REG,2004_01_CIN_NYJ,NYJ,18,27,248,2,1,1,-10,0,0,0,248,11,14.6593036855956,,0,8,5,4,1,28,113,1,1,1,8,-8.06028662779136,0,4,3,1,0,18,0,248,2,0,0,0,0,11,24.935375995934,0,8,5,4,1,0,41,14,14,0,0,1,0,0,0,0,0,2,0,0,0,0,0,0,0,0,0,0,0,1,0,0,6,49,3,1,0,0,1,1,0,0,5,127,1,1,0,0,22,1,0,1,0,0,0,0,0,0,0,0,0,0,22,,,22,0,0,3,3,0,0,1,0,0,0,0,0,3,0,51,151,2,0,1,0,0,2,13,0,138
2004,1,CLE,REG,2004_01_BAL_CLE,BAL,15,24,180,1,0,2,-15,0,0,0,180,6,0.668266010604805,,0,5,3,3,2,29,85,1,0,0,4,-6.35768629837548,0,2,0,0,0,15,0,180,1,0,0,0,0,6,11.3382533468539,0,5,3,3,2,0,36,21,21,0,0,2,3,25,0,2,2,4,0,0,0,0,0,0,0,0,0,0,0,1,0,0,6,50,4,0,0,0,0,0,2,19,1,30,2,2,0,0,37,1,0,1,1,0,0,0,0,0,0,0,0,0,37;25,,,62,0,0,2,2,0,0,1,0,0,0,0,0,7,0,54,316,3,0,1,0,0,6,5,0,311
2004,1,DAL,REG,2004_01_DAL_MIN,MIN,29,51,355,1,0,1,-3,0,0,0,355,18,10.2562675813873,,0,17,8,4,0,21,71,1,2,1,7,-2.49848160735564,0,2,1,0,0,29,0,355,1,1,1,0,0,18,26.6810562697938,0,17,8,4,0,0,37,11,11,0,0,0,2,0,0,0,0,1,0,0,0,0,0,0,0,0,0,2,-1,0,0,0,9,119,2,2,2,0,4,2,1,12,6,152,1,1,0,0,27,1,0,1,0,0,0,0,0,0,0,0,0,0,27,,,27,0,0,2,2,0,0,1,0,0,0,0,0,3,0,40,98,2,1,0,0,1,1,1,0,97
2004,1,DEN,REG,2004_01_KC_DEN,KC,18,29,230,2,2,2,-19,0,0,0,230,11,1.12272578915496,,0,9,4,3,1,35,202,2,1,1,12,1.23773748529493,0,7,5,2,1,18,0,230,2,1,0,0,0,11,17.771082684194,0,9,4,3,1,0,34,6,16,0,0,0,1,23,0,1,0,13,0,1,0,0,0,0,0,0,0,1,0,0,0,0,4,35,4,2,1,1,3,1,4,55,4,113,2,2,0,0,45,1,0,0,0,2,0,0,0,0,0,0,0,0,43;45,,,88,0,0,4,4,0,0,1,0,0,0,0,0,2,0,66,113,1,1,0,0,0,1,26,0,87
2004,1,DET,REG,2004_01_DET_CHI,CHI,14,26,187,1,1,1,-2,0,0,0,187,8,0.881381978956692,,0,8,4,4,0,30,77,0,0,0,3,-7.96110798278824,0,2,2,0,0,14,0,187,1,0,0,0,0,8,12.9651970443914,0,8,4,4,0,1,48,13,13,0,0,3,3,13,0,2,0,5,0,0,0,0,0,1,0,0,92,0,0,2,0,0,9,80,2,0,0,0,0,0,1,2,3,74,2,2,0,0,27,1,0,2,0,0,0,0,0,0,0,0,0,0,27;21,,,48,0,0,2,2,0,0,1,0,0,0,0,0,8,0,53,307,3,1,1,0,2,4,80,0,227
2004,1,GB,REG,2004_01_GB_CAR,CAR,15,22,143,1,0,2,-16,0,0,0,143,11,11.0946693875594,,0,8,2,1,0,47,152,2,1,0,11,0.448915273480092,0,1,1,0,0,15,0,143,1,0,0,0,0,11,19.0001721655135,0,8,2,1,0,0,33,4,12,0,0,1,2,22,0,1,16,7,0,0,0,0,0,0,0,0,0,1,11,1,3,0,8,77,2,1,0,0,1,0,3,26,2,43,1,1,0,0,41,1,0,0,0,1,0,0,0,0,0,0,0,0,41,,,41,0,0,3,3,0,0,1,0,0,0,0,0,5,0,51,157,2,1,3,0,1,0,0,0,157
2004,1,HOU,REG,2004_01_SD_HOU,LAC,19,25,229,0,2,2,-3,0,0,0,229,14,7.08881909396525,,0,9,4,2,0,29,110,2,1,1,4,-6.33486777095823,0,1,0,0,0,19,0,229,0,1,1,0,0,14,14.9746641797828,0,9,4,2,0,0,38,12,18,0,0,0,1,7,0,0,0,4,0,0,0,0,0,0,0,0,0,0,0,0,0,0,6,83,6,2,0,0,2,2,2,25,6,154,2,2,0,0,37,1,0,1,1,0,0,0,0,0,0,0,0,0,37;20,,,57,0,0,2,2,0,0,1,0,0,0,0,0,2,0,53,92,1,0,0,0,1,1,13,0,79
2004,1,IND,REG,2004_01_IND_NE,NE,16,29,256,2,1,1,-12,0,0,0,256,11,10.2034133145358,,0,7,4,4,3,42,202,1,2,2,13,-0.459421690669842,0,3,3,0,0,16,0,256,2,0,0,0,0,11,24.4848732783898,0,7,4,4,3,0,28,19,19,0,0,1,2,15,0,1,12,2,0,0,0,0,0,0,0,0,0,0,0,1,0,0,3,20,4,2,0,0,2,2,2,20,4,89,1,2,1,0,32,0.5,0,0,1,0,0,0,0,0,0,1,0,0,32,48,,32,48,0,3,3,0,0,1,0,0,0,0,0,2,0,52,82,0,0,0,0,0,2,6,0,76
2004,1,JAX,REG,2004_01_JAX_BUF,BUF,18,36,147,1,2,2,-5,0,0,0,147,8,-8.33876647979955,,0,5,3,1,1,23,83,0,0,0,4,-3.85453459329437,0,2,1,0,0,18,0,147,1,0,0,0,0,8,13.3575995967258,0,5,3,1,1,0,38,15,21,0,0,2,1,6,0,0,0,5,0,0,0,0,0,0,0,0,0,0,0,2,0,0,9,50,5,0,0,0,0,0,4,34,3,59,2,2,0,0,27,1,0,2,0,0,0,0,0,0,0,0,0,0,25;27,,,52,0,0,1,1,0,0,1,0,0,0,0,0,6,0,69,282,1,0,0,2,3,1,5,0,237
2004,1,KC,REG,2004_01_KC_DEN,DEN,16,32,174,0,1,1,-23,0,0,0,174,5,-7.56640042781698,,0,7,3,1,1,28,167,3,0,0,10,11.5288831647486,0,5,3,1,0,16,0,174,0,0,0,0,0,5,8.57640807379169,0,7,3,1,1,0,45,7,15,0,0,2,2,19,0,2,9,6,0,0,0,0,0,0,0,0,0,0,0,1,0,0,9,70,5,0,0,0,0,0,1,26,1,17,1,2,1,0,50,0.5,0,0,0,0,1,0,0,0,0,0,1,0,50,58,,50,58,0,3,3,0,0,1,0,0,0,0,0,5,0,55,227,1,0,0,0,1,4,55,0,172
2004,1,LA,REG,2004_01_ARI_STL,ARI,23,34,272,1,1,0,0,0,0,0,272,15,10.0944569217063,,0,12,5,1,0,30,176,0,1,1,10,-3.09711901712861,1,8,7,0,0,23,0,272,1,1,1,0,0,15,14.243108043442,0,12,5,1,0,0,44,7,7,0,0,0,2,24,0,0,0,5,0,0,0,0,0,0,0,0,0,0,0,0,0,0,7,55,5,2,0,0,2,2,2,13,2,34,3,3,0,0,50,1,0,2,0,0,1,0,0,0,0,0,0,0,50;28;22,,,100,0,0,0,0,0,0,,0,0,0,0,0,3,0,41,119,0,0,0,1,1,1,7,0,92
2004,1,LAC,REG,2004_01_SD_HOU,HOU,17,24,209,2,0,1,-7,0,0,0,209,10,10.8027719928185,,0,8,7,4,0,32,122,1,2,0,4,-0.590264434693381,0,2,1,1,0,17,0,209,2,0,0,0,0,10,18.9728704467416,0,8,7,4,0,0,40,10,22,0,0,2,2,3,0,2,0,6,0,0,0,0,0,0,0,0,0,2,-20,2,0,0,8,60,3,0,2,0,2,0,1,13,4,102,2,2,0,0,48,1,0,1,0,1,0,0,0,0,0,0,0,0,48;29,,,77,0,0,3,3,0,0,1,0,0,0,0,0,4,0,41,156,0,1,0,0,1,2,25,0,131
2004,1,LV,REG,2004_01_OAK_PIT,PIT,20,37,305,2,2,3,-8,3,1,0,305,13,3.91511552140126,,1,12,6,3,1,22,61,0,1,0,4,-4.02645974620827,0,2,0,0,0,20,0,305,2,0,0,0,0,13,32.1444012364784,1,12,6,3,1,0,36,15,23,0,0,1,2,12,0,0,0,6,0,0,0,0,0,0,0,0,0,2,0,1,0,0,5,31,4,4,1,1,5,2,1,13,5,96,2,2,0,0,38,1,0,1,1,0,0,0,0,0,0,0,0,0,28;38,,,66,0,0,1,1,0,0,1,0,0,0,0,0,3,0,63,132,1,0,0,0,1,2,22,0,110
2004,1,MIA,REG,2004_01_TEN_MIA,TEN,26,44,210,1,3,3,-12,1,0,0,210,11,-10.5863756085141,,0,8,3,1,0,20,65,0,1,0,2,-1.64240505220369,0,2,1,0,0,26,0,210,1,0,0,0,0,11,13.4868049436191,0,8,3,1,0,0,44,0,8,0,0,4,2,12,0,0,0,2,0,0,0,0,0,0,0,0,0,2,0,1,0,0,14,76,5,1,1,0,2,0,2,11,4,99,0,1,1,0,,0,0,0,0,0,0,0,0,0,0,1,0,0,,46,,0,46,0,1,1,0,0,1,0,0,0,0,0,5,0,55,215,2,1,0,1,1,2,9,0,186
2004,1,MIN,REG,2004_01_DAL_MIN,DAL,18,24,279,5,0,2,0,0,0,0,279,13,20.3381686714711,,0,10,5,3,2,28,136,0,1,0,8,3.50830701214727,0,4,2,0,0,18,0,279,5,0,0,0,0,13,24.2532943060505,0,10,5,3,2,0,40,8,12,0,0,2,0,0,0,0,0,7,0,0,0,0,0,0,0,0,0,1,-1,2,0,0,5,40,2,0,1,0,1,0,1,1,4,71,0,0,0,0,,,0,0,0,0,0,0,0,0,0,0,0,0,,,,0,0,0,5,5,0,0,1,0,0,0,0,0,3,0,43,102,1,0,0,0,2,1,12,0,90
2004,1,NE,REG,2004_01_IND_NE,IND,26,38,335,3,1,2,-15,1,0,0,335,18,17.8565266297444,,0,15,11,7,0,17,82,0,0,0,3,-2.14500005118316,0,3,1,1,0,26,0,335,3,0,0,0,0,18,28.4191646185936,0,15,11,7,0,0,27,35,35,0,0,2,1,12,0,1,5,3,0,1,0,0,0,0,0,0,0,1,0,2,0,0,8,55,5,1,1,0,2,1,2,6,5,107,2,2,0,0,43,1,0,0,1,1,0,0,0,0,0,0,0,0,32;43,,,75,0,0,3,3,0,0,1,0,0,0,0,0,3,0,52,142,0,0,0,0,1,2,20,0,122
2004,1,NO,REG,2004_01_SEA_NO,SEA,18,37,223,1,1,2,-16,0,0,0,223,9,-8.23332949687028,,0,10,4,2,0,19,74,0,1,1,3,-7.73922207643045,0,2,2,0,0,18,0,223,1,1,1,0,0,9,13.9822694303002,0,10,4,2,0,0,52,12,12,0,0,1,0,0,0,1,0,6,0,0,0,0,0,0,0,0,0,0,0,1,2,0,8,68,6,2,0,0,2,2,4,24,4,129,0,0,0,0,,,0,0,0,0,0,0,0,0,0,0,0,0,,,,0,0,0,1,1,0,0,1,0,0,0,0,0,7,0,53,292,3,0,1,0,3,3,26,0,266
2004,1,NYG,REG,2004_01_NYG_PHI,PHI,19,37,269,0,0,5,-26,2,0,0,269,11,2.45061920250741,,0,9,7,5,1,23,170,2,1,1,5,1.45756716548931,0,4,3,2,1,19,0,269,0,0,0,0,0,11,22.4874496307457,0,9,7,5,1,0,51,0,12,0,0,0,2,17,0,0,0,6,0,0,0,0,0,0,0,0,0,2,0,0,0,0,5,30,5,2,1,0,3,1,1,8,5,119,1,1,0,0,53,1,0,0,0,0,1,0,0,0,0,0,0,0,53,,,53,0,0,2,2,0,0,1,0,0,0,0,0,5,0,49,213,0,0,1,1,0,3,50,0,143
2004,1,NYJ,REG,2004_01_CIN_NYJ,CIN,20,27,224,2,0,1,-5,1,0,0,224,10,10.3358179994928,,0,7,4,3,1,34,219,1,1,0,13,6.15942993492354,0,8,5,2,0,20,0,224,2,0,0,0,0,10,17.2425032221316,0,7,4,3,1,0,26,19,19,0,0,1,1,10,0,1,4,4,0,0,0,0,0,0,0,0,0,2,0,1,41,1,1,7,1,1,2,0,3,1,2,13,5,100,1,1,0,0,21,1,0,1,0,0,0,0,0,0,0,0,0,0,21,,,21,0,0,4,4,0,0,1,0,0,0,0,0,2,0,42,77,1,0,1,1,0,0,0,0,57
2004,1,PHI,REG,2004_01_NYG_PHI,NYG,26,36,330,4,0,2,-17,0,0,0,330,16,21.1297700316926,,0,12,6,5,1,27,141,0,0,0,5,-5.33935042424128,0,5,4,1,1,26,0,330,4,0,0,0,0,16,32.2749027215759,0,12,6,5,1,0,44,1,13,0,0,2,5,26,0,0,0,13,0,0,0,0,0,0,0,0,0,0,0,1,0,0,8,50,3,0,0,0,0,0,3,50,3,67,1,2,1,0,45,0.5,0,0,0,1,0,0,0,0,0,0,1,0,45,53,,45,53,0,4,4,0,0,1,0,0,0,0,0,4,0,42,137,0,0,1,1,1,1,8,0,109
2004,1,PIT,REG,2004_01_OAK_PIT,LV,13,22,142,0,0,2,-12,1,1,0,142,7,-2.71022048755549,,0,7,1,1,0,33,107,3,1,0,9,0.976082317362155,0,2,1,0,0,13,0,142,0,0,0,0,0,7,9.24063148070127,0,7,1,1,0,0,34,10,22,0,0,4,3,8,0,2,36,6,0,0,0,0,0,0,0,0,0,1,2,2,49,0,3,20,3,1,1,0,2,1,2,22,5,111,1,1,0,0,42,1,0,0,0,1,0,0,0,0,0,0,0,0,42,,,42,0,0,3,3,0,0,1,0,0,0,0,0,6,0,51,261,2,1,2,2,0,1,13,0,208
2004,1,SEA,REG,2004_01_SEA_NO,NO,19,29,246,1,1,0,0,0,0,0,246,11,11.3255496841157,,0,10,5,3,0,43,169,2,0,0,9,-1.02465266059153,0,2,2,1,0,19,0,246,1,1,1,0,0,11,16.5367100529838,0,10,5,3,0,0,39,9,9,0,0,2,2,16,0,1,0,8,0,0,0,0,0,0,0,0,0,0,0,2,3,0,5,45,2,1,0,0,1,1,3,26,2,46,0,0,0,0,,,0,0,0,0,0,0,0,0,0,0,0,0,,,,0,0,0,3,3,0,0,1,0,0,0,0,0,7,0,49,273,4,0,1,0,2,4,24,0,249
2004,1,SF,REG,2004_01_ATL_SF,ATL,27,46,286,2,1,3,-20,0,0,0,286,17,-2.28811862328707,,0,16,5,1,0,23,93,0,1,1,3,-6.38419475284172,0,3,3,2,0,27,0,286,2,0,0,0,0,17,25.9586190019854,0,16,5,1,0,0,40,7,7,0,0,2,4,31,0,1,19,9,0,0,0,0,0,0,0,0,0,0,0,0,0,0,10,57,3,1,0,0,1,1,3,4,3,57,2,2,0,0,32,1,0,1,1,0,0,0,0,0,0,0,0,0,23;32,,,55,0,0,1,1,0,0,1,0,0,0,0,0,6,0,55,245,1,1,2,0,0,3,19,0,226
2004,1,TB,REG,2004_01_TB_WAS,WAS,24,37,169,0,1,4,-30,1,1,0,169,8,-13.704255802582,,0,7,2,1,0,15,30,0,0,0,2,-4.44867356750183,0,0,0,0,0,24,0,169,0,1,0,0,0,8,8.41765841213055,0,7,2,1,0,0,51,2,8,0,0,0,0,0,0,0,0,5,0,1,0,0,0,0,0,0,0,1,0,1,9,1,6,44,5,2,1,1,3,1,5,21,5,138,1,1,0,0,47,1,0,0,0,1,0,0,0,0,0,0,0,0,47,,,47,0,0,1,1,0,0,1,0,0,0,0,0,9,0,54,361,3,0,1,1,4,3,18,0,323
2004,1,TEN,REG,2004_01_TEN_MIA,MIA,9,14,73,1,0,2,-12,0,0,0,73,6,1.83526677012908,,0,3,3,0,0,36,182,0,3,1,6,-5.68638558375962,0,4,2,2,1,9,0,73,1,1,0,0,0,6,8.29511399415787,0,3,3,0,0,0,48,0,8,0,0,1,3,12,0,3,48,7,1,0,0,0,0,0,0,0,0,2,0,0,0,0,7,55,2,4,0,1,4,1,2,9,0,0,1,2,1,0,22,0.5,0,1,0,0,0,0,0,0,1,0,0,0,22,33,,22,33,0,2,2,0,0,1,0,0,0,0,0,6,0,58,272,1,1,1,1,1,2,11,0,241
2004,1,WAS,REG,2004_01_TB_WAS,TB,13,24,125,0,0,0,0,0,0,0,125,5,-4.08091814663593,,0,5,3,1,0,39,166,1,2,1,6,-10.1273719430903,0,2,2,1,1,13,0,125,0,0,0,0,0,5,8.1812242352753,0,5,3,1,0,0,41,4,18,0,0,2,4,30,0,1,16,5,0,0,0,0,0,0,0,0,0,2,-17,1,0,0,3,23,1,0,3,0,3,1,3,18,3,63,3,4,1,0,34,0.75,0,1,2,0,0,0,0,0,0,0,1,0,20;30;34,50,,84,50,0,1,1,0,0,1,0,0,0,0,0,7,0,58,347,2,1,0,1,0,5,21,0,306
2004,2,ARI,REG,2004_02_NE_ARI,NE,13,29,160,0,2,5,-43,1,0,0,160,7,-14.5880173169441,,0,6,2,2,1,16,50,1,0,0,2,-3.95663168219316,0,1,1,0,0,13,0,160,0,0,0,0,0,7,10.1316320213811,0,6,2,2,1,0,49,13,13,0,0,1,2,12,0,2,65,6,0,1,0,0,0,0,0,0,0,2,0,1,9,0,6,43,6,3,0,1,3,0,0,0,5,108,2,3,1,0,52,0.666666666666667,0,0,0,0,2,0,0,0,0,0,1,0,51;52,58,,103,58,0,0,0,0,0,,0,0,0,0,0,4,0,55,180,1,0,0,0,0,4,27,0,153
2004,2,ATL,REG,2004_02_STL_ATL,LA,14,19,179,1,0,1,-5,0,0,0,179,7,1.99319252523128,,0,4,2,2,1,38,242,2,0,0,15,10.7503346233656,0,8,7,2,0,14,0,179,1,0,0,0,0,7,10.1118124313653,0,4,2,2,1,0,41,2,2,0,0,1,5,35,0,1,0,3,0,0,0,0,0,0,0,0,0,0,0,1,0,1,6,51,3,0,0,0,0,0,3,35,4,89,2,2,0,0,35,1,0,1,1,0,0,0,0,0,0,0,0,0,35;25,,,60,0,0,4,4,0,0,1,0,0,0,0,0,4,0,52,185,1,0,0,2,1,1,-2,0,147
2004,2,BAL,REG,2004_02_PIT_BAL,PIT,10,18,98,0,0,2,-11,0,0,0,98,6,-3.68808807131813,,0,5,1,1,0,41,172,2,0,0,8,-1.74469942339682,0,6,5,2,0,10,0,98,0,0,0,0,0,6,7.72976932639722,0,5,1,1,0,0,38,11,11,0,0,1,4,26,0,2,59,5,1,0,0,0,0,0,0,0,0,0,0,1,24,0,10,123,4,0,0,0,0,0,6,82,3,46,3,3,0,0,35,1,0,1,2,0,0,0,0,0,0,0,0,0,35;27;34,,,96,0,0,3,3,0,0,1,0,0,0,0,0,7,0,53,294,3,1,0,1,2,3,11,0,263
2004,2,BUF,REG,2004_02_BUF_OAK,LV,14,25,222,1,1,7,-46,0,0,0,222,8,0.807754309542138,,0,8,3,3,1,24,67,0,0,0,4,-4.89477292099036,0,0,0,0,0,14,0,222,1,0,0,0,0,8,22.2244563093991,0,8,3,3,1,0,34,15,15,0,0,0,2,9,0,0,0,0,0,0,0,0,0,0,0,0,0,0,0,0,0,0,7,55,5,0,0,0,0,0,2,9,4,90,1,1,0,0,32,1,0,0,1,0,0,0,0,0,0,0,0,0,32,,,32,0,0,1,1,0,0,1,0,0,0,0,0,5,0,63,199,2,1,1,0,2,1,15,0,184
2004,2,CAR,REG,2004_02_CAR_KC,KC,16,29,180,3,2,1,-5,1,0,0,180,15,5.24006005888805,,0,8,4,1,0,39,183,1,0,0,7,-2.17245648091193,0,6,5,1,1,16,0,180,3,0,0,0,0,15,25.1282197192195,0,8,4,1,0,0,43,3,3,0,0,1,3,15,0,1,13,5,0,0,0,0,0,0,0,0,0,1,0,1,0,0,6,51,5,1,0,0,1,0,3,18,2,61,0,0,0,0,,,0,0,0,0,0,0,0,0,0,0,0,0,,,,0,0,0,4,4,0,0,1,0,0,0,0,0,6,0,47,239,2,0,0,2,2,2,19,0,180
2004,2,CHI,REG,2004_02_CHI_GB,GB,10,18,132,1,1,1,-7,0,0,0,132,6,1.75013417075388,,0,6,3,1,0,35,182,1,1,1,10,3.18418538017031,0,6,4,1,1,10,0,132,1,1,0,0,0,6,11.6238102420466,0,6,3,1,0,0,47,14,18,0,0,1,0,0,0,2,31,6,0,0,0,0,0,0,0,0,0,0,0,1,95,1,2,15,1,2,0,1,2,1,1,6,3,65,0,1,1,0,,0,0,0,0,0,0,0,0,0,0,1,0,0,,45,,0,45,0,3,3,0,0,1,0,0,0,0,0,4,0,58,176,0,0,0,1,0,3,34,0,122
2004,2,CIN,REG,2004_02_MIA_CIN,MIA,21,38,147,0,1,5,-31,0,0,0,147,8,-17.2666839167519,,0,5,2,1,0,29,94,0,0,0,4,-7.24195552978863,0,4,3,0,0,21,0,147,0,0,0,0,0,8,5.2978801516654,0,5,2,1,0,0,42,2,22,0,0,1,2,17,0,2,50,11,1,0,0,0,0,0,0,0,0,0,0,1,0,0,3,19,4,0,0,0,0,0,2,27,1,19,3,4,1,0,48,0.75,0,0,2,1,0,0,0,0,1,0,0,0,48;36;39,38,,123,38,0,1,1,0,0,1,1,1,0,0,39,10,0,54,418,2,1,1,0,1,7,78,0,340
2004,2,CLE,REG,2004_02_CLE_DAL,DAL,8,28,71,0,3,1,-5,0,0,0,71,5,-19.1658268602412,,0,5,1,0,0,26,136,0,1,0,5,-1.44192234117376,0,3,3,1,0,8,0,71,0,0,0,0,0,5,4.48892877313143,0,5,1,0,0,0,46,0,18,0,0,1,1,7,0,3,71,7,0,0,0,0,0,0,0,0,0,0,0,1,5,0,6,31,5,1,0,1,1,0,1,11,3,21,4,4,0,0,49,1,0,2,0,2,0,0,0,0,0,0,0,0,45;23;49;22,,,139,0,0,0,0,0,0,,0,0,0,0,0,4,0,51,179,1,1,0,0,0,3,16,0,163
2004,2,DAL,REG,2004_02_CLE_DAL,CLE,23,35,322,1,3,1,-7,0,0,0,322,13,-0.296529199047752,,0,11,8,6,0,28,126,1,1,1,7,-1.45699681830592,0,2,1,1,0,23,0,322,1,0,0,0,0,13,22.0225567504516,0,11,8,6,0,0,39,0,2,0,0,1,1,5,0,3,42,8,0,0,1,0,0,0,0,0,0,0,0,0,0,0,11,120,4,1,0,0,1,1,3,16,3,62,1,2,1,0,30,0.5,0,0,1,0,0,0,0,0,0,1,0,0,30,49,,30,49,0,2,2,0,0,1,0,0,0,0,0,3,0,53,119,2,0,1,0,1,1,11,0,108
2004,2,DEN,REG,2004_02_DEN_JAX,JAX,23,39,250,0,0,0,0,0,0,0,250,13,5.77690813484961,,0,8,4,3,0,35,106,0,2,1,4,-7.49663525870893,0,0,0,0,0,23,0,250,0,0,0,0,0,13,16.9170160528156,0,8,4,3,0,0,31,0,12,0,0,1,2,11,0,0,0,3,0,1,0,0,0,0,0,0,0,2,-1,0,0,0,7,57,6,0,3,0,3,1,3,32,2,49,2,3,1,0,44,0.666666666666667,0,1,0,1,0,0,0,0,0,0,1,0,44;22,51,,66,51,0,0,0,0,0,,0,0,0,0,0,7,0,53,290,1,0,0,2,0,5,78,0,172
2004,2,DET,REG,2004_02_HOU_DET,HOU,18,25,176,3,1,2,-4,0,0,0,176,11,5.6994526124258,,0,9,3,2,0,23,94,0,0,0,5,-1.24242064339342,0,4,2,0,0,18,0,176,3,0,0,0,0,11,17.7351983573753,0,9,3,2,0,1,55,2,18,0,0,3,5,39,0,1,2,6,0,0,0,0,0,0,0,0,0,0,0,2,2,0,8,65,1,0,0,0,0,0,0,0,4,157,0,1,1,0,,0,0,0,0,0,0,0,0,0,0,1,0,0,,47,,0,47,0,4,4,0,0,1,0,0,0,0,0,3,0,53,144,0,0,0,0,0,3,15,0,129
2004,2,GB,REG,2004_02_CHI_GB,CHI,24,42,252,1,2,0,0,0,0,0,252,11,-6.04500015923729,,0,8,5,2,1,31,152,0,1,1,12,-4.49714896362275,0,5,3,1,0,24,0,252,1,0,0,0,0,11,11.6284033003638,0,8,5,2,1,0,34,13,15,0,0,2,1,7,0,1,0,3,0,0,0,0,0,0,0,0,0,0,0,1,7,0,6,50,4,1,0,0,1,1,3,34,4,74,1,2,1,0,25,0.5,0,1,0,0,0,0,0,0,0,1,0,0,25,45,,25,45,0,1,1,0,0,1,0,0,0,0,0,4,0,56,192,0,0,0,2,1,1,6,0,146
2004,2,HOU,REG,2004_02_HOU_DET,DET,23,34,313,2,1,5,-39,1,0,0,313,12,10.2325693970406,,0,12,6,5,1,32,112,0,2,1,8,-6.1132562958519,0,2,0,0,0,23,0,313,2,1,1,0,0,12,20.2860677658673,0,12,6,5,1,0,36,2,12,0,0,0,2,4,0,1,23,3,0,0,0,0,0,0,0,0,0,2,-1,0,0,0,9,74,4,3,1,0,4,2,3,15,4,54,1,1,0,0,34,1,0,0,1,0,0,0,0,0,0,0,0,0,34,,,34,0,0,1,1,0,0,1,0,0,0,0,0,2,0,48,84,2,0,0,0,2,0,0,0,84
2004,2,IND,REG,2004_02_IND_TEN,TEN,24,33,254,2,0,1,-10,0,0,0,254,13,11.0195914834637,,0,9,4,3,1,23,129,2,0,0,7,9.3193444731296,0,5,3,2,0,24,0,254,2,1,1,0,0,13,15.4444174933014,0,9,4,3,1,0,43,18,22,0,0,1,3,41,0,1,0,3,0,0,0,0,0,0,0,0,0,0,0,1,26,0,2,21,2,1,0,0,1,1,1,3,3,65,1,1,0,0,28,1,0,1,0,0,0,0,0,0,0,0,0,0,28,,,28,0,0,4,4,0,0,1,0,0,0,0,0,3,0,62,147,1,0,1,1,0,1,4,0,123
2004,2,JAX,REG,2004_02_DEN_JAX,DEN,8,16,120,1,0,2,-11,0,0,0,120,4,-1.76666134019615,,0,5,3,2,0,22,67,0,1,0,2,-5.84702813561307,0,2,0,0,0,8,0,120,1,0,0,0,0,4,8.55544493277557,0,5,3,2,0,0,55,3,7,0,0,0,0,0,0,0,0,4,0,0,0,0,0,0,0,0,0,1,0,1,0,0,10,85,2,1,0,0,1,0,5,78,1,24,0,0,0,0,,,0,0,0,0,0,0,0,0,0,0,0,0,,,,0,0,0,1,1,0,0,1,0,0,0,0,0,9,0,61,397,4,1,3,2,0,3,32,0,325
2004,2,KC,REG,2004_02_CAR_KC,CAR,17,34,187,0,1,3,-15,1,1,0,187,9,-10.3441701395397,,0,8,4,3,0,23,109,1,0,0,6,-0.309835934924195,0,3,3,0,0,17,0,187,0,0,0,0,0,9,12.7597321886959,0,8,4,3,0,0,44,12,12,0,0,1,1,5,0,2,43,4,1,0,0,0,0,0,0,0,0,0,0,0,0,0,8,88,5,1,0,0,1,1,2,19,4,59,1,2,1,0,33,0.5,0,0,1,0,0,0,0,0,0,1,0,0,33,47,,33,47,0,2,2,0,0,1,0,0,0,0,0,5,0,52,220,1,0,0,0,2,3,18,0,202
2004,2,LA,REG,2004_02_STL_ATL,ATL,24,31,285,1,1,5,-35,1,1,0,285,8,3.98111122119008,,0,11,7,6,0,15,30,1,0,0,4,0.88716085458976,0,1,1,0,0,24,0,285,1,0,0,0,0,8,21.832099335792,0,11,7,6,0,0,45,10,10,0,0,0,1,5,0,0,0,0,0,0,0,0,0,0,0,0,0,0,0,0,0,0,10,75,4,1,0,0,1,1,1,-2,4,58,1,1,0,0,46,1,0,0,0,1,0,0,0,0,0,0,0,0,46,,,46,0,0,2,2,0,0,1,0,0,0,0,0,4,0,56,199,0,0,0,0,1,3,35,0,164
2004,2,LAC,REG,2004_02_NYJ_SD,NYJ,15,35,223,1,2,1,-7,0,0,0,223,10,1.27650231830194,,0,8,3,2,1,25,111,2,2,1,9,-0.0478699077793863,0,2,2,0,0,15,0,223,1,1,0,0,0,10,22.4351873361447,0,8,3,2,1,1,44,16,16,0,0,0,0,0,0,0,0,3,0,1,0,0,0,0,0,0,0,1,-1,0,0,0,5,44,4,2,2,1,4,2,4,30,7,209,0,0,0,0,,,0,0,0,0,0,0,0,0,0,0,0,0,,,,0,0,0,4,4,0,0,1,0,0,0,0,0,4,0,51,157,0,0,0,1,2,1,2,0,135
2004,2,LV,REG,2004_02_BUF_OAK,BUF,19,27,209,1,0,2,-9,0,0,0,209,9,6.86121270170465,,0,7,3,3,2,26,73,0,0,0,3,-9.51612212714832,0,1,1,1,0,19,0,209,1,0,0,0,0,9,15.5844667482239,0,7,3,3,2,0,31,19,19,0,0,0,7,46,0,1,27,2,0,0,0,0,0,0,0,0,0,0,0,0,0,0,10,96,4,0,0,0,0,0,1,15,3,23,2,2,0,0,33,1,0,1,1,0,0,0,0,0,0,0,0,0,21;33,,,54,0,0,1,1,0,0,1,0,0,0,0,0,5,0,62,249,2,1,1,1,0,2,9,0,220
2004,2,MIA,REG,2004_02_MIA_CIN,CIN,21,39,218,1,2,2,-17,0,0,0,218,11,-10.0138573032094,,0,8,5,4,0,20,25,0,0,0,0,-10.4181273438705,0,0,0,0,0,21,0,218,1,0,0,0,0,11,15.0604352162336,0,8,5,4,0,0,53,0,14,0,0,0,5,31,0,1,-3,4,0,3,0,0,0,0,0,0,0,3,11,0,0,0,8,69,3,1,3,0,4,1,7,78,4,47,2,2,0,0,47,1,0,0,0,2,0,0,0,0,0,0,0,0,43;47,,,90,0,0,1,1,0,0,1,0,0,0,0,0,10,0,50,400,3,2,2,0,4,2,27,0,373
2004,2,MIN,REG,2004_02_MIN_PHI,PHI,37,47,343,1,1,4,-11,1,0,0,343,20,20.1186988935809,,0,14,6,3,0,19,78,0,2,1,3,-5.74893812838952,0,3,1,0,0,37,0,343,1,0,0,0,0,20,32.259508650197,0,14,6,3,0,0,34,0,16,0,0,1,2,19,0,0,0,3,0,0,0,0,0,0,0,0,0,2,0,1,0,0,10,70,5,3,0,0,3,1,0,0,6,123,3,4,1,0,42,0.75,1,0,1,1,0,0,0,0,0,1,0,0,42;19;39,44,,100,44,0,1,1,0,0,1,0,0,0,0,0,1,0,39,39,0,0,0,0,0,1,2,0,37
2004,2,NE,REG,2004_02_NE_ARI,ARI,15,26,217,2,2,2,-12,0,0,0,217,12,10.8630127929181,,0,10,8,4,0,42,172,0,1,1,10,-8.53801778770369,0,4,3,0,0,15,0,217,2,1,0,0,0,12,22.9394643327687,0,10,8,4,0,0,40,1,1,0,0,3,5,43,0,2,1,10,0,0,0,0,0,0,0,0,0,1,-18,0,0,0,12,79,2,1,1,0,2,1,4,27,1,23,3,3,0,0,29,1,0,3,0,0,0,0,0,0,0,0,0,0,29;28;24,,,81,0,0,2,2,0,0,1,0,0,0,0,0,3,0,53,137,2,0,1,1,1,0,0,0,117
2004,2,NO,REG,2004_02_SF_NO,SF,25,34,279,3,0,3,-23,1,0,0,279,12,13.3246673216566,,0,9,8,4,1,24,46,0,3,1,2,-12.630571871492,0,1,1,0,0,25,0,279,3,0,0,0,0,12,22.9107058147783,0,9,8,4,1,0,44,16,16,0,0,2,2,15,0,1,19,7,0,0,0,0,0,0,0,0,0,3,-4,2,0,0,9,86,4,2,2,0,4,1,2,34,6,94,3,3,0,0,37,1,0,0,3,0,0,0,0,0,0,0,0,0,32;36;37,,,105,0,0,3,3,0,0,1,0,0,0,0,0,4,0,49,156,3,0,0,0,3,1,0,0,156
2004,2,NYG,REG,2004_02_WAS_NYG,WAS,22,33,232,1,0,2,-17,1,0,0,232,11,-0.818330978083157,,0,9,3,1,0,28,62,0,0,0,4,-11.739090629766,0,1,0,0,0,22,0,232,1,0,0,0,0,11,14.6632212946812,0,9,3,1,0,0,48,11,11,0,0,4,4,20,0,4,14,11,0,0,0,0,0,0,0,0,0,1,0,3,35,1,8,50,4,2,0,0,2,1,2,22,3,67,2,4,2,0,38,0.5,0,1,1,0,0,0,0,0,0,1,1,0,38;22,47;51,,60,98,0,2,2,0,0,1,0,0,0,0,0,6,0,47,236,1,1,1,0,1,3,26,0,210
2004,2,NYJ,REG,2004_02_NYJ_SD,LAC,22,29,258,2,0,0,0,0,0,0,258,11,11.7904276066594,,0,8,5,4,2,35,122,2,1,0,10,0.898194607492769,0,4,1,0,0,22,0,258,2,0,0,0,0,11,17.4831612934067,0,8,5,4,2,0,32,13,13,0,0,2,1,7,0,2,1,4,0,0,0,0,0,0,0,0,0,1,-9,2,0,0,4,22,3,0,1,0,1,0,1,2,5,71,2,2,0,0,28,1,0,2,0,0,0,0,0,0,0,0,0,0,28;23,,,51,0,0,4,4,0,0,1,0,0,0,0,0,5,0,54,210,1,0,1,0,0,4,30,0,180
2004,2,PHI,REG,2004_02_MIN_PHI,MIN,19,28,245,2,0,2,-19,0,0,0,245,13,12.1544440430589,,0,13,2,1,1,17,91,1,0,0,5,0.130520603071606,0,2,2,1,0,19,0,245,2,1,1,0,0,13,13.4397999425128,0,13,2,1,1,0,57,0,20,0,0,3,4,11,0,1,15,6,0,0,0,0,0,0,0,0,0,0,0,1,0,0,3,25,5,1,0,0,1,1,1,2,5,140,2,2,0,0,47,1,0,0,1,1,0,0,0,0,0,0,0,0,37;47,,,84,0,0,3,3,0,0,1,0,0,0,0,0,1,0,49,49,1,0,0,0,1,0,0,0,49
2004,2,PIT,REG,2004_02_PIT_BAL,BAL,16,33,243,2,2,4,-26,1,1,0,243,10,-10.7562759172732,,0,8,5,5,1,25,93,0,0,0,5,-2.01456322442391,0,2,2,0,0,16,0,243,2,0,0,0,0,10,19.0056942804223,0,8,5,5,1,0,42,15,15,0,0,0,2,11,0,0,0,1,0,0,0,0,0,0,0,0,0,0,0,0,0,0,9,75,4,1,0,0,1,1,3,11,7,139,0,1,1,0,,0,0,0,0,0,0,0,0,0,0,1,0,0,,48,,0,48,0,1,1,0,0,1,0,0,0,0,0,7,0,54,286,1,0,1,0,0,6,82,0,204
2004,2,SEA,REG,2004_02_SEA_TB,TB,12,26,147,1,1,4,-21,0,0,0,147,8,-5.69201485801023,,0,9,3,1,0,23,56,0,1,0,1,-7.82484267301793,0,1,1,0,0,12,0,147,1,0,0,0,0,8,12.8236335330294,0,9,3,1,0,0,45,16,16,0,0,1,5,30,0,2,47,5,0,0,0,0,0,0,0,0,0,1,0,1,0,0,7,59,2,1,0,0,1,0,3,25,3,73,1,1,0,0,44,1,0,0,0,1,0,0,0,0,0,0,0,0,44,,,44,0,0,1,1,0,0,1,0,0,0,0,0,10,0,60,475,4,0,2,1,4,3,15,0,440
2004,2,SF,REG,2004_02_SF_NO,NO,18,32,205,0,1,2,-15,1,0,0,205,8,3.76542534813421,,0,6,3,3,0,34,180,3,1,1,11,3.84420791483717,0,4,3,1,1,18,0,205,0,1,1,0,0,8,13.449932688789,0,6,3,3,0,0,51,7,7,0,0,2,3,23,0,0,0,5,0,2,0,0,0,0,0,0,0,3,16,1,0,0,10,125,4,2,3,0,5,2,1,0,7,183,2,2,0,0,33,1,0,0,2,0,0,0,0,0,0,0,0,0,30;33,,,63,0,0,3,3,0,0,1,0,0,0,0,0,4,0,51,166,0,0,0,0,2,2,34,0,132
2004,2,TB,REG,2004_02_SEA_TB,SEA,25,39,209,0,2,5,-30,1,1,0,209,10,-18.0401978253843,,0,7,3,2,0,24,92,0,1,0,4,-4.58745170453538,0,2,2,1,0,25,0,209,0,0,0,0,0,10,10.3459405316049,0,7,3,2,0,0,35,13,13,0,0,1,4,21,0,1,3,5,0,1,0,0,0,0,0,0,0,2,0,0,0,0,1,5,4,1,2,0,3,1,3,15,3,63,2,2,0,0,27,1,0,2,0,0,0,0,0,0,0,0,0,0,24;27,,,51,0,0,0,0,0,0,,0,0,0,0,0,8,0,55,371,2,0,0,1,4,3,25,0,326
2004,2,TEN,REG,2004_02_IND_TEN,IND,26,40,277,0,1,3,-41,1,1,0,277,15,0.235157846036324,,0,10,5,1,0,30,153,2,0,0,9,2.23672598984558,0,5,5,1,0,26,0,277,0,0,0,0,0,15,17.3975107626757,0,10,5,1,0,0,30,9,21,0,0,1,1,10,0,0,0,5,0,0,0,0,0,0,0,0,0,0,0,1,5,0,8,71,5,1,0,0,1,1,1,4,6,95,1,1,0,0,39,1,0,0,1,0,0,0,0,0,0,0,0,0,39,,,39,0,0,2,2,0,0,1,0,0,0,0,0,2,0,55,102,0,0,0,1,0,1,3,0,79
2004,2,WAS,REG,2004_02_WAS_NYG,NYG,19,36,234,2,4,4,-20,2,1,0,234,11,-10.4740317972901,,0,11,5,2,1,28,108,0,3,2,6,-11.7630967121697,0,4,3,2,0,19,0,234,2,0,0,0,0,11,24.5526569886133,0,11,5,2,1,0,47,15,15,0,0,2,2,17,0,0,0,4,0,0,0,0,0,0,0,0,0,2,-5,1,0,0,7,50,6,4,1,0,5,3,3,26,5,112,0,1,1,0,,0,0,0,0,0,0,0,0,0,0,1,0,0,,41,,0,41,0,2,2,0,0,1,0,0,0,0,0,4,0,54,162,1,1,1,0,0,2,22,0,140
2004,3,ARI,REG,2004_03_ARI_ATL,ATL,25,32,238,0,0,6,-59,2,2,0,238,9,-5.74857180326944,,0,7,5,2,0,26,61,0,2,2,3,-14.069033898978,0,2,1,0,0,25,0,238,0,0,0,0,0,9,17.4682430293178,0,7,5,2,0,0,40,4,4,0,0,3,5,26,0,1,11,4,0,0,0,0,0,0,0,0,0,0,0,3,2,0,8,66,5,4,0,0,4,4,3,6,3,56,1,1,0,0,30,1,0,0,1,0,0,0,0,0,0,0,0,0,30,,,30,0,0,0,0,0,0,,0,0,0,0,0,6,0,50,255,1,2,1,1,0,2,28,0,207
2004,3,ATL,REG,2004_03_ARI_ATL,ARI,10,20,115,0,1,5,-26,1,1,0,115,7,-15.1662705917274,,0,6,3,2,0,30,194,0,3,2,3,-9.48701253149193,0,4,2,2,2,10,0,115,0,0,0,0,0,7,8.14058944769204,0,6,3,2,0,0,58,3,3,0,0,4,6,59,0,0,0,2,0,1,0,0,0,0,0,0,0,2,0,4,1,0,3,15,6,3,2,0,5,3,2,28,2,62,2,2,0,0,25,1,0,2,0,0,0,0,0,0,0,0,0,0,25;23,,,48,0,0,0,0,0,0,,0,0,0,0,0,5,0,51,241,1,0,0,2,0,3,6,0,195
2004,3,BAL,REG,2004_03_BAL_CIN,CIN,11,18,126,1,0,2,0,1,1,0,126,4,-2.76074994468217,,0,2,2,2,1,34,254,2,1,1,10,3.82700542721432,0,7,6,2,1,11,0,126,1,1,0,0,0,4,9.02727738756221,0,2,2,2,1,0,53,1,9,0,0,1,4,27,0,3,108,11,0,2,0,0,0,0,0,0,0,3,0,1,0,0,9,71,1,3,2,0,5,2,4,84,3,55,1,1,0,0,21,1,0,1,0,0,0,0,0,0,0,0,0,0,21,,,21,0,0,2,2,0,0,1,0,0,0,0,0,6,0,46,231,3,0,1,1,3,1,9,0,202
2004,3,CHI,REG,2004_03_CHI_MIN,MIN,21,34,248,0,0,2,-9,1,1,0,248,14,0.35764296733317,,0,10,5,3,1,28,146,2,1,0,9,6.60316209620214,0,4,2,1,0,21,0,248,0,0,0,0,0,14,18.4357709593461,0,10,5,3,1,0,37,4,14,0,0,1,3,10,0,0,0,1,0,0,0,0,0,0,0,0,0,1,0,2,31,0,14,101,5,2,0,0,2,1,0,0,6,139,3,4,1,0,34,0.75,0,1,2,0,0,0,0,0,1,0,0,0,34;23;32,39,,89,39,0,1,1,0,0,1,0,0,0,0,0,2,0,46,84,0,0,0,0,0,2,33,0,51
2004,3,CIN,REG,2004_03_BAL_CIN,BAL,25,52,316,0,3,4,-27,1,1,0,316,17,-17.0376770529119,,0,19,6,3,0,26,109,0,0,0,4,-0.999707848473918,0,4,2,0,0,25,0,316,0,0,0,0,0,17,21.1450929973507,0,19,6,3,0,0,48,1,11,0,0,3,1,0,0,0,0,2,0,0,0,0,0,0,0,0,0,0,0,2,0,0,5,25,6,1,0,0,1,1,1,9,3,45,3,3,0,0,47,1,0,2,0,1,0,0,0,0,0,0,0,0,29;47;26,,,102,0,0,0,0,0,0,,0,0,0,0,0,5,0,47,206,1,1,0,0,0,4,84,0,122
2004,3,CLE,REG,2004_03_CLE_NYG,NYG,21,31,180,1,1,4,-19,0,0,0,180,9,2.64927350507876,,0,9,2,1,0,23,124,0,1,1,6,-9.76228372484911,0,5,4,1,0,21,0,180,1,0,0,0,0,9,14.2434982967097,0,9,2,1,0,0,40,16,16,0,0,0,2,12,0,0,0,2,0,0,0,0,0,0,0,0,0,0,-28,0,0,0,8,80,5,0,2,0,2,2,1,0,6,105,1,1,0,0,49,1,0,0,0,1,0,0,0,0,0,0,0,0,49,,,49,0,0,1,1,0,0,1,0,0,0,0,0,5,0,52,225,1,1,1,0,0,3,28,0,197
2004,3,DAL,REG,2004_03_DAL_WAS,WAS,15,30,240,2,0,1,-3,0,0,0,240,10,6.27458298974671,,0,9,5,5,1,21,50,1,0,0,3,-2.68059897253988,0,1,1,0,0,15,0,240,2,0,0,0,0,10,21.8956033289433,0,9,5,5,1,0,51,2,10,0,0,1,5,35,0,0,0,5,0,1,0,0,0,0,0,0,0,1,0,0,0,0,5,40,4,0,1,0,1,0,8,67,4,65,0,0,0,0,,,0,0,0,0,0,0,0,0,0,0,0,0,,,,0,0,0,3,3,0,0,1,0,0,0,0,0,8,0,52,314,2,2,1,1,1,3,18,0,276
2004,3,DEN,REG,2004_03_SD_DEN,LAC,25,36,294,2,0,1,-3,0,0,0,294,13,13.5523724556951,,0,14,8,4,0,21,37,0,0,0,2,-10.8727025727621,0,1,0,0,0,25,0,294,2,1,1,0,0,13,15.5535795377036,0,14,8,4,0,0,45,11,15,0,0,2,4,30,0,0,0,10,0,0,0,0,0,0,0,0,0,1,0,1,8,0,3,25,4,1,1,0,2,1,0,0,4,137,3,3,0,0,43,1,0,2,0,1,0,0,0,0,0,0,0,0,22;23;43,,,88,0,0,2,2,0,0,1,0,0,0,0,0,4,0,57,212,0,0,0,1,0,3,36,0,156
2004,3,DET,REG,2004_03_PHI_DET,PHI,21,39,199,2,0,5,-20,2,1,0,199,10,-11.259421056733,,0,10,3,2,0,18,77,0,0,0,5,-0.856696662202012,0,1,1,1,0,21,0,199,2,0,0,0,0,10,12.4180401388295,0,10,3,2,0,0,40,1,23,0,0,1,2,13,0,0,0,6,0,0,0,0,0,0,0,0,0,1,0,1,0,0,6,39,4,1,1,0,2,1,2,9,7,192,0,0,0,0,,,0,0,0,0,0,0,0,0,0,0,0,0,,,,0,0,0,1,1,0,0,1,0,0,0,0,0,7,0,51,341,3,0,0,1,2,4,26,0,295
2004,3,GB,REG,2004_03_GB_IND,IND,34,50,392,4,1,1,-9,0,0,0,392,19,20.640127975689,,0,13,3,3,1,19,74,0,0,0,4,-0.243776690214872,0,2,0,0,0,34,0,392,4,1,1,0,0,19,29.6502779458391,0,13,3,3,1,0,42,12,12,0,0,0,0,0,0,0,0,3,0,0,0,0,0,0,0,0,0,0,0,0,0,0,11,84,5,1,0,0,1,1,2,14,8,209,1,2,1,0,38,0.5,0,0,1,0,0,0,0,0,0,0,1,0,38,52,,38,52,0,4,4,0,0,1,0,0,0,0,0,4,0,53,169,2,0,0,0,2,2,10,0,159
2004,3,HOU,REG,2004_03_HOU_KC,KC,13,25,233,1,1,3,-13,0,0,0,233,10,3.79582522169221,,0,9,5,5,1,26,76,0,1,0,4,-3.59383248161082,1,2,2,0,0,13,0,233,1,1,0,0,0,10,17.5407983558835,0,9,5,5,1,0,47,13,13,0,0,0,3,28,0,1,102,3,1,0,0,0,0,0,0,0,0,1,-3,0,0,0,7,60,6,1,1,1,2,0,2,31,4,102,3,3,0,0,49,1,0,1,0,2,0,0,0,0,0,0,0,0,28;49;49,,,126,0,0,1,1,0,0,1,1,1,0,0,49,4,0,40,152,0,0,0,0,3,1,11,0,141
2004,3,IND,REG,2004_03_GB_IND,GB,28,40,393,5,0,0,0,0,0,0,393,18,23.8764494339452,,0,15,10,8,0,24,60,1,0,0,4,-2.46930573033751,0,0,0,0,0,28,0,393,5,0,0,0,0,18,33.2490139667392,0,15,10,8,0,0,44,16,16,0,0,1,1,9,0,1,5,4,0,0,0,0,0,0,0,0,0,0,0,1,17,0,9,70,1,0,0,0,0,0,2,10,6,141,1,1,0,0,45,1,0,0,0,1,0,0,0,0,0,0,0,0,45,,,45,0,0,6,6,0,0,1,0,0,0,0,0,4,0,49,171,2,0,1,0,1,2,14,0,157
2004,3,JAX,REG,2004_03_JAX_TEN,TEN,14,20,124,1,0,2,-7,0,0,0,124,6,4.23128228120925,,1,4,2,1,0,29,136,1,0,0,7,-0.861979824578157,0,5,5,1,0,14,0,124,1,1,0,0,0,6,10.3669594496461,1,4,2,1,0,0,30,16,26,0,0,1,3,13,0,1,21,3,0,1,0,0,0,0,0,0,0,2,-14,0,0,0,9,87,2,2,1,1,3,0,2,16,3,50,0,0,0,0,,,0,0,0,0,0,0,0,0,0,0,0,0,,,,0,0,0,1,1,0,0,1,0,0,0,0,0,7,0,55,273,1,0,1,1,1,4,21,0,232
2004,3,KC,REG,2004_03_HOU_KC,HOU,21,30,224,3,1,3,-28,0,0,0,224,14,2.65719058836112,,0,11,4,2,0,36,168,0,0,0,9,-1.20304183097323,0,6,5,0,0,21,0,224,3,0,0,0,0,14,24.6650625809562,0,11,4,2,0,0,42,4,4,0,0,1,3,13,0,1,0,2,0,0,0,0,0,0,0,0,0,0,0,0,0,0,9,85,5,0,0,0,0,0,1,11,6,155,0,0,0,0,,,0,0,0,0,0,0,0,0,0,0,0,0,,,,0,0,0,3,3,0,0,1,0,0,0,0,0,4,0,52,159,2,0,2,0,0,2,31,0,128
2004,3,LA,REG,2004_03_NO_STL,NO,32,49,358,1,0,5,-33,1,1,0,358,19,0.773738468992122,,1,21,9,3,0,15,78,2,0,0,5,5.97136602189858,0,2,2,0,0,32,0,358,1,0,0,0,0,19,20.2368525919593,1,21,9,3,0,0,60,5,5,0,0,0,2,3,0,0,0,5,0,0,0,0,0,0,0,0,0,0,0,0,0,0,12,85,6,1,0,0,1,1,0,0,8,178,1,1,0,0,53,1,0,0,0,0,1,0,0,0,0,0,0,0,53,,,53,0,0,2,2,0,0,1,0,0,0,0,0,5,0,55,209,0,0,0,0,0,5,66,0,143
2004,3,LAC,REG,2004_03_SD_DEN,DEN,15,30,159,0,0,4,-30,2,1,0,159,8,-0.794425449428806,,0,6,4,1,0,30,85,1,0,0,7,-7.35039433487759,0,2,1,0,0,15,0,159,0,0,0,0,0,8,16.6348653358873,0,6,4,1,0,0,45,2,8,0,0,1,1,3,0,0,0,5,0,0,0,0,0,0,0,0,0,1,0,1,0,0,6,61,6,2,0,0,2,1,3,36,6,156,2,2,0,0,51,1,0,1,0,0,1,0,0,0,0,0,0,0,23;51,,,74,0,0,1,1,0,0,1,0,0,0,0,0,6,0,59,295,1,1,1,3,1,0,0,0,235
2004,3,LV,REG,2004_03_TB_OAK,TB,18,31,238,1,1,1,-12,0,0,0,238,13,4.87626575843973,,0,10,7,4,0,31,173,1,0,0,9,5.11536809611829,0,4,4,1,1,18,0,238,1,0,0,0,0,13,20.0825334895053,0,10,7,4,0,0,37,15,15,0,0,1,2,12,0,1,32,4,1,0,0,0,0,0,0,0,0,0,0,0,0,0,11,74,1,1,0,0,1,1,2,4,5,145,3,4,1,0,40,0.75,0,1,1,1,0,0,0,0,0,1,0,0,23;40;39,46,,102,46,0,3,3,0,0,1,0,0,0,0,0,2,0,50,100,1,0,1,1,0,0,0,0,80
2004,3,MIA,REG,2004_03_PIT_MIA,PIT,13,27,137,0,2,3,-20,2,1,0,137,7,-10.627986763893,,0,7,1,1,0,29,52,0,1,0,4,-10.5215894487337,0,1,1,0,0,13,0,137,0,1,1,0,0,7,4.34986015156028,0,7,1,1,0,0,34,0,42,0,0,0,1,2,0,1,0,5,0,0,0,0,0,0,0,0,0,3,0,0,0,0,6,33,5,3,2,0,5,2,2,20,3,66,1,1,0,0,34,1,0,0,1,0,0,0,0,0,0,0,0,0,34,,,34,0,0,0,0,0,0,,0,0,0,0,0,6,0,51,229,2,0,3,1,0,2,1,0,208
2004,3,MIN,REG,2004_03_CHI_MIN,CHI,19,31,360,2,0,3,-10,1,0,0,360,17,14.9536228537563,,0,14,7,6,3,24,93,1,3,2,3,-13.8196995880571,0,3,1,1,0,19,0,360,2,0,0,0,0,17,30.0080419741571,0,14,7,6,3,0,37,10,22,0,0,2,2,9,0,0,0,3,0,0,0,0,0,0,0,0,0,2,0,1,0,0,11,70,3,1,3,0,4,2,2,33,5,111,2,3,1,0,42,0.666666666666667,0,1,0,1,0,0,0,0,0,1,0,0,42;24,46,,66,46,0,3,3,0,0,1,0,0,0,0,0,1,0,29,29,1,0,0,0,1,0,0,0,29
2004,3,NO,REG,2004_03_NO_STL,LA,24,41,316,1,0,2,-3,0,0,0,316,15,10.6661623761201,,0,14,7,5,0,31,149,1,0,0,9,-1.51777517186256,0,5,3,2,1,24,0,316,1,0,0,0,0,15,25.6231661744814,0,14,7,5,0,0,55,2,2,0,0,1,5,33,0,0,0,5,0,0,0,0,0,0,0,0,0,0,0,1,0,0,5,25,4,0,0,0,0,0,5,66,4,82,5,6,1,0,53,0.833333333333333,0,0,3,0,2,0,0,0,0,0,1,0,52;53;39;38;31,51,,213,51,0,1,1,0,0,1,1,1,0,0,31,1,0,45,45,0,0,0,0,1,0,0,0,45
2004,3,NYG,REG,2004_03_CLE_NYG,CLE,19,27,286,0,0,2,-12,0,0,0,286,12,11.3860711904988,,0,10,6,4,2,32,116,3,0,0,11,-2.67988019121198,0,2,0,0,0,19,0,286,0,0,0,0,0,12,20.2677771591978,0,10,6,4,2,0,37,13,13,0,0,0,4,19,0,1,0,3,0,0,0,0,0,0,0,0,0,0,0,2,0,0,8,59,4,0,0,0,0,0,3,28,2,56,2,2,0,0,43,1,0,1,0,1,0,0,0,0,0,0,0,0,43;25,,,68,0,0,3,3,0,0,1,0,0,0,0,0,4,0,45,140,4,0,1,0,2,1,0,0,140
2004,3,PHI,REG,2004_03_PHI_DET,DET,29,42,356,2,0,2,-13,1,1,0,356,12,15.1887162057079,,0,10,7,5,2,19,59,1,1,0,4,-3.24778249119134,0,2,2,1,0,29,0,356,2,0,0,0,0,12,30.1284197743822,0,10,7,5,2,0,41,4,18,0,0,1,4,20,0,0,0,6,0,0,0,0,0,0,0,0,0,1,-6,1,0,0,7,54,2,1,1,0,2,1,4,26,3,64,3,3,0,0,47,1,0,1,1,1,0,0,0,0,0,0,0,0,26;47;39,,,112,0,0,3,3,0,0,1,0,0,0,0,0,4,0,54,206,0,0,0,1,1,2,9,0,177
2004,3,PIT,REG,2004_03_PIT_MIA,MIA,12,22,163,1,1,1,-2,0,0,0,163,8,0.49699859892563,,0,6,5,3,1,38,153,0,0,0,5,-7.57315834052861,0,6,2,1,0,12,0,163,1,0,0,0,0,8,14.9592521854571,0,6,5,3,1,0,33,0,30,0,0,3,2,13,0,2,10,5,0,0,0,0,0,0,0,0,0,0,0,2,0,0,11,103,5,0,0,0,0,0,2,1,2,74,2,4,2,0,51,0.5,0,0,0,1,1,0,0,0,0,2,0,0,40;51,44;45,,91,89,0,1,1,0,0,1,0,0,0,0,0,6,0,58,269,3,1,3,0,0,2,20,0,249
2004,3,SEA,REG,2004_03_SF_SEA,SF,22,32,263,2,0,1,-6,0,0,0,263,13,12.1468077092296,,0,10,4,3,1,37,117,2,1,0,10,-6.03723395982524,0,3,2,1,0,22,0,263,2,0,0,0,0,13,21.7159459564983,0,10,4,3,1,0,26,22,22,0,0,2,3,26,0,2,25,5,0,0,0,0,0,0,0,0,0,1,0,2,0,0,3,19,2,1,0,0,1,0,0,0,1,17,2,2,0,0,35,1,0,1,1,0,0,0,0,0,0,0,0,0,35;28,,,63,0,0,4,4,0,0,1,0,0,0,0,0,5,0,50,203,2,0,0,0,3,2,13,0,190
2004,3,SF,REG,2004_03_SF_SEA,SEA,19,32,153,0,2,3,-26,2,2,0,153,8,-15.2611130119063,,0,6,1,1,0,18,48,0,0,0,1,-9.04607447329909,0,1,1,0,0,19,0,153,0,0,0,0,0,8,12.257957018633,0,6,1,1,0,0,43,15,15,0,0,1,1,6,0,0,0,4,0,0,0,0,0,0,0,0,0,0,0,0,0,0,6,50,3,2,0,0,2,2,2,13,7,139,0,1,1,0,,0,0,0,0,0,0,0,0,0,0,1,0,0,,46,,0,46,0,0,0,0,0,,0,0,0,0,0,7,0,60,296,3,0,1,2,4,0,0,0,256
2004,3,TB,REG,2004_03_TB_OAK,LV,22,36,309,2,1,2,-12,1,0,0,309,12,5.27088496422197,,1,11,7,5,2,22,92,0,0,0,5,-1.07276778871892,0,1,1,1,0,22,0,309,2,0,0,0,0,12,25.5000113705746,1,11,7,5,2,0,39,15,15,0,0,1,1,12,0,1,16,6,0,0,0,0,0,0,0,0,0,1,0,1,0,0,8,56,4,1,0,0,1,0,0,0,6,144,2,3,1,0,36,0.666666666666667,0,0,2,0,0,0,0,0,0,1,0,0,36;30,44,,66,44,0,0,0,0,0,,0,0,0,0,0,4,0,54,176,1,0,2,0,0,2,4,0,172
2004,3,TEN,REG,2004_03_JAX_TEN,JAX,16,27,143,0,1,3,-13,0,0,0,143,7,-7.13452695666433,,0,5,3,1,0,26,119,1,0,0,5,1.0333630691166,0,2,2,1,0,16,0,143,0,1,0,0,0,7,6.91495932192106,0,5,3,1,0,0,27,20,24,0,0,2,2,7,0,0,0,2,0,0,0,0,0,0,0,0,0,2,0,0,0,0,6,56,1,1,1,0,2,0,4,21,3,25,2,2,0,0,40,1,0,1,0,1,0,0,0,0,0,0,0,0,26;40,,,66,0,0,0,0,0,0,,0,0,0,0,0,4,0,61,209,0,0,0,2,0,2,16,0,153
2004,3,WAS,REG,2004_03_DAL_WAS,DAL,25,43,325,2,0,5,-35,1,0,0,325,17,0.795474020725634,,1,14,6,4,2,24,94,0,1,0,3,-1.77195917177596,0,2,1,0,0,25,0,325,2,0,0,0,0,17,23.7073785824906,1,14,6,4,2,0,38,3,5,0,0,0,1,3,0,0,0,6,0,0,0,0,0,0,0,0,0,2,0,0,0,0,7,87,6,1,1,0,2,0,3,18,3,70,1,1,0,0,19,1,1,0,0,0,0,0,0,0,0,0,0,0,19,,,19,0,0,1,1,0,0,1,0,0,0,0,0,8,0,55,360,2,0,0,0,0,8,67,0,293
2004,4,ARI,REG,2004_04_NO_ARI,NO,13,19,178,1,0,2,-16,0,0,0,178,6,4.53570862556808,,0,6,5,4,0,40,211,2,1,1,11,1.22089595032114,0,7,6,2,0,13,0,178,1,0,0,0,0,6,13.830842316791,0,6,5,4,0,0,36,7,7,0,0,1,1,4,0,0,0,3,0,0,0,0,0,0,0,0,0,0,0,2,35,1,7,65,4,1,0,0,1,1,5,26,3,67,2,2,0,0,33,1,0,1,1,0,0,0,0,0,0,0,0,0,26;33,,,59,0,0,4,4,0,0,1,0,0,0,0,0,4,1,53,169,0,0,2,1,0,1,7,0,142
2004,4,ATL,REG,2004_04_ATL_CAR,CAR,10,18,148,0,0,0,0,0,0,0,148,6,6.78360148575786,,0,7,6,2,0,40,165,2,1,0,8,-0.0220834315846949,0,3,3,1,0,10,0,148,0,0,0,0,0,6,13.6574145073537,0,7,6,2,0,0,46,4,8,0,0,2,2,15,0,2,57,7,1,0,0,0,0,0,0,0,0,1,-5,1,4,0,11,106,2,0,1,0,1,0,5,59,3,43,2,2,0,0,47,1,0,0,1,1,0,0,0,0,0,0,0,0,47;30,,,77,0,0,3,3,0,0,1,0,0,0,0,0,5,0,47,191,2,1,1,0,1,2,1,0,190
2004,4,BAL,REG,2004_04_KC_BAL,KC,10,17,154,1,0,4,-27,0,0,0,154,6,-1.90407654211329,,0,6,3,2,1,20,80,1,1,0,5,-1.32144513103412,0,2,1,0,0,10,0,154,1,0,0,0,0,6,9.0772483708087,0,6,3,2,1,1,39,25,25,0,0,0,1,3,0,0,0,2,0,0,0,0,0,0,0,0,0,1,0,0,0,0,6,54,6,1,0,0,1,0,2,67,6,183,1,1,0,0,50,1,0,0,0,0,1,0,0,0,0,0,0,0,50,,,50,0,0,3,3,0,0,1,0,0,0,0,0,5,0,52,192,1,0,2,1,2,0,0,0,172
2004,4,BUF,REG,2004_04_NE_BUF,NE,18,30,247,1,1,7,-48,1,1,0,247,9,-11.6780412860085,,0,10,5,3,2,26,138,0,0,0,7,1.71797736140434,0,3,2,1,0,18,0,247,1,0,0,0,0,9,17.5316008848313,0,10,5,3,2,1,32,8,16,0,0,1,0,0,0,0,0,7,0,0,0,0,0,0,0,0,0,1,0,1,0,0,11,94,4,1,1,0,2,1,2,22,5,191,1,1,0,0,33,1,0,0,1,0,0,0,0,0,0,0,0,0,33,,,33,0,0,2,2,0,0,1,0,0,0,0,0,5,0,63,256,2,0,2,2,0,1,0,0,216
2004,4,CAR,REG,2004_04_ATL_CAR,ATL,23,38,308,0,2,2,-15,1,0,0,308,12,-6.60789929033485,,0,14,5,5,1,21,67,1,1,1,6,-2.82119485264411,0,1,1,0,0,23,0,308,0,0,0,0,0,12,19.4315106732538,0,14,5,5,1,0,35,11,23,0,0,0,0,0,0,0,0,2,0,0,0,0,0,0,0,0,0,1,0,0,0,0,10,91,5,2,0,0,2,1,2,1,5,76,1,1,0,0,26,1,0,1,0,0,0,0,0,0,0,0,0,0,26,,,26,0,0,1,1,0,0,1,0,0,0,0,0,5,0,58,262,0,0,0,0,0,5,59,0,203
2004,4,CHI,REG,2004_04_PHI_CHI,PHI,26,43,215,1,0,4,-23,0,0,0,215,8,-7.32107242527847,,0,7,2,2,0,13,32,0,0,0,4,-2.47810231587198,0,1,0,0,0,26,0,215,1,0,0,0,0,8,10.7929606776743,0,7,2,2,0,0,56,10,10,0,0,0,2,15,0,1,-3,6,0,1,0,0,0,0,0,0,0,0,0,0,0,0,4,36,5,0,1,0,1,1,1,0,4,107,1,1,0,0,25,1,0,1,0,0,0,0,0,0,0,0,0,0,25,,,25,0,0,0,0,0,0,,0,0,0,0,0,8,0,49,349,2,2,1,0,0,5,19,0,330
2004,4,CIN,REG,2004_04_CIN_PIT,PIT,20,37,164,1,2,1,-8,0,0,0,164,13,-11.339091673224,,0,9,2,1,0,27,137,1,1,1,7,0.874828548112419,0,5,4,0,0,20,0,164,1,0,0,0,0,13,15.8313937682542,0,9,2,1,0,0,44,16,16,0,0,2,1,6,0,0,0,2,0,0,0,0,0,0,0,0,0,0,0,2,0,0,5,46,4,1,0,0,1,1,4,28,4,87,1,1,0,0,34,1,0,0,1,0,0,0,0,0,0,0,0,0,34,,,34,0,0,2,2,0,0,1,0,0,0,0,0,6,0,45,213,4,0,0,1,3,2,6,0,187
2004,4,CLE,REG,2004_04_WAS_CLE,WAS,14,21,195,1,0,3,-11,0,0,0,195,8,3.69233881128641,,0,9,4,3,0,32,96,1,1,0,4,-10.4696148434887,0,3,3,1,0,14,0,195,1,1,1,0,0,8,13.0746777506429,0,9,4,3,0,0,35,12,12,0,0,2,0,0,0,0,0,2,0,0,0,0,0,0,0,0,0,1,0,2,14,0,8,66,2,1,1,0,2,1,5,74,3,65,1,1,0,0,30,1,0,0,1,0,0,0,0,0,0,0,0,0,30,,,30,0,0,2,2,0,0,1,0,0,0,0,0,7,0,51,289,1,3,0,0,1,3,21,0,268
2004,4,DEN,REG,2004_04_DEN_TB,TB,13,31,138,1,0,0,0,0,0,0,138,7,-0.111800009870595,,0,7,1,1,0,35,111,0,1,0,7,-2.13915290439036,0,1,1,0,0,13,0,138,1,0,0,0,0,7,11.2210439779247,0,7,1,1,0,0,33,12,12,0,0,1,1,3,0,0,0,2,0,0,0,0,0,0,0,0,0,1,0,1,0,0,7,50,3,1,0,0,1,0,2,19,2,45,3,3,0,0,50,1,0,1,0,1,1,0,0,0,0,0,0,0,49;50;23,,,122,0,0,1,1,0,0,1,0,0,0,0,0,5,0,49,189,2,0,1,0,3,1,2,0,187
2004,4,GB,REG,2004_04_NYG_GB,NYG,20,36,220,1,2,0,0,0,0,0,220,10,-2.81467531612725,,0,8,5,4,0,19,81,0,1,1,2,-5.96724505291786,0,1,1,0,0,20,0,220,1,0,0,0,0,10,11.2043435140513,0,8,5,4,0,0,44,20,24,0,0,0,4,29,0,1,18,3,0,0,0,0,0,0,0,0,0,0,0,0,0,0,7,72,5,1,0,0,1,1,1,1,2,41,0,0,0,0,,,0,0,0,0,0,0,0,0,0,0,0,0,,,,0,0,0,1,1,0,0,1,0,0,0,0,0,6,0,52,225,1,0,0,0,2,4,16,0,209
2004,4,HOU,REG,2004_04_OAK_HOU,LV,14,24,228,1,0,1,-4,0,0,0,228,10,8.52380231282815,,0,10,6,5,0,40,162,1,2,1,9,-9.93558594007398,0,5,3,0,0,14,0,228,1,0,0,0,0,10,18.9418669690785,0,10,6,5,0,0,36,10,16,0,0,1,1,13,0,3,86,15,0,0,0,0,0,0,0,0,0,1,-1,2,19,1,4,25,4,1,1,0,2,1,3,41,4,77,3,4,1,0,46,0.75,0,1,0,2,0,0,0,0,0,0,1,0,46;21;44,57,,111,57,0,3,3,0,0,1,0,0,0,0,0,3,0,45,119,1,1,0,0,0,2,11,0,108
2004,4,IND,REG,2004_04_IND_JAX,JAX,20,29,220,2,1,0,0,0,0,0,220,14,10.9573445058663,,0,12,5,1,0,27,117,1,0,0,7,1.63092586447601,0,2,1,0,0,20,0,220,2,0,0,0,0,14,20.6196275698489,0,12,5,1,0,0,55,5,15,0,0,2,1,7,0,0,0,1,0,0,0,0,0,0,0,0,0,0,0,1,0,0,3,26,3,0,0,0,0,0,0,0,3,69,1,1,0,0,46,1,0,0,0,1,0,0,0,0,0,0,0,0,46,,,46,0,0,3,3,0,0,1,0,0,0,0,0,3,0,61,144,1,0,0,0,1,2,25,0,119
2004,4,JAX,REG,2004_04_IND_JAX,IND,29,41,318,1,0,1,-7,1,0,0,318,16,15.8708848993542,,1,13,5,3,1,31,97,0,1,1,5,-13.3338891271851,0,2,2,0,0,29,0,318,1,0,0,0,0,16,25.2754118776149,1,13,5,3,1,0,44,0,0,0,0,0,0,0,0,1,0,3,0,0,0,0,0,0,0,0,0,1,0,0,0,0,5,28,6,2,0,0,2,1,2,25,2,22,3,4,1,0,48,0.75,0,1,0,2,0,0,0,0,1,0,0,0,48;42;22,35,,112,35,0,0,0,0,0,,0,0,0,0,0,1,0,33,33,1,0,0,0,1,0,0,0,33
2004,4,KC,REG,2004_04_KC_BAL,BAL,21,31,223,1,0,1,-3,0,0,0,223,11,11.3178304270803,,0,13,5,1,0,46,178,2,0,0,12,7.82368476496777,0,4,3,0,0,21,0,223,1,0,0,0,0,11,20.1111958548052,0,13,5,1,0,0,29,9,9,0,0,1,4,27,0,0,0,4,0,0,0,0,0,0,0,0,0,0,0,0,0,0,10,72,3,0,0,0,0,0,0,0,2,44,2,2,0,0,42,1,0,0,1,1,0,0,0,0,0,0,0,0,42;38,,,80,0,0,3,3,0,0,1,0,0,0,0,0,5,0,50,181,1,1,0,0,2,2,67,1,114
2004,4,LA,REG,2004_04_STL_SF,SF,17,25,186,1,0,0,0,0,0,0,186,11,9.96375561516317,,0,7,4,2,0,36,174,2,0,0,11,8.77870389235772,0,7,5,1,0,17,0,186,1,0,0,0,0,11,16.8584999607992,0,7,4,2,0,0,43,8,22,0,0,2,3,25,0,1,10,9,0,0,0,0,0,0,0,0,0,0,0,1,5,0,5,43,4,0,0,0,0,0,1,3,3,44,1,2,1,0,20,0.5,0,1,0,0,0,0,0,0,1,0,0,0,20,33,,20,33,0,3,3,0,0,1,0,0,0,0,0,3,0,53,137,0,0,1,0,0,2,23,0,114
2004,4,LAC,REG,2004_04_TEN_SD,TEN,16,20,206,3,0,1,-8,0,0,0,206,7,13.2455203754996,,0,7,2,2,2,24,195,2,0,0,9,7.44554337201407,0,8,8,4,1,16,0,206,3,0,0,0,0,7,16.9270576282922,0,7,2,2,2,0,46,17,19,0,0,1,3,21,0,0,0,6,0,1,0,0,0,0,0,0,0,1,0,0,0,0,7,41,2,0,1,0,1,0,3,10,3,61,1,1,0,0,31,1,0,0,1,0,0,0,0,0,0,0,0,0,31,,,31,0,0,5,5,0,0,1,0,0,0,0,0,4,0,57,176,3,0,0,0,2,2,0,0,176
2004,4,LV,REG,2004_04_OAK_HOU,HOU,21,38,237,0,3,1,-13,1,1,0,237,10,-14.1904390602522,,0,10,7,3,0,20,151,2,1,1,8,4.48080163780833,0,3,3,2,1,21,0,237,0,0,0,0,0,10,17.4265830631484,0,10,7,3,0,0,42,14,20,0,0,1,1,4,0,0,0,8,0,0,0,0,0,0,0,0,0,0,-5,1,0,0,13,75,6,1,1,0,2,2,2,11,7,199,1,2,1,0,50,0.5,0,0,0,0,1,0,0,0,1,0,0,0,50,35,,50,35,0,2,2,0,0,1,0,0,0,0,0,3,0,53,146,0,0,0,0,0,3,41,0,105
2004,4,MIA,REG,2004_04_NYJ_MIA,NYJ,18,33,206,0,2,4,-10,2,2,0,206,10,-24.3062151374619,,0,8,6,4,0,21,97,0,0,0,2,-4.83510342449684,0,1,1,1,1,18,0,206,0,0,0,0,0,10,11.6539619361243,0,8,6,4,0,0,29,0,40,0,0,0,3,18,0,1,47,2,0,0,0,0,0,0,0,0,0,0,0,0,0,0,4,30,4,2,0,0,2,2,1,8,4,90,3,3,0,0,37,1,0,1,2,0,0,0,0,0,0,0,0,0,36;37;23,,,96,0,0,0,0,0,0,,0,0,0,0,0,5,0,49,224,0,0,2,0,0,3,26,0,198
2004,4,NE,REG,2004_04_NE_BUF,BUF,17,30,298,2,0,0,0,0,0,0,298,13,20.8060868746252,,0,13,8,4,2,26,99,1,1,1,5,-3.15161718218801,0,3,2,0,0,17,0,298,2,0,0,0,0,13,28.3938865847304,0,13,8,4,2,0,46,7,11,0,0,1,7,48,0,1,21,3,0,1,0,0,0,0,0,0,0,0,0,1,68,1,10,77,3,1,1,1,2,1,1,0,4,96,1,1,0,0,42,1,0,0,0,1,0,0,0,0,0,0,0,0,42,,,42,0,0,4,4,0,0,1,0,0,0,0,0,4,0,61,198,1,0,1,1,0,2,22,0,156
2004,4,NO,REG,2004_04_NO_ARI,ARI,24,40,242,0,0,1,-4,1,0,0,242,12,0.0271552265421242,,0,12,2,1,0,14,41,0,2,2,1,-15.4720760855125,0,0,0,0,0,24,0,242,0,0,0,0,0,12,10.6101073879781,0,12,2,1,0,1,55,5,5,0,0,1,2,16,0,0,0,2,0,0,0,1,0,0,0,0,0,1,-14,1,0,0,12,104,2,1,2,0,3,2,1,7,5,96,1,1,0,0,20,1,0,1,0,0,0,0,0,0,0,0,0,0,20,,,20,0,0,1,1,0,0,1,0,0,0,0,0,7,0,56,333,2,1,0,0,1,5,26,0,307
2004,4,NYG,REG,2004_04_NYG_GB,GB,20,26,187,1,1,4,-29,0,0,0,187,10,2.28553256273153,,0,8,4,2,0,35,245,1,0,0,10,8.88705951507563,0,7,6,2,1,20,0,187,1,0,0,0,0,10,16.1442683991627,0,8,4,2,0,0,23,16,22,0,0,1,0,0,0,2,6,8,0,0,0,0,0,0,0,0,0,0,0,1,0,0,8,76,5,0,0,0,0,0,4,16,2,39,0,3,3,0,,0,0,0,0,0,0,0,0,0,2,1,0,0,,49;30;33,,0,112,0,2,2,0,0,1,0,0,0,0,0,4,0,54,195,1,0,1,2,0,1,1,0,154
2004,4,NYJ,REG,2004_04_NYJ_MIA,MIA,14,24,143,0,1,3,-18,0,0,0,143,6,-15.1275236383265,,0,8,2,1,0,31,110,1,1,0,8,-1.94534740800736,0,4,3,0,0,14,0,143,0,0,0,0,0,6,6.67705359797012,0,8,2,1,0,0,36,0,24,0,0,2,4,10,0,2,68,7,1,0,0,0,0,0,0,0,0,1,-3,2,0,0,4,35,3,0,1,0,1,0,3,26,2,52,1,1,0,0,53,1,0,0,0,0,1,0,0,0,0,0,0,0,53,,,53,0,0,2,2,0,0,1,0,0,0,0,0,8,0,54,314,3,2,1,3,1,1,8,0,246
2004,4,PHI,REG,2004_04_PHI_CHI,CHI,24,38,237,1,1,2,-15,0,0,0,237,12,6.32903211682241,,0,9,2,2,1,33,154,0,0,0,10,3.26614776372741,0,4,2,1,0,24,0,237,1,0,0,0,0,12,20.7646077343185,0,9,2,2,1,0,40,7,7,0,0,0,4,23,0,0,0,4,0,0,0,0,0,0,0,0,0,0,0,1,0,0,10,73,2,0,0,0,0,0,5,19,2,37,4,6,2,0,51,0.666666666666667,0,0,0,3,1,0,0,0,1,1,0,0,51;42;42;40,39;45,,175,84,0,1,1,0,0,1,0,0,0,0,0,3,0,40,107,0,1,0,1,0,1,0,0,87
2004,4,PIT,REG,2004_04_CIN_PIT,CIN,17,25,174,1,0,1,-6,0,0,0,174,10,5.79692646773765,,0,8,3,2,0,40,165,2,3,2,11,-9.99140211986378,0,6,3,0,0,17,0,174,1,0,0,0,0,10,13.132313569251,0,8,3,2,0,0,41,9,19,0,0,1,1,8,0,2,49,10,1,0,0,0,0,0,0,0,0,2,0,1,0,0,7,90,3,2,2,0,4,2,2,6,4,119,0,0,0,0,,,0,0,0,0,0,0,0,0,0,0,0,0,,,,0,0,0,4,4,0,0,1,0,0,0,0,0,5,0,56,227,1,0,0,1,0,4,28,0,179
2004,4,SF,REG,2004_04_STL_SF,LA,31,47,299,2,1,3,-25,1,1,0,299,20,4.15448305293126,,1,13,5,1,0,19,58,0,1,0,4,-3.5555267688469,0,1,0,0,0,31,0,299,2,0,0,0,0,20,26.9817034893497,1,13,5,1,0,0,45,0,18,0,0,0,0,0,0,0,0,3,0,0,0,0,0,0,0,0,0,1,0,0,0,0,5,30,5,2,0,0,2,1,2,23,5,96,0,0,0,0,,,0,0,0,0,0,0,0,0,0,0,0,0,,,,0,0,0,0,0,0,0,,0,0,0,0,0,3,0,47,109,2,0,0,1,1,1,3,0,86
2004,4,TB,REG,2004_04_DEN_TB,DEN,15,24,162,1,0,1,-3,0,0,0,162,7,4.19820291990188,,0,5,2,2,1,24,110,0,0,0,4,-0.857893922715448,0,4,3,0,0,15,0,162,1,1,1,0,0,7,6.39921253607074,0,5,2,2,1,0,32,20,20,0,0,1,0,0,0,0,0,7,0,1,0,0,0,0,0,0,0,1,0,0,0,0,9,97,6,1,1,0,2,1,1,2,5,119,2,2,0,0,30,1,0,1,1,0,0,0,0,0,0,0,0,0,28;30,,,58,0,0,1,1,0,0,1,0,0,0,0,0,5,0,50,221,4,0,0,0,3,2,19,0,202
2004,4,TEN,REG,2004_04_TEN_SD,LAC,39,58,278,2,0,3,-21,1,0,0,278,14,0.586387779425599,,0,7,4,3,0,18,72,0,0,0,5,1.10034076747252,0,2,2,0,0,39,0,278,2,0,0,0,0,14,19.7354074020404,0,7,4,3,0,0,29,10,10,0,0,0,1,8,0,0,0,2,0,1,0,0,0,0,0,0,0,2,0,0,0,0,4,25,5,1,1,0,2,0,2,0,6,101,1,1,0,0,24,1,0,1,0,0,0,0,0,0,0,0,0,0,24,,,24,0,0,2,2,0,0,1,0,0,0,0,0,6,0,52,232,2,1,1,0,1,3,10,0,222
2004,4,WAS,REG,2004_04_WAS_CLE,CLE,17,32,192,0,0,0,0,0,0,0,192,7,2.54630294298044,,0,8,2,2,1,25,73,1,1,1,6,-5.67454590962734,0,1,0,0,0,17,0,192,0,1,1,0,0,7,13.0219687296194,0,8,2,2,1,0,33,16,16,0,0,1,3,11,0,0,0,0,0,0,0,0,0,0,0,0,0,0,0,1,0,0,7,58,5,2,0,0,2,2,3,21,4,67,2,2,0,0,31,1,0,1,1,0,0,0,0,0,0,0,0,0,31;26,,,57,0,0,1,1,0,0,1,0,0,0,0,0,7,0,56,340,1,0,0,1,1,5,74,0,246
2004,5,ARI,REG,2004_05_ARI_SF,SF,19,34,231,3,1,2,-14,0,0,0,231,12,5.48026069524349,,0,8,6,5,0,29,103,1,0,0,6,2.47405036611599,0,4,2,0,0,19,0,231,3,0,0,0,0,12,22.1469366724486,0,8,6,5,0,0,54,3,27,0,0,3,5,26,0,0,0,10,0,1,0,0,0,0,0,0,0,1,0,2,0,0,8,60,4,1,0,0,1,0,4,36,6,100,0,0,0,0,,,0,0,0,0,0,0,0,0,0,0,0,0,,,,0,0,0,4,4,0,0,1,0,0,0,0,0,8,0,50,345,3,0,1,0,3,4,88,1,257
2004,5,ATL,REG,2004_05_DET_ATL,DET,20,31,220,0,1,6,-35,3,2,0,220,11,-15.2147482304597,,0,10,4,3,1,27,94,1,0,0,4,-3.61909670924069,0,2,0,0,0,20,0,220,0,0,0,0,0,11,11.7084724552817,0,10,4,3,1,0,43,8,8,0,0,0,3,20,0,0,0,1,0,1,0,0,0,0,0,0,0,1,0,0,0,0,8,74,5,3,1,0,4,3,4,66,3,55,1,1,0,0,27,1,0,1,0,0,0,0,0,0,0,0,0,0,27,,,27,0,0,1,1,0,0,1,0,0,0,0,0,5,0,56,227,2,0,1,1,1,2,2,0,205
2004,5,BAL,REG,2004_05_BAL_WAS,WAS,9,18,81,0,3,2,-5,0,0,0,81,4,-15.4019488470221,,0,3,2,2,0,43,156,0,0,0,9,-4.28571131453981,0,4,3,1,0,9,0,81,0,0,0,0,0,4,5.23816468007863,0,3,2,2,0,1,45,1,5,0,0,1,3,28,0,1,23,5,0,0,0,0,0,0,0,0,0,0,0,1,22,1,5,53,1,0,0,0,0,0,5,101,3,51,1,1,0,0,33,1,0,0,1,0,0,0,0,0,0,0,0,0,33,,,33,0,0,2,2,0,0,1,0,0,0,0,0,6,0,47,243,2,0,1,0,3,2,17,0,226
2004,5,BUF,REG,2004_05_BUF_NYJ,NYJ,16,29,197,2,1,4,-25,0,0,0,197,10,4.21460593136726,,0,10,5,2,1,22,80,0,1,0,6,-4.53708102740347,0,3,3,1,0,16,0,197,2,0,0,0,0,10,16.9737652267795,0,10,5,2,1,0,37,22,22,0,0,2,2,6,0,1,3,3,0,0,0,0,0,0,0,0,0,1,-5,1,12,0,7,83,3,0,1,0,1,0,1,6,3,69,0,0,0,0,,,0,0,0,0,0,0,0,0,0,0,0,0,,,,0,0,0,2,2,0,0,1,0,0,0,0,0,7,0,46,256,2,1,3,0,0,3,40,0,216
2004,5,CAR,REG,2004_05_CAR_DEN,DEN,13,20,173,1,0,1,-10,0,0,0,173,5,5.43186722858809,,0,6,5,5,1,26,64,1,1,0,6,-2.64572246663559,0,1,0,0,0,13,0,173,1,0,0,0,0,5,11.5051077198004,0,6,5,5,1,0,40,4,24,0,0,0,1,2,0,2,101,2,0,0,0,0,0,0,0,0,0,1,-8,0,0,0,9,88,3,0,1,0,1,0,3,30,1,16,1,2,1,0,53,0.5,0,0,0,0,1,0,0,0,0,0,1,0,53,52,,53,52,0,2,2,0,0,1,0,0,0,0,0,5,0,58,241,4,0,2,0,1,2,10,0,231
2004,5,CLE,REG,2004_05_CLE_PIT,PIT,16,34,210,1,0,3,-12,1,1,0,210,7,-4.40936158779624,,0,7,5,3,1,20,98,0,0,0,8,2.87141871755011,0,5,2,0,0,16,0,210,1,0,0,0,0,7,14.0355059507212,0,7,5,3,1,0,40,19,25,0,0,1,0,0,0,1,20,3,1,0,0,0,0,0,0,0,0,0,0,0,0,0,8,54,6,1,0,0,1,1,2,12,6,91,3,3,0,0,46,1,0,1,1,1,0,0,0,0,0,0,0,0,24;34;46,,,104,0,0,2,2,0,0,1,0,0,0,0,0,5,0,53,203,1,0,0,0,1,4,12,0,191
2004,5,DAL,REG,2004_05_NYG_DAL,NYG,15,25,126,1,1,2,-14,0,0,0,126,6,-5.18087114038217,,0,5,1,0,0,30,166,0,1,0,8,0.533406025380828,0,4,4,1,0,15,0,126,1,1,1,0,0,6,6.15594592597336,0,5,1,0,0,0,47,0,8,0,0,2,3,6,0,0,0,6,0,0,0,0,0,0,0,0,0,1,0,1,0,0,11,74,1,2,0,0,2,1,2,17,7,144,1,2,1,0,41,0.5,0,0,0,1,0,0,0,0,0,0,1,0,41,52,,41,52,0,1,1,0,0,1,0,0,0,0,0,3,0,48,112,1,0,0,0,1,2,4,0,108
2004,5,DEN,REG,2004_05_CAR_DEN,CAR,17,29,226,2,2,1,-2,0,0,0,226,12,-3.06501462604408,,0,11,4,3,0,37,210,0,0,0,8,2.67658388719428,0,4,4,2,0,17,0,226,2,0,0,0,0,12,18.6297200524132,0,11,4,3,0,0,29,7,19,0,0,0,1,10,0,0,0,4,0,0,0,0,0,0,0,0,0,0,0,0,0,0,4,37,3,0,0,0,0,0,2,10,2,21,2,2,0,0,33,1,0,0,2,0,0,0,0,0,0,0,0,0,32;33,,,65,0,0,2,2,0,0,1,0,0,0,0,0,3,0,53,153,0,0,0,0,0,3,30,0,123
2004,5,DET,REG,2004_05_DET_ATL,ATL,16,24,146,1,0,3,-20,0,0,0,146,7,0.968390332371418,,0,6,2,1,0,33,101,1,0,0,5,-1.07163968321402,0,2,2,1,0,16,0,146,1,0,0,0,0,7,13.5009568680543,0,6,2,1,0,0,52,1,1,0,0,3,6,35,0,1,33,3,0,0,0,0,0,0,0,0,0,0,0,3,0,0,12,80,3,0,0,0,0,0,2,2,2,34,1,2,1,0,23,0.5,0,1,0,0,0,0,0,0,0,1,0,0,23,48,,23,48,0,2,2,0,0,1,0,0,0,0,0,7,0,58,308,2,1,0,1,1,4,66,0,222
2004,5,GB,REG,2004_05_TEN_GB,TEN,31,52,402,3,3,0,0,0,0,0,402,19,10.1489003100556,,0,17,7,5,2,11,35,0,1,1,2,-8.29631350173968,0,2,2,0,0,31,0,402,3,1,1,0,0,19,27.9435687498772,0,17,7,5,2,0,42,21,25,0,0,1,0,0,0,0,0,2,0,1,0,0,0,1,0,0,0,1,16,0,0,0,3,15,6,2,2,0,4,3,2,1,9,172,2,2,0,0,53,1,0,0,1,0,1,0,0,0,0,0,0,0,39;53,,,92,0,0,3,3,0,0,1,0,0,0,0,0,2,0,46,68,1,0,0,0,1,1,7,0,61
2004,5,HOU,REG,2004_05_MIN_HOU,MIN,27,43,372,3,0,4,-14,0,0,0,372,16,16.8755850765156,,0,15,11,6,0,17,52,1,0,0,3,-3.17635955486912,0,1,1,0,0,27,0,372,3,0,0,0,0,16,34.7875231869984,0,15,11,6,0,0,45,20,24,0,0,0,3,8,0,0,0,10,0,0,0,0,0,0,0,0,0,0,0,0,0,0,11,88,5,0,0,0,0,0,4,46,5,123,0,0,0,0,,,0,0,0,0,0,0,0,0,0,0,0,0,,,,0,0,0,4,4,0,0,1,0,0,0,0,0,7,0,54,327,1,0,1,2,2,2,17,0,270
2004,5,IND,REG,2004_05_OAK_IND,LV,16,26,198,3,1,1,-10,0,0,0,198,12,6.81340641056195,,0,8,5,4,0,40,150,1,0,0,8,-2.73172638166579,0,4,3,0,0,16,0,198,3,0,0,0,0,12,21.7412297431147,0,8,5,4,0,0,34,18,18,0,0,2,4,29,0,3,34,7,1,0,0,0,0,0,0,0,0,0,0,0,0,0,2,20,1,0,0,0,0,0,2,21,2,56,0,1,1,0,,0,0,0,0,0,0,0,0,0,0,1,0,0,,44,,0,44,0,5,5,0,0,1,0,0,0,0,0,3,0,62,156,2,0,1,0,0,2,13,0,143
2004,5,JAX,REG,2004_05_JAX_SD,LAC,36,54,357,1,2,3,-8,0,0,0,357,19,2.59079726712662,,0,15,4,4,0,18,80,2,0,0,6,7.8821851228131,0,1,1,0,0,36,0,357,1,1,1,0,0,19,21.644263012131,0,15,4,4,0,0,33,20,20,0,0,0,0,0,0,0,0,1,0,0,0,0,0,0,0,0,0,0,0,0,0,0,5,33,6,1,0,0,1,1,1,1,7,122,0,0,0,0,,,0,0,0,0,0,0,0,0,0,0,0,0,,,,0,0,0,3,3,0,0,1,0,0,0,0,0,3,0,47,116,0,1,0,0,2,0,0,0,116
2004,5,LA,REG,2004_05_STL_SEA,SEA,24,42,325,3,3,2,-8,0,0,0,325,15,12.3853638869674,,0,12,8,6,2,24,124,1,0,0,5,2.47208888991736,0,2,2,1,1,24,0,325,3,0,0,0,0,15,32.365463485763,0,12,8,6,2,0,42,15,15,0,0,1,1,12,0,0,0,2,0,0,0,0,0,0,0,0,0,0,0,0,0,0,5,45,6,0,0,0,0,0,2,39,7,122,2,2,0,0,39,1,0,0,2,0,0,0,0,0,0,0,0,0,39;36,,,75,0,0,3,3,0,0,1,0,0,0,0,0,4,0,50,161,2,0,0,0,3,1,6,0,155
2004,5,LAC,REG,2004_05_JAX_SD,JAX,17,26,211,2,0,1,-1,0,0,0,211,10,13.3711110201806,,0,7,4,3,1,35,176,2,0,0,8,1.31202577133081,0,4,3,3,1,17,0,211,2,0,0,0,0,10,22.8857353428029,0,7,4,3,1,0,45,17,17,0,0,1,3,8,0,2,40,6,0,0,0,0,0,0,0,0,0,0,0,1,0,0,4,44,1,0,0,0,0,0,0,0,4,93,2,2,0,0,28,1,0,2,0,0,0,0,0,0,0,0,0,0,21;28,,,49,0,0,4,4,0,0,1,0,0,0,0,0,4,0,48,166,4,0,0,0,3,1,1,0,165
2004,5,LV,REG,2004_05_OAK_IND,IND,28,44,245,1,3,4,-29,1,0,0,245,11,-13.8989377141406,,0,10,2,2,0,13,53,1,0,0,6,0.669335899932776,0,1,1,0,0,28,0,245,1,1,0,0,0,11,12.8835736714827,0,10,2,2,0,0,41,17,17,0,0,0,1,10,0,1,0,3,0,0,0,0,0,0,0,0,0,2,0,0,0,0,9,59,6,2,0,0,2,0,2,13,6,120,0,0,0,0,,,0,0,0,0,0,0,0,0,0,0,0,0,,,,0,0,0,2,2,0,0,1,0,0,0,0,0,4,0,64,222,2,0,1,1,0,2,21,0,181
2004,5,MIA,REG,2004_05_MIA_NE,NE,21,43,257,1,1,3,-29,0,0,0,257,12,-3.99403005501613,,0,10,4,3,1,26,67,0,1,1,2,-9.66619753726991,0,1,1,0,0,21,0,257,1,1,0,0,0,12,24.6061123554246,0,10,4,3,1,0,20,25,25,0,0,0,1,7,0,1,0,4,0,0,0,0,0,0,0,0,0,2,0,0,0,0,12,86,4,2,1,0,3,1,5,41,5,101,1,1,0,0,29,1,0,1,0,0,0,0,0,0,0,0,0,0,29,,,29,0,0,1,1,0,0,1,0,0,0,0,0,3,0,46,120,0,0,0,1,0,2,13,0,87
2004,5,MIN,REG,2004_05_MIN_HOU,HOU,36,50,396,5,0,3,-8,0,0,0,396,21,20.7958401521319,,0,13,7,6,2,26,122,0,0,0,4,1.42801019293256,0,2,2,0,0,36,0,396,5,0,0,0,0,21,33.5711819886928,0,13,7,6,2,0,34,13,25,0,0,0,4,14,0,0,0,6,0,0,0,0,0,0,0,0,0,0,0,0,0,0,10,75,6,0,0,0,0,0,2,17,5,95,0,0,0,0,,,0,0,0,0,0,0,0,0,0,0,0,0,,,,0,0,0,4,4,0,0,1,0,0,0,0,0,8,0,52,325,3,0,1,0,3,4,46,0,279
2004,5,NE,REG,2004_05_MIA_NE,MIA,7,19,76,2,1,1,-7,0,0,0,76,7,-1.02252838277491,,0,3,1,1,0,38,135,1,0,0,3,-5.45005691046267,0,3,3,1,0,7,0,76,2,0,0,0,0,7,11.9394457479357,0,3,1,1,0,0,34,25,25,0,0,2,3,29,0,1,10,6,0,0,0,0,0,0,0,0,0,0,0,1,0,0,7,55,2,0,0,0,0,0,2,13,2,40,1,2,1,0,40,0.5,0,0,0,1,0,0,0,0,0,1,0,0,40,47,,40,47,0,3,3,0,0,1,0,0,0,0,0,5,0,51,216,0,0,0,0,0,5,41,0,175
2004,5,NO,REG,2004_05_TB_NO,TB,11,23,106,2,1,0,0,0,0,0,106,7,-3.45062317822926,,0,4,3,2,0,29,145,0,2,1,8,-5.74732285295613,0,4,4,1,0,11,0,106,2,0,0,0,0,7,9.71590733749326,0,4,3,2,0,0,34,19,19,0,0,2,4,24,0,0,0,4,0,0,0,0,0,0,0,0,0,1,0,1,0,0,8,60,5,2,0,0,2,1,3,25,5,57,1,1,0,0,47,1,0,0,0,1,0,0,0,0,0,0,0,0,47,,,47,0,0,2,2,0,0,1,0,0,0,0,0,5,0,54,220,3,0,1,0,3,1,5,0,215
2004,5,NYG,REG,2004_05_NYG_DAL,DAL,18,33,217,1,0,3,-6,1,0,0,217,9,8.80366187538547,,0,8,5,1,1,26,125,1,0,0,5,3.33962169754903,0,1,1,1,1,18,0,217,1,1,1,0,0,9,14.9390361981281,0,8,5,1,1,0,49,1,11,0,0,2,2,14,0,1,9,3,0,0,0,0,0,0,0,0,0,1,0,1,0,0,9,60,4,2,0,0,2,1,2,4,3,68,4,4,0,0,51,1,0,1,1,1,1,0,0,0,0,0,0,0,31;51;47;26,,,155,0,0,2,2,0,0,1,0,0,0,0,0,3,0,53,128,1,0,0,0,1,2,17,0,111
2004,5,NYJ,REG,2004_05_BUF_NYJ,BUF,31,42,304,1,1,2,-6,1,0,0,304,18,9.67284027747268,,0,13,6,3,1,23,85,0,0,0,4,-3.38598930966453,0,1,0,0,0,31,0,304,1,1,1,0,0,18,17.3298345288929,0,13,6,3,1,0,31,15,15,0,0,0,4,25,0,1,12,6,0,0,0,0,0,0,0,0,0,1,0,0,0,0,8,45,3,2,0,0,2,1,3,40,2,43,3,4,1,0,38,0.75,0,0,3,0,0,0,0,1,0,0,0,0,37;36;38,29,,111,29,0,1,1,0,0,1,0,0,0,0,0,3,0,33,90,1,0,1,0,1,1,6,0,84
2004,5,PIT,REG,2004_05_CLE_PIT,CLE,16,21,231,1,1,0,0,0,0,0,231,12,7.09365371741368,,0,11,5,2,1,43,170,3,0,0,8,-3.65523422328988,0,3,2,1,0,16,0,231,1,0,0,0,0,12,16.3886938112564,0,11,5,2,1,0,35,9,11,0,0,1,3,12,0,0,0,9,0,0,0,0,0,0,0,0,0,0,0,1,0,0,6,63,3,1,0,1,1,0,4,12,6,135,2,2,0,0,47,1,0,1,0,1,0,0,0,0,0,0,0,0,47;26,,,73,0,0,4,4,0,0,1,0,0,0,0,0,4,0,51,179,0,0,1,1,0,2,12,0,147
2004,5,SEA,REG,2004_05_STL_SEA,LA,20,35,216,2,0,1,-12,1,0,0,216,12,6.07233314978351,,0,8,3,3,1,30,187,1,0,0,7,5.11107014346635,0,5,4,3,1,20,0,216,2,0,0,0,0,12,17.0535025656531,0,8,3,3,1,0,38,15,15,0,0,0,2,8,0,3,5,9,0,0,0,0,0,0,0,0,0,1,0,0,0,0,5,40,3,1,0,0,1,0,1,6,6,113,2,3,1,0,48,0.666666666666667,0,0,1,1,0,0,0,0,0,1,0,0,48;34,43,,82,43,0,3,3,0,0,1,0,0,0,0,0,5,0,50,177,0,0,2,0,1,2,39,0,138
2004,5,SF,REG,2004_05_ARI_SF,ARI,38,57,417,2,0,5,-26,2,1,0,417,22,12.6302617227161,,1,21,8,3,0,19,57,0,1,1,3,-10.2946707831441,1,1,1,0,0,38,0,417,2,0,0,0,0,22,34.8451542715195,1,21,8,3,0,1,50,2,12,0,0,1,2,14,0,1,1,9,0,0,0,0,0,0,0,0,0,2,-7,0,0,0,11,85,3,3,1,0,4,2,4,88,5,63,3,3,0,0,42,1,0,0,2,1,0,0,0,0,0,0,0,0,37;42;32,,,111,0,0,0,0,0,0,,1,1,0,0,32,6,0,57,254,1,0,2,0,0,4,36,0,218
2004,5,TB,REG,2004_05_TB_NO,NO,21,27,262,1,0,4,-24,2,1,0,262,11,5.90738614069237,,0,11,7,4,1,26,81,0,0,0,5,-2.00394019117812,0,2,1,0,0,21,0,262,1,0,0,0,0,11,18.8813736237971,0,11,7,4,1,0,39,9,9,0,0,2,0,0,0,1,10,6,0,0,0,0,0,0,0,0,0,1,0,1,18,1,11,65,5,2,0,0,2,1,1,5,4,108,2,3,1,0,53,0.666666666666667,0,1,0,0,1,0,0,0,0,1,0,0,23;53,41,,76,41,0,2,2,0,0,1,0,0,0,0,0,3,0,48,139,0,0,0,0,0,3,25,0,114
2004,5,TEN,REG,2004_05_TEN_GB,GB,16,27,232,3,0,0,0,0,0,0,232,12,20.5841941842889,,0,10,5,5,0,44,224,3,1,0,10,4.52625414137522,0,7,7,2,0,16,0,232,3,0,0,0,0,12,28.7115787105286,0,10,5,5,0,0,44,5,5,0,0,2,0,0,0,3,44,8,0,0,0,0,0,0,0,0,0,1,0,3,28,0,12,105,2,1,0,0,1,0,1,7,5,76,2,3,0,1,38,0.666666666666667,0,0,2,0,0,0,0,0,0,0,0,0,36;38,,42,74,0,42,6,6,0,0,1,0,0,0,0,0,4,0,49,152,2,0,1,0,1,2,1,0,151
2004,5,WAS,REG,2004_05_BAL_WAS,BAL,13,29,83,1,1,3,-28,1,1,0,83,6,-15.3851772357593,,0,2,0,0,0,26,52,0,0,0,2,-9.44190323499307,0,0,0,0,0,13,0,83,1,0,0,0,0,6,9.68518984760158,0,2,0,0,0,0,47,5,13,0,0,0,2,5,0,3,51,4,0,0,0,0,0,0,0,0,0,1,0,0,0,0,2,22,3,1,1,0,2,1,2,17,2,29,1,1,0,0,26,1,0,1,0,0,0,0,0,0,0,0,0,0,26,,,26,0,0,1,1,0,0,1,0,0,0,0,0,9,0,55,343,3,2,1,0,1,5,101,1,242
2004,6,ATL,REG,2004_06_SD_ATL,LAC,12,21,218,2,1,3,-12,0,0,0,218,7,3.50225494982442,,0,7,7,5,1,25,93,1,1,1,6,-7.20195067871828,0,2,1,0,0,12,0,218,2,0,0,0,0,7,14.9692309212405,0,7,7,5,1,0,53,3,3,0,0,1,1,4,0,1,2,3,0,0,0,0,0,0,0,0,0,0,0,0,0,0,4,26,1,0,1,0,1,1,1,17,4,58,0,0,0,0,,,0,0,0,0,0,0,0,0,0,0,0,0,,,,0,0,0,3,3,0,0,1,0,0,0,0,0,5,0,45,196,3,0,0,0,5,0,0,0,196
2004,6,BUF,REG,2004_06_MIA_BUF,MIA,15,28,212,1,0,1,-8,0,0,0,212,12,10.4754187682773,,0,10,6,3,0,31,137,0,0,0,4,-7.62302092249115,0,2,2,1,0,15,0,212,1,0,0,0,0,12,21.7433330590099,0,10,6,3,0,0,27,13,25,0,0,3,5,35,0,1,11,6,1,0,0,0,0,0,0,0,0,0,0,0,0,0,7,60,2,0,0,0,0,0,1,7,4,73,2,3,1,0,43,0.666666666666667,0,1,0,1,0,0,0,0,0,1,0,0,43;20,43,,63,43,0,2,2,0,0,1,0,0,0,0,0,3,0,59,159,0,0,0,2,0,1,5,0,114
2004,6,CAR,REG,2004_06_CAR_PHI,PHI,24,42,205,1,4,2,-19,0,0,0,205,12,-10.0742553242161,,1,10,2,2,0,31,158,0,0,0,9,0.86165775108384,0,4,3,0,0,24,0,205,1,0,0,0,0,12,16.2557061195404,1,10,2,2,0,0,32,2,4,0,0,0,1,7,0,1,0,6,0,0,0,0,0,0,0,0,0,0,0,0,0,0,8,45,6,0,0,0,0,0,1,0,5,92,0,0,0,0,,,0,0,0,0,0,0,0,0,0,0,0,0,,,,0,0,0,0,0,0,0,,0,0,0,0,0,6,0,50,211,4,0,2,2,2,0,0,0,171
2004,6,CHI,REG,2004_06_WAS_CHI,WAS,10,22,65,0,1,4,-31,0,0,0,65,3,-19.2478938199968,,0,3,1,0,0,28,126,0,0,0,5,-2.60241074330406,0,2,2,1,0,10,0,65,0,0,0,0,0,3,-1.81435141695352,0,3,1,0,0,0,44,16,16,0,0,0,1,2,0,1,70,5,1,0,0,0,0,0,0,0,0,0,0,0,0,0,7,65,6,0,0,0,0,0,7,67,4,90,1,1,0,0,46,1,0,0,0,1,0,0,0,0,0,0,0,0,46,,,46,0,0,1,1,0,0,1,0,0,0,0,0,10,0,58,446,3,3,1,1,3,2,1,0,425
2004,6,CIN,REG,2004_06_CIN_CLE,CLE,20,36,148,1,1,3,-17,0,0,0,148,8,-9.29614176865667,,0,4,2,1,0,18,58,0,0,0,2,-3.11290262953844,0,1,0,0,0,20,0,148,1,0,0,0,0,8,9.11088296299567,0,4,2,1,0,0,36,29,29,0,0,1,1,0,0,2,23,3,0,0,0,0,0,0,0,0,0,0,0,2,3,1,10,75,4,0,0,0,0,0,2,2,3,79,1,2,1,0,32,0.5,0,0,1,0,0,0,0,0,0,1,0,0,32,44,,32,44,0,2,2,0,0,1,0,0,0,0,0,8,0,52,335,1,1,2,0,1,4,28,0,307
2004,6,CLE,REG,2004_06_CIN_CLE,CIN,16,23,310,4,2,1,0,0,0,0,310,9,15.6556324484242,,0,9,3,3,3,46,139,0,2,2,10,-17.3014148584878,0,2,2,1,0,16,0,310,4,0,0,0,0,9,27.9840934236418,0,9,3,3,3,0,31,13,13,0,0,0,3,17,0,1,0,7,0,0,0,0,0,0,0,0,0,0,0,0,0,0,6,50,3,1,1,0,2,2,4,28,4,76,2,2,0,0,33,1,0,1,1,0,0,0,0,0,0,0,0,0,23;33,,,56,0,0,4,4,0,0,1,0,0,0,0,0,4,0,39,143,1,1,1,0,0,2,2,0,141
2004,6,DAL,REG,2004_06_PIT_DAL,PIT,23,36,284,1,0,5,-36,2,1,0,284,12,0.70885237534423,,0,12,7,5,1,21,100,1,0,0,7,1.70370498282136,0,4,3,1,0,23,0,284,1,1,0,0,0,12,17.4728032021958,0,13,7,5,1,0,50,0,14,0,0,1,3,21,0,0,0,0,0,0,0,0,0,0,0,0,0,1,0,0,0,0,5,30,5,3,0,1,3,1,2,15,4,72,2,2,0,0,47,1,0,0,1,1,0,0,0,0,0,0,0,0,47;39,,,86,0,0,2,2,0,0,1,0,0,0,0,0,4,0,58,201,1,0,0,0,2,2,21,0,180
2004,6,DEN,REG,2004_06_DEN_OAK,LV,11,20,190,3,1,0,0,0,0,0,190,9,11.6772960772505,,0,9,5,5,0,51,254,1,0,0,14,-1.61738996453509,0,8,6,1,0,11,0,190,3,0,0,0,0,9,21.5720229904982,0,9,5,5,0,0,33,8,10,0,0,1,4,22,0,1,2,3,0,0,0,0,0,0,0,0,0,0,0,1,5,0,9,85,3,0,0,0,0,0,4,59,1,19,1,1,0,0,33,1,0,0,1,0,0,0,0,0,0,0,0,0,33,,,33,0,0,4,4,0,0,1,0,0,0,0,0,2,0,38,64,0,0,1,0,1,0,0,0,64
2004,6,DET,REG,2004_06_GB_DET,GB,12,23,101,1,1,1,-9,0,0,0,101,4,-14.5250575635582,,0,3,2,2,0,16,33,0,1,0,1,-8.56008748271385,0,0,0,0,0,12,0,101,1,0,0,0,0,4,4.97584393096622,0,3,2,2,0,0,45,1,33,0,0,0,0,0,0,0,0,7,0,0,0,0,0,0,0,0,0,1,-6,0,0,0,2,20,1,0,1,0,1,0,2,48,6,182,1,1,0,0,48,1,0,0,0,1,0,0,0,0,0,0,0,0,48,,,48,0,0,1,1,0,0,1,0,0,0,0,0,7,0,51,298,1,0,0,0,4,3,32,0,266
2004,6,GB,REG,2004_06_GB_DET,DET,26,39,277,3,0,0,0,0,0,0,277,15,17.1972179177626,,0,12,5,3,1,39,157,1,0,0,12,0.716918023303151,0,3,1,0,0,26,0,277,3,0,0,0,0,15,26.7058726928663,0,12,5,3,1,0,34,0,4,0,0,0,1,9,0,1,36,4,1,0,0,0,0,0,0,0,0,1,0,0,0,0,3,15,1,0,1,0,1,0,3,32,1,16,1,1,0,0,50,1,0,0,0,0,1,0,0,0,0,0,0,0,50,,,50,0,0,5,5,0,0,1,0,0,0,0,0,5,0,54,217,0,1,0,1,1,2,48,0,149
2004,6,HOU,REG,2004_06_HOU_TEN,TEN,16,26,266,1,1,2,-19,1,1,0,266,14,2.89064809267273,,0,11,7,6,1,37,98,1,1,0,4,-3.97402520338752,0,2,1,0,0,16,0,266,1,0,0,0,0,14,23.7556026942968,0,11,7,6,1,0,39,10,10,0,0,0,1,6,0,4,14,9,0,0,0,0,0,0,0,0,0,1,-1,0,0,0,4,19,3,1,1,0,2,1,4,28,3,61,2,2,0,0,50,1,0,1,0,0,1,0,0,0,0,0,0,0,21;50,,,71,0,0,2,2,0,0,1,0,0,0,0,0,5,0,48,193,3,0,1,0,2,2,16,0,177
2004,6,JAX,REG,2004_06_KC_JAX,KC,24,36,298,2,0,4,-21,0,0,0,298,14,9.29381871480799,,1,12,4,4,1,23,101,1,0,0,4,1.50461373472353,0,4,2,0,0,24,0,298,2,0,0,0,0,14,24.0329163928838,1,12,4,4,1,0,51,1,9,0,0,3,6,42,0,1,0,3,0,0,0,0,0,0,0,0,0,0,0,0,0,0,5,46,5,0,0,0,0,0,2,27,4,67,0,1,1,0,,0,0,0,0,0,0,0,0,0,0,0,1,0,,51,,0,51,0,2,2,0,0,1,0,0,0,0,0,5,0,56,230,2,0,2,0,0,3,6,0,224
2004,6,KC,REG,2004_06_KC_JAX,JAX,23,33,315,2,1,6,-42,3,0,0,315,15,12.0319946194802,,0,14,8,5,1,21,77,0,0,0,3,-0.841750089121998,0,0,0,0,0,23,0,315,2,0,0,0,0,15,25.0951378288446,0,14,8,5,1,0,49,2,10,0,0,0,4,21,0,0,0,4,0,0,0,0,0,0,0,0,0,3,0,0,0,0,5,30,3,3,0,0,3,0,3,6,4,60,1,2,1,0,31,0.5,0,0,1,0,0,0,0,0,0,1,0,0,31,42,,31,42,0,1,2,1,0,0.5,0,0,0,0,0,5,0,50,212,2,0,1,1,1,2,27,0,165
2004,6,LA,REG,2004_06_TB_STL,TB,18,30,264,2,1,4,-34,1,1,0,264,10,-0.631387093904357,,0,9,6,5,1,30,94,1,0,0,4,-3.49481746138943,0,0,0,0,0,18,0,264,2,0,0,0,0,10,22.8662145923008,0,9,6,5,1,0,49,5,5,0,0,2,2,9,0,1,0,5,0,0,0,0,0,0,0,0,0,0,0,3,95,1,7,50,6,1,0,0,1,1,2,-5,4,84,0,2,2,0,,0,0,0,0,0,0,0,0,0,0,1,1,0,,56;44,,0,100,0,4,4,0,0,1,0,0,0,0,0,5,0,63,251,2,0,2,1,1,1,14,0,217
2004,6,LAC,REG,2004_06_SD_ATL,ATL,23,31,227,1,1,1,-4,0,0,0,227,11,3.7981890513926,,0,9,4,3,0,31,95,1,0,0,6,-4.47142815613188,0,2,1,0,0,23,0,227,1,1,0,0,0,11,14.095788509112,0,9,4,3,0,0,37,1,1,0,0,0,3,12,0,1,3,4,0,0,0,0,0,0,0,0,0,0,0,1,7,0,11,69,6,1,0,1,1,0,0,0,4,103,2,2,0,0,53,1,0,1,0,0,1,0,0,0,0,0,0,0,53;28,,,81,0,0,2,2,0,0,1,0,0,0,0,0,5,0,51,217,2,0,2,0,2,1,17,0,200
2004,6,LV,REG,2004_06_DEN_OAK,DEN,15,31,136,0,1,4,-22,0,0,0,136,5,-9.64672346621264,,0,6,2,1,0,16,31,0,0,0,2,-7.14391079370398,0,1,0,0,0,15,1,136,0,1,1,0,0,5,3.98602445964934,0,6,2,1,0,0,47,18,18,0,0,0,0,0,0,1,23,3,0,0,0,0,0,0,0,0,0,0,0,0,0,0,9,81,0,1,0,0,1,1,0,0,6,103,1,1,0,0,35,1,0,0,1,0,0,0,0,0,0,0,0,0,35,,,35,0,0,0,0,0,0,,0,0,0,0,0,7,0,65,333,1,0,1,2,0,4,59,0,234
2004,6,MIA,REG,2004_06_MIA_BUF,BUF,12,23,136,1,1,5,-35,1,0,0,136,7,-7.45037693159713,,0,6,3,3,0,25,111,0,1,0,5,-1.49822274968028,0,4,2,1,0,12,0,136,1,1,0,0,0,7,12.59460794068,0,6,3,3,0,0,28,15,29,0,0,0,1,8,0,0,0,2,0,1,0,0,0,0,0,0,0,4,0,0,0,0,3,21,5,3,1,0,4,0,1,5,4,80,2,2,0,0,47,1,0,1,0,1,0,0,0,0,0,0,0,0,47;28,,,75,0,0,1,1,0,0,1,0,0,0,0,0,5,0,67,187,2,3,0,1,0,1,7,0,160
2004,6,MIN,REG,2004_06_MIN_NO,NO,26,38,425,5,2,2,-8,0,0,0,425,19,29.4763150515122,,0,16,12,9,2,28,188,0,1,0,8,-6.37729862687411,0,6,5,2,1,26,0,425,5,1,0,0,0,19,44.845439611061,0,16,12,9,2,0,40,13,13,0,0,1,3,23,0,1,56,6,0,1,0,0,0,0,0,0,0,2,-27,0,0,0,5,35,3,1,3,1,4,1,2,11,6,97,1,1,0,0,39,1,0,0,1,0,0,0,0,0,0,0,0,0,39,,,39,0,0,5,5,0,0,1,0,0,0,0,0,0,0,,0,0,0,0,0,0,0,0,0,0
2004,6,NE,REG,2004_06_SEA_NE,SEA,19,30,231,1,1,1,-7,0,0,0,231,12,6.18834181388953,,0,11,4,2,1,33,138,2,1,1,8,0.758255081636825,0,2,1,0,0,19,0,231,1,0,0,0,0,12,17.3615035471739,0,11,4,2,1,0,35,23,23,0,0,1,3,8,0,2,27,7,0,0,0,0,0,0,0,0,0,0,0,0,0,0,6,46,6,1,0,0,1,1,2,15,5,118,3,3,0,0,40,1,0,0,2,1,0,0,0,0,0,0,0,0,40;39;30,,,109,0,0,3,3,0,0,1,0,0,0,0,0,2,0,52,81,2,0,0,0,1,1,0,0,81
2004,6,NO,REG,2004_06_MIN_NO,MIN,22,38,249,1,1,3,-23,1,0,0,249,13,-2.93920899927616,,0,9,6,3,0,23,159,3,0,0,10,11.7025265957813,0,4,4,1,1,22,0,249,1,0,0,0,0,13,21.4717444081325,0,9,6,3,0,0,45,12,12,0,0,1,2,8,0,2,0,6,0,0,0,0,0,0,0,0,0,1,0,1,44,0,4,21,5,1,0,0,1,0,0,0,7,146,1,1,0,0,45,1,0,0,0,1,0,0,0,0,0,0,0,0,45,,,45,0,0,4,4,0,0,1,0,0,0,0,0,4,0,51,183,1,0,2,0,0,2,11,0,172
2004,6,NYJ,REG,2004_06_SF_NYJ,SF,20,30,222,0,0,0,0,0,0,0,222,11,1.06979045446247,,0,8,5,3,0,32,152,3,0,0,10,4.92302317560837,0,5,2,0,0,20,0,222,0,0,0,0,0,11,9.68319157765666,0,8,5,3,0,0,32,18,18,0,0,1,3,14,0,1,14,3,0,0,0,0,0,0,0,0,0,0,0,1,0,0,4,29,3,0,0,0,0,0,4,44,3,82,1,1,0,0,43,1,0,0,0,1,0,0,0,0,0,0,0,0,43,,,43,0,0,1,1,0,0,1,0,0,0,0,0,6,0,57,232,2,0,2,1,2,1,6,0,206
2004,6,PHI,REG,2004_06_CAR_PHI,CAR,14,26,209,0,1,1,-7,0,0,0,209,7,1.05772955606242,,0,6,3,3,2,20,81,2,0,0,2,-0.235438417294063,0,1,1,1,1,14,0,209,0,0,0,0,0,7,13.6489033143493,0,6,3,3,2,0,56,0,12,0,0,0,2,19,0,4,84,11,1,0,0,0,0,0,0,0,0,0,0,0,0,0,4,38,1,0,0,0,0,0,0,0,1,66,3,3,0,0,48,1,0,0,1,2,0,0,0,0,0,0,0,0,48;34;43,,,125,0,0,3,3,0,0,1,0,0,0,0,0,4,0,52,164,1,0,1,1,1,1,0,0,144
2004,6,PIT,REG,2004_06_PIT_DAL,DAL,21,25,193,2,0,3,-21,0,0,0,193,14,10.2008794231556,,0,9,1,1,0,29,125,1,0,0,6,1.53122051947867,0,2,1,1,0,21,0,193,2,0,0,0,0,14,17.4315766641521,0,9,1,1,0,0,49,0,2,0,0,3,5,36,0,0,0,4,0,0,0,0,0,0,0,0,0,1,0,1,21,0,6,45,3,1,0,0,1,0,2,21,5,68,1,1,0,0,51,1,0,0,0,0,1,0,0,0,0,0,0,0,51,,,51,0,0,3,3,0,0,1,0,0,0,0,0,5,0,51,215,2,0,0,0,3,2,15,0,200
2004,6,SEA,REG,2004_06_SEA_NE,NE,27,50,349,0,2,3,-8,0,0,0,349,18,0.726974190261962,,1,17,8,5,0,21,102,1,1,0,3,-1.4772642190801,0,1,1,0,0,27,0,349,0,0,0,0,0,18,27.3877376398616,1,17,8,5,0,0,29,26,26,0,0,1,1,7,0,1,0,4,0,0,0,0,0,0,0,0,0,1,0,1,0,0,6,50,5,1,0,0,1,0,1,0,7,171,4,4,0,0,40,1,0,1,2,1,0,0,0,0,0,0,0,0,33;40;28;31,,,132,0,0,0,0,0,0,,0,0,0,0,0,3,0,42,114,0,0,0,0,1,2,15,0,99
2004,6,SF,REG,2004_06_SF_NYJ,NYJ,18,28,286,1,1,3,-14,1,0,0,286,11,8.0872100807901,,0,9,6,5,1,27,99,1,1,0,7,-4.94651688501472,0,3,2,0,0,18,0,286,1,0,0,0,0,11,25.1494585491746,0,9,6,5,1,0,33,24,24,0,0,0,0,0,0,0,0,2,0,0,0,0,0,0,0,0,0,2,-8,0,0,0,7,61,4,1,2,0,3,1,1,6,4,73,0,0,0,0,,,0,0,0,0,0,0,0,0,0,0,0,0,,,,0,0,0,2,2,0,0,1,0,0,0,0,0,7,0,53,277,3,0,0,1,2,4,44,0,213
2004,6,TB,REG,2004_06_TB_STL,LA,27,40,286,2,1,2,-9,0,0,0,286,13,14.3231179262868,,0,12,5,3,1,22,55,1,1,1,4,-22.3562356285984,0,1,1,0,0,27,0,286,2,1,1,0,0,13,23.9300173095888,0,12,5,3,1,0,52,4,4,0,0,1,4,34,0,1,31,3,0,0,0,0,0,0,0,0,0,0,-2,1,0,0,3,12,6,2,1,0,3,3,1,14,4,152,0,2,2,0,,0,0,0,0,0,0,0,0,0,1,1,0,0,,35;48,,0,83,0,3,3,0,0,1,0,0,0,0,0,4,0,58,172,1,0,1,0,1,2,-5,0,177
2004,6,TEN,REG,2004_06_HOU_TEN,HOU,19,41,210,1,4,1,-6,0,0,0,210,11,-13.0922728632104,,0,10,5,1,0,22,101,0,1,0,6,-1.14518115500687,0,3,2,1,0,19,0,210,1,0,0,0,0,11,16.3293116382556,0,10,5,1,0,0,37,19,27,0,0,1,2,19,0,1,25,3,0,0,0,0,0,0,0,0,0,1,0,1,0,0,4,35,2,0,1,0,1,0,2,16,4,70,1,1,0,0,40,1,0,0,0,1,0,0,0,0,0,0,0,0,40,,,40,0,0,1,1,0,0,1,0,0,0,0,0,6,0,64,282,2,0,0,0,2,4,28,0,254
2004,6,WAS,REG,2004_06_WAS_CHI,CHI,8,22,95,1,1,1,-2,0,0,0,95,7,-10.2467133967007,,0,6,2,1,0,47,218,0,0,0,10,-0.850495159575593,0,9,7,1,0,8,0,95,1,0,0,0,0,7,11.2057984278072,0,6,2,1,0,0,48,5,5,0,0,0,4,31,0,1,45,5,0,0,0,0,0,0,0,0,0,0,0,0,0,0,5,39,2,0,0,0,0,0,2,1,3,58,2,2,0,0,41,1,0,1,0,1,0,0,0,0,0,0,0,0,41;26,,,67,0,0,1,1,0,0,1,0,0,0,0,0,9,0,54,387,2,1,0,0,1,7,67,0,320
2004,7,ARI,REG,2004_07_SEA_ARI,SEA,22,36,212,1,1,3,-23,2,1,0,212,10,-13.135702583813,,0,7,3,2,0,37,127,1,0,0,4,-1.53777068090858,0,3,3,2,0,22,0,212,1,0,0,0,0,10,16.0093440666558,0,7,3,2,0,0,33,4,4,0,0,0,1,7,0,4,11,11,0,0,1,1,0,0,0,0,0,1,-4,0,0,0,6,45,1,2,0,0,2,1,2,-2,5,107,3,3,0,0,55,1,0,0,0,0,3,0,0,0,0,0,0,0,55;55;50,,,160,0,0,2,2,0,0,1,0,0,0,0,0,6,0,46,247,3,0,1,0,1,4,7,0,240
2004,7,ATL,REG,2004_07_ATL_KC,KC,9,25,128,0,2,4,-25,0,0,0,128,5,-26.0696804240562,,0,5,3,1,1,21,119,0,0,0,3,5.38679924624739,0,3,3,1,0,9,0,128,0,0,0,0,0,5,4.69108244031668,0,5,3,1,1,1,61,4,4,0,0,2,0,0,0,0,0,3,0,0,0,0,0,0,0,0,0,0,0,1,0,0,3,41,3,0,0,0,0,0,1,75,5,119,1,1,0,0,19,1,1,0,0,0,0,0,0,0,0,0,0,0,19,,,19,0,0,1,1,0,0,1,0,0,0,0,0,4,0,50,171,0,1,0,1,1,1,11,0,140
2004,7,BAL,REG,2004_07_BUF_BAL,BUF,10,19,86,0,0,4,-26,1,1,0,86,4,-14.1527239187572,,0,2,1,1,1,33,100,1,0,0,7,-5.05046196634066,0,5,3,0,0,10,0,86,0,0,0,0,0,4,3.87039919814727,0,2,1,1,1,0,40,17,17,0,0,1,4,18,0,4,136,12,1,0,0,0,0,0,0,0,0,0,0,1,0,0,4,25,3,1,0,0,1,1,2,6,3,61,2,3,1,0,24,0.666666666666667,1,1,0,0,0,0,0,0,0,0,1,0,24;19,50,,43,50,0,2,2,0,0,1,0,0,0,0,0,6,0,47,227,2,0,2,0,0,4,21,0,206
2004,7,BUF,REG,2004_07_BUF_BAL,BAL,20,36,203,0,4,4,-18,1,1,0,203,11,-26.4390210364402,,0,8,4,3,1,23,85,0,0,0,3,-3.92919625359355,0,3,2,0,0,20,0,203,0,0,0,0,0,11,13.6278005932007,0,8,4,3,1,0,37,15,15,0,0,1,4,26,0,0,0,4,0,0,0,0,0,0,0,0,0,0,0,1,0,0,5,40,4,1,0,0,1,1,4,21,5,90,2,2,0,0,24,1,0,2,0,0,0,0,0,0,0,0,0,0,24;21,,,45,0,0,0,0,0,0,,0,0,0,0,0,4,0,52,154,1,1,1,0,0,2,6,0,148
2004,7,CAR,REG,2004_07_SD_CAR,LAC,17,36,155,0,1,1,-8,0,0,0,155,9,-10.3196805476055,,0,8,1,0,0,30,116,0,0,0,7,-0.792994936461545,0,1,1,0,0,17,0,155,0,0,0,0,0,9,7.53386014370874,0,8,1,0,0,0,45,5,9,0,0,1,1,8,0,0,0,6,0,0,0,0,0,0,0,0,0,0,0,1,0,0,8,94,4,0,0,0,0,0,1,0,4,75,2,3,1,0,28,0.666666666666667,0,2,0,0,0,0,0,0,0,1,0,0,28;21,46,,49,46,0,0,0,0,0,,0,0,0,0,0,4,0,51,176,1,0,1,0,0,3,18,0,158
2004,7,CHI,REG,2004_07_CHI_TB,TB,14,28,116,0,1,4,-25,0,0,0,116,6,-17.4876258682343,,0,6,1,1,0,20,76,1,0,0,3,2.55034539033659,0,1,0,0,0,14,0,116,0,0,0,0,0,6,4.15570608590497,0,6,1,1,0,0,43,9,15,0,0,2,1,8,0,0,0,2,0,0,0,0,0,0,0,0,0,0,0,2,3,0,10,78,3,1,0,0,1,1,1,3,5,91,0,0,0,0,,,0,0,0,0,0,0,0,0,0,0,0,0,,,,0,0,0,1,1,0,0,1,0,0,0,0,0,7,0,46,288,3,1,1,0,3,2,14,0,274
2004,7,CIN,REG,2004_07_DEN_CIN,DEN,12,21,198,1,1,1,-10,0,0,0,198,6,0.498258471178716,,0,6,4,3,2,33,133,1,0,0,6,-8.53567970356848,0,5,4,2,0,12,0,198,1,0,0,0,0,6,12.9056114007835,0,6,4,3,2,0,41,3,27,0,0,2,3,26,0,2,48,8,0,0,0,0,0,0,0,0,0,1,0,1,-3,0,9,65,3,1,0,0,1,0,3,25,3,64,3,3,0,0,53,1,0,0,2,0,1,0,0,0,0,0,0,0,53;34;35,,,122,0,0,2,2,0,0,1,0,0,0,0,0,5,0,45,191,3,0,2,0,2,1,2,0,189
2004,7,CLE,REG,2004_07_PHI_CLE,PHI,21,32,236,1,1,3,-7,1,0,0,236,12,8.23135600868045,,0,11,3,3,1,34,165,3,0,0,12,7.66747611627216,0,7,6,0,0,21,0,236,1,0,0,0,0,12,19.1907996917762,0,11,3,3,1,0,54,4,4,0,0,0,2,9,0,1,3,6,0,0,0,0,0,0,0,0,0,1,0,0,0,0,10,80,7,3,0,0,3,2,2,34,6,103,1,1,0,0,38,1,0,0,1,0,0,0,0,0,0,0,0,0,38,,,38,0,0,4,4,0,0,1,0,0,0,0,0,5,0,54,199,3,0,1,0,3,1,1,0,198
2004,7,DAL,REG,2004_07_DAL_GB,GB,23,36,308,1,0,2,-12,0,0,0,308,12,15.2366284816889,,0,10,5,4,2,16,66,1,1,0,4,-1.83984408632386,0,2,2,1,0,23,0,308,1,0,0,0,0,12,25.5402137702725,0,10,5,4,2,0,42,10,16,0,0,1,1,6,0,0,0,2,0,0,0,0,0,0,0,0,0,2,-8,0,0,0,6,37,2,1,1,0,2,0,1,9,6,68,2,2,0,0,46,1,0,1,0,1,0,0,0,0,0,0,0,0,46;24,,,70,0,0,2,2,0,0,1,0,0,0,0,0,5,0,54,182,2,1,0,0,4,0,0,0,182
2004,7,DEN,REG,2004_07_DEN_CIN,CIN,23,40,221,1,2,3,-26,0,0,0,221,10,-7.91063628420589,,0,8,2,1,0,26,123,0,1,1,8,0.931145861269453,0,4,1,0,0,23,0,221,1,1,0,0,0,10,18.6338956348773,0,8,2,1,0,0,45,0,12,0,0,1,1,10,0,1,0,4,0,0,0,0,0,0,0,0,0,0,0,0,0,0,8,88,6,2,0,1,2,1,1,2,5,68,1,2,1,0,29,0.5,0,1,0,0,0,0,0,0,0,1,0,0,29,49,,29,49,0,1,1,0,0,1,0,0,0,0,0,5,0,47,205,0,0,1,1,0,3,25,0,160
2004,7,DET,REG,2004_07_DET_NYG,NYG,18,22,230,2,0,3,-20,1,0,0,230,12,17.9145970295067,,0,9,7,4,0,29,115,2,0,0,8,-1.70701673103031,0,3,2,2,0,18,0,230,2,0,0,0,0,12,25.0245204454404,0,9,7,4,0,0,41,19,19,0,0,5,6,20,0,1,0,5,0,0,0,0,0,0,0,0,0,1,0,1,0,0,7,65,1,1,0,0,1,0,1,-2,4,62,0,0,0,0,,,0,0,0,0,0,0,0,0,0,0,0,0,,,,0,0,0,4,4,0,0,1,0,0,0,0,0,4,0,49,145,3,0,1,0,2,1,9,0,136
2004,7,GB,REG,2004_07_DAL_GB,DAL,24,30,266,3,0,1,-6,0,0,0,266,14,20.8555097305286,,0,9,3,3,1,31,220,2,0,0,7,7.54599888948724,0,4,4,2,1,24,0,266,3,0,0,0,0,14,24.225831475982,0,9,3,3,1,0,37,9,11,0,0,1,2,12,0,0,0,6,0,0,0,0,0,0,0,0,0,1,0,0,0,0,6,40,3,1,0,0,1,0,0,0,5,119,2,2,0,0,40,1,0,1,0,1,0,0,0,0,0,0,0,0,26;40,,,66,0,0,5,5,0,0,1,0,0,0,0,0,2,0,40,78,1,0,1,0,0,1,9,0,69
2004,7,IND,REG,2004_07_JAX_IND,JAX,27,39,368,3,0,1,-9,0,0,0,368,17,17.805311064847,,0,18,8,4,0,18,87,0,0,0,5,-0.482117064064369,0,2,2,0,0,27,0,368,3,2,2,0,0,17,17.5474079185806,0,18,8,4,0,0,41,18,18,0,0,1,3,14,0,1,0,3,0,0,0,0,0,0,0,0,0,0,0,1,0,0,12,62,6,1,1,0,2,2,0,0,6,79,1,1,0,0,34,1,0,0,1,0,0,0,0,0,0,0,0,0,34,,,34,0,0,3,3,0,0,1,0,0,0,0,0,3,0,56,144,1,1,1,0,0,1,12,0,132
2004,7,JAX,REG,2004_07_JAX_IND,IND,23,30,300,2,1,3,-14,0,0,0,300,15,18.9562174113517,,1,10,5,4,1,27,128,0,1,0,5,-6.19979417140712,0,3,3,1,0,23,0,300,2,0,0,0,0,15,28.4474182089763,1,10,5,4,1,0,40,7,7,0,0,1,1,9,0,0,0,4,0,0,0,0,0,0,0,0,0,1,0,2,0,0,6,48,2,1,1,0,2,1,1,12,5,88,4,4,0,0,53,1,0,2,1,0,1,0,0,0,0,0,0,0,26;32;26;53,,,137,0,0,1,1,0,0,1,1,1,0,0,53,1,0,36,36,1,0,0,0,1,0,0,0,36
2004,7,KC,REG,2004_07_ATL_KC,ATL,20,28,269,0,0,0,0,0,0,0,269,14,14.1376672482002,,0,12,5,4,0,49,271,8,2,1,21,17.2910072962404,0,9,7,0,0,20,0,269,0,0,0,0,0,14,20.1598634931725,0,12,5,4,0,0,33,2,4,0,0,0,4,25,0,2,6,7,0,0,0,0,0,0,0,0,0,1,0,0,0,0,5,45,2,2,0,0,2,1,1,11,2,31,0,0,0,0,,,0,0,0,0,0,0,0,0,0,0,0,0,,,,0,0,0,8,8,0,0,1,0,0,0,0,0,4,0,50,169,0,0,0,2,1,1,75,1,54
2004,7,LA,REG,2004_07_STL_MIA,MIA,23,40,295,1,1,3,-26,0,0,0,295,13,-1.35669855732704,,0,13,6,5,0,19,103,1,0,0,6,7.88805993535789,0,3,2,0,0,23,0,295,1,0,0,0,0,13,21.2351787430816,0,13,6,5,0,0,39,1,25,0,0,0,6,45,0,0,0,1,0,0,0,0,0,0,0,0,0,0,0,0,0,0,7,63,5,0,0,0,0,0,2,-1,6,102,0,0,0,0,,,0,0,0,0,0,0,0,0,0,0,0,0,,,,0,0,0,2,2,0,0,1,0,0,0,0,0,5,0,49,190,2,1,0,0,0,4,31,0,159
2004,7,LAC,REG,2004_07_SD_CAR,CAR,21,32,196,0,0,1,-8,0,0,0,196,10,4.05349736159131,,0,9,4,1,0,27,114,2,1,1,6,-0.680556061677635,0,2,2,1,1,21,0,196,0,0,0,0,0,10,15.7712244526102,0,9,4,1,0,0,41,9,15,0,0,0,1,8,0,1,0,12,0,0,0,0,0,0,0,0,0,0,0,0,0,0,7,83,2,1,0,0,1,1,3,18,3,80,1,2,1,0,44,0.5,0,0,0,1,0,0,0,1,0,0,0,0,44,29,,44,29,0,2,2,0,0,1,0,0,0,0,0,5,0,40,175,3,0,0,0,4,1,0,0,175
2004,7,LV,REG,2004_07_NO_OAK,NO,26,45,350,2,1,0,0,0,0,0,350,16,5.85107568189626,,0,14,8,7,0,24,82,0,0,0,3,-2.31148131050594,0,0,0,0,0,26,0,350,2,0,0,0,0,16,26.2165781621297,0,14,8,7,0,0,42,12,12,0,0,0,1,2,0,0,0,6,0,0,0,0,0,0,0,0,0,0,0,0,0,0,6,46,5,1,0,0,1,1,5,26,6,118,4,4,0,0,44,1,0,1,0,3,0,0,0,0,0,0,0,0,28;42;44;40,,,154,0,0,2,2,0,0,1,0,0,0,0,0,5,0,60,195,2,0,1,0,2,2,20,0,175
2004,7,MIA,REG,2004_07_STL_MIA,LA,14,18,251,2,0,6,-45,0,0,0,251,9,10.4072580031352,,0,8,3,3,3,34,117,2,0,0,8,2.62409198511159,0,2,2,0,0,14,0,251,2,0,0,0,0,9,24.5988778369501,0,8,3,3,3,0,36,0,28,0,0,0,3,26,0,1,0,8,0,1,0,0,0,0,0,0,0,0,0,0,0,0,4,37,1,0,1,1,1,0,4,31,3,93,1,1,0,0,43,1,0,0,0,1,0,0,0,0,0,0,0,0,43,,,43,0,0,4,4,0,0,1,0,0,0,0,0,4,0,51,180,1,0,0,1,1,2,-1,0,161
2004,7,MIN,REG,2004_07_TEN_MIN,TEN,24,30,183,1,0,3,-22,0,0,0,183,10,0.129482215139421,,0,8,2,1,0,27,152,1,0,0,8,4.01401770852717,0,8,5,1,0,24,0,183,1,0,0,0,0,10,9.59041429724311,0,8,2,1,0,0,39,4,6,0,0,2,2,10,0,3,71,9,0,0,0,0,0,0,0,0,0,0,0,1,0,0,8,66,4,0,0,0,0,0,1,2,2,37,2,2,0,0,29,1,0,2,0,0,0,0,0,0,0,0,0,0,29;29,,,58,0,0,2,2,0,0,1,0,0,0,0,0,5,0,61,203,1,0,0,1,1,3,12,0,171
2004,7,NE,REG,2004_07_NYJ_NE,NYJ,20,29,230,1,0,3,-20,0,0,0,230,12,6.27247534331218,,0,10,4,2,1,29,133,0,0,0,6,-2.24595219633193,0,3,2,1,1,20,0,230,1,1,1,0,0,12,13.1756638939024,0,10,4,2,1,0,24,25,25,0,0,2,0,0,0,0,0,3,0,0,0,0,0,0,0,0,0,0,0,1,0,0,6,53,5,1,0,0,1,1,2,3,2,46,2,2,0,0,41,1,0,1,0,1,0,0,0,0,0,0,0,0,41;27,,,68,0,0,1,1,0,0,1,0,0,0,0,0,3,0,40,110,3,0,0,0,2,1,5,0,105
2004,7,NO,REG,2004_07_NO_OAK,LV,23,39,282,1,0,1,-2,0,0,0,282,13,11.2637950834247,,0,14,7,4,0,28,42,2,0,0,5,-6.94232904101955,0,0,0,0,0,23,0,282,1,0,0,0,0,13,24.4738692922983,0,14,7,4,0,0,44,14,14,0,0,1,0,0,0,1,55,7,0,0,0,0,0,0,0,0,0,0,0,1,6,1,5,30,3,0,0,0,0,0,2,20,5,114,1,1,0,0,41,1,0,0,0,1,0,0,0,0,0,0,0,0,41,,,41,0,0,4,4,0,0,1,0,0,0,0,0,7,0,46,297,0,1,0,1,0,5,26,0,251
2004,7,NYG,REG,2004_07_DET_NYG,DET,23,34,270,1,1,6,-20,3,1,0,270,9,-1.31754800330668,,0,6,4,3,1,26,75,0,1,0,9,-3.4648594200584,0,2,0,0,0,23,0,270,1,1,0,0,0,9,21.576310868084,0,6,4,3,1,0,34,16,16,0,0,1,3,20,0,0,0,1,0,0,0,0,0,0,0,0,0,3,0,0,0,0,4,25,4,5,0,1,5,1,1,9,4,84,2,2,0,0,25,1,1,1,0,0,0,0,0,0,0,0,0,0,19;25,,,44,0,0,1,1,0,0,1,0,0,0,0,0,2,0,40,76,1,1,0,0,0,1,-2,0,78
2004,7,NYJ,REG,2004_07_NYJ_NE,NE,19,30,162,0,0,0,0,0,0,0,162,8,0.750952002883423,,0,7,4,1,0,27,106,1,0,0,6,2.8110998973134,0,2,2,0,0,19,0,162,0,2,1,0,0,8,8.06672301946674,0,7,4,1,0,0,24,24,26,0,0,1,3,20,0,0,0,2,0,0,0,0,0,0,0,0,0,1,0,1,2,0,6,37,3,2,0,0,2,1,1,5,4,66,0,0,0,0,,,0,0,0,0,0,0,0,0,0,0,0,0,,,,0,0,0,1,1,0,0,1,0,0,0,0,0,4,0,41,135,1,0,2,0,0,2,3,0,132
2004,7,PHI,REG,2004_07_PHI_CLE,CLE,28,43,376,4,1,2,-9,0,0,0,376,15,11.7387992550266,,0,13,6,5,2,23,121,0,0,0,7,2.76816544705071,0,4,4,1,0,28,0,376,4,0,0,0,0,15,28.6373581352527,0,13,6,5,2,0,59,3,3,0,0,3,3,7,0,1,0,4,0,0,0,0,0,0,0,0,0,0,0,2,0,0,11,101,2,0,0,0,0,0,1,1,7,154,2,2,0,0,50,1,0,0,1,0,1,0,0,0,0,0,0,0,38;50,,,88,0,0,4,4,0,0,1,1,1,0,0,50,5,0,62,226,1,1,1,1,0,2,34,0,172
2004,7,SEA,REG,2004_07_SEA_ARI,ARI,14,41,195,1,4,1,-7,0,0,0,195,9,-12.3735422450141,,0,9,5,3,0,14,69,0,0,0,2,-2.58995003451128,0,2,2,1,0,14,0,195,1,0,0,0,0,9,15.5567427602946,0,9,5,3,0,0,52,17,17,0,0,2,3,23,0,1,21,3,1,0,0,0,0,0,0,0,0,0,0,1,0,0,4,35,5,0,0,0,0,0,4,7,4,92,1,1,0,0,54,1,0,0,0,0,1,0,0,0,0,0,0,0,54,,,54,0,0,2,2,0,0,1,0,0,0,0,0,6,1,51,243,2,1,2,1,0,2,-2,0,225
2004,7,TB,REG,2004_07_CHI_TB,CHI,15,23,163,1,0,1,-8,0,0,0,163,7,1.92759060964046,,0,7,1,1,1,37,138,1,2,2,8,-9.35831561413943,0,6,5,0,0,15,0,163,1,0,0,0,0,7,10.5199583723058,0,7,1,1,1,0,34,11,11,0,0,1,4,25,0,1,23,6,0,0,0,0,0,0,0,0,0,0,0,1,0,0,6,41,5,2,0,0,2,2,2,14,2,45,2,2,0,0,22,1,0,2,0,0,0,0,0,0,0,0,0,0,22;22,,,44,0,0,1,1,0,0,1,0,0,0,0,0,5,0,49,217,0,0,0,2,2,1,3,0,174
2004,7,TEN,REG,2004_07_TEN_MIN,MIN,20,42,198,0,3,2,-10,1,1,0,198,13,-13.8745147634039,,0,10,6,1,0,14,55,0,0,0,1,-0.287127469870029,0,1,1,0,0,20,0,198,0,1,0,0,0,13,16.3733502484535,0,10,6,1,0,0,49,5,11,0,0,0,3,22,0,0,0,5,0,1,0,0,0,0,0,0,0,2,0,0,0,0,12,85,4,2,1,0,3,1,3,12,5,109,1,1,0,0,40,1,0,0,0,1,0,0,0,0,0,0,0,0,40,,,40,0,0,0,0,0,0,,0,0,0,0,0,5,0,50,202,2,0,0,0,4,1,2,0,200
2004,8,ARI,REG,2004_08_ARI_BUF,BUF,9,24,101,1,0,3,-16,0,0,0,101,4,-2.79815870668972,,0,3,2,2,0,38,128,1,0,0,7,-9.16783692390891,0,3,1,1,0,9,0,101,1,0,0,0,0,4,14.4907023283886,0,3,2,2,0,0,30,11,19,0,0,0,0,0,0,0,0,2,0,0,0,0,0,0,0,0,0,2,0,0,0,0,14,101,4,0,2,0,2,0,2,16,5,69,0,1,1,0,,0,0,0,0,0,0,0,0,0,0,0,0,1,,64,,0,64,0,2,2,0,0,1,0,0,0,0,0,10,0,46,366,3,0,2,0,2,6,89,0,277
2004,8,ATL,REG,2004_08_ATL_DEN,DEN,19,25,277,2,0,1,-5,0,0,0,277,11,19.2949322578932,,0,10,6,5,1,36,195,2,2,1,10,4.04940546659335,0,6,5,3,1,19,0,277,2,0,0,0,0,11,24.4890569398848,0,10,6,5,1,0,49,2,8,0,0,1,0,0,0,3,78,10,1,0,0,0,0,0,0,0,0,1,0,0,0,0,7,56,4,1,1,0,2,1,1,12,3,97,2,3,1,0,43,0.666666666666667,0,1,0,1,0,0,0,0,0,1,0,0,24;43,49,,67,49,0,5,5,0,0,1,0,0,0,0,0,3,0,51,121,1,0,0,0,1,2,23,0,98
2004,8,BAL,REG,2004_08_BAL_PHI,PHI,24,38,223,1,1,2,-9,1,0,0,223,10,6.58753729262389,,0,7,4,3,1,27,113,0,1,1,5,-7.54960844900956,0,3,3,0,0,24,0,223,1,0,0,0,0,10,15.3565981396241,0,7,4,3,1,0,38,0,12,0,0,1,2,19,0,0,0,9,0,0,0,0,0,0,0,0,0,1,0,1,0,0,6,91,6,2,0,0,2,1,5,27,2,42,1,1,0,0,44,1,0,0,0,1,0,0,0,0,0,0,0,0,44,,,44,0,0,1,1,0,0,1,0,0,0,0,0,7,0,61,307,1,0,1,2,1,3,16,0,251
2004,8,BUF,REG,2004_08_ARI_BUF,ARI,8,17,81,2,0,0,0,0,0,0,81,5,6.31680220282069,,0,2,1,1,0,38,128,2,1,0,5,-10.7505478494859,0,3,3,3,0,8,0,81,2,0,0,0,0,5,13.2234024356389,0,2,1,1,0,1,24,21,37,0,0,0,3,16,0,0,0,4,0,1,0,0,0,0,0,0,19,1,-29,0,0,0,7,55,4,0,2,1,2,0,6,89,3,115,1,1,0,0,25,1,0,1,0,0,0,0,0,0,0,0,0,0,25,,,25,0,0,5,5,0,0,1,0,0,0,0,0,7,0,68,309,1,1,0,1,3,2,16,0,273
2004,8,CAR,REG,2004_08_CAR_SEA,SEA,19,36,248,2,1,0,0,0,0,0,248,11,5.37632965236151,,0,8,3,2,1,20,94,0,0,0,5,2.10640188178513,0,3,2,0,0,19,0,248,2,0,0,0,0,11,22.2448591863504,0,8,3,2,1,0,51,14,14,0,0,2,1,5,0,1,21,4,0,0,0,0,0,0,0,0,0,0,0,1,0,0,10,79,5,0,0,0,0,0,0,0,6,157,1,1,0,0,30,1,0,0,1,0,0,0,0,0,0,0,0,0,30,,,30,0,0,2,2,0,0,1,0,0,0,0,0,6,0,58,250,3,0,2,1,2,1,10,0,220
2004,8,CHI,REG,2004_08_SF_CHI,SF,13,25,168,1,1,5,-34,1,1,0,168,6,-19.0476415589941,,0,6,4,3,1,33,120,0,1,1,6,-11.0189229920152,0,4,3,1,0,13,0,168,1,0,0,0,0,6,10.547679160649,0,6,4,3,1,0,46,8,8,0,0,2,3,22,0,1,71,10,1,0,0,0,0,0,0,0,0,0,0,1,0,0,8,58,5,2,0,0,2,2,6,84,4,159,3,4,1,0,52,0.75,0,1,0,1,1,0,0,0,0,0,1,0,52;45;27,53,,124,53,0,2,2,0,0,1,0,0,0,0,0,6,0,44,222,1,0,1,0,2,3,20,0,202
2004,8,CIN,REG,2004_08_CIN_TEN,TEN,20,36,247,0,1,4,-30,1,1,0,247,9,-2.97302228542323,,0,8,4,2,1,17,57,1,0,0,5,-1.71385307970922,0,2,1,0,0,20,0,247,0,0,0,0,0,9,19.0976541762552,0,8,4,2,1,0,42,23,25,0,0,0,2,15,0,1,51,4,1,0,0,0,0,0,0,0,0,0,0,0,0,0,10,64,5,1,0,0,1,1,0,0,5,92,2,2,0,0,50,1,0,1,0,0,1,0,0,0,0,0,0,0,28;50,,,78,0,0,2,2,0,0,1,0,0,0,0,0,5,0,66,266,0,0,0,2,0,3,3,0,223
2004,8,DAL,REG,2004_08_DET_DAL,DET,19,24,235,3,3,1,-5,0,0,0,235,10,5.89372059913696,,0,8,5,3,0,41,127,1,0,0,8,-5.69358870817814,0,2,2,1,0,19,0,235,3,0,0,0,0,10,26.1025029157754,0,8,5,3,0,0,34,1,9,0,0,0,1,10,0,1,0,5,0,0,0,0,0,0,0,0,0,0,0,0,0,0,5,35,3,0,0,0,0,0,2,55,4,106,1,1,0,0,40,1,0,0,0,1,0,0,0,0,0,0,0,0,40,,,40,0,0,4,4,0,0,1,0,0,0,0,0,2,0,50,100,1,0,0,0,1,1,25,0,75
2004,8,DEN,REG,2004_08_ATL_DEN,ATL,31,55,499,4,3,0,0,0,0,0,499,21,5.02612048675655,,0,18,10,7,1,19,68,0,2,0,4,-2.29062613859423,0,1,1,1,0,31,0,499,4,0,0,0,0,21,39.0944926565571,0,18,10,7,1,0,40,8,22,0,0,1,1,5,0,0,0,1,0,0,0,0,0,0,0,0,0,2,0,1,0,0,9,70,6,1,1,0,2,0,2,23,4,79,0,0,0,0,,,0,0,0,0,0,0,0,0,0,0,0,0,,,,0,0,0,4,4,0,0,1,0,0,0,0,0,3,0,42,111,2,1,1,0,0,1,12,0,99
2004,8,DET,REG,2004_08_DET_DAL,DAL,19,32,255,2,1,1,-10,0,0,0,255,9,4.07736550387926,,0,8,4,4,1,14,39,0,0,0,4,0.276921728422167,0,1,1,0,0,19,0,255,2,0,0,0,0,9,21.0138866542256,0,8,4,4,1,0,56,0,16,0,0,0,1,5,0,3,97,3,1,0,0,0,0,0,0,0,0,0,0,0,0,0,10,112,6,0,0,0,0,0,1,25,5,84,0,0,0,0,,,0,0,0,0,0,0,0,0,0,0,0,0,,,,0,0,0,3,3,0,0,1,0,0,0,0,0,5,0,46,201,1,0,0,2,1,2,55,0,106
2004,8,GB,REG,2004_08_GB_WAS,WAS,20,33,289,1,3,1,-16,1,0,0,289,11,5.82155292307633,,1,9,6,5,3,28,88,2,0,0,5,-0.263328570988961,0,3,1,0,0,20,0,289,1,1,1,0,0,11,22.3444408709103,1,9,6,5,3,0,45,1,7,0,0,0,4,27,0,2,52,6,0,0,0,0,0,0,0,0,0,1,0,0,0,0,9,73,3,2,0,0,2,1,3,30,2,49,2,2,0,0,39,1,0,0,2,0,0,0,0,0,0,0,0,0,37;39,,,76,0,0,2,2,0,0,1,0,0,0,0,0,3,0,56,132,1,0,0,1,0,2,17,0,95
2004,8,HOU,REG,2004_08_JAX_HOU,JAX,26,35,276,1,0,0,0,0,0,0,276,15,6.96217732159862,,0,12,8,4,0,32,93,0,1,1,6,-5.40885770297609,0,1,0,0,0,26,0,276,1,1,1,0,0,15,13.2814710889361,0,12,8,4,0,0,35,11,13,0,0,1,1,7,0,2,43,8,1,0,0,0,0,0,0,0,0,0,0,0,0,0,8,75,2,1,1,1,2,2,2,34,3,63,2,2,0,0,38,1,0,1,1,0,0,0,0,0,0,0,0,0,38;21,,,59,0,0,2,2,0,0,1,0,0,0,0,0,4,0,52,155,1,0,1,0,1,2,14,0,141
2004,8,IND,REG,2004_08_IND_KC,KC,25,44,472,5,1,0,0,0,0,0,472,18,24.9004473363501,,0,17,12,11,4,12,33,0,0,0,2,-4.2164581597317,0,0,0,0,0,25,0,472,5,1,0,0,0,18,40.1569116202882,0,17,12,11,4,0,62,5,5,0,0,3,1,2,0,0,0,1,0,0,0,0,0,0,0,0,0,0,0,2,0,0,7,40,5,1,0,1,1,0,1,7,8,182,0,1,1,0,,0,0,0,0,0,0,0,0,0,0,0,1,0,,54,,0,54,0,5,5,0,0,1,0,0,0,0,0,4,0,57,178,2,0,1,1,1,1,46,0,112
2004,8,JAX,REG,2004_08_JAX_HOU,HOU,27,42,255,0,2,1,-7,0,0,0,255,10,-6.59897659098929,,0,10,3,2,0,12,39,0,0,0,3,-3.49976133415476,0,1,0,0,0,27,0,255,0,1,0,0,0,10,14.9825585666986,0,10,3,2,0,0,44,13,23,0,0,1,0,0,0,0,0,1,0,0,0,0,0,0,0,0,0,0,0,1,0,0,11,80,5,1,0,1,1,0,2,14,4,105,2,3,1,0,44,0.666666666666667,0,0,1,1,0,0,0,0,0,1,0,0,44;36,49,,80,49,0,0,0,0,0,,0,0,0,0,0,4,0,52,188,2,0,1,0,1,2,34,0,154
2004,8,KC,REG,2004_08_IND_KC,IND,27,34,389,3,0,1,-2,0,0,0,389,20,28.6188161962516,,0,17,11,7,1,42,203,3,4,2,11,-1.87341086930246,0,9,7,2,0,27,0,389,3,0,0,0,0,20,35.1146202132222,0,17,11,7,1,0,37,4,4,0,0,1,0,0,0,1,65,5,0,0,0,0,0,0,0,0,0,2,-7,0,0,0,5,46,2,3,1,0,4,2,1,46,6,122,1,1,0,0,32,1,0,0,1,0,0,0,0,0,0,0,0,0,32,,,32,0,0,6,6,0,0,1,0,0,0,0,0,2,0,42,77,1,0,0,0,1,1,7,0,70
2004,8,LAC,REG,2004_08_OAK_SD,LV,22,25,281,5,0,1,-8,0,0,0,281,18,25.4652947461,,0,15,7,5,0,38,175,1,0,0,9,3.51208711136133,0,5,5,1,0,22,0,281,5,1,1,0,0,18,24.3710141288466,0,15,7,5,0,0,26,15,15,0,0,1,1,4,0,2,17,3,0,0,0,0,0,0,0,0,0,0,0,1,0,0,7,46,3,1,0,0,1,1,4,62,2,71,0,0,0,0,,,0,0,0,0,0,0,0,0,0,0,0,0,,,,0,0,0,6,6,0,0,1,0,0,0,0,0,3,0,60,146,1,0,1,0,1,1,18,0,128
2004,8,LV,REG,2004_08_OAK_SD,LAC,24,39,263,1,2,1,-4,0,0,0,263,12,4.85029887204291,,0,14,6,2,0,11,22,1,1,1,2,-4.46623590026866,0,1,1,0,0,24,0,263,1,0,0,0,0,12,21.6311709909933,0,14,6,2,0,0,46,16,16,0,0,1,1,8,0,0,0,1,0,0,0,0,0,0,0,0,0,0,0,1,0,0,10,75,2,1,0,0,1,1,1,18,5,94,0,0,0,0,,,0,0,0,0,0,0,0,0,0,0,0,0,,,,0,0,0,2,2,0,0,1,0,0,0,0,0,5,0,59,252,1,0,1,0,0,4,62,0,190
2004,8,MIA,REG,2004_08_MIA_NYJ,NYJ,20,41,218,2,2,4,-37,1,0,0,218,9,-9.42186869535362,,0,8,4,4,0,16,78,0,0,0,4,-0.934366804838646,0,3,2,1,0,20,0,218,2,1,1,0,0,9,13.0072164228768,0,8,4,4,0,0,36,20,20,0,0,0,1,0,0,0,0,2,0,0,0,0,0,0,0,0,0,1,0,0,0,0,3,20,0,2,0,0,2,1,2,9,7,135,0,0,0,0,,,0,0,0,0,0,0,0,0,0,0,0,0,,,,0,0,0,2,2,0,0,1,0,0,0,0,0,8,0,48,316,2,0,3,0,1,4,-4,0,320
2004,8,MIN,REG,2004_08_NYG_MIN,NYG,24,42,231,1,2,0,0,0,0,0,231,9,-7.13768360914065,,0,7,4,3,1,20,93,1,1,1,5,-3.75226177737932,0,2,0,0,0,24,0,231,1,0,0,0,0,9,13.8460631034793,0,7,4,3,1,0,49,11,13,0,0,1,5,29,0,0,0,2,0,0,0,0,0,0,0,0,0,0,0,0,0,0,8,83,5,0,1,0,1,1,2,6,7,119,0,1,1,0,,0,0,0,0,0,0,0,0,0,1,0,0,0,,38,,0,38,0,1,1,0,0,1,0,0,0,0,0,5,0,44,171,0,0,2,0,0,3,15,0,156
2004,8,NE,REG,2004_08_NE_PIT,PIT,25,43,271,2,2,4,-28,1,1,0,271,17,0.311482148221223,,0,16,5,1,0,6,5,0,0,0,0,-2.74524838768411,0,0,0,0,0,25,0,271,2,1,1,0,0,17,21.5951119953243,0,16,5,1,0,0,38,28,34,0,0,1,0,0,0,0,0,2,0,0,0,0,0,0,0,0,0,0,0,0,0,0,6,55,5,3,0,1,3,2,3,15,6,158,2,2,0,0,43,1,0,1,0,1,0,0,0,0,0,0,0,0,43;25,,,68,0,0,2,2,0,0,1,0,0,0,0,0,3,0,55,157,1,0,0,1,0,2,10,0,127
2004,8,NYG,REG,2004_08_NYG_MIN,MIN,13,21,144,0,0,5,-29,1,0,0,144,10,2.58803313092414,,0,7,3,2,0,39,168,4,2,0,10,3.97313316032523,0,3,2,1,0,13,0,144,0,0,0,0,0,10,15.430705463863,0,7,3,2,0,0,38,7,11,0,0,0,0,0,0,2,50,5,0,0,0,0,0,0,0,0,0,3,-3,1,16,0,7,87,4,1,2,0,3,0,3,15,2,48,2,2,0,0,50,1,0,0,1,0,1,0,0,0,0,0,0,0,50;30,,,80,0,0,4,4,0,0,1,0,0,0,0,0,6,0,49,247,4,0,2,0,2,2,6,0,241
2004,8,NYJ,REG,2004_08_MIA_NYJ,MIA,12,20,197,3,0,1,0,0,0,0,197,8,7.24789564543376,,0,6,5,5,1,41,275,2,0,0,14,8.80307654167133,0,12,10,2,0,12,0,197,3,0,0,0,0,8,16.3909666142331,0,6,5,5,1,0,37,10,10,0,0,2,4,37,0,2,0,11,0,0,0,0,0,0,0,0,0,0,0,1,0,0,6,45,3,0,0,0,0,0,4,-4,2,52,2,2,0,0,49,1,0,0,0,2,0,0,0,0,0,0,0,0,49;43,,,92,0,0,5,5,0,0,1,0,0,0,0,0,5,0,44,191,3,0,1,0,2,2,9,0,182
2004,8,PHI,REG,2004_08_BAL_PHI,BAL,18,34,219,1,0,2,-19,0,0,0,219,12,0.310593366144843,,0,12,5,2,0,23,98,0,1,1,5,-5.71309173258487,0,3,3,0,0,18,0,219,1,0,0,0,0,12,16.0158300954424,0,12,5,2,0,0,57,0,6,0,0,2,2,9,0,1,0,7,0,1,0,0,0,0,0,0,0,1,0,1,0,0,8,72,1,1,1,0,2,1,3,16,2,39,3,3,0,0,43,1,0,1,0,2,0,0,0,0,0,0,0,0,20;41;43,,,104,0,0,0,0,0,0,,0,0,0,0,0,6,0,54,282,3,0,1,0,0,5,27,0,255
2004,8,PIT,REG,2004_08_NE_PIT,NE,18,24,196,2,0,0,0,0,0,0,196,11,9.78634035181468,,0,9,3,3,1,49,221,1,0,0,12,0.165889906289522,0,6,1,1,0,18,0,196,2,1,0,0,0,11,14.9324917683924,0,9,3,3,1,0,31,6,12,0,0,3,4,28,0,2,39,4,1,0,0,0,0,0,0,0,0,0,0,2,5,0,9,90,2,1,0,1,1,0,2,10,5,136,2,2,0,0,29,1,1,1,0,0,0,0,0,0,0,0,0,0,19;29,,,48,0,0,4,4,0,0,1,0,0,0,0,0,4,0,48,177,2,0,0,0,1,3,15,0,162
2004,8,SEA,REG,2004_08_CAR_SEA,CAR,21,30,201,1,1,1,-5,0,0,0,201,11,2.64633660573566,,0,7,5,3,0,43,237,1,1,0,10,4.83613643137381,0,5,5,3,1,21,0,201,1,2,1,0,0,11,13.0098588293185,0,7,5,3,0,0,25,20,20,0,0,0,0,0,0,1,58,5,0,0,0,0,0,0,0,0,0,1,-7,0,0,0,2,13,4,2,1,1,3,1,1,10,3,53,3,3,0,0,45,1,0,2,0,1,0,0,0,0,0,0,0,0,27;45;22,,,94,0,0,2,2,0,0,1,0,0,0,0,0,1,0,50,50,0,0,1,0,0,0,0,0,50
2004,8,SF,REG,2004_08_SF_CHI,CHI,16,36,122,0,1,3,-22,0,0,0,122,4,-26.1186184921498,,0,5,2,1,0,23,62,0,1,1,5,-7.21620965126203,0,1,1,0,0,16,0,122,0,0,0,0,0,4,4.56193918166045,0,5,2,1,0,0,51,8,8,0,0,2,5,34,0,1,14,4,0,0,0,0,0,0,0,0,0,1,0,2,84,1,5,30,7,2,0,0,2,1,3,20,6,135,2,3,1,0,51,0.666666666666667,0,0,0,1,1,0,0,0,0,0,1,0,48;51,50,,99,50,0,1,1,0,0,1,0,0,0,0,0,8,0,55,326,0,0,1,1,0,6,84,0,222
2004,8,TEN,REG,2004_08_CIN_TEN,CIN,21,32,210,2,1,2,-15,0,0,0,210,12,-0.472020584214985,,0,9,3,1,0,37,163,1,0,0,9,0.277221550757531,0,6,5,0,0,21,0,210,2,0,0,0,0,12,20.2770756552927,0,9,3,1,0,0,27,14,20,0,0,1,4,30,0,1,16,9,0,1,0,0,0,0,0,0,0,1,0,1,0,0,7,58,4,0,1,0,1,0,3,3,5,97,2,2,0,0,45,1,0,1,0,1,0,0,0,0,0,0,0,0,23;45,,,68,0,0,3,3,0,0,1,0,0,0,0,0,5,0,46,221,2,1,0,0,4,0,0,0,221
2004,8,WAS,REG,2004_08_GB_WAS,GB,25,45,218,2,2,4,-27,0,0,0,218,13,-12.1772374772225,,0,9,4,2,0,19,81,0,0,0,5,1.06637364369817,0,1,1,0,0,25,0,218,2,0,0,0,0,13,14.3722030706122,0,9,4,2,0,0,46,7,11,0,0,2,1,16,0,3,57,5,0,0,0,0,0,0,0,0,0,0,0,1,0,0,10,82,6,0,0,0,0,0,2,17,5,125,0,1,1,0,,0,0,0,0,0,0,0,0,0,1,0,0,0,,35,,0,35,0,2,2,0,0,1,0,0,0,0,0,6,0,53,233,2,0,1,0,2,3,30,0,203
2004,9,ARI,REG,2004_09_ARI_MIA,MIA,18,31,162,1,0,1,-13,0,0,0,162,7,-2.00987119571187,,0,3,2,2,1,27,121,1,0,0,5,2.23285183685948,0,1,1,1,1,18,0,162,1,1,0,0,0,7,8.99843944245367,0,3,2,2,1,0,47,0,16,0,0,2,3,23,0,1,41,10,1,0,0,0,0,0,0,0,0,0,0,1,0,0,9,45,5,2,0,1,2,1,1,9,5,96,1,1,0,0,29,1,0,1,0,0,0,0,0,0,0,0,0,0,29,,,29,0,0,3,3,0,0,1,0,0,0,0,0,7,0,57,311,2,0,2,1,0,4,44,0,247
2004,9,BAL,REG,2004_09_CLE_BAL,CLE,17,30,142,0,0,1,-8,0,0,0,142,8,-2.79653775851997,,1,4,3,0,0,28,106,1,1,1,5,-6.15677661279915,0,3,3,0,0,17,0,142,0,0,0,0,0,8,12.0205012783683,1,4,3,0,0,0,42,12,12,0,0,3,3,20,0,1,106,8,1,0,0,0,0,0,0,0,0,0,-5,1,0,0,3,25,2,0,1,0,1,1,4,33,4,61,4,4,0,0,44,1,0,0,2,2,0,0,0,0,0,0,0,0,44;39;43;36,,,162,0,0,1,1,0,0,1,0,0,0,0,0,5,0,55,233,2,0,2,1,0,2,24,0,189
2004,9,BUF,REG,2004_09_NYJ_BUF,NYJ,18,30,184,1,0,0,0,0,0,0,184,10,5.78964179350402,,0,8,2,2,0,46,157,1,0,0,9,-9.63860468009529,0,6,6,0,0,18,0,184,1,0,0,0,0,10,14.1378074701352,0,8,2,2,0,0,27,10,12,0,0,1,1,13,0,1,11,1,0,0,1,0,0,0,0,0,0,1,0,1,38,0,8,66,6,1,0,0,1,0,2,5,5,108,2,2,0,0,30,1,0,1,1,0,0,0,0,0,0,0,0,0,20;30,,,50,0,0,2,2,0,0,1,0,0,0,0,0,8,0,64,329,1,2,1,2,0,3,34,0,255
2004,9,CAR,REG,2004_09_OAK_CAR,LV,25,45,299,3,0,2,-32,1,0,0,299,17,14.5998037999487,,0,14,6,4,0,18,37,0,0,0,2,-5.22524697112385,0,0,0,0,0,25,0,299,3,0,0,0,0,17,30.7616779005039,0,14,6,4,0,0,43,9,11,0,0,0,2,3,0,1,0,6,0,0,0,0,0,0,0,0,0,1,0,0,0,0,8,83,5,1,0,0,1,0,1,13,5,83,1,1,0,0,38,1,0,0,1,0,0,0,0,0,0,0,0,0,38,,,38,0,0,3,3,0,0,1,0,0,0,0,0,4,1,59,174,1,0,1,0,1,2,8,0,166
2004,9,CHI,REG,2004_09_CHI_NYG,NYG,8,21,144,1,0,5,-35,1,1,0,144,6,-11.4658387805766,,0,5,4,4,0,34,122,2,1,1,4,-6.3888577948527,1,2,2,1,1,8,0,144,1,0,0,0,0,6,12.3669008822762,0,5,4,4,0,0,40,17,17,0,0,4,7,28,0,2,46,10,0,0,0,0,0,0,0,0,0,0,-10,3,21,0,11,70,5,1,1,0,2,2,3,43,2,27,2,2,0,0,22,1,0,2,0,0,0,0,0,0,0,0,0,0,22;21,,,43,0,0,2,2,0,0,1,0,0,0,0,0,10,0,52,367,3,2,3,0,2,3,45,0,322
2004,9,CIN,REG,2004_09_DAL_CIN,DAL,21,32,212,1,0,0,0,0,0,0,212,6,1.06946973443374,,0,4,3,2,1,31,116,1,0,0,8,1.96854505749094,0,1,0,0,0,21,0,212,1,0,0,0,0,6,10.7798841096668,0,4,3,2,1,0,45,1,17,0,0,2,1,5,0,3,0,5,0,0,0,0,0,0,0,0,0,0,0,2,18,0,4,20,3,0,0,0,0,0,2,29,2,37,4,4,0,0,47,1,0,0,2,2,0,0,0,0,0,0,0,0,35;47;45;30,,,157,0,0,2,2,0,0,1,0,0,0,0,0,5,0,49,199,0,2,0,0,1,2,21,0,178
2004,9,CLE,REG,2004_09_CLE_BAL,BAL,15,26,146,0,1,3,-20,2,1,0,146,7,-14.0838766431641,,0,8,0,0,0,28,91,0,1,0,5,-4.92512718687067,0,2,2,1,0,15,0,146,0,0,0,0,0,7,12.5066718457225,0,8,0,0,0,1,36,15,15,0,0,0,1,8,0,0,0,2,0,0,0,0,0,0,0,0,0,2,0,1,-1,0,9,55,4,3,0,0,3,1,2,24,6,197,2,2,0,0,50,1,0,1,0,0,1,0,0,0,0,0,0,0,50;29,,,79,0,0,1,1,0,0,1,0,0,0,0,0,6,0,51,216,0,2,0,0,0,4,33,0,183
2004,9,DAL,REG,2004_09_DAL_CIN,CIN,18,30,207,0,3,1,-5,1,1,0,207,6,-8.55516477424942,,0,7,5,3,0,27,109,0,0,0,6,-5.7090753147495,0,4,3,0,0,18,0,207,0,1,1,0,0,6,6.70465248293476,0,7,5,3,0,0,55,0,6,0,0,0,0,0,0,0,0,5,0,0,0,0,0,0,0,0,0,0,0,0,0,0,7,46,2,2,0,0,2,2,2,21,7,140,1,1,0,0,24,1,0,1,0,0,0,0,0,0,0,0,0,0,24,,,24,0,0,0,0,0,0,,0,0,0,0,0,4,0,52,192,2,1,0,1,0,2,29,0,143
2004,9,DEN,REG,2004_09_HOU_DEN,HOU,16,24,234,4,0,1,-9,0,0,0,234,11,13.6397156407947,,0,10,5,3,1,36,139,0,0,0,8,-0.642088590713684,0,3,0,0,0,16,0,234,4,0,0,0,0,11,22.0800272019114,0,10,5,3,1,0,38,10,20,0,0,0,4,17,0,0,0,3,0,0,0,0,0,0,0,0,0,0,0,0,0,0,4,50,4,0,0,0,0,0,2,18,1,17,1,1,0,0,52,1,0,0,0,0,1,0,0,0,0,0,0,0,52,,,52,0,0,4,4,0,0,1,0,0,0,0,0,5,1,52,207,2,0,1,1,0,3,-6,0,193
2004,9,DET,REG,2004_09_WAS_DET,WAS,26,52,269,1,1,2,-11,0,0,0,269,13,-4.83230419377977,,0,11,5,2,0,24,64,0,0,0,4,-5.22256385500077,0,0,0,0,0,26,0,269,1,0,0,0,0,13,14.9484653371619,0,11,5,2,0,0,46,3,7,0,0,0,0,0,0,0,0,6,0,0,0,0,0,0,0,0,0,0,0,0,0,0,4,40,4,0,0,0,0,0,5,21,3,57,1,1,0,0,40,1,0,0,0,1,0,0,0,0,0,0,0,0,40,,,40,0,0,1,1,0,0,1,0,0,0,0,0,9,1,50,347,3,0,3,0,4,2,46,0,301
2004,9,HOU,REG,2004_09_HOU_DEN,DEN,22,41,245,0,0,4,-17,0,0,0,245,11,2.38809764639845,,0,10,3,2,1,27,103,2,0,0,10,-2.03010549698956,0,2,1,0,0,22,0,245,0,0,0,0,0,11,15.9485527075159,0,10,3,2,1,0,39,2,20,0,0,0,1,9,0,0,0,3,0,0,0,1,0,0,0,0,14,0,0,0,0,0,9,109,6,0,0,0,0,0,3,-6,3,59,0,1,1,0,,0,0,0,0,0,0,0,0,0,1,0,0,0,,37,,0,37,0,1,1,0,0,1,0,0,0,0,0,6,0,57,280,3,0,2,0,2,2,18,0,262
2004,9,IND,REG,2004_09_MIN_IND,MIN,23,29,268,4,0,1,-4,0,0,0,268,18,20.4770324561978,,0,11,6,3,1,31,144,0,0,0,6,1.31006277382227,0,4,4,0,0,23,0,268,4,0,0,0,0,18,26.9231906187488,0,11,6,3,1,0,33,13,13,0,0,0,2,15,0,0,0,0,0,0,0,0,0,0,0,0,0,0,0,1,0,0,8,65,2,0,0,0,0,0,1,-2,5,108,1,1,0,0,35,1,0,0,1,0,0,0,0,0,0,0,0,0,35,,,35,0,0,4,4,0,0,1,0,0,0,0,0,3,0,50,123,1,0,0,0,1,2,96,1,27
2004,9,KC,REG,2004_09_KC_TB,TB,32,42,369,3,2,2,-15,0,0,0,369,16,19.5758445511584,,0,15,5,5,1,30,105,1,0,0,9,1.8004148316104,0,4,2,0,0,32,1,369,3,1,1,0,0,16,30.1980622949195,0,15,5,5,1,0,33,12,12,0,0,0,1,8,0,0,0,3,0,0,0,0,0,0,0,0,0,0,0,0,0,0,10,97,2,1,0,0,1,1,2,42,5,92,1,1,0,0,31,1,0,0,1,0,0,0,0,0,0,0,0,0,31,,,31,0,0,4,4,0,0,1,0,0,0,0,0,1,0,44,44,1,0,0,0,0,1,2,0,42
2004,9,LA,REG,2004_09_NE_STL,NE,23,33,285,2,1,5,-26,1,1,0,285,13,0.243043096968904,,0,13,7,4,1,19,81,0,0,0,6,-0.94513974153949,1,4,1,0,0,23,0,285,2,0,0,0,0,13,19.2687864696491,0,13,7,4,1,0,50,8,8,0,0,1,2,9,0,0,0,4,0,1,0,0,0,0,0,0,0,0,0,1,0,1,10,80,4,1,1,0,2,2,2,3,7,159,0,0,0,0,,,0,0,0,0,0,0,0,0,0,0,0,0,,,,0,0,0,2,2,0,0,1,0,0,0,0,0,4,0,50,170,2,0,0,0,2,2,22,0,148
2004,9,LAC,REG,2004_09_NO_SD,NO,22,37,257,4,0,1,-7,0,0,0,257,14,12.4304724911055,,0,10,4,4,0,35,152,1,1,0,10,6.57080208644038,0,2,2,2,1,22,0,257,4,0,0,0,0,14,26.011221464898,0,10,4,4,0,0,15,27,27,0,0,1,3,8,0,1,12,6,0,1,1,0,0,0,0,0,0,2,11,1,0,0,5,32,4,1,1,0,2,0,2,6,4,77,2,2,0,0,40,1,0,1,0,1,0,0,0,0,0,0,0,0,40;27,,,67,0,0,5,5,0,0,1,0,0,0,0,0,1,0,31,31,1,0,0,0,1,0,0,0,31
2004,9,LV,REG,2004_09_OAK_CAR,CAR,20,32,231,0,1,2,-3,0,0,0,231,12,8.74141911191389,,0,11,6,2,0,28,69,3,0,0,7,0.187687949296744,0,0,0,0,0,20,0,231,0,0,0,0,0,12,18.7689266090165,0,11,6,2,0,0,42,4,6,0,0,1,2,32,0,0,0,5,0,1,0,1,0,0,0,0,0,1,0,0,0,0,8,53,4,0,1,0,1,0,2,8,5,93,2,2,0,0,26,1,1,1,0,0,0,0,0,0,0,0,0,0,26;19,,,45,0,0,3,3,0,0,1,1,1,0,0,19,3,0,67,167,1,0,1,0,1,1,13,0,154
2004,9,MIA,REG,2004_09_ARI_MIA,ARI,18,36,258,1,1,3,-23,1,1,0,258,12,-6.51013905506429,,1,10,6,4,0,31,168,1,1,0,8,2.16337646159809,0,5,5,3,0,18,0,258,1,0,0,0,0,12,22.7431886601786,1,9,6,4,0,0,35,1,27,0,0,2,1,13,0,0,0,9,0,0,0,0,0,0,0,0,0,1,0,1,0,0,12,99,2,2,0,0,2,1,4,44,4,90,3,3,0,0,30,1,0,2,1,0,0,0,0,0,0,0,0,0,30;29;28,,,87,0,0,0,1,1,0,0,0,0,0,0,0,5,0,57,232,2,0,1,2,1,1,9,0,183
2004,9,MIN,REG,2004_09_MIN_IND,IND,16,19,169,1,0,2,-15,0,0,0,169,8,6.32712406248156,,0,6,3,1,0,24,138,1,0,0,7,2.64386686745286,1,5,4,1,0,16,0,169,1,0,0,0,0,8,12.1827192629205,0,6,3,1,0,1,40,16,16,0,0,0,1,4,0,0,0,3,0,0,0,0,0,0,0,0,0,1,-8,0,0,0,6,53,6,0,2,0,2,1,2,96,6,134,2,2,0,0,42,1,0,1,0,1,0,0,0,0,0,0,0,0,42;23,,,65,0,0,2,2,0,0,1,0,0,0,0,0,3,0,48,110,1,1,1,0,0,1,-2,0,112
2004,9,NE,REG,2004_09_NE_STL,LA,19,32,238,3,0,2,-9,1,1,0,238,14,10.5862715235826,,0,10,5,3,1,32,147,1,0,0,7,2.69120252155699,0,5,4,0,0,19,0,238,3,0,0,0,0,14,24.8787074237216,0,10,5,3,1,0,52,1,1,0,0,1,5,26,0,1,26,4,0,0,0,0,0,0,0,0,0,0,0,2,0,0,7,48,3,1,0,0,1,1,2,22,4,85,4,4,0,0,45,1,0,0,2,2,0,0,0,0,0,0,0,0,43;31;45;36,,,155,0,0,4,4,0,0,1,0,0,0,0,0,2,0,50,91,0,0,0,0,0,2,3,0,88
2004,9,NO,REG,2004_09_NO_SD,LAC,16,29,173,1,1,3,-8,1,1,0,173,11,1.90847885364984,,0,8,3,3,0,18,78,1,1,0,4,-2.05571719730506,0,2,1,0,0,16,0,173,1,0,0,0,0,11,18.0971157653215,0,8,3,3,0,0,46,13,13,0,0,1,1,7,0,0,0,4,0,0,0,0,0,0,0,0,0,1,-23,0,0,0,10,117,0,1,1,0,2,1,0,0,7,170,1,2,1,0,37,0.5,0,0,1,0,0,0,0,0,0,1,0,0,37,46,,37,46,0,2,2,0,0,1,0,0,0,0,0,2,0,53,101,0,0,0,0,0,2,6,0,95
2004,9,NYG,REG,2004_09_CHI_NYG,CHI,18,36,195,1,2,7,-28,2,2,0,195,9,-23.9073549736349,,0,9,5,3,0,25,91,2,0,0,4,-7.32412477902835,0,3,3,1,0,18,0,195,1,2,1,0,0,9,11.3532760442467,0,9,5,3,0,0,32,19,19,0,0,1,5,35,0,0,0,7,0,0,0,0,0,0,0,0,0,1,0,2,15,0,14,109,4,4,0,0,4,3,3,45,5,155,0,0,0,0,,,0,0,0,0,0,0,0,0,0,0,0,0,,,,0,0,0,3,3,0,0,1,0,0,0,0,0,7,0,49,271,1,2,2,0,0,3,43,0,228
2004,9,NYJ,REG,2004_09_NYJ_BUF,BUF,9,18,207,2,1,1,-13,0,0,0,207,9,7.3953150242177,,0,8,6,5,1,25,88,0,1,1,2,-8.50095801841235,0,2,2,0,0,9,0,207,2,0,0,0,0,9,19.2455920617213,0,8,6,5,1,0,43,20,30,0,0,1,0,0,0,0,0,2,0,0,0,0,0,0,0,0,0,0,0,0,0,0,7,40,5,1,0,0,1,1,3,34,3,50,1,2,1,0,41,0.5,0,0,0,1,0,0,0,0,1,0,0,0,41,36,,41,36,0,2,2,0,0,1,0,0,0,0,0,4,0,58,167,1,1,1,0,0,2,5,0,162
2004,9,PHI,REG,2004_09_PHI_PIT,PIT,15,24,109,0,1,4,-19,0,0,0,109,6,-16.4581398675911,,0,5,2,2,0,9,23,0,0,0,1,-3.18386920442572,0,1,1,0,0,15,0,109,0,0,0,0,0,6,3.74654739925226,0,5,2,2,0,0,40,19,33,0,0,0,2,15,0,1,32,4,0,0,0,0,0,0,0,0,0,0,0,1,0,0,5,25,3,0,0,0,0,0,0,0,3,95,1,1,0,0,33,1,0,0,1,0,0,0,0,0,0,0,0,0,33,,,33,0,0,0,0,0,0,,0,0,0,0,0,6,0,51,251,2,0,0,0,0,6,26,0,225
2004,9,PIT,REG,2004_09_PHI_PIT,PHI,11,18,183,2,1,2,-15,0,0,0,183,10,9.17138989915553,,0,9,5,3,1,56,252,1,1,1,12,-3.40952303510858,0,7,6,1,0,11,0,183,2,1,0,0,0,10,21.5993126509908,0,9,5,3,1,0,21,7,17,0,0,0,4,19,0,1,41,4,0,0,0,0,0,0,0,0,0,1,-6,0,0,0,4,20,1,0,2,0,2,1,6,26,1,22,2,3,1,0,42,0.666666666666667,0,0,1,1,0,0,0,0,1,0,0,0,42;31,33,,73,33,0,3,3,0,0,1,0,0,0,0,0,0,0,,0,0,0,0,0,0,0,0,0,0
2004,9,SEA,REG,2004_09_SEA_SF,SF,17,28,285,3,0,3,-16,0,0,0,285,12,14.4847472200927,,0,13,8,6,0,37,184,2,0,0,13,6.80438352536294,0,5,4,1,0,17,0,285,3,0,0,0,0,12,28.0086033198459,0,13,8,6,0,0,46,5,11,0,0,0,3,16,0,1,23,7,1,0,0,0,0,0,0,0,0,0,0,0,0,0,7,55,0,0,0,0,0,0,3,21,6,105,0,0,0,0,,,0,0,0,0,0,0,0,0,0,0,0,0,,,,0,0,0,6,6,0,0,1,0,0,0,0,0,5,0,44,179,2,0,1,0,0,4,33,0,146
2004,9,SF,REG,2004_09_SEA_SF,SEA,23,35,259,2,1,3,-16,0,0,0,259,13,-0.00830878700697868,,0,14,5,2,0,21,74,1,0,0,5,-1.81487316254924,0,2,2,0,0,23,0,259,2,0,0,0,0,13,18.9798625902622,0,14,5,2,0,0,49,6,14,0,0,0,3,16,0,0,0,6,0,1,0,0,0,0,0,0,0,1,0,0,0,0,3,29,4,0,1,0,1,0,4,33,7,139,2,2,0,0,30,1,0,1,1,0,0,0,0,0,0,0,0,0,27;30,,,57,0,0,3,3,0,0,1,0,0,0,0,0,6,0,55,255,3,1,1,0,1,3,21,0,234
2004,9,TB,REG,2004_09_KC_TB,KC,22,34,296,2,0,1,-8,0,0,0,296,13,8.46663652368473,,0,9,8,6,1,20,130,3,0,0,6,7.21087101276498,0,2,2,1,1,22,0,296,2,0,0,0,0,13,18.6631140486209,0,9,8,6,1,0,57,10,10,0,0,1,2,15,0,2,0,4,0,0,0,0,0,0,0,0,0,0,0,1,32,0,10,95,3,0,0,0,0,0,1,2,5,108,0,1,1,0,,0,0,0,0,0,0,0,0,0,0,1,0,0,,46,,0,46,0,4,5,1,0,0.8,0,0,0,0,0,4,0,57,179,0,0,0,0,1,2,42,0,137
2004,9,WAS,REG,2004_09_WAS_DET,DET,7,18,73,1,0,0,0,0,0,0,73,6,-1.26372132351354,,0,5,0,0,0,40,156,0,0,0,8,-5.4078504263307,0,6,5,2,0,7,0,73,1,0,0,0,0,6,8.58965330698993,0,5,0,0,0,1,50,1,17,0,0,0,2,11,0,1,0,5,0,0,0,1,0,0,0,0,13,0,0,0,0,0,7,75,5,0,0,0,0,0,2,46,2,24,1,2,1,0,24,0.5,0,1,0,0,0,0,0,0,0,0,1,0,24,51,,24,51,0,2,2,0,0,1,0,0,0,0,0,9,0,59,431,5,1,3,0,0,5,21,0,410
2004,10,ARI,REG,2004_10_NYG_ARI,NYG,12,24,90,0,0,2,-16,1,0,0,90,6,-7.44830805426414,,0,3,1,0,0,32,104,2,1,0,8,-2.60221615582122,0,2,0,0,0,12,0,90,0,0,0,0,0,6,6.48615137877641,0,3,1,0,0,0,43,14,14,0,0,0,6,32,0,0,0,6,0,0,0,0,0,1,0,0,0,2,0,0,0,0,3,15,1,2,0,0,2,0,5,65,3,62,1,1,0,0,41,1,0,0,0,1,0,0,0,0,0,0,0,0,41,,,41,0,0,2,2,0,0,1,0,0,0,0,0,6,0,51,277,2,0,1,1,0,4,17,0,240
2004,10,ATL,REG,2004_10_TB_ATL,TB,8,16,147,1,1,5,-27,0,0,0,147,4,-4.38526653206621,,0,4,2,2,2,39,205,2,0,0,11,2.88839721406112,0,5,3,2,1,8,0,147,1,0,0,0,0,4,10.835510858451,0,4,2,2,2,0,49,6,6,0,0,0,7,49,0,1,8,2,0,0,0,0,0,0,0,0,0,0,0,0,0,0,6,45,1,0,0,0,0,0,2,0,3,74,1,1,0,0,33,1,0,0,1,0,0,0,0,0,0,0,0,0,33,,,33,0,0,3,3,0,0,1,0,0,0,0,0,6,0,49,250,1,0,0,0,4,2,24,0,226
2004,10,BAL,REG,2004_10_BAL_NYJ,NYJ,19,33,213,2,0,3,-27,0,0,0,213,12,5.49251751397367,,0,10,6,4,0,32,76,0,0,0,3,-7.94722990557784,0,1,0,0,0,19,0,213,2,0,0,0,0,12,23.0271241489004,0,10,6,4,0,0,35,22,22,0,0,0,5,26,0,1,78,2,0,1,0,0,0,0,0,0,0,1,0,0,0,0,5,39,5,1,1,0,2,1,7,45,4,101,2,2,0,0,42,1,0,1,0,1,0,0,0,0,0,0,0,0,24;42,,,66,0,0,2,2,0,0,1,1,1,0,0,42,7,0,59,272,3,0,2,0,1,4,21,0,251
2004,10,BUF,REG,2004_10_BUF_NE,NE,9,21,81,0,4,3,-6,1,1,0,81,5,-21.6614848316822,,0,3,1,0,0,17,50,0,0,0,2,-6.3134046562044,0,2,0,0,0,9,0,81,0,0,0,0,0,5,5.18818002691842,0,3,1,0,0,1,31,39,39,0,0,0,2,13,0,1,35,2,0,0,0,0,0,0,0,0,0,0,0,0,0,0,2,48,3,1,0,0,1,1,2,70,7,142,0,0,0,0,,,0,0,0,0,0,0,0,0,0,0,0,0,,,,0,0,0,0,0,0,0,,0,0,0,0,0,5,0,58,240,1,0,0,1,1,3,34,0,186
2004,10,CAR,REG,2004_10_CAR_SF,SF,19,34,303,3,0,1,-2,0,0,0,303,13,17.1089245802923,,0,11,9,7,1,18,57,1,0,0,3,-1.36443554138532,0,2,0,0,0,19,0,303,3,1,1,0,0,13,22.7778493271326,0,11,9,7,1,0,53,15,15,0,0,2,4,37,0,4,22,8,0,0,0,0,0,0,0,0,0,0,0,1,0,0,7,49,1,2,0,0,2,2,1,5,6,125,3,3,0,0,37,1,0,1,2,0,0,0,0,0,0,0,0,0,37;25;34,,,96,0,0,4,4,0,0,1,0,0,0,0,0,4,0,57,165,0,0,1,0,0,3,22,0,143
2004,10,CHI,REG,2004_10_CHI_TEN,TEN,10,28,116,0,2,5,-41,2,1,0,116,5,-21.5771875597579,,0,4,3,3,0,34,101,0,0,0,5,-7.00255293635867,0,0,0,0,0,10,0,116,0,0,0,0,0,5,6.05487073496495,0,4,3,3,0,1,43,22,22,0,0,3,3,16,0,1,45,6,1,0,1,0,0,1,0,0,0,1,0,2,3,0,6,50,4,2,0,0,2,1,6,100,5,108,1,2,1,0,29,0.5,0,1,0,0,0,0,0,0,1,0,0,0,29,39,,29,39,0,2,2,0,0,1,0,0,0,0,0,11,0,56,509,4,0,0,0,4,7,34,0,475
2004,10,CIN,REG,2004_10_CIN_WAS,WAS,24,39,217,1,2,0,0,0,0,0,217,13,2.26661454495184,,0,11,3,1,0,34,99,1,1,1,4,-10.703701787279,0,3,3,0,0,24,0,217,1,0,0,0,0,13,21.0171945837108,0,11,3,1,0,0,48,0,6,0,0,1,5,35,0,3,12,12,0,0,0,0,0,0,0,0,0,0,0,0,0,0,5,50,3,1,0,0,1,1,4,8,2,29,1,1,0,0,41,1,0,0,0,1,0,0,0,0,0,0,0,0,41,,,41,0,0,2,2,0,0,1,0,0,0,0,0,6,0,49,238,1,0,1,1,0,4,35,0,183
2004,10,CLE,REG,2004_10_PIT_CLE,PIT,12,25,174,1,2,4,-14,2,1,0,174,7,-11.7493900001864,,0,6,3,2,1,22,68,0,1,1,5,-7.75846236843312,0,2,1,0,0,12,0,174,1,0,0,0,0,7,14.0548610722763,0,6,3,2,1,0,40,18,18,0,0,0,2,14,0,1,-2,3,0,0,0,0,0,0,0,0,0,1,0,0,0,0,3,11,6,2,1,0,3,2,1,14,5,105,1,1,0,0,31,1,0,0,1,0,0,0,0,0,0,0,0,0,31,,,31,0,0,1,1,0,0,1,0,0,0,0,0,5,0,46,190,3,1,1,0,1,2,29,0,161
2004,10,DAL,REG,2004_10_PHI_DAL,PHI,21,30,254,2,1,1,-8,0,0,0,254,9,-1.17591533088125,,0,9,8,7,0,24,71,1,0,0,4,-4.40774754871381,0,2,2,0,0,21,0,254,2,1,1,0,0,9,13.6740284049883,0,9,8,7,0,0,36,0,20,0,0,0,1,9,0,0,0,3,0,2,0,0,0,0,0,0,0,1,0,0,0,0,7,50,0,1,2,0,3,2,5,34,7,195,0,0,0,0,,,0,0,0,0,0,0,0,0,0,0,0,0,,,,0,0,0,3,3,0,0,1,0,0,0,0,0,7,0,68,309,3,0,0,2,3,2,9,0,260
2004,10,DET,REG,2004_10_DET_JAX,JAX,11,33,121,0,1,2,-12,0,0,0,121,3,-19.9103844340473,,0,4,2,1,1,19,81,0,0,0,4,-0.966660018078983,0,2,2,0,0,11,0,121,0,0,0,0,0,3,8.54450940497918,0,4,2,1,1,2,66,2,12,0,0,0,3,22,0,0,0,3,0,0,0,0,0,0,0,0,0,0,0,0,0,0,8,45,3,0,0,0,0,0,6,199,2,58,1,2,1,0,21,0.5,0,1,0,0,0,0,0,0,1,0,0,0,21,32,,21,32,0,2,2,0,0,1,0,0,0,0,0,6,0,52,265,2,0,1,1,0,4,35,0,210
2004,10,GB,REG,2004_10_MIN_GB,MIN,20,29,236,4,0,0,0,0,0,0,236,11,17.6308872313261,,0,8,4,3,1,35,206,0,1,1,11,-2.71059219762717,0,7,5,2,0,20,0,236,4,1,0,0,0,11,20.1938276705914,0,8,4,3,1,0,42,7,9,0,0,0,4,18,0,0,0,6,0,0,0,0,0,0,0,0,0,2,1,0,0,0,4,25,5,2,1,0,3,1,2,17,6,163,2,2,0,0,43,1,0,0,1,1,0,0,0,0,0,0,0,0,43;33,,,76,0,0,4,4,0,0,1,1,1,0,0,33,3,0,32,91,1,1,1,0,0,1,-1,0,92
2004,10,HOU,REG,2004_10_HOU_IND,IND,22,41,215,0,3,5,-45,3,1,0,215,13,-21.7486030682339,,0,9,4,2,0,37,132,2,0,0,6,-3.19793179838785,0,3,3,0,0,22,0,215,0,0,0,0,0,13,21.4319526310428,0,9,4,2,0,0,34,6,6,0,0,1,1,8,0,2,34,5,0,0,0,0,0,0,0,0,0,2,0,0,0,0,8,65,3,3,0,0,3,1,2,19,7,166,0,1,1,0,,0,0,0,0,0,0,0,0,0,0,0,1,0,,55,,0,55,0,2,2,0,0,1,0,0,0,0,0,4,0,44,135,1,0,0,0,2,2,42,0,93
2004,10,IND,REG,2004_10_HOU_IND,HOU,18,27,320,5,2,1,-8,1,0,0,320,13,13.2865758956426,,0,10,7,5,2,20,86,0,0,0,3,-0.398680735350354,0,1,1,1,0,18,0,320,5,0,0,0,0,13,31.260056626193,0,10,7,5,2,0,53,22,22,0,0,3,5,45,0,3,77,8,1,0,0,0,0,0,0,0,0,1,0,1,37,1,11,85,3,1,0,0,1,0,2,42,3,70,0,1,1,0,,0,0,0,0,0,0,0,0,0,1,0,0,0,,39,,0,39,0,7,7,0,0,1,0,0,0,0,0,3,0,51,123,1,0,0,0,1,2,19,0,104
2004,10,JAX,REG,2004_10_DET_JAX,DET,19,36,198,2,0,3,-22,0,0,0,198,11,-0.361530952098182,,0,8,3,1,0,50,239,1,0,0,10,-0.22104356464115,0,5,4,1,1,19,0,198,2,0,0,0,0,11,19.6368545420119,0,8,3,1,0,0,30,3,13,0,0,0,2,12,0,1,21,10,0,0,0,0,0,0,0,0,0,0,0,0,0,0,10,99,6,0,0,0,0,0,4,35,3,58,1,1,0,0,31,1,0,0,1,0,0,0,0,0,0,0,0,0,31,,,31,0,0,2,2,0,0,1,0,0,0,0,0,8,0,54,317,1,0,1,0,1,6,199,2,118
2004,10,KC,REG,2004_10_KC_NO,NO,22,33,311,1,2,2,-14,1,1,0,311,15,7.20085550552685,,0,17,8,5,0,36,200,1,0,0,11,3.18157496486674,0,6,6,2,0,22,0,311,1,1,1,0,0,15,16.0010122141975,0,17,8,5,0,0,43,6,6,0,0,1,4,19,0,1,2,1,0,0,0,0,0,0,0,0,0,0,0,0,0,0,12,94,6,2,0,0,2,2,4,22,6,164,2,2,0,0,44,1,0,1,0,1,0,0,0,0,0,0,0,0,24;44,,,68,0,0,2,2,0,0,1,0,0,0,0,0,3,0,52,115,1,0,0,1,1,1,10,0,85
2004,10,LA,REG,2004_10_SEA_STL,SEA,23,34,262,1,0,1,-2,0,0,0,262,14,9.8095099670976,,0,11,8,3,0,31,202,1,1,1,10,0.0388088938213111,0,7,6,2,1,23,0,262,1,1,1,0,0,14,13.235524210264,0,11,8,3,0,0,44,9,9,0,0,1,1,6,0,1,0,6,0,0,0,0,0,0,0,0,0,0,0,1,0,0,7,55,5,2,0,0,2,2,0,0,5,110,3,3,0,0,47,1,0,1,1,1,0,0,0,0,0,0,0,0,36;47;23,,,106,0,0,2,2,0,0,1,0,0,0,0,0,3,0,51,138,1,0,0,1,0,2,20,0,98
2004,10,MIN,REG,2004_10_MIN_GB,GB,27,44,363,4,0,4,-18,0,0,0,363,20,23.219660678762,,0,17,9,6,1,16,71,0,0,0,2,-3.08826980153884,0,2,0,0,0,27,0,363,4,0,0,0,0,20,38.032990531181,0,17,9,6,1,0,40,19,19,0,0,2,0,0,0,0,0,1,0,0,0,0,0,0,0,0,0,0,0,1,0,0,6,37,6,0,0,0,0,0,1,-1,5,98,1,1,0,0,21,1,0,1,0,0,0,0,0,0,0,0,0,0,21,,,21,0,0,4,4,0,0,1,0,0,0,0,0,5,0,45,176,1,0,2,0,1,2,17,0,159
2004,10,NE,REG,2004_10_BUF_NE,BUF,19,35,233,2,1,2,-13,0,0,0,233,12,1.87733811947987,,0,9,5,2,1,45,208,0,0,0,11,-3.23027800856404,0,8,7,1,0,19,0,233,2,0,0,0,0,12,22.3938736643729,0,9,5,2,1,0,20,15,17,0,0,1,3,6,0,4,50,5,0,0,0,0,0,0,0,0,0,0,0,1,0,0,5,44,1,0,0,0,0,0,3,34,2,48,5,5,0,0,45,1,0,3,1,1,0,0,0,0,0,0,0,0,27;24;20;45;37,,,153,0,0,2,2,0,0,1,0,0,0,0,0,3,0,51,140,0,1,0,0,0,2,70,1,70
2004,10,NO,REG,2004_10_KC_NO,KC,15,27,259,1,1,4,-19,0,0,0,259,7,4.65283560047249,,0,9,5,3,3,23,134,2,1,0,7,4.81161620207176,0,6,5,2,0,15,0,259,1,1,0,0,0,7,20.7201463060919,0,9,5,3,3,0,49,20,20,0,0,2,2,14,0,2,14,6,0,0,0,0,0,0,0,0,0,2,-5,2,8,0,8,57,4,1,1,0,2,0,1,10,5,108,2,2,0,0,39,1,0,0,2,0,0,0,0,0,0,0,0,0,39;38,,,77,0,0,3,3,0,0,1,0,0,0,0,0,5,0,48,203,2,0,0,0,1,4,22,0,181
2004,10,NYG,REG,2004_10_NYG_ARI,ARI,19,31,193,1,0,6,-32,0,0,0,193,9,-3.74022641939792,,0,7,2,2,0,28,147,1,0,0,10,7.7737453157315,0,4,4,0,0,19,0,193,1,0,0,0,0,9,13.5800559915196,0,7,2,2,0,0,35,15,15,0,0,2,2,16,0,0,0,2,0,0,0,0,0,0,0,0,0,0,0,0,0,0,10,97,5,0,0,0,0,0,4,17,2,39,0,1,0,1,,0,0,0,0,0,0,0,0,0,0,0,0,0,,,44,0,0,44,2,2,0,0,1,0,0,0,0,0,5,0,55,234,1,0,0,0,0,5,65,0,169
2004,10,NYJ,REG,2004_10_BAL_NYJ,BAL,13,23,175,0,1,5,-26,0,0,0,175,9,-9.41051642239476,,0,8,5,2,1,36,156,2,0,0,6,0.637674795958446,0,2,1,1,0,13,0,175,0,0,0,0,0,9,13.5357002671517,0,8,5,2,1,0,36,25,25,0,0,1,3,27,0,0,0,4,0,1,0,0,0,0,0,0,0,1,0,1,0,0,6,55,6,0,1,0,1,0,4,21,3,62,1,1,0,0,20,1,0,1,0,0,0,0,0,0,0,0,0,0,20,,,20,0,0,2,2,0,0,1,0,0,0,0,0,9,0,53,370,1,1,0,0,1,7,45,0,325
2004,10,PHI,REG,2004_10_PHI_DAL,DAL,15,28,345,4,0,1,-9,0,0,0,345,11,23.4754212031257,,0,9,7,5,4,33,149,2,0,0,9,4.9559552128776,0,3,3,0,0,15,0,345,4,0,0,0,0,11,33.3745120987878,0,9,7,5,4,0,48,0,8,0,0,1,1,8,0,1,101,4,1,0,0,0,0,0,0,0,0,0,0,2,8,0,9,59,3,0,0,0,0,0,2,9,4,70,0,0,0,0,,,0,0,0,0,0,0,0,0,0,0,0,0,,,,0,0,0,7,7,0,0,1,0,0,0,0,0,6,0,48,247,0,1,0,0,0,5,34,0,213
2004,10,PIT,REG,2004_10_PIT_CLE,CLE,10,16,134,0,1,2,-14,0,0,0,134,7,0.615206887596287,,0,7,4,2,0,47,180,2,0,0,10,0.660850342408091,0,4,3,2,0,10,0,134,0,0,0,0,0,7,11.4804225169355,0,7,4,2,0,0,33,7,7,0,0,2,4,14,0,2,0,5,0,0,0,0,0,0,0,0,0,0,0,2,24,1,5,38,4,0,0,0,0,0,2,29,2,48,1,2,1,0,20,0.5,0,1,0,0,0,0,0,1,0,0,0,0,20,24,,20,24,0,3,3,0,0,1,0,0,0,0,0,4,0,50,171,2,0,2,0,1,1,14,0,157
2004,10,SEA,REG,2004_10_SEA_STL,LA,15,36,172,0,1,1,-6,0,0,0,172,9,-6.66074061981169,,0,9,3,2,0,28,206,0,1,1,10,0.980293666129,0,9,8,1,0,15,0,172,0,0,0,0,0,9,9.52031682042498,0,9,3,2,0,0,52,8,8,0,0,2,1,2,0,0,0,2,0,0,0,0,0,0,0,0,0,0,0,2,0,0,4,20,5,1,0,0,1,1,2,20,6,168,4,4,0,0,45,1,0,1,1,2,0,0,0,0,0,0,0,0,28;30;45;41,,,144,0,0,0,0,0,0,,0,0,0,0,0,3,0,51,148,1,0,1,1,1,0,0,0,128
2004,10,SF,REG,2004_10_CAR_SF,CAR,22,37,284,1,4,4,-37,2,1,0,284,14,-8.75673256307671,,0,12,6,4,0,33,110,2,0,0,7,-1.80195484391879,0,2,2,1,0,22,0,284,1,0,0,0,0,14,23.3906053610885,0,12,6,4,0,0,36,3,5,0,0,2,1,2,0,0,0,4,0,0,0,0,0,0,0,0,0,1,0,2,8,0,7,60,1,2,0,0,2,1,3,22,8,178,2,2,0,0,46,1,0,1,0,1,0,0,0,0,0,0,0,0,28;46,,,74,0,0,3,3,0,0,1,0,0,0,0,0,3,0,49,122,1,0,1,1,0,1,5,0,97
2004,10,TB,REG,2004_10_TB_ATL,ATL,19,26,174,2,1,7,-49,0,0,0,174,8,-1.43100646918174,,0,7,4,3,0,23,68,0,0,0,4,-6.95457003678894,0,1,0,0,0,19,0,174,2,0,0,0,0,8,15.286791156861,0,7,4,3,0,0,49,3,3,0,0,0,5,27,0,1,0,3,0,0,0,0,0,0,0,0,0,0,0,0,0,0,13,83,6,0,0,0,0,0,2,24,5,118,0,0,0,0,,,0,0,0,0,0,0,0,0,0,0,0,0,,,,0,0,0,2,2,0,0,1,0,0,0,0,0,7,0,52,275,1,0,2,0,3,2,0,0,275
2004,10,TEN,REG,2004_10_CHI_TEN,CHI,27,44,334,2,1,3,-16,1,0,0,334,13,-3.77027594194854,,0,11,9,6,1,24,72,0,2,2,1,-16.375376373122,0,1,1,0,0,27,0,334,2,0,0,0,0,13,19.2695255427681,0,11,9,6,1,0,33,26,30,0,0,2,5,41,0,2,21,5,0,1,0,0,0,0,0,0,0,2,0,1,0,0,4,25,5,3,1,0,4,2,7,34,4,108,1,3,1,1,33,0.333333333333333,0,0,1,0,0,0,0,0,0,0,1,0,33,58,52,33,58,52,2,2,0,0,1,0,0,0,0,0,9,0,57,394,2,1,0,2,0,6,100,1,254
2004,10,WAS,REG,2004_10_CIN_WAS,CIN,19,46,216,1,3,5,-35,1,0,0,216,11,-19.0245515175081,,0,10,4,2,0,20,87,0,0,0,4,-1.80771120532881,0,2,0,0,0,19,0,216,1,0,0,0,0,11,14.6720495048762,0,10,4,2,0,0,58,3,7,0,0,1,0,0,0,2,31,4,0,0,0,0,0,0,0,0,0,1,0,1,-4,0,7,50,5,1,0,0,1,0,4,35,4,64,1,2,1,0,33,0.5,0,0,1,0,0,0,0,0,0,1,0,0,33,47,,33,47,0,1,1,0,0,1,0,0,0,0,0,6,0,49,255,3,0,0,0,2,4,8,0,247
2004,11,ARI,REG,2004_11_ARI_CAR,CAR,28,52,343,1,3,4,-29,2,1,0,343,14,-11.5749785606679,,0,14,7,5,1,28,85,0,2,0,4,-5.97118559418353,0,1,1,0,0,28,0,343,1,1,0,0,0,14,31.1853994848789,0,14,7,5,1,0,29,8,14,0,0,0,0,0,0,1,27,6,0,0,0,0,0,0,0,0,0,4,1,0,0,0,12,105,1,3,2,0,5,1,3,26,6,110,1,2,1,0,28,0.5,0,1,0,0,0,0,0,0,0,0,1,0,28,50,,28,50,0,1,1,0,0,1,0,0,0,0,0,3,0,52,119,2,0,1,0,1,1,7,0,112
2004,11,ATL,REG,2004_11_ATL_NYG,NYG,12,20,115,2,0,2,-18,1,0,0,115,7,3.97513657191303,,0,5,3,1,0,34,201,0,1,0,8,4.37762844527606,0,5,5,3,0,12,0,115,2,0,0,0,0,7,12.0543681121198,0,5,3,1,0,0,28,20,20,0,0,0,1,4,0,2,19,9,0,0,0,0,0,0,0,0,0,1,0,0,0,0,12,94,4,1,1,1,2,0,3,11,3,54,0,1,1,0,,0,0,0,0,0,0,0,0,0,0,1,0,0,,46,,0,46,0,2,2,0,0,1,0,0,0,0,0,7,0,49,244,0,1,1,0,1,4,1,0,243
2004,11,BAL,REG,2004_11_DAL_BAL,DAL,23,35,232,2,0,1,-4,0,0,0,232,11,2.08705824124528,,0,10,5,3,0,21,59,1,0,0,4,-2.42919244559016,0,1,1,0,0,23,0,232,2,2,2,0,0,11,9.02955660241423,0,10,5,3,0,0,38,19,19,0,0,1,2,28,0,2,46,8,1,0,0,0,0,0,0,0,0,0,0,1,0,0,4,30,2,2,0,0,2,2,4,25,3,42,1,1,0,0,50,1,0,0,0,0,1,0,0,0,0,0,0,0,50,,,50,0,0,3,3,0,0,1,0,0,0,0,0,5,0,54,200,2,1,2,0,0,2,33,0,167
2004,11,BUF,REG,2004_11_STL_BUF,LA,15,24,185,3,1,1,-10,0,0,0,185,8,1.43958002224092,,0,5,3,2,1,26,119,0,1,0,5,-6.51751193811651,0,4,3,1,1,15,0,185,3,0,0,0,0,8,13.5915020069888,0,5,3,2,1,1,40,14,22,0,0,1,6,52,0,3,0,8,0,0,0,0,0,0,0,0,0,1,-8,1,0,0,15,123,4,0,1,0,1,0,3,148,4,93,3,3,0,0,35,1,0,1,2,0,0,0,0,0,0,0,0,0,21;35;33,,,89,0,0,4,4,0,0,1,0,0,0,0,0,4,0,51,165,0,1,0,0,0,3,20,0,145
2004,11,CAR,REG,2004_11_ARI_CAR,ARI,13,27,160,2,1,0,0,0,0,0,160,6,3.66187932196772,,0,7,4,3,0,27,157,3,0,0,7,2.90458939070231,0,4,3,2,1,13,0,160,2,0,0,0,0,6,16.9951444691105,0,7,4,3,0,0,60,6,12,0,0,3,4,29,0,3,79,14,0,0,0,0,0,0,0,0,0,0,0,1,1,0,12,85,4,0,0,0,0,0,1,7,2,47,0,0,0,0,,,0,0,0,0,0,0,0,0,0,0,0,0,,,,0,0,0,5,5,0,0,1,0,0,0,0,0,5,0,58,238,1,1,1,0,0,3,26,0,212
2004,11,CHI,REG,2004_11_IND_CHI,IND,14,24,175,1,2,4,-30,1,1,0,175,8,-9.39602160564391,,0,6,4,3,1,26,79,0,1,1,4,-10.1558268042555,0,2,2,0,0,14,0,175,1,1,1,0,0,8,2.55048718774924,0,6,4,3,1,0,42,14,14,0,0,1,0,0,0,1,30,5,0,0,0,0,0,0,0,0,0,1,-1,0,0,0,9,50,2,3,1,0,4,3,0,0,8,158,1,1,0,0,51,1,0,0,0,0,1,0,0,0,0,0,0,0,51,,,51,0,0,1,1,0,0,1,0,0,0,0,0,4,0,47,163,0,1,1,0,0,2,9,0,154
2004,11,CIN,REG,2004_11_PIT_CIN,PIT,13,25,165,2,1,3,-18,0,0,0,165,7,-8.14627442776691,,0,7,5,3,0,16,62,0,0,0,2,-3.76644622226013,0,1,1,0,0,13,0,165,2,0,0,0,0,7,12.19215899345,0,7,5,3,0,0,55,4,26,0,0,2,7,54,0,0,0,2,0,0,0,0,0,0,0,0,0,1,0,1,0,0,10,97,4,1,0,0,1,0,3,11,4,79,0,0,0,0,,,0,0,0,0,0,0,0,0,0,0,0,0,,,,0,0,0,2,2,0,0,1,0,0,0,0,0,7,0,54,327,1,0,0,0,0,7,83,0,244
2004,11,CLE,REG,2004_11_NYJ_CLE,NYJ,14,27,120,1,0,1,-3,0,0,0,120,8,-4.93688085654261,,0,6,2,1,0,27,99,0,0,0,3,-5.81525960029103,0,1,1,1,0,14,0,120,1,0,0,0,0,8,8.24714517232496,0,6,2,1,0,0,41,13,13,0,0,0,6,38,0,1,28,5,0,1,0,0,0,1,0,0,0,0,0,0,0,0,7,40,5,0,1,0,1,1,5,81,3,77,0,2,2,0,,0,0,0,0,0,0,0,0,0,1,1,0,0,,42;34,,0,76,0,1,1,0,0,1,0,0,0,0,0,9,0,50,366,2,1,1,2,1,4,31,0,295
2004,11,DAL,REG,2004_11_DAL_BAL,BAL,15,28,156,1,2,2,-28,1,1,0,156,11,-16.2717157862409,,0,10,3,1,0,35,94,0,0,0,4,-5.65139621144044,0,1,0,0,0,15,0,156,1,0,0,0,0,11,14.5316194688494,0,10,3,1,0,0,37,13,13,0,0,2,1,4,0,0,0,4,0,0,0,0,0,0,0,0,0,0,0,2,16,0,4,20,2,1,0,0,1,1,2,33,6,141,1,2,1,0,19,0.5,1,0,0,0,0,0,0,0,0,1,0,0,19,41,,19,41,0,1,1,0,0,1,0,0,0,0,0,6,0,55,250,2,0,1,0,1,4,25,0,225
2004,11,DEN,REG,2004_11_DEN_NO,NO,19,29,224,2,0,0,0,0,0,0,224,11,10.3787153645927,,0,10,3,2,0,31,165,1,0,0,7,-0.734510499460157,0,4,3,1,1,19,0,224,2,0,0,0,0,11,17.2297292075818,0,10,3,2,0,0,44,14,14,0,0,1,2,15,0,3,83,10,1,0,0,0,0,0,0,0,0,0,0,1,0,0,6,82,5,0,0,0,0,0,3,36,4,87,2,2,0,0,48,1,0,0,1,1,0,0,0,0,0,0,0,0,48;34,,,82,0,0,4,4,0,0,1,0,0,0,0,0,6,0,49,245,3,1,1,0,2,2,8,0,237
2004,11,DET,REG,2004_11_DET_MIN,MIN,12,19,91,1,1,3,-24,0,0,0,91,5,-5.73033422178843,,0,4,1,1,0,27,146,0,0,0,8,6.26212650974048,0,5,4,0,0,12,0,91,1,0,0,0,0,5,4.7825677965302,0,4,1,1,0,1,53,9,11,0,0,0,3,21,0,1,7,1,0,0,1,0,0,0,0,0,0,0,0,0,0,0,9,116,5,0,0,0,0,0,3,12,5,170,1,1,0,0,48,1,0,0,0,1,0,0,0,0,0,0,0,0,48,,,48,0,0,2,2,0,0,1,0,0,0,0,0,6,0,47,249,3,0,1,0,1,4,13,0,236
2004,11,GB,REG,2004_11_GB_HOU,HOU,33,50,383,1,2,0,0,0,0,0,383,17,5.42329878340884,,0,16,7,6,1,21,90,0,0,0,4,-0.484120623383205,0,2,2,1,0,33,0,383,1,0,0,0,0,17,25.3237042317192,0,16,7,6,1,0,40,9,11,0,0,0,2,20,0,0,0,7,0,0,0,0,0,0,0,0,0,0,0,0,0,0,10,90,4,0,0,0,0,0,4,23,4,60,3,4,1,0,46,0.75,0,1,1,1,0,0,0,0,0,1,0,0,23;39;46,49,,108,49,0,1,1,0,0,1,1,1,0,0,46,3,0,43,120,1,0,0,0,0,3,38,0,82
2004,11,HOU,REG,2004_11_GB_HOU,GB,13,27,164,1,0,2,-20,0,0,0,164,7,-3.59769164440441,,0,7,4,3,1,27,107,0,0,0,4,-4.10812399559654,0,3,1,1,0,13,0,164,1,0,0,0,0,7,12.0213423066307,0,7,4,3,1,0,43,16,18,0,0,0,0,0,0,2,0,9,0,0,0,0,0,0,0,0,0,0,0,0,0,0,3,25,3,0,0,0,0,0,3,38,4,73,2,3,1,0,46,0.666666666666667,0,0,0,2,0,0,0,0,0,1,0,0,46;40,40,,86,40,0,1,1,0,0,1,0,0,0,0,0,7,0,53,308,3,0,0,1,2,4,23,0,265
2004,11,IND,REG,2004_11_IND_CHI,CHI,17,28,211,4,1,0,0,0,0,0,211,13,6.46693947745092,,0,10,2,2,0,39,275,1,0,0,15,13.5850326578366,0,9,6,3,1,17,0,211,4,0,0,0,0,13,22.3437240398489,0,10,2,2,0,0,44,7,7,0,0,3,4,30,0,2,0,4,0,0,0,0,0,0,0,0,0,0,0,3,-1,0,10,91,1,1,0,1,1,0,2,9,3,57,2,2,0,0,34,1,0,1,1,0,0,0,0,0,0,0,0,0,34;20,,,54,0,0,5,5,0,0,1,0,0,0,0,0,2,0,43,70,1,0,0,0,2,0,0,0,70
2004,11,JAX,REG,2004_11_TEN_JAX,TEN,13,27,129,0,1,2,-6,0,0,0,129,8,-4.65397759894713,,0,8,1,0,0,32,151,1,1,1,9,-3.64513205649564,0,7,2,1,0,13,0,129,0,0,0,0,0,8,9.61716343016869,0,8,1,0,0,0,45,3,13,0,0,1,3,17,0,2,7,7,0,0,1,0,0,0,0,0,0,0,0,0,0,0,3,22,4,0,1,0,1,1,1,0,5,121,2,3,1,0,48,0.666666666666667,0,0,1,1,0,0,0,0,0,1,0,0,35;48,44,,83,44,0,1,1,0,0,1,0,0,0,0,0,6,0,45,245,2,0,1,1,1,3,18,0,207
2004,11,KC,REG,2004_11_NE_KC,NE,27,42,381,2,1,4,-28,1,0,0,381,15,10.8860235395142,,0,13,9,4,1,20,64,0,0,0,5,-3.67694849604687,0,1,1,0,0,27,0,381,2,0,0,0,0,15,29.6841966855455,0,13,9,4,1,0,46,3,3,0,0,1,1,6,0,0,0,3,0,0,0,0,0,0,0,0,0,1,0,1,0,0,7,50,6,1,0,0,1,0,1,0,6,156,2,2,0,0,44,1,0,1,0,1,0,0,0,0,0,0,0,0,44;24,,,68,0,0,1,1,0,0,1,0,0,0,0,0,3,0,42,95,1,1,0,0,1,1,4,0,91
2004,11,LA,REG,2004_11_STL_BUF,BUF,27,45,287,2,3,6,-52,0,0,-1,287,13,-5.95484931152337,,0,10,5,4,0,20,35,0,0,0,2,-8.71942114311969,0,1,0,0,0,27,0,287,2,1,0,-1,0,13,30.3048302765237,0,10,5,4,0,0,33,9,13,0,0,0,1,10,0,1,30,4,0,0,0,0,0,0,0,0,0,1,0,0,0,0,11,84,5,1,1,0,2,1,3,20,8,118,1,1,0,0,41,1,0,0,0,1,0,0,0,0,0,0,0,0,41,,,41,0,0,2,2,0,0,1,0,0,0,0,0,4,0,54,159,0,0,0,0,1,3,148,1,11
2004,11,LAC,REG,2004_11_SD_OAK,LV,18,35,226,1,0,0,0,0,0,0,226,11,9.86901173234246,,0,11,6,3,0,44,176,2,1,1,11,-3.00007068252307,0,3,2,0,0,18,0,226,1,0,0,0,0,11,23.6569967339747,0,11,6,3,0,0,28,11,11,0,0,1,1,7,0,0,0,3,0,0,0,0,0,0,0,0,0,0,0,1,25,0,9,80,4,1,0,0,1,1,1,15,3,64,1,2,1,0,19,0.5,1,0,0,0,0,0,0,0,0,1,0,0,19,42,,19,42,0,2,3,0,1,0.666666666666667,0,0,0,0,0,4,0,57,173,3,0,1,0,1,2,9,0,164
2004,11,LV,REG,2004_11_SD_OAK,LAC,18,31,227,2,0,1,-7,0,0,0,227,9,7.35445372452743,,0,11,5,3,0,14,53,0,0,0,3,-3.77657442103373,0,2,0,0,0,18,0,227,2,1,1,0,0,9,11.4958276042693,0,11,5,3,0,0,46,15,15,0,0,1,0,0,0,0,0,7,0,0,0,0,1,0,0,0,0,0,0,1,28,0,8,76,5,1,0,0,1,1,2,9,5,70,1,1,0,0,31,1,0,0,1,0,0,0,0,0,0,0,0,0,31,,,31,0,0,2,2,0,0,1,0,0,0,0,0,6,0,57,270,0,1,1,3,0,1,15,0,195
2004,11,MIA,REG,2004_11_MIA_SEA,SEA,24,46,230,1,2,4,-11,3,2,0,230,14,-22.4493468509776,,0,8,5,2,0,23,69,1,0,0,3,-0.95709399622865,0,2,2,0,0,24,1,230,1,0,0,0,0,14,17.3481401691468,0,8,5,2,0,0,41,20,22,0,0,1,3,19,0,2,0,5,0,0,0,0,0,0,0,0,0,1,0,1,0,0,8,98,4,3,0,0,3,2,3,33,4,91,1,2,1,0,39,0.5,0,0,1,0,0,0,0,0,1,0,0,0,39,34,,39,34,0,2,2,0,0,1,0,0,0,0,0,8,0,49,334,3,0,2,0,1,5,27,0,307
2004,11,MIN,REG,2004_11_DET_MIN,DET,22,32,233,2,1,3,-21,0,0,0,233,10,7.56512266023504,,1,6,2,1,1,34,107,1,0,0,10,0.357906899880618,0,4,1,0,0,22,0,233,2,0,0,0,0,10,21.5012059349539,1,6,2,1,1,0,32,13,17,0,0,0,3,24,0,1,3,1,0,0,0,0,0,0,0,0,0,0,0,0,0,0,7,51,4,0,0,0,0,0,4,13,3,57,0,0,0,0,,,0,0,0,0,0,0,0,0,0,0,0,0,,,,0,0,0,2,2,0,0,1,0,0,0,0,0,4,0,51,162,1,1,0,0,0,3,12,0,150
2004,11,NE,REG,2004_11_NE_KC,KC,17,26,315,1,0,1,-6,0,0,0,315,12,23.0674660441259,,0,12,9,7,2,32,98,2,1,1,7,-4.98773642477896,0,2,2,0,0,17,1,315,1,0,0,0,0,12,29.9307213724824,0,12,9,7,2,0,54,2,2,0,0,1,4,28,0,1,12,4,0,0,0,0,0,0,0,0,0,0,0,0,0,0,4,25,5,1,0,0,1,1,1,4,5,94,2,2,0,0,37,1,0,1,1,0,0,0,0,0,0,0,0,0,37;28,,,65,0,0,3,3,0,0,1,0,0,0,0,0,2,0,48,87,2,1,0,0,0,1,0,0,87
2004,11,NO,REG,2004_11_DEN_NO,DEN,34,60,377,1,3,2,-15,0,0,0,377,15,-11.9938411229759,,0,17,9,5,0,14,49,0,0,0,2,-1.33962965005776,0,2,1,0,0,34,0,377,1,0,0,0,0,15,26.5248318797066,0,17,9,5,0,0,34,20,20,0,0,0,0,0,0,0,0,3,0,0,0,0,0,0,0,0,0,0,0,0,0,0,10,79,4,1,0,0,1,1,2,8,7,174,2,2,0,0,36,1,0,1,1,0,0,0,0,0,0,0,0,0,24;36,,,60,0,0,1,1,0,0,1,0,0,0,0,0,4,0,63,186,1,0,0,0,1,3,36,0,150
2004,11,NYG,REG,2004_11_ATL_NYG,ATL,17,37,162,1,2,1,-4,0,0,0,162,11,-5.81341842178527,,0,9,1,0,0,26,119,0,0,0,7,0.240714209561702,0,4,3,1,0,17,0,162,1,0,0,0,0,11,13.3524615288055,0,9,1,0,0,0,29,21,21,0,0,1,2,18,0,0,0,0,0,1,0,0,0,0,0,0,0,1,0,0,0,0,6,50,4,0,1,0,1,0,4,1,2,36,1,1,0,0,24,1,0,1,0,0,0,0,0,0,0,0,0,0,24,,,24,0,0,1,1,0,0,1,0,0,0,0,0,5,0,53,211,3,1,1,0,0,3,11,0,200
2004,11,NYJ,REG,2004_11_NYJ_CLE,CLE,11,20,116,1,1,6,-38,0,0,0,116,8,-8.51443266388479,,0,9,0,0,0,39,157,0,0,0,8,-1.74384145624936,0,2,1,0,0,11,0,116,1,0,0,0,0,8,9.89795510649167,0,9,0,0,0,0,34,13,13,0,0,0,1,3,0,0,0,4,0,0,0,0,0,0,0,0,0,0,0,1,0,0,5,50,4,0,0,0,0,0,4,31,1,30,1,2,0,1,41,0.5,0,0,0,1,0,0,0,0,0,0,0,0,41,,43,41,0,43,1,1,0,0,1,0,0,0,0,0,8,0,51,333,0,2,0,0,1,5,81,0,252
2004,11,PHI,REG,2004_11_WAS_PHI,WAS,18,27,222,4,1,3,-14,0,0,0,222,13,10.9166037870455,,0,12,3,2,1,31,126,0,1,1,5,-7.43663571425714,0,3,3,2,0,18,0,222,4,0,0,0,0,13,23.8050578613183,0,12,3,2,1,0,50,0,0,0,0,0,1,0,0,1,7,9,0,0,0,0,0,0,0,0,0,0,0,0,0,0,9,69,3,1,0,0,1,1,2,53,2,35,0,0,0,0,,,0,0,0,0,0,0,0,0,0,0,0,0,,,,0,0,0,4,4,0,0,1,0,0,0,0,0,3,0,50,132,2,1,1,0,1,0,0,0,132
2004,11,PIT,REG,2004_11_PIT_CIN,CIN,15,21,138,1,0,7,-54,1,1,0,138,7,-9.370650340694,,0,4,3,2,0,40,151,0,0,0,11,1.43024787685135,0,3,0,0,0,15,0,138,1,0,0,0,0,7,11.1829227800407,0,4,3,2,0,0,32,0,14,0,0,1,3,18,0,1,14,3,1,1,1,0,0,0,0,0,0,1,0,0,0,0,8,56,1,2,0,0,2,1,7,83,4,84,1,1,0,0,32,1,0,0,1,0,0,0,0,0,0,0,0,0,32,,,32,0,0,2,2,0,0,1,0,0,0,0,0,7,0,52,281,5,0,2,0,2,3,11,0,270
2004,11,SEA,REG,2004_11_MIA_SEA,MIA,14,28,196,1,2,3,-19,0,0,0,196,8,-4.17055931600722,,0,7,4,3,1,38,116,1,1,1,5,-8.26630483462941,0,3,2,0,0,14,0,196,1,0,0,0,0,8,15.1514443403285,0,7,4,3,1,0,39,20,20,0,0,3,4,11,0,2,63,7,1,0,0,0,0,0,0,0,0,0,0,2,15,0,9,70,4,1,0,0,1,1,5,27,4,72,1,1,0,0,33,1,0,0,1,0,0,0,0,0,0,0,0,0,33,,,33,0,0,3,3,0,0,1,0,0,0,0,0,8,0,47,254,1,0,3,0,2,3,33,0,221
2004,11,SF,REG,2004_11_SF_TB,TB,15,31,147,0,1,5,-22,1,1,0,147,5,-19.0021591702343,,0,4,2,2,0,23,72,0,0,0,7,-6.12442886395729,0,2,2,0,0,15,0,147,0,0,0,0,0,5,8.1976340560941,0,4,2,2,0,0,43,10,12,0,0,1,2,17,0,2,39,2,0,0,0,0,0,0,0,0,0,0,0,0,0,0,4,30,2,1,0,0,1,1,2,11,2,50,1,2,1,0,47,0.5,0,0,0,1,0,0,0,0,0,0,1,0,47,50,,47,50,0,0,0,0,0,,0,0,0,0,0,7,0,81,338,1,2,1,0,1,3,16,0,322
2004,11,TB,REG,2004_11_SF_TB,SF,15,21,210,2,2,2,-17,0,0,0,210,11,7.70802737475606,,0,8,3,3,1,35,159,2,1,0,8,-0.423084246402141,0,4,4,0,0,15,0,210,2,0,0,0,0,11,22.1432921370142,0,8,3,3,1,0,34,13,17,0,0,1,5,22,0,1,55,4,1,1,0,0,0,0,0,0,0,2,-3,1,0,0,5,50,3,1,1,0,2,0,3,16,2,36,0,0,0,0,,,0,0,0,0,0,0,0,0,0,0,0,0,,,,0,0,0,5,5,0,0,1,0,0,0,0,0,5,0,60,243,3,0,0,1,2,2,11,0,212
2004,11,TEN,REG,2004_11_TEN_JAX,JAX,18,30,209,1,2,3,-17,1,0,0,209,10,-0.61257438337356,,0,8,4,3,0,27,103,1,0,0,4,1.24427056756406,1,2,0,0,0,18,1,209,1,0,0,0,0,10,18.6493628693962,0,8,4,3,0,0,52,1,1,0,0,0,2,6,0,1,-1,5,0,0,0,0,0,0,0,0,0,1,0,1,0,0,4,49,4,1,0,0,1,0,3,18,2,36,1,1,0,0,41,1,0,0,0,1,0,0,0,0,0,0,0,0,41,,,41,0,0,1,1,0,0,1,0,0,0,0,0,5,0,50,216,1,0,0,2,2,1,0,0,176
2004,11,WAS,REG,2004_11_WAS_PHI,PHI,21,34,162,0,1,1,0,0,0,0,162,8,-4.54221037242355,,0,6,0,0,0,23,51,0,0,0,4,-6.75921328143126,0,2,1,0,0,21,0,162,0,0,0,0,0,8,8.00383789299625,0,6,0,0,0,0,46,0,6,0,0,1,3,14,0,1,10,3,0,0,0,0,0,0,0,0,0,0,0,1,0,0,12,115,2,0,0,0,0,0,0,0,5,115,2,3,1,0,35,0.666666666666667,0,1,1,0,0,0,0,0,0,1,0,0,35;24,48,,59,48,0,0,0,0,0,,0,0,0,0,0,5,0,61,269,1,0,1,2,0,2,53,0,176
2004,12,ARI,REG,2004_12_NYJ_ARI,NYJ,19,36,181,0,3,1,-7,0,0,0,181,10,1.41165167529834,,0,9,2,1,0,24,71,0,0,0,3,-7.12126910483657,0,1,0,0,0,19,0,181,0,1,1,0,0,10,12.9127191301086,0,9,2,1,0,0,48,12,12,0,0,2,2,14,0,0,0,3,0,1,0,0,0,0,0,0,0,1,0,0,0,0,6,51,6,1,1,0,2,1,2,4,1,21,1,1,0,0,20,1,0,1,0,0,0,0,0,0,0,0,0,0,20,,,20,0,0,0,0,0,0,,0,0,0,0,0,6,0,55,249,2,0,1,1,1,3,10,0,219
2004,12,ATL,REG,2004_12_NO_ATL,NO,16,29,212,2,1,2,-2,0,0,0,212,10,0.787904065974483,,0,10,5,5,0,33,186,1,1,1,10,0.515974536016727,0,6,5,2,0,16,0,212,2,0,0,0,0,10,16.5010520483484,0,10,5,5,0,0,50,0,16,0,0,1,4,24,0,2,16,7,0,0,0,0,0,1,0,0,0,0,0,0,0,0,6,46,5,1,0,0,1,1,2,13,4,99,1,2,1,0,31,0.5,0,0,1,0,0,0,0,0,1,0,0,0,31,37,,31,37,0,3,3,0,0,1,0,0,0,0,0,5,0,45,212,0,0,0,0,1,4,2,0,210
2004,12,BAL,REG,2004_12_BAL_NE,NE,15,35,93,0,1,4,-46,1,1,0,93,5,-28.9134560857459,,0,4,1,1,0,20,77,0,0,0,3,-0.901937935966998,0,0,0,0,0,15,0,93,0,0,0,0,0,5,0.121330164198298,0,4,1,1,0,0,27,33,33,0,0,0,1,2,0,0,0,1,0,0,0,0,0,0,0,0,0,1,0,0,0,0,10,106,4,1,1,0,2,1,3,32,6,106,1,1,0,0,22,1,0,1,0,0,0,0,0,0,0,0,0,0,22,,,22,0,0,0,0,0,0,,0,0,0,0,0,10,0,52,444,4,1,0,1,2,6,38,0,386
2004,12,BUF,REG,2004_12_BUF_SEA,SEA,26,38,292,1,3,1,-6,0,0,0,292,16,11.334546486079,,0,14,7,4,0,37,148,4,0,0,8,2.55034757382236,0,3,3,1,0,26,0,292,1,0,0,0,0,16,29.4345168468426,0,14,7,4,0,0,35,11,11,0,0,1,2,10,0,1,0,7,0,0,0,0,0,0,0,0,0,0,0,1,0,0,6,44,5,0,0,0,0,0,2,7,2,25,1,1,0,0,25,1,0,1,0,0,0,0,0,0,0,0,0,0,25,,,25,0,0,5,5,0,0,1,0,0,0,0,0,1,0,36,36,0,0,0,0,0,1,0,0,36
2004,12,CAR,REG,2004_12_TB_CAR,TB,14,21,213,2,1,4,-25,0,0,0,213,7,4.6330997005429,,0,6,4,4,2,25,112,0,0,0,6,-1.871496960889,0,1,1,1,0,14,0,213,2,0,0,0,0,7,15.9869566326379,0,6,4,4,2,0,44,8,22,0,0,3,2,11,0,1,46,6,1,0,0,0,0,1,0,0,0,0,0,2,0,0,5,50,4,0,0,0,0,0,1,16,2,45,0,2,1,1,,0,0,0,0,0,0,0,0,0,1,0,0,0,,38,38,0,38,38,3,3,0,0,1,0,0,0,0,0,4,0,62,191,0,0,1,1,0,2,12,0,159
2004,12,CHI,REG,2004_12_CHI_DAL,DAL,15,31,132,0,2,6,-41,2,0,0,132,8,-13.2404619326117,,0,7,2,1,0,20,49,0,0,0,1,-11.9521405123592,0,1,1,0,0,15,0,132,0,0,0,0,0,8,7.77886640193174,0,7,2,1,0,0,48,0,14,0,0,0,2,10,0,2,85,4,1,1,0,0,0,0,0,0,0,2,0,0,0,0,7,45,5,2,2,0,4,2,6,68,4,62,0,1,1,0,,0,0,0,0,0,0,0,0,0,0,1,0,0,,48,,0,48,0,1,1,0,0,1,0,0,0,0,0,10,0,58,412,3,1,1,0,3,5,37,0,375
2004,12,CIN,REG,2004_12_CLE_CIN,CLE,22,29,251,4,3,0,0,0,0,0,251,11,-1.79272710995382,,0,8,4,3,2,32,253,2,0,0,12,16.6342690448395,0,7,5,3,1,22,0,251,4,0,0,0,0,11,20.8854578279424,0,8,4,3,2,0,40,1,35,0,0,1,3,27,0,2,44,3,1,0,0,0,0,0,0,0,0,0,0,0,0,0,8,63,1,0,0,0,0,0,2,60,9,200,3,3,0,0,36,1,0,1,2,0,0,0,0,0,0,0,0,0,21;32;36,,,89,0,0,7,7,0,0,1,0,0,0,0,0,2,0,53,105,2,0,0,0,0,2,6,0,99
2004,12,CLE,REG,2004_12_CLE_CIN,CIN,30,39,413,5,2,3,-27,0,0,0,413,17,12.2434322775136,,0,17,7,7,1,17,76,1,1,0,4,-0.669635551050305,0,1,1,1,1,30,0,413,5,0,0,0,0,17,32.5007264463186,0,17,7,7,1,0,39,3,31,0,0,0,0,0,0,3,92,3,0,0,0,0,0,0,0,0,0,2,-24,0,0,0,12,87,4,1,2,1,3,0,2,6,10,212,2,2,0,0,29,1,0,2,0,0,0,0,0,0,0,0,0,0,23;29,,,52,0,0,6,6,0,0,1,0,0,0,0,0,4,0,49,177,0,1,1,0,0,2,60,0,117
2004,12,DAL,REG,2004_12_CHI_DAL,CHI,13,26,123,1,2,2,-10,0,0,0,123,10,-10.8277091291384,,0,8,1,0,0,40,154,2,0,0,8,-4.44709125437094,0,5,4,1,0,13,0,123,1,0,0,0,0,10,10.9814595648204,0,8,1,0,0,0,44,0,12,0,0,2,6,41,0,2,13,5,0,0,0,0,0,0,0,0,0,0,0,2,0,0,5,30,2,0,0,0,0,0,5,37,1,22,0,1,1,0,,0,0,0,0,0,0,0,0,0,0,0,1,0,,52,,0,52,0,3,3,0,0,1,0,0,0,0,0,9,0,54,388,1,2,0,1,0,6,68,0,300
2004,12,DEN,REG,2004_12_OAK_DEN,LV,14,23,245,1,1,0,0,0,0,0,245,7,4.32764220256894,,0,7,4,2,2,34,122,1,2,2,6,-12.2101463849895,0,3,2,0,0,14,0,245,1,0,0,0,0,7,15.9798646432464,0,7,4,2,2,0,43,3,13,0,0,1,1,5,0,2,34,12,1,1,0,0,1,0,0,0,0,1,-5,1,0,0,5,31,5,1,2,0,3,2,1,2,4,85,1,2,0,1,32,0.5,0,0,1,0,0,0,0,0,0,0,0,0,32,,43,32,0,43,3,3,0,0,1,0,1,0,1,43,7,0,42,252,2,1,3,0,0,3,10,0,242
2004,12,DET,REG,2004_12_IND_DET,IND,25,38,233,0,1,3,-15,1,1,0,233,11,-9.93292311155328,,0,9,4,3,0,21,168,0,0,0,7,5.45386731432518,0,6,6,3,1,25,0,233,0,2,2,0,0,11,1.43929228991958,0,9,4,3,0,0,53,1,1,0,0,0,0,0,0,0,0,3,0,1,0,0,1,0,0,0,0,1,0,0,0,0,10,60,2,5,0,0,5,4,3,29,5,102,3,4,1,0,34,0.75,0,1,2,0,0,0,0,0,0,1,0,0,20;34;32,48,,86,48,0,0,0,0,0,,0,0,0,0,0,3,0,47,123,0,0,1,0,0,2,5,0,118
2004,12,GB,REG,2004_12_STL_GB,LA,18,27,215,3,0,0,0,0,0,0,215,14,14.583862718835,,0,12,4,2,0,28,231,1,1,0,8,7.87030654300585,0,6,6,4,1,18,0,215,3,0,0,0,0,14,22.4077864942956,0,12,4,2,0,0,52,6,16,0,0,3,4,43,0,1,0,2,0,0,0,0,0,0,0,0,0,0,0,2,74,2,7,55,3,1,0,1,1,0,0,0,4,72,1,1,0,0,27,1,0,1,0,0,0,0,0,0,0,0,0,0,27,,,27,0,0,6,6,0,0,1,0,0,0,0,0,3,0,52,121,1,1,0,1,0,1,4,0,97
2004,12,HOU,REG,2004_12_TEN_HOU,TEN,21,30,201,2,1,3,-22,0,0,0,201,13,1.49771693353056,,0,12,2,1,0,21,149,2,0,0,6,8.52801606620017,0,3,3,2,1,21,0,201,2,0,0,0,0,13,17.9763547990588,0,12,2,1,0,0,35,17,27,0,0,2,1,6,0,1,24,6,0,0,0,0,0,0,0,0,0,0,0,2,0,0,3,36,4,0,0,0,0,0,1,0,4,93,1,2,0,1,29,0.5,0,1,0,0,0,0,0,0,0,0,0,0,29,,41,29,0,41,4,4,0,0,1,0,0,0,0,0,3,0,46,136,0,0,0,0,1,2,6,0,130
2004,12,IND,REG,2004_12_IND_DET,DET,24,31,243,6,0,0,0,0,0,0,243,16,19.2896122579114,,0,12,3,3,0,29,113,0,0,0,6,-2.69915570982266,0,3,2,0,0,24,0,243,6,0,0,0,0,16,25.4374822081882,0,12,3,3,0,0,50,7,7,0,0,5,3,15,0,1,0,4,0,0,0,0,0,0,0,0,0,0,0,4,0,0,5,40,1,0,0,0,0,0,2,5,2,48,0,0,0,0,,,0,0,0,0,0,0,0,0,0,0,0,0,,,,0,0,0,5,6,0,1,0.833333333333333,0,0,0,0,0,5,0,51,209,2,0,1,0,1,3,29,0,180
2004,12,JAX,REG,2004_12_JAX_MIN,MIN,19,34,235,1,0,2,-10,1,1,0,235,10,-1.12536225724121,,0,9,4,3,1,27,154,0,1,0,7,-0.0140498923544627,0,5,4,1,0,19,0,235,1,1,1,0,0,10,17.2474003270618,0,9,4,3,1,0,40,7,17,0,0,1,4,17,0,1,16,4,0,0,0,0,0,0,0,0,0,1,-24,1,0,0,6,45,2,2,1,0,3,2,2,11,3,52,3,3,0,0,42,1,0,0,2,1,0,0,0,0,0,0,0,0,33;32;42,,,107,0,0,1,1,0,0,1,0,0,0,0,0,2,0,55,108,1,0,0,0,0,2,32,0,76
2004,12,KC,REG,2004_12_SD_KC,LAC,21,34,208,0,1,1,-8,0,0,0,208,10,0.266518114556547,,1,9,4,2,0,20,110,3,0,0,8,6.24710166105069,0,4,2,1,0,21,0,208,0,0,0,0,0,10,12.5394927938324,1,9,4,2,0,1,55,4,6,0,0,0,1,7,0,0,0,3,0,0,0,0,0,0,0,0,0,0,0,0,0,0,5,26,5,0,1,0,1,1,1,1,6,233,1,1,0,0,28,1,0,1,0,0,0,0,0,0,0,0,0,0,28,,,28,0,0,2,3,1,0,0.666666666666667,0,0,0,0,0,3,0,38,99,0,1,0,0,1,1,-1,0,100
2004,12,LA,REG,2004_12_STL_GB,GB,35,53,448,2,1,4,-43,1,0,0,448,20,17.8886193743055,,0,21,10,7,1,17,47,0,0,0,4,-4.73626762320055,0,1,0,0,0,35,0,448,2,2,2,0,0,20,22.0808290149434,0,21,10,7,1,0,33,8,16,0,0,1,0,0,0,0,0,1,0,0,0,0,0,0,0,0,0,1,0,0,0,0,7,50,4,3,0,0,3,2,1,4,8,149,1,2,1,0,34,0.5,0,0,1,0,0,0,0,0,0,1,0,0,34,42,,34,42,0,2,2,0,0,1,0,0,0,0,0,2,0,39,60,2,0,0,0,2,0,0,0,60
2004,12,LAC,REG,2004_12_SD_KC,KC,28,37,378,2,0,1,-7,0,0,0,378,13,23.9565907251137,,0,13,7,5,2,31,127,2,1,0,10,1.93337983064703,0,4,4,2,0,28,0,378,2,0,0,0,0,13,32.3824434003568,0,13,7,5,2,0,37,6,6,0,0,0,1,8,0,1,13,6,0,0,0,0,0,0,0,0,0,1,-3,1,0,0,9,60,4,0,1,0,1,0,1,-1,6,135,2,4,2,0,43,0.5,0,1,0,1,0,0,0,1,0,0,1,0,25;43,29;52,,68,81,0,4,4,0,0,1,0,0,0,0,0,3,0,55,135,3,0,0,0,2,1,1,0,134
2004,12,LV,REG,2004_12_OAK_DEN,DEN,26,45,339,4,2,1,-5,0,0,0,339,13,0.78237683458565,,0,9,6,6,3,18,61,0,1,0,3,-6.44480829464737,0,1,1,0,0,26,0,339,4,1,1,0,0,13,23.6988591927088,0,9,6,6,3,0,38,5,19,0,0,1,0,0,0,1,37,5,0,1,0,0,0,1,0,0,0,2,-11,2,0,0,5,38,4,1,2,0,3,1,3,10,5,132,0,1,1,0,,0,0,0,0,0,0,0,0,0,0,1,0,0,,48,,0,48,0,1,2,0,1,0.5,0,0,0,0,0,6,0,57,261,3,0,1,3,1,1,2,0,199
2004,12,MIA,REG,2004_12_MIA_SF,SF,17,33,159,2,1,1,-8,0,0,0,159,8,-1.40988395495593,,0,7,1,1,0,26,49,0,1,1,3,-17.2329633230111,0,2,1,0,0,17,0,159,2,0,0,0,0,8,14.1284001660664,0,7,1,1,0,0,50,3,21,0,0,4,8,34,0,0,0,8,0,0,0,0,0,0,0,0,0,0,-3,3,2,1,7,50,4,0,1,0,1,1,5,72,3,31,1,2,1,0,50,0.5,0,0,0,0,1,0,0,1,0,0,0,0,50,22,,50,22,0,3,3,0,0,1,0,0,0,0,0,7,0,59,302,4,0,1,1,2,3,11,0,271
2004,12,MIN,REG,2004_12_JAX_MIN,JAX,19,27,235,1,1,4,-17,1,1,0,235,14,2.61502174832825,,0,12,4,3,1,30,112,1,0,0,7,1.12160995297089,0,2,1,0,0,19,0,235,1,0,0,0,0,14,19.23007084846,0,12,4,3,1,0,35,12,22,0,0,2,2,10,0,0,0,3,0,0,0,0,0,0,0,0,0,0,0,2,79,1,4,35,2,1,0,0,1,1,2,32,1,21,2,2,0,0,33,1,0,1,1,0,0,0,0,0,0,0,0,0,25;33,,,58,0,0,3,3,0,0,1,0,0,0,0,0,2,0,58,98,0,0,0,0,0,2,11,0,87
2004,12,NE,REG,2004_12_BAL_NE,BAL,15,30,172,0,0,1,-2,0,0,0,172,7,-2.42508216265112,,0,7,2,2,0,41,144,1,0,0,8,-0.718576889499556,1,3,2,0,0,15,0,172,0,0,0,0,0,7,10.7724934011794,0,7,2,2,0,0,27,20,20,0,0,1,4,46,0,1,13,7,0,1,0,0,0,0,0,0,0,3,-6,1,0,1,10,97,1,0,3,0,3,0,6,38,2,45,3,3,0,0,48,1,0,1,0,2,0,0,0,0,0,0,0,0,28;40;48,,,116,0,0,1,1,0,0,1,0,0,0,0,0,8,0,42,257,1,2,2,1,0,3,32,0,205
2004,12,NO,REG,2004_12_NO_ATL,ATL,19,34,189,1,2,4,-24,1,0,0,189,12,1.29187234389462,,1,8,3,2,0,28,141,1,0,0,6,2.39793205120743,0,4,4,2,0,19,0,189,1,0,0,0,0,12,16.0455552973582,1,8,3,2,0,0,50,0,10,0,0,1,2,2,0,1,8,1,0,0,0,0,0,0,0,0,0,1,0,1,0,0,5,25,3,1,0,0,1,0,4,2,3,56,2,3,0,1,48,0.666666666666667,0,0,1,1,0,0,0,0,0,0,0,0,48;38,,37,86,0,37,1,1,0,0,1,0,0,0,0,0,5,0,52,220,2,0,0,0,3,2,13,0,207
2004,12,NYG,REG,2004_12_PHI_NYG,PHI,6,21,148,0,2,5,-37,1,0,0,148,4,-18.7759506677001,,0,3,3,3,2,26,161,0,0,0,6,-0.4050455748207,0,8,6,2,0,6,0,148,0,1,0,0,0,4,10.7503414923558,0,3,3,3,2,0,33,23,23,0,0,1,1,5,0,0,0,1,0,0,0,0,0,0,0,0,0,2,0,1,4,0,6,64,3,1,1,0,2,0,3,16,5,116,2,2,0,0,31,1,0,1,1,0,0,0,0,0,0,0,0,0,22;31,,,53,0,0,0,0,0,0,,0,0,0,0,0,5,1,51,221,3,1,1,0,2,1,0,0,221
2004,12,NYJ,REG,2004_12_NYJ_ARI,ARI,13,21,193,1,0,2,-14,1,0,0,193,7,5.13108947587628,,0,9,2,2,1,38,146,0,1,0,8,-0.782881189836189,0,4,3,0,0,13,0,193,1,0,0,0,0,7,15.7314438965987,0,9,2,2,1,0,32,15,15,0,0,1,1,7,0,3,69,4,0,1,0,0,0,0,0,0,0,3,0,1,0,0,9,85,1,2,1,0,3,0,3,10,0,0,2,2,0,0,46,1,0,1,0,1,0,0,0,0,0,0,0,0,28;46,,,74,0,0,1,1,0,0,1,0,0,0,0,0,7,0,38,219,2,1,3,1,0,2,4,0,195
2004,12,PHI,REG,2004_12_PHI_NYG,NYG,18,27,244,1,0,2,-6,1,1,0,244,11,6.64246448906737,,0,8,6,5,1,38,152,2,0,0,10,3.76232280720854,0,4,3,0,0,18,0,244,1,1,0,0,0,11,19.6710300626,0,8,6,5,1,0,32,15,15,0,0,1,4,28,0,2,0,6,0,0,0,1,0,0,0,0,0,0,0,0,0,0,12,75,0,1,1,1,2,1,1,0,3,65,2,2,0,0,47,1,0,0,0,2,0,0,0,0,0,0,0,0,47;42,,,89,0,0,3,3,0,0,1,0,0,0,0,0,5,0,54,197,1,0,0,1,1,3,16,0,161
2004,12,PIT,REG,2004_12_WAS_PIT,WAS,9,20,131,0,0,4,-31,0,0,0,131,7,-4.26475398006999,,0,7,4,3,0,38,107,1,0,0,5,-9.04512778046774,0,2,1,0,0,9,0,131,0,0,0,0,0,7,12.6688226431167,0,7,4,3,0,0,27,18,20,0,0,1,5,33,0,1,15,7,0,0,0,0,0,0,0,0,0,0,0,0,0,0,6,59,1,0,0,0,0,0,6,111,2,43,3,3,0,0,36,1,0,0,3,0,0,0,0,0,0,0,0,0,33;36;32,,,101,0,0,1,1,0,0,1,0,0,0,0,0,6,0,51,231,2,1,1,0,0,4,22,0,209
2004,12,SEA,REG,2004_12_BUF_SEA,BUF,19,38,185,1,1,2,-10,1,1,0,185,13,-6.81859937463002,,0,10,3,2,0,17,55,0,0,0,2,-5.61859894804123,0,2,1,0,0,19,0,185,1,0,0,0,0,13,16.9766114770465,0,10,3,2,0,0,44,21,21,0,0,0,1,6,0,3,36,5,0,0,0,0,0,0,0,0,0,0,0,0,0,0,7,64,2,1,0,0,1,1,1,0,6,107,1,1,0,0,19,1,1,0,0,0,0,0,0,0,0,0,0,0,19,,,19,0,0,0,0,0,0,,0,0,0,0,0,4,0,45,146,1,0,0,0,2,2,7,0,139
2004,12,SF,REG,2004_12_MIA_SF,MIA,23,38,181,0,0,8,-34,3,2,0,181,10,-16.0766390432131,,0,6,2,1,0,24,77,1,1,1,4,-6.16234245954547,0,0,0,0,0,23,0,181,0,0,0,0,0,10,13.960800767527,0,6,2,1,0,0,41,4,14,0,0,0,1,8,0,1,0,9,0,1,0,0,0,0,0,0,0,2,0,1,46,1,6,58,6,4,1,0,5,3,3,11,4,104,1,1,0,0,19,1,1,0,0,0,0,0,0,0,0,0,0,0,19,,,19,0,0,2,2,0,0,1,0,0,0,0,0,9,0,45,335,3,1,1,0,2,5,72,0,263
2004,12,TB,REG,2004_12_TB_CAR,CAR,27,39,347,2,1,2,-11,0,0,0,347,17,15.4057904250774,,0,15,7,3,1,28,62,0,1,1,2,-11.0477579651233,0,0,0,0,0,27,0,347,2,2,1,0,0,17,28.2033620930132,0,15,7,3,1,0,38,5,11,0,0,0,4,25,0,1,0,4,0,1,0,0,0,1,0,0,0,0,0,0,0,0,7,40,4,3,1,2,4,2,2,12,2,35,0,3,2,1,,0,0,0,0,0,0,0,0,0,2,0,0,0,,39;37,26,0,76,26,2,2,0,0,1,0,0,0,0,0,2,0,49,93,1,0,1,0,0,1,16,0,77
2004,12,TEN,REG,2004_12_TEN_HOU,HOU,25,34,227,3,1,1,-6,1,1,0,227,15,5.93811149557587,,0,10,3,0,0,25,134,0,1,1,7,-5.0404081249726,0,6,5,1,0,25,0,227,3,0,0,0,0,15,20.2084146792768,0,10,3,0,0,0,39,10,10,0,0,0,3,22,0,1,11,3,0,1,0,0,0,1,0,0,-6,2,25,0,0,0,5,37,5,2,1,0,3,2,2,6,5,91,0,0,0,0,,,0,0,0,0,0,0,0,0,0,0,0,0,,,,0,0,0,3,3,0,0,1,0,0,0,0,0,3,0,47,127,1,0,0,0,2,1,0,0,127
2004,12,WAS,REG,2004_12_WAS_PIT,PIT,19,35,138,1,1,5,-33,1,0,0,138,6,-12.8882972009014,,0,7,2,1,0,14,51,0,0,0,2,-3.1158015911933,0,1,1,1,0,19,0,138,1,0,0,0,0,6,8.52210875542369,0,7,2,1,0,0,39,15,17,0,0,0,4,31,0,0,0,4,0,0,0,0,0,0,0,0,0,1,0,0,0,0,6,68,3,1,0,0,1,0,4,22,5,74,0,0,0,0,,,0,0,0,0,0,0,0,0,0,0,0,0,,,,0,0,0,1,1,0,0,1,0,0,0,0,0,7,0,57,322,2,0,1,0,0,6,111,0,211
2004,13,ARI,REG,2004_13_ARI_DET,DET,18,40,168,1,4,1,-8,0,0,0,168,6,-20.0130024805653,,0,6,1,1,0,26,94,0,0,0,7,-2.13983895542333,0,3,2,1,0,18,0,168,1,0,0,0,0,6,9.42993143317294,0,6,1,1,0,0,45,3,17,0,0,0,2,13,0,1,16,7,0,0,0,0,0,0,0,0,0,0,0,0,0,0,7,70,4,0,0,0,0,0,4,15,5,108,2,2,0,0,42,1,0,0,1,1,0,0,0,0,0,0,0,0,42;33,,,75,0,0,0,0,0,0,,0,0,0,0,0,5,0,55,239,0,0,0,1,1,3,13,0,206
2004,13,ATL,REG,2004_13_ATL_TB,TB,13,30,115,0,3,5,-23,2,2,0,115,5,-38.2650029274519,,0,4,3,2,0,28,163,0,0,0,8,6.86401608237065,0,5,4,2,0,13,0,115,0,0,0,0,0,5,5.62488597061019,0,4,3,2,0,0,35,11,15,0,0,0,3,16,0,1,33,5,0,0,0,0,0,0,0,0,0,0,0,0,0,0,7,50,2,2,0,0,2,2,2,13,6,135,0,0,0,0,,,0,0,0,0,0,0,0,0,0,0,0,0,,,,0,0,0,0,0,0,0,,0,0,0,0,0,5,0,42,172,2,1,1,0,1,2,14,0,158
2004,13,BAL,REG,2004_13_CIN_BAL,CIN,19,33,172,0,1,1,-8,0,0,0,172,9,-1.2795307971662,,0,7,3,1,0,31,192,1,0,0,11,2.76207861985456,0,6,4,1,1,19,0,172,0,0,0,0,0,9,11.5748945833131,0,7,3,1,0,0,37,20,20,0,0,1,3,27,0,1,21,1,0,2,0,0,0,0,0,0,0,1,64,1,22,1,4,30,4,1,1,0,2,1,2,-4,5,104,4,4,0,0,45,1,0,2,1,1,0,0,0,0,0,0,0,0,20;22;38;45,,,125,0,0,2,2,0,0,1,0,0,0,0,0,4,0,49,166,0,0,1,2,0,1,8,0,118
2004,13,BUF,REG,2004_13_BUF_MIA,MIA,19,30,277,4,0,3,-20,0,0,0,277,11,13.6507480776091,,0,12,4,4,1,28,105,0,1,1,4,-9.10829537268728,0,3,3,2,0,19,0,277,4,0,0,0,0,11,26.6917491219356,0,12,4,4,1,1,45,0,26,0,0,2,1,6,0,5,105,8,1,0,0,0,0,0,0,0,0,0,0,2,0,0,11,73,2,1,0,0,1,1,4,0,5,173,0,1,1,0,,0,0,0,0,0,0,0,0,0,1,0,0,0,,38,,0,38,0,6,6,0,0,1,0,0,0,0,0,9,0,63,393,2,0,3,0,0,6,51,0,342
2004,13,CAR,REG,2004_13_CAR_NO,NO,22,29,294,1,0,4,-25,0,0,0,294,14,11.7380461424786,,0,12,8,5,1,42,132,1,0,0,8,-0.558335511419633,0,3,3,0,0,22,0,294,1,0,0,0,0,14,22.219170360408,0,12,8,5,1,0,33,5,5,0,0,1,1,1,0,2,32,9,0,1,0,0,0,0,0,0,0,0,0,1,0,0,6,44,2,1,0,1,1,0,3,10,3,87,6,6,0,0,50,1,0,3,1,1,1,0,0,0,0,0,0,0,30;50;46;25;21;21,,,193,0,0,2,2,0,0,1,0,0,0,0,0,3,0,56,131,1,0,1,0,0,2,4,0,127
2004,13,CHI,REG,2004_13_MIN_CHI,MIN,18,30,213,3,0,5,-39,1,1,0,213,13,6.65024906987616,,0,12,4,2,0,35,144,0,1,0,7,-5.30959602678195,0,5,3,1,0,18,0,213,3,0,0,0,0,13,23.6019163595361,0,12,4,2,0,0,47,10,10,0,0,1,5,34,0,3,95,4,0,0,0,0,0,0,0,0,0,1,-4,1,0,0,7,55,6,1,1,0,2,1,0,0,3,50,1,2,1,0,53,0.5,0,0,0,0,1,0,0,0,0,0,1,0,53,52,,53,52,0,3,3,0,0,1,0,0,0,0,0,3,0,55,148,3,0,0,0,0,3,3,0,145
2004,13,CIN,REG,2004_13_CIN_BAL,BAL,29,36,382,3,1,3,-27,0,0,0,382,17,10.3885285754707,,0,13,8,7,1,24,98,0,0,0,6,-3.26577219798722,0,3,3,0,0,29,0,382,3,1,1,0,0,17,26.7498172809137,0,13,8,7,1,0,32,26,26,0,0,1,1,8,0,1,0,5,0,0,0,0,0,0,0,0,0,0,0,1,0,0,5,45,5,1,0,0,1,1,1,8,7,148,2,3,1,0,41,0.666666666666667,0,1,0,1,0,0,0,0,0,0,1,0,41;24,53,,65,53,0,3,3,0,0,1,1,1,0,0,24,4,0,44,153,2,0,1,1,0,2,-4,0,137
2004,13,CLE,REG,2004_13_NE_CLE,NE,20,35,277,2,2,3,-36,0,0,0,277,9,-1.1145002851407,,1,9,7,4,2,17,46,0,1,1,4,-12.1461639170302,0,1,0,0,0,20,0,277,2,1,1,0,0,9,14.0492711805711,1,9,7,4,2,0,48,19,19,0,0,2,2,14,0,1,12,5,0,0,0,0,0,0,0,0,0,0,0,2,0,0,7,84,3,2,0,0,2,2,1,12,6,137,0,0,0,0,,,0,0,0,0,0,0,0,0,0,0,0,0,,,,0,0,0,1,1,0,0,1,0,0,0,0,0,4,0,42,147,0,0,0,0,1,3,5,0,142
2004,13,DAL,REG,2004_13_DAL_SEA,SEA,18,34,225,2,2,3,-18,0,0,0,225,11,3.24860694966307,,0,10,4,3,0,31,198,3,1,0,10,9.64964287179476,0,6,5,1,1,18,0,225,2,0,0,0,0,11,19.4509834998753,0,10,4,3,0,0,45,18,18,0,0,2,2,16,0,0,0,5,0,0,0,0,0,0,0,0,0,1,-2,2,35,0,6,49,5,0,1,0,1,0,1,12,7,156,3,3,0,0,49,1,0,0,1,2,0,0,0,0,0,0,0,0,39;49;47,,,135,0,0,4,4,0,0,1,0,0,0,0,0,3,0,42,110,0,0,1,0,0,2,24,0,86
2004,13,DEN,REG,2004_13_DEN_SD,LAC,16,40,278,0,4,2,-15,0,0,0,278,12,-12.5875422393416,,0,11,5,5,2,24,74,2,0,0,4,1.88055857236031,0,2,1,0,0,16,0,278,0,0,0,0,0,12,20.1301192389219,0,11,5,5,2,0,44,13,13,0,0,3,2,20,0,1,21,2,0,0,0,0,0,0,0,0,0,0,0,1,-2,0,8,57,5,0,0,0,0,0,4,33,4,62,1,2,1,0,31,0.5,0,0,1,0,0,0,0,0,0,1,0,0,31,43,,31,43,0,2,2,0,0,1,0,0,0,0,0,5,0,44,182,0,0,1,0,3,1,19,0,163
2004,13,DET,REG,2004_13_ARI_DET,ARI,15,27,196,1,1,2,-13,0,0,0,196,7,-5.66322271604232,,0,6,6,4,1,32,215,1,0,0,8,2.15444433256127,0,5,5,3,1,15,0,196,1,0,0,0,0,7,14.8725656925766,0,6,6,4,1,0,44,1,19,0,0,0,1,8,0,4,53,11,0,0,0,0,0,0,0,0,0,0,0,0,0,0,10,69,1,0,0,0,0,0,3,13,4,67,4,4,0,0,45,1,0,1,2,1,0,0,0,0,0,0,0,0,45;22;31;36,,,134,0,0,2,2,0,0,1,0,0,0,0,0,5,0,48,193,2,0,0,0,1,4,15,0,178
2004,13,GB,REG,2004_13_GB_PHI,PHI,22,40,226,2,2,5,-27,1,0,0,226,13,-5.58084856254151,,0,11,6,2,0,18,50,0,0,0,3,-4.63111010566354,0,1,0,0,0,22,0,226,2,1,0,0,0,13,14.9678988267551,0,11,6,2,0,0,60,0,4,0,0,2,4,15,0,0,0,7,0,0,0,0,0,0,0,0,0,2,0,1,0,0,12,99,1,1,1,0,2,0,1,11,8,174,1,1,0,0,40,1,0,0,0,1,0,0,0,0,0,0,0,0,40,,,40,0,0,2,2,0,0,1,0,0,0,0,0,8,0,51,361,2,0,0,0,2,6,69,0,292
2004,13,HOU,REG,2004_13_HOU_NYJ,NYJ,12,25,157,0,2,2,-10,0,0,0,157,7,-10.2856552927406,,0,6,3,2,0,25,83,1,1,0,5,-0.676997484173626,0,2,0,0,0,12,0,157,0,0,0,0,0,7,12.8204922841396,0,6,3,2,0,0,36,19,19,0,0,0,1,5,0,1,20,5,0,0,0,0,0,0,0,0,0,1,-2,0,0,0,5,48,4,0,1,0,1,0,1,2,7,129,0,0,0,0,,,0,0,0,0,0,0,0,0,0,0,0,0,,,,0,0,0,1,1,0,0,1,0,0,0,0,0,3,0,47,117,0,0,1,0,1,1,46,0,71
2004,13,IND,REG,2004_13_TEN_IND,TEN,25,34,425,3,2,1,-8,0,0,0,425,19,19.0744909418338,,0,18,8,8,2,28,150,2,1,1,7,1.36239253130043,0,6,5,1,1,25,0,425,3,0,0,0,0,19,34.3291118404595,0,18,8,8,2,0,41,20,20,0,0,2,7,44,0,2,3,6,1,0,0,0,0,1,0,0,68,1,-5,0,0,0,7,88,3,0,2,0,2,1,3,11,3,49,3,3,0,0,47,1,0,1,1,1,0,0,0,0,0,0,0,0,47;20;37,,,104,0,0,6,6,0,0,1,0,0,0,0,0,0,0,,0,0,0,0,0,0,0,0,0,0
2004,13,JAX,REG,2004_13_PIT_JAX,PIT,16,27,268,1,0,2,-9,1,0,0,268,11,11.2297643894371,,0,10,6,4,1,34,100,0,0,0,5,-4.20871469030705,0,1,1,0,0,16,0,268,1,0,0,0,0,11,22.9910457268286,0,10,6,4,1,0,39,2,12,0,0,2,3,25,0,0,0,1,0,0,0,0,0,0,0,0,0,1,0,0,0,0,3,25,4,0,1,0,1,0,2,3,4,78,3,5,2,0,36,0.6,0,2,1,0,0,0,0,0,1,0,0,1,20;29;36,32;60,,85,92,0,1,1,0,0,1,0,1,1,0,60,3,0,55,143,0,1,0,0,1,1,10,0,133
2004,13,KC,REG,2004_13_KC_OAK,LV,23,35,340,3,1,0,0,0,0,0,340,17,18.502876006411,,0,14,8,6,1,36,160,1,0,0,10,3.3271952245268,0,2,1,1,0,23,0,340,3,0,0,0,0,17,31.150416285202,0,14,8,6,1,0,42,1,1,0,0,0,2,9,0,0,0,3,0,0,0,0,0,0,0,0,0,0,0,0,0,0,7,45,2,0,0,0,0,0,1,8,5,136,2,2,0,0,28,1,0,2,0,0,0,0,0,0,0,0,0,0,28;22,,,50,0,0,4,4,0,0,1,0,0,0,0,0,2,0,34,64,0,1,0,1,0,0,0,0,44
2004,13,LA,REG,2004_13_SF_STL,SF,21,31,238,1,1,3,-24,1,1,0,238,8,-2.42356641467112,,0,9,6,4,1,31,136,0,0,0,10,0.287973574304488,0,4,3,0,0,21,0,238,1,1,0,0,0,8,18.5585899227881,0,9,6,4,1,0,45,2,2,0,0,0,4,24,0,1,-1,5,0,0,0,0,0,0,0,0,0,0,0,0,0,0,8,59,3,2,0,1,2,1,3,8,3,50,3,3,0,0,52,1,0,1,0,0,2,0,0,0,0,0,0,0,29;52;52,,,133,0,0,1,1,0,0,1,0,0,0,0,0,4,0,42,139,2,1,0,0,2,1,9,0,130
2004,13,LAC,REG,2004_13_DEN_SD,DEN,14,27,106,0,1,2,-20,1,0,0,106,4,-14.3730333805773,,0,4,1,1,0,35,122,2,1,0,9,-0.44156963258532,0,2,1,0,0,14,0,106,0,1,1,0,0,4,1.92161750313244,0,4,1,1,0,0,29,21,21,0,0,0,2,15,0,4,-3,16,0,0,0,0,0,0,0,0,0,2,0,0,0,0,11,94,4,3,0,0,3,1,1,19,4,88,2,2,0,0,23,1,0,2,0,0,0,0,0,0,0,0,0,0,23;23,,,46,0,0,2,2,0,0,1,0,0,0,0,0,8,0,60,372,3,0,2,1,1,4,33,0,319
2004,13,LV,REG,2004_13_KC_OAK,KC,27,41,343,3,0,2,-9,0,0,0,343,15,12.3438719241204,,0,13,8,5,1,10,30,0,0,0,1,-2.85090510133887,0,1,1,0,0,27,0,343,3,0,0,0,0,15,24.3201104123313,0,13,8,5,1,0,44,15,15,0,0,0,0,0,0,1,25,7,0,0,0,0,0,0,0,0,0,0,0,0,0,0,6,49,3,0,0,0,0,0,0,0,7,152,2,2,0,0,36,1,0,1,1,0,0,0,0,0,0,0,0,0,27;36,,,63,0,0,3,3,0,0,1,0,0,0,0,0,3,0,66,130,1,0,0,1,1,1,8,0,102
2004,13,MIA,REG,2004_13_BUF_MIA,BUF,25,51,303,3,5,1,-6,0,0,0,303,16,-12.72002623619,,1,14,7,3,0,26,106,1,1,1,7,-2.63510752163711,0,3,3,0,0,25,0,303,3,1,0,0,0,16,28.1702668472838,1,14,7,3,0,0,43,0,28,0,0,1,3,20,0,0,0,6,0,1,0,0,0,0,0,0,0,0,0,1,0,0,7,46,4,2,1,1,3,2,6,51,7,216,1,1,0,0,47,1,0,0,0,1,0,0,0,0,0,0,0,0,47,,,47,0,0,3,3,0,0,1,0,0,0,0,0,5,0,51,225,0,0,0,0,1,4,0,0,225
2004,13,MIN,REG,2004_13_MIN_CHI,CHI,23,33,279,2,3,5,-34,0,0,0,279,12,-4.98547313023458,,0,9,5,5,1,22,146,0,0,0,8,6.02141633495921,0,6,2,2,0,23,0,279,2,1,1,0,0,12,20.2650784326834,0,9,5,5,1,0,52,10,10,0,0,1,5,39,0,0,0,3,0,0,0,0,0,0,0,0,0,0,0,1,0,0,6,30,6,1,0,0,1,1,3,3,5,64,0,1,1,0,,0,0,0,0,0,0,0,0,0,1,0,0,0,,38,,0,38,0,2,2,0,0,1,0,0,0,0,0,1,0,34,34,0,0,0,0,1,0,0,0,34
2004,13,NE,REG,2004_13_NE_CLE,CLE,14,26,201,1,1,2,-14,1,0,0,201,9,13.455142908555,,0,9,6,3,1,50,225,3,2,2,16,-3.33338309539249,0,8,4,2,0,14,0,201,1,0,0,0,0,9,22.6371109335451,0,9,6,3,1,1,39,5,5,0,0,2,3,36,0,2,0,4,0,1,0,0,0,0,0,0,0,2,0,2,41,1,7,60,5,2,2,0,4,2,3,5,3,134,0,0,0,0,,,0,0,0,0,0,0,0,0,0,0,0,0,,,,0,0,0,6,6,0,0,1,0,0,0,0,0,3,0,40,101,1,0,1,1,0,1,12,0,69
2004,13,NO,REG,2004_13_CAR_NO,CAR,20,40,251,3,2,1,-1,0,0,0,251,14,2.5320835057064,,0,11,7,5,0,11,30,0,2,1,1,-9.11936401191633,0,1,0,0,0,20,0,251,3,0,0,0,0,14,22.9808776954887,0,11,7,5,0,0,58,16,16,0,0,1,4,25,0,0,0,2,0,0,0,0,0,0,0,0,0,1,-3,0,0,0,10,104,4,1,1,0,2,1,2,4,9,237,0,0,0,0,,,0,0,0,0,0,0,0,0,0,0,0,0,,,,0,0,0,3,3,0,0,1,0,0,0,0,0,5,0,51,239,0,0,1,0,1,3,10,0,229
2004,13,NYG,REG,2004_13_NYG_WAS,WAS,12,25,113,0,0,1,-6,0,0,0,113,3,-8.14854847683455,,0,2,1,1,1,15,38,0,1,0,2,-3.97609926233417,0,0,0,0,0,12,0,113,0,0,0,0,0,3,4.92153287792462,0,2,1,1,1,1,58,3,3,0,0,0,1,6,0,0,0,3,0,0,0,0,0,0,0,0,1,1,0,0,0,0,7,40,2,1,0,0,1,0,2,24,6,194,0,0,0,0,,,0,0,0,0,0,0,0,0,0,0,0,0,,,,0,0,0,1,1,0,0,1,0,0,0,0,0,4,1,47,156,2,0,1,0,2,1,5,0,151
2004,13,NYJ,REG,2004_13_HOU_NYJ,HOU,20,27,155,2,1,1,-5,0,0,0,155,14,2.25307818588589,,0,7,2,0,0,36,210,1,0,0,11,7.56660233583276,0,8,6,2,0,20,0,155,2,0,0,0,0,14,10.6731788953093,0,7,2,0,0,0,34,13,13,0,0,0,2,10,0,2,37,9,0,0,0,0,0,0,0,0,0,0,0,0,0,0,6,49,3,0,0,0,0,0,1,46,1,29,3,3,0,0,41,1,0,2,0,1,0,0,0,0,0,0,0,0,41;26;25,,,92,0,0,2,2,0,0,1,0,0,0,0,0,2,0,50,80,1,0,1,0,0,1,2,0,78
2004,13,PHI,REG,2004_13_GB_PHI,GB,32,45,464,5,0,4,-15,1,1,0,464,19,22.7582053108123,,0,15,10,8,4,21,93,0,0,0,4,-0.893593852815684,0,4,3,1,1,32,0,464,5,0,0,0,0,19,37.3003932849341,0,15,10,8,4,0,48,0,8,0,0,1,5,27,0,2,8,11,0,1,0,0,0,0,0,0,0,1,0,0,0,0,8,89,3,2,0,0,2,1,6,69,4,60,4,4,0,0,47,1,0,2,0,2,0,0,0,0,0,0,0,0,22;45;47;22,,,136,0,0,5,5,0,0,1,0,0,0,0,0,3,0,45,125,0,0,0,0,2,1,11,0,114
2004,13,PIT,REG,2004_13_PIT_JAX,JAX,14,17,221,2,0,3,-25,0,0,0,221,9,9.63350923079856,,0,10,7,3,0,25,120,0,0,0,5,2.88023056386737,0,3,3,1,0,14,0,221,2,0,0,0,0,9,17.5724889812409,0,10,7,3,0,0,50,2,12,0,0,0,1,5,0,0,0,4,0,1,0,0,0,0,0,0,0,1,0,0,0,0,11,82,4,2,0,1,2,0,1,10,4,88,1,1,0,0,37,1,0,0,1,0,0,0,0,0,0,0,0,0,37,,,37,0,0,2,2,0,0,1,1,1,0,0,37,5,0,61,232,1,0,1,2,0,2,3,0,189
2004,13,SEA,REG,2004_13_DAL_SEA,DAL,28,40,414,3,0,2,-16,0,0,0,414,19,23.0528666364427,,1,16,11,6,0,27,109,2,2,1,5,-4.82838910241844,0,2,1,1,0,28,0,414,3,1,1,0,0,19,29.1504364050198,1,16,11,6,0,0,37,17,17,0,0,0,3,18,0,2,22,9,0,0,0,0,0,0,0,0,0,1,-1,0,0,0,6,44,5,2,1,0,3,2,2,24,7,121,1,1,0,0,21,1,0,1,0,0,0,0,0,0,0,0,0,0,21,,,21,0,0,4,4,0,0,1,0,0,0,0,0,2,0,44,75,0,0,0,0,1,1,12,0,63
2004,13,SF,REG,2004_13_SF_STL,LA,10,21,121,0,1,4,-24,0,0,0,121,2,-9.02953037167531,,0,2,1,1,1,27,63,0,0,0,6,-2.64790942529751,0,1,0,0,0,10,0,121,0,0,0,0,0,2,6.99329155037412,0,2,1,1,1,0,57,4,4,0,0,2,3,24,0,1,0,4,0,0,0,0,0,0,0,0,0,0,0,1,1,0,6,35,4,0,0,0,0,0,1,9,3,71,2,2,0,0,51,1,0,0,0,1,1,0,0,0,0,0,0,0,51;40,,,91,0,0,0,0,0,0,,0,0,0,0,0,6,0,51,247,1,0,1,0,2,3,8,0,239
2004,13,TB,REG,2004_13_ATL_TB,ATL,13,21,131,1,1,3,-16,0,0,0,131,6,-5.8037200760871,,0,4,1,1,0,31,132,2,1,0,9,0.585454679443501,0,4,3,1,0,13,0,131,1,0,0,0,0,6,10.9373164763092,0,4,1,1,0,0,45,10,10,0,0,2,5,23,0,3,87,12,0,0,0,0,0,0,0,0,0,1,-2,2,0,0,3,32,2,0,1,0,1,0,2,14,1,17,2,2,0,0,50,1,0,0,1,0,1,0,0,0,0,0,0,0,50;30,,,80,0,0,3,3,0,0,1,0,0,0,0,0,5,0,57,212,1,2,0,0,1,2,13,0,199
2004,13,TEN,REG,2004_13_TEN_IND,IND,21,36,269,3,2,7,-44,1,0,0,269,10,-7.37009802111528,,0,7,5,5,2,25,115,0,0,0,5,0.640865021967329,0,5,3,0,0,21,0,269,3,1,0,0,0,10,20.6288152224734,0,7,5,5,2,0,41,12,12,0,0,0,1,8,0,2,53,3,0,0,0,0,0,0,0,0,0,2,0,1,0,0,9,105,4,2,0,0,2,0,0,0,9,216,1,2,0,1,45,0.5,0,0,0,1,0,0,0,0,0,0,0,0,45,,43,45,0,43,3,3,0,0,1,0,0,0,0,0,4,0,58,189,0,0,0,0,1,3,11,0,178
2004,13,WAS,REG,2004_13_NYG_WAS,NYG,19,22,174,3,0,1,-6,0,0,0,174,13,13.1672494392148,,0,9,2,1,0,45,211,1,0,0,13,3.77072890885756,0,7,4,0,0,19,0,174,3,0,0,0,0,13,18.7357809878595,0,9,2,1,0,0,28,6,12,0,0,1,1,6,0,0,0,6,0,0,0,1,0,0,0,0,0,0,0,0,0,0,8,66,3,0,0,0,0,0,1,5,2,51,1,1,0,0,46,1,0,0,0,1,0,0,0,0,0,0,0,0,46,,,46,0,0,4,4,0,0,1,0,0,0,0,0,4,0,48,173,1,0,0,1,0,2,24,0,129
2004,14,ARI,REG,2004_14_SF_ARI,SF,26,44,307,0,1,1,-8,1,0,0,307,16,5.59305368097294,,0,13,7,3,1,25,75,3,0,0,7,1.63333689888543,1,2,1,0,0,26,0,307,0,0,0,0,0,16,24.3575539247189,0,13,7,3,1,0,47,17,17,0,0,1,1,7,0,0,0,3,0,1,0,0,0,0,0,0,0,1,0,1,1,0,9,61,5,1,1,0,2,1,5,26,4,71,2,3,1,0,44,0.666666666666667,0,1,0,1,0,0,0,0,1,0,0,0,44;22,34,,66,34,0,2,2,0,0,1,0,0,0,0,0,5,0,54,253,1,0,1,0,0,4,34,0,219
2004,14,ATL,REG,2004_14_OAK_ATL,LV,13,21,145,0,0,1,-10,0,0,0,145,7,-0.0736027921666391,,0,7,3,1,0,46,219,4,0,0,13,7.00262063526316,0,4,4,1,0,13,0,145,0,0,0,0,0,7,8.33231583388988,0,7,3,1,0,0,36,0,10,0,0,2,1,1,0,1,39,4,1,0,0,0,0,0,0,0,0,0,0,2,0,0,9,75,0,0,0,0,0,0,2,54,2,24,0,0,0,0,,,0,0,0,0,0,0,0,0,0,0,0,0,,,,0,0,0,5,5,0,0,1,0,0,0,0,0,4,0,46,146,2,0,2,0,2,0,0,0,146
2004,14,BAL,REG,2004_14_NYG_BAL,NYG,18,34,219,4,0,4,-35,2,1,0,219,14,-4.77319491423928,,0,8,5,4,0,44,169,0,0,0,8,-3.10348161606817,0,4,3,0,0,18,0,219,4,0,0,0,0,14,23.1403269834991,0,8,5,4,0,0,31,9,9,0,0,3,2,9,0,2,55,5,0,1,0,0,0,0,0,0,0,1,0,4,-1,0,6,86,3,2,1,1,3,1,5,54,2,45,3,3,0,0,46,1,0,1,0,2,0,0,0,0,0,0,0,0,46;44;27,,,117,0,0,4,4,0,0,1,0,0,0,0,0,8,0,50,293,2,1,2,2,1,2,22,0,231
2004,14,BUF,REG,2004_14_CLE_BUF,CLE,13,30,110,1,1,1,-4,0,0,0,110,6,-10.3730910472201,,0,4,1,1,0,42,215,3,2,1,15,7.78133493673522,0,6,2,1,1,13,0,110,1,0,0,0,0,6,10.3774834740325,0,4,1,1,0,0,24,14,24,0,0,3,8,79,0,2,13,4,0,1,0,0,0,0,0,0,0,2,-7,3,0,0,7,37,4,2,2,0,4,2,6,34,2,36,3,3,0,0,37,1,0,2,1,0,0,0,0,0,0,0,0,0,23;21;37,,,81,0,0,4,4,0,0,1,0,0,0,0,0,3,0,53,114,1,1,1,0,0,1,8,0,106
2004,14,CAR,REG,2004_14_STL_CAR,LA,16,30,206,1,1,2,-17,1,0,0,206,9,-1.18162920570458,,0,9,6,3,0,38,119,1,0,0,7,-8.23365514681791,0,4,3,0,0,16,0,206,1,0,0,0,0,9,17.0772613917361,0,9,6,3,0,0,41,4,10,0,0,1,3,20,0,6,91,10,0,2,0,0,0,0,0,0,0,2,0,1,0,0,7,55,2,2,1,0,3,1,3,9,2,62,2,2,0,0,27,1,0,2,0,0,0,0,0,0,0,0,0,0,27;20,,,47,0,0,2,2,0,0,1,0,0,0,0,0,5,0,65,218,0,0,0,2,0,3,7,0,171
2004,14,CHI,REG,2004_14_CHI_JAX,JAX,17,33,212,0,1,5,-33,1,1,0,212,9,-12.8066721233957,,0,7,3,3,1,14,31,0,0,0,0,-4.94524883612758,0,0,0,0,0,17,0,212,0,0,0,0,0,9,14.762163404841,0,7,3,3,1,0,54,4,8,0,0,1,0,0,0,1,38,3,0,1,0,0,0,0,0,0,0,1,4,0,0,0,13,104,3,0,2,0,2,1,4,14,5,140,1,2,1,0,42,0.5,0,0,0,1,0,0,0,0,0,1,0,0,42,47,,42,47,0,0,0,0,0,,0,0,0,0,0,7,0,55,338,2,0,0,1,0,6,63,0,255
2004,14,CIN,REG,2004_14_CIN_NE,NE,27,37,328,3,2,0,0,0,0,0,328,19,15.3889330057718,,0,13,9,5,0,31,150,1,1,1,7,1.0471311340516,0,4,2,0,0,27,0,328,3,0,0,0,0,19,32.7442284518038,0,13,9,5,0,0,21,25,25,0,0,0,1,3,0,0,0,3,0,1,0,0,0,0,0,0,0,1,0,0,0,0,9,75,6,1,1,0,2,1,3,35,5,108,0,0,0,0,,,0,0,0,0,0,0,0,0,0,0,0,0,,,,0,0,0,4,4,0,0,1,0,0,0,0,0,2,0,36,61,1,0,1,0,1,0,0,0,61
2004,14,CLE,REG,2004_14_CLE_BUF,BUF,9,21,67,1,2,8,-79,2,1,0,67,3,-22.6519463483195,,0,2,1,0,0,17,29,0,2,2,2,-13.2830654737772,0,1,0,0,0,9,0,67,1,0,0,0,0,3,4.96378608391387,0,2,1,0,0,0,41,19,21,0,0,2,1,4,0,1,24,6,0,1,0,0,0,0,0,0,0,2,0,2,0,0,7,40,1,3,2,0,5,3,1,8,8,154,0,1,1,0,,0,0,0,0,0,0,0,0,0,0,1,0,0,,45,,0,45,0,1,1,0,0,1,0,0,0,0,0,6,0,47,225,2,0,0,0,0,6,34,0,191
2004,14,DAL,REG,2004_14_NO_DAL,NO,14,36,160,0,2,3,-12,1,1,0,160,8,-13.2809831418494,,0,9,2,2,0,27,121,1,2,1,7,-4.18678010324948,0,4,2,1,0,14,0,160,0,0,0,0,0,8,7.35860890258614,0,8,2,2,0,0,49,1,25,0,0,0,2,13,0,2,22,5,0,0,0,0,0,0,0,0,0,1,0,0,0,0,11,76,5,3,0,0,3,2,3,6,5,115,2,3,1,0,41,0.666666666666667,0,0,1,1,0,0,0,0,0,1,0,0,34;41,42,,75,42,0,1,1,0,0,1,0,0,0,0,0,5,0,55,245,1,0,1,0,0,4,58,0,187
2004,14,DEN,REG,2004_14_MIA_DEN,MIA,16,30,219,0,2,0,0,0,0,0,219,11,-4.52647918179208,,0,9,6,3,0,40,196,2,2,1,11,0.171208212501369,0,5,3,3,0,16,0,219,0,0,0,0,0,11,18.2910146796494,0,9,6,3,0,0,37,6,18,0,0,1,4,26,0,1,10,9,0,0,0,0,0,0,0,0,0,1,0,0,0,0,5,43,6,2,0,0,2,1,7,36,1,17,2,2,0,0,50,1,0,1,0,0,1,0,0,0,0,0,0,0,20;50,,,70,0,0,2,2,0,0,1,0,0,0,0,0,5,0,48,198,2,1,0,1,1,2,9,0,169
2004,14,DET,REG,2004_14_DET_GB,GB,5,22,47,0,0,2,-12,0,0,0,47,3,-11.3722206859319,,0,3,1,0,0,39,193,1,0,0,10,5.01998312509386,0,6,4,2,0,5,0,47,0,0,0,0,0,3,4.62372582199168,0,3,1,0,0,0,26,17,29,0,0,0,1,3,0,0,0,3,0,0,0,0,0,0,0,0,0,0,0,0,0,0,10,85,5,0,0,0,0,0,3,24,5,86,2,2,0,0,36,1,0,0,2,0,0,0,0,0,0,0,0,0,31;36,,,67,0,0,1,1,0,0,1,0,0,0,0,0,8,0,41,245,4,1,3,1,3,0,0,0,225
2004,14,GB,REG,2004_14_DET_GB,DET,19,36,188,1,0,1,-3,0,0,0,188,9,-2.33411934671034,,0,9,2,2,0,29,116,0,0,0,6,-1.27752237769882,0,1,1,0,0,19,0,188,1,0,0,0,0,9,9.3623034087359,0,9,2,2,0,0,34,16,22,0,0,0,2,12,0,0,0,5,0,0,0,0,0,0,0,0,0,0,0,0,0,0,9,94,4,0,0,0,0,0,0,0,2,27,3,3,0,0,36,1,0,2,1,0,0,0,0,0,0,0,0,0,36;28;23,,,87,0,0,1,1,0,0,1,1,1,0,0,23,7,0,64,281,1,0,4,0,0,3,24,0,257
2004,14,HOU,REG,2004_14_IND_HOU,IND,16,21,167,1,1,5,-42,0,0,0,167,9,0.285711211967282,,0,9,3,0,0,28,148,1,0,0,8,-1.28458082373254,0,5,3,0,0,16,0,167,1,0,0,0,0,9,14.4920620986959,0,9,3,0,0,0,40,20,20,0,0,2,2,17,0,0,0,3,0,0,0,0,0,0,0,0,0,0,-7,0,0,0,6,30,6,0,1,0,1,1,1,9,5,98,0,0,0,0,,,0,0,0,0,0,0,0,0,0,0,0,0,,,,0,0,0,2,2,0,0,1,0,0,0,0,0,4,0,52,173,1,0,0,0,2,2,8,0,165
2004,14,IND,REG,2004_14_IND_HOU,HOU,26,33,298,2,0,2,-17,1,0,0,298,18,16.4770850504553,,0,15,3,2,0,30,101,0,1,0,3,-4.85395993039494,0,2,2,0,0,26,0,298,2,0,0,0,0,18,24.0504018306071,0,15,3,2,0,0,35,16,18,0,0,0,5,42,0,1,1,3,0,0,0,0,0,0,0,0,0,2,0,1,0,0,8,50,5,2,0,0,2,0,2,8,2,41,3,3,0,0,44,1,0,0,1,2,0,0,0,0,0,0,0,0,30;43;44,,,117,0,0,2,2,0,0,1,0,0,0,0,0,3,0,38,113,1,0,0,1,1,1,9,0,84
2004,14,JAX,REG,2004_14_CHI_JAX,CHI,25,45,242,2,1,0,0,0,0,0,242,13,-3.15746066657435,,0,10,4,3,0,28,90,0,0,0,5,-6.08030755474465,0,3,2,1,0,25,0,242,2,0,0,0,0,13,15.4026271336262,0,10,4,3,0,0,43,1,3,0,0,0,4,29,0,1,20,4,0,1,1,0,0,0,0,0,0,0,0,1,0,0,8,75,2,1,0,1,1,0,6,63,3,51,2,2,0,0,30,1,0,1,1,0,0,0,0,0,0,0,0,0,30;25,,,55,0,0,2,2,0,0,1,0,0,0,0,0,8,0,53,341,3,2,1,1,0,4,14,0,307
2004,14,KC,REG,2004_14_KC_TEN,TEN,18,32,244,3,1,1,-7,0,0,0,244,10,10.1258730810951,,0,9,5,3,1,24,146,3,1,1,8,4.74861916620284,0,4,3,2,2,18,0,244,3,0,0,0,0,10,22.6201437955606,0,9,5,3,1,0,43,24,28,0,0,2,5,47,0,0,0,8,0,0,0,0,0,0,0,0,0,0,-6,4,39,1,7,58,4,0,1,0,1,1,1,4,7,144,0,0,0,0,,,0,0,0,0,0,0,0,0,0,0,0,0,,,,0,0,0,7,7,0,0,1,0,0,0,0,0,5,0,44,190,0,1,0,1,1,2,0,0,170
2004,14,LA,REG,2004_14_STL_CAR,CAR,16,29,243,1,6,3,-20,0,0,0,243,8,-10.4926439750707,,0,8,5,4,1,21,66,0,0,0,3,-5.61499847902451,0,1,1,0,0,16,0,243,1,1,0,0,0,8,19.4019943326712,0,8,5,4,1,0,46,10,18,0,0,2,2,17,0,1,6,4,0,1,0,0,0,0,0,0,0,1,0,1,0,0,5,44,6,1,1,0,2,1,3,7,5,93,0,0,0,0,,,0,0,0,0,0,0,0,0,0,0,0,0,,,,0,0,0,1,1,0,0,1,0,0,0,0,0,4,0,43,160,2,0,1,0,0,3,9,0,151
2004,14,LAC,REG,2004_14_TB_SD,TB,17,23,220,2,2,2,-14,0,0,0,220,8,4.24490180503632,,0,6,4,1,1,30,130,1,1,1,7,-6.57691409352004,0,4,3,1,0,17,0,220,2,0,0,0,0,8,16.0033648742508,0,6,4,1,1,0,37,27,27,0,0,1,3,19,0,3,46,7,1,1,0,0,0,0,0,0,0,1,0,1,0,0,4,40,6,1,1,0,2,1,2,10,5,82,1,2,1,0,40,0.5,0,0,0,1,0,0,0,0,0,0,1,0,40,51,,40,51,0,4,4,0,0,1,0,0,0,0,0,4,0,50,187,3,0,1,0,0,3,5,0,182
2004,14,LV,REG,2004_14_OAK_ATL,ATL,14,28,166,0,1,1,-1,0,0,0,166,7,-8.83990374127091,,0,6,2,2,1,23,131,1,1,1,10,0.203608364798129,0,4,3,0,0,14,0,166,0,1,1,0,0,7,7.05851676815655,0,6,2,2,1,0,54,0,8,0,0,0,1,10,0,0,0,1,0,0,0,0,0,0,0,0,0,0,0,0,0,0,9,59,5,2,0,0,2,2,0,0,5,89,1,1,0,0,52,1,0,0,0,0,1,0,0,0,0,0,0,0,52,,,52,0,0,1,1,0,0,1,0,0,0,0,0,4,0,67,197,2,0,1,0,1,2,54,0,143
2004,14,MIA,REG,2004_14_MIA_DEN,DEN,17,35,170,1,1,4,-26,1,0,0,170,10,-6.37032202597741,,0,9,3,1,0,22,70,1,1,0,3,-0.986037747527007,0,2,1,0,0,17,0,170,1,0,0,0,0,10,16.8826431562193,0,9,3,1,0,0,41,7,29,0,0,2,0,0,0,2,0,6,0,0,0,0,0,0,0,0,0,2,-1,1,0,0,4,40,4,1,1,0,2,0,2,9,4,97,1,1,0,0,32,1,0,0,1,0,0,0,0,0,0,0,0,0,32,,,32,0,0,2,2,0,0,1,0,0,0,0,0,8,0,55,361,2,1,0,0,0,7,36,0,325
2004,14,MIN,REG,2004_14_SEA_MIN,SEA,21,34,270,1,1,1,-9,0,0,0,270,14,-1.37233681094717,,0,11,4,3,1,25,113,1,1,1,6,-4.5150899727596,0,3,2,0,0,21,0,270,1,1,0,0,0,14,14.7349694002955,0,11,4,3,1,0,43,12,18,0,0,0,3,17,0,2,41,4,0,0,0,0,0,0,0,0,0,1,-6,0,0,0,5,42,6,1,1,0,2,1,1,18,4,90,3,3,0,0,48,1,0,0,2,1,0,0,0,0,0,0,0,0,48;32;31,,,111,0,0,2,2,0,0,1,0,0,0,0,0,4,0,51,182,3,0,2,0,2,0,0,0,182
2004,14,NE,REG,2004_14_CIN_NE,CIN,18,26,260,2,0,1,-3,0,0,0,260,12,11.8468083918269,,0,11,6,4,1,29,94,2,0,0,10,-0.060022485879017,0,2,1,0,0,18,0,260,2,0,0,0,0,12,20.0674543607456,0,11,6,4,1,0,35,22,22,0,0,1,0,0,0,2,39,6,1,0,0,0,0,0,0,0,0,0,0,1,0,0,2,13,3,0,0,0,0,0,0,0,5,109,0,0,0,0,,,0,0,0,0,0,0,0,0,0,0,0,0,,,,0,0,0,5,5,0,0,1,0,0,0,0,0,3,0,69,162,0,0,0,0,0,3,35,0,127
2004,14,NO,REG,2004_14_NO_DAL,DAL,18,31,252,1,2,2,-13,0,0,0,252,11,-0.91983188064701,,0,12,6,4,0,37,105,2,0,0,5,-5.79928561870474,0,2,1,0,0,18,0,252,1,0,0,0,0,11,19.8434318893706,0,12,6,4,0,0,45,0,12,0,0,3,3,12,0,2,5,2,0,0,0,0,0,0,0,0,0,0,0,2,1,0,9,136,4,0,0,0,0,0,4,58,4,66,2,2,0,0,44,1,0,0,1,1,0,0,0,0,0,0,0,0,39;44,,,83,0,0,3,3,0,0,1,0,0,0,0,0,5,0,52,230,4,0,0,0,2,3,6,0,224
2004,14,NYG,REG,2004_14_NYG_BAL,BAL,10,27,154,0,2,2,-9,0,0,0,154,6,-11.0010386369651,,0,5,3,3,1,21,51,1,3,3,2,-15.9243100582098,0,1,0,0,0,10,0,154,0,0,0,0,0,6,8.78602049066103,0,5,3,3,1,0,52,19,19,0,0,2,4,35,0,0,0,11,0,0,0,0,0,0,0,0,0,0,-9,1,50,1,9,65,5,3,1,0,4,4,2,22,7,177,0,0,0,0,,,0,0,0,0,0,0,0,0,0,0,0,0,,,,0,0,0,2,2,0,0,1,0,0,0,0,0,7,0,54,288,1,0,0,0,2,5,54,0,234
2004,14,NYJ,REG,2004_14_NYJ_PIT,PIT,17,31,189,0,3,0,0,0,0,0,189,7,-5.64211921042401,,0,7,3,2,1,32,107,0,0,0,8,-3.92254315826106,0,3,1,0,0,17,0,189,0,0,0,0,0,7,13.3640465243593,0,7,3,2,1,0,28,14,24,0,0,1,2,12,0,2,23,7,0,0,0,0,0,0,0,0,0,1,0,0,0,0,12,84,3,0,1,0,1,0,2,14,3,58,2,2,0,0,43,1,0,0,0,2,0,0,0,0,0,0,0,0,43;41,,,84,0,0,0,0,0,0,,0,0,0,0,0,5,0,55,221,1,1,0,1,1,2,-6,0,207
2004,14,PHI,REG,2004_14_PHI_WAS,WAS,21,38,260,1,1,2,-15,1,0,0,260,11,1.96709087829343,,0,9,5,3,1,17,67,1,0,0,2,-3.11965145581053,0,2,2,1,0,21,0,260,1,1,1,0,0,11,13.9176965148623,0,9,5,3,1,0,60,0,4,0,0,1,3,27,0,1,0,3,0,0,0,0,0,0,0,0,0,1,0,0,0,0,5,41,3,2,0,0,2,1,5,81,3,45,1,2,1,0,38,0.5,0,0,1,0,0,0,0,0,0,1,0,0,38,48,,38,48,0,2,2,0,0,1,0,0,0,0,0,7,0,56,302,1,1,2,0,1,3,16,0,286
2004,14,PIT,REG,2004_14_NYJ_PIT,NYJ,10,20,154,1,2,2,-12,0,0,0,154,6,-2.39519190699531,,0,6,3,3,1,31,120,1,1,0,6,-3.87578771146946,0,5,3,0,0,10,0,154,1,0,0,0,0,6,13.9583775096107,0,6,3,3,1,0,32,19,25,0,0,0,0,0,0,3,85,6,0,0,0,0,0,0,0,0,0,1,0,0,0,0,2,15,1,1,0,0,1,0,2,-6,3,39,1,1,0,0,34,1,0,0,1,0,0,0,0,0,0,0,0,0,34,,,34,0,0,2,2,0,0,1,0,0,0,0,0,5,0,51,212,2,0,2,0,1,2,14,0,198
2004,14,SEA,REG,2004_14_SEA_MIN,MIN,23,34,334,3,2,3,-17,0,0,0,334,19,13.4627043753374,,0,15,9,4,0,31,138,0,0,0,6,-2.05935998395849,0,4,3,1,0,23,0,334,3,0,0,0,0,19,32.591417041258,0,15,9,4,0,0,41,3,11,0,0,1,1,9,0,1,0,6,0,0,0,0,0,0,0,0,0,0,0,1,0,0,5,79,1,0,0,0,0,0,0,0,5,122,2,3,1,0,33,0.666666666666667,0,1,1,0,0,0,0,0,1,0,0,0,33;28,38,,61,38,0,3,3,0,0,1,0,0,0,0,0,4,0,50,162,1,0,1,1,1,1,18,0,124
2004,14,SF,REG,2004_14_SF_ARI,ARI,18,34,191,3,0,1,-7,0,0,0,191,9,3.18092539481586,,0,8,4,2,0,41,168,1,1,1,10,-2.9982201468329,0,7,3,0,0,18,0,191,3,0,0,0,0,9,18.216264417104,0,8,4,2,0,0,48,10,10,0,0,1,1,8,0,1,25,6,0,0,0,0,0,0,0,0,0,0,0,1,0,0,7,70,5,1,0,0,1,1,4,34,3,60,1,1,0,0,31,1,0,0,1,0,0,0,0,0,0,0,0,0,31,,,31,0,0,4,4,0,0,1,1,1,0,0,31,7,0,53,320,3,0,1,1,0,5,26,0,274
2004,14,TB,REG,2004_14_TB_SD,LAC,36,50,392,3,3,3,-19,1,1,0,392,19,3.00584221238701,,0,15,10,7,0,18,63,0,0,0,1,-3.30948726795032,0,1,0,0,0,36,0,392,3,0,0,0,0,19,28.7214970577334,0,15,10,7,0,0,42,11,11,0,0,1,2,14,0,2,0,3,0,1,0,0,0,0,0,0,0,1,0,1,0,0,12,111,4,1,1,0,2,1,3,5,5,106,1,2,1,0,41,0.5,0,0,0,1,0,0,0,0,1,0,0,0,41,30,,41,30,0,3,3,0,0,1,0,0,0,0,0,5,0,51,202,1,0,2,0,1,2,10,0,192
2004,14,TEN,REG,2004_14_KC_TEN,KC,29,43,426,4,0,5,-47,0,0,0,426,18,17.8082740441425,,0,15,9,8,2,33,163,1,2,2,8,-2.41992506810551,0,7,4,0,0,29,0,426,4,1,1,0,0,18,27.2643905514851,0,15,9,8,2,0,30,9,17,0,0,0,1,7,0,1,0,4,0,1,0,0,0,0,0,0,0,0,0,1,0,0,13,104,5,2,3,1,5,4,2,0,8,148,1,2,1,0,27,0.5,0,1,0,0,0,0,0,0,0,0,1,0,27,50,,27,50,0,5,5,0,0,1,0,0,0,0,0,4,0,55,147,2,0,2,1,0,1,4,0,123
2004,14,WAS,REG,2004_14_PHI_WAS,PHI,29,46,251,0,1,3,-27,1,0,0,251,12,-1.53744291056696,,0,9,5,3,0,25,88,2,0,0,5,-1.41643340780865,0,1,1,0,0,29,0,251,0,0,0,0,0,12,16.4014429085655,0,9,5,3,0,0,37,3,11,0,0,2,2,15,0,1,10,6,0,0,0,0,0,0,0,0,0,1,0,1,2,0,12,137,5,1,0,0,1,0,3,16,4,137,0,1,1,0,,0,0,0,0,0,0,0,0,0,0,1,0,0,,43,,0,43,0,2,2,0,0,1,0,0,0,0,0,9,0,53,368,3,1,1,1,1,5,81,0,267
2004,15,ARI,REG,2004_15_STL_ARI,LA,22,34,287,2,0,2,-16,1,1,0,287,16,2.39984187298081,,0,13,6,3,0,40,131,2,1,0,8,3.02835072431481,0,3,3,1,0,22,0,287,2,0,0,0,0,16,23.1823888274375,0,13,6,3,0,0,34,6,8,0,0,3,4,26,0,1,0,6,0,0,0,0,0,0,0,0,0,0,0,1,0,0,7,67,4,2,0,1,2,1,5,21,2,33,1,1,0,0,48,1,0,0,0,1,0,0,0,0,0,0,0,0,48,,,48,0,0,4,4,0,0,1,0,0,0,0,0,6,0,53,301,3,0,1,0,0,5,28,0,273
2004,15,ATL,REG,2004_15_CAR_ATL,CAR,11,28,154,2,2,4,-24,2,1,0,154,7,-10.2904836215312,,0,5,3,2,1,38,204,2,0,0,13,10.0620964924726,0,9,8,1,0,11,0,154,2,1,1,0,0,7,12.5205486881896,0,5,3,2,1,0,51,0,12,0,0,3,3,12,0,1,30,3,0,0,0,0,0,0,0,0,0,1,0,3,0,0,6,66,4,3,0,0,3,2,3,45,6,188,2,3,1,0,38,0.666666666666667,0,0,2,0,0,0,0,0,0,1,0,0,37;38,45,,75,45,0,4,4,0,0,1,1,1,0,0,38,2,0,45,86,0,0,0,0,0,2,8,0,78
2004,15,BAL,REG,2004_15_BAL_IND,IND,19,40,210,1,2,2,-16,0,0,0,210,12,-6.31227445168469,,0,10,3,2,0,29,160,0,1,0,6,0.265887280436562,0,1,1,1,1,19,0,210,1,0,0,0,0,12,21.8732956493041,0,10,3,2,0,0,37,9,9,0,0,1,0,0,0,0,0,2,0,0,0,0,0,0,0,0,0,1,0,0,0,0,7,35,3,1,0,0,1,0,3,27,5,129,1,2,0,1,42,0.5,0,0,0,1,0,0,0,0,0,0,0,0,42,,31,42,0,31,1,1,0,0,1,0,0,0,0,0,5,0,53,195,4,1,1,0,2,1,14,0,181
2004,15,BUF,REG,2004_15_BUF_CIN,CIN,15,30,183,1,0,2,-14,1,0,0,183,9,1.37607762668456,,0,10,2,1,1,29,43,0,0,0,3,-10.9500729261704,0,1,1,0,0,15,0,183,1,2,1,0,0,9,11.8436377771723,0,10,2,1,1,1,39,3,33,0,0,2,3,25,0,2,65,7,1,1,0,1,0,0,0,0,0,4,0,2,0,0,4,37,4,3,2,0,5,1,4,4,4,81,4,4,0,0,39,1,0,2,2,0,0,0,0,0,0,0,0,0,23;39;21;33,,,116,0,0,3,3,0,0,1,0,0,0,0,0,5,0,60,225,1,0,0,1,0,4,21,0,184
2004,15,CAR,REG,2004_15_CAR_ATL,ATL,24,35,340,2,1,4,-26,3,2,0,340,19,9.41104192227337,,0,17,8,4,1,25,61,1,1,0,3,-5.04377164214384,0,0,0,0,0,24,0,340,2,1,0,0,0,19,30.447258398216,0,17,8,4,1,0,56,0,6,0,0,3,4,24,0,2,2,8,0,1,0,0,0,0,0,0,0,3,-4,2,60,1,7,50,5,3,3,0,6,3,2,8,5,88,1,1,0,0,21,1,0,1,0,0,0,0,0,0,0,0,0,0,21,,,21,0,0,4,4,0,0,1,0,0,0,0,0,3,0,58,145,0,0,0,0,0,3,45,0,100
2004,15,CHI,REG,2004_15_HOU_CHI,HOU,17,35,168,0,2,2,-19,1,1,0,168,6,-21.073848140241,,0,7,4,1,0,26,54,0,3,1,3,-13.7229811383184,0,1,1,0,0,17,0,168,0,0,0,0,0,6,3.87825629418816,0,7,4,1,0,0,50,5,5,0,0,0,2,12,0,0,0,6,0,1,1,0,0,0,0,0,0,3,-7,0,0,0,5,50,1,1,4,0,5,2,3,3,6,107,1,2,1,0,43,0.5,0,0,0,1,0,0,0,0,1,0,0,0,43,39,,43,39,0,0,0,0,0,,0,0,0,0,0,7,0,52,295,3,1,0,0,1,5,44,0,251
2004,15,CIN,REG,2004_15_BUF_CIN,BUF,16,32,151,1,2,3,-25,1,0,0,151,9,-11.5668718167581,,0,7,2,2,0,31,149,1,2,2,6,-9.13952181720452,0,3,2,1,0,16,0,151,1,0,0,0,0,9,19.8602087138279,0,7,2,2,0,0,51,0,12,0,0,3,2,14,0,0,0,2,0,0,0,0,0,0,0,0,0,1,-1,1,0,0,7,62,3,2,1,0,3,2,4,21,6,109,1,1,0,0,24,1,0,1,0,0,0,0,0,0,0,0,0,0,24,,,24,0,0,2,2,0,0,1,0,0,0,0,0,5,1,47,204,0,0,1,0,0,4,4,0,200
2004,15,CLE,REG,2004_15_SD_CLE,LAC,11,28,108,0,1,1,-3,0,0,0,108,2,-22.0094398340927,,0,2,2,1,0,29,126,0,0,0,8,2.56168392632389,0,4,4,1,0,11,0,108,0,0,0,0,0,2,-0.307414692768361,0,2,2,1,0,0,29,20,20,0,0,0,1,2,0,0,0,0,0,0,0,0,0,0,0,0,0,0,0,1,0,0,7,55,6,0,0,0,0,0,2,45,4,56,0,1,1,0,,0,0,0,0,0,0,0,0,0,1,0,0,0,,39,,0,39,0,0,0,0,0,,0,0,0,0,0,5,0,47,177,2,2,1,0,1,1,0,0,177
2004,15,DAL,REG,2004_15_DAL_PHI,PHI,16,28,176,1,2,3,-19,0,0,0,176,10,-3.72107510346728,,0,9,2,1,0,26,80,0,1,0,4,-4.1008589117555,0,2,1,0,0,16,0,176,1,0,0,0,0,10,14.9493375271904,0,9,2,1,0,0,49,1,5,0,0,1,2,15,0,2,33,9,0,0,0,0,1,0,0,0,0,1,1,1,0,0,6,35,3,0,1,0,1,0,1,11,3,55,0,1,1,0,,0,0,0,0,0,0,0,0,0,0,1,0,0,,46,,0,46,0,1,1,0,0,1,0,0,0,0,0,6,0,43,234,2,0,1,1,1,3,35,0,179
2004,15,DEN,REG,2004_15_DEN_KC,KC,23,41,292,1,2,6,-22,0,0,0,292,11,-0.212059501791373,,0,11,6,4,1,20,132,1,0,0,9,6.73186725378037,0,6,4,1,0,23,0,292,1,1,1,0,0,11,18.4551689187065,0,11,6,4,1,0,50,7,9,0,0,2,3,18,0,0,0,1,0,0,0,0,0,0,0,0,0,0,0,0,0,0,10,100,3,1,1,2,2,1,1,0,8,155,1,1,0,0,27,1,0,1,0,0,0,0,0,0,0,0,0,0,27,,,27,0,0,2,2,0,0,1,0,0,0,0,0,4,0,42,154,2,0,1,0,1,2,30,0,124
2004,15,DET,REG,2004_15_MIN_DET,MIN,25,44,361,2,2,2,-11,0,0,0,361,15,8.08919226863659,,1,12,7,5,1,25,113,1,1,1,7,1.01240523415618,0,4,2,0,0,25,0,361,2,0,0,0,0,15,29.1959528430752,1,13,8,6,0,0,50,1,21,0,0,1,5,34,0,1,24,6,0,0,0,0,0,0,0,0,0,0,0,0,0,0,4,25,5,1,0,0,1,1,2,15,4,83,2,2,0,0,32,1,0,1,1,0,0,0,0,0,0,0,0,0,32;23,,,55,0,0,1,1,0,0,1,0,0,0,0,0,3,0,49,135,0,0,0,0,0,3,27,0,108
2004,15,GB,REG,2004_15_JAX_GB,JAX,30,44,367,2,3,2,-17,1,0,0,367,21,7.91948575331402,,1,19,9,4,0,21,94,0,3,2,2,-10.1691751393373,0,3,2,1,0,30,0,367,2,0,0,0,0,21,31.5698865884365,1,19,9,4,0,0,31,19,23,0,0,2,1,6,0,0,0,3,0,0,0,0,0,0,0,0,0,2,-8,2,15,1,12,101,5,1,3,0,4,2,5,54,5,94,1,2,1,0,35,0.5,0,0,1,0,0,0,0,0,1,0,0,0,35,31,,35,31,0,2,2,0,0,1,0,0,0,0,0,3,0,43,114,0,0,0,1,0,2,20,0,74
2004,15,HOU,REG,2004_15_HOU_CHI,CHI,13,28,220,1,0,2,-12,0,0,0,220,8,7.65455470680421,,0,6,4,4,1,34,106,1,0,0,6,-5.420897523187,0,3,1,1,0,13,0,220,1,0,0,0,0,8,21.9059743440012,0,6,4,4,1,0,47,5,5,0,0,1,2,19,0,2,43,9,0,0,0,0,0,0,0,0,0,0,0,2,75,1,10,89,4,0,0,0,0,0,5,44,2,23,1,2,1,0,20,0.5,0,1,0,0,0,0,0,0,0,1,0,0,20,42,,20,42,0,3,3,0,0,1,0,0,0,0,0,7,0,43,215,1,0,1,1,2,3,3,0,192
2004,15,IND,REG,2004_15_BAL_IND,BAL,20,33,249,1,0,0,0,0,0,0,249,11,6.11272091450587,,0,10,7,5,0,24,67,1,1,0,4,-8.45290259720059,0,1,1,0,0,20,0,249,1,0,0,0,0,11,17.2184727469381,0,10,7,5,0,0,34,24,24,0,0,1,2,16,0,2,103,9,0,0,0,0,0,1,0,0,24,1,0,0,0,0,5,28,3,1,0,0,1,0,1,14,2,51,2,3,1,0,33,0.666666666666667,0,1,1,0,0,0,0,0,1,0,0,0,24;33,33,,57,33,0,2,2,0,0,1,0,0,0,0,0,6,0,59,292,2,0,0,0,3,3,27,0,265
2004,15,JAX,REG,2004_15_JAX_GB,GB,9,20,121,2,0,1,-6,1,0,0,121,6,-4.47989628696814,,0,6,3,2,0,36,197,2,0,0,8,7.71313784894301,0,5,4,3,1,9,0,121,2,0,0,0,0,6,10.6045715769287,0,6,3,2,0,0,44,14,18,0,0,1,2,17,0,3,0,7,0,1,0,0,0,0,0,0,0,1,-3,2,0,0,7,85,2,2,1,0,3,2,2,20,5,69,0,0,0,0,,,0,0,0,0,0,0,0,0,0,0,0,0,,,,0,0,0,4,4,0,0,1,0,0,0,0,0,7,0,54,256,2,0,2,0,0,5,54,0,202
2004,15,KC,REG,2004_15_DEN_KC,DEN,17,23,266,3,0,3,-18,2,0,0,266,14,16.3108031643283,,0,11,5,4,2,36,162,2,0,0,5,0.134477471990976,0,3,2,1,0,17,0,266,3,0,0,0,0,14,24.9513607567642,0,11,5,4,2,1,47,7,7,0,0,1,6,22,0,2,23,4,0,0,0,0,0,0,0,0,0,2,0,0,0,0,6,58,4,2,0,0,2,0,2,30,4,147,1,1,0,0,39,1,0,0,1,0,0,0,0,0,0,0,0,0,39,,,39,0,0,6,6,0,0,1,0,0,0,0,0,4,0,44,131,0,1,1,0,0,1,0,0,131
2004,15,LA,REG,2004_15_STL_ARI,ARI,17,37,189,0,1,4,-26,1,0,0,189,8,-5.47953475581016,,0,8,3,3,0,10,22,0,0,0,3,-2.99335350387264,0,1,1,0,0,17,0,189,0,2,1,0,0,8,6.38566051202361,0,8,3,3,0,0,50,15,15,0,0,2,2,16,0,0,0,3,0,1,0,0,0,0,0,0,0,3,1,1,61,1,9,74,4,3,1,0,4,1,5,28,4,86,0,0,0,0,,,0,0,0,0,0,0,0,0,0,0,0,0,,,,0,0,0,1,1,0,0,1,0,0,0,0,0,9,0,49,404,2,0,1,2,1,5,21,0,343
2004,15,LAC,REG,2004_15_SD_CLE,CLE,4,6,85,1,0,1,-2,0,0,0,85,2,3.99612572329352,,0,1,1,1,1,50,174,2,0,0,12,1.39025260542985,0,2,1,1,0,4,0,85,1,0,0,0,0,2,7.03116997523466,0,1,1,1,1,0,30,16,16,0,0,0,1,3,0,1,0,5,0,1,0,0,0,0,0,0,0,0,0,0,0,0,1,8,2,0,1,0,1,1,1,0,0,0,0,0,0,0,,,0,0,0,0,0,0,0,0,0,0,0,0,,,,0,0,0,3,3,0,0,1,0,0,0,0,0,6,0,50,233,0,1,2,1,0,2,45,0,168
2004,15,LV,REG,2004_15_TEN_OAK,TEN,21,37,371,5,1,2,-13,0,0,0,371,15,15.6107784691267,,0,12,10,8,2,22,57,0,0,0,3,-4.00206264539506,0,1,0,0,0,21,0,371,5,0,0,0,0,15,31.7713004383259,0,12,10,8,2,0,54,13,13,0,0,1,3,26,0,1,45,8,0,0,1,0,0,0,0,0,0,0,0,1,0,0,5,39,3,0,0,0,0,0,1,-2,5,70,1,1,0,0,42,1,0,0,0,1,0,0,0,0,0,0,0,0,42,,,42,0,0,5,5,0,0,1,0,0,0,0,0,6,0,60,300,2,0,0,1,1,4,37,0,243
2004,15,MIA,REG,2004_15_NE_MIA,NE,22,35,198,1,0,4,-19,1,0,0,198,10,1.7383910007395,,0,9,2,1,0,20,52,3,1,1,6,-6.9655729465303,0,1,1,0,0,22,0,198,1,0,0,0,0,10,13.4191520861061,0,9,2,1,0,0,40,0,42,0,0,0,2,15,0,4,48,8,0,1,0,0,0,0,0,0,0,1,-5,0,0,0,9,67,4,2,1,1,3,1,2,87,5,139,1,1,0,0,30,1,0,0,1,0,0,0,0,0,0,0,0,0,30,,,30,0,0,2,2,0,0,1,0,0,0,0,0,6,0,52,274,2,0,1,0,3,2,17,0,257
2004,15,MIN,REG,2004_15_MIN_DET,DET,25,35,404,3,1,5,-34,0,0,0,404,15,18.9195411491382,,0,11,7,7,1,23,91,1,1,0,6,-1.40253456955543,0,4,2,0,0,25,0,404,3,0,0,0,0,15,35.1620257182512,0,11,7,7,1,0,45,2,20,0,0,1,2,11,0,2,14,9,0,0,0,0,0,0,0,0,0,1,0,1,0,0,9,70,4,1,0,0,1,0,3,27,5,94,0,0,0,0,,,0,0,0,0,0,0,0,0,0,0,0,0,,,,0,0,0,4,4,0,0,1,0,0,0,0,0,5,0,54,203,2,0,0,1,2,2,15,0,168
2004,15,NE,REG,2004_15_NE_MIA,MIA,18,29,171,3,4,2,-15,0,0,0,171,9,-2.47950370109174,,0,7,3,3,0,38,166,1,0,0,11,6.7341174352332,0,4,4,2,0,18,0,171,3,0,0,0,0,9,18.0580264718155,0,7,3,3,0,0,39,0,20,0,0,2,4,19,0,0,0,5,0,0,0,0,0,0,0,0,0,0,0,1,0,0,4,53,3,0,0,0,0,0,2,17,6,111,0,0,0,0,,,0,0,0,0,0,0,0,0,0,0,0,0,,,,0,0,0,4,4,0,0,1,0,0,0,0,0,4,0,52,171,2,0,0,0,2,2,87,0,84
2004,15,NO,REG,2004_15_NO_TB,TB,14,21,169,2,0,7,-37,1,0,0,169,8,5.16851380441558,,0,7,4,4,0,29,115,0,0,0,6,-0.741363065375481,0,3,3,0,0,14,0,169,2,1,1,0,0,8,12.9966117964359,0,7,4,4,0,1,37,10,18,0,0,2,1,4,0,1,0,2,0,0,0,0,0,0,0,0,0,1,0,2,0,0,8,69,3,1,1,0,2,1,1,53,4,148,0,1,1,0,,0,0,0,0,0,0,0,0,0,1,0,0,0,,38,,0,38,0,3,3,0,0,1,0,0,0,0,0,7,0,57,291,2,1,2,2,0,2,59,1,192
2004,15,NYG,REG,2004_15_PIT_NYG,PIT,16,23,182,2,1,0,0,0,0,0,182,10,9.29969234247995,,0,7,4,1,1,21,96,1,0,0,6,-1.6739284441878,0,3,3,1,0,16,0,182,2,0,0,0,0,10,16.0130911636224,0,7,4,1,1,1,36,27,27,0,0,0,3,17,0,2,12,6,0,0,0,0,0,0,0,0,0,0,0,0,0,0,5,55,6,0,0,0,0,0,0,0,8,259,1,1,0,0,22,1,0,1,0,0,0,0,0,0,0,0,0,0,22,,,22,0,0,3,3,0,0,1,0,0,0,0,0,3,0,45,102,1,0,1,0,1,1,-2,0,104
2004,15,NYJ,REG,2004_15_SEA_NYJ,SEA,18,24,253,3,0,0,0,0,0,0,253,13,20.0996390102082,,0,11,6,4,0,41,229,2,0,0,14,6.26152249972125,0,7,6,2,0,18,0,253,3,0,0,0,0,13,24.4771402578917,0,11,6,4,0,0,35,18,18,0,0,2,3,14,0,1,7,5,0,0,0,0,0,0,0,0,0,1,2,2,0,0,2,15,1,0,1,0,1,0,1,8,3,50,1,2,1,0,21,0.5,0,1,0,0,0,0,0,0,1,0,0,0,21,30,,21,30,0,4,5,1,0,0.8,0,0,0,0,0,0,0,,0,0,0,0,0,0,0,0,0,0
2004,15,PHI,REG,2004_15_DAL_PHI,DAL,20,35,223,1,2,2,-15,1,1,0,223,14,-6.83359422352794,,0,12,6,1,0,28,120,1,0,0,8,0.953458074160153,0,4,3,0,0,20,0,223,1,0,0,0,0,14,15.8839287702723,0,12,6,1,0,0,44,0,10,0,0,0,3,19,0,2,12,8,0,0,0,0,0,0,0,0,0,0,0,0,0,0,5,36,5,1,0,0,1,1,3,35,2,44,0,0,0,0,,,0,0,0,0,0,0,0,0,0,0,0,0,,,,0,0,0,0,1,0,1,0,0,0,0,0,0,5,0,51,192,3,0,3,1,0,1,11,0,161
2004,15,PIT,REG,2004_15_PIT_NYG,NYG,19,29,326,2,2,3,-17,0,0,0,326,16,18.8258303473424,,0,13,7,7,1,39,160,1,0,0,9,-0.637251497219328,0,5,3,1,0,19,0,326,2,0,0,0,0,16,32.0936893957551,0,13,7,7,1,0,28,14,14,0,0,0,0,0,0,1,0,4,0,0,0,0,0,0,0,0,0,0,0,0,0,0,2,14,0,0,0,0,0,0,1,-2,6,127,4,4,0,0,36,1,0,2,2,0,0,0,0,0,0,0,0,0,33;21;36;28,,,118,0,0,3,3,0,0,1,0,0,0,0,0,0,0,,0,0,0,0,0,0,0,0,0,0
2004,15,SEA,REG,2004_15_SEA_NYJ,NYJ,22,32,201,2,1,3,-14,1,0,0,201,12,5.09127519332105,,0,8,3,1,0,23,88,0,1,1,7,-4.08622649993049,0,2,1,0,0,22,0,201,2,0,0,0,0,12,19.2501985184499,0,8,3,1,0,0,36,23,23,0,0,0,0,0,0,0,0,2,0,0,0,0,0,0,0,0,0,1,0,0,0,0,2,20,3,2,1,0,3,2,0,0,7,131,0,0,0,0,,,0,0,0,0,0,0,0,0,0,0,0,0,,,,0,0,0,2,2,0,0,1,0,0,0,0,0,3,0,44,108,0,1,1,0,0,1,8,0,100
2004,15,SF,REG,2004_15_WAS_SF,WAS,20,38,206,2,4,1,-7,0,0,0,206,11,-16.9603939529625,,0,12,4,0,0,18,55,0,1,0,3,-3.93201965949265,0,2,2,1,0,20,0,206,2,0,0,0,0,11,15.3207200526376,0,12,4,0,0,0,55,2,18,0,0,1,1,5,0,0,0,2,0,0,1,1,0,0,0,0,0,1,-3,1,0,0,5,45,5,0,1,0,1,0,1,13,8,165,0,0,0,0,,,0,0,0,0,0,0,0,0,0,0,0,0,,,,0,0,0,2,2,0,0,1,0,0,0,0,0,7,0,44,271,1,1,2,0,1,3,8,0,263
2004,15,TB,REG,2004_15_NO_TB,NO,13,22,118,1,1,1,-4,0,0,0,118,7,-1.31316433043685,,0,5,2,1,0,34,169,0,1,1,6,-4.18082279236224,0,4,2,1,1,13,0,118,1,1,1,0,0,7,7.34048151754541,0,5,2,1,0,1,38,16,16,0,0,1,7,37,0,0,0,4,0,0,0,0,0,0,0,0,0,0,0,1,0,0,5,45,5,2,0,0,2,2,2,59,3,61,1,1,0,0,37,1,0,0,1,0,0,0,0,0,0,0,0,0,37,,,37,0,0,2,2,0,0,1,0,0,0,0,0,5,0,48,186,1,0,3,1,0,1,53,0,113
2004,15,TEN,REG,2004_15_TEN_OAK,LV,40,61,492,4,1,3,-26,1,1,0,492,28,16.6586645848034,,0,23,12,7,0,19,61,1,0,0,2,-1.47856568620773,0,1,0,0,0,40,0,492,4,0,0,0,0,28,47.2688910413417,0,23,12,7,0,0,35,11,11,0,0,0,2,13,0,1,0,4,0,0,0,0,0,0,0,0,0,0,0,0,0,0,5,35,5,1,0,0,1,1,4,37,5,152,0,1,1,0,,0,0,0,0,0,0,0,0,0,0,1,0,0,,41,,0,41,0,5,5,0,0,1,0,0,0,0,0,4,0,48,165,1,1,1,0,1,1,-2,0,167
2004,15,WAS,REG,2004_15_WAS_SF,SF,18,27,214,1,0,1,-5,0,0,0,214,11,10.3135283188822,,0,10,4,2,0,40,128,0,1,1,6,-11.9389795853058,0,3,2,0,0,18,0,214,1,0,0,0,0,11,20.1202911233046,0,10,4,2,0,0,40,1,13,0,0,0,1,7,0,4,147,10,1,0,0,0,0,0,0,0,0,0,0,0,0,0,11,93,2,1,0,0,1,1,3,8,2,42,4,4,0,0,49,1,0,3,0,1,0,0,0,0,0,0,0,0,49;25;20;26,,,120,0,0,2,2,0,0,1,0,0,0,0,0,4,1,61,184,0,1,0,1,1,1,13,0,151
2004,16,ARI,REG,2004_16_ARI_SEA,SEA,21,33,248,3,2,4,-28,3,0,0,248,12,-0.159077832288151,,0,10,7,4,0,30,97,0,0,0,4,-2.69847981934436,0,3,1,0,0,21,0,248,3,1,0,0,0,12,22.9008315145038,0,10,7,4,0,0,38,11,11,0,0,1,1,2,0,1,0,4,0,0,0,0,0,0,0,0,0,4,0,0,0,0,4,25,6,4,0,0,4,0,4,29,4,106,0,1,1,0,,0,0,0,0,0,0,0,0,0,0,0,1,0,,52,,0,52,0,3,3,0,0,1,0,0,0,0,0,7,0,48,276,3,0,0,0,3,4,64,0,212
2004,16,ATL,REG,2004_16_ATL_NO,NO,17,41,188,0,2,3,-14,1,0,0,188,9,-7.80911286610658,,0,7,2,1,1,24,93,1,0,0,5,-2.07783530034241,0,3,2,0,0,17,0,188,0,1,1,0,0,9,9.47697267154581,0,7,2,1,1,0,56,6,6,0,0,0,4,18,0,2,27,6,0,0,0,0,0,0,0,0,0,1,0,0,0,0,6,35,4,2,0,0,2,1,1,10,5,110,2,2,0,0,25,1,0,2,0,0,0,0,0,0,0,0,0,0,25;20,,,45,0,0,1,1,0,0,1,0,0,0,0,0,6,0,52,259,1,0,1,0,0,5,40,0,219
2004,16,BAL,REG,2004_16_BAL_PIT,PIT,18,32,177,0,1,0,0,0,0,0,177,11,-0.990865534062287,,0,9,2,1,0,21,71,1,0,0,4,0.658127254166175,0,3,2,0,0,18,0,177,0,0,0,0,0,11,14.6776120966533,0,9,2,1,0,0,29,16,36,0,0,1,0,0,0,1,0,2,0,0,0,0,0,0,0,0,0,0,0,1,3,0,3,30,4,0,0,0,0,0,0,0,4,82,0,1,1,0,,0,0,0,0,0,0,0,0,0,0,1,0,0,,44,,0,44,0,1,1,0,0,1,0,0,0,0,0,3,0,42,115,1,0,2,1,0,0,0,0,95
2004,16,BUF,REG,2004_16_BUF_SF,SF,23,36,216,2,0,1,-1,0,0,0,216,13,8.61496519378223,,0,10,3,1,0,36,226,3,1,1,14,8.72537891566753,0,6,5,4,0,23,0,216,2,0,0,0,0,13,22.4096454053652,0,10,3,1,0,0,36,1,25,0,0,2,3,18,0,3,9,9,0,0,0,0,0,0,0,0,0,0,0,1,0,0,5,46,3,1,0,0,1,1,4,61,2,64,2,2,0,0,31,1,0,1,1,0,0,0,0,0,0,0,0,0,23;31,,,54,0,0,5,5,0,0,1,0,0,0,0,0,1,0,36,36,1,1,0,0,0,0,0,0,36
2004,16,CAR,REG,2004_16_CAR_TB,TB,19,24,214,4,0,1,-7,0,0,0,214,14,19.9981950394003,,0,10,5,3,0,36,141,0,0,0,6,-2.77853009616956,0,5,4,0,0,19,0,214,4,1,0,0,0,14,25.1268230187133,0,10,5,3,0,0,39,8,8,0,0,0,2,22,0,2,17,6,1,0,0,1,0,0,0,0,0,1,0,1,0,0,5,52,3,1,0,0,1,0,0,0,4,90,1,1,0,0,26,1,0,1,0,0,0,0,0,0,0,0,0,0,26,,,26,0,0,4,5,1,0,0.8,0,0,0,0,0,5,0,61,223,3,0,3,1,1,0,0,0,203
2004,16,CHI,REG,2004_16_CHI_DET,DET,20,35,114,1,0,2,-9,0,0,0,114,7,-7.51005841484573,,0,4,1,1,0,25,124,0,1,1,8,-3.00903796753846,0,5,3,0,0,20,0,114,1,0,0,0,0,7,4.20456957722502,0,4,1,1,0,0,42,1,23,0,0,1,2,10,0,1,38,8,1,0,0,0,0,0,0,0,0,0,0,0,0,0,8,55,5,1,0,0,1,1,2,11,3,51,0,0,0,0,,,0,0,0,0,0,0,0,0,0,0,0,0,,,,0,0,0,1,1,0,0,1,0,0,0,0,0,8,0,53,347,1,0,1,1,1,5,18,0,309
2004,16,CIN,REG,2004_16_NYG_CIN,NYG,20,32,186,2,1,3,-16,0,0,0,186,12,6.46465220913268,,0,9,4,1,0,25,63,1,1,1,3,-13.3025205781159,0,2,1,0,0,20,0,186,2,1,0,0,0,12,19.3893048517203,0,9,4,1,0,0,51,1,13,0,0,1,2,17,0,1,-2,9,0,1,0,0,0,0,0,0,0,1,0,0,0,0,3,20,5,2,1,1,3,1,3,61,6,132,1,1,0,0,42,1,0,0,0,1,0,0,0,0,0,0,0,0,42,,,42,0,0,2,2,0,0,1,0,0,0,0,0,3,0,52,140,1,0,0,1,0,2,3,0,117
2004,16,CLE,REG,2004_16_CLE_MIA,MIA,9,16,161,1,2,2,-18,0,0,0,161,5,-1.11055360993487,,0,3,3,3,2,40,142,0,3,1,7,-5.80856149873218,0,1,1,0,0,9,0,161,1,0,0,0,0,5,10.7621870405565,0,3,3,3,2,0,42,0,24,0,0,1,2,12,0,0,0,7,0,0,0,0,0,0,0,0,0,1,-3,2,0,0,5,25,3,3,1,1,4,2,3,48,3,51,0,1,1,0,,0,0,0,0,0,0,0,0,0,0,1,0,0,,43,,0,43,0,1,1,0,0,1,0,0,0,0,0,6,0,46,254,2,0,1,2,0,3,37,0,177
2004,16,DAL,REG,2004_16_WAS_DAL,WAS,23,39,234,1,1,5,-17,0,0,0,234,13,3.44390148826975,,0,9,2,2,0,30,89,0,1,1,5,-10.8059974705567,0,1,1,0,0,23,0,234,1,0,0,0,0,13,18.0562673462846,0,9,2,2,0,0,45,0,18,0,0,1,2,9,0,2,1,4,0,0,0,0,0,0,0,0,0,0,0,1,0,0,1,13,6,1,0,0,1,1,3,20,3,45,2,2,0,0,26,1,0,2,0,0,0,0,0,0,0,0,0,0,26;23,,,49,0,0,1,1,0,0,1,0,0,0,0,0,5,0,52,235,0,0,0,1,0,4,59,0,156
2004,16,DEN,REG,2004_16_DEN_TEN,TEN,21,26,303,2,1,0,0,0,0,0,303,13,18.8941146377966,,0,12,5,4,1,46,193,2,0,0,12,0.977885524262965,0,4,4,1,0,21,0,303,2,0,0,0,0,13,25.1662516689296,0,12,5,4,1,0,24,14,18,0,0,1,6,43,0,2,25,9,0,1,0,0,0,0,0,0,0,0,0,0,0,0,2,45,4,0,1,0,1,1,2,6,4,96,3,4,1,0,30,0.75,0,2,1,0,0,0,0,0,1,0,0,0,22;22;30,34,,74,34,0,4,4,0,0,1,0,0,0,0,0,2,0,46,87,2,0,2,0,0,0,0,0,87
2004,16,DET,REG,2004_16_CHI_DET,CHI,15,30,166,0,1,2,-10,0,0,0,166,7,-15.1914654018521,,0,7,3,3,0,32,158,1,1,0,8,1.02941831500197,0,5,3,2,0,15,0,166,0,0,0,0,0,7,7.55695452657952,0,7,3,3,0,0,43,1,13,0,0,1,2,9,0,0,0,7,0,0,0,0,0,0,0,0,0,1,0,1,0,0,6,47,6,1,0,0,1,0,5,18,3,87,4,4,0,0,40,1,0,0,3,1,0,0,0,0,0,0,0,0,31;39;34;40,,,144,0,0,1,1,0,0,1,0,0,0,0,0,6,0,47,249,3,0,0,1,3,2,11,0,218
2004,16,GB,REG,2004_16_GB_MIN,MIN,30,43,365,3,1,1,-15,1,0,0,365,19,20.3294149642498,,0,14,10,7,0,34,102,1,0,0,6,-1.16346970837761,0,2,0,0,0,30,0,365,3,0,0,0,0,19,36.9281528083994,0,14,10,7,0,0,33,3,17,0,0,0,0,0,0,0,0,1,0,0,0,0,0,0,0,0,0,0,0,0,0,0,4,25,6,1,0,1,1,0,1,7,5,150,2,2,0,0,42,1,0,1,0,1,0,0,0,0,0,0,0,0,42;29,,,71,0,0,4,4,0,0,1,1,1,0,0,29,3,0,46,132,2,0,0,0,0,3,3,0,129
2004,16,HOU,REG,2004_16_HOU_JAX,JAX,14,20,139,1,2,4,-17,0,0,0,139,8,1.98717723725713,,0,7,4,0,0,43,211,1,0,0,11,-0.373009935520309,0,6,5,2,1,14,0,139,1,0,0,0,0,8,14.3605159220169,0,7,4,0,0,0,36,2,6,0,0,2,2,14,0,1,0,1,0,2,0,0,0,0,0,0,0,2,3,2,73,1,6,50,2,0,2,0,2,0,3,4,1,27,0,1,0,1,,0,0,0,0,0,0,0,0,0,0,0,0,0,,,34,0,0,34,3,3,0,0,1,0,0,0,0,0,5,0,54,221,1,1,0,1,1,2,21,0,180
2004,16,IND,REG,2004_16_SD_IND,LAC,27,44,383,2,1,4,-23,2,0,0,383,21,12.755644847626,,0,18,9,5,0,25,104,0,1,0,3,-0.0969732272952619,1,2,0,0,0,27,0,383,2,0,0,0,0,21,33.310000739235,0,18,9,5,0,1,44,11,11,0,0,1,1,9,0,1,17,4,0,0,0,0,0,0,0,0,0,3,0,0,0,0,10,70,2,2,1,0,3,0,1,7,7,252,4,5,1,0,36,0.8,0,2,2,0,0,0,0,0,0,1,0,0,36;26;23;30,47,,115,47,0,2,2,0,0,1,1,1,0,0,30,2,0,53,98,0,0,0,0,0,2,26,0,72
2004,16,JAX,REG,2004_16_HOU_JAX,HOU,10,21,54,0,1,3,-23,1,0,0,54,2,-14.777774139191,,0,2,0,0,0,20,95,0,0,0,4,0.793520596566616,0,2,1,0,0,10,0,54,0,2,2,0,0,2,-12.591048398579,0,2,0,0,0,0,57,0,8,0,0,0,4,17,0,2,4,3,0,0,0,0,0,1,0,0,9,1,0,0,0,0,5,45,3,2,1,0,3,2,2,21,3,64,0,1,1,0,,0,0,0,0,0,0,0,0,0,1,0,0,0,,31,,0,31,0,0,0,0,0,,0,0,0,0,0,7,0,56,317,3,0,4,0,0,3,4,0,313
2004,16,KC,REG,2004_16_OAK_KC,LV,32,45,358,2,1,4,-24,1,1,0,358,26,12.4743519647323,,0,21,4,2,0,29,99,2,0,0,4,-2.5123959047487,0,1,1,0,0,32,0,358,2,0,0,0,0,26,33.4479425905559,0,21,4,2,0,0,41,6,6,0,0,0,2,17,0,1,0,4,0,0,0,0,0,0,0,0,0,0,0,0,0,0,7,52,5,1,0,0,1,1,2,5,6,175,1,3,1,1,38,0.333333333333333,0,0,1,0,0,0,0,0,0,0,1,0,38,50,43,38,50,43,4,4,0,0,1,0,0,0,0,0,2,0,58,111,0,0,0,1,0,1,7,0,84
2004,16,LA,REG,2004_16_PHI_STL,PHI,20,28,225,1,0,2,-15,0,0,0,225,10,9.38401859911816,,0,8,4,3,0,44,209,1,0,0,11,1.96067343372133,0,4,3,2,1,20,0,225,1,3,1,0,0,10,14.9056928320206,0,8,4,3,0,0,35,1,1,0,0,1,1,8,0,0,0,5,0,0,0,0,0,0,0,0,0,2,0,1,10,0,7,55,3,3,0,0,3,1,2,21,2,53,2,3,1,0,29,0.666666666666667,0,2,0,0,0,0,0,0,0,1,0,0,28;29,44,,57,44,0,2,2,0,0,1,0,0,0,0,0,2,0,42,72,2,0,0,0,2,0,0,0,72
2004,16,LAC,REG,2004_16_SD_IND,IND,21,31,290,3,1,1,-9,1,0,0,290,12,19.4758921555918,,0,10,6,5,1,29,93,1,0,0,6,0.102704842574894,0,4,2,0,0,21,0,290,3,0,0,0,0,12,28.6317623062641,0,10,6,5,1,0,50,10,10,0,0,2,4,23,0,1,4,4,0,0,0,0,0,0,0,0,0,1,0,0,0,0,7,63,5,1,0,0,1,0,2,26,6,122,1,1,0,0,50,1,0,0,0,0,1,0,0,0,0,0,0,0,50,,,50,0,0,4,4,0,0,1,0,0,0,0,0,4,0,60,199,1,0,0,2,1,1,7,0,152
2004,16,LV,REG,2004_16_OAK_KC,KC,18,37,217,2,1,2,-17,0,0,0,217,10,4.53122180128564,,0,9,3,3,1,22,100,1,0,0,4,3.76702729362682,0,0,0,0,0,18,0,217,2,0,0,0,0,10,19.1275743042934,0,9,3,3,1,0,56,10,10,0,0,1,4,24,0,1,24,2,0,0,0,0,0,1,0,0,0,0,0,1,0,0,12,90,4,0,0,0,0,0,1,7,6,146,3,3,0,0,46,1,0,0,0,3,0,0,0,0,0,0,0,0,40;45;46,,,131,0,0,3,3,0,0,1,0,0,0,0,0,5,0,58,217,2,1,0,1,1,2,5,0,192
2004,16,MIA,REG,2004_16_CLE_MIA,CLE,25,44,176,1,0,2,-12,1,1,0,176,10,-10.1863125634181,,0,7,2,0,0,25,116,0,0,0,8,0.779643669608049,0,4,4,0,0,25,0,176,1,0,0,0,0,10,13.3752624836634,0,7,2,0,0,0,39,0,30,0,0,3,2,18,0,2,0,5,0,2,0,0,0,0,0,0,0,1,12,2,0,0,7,35,3,1,2,0,3,2,3,37,2,48,1,1,0,0,51,1,0,0,0,0,1,0,0,0,0,0,0,0,51,,,51,0,0,1,1,0,0,1,1,1,0,0,51,9,0,53,335,2,2,0,2,2,3,48,0,247
2004,16,MIN,REG,2004_16_GB_MIN,GB,16,23,285,3,0,0,0,0,0,0,285,9,15.4690593287652,,0,12,6,4,2,24,131,0,0,0,8,1.97475175710861,0,5,2,1,0,16,0,285,3,0,0,0,0,9,22.0534005795909,0,12,6,4,2,0,46,16,26,0,0,1,1,15,0,1,15,6,1,0,0,0,0,0,0,0,0,0,0,0,0,0,9,78,3,0,0,0,0,0,3,3,5,152,1,1,0,0,29,1,0,1,0,0,0,0,0,0,0,0,0,0,29,,,29,0,0,4,4,0,0,1,0,0,0,0,0,4,0,44,157,3,0,1,1,1,1,7,0,130
2004,16,NE,REG,2004_16_NE_NYJ,NYJ,21,32,264,2,0,1,-6,0,0,0,264,13,12.0104413239732,,0,12,7,4,0,38,114,0,1,0,7,-4.83081348158885,0,1,0,0,0,21,0,264,2,0,0,0,0,13,22.2861068579496,0,12,7,4,0,0,36,13,13,0,0,1,3,19,0,2,60,3,0,1,0,0,0,0,0,0,0,2,0,1,0,0,3,25,3,1,1,0,2,0,3,23,2,38,3,4,1,0,29,0.75,0,3,0,0,0,0,0,0,0,0,1,0,28;29;26,50,,83,50,0,2,2,0,0,1,0,0,0,0,0,4,0,41,147,2,1,0,0,0,3,18,0,129
2004,16,NO,REG,2004_16_ATL_NO,ATL,12,24,227,1,2,4,-18,0,0,0,227,10,-5.81127204489894,,0,9,8,5,0,40,160,1,0,0,6,-4.60608527107885,0,4,3,1,0,12,0,227,1,0,0,0,0,10,18.8065285266493,0,9,8,5,0,1,37,13,13,0,0,2,3,14,0,2,0,7,0,0,1,0,0,0,0,0,0,0,0,1,0,0,10,73,5,0,0,0,0,0,5,40,4,144,1,1,0,0,22,1,0,1,0,0,0,0,0,0,0,0,0,0,22,,,22,0,0,3,3,0,0,1,0,0,0,0,0,7,0,52,306,2,0,1,1,4,1,10,0,276
2004,16,NYG,REG,2004_16_NYG_CIN,CIN,19,37,201,0,1,2,-17,0,0,0,201,10,0.354623866446662,,0,7,4,3,0,28,142,1,1,0,8,5.45019412686816,0,4,2,1,0,19,0,201,0,0,0,0,0,10,17.3790401231571,0,7,4,3,0,0,43,2,18,0,0,2,3,16,0,1,10,4,0,0,0,0,0,0,0,0,0,1,0,1,29,0,9,85,4,1,0,0,1,0,2,3,5,121,5,5,0,0,44,1,0,1,2,2,0,0,0,0,0,0,0,0,31;36;44;41;28,,,180,0,0,1,1,0,0,1,0,0,0,0,0,4,0,43,152,0,0,0,0,1,3,61,0,91
2004,16,NYJ,REG,2004_16_NE_NYJ,NE,22,36,252,1,2,3,-19,1,1,0,252,14,-6.91614793322515,,0,12,6,3,0,18,46,0,0,0,2,-4.25929791748058,0,0,0,0,0,22,0,252,1,0,0,0,0,14,18.7371679567732,0,12,6,3,0,0,42,20,20,0,0,1,1,6,0,0,0,0,0,1,0,0,0,0,0,0,0,1,0,0,0,0,4,20,6,1,1,0,2,1,3,18,5,97,0,0,0,0,,,0,0,0,0,0,0,0,0,0,0,0,0,,,,0,0,0,1,1,0,0,1,0,0,0,0,0,5,0,41,157,3,1,0,0,1,3,23,0,134
2004,16,PHI,REG,2004_16_PHI_STL,LA,8,23,82,1,0,1,-8,1,1,0,82,5,-6.91915797558613,,0,3,2,2,0,23,81,0,0,0,5,-5.49711022089468,0,4,2,0,0,8,0,82,1,0,0,0,0,5,7.07328679575585,0,3,2,2,0,0,69,2,2,0,0,3,2,15,0,0,0,2,0,0,0,0,0,0,0,0,0,0,0,1,9,0,13,95,5,1,0,0,1,1,0,0,5,137,0,0,0,0,,,0,0,0,0,0,0,0,0,0,0,0,0,,,,0,0,0,1,1,0,0,1,0,0,0,0,0,6,0,50,252,3,0,2,0,2,2,21,0,231
2004,16,PIT,REG,2004_16_BAL_PIT,BAL,15,20,221,2,1,0,0,0,0,0,221,8,8.86464035146756,,0,7,5,5,0,42,183,0,0,0,12,1.98175910918508,0,4,2,0,0,15,0,221,2,1,1,0,0,8,13.7103055722637,0,7,5,5,0,0,25,15,23,0,0,0,0,0,0,1,3,7,0,0,0,0,0,0,0,0,0,0,0,0,0,0,3,25,4,1,0,0,1,1,0,0,2,35,2,2,0,0,40,1,0,1,0,1,0,0,0,0,0,0,0,0,23;40,,,63,0,0,2,2,0,0,1,0,0,0,0,0,0,0,,0,0,0,0,0,0,0,0,0,0
2004,16,SEA,REG,2004_16_ARI_SEA,ARI,10,26,128,0,1,1,-2,0,0,0,128,4,-6.34319628267726,,0,3,3,1,1,36,175,3,2,0,11,4.03507428034209,0,6,4,1,0,10,0,128,0,0,0,0,0,4,7.40484615599676,0,3,3,1,1,0,42,22,22,0,0,4,4,28,0,2,6,8,0,0,0,0,0,0,0,0,0,1,0,0,0,0,6,51,3,1,1,1,2,0,4,64,3,63,1,1,0,0,34,1,0,0,1,0,0,0,0,0,0,0,0,0,34,,,34,0,0,3,3,0,0,1,0,0,0,0,0,8,0,47,295,1,0,1,0,3,4,29,0,266
2004,16,SF,REG,2004_16_BUF_SF,BUF,9,20,109,0,3,3,-18,2,1,0,109,7,-14.8741027946235,,0,6,2,0,0,28,98,1,0,0,4,-3.49875580804655,0,1,1,0,0,9,0,109,0,0,0,0,0,7,11.5763084901846,0,6,2,0,0,0,46,3,35,0,0,1,1,1,0,0,0,7,0,0,0,0,0,0,0,0,0,1,0,1,0,0,4,30,1,2,0,0,2,1,0,0,8,106,0,0,0,0,,,0,0,0,0,0,0,0,0,0,0,0,0,,,,0,0,0,1,1,0,0,1,0,0,0,0,0,5,0,47,215,1,0,0,1,0,4,61,0,134
2004,16,TB,REG,2004_16_CAR_TB,CAR,30,41,321,3,2,2,-22,0,0,0,321,17,4.56779817606742,,0,17,7,5,0,13,46,0,1,1,3,-4.62442862277385,0,0,0,0,0,30,0,321,3,0,0,0,0,17,22.3102249272489,0,17,7,5,0,0,41,18,20,0,0,1,1,7,0,0,0,3,0,0,0,0,0,0,0,0,0,1,-2,0,0,0,10,77,3,0,2,0,2,1,0,0,6,120,0,0,0,0,,,0,0,0,0,0,0,0,0,0,0,0,0,,,,0,0,0,2,2,0,0,1,0,0,0,0,0,3,1,45,132,1,0,3,0,0,0,0,0,132
2004,16,TEN,REG,2004_16_DEN_TEN,DEN,12,27,137,0,2,6,-43,1,0,0,137,6,-22.6383313052468,,0,5,2,1,0,14,59,1,0,0,3,-0.492212569864932,0,2,1,0,0,12,0,137,0,0,0,0,0,6,8.95098010339048,0,5,2,1,0,0,38,23,33,0,0,0,0,0,0,1,25,3,0,0,0,0,0,0,0,0,0,1,0,1,1,0,3,16,3,1,0,0,1,0,0,0,8,154,3,3,0,0,50,1,0,0,0,2,1,0,0,0,0,0,0,0,44;43;50,,,137,0,0,1,1,0,0,1,0,0,0,0,0,6,0,49,239,1,1,1,0,2,2,6,0,233
2004,16,WAS,REG,2004_16_WAS_DAL,DAL,19,29,158,1,2,2,-9,0,0,0,158,10,-3.41887905374945,,0,4,2,2,0,25,84,0,0,0,4,-1.22525710804621,0,1,0,0,0,19,0,158,1,0,0,0,0,10,13.1651596574203,0,4,2,2,0,0,58,0,10,0,0,1,5,17,0,1,38,3,0,1,0,0,0,0,0,0,0,0,0,1,0,0,8,67,2,1,0,0,1,1,4,59,3,58,1,2,1,0,25,0.5,0,1,0,0,0,0,0,0,0,0,1,0,25,57,,25,57,0,1,1,0,0,1,0,0,0,0,0,5,0,54,220,0,1,0,0,1,3,20,0,200
2004,17,ARI,REG,2004_17_TB_ARI,TB,16,36,115,0,1,0,0,0,0,0,115,8,-11.4513013556245,,0,6,1,0,0,34,107,0,1,0,3,-9.75236797681253,0,1,1,1,0,16,0,115,0,0,0,0,0,8,4.160151100833,0,6,1,0,0,0,36,9,9,0,0,1,4,37,0,2,44,5,0,0,0,0,0,0,0,0,0,0,0,2,-4,0,10,70,1,1,0,1,1,0,3,45,2,41,4,6,2,0,45,0.666666666666667,0,0,2,2,0,0,0,0,1,1,0,0,40;45;39;31,35;47,,155,82,0,0,0,0,0,,0,0,0,0,0,7,0,49,301,4,0,1,0,1,5,10,0,291
2004,17,ATL,REG,2004_17_ATL_SEA,SEA,20,29,167,2,1,3,-18,1,0,0,167,9,3.62943575283187,,0,6,3,1,0,38,204,0,0,0,12,8.22846570558924,0,6,4,2,0,20,0,167,2,0,0,0,0,9,17.0343787609621,0,6,3,1,0,0,34,13,13,0,0,0,4,21,0,1,48,2,1,0,0,1,0,0,0,0,0,1,0,0,0,0,8,52,3,1,0,0,1,0,2,0,4,75,2,3,1,0,40,0.666666666666667,0,0,1,1,0,0,0,0,1,0,0,0,33;40,39,,73,39,0,2,2,0,0,1,0,0,0,0,0,2,0,37,62,0,0,1,0,1,0,0,0,62
2004,17,BAL,REG,2004_17_MIA_BAL,MIA,14,27,142,1,0,0,0,0,0,0,142,10,-1.12769563198447,,0,7,3,0,0,41,190,1,2,0,10,-0.0784916682500683,0,6,4,1,0,14,0,142,1,0,0,0,0,10,13.0353223285638,0,7,3,0,0,0,37,9,9,0,0,2,3,16,0,3,48,8,1,0,0,0,0,0,0,0,0,2,-2,0,0,0,6,50,4,1,1,0,2,0,2,32,4,78,3,3,0,0,33,1,1,1,1,0,0,0,0,0,0,0,0,0,25;19;33,,,77,0,0,3,3,0,0,1,0,0,0,0,0,6,0,46,232,2,0,0,1,2,3,28,0,184
2004,17,BUF,REG,2004_17_PIT_BUF,PIT,16,30,189,0,1,3,-18,1,1,0,189,6,-11.6514929760165,,0,6,2,2,1,21,96,2,1,0,8,1.84920616747695,0,4,4,1,0,16,0,189,0,0,0,0,0,6,10.7306142731046,0,6,2,2,1,0,31,24,34,0,0,2,2,15,0,2,46,8,1,1,0,0,0,0,0,0,0,1,-5,1,0,0,12,108,6,2,1,0,3,2,2,3,7,149,1,2,1,0,37,0.5,0,0,1,0,0,0,0,1,0,0,0,0,37,28,,37,28,0,3,3,0,0,1,0,0,0,0,0,6,0,62,268,1,3,0,1,0,2,31,0,217
2004,17,CAR,REG,2004_17_NO_CAR,NO,24,50,307,2,0,6,-33,2,2,0,307,15,-8.69328321668093,,1,13,11,7,0,13,46,0,1,1,2,-7.5359377770219,0,1,0,0,0,24,0,307,2,0,0,0,0,15,22.5778947170912,1,13,10,6,0,0,46,9,17,0,0,1,3,20,0,0,0,2,0,0,0,0,0,0,0,0,0,0,0,0,0,0,6,45,4,3,0,0,3,3,6,48,4,113,1,2,0,1,54,0.5,0,0,0,0,1,0,0,0,0,0,0,0,54,,60,54,0,60,1,1,0,0,1,0,0,0,0,0,8,0,52,321,2,0,3,0,1,4,37,0,284
2004,17,CHI,REG,2004_17_GB_CHI,GB,20,29,196,0,1,9,-60,1,0,0,196,8,-15.8242308338522,,0,6,3,1,1,27,110,2,0,0,7,-0.885888410906773,0,2,2,0,0,20,0,196,0,0,0,0,0,8,12.9236735826125,0,6,3,1,1,0,36,11,11,0,0,0,0,0,0,0,0,6,0,0,0,0,0,0,0,0,0,1,0,0,0,0,4,29,5,1,0,0,1,0,2,31,6,121,0,0,0,0,,,0,0,0,0,0,0,0,0,0,0,0,0,,,,0,0,0,2,2,0,0,1,0,0,0,0,0,6,0,43,225,3,0,1,0,2,3,4,0,221
2004,17,CIN,REG,2004_17_CIN_PHI,PHI,16,27,160,1,0,0,0,0,0,0,160,6,2.04499457432926,,0,6,4,3,0,35,148,3,1,0,9,5.00644413853297,0,3,3,1,0,16,0,160,1,0,0,0,0,6,11.142499703224,0,6,4,3,0,0,54,0,10,0,0,3,3,25,0,3,46,14,1,0,0,0,0,0,0,0,0,1,0,2,0,0,4,35,3,1,0,0,1,0,1,4,3,48,1,2,1,0,50,0.5,0,0,0,0,1,0,0,0,1,0,0,0,50,37,,50,37,0,5,5,0,0,1,0,0,0,0,0,7,0,55,292,0,0,0,1,1,5,16,0,256
2004,17,CLE,REG,2004_17_CLE_HOU,HOU,20,29,228,1,2,1,-1,0,0,0,228,11,-1.89016191470225,,0,8,4,2,1,32,137,0,0,0,7,-5.33693812700139,0,3,2,1,0,20,0,228,1,0,0,0,0,11,15.9420311688167,0,8,4,2,1,0,42,11,13,0,0,1,6,28,0,0,0,7,0,0,0,0,0,0,0,0,0,0,0,1,0,0,6,46,4,0,0,0,0,0,2,16,1,24,5,5,0,0,45,1,0,3,0,2,0,0,0,0,0,0,0,0,45;22;29;45;22,,,163,0,0,1,1,0,0,1,0,0,0,0,0,3,0,42,98,2,1,0,0,1,1,-1,0,99
2004,17,DAL,REG,2004_17_DAL_NYG,NYG,23,31,231,1,1,4,-15,1,1,0,231,12,0.870672442028094,,1,8,4,2,0,30,151,1,0,0,9,6.80731400387595,0,5,4,2,0,23,0,231,1,0,0,0,0,12,18.1267757029065,1,8,4,2,0,0,33,17,17,0,0,1,1,7,0,1,-2,5,0,0,0,0,0,0,0,0,0,0,0,0,0,0,6,93,4,1,0,0,1,1,3,21,5,65,3,3,0,0,45,1,0,1,0,2,0,0,0,0,0,0,0,0,40;24;45,,,109,0,0,1,1,0,0,1,0,0,0,0,0,3,0,58,129,1,0,1,0,0,2,23,0,106
2004,17,DEN,REG,2004_17_IND_DEN,IND,17,30,246,2,0,1,-7,0,0,0,246,12,9.47564688471602,,0,11,7,5,0,42,214,1,2,0,11,0.409703193596963,0,6,5,1,1,17,0,246,2,0,0,0,0,12,22.4939838387303,0,11,7,5,0,0,29,7,13,0,0,1,1,8,0,0,0,7,0,0,0,0,0,0,0,0,0,2,-2,1,0,0,2,25,2,0,2,0,2,0,5,69,3,72,4,4,0,0,45,1,0,1,0,3,0,0,0,0,0,0,0,0,45;23;40;40,,,148,0,0,3,3,0,0,1,0,0,0,0,0,4,0,39,152,1,1,0,0,1,2,16,0,136
2004,17,DET,REG,2004_17_DET_TEN,TEN,33,49,346,2,1,2,-15,1,1,0,346,17,-2.82362927157096,,0,12,8,5,0,26,103,0,0,0,5,-1.73486427765534,0,2,1,0,0,33,0,346,2,0,0,0,0,17,26.6250534882011,0,12,8,5,0,0,21,26,30,0,0,0,0,0,0,0,0,5,0,0,0,0,0,1,0,0,0,0,0,0,0,0,6,52,5,1,0,0,1,1,1,5,4,71,2,2,0,0,26,1,0,2,0,0,0,0,0,0,0,0,0,0,26;26,,,52,0,0,1,1,0,0,1,0,0,0,0,0,5,0,60,215,2,0,1,0,0,4,6,0,209
2004,17,GB,REG,2004_17_GB_CHI,CHI,16,26,327,3,0,0,0,0,0,0,327,14,22.2590044699615,,0,14,9,6,2,30,60,0,0,0,3,-9.619454305619,0,1,0,0,0,16,0,327,3,0,0,0,0,14,31.6374901802046,0,14,9,6,2,0,54,9,9,0,0,1,9,60,0,1,43,3,1,0,0,0,0,0,0,0,0,0,0,0,0,0,5,35,3,0,0,0,0,0,3,4,3,59,1,1,0,0,20,1,0,1,0,0,0,0,0,0,0,0,0,0,20,,,20,0,0,4,4,0,0,1,0,0,0,0,0,5,0,43,186,0,1,1,1,0,2,31,0,135
2004,17,HOU,REG,2004_17_CLE_HOU,CLE,16,27,130,1,0,6,-28,0,0,0,130,7,-5.8495226452942,,0,5,1,0,0,24,136,1,0,0,9,-0.0342649823287502,0,5,5,1,0,16,0,130,1,0,0,0,0,7,8.02299381309422,0,5,1,0,0,0,39,12,18,0,0,0,1,1,0,2,4,10,0,1,0,0,0,0,0,0,0,0,0,0,0,0,8,52,5,1,0,0,1,1,1,-1,7,148,0,0,0,0,,,0,0,0,0,0,0,0,0,0,0,0,0,,,,0,0,0,2,2,0,0,1,0,0,0,0,0,7,0,53,302,0,2,0,2,1,2,16,0,246
2004,17,IND,REG,2004_17_IND_DEN,DEN,17,27,174,2,0,1,-8,0,0,0,174,6,2.43215846235398,,0,2,2,1,1,15,34,0,2,1,1,-10.4470363802393,0,1,0,0,0,17,0,174,2,0,0,0,0,6,11.9751432951307,0,2,2,1,1,0,49,5,21,0,0,0,1,7,0,0,0,10,0,0,0,0,0,0,0,0,0,1,-5,0,0,0,4,25,2,1,1,0,2,1,2,16,7,188,0,0,0,0,,,0,0,0,0,0,0,0,0,0,0,0,0,,,,0,0,0,2,2,0,0,1,0,0,0,0,0,8,0,59,393,4,0,2,0,1,5,69,0,324
2004,17,JAX,REG,2004_17_JAX_OAK,LV,15,28,149,0,1,1,0,0,0,0,149,8,-0.653958580524326,,0,6,2,1,1,34,93,1,0,0,4,-7.40138620331237,0,2,1,0,0,15,0,149,0,1,1,0,0,8,10.7287761294771,0,6,2,1,1,0,37,11,11,0,0,1,1,2,0,3,37,9,0,0,0,0,0,0,0,0,0,0,0,1,0,0,7,87,2,1,0,0,1,1,4,45,3,57,2,2,0,0,26,1,0,2,0,0,0,0,0,0,0,0,0,0,26;22,,,48,0,0,1,1,0,0,1,0,0,0,0,0,7,0,53,305,3,0,3,2,1,1,0,0,265
2004,17,KC,REG,2004_17_KC_SD,LAC,33,53,373,1,4,0,0,0,0,0,373,17,2.88549176427986,,0,11,6,6,1,20,70,1,0,0,6,0.751890047220513,0,1,1,0,0,33,0,373,1,0,0,0,0,17,25.9902527977378,0,11,6,6,1,0,41,12,12,0,0,2,1,7,0,1,25,3,0,0,0,0,0,0,0,0,0,0,0,1,9,0,5,45,4,0,0,0,0,0,1,1,5,85,1,2,1,0,50,0.5,0,0,0,0,1,0,0,0,1,0,0,0,50,33,,50,33,0,2,2,0,0,1,0,0,0,0,0,2,0,44,78,1,0,0,0,1,1,-1,0,79
2004,17,LA,REG,2004_17_NYJ_STL,NYJ,29,40,450,3,2,3,-18,0,0,0,450,18,9.06084397488126,,0,20,12,7,1,19,47,1,0,0,2,-6.04722915014997,1,1,1,1,0,29,0,450,3,2,1,0,0,18,29.4951834646691,0,20,12,7,1,0,68,5,5,0,0,0,6,37,0,0,0,7,0,0,0,0,0,0,0,0,0,0,0,0,0,0,10,76,4,2,0,1,2,1,1,5,8,164,1,1,0,0,31,1,0,0,1,0,0,0,0,0,0,0,0,0,31,,,31,0,0,3,3,0,0,1,1,1,0,0,31,7,0,56,280,2,2,1,1,1,2,5,0,255
2004,17,LAC,REG,2004_17_KC_SD,KC,18,31,232,2,1,1,-7,0,0,0,232,12,7.39954648550834,,0,11,5,4,0,30,138,1,2,0,8,1.73629882972455,0,4,3,3,0,18,0,232,2,1,1,0,0,12,16.6154009639286,0,11,5,4,0,0,41,17,17,0,0,0,0,0,0,4,41,11,0,0,0,0,0,0,0,0,0,3,-10,0,0,0,7,50,4,2,2,0,4,1,1,-1,2,35,1,1,0,0,34,1,0,0,1,0,0,0,0,0,0,0,0,0,34,,,34,0,0,3,3,0,0,1,0,0,0,0,0,4,0,41,156,1,1,1,0,1,1,1,0,155
2004,17,LV,REG,2004_17_JAX_OAK,JAX,15,39,142,0,3,2,-8,2,1,0,142,6,-22.2086251540502,,0,6,3,1,0,29,147,0,1,0,7,-3.30536951310933,0,2,2,2,1,15,0,142,0,0,0,0,0,6,8.46874883866944,0,6,3,1,0,0,44,14,14,0,0,1,1,0,0,1,8,6,0,0,0,0,0,0,0,0,0,2,-5,1,0,0,8,72,3,1,2,0,3,1,1,0,3,50,2,2,0,0,35,1,0,1,1,0,0,0,0,0,0,0,0,0,35;27,,,62,0,0,0,0,0,0,,0,0,0,0,0,6,0,50,238,1,1,0,0,1,4,45,0,193
2004,17,MIA,REG,2004_17_MIA_BAL,BAL,16,38,264,1,3,3,-16,2,0,0,264,9,-12.2258108083882,,0,9,6,3,1,20,97,1,0,0,6,2.1356475854991,0,3,2,1,0,16,0,264,1,0,0,0,0,9,20.2431438615458,0,9,5,3,1,1,45,17,17,0,0,1,0,0,0,0,0,8,0,0,1,0,0,0,0,0,0,2,8,0,0,0,5,50,3,2,0,0,2,0,3,28,8,237,0,1,1,0,,0,0,0,0,0,0,0,0,0,0,0,1,0,,53,,0,53,0,3,3,0,0,1,0,0,0,0,0,5,0,41,173,2,0,1,0,2,2,32,0,141
2004,17,MIN,REG,2004_17_MIN_WAS,WAS,27,44,299,2,0,4,-31,0,0,0,299,14,9.43163298572521,,1,12,6,3,0,18,52,0,0,0,5,-0.66250319062965,0,2,1,0,0,27,0,299,2,0,0,0,0,14,25.93813413287,1,12,6,3,0,0,43,5,11,0,0,1,3,15,0,1,7,4,0,0,0,0,0,0,0,0,0,0,0,1,-2,0,7,49,6,0,0,0,0,0,2,14,4,85,1,1,0,0,23,1,0,1,0,0,0,0,0,0,0,0,0,0,23,,,23,0,0,1,1,0,0,1,0,0,0,0,0,6,0,44,249,1,2,0,0,1,3,22,0,227
2004,17,NE,REG,2004_17_SF_NE,SF,23,34,236,2,1,1,-5,1,1,0,236,14,-2.87224488263018,,0,10,6,4,0,28,174,1,0,0,8,7.96944479487138,0,5,3,1,0,23,0,236,2,1,1,0,0,14,12.8078942958382,0,10,6,4,0,0,25,34,34,0,0,0,1,6,0,0,0,1,0,1,0,0,0,0,0,0,0,1,0,2,0,0,4,37,3,2,1,0,3,2,4,8,2,50,0,0,0,0,,,0,0,0,0,0,0,0,0,0,0,0,0,,,,0,0,0,3,3,0,0,1,0,0,0,0,0,4,0,45,153,2,1,2,0,0,1,10,0,143
2004,17,NO,REG,2004_17_NO_CAR,CAR,14,24,216,1,0,3,-20,1,0,0,216,8,2.47136769109736,,0,8,6,5,1,37,164,2,0,0,7,1.0336904959986,0,3,1,1,1,14,0,216,1,0,0,0,0,8,14.9506739173085,0,8,6,5,1,0,41,5,13,0,0,3,6,33,0,0,0,4,0,0,0,0,0,1,0,0,0,1,0,3,-1,0,8,87,4,1,0,0,1,0,4,37,4,58,0,1,1,0,,0,0,0,0,0,0,0,0,0,1,0,0,0,,38,,0,38,0,3,3,0,0,1,0,0,0,0,0,10,0,53,402,3,0,1,0,2,6,48,0,354
2004,17,NYG,REG,2004_17_DAL_NYG,DAL,18,27,144,3,1,1,-7,0,0,0,144,9,5.41993256477872,,0,5,1,1,0,25,98,1,0,0,6,3.75884294323623,0,2,0,0,0,18,0,144,3,0,0,0,0,9,14.3148159768316,0,5,1,1,0,0,36,24,24,0,0,1,4,15,0,1,12,6,0,0,0,0,0,0,0,0,0,1,0,1,0,0,3,25,3,1,0,0,1,0,2,23,5,80,0,0,0,0,,,0,0,0,0,0,0,0,0,0,0,0,0,,,,0,0,0,4,4,0,0,1,0,0,0,0,0,5,0,54,218,0,0,0,1,1,3,21,0,177
2004,17,NYJ,REG,2004_17_NYJ_STL,LA,21,36,181,1,0,6,-37,0,0,0,181,10,-8.93463370552775,,0,9,1,0,0,39,180,0,1,0,11,5.57677493436495,0,8,7,1,0,21,0,181,1,0,0,0,0,10,11.3506414159405,0,9,1,0,0,1,53,3,3,0,0,2,3,18,0,2,39,9,1,0,0,0,0,0,0,0,0,1,0,1,-2,0,7,75,4,0,1,0,1,0,2,5,5,196,3,4,1,0,47,0.75,0,1,1,1,0,0,0,0,0,0,1,0,47;33;27,53,,107,53,0,2,2,0,0,1,0,0,0,0,0,7,0,45,261,1,0,1,1,4,1,5,0,236
2004,17,PHI,REG,2004_17_CIN_PHI,CIN,31,54,287,1,3,3,-25,1,1,0,287,11,-22.3388044665917,,0,8,5,5,0,16,80,0,0,0,5,1.52179103437811,0,4,3,1,0,31,0,287,1,1,0,0,0,11,17.8355313698824,0,8,5,5,0,0,52,0,0,0,0,1,0,0,0,0,0,9,0,0,0,0,0,0,0,0,0,1,0,0,0,0,7,50,4,3,0,0,3,2,5,16,7,96,1,2,1,0,46,0.5,0,0,0,1,0,0,0,0,0,1,0,0,46,45,,46,45,0,1,1,0,0,1,0,0,0,0,0,5,0,44,195,1,0,2,0,2,1,4,0,191
2004,17,PIT,REG,2004_17_PIT_BUF,BUF,12,25,120,1,2,2,-15,0,0,0,120,5,-9.87460785978158,,0,5,3,2,0,43,157,0,0,0,8,-1.80474691661787,0,2,1,1,1,12,0,120,1,2,1,0,0,5,8.90480519080302,0,5,3,2,0,0,36,10,14,0,0,2,3,18,0,1,1,7,0,0,0,0,0,0,0,0,0,0,0,2,18,1,7,40,2,2,0,1,2,1,2,31,4,67,5,5,0,0,37,1,0,2,3,0,0,0,0,0,0,0,0,0,22;21;31;37;33,,,144,0,0,2,2,0,0,1,0,0,0,0,0,3,0,51,138,1,1,0,0,0,2,3,0,135
2004,17,SEA,REG,2004_17_ATL_SEA,ATL,21,27,191,2,1,4,-21,0,0,0,191,11,0.933373956853757,,0,7,4,1,0,21,83,2,0,0,9,1.0991631752986,0,4,1,1,0,21,0,191,2,0,0,0,0,11,16.2383858728863,0,7,4,1,0,0,44,20,22,0,0,1,3,18,0,1,31,4,0,0,0,0,0,0,0,0,0,0,0,0,0,0,1,5,2,0,0,0,0,0,0,0,4,75,0,0,0,0,,,0,0,0,0,0,0,0,0,0,0,0,0,,,,0,0,0,4,4,0,0,1,0,0,0,0,0,3,1,47,134,1,0,1,0,0,2,0,0,134
2004,17,SF,REG,2004_17_SF_NE,NE,18,29,189,1,0,1,-6,0,0,0,189,11,4.67899101780165,,0,7,1,1,1,35,135,0,2,2,3,-13.1137341515278,0,2,2,2,0,18,0,189,1,0,0,0,0,11,16.9242968514445,0,7,1,1,1,0,33,19,19,0,0,2,1,5,0,1,31,3,0,0,0,0,0,0,0,0,0,0,0,2,0,0,7,64,1,0,2,0,2,2,1,10,4,97,0,1,1,0,,0,0,0,0,0,0,0,0,0,1,0,0,0,,39,,0,39,0,1,1,0,0,1,0,0,0,0,0,5,0,44,214,1,0,0,0,1,4,8,0,206
2004,17,TB,REG,2004_17_TB_ARI,ARI,16,32,224,1,2,4,-37,0,0,0,224,9,-9.74224297970068,,0,9,3,3,1,21,62,0,1,1,2,-13.218288283213,0,2,2,0,0,16,0,224,1,0,0,0,0,9,19.2233162198099,0,9,3,3,1,0,42,13,13,0,0,1,0,0,0,1,13,10,0,0,0,0,0,0,0,0,0,0,0,0,0,0,8,63,4,1,1,0,2,2,5,10,2,80,0,0,0,0,,,0,0,0,0,0,0,0,0,0,0,0,0,,,,0,0,0,1,1,0,0,1,0,0,0,0,0,8,0,51,293,2,1,1,1,2,3,45,0,228
2004,17,TEN,REG,2004_17_DET_TEN,DET,18,33,217,1,0,0,0,0,0,0,217,10,5.03397081941643,,0,9,5,3,0,26,95,1,0,0,4,-3.40473733704524,0,2,2,1,1,18,0,217,1,0,0,0,0,10,16.628740004031,0,9,5,3,0,0,39,25,25,0,0,1,2,15,0,1,43,7,0,0,0,0,0,0,0,0,0,0,0,1,39,1,7,50,2,0,0,0,0,0,4,6,4,80,1,2,0,1,40,0.5,0,0,0,1,0,0,0,0,0,0,0,0,40,,27,40,0,27,3,3,0,0,1,0,0,0,0,0,6,0,52,239,2,0,0,0,5,1,5,0,234
2004,17,WAS,REG,2004_17_MIN_WAS,MIN,17,26,216,2,1,3,-15,1,1,0,216,13,3.44562771602068,,0,9,4,4,1,31,117,1,0,0,7,-0.786646135704359,0,2,2,1,0,17,0,216,2,0,0,0,0,13,22.9382268650807,0,9,4,4,1,0,46,6,12,0,0,0,4,31,0,0,0,4,0,0,0,0,0,0,0,0,0,0,0,0,0,0,3,13,0,1,0,0,1,1,3,22,3,114,0,0,0,0,,,0,0,0,0,0,0,0,0,0,0,0,0,,,,0,0,0,3,3,0,0,1,0,0,0,0,0,4,0,44,150,1,0,0,1,1,2,14,0,116
2004,18,DEN,POST,2004_18_DEN_IND,IND,24,34,284,2,1,3,-24,0,0,0,284,14,11.7068977991974,,0,12,4,3,0,21,78,1,0,0,4,-1.02796329226112,0,2,2,0,0,24,0,284,2,0,0,0,0,14,25.3699298102292,0,12,4,3,0,0,35,16,16,0,0,0,1,4,0,1,0,3,0,1,0,0,0,0,0,0,0,0,0,0,0,0,5,24,5,1,0,1,1,0,1,-1,8,188,1,1,0,0,33,1,0,0,1,0,0,0,0,0,0,0,0,0,33,,,33,0,0,3,3,0,0,1,0,0,0,0,0,4,0,46,150,1,0,1,0,2,1,9,0,141
2004,18,GB,POST,2004_18_MIN_GB,MIN,22,33,216,1,4,2,-15,0,0,0,216,13,-7.2632760198145,,0,10,4,2,0,29,105,1,3,0,8,-1.36474395526652,0,1,1,0,0,22,0,216,1,0,0,0,0,13,15.5212732029904,0,10,4,2,0,0,42,12,16,0,0,0,4,23,0,0,0,3,0,0,0,0,0,1,0,0,0,3,0,0,0,0,8,55,4,2,1,0,3,0,1,-4,5,96,1,2,1,0,43,0.5,0,0,0,1,0,0,0,1,0,0,0,0,43,28,,43,28,0,2,2,0,0,1,0,0,0,0,0,3,0,48,124,1,0,0,0,0,3,7,0,117
2004,18,IND,POST,2004_18_DEN_IND,DEN,27,33,457,4,1,1,-4,0,0,0,457,18,27.8447110416018,,0,17,13,11,2,24,76,3,0,0,7,2.50450721889501,0,2,0,0,0,27,0,457,4,0,0,0,0,18,38.4649231491494,0,17,13,11,2,0,30,25,25,0,0,1,3,24,0,1,0,6,0,0,0,0,0,0,0,0,0,0,0,0,0,0,4,25,3,0,0,0,0,0,1,9,2,54,0,0,0,0,,,0,0,0,0,0,0,0,0,0,0,0,0,,,,0,0,0,7,7,0,0,1,0,0,0,0,0,2,0,39,76,2,0,0,0,1,1,-1,0,77
2004,18,LA,POST,2004_18_STL_SEA,SEA,18,32,313,2,1,5,-19,0,0,0,313,15,15.9333115875113,,0,13,6,5,2,27,102,1,0,0,3,0.235927864559926,0,1,1,0,0,18,0,313,2,0,0,0,0,15,32.3243769171531,0,13,6,5,2,0,42,15,15,0,0,2,3,9,0,1,0,6,0,0,0,0,0,0,0,0,0,0,0,0,0,0,4,30,5,0,0,0,0,0,3,14,5,101,2,2,0,0,38,1,0,1,1,0,0,0,0,0,0,0,0,0,38;27,,,65,0,0,3,3,0,0,1,0,0,0,0,0,3,0,41,87,1,1,0,0,1,1,9,0,78
2004,18,LAC,POST,2004_18_NYJ_SD,NYJ,31,42,319,2,1,2,-11,1,0,0,319,11,7.74330734436595,,0,13,5,4,1,33,100,0,0,0,11,-3.86104312559768,0,1,1,0,0,31,0,319,2,0,0,0,0,11,19.1853587211059,0,13,5,4,1,0,35,17,19,0,0,0,2,9,0,0,0,3,0,0,0,0,0,0,0,0,0,1,0,0,0,0,9,75,6,0,1,0,1,0,2,11,5,85,1,2,1,0,35,0.5,0,0,1,0,0,0,0,0,0,1,0,0,35,40,,35,40,0,2,2,0,0,1,0,0,0,0,0,5,0,42,182,1,0,2,0,3,0,0,0,182
2004,18,MIN,POST,2004_18_MIN_GB,GB,19,29,284,4,0,4,-23,0,0,0,284,9,12.5795354644557,,0,9,6,4,1,26,123,0,0,0,7,0.911438851529965,0,6,4,2,0,19,0,284,4,0,0,0,0,9,25.2454895523748,0,9,6,4,1,0,37,18,24,0,0,2,2,15,0,4,44,7,0,2,0,0,0,0,0,0,0,2,0,0,0,0,7,56,2,0,2,0,2,0,3,7,4,71,1,2,0,1,35,0.5,0,0,1,0,0,0,0,0,0,0,0,0,35,,27,35,0,27,4,4,0,0,1,0,0,0,0,0,4,0,38,129,1,1,0,0,2,1,-4,0,133
2004,18,NYJ,POST,2004_18_NYJ_SD,LAC,23,33,279,2,0,2,-9,0,0,0,279,14,12.9992499957398,,0,14,7,3,1,28,126,0,0,0,3,-1.00274400072442,0,3,3,0,0,23,0,279,2,0,0,0,0,14,23.3807324520267,0,14,7,3,1,0,52,16,16,0,0,0,1,5,0,1,22,3,0,0,0,0,0,0,0,0,0,0,0,0,0,0,8,49,6,0,0,0,0,0,0,0,3,66,2,3,1,0,42,0.666666666666667,0,1,0,1,0,0,0,0,1,0,0,0,42;28,33,,70,33,0,2,2,0,0,1,1,1,0,0,28,5,0,47,199,2,0,0,1,2,2,11,0,168
2004,18,SEA,POST,2004_18_STL_SEA,LA,27,43,341,2,1,3,-9,0,0,0,341,15,4.61036532532338,,0,18,9,4,0,20,81,0,0,0,7,-0.313970618823078,0,1,1,0,0,27,0,341,2,2,0,0,0,15,24.2067526406609,0,18,9,4,0,0,37,16,18,0,0,0,5,19,0,1,0,4,0,0,0,0,0,0,0,0,0,1,0,0,0,0,9,61,5,2,0,1,2,0,1,9,6,109,2,2,0,0,47,1,0,0,1,1,0,0,0,0,0,0,0,0,47;30,,,77,0,0,2,2,0,0,1,0,0,0,0,0,3,0,48,133,0,0,0,0,0,3,14,0,119
2004,19,ATL,POST,2004_19_STL_ATL,LA,13,17,84,2,0,1,-14,0,0,0,84,4,4.06288422690704,,0,2,1,0,0,40,327,3,1,1,14,14.5373262594368,0,10,10,3,2,13,0,84,2,0,0,0,0,4,8.26660978072323,0,2,1,0,0,1,46,0,2,0,0,1,4,37,0,1,0,1,0,0,1,0,0,0,0,0,0,0,0,1,3,0,4,32,2,0,1,0,1,1,3,152,4,80,1,1,0,0,38,1,0,0,1,0,0,0,0,0,0,0,0,0,38,,,38,0,0,6,6,0,0,1,0,0,0,0,0,2,0,47,84,1,1,0,0,1,0,0,0,84
2004,19,IND,POST,2004_19_IND_NE,NE,27,42,238,0,1,1,-8,1,0,0,238,17,-0.605041922273716,,0,13,3,0,0,15,46,0,0,0,0,-3.42198353848653,0,0,0,0,0,27,0,238,0,2,2,0,0,17,6.75255852931878,0,13,3,0,0,0,33,29,29,0,0,0,3,29,0,0,0,2,0,0,0,0,0,0,0,0,0,1,0,0,0,0,4,44,4,3,0,0,3,2,0,0,4,58,1,1,0,0,23,1,0,1,0,0,0,0,0,0,0,0,0,0,23,,,23,0,0,0,0,0,0,,0,0,0,0,0,6,0,54,244,3,0,2,0,2,2,28,0,216
2004,19,LA,POST,2004_19_STL_ATL,ATL,23,35,299,2,1,4,-37,1,1,0,299,14,2.96447352773976,,0,14,4,3,1,18,77,0,0,0,5,-0.269892459716077,0,2,1,0,0,23,0,299,2,0,0,0,0,14,22.597707287292,0,14,4,3,1,0,46,0,14,0,0,0,1,14,0,0,0,2,0,0,0,0,0,0,0,0,0,0,0,1,0,0,4,26,5,1,0,0,1,1,0,0,7,122,1,1,0,0,55,1,0,0,0,0,1,0,0,0,0,0,0,0,55,,,55,0,0,2,2,0,0,1,0,0,0,0,0,4,0,54,183,0,0,0,1,0,3,152,1,11
2004,19,MIN,POST,2004_19_MIN_PHI,PHI,24,47,316,1,2,3,-28,1,0,0,316,14,-5.55781156488229,,0,14,7,6,1,21,97,1,0,0,6,4.54383724788204,0,2,1,0,0,24,0,316,1,0,0,0,0,14,30.4337140464922,0,14,7,6,1,0,43,0,10,0,0,2,1,0,0,0,0,5,0,0,0,0,0,0,0,0,0,1,0,0,0,0,7,108,5,1,0,0,1,0,2,7,4,111,0,0,0,0,,,0,0,0,0,0,0,0,0,0,0,0,0,,,,0,0,0,2,2,0,0,1,0,0,0,0,0,4,0,48,139,1,0,2,0,0,2,7,0,132
2004,19,NE,POST,2004_19_IND_NE,IND,18,27,144,1,0,3,-29,0,0,0,144,9,0.519964945530988,,0,7,1,0,0,39,210,1,0,0,11,6.07912990328623,0,4,3,2,1,18,0,144,1,0,0,0,0,9,11.5490361802215,0,7,1,0,0,0,31,14,14,0,0,3,1,8,0,1,9,4,0,0,0,0,0,0,0,0,0,0,0,2,0,0,5,35,4,0,0,0,0,0,2,28,1,15,2,2,0,0,31,1,0,1,1,0,0,0,0,0,0,0,0,0,24;31,,,55,0,0,2,2,0,0,1,0,0,0,0,0,5,0,52,195,2,1,2,2,0,0,0,0,155
2004,19,NYJ,POST,2004_19_NYJ_PIT,PIT,21,33,182,0,1,3,-17,0,0,0,182,11,-5.4475207798732,,0,9,4,2,0,27,110,0,0,0,4,-1.73671216445094,0,3,2,1,0,21,0,182,0,0,0,0,0,11,12.0908756623103,0,9,4,2,0,1,44,15,29,0,0,1,1,10,0,2,110,6,1,0,0,0,0,0,0,0,0,0,0,1,1,0,4,35,6,0,0,0,0,0,5,83,5,113,1,3,2,0,42,0.333333333333333,0,0,0,1,0,0,0,0,0,2,0,0,42,47;43,,42,90,0,2,2,0,0,1,0,0,0,0,0,6,0,54,231,1,1,0,1,0,4,25,0,186
2004,19,PHI,POST,2004_19_MIN_PHI,MIN,21,33,286,2,0,1,0,0,0,0,286,14,11.0040342138628,,0,13,5,3,1,25,109,0,0,0,5,-4.40408355443928,0,5,4,0,0,21,0,286,2,3,1,0,0,14,15.5242048048531,0,13,5,3,1,0,45,0,14,0,0,1,3,28,0,2,38,17,0,0,0,0,0,0,0,0,0,1,0,0,0,1,4,20,5,2,1,2,3,1,2,7,2,74,2,2,0,0,23,1,0,2,0,0,0,0,0,0,0,0,0,0,21;23,,,44,0,0,3,3,0,0,1,0,0,0,0,0,3,0,42,112,0,0,1,0,0,2,7,0,105
2004,19,PIT,POST,2004_19_NYJ_PIT,NYJ,17,30,181,1,2,1,-10,0,0,0,181,13,-8.04967203055276,,0,9,4,1,0,43,193,1,1,1,10,-1.89345825540267,0,2,2,1,0,17,0,181,1,0,0,0,0,13,15.4837770612212,0,9,4,1,0,0,36,19,31,0,0,0,3,17,0,1,14,6,0,0,0,0,0,0,0,0,0,0,0,0,0,0,6,45,4,1,0,0,1,1,4,25,4,78,2,2,0,0,45,1,0,0,1,1,0,0,0,0,0,0,0,0,45;33,,,78,0,0,2,2,0,0,1,1,1,0,0,33,5,0,48,198,1,0,0,0,0,5,83,1,115
2004,20,ATL,POST,2004_20_ATL_PHI,PHI,11,24,136,0,1,4,-33,0,0,0,136,4,-8.92658953805337,,0,4,3,3,0,26,99,1,1,0,7,1.879859079374,0,2,1,0,0,11,0,136,0,0,0,0,0,4,7.41334062843816,0,4,3,3,0,0,46,0,2,0,0,1,2,13,0,0,0,4,0,0,0,0,0,0,0,0,0,1,0,0,0,0,5,24,2,1,0,0,1,0,2,20,5,117,1,1,0,0,23,1,0,1,0,0,0,0,0,0,0,0,0,0,23,,,23,0,0,1,1,0,0,1,0,0,0,0,0,5,0,37,130,0,0,3,1,0,1,-4,0,114
2004,20,NE,POST,2004_20_NE_PIT,PIT,14,21,207,2,0,2,-11,0,0,0,207,9,11.4949615348078,,0,6,4,2,2,32,126,2,0,0,7,1.14077341556549,0,4,4,2,0,14,0,207,2,1,0,0,0,9,21.3331627697917,0,6,4,2,2,0,39,13,29,0,0,2,1,1,0,3,87,8,1,0,0,0,0,0,0,0,0,1,0,1,1,0,1,5,3,1,0,0,1,0,2,6,5,107,2,2,0,0,48,1,0,0,1,1,0,0,0,0,0,0,0,0,48;31,,,79,0,0,5,5,0,0,1,0,0,0,0,0,4,0,49,161,1,0,1,0,0,3,40,0,121
2004,20,PHI,POST,2004_20_ATL_PHI,ATL,18,27,183,2,0,2,-13,1,0,0,183,9,1.70628243486048,,0,7,3,3,1,33,156,1,1,0,9,5.25167531246552,0,4,2,1,0,18,0,183,2,0,0,0,0,9,11.3906872099615,0,7,3,3,1,0,44,0,8,0,0,1,4,33,0,1,19,11,0,0,0,0,0,0,0,0,0,2,-5,0,0,0,6,59,3,1,1,0,2,0,1,-4,3,54,2,2,0,0,34,1,0,0,2,0,0,0,0,0,0,0,0,0,31;34,,,65,0,0,3,3,0,0,1,0,0,0,0,0,3,0,40,115,1,0,1,0,0,2,20,0,95
2004,20,PIT,POST,2004_20_NE_PIT,NE,14,24,226,2,3,1,-1,1,0,0,226,11,-4.19328161030872,,0,9,6,4,0,37,163,1,1,1,8,-3.213918334858,0,3,2,1,0,14,0,226,2,0,0,0,0,11,20.2097885484982,0,9,6,4,0,0,30,14,30,0,0,1,2,11,0,0,0,3,0,0,0,0,0,0,0,0,0,0,0,0,0,0,2,20,4,2,0,1,2,1,3,40,8,115,2,2,0,0,43,1,0,1,0,1,0,0,0,0,0,0,0,0,43;20,,,63,0,0,3,3,0,0,1,0,0,0,0,0,3,0,44,129,1,0,1,0,0,2,6,0,123
2004,21,NE,POST,2004_21_NE_PHI,PHI,23,33,236,2,0,2,-17,1,1,0,236,14,7.86399603099562,,0,11,5,2,0,28,112,1,0,0,6,-2.79676713973534,0,2,2,1,0,23,0,236,2,0,0,0,0,14,23.1885180638055,0,11,5,2,0,0,53,1,5,0,0,1,4,33,0,3,5,6,0,0,0,0,0,0,0,0,0,0,0,1,0,0,7,47,4,1,0,0,1,1,4,26,4,63,1,1,0,0,22,1,0,1,0,0,0,0,0,0,0,0,0,0,22,,,22,0,0,3,3,0,0,1,0,0,0,0,0,7,0,50,316,3,1,1,0,2,3,19,0,297
2004,21,PHI,POST,2004_21_NE_PHI,NE,30,51,357,3,3,4,-33,0,0,0,357,18,10.0255988493154,,0,15,5,4,1,17,45,0,0,0,4,-5.30966082759551,0,2,1,1,0,30,0,357,3,1,1,0,0,18,33.7585991346568,0,15,5,4,1,0,55,2,10,0,0,1,2,17,0,0,0,3,0,1,0,0,0,0,0,0,0,0,0,1,0,0,3,35,4,1,1,1,2,1,3,19,5,114,0,0,0,0,,,0,0,0,0,0,0,0,0,0,0,0,0,,,,0,0,0,3,3,0,0,1,0,0,0,0,0,5,0,52,214,1,0,0,0,1,4,26,0,188
