season,week,team,season_type,game_id,opponent_team,completions,attempts,passing_yards,passing_tds,passing_interceptions,sacks_suffered,sack_yards_lost,sack_fumbles,sack_fumbles_lost,passing_air_yards,passing_yards_after_catch,passing_first_downs,passing_epa,passing_cpoe,passing_2pt_conversions,passing_10,passing_16,passing_20,passing_40,carries,rushing_yards,rushing_tds,rushing_fumbles,rushing_fumbles_lost,rushing_first_downs,rushing_epa,rushing_2pt_conversions,rushing_10,rushing_12,rushing_20,rushing_40,receptions,targets,receiving_yards,receiving_tds,receiving_fumbles,receiving_fumbles_lost,receiving_air_yards,receiving_yards_after_catch,receiving_first_downs,receiving_epa,receiving_2pt_conversions,receiving_10,receiving_16,receiving_20,receiving_40,special_teams_tds,def_tackles_solo,def_tackles_with_assist,def_tackle_assists,def_tackles_for_loss,def_tackles_for_loss_yards,def_fumbles_forced,def_sacks,def_sack_yards,def_qb_hits,def_interceptions,def_interception_yards,def_pass_defended,def_tds,def_fumbles,def_safeties,def_punt_blocks,def_pat_blocks,def_fg_blocks,def_2pt_atts,def_2pt_made,misc_yards,fumble_recovery_own,fumble_recovery_yards_own,fumble_recovery_opp,fumble_recovery_yards_opp,fumble_recovery_tds,penalties,penalty_yards,timeouts,fumbles_forced_by_opp,fumbles_not_forced,fumbles_out_of_bounds,fumbles_total,fumbles_lost_total,punt_returns,punt_return_yards,kickoff_returns,kickoff_return_yards,fg_made,fg_att,fg_missed,fg_blocked,fg_long,fg_pct,fg_made_0_19,fg_made_20_29,fg_made_30_39,fg_made_40_49,fg_made_50_59,fg_made_60_,fg_missed_0_19,fg_missed_20_29,fg_missed_30_39,fg_missed_40_49,fg_missed_50_59,fg_missed_60_,fg_made_list,fg_missed_list,fg_blocked_list,fg_made_distance,fg_missed_distance,fg_blocked_distance,pat_made,pat_att,pat_missed,pat_blocked,pat_pct,gwfg_made,gwfg_att,gwfg_missed,gwfg_blocked,gwfg_distance,pt_att,pt_blocked,pt_long,pt_yards,pt_inside_20,pt_out_of_bounds,pt_downed,pt_touchback,pt_fair_caught,pt_returned,pt_return_yards,pt_return_tds,pt_net_yards
2006,1,ARI,REG,2006_01_SF_ARI,SF,23,37,301,3,0,3,-18,2,1,237,155,17,9.04351045818131,-2.85534037126077,0,12,9,3,0,29,84,1,1,0,5,-2.56010473259569,0,1,0,0,0,23,0,301,3,0,0,237,155,17,26.0414843275503,0,12,9,3,0,0,43,6,6,0,0,2,1,2,6,0,0,6,0,0,0,0,0,0,0,0,0,2,-2,2,19,0,11,85,2,2,1,0,3,1,0,0,5,124,2,2,0,0,36,1,0,0,2,0,0,0,0,0,0,0,0,0,36;30,,,66,0,0,4,4,0,0,1,0,0,0,0,0,4,0,49,173,0,0,0,0,1,3,71,0,102
2006,1,ATL,REG,2006_01_ATL_CAR,CAR,10,22,140,2,0,1,-7,0,0,223,71,8,4.21433829509542,-8.16122794693167,0,7,4,2,0,47,252,0,1,0,14,2.34339693966253,0,11,10,3,0,10,0,140,2,0,0,223,71,8,15.2866950210229,0,7,4,2,0,0,38,5,5,0,0,3,4,36,4,1,-5,8,0,0,0,0,0,0,0,0,0,1,0,1,0,0,2,20,4,1,0,0,1,0,3,29,3,87,2,4,1,1,32,0.5,0,1,1,0,0,0,0,0,0,0,1,0,25;32,50,50,57,50,50,2,2,0,0,1,0,0,0,0,0,4,0,51,167,1,1,0,0,0,3,13,0,154
2006,1,BAL,REG,2006_01_BAL_TB,TB,17,27,181,1,0,1,-13,1,0,220,53,9,6.94721365274634,13.871143758297,0,7,2,1,0,34,103,1,3,0,5,-5.14940863230731,0,2,2,1,0,17,0,181,1,0,0,220,53,9,14.4287346024502,0,7,2,1,0,0,39,5,5,0,0,0,3,21,9,3,123,13,1,0,0,0,0,0,0,0,0,3,-4,0,0,0,4,25,3,2,2,1,4,0,5,57,1,18,2,2,0,0,42,1,0,1,0,1,0,0,0,0,0,0,0,0,20;42,,,62,0,0,3,3,0,0,1,0,0,0,0,0,6,0,56,282,0,0,0,1,0,5,47,0,215
2006,1,BUF,REG,2006_01_BUF_NE,NE,15,23,164,0,0,3,-23,0,0,156,89,7,0.724898876730822,14.7329221394929,0,9,3,2,0,24,99,1,1,0,5,-2.94044585980009,0,4,3,0,0,15,0,164,0,0,0,156,89,7,10.9894338329244,0,9,3,2,0,0,20,35,35,0,0,2,3,27,4,1,10,5,0,1,0,0,0,0,0,0,0,3,-5,1,5,1,7,53,3,0,3,0,3,0,1,0,4,110,1,1,0,0,53,1,0,0,0,0,1,0,0,0,0,0,0,0,53,,,53,0,0,2,2,0,0,1,0,0,0,0,0,5,0,54,201,1,2,1,0,1,1,14,0,187
2006,1,CAR,REG,2006_01_ATL_CAR,ATL,21,39,186,0,1,4,-36,2,1,315,55,10,-16.5487545353137,-6.00330147304033,0,8,2,1,0,16,65,0,0,0,4,-1.44939213618636,0,2,0,0,0,21,0,186,0,1,0,315,53,10,5.25750143371988,0,8,2,1,0,0,49,11,19,0,0,1,1,7,6,0,0,2,0,0,0,0,0,1,0,0,0,2,0,0,0,0,8,45,5,3,0,0,3,1,3,13,3,64,2,2,0,0,54,1,0,0,0,1,1,0,0,0,0,0,0,0,54;46,,,100,0,0,0,0,0,0,,0,0,0,0,0,6,0,58,309,2,0,1,2,0,3,29,0,240
2006,1,CHI,REG,2006_01_CHI_GB,GB,19,27,258,1,1,1,-6,0,0,274,82,12,10.763318937851,17.9362071248201,0,10,6,4,1,36,109,0,0,0,4,-8.62885544353479,0,2,1,0,0,19,0,258,1,0,0,274,82,12,21.6995440228528,0,10,6,4,1,1,39,12,14,0,0,1,3,22,6,2,28,5,0,0,0,0,0,0,0,0,0,0,0,1,0,0,4,25,2,0,0,0,0,0,5,104,1,18,4,4,0,0,40,1,0,1,2,1,0,0,0,0,0,0,0,0,40;39;28;30,,,137,0,0,2,2,0,0,1,0,0,0,0,0,4,0,50,189,2,1,0,0,0,3,44,0,145
2006,1,CIN,REG,2006_01_CIN_KC,KC,13,19,127,0,0,1,-7,1,1,132,87,6,-1.52873211937466,1.41142383217812,0,4,1,1,0,34,116,2,1,0,6,-0.692550234787632,0,2,2,1,0,13,0,127,0,0,0,132,87,6,10.0843193830224,0,4,1,1,0,0,55,5,5,0,0,2,7,54,7,1,-1,5,0,0,0,0,0,0,0,0,0,1,-3,2,0,0,5,40,4,1,1,0,2,1,1,2,2,48,3,3,0,0,42,1,0,0,2,1,0,0,0,0,0,0,0,0,37;42;36,,,115,0,0,2,2,0,0,1,0,0,0,0,0,5,0,45,213,0,0,0,2,0,3,5,0,168
2006,1,CLE,REG,2006_01_NO_CLE,NO,16,27,132,1,2,5,-31,0,0,240,71,6,-10.6510294054751,2.41679364442825,0,5,2,0,0,22,85,1,1,1,6,-5.26566888499656,0,3,2,0,0,16,0,132,1,0,0,240,71,6,9.1326892269426,0,5,2,0,0,0,40,15,15,0,0,1,0,0,3,1,10,7,0,0,0,0,0,0,0,0,0,0,-6,1,-3,0,4,35,5,0,1,0,1,1,2,41,5,114,0,0,0,0,,,0,0,0,0,0,0,0,0,0,0,0,0,,,,0,0,0,2,2,0,0,1,0,0,0,0,0,6,0,56,265,0,2,0,1,0,3,22,0,223
2006,1,DAL,REG,2006_01_DAL_JAX,JAX,16,33,246,1,3,2,-11,0,0,304,85,9,-3.33467318678659,-6.83570907961938,0,12,3,3,1,22,88,1,0,0,4,1.39994425040608,0,2,2,1,0,16,0,246,1,0,0,304,85,9,20.2730738695827,0,12,3,3,1,0,55,0,4,0,0,0,1,8,2,1,0,9,0,0,0,0,0,0,0,0,0,0,0,0,0,0,9,93,4,0,0,0,0,0,4,22,4,65,1,2,1,0,32,0.5,0,0,1,0,0,0,0,0,1,0,0,0,32,36,,32,36,0,2,2,0,0,1,0,0,0,0,0,5,0,62,266,0,0,0,1,0,4,30,0,216
2006,1,DEN,REG,2006_01_DEN_STL,LA,13,26,138,0,3,4,-40,1,1,233,59,7,-23.7615235785488,-10.5846304893494,0,6,3,0,0,25,161,1,1,1,9,2.04345117268826,0,3,3,2,0,13,0,138,0,0,0,233,59,7,11.0724627421587,0,6,3,0,0,0,48,9,9,0,0,0,3,22,3,0,0,2,0,0,0,0,0,0,0,0,0,0,0,0,0,0,4,30,5,2,0,0,2,2,1,3,4,78,1,1,0,0,49,1,0,0,0,1,0,0,0,0,0,0,0,0,49,,,49,0,0,1,1,0,0,1,0,0,0,0,0,4,0,46,170,0,0,0,1,2,1,0,0,150
2006,1,DET,REG,2006_01_SEA_DET,SEA,21,37,229,0,0,3,-16,0,0,291,98,9,-4.45805927436146,-6.76084492887769,0,9,4,3,0,17,38,0,1,1,4,-7.48293470131466,0,0,0,0,0,21,0,229,0,1,0,291,98,9,14.6342994676207,0,9,4,3,0,0,52,4,20,0,0,2,5,37,5,0,0,2,0,1,0,0,0,2,0,0,0,2,0,1,2,0,7,61,2,2,1,0,3,1,3,10,2,38,2,3,1,0,44,0.666666666666667,0,0,1,1,0,0,0,0,0,0,1,0,44;37,52,,81,52,0,0,0,0,0,,0,0,0,0,0,6,0,55,258,1,0,0,1,1,4,43,0,195
2006,1,GB,REG,2006_01_CHI_GB,CHI,16,30,186,0,2,3,-22,0,0,368,80,8,-7.19035157238197,-5.60015559196472,0,9,5,3,0,23,103,0,0,0,6,-5.45598101103678,0,5,2,0,0,16,0,186,0,0,0,368,80,8,14.2939332773972,0,9,5,3,0,0,44,18,20,0,0,0,1,6,6,1,0,2,0,0,0,0,0,0,0,0,0,0,0,0,0,0,5,45,4,1,0,0,1,1,3,44,7,129,0,1,1,0,,0,0,0,0,0,0,0,0,0,0,0,1,0,,53,,0,53,0,0,0,0,0,,0,0,0,0,0,6,0,53,270,1,0,0,1,0,5,104,1,146
2006,1,HOU,REG,2006_01_PHI_HOU,PHI,18,27,208,1,0,5,-37,0,0,141,99,9,-4.6917245397101,11.9832471797341,0,9,4,4,1,20,70,0,0,0,7,-0.850962273834739,0,3,2,0,0,18,0,208,1,1,0,141,99,9,13.6826688011643,0,9,4,4,1,0,41,13,13,0,0,0,1,3,3,1,11,3,0,0,0,0,0,0,0,0,0,1,0,0,0,0,3,20,4,1,0,0,1,0,1,0,5,105,1,1,0,0,34,1,0,0,1,0,0,0,0,0,0,0,0,0,34,,,34,0,0,1,1,0,0,1,0,0,0,0,0,5,0,55,223,2,0,0,0,2,3,25,0,198
2006,1,IND,REG,2006_01_IND_NYG,NYG,25,41,276,1,1,1,-4,0,0,427,44,17,14.0302242633785,1.98813021183014,0,12,6,4,0,23,55,1,0,0,4,-3.3624520675605,0,0,0,0,0,25,0,276,1,0,0,427,44,17,29.6338528270426,0,12,6,4,0,0,39,14,14,0,0,0,0,0,0,1,4,4,0,0,0,0,0,0,0,0,0,0,0,1,0,0,3,20,4,0,0,0,0,0,1,1,4,111,4,4,0,0,48,1,0,1,2,1,0,0,0,0,0,0,0,0,26;32;48;32,,,138,0,0,2,2,0,0,1,0,0,0,0,0,2,0,52,102,1,0,0,0,0,2,12,0,90
2006,1,JAX,REG,2006_01_DAL_JAX,DAL,23,34,237,1,1,1,-8,0,0,248,84,14,5.35990967901936,8.10401868075132,0,10,3,3,0,32,78,2,1,0,6,-5.12122964403288,0,1,0,0,0,23,0,237,1,0,0,248,84,14,17.827156226791,0,10,3,3,0,0,46,0,0,0,0,0,2,11,6,3,37,8,0,0,0,0,0,0,0,0,0,0,-5,0,0,0,2,41,4,0,1,1,1,0,4,30,2,13,1,2,1,0,35,0.5,0,0,1,0,0,0,0,0,0,1,0,0,35,49,,35,49,0,3,3,0,0,1,0,0,0,0,0,6,0,53,264,1,0,0,1,1,4,22,0,222
2006,1,KC,REG,2006_01_CIN_KC,CIN,23,35,230,1,1,7,-54,2,1,294,70,12,-9.4190752733345,22.0333749055862,0,10,3,3,0,25,113,0,1,0,6,1.7601600759584,0,2,2,0,0,23,0,230,1,0,0,294,70,12,16.9244342821185,0,10,3,3,0,0,37,11,11,0,0,1,1,7,2,0,0,3,0,1,0,0,0,0,0,0,0,2,-8,1,0,0,5,40,4,2,2,0,4,2,3,5,4,87,1,2,1,0,29,0.5,0,1,0,0,0,0,0,0,0,0,1,0,29,51,,29,51,0,1,1,0,0,1,0,0,0,0,0,4,0,47,165,1,1,0,0,2,1,2,0,163
2006,1,LA,REG,2006_01_DEN_STL,DEN,18,34,217,0,0,3,-22,0,0,220,122,9,-9.7112964916051,-11.1697945630912,0,7,5,3,1,28,125,0,0,0,6,-4.31109587178798,0,4,4,2,0,18,0,217,0,0,0,220,122,9,11.1677842025668,0,7,5,3,1,0,43,3,3,0,0,2,4,40,5,3,51,4,0,0,0,0,0,0,0,0,0,0,0,2,0,0,10,94,2,0,0,0,0,0,1,0,2,51,6,7,1,0,51,0.857142857142857,0,3,1,1,1,0,0,0,0,1,0,0,26;38;29;51;48;24,44,,216,44,0,0,0,0,0,,0,0,0,0,0,3,0,59,150,1,0,0,1,1,1,3,0,127
2006,1,LAC,REG,2006_01_SD_OAK,LV,8,11,108,1,0,0,0,0,0,84,33,5,8.14774989301805,12.6210371201689,0,4,3,2,0,48,194,2,1,0,8,-1.65353338710412,0,3,2,1,1,8,0,108,1,0,0,84,33,5,10.9084916306892,0,4,3,2,0,0,41,4,4,0,0,0,9,54,10,0,0,7,0,0,0,0,0,0,0,0,0,1,-7,1,0,0,3,25,4,0,1,0,1,0,5,34,1,20,2,2,0,0,47,1,0,1,0,1,0,0,0,0,0,0,0,0,47;29,,,76,0,0,3,3,0,0,1,0,0,0,0,0,5,0,56,219,2,0,0,0,2,3,1,0,218
2006,1,LV,REG,2006_01_SD_OAK,LAC,8,19,96,0,0,9,-54,0,0,205,29,4,-18.7192297950969,-14.5179245032762,0,5,2,2,0,20,87,0,1,1,5,-6.7812830141047,0,4,2,0,0,8,0,96,0,0,0,205,29,4,1.41883555980166,0,5,2,2,0,0,48,10,10,0,0,0,0,0,1,0,0,2,0,0,0,0,0,0,0,0,0,0,-1,0,0,0,7,54,6,0,1,0,1,1,3,1,6,143,0,0,0,0,,,0,0,0,0,0,0,0,0,0,0,0,0,,,,0,0,0,0,0,0,0,,0,0,0,0,0,9,0,58,420,4,0,2,1,1,5,34,0,366
2006,1,MIA,REG,2006_01_MIA_PIT,PIT,18,37,262,0,2,3,-22,0,0,378,154,12,-8.96080200735601,-9.40191373229027,0,11,5,3,1,18,38,2,1,0,3,-2.26588780735619,0,0,0,0,0,18,0,262,0,0,0,378,154,12,19.6274716370972,0,11,5,3,1,0,34,18,22,0,0,0,3,13,2,0,0,3,0,0,0,0,0,0,0,0,0,1,5,1,1,0,6,63,5,1,0,0,1,0,3,79,4,74,1,1,0,0,26,1,0,1,0,0,0,0,0,0,0,0,0,0,26,,,26,0,0,2,2,0,0,1,0,0,0,0,0,6,0,58,220,3,1,0,0,2,3,5,0,215
2006,1,MIN,REG,2006_01_MIN_WAS,WAS,16,30,223,1,0,1,0,1,0,392,81,10,12.3340450281575,-2.51250693510319,0,9,5,5,1,34,86,1,0,0,4,-4.72595810824895,0,1,0,0,0,16,0,223,1,1,0,392,81,10,23.9830742284228,0,9,5,5,1,0,41,4,4,0,0,1,0,0,0,0,0,2,0,0,0,0,0,0,0,0,0,1,0,0,0,0,9,60,4,2,0,1,2,0,2,27,4,98,2,3,1,0,46,0.666666666666667,0,0,1,1,0,0,0,0,0,0,1,0,46;31,54,,77,54,0,1,1,0,0,1,0,0,0,0,0,5,0,44,190,0,0,0,1,1,3,28,0,142
2006,1,NE,REG,2006_01_BUF_NE,BUF,11,23,163,2,1,3,-27,2,1,228,54,8,-4.26394382712665,-6.18946591149206,0,6,5,3,0,41,183,0,0,0,11,-0.673854554828722,0,4,2,2,0,11,0,163,2,0,0,228,54,8,17.7354597836384,0,6,5,3,0,0,15,29,29,0,0,0,3,23,13,0,0,1,0,0,1,0,0,0,0,0,0,1,0,0,0,0,1,5,3,2,0,0,2,1,1,14,4,82,1,1,0,0,32,1,0,0,1,0,0,0,0,0,0,0,0,0,32,,,32,0,0,2,2,0,0,1,0,0,0,0,0,4,0,56,183,1,1,1,1,0,1,0,0,163
2006,1,NO,REG,2006_01_NO_CLE,CLE,17,31,176,1,1,0,0,0,0,225,80,13,3.69774667799794,-2.32643310366006,0,7,4,2,0,40,150,0,1,1,4,-7.10676371453732,0,2,2,0,0,17,0,176,1,0,0,225,80,13,18.2598944686896,0,7,4,2,0,0,30,19,19,0,0,0,5,31,9,2,33,2,0,0,0,0,0,0,0,0,0,0,0,1,0,0,6,44,5,1,0,0,1,1,3,22,1,27,4,4,0,0,43,1,0,3,0,1,0,0,0,0,0,0,0,0,43;25;21;20,,,109,0,0,1,1,0,0,1,0,0,0,0,0,3,0,49,135,0,0,0,0,1,2,41,0,94
2006,1,NYG,REG,2006_01_IND_NYG,IND,20,34,247,2,1,0,0,0,0,350,71,14,9.175850310695,-2.17989249662919,0,11,4,2,0,28,186,1,1,1,9,3.41550914192339,0,7,2,2,0,20,0,247,2,0,0,350,71,14,20.6745466600816,0,11,4,2,0,0,31,21,21,0,0,0,1,4,3,1,16,5,0,0,0,0,0,0,0,0,0,0,-3,0,0,0,10,64,5,0,1,0,1,1,2,12,6,112,0,1,1,0,,0,0,0,0,0,0,0,0,0,0,1,0,0,,40,,0,40,0,3,3,0,0,1,0,0,0,0,0,1,0,49,49,0,0,0,0,0,1,1,0,48
2006,1,NYJ,REG,2006_01_NYJ_TEN,TEN,24,33,319,2,0,2,-17,1,1,310,67,16,16.7765174992507,15.7055936979525,0,13,5,4,1,34,91,1,0,0,4,-4.87371954027767,0,2,1,0,0,24,0,319,2,1,1,310,67,16,23.5514384776291,0,13,5,4,1,0,26,28,28,0,0,1,2,8,6,3,25,9,0,0,0,0,0,0,0,0,0,0,0,0,0,0,8,53,4,2,0,0,2,2,2,11,3,89,1,3,2,0,18,0.333333333333333,1,0,0,0,0,0,0,0,2,0,0,0,18,34;30,,18,64,0,2,3,1,0,0.666666666666667,0,0,0,0,0,4,0,58,199,0,1,0,0,0,3,23,0,176
2006,1,PHI,REG,2006_01_PHI_HOU,HOU,24,35,314,3,1,1,-3,0,0,316,148,17,15.9402105209632,5.31958341598511,0,11,7,5,1,30,130,0,0,0,7,-1.53348083602032,0,4,3,1,0,24,0,314,3,0,0,316,148,17,29.7303767745034,0,11,7,5,1,0,43,6,8,0,0,1,5,37,7,0,0,6,0,0,0,0,0,0,0,0,0,0,0,0,0,0,5,51,7,0,0,0,0,0,3,25,3,57,1,1,0,0,42,1,0,0,0,1,0,0,0,0,0,0,0,0,42,,,42,0,0,3,3,0,0,1,0,0,0,0,0,3,0,42,106,1,0,0,0,2,1,0,0,106
2006,1,PIT,REG,2006_01_MIA_PIT,MIA,15,25,209,3,0,3,-13,0,0,233,104,11,10.8504763985984,-2.25099337100983,0,6,3,2,1,38,143,0,1,1,6,-8.88564197085903,0,4,3,1,0,15,0,209,3,0,0,233,104,11,21.6015104990802,0,6,3,2,1,0,21,17,27,0,0,1,3,22,4,2,42,7,1,0,0,0,0,0,0,0,0,0,0,0,0,0,1,10,3,0,1,0,1,1,3,5,3,75,0,1,1,0,,0,0,0,0,0,0,0,0,0,0,1,0,0,,44,,0,44,0,4,4,0,0,1,0,0,0,0,0,5,0,51,233,0,0,0,1,1,3,79,0,134
2006,1,SEA,REG,2006_01_SEA_DET,DET,25,30,210,0,0,5,-37,0,0,208,116,11,1.26528021326787,18.1327602986632,0,6,2,2,0,26,91,0,1,1,5,-10.182515377845,0,2,2,0,0,25,0,210,0,1,0,208,111,11,12.4858769575112,0,6,2,2,0,0,42,1,13,0,0,2,3,16,2,0,0,2,0,0,0,0,0,0,0,0,0,1,0,1,0,0,8,55,6,2,0,0,2,1,4,43,3,88,3,5,0,2,51,0.6,0,1,0,1,1,0,0,0,0,0,0,0,20;51;42,,41;53,113,0,94,0,0,0,0,,1,1,0,0,42,5,0,63,263,2,0,0,2,0,3,10,0,213
2006,1,SF,REG,2006_01_SF_ARI,ARI,23,40,288,1,0,1,-2,0,0,268,177,10,6.71066953360832,-0.583446457197792,0,10,6,5,1,18,107,2,1,1,6,-2.50763880700106,0,3,2,2,0,23,0,288,1,1,1,268,177,10,13.2169192956401,0,10,6,5,1,0,47,11,11,0,0,2,3,18,4,0,0,7,0,0,0,0,0,0,0,0,0,0,0,1,0,0,8,62,7,2,0,0,2,2,3,71,7,169,2,3,1,0,44,0.666666666666667,0,1,0,1,0,0,0,0,1,0,0,0,22;44,34,,66,34,0,3,3,0,0,1,0,0,0,0,0,4,0,47,145,3,0,2,0,2,0,0,0,145
2006,1,TB,REG,2006_01_BAL_TB,BAL,18,34,137,0,3,3,-21,0,0,163,68,5,-31.9412044693599,7.53380302339792,0,4,2,1,0,13,26,0,0,0,3,-1.86890068114735,0,0,0,0,0,18,0,137,0,0,0,163,68,5,4.33915848878678,0,4,2,1,0,0,36,19,19,0,0,2,1,13,9,0,0,3,0,0,0,0,0,0,0,0,0,0,0,0,0,0,3,21,4,0,0,0,0,0,5,47,6,147,0,0,0,0,,,0,0,0,0,0,0,0,0,0,0,0,0,,,,0,0,0,0,0,0,0,,0,0,0,0,0,8,0,59,372,3,1,1,1,0,5,57,0,295
2006,1,TEN,REG,2006_01_NYJ_TEN,NYJ,20,42,250,0,3,2,-8,0,0,325,102,14,-12.6727907564053,-6.48006760590785,1,13,6,3,0,25,86,2,0,0,7,1.63919841461768,1,0,0,0,0,20,0,250,0,1,0,325,98,14,19.4195337544517,1,13,6,3,0,0,42,19,21,0,0,2,2,17,4,0,0,4,0,1,0,0,0,0,0,0,0,2,0,2,14,0,8,70,4,1,1,0,2,0,3,23,5,118,0,0,0,0,,,0,0,0,0,0,0,0,0,0,0,0,0,,,,0,0,0,0,0,0,0,,0,0,0,0,0,6,0,51,239,3,1,0,1,2,2,11,0,208
2006,1,WAS,REG,2006_01_MIN_WAS,MIN,17,28,163,0,0,0,0,0,0,174,63,8,0.303702643828117,-1.88258375440325,0,5,4,3,0,25,103,1,1,0,5,-2.5681369547674,0,2,2,1,0,17,0,163,0,1,0,174,63,8,10.6599189211548,0,5,4,3,0,0,42,12,14,0,0,2,1,0,4,0,0,4,0,0,0,0,0,0,0,0,0,1,-3,0,0,0,7,55,6,1,1,1,2,0,3,28,4,84,3,4,1,0,27,0.75,0,3,0,0,0,0,0,0,0,1,0,0,27;27;22,48,,76,48,0,1,1,0,0,1,0,0,0,0,0,5,0,50,215,1,1,1,0,1,2,27,0,188
2006,2,ARI,REG,2006_02_ARI_SEA,SEA,24,38,231,1,1,5,-40,2,0,283,86,11,-0.278780711642747,4.76735947099892,0,10,2,1,1,20,65,0,1,0,3,-2.66840447622877,0,2,2,0,0,24,0,231,1,1,1,283,86,11,14.8082856546389,0,10,2,1,1,0,39,15,15,0,0,0,3,26,6,2,0,6,0,0,0,0,0,1,0,0,0,4,-10,0,0,0,11,66,6,3,2,0,5,1,4,29,4,102,1,3,2,0,43,0.333333333333333,0,0,0,1,0,0,0,0,0,0,2,0,43,51;53,,43,104,0,1,1,0,0,1,0,0,0,0,0,6,0,50,238,1,0,1,0,1,4,27,0,211
2006,2,ATL,REG,2006_02_TB_ATL,TB,10,16,92,1,1,3,-16,0,0,179,22,5,-2.43262902519443,5.90342602559498,0,4,2,1,0,44,306,1,1,0,15,8.41278324373584,0,14,12,3,0,10,0,92,1,2,1,179,22,5,1.66256847669806,0,4,2,1,0,0,36,6,6,0,0,0,1,2,2,3,78,13,0,0,0,0,0,0,0,0,0,2,0,0,0,0,8,83,3,3,0,0,3,1,1,15,1,23,0,4,3,1,,0,0,0,0,0,0,0,0,0,2,1,0,0,,30;36;40,30,0,106,30,2,2,0,0,1,0,0,0,0,0,2,0,55,85,2,1,0,0,0,1,10,0,75
2006,2,BAL,REG,2006_02_OAK_BAL,LV,16,33,143,1,1,2,-17,0,0,238,83,9,-14.3942173950265,-10.8548826972644,0,4,2,2,0,31,138,1,0,0,5,-1.95033792679897,0,5,4,1,0,16,0,143,1,0,0,238,83,9,9.64515649490902,0,4,2,2,0,0,42,9,9,0,0,1,6,39,8,3,88,9,0,0,1,0,0,0,0,0,0,0,0,3,59,0,10,72,3,0,0,0,0,0,1,16,4,163,4,4,0,0,37,1,0,2,2,0,0,0,0,0,0,0,0,0,25;33;37;23,,,118,0,0,2,2,0,0,1,0,0,0,0,0,7,0,60,303,3,0,2,0,1,4,39,0,264
2006,2,BUF,REG,2006_02_BUF_MIA,MIA,11,18,83,1,0,2,-17,0,0,115,63,5,-2.15145253792484,3.4912763370408,0,3,1,0,0,32,105,0,0,0,6,-4.04105342176185,0,4,3,0,0,11,0,83,1,0,0,115,63,5,6.23659659433356,0,3,1,0,0,0,43,0,22,0,0,1,7,60,7,1,0,2,0,0,0,1,0,0,0,0,2,0,0,0,0,0,4,30,5,0,0,0,0,0,5,72,1,22,3,3,0,0,45,1,0,0,1,2,0,0,0,0,0,0,0,0,33;45;43,,,121,0,0,1,1,0,0,1,0,0,0,0,0,6,0,52,248,5,1,3,0,1,1,7,0,241
2006,2,CAR,REG,2006_02_CAR_MIN,MIN,17,33,181,0,0,2,-17,0,0,183,105,9,-8.1855590618895,-13.3028043004183,0,9,6,2,1,27,107,1,0,0,4,-1.83482743031345,0,3,3,1,0,17,0,181,0,0,0,183,105,9,11.2257259130711,0,9,6,2,1,0,53,8,20,0,0,0,5,34,6,1,13,4,0,1,0,0,0,1,0,0,2,0,0,0,0,0,6,32,3,0,1,0,1,1,3,18,4,86,2,2,0,0,26,1,0,2,0,0,0,0,0,0,0,0,0,0,25;26,,,51,0,0,1,1,0,0,1,0,0,0,0,0,9,0,57,386,3,0,1,1,1,6,22,0,344
2006,2,CHI,REG,2006_02_DET_CHI,DET,21,28,294,4,0,0,0,0,0,322,69,16,24.3946630917569,12.846858122132,0,13,8,4,1,34,89,0,1,0,4,-10.9980373368016,0,4,2,0,0,21,0,294,4,1,1,322,69,16,25.9844633584144,0,13,8,4,1,0,43,5,5,0,0,3,6,31,9,0,0,4,0,0,0,0,0,0,0,0,0,1,-1,3,0,0,6,93,2,1,1,0,2,1,4,21,2,39,2,2,0,0,45,1,0,0,1,1,0,0,0,0,0,0,0,0,32;45,,,77,0,0,4,4,0,0,1,0,0,0,0,0,3,0,48,133,2,0,0,0,2,1,5,0,128
2006,2,CIN,REG,2006_02_CLE_CIN,CLE,24,40,352,2,2,4,-31,0,0,462,108,18,5.09388001366882,1.28701909994468,0,16,11,4,1,32,160,2,0,0,8,3.93873259765384,0,6,3,1,0,24,0,352,2,0,0,462,108,18,29.9577354778805,0,16,11,4,1,0,38,1,19,0,0,1,0,0,2,2,7,8,0,0,0,0,0,0,0,0,0,0,0,1,0,0,9,49,5,0,0,0,0,0,2,15,3,40,2,3,1,0,37,0.666666666666667,0,0,2,0,0,0,0,0,0,1,0,0,37;37,44,,74,44,0,4,4,0,0,1,0,0,0,0,0,4,0,57,192,1,0,0,1,1,2,8,0,164
2006,2,CLE,REG,2006_02_CLE_CIN,CIN,20,33,244,0,2,0,0,0,0,200,117,8,-3.3257040700459,-2.74190487283649,0,7,3,3,1,20,57,2,1,1,6,-7.17084137978964,0,3,2,0,0,20,0,244,0,0,0,200,117,8,17.0426649838919,0,7,3,3,1,0,45,0,28,0,0,0,4,31,7,2,35,6,0,0,0,0,0,0,0,0,0,0,0,0,0,0,2,27,3,1,0,0,1,1,2,8,6,120,1,1,0,0,30,1,0,0,1,0,0,0,0,0,0,0,0,0,30,,,30,0,0,2,2,0,0,1,0,0,0,0,0,6,0,53,261,4,1,1,1,1,2,15,0,226
2006,2,DAL,REG,2006_02_WAS_DAL,WAS,19,38,237,2,0,1,-8,0,0,220,90,11,5.8228237957016,-11.2036498955318,0,9,4,4,1,31,138,1,1,1,6,-6.3108741919908,0,4,4,0,0,19,0,237,2,0,0,220,90,11,21.0730694897939,0,9,4,4,1,0,44,0,14,0,0,0,6,45,9,1,0,5,0,0,0,0,0,0,0,0,0,0,0,0,0,0,9,90,1,1,0,0,1,1,7,75,3,79,2,2,0,0,50,1,0,1,0,0,1,0,0,0,0,0,0,0,26;50,,,76,0,0,3,3,0,0,1,0,0,0,0,0,7,0,61,343,2,0,0,1,1,5,47,0,276
2006,2,DEN,REG,2006_02_KC_DEN,KC,16,30,173,0,1,0,0,0,0,213,70,9,-2.97762927959875,-3.65615590260579,0,10,3,3,0,36,145,0,0,0,8,-1.24663844476964,0,6,5,1,0,16,0,173,0,0,0,213,70,9,10.8231885269634,0,10,3,3,0,0,51,3,15,0,0,2,1,2,1,0,0,2,0,1,0,0,0,0,0,0,0,0,0,2,7,0,0,0,1,0,1,1,1,0,2,7,2,2,3,4,1,0,39,0.75,0,2,1,0,0,0,0,0,0,1,0,0,23;22;39,44,,84,44,0,0,0,0,0,,1,1,0,0,39,5,0,61,260,0,0,0,0,0,5,72,0,188
2006,2,DET,REG,2006_02_DET_CHI,CHI,23,30,230,0,0,6,-31,1,1,192,79,11,-0.136757109365754,18.3674541386691,0,10,5,2,0,14,46,1,1,1,2,-6.18347387865651,0,1,1,1,0,23,0,230,0,1,1,192,79,11,13.015217862674,0,10,5,2,0,0,49,9,9,0,0,1,0,0,1,0,0,4,0,0,0,0,0,0,0,0,0,0,0,1,0,0,14,104,4,3,0,0,3,3,1,5,4,66,0,1,1,0,,0,0,0,0,0,0,0,0,0,0,1,0,0,,40,,0,40,0,1,1,0,0,1,0,0,0,0,0,6,0,47,258,1,1,0,1,0,4,21,0,217
2006,2,GB,REG,2006_02_NO_GB,NO,31,55,340,3,1,2,-18,0,0,453,152,18,6.05346345718753,-4.66318176551299,0,10,5,5,2,20,63,0,1,1,2,-8.69974858261412,0,1,1,0,0,31,0,340,3,1,0,453,152,18,28.1808812256557,0,10,5,5,2,0,50,5,7,0,0,4,4,21,3,1,0,7,0,0,0,0,0,0,0,0,0,0,0,2,0,0,5,31,6,2,0,1,2,1,3,10,5,101,2,2,0,0,36,1,0,1,1,0,0,0,0,0,0,0,0,0,24;36,,,60,0,0,3,3,0,0,1,0,0,0,0,0,6,0,57,286,0,0,0,0,0,6,64,0,222
2006,2,HOU,REG,2006_02_HOU_IND,IND,22,26,219,3,0,4,-28,2,0,135,105,13,11.2119249971583,15.6248983282309,0,10,4,2,0,23,108,0,2,2,3,-9.64375755526063,0,1,1,1,0,22,0,219,3,0,0,135,105,13,19.9288666637731,0,10,4,2,0,0,49,17,17,0,0,1,2,10,5,0,0,1,0,0,0,0,1,0,0,0,0,2,-1,1,0,0,8,58,4,3,1,0,4,2,0,0,7,162,1,1,0,0,43,1,0,0,0,1,0,0,0,0,0,0,0,0,43,,,43,0,0,3,3,0,0,1,0,0,0,0,0,4,0,46,165,0,0,0,0,1,3,18,0,147
2006,2,IND,REG,2006_02_HOU_IND,HOU,26,38,400,3,0,2,-10,0,0,413,137,21,26.7195843766847,11.3813746619869,0,20,12,7,0,35,125,2,1,1,9,-5.22894467256265,0,1,1,0,0,26,0,400,3,0,0,413,137,21,36.1593215106404,0,20,12,7,0,0,39,15,17,0,0,3,4,28,4,0,0,1,0,0,0,0,0,0,0,0,0,0,0,2,0,0,7,60,3,1,0,0,1,1,3,18,5,105,3,3,0,0,43,1,0,0,2,1,0,0,0,0,0,0,0,0,39;43;38,,,120,0,0,4,5,0,1,0.8,0,0,0,0,0,1,0,45,45,0,0,0,1,0,0,0,0,25
2006,2,JAX,REG,2006_02_PIT_JAX,PIT,26,39,260,0,1,1,-8,0,0,293,151,13,3.76384486538615,4.86909238955913,0,12,5,2,1,30,110,0,1,0,3,-12.2378716873645,0,3,2,1,0,26,0,260,0,0,0,293,151,13,18.4572244272116,0,12,5,2,1,0,28,3,11,0,0,0,2,14,5,2,40,8,0,0,0,0,0,0,0,0,0,1,0,0,0,0,10,86,4,0,1,0,1,0,5,27,1,21,3,3,0,0,42,1,0,0,2,1,0,0,0,0,0,0,0,0,31;32;42,,,105,0,0,0,0,0,0,,0,0,0,0,0,6,0,48,251,3,1,1,2,1,1,3,0,208
2006,2,KC,REG,2006_02_KC_DEN,DEN,17,23,133,0,0,1,-2,0,0,131,57,9,-1.44871941440046,9.90021635185589,0,5,1,1,0,34,145,0,2,1,7,-5.26396140886936,0,3,2,1,0,17,0,133,0,1,1,131,57,9,0.240445018004436,0,5,1,1,0,0,46,3,11,0,0,0,0,0,4,1,0,6,0,0,0,0,0,0,0,0,0,1,-5,0,0,0,4,26,6,2,1,0,3,2,5,72,2,59,2,2,0,0,45,1,0,1,0,1,0,0,0,0,0,0,0,0,29;45,,,74,0,0,0,0,0,0,,0,0,0,0,0,6,0,53,281,3,2,0,2,0,2,7,0,234
2006,2,LA,REG,2006_02_STL_SF,SF,19,34,185,1,0,6,-38,1,1,458,49,11,-3.07049675929281,-0.118086461363168,0,7,6,3,0,28,118,0,0,0,5,-1.25612998579163,0,5,2,0,0,19,0,185,1,0,0,458,49,11,19.3015671573812,0,7,6,3,0,0,39,3,5,0,0,1,0,0,1,0,0,4,0,0,0,0,0,0,0,0,0,0,0,1,0,0,6,40,3,1,0,0,1,1,1,30,5,119,2,3,1,0,49,0.666666666666667,0,0,0,2,0,0,0,0,0,1,0,0,49;40,46,,89,46,0,1,1,0,0,1,0,0,0,0,0,5,0,53,216,2,0,0,0,4,1,7,0,209
2006,2,LAC,REG,2006_02_TEN_SD,TEN,25,36,235,1,0,0,0,0,0,330,87,14,8.49013788817471,9.34196750322978,0,12,2,2,0,37,241,3,0,0,10,9.4232156779035,0,5,5,3,1,25,0,235,1,0,0,330,87,14,17.0274759826389,0,12,2,2,0,0,25,13,13,0,0,0,0,0,0,2,21,9,0,0,0,0,0,0,0,0,0,0,0,0,0,0,7,53,6,0,0,0,0,0,3,34,2,26,4,4,0,0,44,1,0,1,2,1,0,0,0,0,0,0,0,0,28;31;35;44,,,138,0,0,4,4,0,0,1,0,0,0,0,0,2,0,39,77,2,0,2,0,0,0,0,0,77
2006,2,LV,REG,2006_02_OAK_BAL,BAL,10,27,162,0,3,6,-39,1,1,375,18,8,-24.1438770031779,-11.8803790807724,0,9,6,3,0,26,39,0,4,2,2,-19.2147419993416,0,1,1,0,0,10,0,162,0,0,0,375,18,8,14.7444637642475,0,9,6,3,0,0,44,10,10,0,0,0,2,17,5,1,31,6,0,0,0,0,0,0,0,0,0,2,-5,0,0,0,6,45,6,1,4,0,5,3,4,39,7,206,2,2,0,0,51,1,0,0,1,0,1,0,0,0,0,0,0,0,34;51,,,85,0,0,0,0,0,0,,0,0,0,0,0,4,0,61,214,1,1,0,2,0,1,16,0,158
2006,2,MIA,REG,2006_02_BUF_MIA,BUF,23,32,250,1,1,7,-60,2,0,286,118,10,-7.55654736869494,8.75348131502828,0,9,7,5,0,20,92,0,0,0,5,-0.236063564545475,0,2,1,0,0,23,0,250,1,0,0,286,105,10,12.6430807125942,0,9,6,4,0,0,39,0,24,0,0,0,2,17,5,0,0,2,0,0,0,0,0,0,0,0,0,2,0,0,0,0,6,75,3,1,1,0,2,0,1,7,4,101,0,1,1,0,,0,0,0,0,0,0,0,0,0,0,0,1,0,,55,,0,55,0,0,0,0,0,,0,0,0,0,0,6,1,60,283,1,0,1,0,0,5,72,0,211
2006,2,MIN,REG,2006_02_CAR_MIN,CAR,20,32,259,1,1,5,-34,0,0,271,126,10,-5.71808251217641,6.54234989829685,0,9,7,5,0,33,140,0,0,0,6,-3.78561108915781,0,4,3,1,0,20,0,259,1,0,0,271,126,10,17.8813480643226,0,9,7,5,0,0,47,4,6,0,0,0,2,17,3,0,0,3,0,0,0,0,0,0,0,0,0,0,0,1,0,0,9,54,5,0,0,0,0,0,6,22,4,100,3,4,0,1,26,0.75,1,2,0,0,0,0,0,0,0,0,0,0,26;22;19,,51,67,0,51,1,1,0,0,1,1,1,0,0,19,7,0,53,324,3,0,1,1,2,3,18,0,286
2006,2,NE,REG,2006_02_NE_NYJ,NYJ,15,29,220,1,1,1,-9,1,1,351,86,14,8.60118861293596,-5.96707601632391,0,10,4,4,0,39,147,2,0,0,8,1.06403550732648,0,4,3,0,0,15,0,220,1,0,0,351,86,14,23.0010908708209,0,10,4,4,0,0,32,21,21,0,0,0,4,20,6,1,8,6,0,0,0,0,0,0,0,0,0,0,0,0,0,0,6,64,6,1,0,0,1,1,1,6,3,91,1,2,0,1,20,0.5,0,1,0,0,0,0,0,0,0,0,0,0,20,,29,20,0,29,3,3,0,0,1,0,0,0,0,0,3,0,61,158,0,0,0,1,1,1,6,0,132
2006,2,NO,REG,2006_02_NO_GB,GB,26,41,353,2,1,4,-21,3,2,260,205,17,7.86877681343327,-0.309208762354967,0,14,6,6,1,22,48,2,0,0,2,-2.24249725451227,0,1,1,1,0,26,0,353,2,1,0,260,177,17,32.1890206719399,0,14,6,6,1,0,43,13,19,0,0,2,2,18,8,1,0,5,0,0,0,0,0,0,0,0,0,2,0,1,0,0,2,14,2,4,0,0,4,2,6,64,3,59,2,2,0,0,47,1,0,0,0,2,0,0,0,0,0,0,0,0,45;47,,,92,0,0,4,4,0,0,1,0,0,0,0,0,4,0,52,186,0,0,0,1,0,3,10,0,156
2006,2,NYG,REG,2006_02_NYG_PHI,PHI,31,43,371,3,1,8,-53,2,0,279,139,18,13.1293077656147,10.2654876559973,0,15,7,6,0,26,86,0,0,0,5,-3.72583756758831,0,1,1,0,0,31,31,371,3,1,0,279,108,18,28.0834330193894,0,15,7,6,0,0,62,0,0,1,3,1,1,6,5,0,0,11,0,0,0,0,0,0,0,0,0,3,0,1,0,1,9,75,4,3,0,0,3,0,2,6,5,103,1,1,0,0,35,1,0,0,1,0,0,0,0,0,0,0,0,0,35,,,35,0,0,3,3,0,0,1,0,0,0,0,0,8,0,54,348,3,3,0,0,2,3,42,0,306
2006,2,NYJ,REG,2006_02_NE_NYJ,NE,22,37,306,2,1,4,-20,0,0,256,173,13,12.7748351206014,-0.399942840299299,0,10,4,4,2,24,51,0,0,0,0,-11.295868141111,0,0,0,0,0,22,0,306,2,0,0,256,173,13,28.2197390029905,0,10,4,4,2,0,33,23,23,0,0,1,1,9,1,1,0,3,0,0,0,0,0,1,0,0,6,0,0,1,0,0,4,48,5,0,0,0,0,0,1,6,4,89,1,1,0,0,42,1,0,0,0,1,0,0,0,0,0,0,0,0,42,,,42,0,0,2,2,0,0,1,0,0,0,0,0,5,0,42,159,4,1,0,0,3,1,6,0,153
2006,2,PHI,REG,2006_02_NYG_PHI,NYG,27,45,350,2,0,1,-6,0,0,331,167,15,11.0584438122554,-0.706801902164112,0,15,8,7,0,30,107,1,1,1,8,-6.96332335547777,0,3,3,0,0,27,36,350,2,0,0,331,167,15,15.2938061392145,0,15,8,7,0,0,64,0,12,0,0,3,8,53,8,1,17,6,0,0,0,0,0,0,0,0,0,0,0,0,0,0,10,66,6,1,0,0,1,1,3,42,4,75,1,2,1,0,37,0.5,0,0,1,0,0,0,0,0,0,1,0,0,37,49,,37,49,0,3,3,0,0,1,0,0,0,0,0,5,0,56,221,2,0,0,1,2,2,6,0,195
2006,2,PIT,REG,2006_02_PIT_JAX,JAX,17,32,141,0,2,2,-14,0,0,308,44,7,-19.166298004071,-4.46881661191583,0,9,2,0,0,14,26,0,1,0,0,-5.4819559493335,0,0,0,0,0,17,0,141,0,0,0,308,44,7,5.55242640001234,0,9,2,0,0,0,57,3,7,0,0,0,1,8,3,1,0,6,0,0,0,0,0,0,0,0,0,1,-1,0,0,0,3,25,3,0,1,0,1,0,1,3,2,36,0,0,0,0,,,0,0,0,0,0,0,0,0,0,0,0,0,,,,0,0,0,0,0,0,0,,0,0,0,0,0,8,0,54,358,5,0,0,0,3,5,27,0,331
2006,2,SEA,REG,2006_02_ARI_SEA,ARI,12,27,221,1,2,3,-26,0,0,343,86,9,1.17400284778516,-10.0215075107721,0,6,6,4,2,36,146,2,1,0,10,-0.88221399881877,0,5,5,0,0,12,0,221,1,0,0,343,86,9,21.0795946196886,0,6,6,4,2,0,39,18,18,0,0,3,5,40,12,1,1,6,0,0,0,0,0,0,0,0,0,1,-3,1,0,0,7,73,1,0,1,0,1,0,4,27,1,17,0,1,0,1,,0,0,0,0,0,0,0,0,0,0,0,0,0,,,30,0,0,30,3,3,0,0,1,0,0,0,0,0,5,0,53,193,0,1,0,0,0,4,29,0,164
2006,2,SF,REG,2006_02_STL_SF,LA,11,22,233,1,0,0,0,0,0,232,118,9,9.35447541745786,-15.3224451467395,0,7,4,3,2,33,127,1,1,1,5,-8.22473971365253,0,3,1,1,0,11,0,233,1,0,0,232,118,9,20.0137758281198,0,7,4,3,2,0,52,6,6,0,0,1,6,38,5,0,0,5,0,0,0,0,0,0,0,0,0,0,0,1,0,0,2,20,3,1,0,0,1,1,1,7,3,97,2,3,1,0,32,0.666666666666667,0,1,1,0,0,0,0,0,0,1,0,0,32;20,46,,52,46,0,2,2,0,0,1,0,0,0,0,0,4,0,54,180,2,0,1,0,2,1,30,0,150
2006,2,TB,REG,2006_02_TB_ATL,ATL,28,53,313,0,3,1,-2,0,0,385,94,17,-12.151047905064,-12.8833545649305,0,14,5,3,1,16,40,0,0,0,1,-3.2186399953207,0,0,0,0,0,28,0,313,0,0,0,385,94,17,21.1071701360472,0,14,5,3,1,0,51,8,8,0,0,3,3,16,5,1,21,2,0,0,0,0,0,1,0,0,0,0,0,1,17,0,8,99,5,0,0,0,0,0,1,10,2,35,1,3,2,0,22,0.333333333333333,0,1,0,0,0,0,0,0,0,2,0,0,22,45;43,,22,88,0,0,0,0,0,,0,0,0,0,0,4,0,53,170,1,1,0,0,2,1,15,0,155
2006,2,TEN,REG,2006_02_TEN_SD,LAC,13,38,163,1,2,0,0,0,0,303,44,10,-13.4001929019578,-14.6772615114848,0,9,4,1,0,19,55,0,1,0,3,-3.00192566608894,0,1,1,0,0,13,0,163,1,0,0,303,44,10,10.9043435135391,0,9,4,1,0,0,56,8,8,0,0,0,0,0,1,0,0,1,0,0,0,0,0,0,0,0,0,2,-8,0,0,0,6,55,3,0,2,0,2,0,0,0,8,183,0,0,0,0,,,0,0,0,0,0,0,0,0,0,0,0,0,,,,0,0,0,1,1,0,0,1,0,0,0,0,0,7,0,52,287,1,0,1,0,3,3,34,0,253
2006,2,WAS,REG,2006_02_WAS_DAL,DAL,18,33,197,0,1,6,-45,0,0,172,105,9,-11.1070064160753,-3.30272912979126,0,9,4,3,0,20,93,0,0,0,4,-3.85731517185923,0,4,4,0,0,18,0,197,0,0,0,172,105,9,11.2332980209017,0,9,4,3,0,1,50,0,14,0,0,1,1,8,1,0,0,4,0,0,0,0,0,0,0,0,0,0,0,1,6,0,11,117,5,0,0,0,0,0,5,47,4,163,1,1,0,0,39,1,0,0,1,0,0,0,0,0,0,0,0,0,39,,,39,0,0,1,1,0,0,1,0,0,0,0,0,8,0,59,413,1,0,0,1,0,7,75,0,318
2006,3,ARI,REG,2006_03_STL_ARI,LA,19,28,256,1,3,1,-10,0,0,241,165,11,-0.429633562540403,5.60264246804374,0,10,6,3,1,28,101,1,1,1,8,-2.15193249567528,0,1,0,0,0,19,0,256,1,0,0,241,165,11,19.7726327166602,0,10,6,3,1,0,47,6,6,0,0,2,1,8,0,0,0,3,0,0,0,0,0,0,0,0,0,0,0,2,0,0,5,52,5,0,1,0,1,1,0,0,4,84,0,0,0,0,,,0,0,0,0,0,0,0,0,0,0,0,0,,,,0,0,0,2,2,0,0,1,0,0,0,0,0,3,0,57,147,1,0,0,1,0,2,14,0,113
2006,3,ATL,REG,2006_03_ATL_NO,NO,12,31,137,0,0,5,-25,1,0,418,35,7,-12.1522652351457,-13.2622845230564,0,6,3,1,1,23,117,0,0,0,3,-2.98551475000568,0,4,2,1,0,12,0,137,0,1,0,418,35,7,14.451075525023,0,6,3,1,1,0,47,11,11,0,0,0,1,11,4,0,0,4,0,0,0,0,0,0,0,0,0,0,0,0,0,0,5,43,5,2,0,2,2,0,4,22,5,137,1,2,0,1,26,0.5,0,1,0,0,0,0,0,0,0,0,0,0,26,,25,26,0,25,0,0,0,0,,0,0,0,0,0,6,1,56,265,1,1,1,2,1,1,11,0,214
2006,3,BAL,REG,2006_03_BAL_CLE,CLE,23,41,264,1,0,2,-10,0,0,331,65,14,5.25447129641559,9.20448540835767,0,10,4,2,0,27,86,0,1,0,4,-7.52333784464281,0,2,1,1,0,23,0,264,1,0,0,331,65,14,21.3878907492473,0,10,4,2,0,0,36,10,14,0,0,1,7,48,19,1,0,6,0,0,0,0,0,0,0,0,0,1,0,1,0,0,5,30,2,0,1,0,1,0,5,29,0,0,3,3,0,0,52,1,0,0,1,1,1,0,0,0,0,0,0,0,32;43;52,,,127,0,0,0,0,0,0,,0,0,0,0,0,6,0,53,235,3,0,0,0,3,3,14,0,221
2006,3,BUF,REG,2006_03_NYJ_BUF,NYJ,22,39,328,1,1,3,-22,2,2,401,124,14,-12.3164724886496,0.271842752893766,0,13,10,7,1,31,169,1,0,0,8,6.80224520234066,0,5,4,1,0,22,0,328,1,0,0,401,124,14,20.4824675613005,0,13,10,7,1,0,26,14,24,0,0,0,1,1,1,0,0,6,0,0,0,0,0,0,0,0,0,0,0,0,0,0,6,43,4,2,0,0,2,2,2,8,5,111,2,2,0,0,36,1,0,1,1,0,0,0,0,0,0,0,0,0,36;28,,,64,0,0,2,2,0,0,1,0,0,0,0,0,2,0,58,99,0,0,0,0,0,2,19,0,80
2006,3,CAR,REG,2006_03_CAR_TB,TB,22,36,272,1,0,3,-23,2,2,273,113,11,1.93318916625896,7.50061941869331,0,12,6,3,1,28,101,1,1,1,9,-2.21848881300992,0,4,2,0,0,22,0,272,1,0,0,273,113,11,19.5760372039196,0,12,6,3,1,0,31,14,14,0,0,0,1,10,4,1,11,5,0,0,0,0,0,0,0,0,0,0,0,0,0,0,7,40,4,3,0,0,3,3,4,30,4,82,4,4,0,0,51,1,0,0,0,2,2,0,0,0,0,0,0,0,51;50;49;46,,,196,0,0,2,2,0,0,1,1,1,0,0,46,3,0,38,101,1,0,1,0,0,2,9,0,92
2006,3,CHI,REG,2006_03_CHI_MIN,MIN,23,41,278,1,2,1,-4,0,0,339,58,14,-4.87573639398916,0.445851395207067,0,13,8,6,0,21,51,0,0,0,3,-3.89670129230944,0,1,1,0,0,23,0,278,1,0,0,339,58,14,20.9072210721532,0,13,8,6,0,0,37,11,21,0,0,1,1,5,1,0,0,0,0,0,0,0,0,0,0,0,0,0,0,2,0,0,10,82,5,0,0,0,0,0,3,12,5,129,4,4,0,0,49,1,0,1,1,2,0,0,0,0,0,0,0,0,41;24;31;49,,,145,0,0,1,1,0,0,1,0,0,0,0,0,3,0,52,152,1,1,0,0,0,2,16,0,136
2006,3,CIN,REG,2006_03_CIN_PIT,PIT,18,26,193,4,2,6,-34,3,1,216,53,12,-1.80856354121352,16.2545106063287,0,8,5,3,0,25,87,0,0,0,2,-0.820456176705193,0,2,1,0,0,18,0,193,4,0,0,216,53,12,22.1632295818417,0,8,5,3,0,0,40,13,25,0,0,1,3,13,3,3,73,11,0,0,0,0,0,1,0,0,0,2,8,2,0,0,5,45,5,3,0,0,3,1,0,0,5,106,0,0,0,0,,,0,0,0,0,0,0,0,0,0,0,0,0,,,,0,0,0,4,4,0,0,1,0,0,0,0,0,5,0,67,267,2,0,1,1,0,3,14,0,233
2006,3,CLE,REG,2006_03_BAL_CLE,BAL,21,33,298,1,1,7,-48,0,0,234,117,12,-3.2268045108649,7.18174080053965,0,11,7,6,1,19,38,1,0,0,4,-4.28538505791221,0,1,1,0,0,21,0,298,1,1,1,234,117,12,20.7032883516222,0,11,7,6,1,0,36,17,17,0,0,0,2,10,18,0,0,7,0,0,0,0,0,0,0,0,0,0,0,0,0,0,2,17,5,1,0,0,1,1,3,14,2,48,0,0,0,0,,,0,0,0,0,0,0,0,0,0,0,0,0,,,,0,0,0,2,2,0,0,1,0,0,0,0,0,8,0,53,358,0,0,2,1,0,5,29,0,309
2006,3,DEN,REG,2006_03_DEN_NE,NE,15,30,256,2,0,0,0,0,0,273,133,10,10.7604364852587,-1.69915626446406,0,9,4,4,1,34,144,0,0,0,6,-0.953142647398636,0,4,3,1,0,15,0,256,2,0,0,273,133,10,24.0260186507067,0,9,4,4,1,0,38,18,18,0,0,0,0,0,15,0,0,4,0,0,0,0,0,1,0,0,0,0,0,0,0,0,7,52,5,0,0,0,0,0,3,-4,1,12,1,1,0,0,23,1,0,1,0,0,0,0,0,0,0,0,0,0,23,,,23,0,0,2,2,0,0,1,0,0,0,0,0,8,0,55,329,4,0,2,1,2,3,32,0,277
2006,3,DET,REG,2006_03_GB_DET,GB,25,40,342,2,1,3,-23,0,0,428,177,15,-1.67275045540614,0.897138699507102,0,14,8,6,1,23,105,1,0,0,5,-0.294916362443473,0,4,3,0,0,25,0,342,2,0,0,428,177,15,21.4399034850067,0,14,8,6,1,0,45,2,16,0,0,2,0,0,0,0,0,5,0,1,0,0,0,0,0,0,0,1,0,2,3,0,6,46,6,0,1,0,1,0,4,26,6,140,1,1,0,0,40,1,0,0,0,1,0,0,0,0,0,0,0,0,40,,,40,0,0,3,3,0,0,1,0,0,0,0,0,5,0,53,214,0,0,0,2,0,3,24,0,150
2006,3,GB,REG,2006_03_GB_DET,DET,25,36,340,3,0,0,0,0,0,197,217,15,22.7455011600132,6.04340357439859,0,13,7,4,1,27,60,0,1,1,2,-10.1366315724445,0,0,0,0,0,25,0,340,3,1,1,197,217,15,29.2980985831237,0,13,7,4,1,0,42,3,21,0,0,0,3,23,5,1,29,7,1,0,0,0,0,0,0,0,0,1,0,0,0,0,5,30,3,2,1,0,3,2,3,24,3,84,1,1,0,0,24,1,0,1,0,0,0,0,0,0,0,0,0,0,24,,,24,0,0,4,4,0,0,1,0,0,0,0,0,5,0,66,248,1,0,0,1,0,4,26,0,202
2006,3,HOU,REG,2006_03_WAS_HOU,WAS,19,29,208,2,1,1,-8,0,0,212,110,11,1.56746865008608,-5.57997932559566,0,7,2,2,1,18,61,0,3,1,4,-3.91162047961541,1,1,0,0,0,19,0,208,2,0,0,212,110,11,16.2154367625772,0,7,2,2,1,0,56,7,11,0,0,1,0,0,1,0,0,2,0,0,0,0,0,0,0,0,0,2,-1,1,19,0,7,57,4,1,2,0,3,1,2,16,5,107,0,0,0,0,,,0,0,0,0,0,0,0,0,0,0,0,0,,,,0,0,0,1,1,0,0,1,0,0,0,0,0,4,0,49,158,2,0,1,0,2,1,4,0,154
2006,3,IND,REG,2006_03_JAX_IND,JAX,14,31,219,1,0,2,-10,0,0,421,20,10,2.09702214959543,-13.2622295412524,0,9,7,5,0,20,63,1,0,0,4,-0.601107122725807,0,1,1,0,0,14,0,219,1,0,0,421,20,10,18.8788720144075,0,9,7,5,0,1,37,25,25,0,0,0,1,1,6,2,32,5,0,0,0,0,0,0,0,0,0,0,0,0,0,0,4,35,4,0,0,0,0,0,3,82,3,30,0,0,0,0,,,0,0,0,0,0,0,0,0,0,0,0,0,,,,0,0,0,3,3,0,0,1,0,0,0,0,0,7,0,56,303,2,1,1,0,1,4,58,0,245
2006,3,JAX,REG,2006_03_JAX_IND,IND,16,28,107,1,2,1,-1,0,0,189,53,7,-6.52203591042602,-5.00685093658311,0,3,1,0,0,40,191,1,0,0,12,7.09185058351782,0,5,5,1,0,16,0,107,1,0,0,189,53,7,9.55187612981535,0,3,1,0,0,0,26,12,12,0,0,0,2,10,4,0,0,5,0,0,0,0,0,0,0,0,0,0,0,0,0,0,4,38,3,0,0,0,0,0,4,58,4,109,0,2,2,0,,0,0,0,0,0,0,0,0,1,0,1,0,0,,24;49,,0,73,0,2,2,0,0,1,0,0,0,0,0,4,0,53,186,2,0,1,0,0,3,82,1,104
2006,3,LA,REG,2006_03_STL_ARI,ARI,21,31,309,1,0,1,-8,1,0,249,147,13,13.9831179479011,5.22329009348346,0,10,7,6,2,28,63,0,1,1,4,-10.1840187282691,0,2,2,0,0,21,0,309,1,1,1,249,147,13,19.583161556453,0,10,7,6,2,0,45,5,5,0,0,0,1,10,7,3,0,6,0,0,0,0,0,0,0,0,0,2,-12,1,0,0,5,25,5,2,2,0,4,2,2,14,1,20,3,3,0,0,47,1,0,2,0,1,0,0,0,0,0,0,0,0,26;47;21,,,94,0,0,1,1,0,0,1,0,0,0,0,0,3,0,44,114,1,1,0,1,1,0,0,0,94
2006,3,MIA,REG,2006_03_TEN_MIA,TEN,17,26,168,0,0,5,-38,1,0,243,88,10,-2.06873183299652,4.39790510214292,0,9,3,1,0,37,159,1,0,0,6,-0.956897693772155,0,4,3,2,0,17,0,168,0,0,0,243,88,10,14.5475909015111,0,9,3,1,0,0,33,0,22,0,0,2,2,15,4,2,-6,5,0,1,0,0,0,0,0,0,0,1,0,1,31,0,5,29,2,2,0,0,2,1,2,2,2,42,2,3,1,0,40,0.666666666666667,0,0,1,1,0,0,0,0,1,0,0,0,40;39,30,,79,30,0,1,1,0,0,1,0,0,0,0,0,6,0,61,316,2,0,0,2,0,4,31,0,245
2006,3,MIN,REG,2006_03_CHI_MIN,CHI,21,31,194,0,0,1,-5,0,0,203,107,7,-4.2917701328405,12.2156803097044,0,7,4,3,0,24,97,0,1,1,3,-3.94930885697249,0,3,2,1,0,21,0,194,0,1,1,203,107,7,3.49980026483482,0,7,4,3,0,0,43,3,7,0,0,0,1,4,2,2,37,5,1,0,0,0,0,0,0,0,0,0,-6,0,0,0,8,83,3,1,1,0,2,2,2,16,6,119,3,3,0,0,41,1,0,1,1,1,0,0,0,0,0,0,0,0,31;26;41,,,98,0,0,1,1,0,0,1,0,0,0,0,0,4,0,52,159,1,1,0,0,0,3,12,0,147
2006,3,NE,REG,2006_03_DEN_NE,DEN,31,55,320,1,0,0,0,0,0,573,177,18,4.73562250158447,-0.845961706204848,0,13,6,3,0,21,50,0,0,0,3,-8.23775831866078,0,1,0,0,0,31,0,320,1,0,0,573,177,18,21.8858146346756,0,13,6,3,0,0,23,23,23,0,0,0,0,0,13,0,0,5,0,0,0,0,0,0,0,0,0,0,0,0,0,0,6,78,5,0,0,0,0,0,3,32,3,66,0,1,0,1,,0,0,0,0,0,0,0,0,0,0,0,0,0,,,37,0,0,37,1,1,0,0,1,0,0,0,0,0,7,0,53,306,4,1,3,0,0,3,-4,0,310
2006,3,NO,REG,2006_03_ATL_NO,ATL,20,28,191,0,0,1,-11,0,0,144,114,9,4.04786608375799,5.35405026032375,0,8,4,2,0,34,146,1,0,0,8,-4.25529565224009,0,3,2,1,0,20,0,191,0,0,0,144,114,9,13.8298582470561,0,8,4,2,0,1,37,12,12,0,0,2,5,25,9,0,0,10,0,0,0,1,0,1,0,0,0,0,0,0,0,0,4,40,6,0,0,0,0,0,1,11,2,42,3,3,0,0,51,1,0,1,1,0,1,0,0,0,0,0,0,0,37;51;20,,,108,0,0,2,2,0,0,1,0,0,0,0,0,6,0,53,245,3,0,1,0,1,4,22,0,223
2006,3,NYG,REG,2006_03_NYG_SEA,SEA,24,36,275,3,3,1,-11,0,0,403,90,15,-1.14344074680599,8.69608325617654,0,11,6,4,0,15,73,0,0,0,3,0.676896574732382,0,3,1,0,0,24,0,275,3,1,1,403,90,15,12.9921733080556,0,11,6,4,0,0,48,20,20,0,0,0,0,0,2,3,28,5,1,0,0,0,0,0,0,0,0,0,0,0,0,0,8,63,6,1,0,0,1,1,1,15,6,164,1,1,0,0,46,1,0,0,0,1,0,0,0,0,0,0,0,0,46,,,46,0,0,3,3,0,0,1,0,0,0,0,0,4,0,53,192,1,2,0,0,1,1,7,0,185
2006,3,NYJ,REG,2006_03_NYJ_BUF,BUF,19,29,183,1,0,1,-1,0,0,153,89,8,3.09180281849694,-1.85452359063285,0,7,3,1,1,24,74,2,0,0,6,1.15155265157227,0,0,0,0,0,19,0,183,1,0,0,153,89,8,13.6801179256581,0,7,3,1,1,0,33,22,30,0,0,2,3,22,5,1,0,2,0,0,0,0,0,0,0,0,0,0,0,2,44,1,8,52,2,0,0,0,0,0,2,19,3,54,0,0,0,0,,,0,0,0,0,0,0,0,0,0,0,0,0,,,,0,0,0,4,4,0,0,1,0,0,0,0,0,7,0,59,338,4,3,0,1,1,2,8,0,310
2006,3,PHI,REG,2006_03_PHI_SF,SF,18,33,296,2,0,3,-30,0,0,231,185,12,10.3504799242827,-6.26005493104458,0,9,7,6,2,18,150,2,0,0,4,6.75941430666717,0,2,1,1,1,18,0,296,2,1,1,231,185,12,24.1072709569125,0,9,7,6,2,0,53,0,26,0,0,3,3,24,6,0,0,3,0,0,0,0,0,0,0,0,0,0,0,2,98,1,9,72,3,1,0,0,1,1,2,31,3,49,1,2,1,0,21,0.5,0,1,0,0,0,0,0,0,1,0,0,0,21,39,,21,39,0,5,5,0,0,1,0,0,0,0,0,4,0,47,174,0,0,1,0,0,3,12,0,162
2006,3,PIT,REG,2006_03_CIN_PIT,CIN,18,39,208,0,3,3,-13,0,0,424,84,12,-8.10636736968279,-7.4438460999065,0,10,4,2,0,38,170,2,1,1,12,2.65947555366438,0,4,2,1,0,18,0,208,0,0,0,424,84,12,18.6385548345055,0,10,4,2,0,0,43,7,19,0,0,3,6,34,4,2,34,6,0,1,0,0,0,0,0,0,0,0,0,1,0,0,2,25,4,1,1,0,2,2,3,14,2,26,2,3,0,1,37,0.666666666666667,0,0,2,0,0,0,0,0,0,0,0,0,37;36,,48,73,0,48,2,2,0,0,1,0,0,0,0,0,2,0,43,84,0,1,0,0,1,0,0,0,84
2006,3,SEA,REG,2006_03_NYG_SEA,NYG,24,33,227,5,3,0,0,0,0,300,52,15,8.05077148543205,11.9820077573099,0,11,2,2,0,41,106,1,0,0,10,-5.35189497692045,0,2,2,0,0,24,0,227,5,0,0,300,52,15,25.8928003432229,0,11,2,2,0,0,33,13,13,0,0,1,1,11,2,3,63,6,0,0,0,0,0,0,0,0,0,0,0,1,4,0,4,22,2,0,0,0,0,0,1,7,4,108,0,0,0,0,,,0,0,0,0,0,0,0,0,0,0,0,0,,,,0,0,0,6,6,0,0,1,0,0,0,0,0,4,0,57,195,1,0,1,2,0,1,15,0,140
2006,3,SF,REG,2006_03_PHI_SF,PHI,27,46,293,1,0,3,-24,2,1,412,110,13,0.562429792269623,0.867166422134222,0,11,3,3,1,28,123,2,1,1,8,-6.902942415094,0,3,3,1,0,27,0,293,1,0,0,412,110,13,21.146573835169,0,11,3,3,1,0,26,0,26,0,0,1,3,30,6,0,0,1,0,0,0,0,0,0,0,0,0,1,0,1,0,0,8,64,5,3,0,0,3,2,3,12,6,120,1,1,0,0,48,1,0,0,0,1,0,0,0,0,0,0,0,0,48,,,48,0,0,3,3,0,0,1,0,0,0,0,0,7,0,57,298,2,1,2,0,2,2,31,0,267
2006,3,TB,REG,2006_03_CAR_TB,CAR,14,25,155,1,1,1,-10,0,0,190,82,6,-3.66888733173255,-4.32171535988649,0,6,4,2,0,25,64,2,0,0,5,-1.25851832770993,0,2,0,0,0,14,0,155,1,0,0,190,82,6,10.7016893236432,0,6,4,2,0,0,46,14,14,0,0,3,3,23,5,0,0,7,0,0,0,0,0,0,0,0,0,0,0,3,0,0,6,56,5,0,0,0,0,0,2,9,5,104,1,1,0,0,28,1,0,1,0,0,0,0,0,0,0,0,0,0,28,,,28,0,0,3,3,0,0,1,0,0,0,0,0,6,0,52,273,0,0,1,0,1,4,30,0,243
2006,3,TEN,REG,2006_03_TEN_MIA,MIA,19,33,269,1,2,2,-15,0,0,381,88,11,0.997898203385501,0.886854800311002,0,10,7,6,0,22,62,0,0,0,2,-5.34521339030471,0,1,0,0,0,19,0,269,1,1,1,381,88,11,13.4863592461981,0,10,7,6,0,0,49,0,22,0,0,2,5,38,6,0,0,2,0,1,0,0,0,0,0,0,0,1,0,1,0,0,6,47,6,2,0,0,2,1,4,31,1,21,1,2,1,0,22,0.5,0,1,0,0,0,0,0,0,0,0,1,0,22,51,,22,51,0,1,1,0,0,1,0,0,0,0,0,6,0,62,275,3,1,1,0,2,2,2,0,273
2006,3,WAS,REG,2006_03_WAS_HOU,HOU,24,27,261,1,0,0,0,0,0,51,214,10,17.3771151113735,8.04001220635005,0,7,3,3,1,41,234,3,1,1,13,7.1308539484744,0,6,4,2,0,24,0,261,1,0,0,51,214,10,19.2001434013364,0,7,3,3,1,0,33,7,13,0,0,1,1,8,1,1,0,7,0,0,0,0,0,0,0,0,0,0,0,1,0,0,12,126,3,1,0,0,1,1,1,4,3,62,1,1,0,0,46,1,0,0,0,1,0,0,0,0,0,0,0,0,46,,,46,0,0,4,4,0,0,1,0,0,0,0,0,2,0,60,112,0,0,0,0,0,2,16,0,96
2006,4,ARI,REG,2006_04_ARI_ATL,ATL,16,28,177,0,2,4,-21,2,1,191,61,8,-13.6865923289442,-15.8105351924896,0,7,4,1,1,25,31,0,1,1,3,-12.5001814608935,0,0,0,0,0,16,0,177,0,0,0,191,61,8,15.5623024716042,0,7,4,1,1,0,47,6,6,0,0,0,2,10,2,1,99,2,1,0,0,0,0,0,0,0,0,1,0,0,0,0,4,19,3,3,0,0,3,2,1,22,8,125,1,1,0,0,29,1,0,1,0,0,0,0,0,0,0,0,0,0,29,,,29,0,0,1,1,0,0,1,0,0,0,0,0,5,0,51,203,2,2,1,0,1,1,41,0,162
2006,4,ATL,REG,2006_04_ARI_ATL,ARI,13,22,153,0,1,2,-10,0,0,186,49,5,-15.3898822228017,-0.23486302012489,0,5,3,2,1,40,262,1,0,0,12,5.07027088542236,0,7,5,2,1,13,0,153,0,0,0,186,49,5,6.85614727518865,0,5,3,2,1,0,43,8,8,0,0,3,4,21,2,2,41,4,1,0,0,0,0,0,0,0,0,0,0,2,0,0,5,40,2,0,0,0,0,0,1,41,3,60,6,6,0,0,51,1,0,2,2,1,1,0,0,0,0,0,0,0,34;40;51;36;26;28,,,215,0,0,2,2,0,0,1,0,0,0,0,0,2,0,59,93,1,0,0,0,1,1,22,0,71
2006,4,BAL,REG,2006_04_SD_BAL,LAC,17,30,158,2,2,2,-8,1,0,293,36,11,-2.00938734121155,-3.11308344205221,0,8,3,2,0,21,56,0,0,0,2,-6.28096331236884,0,1,1,0,0,17,0,158,2,1,1,293,36,11,12.8710887390771,0,8,3,2,0,0,41,21,21,0,0,2,1,11,1,1,24,3,0,0,1,0,0,0,0,0,0,1,0,0,0,0,4,30,6,2,0,0,2,1,1,17,4,97,0,0,0,0,,,0,0,0,0,0,0,0,0,0,0,0,0,,,,0,0,0,2,2,0,0,1,0,0,0,0,0,7,0,56,336,2,0,1,0,2,4,49,0,287
2006,4,BUF,REG,2006_04_MIN_BUF,MIN,23,32,222,1,0,3,-21,0,0,214,66,10,4.24098378511246,8.89839231967926,0,10,5,2,0,33,95,1,1,0,7,-6.57611463131616,0,2,2,0,0,23,0,222,1,0,0,214,66,10,16.9524752629804,0,10,5,2,0,0,26,14,14,0,0,1,0,0,5,2,12,10,0,0,0,0,0,0,0,0,0,1,0,0,0,0,15,104,5,0,1,0,1,0,1,0,3,37,1,2,1,0,28,0.5,0,1,0,0,0,0,0,0,0,1,0,0,28,44,,28,44,0,2,2,0,0,1,0,0,0,0,0,7,0,65,264,2,5,0,0,1,1,16,0,248
2006,4,CAR,REG,2006_04_NO_CAR,NO,19,29,169,2,0,1,-12,0,0,240,49,10,4.69377038133098,2.71105088036636,0,7,2,0,0,29,167,1,0,0,9,5.14791326248087,0,5,4,2,1,19,0,169,2,0,0,240,49,10,14.6357780319522,0,7,2,0,0,0,50,2,12,0,0,2,1,5,0,0,0,7,0,0,0,0,0,0,0,0,0,0,0,1,0,0,7,48,3,0,0,0,0,0,2,3,3,56,0,0,0,0,,,0,0,0,0,0,0,0,0,0,0,0,0,,,,0,0,0,3,3,0,0,1,0,0,0,0,0,6,0,57,304,4,0,0,1,1,4,2,0,282
2006,4,CHI,REG,2006_04_SEA_CHI,SEA,17,31,232,2,0,1,-13,0,0,339,67,9,8.83202483862615,-0.535658200581869,0,7,5,3,2,38,143,2,0,0,11,-1.67300077712614,0,3,3,1,0,17,0,232,2,0,0,339,67,9,22.3945344365784,0,7,5,3,2,0,40,10,10,0,0,0,5,49,8,2,52,6,0,3,0,0,0,0,0,0,0,3,0,0,0,0,5,60,1,0,3,0,3,0,5,45,3,77,3,3,0,0,41,1,0,1,1,1,0,0,0,0,0,0,0,0,36;20;41,,,97,0,0,4,4,0,0,1,0,0,0,0,0,5,0,58,211,1,1,1,0,1,2,6,0,205
2006,4,CIN,REG,2006_04_NE_CIN,NE,20,35,245,0,0,4,-37,2,2,287,110,10,-10.1375922631921,-3.87533230440957,0,10,7,2,0,17,71,1,0,0,5,-0.91578482859768,0,2,1,0,0,20,0,245,0,0,0,287,110,10,15.4029774841038,0,10,7,2,0,0,38,0,42,0,0,0,0,0,2,1,2,5,0,0,0,0,0,0,0,0,0,0,0,0,0,0,9,74,2,2,0,0,2,2,1,7,3,73,2,2,0,0,45,1,0,0,0,2,0,0,0,0,0,0,0,0,40;45,,,85,0,0,1,1,0,0,1,0,0,0,0,0,6,0,54,267,4,0,2,0,1,3,55,0,212
2006,4,CLE,REG,2006_04_CLE_OAK,LV,22,32,192,3,2,2,-13,0,0,299,79,12,4.77788727721481,12.9471499721209,0,7,3,2,0,35,104,0,1,1,6,-9.02988455768139,0,1,0,0,0,22,0,192,3,0,0,299,79,12,20.8843838860309,0,7,3,2,0,0,38,4,4,0,0,0,4,22,5,1,19,5,0,0,0,0,0,0,0,0,0,0,0,0,0,0,4,37,4,1,0,0,1,1,3,73,4,144,1,2,1,0,28,0.5,0,1,0,0,0,0,0,0,0,1,0,0,28,48,,28,48,0,3,3,0,0,1,0,0,0,0,0,2,0,40,79,1,0,1,0,0,1,7,0,72
2006,4,DAL,REG,2006_04_DAL_TEN,TEN,13,20,179,2,1,0,0,0,0,180,60,10,13.832946414954,14.9554249313143,0,9,3,2,1,41,217,3,0,0,11,8.83400739351055,0,6,6,3,0,13,0,179,2,0,0,180,60,10,20.1903503905108,0,9,3,2,1,0,27,21,25,0,0,4,2,4,6,2,22,8,1,0,0,0,0,0,0,0,0,0,0,1,53,0,5,61,0,0,0,0,0,0,2,21,2,43,1,2,1,0,43,0.5,0,0,0,1,0,0,0,1,0,0,0,0,43,26,,43,26,0,6,6,0,0,1,0,0,0,0,0,1,0,40,40,1,0,0,0,1,0,0,0,40
2006,4,DET,REG,2006_04_DET_STL,LA,29,43,280,2,2,2,-3,0,0,445,70,16,7.70200728511024,6.572716769784,0,12,7,4,0,21,93,2,1,1,3,-4.85488602216356,0,1,1,1,0,29,0,280,2,0,0,445,70,16,25.326310570592,0,12,7,4,0,0,52,6,6,0,0,0,1,7,2,0,0,5,0,0,0,0,0,0,0,0,0,0,-4,0,0,0,4,70,5,0,1,0,1,1,1,2,7,237,2,2,0,0,29,1,0,2,0,0,0,0,0,0,0,0,0,0,29;20,,,49,0,0,4,4,0,0,1,0,0,0,0,0,3,0,45,126,1,0,1,0,1,1,5,0,121
2006,4,GB,REG,2006_04_GB_PHI,PHI,24,47,219,0,2,0,0,0,0,401,100,9,-10.0870412367429,-9.68349725008011,0,7,4,4,0,28,99,0,1,1,8,-9.84203781525111,0,1,0,0,0,24,0,219,0,1,0,401,100,9,14.3141558418865,0,7,4,4,0,0,50,0,2,0,0,1,4,32,5,0,0,8,0,0,0,0,0,0,0,0,0,0,-3,2,0,0,7,62,2,1,1,1,2,1,2,17,6,130,3,4,1,0,54,0.75,0,1,0,1,1,0,0,0,0,0,1,0,23;54;46,54,,123,54,0,0,0,0,0,,0,0,0,0,0,5,0,60,233,2,1,0,0,1,3,42,0,191
2006,4,HOU,REG,2006_04_MIA_HOU,MIA,22,29,230,1,1,5,-19,1,1,262,79,13,2.46334866398438,15.7675959169865,0,9,4,4,0,33,65,1,1,0,5,-8.48641708743526,0,1,1,0,0,22,0,230,1,0,0,262,79,13,21.4808555944958,0,9,4,4,0,0,39,5,9,0,0,0,5,30,10,0,0,5,0,0,0,0,0,0,0,0,0,1,0,0,0,0,2,15,2,2,0,0,2,1,3,20,2,71,1,1,0,0,32,1,0,0,1,0,0,0,0,0,0,0,0,0,32,,,32,0,0,2,2,0,0,1,0,0,0,0,0,4,0,51,186,1,0,0,1,2,1,11,0,155
2006,4,IND,REG,2006_04_IND_NYJ,NYJ,21,30,217,1,0,2,-25,0,0,325,53,14,10.2469157270389,11.6786081592242,0,9,2,1,1,36,160,3,0,0,11,5.56915106241424,0,2,1,0,0,21,0,217,1,0,0,325,53,14,21.6164049415384,0,9,2,1,1,0,39,19,19,0,0,1,3,21,3,1,0,6,0,0,0,0,0,0,0,0,0,0,0,2,5,0,10,64,5,0,0,0,0,0,3,25,4,84,1,1,0,0,20,1,0,1,0,0,0,0,0,0,0,0,0,0,20,,,20,0,0,4,4,0,0,1,0,0,0,0,0,4,0,54,186,1,1,0,1,1,1,12,0,154
2006,4,JAX,REG,2006_04_JAX_WAS,WAS,21,35,289,3,1,4,-15,0,0,341,139,10,7.49287418424149,3.2335201607031,0,9,6,6,1,15,33,0,0,0,2,-1.91305315960199,0,0,0,0,0,21,0,289,3,0,0,341,139,10,23.984008412186,0,9,6,6,1,0,46,17,17,0,0,1,0,0,3,1,28,4,0,1,0,0,0,0,0,0,0,0,0,1,6,0,4,35,3,1,0,0,1,1,1,1,7,141,3,3,0,0,46,1,0,0,0,3,0,0,0,0,0,0,0,0,46;43;41,,,130,0,0,3,3,0,0,1,0,0,0,0,0,5,0,58,246,1,0,0,1,0,4,14,0,212
2006,4,KC,REG,2006_04_SF_KC,SF,18,23,208,2,0,0,0,0,0,128,86,14,19.2090848158129,,0,10,3,2,0,40,125,2,0,0,6,-10.0131992811498,0,3,2,1,0,18,0,208,2,0,0,128,80,14,23.7048431070871,0,10,3,2,0,1,37,6,8,0,0,3,5,20,5,2,22,4,0,0,0,0,0,0,0,0,0,0,0,2,5,0,3,30,0,0,0,0,0,0,3,82,1,22,2,2,0,0,49,1,0,1,0,1,0,0,0,0,0,0,0,0,22;49,,,71,0,0,5,5,0,0,1,0,0,0,0,0,4,0,59,170,2,0,2,0,1,1,2,0,168
2006,4,LA,REG,2006_04_DET_STL,DET,26,42,328,3,0,1,-7,0,0,447,77,18,12.3254408337357,3.57649408280849,1,16,8,4,0,27,106,1,0,0,3,0.173733801382202,0,2,2,1,0,26,0,328,3,0,0,447,77,18,26.9517311501405,1,16,8,4,0,0,48,7,7,0,0,0,2,3,5,2,4,6,0,0,0,0,0,0,0,0,0,0,0,1,0,0,8,66,5,0,0,0,0,0,1,5,4,74,4,5,1,0,47,0.8,1,0,0,3,0,0,0,0,0,1,0,0,42;19;46;47,47,,154,47,0,3,3,0,0,1,0,0,0,0,0,4,0,51,175,2,0,0,0,3,1,2,0,173
2006,4,LAC,REG,2006_04_SD_BAL,BAL,13,23,145,1,1,1,-11,0,0,228,62,8,0.626525747020278,-6.91769033670425,0,5,3,1,0,41,150,0,2,0,5,-7.20745237293723,0,3,3,1,0,13,0,145,1,0,0,228,62,8,12.6043883275706,0,5,3,1,0,0,32,11,11,0,0,2,2,8,3,2,16,6,0,1,0,0,0,0,0,0,0,3,2,1,0,0,10,77,4,2,1,0,3,0,4,49,3,79,2,3,1,0,54,0.666666666666667,0,0,1,0,1,0,0,0,0,1,0,0,34;54,40,,88,40,0,1,1,0,0,1,0,0,0,0,0,5,0,71,269,2,0,3,1,0,1,17,0,232
2006,4,LV,REG,2006_04_CLE_OAK,CLE,9,24,68,1,1,4,-22,0,0,250,30,6,-8.93041728372918,-22.2297565390666,0,2,0,0,0,24,194,1,0,0,5,3.55657042359235,0,5,4,2,2,9,0,68,1,0,0,250,30,6,10.2907237319159,0,2,0,0,0,0,50,10,10,0,0,1,2,13,4,2,0,4,0,0,0,0,0,0,0,0,0,0,0,1,30,1,6,47,5,0,0,0,0,0,1,7,4,102,0,0,0,0,,,0,0,0,0,0,0,0,0,0,0,0,0,,,,0,0,0,3,3,0,0,1,0,0,0,0,0,6,0,58,292,3,0,0,0,3,3,73,0,219
2006,4,MIA,REG,2006_04_MIA_HOU,HOU,23,39,249,1,0,5,-30,0,0,320,148,12,-1.65129486531893,-4.50791963376105,0,13,4,2,0,14,70,0,0,0,3,-0.331788875220809,0,2,2,0,0,23,0,249,1,0,0,320,148,12,17.423920238011,0,13,4,2,0,0,52,9,13,0,0,2,5,19,7,1,11,3,0,0,0,0,0,0,0,0,0,0,0,1,19,0,5,35,6,0,0,0,0,0,1,11,2,53,3,3,0,0,52,1,0,2,0,0,1,0,0,0,0,0,0,0,52;29;22,,,103,0,0,0,0,0,0,,0,0,0,0,0,5,0,55,216,1,0,0,1,1,3,20,0,176
2006,4,MIN,REG,2006_04_MIN_BUF,BUF,25,44,267,1,2,0,0,0,0,438,78,11,-5.92417864099682,-0.620117996420179,0,12,5,4,0,16,63,0,1,0,2,-3.26768119897761,0,1,0,0,0,25,0,267,1,1,0,438,78,11,13.2518795041107,0,12,5,4,0,0,42,16,22,0,0,0,3,21,3,0,0,4,0,0,0,0,0,0,0,0,0,1,-3,0,0,0,12,78,5,1,1,1,2,0,1,16,2,37,2,2,0,0,49,1,0,0,1,1,0,0,0,0,0,0,0,0,37;49,,,86,0,0,0,0,0,0,,0,0,0,0,0,6,0,42,195,4,1,1,0,3,1,0,0,195
2006,4,NE,REG,2006_04_NE_CIN,CIN,15,26,188,2,1,0,0,0,0,187,83,9,5.19332025770872,-0.16892671585083,0,8,4,2,0,41,236,3,0,0,15,15.5124612560612,0,8,6,3,1,15,0,188,2,0,0,187,83,9,16.669558497204,0,8,4,2,0,0,33,2,22,0,0,2,4,37,5,0,0,4,0,0,0,0,0,0,0,0,0,0,0,2,0,0,7,61,1,0,0,0,0,0,3,55,4,78,1,2,1,0,24,0.5,0,1,0,0,0,0,0,0,0,1,0,0,24,48,,24,48,0,5,5,0,0,1,0,0,0,0,0,3,0,53,125,1,0,0,1,1,1,7,0,98
2006,4,NO,REG,2006_04_NO_CAR,CAR,28,38,349,1,0,1,-5,1,0,202,181,15,15.5670202576069,12.6286671842848,1,13,5,3,1,23,63,1,1,1,4,-7.19189799512969,0,0,0,0,0,28,0,349,1,0,0,202,181,15,25.1261442650136,1,13,5,3,1,0,39,8,12,0,0,0,1,12,1,0,0,4,0,0,0,0,0,0,0,0,0,1,0,0,0,0,5,38,6,2,0,0,2,1,4,2,4,84,1,2,1,0,31,0.5,0,0,1,0,0,0,0,0,0,1,0,0,31,43,,31,43,0,1,1,0,0,1,0,0,0,0,0,5,0,54,230,1,1,0,0,2,2,3,0,227
2006,4,NYJ,REG,2006_04_IND_NYJ,IND,17,23,207,1,1,3,-21,1,1,222,86,10,0.474491050816141,13.174179325933,0,9,3,2,0,37,135,2,0,0,9,-1.40972884863731,0,2,2,0,0,17,0,207,1,0,0,222,61,10,13.3352350055357,0,9,3,1,0,1,37,23,23,0,0,0,2,25,2,0,0,3,0,0,0,0,0,0,0,0,0,2,-1,0,0,0,5,47,4,1,3,0,4,2,1,12,6,204,0,0,0,0,,,0,0,0,0,0,0,0,0,0,0,0,0,,,,0,0,0,4,4,0,0,1,0,0,0,0,0,3,0,59,147,0,0,0,0,0,3,25,0,122
2006,4,PHI,REG,2006_04_GB_PHI,GB,17,32,299,2,0,4,-32,0,0,328,120,11,2.58921223072615,-0.961363544830909,0,11,9,8,1,27,131,2,3,2,9,-1.10667645433568,0,4,4,0,0,17,0,299,2,0,0,328,119,11,19.0329644689621,0,11,9,8,1,0,59,0,4,0,0,1,0,0,2,2,9,20,0,0,0,0,0,0,0,0,0,1,-8,1,0,0,5,53,4,1,2,0,3,2,3,42,3,71,1,1,0,0,40,1,0,0,0,1,0,0,0,0,0,0,0,0,40,,,40,0,0,4,4,0,0,1,0,0,0,0,0,5,0,54,231,1,0,0,2,1,2,17,0,174
2006,4,SEA,REG,2006_04_SEA_CHI,CHI,17,37,202,0,2,5,-49,0,0,316,52,9,-17.0223213035203,-13.298924970958,0,8,6,2,0,19,77,0,0,0,4,-2.02430993833696,0,2,2,0,0,17,0,202,0,0,0,316,52,9,12.740019859164,0,8,6,2,0,0,51,10,10,0,0,0,1,13,2,0,0,2,0,0,0,0,0,0,0,0,0,0,0,0,0,0,7,59,1,0,0,0,0,0,2,6,7,167,2,2,0,0,24,1,0,2,0,0,0,0,0,0,0,0,0,0,23;24,,,47,0,0,0,0,0,0,,0,0,0,0,0,8,0,57,345,0,0,1,2,0,5,45,0,260
2006,4,SF,REG,2006_04_SF_KC,KC,13,25,92,0,2,5,-20,1,0,113,49,4,-17.2121403300921,,0,3,2,1,0,21,93,0,1,1,5,-3.56134988716804,0,3,1,0,0,13,0,92,0,0,0,113,49,4,4.70370457926765,0,3,2,1,0,0,53,5,5,0,0,0,0,0,0,0,0,2,0,0,0,0,0,0,0,0,0,1,0,0,0,0,6,73,3,3,0,0,3,2,1,2,7,172,0,1,1,0,,0,0,0,0,0,0,0,0,0,0,0,1,0,,51,,0,51,0,0,0,0,0,,0,0,0,0,0,7,0,54,316,2,1,1,1,1,3,82,1,214
2006,4,TEN,REG,2006_04_DAL_TEN,DAL,14,29,155,1,2,2,-4,0,0,356,37,8,-11.9767209278254,-6.48397844413231,0,7,6,1,0,27,78,0,3,1,6,-10.183335099099,1,0,0,0,0,14,0,155,1,0,0,356,37,8,10.7900192462073,0,7,6,1,0,0,26,25,29,0,0,0,0,0,4,1,0,2,0,0,0,0,0,0,0,0,0,2,0,0,0,0,4,40,3,4,0,1,4,1,0,0,7,116,2,2,0,0,39,1,0,0,2,0,0,0,0,0,0,0,0,0,33;39,,,72,0,0,0,0,0,0,,0,0,0,0,0,4,0,53,137,1,1,0,0,1,2,21,0,116
2006,4,WAS,REG,2006_04_JAX_WAS,JAX,18,30,329,3,1,0,0,0,0,233,217,11,9.4258454772459,-4.00568370161385,0,9,7,6,2,40,152,1,0,0,11,-1.20991324314676,0,5,2,0,0,18,0,329,3,1,1,233,217,11,23.4793788554989,0,9,7,6,2,0,33,9,9,0,0,1,4,15,7,1,0,8,0,0,0,0,0,0,0,0,0,0,0,1,0,0,4,40,4,1,0,0,1,1,4,14,6,162,3,3,0,0,44,1,0,0,2,1,0,0,0,0,0,0,0,0,44;37;37,,,118,0,0,3,3,0,0,1,0,0,0,0,0,5,0,40,154,3,1,2,0,1,1,1,0,153
2006,5,ARI,REG,2006_05_KC_ARI,KC,22,35,253,2,1,4,-31,0,0,235,105,12,-0.591308510655372,1.08723817393184,0,10,5,4,1,26,76,0,0,0,5,-7.66320683106676,0,3,1,0,0,22,0,253,2,1,0,235,105,12,17.07532153658,0,10,5,4,1,0,50,4,4,0,0,1,3,26,3,0,0,8,0,0,0,0,0,0,0,0,0,1,1,2,0,0,7,50,3,1,0,0,1,0,2,21,6,166,2,3,1,0,45,0.666666666666667,0,0,0,2,0,0,0,0,0,0,1,0,41;45,51,,86,51,0,2,2,0,0,1,0,0,0,0,0,7,1,54,299,2,1,1,2,0,3,14,0,245
2006,5,BAL,REG,2006_05_BAL_DEN,DEN,20,34,165,0,3,2,-11,1,0,195,84,10,-14.6934573547486,-5.33507584648974,0,7,2,1,0,25,103,0,0,0,6,0.142311482224613,0,2,0,0,0,20,0,165,0,0,0,195,83,10,8.0818740927927,0,7,2,1,0,0,36,6,18,0,0,2,1,0,1,1,-8,4,0,0,0,0,0,0,0,0,0,1,0,1,0,0,3,15,5,1,0,0,1,0,1,14,3,56,1,1,0,0,24,1,0,1,0,0,0,0,0,0,0,0,0,0,24,,,24,0,0,0,0,0,0,,0,0,0,0,0,6,0,55,253,1,1,1,0,0,4,65,0,188
2006,5,BUF,REG,2006_05_BUF_CHI,CHI,14,27,115,1,3,3,-28,1,0,214,40,6,-18.5089578924817,-2.70549977819125,0,5,2,0,0,18,58,0,1,1,3,-5.06013320683269,0,1,0,0,0,14,0,115,1,0,0,214,40,6,8.78632258833386,0,5,2,0,0,0,52,12,12,0,0,0,2,15,3,0,0,4,0,0,0,0,0,0,0,0,0,1,-11,1,0,0,7,44,1,2,1,0,3,2,1,15,7,159,0,0,0,0,,,0,0,0,0,0,0,0,0,0,0,0,0,,,,0,0,0,1,1,0,0,1,0,0,0,0,0,6,0,66,347,1,0,1,1,0,4,42,0,285
2006,5,CAR,REG,2006_05_CLE_CAR,CLE,20,29,170,1,0,1,-1,0,0,201,79,7,1.29670878990713,7.59013791879018,0,5,5,2,0,28,119,0,0,0,6,-5.15446908687531,0,4,2,1,0,20,0,170,1,0,0,201,79,7,10.7078681531135,0,5,5,2,0,0,49,10,10,0,0,1,2,16,7,2,33,7,1,0,0,0,0,0,0,0,0,0,0,1,0,0,4,34,2,0,0,0,0,0,5,18,3,52,2,3,1,0,24,0.666666666666667,1,1,0,0,0,0,0,0,0,0,1,0,24;19,53,,43,53,0,2,2,0,0,1,0,0,0,0,0,9,0,52,410,0,2,0,1,1,5,56,0,334
2006,5,CHI,REG,2006_05_BUF_CHI,BUF,19,31,211,2,0,2,-15,0,0,204,146,10,5.64043372438944,2.59881553978756,0,6,3,1,1,39,155,2,1,1,11,0.480194459809763,0,6,2,0,0,19,0,211,2,0,0,204,146,10,19.0005246988731,0,6,3,1,1,0,38,5,5,0,0,2,3,28,5,3,43,6,0,0,0,0,0,0,0,0,0,0,0,2,2,0,4,21,1,0,1,0,1,1,4,42,2,28,4,4,0,0,43,1,0,0,1,3,0,0,0,0,0,0,0,0,42;43;32;41,,,158,0,0,4,4,0,0,1,0,0,0,0,0,3,0,55,119,2,0,1,0,1,1,15,0,104
2006,5,CLE,REG,2006_05_CLE_CAR,CAR,26,43,173,0,2,2,-16,1,1,195,100,10,-20.4238320270433,3.25688366827212,0,7,1,1,0,23,91,0,0,0,5,-1.4177397628082,0,3,3,1,0,26,0,173,0,0,0,195,100,10,3.91854159931476,0,7,1,1,0,0,46,5,13,0,0,0,1,1,2,0,0,4,0,0,0,0,0,0,0,0,0,0,0,0,0,0,7,70,6,1,0,0,1,1,5,56,5,133,4,4,0,0,47,1,0,1,1,2,0,0,0,0,0,0,0,0,41;47;22;32,,,142,0,0,0,0,0,0,,0,0,0,0,0,7,0,54,330,3,1,1,0,0,5,18,0,312
2006,5,DAL,REG,2006_05_DAL_PHI,PHI,18,38,223,0,3,7,-49,2,1,274,128,11,-24.1905862928627,-9.06875014305115,0,12,5,2,0,39,146,2,2,1,11,-0.946703092689859,0,4,0,0,0,18,0,223,0,0,0,274,114,11,16.1839827884687,0,12,5,2,0,0,36,0,22,0,0,2,3,23,2,0,0,12,0,0,0,0,0,0,0,0,0,2,-27,2,69,1,7,49,6,2,2,0,4,2,6,18,7,184,1,1,0,0,39,1,0,0,1,0,0,0,0,0,0,0,0,0,39,,,39,0,0,3,3,0,0,1,0,0,0,0,0,6,0,61,315,2,0,0,2,0,4,29,0,246
2006,5,DEN,REG,2006_05_BAL_DEN,BAL,13,24,106,1,1,1,0,0,0,240,35,8,-3.27346644583687,-7.7924806624651,0,3,1,1,0,28,116,0,1,0,5,-2.67605903549702,0,5,4,0,0,13,0,106,1,1,1,240,35,8,5.4526058541087,0,3,1,1,0,0,39,7,19,0,0,1,2,11,4,3,45,9,0,0,0,0,0,0,0,0,0,0,0,0,0,0,3,25,3,2,0,1,2,1,4,65,2,42,2,2,0,0,44,1,0,0,0,2,0,0,0,0,0,0,0,0,43;44,,,87,0,0,1,1,0,0,1,0,0,0,0,0,4,0,54,169,3,1,0,0,2,1,14,0,155
2006,5,DET,REG,2006_05_DET_MIN,MIN,23,42,225,1,3,5,-24,1,1,229,127,11,-21.1409942743329,-6.54842717306955,0,8,5,3,0,11,16,1,0,0,2,-0.40851473947987,0,0,0,0,0,23,0,225,1,0,0,229,127,11,14.3259301775252,0,8,5,3,0,0,46,12,18,0,0,2,0,0,8,1,29,3,0,0,0,0,1,0,0,0,0,0,0,2,0,0,7,50,6,1,0,0,1,1,2,41,5,102,1,1,0,0,53,1,0,0,0,0,1,0,0,0,0,0,0,0,53,,,53,0,0,2,2,0,0,1,0,0,0,0,0,6,0,53,296,0,1,0,2,0,3,19,0,237
2006,5,GB,REG,2006_05_STL_GB,LA,22,39,220,1,0,2,-5,1,1,399,76,10,3.52687256216877,-1.84468548330996,0,6,2,2,1,26,121,1,1,1,6,-4.34071540663717,0,2,1,0,0,22,0,220,1,0,0,399,76,10,18.5501365747768,0,6,2,2,1,0,31,19,27,0,0,0,2,11,3,0,0,5,0,0,0,0,0,0,0,0,0,0,0,0,0,0,4,41,6,2,0,0,2,2,2,21,3,44,2,3,1,0,32,0.666666666666667,0,1,1,0,0,0,0,0,0,1,0,0,27;32,45,,59,45,0,2,2,0,0,1,0,0,0,0,0,4,0,66,195,0,0,0,1,0,3,37,0,138
2006,5,IND,REG,2006_05_TEN_IND,TEN,20,31,166,2,1,0,0,0,0,261,63,10,2.00722000183305,-1.52305316540503,0,6,2,1,0,34,154,0,0,0,10,-0.797303733183071,0,4,1,0,0,20,0,166,2,1,1,261,63,10,10.47349397582,0,6,2,1,0,0,29,22,22,0,0,1,0,0,5,1,31,5,0,0,0,0,0,0,0,0,0,0,0,0,0,0,5,45,4,1,0,0,1,1,2,14,2,67,0,0,0,0,,,0,0,0,0,0,0,0,0,0,0,0,0,,,,0,0,0,2,2,0,0,1,0,0,0,0,0,6,0,61,278,1,0,0,0,1,5,48,0,230
2006,5,JAX,REG,2006_05_NYJ_JAX,NYJ,9,20,140,2,0,1,-9,0,0,85,112,9,5.02013858307518,-21.1845663189888,0,6,4,2,1,39,181,3,0,0,8,5.02795597183285,0,4,3,0,0,9,0,140,2,0,0,85,112,9,13.7831373558147,0,6,4,2,1,0,48,0,18,0,0,1,6,26,6,3,21,5,0,0,0,1,0,0,0,0,0,0,0,1,1,0,9,62,3,0,0,0,0,0,1,13,1,20,2,2,0,0,43,1,0,0,0,2,0,0,0,0,0,0,0,0,43;40,,,83,0,0,5,5,0,0,1,0,0,0,0,0,4,0,50,154,1,2,0,0,2,0,0,0,154
2006,5,KC,REG,2006_05_KC_ARI,ARI,26,38,288,2,0,3,-26,0,0,208,191,16,8.07651296005294,-0.553474692921889,0,11,4,2,1,22,39,0,2,2,0,-18.567657938328,0,0,0,0,0,26,0,288,2,0,0,208,191,16,25.203049543994,0,11,4,2,1,0,53,6,6,0,0,1,4,31,4,1,0,5,0,0,0,1,0,0,0,0,0,0,-4,0,0,0,5,49,1,1,1,0,2,2,3,14,4,114,3,3,0,0,45,1,1,0,0,2,0,0,0,0,0,0,0,0,45;40;19,,,104,0,0,2,2,0,0,1,0,0,0,0,0,6,0,62,304,1,1,1,2,0,2,21,0,243
2006,5,LA,REG,2006_05_STL_GB,GB,18,28,220,2,0,2,-11,0,0,201,116,12,9.69664926618097,1.23569677983012,0,10,6,4,1,30,118,0,0,0,6,-2.45858381928255,0,3,2,0,0,18,0,220,2,0,0,201,116,12,20.4850757613895,0,10,6,4,1,0,45,6,8,0,0,2,2,5,2,0,0,5,0,0,0,0,0,0,0,0,0,0,0,2,0,0,10,78,4,0,0,0,0,0,3,37,3,40,3,3,0,0,31,1,0,2,1,0,0,0,0,0,0,0,0,0,31;26;20,,,77,0,0,2,2,0,0,1,0,0,0,0,0,5,0,55,221,1,1,1,1,0,2,21,0,180
2006,5,LAC,REG,2006_05_PIT_SD,PIT,24,37,242,2,1,4,-20,0,0,316,75,13,6.3511931109936,3.05125407046742,0,12,7,3,0,31,119,0,0,0,9,-5.87642017317485,0,5,4,1,0,24,0,242,2,0,0,316,75,13,21.9210156756453,0,12,7,3,0,0,37,13,13,0,0,0,5,23,8,2,3,4,0,0,0,0,0,0,0,0,0,0,0,0,0,0,2,10,4,0,0,0,0,0,2,5,2,66,3,3,0,0,33,1,0,2,1,0,0,0,0,0,0,0,0,0,28;33;22,,,83,0,0,2,2,0,0,1,0,0,0,0,0,3,0,55,134,2,0,1,0,0,2,12,0,122
2006,5,LV,REG,2006_05_OAK_SF,SF,18,32,216,2,4,1,0,0,0,307,85,10,-4.9932542015323,-2.32603196054697,0,7,5,4,0,23,154,0,1,1,8,-2.57364775220049,0,5,4,0,0,18,0,216,2,0,0,307,85,10,20.0339312335127,0,7,5,4,0,0,46,14,14,0,0,0,0,0,2,1,6,1,0,0,0,0,0,0,0,0,0,0,-8,0,0,0,5,35,6,0,1,0,1,1,0,0,7,136,2,2,0,0,36,1,0,0,2,0,0,0,0,0,0,0,0,0,33;36,,,69,0,0,2,2,0,0,1,0,0,0,0,0,1,1,65,65,0,0,0,0,0,1,17,0,48
2006,5,MIA,REG,2006_05_MIA_NE,NE,26,41,232,0,2,1,-11,0,0,296,88,14,-1.27468055925948,-0.255040351937457,0,12,5,2,0,21,62,1,2,1,2,-8.89176925722859,0,1,1,0,0,26,0,232,0,0,0,296,88,14,15.7265336268165,0,12,5,2,0,0,14,40,40,0,0,2,1,6,1,0,0,4,0,0,0,0,0,0,0,0,0,1,-10,1,0,0,10,81,5,1,1,0,2,1,2,18,4,103,1,3,1,1,40,0.333333333333333,0,0,0,1,0,0,0,0,0,0,1,0,40,50,40,40,50,40,1,1,0,0,1,0,0,0,0,0,3,0,49,125,1,0,0,0,0,3,32,0,93
2006,5,MIN,REG,2006_05_DET_MIN,DET,26,34,201,1,1,0,0,0,0,202,121,11,4.28848385124002,14.2853231141061,0,5,3,2,0,30,135,0,0,0,5,-2.39628207171085,0,1,1,1,0,26,0,201,1,1,1,202,121,11,6.20229883294087,0,5,3,2,0,0,34,8,12,0,0,1,5,24,8,3,47,7,1,2,0,0,0,0,0,0,0,1,0,1,0,1,5,40,1,2,1,0,3,2,3,19,3,63,2,2,0,0,26,1,0,2,0,0,0,0,0,0,0,0,0,0,26;20,,,46,0,0,2,3,0,1,0.666666666666667,0,0,0,0,0,4,0,50,168,2,1,1,0,0,2,41,0,127
2006,5,NE,REG,2006_05_MIA_NE,MIA,16,29,140,2,0,1,-6,1,0,198,46,12,4.6997109601549,-8.8985878442015,0,8,0,0,0,34,79,0,0,0,3,-13.2352570878006,0,1,0,0,0,16,0,140,2,0,0,198,46,12,17.6050962013542,0,8,0,0,0,0,26,23,23,0,0,1,1,11,4,2,28,3,0,1,0,0,0,1,0,0,0,1,0,1,0,0,7,59,3,2,0,0,2,1,3,32,3,60,2,2,0,0,35,1,0,0,2,0,0,0,0,0,0,0,0,0,35;31,,,66,0,0,2,2,0,0,1,0,0,0,0,0,5,0,46,182,2,0,0,0,3,2,18,0,164
2006,5,NO,REG,2006_05_TB_NO,TB,21,33,171,1,0,0,0,0,0,141,73,8,-0.0492583568893763,-1.28988772630692,0,5,2,0,0,25,143,1,0,0,7,1.56216547184158,0,4,3,2,1,21,0,171,1,0,0,141,73,8,10.4174045657273,0,5,2,0,0,1,41,19,19,0,0,1,2,6,7,0,0,2,0,0,0,0,0,0,0,0,0,0,0,1,0,0,9,49,5,0,0,0,0,0,4,78,4,71,1,1,0,0,21,1,0,1,0,0,0,0,0,0,0,0,0,0,21,,,21,0,0,3,3,0,0,1,0,0,0,0,0,8,0,54,358,2,0,0,0,2,6,60,0,298
2006,5,NYG,REG,2006_05_WAS_NYG,WAS,23,33,256,1,0,0,0,0,0,278,82,9,6.21977499129827,4.79588532640088,0,7,5,4,2,36,155,0,1,0,11,2.47759169898889,0,4,2,0,0,23,0,256,1,0,0,278,82,9,15.1353657061584,0,7,5,4,2,0,25,14,14,0,0,0,3,23,5,0,0,6,0,0,0,0,0,0,0,0,0,1,0,0,0,0,8,76,4,1,0,0,1,0,3,16,2,58,4,5,1,0,40,0.8,0,1,2,1,0,0,0,0,0,1,0,0,24;34;32;40,47,,130,47,0,1,1,0,0,1,0,0,0,0,0,2,0,38,72,1,1,0,1,0,0,0,0,52
2006,5,NYJ,REG,2006_05_NYJ_JAX,JAX,10,18,71,0,3,6,-26,1,1,130,26,3,-19.8143029919593,-14.2893880605698,0,2,2,1,0,34,132,0,0,0,6,-9.8625251770718,0,3,3,0,0,10,0,71,0,0,0,130,26,3,3.60130942048272,0,2,2,1,0,0,45,1,7,0,0,0,1,9,2,0,0,1,0,0,0,0,0,0,0,0,0,0,0,0,0,0,6,59,2,1,0,0,1,1,0,0,8,172,0,0,0,0,,,0,0,0,0,0,0,0,0,0,0,0,0,,,,0,0,0,0,0,0,0,,0,0,0,0,0,5,1,67,245,1,1,0,2,1,1,13,0,192
2006,5,PHI,REG,2006_05_DAL_PHI,DAL,18,33,354,2,0,3,-23,1,1,298,213,12,-0.465661428128538,-3.89081603950924,0,11,8,5,3,18,52,2,0,0,3,-1.25091146258637,0,1,0,0,0,18,0,354,2,1,1,298,166,12,20.5129660801613,0,11,8,5,3,0,51,4,44,0,0,2,7,49,8,3,102,18,1,1,0,0,0,0,0,0,0,1,0,2,1,0,3,67,3,2,1,0,3,2,4,29,5,103,1,1,0,0,27,1,0,1,0,0,0,0,0,0,0,0,0,0,27,,,27,0,0,5,5,0,0,1,0,0,0,0,0,8,0,45,326,2,0,0,0,2,6,18,0,308
2006,5,PIT,REG,2006_05_PIT_SD,LAC,20,31,220,0,2,5,-23,0,0,234,125,10,-2.94729075138341,5.14703958198942,0,10,3,3,0,18,68,1,0,0,6,-4.51728241024003,0,4,3,0,0,20,0,220,0,0,0,234,125,10,14.3764919454406,0,10,3,3,0,0,56,5,5,0,0,0,4,20,5,1,-1,4,0,0,0,0,0,0,0,0,0,0,0,0,0,0,4,30,6,0,0,0,0,0,2,12,5,116,2,2,0,0,44,1,0,0,1,1,0,0,0,0,0,0,0,0,39;44,,,83,0,0,1,1,0,0,1,0,0,0,0,0,3,0,51,142,0,0,0,1,0,2,5,0,117
2006,5,SF,REG,2006_05_OAK_SF,LV,15,19,165,3,1,0,0,0,0,109,107,11,12.2401116799447,15.5127680615375,0,7,2,2,0,41,165,0,0,0,7,-11.6315268096391,0,6,4,1,0,15,0,165,3,0,0,109,107,11,18.2790936048841,0,7,2,2,0,0,35,13,13,0,0,0,1,0,5,4,48,4,0,0,0,1,0,0,0,0,0,0,0,1,12,1,3,20,6,0,0,0,0,0,1,17,3,76,2,3,1,0,39,0.666666666666667,1,0,1,0,0,0,0,0,0,1,0,0,19;39,49,,58,49,0,4,4,0,0,1,0,0,0,0,0,1,0,30,30,1,0,0,0,1,0,0,0,30
2006,5,TB,REG,2006_05_TB_NO,NO,20,31,225,2,0,2,-6,1,1,277,77,9,2.68398634364712,7.27013251904784,0,8,5,3,1,33,187,1,0,0,8,3.18526516336715,0,8,5,2,0,20,0,225,2,0,0,277,77,9,16.3284544963099,0,8,5,3,1,0,42,10,10,0,0,0,0,0,1,0,0,3,0,0,0,0,0,0,0,0,0,0,0,0,0,0,8,66,6,1,0,0,1,1,6,60,4,85,0,0,0,0,,,0,0,0,0,0,0,0,0,0,0,0,0,,,,0,0,0,3,3,0,0,1,0,0,0,0,0,6,0,55,233,4,1,1,0,0,4,78,1,155
2006,5,TEN,REG,2006_05_TEN_IND,IND,10,21,63,0,1,0,0,0,0,191,41,4,-3.69994309121751,-7.29387633502483,0,3,1,0,0,31,214,1,1,0,10,3.82623142481234,0,10,9,0,0,10,0,63,0,0,0,191,41,4,2.55495560582494,0,3,1,0,0,0,40,17,17,0,0,1,0,0,0,1,5,4,0,0,0,0,0,0,0,0,0,1,0,1,1,0,6,36,4,1,0,0,1,0,5,48,3,90,2,2,0,0,47,1,0,1,0,1,0,0,0,0,0,0,0,0,22;47,,,69,0,0,1,1,0,0,1,0,0,0,0,0,6,0,47,255,2,0,0,2,2,2,14,0,201
2006,5,WAS,REG,2006_05_WAS_NYG,NYG,12,22,109,0,0,3,-23,0,0,194,40,6,-4.91088517126723,-7.28446486450377,0,6,2,0,0,20,78,0,0,0,3,-2.27849309565499,0,3,2,0,0,12,0,109,0,0,0,194,40,6,8.62690993037541,0,6,2,0,0,0,43,17,17,0,0,1,0,0,2,0,0,1,0,0,0,0,0,0,0,0,0,0,0,0,0,0,5,35,5,0,0,0,0,0,0,0,5,77,1,2,1,0,39,0.5,0,0,1,0,0,0,0,0,0,1,0,0,39,42,,39,42,0,0,0,0,0,,0,0,0,0,0,5,0,48,208,1,0,2,0,0,3,16,0,192
2006,6,ARI,REG,2006_06_CHI_ARI,CHI,24,42,232,2,0,1,-12,1,1,243,146,12,-3.90346134102875,-6.68867141008377,0,10,3,1,0,38,66,0,1,1,4,-22.8282826204434,0,1,1,0,0,24,0,232,2,0,0,243,146,12,19.9552081622538,0,10,3,1,0,0,34,5,5,0,0,2,2,14,5,4,74,11,0,0,0,0,0,0,0,0,0,0,0,2,5,0,9,65,4,2,0,0,2,2,2,16,4,105,3,5,2,0,41,0.6,0,2,0,1,0,0,0,0,0,1,1,0,41;28;29,52;40,,98,92,0,2,2,0,0,1,0,1,1,0,40,8,0,53,379,2,0,1,0,1,6,152,1,227
2006,6,ATL,REG,2006_06_NYG_ATL,NYG,14,27,154,0,1,7,-48,3,0,425,53,8,-16.7031810486224,-1.97570377588272,0,7,3,2,0,26,223,2,1,1,7,3.81239003571682,0,5,5,3,1,14,0,154,0,0,0,425,53,8,8.83766688400647,0,7,3,2,0,0,48,9,9,0,0,1,2,15,2,2,25,8,0,0,0,0,0,0,0,0,0,3,-8,0,0,0,4,40,4,3,1,0,4,1,0,0,5,119,0,0,0,0,,,0,0,0,0,0,0,0,0,0,0,0,0,,,,0,0,0,2,2,0,0,1,0,0,0,0,0,6,0,54,224,3,2,0,0,3,1,1,0,223
2006,6,BAL,REG,2006_06_CAR_BAL,CAR,19,35,230,3,2,3,-18,0,0,365,120,10,-4.27883804414887,-7.44163227431914,0,8,2,2,1,22,80,0,2,1,6,-1.35114055825397,0,2,1,0,0,19,0,230,3,0,0,365,120,10,17.6339162598015,0,8,2,2,1,0,44,14,14,0,0,1,1,9,4,2,0,4,0,0,0,0,0,0,0,0,0,1,-5,1,0,0,5,40,3,1,1,0,2,1,2,6,4,90,0,0,0,0,,,0,0,0,0,0,0,0,0,0,0,0,0,,,,0,0,0,3,3,0,0,1,0,0,0,0,0,5,0,58,216,2,0,2,0,0,3,8,0,208
2006,6,BUF,REG,2006_06_BUF_DET,DET,21,34,207,2,1,5,-50,1,1,373,71,9,-7.50111736479324,-1.88342007723722,0,7,2,2,1,21,85,0,0,0,6,-1.51428520778427,0,1,1,1,0,21,0,207,2,0,0,373,68,9,15.265675166127,0,6,2,2,1,0,51,1,15,0,0,1,3,16,4,1,0,6,0,0,0,0,0,0,0,0,0,0,0,0,0,0,2,20,5,1,1,0,2,2,4,35,5,152,1,1,0,0,53,1,0,0,0,0,1,0,0,0,0,0,0,0,53,,,53,0,0,2,2,0,0,1,0,0,0,0,0,7,0,50,289,3,2,0,0,4,1,16,0,273
2006,6,CAR,REG,2006_06_CAR_BAL,BAL,24,39,365,2,2,1,-9,0,0,442,129,13,17.1887333439287,4.28523654873307,0,10,8,5,2,30,58,0,1,1,5,-17.1304344986057,0,2,1,0,0,24,0,365,2,0,0,442,129,13,33.0371816476109,0,10,8,5,2,0,40,9,9,0,0,1,3,18,7,2,28,5,0,0,0,0,0,0,0,0,0,0,0,1,1,0,4,20,2,1,0,0,1,1,3,8,4,83,3,3,0,0,31,1,0,2,1,0,0,0,0,0,0,0,0,0,21;31;21,,,73,0,0,2,2,0,0,1,0,0,0,0,0,3,0,41,117,1,0,0,0,1,2,6,0,111
2006,6,CHI,REG,2006_06_CHI_ARI,ARI,14,37,148,0,4,2,-14,2,2,410,75,7,-32.4525680783598,-18.370858922198,0,7,3,1,0,16,34,0,0,0,2,-2.34779524704209,0,1,0,0,0,14,0,148,0,0,0,410,75,7,11.762155873992,0,7,3,1,0,1,49,23,23,0,0,2,1,12,4,0,0,9,0,0,0,0,0,0,0,0,0,0,0,2,43,2,6,50,4,2,0,0,2,2,6,152,5,106,1,1,0,0,23,1,0,1,0,0,0,0,0,0,0,0,0,0,23,,,23,0,0,3,3,0,0,1,0,0,0,0,0,6,0,54,299,1,1,0,1,2,2,16,0,263
2006,6,CIN,REG,2006_06_CIN_TB,TB,24,37,261,1,0,2,-9,0,0,236,79,10,1.24022454153817,7.18866968527436,0,9,6,3,1,20,53,0,2,0,4,-4.95475191692822,0,2,2,0,0,24,0,261,1,0,0,236,79,10,13.3762952380726,0,9,6,3,1,0,44,15,15,0,0,0,2,10,5,1,0,8,0,0,0,0,0,0,0,0,0,2,-6,0,0,0,10,84,5,1,1,0,2,0,3,22,2,50,2,3,1,0,47,0.666666666666667,0,0,1,1,0,0,0,0,0,0,0,1,37;47,62,,84,62,0,1,1,0,0,1,0,1,1,0,62,7,0,49,294,1,0,0,0,0,7,40,0,254
2006,6,DAL,REG,2006_06_HOU_DAL,HOU,19,30,203,3,0,2,-19,0,0,224,41,11,8.52678632020969,4.01565344245345,0,9,3,2,0,37,170,1,0,0,8,1.34609321653261,0,5,2,1,0,19,0,203,3,0,0,224,41,11,23.8379365647852,0,9,3,2,0,0,41,0,12,0,0,1,0,0,2,2,15,9,0,0,0,0,0,0,0,0,0,0,0,1,0,0,9,73,2,0,0,0,0,0,3,5,2,50,2,2,0,0,22,1,0,2,0,0,0,0,0,0,0,0,0,0,22;21,,,43,0,0,4,4,0,0,1,0,0,0,0,0,4,0,75,227,2,1,0,0,1,2,43,0,184
2006,6,DEN,REG,2006_06_OAK_DEN,LV,11,18,102,0,0,2,-11,0,0,118,31,6,-2.86076359060911,-5.1154558857282,0,4,2,1,1,31,144,1,0,0,7,2.21072799607646,0,4,2,1,0,11,0,102,0,0,0,118,31,6,6.49890110403067,0,4,2,1,1,0,34,13,17,0,0,1,4,30,6,1,0,4,0,1,0,0,0,0,0,0,0,0,0,1,11,0,5,39,1,1,0,0,1,1,3,31,1,23,2,2,0,0,51,1,0,1,0,0,1,0,0,0,0,0,0,0,51;22,,,73,0,0,1,1,0,0,1,0,0,0,0,0,4,0,43,151,2,1,0,0,1,2,-1,0,152
2006,6,DET,REG,2006_06_BUF_DET,BUF,24,36,278,1,1,3,-16,0,0,325,85,15,3.14399210116674,2.92838422788514,0,12,8,4,0,27,135,1,1,0,5,-3.23283147101756,0,3,2,1,1,24,0,278,1,0,0,325,85,15,19.642726678052,0,12,8,4,0,0,39,3,23,0,0,1,5,50,5,1,7,6,0,1,0,0,0,0,0,0,0,2,-3,2,3,0,6,40,5,1,1,0,2,0,1,16,3,55,2,3,1,0,43,0.666666666666667,0,1,0,1,0,0,0,0,0,0,1,0,43;29,56,,72,56,0,2,2,0,0,1,0,0,0,0,0,5,0,50,221,1,0,0,1,0,4,35,0,166
2006,6,HOU,REG,2006_06_HOU_DAL,DAL,23,38,198,0,2,0,0,0,0,176,75,9,-8.55592915714039,7.64816870292028,0,8,3,1,0,17,34,0,0,0,1,-4.94838664789709,0,0,0,0,0,23,0,198,0,0,0,176,75,9,7.51988163782517,0,8,3,1,0,0,55,0,10,0,0,0,2,19,2,0,0,2,0,0,0,0,0,0,0,0,0,0,0,0,0,0,7,42,6,1,0,0,1,1,2,43,6,109,2,2,0,0,48,1,1,0,0,1,0,0,0,0,0,0,0,0,19;48,,,67,0,0,0,0,0,0,,0,0,0,0,0,6,0,46,234,0,0,0,1,2,3,5,0,209
2006,6,KC,REG,2006_06_KC_PIT,PIT,19,39,185,0,3,1,-10,0,0,348,34,11,-20.7835203870782,-12.2708360354106,0,7,4,3,0,19,38,1,0,0,1,-5.16165363910841,0,0,0,0,0,19,0,185,0,0,0,348,34,11,13.2190958476858,0,7,4,3,0,0,44,15,23,0,0,3,1,6,1,0,0,1,0,0,0,0,0,0,0,0,0,0,0,1,0,0,6,50,4,0,0,0,0,0,2,12,7,126,0,0,0,0,,,0,0,0,0,0,0,0,0,0,0,0,0,,,,0,0,0,1,1,0,0,1,0,0,0,0,0,7,0,59,341,2,0,1,0,1,5,55,0,286
2006,6,LA,REG,2006_06_SEA_STL,SEA,26,39,360,3,1,6,-51,0,0,417,91,14,7.67332399752922,6.61927547894026,0,9,7,5,1,22,59,1,0,0,5,-2.36787522182567,0,0,0,0,0,26,0,360,3,0,0,417,91,14,27.3595840062189,0,9,7,5,1,0,57,0,0,0,0,1,4,29,5,0,0,4,0,0,0,0,0,0,0,0,0,0,0,1,0,0,6,72,6,1,0,0,1,1,2,19,4,88,0,0,0,0,,,0,0,0,0,0,0,0,0,0,0,0,0,,,,0,0,0,4,4,0,0,1,0,0,0,0,0,5,0,55,187,3,0,1,0,2,2,12,0,175
2006,6,LAC,REG,2006_06_SD_SF,SF,29,39,334,2,0,0,0,0,0,291,187,15,27.0917394912704,12.3900848063263,0,13,4,3,1,30,87,4,1,0,10,4.24130075176318,0,0,0,0,0,29,0,334,2,0,0,291,187,15,33.7817857108894,0,13,4,3,1,0,37,12,12,0,0,2,5,32,7,1,1,4,0,0,0,0,0,0,0,0,0,1,0,1,6,0,6,51,3,1,0,0,1,0,3,17,4,42,2,2,0,0,44,1,0,1,0,1,0,0,0,0,0,0,0,0,24;44,,,68,0,0,6,6,0,0,1,0,0,0,0,0,1,0,53,53,0,0,0,0,0,1,6,0,47
2006,6,LV,REG,2006_06_OAK_DEN,DEN,13,26,189,0,1,4,-30,0,0,443,28,10,0.583775029398998,-3.43849240587308,0,8,5,2,1,30,85,0,1,0,2,-4.65704034623923,0,2,1,0,0,13,0,189,0,1,1,443,28,10,14.2452800759347,0,8,5,2,1,0,36,7,15,0,0,1,2,11,2,0,0,4,0,0,0,0,0,0,0,0,0,1,0,1,0,0,13,95,5,1,1,0,2,1,2,-1,1,26,1,2,1,0,47,0.5,0,0,0,1,0,0,0,0,0,0,1,0,47,54,,47,54,0,0,0,0,0,,0,0,0,0,0,4,0,67,220,0,0,0,1,0,3,31,0,169
2006,6,MIA,REG,2006_06_MIA_NYJ,NYJ,27,43,266,1,2,0,0,0,0,321,105,14,7.06708756723565,1.11327157464138,0,11,5,4,0,29,129,1,1,1,7,-6.58756414785802,0,3,2,1,0,27,0,266,1,0,0,321,105,14,24.3405837640748,0,11,5,4,0,0,27,23,23,0,0,2,2,6,3,0,0,5,0,1,0,0,0,0,0,0,0,1,0,0,0,0,6,61,3,1,1,0,2,1,4,31,5,69,1,2,1,0,21,0.5,0,1,0,0,0,0,0,0,0,0,1,0,21,51,,21,51,0,2,2,0,0,1,0,0,0,0,0,3,0,44,121,1,0,1,0,0,2,6,0,115
2006,6,NO,REG,2006_06_PHI_NO,PHI,27,38,275,3,2,0,0,0,0,189,156,14,4.53001144389608,4.71482945455087,0,10,3,2,1,30,97,0,1,0,6,-3.8214131965452,0,3,1,0,0,27,0,275,3,0,0,189,156,14,23.7208128937146,0,10,3,2,1,0,38,9,9,0,0,1,3,21,8,1,0,7,0,0,0,0,0,0,0,0,0,1,1,1,0,0,7,64,5,1,0,0,1,0,3,29,4,106,2,2,0,0,39,1,0,0,2,0,0,0,0,0,0,0,0,0,39;31,,,70,0,0,3,3,0,0,1,1,1,0,0,31,5,0,52,236,1,0,1,2,0,2,10,0,186
2006,6,NYG,REG,2006_06_NYG_ATL,ATL,17,30,180,2,2,2,-15,1,0,249,64,12,-4.37874699389848,-7.1926427880923,0,9,5,0,0,38,259,1,0,0,15,7.89187644299818,0,11,11,2,0,17,0,180,2,0,0,249,64,12,16.7889959284803,0,9,5,0,0,0,46,2,4,0,0,3,7,48,3,1,24,3,0,0,0,0,0,0,0,0,0,1,0,1,0,0,5,45,6,1,0,0,1,0,1,1,2,40,2,2,0,0,39,1,0,1,1,0,0,0,0,0,0,0,0,0,21;39,,,60,0,0,3,3,0,0,1,0,0,0,0,0,4,0,44,142,2,1,1,0,2,0,0,0,142
2006,6,NYJ,REG,2006_06_MIA_NYJ,MIA,17,29,175,2,0,2,-6,0,0,144,132,6,-0.502533257150904,-6.89608845217475,0,5,3,2,1,27,103,0,1,0,6,-1.63257666013797,0,2,1,0,0,17,0,175,2,0,0,144,132,6,10.0031214565388,0,5,3,2,1,0,33,27,27,0,0,1,0,0,2,2,6,4,0,1,0,0,0,0,0,0,0,3,0,1,0,0,8,70,3,2,1,0,3,0,2,6,2,50,2,2,0,0,33,1,0,0,2,0,0,0,0,0,0,0,0,0,33;33,,,66,0,0,2,2,0,0,1,0,0,0,0,0,7,0,53,305,1,0,1,1,1,4,31,0,254
2006,6,PHI,REG,2006_06_PHI_NO,NO,19,32,247,2,1,3,-21,0,0,456,137,12,4.02792729446082,5.56297898292542,0,8,6,3,2,19,99,1,0,0,5,0.35461939333304,0,2,2,0,0,19,0,247,2,0,0,456,137,12,19.1365077329683,0,8,6,3,2,0,46,14,14,0,0,1,0,0,5,2,35,5,0,1,0,0,0,0,0,0,0,1,0,0,0,0,8,67,6,1,1,0,2,1,2,10,5,94,1,1,0,0,47,1,0,0,0,1,0,0,0,0,0,0,0,0,47,,,47,0,0,3,3,0,0,1,0,0,0,0,0,6,0,56,259,1,0,0,2,1,3,29,0,190
2006,6,PIT,REG,2006_06_KC_PIT,KC,17,20,244,2,0,1,-6,0,0,163,131,12,16.0430262692248,24.6062505576346,0,8,5,3,2,42,219,3,1,0,10,6.89645757351536,0,6,4,2,1,17,0,244,2,1,1,163,131,12,17.5654089474201,0,8,5,3,2,0,28,13,25,0,0,0,1,10,1,3,118,13,1,2,0,0,0,0,0,0,0,3,0,0,0,0,5,41,4,3,1,0,4,1,5,55,2,54,1,2,1,0,32,0.5,0,0,1,0,0,0,0,1,0,0,0,0,32,28,,32,28,0,6,6,0,0,1,0,0,0,0,0,3,0,50,137,0,0,0,0,1,2,12,0,125
2006,6,SEA,REG,2006_06_SEA_STL,LA,19,34,268,3,0,4,-29,0,0,427,50,12,12.6057161340461,-1.71156958676875,0,10,6,3,1,28,125,0,1,1,6,-6.15012362071295,0,4,4,1,0,19,0,268,3,0,0,427,50,12,27.6556142727495,0,10,6,3,1,0,52,4,6,0,0,1,6,51,7,1,19,4,0,0,0,0,0,0,0,0,0,0,0,1,0,0,10,65,4,1,0,0,1,1,2,12,5,107,3,4,1,0,54,0.75,0,0,0,2,1,0,0,0,1,0,0,0,49;49;54,34,,152,34,0,3,3,0,0,1,1,1,0,0,54,4,0,57,158,1,1,0,0,1,2,19,0,139
2006,6,SF,REG,2006_06_SD_SF,LAC,20,31,214,2,1,5,-32,1,0,211,116,10,-3.04730038167305,2.60149603088697,0,10,5,2,0,14,92,0,1,1,4,-0.490099095331971,0,3,2,2,0,20,0,214,2,0,0,211,116,10,16.1659666820196,0,10,5,2,0,0,49,12,12,0,0,1,0,0,3,0,0,4,0,0,1,0,0,0,0,0,0,1,0,0,0,0,9,116,4,2,0,0,2,1,1,6,10,204,1,1,0,0,42,1,0,0,0,1,0,0,0,0,0,0,0,0,42,,,42,0,0,2,2,0,0,1,0,0,0,0,0,4,0,54,192,0,0,0,1,0,3,17,0,155
2006,6,TB,REG,2006_06_CIN_TB,CIN,25,44,184,2,1,2,-10,0,0,341,70,12,0.774468777599444,-1.50367634934048,0,9,1,0,0,25,126,0,0,0,6,1.12825091398554,0,3,2,1,0,25,0,184,2,0,0,341,70,12,18.162742909044,0,9,1,0,0,0,39,10,14,0,0,1,2,9,6,0,0,5,0,0,0,0,0,0,0,0,0,0,0,0,0,0,9,75,6,0,0,0,0,0,7,40,2,46,0,1,1,0,,0,0,0,0,0,0,0,0,0,0,1,0,0,,43,,0,43,0,2,2,0,0,1,0,0,0,0,0,7,0,57,328,1,0,0,3,1,3,22,0,246
2006,6,TEN,REG,2006_06_TEN_WAS,WAS,13,25,161,1,0,4,-11,1,0,292,45,9,3.57451482690747,-2.31133782863617,0,7,5,4,0,41,194,1,0,0,9,-0.0447336597562504,0,6,4,1,0,13,0,161,1,0,0,292,45,9,16.8952869153,0,7,5,4,0,0,32,14,14,0,0,1,0,0,0,1,11,6,0,1,1,1,0,0,0,0,0,2,-8,1,0,0,5,51,4,2,0,0,2,0,5,32,5,94,3,3,0,0,32,1,0,1,2,0,0,0,0,0,0,0,0,0,32;26;30,,,88,0,0,2,2,0,0,1,0,0,0,0,0,7,0,53,295,3,0,1,0,2,4,18,0,277
2006,6,WAS,REG,2006_06_TEN_WAS,TEN,16,30,180,1,1,0,0,0,0,331,81,8,-0.719996467188932,-8.47083350022634,1,6,4,3,1,26,125,2,3,0,8,3.47903024882544,0,4,3,1,0,16,0,180,1,1,1,331,81,8,8.72850346301869,1,6,4,3,1,0,47,18,18,0,0,2,4,11,4,0,0,3,0,0,0,0,0,0,0,0,0,3,-3,0,0,0,6,46,6,1,3,0,4,1,4,18,5,115,0,0,0,0,,,0,0,0,0,0,0,0,0,0,0,0,0,,,,0,0,0,2,2,0,0,1,0,0,0,0,0,6,1,53,240,1,0,0,0,1,5,32,0,208
2006,7,ARI,REG,2006_07_ARI_OAK,LV,13,32,203,0,2,3,-29,0,0,263,103,8,-13.4761470336139,-21.0619370852198,0,8,3,3,1,20,50,0,1,0,1,-4.85339998334903,0,0,0,0,0,13,0,203,0,0,0,263,82,8,12.3952451397671,0,8,3,3,1,0,60,9,9,0,0,3,5,21,4,2,12,9,0,0,0,0,0,0,0,0,0,2,-3,3,0,0,4,25,4,0,2,0,2,0,0,0,3,44,3,4,1,0,45,0.75,0,1,1,1,0,0,0,0,0,1,0,0,29;45;38,49,,112,49,0,0,0,0,0,,0,0,0,0,0,4,0,47,174,0,0,0,0,0,4,43,0,131
2006,7,ATL,REG,2006_07_PIT_ATL,PIT,18,30,232,4,2,1,-6,0,0,337,94,12,8.49112549269795,0.110357201525143,0,10,7,5,0,39,173,1,0,0,9,-4.2191962825182,0,4,3,1,0,18,0,232,4,0,0,337,94,12,22.8335509218438,0,10,7,5,0,0,43,6,6,0,0,3,3,15,5,0,0,3,0,0,0,0,0,0,0,0,0,0,0,3,0,0,6,40,5,0,0,0,0,0,2,15,8,247,2,3,1,0,32,0.666666666666667,0,1,1,0,0,0,0,0,0,0,1,0,25;32,52,,57,52,0,5,5,0,0,1,1,1,0,0,32,5,0,59,250,1,0,0,1,3,1,0,0,230
2006,7,BUF,REG,2006_07_NE_BUF,NE,16,25,193,0,1,2,-12,1,1,211,103,9,-5.91782999017545,5.21999636422033,0,9,3,3,1,25,75,0,2,1,4,-7.23854188859863,0,0,0,0,0,16,0,193,0,0,0,211,103,9,11.4040395034244,0,9,3,3,1,0,32,12,20,0,0,1,4,24,4,0,0,1,0,0,0,0,0,0,0,0,0,1,-9,0,0,0,9,67,4,1,2,0,3,2,4,39,4,122,2,2,0,0,46,1,0,0,0,2,0,0,0,0,0,0,0,0,40;46,,,86,0,0,0,0,0,0,,0,0,0,0,0,5,0,53,221,0,2,0,0,0,3,32,0,189
2006,7,CAR,REG,2006_07_CAR_CIN,CIN,20,34,238,2,1,3,-21,0,0,315,101,11,1.46874611903331,1.66511859963922,0,10,6,3,0,16,60,0,0,0,5,-4.0300543346093,0,3,2,0,0,20,0,238,2,0,0,315,101,11,20.1999876918853,0,10,6,3,0,0,43,0,34,0,0,0,2,10,5,0,0,3,0,0,0,0,0,0,0,0,0,0,0,0,0,0,8,41,3,0,0,0,0,0,2,15,4,90,0,0,0,0,,,0,0,0,0,0,0,0,0,0,0,0,0,,,,0,0,0,2,2,0,0,1,0,0,0,0,0,8,0,51,328,4,0,1,1,2,4,24,0,284
2006,7,CIN,REG,2006_07_CAR_CIN,CAR,23,39,240,2,0,2,-10,0,0,365,113,14,9.84545575390803,0.192020871700385,0,10,4,2,0,30,112,0,0,0,4,-8.07313332797497,0,2,1,1,0,23,0,240,2,0,0,365,113,14,24.8961320451926,0,10,4,2,0,0,28,1,27,0,0,0,3,21,6,1,0,6,0,0,0,0,0,0,0,0,0,0,0,0,0,0,5,55,2,0,0,0,0,0,4,24,3,43,1,1,0,0,23,1,0,1,0,0,0,0,0,0,0,0,0,0,23,,,23,0,0,2,2,0,0,1,0,0,0,0,0,8,0,54,301,4,1,3,0,2,2,15,0,286
2006,7,CLE,REG,2006_07_DEN_CLE,DEN,19,33,149,1,1,5,-18,0,0,202,114,9,-14.9273588145734,-5.09403222240508,0,6,1,0,0,13,34,0,1,1,1,-7.22031331132166,0,0,0,0,0,19,0,149,1,0,0,202,114,9,8.37520688347286,0,6,1,0,0,0,50,11,11,0,0,0,2,12,6,2,29,9,0,2,0,0,0,0,0,0,0,1,0,0,0,0,2,10,6,1,2,0,3,2,2,2,3,94,0,0,0,0,,,0,0,0,0,0,0,0,0,0,0,0,0,,,,0,0,0,1,1,0,0,1,0,0,0,0,0,6,0,61,243,3,1,1,0,1,3,10,0,233
2006,7,DAL,REG,2006_07_NYG_DAL,NYG,21,37,338,2,4,6,-28,0,0,318,143,14,-15.1401992081082,1.30157908972572,0,13,9,5,1,21,69,1,0,0,5,0.596066113081295,1,1,1,1,0,21,0,338,2,0,0,318,143,14,29.4541125045798,0,13,9,5,1,0,54,0,8,0,0,1,2,16,4,1,0,7,0,0,0,0,0,0,0,0,0,0,0,1,0,0,1,5,3,0,0,0,0,0,1,7,6,136,0,0,0,0,,,0,0,0,0,0,0,0,0,0,0,0,0,,,,0,0,0,2,2,0,0,1,0,0,0,0,0,3,0,49,123,1,1,0,0,0,2,13,0,110
2006,7,DEN,REG,2006_07_DEN_CLE,CLE,20,41,209,1,2,2,-12,0,0,363,67,15,-4.39222701806326,-7.79247989014881,0,8,3,1,0,37,150,1,0,0,7,-2.23124639660819,0,4,4,0,0,20,0,209,1,0,0,363,67,15,19.9166784587433,0,8,3,1,0,0,33,9,9,0,0,1,5,18,6,1,30,5,0,0,0,0,0,0,0,0,0,0,0,2,0,0,3,30,5,0,0,0,0,0,3,10,1,12,1,2,1,0,32,0.5,0,0,1,0,0,0,0,0,0,1,0,0,32,43,,32,43,0,2,2,0,0,1,0,0,0,0,0,6,0,57,210,2,2,2,0,0,2,2,0,208
2006,7,DET,REG,2006_07_DET_NYJ,NYJ,22,36,269,3,2,1,-8,0,0,262,164,16,11.5014805424854,-2.35594709714254,0,11,9,3,0,22,125,0,1,0,6,3.00256417435594,0,3,3,1,0,22,0,269,3,0,0,262,164,16,28.4225896060234,0,11,9,3,0,0,39,23,23,0,0,1,2,12,2,1,0,2,0,0,0,0,0,0,0,0,0,1,0,0,0,0,9,60,3,1,0,0,1,0,0,0,5,103,1,1,0,0,25,1,0,1,0,0,0,0,0,0,0,0,0,0,25,,,25,0,0,3,3,0,0,1,0,0,0,0,0,2,0,55,107,1,1,0,1,0,0,0,0,87
2006,7,GB,REG,2006_07_GB_MIA,MIA,19,35,206,2,0,2,-15,2,1,347,45,10,3.458860132528,-3.73997723355013,0,7,4,1,0,29,155,1,0,0,5,1.49928773532156,0,2,2,1,1,19,0,206,2,0,0,347,45,10,17.9556069166865,0,7,4,1,0,0,48,0,22,0,0,2,4,33,13,3,47,9,1,0,0,0,0,0,0,0,0,1,0,0,0,0,9,74,1,2,0,0,2,1,3,24,3,70,2,2,0,0,42,1,0,0,1,1,0,0,0,0,0,0,0,0,42;34,,,76,0,0,4,4,0,0,1,0,0,0,0,0,6,0,56,262,1,0,1,1,1,3,23,0,219
2006,7,HOU,REG,2006_07_JAX_HOU,JAX,25,34,224,2,0,1,-6,0,0,111,141,10,5.39933996966837,4.37284928781015,0,9,2,2,0,34,131,1,0,0,10,-4.91844902731828,0,3,3,2,0,25,0,224,2,0,0,111,141,10,15.4901675998117,0,9,2,2,0,0,31,13,13,0,0,2,1,7,5,0,0,3,0,0,0,0,0,0,0,0,0,0,0,2,15,0,3,17,5,0,0,0,0,0,2,10,1,28,2,3,1,0,43,0.666666666666667,0,1,0,1,0,0,0,0,1,0,0,0,43;21,38,,64,38,0,3,3,0,0,1,0,0,0,0,0,5,0,49,217,1,0,0,0,2,3,5,0,212
2006,7,IND,REG,2006_07_WAS_IND,WAS,25,35,342,4,0,0,0,0,0,323,104,18,20.4975231162128,12.4241649227984,0,14,5,5,2,25,110,0,0,0,6,-1.66825074836397,0,4,3,1,0,25,0,342,4,0,0,323,104,18,28.7645615691,0,14,5,5,2,0,41,19,19,0,0,0,1,8,6,0,0,2,0,0,0,0,0,0,0,0,0,0,0,0,0,0,3,27,2,1,0,1,1,0,2,6,3,72,3,3,0,0,47,1,1,0,1,1,0,0,0,0,0,0,0,0,30;19;47,,,96,0,0,3,3,0,0,1,0,0,0,0,0,2,0,53,94,0,0,0,0,0,2,111,1,-17
2006,7,JAX,REG,2006_07_JAX_HOU,HOU,14,28,125,0,0,1,-7,0,0,160,76,5,-12.7247636729735,-9.21579819658528,0,5,2,0,0,25,102,1,1,1,7,-5.3632115147775,0,3,2,1,0,14,0,125,0,1,1,160,76,5,0.966802502283826,0,5,2,0,0,0,54,5,7,0,0,0,1,6,3,0,0,3,0,0,0,0,0,0,0,0,0,0,0,0,0,0,7,35,2,2,0,0,2,2,3,5,2,33,0,0,0,0,,,0,0,0,0,0,0,0,0,0,0,0,0,,,,0,0,0,1,1,0,0,1,0,0,0,0,0,7,0,54,295,2,2,1,1,1,2,10,0,265
2006,7,KC,REG,2006_07_SD_KC,LAC,15,27,232,2,0,2,-11,1,1,219,98,11,0.575823752592792,,0,10,6,3,1,30,134,2,0,0,8,3.54216139699565,0,4,2,1,0,15,0,232,2,0,0,219,98,11,17.3072808443685,0,10,6,3,1,0,51,4,4,0,0,2,4,15,8,1,29,3,0,0,0,0,0,0,0,0,0,0,0,2,0,0,6,50,4,1,0,0,1,1,0,0,6,99,1,2,1,0,53,0.5,0,0,0,0,1,0,0,0,0,1,0,0,53,42,,53,42,0,3,4,1,0,0.75,1,1,0,0,53,5,0,58,237,2,0,1,0,2,2,52,0,185
2006,7,LAC,REG,2006_07_SD_KC,KC,26,44,267,3,1,4,-15,1,1,268,164,15,2.5734060254657,,0,12,6,3,0,23,97,0,1,1,6,-3.79697169744777,0,4,2,0,0,26,0,267,3,0,0,268,164,15,25.3232001381725,0,12,6,3,0,0,37,14,14,0,0,1,2,11,3,0,0,2,0,0,0,0,0,0,0,0,0,0,0,1,0,0,7,60,5,2,0,0,2,2,2,52,5,87,2,3,1,0,39,0.666666666666667,0,0,2,0,0,0,0,0,0,1,0,0,39;31,47,,70,47,0,3,3,0,0,1,0,0,0,0,0,3,0,47,121,1,0,2,0,1,0,0,0,121
2006,7,LV,REG,2006_07_ARI_OAK,ARI,19,35,279,1,2,5,-21,2,2,363,100,13,-1.32187402251842,-2.42826794424365,0,11,7,3,0,37,137,1,3,1,7,-9.20436543622054,0,5,2,0,0,19,0,279,1,0,0,363,84,13,28.7471878741053,0,11,7,3,0,0,38,4,4,0,0,0,3,29,3,2,5,9,0,0,1,0,0,0,0,0,0,1,-14,0,0,0,8,70,4,3,2,1,5,3,4,43,5,118,2,2,0,0,35,1,0,0,2,0,0,0,0,0,0,0,0,0,31;35,,,66,0,0,2,2,0,0,1,0,0,0,0,0,3,0,57,135,0,1,0,2,0,0,0,0,95
2006,7,MIA,REG,2006_07_GB_MIA,GB,33,62,414,2,3,4,-33,1,0,584,179,20,-10.1203782999165,-3.60331912835439,1,17,9,3,2,17,67,0,0,0,4,-0.866752311063465,0,1,1,0,0,33,0,414,2,1,0,584,179,20,35.6896847917744,1,17,9,3,2,0,42,0,26,0,0,2,2,15,1,0,0,7,0,0,0,0,0,0,0,0,0,1,0,1,4,0,8,70,4,2,0,1,2,0,3,23,4,77,3,4,1,0,45,0.75,0,0,1,2,0,0,0,0,0,0,1,0,32;40;45,52,,117,52,0,1,1,0,0,1,0,0,0,0,0,4,0,45,158,2,0,1,0,0,3,24,0,134
2006,7,MIN,REG,2006_07_MIN_SEA,SEA,16,25,186,2,0,4,-29,2,0,256,71,10,3.59855482675548,0.88500484176304,0,7,4,2,1,30,175,1,0,0,3,1.14826382055216,0,2,2,1,1,16,0,186,2,0,0,256,71,10,17.4161525890296,0,7,4,2,1,0,42,8,10,0,0,1,4,24,5,2,3,6,0,0,0,0,0,0,0,0,0,2,0,1,0,1,5,45,3,2,0,0,2,0,4,66,4,124,1,2,1,0,33,0.5,0,0,1,0,0,0,0,0,0,1,0,0,33,46,,33,46,0,4,4,0,0,1,0,0,0,0,0,5,0,52,204,3,0,0,0,4,1,3,0,201
2006,7,NE,REG,2006_07_NE_BUF,BUF,18,27,195,2,0,4,-24,1,0,237,69,10,11.4860443962389,6.73487301056202,0,7,4,3,0,27,94,2,0,0,7,-3.548394707439,0,5,4,0,0,18,0,195,2,0,0,237,69,10,19.900941741711,0,7,4,3,0,0,35,10,20,0,0,1,2,12,1,1,5,7,0,0,0,0,0,0,0,0,0,1,0,2,0,0,3,25,1,1,0,0,1,0,3,32,3,117,0,0,0,0,,,0,0,0,0,0,0,0,0,0,0,0,0,,,,0,0,0,4,4,0,0,1,0,0,0,0,0,6,0,62,285,1,1,0,1,0,4,39,0,226
2006,7,NYG,REG,2006_07_NYG_DAL,DAL,12,26,189,2,1,2,-16,0,0,337,44,10,5.71394987286737,-3.55609940985839,0,7,2,2,2,39,155,1,1,1,8,-5.1297563330948,0,3,2,0,0,12,0,189,2,0,0,337,44,10,21.335463956173,0,7,2,2,2,0,46,0,6,0,0,0,6,28,9,4,117,13,1,0,1,0,0,0,0,0,0,0,0,0,0,0,3,24,3,1,0,0,1,1,2,13,4,66,2,2,0,0,32,1,0,0,2,0,0,0,0,0,0,0,0,0,31;32,,,63,0,0,4,4,0,0,1,0,0,0,0,0,3,0,54,146,1,1,1,0,0,1,7,0,139
2006,7,NYJ,REG,2006_07_DET_NYJ,DET,16,22,189,1,1,2,-12,1,0,281,-38,8,2.94240144383206,8.6343663079398,0,6,4,3,1,42,221,3,0,0,16,13.2062047322397,0,6,4,1,0,16,0,189,1,0,0,281,-38,8,13.2225284178769,0,6,4,3,1,0,34,15,15,0,0,1,1,8,2,2,0,6,0,0,0,0,0,0,0,0,0,1,0,0,0,0,2,20,1,1,0,0,1,0,0,0,5,115,1,1,0,0,33,1,0,0,1,0,0,0,0,0,0,0,0,0,33,,,33,0,0,4,4,0,0,1,0,0,0,0,0,2,0,38,68,2,0,1,0,1,0,0,0,68
2006,7,PHI,REG,2006_07_PHI_TB,TB,22,35,302,3,3,1,-4,0,0,219,172,13,-5.81710757274414,0.484699913949677,0,11,5,4,2,27,208,0,1,0,9,7.40339144360041,0,7,5,4,0,22,0,302,3,1,1,219,172,13,19.8309122673818,0,11,5,4,2,0,38,15,15,0,0,0,2,19,7,0,0,2,0,0,0,0,0,0,0,0,0,1,-1,0,0,0,6,50,6,1,1,0,2,1,2,22,3,54,0,0,0,0,,,0,0,0,0,0,0,0,0,0,0,0,0,,,,0,0,0,3,3,0,0,1,0,0,0,0,0,3,0,52,132,1,0,0,0,0,3,23,0,109
2006,7,PIT,REG,2006_07_PIT_ATL,ATL,24,35,433,5,0,3,-15,0,0,455,107,21,31.1583390184395,14.3278981106622,0,19,12,6,2,26,55,0,2,2,4,-14.2459792655427,0,2,1,0,0,24,0,433,5,1,0,455,107,21,42.7363283114974,0,19,12,6,2,0,58,4,4,0,0,0,1,6,1,2,3,4,0,1,0,0,0,0,0,0,0,1,0,0,0,0,9,65,4,3,1,0,4,3,1,0,3,88,1,1,0,0,28,1,0,1,0,0,0,0,0,0,0,0,0,0,28,,,28,0,0,5,5,0,0,1,0,0,0,0,0,3,0,44,119,0,0,1,0,0,2,15,0,104
2006,7,SEA,REG,2006_07_MIN_SEA,MIN,21,42,261,1,2,4,-24,1,1,404,108,12,-9.25170661160126,-11.8656091019511,0,10,3,2,1,21,53,0,1,0,1,-11.1014222166268,0,1,1,1,0,21,0,261,1,0,0,404,108,12,22.5433027902618,0,10,3,2,1,0,37,19,19,0,0,2,4,29,2,0,0,5,0,0,0,0,0,0,0,0,0,1,-2,0,0,0,5,30,2,1,1,0,2,1,1,3,5,100,2,2,0,0,42,1,0,1,0,1,0,0,0,0,0,0,0,0,42;26,,,68,0,0,1,1,0,0,1,0,0,0,0,0,6,0,59,307,1,1,0,1,0,4,66,0,221
2006,7,TB,REG,2006_07_PHI_TB,PHI,13,26,104,0,0,2,-19,1,0,219,41,6,-5.17800069479685,-9.14435350894928,0,4,1,1,0,30,111,0,0,0,6,-0.897112275881227,0,3,1,0,0,13,0,104,0,0,0,219,41,6,2.99179636930821,0,4,1,1,0,0,35,17,17,0,0,1,1,4,2,3,130,4,2,0,0,0,0,0,0,0,0,1,0,1,0,0,2,15,5,0,1,0,1,0,3,23,3,89,3,3,0,0,62,1,0,0,1,1,0,1,0,0,0,0,0,0,30;44;62,,,136,0,0,2,2,0,0,1,1,1,0,0,62,6,0,52,241,1,0,1,1,2,2,22,0,199
2006,7,WAS,REG,2006_07_WAS_IND,IND,27,37,226,2,0,2,-15,1,0,244,105,12,6.24629868917002,11.5601190262371,1,11,3,1,0,24,114,0,0,0,6,2.93230060848873,0,4,2,1,0,27,0,226,2,0,0,244,105,12,16.902907824379,1,11,3,1,0,1,35,15,15,0,0,1,0,0,2,0,0,2,0,0,0,0,0,0,0,0,0,1,0,0,0,0,10,91,4,0,1,0,1,0,2,111,8,152,0,2,2,0,,0,0,0,0,0,0,0,0,0,1,1,0,0,,49;35,,0,84,0,2,2,0,0,1,0,0,0,0,0,4,0,53,154,3,0,0,0,2,2,6,0,148
2006,8,ARI,REG,2006_08_ARI_GB,GB,14,35,157,1,1,4,-25,0,0,225,81,11,-8.17506101127947,-22.1548351294854,0,9,2,1,0,25,86,1,0,0,7,6.16265399550321,0,0,0,0,0,14,0,157,1,0,0,225,81,11,14.9347826224403,0,9,2,1,0,0,41,14,18,0,0,0,0,0,1,0,0,1,0,0,0,0,0,0,0,0,0,1,0,0,0,0,9,68,2,0,1,0,1,0,2,23,5,77,0,0,0,0,,,0,0,0,0,0,0,0,0,0,0,0,0,,,,0,0,0,2,2,0,0,1,0,0,0,0,0,6,0,53,282,3,1,1,0,0,4,53,0,229
2006,8,ATL,REG,2006_08_ATL_CIN,CIN,20,28,291,3,0,2,-14,0,0,280,121,15,21.8416793564012,16.5327276344653,0,12,10,5,0,38,143,0,1,0,9,-2.06792354582891,0,4,2,0,0,20,0,291,3,0,0,280,121,15,29.1953399594496,0,12,10,5,0,0,31,0,26,0,0,1,2,8,4,0,0,3,0,0,0,0,0,0,0,0,0,2,0,1,0,0,9,75,4,2,0,0,2,0,4,-3,5,79,3,3,0,0,42,1,0,0,1,2,0,0,0,0,0,0,0,0,42;40;39,,,121,0,0,2,2,0,0,1,0,0,0,0,0,3,0,65,166,1,0,0,1,0,2,14,0,132
2006,8,BAL,REG,2006_08_BAL_NO,NO,17,23,159,2,0,1,-3,0,0,185,47,12,10.3133051262703,21.4627515702021,0,7,3,2,0,39,137,1,2,1,7,-6.93187593691982,0,3,2,0,0,17,0,159,2,0,0,185,47,12,16.4386095791124,0,7,3,2,0,0,37,6,6,0,0,0,2,15,8,4,40,13,2,0,0,0,0,0,0,0,0,1,-9,1,0,0,9,69,4,1,1,0,2,1,2,11,3,50,0,0,0,0,,,0,0,0,0,0,0,0,0,0,0,0,0,,,,0,0,0,5,5,0,0,1,0,0,0,0,0,6,0,54,259,2,1,2,0,1,2,14,0,245
2006,8,CAR,REG,2006_08_DAL_CAR,DAL,17,31,149,0,1,3,-21,1,1,230,87,10,-12.7092877442088,-5.21356833392176,0,7,2,1,0,17,76,2,0,0,3,0.344969188590767,0,1,1,1,0,17,0,149,0,0,0,230,87,10,7.43449051507503,0,7,2,1,0,0,51,9,23,0,0,0,2,12,3,1,12,5,0,1,0,0,0,0,0,0,0,2,0,0,0,0,5,44,6,3,1,0,4,2,3,22,7,111,0,1,1,0,,0,0,0,0,0,0,0,0,0,0,0,0,1,,65,,0,65,0,2,2,0,0,1,0,0,0,0,0,6,0,53,255,3,0,0,0,2,4,28,0,227
2006,8,CHI,REG,2006_08_SF_CHI,SF,25,32,263,3,0,1,-6,0,0,161,136,15,14.4808657062239,17.2068311770757,0,10,6,3,0,35,145,2,0,0,7,-2.45678934402531,0,3,1,0,0,25,0,263,3,1,0,161,136,15,23.5674235165352,0,10,6,3,0,0,37,5,5,0,0,5,2,14,4,1,0,2,0,0,0,0,0,0,0,0,0,1,0,4,17,0,5,49,2,1,1,1,2,0,1,42,3,73,2,2,0,0,43,1,0,0,1,1,0,0,0,0,0,0,0,0,43;36,,,79,0,0,5,5,0,0,1,0,0,0,0,0,3,0,55,154,1,0,0,1,0,2,31,0,103
2006,8,CIN,REG,2006_08_ATL_CIN,ATL,24,36,266,2,0,2,-8,1,1,320,70,15,9.95834925159288,8.06969378675733,0,11,5,2,1,18,73,1,0,0,3,-0.48664089338854,0,2,2,0,0,24,0,266,2,0,0,320,70,15,20.1887034925959,0,11,5,2,1,0,47,1,41,0,0,2,2,14,6,0,0,3,0,0,0,0,0,0,0,0,0,0,0,0,0,0,4,30,5,1,0,0,1,1,2,14,4,88,2,2,0,0,51,1,0,1,0,0,1,0,0,0,0,0,0,0,51;26,,,77,0,0,3,3,0,0,1,0,0,0,0,0,4,0,49,180,2,0,0,0,0,4,-3,0,183
2006,8,CLE,REG,2006_08_NYJ_CLE,NYJ,15,22,141,1,1,3,-21,0,0,236,35,8,-2.7795076797658,10.7830758799206,0,5,2,2,0,39,147,1,0,0,7,-0.614697783429685,0,3,1,0,0,15,0,141,1,0,0,236,35,8,9.06691839999985,0,5,2,2,0,0,28,17,17,0,0,1,1,3,6,2,7,7,0,0,0,0,0,0,0,0,0,0,0,1,1,0,3,42,5,0,0,0,0,0,1,1,3,62,2,3,1,0,47,0.666666666666667,0,1,0,1,0,0,0,1,0,0,0,0,47;21,26,,68,26,0,2,2,0,0,1,0,0,0,0,0,5,0,59,242,1,0,0,0,1,4,55,0,187
2006,8,DAL,REG,2006_08_DAL_CAR,CAR,24,36,270,1,1,2,-12,0,0,353,93,15,8.52464883155069,8.29802668756909,1,12,6,4,0,38,156,3,0,0,10,6.06674392614514,0,5,4,0,0,24,0,270,1,0,0,353,93,15,24.6713639194946,1,12,6,4,0,0,37,3,13,0,0,3,3,21,2,1,0,3,0,0,0,0,0,0,0,0,14,0,0,2,0,0,9,86,3,0,0,0,0,0,4,28,3,81,2,3,1,0,38,0.666666666666667,0,1,1,0,0,0,0,0,0,1,0,0,38;24,48,,62,48,0,3,3,0,0,1,0,0,0,0,0,4,0,54,193,2,0,0,1,0,3,22,0,151
2006,8,DEN,REG,2006_08_IND_DEN,IND,13,21,174,1,0,1,-5,1,1,295,47,9,5.81328978073298,6.33496911752792,0,7,3,2,1,36,227,3,0,0,13,15.0355832408532,0,7,5,2,1,13,0,174,1,0,0,295,47,9,15.4014251845074,0,7,3,2,1,0,38,10,18,0,0,0,0,0,1,0,0,3,0,0,0,0,0,0,0,0,0,0,0,0,0,0,3,24,3,1,0,0,1,1,0,0,3,64,1,1,0,0,49,1,0,0,0,1,0,0,0,0,0,0,0,0,49,,,49,0,0,4,4,0,0,1,0,0,0,0,0,2,0,55,100,0,0,0,1,0,1,19,0,61
2006,8,GB,REG,2006_08_ARI_GB,ARI,17,25,180,1,0,0,0,0,0,112,117,9,8.09527863970208,1.35853660106659,0,8,4,3,0,39,203,3,0,0,16,5.41882929281564,0,6,3,2,0,17,0,180,1,0,0,112,117,9,13.6842693691207,0,8,4,3,0,0,36,9,15,0,0,0,4,25,7,1,0,8,0,0,0,0,0,0,0,0,0,0,0,0,0,0,10,65,5,0,0,0,0,0,4,53,2,44,1,1,0,0,42,1,0,0,0,1,0,0,0,0,0,0,0,0,42,,,42,0,0,4,4,0,0,1,0,0,0,0,0,2,0,55,107,0,0,0,0,0,2,23,0,84
2006,8,HOU,REG,2006_08_HOU_TEN,TEN,33,46,299,3,2,4,-20,2,2,325,170,16,-5.19899860602949,7.76492045985328,0,12,5,3,0,26,148,0,0,0,8,5.94570487327292,0,2,2,1,0,33,0,299,3,1,0,325,170,16,24.6405493187843,0,12,5,3,0,0,27,14,16,0,0,0,1,1,3,0,0,2,0,0,0,0,0,0,0,0,0,0,0,0,0,0,10,74,5,2,2,1,4,3,1,14,5,123,1,1,0,0,27,1,0,1,0,0,0,0,0,0,0,0,0,0,27,,,27,0,0,1,2,0,1,0.5,0,0,0,0,0,3,0,54,131,0,0,0,0,0,3,59,1,72
2006,8,IND,REG,2006_08_IND_DEN,DEN,32,39,345,3,0,0,0,0,0,321,129,18,23.9886421894872,20.7088235861216,1,16,7,3,0,21,92,0,0,0,5,0.984511509624906,0,2,1,0,0,32,0,345,3,0,0,321,129,18,29.7552252854692,1,16,7,3,0,0,33,11,21,0,0,1,1,5,1,0,0,2,0,0,0,0,0,0,0,0,0,0,0,1,0,0,5,55,2,0,0,0,0,0,1,19,2,49,4,4,0,0,48,1,0,0,2,2,0,0,0,0,0,0,0,0,42;30;48;37,,,157,0,0,2,2,0,0,1,1,1,0,0,37,1,0,33,33,1,0,0,0,1,0,0,0,33
2006,8,JAX,REG,2006_08_JAX_PHI,PHI,10,17,87,0,0,1,-11,0,0,106,49,3,-5.05531198556322,-4.81432132861194,0,4,2,1,0,46,209,1,2,1,13,-0.443283785018139,0,8,6,0,0,10,0,87,0,0,0,106,49,3,4.33803946156297,0,4,2,1,0,0,38,1,15,0,0,0,4,19,4,0,0,9,0,0,0,0,0,0,0,0,0,1,0,0,0,0,5,44,3,1,1,0,2,1,4,56,1,30,2,2,0,0,40,1,0,1,0,1,0,0,0,0,0,0,0,0,40;27,,,67,0,0,1,1,0,0,1,0,0,0,0,0,5,0,45,199,1,0,0,2,1,2,24,0,135
2006,8,KC,REG,2006_08_SEA_KC,SEA,17,25,312,1,0,1,-4,1,1,261,108,17,20.1410275418156,,1,15,11,3,1,53,191,3,2,1,12,-8.20984562989906,0,5,4,1,0,17,0,312,1,0,0,261,108,17,31.2846274429031,1,15,11,3,1,0,35,3,3,0,0,0,1,5,2,2,3,6,0,1,0,0,0,0,0,0,0,2,12,0,0,0,6,40,3,2,2,0,4,3,2,9,5,138,2,3,1,0,38,0.666666666666667,0,0,2,0,0,0,0,0,0,0,1,0,38;32,50,,70,50,0,3,3,0,0,1,0,0,0,0,0,1,0,50,50,0,0,0,0,0,1,11,0,39
2006,8,LA,REG,2006_08_STL_SD,LAC,27,40,327,2,0,3,-16,0,0,367,133,17,14.5457748692732,5.80457977950573,0,12,7,5,1,21,101,1,1,1,5,-8.20784506859491,0,4,2,0,0,27,0,327,2,1,0,367,133,17,28.8826342492847,0,12,7,5,1,0,41,9,9,0,0,0,1,3,4,0,0,0,0,1,0,0,0,0,0,0,0,1,0,0,0,0,4,20,4,2,1,1,3,1,1,0,7,125,1,1,0,0,34,1,0,0,1,0,0,0,0,0,0,0,0,0,34,,,34,0,0,3,3,0,0,1,0,0,0,0,0,5,0,45,204,2,0,1,0,2,2,18,0,186
2006,8,LAC,REG,2006_08_STL_SD,LA,15,23,206,1,0,1,-3,0,0,271,57,11,7.96731835861432,11.9561086098353,0,10,7,4,0,35,216,3,0,0,10,7.6102889556787,0,5,5,2,1,15,0,206,1,0,0,271,57,11,16.8262865330908,0,10,7,4,0,0,38,17,17,0,0,2,3,16,3,0,0,1,0,0,0,0,0,0,0,0,0,0,0,1,79,1,3,43,4,0,0,0,0,0,2,18,3,64,1,1,0,0,31,1,0,0,1,0,0,0,0,0,0,0,0,0,31,,,31,0,0,5,5,0,0,1,0,0,0,0,0,3,0,55,130,3,0,0,0,2,1,0,0,130
2006,8,LV,REG,2006_08_PIT_OAK,PIT,5,14,51,0,1,6,-34,0,0,126,8,2,-15.5626707181863,-24.3548977833528,0,2,1,0,0,29,81,0,0,0,3,-6.25400348895346,0,0,0,0,0,5,0,51,0,0,0,126,8,2,2.54521981923608,0,2,1,0,0,0,52,11,11,0,0,0,5,30,5,4,125,7,2,0,0,0,0,0,0,0,0,0,0,0,0,0,5,45,4,0,0,0,0,0,3,14,3,92,2,2,0,0,41,1,1,0,0,1,0,0,0,0,0,0,0,0,19;41,,,60,0,0,2,2,0,0,1,0,0,0,0,0,7,0,53,337,3,1,0,1,3,2,15,0,302
2006,8,MIN,REG,2006_08_NE_MIN,NE,26,42,261,0,4,4,-22,0,0,328,164,14,-23.1348367940518,-0.115743814370571,0,12,4,3,1,15,45,0,1,0,2,-3.69644034194062,0,0,0,0,0,26,0,261,0,0,0,328,164,14,14.2294501907891,0,12,4,3,1,1,51,1,1,0,0,3,3,27,4,1,0,1,0,0,0,0,0,0,0,0,0,1,0,1,5,0,6,39,3,0,1,0,1,0,2,81,5,82,0,0,0,0,,,0,0,0,0,0,0,0,0,0,0,0,0,,,,0,0,0,1,1,0,0,1,0,0,0,0,0,5,0,61,249,0,0,0,2,0,3,44,0,165
2006,8,NE,REG,2006_08_NE_MIN,MIN,29,43,372,4,1,3,-27,1,0,287,214,18,12.4429330957712,4.30633745542387,0,14,6,5,2,15,85,0,1,0,4,-4.69865466526244,0,4,3,2,0,29,0,372,4,1,1,287,214,18,28.6599713142496,0,14,6,5,2,0,50,1,1,0,0,0,4,22,9,4,74,6,0,0,0,0,0,0,0,0,0,1,0,0,0,0,9,85,4,3,0,1,3,1,3,44,2,91,1,1,0,0,23,1,0,1,0,0,0,0,0,0,0,0,0,0,23,,,23,0,0,4,4,0,0,1,0,0,0,0,0,4,0,55,187,0,1,0,1,0,2,81,1,86
2006,8,NO,REG,2006_08_BAL_NO,BAL,24,46,383,3,4,2,-15,0,0,405,143,13,-8.26594718442345,-4.60760593414307,1,11,10,8,2,14,35,0,1,1,0,-7.6661536465981,0,1,0,0,0,24,0,383,3,0,0,405,143,13,35.2696422359296,1,11,10,8,2,0,42,18,18,0,0,1,1,3,4,0,0,3,0,0,0,0,0,0,0,0,0,0,-3,1,0,0,10,68,5,0,1,0,1,1,2,14,6,136,0,0,0,0,,,0,0,0,0,0,0,0,0,0,0,0,0,,,,0,0,0,2,2,0,0,1,0,0,0,0,0,2,0,45,89,0,0,0,0,0,2,11,0,78
2006,8,NYG,REG,2006_08_TB_NYG,TB,16,31,154,1,0,2,-11,1,0,286,54,9,-6.72259746340569,-5.86922506491343,0,7,1,1,0,35,108,1,0,0,7,-6.09729272491163,0,3,3,1,0,16,0,154,1,0,0,286,54,9,14.0197817867156,0,7,1,1,0,0,35,8,8,0,0,3,2,5,8,0,0,6,0,0,0,0,0,0,0,0,0,1,0,1,0,0,4,40,2,1,0,0,1,0,4,28,2,35,1,1,0,0,31,1,0,0,1,0,0,0,0,0,0,0,0,0,31,,,31,0,0,2,2,0,0,1,0,0,0,0,0,9,0,46,336,2,0,2,1,0,6,39,0,277
2006,8,NYJ,REG,2006_08_NYJ_CLE,CLE,11,28,108,0,2,1,-3,0,0,318,50,7,-9.07842514436925,-16.4904715286361,0,3,2,1,0,27,88,0,1,1,4,-8.03122967484909,0,1,0,0,0,11,0,108,0,0,0,318,50,7,9.96557619137457,0,3,2,1,0,1,32,26,26,0,0,0,3,21,6,1,0,4,0,0,0,0,0,0,0,0,0,0,0,0,0,0,1,5,4,1,0,0,1,1,4,55,5,176,2,3,1,0,47,0.666666666666667,0,1,0,1,0,0,0,0,0,0,1,0,27;47,52,,74,52,0,1,1,0,0,1,0,0,0,0,0,3,0,69,154,3,0,2,0,0,1,1,0,153
2006,8,PHI,REG,2006_08_JAX_PHI,JAX,18,34,161,0,0,4,-19,0,0,237,89,9,-11.6338068437651,-11.8006666501363,0,7,3,2,0,20,85,0,0,0,4,0.236288124055136,0,2,2,0,0,18,0,161,0,0,0,237,89,9,4.9762571577924,0,7,3,2,0,0,45,3,27,0,0,1,1,11,2,0,0,6,0,0,0,0,0,0,0,0,0,0,0,1,0,0,8,50,3,0,0,0,0,0,2,24,1,18,2,2,0,0,28,1,0,2,0,0,0,0,0,0,0,0,0,0,25;28,,,53,0,0,0,0,0,0,,0,0,0,0,0,7,0,52,308,0,1,1,1,0,4,56,0,232
2006,8,PIT,REG,2006_08_PIT_OAK,LV,25,37,301,1,4,5,-30,0,0,338,85,12,-16.338025379909,13.3964480722652,0,10,6,4,1,28,89,0,1,0,2,-8.83351914866379,0,1,1,1,0,25,0,301,1,0,0,338,85,12,17.2104567277298,0,10,6,4,1,0,43,5,5,0,0,0,6,34,6,1,7,4,0,0,0,0,0,0,0,0,0,1,-7,0,0,0,6,70,5,0,1,0,1,0,2,15,3,58,2,2,0,0,39,1,0,1,1,0,0,0,0,0,0,0,0,0,29;39,,,68,0,0,1,1,0,0,1,0,0,0,0,0,4,0,48,160,0,0,1,0,0,3,14,0,146
2006,8,SEA,REG,2006_08_SEA_KC,KC,15,30,198,3,2,1,-5,0,0,302,44,10,4.43691409158055,,0,7,4,3,1,18,47,0,0,0,3,-1.54999568499625,0,1,1,0,0,15,0,198,3,0,0,302,44,10,18.2420305324486,0,7,4,3,1,0,64,8,8,0,0,2,1,4,2,0,0,3,0,0,0,0,0,0,0,0,0,0,0,3,61,1,4,35,5,0,0,0,0,0,1,11,7,147,0,0,0,0,,,0,0,0,0,0,0,0,0,0,0,0,0,,,,0,0,0,4,4,0,0,1,0,0,0,0,0,4,0,54,198,2,1,0,1,0,2,9,0,169
2006,8,SF,REG,2006_08_SF_CHI,CHI,16,26,146,1,1,2,-14,1,1,212,43,6,-5.10783765917559,0.189139143280361,0,7,4,1,0,18,130,0,1,1,5,-0.806698760134168,0,3,3,2,1,16,0,146,1,2,1,212,43,6,7.971987614932,0,7,4,1,0,0,51,9,11,0,0,1,1,6,1,0,0,2,0,0,0,0,0,0,0,0,0,1,0,0,0,0,5,38,4,5,0,0,5,4,2,31,6,126,1,1,0,0,23,1,0,1,0,0,0,0,0,0,0,0,0,0,23,,,23,0,0,1,1,0,0,1,0,0,0,0,0,4,0,50,156,1,1,1,0,1,1,42,0,114
2006,8,TB,REG,2006_08_TB_NYG,NYG,20,48,139,0,0,2,-5,1,0,312,88,5,-22.0818047972516,-18.925763888562,0,5,0,0,0,13,40,0,1,1,2,-8.66386193380458,0,2,2,0,0,20,0,139,0,2,0,312,88,5,3.43377312057419,0,5,0,0,0,0,27,28,28,0,0,1,2,11,2,0,0,3,0,2,0,0,0,0,0,0,0,5,0,0,0,0,3,30,3,3,3,0,6,1,6,39,2,13,1,1,0,0,43,1,0,0,0,1,0,0,0,0,0,0,0,0,43,,,43,0,0,0,0,0,0,,0,0,0,0,0,9,0,57,357,2,1,2,0,2,4,28,0,329
2006,8,TEN,REG,2006_08_HOU_TEN,HOU,7,15,87,1,0,1,-1,0,0,175,51,5,-2.9220488978317,-7.78843526329313,0,5,2,2,0,27,111,1,0,0,4,-3.47487398423255,0,4,3,1,0,7,0,87,1,0,0,175,51,5,6.09241528471466,0,5,2,2,0,1,39,23,27,0,0,2,4,20,6,2,35,5,0,1,0,0,1,0,0,0,0,2,-6,3,33,1,8,64,3,0,2,0,2,0,3,59,3,94,0,0,0,0,,,0,0,0,0,0,0,0,0,0,0,0,0,,,,0,0,0,4,4,0,0,1,0,0,0,0,0,8,0,61,393,2,0,2,4,1,1,14,0,299
2006,9,ATL,REG,2006_09_ATL_DET,DET,17,32,163,1,2,2,-9,1,1,260,68,9,-13.2686812125612,-6.10087255636851,0,7,2,1,0,26,165,1,0,0,9,5.37244911157177,0,4,2,2,0,17,0,163,1,0,0,260,68,9,8.92850497941254,0,7,2,1,0,0,45,2,16,0,0,1,3,13,2,1,6,6,0,0,0,0,0,0,0,0,0,0,0,0,0,0,9,76,5,0,1,0,1,1,2,11,5,102,0,0,0,0,,,0,0,0,0,0,0,0,0,0,0,0,0,,,,0,0,0,2,2,0,0,1,0,0,0,0,0,6,0,55,238,2,1,0,1,2,2,30,0,188
2006,9,BAL,REG,2006_09_CIN_BAL,CIN,21,31,245,0,0,0,0,0,0,260,100,13,9.42701272043047,5.6900388721762,0,12,6,4,0,38,129,1,1,0,8,-11.4474942918364,0,4,2,1,0,21,0,245,0,0,0,260,100,13,19.4345385399065,0,12,6,4,0,0,27,11,11,0,0,0,2,12,3,2,69,7,1,0,0,0,0,0,0,0,0,1,-8,1,0,0,8,81,1,0,1,0,1,0,3,19,4,74,4,4,0,0,43,1,0,1,2,1,0,0,0,0,0,0,0,0,43;25;36;35,,,139,0,0,2,2,0,0,1,0,0,0,0,0,4,0,52,182,2,1,0,0,0,3,27,0,155
2006,9,BUF,REG,2006_09_GB_BUF,GB,8,15,102,1,0,5,-38,0,0,151,48,3,-6.13963990891352,-2.75334854920705,0,3,1,1,1,28,120,1,0,0,7,-1.17822387351678,0,2,2,0,0,8,0,102,1,0,0,151,48,3,7.72717597876908,0,3,1,1,1,0,38,22,34,0,0,0,2,7,12,2,93,14,1,1,0,0,0,0,0,0,0,1,0,2,0,0,8,50,3,1,0,0,1,0,3,23,3,100,1,1,0,0,28,1,0,1,0,0,0,0,0,0,0,0,0,0,28,,,28,0,0,3,3,0,0,1,0,0,0,0,0,8,0,65,379,4,2,0,0,1,5,9,0,370
2006,9,CHI,REG,2006_09_MIA_CHI,MIA,18,42,210,1,3,3,-21,1,1,374,79,10,-24.2944644597384,-16.1773529572365,0,9,5,2,0,28,103,0,0,0,4,-1.74479585152585,0,2,0,0,0,18,0,210,1,1,1,374,79,10,8.82805626862682,0,9,5,2,0,0,45,12,12,0,0,0,0,0,3,2,5,4,0,1,0,0,0,1,0,0,0,1,0,0,0,0,7,45,6,3,1,0,4,3,2,11,6,140,2,2,0,0,38,1,0,0,2,0,0,0,0,0,0,0,0,0,38;38,,,76,0,0,1,1,0,0,1,0,0,0,0,0,3,0,52,147,1,0,0,0,1,2,13,0,134
2006,9,CIN,REG,2006_09_CIN_BAL,BAL,12,26,195,1,2,2,-12,0,0,304,66,8,-7.55476085887098,-15.6278265559155,0,6,3,3,1,22,92,1,0,0,6,2.19871486158809,0,1,1,0,0,12,0,195,1,0,0,304,66,8,14.8412494087825,0,6,3,3,1,0,40,20,20,0,0,0,0,0,0,0,0,5,0,0,0,0,0,0,0,0,0,1,0,0,0,0,4,40,3,0,2,0,2,1,3,27,7,124,2,2,0,0,51,1,0,0,1,0,1,0,0,0,0,0,0,0,51;31,,,82,0,0,2,2,0,0,1,0,0,0,0,0,4,0,61,193,3,1,0,0,0,3,19,0,174
2006,9,CLE,REG,2006_09_CLE_SD,LAC,25,43,236,1,1,5,-32,1,1,272,49,12,-8.379497131267,-1.15644068290026,0,8,3,2,1,28,89,0,1,0,4,-5.86354325434181,0,2,0,0,0,25,0,236,1,1,0,272,49,12,18.271866682763,0,8,3,2,1,0,43,6,6,0,0,1,3,20,3,0,0,4,0,0,0,0,0,0,0,0,0,2,0,1,0,0,6,50,6,3,0,0,3,1,3,104,5,133,6,6,0,0,42,1,0,1,4,1,0,0,0,0,0,0,0,0,37;20;42;30;36;35,,,200,0,0,1,1,0,0,1,0,0,0,0,0,4,0,55,168,2,0,1,0,1,2,19,0,149
2006,9,DAL,REG,2006_09_DAL_WAS,WAS,24,36,284,2,0,2,-17,0,0,356,89,13,12.8328713825448,6.09935053757259,0,9,7,5,1,29,111,0,0,0,6,-2.78574671555543,0,3,0,0,0,24,0,284,2,0,0,356,89,13,22.0250857104674,0,9,7,5,1,0,34,18,18,0,0,0,1,9,4,0,0,4,0,0,0,0,0,0,0,0,0,0,0,1,0,0,11,153,5,0,0,0,0,0,2,21,4,62,2,3,0,1,33,0.666666666666667,0,0,2,0,0,0,0,0,0,0,0,0,33;30,,35,63,0,35,1,1,0,0,1,0,0,0,0,0,5,0,46,215,0,0,0,2,0,3,50,0,125
2006,9,DEN,REG,2006_09_DEN_PIT,PIT,16,27,227,3,0,1,-6,0,0,290,102,8,9.66555941931438,1.72275691120713,0,8,4,3,1,23,115,1,0,0,3,3.845716669166,0,1,1,1,1,16,0,227,3,0,0,290,102,8,20.3299426312442,0,8,4,3,1,0,55,9,17,0,0,6,4,30,5,3,5,8,0,0,0,0,0,0,0,0,0,0,0,3,23,0,8,60,2,0,0,0,0,0,1,10,4,71,1,1,0,0,32,1,0,0,1,0,0,0,0,0,0,0,0,0,32,,,32,0,0,4,4,0,0,1,0,0,0,0,0,7,0,49,296,1,0,3,0,1,3,9,0,287
2006,9,DET,REG,2006_09_ATL_DET,ATL,20,32,321,1,1,3,-13,1,0,242,175,15,4.27168737805156,-5.27251390740275,0,14,11,4,1,27,127,2,0,0,4,1.75213838707967,0,2,2,1,0,20,0,321,1,0,0,242,175,15,21.7562576602795,0,14,11,4,1,0,33,2,26,0,0,0,1,9,1,2,8,5,0,0,0,0,0,0,0,0,0,0,0,1,0,0,10,71,2,1,0,1,1,0,2,30,3,64,3,3,0,0,36,1,1,1,1,0,0,0,0,0,0,0,0,0,28;19;36,,,83,0,0,3,3,0,0,1,0,0,0,0,0,2,0,46,83,1,0,0,0,0,2,11,0,72
2006,9,GB,REG,2006_09_GB_BUF,BUF,28,47,287,1,2,2,-7,0,0,347,118,19,-10.6099796140737,0.0618628999020191,0,17,5,2,0,30,147,0,0,0,7,-6.3922309182235,0,5,3,1,0,28,0,287,1,0,0,347,118,19,21.0006685954286,0,17,5,2,0,0,28,13,17,0,0,1,5,38,8,0,0,3,0,0,0,0,0,0,0,0,0,0,-7,0,0,0,5,36,6,0,2,0,2,2,5,9,5,76,1,1,0,0,49,1,0,0,0,1,0,0,0,0,0,0,0,0,49,,,49,0,0,1,1,0,0,1,0,0,0,0,0,6,0,53,233,3,0,2,1,0,3,23,0,190
2006,9,HOU,REG,2006_09_HOU_NYG,NYG,21,30,176,0,0,1,-6,0,0,161,103,10,7.94827300747414,2.70010242859523,0,8,1,1,0,26,81,1,0,0,5,0.218296703038504,0,1,1,0,0,21,0,176,0,1,1,161,103,10,12.4346481788962,0,8,1,1,0,0,28,19,19,0,0,0,2,16,4,1,2,3,0,0,0,0,0,0,0,0,0,0,0,0,0,0,8,65,5,1,0,0,1,1,1,10,3,67,1,2,1,0,41,0.5,0,0,0,1,0,0,0,0,0,1,0,0,41,42,,41,42,0,1,1,0,0,1,0,0,0,0,0,3,0,38,93,1,0,1,0,1,1,0,0,93
2006,9,IND,REG,2006_09_IND_NE,NE,20,36,326,2,1,3,-25,0,0,385,75,17,11.8907844197742,4.64774535761939,0,12,8,5,1,25,53,1,0,0,2,-2.8372877576162,0,1,1,0,0,20,0,326,2,1,0,385,75,17,34.8012904669158,0,12,8,5,1,0,24,34,34,0,0,1,0,0,2,4,44,7,0,0,0,0,0,0,0,0,0,0,0,1,0,0,7,68,3,2,0,1,2,1,1,3,5,175,2,4,2,0,31,0.5,0,1,1,0,0,0,0,0,1,1,0,0,23;31,37;46,,54,83,0,3,3,0,0,1,0,0,0,0,0,1,0,29,29,1,0,0,0,1,0,0,0,29
2006,9,JAX,REG,2006_09_TEN_JAX,TEN,12,22,177,3,0,2,-8,0,0,255,45,8,6.30511724418516,-1.11710347912528,0,9,5,4,0,30,173,0,0,0,8,-0.319116861770252,0,7,4,1,1,12,0,177,3,0,0,255,45,8,18.0353109574062,0,9,5,4,0,0,49,2,8,0,0,1,1,9,2,3,110,8,1,0,0,0,0,0,0,0,0,0,0,0,0,0,4,20,4,0,0,0,0,0,4,43,2,38,3,3,0,0,47,1,0,1,1,1,0,0,0,0,0,0,0,0,47;21;39,,,107,0,0,4,4,0,0,1,0,0,0,0,0,5,0,52,205,3,2,0,0,1,2,29,0,176
2006,9,KC,REG,2006_09_KC_STL,LA,10,15,148,3,0,2,-17,0,0,146,60,9,5.5709414712037,11.2789096576827,0,8,2,2,1,32,186,1,1,0,6,5.13218964996643,0,6,5,1,1,10,0,148,3,0,0,146,60,9,14.74315398623,0,8,2,2,1,0,65,1,1,0,0,3,2,17,2,0,0,3,0,0,0,0,0,0,0,0,0,1,-5,3,3,0,5,23,2,0,1,0,1,0,1,-1,2,43,1,1,0,0,42,1,0,0,0,1,0,0,0,0,0,0,0,0,42,,,42,0,0,4,4,0,0,1,0,0,0,0,0,6,0,53,262,3,0,1,0,3,2,-2,0,264
2006,9,LA,REG,2006_09_KC_STL,KC,31,42,354,1,0,2,-17,1,1,322,100,18,5.44541294625952,11.6477839103559,0,12,9,6,0,28,115,1,1,1,8,-5.11710447390215,0,4,2,1,0,31,0,354,1,1,0,322,100,18,23.5901954658387,0,12,9,6,0,0,44,2,2,0,0,0,2,17,5,0,0,1,0,1,0,0,0,0,0,0,0,0,0,0,0,0,8,67,5,3,1,1,4,3,2,-2,6,122,1,1,0,0,41,1,0,0,0,1,0,0,0,0,0,0,0,0,41,,,41,0,0,2,2,0,0,1,0,0,0,0,0,4,0,58,176,2,0,2,1,0,1,-1,0,157
2006,9,LAC,REG,2006_09_CLE_SD,CLE,19,28,211,0,0,3,-20,0,0,176,94,8,2.35466076720496,2.47628150077967,1,9,5,3,0,23,190,3,1,0,10,9.65522499190411,0,6,5,3,1,19,0,211,0,1,1,176,94,8,10.8598175488734,1,9,5,3,0,0,38,27,27,0,0,3,5,32,5,1,-2,9,0,0,0,0,0,0,0,0,0,1,-4,1,0,1,12,113,4,1,1,0,2,1,2,19,5,99,1,1,0,0,29,1,0,1,0,0,0,0,0,0,0,0,0,0,29,,,29,0,0,3,3,0,0,1,0,0,0,0,0,6,0,66,291,2,0,1,0,2,3,104,0,187
2006,9,LV,REG,2006_09_OAK_SEA,SEA,16,35,166,0,0,9,-45,0,0,368,53,8,-17.3048758676741,-17.2034962102771,0,10,2,0,0,13,64,0,1,0,3,-1.1107256533578,0,2,1,1,0,16,0,166,0,0,0,368,53,8,12.4610183279729,0,10,2,0,0,0,49,14,14,0,0,0,3,12,5,0,0,4,0,0,0,0,0,0,0,0,0,1,-4,0,0,0,8,60,4,0,1,0,1,0,3,19,3,53,0,0,0,0,,,0,0,0,0,0,0,0,0,0,0,0,0,,,,0,0,0,0,0,0,0,,0,0,0,0,0,10,0,61,450,2,0,1,3,1,5,39,0,351
2006,9,MIA,REG,2006_09_MIA_CHI,CHI,16,32,137,3,2,0,0,0,0,187,67,6,-8.79329723765841,-6.31375043622909,0,4,3,2,0,35,161,0,0,0,10,-1.08013456487484,0,6,4,3,0,16,0,137,3,0,0,187,67,6,12.0272202796186,0,4,3,2,0,0,45,12,12,0,0,3,3,21,4,3,39,10,1,0,0,0,0,0,0,0,0,0,0,3,33,0,11,69,4,0,0,0,0,0,2,13,4,70,1,2,0,1,20,0.5,0,1,0,0,0,0,0,0,0,0,0,0,20,,37,20,0,37,4,4,0,0,1,0,0,0,0,0,6,0,51,261,3,1,1,1,1,2,11,0,230
2006,9,MIN,REG,2006_09_MIN_SF,SF,21,31,136,0,1,3,-33,2,2,106,103,6,-17.1337674647116,17.7399195730686,0,5,0,0,0,33,135,0,0,0,8,0.717281748191454,0,3,1,0,0,21,0,136,0,0,0,106,103,6,9.15412409284501,0,5,0,0,0,0,32,0,28,0,0,0,3,14,4,1,0,3,0,0,0,0,0,0,0,0,0,0,0,0,0,0,6,65,5,2,0,0,2,2,2,18,3,66,1,1,0,0,21,1,0,1,0,0,0,0,0,0,0,0,0,0,21,,,21,0,0,0,0,0,0,,0,0,0,0,0,5,0,43,198,2,0,1,0,3,1,2,0,196
2006,9,NE,REG,2006_09_IND_NE,IND,20,35,201,0,4,0,0,0,0,277,54,9,-8.24838150693295,-3.97702061078128,0,6,3,3,0,33,148,2,1,1,11,2.55325514398282,0,4,2,0,0,20,0,201,0,0,0,277,54,9,12.4904416195932,0,6,3,3,0,0,27,24,26,0,0,2,3,25,12,1,32,3,0,0,0,0,0,0,0,0,0,0,0,1,0,0,8,81,6,1,0,0,1,1,0,0,6,156,2,3,1,0,49,0.666666666666667,0,1,0,1,0,0,0,0,1,0,0,0,49;26,36,,75,36,0,2,2,0,0,1,0,0,0,0,0,1,0,46,46,0,0,0,0,0,1,3,0,43
2006,9,NO,REG,2006_09_NO_TB,TB,24,32,314,3,0,0,0,0,0,300,79,13,23.7025945074341,14.0244990587235,0,11,5,3,2,35,49,1,0,0,6,-13.2598183234222,0,0,0,0,0,24,0,314,3,0,0,300,79,13,30.7637479420519,0,11,5,3,2,0,25,19,21,0,0,3,4,27,7,0,0,6,0,1,0,0,0,0,0,0,0,0,0,1,0,0,4,25,4,0,1,1,1,0,6,54,3,41,1,1,0,0,46,1,0,0,0,1,0,0,0,0,0,0,0,0,46,,,46,0,0,4,4,0,0,1,0,0,0,0,0,6,0,54,242,1,0,0,1,2,3,12,0,210
2006,9,NYG,REG,2006_09_HOU_NYG,HOU,17,29,179,1,1,2,-16,0,0,203,107,11,4.37034829825279,-1.92080800022398,0,10,3,2,0,28,122,1,0,0,10,-0.365227300149854,0,5,5,0,0,17,0,179,1,0,0,203,107,11,16.6246956358082,0,10,3,2,0,0,33,18,18,0,0,1,1,6,3,0,0,5,0,0,0,0,0,0,0,0,0,0,0,1,4,0,6,53,4,0,0,0,0,0,1,0,3,61,0,0,0,0,,,0,0,0,0,0,0,0,0,0,0,0,0,,,,0,0,0,2,2,0,0,1,0,0,0,0,0,3,0,39,110,1,1,0,1,0,1,10,0,80
2006,9,PIT,REG,2006_09_DEN_PIT,DEN,38,54,433,1,3,4,-30,1,0,415,292,21,13.2119918901326,8.29584342691134,0,20,8,3,1,19,96,1,1,0,4,0.477210141291205,0,2,2,1,0,38,0,433,1,2,2,415,292,21,20.1567271223203,0,20,8,3,1,0,28,13,17,0,0,0,1,6,1,0,0,6,0,1,0,0,0,0,0,0,0,3,0,0,0,0,5,50,6,6,0,0,6,3,3,9,5,115,2,3,1,0,46,0.666666666666667,0,1,0,1,0,0,0,0,0,1,0,0,46;29,40,,75,40,0,2,2,0,0,1,0,0,0,0,0,2,0,41,80,0,0,0,0,1,1,10,0,70
2006,9,SEA,REG,2006_09_OAK_SEA,LV,18,30,176,1,0,3,-12,0,0,230,60,9,-4.33564567560143,-0.815807389361518,0,8,5,2,0,39,207,0,0,0,9,1.7750210602473,0,5,4,2,0,18,0,176,1,0,0,230,60,9,9.82949666933485,0,8,5,2,0,0,30,13,13,0,0,0,9,45,9,0,0,10,0,0,0,0,0,0,0,0,0,0,0,0,0,0,10,80,4,0,0,0,0,0,5,39,0,0,3,3,0,0,25,1,0,3,0,0,0,0,0,0,0,0,0,0,20;25;20,,,65,0,0,1,1,0,0,1,0,0,0,0,0,8,0,63,339,3,2,1,2,0,3,19,0,280
2006,9,SF,REG,2006_09_MIN_SF,MIN,13,21,105,0,1,3,-14,0,0,93,41,4,-10.3547196197784,22.2598349054654,0,4,2,1,0,26,42,0,0,0,3,-6.32750880677486,0,1,0,0,0,13,0,105,0,0,0,93,41,4,3.68361842662031,0,4,2,1,0,0,46,0,32,0,0,2,3,33,6,1,4,5,0,0,0,0,0,0,0,0,0,0,0,2,11,0,5,56,2,0,0,0,0,0,1,2,2,55,3,3,0,0,51,1,0,1,1,0,1,0,0,0,0,0,0,0,25;30;51,,,106,0,0,0,0,0,0,,0,0,0,0,0,6,0,54,291,0,0,0,1,3,2,18,0,253
2006,9,TB,REG,2006_09_NO_TB,NO,18,31,185,2,0,4,-27,2,1,171,64,8,-9.07786233263323,-0.711956209149854,0,7,3,2,1,18,68,0,1,0,3,-3.40837829996599,0,1,1,0,0,18,0,185,2,0,0,171,64,8,10.2994204917923,0,7,3,2,1,0,34,26,26,0,0,0,0,0,1,0,0,5,0,1,0,0,0,0,0,0,0,2,0,0,0,0,4,25,3,3,1,1,4,1,3,12,4,89,0,0,0,0,,,0,0,0,0,0,0,0,0,0,0,0,0,,,,0,0,0,2,2,0,0,1,0,0,0,0,0,8,0,48,327,1,0,1,0,1,6,54,0,273
2006,9,TEN,REG,2006_09_TEN_JAX,JAX,15,36,163,1,3,1,-9,0,0,336,75,8,-21.0133529276936,-23.8445087336004,0,7,4,2,0,32,108,0,1,0,5,-5.62863961476251,0,1,1,0,0,15,0,163,1,0,0,336,75,8,13.9583613405121,0,7,4,2,0,0,44,2,8,0,0,0,2,8,4,0,0,2,0,0,0,0,0,0,0,0,0,0,0,0,0,0,4,20,5,1,0,1,1,0,2,29,6,126,0,0,0,0,,,0,0,0,0,0,0,0,0,0,0,0,0,,,,0,0,0,1,1,0,0,1,0,0,0,0,0,7,0,73,327,3,0,2,0,1,4,43,0,284
2006,9,WAS,REG,2006_09_DAL_WAS,DAL,14,23,192,1,0,1,-9,0,0,153,103,10,6.89099042142224,1.80887281894684,0,7,7,4,0,32,117,1,1,1,4,-10.8393291211665,0,1,1,1,0,14,0,192,1,0,0,153,103,10,16.8923236333358,0,7,7,4,0,0,31,23,29,0,0,0,2,17,3,0,0,5,0,0,1,0,0,1,0,0,30,0,-5,0,0,0,5,41,3,0,1,0,1,1,3,50,6,78,2,3,1,0,47,0.666666666666667,0,1,0,1,0,0,0,0,0,1,0,0,28;47,49,,75,49,0,2,2,0,0,1,1,1,0,0,47,4,0,54,171,1,0,0,1,1,2,21,0,130
2006,10,ARI,REG,2006_10_DAL_ARI,DAL,20,38,216,0,2,1,-7,1,0,331,52,10,-4.86203423922417,-8.02370603713724,0,7,3,2,1,21,86,1,1,1,5,-2.50232194666751,0,3,3,0,0,20,0,216,0,0,0,331,52,10,16.5798466670967,0,7,3,2,1,0,50,8,8,0,0,1,0,0,3,0,0,3,0,0,0,0,0,0,0,0,0,1,0,0,0,0,5,35,6,2,0,0,2,1,1,4,5,99,1,1,0,0,28,1,0,1,0,0,0,0,0,0,0,0,0,0,28,,,28,0,0,1,1,0,0,1,0,0,0,0,0,3,0,44,107,0,0,0,0,1,2,29,0,78
2006,10,ATL,REG,2006_10_CLE_ATL,CLE,16,41,197,1,2,1,-3,0,0,467,62,10,-12.3955404587029,-24.4617842882872,0,8,2,2,1,29,149,0,1,1,5,-2.16223838733276,0,4,4,3,0,16,0,197,1,0,0,467,59,10,14.2300951572834,0,7,2,2,1,0,47,8,8,0,0,2,5,20,4,0,0,1,0,0,0,0,0,0,0,0,0,0,0,2,34,0,8,76,6,0,1,0,1,1,6,61,4,99,2,2,0,0,44,1,0,0,0,2,0,0,0,0,0,0,0,0,44;41,,,85,0,0,1,1,0,0,1,0,0,0,0,0,8,0,46,287,3,2,1,0,2,3,14,0,273
2006,10,BAL,REG,2006_10_BAL_TEN,TEN,29,47,373,3,2,1,-2,0,0,411,140,16,12.3179020539562,1.73313850941865,0,15,6,4,1,21,50,0,0,0,2,-8.64113144017756,0,2,1,0,0,29,0,373,3,0,0,411,140,16,31.3942831488093,0,15,6,4,1,0,31,24,28,0,0,0,2,6,4,1,-5,8,0,0,0,0,0,1,0,0,0,1,0,0,0,0,8,91,5,0,0,0,0,0,2,11,4,93,2,2,0,0,40,1,0,1,0,1,0,0,0,0,0,0,0,0,27;40,,,67,0,0,3,3,0,0,1,0,0,0,0,0,5,0,47,194,2,0,3,0,0,2,-2,0,196
2006,10,BUF,REG,2006_10_BUF_IND,IND,9,13,83,0,0,4,-32,0,0,123,25,4,0.776576681892372,17.9621929472143,0,2,2,2,0,31,111,0,1,0,4,-6.72031696669822,0,1,1,0,0,9,0,83,0,0,0,123,25,4,11.4329515603604,0,2,2,2,0,0,36,22,22,0,0,2,0,0,0,0,0,6,0,0,0,0,0,0,0,0,0,2,-3,2,76,1,5,40,3,1,1,0,2,0,2,27,4,165,3,4,1,0,43,0.75,0,1,1,1,0,0,0,0,0,1,0,0,22;30;43,41,,95,41,0,1,1,0,0,1,0,1,1,0,41,4,0,61,197,3,0,1,0,2,1,0,0,197
2006,10,CAR,REG,2006_10_TB_CAR,TB,22,34,240,2,1,0,0,0,0,318,88,9,11.1650686706753,4.71213214537677,0,6,4,4,1,30,78,1,0,0,6,-10.8362681501894,0,2,2,0,0,22,0,240,2,1,1,318,88,9,15.2210432580659,0,6,4,4,1,0,43,3,13,0,0,1,3,20,4,2,0,6,0,0,0,0,0,0,0,0,0,0,0,2,0,0,9,70,1,1,0,0,1,1,4,20,3,54,1,1,0,0,28,1,0,1,0,0,0,0,0,0,0,0,0,0,28,,,28,0,0,3,3,0,0,1,0,0,0,0,0,6,0,54,278,4,0,0,1,1,4,7,0,251
2006,10,CHI,REG,2006_10_CHI_NYG,NYG,18,30,246,3,1,2,-12,1,0,262,96,11,8.91301735241187,0.975454648335775,0,10,7,6,0,39,118,1,1,1,7,-6.1389651731588,0,3,1,1,0,18,0,246,3,1,1,262,96,11,21.9536141012213,0,10,7,6,0,1,35,12,12,0,0,2,2,22,5,2,27,7,0,0,0,0,0,0,0,0,108,1,0,1,0,0,9,80,4,3,0,0,3,2,2,0,5,100,1,1,0,0,49,1,0,0,0,1,0,0,0,0,0,0,0,0,49,,,49,0,0,5,5,0,0,1,0,0,0,0,0,5,0,52,196,0,1,0,1,1,2,45,0,131
2006,10,CIN,REG,2006_10_SD_CIN,LAC,31,42,440,3,0,2,-19,1,1,474,106,20,12.779084006457,20.8923349293267,0,16,10,8,2,28,124,2,0,0,8,1.8201785243582,0,4,4,0,0,31,0,440,3,0,0,474,106,20,31.9513747672894,0,16,10,8,2,0,39,0,22,0,0,1,3,14,8,0,0,6,0,1,0,0,0,0,0,0,0,1,7,0,0,0,5,44,5,1,1,0,2,1,2,10,7,153,2,3,1,0,44,0.666666666666667,0,1,0,1,0,0,0,0,0,0,1,0,21;44,51,,65,51,0,5,5,0,0,1,0,0,0,0,0,3,0,41,107,1,1,0,0,2,0,0,0,107
2006,10,CLE,REG,2006_10_CLE_ATL,ATL,16,22,165,1,0,5,-20,1,1,209,56,5,-2.91483025350237,9.10837352275848,0,4,3,2,1,27,91,1,1,1,3,-8.34169674030272,0,2,2,0,0,16,0,165,1,0,0,209,56,5,8.18447357486002,0,4,3,2,1,0,51,4,4,0,0,0,1,3,1,2,10,6,0,0,0,0,0,0,0,0,0,0,0,1,1,0,7,52,4,2,0,0,2,2,3,14,3,56,1,1,0,0,43,1,0,0,0,1,0,0,0,0,0,0,0,0,43,,,43,0,0,2,2,0,0,1,0,0,0,0,0,10,0,53,462,2,2,1,1,0,6,61,0,381
2006,10,DAL,REG,2006_10_DAL_ARI,ARI,20,29,308,2,0,0,0,0,0,321,117,13,20.669047333792,11.4364658083235,0,13,8,5,1,35,126,1,1,0,7,-7.994544267538,0,3,1,0,0,20,0,308,2,1,0,321,117,13,26.49281227967,0,13,8,5,1,0,36,9,9,0,0,2,1,7,3,2,26,9,0,0,0,0,0,0,0,0,0,2,-8,1,0,0,8,69,2,1,1,0,2,0,2,29,2,39,2,2,0,0,38,1,0,1,1,0,0,0,0,0,0,0,0,0,28;38,,,66,0,0,3,3,0,0,1,0,0,0,0,0,2,0,66,116,1,0,0,1,0,1,4,0,92
2006,10,DEN,REG,2006_10_DEN_OAK,LV,20,31,210,2,3,2,-9,0,0,295,87,10,-2.56264209677465,3.56334262880786,0,8,4,3,0,26,63,0,1,0,3,-8.83162889942946,0,0,0,0,0,20,0,210,2,0,0,295,87,10,16.0608045812987,0,8,4,3,0,0,47,8,8,0,0,1,3,16,3,0,0,3,0,0,0,0,0,0,0,0,0,2,0,2,0,0,4,15,5,1,1,0,2,0,2,57,3,66,1,1,0,0,24,1,0,1,0,0,0,0,0,0,0,0,0,0,24,,,24,0,0,2,2,0,0,1,0,0,0,0,0,7,0,46,235,1,0,2,0,2,3,11,0,224
2006,10,DET,REG,2006_10_SF_DET,SF,19,30,202,1,1,3,-22,1,1,274,67,9,-4.40686750290084,0.0968664884567261,0,6,5,4,0,17,71,0,1,1,4,-5.59880484722089,0,2,2,0,0,19,0,202,1,1,1,274,67,9,9.75918659070157,0,6,5,4,0,0,48,0,30,0,0,1,3,19,7,0,0,3,0,0,0,0,0,0,0,0,0,0,0,1,0,0,5,40,6,3,0,0,3,3,2,16,6,146,2,2,0,0,33,1,0,1,1,0,0,0,0,0,0,0,0,0,25;33,,,58,0,0,1,1,0,0,1,0,0,0,0,0,3,0,47,121,2,0,0,0,2,1,2,0,119
2006,10,GB,REG,2006_10_GB_MIN,MIN,24,42,347,2,0,0,0,0,0,340,194,13,15.3801645653305,-7.90115191442211,0,12,7,6,2,26,47,0,0,0,2,-12.3707109271852,0,1,0,0,0,24,0,347,2,0,0,340,164,13,30.4857987512951,0,13,7,6,1,0,37,6,20,0,0,2,4,35,5,1,0,3,0,0,0,0,0,0,0,0,0,0,0,1,0,0,5,34,4,0,0,0,0,0,6,43,3,64,3,3,0,0,29,1,0,3,0,0,0,0,0,0,0,0,0,0,20;24;29,,,73,0,0,2,2,0,0,1,0,0,0,0,0,7,0,66,359,2,1,1,3,0,2,14,0,285
2006,10,HOU,REG,2006_10_HOU_JAX,JAX,17,35,176,0,0,3,-18,0,0,161,84,9,-4.94369894473103,-12.4100293964148,0,7,2,2,1,42,148,1,1,0,9,4.93896813952597,0,4,3,0,0,17,0,176,0,0,0,161,84,9,14.6187563565909,0,7,2,2,1,0,37,2,2,0,0,0,2,10,4,4,21,10,0,0,0,0,0,0,0,0,0,1,0,0,0,0,6,51,3,1,0,0,1,0,1,12,3,67,2,4,2,0,28,0.5,0,2,0,0,0,0,0,0,1,0,1,0,25;28,32;52,,53,84,0,1,1,0,0,1,0,0,0,0,0,5,0,42,171,2,0,0,0,4,1,4,0,167
2006,10,IND,REG,2006_10_BUF_IND,BUF,27,39,236,1,0,0,0,0,0,187,134,14,4.66156889961232,-3.53278196774996,0,10,2,1,0,29,148,1,1,1,11,-3.75083931407426,0,2,1,0,0,27,0,236,1,1,1,187,134,14,4.31652116248981,0,10,2,1,0,0,37,15,15,0,0,1,4,32,4,0,0,0,0,0,0,0,0,0,0,0,0,0,0,0,0,0,6,54,2,2,0,0,2,2,1,0,5,116,1,1,0,0,31,1,0,0,1,0,0,0,0,0,0,0,0,0,31,,,31,0,0,2,2,0,0,1,0,0,0,0,0,3,0,57,142,1,0,1,0,0,2,27,0,115
2006,10,JAX,REG,2006_10_HOU_JAX,HOU,15,34,214,0,4,2,-10,0,0,462,122,9,-18.7463526966675,-19.9101638048887,0,9,6,4,0,19,118,1,1,0,6,7.43194216489792,0,4,4,1,0,15,0,214,0,0,0,462,122,9,11.7981893034885,0,9,6,4,0,0,61,2,6,0,0,1,3,18,5,0,0,8,0,0,0,0,0,0,0,0,0,1,0,0,0,0,9,65,6,0,1,0,1,0,1,4,3,54,1,1,0,0,44,1,0,0,0,1,0,0,0,0,0,0,0,0,44,,,44,0,0,1,1,0,0,1,0,0,0,0,0,4,0,41,146,1,0,0,0,3,1,12,0,134
2006,10,KC,REG,2006_10_KC_MIA,MIA,15,38,201,0,0,3,-16,0,0,415,69,12,-6.670797521585,-15.1912975837203,0,10,5,3,0,19,80,1,0,0,1,-1.21192297199741,0,2,1,0,0,15,0,201,0,0,0,415,69,12,15.0651124395487,0,10,5,3,0,0,47,0,20,0,0,1,1,12,3,0,0,4,0,0,0,0,0,0,0,0,0,1,0,1,20,0,7,65,4,1,0,0,1,0,3,15,3,57,1,2,1,0,27,0.5,0,1,0,0,0,0,0,0,0,1,0,0,27,48,,27,48,0,1,1,0,0,1,0,0,0,0,0,8,0,52,325,1,1,1,0,2,4,56,0,269
2006,10,LA,REG,2006_10_STL_SEA,SEA,26,40,215,0,1,4,-24,0,0,339,91,10,-2.54171007165624,3.43305237591267,0,8,2,1,0,20,108,1,0,0,8,3.4110397589393,0,2,2,1,0,26,0,215,0,0,0,339,91,10,13.8263297694919,0,8,2,1,0,0,38,14,14,0,0,3,6,38,4,0,0,2,0,0,0,0,0,0,0,0,0,1,0,2,89,1,7,58,4,0,1,0,1,0,2,10,4,81,3,3,0,0,42,1,0,0,1,2,0,0,0,0,0,0,0,0,40;42;35,,,117,0,0,1,1,0,0,1,0,0,0,0,0,3,0,52,131,2,0,0,0,0,3,95,1,36
2006,10,LAC,REG,2006_10_SD_CIN,CIN,24,36,337,3,0,3,-14,0,0,309,119,17,21.9219542453648,7.98876041339503,0,14,9,5,1,26,107,4,0,0,7,4.35530217041378,0,3,3,0,0,24,0,337,3,1,0,309,119,17,34.7864159211167,0,14,9,5,1,0,46,0,34,0,0,1,2,19,5,0,0,4,0,0,0,0,0,0,0,0,0,1,0,1,0,0,4,45,2,1,1,1,2,0,0,0,7,188,0,0,0,0,,,0,0,0,0,0,0,0,0,0,0,0,0,,,,0,0,0,7,7,0,0,1,0,0,0,0,0,5,0,53,186,2,1,0,0,2,2,10,0,176
2006,10,LV,REG,2006_10_DEN_OAK,DEN,18,33,214,0,0,3,-16,1,1,274,45,8,-10.0286663511786,-4.10561198368669,0,10,5,5,0,26,46,1,1,1,4,-10.3771827371093,0,2,1,0,0,18,0,214,0,0,0,274,45,8,14.3774553822586,0,10,5,5,0,0,44,7,7,0,0,1,2,9,2,3,13,5,0,0,0,0,0,0,0,0,0,0,-4,0,0,0,3,25,5,1,1,0,2,2,3,11,4,109,2,3,1,0,55,0.666666666666667,0,1,0,0,1,0,0,0,0,0,1,0,55;20,51,,75,51,0,1,1,0,0,1,0,0,0,0,0,8,0,57,356,3,0,4,2,0,2,57,0,259
2006,10,MIA,REG,2006_10_KC_MIA,KC,19,36,201,0,0,1,-12,0,0,294,60,11,0.720738548398465,-6.34863244162666,0,7,2,2,1,36,117,1,1,1,5,-14.0552553268208,0,1,1,0,0,19,0,201,0,0,0,294,60,11,17.9867023484258,0,7,2,2,1,0,33,0,16,0,0,1,3,16,7,0,0,14,0,1,0,0,0,0,0,0,0,1,-11,0,0,0,1,3,3,1,1,0,2,1,4,56,3,67,2,3,1,0,40,0.666666666666667,0,1,0,1,0,0,0,0,0,0,1,0,40;22,50,,62,50,0,1,1,0,0,1,0,0,0,0,0,6,0,47,224,2,0,2,1,0,3,15,0,189
2006,10,MIN,REG,2006_10_GB_MIN,GB,18,30,257,1,1,4,-35,1,1,233,121,9,-6.70203565437284,-1.13391317427158,0,9,5,4,2,23,90,0,0,0,4,-0.407996387279127,0,3,1,0,0,18,0,257,1,1,0,233,121,9,15.8310796584119,0,9,5,4,2,0,44,9,15,0,0,0,0,0,5,0,0,4,0,1,0,0,0,0,0,0,0,1,0,0,0,1,7,49,4,2,1,1,3,1,2,14,5,124,1,1,0,0,34,1,0,0,1,0,0,0,0,0,0,0,0,0,34,,,34,0,0,2,2,0,0,1,0,0,0,0,0,7,0,55,336,3,0,1,0,0,6,43,0,293
2006,10,NE,REG,2006_10_NYJ_NE,NYJ,25,37,255,1,1,4,-21,1,0,260,102,12,0.0759940046347372,5.1211723850833,1,12,4,2,0,25,143,0,0,0,9,3.39544042159105,0,3,2,1,1,25,0,255,1,1,1,260,102,12,12.6387868665744,1,12,4,2,0,0,27,28,28,0,0,0,1,7,3,1,0,4,0,0,0,0,0,0,0,0,0,1,0,0,0,0,4,30,6,2,0,0,2,1,1,8,4,108,2,2,0,0,31,1,0,1,1,0,0,0,0,0,0,0,0,0,31;21,,,52,0,0,0,0,0,0,,0,0,0,0,0,4,0,46,161,1,0,0,2,1,1,15,0,106
2006,10,NO,REG,2006_10_NO_PIT,PIT,31,47,398,1,0,1,-5,0,0,367,155,19,23.6790556123146,1.26563719538755,0,16,9,8,1,29,124,3,2,1,8,1.35242230778086,0,2,1,0,0,31,0,398,1,2,2,367,155,19,26.6578278563816,0,16,9,8,1,0,32,10,24,0,0,1,2,14,2,0,0,3,0,0,0,0,0,0,0,0,0,2,0,0,0,0,3,25,3,4,1,0,5,3,1,7,7,158,1,2,1,0,20,0.5,0,1,0,0,0,0,0,0,1,0,0,0,20,32,,20,32,0,4,4,0,0,1,0,0,0,0,0,2,0,40,79,1,0,0,1,1,0,0,0,59
2006,10,NYG,REG,2006_10_CHI_NYG,CHI,14,32,121,0,2,2,-22,2,1,237,53,8,-20.873226665217,-16.9528368980654,0,7,1,0,0,22,150,2,1,0,6,4.55787623949635,0,4,4,2,1,14,0,121,0,0,0,237,53,8,7.57941919675795,0,7,1,0,0,0,38,23,23,0,0,3,2,12,5,1,32,6,0,0,0,0,0,0,0,0,0,2,0,2,0,0,10,96,5,2,2,1,4,1,2,45,7,152,2,4,2,0,46,0.5,0,0,0,2,0,0,0,0,1,0,1,0,46;40,33;52,,86,85,0,2,2,0,0,1,0,0,0,0,0,5,0,47,202,2,3,0,0,0,2,0,0,202
2006,10,NYJ,REG,2006_10_NYJ_NE,NE,22,33,168,1,1,1,-7,0,0,237,83,11,-0.271728966787404,4.07362480958303,0,4,3,2,0,29,117,1,0,0,8,3.80945196090033,0,2,1,0,0,22,0,168,1,0,0,237,83,11,12.7124983728863,0,4,3,2,0,0,27,30,30,0,0,2,4,21,6,1,3,1,0,0,0,0,0,0,0,0,0,0,0,1,4,0,4,28,3,0,0,0,0,0,1,15,4,109,1,1,0,0,34,1,0,0,1,0,0,0,0,0,0,0,0,0,34,,,34,0,0,2,2,0,0,1,0,0,0,0,0,5,0,47,184,3,0,1,1,2,1,8,0,156
2006,10,PHI,REG,2006_10_WAS_PHI,WAS,12,26,222,1,0,1,-2,0,0,253,112,10,14.6520615397603,-5.50907020983489,0,7,5,3,1,34,145,0,0,0,7,-6.63001552189857,0,6,4,1,0,12,0,222,1,1,0,253,112,10,25.965692510712,0,7,5,3,1,0,40,6,16,0,0,1,0,0,2,1,70,8,1,0,0,0,0,0,0,0,0,1,37,0,0,1,7,65,4,1,0,0,1,0,2,18,2,66,2,2,0,0,37,1,0,1,1,0,0,0,0,0,0,0,0,0,37;25,,,62,0,0,3,3,0,0,1,0,0,0,0,0,5,0,56,187,1,0,2,2,1,0,0,0,147
2006,10,PIT,REG,2006_10_NO_PIT,NO,17,28,264,3,0,2,-14,0,0,260,135,12,10.7177739353104,1.3774209552341,0,9,7,6,1,26,217,2,0,0,7,10.3656093489262,0,3,3,2,2,17,0,264,3,0,0,260,135,12,21.0937979063601,0,9,7,6,1,0,41,19,27,0,0,4,1,5,1,0,0,7,0,0,0,0,0,0,0,0,0,1,0,3,6,0,5,34,3,1,0,0,1,0,0,0,6,135,1,2,1,0,32,0.5,0,0,1,0,0,0,0,0,1,0,0,0,32,35,,32,35,0,5,5,0,0,1,0,0,0,0,0,3,0,38,99,1,0,2,0,0,1,7,0,92
2006,10,SEA,REG,2006_10_STL_SEA,LA,15,23,161,2,0,6,-38,2,2,205,67,9,-12.2825983213261,2.93107810227767,0,8,2,2,0,26,160,0,1,0,9,4.75049267417585,0,7,5,2,0,15,0,161,2,0,0,205,67,9,14.4390565081267,0,8,2,2,0,1,35,20,20,0,0,0,4,24,7,1,0,8,0,0,0,0,0,0,0,0,0,0,0,0,0,0,3,16,2,3,0,1,3,2,3,95,6,105,1,1,0,0,38,1,0,0,1,0,0,0,0,0,0,0,0,0,38,,,38,0,0,3,3,0,0,1,1,1,0,0,38,4,0,50,168,0,0,0,0,2,2,10,0,158
2006,10,SF,REG,2006_10_SF_DET,DET,14,21,136,0,0,3,-19,0,0,141,70,9,3.24625556815189,3.66111937023345,0,5,3,1,0,44,198,1,1,1,7,-3.89377610599342,0,2,2,2,1,14,0,136,0,0,0,141,70,9,11.81051278095,0,5,3,1,0,0,40,1,13,0,0,3,3,22,2,1,24,3,0,0,0,0,0,0,0,0,0,0,0,3,0,0,5,51,4,1,0,0,1,1,1,2,4,90,4,4,0,0,47,1,0,3,0,1,0,0,0,0,0,0,0,0,28;23;23;47,,,121,0,0,1,1,0,0,1,0,0,0,0,0,3,0,45,106,1,0,0,0,1,2,16,0,90
2006,10,TB,REG,2006_10_TB_CAR,CAR,17,32,173,1,2,3,-20,0,0,294,94,9,-6.58776901979065,-7.73413151502609,0,6,6,2,0,22,69,0,2,2,3,-10.9142578329192,0,1,0,0,0,17,0,173,1,0,0,294,94,9,11.4587296612205,0,6,6,2,0,0,53,2,8,0,0,1,0,0,2,1,0,5,0,0,0,0,0,0,0,0,0,0,0,1,2,0,9,71,3,1,1,0,2,2,4,7,5,121,1,1,0,0,28,1,0,1,0,0,0,0,0,0,0,0,0,0,28,,,28,0,0,1,1,0,0,1,0,0,0,0,0,6,0,57,259,2,0,1,0,1,4,20,0,239
2006,10,TEN,REG,2006_10_BAL_TEN,BAL,13,25,211,0,1,2,-6,0,0,235,78,11,0.616923469149056,-6.66402614116669,0,10,4,3,0,38,162,3,1,0,7,-1.36068694412279,0,4,4,1,0,13,0,211,0,0,0,235,78,11,15.2453452199115,0,10,4,3,0,0,30,23,25,0,0,0,1,2,2,2,3,9,0,1,1,0,0,0,0,0,0,1,-2,0,0,0,3,20,5,0,2,0,2,0,2,-2,6,123,1,3,1,1,21,0.333333333333333,0,1,0,0,0,0,0,0,0,1,0,0,21,41,43,21,41,43,3,3,0,0,1,0,1,0,1,43,5,0,58,256,1,0,2,1,0,2,11,0,225
2006,10,WAS,REG,2006_10_WAS_PHI,PHI,16,32,132,0,1,0,0,0,0,175,67,6,-15.4670558122457,-10.4692840370639,0,4,2,1,1,31,146,0,1,0,7,4.05857416091021,0,4,3,2,0,16,0,132,0,0,0,175,62,6,6.99822827544995,0,4,2,1,1,0,45,0,2,0,0,1,1,2,2,0,0,9,0,0,0,0,0,0,0,0,0,0,0,0,0,0,8,70,3,1,0,1,1,0,0,0,5,123,1,2,1,0,32,0.5,0,0,1,0,0,0,0,0,0,1,0,0,32,48,,32,48,0,0,0,0,0,,0,0,0,0,0,6,0,57,238,2,0,2,1,1,2,18,0,200
2006,11,ARI,REG,2006_11_DET_ARI,DET,19,29,233,1,0,0,0,0,0,214,85,11,8.8449152924004,0.118502460677048,0,8,5,5,1,30,105,1,1,0,7,-3.31574171342015,0,2,1,0,0,19,0,233,1,0,0,214,85,11,18.0738492418895,0,8,5,5,1,0,46,3,3,0,0,0,4,35,7,1,17,7,0,0,0,0,0,0,0,0,0,0,-6,0,0,0,4,34,3,0,1,1,1,0,1,0,2,43,1,1,0,0,36,1,0,0,1,0,0,0,0,0,0,0,0,0,36,,,36,0,0,2,2,0,0,1,0,0,0,0,0,4,1,53,197,1,0,1,0,0,3,46,0,151
2006,11,ATL,REG,2006_11_ATL_BAL,BAL,11,21,127,1,0,5,-45,0,0,156,57,4,-8.82947148082965,-4.96112018823624,0,4,1,1,1,25,104,0,0,0,7,-4.10834037186578,0,4,3,0,0,11,0,127,1,0,0,156,57,4,10.5166379546281,0,4,1,1,1,0,30,25,25,0,0,0,2,11,2,0,0,2,0,0,0,0,0,0,0,0,0,0,0,1,0,0,4,47,3,0,0,0,0,0,2,46,5,109,1,1,0,0,21,1,0,1,0,0,0,0,0,0,0,0,0,0,21,,,21,0,0,1,1,0,0,1,0,0,0,0,0,6,0,59,242,3,1,1,0,1,3,121,0,121
2006,11,BAL,REG,2006_11_ATL_BAL,ATL,24,34,236,0,0,2,-11,0,0,230,96,8,7.08890004675779,9.36099123209715,0,7,3,2,1,31,103,3,1,1,10,-5.04144811426522,0,3,2,0,0,24,0,236,0,0,0,230,96,8,16.9464826510186,0,7,3,2,1,0,37,9,9,0,0,0,5,45,7,0,0,2,0,0,0,0,0,0,0,0,0,0,-2,0,0,0,7,56,5,0,1,0,1,1,3,121,3,91,1,2,1,0,29,0.5,0,1,0,0,0,0,0,0,0,1,0,0,29,42,,29,42,0,3,3,0,0,1,0,0,0,0,0,4,0,41,146,1,0,1,0,1,2,46,0,100
2006,11,BUF,REG,2006_11_BUF_HOU,HOU,26,38,340,3,1,2,-7,0,0,345,131,12,12.2649781696653,1.59620190820386,0,9,3,2,2,21,70,0,0,0,4,-3.18298482691171,0,3,1,0,0,26,0,340,3,0,0,345,131,12,29.9277368888725,0,9,3,2,2,0,45,9,15,0,0,2,2,14,2,1,0,4,0,0,0,0,0,0,0,0,0,0,0,1,10,0,3,17,2,0,0,0,0,0,2,12,4,80,1,1,0,0,40,1,0,0,0,1,0,0,0,0,0,0,0,0,40,,,40,0,0,3,3,0,0,1,0,0,0,0,0,7,0,62,328,2,0,0,1,4,2,21,0,287
2006,11,CAR,REG,2006_11_STL_CAR,LA,13,26,191,1,2,3,-22,1,0,241,120,7,-7.73154662566168,-10.9644737381202,0,6,4,3,1,43,242,0,3,1,13,-1.32245175569551,0,7,6,2,0,13,0,191,1,0,0,241,120,7,12.0891419232357,0,6,4,3,1,0,37,2,8,0,0,1,7,62,7,1,8,7,0,1,1,0,0,0,0,0,0,3,2,1,25,0,9,80,2,4,1,1,5,1,4,11,2,10,2,2,0,0,40,1,0,0,1,1,0,0,0,0,0,0,0,0,40;34,,,74,0,0,1,1,0,0,1,0,0,0,0,0,5,0,61,275,0,0,0,3,0,2,11,0,204
2006,11,CHI,REG,2006_11_CHI_NYJ,NYJ,11,22,119,1,0,1,-8,0,0,141,75,4,-2.11433930485509,-19.0542018129712,0,3,2,2,1,35,173,0,0,0,7,1.96540362699445,0,5,5,0,0,11,0,119,1,0,0,141,75,4,8.49536212673411,0,3,2,2,1,0,26,29,29,0,0,0,2,6,3,2,39,3,0,0,0,0,0,0,0,0,0,0,0,0,0,0,10,65,3,0,0,0,0,0,1,7,1,0,1,1,0,0,20,1,0,1,0,0,0,0,0,0,0,0,0,0,20,,,20,0,0,1,1,0,0,1,0,0,0,0,0,8,0,60,343,1,1,0,2,3,2,27,0,276
2006,11,CIN,REG,2006_11_CIN_NO,NO,14,22,275,3,1,1,-9,0,0,312,93,10,9.31426097988151,9.61374125697396,0,7,6,5,3,31,119,0,1,0,5,-4.43423037365083,0,3,2,1,0,14,0,275,3,0,0,312,93,10,23.9672301420942,0,7,6,5,3,0,58,12,12,0,0,2,2,6,5,3,77,9,1,0,0,0,1,0,0,0,0,0,0,1,0,0,2,10,2,1,0,1,1,0,3,17,3,47,1,1,0,0,21,1,0,1,0,0,0,0,0,0,0,0,0,0,21,,,21,0,0,4,4,0,0,1,0,0,0,0,0,6,0,54,248,2,0,0,0,2,4,30,0,218
2006,11,CLE,REG,2006_11_PIT_CLE,PIT,17,27,224,0,0,5,-21,1,1,209,106,10,-2.65587855112437,8.03621308161662,0,10,4,1,1,29,99,0,1,1,5,-7.53686900116736,0,2,1,0,0,17,0,224,0,0,0,209,106,10,15.5710654572244,0,10,4,1,1,1,38,15,15,0,0,0,2,11,5,3,78,8,1,0,0,0,0,0,0,0,0,0,0,0,0,0,7,57,4,1,1,0,2,2,1,6,5,162,2,3,1,0,35,0.666666666666667,0,1,1,0,0,0,0,0,0,1,0,0,23;35,44,,58,44,0,2,2,0,0,1,0,0,0,0,0,3,0,48,123,1,0,1,0,0,2,13,0,110
2006,11,DAL,REG,2006_11_IND_DAL,IND,19,23,226,0,1,1,-1,1,1,188,79,12,4.60856218852211,18.9755695021671,0,10,5,4,0,36,117,2,0,0,9,-3.00925581867341,0,3,2,1,0,19,0,226,0,0,0,188,79,12,14.150526043385,0,10,5,4,0,0,43,0,8,0,0,3,2,7,0,2,45,6,1,0,0,0,0,0,0,0,0,0,0,2,0,0,7,53,2,1,0,0,1,1,1,0,3,59,0,2,2,0,,0,0,0,0,0,0,0,0,0,0,2,0,0,,43;46,,0,89,0,3,3,0,0,1,0,0,0,0,0,3,0,63,140,2,0,0,1,2,0,0,0,120
2006,11,DEN,REG,2006_11_SD_DEN,LAC,13,28,183,0,1,2,-15,1,0,261,103,9,-4.81396688055247,-13.0348668054298,0,10,3,3,0,35,158,2,1,0,9,3.93814232617105,0,2,2,2,0,13,0,183,0,0,0,261,103,9,12.4209737202036,0,10,3,3,0,0,35,8,22,0,0,0,1,5,2,2,31,8,1,0,0,0,0,0,0,0,0,2,-5,0,0,0,6,60,5,1,1,0,2,0,0,0,3,78,2,2,0,0,42,1,0,0,1,1,0,0,0,0,0,0,0,0,42;38,,,80,0,0,3,3,0,0,1,0,0,0,0,0,4,0,54,191,1,0,1,0,1,2,25,0,166
2006,11,DET,REG,2006_11_DET_ARI,ARI,23,38,248,0,1,4,-35,0,0,315,54,13,-1.02463571755486,-2.84784028404637,0,12,7,5,0,20,68,1,0,0,4,-1.76048000250012,0,2,2,1,0,23,0,248,0,0,0,315,54,13,17.8601043876843,0,12,7,5,0,0,37,12,12,0,0,0,0,0,2,0,0,1,0,0,0,1,0,0,0,0,0,0,0,0,0,0,4,28,5,0,0,0,0,0,3,46,1,18,1,2,1,0,32,0.5,0,0,1,0,0,0,0,0,0,0,1,0,32,52,,32,52,0,1,1,0,0,1,0,0,0,0,0,5,0,55,220,4,1,1,0,2,1,0,0,220
2006,11,GB,REG,2006_11_NE_GB,NE,9,27,105,0,0,4,-28,1,1,334,67,3,-22.7232948534235,-23.5951604666533,0,3,3,2,0,17,43,0,0,0,2,-3.70488761295564,0,0,0,0,0,9,0,105,0,0,0,334,67,3,3.57285284198588,0,3,3,2,0,0,44,13,21,0,0,2,2,9,3,0,0,1,0,0,0,0,0,0,0,0,0,0,0,1,0,0,3,32,3,1,0,0,1,1,2,3,6,116,0,1,1,0,,0,0,0,0,0,0,0,0,0,0,1,0,0,,44,,0,44,0,0,0,0,0,,0,0,0,0,0,10,0,54,459,2,0,2,1,0,7,55,0,384
2006,11,HOU,REG,2006_11_BUF_HOU,BUF,25,30,223,0,1,2,-14,0,0,195,119,11,2.6899251852592,12.4143770447484,0,11,6,3,0,27,188,2,1,0,9,7.9669994363212,0,7,5,3,0,25,0,223,0,2,1,195,119,11,5.83032361586811,0,11,6,3,0,0,46,7,7,0,0,0,2,7,3,1,9,7,1,0,0,0,0,0,0,0,0,1,-3,0,0,0,5,40,3,2,1,1,3,1,2,21,4,58,0,0,0,0,,,0,0,0,0,0,0,0,0,0,0,0,0,,,,0,0,0,3,3,0,0,1,0,0,0,0,0,6,0,53,245,3,0,3,0,1,2,12,0,233
2006,11,IND,REG,2006_11_IND_DAL,DAL,20,39,254,2,2,2,-7,2,1,307,61,12,-6.49766776518663,-1.66201237589121,0,12,7,2,0,23,88,0,0,0,7,2.0443906711298,0,1,1,0,0,20,0,254,2,1,1,307,61,12,20.1885487238178,0,12,7,2,0,0,48,0,10,0,0,1,1,1,1,1,-5,2,0,0,0,0,0,0,0,0,0,1,0,1,0,0,5,35,6,3,0,0,3,2,0,0,4,90,0,0,0,0,,,0,0,0,0,0,0,0,0,0,0,0,0,,,,0,0,0,2,2,0,0,1,0,0,0,0,0,3,0,60,146,0,0,0,2,0,1,0,0,106
2006,11,JAX,REG,2006_11_NYG_JAX,NYG,19,32,249,0,0,0,0,0,0,338,103,13,7.61514136839356,-0.080101816884933,0,10,5,2,1,43,165,2,2,0,8,0.503735979669727,0,4,2,0,0,19,0,249,0,1,1,338,103,13,14.0946648860408,0,10,5,2,1,0,33,1,9,0,0,1,1,8,2,2,24,6,0,0,0,0,0,0,0,0,0,2,-16,1,0,0,9,65,3,1,2,0,3,1,4,27,3,65,4,4,0,0,48,1,0,2,1,1,0,0,0,0,0,0,0,0,39;24;23;48,,,134,0,0,2,2,0,0,1,0,0,0,0,0,4,0,45,147,1,0,0,0,2,2,16,0,131
2006,11,KC,REG,2006_11_OAK_KC,LV,9,16,102,0,0,2,-10,1,0,165,14,6,-0.702862847496586,49.4030714035034,0,5,3,1,0,37,200,2,0,0,13,9.35316447552759,0,7,5,1,0,9,0,102,0,0,0,165,14,6,7.88676736137131,0,5,3,1,0,0,46,5,5,0,0,0,0,0,4,1,0,2,0,0,0,0,0,0,0,0,0,1,0,0,0,0,4,20,1,1,0,0,1,0,2,11,4,118,1,2,1,0,37,0.5,0,0,1,0,0,0,0,0,1,0,0,0,37,35,,37,35,0,2,2,0,0,1,0,0,0,0,0,3,0,46,123,1,0,1,0,1,1,-1,0,124
2006,11,LA,REG,2006_11_STL_CAR,CAR,19,34,142,0,1,7,-62,0,0,190,98,6,-17.3971100792987,-11.1612210671107,0,6,3,0,0,8,31,0,0,0,1,-1.59933002665639,0,0,0,0,0,19,0,142,0,1,1,190,98,6,-0.160255324561149,0,6,3,0,0,0,60,4,6,0,0,4,3,22,4,2,42,5,0,0,0,0,0,0,0,0,0,0,0,1,0,0,6,40,4,1,0,0,1,1,2,11,3,58,0,0,0,0,,,0,0,0,0,0,0,0,0,0,0,0,0,,,,0,0,0,0,0,0,0,,0,0,0,0,0,9,0,60,416,3,0,3,0,2,4,11,0,405
2006,11,LAC,REG,2006_11_SD_DEN,DEN,19,26,222,2,2,1,-5,0,0,163,120,12,5.83598946518032,6.74733095444166,0,8,4,2,1,29,125,3,0,0,9,6.22916845668806,0,4,3,1,0,19,0,222,2,0,0,163,120,12,21.0007180602406,0,8,4,2,1,0,37,7,25,0,0,1,2,15,1,1,23,7,0,0,0,0,0,0,0,0,0,0,0,0,0,0,5,35,3,0,0,0,0,0,2,25,5,169,0,0,0,0,,,0,0,0,0,0,0,0,0,0,0,0,0,,,,0,0,0,5,5,0,0,1,0,0,0,0,0,3,0,41,110,3,0,0,0,3,0,0,0,110
2006,11,LV,REG,2006_11_OAK_KC,KC,15,25,194,1,1,1,-1,0,0,248,25,10,5.22459100567567,,0,9,5,3,0,34,133,0,1,0,6,-2.89405370330137,0,3,2,1,0,15,0,194,1,0,0,248,25,10,17.1625622637803,0,9,5,3,0,0,46,5,5,0,0,1,2,10,2,0,0,1,0,0,0,0,0,0,0,0,0,1,-7,0,0,0,8,65,4,0,1,0,1,0,1,-1,4,84,2,2,0,0,41,1,0,0,1,1,0,0,0,0,0,0,0,0,41;36,,,77,0,0,1,1,0,0,1,0,0,0,0,0,4,0,51,179,1,0,1,1,0,2,11,0,148
2006,11,MIA,REG,2006_11_MIN_MIA,MIN,26,42,254,1,1,0,0,0,0,274,90,12,-0.768696366227923,0.389532481922823,0,10,2,2,0,14,-3,0,2,1,2,-11.8626162535511,0,0,0,0,0,26,0,254,1,0,0,274,77,12,17.3973780559027,0,10,2,2,0,0,43,0,60,0,0,3,3,15,2,1,51,6,1,0,0,0,0,0,0,0,0,1,0,2,48,1,5,40,0,0,2,0,2,1,2,20,3,63,1,2,1,0,44,0.5,0,0,0,1,0,0,0,0,0,1,0,0,44,44,,44,44,0,3,3,0,0,1,0,0,0,0,0,6,0,50,256,1,0,0,0,0,6,68,0,188
2006,11,MIN,REG,2006_11_MIN_MIA,MIA,26,44,262,0,1,3,-15,1,0,281,155,15,-6.39525964711862,-6.20122790336609,0,10,5,3,0,35,114,2,2,2,8,-9.04100620921241,0,2,1,0,0,26,0,262,0,0,0,281,155,15,19.9827610243519,0,10,5,3,0,0,31,0,20,0,0,0,0,0,1,1,26,4,0,0,0,0,0,0,0,0,0,1,0,1,0,0,6,49,5,3,0,0,3,2,6,68,3,78,2,2,0,0,35,1,1,0,1,0,0,0,0,0,0,0,0,0,35;19,,,54,0,0,2,2,0,0,1,0,0,0,0,0,6,0,52,226,2,1,0,0,3,2,20,0,206
2006,11,NE,REG,2006_11_NE_GB,GB,20,31,244,4,0,2,-9,1,0,181,174,12,17.5515554870362,1.23654146989187,0,8,4,3,1,40,122,1,1,1,8,-5.89704698621063,0,2,1,0,0,20,0,244,4,1,0,181,165,12,27.8731019168044,0,8,4,3,1,0,30,5,13,0,0,1,4,28,4,0,0,3,0,1,0,0,0,0,0,0,0,3,-2,1,0,0,6,38,3,2,2,0,4,1,7,55,1,21,0,0,0,0,,,0,0,0,0,0,0,0,0,0,0,0,0,,,,0,0,0,5,5,0,0,1,0,0,0,0,0,6,0,46,214,2,2,1,0,1,2,3,0,211
2006,11,NO,REG,2006_11_CIN_NO,CIN,37,52,510,2,3,2,-6,0,0,408,207,25,-0.430641523271333,5.65858300851316,0,19,9,9,2,23,91,0,0,0,3,-2.03011094665059,0,0,0,0,0,37,0,510,2,1,1,408,207,25,26.744336268428,0,19,9,9,2,0,36,15,15,0,0,1,1,9,4,1,0,3,0,0,0,0,0,0,0,0,0,1,0,0,0,0,4,25,6,2,0,0,2,1,4,30,5,103,1,1,0,0,24,1,0,1,0,0,0,0,0,0,0,0,0,0,24,,,24,0,0,1,2,0,1,0.5,0,0,0,0,0,5,0,45,186,1,0,0,1,1,3,17,0,149
2006,11,NYG,REG,2006_11_NYG_JAX,JAX,19,41,230,1,2,1,-8,0,0,388,113,8,-3.88544659924206,-15.2424337714911,0,10,6,3,0,14,25,0,0,0,3,-5.39511688973289,0,0,0,0,0,19,0,230,1,1,1,388,113,8,14.1297379247844,0,10,6,3,0,0,65,0,4,0,0,1,0,0,3,0,0,6,0,0,0,0,0,0,0,0,0,0,0,1,0,0,5,35,4,1,0,0,1,1,2,16,5,107,1,1,0,0,40,1,0,0,0,1,0,0,0,0,0,0,0,0,40,,,40,0,0,1,1,0,0,1,0,0,0,0,0,6,0,50,241,1,0,0,0,2,4,27,0,214
2006,11,NYJ,REG,2006_11_CHI_NYJ,CHI,19,35,162,0,2,2,-6,0,0,205,56,10,-7.65186219918542,-4.52036093920469,0,7,1,1,0,30,108,0,0,0,5,-6.37063504685648,0,3,2,1,0,19,0,162,0,0,0,205,56,10,11.8087477810332,0,7,1,1,0,0,22,27,27,0,0,0,1,8,1,0,0,2,0,0,0,0,0,0,0,0,0,0,0,0,0,0,6,40,4,0,0,0,0,0,2,27,3,48,0,0,0,0,,,0,0,0,0,0,0,0,0,0,0,0,0,,,,0,0,0,0,0,0,0,,0,0,0,0,0,7,0,67,310,1,0,2,3,1,1,7,0,243
2006,11,PHI,REG,2006_11_TEN_PHI,TEN,32,61,267,1,1,0,0,0,0,454,175,12,-10.3574295934569,-12.1554791354216,0,8,4,3,1,30,123,0,1,0,9,-11.3464829128061,0,3,1,1,0,32,0,267,1,1,0,454,134,12,17.3640429631632,0,8,4,3,1,0,41,1,11,0,0,2,3,17,3,0,0,13,0,0,0,0,0,0,0,0,0,3,-11,1,0,0,8,64,5,1,4,0,5,2,3,37,5,126,2,2,0,0,42,1,0,0,1,1,0,0,0,0,0,0,0,0,42;38,,,80,0,0,1,1,0,0,1,0,0,0,0,0,6,0,54,231,2,0,1,0,2,3,99,1,132
2006,11,PIT,REG,2006_11_PIT_CLE,CLE,25,44,272,2,3,2,-11,0,0,399,118,18,1.53248715295922,3.38699228879882,0,14,7,4,0,20,77,1,0,0,3,-2.77297235131302,0,1,1,0,0,25,0,272,2,0,0,399,118,18,27.9160187262751,0,14,7,4,0,0,31,19,21,0,0,1,4,17,6,0,0,3,0,0,0,0,0,0,0,0,0,0,0,2,0,0,5,50,3,0,0,0,0,0,2,13,5,158,1,1,0,0,43,1,0,0,0,1,0,0,0,0,0,0,0,0,43,,,43,0,0,3,3,0,0,1,0,0,0,0,0,4,0,46,161,0,0,1,1,1,1,6,0,135
2006,11,SEA,REG,2006_11_SEA_SF,SF,19,31,252,2,3,2,-19,0,0,362,83,7,-1.19821233936818,5.0854888345514,0,12,6,3,1,21,70,0,0,0,7,-3.03703066747403,0,2,2,0,0,19,0,252,2,2,2,362,83,7,11.4443704624136,0,12,6,3,1,0,45,17,17,0,0,1,1,9,2,0,0,2,0,0,0,0,0,1,0,0,0,0,0,1,0,0,5,30,3,2,0,0,2,2,4,31,4,63,0,0,0,0,,,0,0,0,0,0,0,0,0,0,0,0,0,,,,0,0,0,2,2,0,0,1,0,0,0,0,0,5,0,60,251,3,1,0,1,1,2,8,0,223
2006,11,SF,REG,2006_11_SEA_SF,SEA,19,25,163,1,0,1,-9,0,0,104,132,7,-3.18084413133145,9.76898813247681,0,5,5,1,0,34,262,1,1,1,10,4.70750722100336,0,7,6,4,2,19,0,163,1,0,0,104,132,7,5.60618067110956,0,5,5,1,0,0,37,11,11,0,0,2,2,19,5,3,5,5,0,0,0,0,0,0,0,0,0,0,0,2,23,0,5,39,3,1,0,0,1,1,2,8,3,71,2,4,1,1,39,0.5,1,0,1,0,0,0,0,1,0,0,0,0,39;18,27,30,57,27,30,2,2,0,0,1,0,0,0,0,0,6,0,47,260,2,1,1,0,0,4,31,0,229
2006,11,TB,REG,2006_11_WAS_TB,WAS,14,21,178,2,1,0,0,0,0,134,88,9,5.4870083931879,4.38087369714464,0,7,4,3,0,42,181,0,2,1,8,-5.05681580312158,0,3,3,1,0,14,0,178,2,0,0,134,88,9,15.193784078816,0,7,4,3,0,0,30,13,15,0,0,1,2,8,8,0,0,7,0,0,0,0,0,0,0,0,0,0,-2,1,0,0,4,35,4,1,1,1,2,1,3,20,3,51,2,2,0,0,31,1,0,1,1,0,0,0,0,0,0,0,0,0,26;31,,,57,0,0,2,2,0,0,1,0,0,0,0,0,3,0,51,146,1,1,0,0,1,1,-2,0,148
2006,11,TEN,REG,2006_11_TEN_PHI,PHI,8,22,101,1,0,3,-17,1,0,163,48,4,-7.92939766223352,-19.2775110403697,0,5,2,1,0,32,209,1,0,0,8,4.64211628644262,0,5,4,3,2,8,0,101,1,1,1,163,48,4,4.13926828617696,0,5,2,1,0,1,57,2,22,0,0,1,0,0,1,1,0,14,0,0,0,0,0,0,0,0,0,1,0,2,59,1,2,15,2,2,0,0,2,1,3,99,4,83,1,1,0,0,36,1,0,0,1,0,0,0,0,0,0,0,0,0,36,,,36,0,0,4,4,0,0,1,0,0,0,0,0,7,0,54,290,2,1,1,0,2,3,37,0,253
2006,11,WAS,REG,2006_11_WAS_TB,TB,19,34,196,2,0,2,-8,0,0,357,95,12,5.31884357257603,-2.71798122313715,0,9,4,2,0,20,64,0,0,0,3,-1.86127919482533,0,1,1,0,0,19,0,196,2,1,1,357,95,12,17.0574359800958,0,9,4,2,0,0,37,22,22,0,0,1,0,0,4,1,4,4,0,0,0,0,0,0,0,0,0,0,0,1,0,0,3,19,3,1,0,0,1,1,1,-2,3,65,1,1,0,0,45,1,0,0,0,1,0,0,0,0,0,0,0,0,45,,,45,0,0,2,2,0,0,1,0,0,0,0,0,5,0,55,220,1,1,0,1,0,3,20,0,180
2006,12,ARI,REG,2006_12_ARI_MIN,MIN,31,51,405,1,2,1,-10,0,0,548,123,19,11.6319580423502,7.23662839124077,0,19,11,8,0,6,17,0,2,1,1,-7.7098317554337,0,1,1,0,0,31,0,405,1,1,1,548,123,19,24.524094145906,0,19,11,8,0,1,50,5,17,0,0,0,2,16,5,0,0,5,0,2,0,0,0,0,0,0,0,1,-4,1,99,1,8,64,6,2,3,1,5,3,3,18,6,220,2,3,1,0,50,0.666666666666667,0,1,0,0,1,0,0,0,0,1,0,0,21;50,41,,71,41,0,2,2,0,0,1,0,0,0,0,0,0,0,,0,0,0,0,0,0,0,0,0,0
2006,12,ATL,REG,2006_12_NO_ATL,NO,9,24,84,0,0,3,-32,0,0,365,41,3,-17.2947759023719,-15.467016528482,0,3,1,1,1,45,281,1,1,0,14,10.6027067113901,0,8,7,3,1,9,0,84,0,0,0,365,41,3,1.9379450108293,0,3,1,1,1,0,36,13,13,0,0,0,2,17,2,0,0,2,0,0,0,0,0,0,0,0,0,1,0,0,0,0,7,65,6,1,0,0,1,0,2,19,4,101,2,3,1,0,30,0.666666666666667,0,1,1,0,0,0,0,0,0,1,0,0,22;30,43,,52,43,0,1,1,0,0,1,0,0,0,0,0,6,0,65,295,3,1,1,1,2,1,-1,0,276
2006,12,BAL,REG,2006_12_PIT_BAL,PIT,21,27,161,1,0,0,0,0,0,144,61,12,3.00120380284496,13.7555950880051,0,8,2,1,0,35,114,1,0,0,5,-2.21528201603736,0,1,0,0,0,21,0,161,1,0,0,144,61,12,7.34066617209464,0,8,2,1,0,0,42,6,6,0,0,2,9,73,9,2,7,10,0,0,0,0,0,0,0,0,0,0,0,1,57,1,10,87,3,0,0,0,0,0,4,6,1,30,2,2,0,0,40,1,0,0,1,1,0,0,0,0,0,0,0,0,37;40,,,77,0,0,3,3,0,0,1,0,0,0,0,0,6,0,55,259,2,0,0,0,3,3,32,0,227
2006,12,BUF,REG,2006_12_JAX_BUF,JAX,21,28,169,0,1,0,0,0,0,171,90,8,5.82212601881474,8.07265410056481,0,5,1,1,0,23,72,2,2,0,3,-6.47670649424343,0,2,2,1,0,21,0,169,0,0,0,171,90,8,9.14128695009276,0,5,1,1,0,1,35,17,31,0,0,2,3,16,6,0,0,1,0,1,0,0,0,0,0,0,0,2,-5,1,0,0,4,55,1,0,3,1,3,0,3,104,2,37,2,2,0,0,42,1,0,1,0,1,0,0,0,0,0,0,0,0,21;42,,,63,0,0,3,3,0,0,1,1,1,0,0,42,6,0,56,265,0,0,0,1,0,5,39,0,206
2006,12,CAR,REG,2006_12_CAR_WAS,WAS,23,38,168,1,2,1,-5,0,0,295,104,9,-7.42453208008114,-0.714578793237084,0,6,2,0,0,25,101,0,0,0,5,-3.38847301283386,0,1,1,1,0,23,0,168,1,0,0,295,104,9,7.68110017591197,0,6,2,0,0,0,39,13,13,0,0,2,1,8,1,1,1,3,0,0,0,0,0,0,0,0,0,0,0,0,0,0,4,40,4,0,0,0,0,0,4,16,4,81,2,2,0,0,51,1,0,0,0,1,1,0,0,0,0,0,0,0,42;51,,,93,0,0,1,1,0,0,1,0,0,0,0,0,8,0,70,334,0,0,1,2,0,5,13,0,281
2006,12,CHI,REG,2006_12_CHI_NE,NE,15,34,176,0,3,1,-5,0,0,476,40,9,-6.79846043984873,-6.04295340531013,0,8,3,2,1,36,153,1,1,1,9,-0.92261778813554,0,4,4,0,0,15,0,176,0,0,0,476,40,9,13.724324136181,0,8,3,2,1,0,34,26,26,0,0,4,0,0,3,2,8,5,0,0,0,0,0,0,0,0,0,0,-3,3,0,0,5,31,5,0,1,0,1,1,0,0,3,70,2,3,0,1,46,0.666666666666667,0,0,1,1,0,0,0,0,0,0,0,0,46;32,,45,78,0,45,1,1,0,0,1,0,0,0,0,0,3,0,55,115,0,0,1,1,0,1,2,0,93
2006,12,CIN,REG,2006_12_CIN_CLE,CLE,27,34,300,3,1,3,-11,0,0,302,120,15,15.5066238133752,22.7238673059379,0,12,4,4,1,35,99,1,0,0,7,-4.65963561955141,0,3,1,0,0,27,0,300,3,0,0,302,120,15,25.9333715518171,0,12,4,4,1,0,25,15,15,0,0,2,4,34,5,4,16,7,0,0,0,0,0,0,0,0,0,0,0,1,0,0,8,75,4,0,0,0,0,0,1,7,1,28,1,1,0,0,24,1,0,1,0,0,0,0,0,0,0,0,0,0,24,,,24,0,0,3,4,0,1,0.75,0,0,0,0,0,4,0,57,186,1,0,1,2,0,1,1,0,145
2006,12,CLE,REG,2006_12_CIN_CLE,CIN,18,29,186,0,4,4,-34,1,0,316,82,7,-14.4564936919334,7.11417293974331,0,5,3,3,1,14,51,0,1,1,1,-6.74282944551669,0,1,1,0,0,18,0,186,0,0,0,316,82,7,7.73421716835583,0,5,3,3,1,0,44,18,18,0,0,0,3,11,7,1,6,2,0,0,0,0,1,0,0,0,0,1,0,0,0,0,9,93,4,2,0,0,2,1,1,1,5,108,0,1,1,0,,0,0,0,0,0,0,0,0,0,0,1,0,0,,48,,0,48,0,0,0,0,0,,0,0,0,0,0,4,0,50,188,2,1,0,0,2,1,7,0,181
2006,12,DAL,REG,2006_12_TB_DAL,TB,22,29,306,5,0,1,-8,0,0,281,96,18,27.9960471441154,16.3899694170271,0,11,6,5,1,37,137,0,0,0,7,-4.77382474150189,0,3,2,1,0,22,0,306,5,0,0,281,96,18,34.9785971782403,0,11,6,5,1,0,25,0,28,0,0,0,1,10,2,2,27,6,0,0,0,0,0,0,0,0,0,0,0,0,0,0,2,19,1,0,0,0,0,0,1,24,3,76,1,1,0,0,22,1,0,1,0,0,0,0,0,0,0,0,0,0,22,,,22,0,0,5,5,0,0,1,0,0,0,0,0,2,0,43,71,1,0,0,0,1,1,9,0,62
2006,12,DEN,REG,2006_12_DEN_KC,KC,25,39,216,1,1,2,-10,1,0,284,95,12,-1.54319580400662,1.62343514817102,0,5,3,3,0,16,38,0,0,0,3,-4.80252395570278,0,1,1,0,0,25,0,216,1,1,0,284,95,12,14.5427673436352,0,5,3,3,0,0,52,3,3,0,0,0,1,2,2,1,6,3,0,0,0,0,0,0,0,0,0,1,0,0,0,0,7,44,4,2,0,1,2,0,1,0,6,142,1,1,0,0,31,1,0,0,1,0,0,0,0,0,0,0,0,0,31,,,31,0,0,1,1,0,0,1,0,0,0,0,0,5,0,52,219,2,0,0,1,1,3,7,0,192
2006,12,DET,REG,2006_12_MIA_DET,MIA,22,40,252,1,1,8,-53,1,1,334,76,12,-17.7831811927154,-8.41274975161803,0,10,7,3,1,10,21,0,0,0,0,-2.99551619507838,0,0,0,0,0,22,0,252,1,0,0,334,76,12,11.8831722978374,0,10,7,3,1,0,54,3,7,0,0,1,1,4,2,1,1,3,0,0,0,0,0,0,0,0,0,0,0,1,0,0,7,55,2,1,0,0,1,1,1,-2,4,110,1,1,0,0,52,1,0,0,0,0,1,0,0,0,0,0,0,0,52,,,52,0,0,1,1,0,0,1,0,0,0,0,0,6,0,53,263,0,0,0,1,0,5,30,0,213
2006,12,GB,REG,2006_12_GB_SEA,SEA,22,36,266,1,3,2,-7,2,1,410,184,12,0.47802202464293,0.473307859566477,0,9,5,4,1,19,51,1,0,0,2,-4.50790472533195,0,1,1,0,0,22,0,266,1,0,0,410,184,12,19.7494637604686,0,9,5,4,1,0,54,20,20,0,0,2,1,10,4,3,8,13,0,0,0,0,0,0,0,0,0,1,0,1,29,1,10,61,4,1,1,0,2,1,1,10,8,168,1,2,0,1,34,0.5,0,0,1,0,0,0,0,0,0,0,0,0,34,,28,34,0,28,3,3,0,0,1,0,0,0,0,0,5,0,45,174,0,2,0,0,0,3,28,0,146
2006,12,HOU,REG,2006_12_HOU_NYJ,NYJ,39,54,321,1,1,4,-14,0,0,239,184,18,0.723501854450265,5.5686314702034,1,12,2,1,0,14,25,0,1,0,2,-7.37472722434904,0,0,0,0,0,39,0,321,1,0,0,239,184,18,18.1597842120971,1,12,2,1,0,0,40,14,14,0,0,1,1,9,2,0,0,3,0,0,0,0,0,0,0,0,0,1,-9,0,0,0,7,77,6,0,1,0,1,0,1,6,7,166,1,2,1,0,47,0.5,0,0,0,1,0,0,0,0,0,0,1,0,47,59,,47,59,0,0,0,0,0,,0,0,0,0,0,5,0,55,241,1,0,1,1,1,2,12,0,209
2006,12,IND,REG,2006_12_PHI_IND,PHI,14,20,183,1,1,0,0,0,0,112,93,10,4.00581168098142,8.28580674197939,0,9,5,2,0,41,237,4,0,0,15,11.7879140291479,0,9,7,0,0,14,0,183,1,0,0,112,93,10,14.9228791785426,0,9,5,2,0,0,48,8,8,0,0,3,2,10,5,1,19,4,0,0,0,0,0,0,0,0,0,0,0,2,26,1,4,30,5,0,0,0,0,0,2,25,4,113,1,1,0,0,44,1,0,0,0,1,0,0,0,0,0,0,0,0,44,,,44,0,0,6,6,0,0,1,0,0,0,0,0,2,0,61,97,2,0,0,0,1,1,3,0,94
2006,12,JAX,REG,2006_12_JAX_BUF,BUF,16,22,132,2,0,3,-16,1,0,103,84,7,2.25733705452001,12.9405108236131,0,5,1,1,0,35,207,1,0,0,11,8.43842873285757,0,9,8,1,0,16,0,132,2,0,0,103,84,7,10.1607473279319,0,5,1,1,0,0,32,9,11,0,0,0,0,0,1,1,1,3,0,1,0,0,0,0,0,0,0,1,0,0,0,0,10,108,2,2,0,0,2,1,5,39,5,110,1,2,1,0,27,0.5,0,1,0,0,0,0,0,0,0,1,0,0,27,42,,27,42,0,3,3,0,0,1,0,0,0,0,0,6,0,52,232,1,0,2,0,1,3,104,1,128
2006,12,KC,REG,2006_12_DEN_KC,DEN,13,22,161,0,1,1,-2,0,0,167,87,8,-0.47099359088828,-0.409804497446333,0,8,3,2,0,41,223,1,0,0,12,1.24108177225404,0,6,5,2,1,13,0,161,0,0,0,167,87,8,11.7530256826431,0,8,3,2,0,0,42,8,8,0,0,2,2,10,2,1,0,2,0,0,0,0,0,0,0,0,0,0,0,0,0,0,4,25,2,0,0,0,0,0,3,7,2,86,4,4,0,0,34,1,0,3,1,0,0,0,0,0,0,0,0,0,24;34;29;21,,,108,0,0,1,1,0,0,1,0,0,0,0,0,2,0,51,75,2,0,0,0,1,1,0,0,75
2006,12,LA,REG,2006_12_SF_STL,SF,24,37,228,1,1,2,-19,0,0,330,90,13,-2.76285288179113,-0.367035302850935,0,10,2,2,0,29,140,1,0,0,10,8.19728365293122,0,2,1,1,0,24,0,228,1,0,0,330,90,13,11.8067447036267,0,10,2,2,0,0,40,9,9,0,0,1,0,0,0,2,7,5,0,0,0,0,0,0,0,0,0,0,0,1,0,0,5,35,6,0,0,0,0,0,1,16,3,58,2,2,0,0,51,1,0,1,0,0,1,0,0,0,0,0,0,0,24;51,,,75,0,0,2,2,0,0,1,0,0,0,0,0,5,0,48,203,3,1,0,0,2,2,12,0,191
2006,12,LAC,REG,2006_12_OAK_SD,LV,15,32,152,1,1,1,-2,0,0,264,21,8,-6.48287069972139,-14.1364837846448,0,7,2,1,0,25,110,2,0,0,5,3.26427322044037,0,2,1,1,1,15,0,152,1,0,0,264,21,8,13.7375215877546,0,7,2,1,0,0,26,25,25,0,0,0,5,26,5,2,33,8,0,0,0,0,0,0,0,0,0,0,0,0,0,0,5,49,4,0,0,0,0,0,4,29,3,130,0,0,0,0,,,0,0,0,0,0,0,0,0,0,0,0,0,,,,0,0,0,3,3,0,0,1,0,0,0,0,0,5,0,45,194,2,0,0,0,2,3,6,0,188
2006,12,LV,REG,2006_12_OAK_SD,LAC,17,30,187,1,2,5,-26,0,0,272,92,10,-4.24044567979512,-2.07440523164613,0,6,2,1,1,26,84,1,0,0,4,-0.0711258945520967,0,1,0,0,0,17,0,187,1,0,0,272,92,10,13.8830575539032,0,6,2,1,1,0,35,6,6,0,0,0,1,2,3,1,10,5,0,1,0,0,0,0,0,0,0,1,0,0,0,0,8,56,6,0,1,0,1,0,3,6,3,112,0,1,1,0,,0,0,0,0,0,0,0,0,0,1,0,0,0,,36,,0,36,0,2,2,0,0,1,0,0,0,0,0,6,0,59,276,0,0,0,1,1,4,29,0,227
2006,12,MIA,REG,2006_12_MIA_DET,DET,19,29,213,3,1,1,-4,0,0,217,98,11,11.5472291132901,0.762132221254809,0,7,3,1,1,35,186,0,1,1,6,-9.52239304249896,0,4,3,1,1,19,0,213,3,0,0,217,98,11,22.8183638827759,0,7,3,1,1,0,45,0,0,0,0,1,8,53,7,1,21,8,0,0,0,0,0,0,0,0,0,0,0,1,0,0,11,100,2,1,0,0,1,1,5,30,3,85,2,2,0,0,42,1,0,1,0,1,0,0,0,0,0,0,0,0,42;28,,,70,0,0,3,3,0,0,1,0,0,0,0,0,5,0,48,213,2,0,0,1,3,1,-2,0,195
2006,12,MIN,REG,2006_12_ARI_MIN,ARI,27,41,271,3,0,2,-16,0,0,307,128,20,11.5326778937758,9.50476808207376,0,12,4,2,0,33,157,1,1,1,9,-11.8210418584058,0,6,2,1,0,27,0,271,3,0,0,307,128,20,25.6385191973532,0,12,4,2,0,0,35,3,9,0,0,2,1,10,3,2,4,7,0,0,0,0,0,0,0,0,0,0,0,3,29,0,8,63,4,0,1,0,1,1,0,0,2,49,1,1,0,0,40,1,0,0,0,1,0,0,0,0,0,0,0,0,40,,,40,0,0,4,4,0,0,1,0,0,0,0,0,5,0,49,214,1,0,0,1,1,3,18,0,176
2006,12,NE,REG,2006_12_CHI_NE,CHI,22,33,269,1,2,0,0,0,0,325,126,13,9.93694432738902,7.64856347814202,0,10,6,6,1,34,85,1,2,2,6,-9.93620878097136,0,2,1,1,0,22,0,269,1,1,0,325,126,13,17.4720902764821,0,10,6,6,1,0,34,22,22,0,0,0,1,5,9,3,26,5,0,0,0,0,0,1,0,0,0,1,8,1,0,0,4,81,2,4,0,0,4,3,1,2,4,95,1,1,0,0,52,1,0,0,0,0,1,0,0,0,0,0,0,0,52,,,52,0,0,2,2,0,0,1,0,0,0,0,0,3,0,45,112,0,1,0,0,2,0,0,0,112
2006,12,NO,REG,2006_12_NO_ATL,ATL,21,30,349,2,0,2,-17,0,0,342,114,11,17.4074972179951,8.89821449915568,0,11,7,6,3,25,95,2,0,0,6,0.926994614094959,0,3,2,1,0,21,0,349,2,0,0,342,114,11,25.5814173542312,0,11,7,6,3,0,57,5,5,0,0,1,3,32,5,0,0,3,0,0,0,0,0,0,0,0,0,0,0,0,0,0,5,35,5,0,0,0,0,0,1,-1,4,97,1,1,0,0,25,1,0,1,0,0,0,0,0,0,0,0,0,0,25,,,25,0,0,4,4,0,0,1,0,0,0,0,0,6,0,56,265,2,1,1,1,1,2,19,0,226
2006,12,NYG,REG,2006_12_NYG_TEN,TEN,18,28,143,1,2,0,0,0,0,190,81,8,-3.32890675653471,-0.579049757548741,0,5,1,1,0,36,144,2,0,0,9,6.94227513304213,0,3,1,0,0,18,0,143,1,0,0,190,81,8,11.172547077178,0,5,1,1,0,0,30,22,26,0,0,1,2,14,3,0,0,3,0,0,0,0,0,0,0,0,0,0,0,2,0,0,5,43,2,0,0,0,0,0,2,3,3,44,0,0,0,0,,,0,0,0,0,0,0,0,0,0,0,0,0,,,,0,0,0,3,3,0,0,1,0,0,0,0,0,5,0,48,213,1,3,0,0,0,2,25,0,188
2006,12,NYJ,REG,2006_12_HOU_NYJ,HOU,24,32,286,1,0,1,-9,0,0,284,95,11,9.11158517649363,12.8542403059621,0,12,6,4,0,26,27,1,0,0,5,-8.41040438116761,0,0,0,0,0,24,0,286,1,1,0,284,95,11,17.3876024405618,0,12,6,4,0,0,38,25,25,0,0,0,4,14,4,1,9,5,0,0,0,0,0,0,0,0,24,1,0,0,0,0,1,5,3,1,0,0,1,0,2,12,3,23,4,4,0,0,54,1,0,1,1,1,1,0,0,0,0,0,0,0,23;34;54;40,,,151,0,0,2,2,0,0,1,0,0,0,0,0,4,0,61,197,1,0,1,2,0,1,6,0,151
2006,12,PHI,REG,2006_12_PHI_IND,IND,23,29,161,2,1,2,-10,2,2,146,97,10,-7.95231902587693,13.9234966245191,0,6,3,0,0,25,149,1,0,0,9,6.07908160258175,0,6,4,1,0,23,0,161,2,0,0,146,97,10,12.0492255625431,0,6,3,0,0,0,41,14,14,0,0,0,0,0,1,1,25,3,0,0,0,0,0,0,0,0,0,1,0,0,0,0,3,15,5,3,0,0,3,2,1,3,6,143,0,1,1,0,,0,0,0,0,0,0,0,0,0,1,0,0,0,,36,,0,36,0,3,3,0,0,1,0,0,0,0,0,3,0,51,132,1,1,0,0,0,2,25,0,107
2006,12,PIT,REG,2006_12_PIT_BAL,BAL,22,42,224,0,2,9,-73,2,1,336,58,11,-26.3103222669452,-13.3262350410223,0,13,3,1,0,11,21,0,0,0,3,-2.18137418199331,0,1,1,0,0,22,0,224,0,0,0,336,58,11,15.0395331496838,0,13,3,1,0,0,27,26,26,0,0,0,0,0,1,0,0,1,0,0,0,0,0,0,0,0,0,1,0,0,0,0,4,28,4,2,0,0,2,1,3,32,4,60,0,0,0,0,,,0,0,0,0,0,0,0,0,0,0,0,0,,,,0,0,0,0,0,0,0,,0,0,0,0,0,7,0,53,279,2,1,2,0,0,4,6,0,273
2006,12,SEA,REG,2006_12_GB_SEA,GB,17,36,157,3,3,1,-10,1,1,341,49,11,-14.1537990467434,-10.9126552513668,1,8,3,1,0,48,235,0,1,0,14,2.18830351845827,0,6,6,1,0,17,0,157,3,0,0,341,49,11,18.8677064518998,1,8,3,1,0,0,32,20,20,0,0,1,1,1,2,3,0,9,0,0,0,0,0,1,0,0,0,1,0,1,5,0,4,25,4,2,0,0,2,1,3,28,5,129,4,4,0,0,45,1,0,1,1,2,0,0,0,0,0,0,0,0,45;41;37;28,,,151,0,0,2,2,0,0,1,0,0,0,0,0,3,0,51,132,1,1,1,0,0,1,10,0,122
2006,12,SF,REG,2006_12_SF_STL,LA,13,25,148,1,2,0,0,0,0,194,75,11,4.25235798917129,-12.5589323043823,0,8,4,2,0,31,171,1,0,0,9,3.59448334598477,0,7,4,0,0,13,0,148,1,0,0,194,75,11,13.1500162463635,0,8,4,2,0,0,50,8,10,0,0,0,2,19,2,1,0,5,0,1,0,0,0,0,0,0,0,0,0,0,0,0,5,34,4,1,0,0,1,1,2,12,4,97,1,1,0,0,24,1,0,1,0,0,0,0,0,0,0,0,0,0,24,,,24,0,0,2,2,0,0,1,0,0,0,0,0,4,0,66,206,0,0,0,2,1,1,16,0,150
2006,12,TB,REG,2006_12_TB_DAL,DAL,10,20,120,0,2,1,-10,0,0,135,60,5,-9.45225856135002,-4.11614249734318,0,4,1,1,1,24,101,1,0,0,5,3.78798161866143,0,1,1,1,0,10,0,120,0,0,0,135,60,5,6.92743224833976,0,4,1,1,1,0,49,0,12,0,0,0,1,8,2,0,0,1,0,0,0,0,0,0,0,0,0,0,0,0,0,0,5,55,3,0,0,0,0,0,1,9,6,135,1,1,0,0,46,1,0,0,0,1,0,0,0,0,0,0,0,0,46,,,46,0,0,1,1,0,0,1,0,0,0,0,0,4,0,49,178,0,1,0,0,2,1,24,0,154
2006,12,TEN,REG,2006_12_NYG_TEN,NYG,24,35,249,2,0,2,-14,0,0,335,75,12,9.12548358081011,12.1598696166819,0,9,4,4,0,25,108,1,2,2,7,-10.9029756538221,0,4,4,0,0,24,0,249,2,0,0,335,75,12,18.5281218197897,0,9,4,4,0,0,33,22,24,0,0,0,0,0,1,2,26,5,0,0,0,0,0,0,0,0,0,0,0,0,0,0,3,30,6,1,1,0,2,2,2,25,4,95,1,2,1,0,49,0.5,0,0,0,1,0,0,0,0,0,1,0,0,49,48,,49,48,0,3,3,0,0,1,1,1,0,0,49,4,0,53,182,1,0,0,1,1,2,3,0,159
2006,12,WAS,REG,2006_12_CAR_WAS,CAR,11,23,118,2,1,1,-8,0,0,176,80,3,-5.60005950731849,-16.6930542044018,0,3,2,1,1,37,143,0,1,0,10,-2.10880920605268,0,7,5,0,0,11,0,118,2,1,0,176,80,3,7.23760566403637,0,3,2,1,1,0,34,19,19,0,0,0,1,5,4,2,21,8,0,1,0,0,0,0,0,0,0,1,0,0,0,0,6,40,3,2,1,2,3,0,5,13,3,70,1,2,1,0,42,0.5,0,0,0,1,0,0,0,0,1,0,0,0,42,37,,42,37,0,2,2,0,0,1,0,0,0,0,0,8,0,56,320,4,0,2,1,1,4,16,0,284
2006,13,ARI,REG,2006_13_ARI_STL,LA,15,24,186,1,0,1,-7,0,0,204,51,10,8.21352065572041,1.74399154881636,0,9,6,3,0,37,137,3,0,0,8,0.527419136597029,0,1,0,0,0,15,0,186,1,0,0,204,51,10,17.2962093547103,0,9,6,3,0,0,58,3,3,0,0,1,4,27,5,3,91,8,0,0,0,0,0,0,0,0,0,0,0,0,0,0,11,107,2,0,0,0,0,0,1,11,3,56,2,2,0,0,23,1,0,2,0,0,0,0,0,0,0,0,0,0,23;20,,,43,0,0,4,4,0,0,1,0,0,0,0,0,3,0,58,155,1,0,1,0,0,2,19,0,136
2006,13,ATL,REG,2006_13_ATL_WAS,WAS,8,16,122,2,0,1,-9,0,0,148,41,6,5.21563367590374,-13.2193485895793,0,4,3,2,1,41,256,1,0,0,10,4.98373857093975,0,4,4,1,1,8,0,122,2,0,0,148,41,6,14.4274199734209,0,4,3,2,1,0,39,16,16,0,0,0,1,13,11,2,69,7,0,0,0,0,0,0,0,0,0,0,0,0,0,0,6,60,3,0,0,0,0,0,0,0,3,75,1,1,0,0,34,1,0,0,1,0,0,0,0,0,0,0,0,0,34,,,34,0,0,3,3,0,0,1,0,0,0,0,0,4,1,43,156,1,0,2,0,1,1,3,0,153
2006,13,BAL,REG,2006_13_BAL_CIN,CIN,26,43,227,1,0,0,0,0,0,222,98,11,1.59123317035497,6.17213180741748,0,9,1,1,0,20,89,0,0,0,3,-2.0926274767844,0,3,3,0,0,26,0,227,1,0,0,222,98,11,18.4157070045476,0,9,1,1,0,0,38,0,18,0,0,0,2,7,6,0,0,4,0,1,0,0,0,0,0,0,0,0,0,0,0,0,9,64,6,0,1,0,1,1,3,7,4,82,0,1,1,0,,0,0,0,0,0,0,0,0,1,0,0,0,0,,29,,0,29,0,1,1,0,0,1,0,0,0,0,0,7,0,61,330,1,0,1,1,0,5,51,0,259
2006,13,BUF,REG,2006_13_SD_BUF,LAC,21,37,184,2,2,3,-17,1,1,349,72,11,-5.59121986111859,-2.27795251778194,0,10,1,1,0,24,63,1,0,0,5,-0.085005373810418,0,1,0,0,0,21,0,184,2,1,1,349,72,11,11.4820537320047,0,10,1,1,0,0,38,11,25,0,0,1,2,16,4,0,0,8,0,0,0,0,0,0,0,0,0,0,0,2,0,0,2,10,5,2,0,0,2,2,2,38,5,99,0,0,0,0,,,0,0,0,0,0,0,0,0,0,0,0,0,,,,0,0,0,3,3,0,0,1,0,0,0,0,0,7,0,60,279,1,1,1,1,1,3,25,0,234
2006,13,CAR,REG,2006_13_CAR_PHI,PHI,22,37,269,3,2,0,0,0,0,252,155,10,-2.572137145418,3.76619416124681,0,9,6,5,1,23,108,0,1,0,6,2.9085164340795,0,3,2,1,0,22,0,269,3,0,0,252,155,10,17.3039179847692,0,9,6,5,1,0,45,1,15,0,0,1,1,8,1,0,0,5,0,0,0,0,0,0,0,0,0,0,0,0,0,0,7,67,6,1,0,1,1,0,3,13,6,154,1,1,0,0,45,1,0,0,0,1,0,0,0,0,0,0,0,0,45,,,45,0,0,3,3,0,0,1,0,0,0,0,0,7,0,52,329,2,0,0,0,3,4,24,0,305
2006,13,CHI,REG,2006_13_MIN_CHI,MIN,6,19,34,0,3,1,-10,0,0,158,21,1,-21.4412372431252,-16.1393491285188,0,1,0,0,0,25,83,1,0,0,5,1.50748711347114,0,4,2,1,0,6,0,34,0,0,0,158,21,1,-0.317075309809297,0,1,0,0,0,1,58,12,12,0,0,2,3,22,6,4,67,7,1,1,1,0,0,0,0,0,0,0,0,1,0,0,9,65,0,1,1,0,2,2,3,70,4,85,0,0,0,0,,,0,0,0,0,0,0,0,0,0,0,0,0,,,,0,0,0,3,3,0,0,1,0,0,0,0,0,7,0,65,302,4,1,2,1,0,3,10,0,272
2006,13,CIN,REG,2006_13_BAL_CIN,BAL,21,32,234,1,0,2,-7,0,0,267,89,13,6.5604865157167,5.49340513534844,0,10,4,3,1,23,67,0,0,0,1,-6.08128895221045,0,2,1,0,0,21,0,234,1,0,0,267,89,13,18.3865328514366,0,10,4,3,1,0,34,3,31,0,0,0,0,0,6,0,0,6,0,0,0,0,0,0,0,0,0,0,0,1,0,0,5,35,4,0,0,0,0,0,5,51,1,24,2,3,1,0,27,0.666666666666667,0,2,0,0,0,0,0,0,0,1,0,0,23;27,46,,50,46,0,1,1,0,0,1,0,0,0,0,0,6,0,52,277,1,0,1,2,0,3,7,0,230
2006,13,CLE,REG,2006_13_KC_CLE,KC,23,34,293,3,1,1,-5,0,0,166,172,17,15.9601861688134,14.7877945005894,0,13,6,3,1,29,150,1,0,0,9,4.65164643022336,0,4,3,1,0,23,0,293,3,0,0,166,172,17,27.7982186784211,0,13,6,3,1,0,35,24,24,0,0,1,2,4,4,1,0,3,0,0,0,0,0,0,0,0,0,0,0,1,0,0,3,15,3,1,0,0,1,1,3,10,5,107,1,1,0,0,33,1,0,0,1,0,0,0,0,0,0,0,0,0,33,,,33,0,0,4,4,0,0,1,1,1,0,0,33,3,0,41,114,2,0,1,1,1,0,0,0,94
2006,13,DAL,REG,2006_13_DAL_NYG,NYG,20,34,257,0,2,1,-2,1,0,365,73,15,8.26177683769363,1.90042266339967,0,12,4,4,1,24,110,2,0,0,4,2.79920136646354,0,3,2,1,0,20,0,257,0,0,0,365,73,15,21.0068060349731,0,12,4,4,1,0,42,13,13,0,0,1,0,0,0,0,0,3,0,0,0,0,0,0,0,0,0,1,0,1,0,0,7,58,6,1,0,0,1,0,1,0,5,132,3,4,1,0,46,0.75,0,0,1,2,0,0,0,0,0,1,0,0,41;35;46,44,,122,44,0,2,2,0,0,1,1,1,0,0,46,2,0,50,92,1,0,0,1,1,0,0,0,72
2006,13,DEN,REG,2006_13_SEA_DEN,SEA,10,21,143,2,2,3,-22,0,0,180,97,6,-13.3001270488209,-9.08348575234413,0,3,1,1,1,34,181,0,2,1,7,-3.83456748961903,0,6,4,3,0,10,0,143,2,1,1,180,97,6,8.53962372452952,0,3,1,1,1,0,47,7,19,0,0,0,1,6,1,1,0,6,0,1,0,0,0,0,0,0,0,2,-6,0,0,0,3,25,4,2,3,0,5,3,2,6,5,127,2,2,0,0,41,1,0,0,1,1,0,0,0,0,0,0,0,0,37;41,,,78,0,0,2,2,0,0,1,0,0,0,0,0,7,0,56,307,2,0,1,0,1,5,36,0,271
2006,13,DET,REG,2006_13_DET_NE,NE,22,38,314,1,3,5,-30,1,1,352,135,13,-0.275039031161296,-2.59224317575756,0,14,10,6,0,22,77,0,1,1,5,-6.98566617583571,0,2,1,0,0,22,0,314,1,0,0,352,135,13,26.2787769464467,0,14,10,6,0,0,37,19,19,0,0,3,2,21,5,1,5,1,0,1,1,0,0,0,0,0,0,1,0,2,5,0,7,70,4,2,1,0,3,2,1,0,6,106,4,4,0,0,49,1,0,2,1,1,0,0,0,0,0,0,0,0,29;38;49;26,,,142,0,0,1,1,0,0,1,0,0,0,0,0,1,0,44,44,0,0,0,0,0,1,0,0,44
2006,13,GB,REG,2006_13_NYJ_GB,NYJ,24,47,214,1,2,2,-12,1,1,349,144,12,-22.4657786876862,-14.4137615219076,0,11,3,1,0,23,149,0,0,0,11,9.80348082113778,0,6,4,1,0,24,0,214,1,0,0,349,143,12,7.21023567726955,0,10,3,1,0,0,41,14,22,0,0,1,0,0,5,2,7,5,0,0,0,0,0,0,0,0,0,0,0,0,0,0,4,29,2,1,0,0,1,1,1,9,7,124,1,2,1,0,34,0.5,0,0,1,0,0,0,0,0,0,1,0,0,34,40,,34,40,0,1,1,0,0,1,0,0,0,0,0,2,0,41,79,1,0,0,0,0,2,0,0,79
2006,13,HOU,REG,2006_13_HOU_OAK,LV,7,14,32,0,0,5,-37,3,2,30,33,2,-22.0523941172133,-9.35175667206446,0,0,0,0,0,32,129,1,0,0,8,-1.00166452833985,0,5,3,0,0,7,0,32,0,0,0,30,33,2,0.8218770500971,0,0,0,0,0,0,56,7,7,0,0,3,5,49,5,2,35,8,0,0,0,0,0,0,0,0,0,1,0,3,58,1,5,46,4,3,0,0,3,2,2,67,3,111,3,4,1,0,47,0.75,0,0,1,2,0,0,0,0,0,1,0,0,42;47;39,41,,128,41,0,2,2,0,0,1,0,0,0,0,0,5,0,49,202,0,0,0,1,1,3,47,0,135
2006,13,IND,REG,2006_13_IND_TEN,TEN,21,28,351,1,2,0,0,0,0,293,121,14,16.9295523450715,16.7929386453969,0,10,9,5,2,29,100,1,0,0,5,-1.61387153475686,0,0,0,0,0,21,0,351,1,0,0,293,121,14,29.3743239563197,0,10,9,5,2,0,34,21,21,0,0,2,0,0,0,2,24,4,0,0,0,0,0,0,0,0,0,0,0,0,0,0,8,59,6,0,0,0,0,0,0,0,3,48,1,2,1,0,20,0.5,0,1,0,0,0,0,0,0,0,0,1,0,20,53,,20,53,0,2,2,0,0,1,0,0,0,0,0,3,0,41,105,1,0,2,1,0,0,0,0,85
2006,13,JAX,REG,2006_13_JAX_MIA,MIA,16,22,229,2,0,4,-26,0,0,238,61,10,14.4996592142002,16.1106669090011,0,11,7,4,0,31,150,1,0,0,8,4.51476731605362,0,4,4,1,0,16,0,229,2,1,1,238,61,10,18.689611728536,0,11,7,4,0,0,41,0,18,0,0,0,4,26,5,2,15,5,0,0,0,0,0,0,0,0,0,0,0,0,0,0,7,60,2,1,0,0,1,1,1,-2,2,59,1,1,0,0,48,1,0,0,0,1,0,0,0,0,0,0,0,0,48,,,48,0,0,3,3,0,0,1,0,0,0,0,0,3,0,45,115,0,1,0,0,1,1,2,0,113
2006,13,KC,REG,2006_13_KC_CLE,CLE,24,32,297,4,1,2,-4,1,1,264,153,17,18.2886091052787,11.9257125784369,0,12,6,3,0,32,124,0,0,0,6,-0.0366962004336529,0,2,2,1,0,24,0,297,4,0,0,264,153,17,31.4112731573405,0,12,6,3,0,0,34,21,21,0,0,1,1,5,4,1,23,5,0,0,0,0,0,0,0,0,0,0,0,1,0,0,3,29,1,1,0,0,1,1,0,0,6,69,0,0,0,0,,,0,0,0,0,0,0,0,0,0,0,0,0,,,,0,0,0,4,4,0,0,1,0,0,0,0,0,3,0,50,135,0,0,0,0,0,3,10,0,125
2006,13,LA,REG,2006_13_ARI_STL,ARI,27,45,314,2,3,4,-27,0,0,447,89,16,-8.19183482283124,0.0781787390058691,0,13,8,5,0,23,107,0,1,0,5,-2.02858741478298,0,1,1,0,0,27,0,314,2,0,0,447,89,16,25.8020925948513,0,13,8,5,0,0,51,4,4,0,0,0,1,7,2,0,0,4,0,0,0,0,0,0,0,0,0,1,0,0,0,0,10,126,4,1,0,0,1,0,2,19,6,189,2,2,0,0,37,1,0,1,1,0,0,0,0,0,0,0,0,0,27;37,,,64,0,0,2,2,0,0,1,0,0,0,0,0,3,0,38,98,1,1,0,0,1,1,11,0,87
2006,13,LAC,REG,2006_13_SD_BUF,BUF,17,29,160,1,0,3,-22,2,1,333,37,9,-3.211444869763,2.63144384170401,0,8,2,1,0,35,197,2,1,0,9,5.69212991662789,0,5,4,2,1,17,0,160,1,0,0,333,37,9,13.5917985428823,0,8,2,1,0,0,36,12,14,0,0,2,3,17,3,2,22,9,0,1,0,0,0,0,0,0,0,2,-3,2,0,0,3,30,5,1,3,0,4,2,3,25,2,30,1,2,1,0,42,0.5,0,0,0,1,0,0,0,0,1,0,0,0,42,36,,42,36,0,3,3,0,0,1,0,0,0,0,0,6,0,50,250,3,1,2,1,0,2,38,0,192
2006,13,LV,REG,2006_13_HOU_OAK,HOU,25,42,238,0,2,5,-49,0,0,255,110,13,-6.33810897016776,-1.56601596819727,0,11,1,1,0,26,113,1,1,1,7,-7.85815723473206,0,2,1,0,0,25,0,238,0,2,2,255,110,13,9.85211455187527,0,11,1,1,0,0,42,9,9,0,0,3,5,37,3,0,0,1,0,0,0,0,0,0,0,0,0,0,0,2,35,1,7,60,4,3,0,0,3,3,3,47,5,122,0,3,3,0,,0,0,0,0,0,0,0,0,1,1,0,1,0,,53;37;29,,0,119,0,2,2,0,0,1,0,0,0,0,0,4,0,63,227,0,0,0,2,0,2,67,0,120
2006,13,MIA,REG,2006_13_JAX_MIA,JAX,27,42,267,1,2,4,-26,0,0,268,113,12,-7.30598814199841,4.71654840205845,0,11,5,2,1,19,68,0,0,0,7,0.13595793931745,0,2,1,0,0,27,0,267,1,0,0,268,113,12,17.7614739851626,0,11,5,2,1,0,36,0,26,0,0,1,4,26,5,0,0,3,0,0,0,0,0,0,0,0,0,0,0,1,0,0,1,10,3,0,0,0,0,0,1,2,3,37,1,2,1,0,42,0.5,0,0,0,1,0,0,0,0,0,1,0,0,42,42,,42,42,0,1,1,0,0,1,0,0,0,0,0,3,0,44,123,2,1,0,0,1,1,-2,0,125
2006,13,MIN,REG,2006_13_MIN_CHI,CHI,21,39,178,0,4,3,-22,0,0,251,86,8,-25.0139353959621,-6.04475685528347,0,6,4,2,0,35,192,1,1,1,9,1.66853379650274,0,6,4,1,1,21,0,178,0,1,0,251,86,8,11.2827919882809,0,6,4,2,0,0,31,6,6,0,0,1,1,10,2,3,1,6,0,0,0,0,0,0,0,0,0,1,0,2,0,0,12,69,5,2,0,0,2,1,3,10,4,62,2,2,0,0,30,1,0,1,1,0,0,0,0,0,0,0,0,0,23;30,,,53,0,0,1,1,0,0,1,0,0,0,0,0,8,0,47,249,2,2,2,1,0,3,70,1,159
2006,13,NE,REG,2006_13_DET_NE,DET,27,38,305,0,1,2,-21,1,0,286,129,15,8.22804593761356,12.3652213977443,1,11,8,5,0,24,79,3,1,1,7,-1.25877734879032,0,1,1,0,0,27,0,305,0,1,1,286,129,15,16.7883250345623,1,11,8,5,0,0,29,26,26,0,0,2,5,30,6,3,-2,7,0,0,0,0,0,0,0,0,0,1,0,2,0,0,10,72,3,3,0,0,3,2,1,0,6,130,2,2,0,0,27,1,0,2,0,0,0,0,0,0,0,0,0,0,25;27,,,52,0,0,2,2,0,0,1,0,0,0,0,0,2,0,43,80,0,0,0,0,1,1,0,0,80
2006,13,NO,REG,2006_13_SF_NO,SF,17,28,186,1,0,1,-1,0,0,124,139,8,2.53212033322779,1.60577520728111,0,7,2,1,1,41,190,3,0,0,11,5.1765820817245,0,6,4,0,0,17,0,186,1,0,0,124,139,8,13.7235596680548,0,7,2,1,1,0,27,11,11,0,0,0,4,26,10,3,54,7,0,0,0,0,0,0,0,0,0,1,0,0,0,0,3,47,4,0,1,0,1,0,3,16,2,71,2,2,0,0,33,1,1,0,1,0,0,0,0,0,0,0,0,0,19;33,,,52,0,0,4,4,0,0,1,0,0,0,0,0,5,0,47,210,1,0,0,0,3,2,8,0,202
2006,13,NYG,REG,2006_13_DAL_NYG,DAL,24,36,270,2,0,0,0,0,0,219,146,14,12.0688927921647,2.27961358096865,0,11,5,2,1,29,126,0,1,0,6,-5.23103158571757,0,4,2,1,0,24,0,270,2,0,0,219,146,14,21.4852831742028,0,11,5,2,1,0,38,12,12,0,0,1,1,2,1,2,13,3,0,1,0,0,0,0,0,0,0,1,0,0,0,0,9,94,2,1,1,0,2,1,0,0,6,109,2,2,0,0,23,1,0,2,0,0,0,0,0,0,0,0,0,0,23;22,,,45,0,0,2,2,0,0,1,0,0,0,0,0,3,0,47,97,1,1,1,0,0,1,0,0,97
2006,13,NYJ,REG,2006_13_NYJ_GB,GB,25,35,263,2,2,0,0,0,0,247,131,16,15.5230469464149,12.0899381807872,0,12,4,3,0,31,178,3,0,0,9,4.90650584994,0,4,3,3,0,25,0,263,2,1,0,247,131,16,27.5853636396932,0,12,4,3,0,0,38,15,25,0,0,1,2,12,2,2,12,11,0,0,0,0,0,0,0,0,0,1,0,1,0,0,3,20,5,1,0,0,1,0,2,0,2,60,1,1,0,0,24,1,0,1,0,0,0,0,0,0,0,0,0,0,24,,,24,0,0,5,5,0,0,1,0,0,0,0,0,1,0,51,51,0,0,0,0,0,1,9,0,42
2006,13,PHI,REG,2006_13_CAR_PHI,CAR,21,39,312,3,0,1,-8,1,0,431,84,12,10.6090192085517,-3.9020026200696,0,12,6,5,2,27,98,0,0,0,5,-3.28737952899347,0,3,2,1,0,21,0,312,3,0,0,431,84,12,26.6583984207828,0,12,6,5,2,0,37,5,23,0,0,1,0,0,1,2,38,7,0,0,0,0,0,0,0,0,0,2,0,0,0,0,8,72,3,1,1,0,2,0,4,24,5,69,2,2,0,0,28,1,0,2,0,0,0,0,0,0,0,0,0,0,28;25,,,53,0,0,3,3,0,0,1,0,0,0,0,0,7,0,60,300,2,0,2,1,1,3,13,0,267
2006,13,PIT,REG,2006_13_TB_PIT,TB,12,25,198,2,1,1,-7,0,0,285,43,10,1.62147239682963,-10.2838680744171,0,10,6,3,0,31,76,0,0,0,2,-9.02131247793687,0,1,1,0,0,12,0,198,2,0,0,285,43,10,20.0833386536688,0,10,6,3,0,0,41,15,31,0,0,1,5,31,6,3,23,6,0,0,0,0,0,0,0,0,0,1,0,1,0,0,2,15,1,1,0,0,1,0,2,12,1,21,2,3,1,0,50,0.666666666666667,0,0,1,0,1,0,0,0,1,0,0,0,50;39,32,,89,32,0,2,2,0,0,1,0,0,0,0,0,5,0,48,183,1,0,0,0,1,4,9,0,174
2006,13,SEA,REG,2006_13_SEA_DEN,DEN,16,28,168,0,1,1,-6,0,0,246,30,7,-5.98862680575195,-4.58806565514317,0,6,3,2,0,31,108,1,0,0,4,-6.94226165912182,0,2,2,0,0,16,0,168,0,0,0,246,30,7,7.95589562426903,0,6,3,2,0,0,36,6,18,0,0,2,3,22,6,2,45,8,1,0,0,0,0,0,0,0,0,0,0,3,25,0,10,80,4,0,0,0,0,0,5,36,4,107,3,5,2,0,50,0.6,0,1,0,1,1,0,0,0,0,1,1,0,44;23;50,40;53,,117,93,0,2,2,0,0,1,1,1,0,0,50,8,0,54,307,3,0,2,0,4,2,6,0,301
2006,13,SF,REG,2006_13_SF_NO,NO,14,28,171,1,3,4,-26,0,0,392,37,6,-16.3088143260102,-4.44146212604311,0,6,2,2,1,15,57,0,0,0,3,-1.29577759716695,0,2,2,0,0,14,0,171,1,0,0,392,37,6,9.99385980865918,0,6,2,2,1,0,46,14,14,0,0,0,1,1,4,0,0,1,0,0,0,0,0,0,0,0,0,0,0,0,0,0,7,37,6,0,0,0,0,0,2,8,6,137,1,1,0,0,29,1,0,1,0,0,0,0,0,0,0,0,0,0,29,,,29,0,0,1,1,0,0,1,0,0,0,0,0,7,0,60,352,1,3,0,1,0,3,16,0,316
2006,13,TB,REG,2006_13_TB_PIT,PIT,20,34,175,0,3,5,-31,0,0,176,95,8,-21.2121254650364,-8.1436978543506,0,6,3,2,0,30,110,0,1,0,8,-0.643135425983928,0,3,1,0,0,20,0,175,0,1,1,176,95,8,6.34863346524071,0,6,3,2,0,0,33,14,18,0,0,1,1,7,1,1,9,5,0,0,0,0,0,0,0,0,0,1,0,0,0,0,5,40,5,1,1,0,2,1,4,9,5,90,1,1,0,0,27,1,0,1,0,0,0,0,0,0,0,0,0,0,27,,,27,0,0,0,0,0,0,,0,0,0,0,0,6,0,52,229,1,0,2,1,1,2,12,0,197
2006,13,TEN,REG,2006_13_IND_TEN,IND,15,25,163,2,2,0,0,0,0,189,88,9,0.183204719372003,5.75448179786856,0,8,6,3,0,35,219,0,1,0,12,8.008207227357,0,7,6,3,0,15,0,163,2,0,0,189,88,9,14.7675960921624,0,8,6,3,0,0,23,28,30,0,0,0,0,0,2,2,13,6,0,0,0,0,0,0,0,0,0,2,0,0,0,0,5,34,4,2,0,0,2,0,0,0,4,87,2,2,0,0,60,1,0,1,0,0,0,1,0,0,0,0,0,0,25;60,,,85,0,0,2,2,0,0,1,1,1,0,0,60,3,0,47,112,3,0,0,0,3,0,0,0,112
2006,13,WAS,REG,2006_13_ATL_WAS,ATL,18,38,217,1,2,1,-13,0,0,302,47,13,-8.50528042298118,-5.69644330276383,0,10,3,2,1,35,177,1,0,0,11,1.37072113028262,0,7,6,0,0,18,0,217,1,0,0,302,47,13,19.3687805345689,0,10,3,2,1,0,32,16,20,0,0,0,1,9,1,0,0,4,0,0,0,1,0,0,0,0,15,0,0,0,0,0,3,30,4,0,0,0,0,0,1,3,5,99,0,1,1,0,,0,0,0,0,0,0,0,0,0,0,0,1,0,,50,,0,50,0,2,2,0,0,1,0,0,0,0,0,5,0,51,204,2,0,2,1,2,0,0,0,184
2006,14,ARI,REG,2006_14_SEA_ARI,SEA,21,34,232,2,1,0,0,0,0,306,71,11,6.35411446636908,0.367716857881257,0,9,4,3,1,33,113,1,0,0,8,-3.04381114733081,0,3,2,0,0,21,0,232,2,0,0,306,71,11,18.8445892625265,0,9,4,3,1,0,46,10,10,0,0,4,3,15,3,0,0,3,0,0,0,0,0,0,0,0,0,0,0,3,0,0,9,77,1,0,0,0,0,0,3,58,3,69,2,3,1,0,40,0.666666666666667,0,0,1,1,0,0,0,0,0,0,1,0,32;40,53,,72,53,0,3,3,0,0,1,0,0,0,0,0,4,0,49,169,2,1,1,0,0,2,9,0,160
2006,14,ATL,REG,2006_14_ATL_TB,TB,14,23,155,0,1,2,-14,0,0,289,58,8,-3.02900152845541,7.90727812310924,0,7,3,0,0,34,139,1,1,0,7,-1.32307136693271,0,2,2,1,0,14,0,155,0,0,0,289,58,8,12.481057166704,0,7,3,0,0,0,31,25,25,0,0,2,1,12,4,0,0,5,0,0,0,0,0,0,0,0,0,1,-11,2,54,1,2,10,2,1,1,1,2,0,2,7,3,44,1,1,0,0,23,1,0,1,0,0,0,0,0,0,0,0,0,0,23,,,23,0,0,2,2,0,0,1,0,0,0,0,0,4,0,42,151,1,2,0,0,0,2,22,0,129
2006,14,BAL,REG,2006_14_BAL_KC,KC,21,27,283,1,0,0,0,0,0,181,134,8,13.0897143655639,,0,10,4,4,1,34,93,1,0,0,8,-2.26904756721342,0,2,0,0,0,21,0,283,1,1,1,181,134,8,12.443485708518,0,10,4,4,1,0,48,6,6,0,0,1,5,37,4,2,11,6,0,0,0,0,0,0,0,0,0,0,0,1,0,0,6,75,4,1,0,0,1,1,2,-2,2,51,2,2,0,0,41,1,0,1,0,1,0,0,0,0,0,0,0,0,41;23,,,64,0,0,2,2,0,0,1,0,0,0,0,0,4,0,51,162,3,1,1,0,1,1,6,0,156
2006,14,BUF,REG,2006_14_BUF_NYJ,NYJ,10,15,157,2,0,3,-13,0,0,127,96,7,5.70000220189104,5.3621107339859,0,5,2,1,1,34,174,1,1,1,7,-4.8508374905446,0,4,2,1,1,10,0,157,2,0,0,127,96,7,13.8288934695884,0,5,2,1,1,0,40,23,23,0,0,2,4,39,4,2,59,6,1,0,0,0,0,0,0,0,0,0,0,1,0,0,2,10,0,1,0,0,1,1,3,17,4,74,1,1,0,0,34,1,0,0,1,0,0,0,0,0,0,0,0,0,34,,,34,0,0,4,4,0,0,1,0,0,0,0,0,6,0,56,243,3,2,0,1,2,1,3,0,220
2006,14,CAR,REG,2006_14_NYG_CAR,NYG,34,61,423,1,3,2,-5,1,0,543,144,18,-8.20327993828314,-8.37337102355628,0,18,10,6,0,15,45,0,0,0,3,-2.86052474967437,0,2,2,0,0,34,0,423,1,0,0,543,144,18,29.1146412608796,0,18,10,6,0,0,47,8,12,0,0,3,1,0,2,0,0,4,0,0,0,0,0,0,0,0,0,1,0,0,0,0,7,37,4,1,0,0,1,0,3,11,4,62,2,2,0,0,45,1,0,0,1,1,0,0,0,0,0,0,0,0,37;45,,,82,0,0,1,1,0,0,1,0,0,0,0,0,6,0,56,272,1,0,0,0,2,4,50,0,222
2006,14,CHI,REG,2006_14_CHI_STL,LA,13,23,200,2,0,0,0,0,0,206,91,10,11.8974113571264,-3.44975266767585,0,8,5,5,0,34,172,2,0,0,7,7.89318873917904,0,3,3,3,0,13,0,200,2,0,0,206,91,10,19.8746226444491,0,8,5,5,0,2,57,6,6,0,0,1,3,24,7,1,0,6,0,0,0,0,0,0,0,0,0,0,0,0,0,0,11,86,3,0,0,0,0,0,1,21,5,228,0,2,2,0,,0,0,0,0,0,0,0,0,0,1,1,0,0,,37;49,,0,86,0,6,6,0,0,1,0,0,0,0,0,3,0,40,104,1,1,1,0,0,1,1,0,103
2006,14,CIN,REG,2006_14_OAK_CIN,LV,21,29,303,2,3,0,0,0,0,271,128,16,15.7481393969792,17.5406961568764,0,12,9,6,1,39,136,2,1,1,8,-9.12343343213433,0,2,0,0,0,21,0,303,2,0,0,271,128,16,31.6241505822109,0,12,9,6,1,0,42,1,17,0,0,1,4,21,10,1,0,8,0,0,0,0,0,0,0,0,0,0,0,1,0,0,5,40,2,1,0,0,1,1,2,10,3,70,0,0,0,0,,,0,0,0,0,0,0,0,0,0,0,0,0,,,,0,0,0,3,4,1,0,0.75,0,0,0,0,0,0,0,,0,0,0,0,0,0,0,0,0,0
2006,14,CLE,REG,2006_14_CLE_PIT,PIT,21,37,276,1,1,0,0,0,0,245,145,10,2.08496449424248,-8.76098001996676,0,11,6,3,1,11,18,0,1,1,0,-10.3727880847873,0,0,0,0,0,21,0,276,1,0,0,245,145,10,18.6761735988548,0,11,6,3,1,0,36,23,35,0,0,2,0,0,0,0,0,1,0,0,0,0,0,1,0,0,0,0,0,1,0,0,5,60,4,1,0,0,1,1,2,7,6,95,0,1,1,0,,0,0,0,0,0,0,0,0,0,0,1,0,0,,40,,0,40,0,1,1,0,0,1,0,0,0,0,0,6,0,47,229,3,0,1,0,2,3,31,0,198
2006,14,DAL,REG,2006_14_NO_DAL,NO,16,33,249,1,2,2,-18,0,0,389,86,11,-2.38852055075947,0.349229093520872,0,10,7,3,1,16,116,1,0,0,3,3.9198302461009,0,3,1,1,1,16,0,249,1,0,0,389,86,11,18.7634624643833,0,10,7,3,1,0,47,0,16,0,0,1,1,7,3,0,0,4,0,0,0,0,0,0,0,0,0,1,1,0,0,0,6,43,4,1,0,0,1,0,3,21,5,148,1,2,1,0,24,0.5,0,1,0,0,0,0,0,0,0,1,0,0,24,43,,24,43,0,2,2,0,0,1,0,0,0,0,0,4,0,52,163,4,0,0,0,3,1,-2,0,165
2006,14,DEN,REG,2006_14_DEN_SD,LAC,17,30,188,2,0,4,-22,2,1,289,64,9,-6.34472739209793,-1.44045913013919,0,9,4,2,0,28,162,0,1,0,7,1.03470752194944,0,3,2,1,1,17,0,188,2,0,0,289,64,9,16.5099062067815,0,9,4,2,0,0,38,13,13,0,0,1,2,7,2,0,0,2,0,0,0,0,0,0,0,0,0,2,0,1,0,0,2,10,4,2,1,0,3,1,1,-3,7,136,2,2,0,0,34,1,0,0,2,0,0,0,0,0,0,0,0,0,34;33,,,67,0,0,2,2,0,0,1,0,0,0,0,0,4,0,47,159,1,0,0,1,1,2,5,0,134
2006,14,DET,REG,2006_14_MIN_DET,MIN,28,41,294,1,3,3,-11,1,1,375,127,16,-7.1936958042165,5.21949507296085,0,14,6,2,0,10,-3,0,0,0,0,-7.16397111874539,0,0,0,0,0,28,0,294,1,2,2,375,127,16,13.1846750330878,0,14,6,2,0,0,49,1,25,0,0,1,1,3,1,1,88,3,1,0,0,0,0,0,0,0,0,0,0,1,0,0,6,50,4,2,1,0,3,3,4,51,6,135,2,2,0,0,53,1,0,0,0,1,1,0,0,0,0,0,0,0,53;45,,,98,0,0,2,2,0,0,1,0,0,0,0,0,1,0,42,42,0,1,0,0,0,0,0,0,42
2006,14,GB,REG,2006_14_GB_SF,SF,22,34,293,2,0,1,-12,0,0,300,109,12,11.5494273100662,4.13303926135554,0,10,7,4,1,34,139,1,0,0,7,-4.81541049934458,0,3,1,1,0,22,0,293,2,0,0,300,109,12,22.9662777113357,0,10,7,4,1,0,30,0,26,0,0,0,1,7,3,2,30,8,0,0,0,0,0,0,0,0,0,1,0,1,0,0,2,10,2,0,1,0,1,0,2,47,5,100,3,3,0,0,44,1,0,2,0,1,0,0,0,0,0,0,0,0,23;44;21,,,88,0,0,3,3,0,0,1,0,0,0,0,0,5,0,49,208,1,0,1,1,0,3,35,0,153
2006,14,HOU,REG,2006_14_TEN_HOU,TEN,17,23,140,0,0,2,-7,0,0,152,102,6,-2.15777930608988,7.02187674386161,0,5,2,1,0,30,107,2,0,0,8,0.60197701513708,0,4,1,0,0,17,0,140,0,0,0,152,102,6,5.09162362533584,0,5,2,1,0,0,41,19,19,0,0,1,2,18,4,1,0,7,0,0,0,0,0,0,0,0,0,0,0,1,0,0,7,64,3,0,0,0,0,0,1,-2,5,87,2,2,0,0,49,1,0,0,0,2,0,0,0,0,0,0,0,0,49;46,,,95,0,0,2,2,0,0,1,0,0,0,0,0,6,0,53,251,0,0,2,0,0,4,16,0,235
2006,14,IND,REG,2006_14_IND_JAX,JAX,25,50,313,0,1,2,-8,0,0,628,108,15,-2.17403293111488,-11.7955116099781,0,16,4,4,1,20,34,2,0,0,6,-1.96128922863863,0,0,0,0,0,25,0,313,0,0,0,628,108,15,24.0743254604015,0,16,4,4,1,0,49,1,3,0,0,0,1,7,3,1,0,3,0,0,0,0,0,0,0,0,0,0,0,0,0,0,7,71,2,0,0,0,0,0,0,0,4,82,1,1,0,0,41,1,0,0,0,1,0,0,0,0,0,0,0,0,41,,,41,0,0,2,2,0,0,1,0,0,0,0,0,5,1,54,194,1,1,1,0,0,3,36,0,158
2006,14,JAX,REG,2006_14_IND_JAX,IND,8,14,79,0,1,1,-7,0,0,216,27,4,-7.68707444940091,-0.393099586168925,0,3,1,0,0,42,375,4,0,0,16,18.3605841510581,0,13,12,4,2,8,0,79,0,0,0,216,27,4,4.27620021614945,0,3,1,0,0,1,44,0,6,0,0,0,2,8,2,1,0,7,0,0,0,1,0,0,0,0,3,0,0,0,0,0,3,31,4,0,0,0,0,0,3,36,3,142,3,4,1,0,48,0.75,0,0,1,2,0,0,0,0,0,1,0,0,48;34;46,48,,128,48,0,5,5,0,0,1,0,0,0,0,0,1,0,20,20,0,1,0,0,0,0,0,0,20
2006,14,KC,REG,2006_14_BAL_KC,BAL,15,27,178,1,2,5,-37,1,1,241,64,10,-3.47843569397835,,0,8,4,2,0,30,135,0,0,0,4,-2.3471598897595,0,3,2,1,1,15,0,178,1,0,0,241,64,10,20.7011154506472,0,8,4,2,0,0,50,6,6,0,0,1,0,0,0,0,0,0,0,0,0,0,0,0,0,0,0,0,0,1,19,0,6,35,4,1,0,0,1,1,1,6,4,87,1,2,1,0,49,0.5,0,0,0,1,0,0,0,0,1,0,0,0,49,32,,49,32,0,1,1,0,0,1,0,0,0,0,0,3,0,51,108,2,0,0,0,1,2,-2,0,110
2006,14,LA,REG,2006_14_CHI_STL,CHI,34,55,356,3,1,3,-24,0,0,454,113,18,6.85975045664236,2.09544640779495,0,13,7,5,1,22,101,1,0,0,5,4.15170524818886,0,4,3,1,0,34,0,356,3,0,0,454,113,18,27.8197382204235,0,13,7,5,1,0,45,3,3,0,0,0,0,0,4,0,0,1,0,0,0,0,0,0,0,0,0,1,0,0,0,0,11,91,6,1,0,0,1,0,1,1,7,150,0,1,1,0,,0,0,0,0,0,0,0,0,0,0,1,0,0,,48,,0,48,0,3,3,0,0,1,0,0,0,0,0,6,0,53,275,1,0,2,1,2,1,21,0,234
2006,14,LAC,REG,2006_14_DEN_SD,DEN,15,23,279,2,0,2,-7,0,0,258,72,11,15.0106941267787,9.17278852151788,0,11,7,4,1,35,147,4,0,0,11,6.6528140741284,0,3,2,0,0,15,0,279,2,0,0,258,72,11,25.8274318829062,0,11,7,4,1,0,37,20,20,0,0,2,4,22,3,0,0,6,0,0,0,0,0,0,0,0,0,0,0,1,0,0,5,38,4,1,0,0,1,1,2,5,3,85,2,2,0,0,35,1,0,0,2,0,0,0,0,0,0,0,0,0,34;35,,,69,0,0,6,6,0,0,1,0,0,0,0,0,3,0,48,133,2,0,1,0,1,1,-3,0,136
2006,14,LV,REG,2006_14_OAK_CIN,CIN,23,39,199,1,1,4,-21,0,0,275,68,14,0.168503929505685,9.57082539796829,0,9,3,1,0,16,45,0,1,0,0,-6.33000037603779,0,0,0,0,0,23,0,199,1,1,1,275,68,14,18.2550866603269,0,9,3,1,0,0,43,1,33,0,0,1,0,0,2,3,16,5,0,0,0,0,0,0,0,0,0,1,0,1,0,0,6,38,6,1,1,0,2,1,0,0,5,132,1,2,1,0,33,0.5,0,0,1,0,0,0,0,0,0,0,1,0,33,51,,33,51,0,1,1,0,0,1,0,0,0,0,0,2,0,56,102,0,0,0,0,0,2,10,0,92
2006,14,MIA,REG,2006_14_NE_MIA,NE,18,30,190,1,0,1,-6,0,0,250,98,11,1.39220203351447,1.3841418356731,1,8,4,3,0,31,131,1,0,0,4,-3.73127745623729,0,2,1,1,1,18,0,190,1,0,0,250,98,11,14.213485288885,1,8,4,3,0,0,39,0,22,0,0,4,5,24,3,0,0,3,0,0,0,0,0,0,0,0,0,0,0,3,0,0,3,30,2,0,0,0,0,0,4,36,0,0,2,2,0,0,35,1,0,0,2,0,0,0,0,0,0,0,0,0,35;33,,,68,0,0,1,1,0,0,1,0,0,0,0,0,6,0,54,247,3,0,3,1,0,2,21,0,206
2006,14,MIN,REG,2006_14_MIN_DET,DET,14,22,159,0,1,1,-3,0,0,97,96,7,-6.55604949442165,-8.90118655833331,0,5,2,2,0,44,172,4,1,1,13,2.78186854091473,0,4,3,1,0,14,0,159,0,0,0,97,96,7,13.9786979700439,0,5,2,2,0,0,44,0,12,0,0,2,3,11,3,3,61,7,0,0,0,0,0,0,0,0,0,1,0,3,0,0,7,50,2,1,1,0,2,1,0,0,4,70,1,1,0,0,30,1,0,0,1,0,0,0,0,0,0,0,0,0,30,,,30,0,0,3,3,0,0,1,0,0,0,0,0,4,0,58,213,2,0,0,0,0,4,51,0,162
2006,14,NE,REG,2006_14_NE_MIA,MIA,14,28,90,0,0,5,-24,3,2,244,43,5,-15.5191519299406,-13.3100764027664,0,2,1,1,0,25,123,0,0,0,5,0.721455444523599,0,5,2,0,0,14,0,90,0,1,1,244,43,5,2.62846694292966,0,2,1,1,0,0,40,0,18,0,0,0,1,6,1,0,0,0,0,0,0,0,0,0,0,0,0,1,0,0,0,0,9,71,2,4,0,0,4,3,2,21,4,131,0,0,0,0,,,0,0,0,0,0,0,0,0,0,0,0,0,,,,0,0,0,0,0,0,0,,0,0,0,0,0,7,0,47,239,2,0,0,0,3,4,36,0,203
2006,14,NO,REG,2006_14_NO_DAL,DAL,26,38,384,5,0,1,-7,0,0,188,245,16,26.2837970584515,5.88960679801735,0,13,5,5,3,36,159,1,0,0,11,6.04020393663086,0,3,2,1,0,26,0,384,5,0,0,188,245,16,35.4678631640272,0,13,5,5,3,0,35,0,6,0,0,1,2,18,6,2,10,4,0,0,0,0,0,0,0,0,0,1,0,0,0,0,7,54,5,1,0,0,1,0,1,-2,4,84,0,0,0,0,,,0,0,0,0,0,0,0,0,0,0,0,0,,,,0,0,0,6,6,0,0,1,0,0,0,0,0,4,0,53,191,0,0,0,0,1,3,21,0,170
2006,14,NYG,REG,2006_14_NYG_CAR,CAR,17,33,172,3,0,1,0,1,0,256,68,7,5.27187345073158,-10.6184415053576,0,4,3,3,1,35,135,0,1,0,7,-3.86851589996289,0,5,4,2,0,17,0,172,3,0,0,256,68,7,19.8729217609507,0,4,3,3,1,0,46,6,10,0,0,1,2,5,2,3,29,10,0,1,0,0,0,0,0,0,0,2,0,0,0,0,2,10,3,3,0,1,3,0,4,50,3,55,2,2,0,0,32,1,0,1,1,0,0,0,0,0,0,0,0,0,32;29,,,61,0,0,3,3,0,0,1,0,0,0,0,0,9,0,53,369,6,3,1,0,2,3,11,0,358
2006,14,NYJ,REG,2006_14_BUF_NYJ,BUF,22,35,182,1,2,4,-39,1,1,157,118,9,-23.0826394255081,-6.5420413389802,0,8,3,1,0,31,134,0,1,0,7,-1.30708451967802,0,1,1,0,0,22,0,182,1,0,0,157,118,9,9.21909161855001,0,8,3,1,0,0,28,23,23,0,0,1,3,13,3,0,0,0,0,0,0,0,0,0,0,0,0,1,0,1,0,0,3,15,5,2,0,0,2,1,1,3,6,136,2,2,0,0,38,1,0,0,2,0,0,0,0,0,0,0,0,0,30;38,,,68,0,0,1,1,0,0,1,0,0,0,0,0,5,0,55,211,1,0,0,1,1,3,17,0,174
2006,14,PHI,REG,2006_14_PHI_WAS,WAS,15,23,164,2,0,0,0,0,0,234,64,8,2.28274463376147,5.61432333096214,0,6,3,2,1,22,99,0,0,0,5,-0.68311089251074,0,4,3,0,0,15,0,164,2,0,0,234,64,8,8.88677690146142,0,6,3,2,1,0,36,25,25,0,0,0,2,17,2,2,100,7,1,1,0,0,0,0,0,0,0,0,0,0,0,0,2,20,5,1,0,0,1,1,2,4,6,114,0,0,0,0,,,0,0,0,0,0,0,0,0,0,0,0,0,,,,0,0,0,3,3,0,0,1,0,0,0,0,0,5,0,54,223,4,1,1,0,0,3,10,0,213
2006,14,PIT,REG,2006_14_CLE_PIT,CLE,11,21,225,1,0,0,0,0,0,291,69,10,13.9753979821667,-2.87227091335115,0,10,9,4,1,52,303,2,2,1,15,3.83411073358229,0,11,8,3,0,11,0,225,1,0,0,291,69,10,22.0299522853456,0,10,9,4,1,0,22,14,22,0,0,1,0,0,1,1,20,5,0,0,0,0,0,0,0,0,0,1,0,1,0,0,4,25,2,2,0,0,2,1,3,31,2,32,2,3,0,1,28,0.666666666666667,0,2,0,0,0,0,0,0,0,0,0,0,23;28,,35,51,0,35,3,3,0,0,1,0,0,0,0,0,2,0,35,66,0,0,0,0,0,2,7,0,59
2006,14,SEA,REG,2006_14_SEA_ARI,ARI,20,28,243,3,0,3,-15,1,1,216,96,9,3.73976454214426,7.56170206836292,0,8,8,5,1,29,120,0,1,1,8,-1.3870964490925,0,3,3,0,0,20,0,243,3,2,1,216,96,9,12.8877253080718,0,8,8,5,1,0,49,9,9,0,0,0,0,0,0,1,-4,4,0,0,0,0,0,0,0,0,0,1,0,0,0,0,6,40,5,4,0,0,4,3,2,9,6,159,0,0,0,0,,,0,0,0,0,0,0,0,0,0,0,0,0,,,,0,0,0,3,3,0,0,1,0,0,0,0,0,4,0,57,199,0,0,0,0,1,3,58,0,141
2006,14,SF,REG,2006_14_GB_SF,GB,12,29,201,1,2,1,-7,0,0,298,122,8,-7.10180313559676,-16.6672058146575,0,7,4,3,1,25,146,1,1,1,5,-0.0124099588138051,0,1,1,1,1,12,0,201,1,0,0,298,122,8,16.7542443321436,0,7,4,3,1,0,51,0,20,0,0,0,1,12,3,0,0,7,0,0,0,0,0,0,0,0,0,0,0,0,0,0,4,25,4,0,1,0,1,1,3,35,6,155,2,2,0,0,36,1,0,1,1,0,0,0,0,0,0,0,0,0,24;36,,,60,0,0,1,1,0,0,1,0,0,0,0,0,5,0,51,229,1,2,0,1,0,2,47,0,162
2006,14,TB,REG,2006_14_ATL_TB,ATL,22,37,204,0,0,1,-12,1,1,191,105,10,-7.44647586221587,-3.16828898021153,0,8,4,2,0,29,80,0,2,1,3,-13.3386534136331,0,1,1,0,0,22,0,204,0,0,0,191,105,10,13.9021545006835,0,8,4,2,0,0,33,21,23,0,0,1,2,14,7,1,0,2,0,0,0,0,0,0,0,0,0,1,-1,0,0,0,2,10,4,2,1,0,3,2,2,22,3,51,2,3,1,0,42,0.666666666666667,0,1,0,1,0,0,0,0,0,0,1,0,42;24,51,,66,51,0,0,0,0,0,,0,0,0,0,0,4,0,49,182,1,0,0,0,2,2,7,0,175
2006,14,TEN,REG,2006_14_TEN_HOU,HOU,19,29,218,0,1,2,-18,0,0,253,80,7,-2.35511114896709,6.16798709545817,0,9,4,3,0,33,218,3,0,0,12,12.40506429167,0,5,5,3,0,19,0,218,0,1,1,253,80,7,6.7101108834031,0,9,4,3,0,0,38,14,14,0,0,0,2,7,2,0,0,2,0,0,0,0,0,0,0,0,0,0,0,0,0,0,8,66,4,1,0,0,1,1,4,16,5,146,2,2,0,0,41,1,0,0,1,1,0,0,0,0,0,0,0,0,41;33,,,74,0,0,2,2,0,0,1,0,0,0,0,0,5,0,52,210,5,0,3,0,1,1,-2,0,212
2006,14,WAS,REG,2006_14_PHI_WAS,PHI,16,28,222,1,2,2,-17,0,0,334,62,10,-5.86019463641169,0.819900300767687,0,8,6,3,1,40,210,0,0,0,9,1.40035566502408,0,9,7,1,0,16,0,222,1,0,0,334,62,10,20.2438215678975,0,8,6,3,1,0,25,16,16,0,0,1,0,0,2,0,0,2,0,0,0,0,0,0,0,0,0,0,0,1,0,0,11,68,4,0,0,0,0,0,3,10,3,79,4,4,0,0,45,1,0,0,3,1,0,0,0,0,0,0,0,0,31;45;32;35,,,143,0,0,1,1,0,0,1,0,0,0,0,0,3,0,54,144,0,0,0,1,0,2,4,0,120
2006,15,ARI,REG,2006_15_DEN_ARI,DEN,20,35,214,0,2,3,-19,2,0,265,46,10,-12.3746241886583,-5.33006047048876,0,8,5,3,0,20,100,1,0,0,6,4.10374718118692,0,3,2,0,0,20,0,214,0,0,0,265,46,10,11.8661157668394,0,8,5,3,0,0,43,22,22,0,0,3,1,5,2,1,23,3,0,0,0,0,0,0,0,0,0,2,0,1,4,1,6,52,3,2,0,0,2,0,0,0,6,149,2,3,1,0,49,0.666666666666667,0,0,1,1,0,0,0,0,0,0,1,0,49;38,50,,87,50,0,2,2,0,0,1,0,0,0,0,0,3,0,58,157,1,0,0,0,0,3,25,0,132
2006,15,ATL,REG,2006_15_DAL_ATL,DAL,19,29,270,4,2,4,-21,0,0,315,71,14,0.975064114812994,10.6163128146103,0,9,4,3,2,27,127,0,1,1,5,0.741889586643083,0,5,3,0,0,19,0,270,4,0,0,315,71,14,26.2557512998174,0,9,4,3,2,0,44,7,7,0,0,2,3,20,3,1,40,4,0,0,0,0,0,0,0,0,0,0,0,1,4,0,8,68,3,1,0,0,1,1,1,3,7,158,0,0,0,0,,,0,0,0,0,0,0,0,0,0,0,0,0,,,,0,0,0,4,4,0,0,1,0,0,0,0,0,4,0,53,172,0,1,0,0,3,0,0,0,172
2006,15,BAL,REG,2006_15_CLE_BAL,CLE,13,25,238,2,1,1,-7,0,0,311,70,8,6.82864832523046,-5.35036551952362,0,6,5,3,2,35,142,1,2,2,4,-14.3600089824102,0,3,2,1,1,13,0,238,2,0,0,311,70,8,20.2978251629393,0,6,5,3,2,0,38,15,17,0,0,1,6,55,8,2,47,4,0,0,0,0,0,0,0,0,0,0,-7,0,0,0,4,30,1,1,1,0,2,2,5,20,4,80,2,2,0,0,38,1,0,1,1,0,0,0,0,0,0,0,0,0,38;22,,,60,0,0,3,3,0,0,1,0,0,0,0,0,5,0,49,201,1,1,0,0,2,2,8,0,193
2006,15,BUF,REG,2006_15_MIA_BUF,MIA,13,19,200,3,0,3,-14,1,1,188,63,7,8.94046340201749,15.8277879158656,0,5,5,5,0,37,100,0,2,1,5,-13.959093091602,0,3,0,0,0,13,0,200,3,0,0,188,63,7,17.8105469862348,0,5,5,5,0,0,29,17,23,0,0,0,1,9,2,2,29,6,0,0,0,0,0,0,0,0,0,1,0,0,0,0,5,17,0,3,0,0,3,2,4,31,1,10,0,0,0,0,,,0,0,0,0,0,0,0,0,0,0,0,0,,,,0,0,0,3,3,0,0,1,0,0,0,0,0,7,0,51,271,4,1,1,0,3,2,11,0,260
2006,15,CAR,REG,2006_15_PIT_CAR,PIT,24,39,226,0,2,5,-29,0,0,249,91,11,-14.1081131650588,-1.86775436526851,0,10,6,0,0,11,43,0,0,0,1,-2.82921773090493,0,1,1,1,0,24,0,226,0,0,0,249,91,11,9.03958505207962,0,10,6,0,0,0,47,8,10,0,0,0,3,22,4,0,0,3,0,0,0,0,0,0,0,0,0,0,0,0,0,0,8,65,2,0,0,0,0,0,2,11,6,112,1,2,1,0,37,0.5,0,0,1,0,0,0,0,0,0,0,1,0,37,50,,37,50,0,0,0,0,0,,0,0,0,0,0,6,1,52,268,3,0,0,0,3,3,78,1,190
2006,15,CHI,REG,2006_15_TB_CHI,TB,29,44,339,2,0,4,-27,0,0,314,148,18,5.84338243618577,4.56500365620568,0,18,8,4,0,34,134,2,0,0,7,-3.78869333972308,0,2,1,0,0,29,0,339,2,0,0,314,148,18,22.7762388194678,0,18,8,4,0,0,37,19,19,0,0,2,2,5,2,1,3,8,0,1,0,0,0,0,0,0,0,1,0,1,0,0,8,79,2,3,0,1,3,1,7,63,6,85,2,3,1,0,38,0.666666666666667,0,1,1,0,0,0,0,0,1,0,0,0,38;25,37,,63,37,0,4,4,0,0,1,1,1,0,0,25,10,0,56,446,5,0,1,0,2,7,46,0,400
2006,15,CIN,REG,2006_15_CIN_IND,IND,14,28,176,0,0,4,-31,4,1,283,95,12,-5.29922677667529,-7.46988185814449,0,8,3,2,1,30,133,1,1,0,7,-2.38907051100553,0,5,3,1,0,14,0,176,0,0,0,283,95,12,13.411785806471,0,8,3,2,1,0,46,17,17,0,0,0,1,0,3,0,0,1,0,0,0,0,0,0,0,0,0,4,0,1,0,0,2,10,5,5,0,0,5,1,1,8,6,120,3,3,0,0,30,1,0,2,1,0,0,0,0,0,0,0,0,0,27;30;28,,,85,0,0,1,1,0,0,1,0,0,0,0,0,4,0,47,172,1,0,0,0,1,3,6,0,166
2006,15,CLE,REG,2006_15_CLE_BAL,BAL,23,33,223,2,2,6,-55,1,0,314,107,10,-12.7783387080901,10.6163200832182,0,9,5,2,0,16,68,0,0,0,3,-1.81239000428468,0,2,2,0,0,23,0,223,2,0,0,314,107,10,14.3191850747443,0,9,5,2,0,0,35,17,17,0,0,1,1,7,2,1,13,5,0,0,0,0,0,0,0,0,0,1,0,2,0,0,7,50,5,1,0,0,1,0,2,8,6,109,1,2,1,0,51,0.5,0,0,0,0,1,0,0,0,0,1,0,0,51,47,,51,47,0,2,2,0,0,1,0,0,0,0,0,7,0,53,310,2,1,0,0,1,5,20,0,290
2006,15,DAL,REG,2006_15_DAL_ATL,ATL,22,29,278,2,1,3,-20,0,0,276,91,13,13.6217687396664,13.2713965007237,0,10,5,3,1,27,94,2,2,0,7,-0.651923193712719,0,3,2,0,0,22,0,278,2,0,0,276,91,13,27.2071999392938,0,10,5,3,1,0,52,3,5,0,0,1,4,21,5,2,-59,4,1,1,0,0,0,0,0,0,0,2,-12,1,2,0,4,32,1,2,2,1,4,1,0,0,4,88,1,1,0,0,48,1,0,0,0,1,0,0,0,0,0,0,0,0,48,,,48,0,0,5,5,0,0,1,0,0,0,0,0,3,0,57,159,2,1,0,0,1,1,3,0,156
2006,15,DEN,REG,2006_15_DEN_ARI,ARI,21,31,261,2,1,1,-5,1,0,360,74,13,14.8533592308351,7.68328876264634,0,12,4,2,1,38,106,2,2,1,10,-8.16003395176546,0,2,0,0,0,21,0,261,2,0,0,360,74,13,21.5413192782726,0,12,4,2,1,0,35,12,12,0,0,2,3,19,1,2,37,7,0,0,0,0,0,0,0,0,0,2,0,0,0,0,1,5,4,3,0,0,3,1,3,25,5,154,3,3,0,0,30,1,0,1,2,0,0,0,0,0,0,0,0,0,30;22;30,,,82,0,0,4,4,0,0,1,0,0,0,0,0,1,0,34,34,1,0,0,0,1,0,0,0,34
2006,15,DET,REG,2006_15_DET_GB,GB,16,26,135,0,2,6,-51,0,0,221,63,6,-22.5920080967199,-1.56603647539249,0,7,2,2,0,20,58,0,1,1,3,-7.30311281817294,0,1,1,0,0,16,0,135,0,0,0,221,63,6,6.87862060991037,0,7,2,2,0,0,41,17,21,0,0,1,1,10,4,3,5,7,0,0,0,0,0,0,0,0,0,0,-3,1,0,0,6,37,6,0,1,0,1,1,4,22,4,68,3,3,0,0,42,1,0,1,0,2,0,0,0,0,0,0,0,0,42;42;23,,,107,0,0,0,0,0,0,,0,0,0,0,0,5,0,56,240,1,0,1,0,0,4,12,0,228
2006,15,GB,REG,2006_15_DET_GB,DET,20,37,174,0,3,1,-10,0,0,289,109,9,-11.1684480047047,-8.49421813681319,0,7,2,1,0,32,139,2,0,0,8,-4.86817078420427,0,6,3,1,0,20,0,174,0,1,0,289,111,9,10.8030320294783,0,7,2,1,0,0,36,13,17,0,0,0,6,51,8,2,52,4,0,0,0,0,0,0,0,0,0,1,0,1,0,0,9,69,3,1,1,0,2,1,4,12,4,83,1,1,0,0,24,1,0,1,0,0,0,0,0,0,0,0,0,0,24,,,24,0,0,2,2,0,0,1,0,0,0,0,0,5,0,51,210,1,0,0,1,0,4,22,0,168
2006,15,HOU,REG,2006_15_HOU_NE,NE,16,28,127,0,4,4,-34,1,0,188,77,7,-25.277804315323,-6.33172701906275,0,3,1,1,0,22,105,1,0,0,6,-0.460272766707931,0,4,2,0,0,16,0,127,0,0,0,188,77,7,8.20903188665398,0,3,1,1,0,0,28,27,27,0,0,0,1,4,1,0,0,2,0,0,0,0,0,0,0,0,0,1,0,0,0,0,4,66,1,1,0,0,1,0,2,16,8,151,0,0,0,0,,,0,0,0,0,0,0,0,0,0,0,0,0,,,,0,0,0,1,1,0,0,1,0,0,0,0,0,7,0,56,295,1,0,1,0,2,4,44,0,251
2006,15,IND,REG,2006_15_CIN_IND,CIN,29,36,282,4,0,1,0,0,0,215,113,19,20.9587285682614,12.0597338510884,0,13,5,2,0,29,112,0,0,0,6,-7.99410570756299,0,4,4,1,1,29,0,282,4,0,0,215,113,19,27.3258593321079,0,13,5,2,0,0,37,21,21,0,0,5,4,31,3,0,0,7,0,1,0,0,0,0,0,0,0,0,0,1,0,0,5,35,4,0,1,0,1,1,3,6,5,119,2,2,0,0,44,1,0,0,1,1,0,0,0,0,0,0,0,0,30;44,,,74,0,0,4,4,0,0,1,0,0,0,0,0,2,0,57,100,0,0,0,0,1,1,8,0,92
2006,15,JAX,REG,2006_15_JAX_TEN,TEN,22,37,233,1,3,5,-39,0,0,301,115,13,-16.7486751082297,5.55925675340601,0,6,3,3,0,40,202,1,1,1,9,-1.76352444474469,0,6,6,2,0,22,0,233,1,0,0,301,115,13,22.73565262162,0,6,3,3,0,0,21,6,14,0,0,1,3,28,3,0,0,3,0,0,0,0,0,0,0,0,0,0,0,0,0,0,2,25,6,1,0,0,1,1,2,7,5,93,1,1,0,0,43,1,0,0,0,1,0,0,0,0,0,0,0,0,43,,,43,0,0,2,2,0,0,1,0,0,0,0,0,2,0,50,75,0,1,0,0,0,1,8,0,67
2006,15,KC,REG,2006_15_KC_SD,LAC,23,41,185,0,1,6,-34,0,0,297,73,12,-14.6807853347647,-4.6664859354496,0,7,2,1,0,21,90,0,0,0,4,0.528294658462983,0,2,1,1,0,23,0,185,0,0,0,297,73,12,9.96843591926976,0,7,2,1,0,0,38,12,12,0,0,0,2,9,3,2,1,7,0,1,0,0,0,0,0,0,0,0,0,0,0,0,3,23,5,0,1,0,1,1,2,6,5,104,3,3,0,0,52,1,0,1,0,1,1,0,0,0,0,0,0,0,45;52;24,,,121,0,0,0,0,0,0,,0,0,0,0,0,7,0,50,283,1,0,1,0,3,3,19,0,264
2006,15,LA,REG,2006_15_STL_OAK,LV,11,22,137,0,0,4,-34,0,0,251,40,6,-2.95842287866591,-2.37346305088563,0,4,3,2,1,35,148,2,2,0,7,0.616511745552998,0,4,3,0,0,11,0,137,0,0,0,251,40,6,11.4883779652021,0,4,3,2,1,0,47,5,5,0,0,1,4,26,4,3,13,9,0,0,0,0,0,0,0,0,0,2,-2,2,2,0,10,56,3,0,2,0,2,0,1,17,1,21,2,2,0,0,34,1,0,1,1,0,0,0,0,0,0,0,0,0,24;34,,,58,0,0,2,2,0,0,1,0,0,0,0,0,6,0,74,277,3,0,4,0,0,2,5,0,272
2006,15,LAC,REG,2006_15_KC_SD,KC,8,23,97,0,2,2,-9,0,0,193,33,3,-18.9489296866814,-22.1420871359961,0,3,3,1,1,38,265,2,0,0,12,13.3196596293839,0,6,5,2,1,8,0,97,0,0,0,193,33,3,3.35707249119878,0,3,3,1,1,0,37,21,21,0,0,0,6,34,7,1,8,10,0,0,0,0,0,0,0,0,0,0,0,1,0,0,7,61,4,0,0,0,0,0,3,19,4,137,2,2,0,0,30,1,0,1,1,0,0,0,0,0,0,0,0,0,30;22,,,52,0,0,2,2,0,0,1,0,0,0,0,0,6,0,40,173,3,0,3,0,1,2,6,0,167
2006,15,LV,REG,2006_15_STL_OAK,LA,25,39,229,0,3,4,-26,0,0,259,115,12,-17.4028090416105,-0.766103249043226,0,8,3,1,0,18,57,0,1,1,5,-4.92447101336438,0,2,0,0,0,25,0,229,0,0,0,259,115,12,10.3176733949804,0,8,3,1,0,0,45,8,8,0,0,0,4,34,4,0,0,4,0,1,0,0,0,0,0,0,0,0,0,0,0,0,9,75,6,1,1,0,2,2,2,5,5,115,0,0,0,0,,,0,0,0,0,0,0,0,0,0,0,0,0,,,,0,0,0,0,0,0,0,,0,0,0,0,0,4,0,52,171,2,0,0,1,2,1,17,0,134
2006,15,MIA,REG,2006_15_MIA_BUF,BUF,14,33,118,0,2,2,-18,1,0,185,65,4,-27.7561132275732,-19.0365613468232,0,3,2,2,0,28,112,0,0,0,6,-2.80625023844186,0,2,1,0,0,14,0,118,0,0,0,185,65,4,2.02961019246141,0,3,2,2,0,0,27,26,34,0,0,3,3,14,4,0,0,3,0,0,0,0,0,0,0,0,0,1,0,2,0,0,2,25,4,0,1,0,1,0,2,11,3,61,0,0,0,0,,,0,0,0,0,0,0,0,0,0,0,0,0,,,,0,0,0,0,0,0,0,,0,0,0,0,0,8,0,64,369,2,2,1,1,0,4,31,0,318
2006,15,MIN,REG,2006_15_NYJ_MIN,NYJ,24,40,273,2,1,3,-28,0,0,442,137,11,-8.33901587607914,0.162378216491026,0,12,5,4,0,15,62,0,0,0,3,1.26893891487271,0,2,1,0,0,24,0,273,2,0,0,442,132,11,14.3179138626875,0,12,5,4,0,0,49,5,19,0,0,1,2,16,3,1,7,2,0,1,0,0,0,0,0,0,0,1,0,1,2,0,8,56,5,0,1,0,1,0,1,1,6,115,0,1,1,0,,0,0,0,0,0,0,0,0,0,0,1,0,0,,49,,0,49,0,1,1,0,0,1,0,0,0,0,0,7,0,68,331,1,1,0,1,2,3,50,0,261
2006,15,NE,REG,2006_15_HOU_NE,HOU,19,27,129,2,0,1,-4,0,0,111,119,8,1.50893081357404,2.07387231014393,0,4,1,1,1,38,105,1,0,0,6,-8.40939052519389,0,3,1,0,0,19,0,129,2,0,0,111,119,8,11.33214705387,0,4,1,1,1,1,20,31,31,0,0,1,4,34,4,4,63,6,0,0,0,0,0,0,0,0,0,0,0,0,0,0,2,10,3,0,0,0,0,0,4,44,2,102,4,4,0,0,36,1,0,1,3,0,0,0,0,0,0,0,0,0,36;32;31;21,,,120,0,0,4,4,0,0,1,0,0,0,0,0,4,0,46,160,3,0,2,0,0,2,16,0,144
2006,15,NO,REG,2006_15_WAS_NO,WAS,21,38,207,0,1,2,-8,0,0,300,94,13,0.0905371606444203,-6.92717110117277,0,9,5,3,0,24,71,1,0,0,2,-5.31088063842617,0,1,0,0,0,21,0,207,0,0,0,300,94,13,20.2068545121583,0,9,5,3,0,0,36,11,11,0,0,1,1,11,4,0,0,7,0,0,0,0,0,0,0,0,0,0,0,0,0,0,4,16,5,0,0,0,0,0,3,20,4,83,1,1,0,0,41,1,0,0,0,1,0,0,0,0,0,0,0,0,41,,,41,0,0,1,1,0,0,1,0,0,0,0,0,6,0,55,281,1,0,2,1,1,2,26,0,235
2006,15,NYG,REG,2006_15_PHI_NYG,PHI,28,40,282,0,2,1,-12,0,0,261,134,11,-6.09080323257854,7.29250720678232,0,8,3,2,1,22,88,2,1,1,6,-6.10250809301203,0,4,2,0,0,28,0,282,0,1,1,261,134,11,9.45054714064463,0,8,3,2,1,0,39,14,14,0,0,1,2,16,5,1,53,1,0,0,0,0,0,0,0,0,0,0,0,1,0,0,5,55,6,2,0,0,2,2,3,60,4,68,3,3,0,0,47,1,0,2,0,1,0,0,0,0,0,0,0,0,47;23;24,,,94,0,0,1,1,0,0,1,0,0,0,0,0,2,0,42,73,2,1,0,0,1,0,0,0,73
2006,15,NYJ,REG,2006_15_NYJ_MIN,MIN,29,40,339,1,1,2,-16,1,1,312,129,17,10.9450080890029,16.7642205953598,0,14,7,4,1,29,68,1,0,0,2,-8.68887180456659,0,1,1,1,0,29,0,339,1,0,0,312,129,17,32.0834023620979,0,14,7,4,1,0,38,7,9,0,0,0,3,28,5,1,0,5,0,0,0,0,0,0,0,0,0,0,0,0,0,0,7,55,6,1,0,0,1,1,3,50,3,49,4,4,0,0,52,1,0,2,0,1,1,0,0,0,0,0,0,0,25;52;45;20,,,142,0,0,2,2,0,0,1,0,0,0,0,0,3,0,55,136,1,1,1,0,0,1,1,0,135
2006,15,PHI,REG,2006_15_PHI_NYG,NYG,19,28,237,1,1,2,-16,1,1,266,80,11,1.75586295377403,6.07229364769799,1,10,6,3,0,30,161,3,0,0,10,8.66648100560997,0,6,2,1,0,19,0,237,1,0,0,266,80,11,20.9550906874862,1,10,6,3,0,0,43,13,13,0,0,2,1,12,5,2,19,7,1,0,0,0,0,0,0,0,0,0,0,2,0,0,12,103,5,1,0,0,1,1,0,0,3,98,0,1,1,0,,0,0,0,0,0,0,0,0,0,0,1,0,0,,48,,0,48,0,4,4,0,0,1,0,0,0,0,0,3,0,56,136,0,0,0,0,0,3,60,0,76
2006,15,PIT,REG,2006_15_PIT_CAR,CAR,13,20,169,1,0,3,-22,0,0,173,71,11,11.9961635373226,3.85178998112679,0,8,4,3,0,43,159,2,0,0,8,-0.580032220395526,0,3,2,2,1,13,0,169,1,0,0,173,71,11,22.6498052930734,0,8,4,3,0,1,42,1,9,0,0,0,5,29,7,2,20,5,0,0,0,1,0,0,0,0,2,0,0,0,0,0,2,10,0,0,0,0,0,0,3,78,1,21,3,3,0,0,45,1,1,1,0,1,0,0,0,0,0,0,0,0,19;45;26,,,90,0,0,4,4,0,0,1,0,0,0,0,0,3,0,51,132,1,0,0,0,1,2,11,0,121
2006,15,SEA,REG,2006_15_SF_SEA,SF,20,37,220,1,2,3,-10,0,0,528,56,15,-1.09214781812625,2.20709391869605,0,13,2,2,0,27,90,1,1,0,5,-7.92709875310538,0,3,3,0,0,20,0,220,1,0,0,528,56,15,21.811009757279,0,13,2,2,0,0,30,22,22,0,0,0,0,0,1,0,0,1,0,1,0,0,0,0,0,0,0,2,0,0,0,0,3,20,4,2,0,0,2,0,4,14,5,98,0,0,0,0,,,0,0,0,0,0,0,0,0,0,0,0,0,,,,0,0,0,2,2,0,0,1,0,0,0,0,0,7,0,55,259,2,1,2,3,1,0,0,0,199
2006,15,SF,REG,2006_15_SF_SEA,SEA,14,25,162,2,0,0,0,0,0,243,39,7,4.64483715872043,-2.2976083511656,0,6,2,2,1,38,228,1,0,0,8,5.20821822347352,0,6,5,2,1,14,0,162,2,0,0,243,39,7,14.2493146340712,0,6,2,2,1,0,42,15,15,0,0,2,3,10,5,2,27,6,0,0,0,0,0,0,0,0,0,0,0,0,0,0,10,87,3,0,0,0,0,0,0,0,2,29,1,1,0,0,39,1,0,0,1,0,0,0,0,0,0,0,0,0,39,,,39,0,0,3,3,0,0,1,0,0,0,0,0,8,0,57,360,2,0,1,1,2,4,14,0,326
2006,15,TB,REG,2006_15_TB_CHI,CHI,25,46,305,3,1,2,-5,1,0,279,132,8,1.79805243873476,-9.33367991170218,0,9,5,3,2,19,57,1,0,0,2,-1.66759740817361,0,1,1,0,0,25,0,305,3,1,1,279,132,8,16.0867061669705,0,9,5,3,2,0,58,19,19,0,0,3,4,27,4,0,0,3,0,0,0,0,0,0,0,0,0,1,0,1,4,0,9,73,4,2,0,0,2,1,7,46,6,117,1,1,0,0,45,1,0,0,0,1,0,0,0,0,0,0,0,0,45,,,45,0,0,4,4,0,0,1,0,0,0,0,0,11,0,52,490,1,3,1,0,0,7,63,0,427
2006,15,TEN,REG,2006_15_JAX_TEN,JAX,8,15,85,0,0,3,-28,1,0,204,18,3,-6.69142370780309,-2.60807653268178,0,3,2,1,0,16,41,0,0,0,2,-7.5100690551044,0,1,1,0,0,8,0,85,0,0,0,204,18,3,4.01801009947667,0,3,2,1,0,0,49,13,27,0,0,1,5,39,13,3,153,7,2,0,0,0,0,0,0,0,0,1,0,1,92,1,4,40,4,1,0,0,1,0,1,8,3,117,1,2,1,0,27,0.5,0,1,0,0,0,0,0,0,0,1,0,0,27,44,,27,44,0,3,3,0,0,1,0,0,0,0,0,5,0,56,219,1,0,0,1,2,2,7,0,192
2006,15,WAS,REG,2006_15_WAS_NO,NO,13,28,204,1,0,1,-11,0,0,412,105,10,2.07940841807696,-8.16868799073356,0,10,4,3,1,31,161,0,2,0,9,2.782229823526,0,8,3,1,0,13,0,204,1,0,0,412,105,10,14.7016126179323,0,10,4,3,1,0,47,6,6,0,0,0,2,8,3,1,0,9,0,0,0,0,0,0,0,0,0,2,0,0,0,0,3,15,4,1,1,0,2,0,2,26,2,56,3,3,0,0,37,1,0,1,2,0,0,0,0,0,0,0,0,0,37;37;22,,,96,0,0,1,1,0,0,1,0,0,0,0,0,5,0,54,239,3,0,2,0,0,3,20,0,219
2006,16,ARI,REG,2006_16_ARI_SF,SF,18,26,267,1,0,2,-18,0,0,240,122,13,15.7261436357354,5.76359283924103,0,11,6,3,1,41,123,1,0,0,7,-4.82481003586723,0,1,0,0,0,18,0,267,1,0,0,240,122,13,25.9611488221563,0,11,6,3,1,0,34,0,12,0,0,1,4,16,8,1,23,7,0,1,0,0,0,0,0,0,0,0,0,1,0,0,5,45,2,1,0,0,1,1,4,48,5,76,4,4,0,0,39,1,0,1,3,0,0,0,0,0,0,0,0,0,25;39;37;32,,,133,0,0,2,2,0,0,1,0,0,0,0,0,2,0,52,87,2,0,0,0,0,2,7,0,80
2006,16,ATL,REG,2006_16_CAR_ATL,CAR,9,20,109,0,2,3,-15,0,0,256,27,6,-8.45344320662229,-12.0726227760315,0,4,2,1,0,19,83,0,0,0,2,-1.98332838498754,0,2,2,0,0,9,0,109,0,0,0,256,27,6,8.29355231550289,0,4,2,1,0,0,42,19,19,0,0,0,3,21,3,0,0,2,0,0,0,0,0,0,0,0,0,0,0,0,0,0,4,35,4,0,0,0,0,0,5,18,3,33,1,1,0,0,40,1,0,0,0,1,0,0,0,0,0,0,0,0,40,,,40,0,0,0,0,0,0,,0,0,0,0,0,5,0,59,236,2,2,0,0,1,2,5,0,231
2006,16,BAL,REG,2006_16_BAL_PIT,PIT,21,31,256,3,2,0,0,0,0,272,84,14,9.64602917968296,6.50348442216073,0,13,6,4,0,33,103,1,0,0,8,2.36031125764426,0,3,2,0,0,21,0,256,3,1,1,272,84,14,19.6069258681382,0,13,6,4,0,0,33,9,17,0,0,1,5,17,5,2,73,7,0,0,0,0,0,0,0,0,0,0,0,1,32,0,12,89,4,1,0,0,1,1,3,6,2,32,1,1,0,0,26,1,0,1,0,0,0,0,0,0,0,0,0,0,26,,,26,0,0,4,4,0,0,1,0,0,0,0,0,4,0,55,184,2,2,0,1,1,0,0,0,164
2006,16,BUF,REG,2006_16_TEN_BUF,TEN,19,34,266,1,2,3,-15,0,0,373,110,12,1.01764987892374,-0.17623588923485,0,11,6,3,1,24,117,1,0,0,6,3.79174402152119,0,4,3,0,0,19,0,266,1,0,0,373,110,12,19.9613127324168,0,11,6,3,1,0,31,23,31,0,0,0,1,2,2,0,0,4,0,0,0,0,0,0,0,0,0,0,0,0,0,0,5,50,6,0,0,0,0,0,1,0,5,96,5,5,0,0,45,1,0,3,1,1,0,0,0,0,0,0,0,0,21;36;45;21;24,,,147,0,0,2,2,0,0,1,0,0,0,0,0,2,0,47,80,2,0,1,0,0,1,-2,0,82
2006,16,CAR,REG,2006_16_CAR_ATL,ATL,4,7,32,1,0,3,-21,0,0,112,10,1,-5.60000775337778,6.60448500088283,0,1,1,1,0,52,183,0,1,0,13,-0.23817632405553,0,3,0,0,0,4,0,32,1,0,0,112,10,1,2.15653192461468,0,1,1,1,0,0,32,4,4,0,0,0,3,15,2,2,1,7,0,0,0,0,0,0,0,0,0,1,-2,0,0,0,8,62,4,0,1,0,1,0,2,5,1,23,1,1,0,0,42,1,0,0,0,1,0,0,0,0,0,0,0,0,42,,,42,0,0,1,1,0,0,1,0,0,0,0,0,6,0,56,293,2,0,1,0,0,5,18,0,275
2006,16,CHI,REG,2006_16_CHI_DET,DET,26,45,248,1,0,2,-10,0,0,327,113,10,1.65593067631737,-7.33135254545645,0,10,4,3,1,30,116,1,0,0,9,1.86106431460939,0,3,2,0,0,26,0,248,1,0,0,327,113,10,19.9408771923825,0,10,4,3,1,0,43,3,15,0,0,1,3,23,3,0,0,7,0,0,0,0,0,0,0,0,0,0,0,1,0,0,7,48,3,0,0,0,0,0,3,18,3,66,4,4,0,0,44,1,0,0,3,1,0,0,0,0,0,0,0,0,36;36;39;44,,,155,0,0,2,2,0,0,1,0,0,0,0,0,6,0,52,286,2,0,1,0,1,4,61,0,225
2006,16,CIN,REG,2006_16_CIN_DEN,DEN,21,40,209,2,2,2,-15,1,0,473,45,13,-2.94522217969905,-0.744533233153514,0,10,3,2,0,34,149,1,2,1,10,-0.719553687027656,0,2,1,0,0,21,0,209,2,1,1,473,45,13,15.8597007136533,0,10,3,2,0,0,36,11,21,0,0,1,3,19,4,1,46,6,0,0,0,0,0,0,0,0,0,2,0,1,0,0,8,46,6,4,0,0,4,2,3,20,4,107,1,1,0,0,46,1,0,0,0,1,0,0,0,0,0,0,0,0,46,,,46,0,0,2,2,0,0,1,0,0,0,0,0,5,0,59,229,2,0,2,0,0,3,33,0,196
2006,16,CLE,REG,2006_16_TB_CLE,TB,10,28,123,0,4,3,-27,0,0,185,99,8,-23.4937331906091,-14.2728925897525,0,7,4,1,0,20,91,0,0,0,4,0.133947306021582,0,3,1,0,0,10,0,123,0,0,0,185,99,8,10.1280586870271,0,7,4,1,0,0,37,28,28,0,0,1,3,10,6,1,8,3,0,0,0,0,1,0,0,0,0,0,0,1,40,1,1,15,4,0,0,0,0,0,1,13,5,81,0,1,0,1,,0,0,0,0,0,0,0,0,0,0,0,0,0,,,31,0,0,31,1,1,0,0,1,0,0,0,0,0,3,0,58,127,0,0,0,3,0,0,0,0,67
2006,16,DAL,REG,2006_16_PHI_DAL,PHI,14,29,142,1,2,3,-24,0,0,381,57,7,-6.94389608092024,-2.71920971572399,0,7,2,0,0,19,83,0,0,0,5,-3.29566809660173,0,3,3,0,0,14,0,142,1,0,0,381,57,7,14.3657986622129,0,7,2,0,0,0,50,0,16,0,0,1,2,16,0,1,37,2,0,0,0,0,0,0,0,0,0,1,0,0,0,0,2,10,0,1,1,0,2,1,1,8,4,91,0,0,0,0,,,0,0,0,0,0,0,0,0,0,0,0,0,,,,0,0,0,1,1,0,0,1,0,0,0,0,0,3,0,52,131,1,0,0,0,1,2,14,0,117
2006,16,DEN,REG,2006_16_CIN_DEN,CIN,12,23,179,2,1,3,-19,0,0,324,52,8,-2.98636193617131,-3.57370279405428,0,7,5,3,0,34,127,1,2,1,6,-5.97651580381333,0,4,3,1,0,12,0,179,2,1,0,324,50,8,15.1082112295844,0,7,5,3,0,0,52,11,15,0,0,4,2,15,1,2,20,7,0,0,0,0,0,0,0,0,0,2,-2,2,17,0,3,10,6,1,2,0,3,1,3,33,3,50,1,1,0,0,24,1,0,1,0,0,0,0,0,0,0,0,0,0,24,,,24,0,0,3,3,0,0,1,0,0,0,0,0,6,0,54,256,1,0,2,1,0,3,20,0,216
2006,16,DET,REG,2006_16_CHI_DET,CHI,27,45,283,3,0,3,-23,1,1,452,84,15,0.260150596499443,-2.89431248198856,0,11,4,3,0,18,67,0,0,0,2,-4.70446685922798,0,2,2,0,0,27,0,283,3,0,0,452,84,15,22.4505238020211,0,11,4,3,0,0,52,1,17,0,0,0,2,10,4,0,0,5,0,1,0,0,0,0,0,0,0,1,0,0,0,0,11,92,5,1,1,0,2,1,4,61,6,139,0,0,0,0,,,0,0,0,0,0,0,0,0,0,0,0,0,,,,0,0,0,3,3,0,0,1,0,0,0,0,0,7,0,67,335,3,0,1,0,3,3,18,0,317
2006,16,GB,REG,2006_16_MIN_GB,MIN,26,51,285,0,2,1,-12,0,0,438,136,12,-8.23883492792111,-11.259339019364,0,12,7,4,0,24,46,0,0,0,4,-8.73571955083613,0,1,1,0,0,26,0,285,0,2,1,438,136,12,18.3251705176146,0,12,7,4,0,0,26,14,16,0,0,0,3,23,7,1,14,3,0,0,0,0,0,0,0,0,0,0,0,0,0,0,4,35,4,2,0,1,2,1,9,60,2,20,3,5,1,1,44,0.6,0,0,1,2,0,0,0,0,1,0,0,0,38;44;44,34,38,126,34,38,0,0,0,0,,0,0,0,0,0,5,0,61,225,0,1,0,2,1,1,-1,0,186
2006,16,HOU,REG,2006_16_IND_HOU,IND,16,23,163,1,0,0,0,0,0,120,94,8,7.97908727987669,4.43474494892618,0,7,4,2,0,42,191,2,0,0,14,7.66354662627343,0,3,3,0,0,16,0,163,1,0,0,120,94,8,13.5385311876307,0,7,4,2,0,0,30,9,9,0,0,1,0,0,2,0,0,4,0,0,0,0,0,0,0,0,0,0,0,1,0,0,4,25,4,0,1,1,1,0,1,4,5,147,2,2,0,0,48,1,0,0,0,2,0,0,0,0,0,0,0,0,42;48,,,90,0,0,3,3,0,0,1,1,1,0,0,48,2,0,46,80,0,0,0,1,1,0,0,0,60
2006,16,IND,REG,2006_16_IND_HOU,HOU,21,27,205,3,0,0,0,0,0,248,65,13,16.4142507507237,16.244943384771,0,8,3,3,0,18,114,0,1,1,6,-0.918711058038753,0,5,5,1,0,21,0,205,3,0,0,248,65,13,22.1274587491644,0,8,3,3,0,0,39,20,22,0,0,0,0,0,1,0,0,3,0,0,0,0,0,0,0,0,0,0,0,0,0,0,2,15,2,1,0,0,1,1,0,0,4,104,1,1,0,0,33,1,0,0,1,0,0,0,0,0,0,0,0,0,33,,,33,0,0,3,3,0,0,1,0,0,0,0,0,1,0,55,55,1,0,0,0,0,1,4,0,51
2006,16,JAX,REG,2006_16_NE_JAX,NE,17,23,195,1,0,1,0,1,1,128,91,8,4.26354511320114,9.08629362997801,0,7,4,3,1,22,144,2,0,0,3,2.29100424636272,0,2,2,1,1,17,0,195,1,0,0,128,91,8,12.6735245342425,0,7,4,3,1,0,58,0,0,0,0,0,1,7,3,0,0,1,0,1,0,0,0,0,0,0,0,1,0,0,0,0,7,60,5,1,1,0,2,1,2,0,3,66,0,1,1,0,,0,0,0,0,0,0,0,0,0,0,0,1,0,,53,,0,53,0,3,3,0,0,1,0,0,0,0,0,5,0,51,194,2,2,1,0,1,1,12,0,182
2006,16,KC,REG,2006_16_KC_OAK,LV,12,24,148,1,1,2,-6,0,0,180,65,9,1.13834882824745,-7.8333125166271,0,6,5,1,0,38,150,1,0,0,9,0.0238564295868855,0,6,5,0,0,12,0,148,1,1,0,180,65,9,17.6486830704089,0,6,5,1,0,0,54,8,8,0,0,4,4,31,3,2,30,3,0,0,0,0,0,0,0,0,0,1,0,3,4,0,4,40,1,1,0,0,1,0,1,21,4,109,2,3,1,0,29,0.666666666666667,0,2,0,0,0,0,0,0,0,1,0,0,29;28,44,,57,44,0,2,2,0,0,1,0,0,0,0,0,3,0,72,161,2,0,2,0,0,1,7,0,154
2006,16,LA,REG,2006_16_WAS_STL,WAS,25,38,388,4,0,1,-6,0,0,385,182,16,17.0564373345696,2.37541128146021,0,16,8,7,2,39,197,1,0,0,8,-0.18507725242221,0,6,4,2,0,25,0,388,4,1,1,385,182,16,26.8950042448705,0,16,8,7,2,0,50,5,5,0,0,1,0,0,4,0,0,4,0,0,0,0,0,0,0,0,0,0,0,1,0,0,6,30,3,1,0,0,1,1,5,32,7,137,1,2,1,0,21,0.5,0,1,0,0,0,0,0,0,0,1,0,0,21,41,,21,41,0,4,4,0,0,1,0,0,0,0,0,5,1,56,206,1,2,1,0,0,2,13,0,193
2006,16,LAC,REG,2006_16_SD_SEA,SEA,10,30,181,2,0,1,-9,0,0,407,47,7,0.507739010306353,-21.2573618724428,0,7,5,4,0,33,168,0,1,0,7,-0.35003313946072,0,3,2,2,1,10,0,181,2,0,0,407,47,7,17.9781450997689,0,7,5,4,0,0,44,18,20,0,0,0,6,28,8,2,15,10,0,1,0,0,0,0,0,0,0,2,-10,0,0,0,10,85,5,1,1,0,2,0,5,39,3,70,2,2,0,0,46,1,0,0,0,2,0,0,0,0,0,0,0,0,46;40,,,86,0,0,2,2,0,0,1,0,0,0,0,0,10,0,59,425,3,2,1,0,2,5,19,0,406
2006,16,LV,REG,2006_16_KC_OAK,KC,27,37,226,0,2,4,-31,2,2,209,114,10,-14.5604847078997,6.11439449446542,0,9,4,1,0,24,112,0,0,0,8,0.0821905100601725,0,6,3,0,0,27,0,226,0,2,1,209,106,10,4.39502383290249,0,9,4,1,0,0,50,7,7,0,0,1,2,6,3,1,0,4,0,0,0,0,0,0,0,0,0,1,0,0,0,0,6,45,4,4,0,0,4,3,1,7,5,127,3,3,0,0,53,1,0,1,1,0,1,0,0,0,0,0,0,0,25;37;53,,,115,0,0,0,0,0,0,,0,0,0,0,0,2,0,45,79,0,1,0,0,0,1,21,0,58
2006,16,MIA,REG,2006_16_NYJ_MIA,NYJ,18,31,146,1,0,3,-17,0,0,280,58,8,-11.8979255284822,1.72306682382311,0,8,2,1,0,24,124,0,0,0,6,0.702967497520149,0,5,3,0,0,18,0,146,1,0,0,280,58,8,7.32183382355733,0,8,2,1,0,0,44,0,12,0,0,0,1,8,1,0,0,8,0,0,0,0,0,0,0,0,0,0,0,1,0,0,7,78,4,0,0,0,0,0,3,31,4,83,1,1,0,0,25,1,0,1,0,0,0,0,0,0,0,0,0,0,25,,,25,0,0,1,1,0,0,1,0,0,0,0,0,10,0,52,427,2,0,1,2,1,6,27,0,360
2006,16,MIN,REG,2006_16_MIN_GB,GB,10,20,50,0,1,3,-23,0,0,166,27,1,-15.493183354527,-10.5940006673336,0,1,0,0,0,22,77,0,0,0,2,-5.43022314365953,0,2,1,0,0,10,0,50,0,0,0,166,27,1,-0.874819515214767,0,1,0,0,0,0,47,12,18,0,0,2,1,12,5,2,47,10,1,0,0,0,0,1,0,0,1,2,0,1,0,0,10,68,6,0,2,0,2,0,1,-1,3,80,0,0,0,0,,,0,0,0,0,0,0,0,0,0,0,0,0,,,,0,0,0,1,1,0,0,1,0,0,0,0,0,10,0,53,434,1,0,1,0,0,9,60,0,374
2006,16,NE,REG,2006_16_NE_JAX,JAX,28,39,249,1,0,1,-7,0,0,228,118,10,6.16141435794483,5.3987476386522,0,8,5,2,0,30,117,2,0,0,10,8.81019975349773,0,1,1,1,0,28,0,249,1,0,0,228,118,10,15.9710521952948,0,8,5,2,0,0,38,1,5,0,0,1,1,0,3,0,0,3,0,0,0,0,0,0,0,0,0,0,0,1,0,0,7,51,4,0,0,0,0,0,1,12,4,92,1,2,1,0,48,0.5,0,0,0,1,0,0,0,0,0,1,0,0,48,49,,48,49,0,3,3,0,0,1,0,0,0,0,0,5,0,42,175,2,0,1,0,2,2,0,0,175
2006,16,NO,REG,2006_16_NO_NYG,NYG,13,32,132,1,0,1,-9,0,0,247,54,7,-3.04504059580939,-23.2495496049523,0,4,2,2,1,53,236,2,0,0,14,0.848736261948943,0,9,5,0,0,13,0,132,1,0,0,247,54,7,15.5454358669813,0,4,2,2,1,0,22,13,13,0,0,0,2,15,5,1,9,3,0,0,0,0,0,0,0,0,0,0,0,2,0,0,2,15,4,0,0,0,0,0,5,15,2,62,3,4,1,0,38,0.75,0,1,2,0,0,0,0,0,0,0,1,0,32;26;38,51,,96,51,0,3,3,0,0,1,0,0,0,0,0,5,0,59,213,1,1,0,2,0,2,8,0,165
2006,16,NYG,REG,2006_16_NO_NYG,NO,9,25,74,1,1,2,-15,0,0,172,46,2,-22.506075695972,-29.2193828821182,0,1,1,1,1,18,83,0,0,0,4,-6.57757154031424,0,2,1,0,0,9,0,74,1,0,0,172,46,2,-0.962395457085222,0,1,1,1,1,0,48,22,22,0,0,0,1,9,2,0,0,9,0,1,0,0,0,0,0,0,0,0,-9,0,0,0,7,67,3,0,2,0,2,2,2,8,7,164,0,0,0,0,,,0,0,0,0,0,0,0,0,0,0,0,0,,,,0,0,0,1,1,0,0,1,0,0,0,0,0,9,0,49,338,2,1,1,0,2,5,15,0,323
2006,16,NYJ,REG,2006_16_NYJ_MIA,MIA,14,29,237,1,0,1,-8,0,0,246,134,8,1.70207147440084,-14.0603867070428,0,7,5,5,2,30,95,0,2,0,3,-7.68033557664561,0,3,1,0,0,14,0,237,1,0,0,246,134,8,18.4735748500694,0,7,5,5,2,0,40,0,24,0,0,0,3,17,5,0,0,3,0,2,0,0,0,0,0,0,0,3,-14,0,0,0,1,12,3,0,4,0,4,1,6,27,1,24,2,2,0,0,30,1,0,1,1,0,0,0,0,0,0,0,0,0,22;30,,,52,0,0,1,1,0,0,1,1,1,0,0,30,8,0,56,332,3,1,1,0,3,3,31,0,301
2006,16,PHI,REG,2006_16_PHI_DAL,DAL,15,23,238,1,1,2,-16,1,0,205,110,10,7.79289979896396,5.74186403643001,0,11,4,3,1,42,204,1,0,0,10,0.921698547169111,0,5,4,0,0,15,0,238,1,0,0,205,110,10,22.6987692503154,0,11,4,3,1,0,34,0,10,0,0,1,3,24,4,2,1,3,0,0,0,0,0,0,0,0,0,1,0,1,0,0,6,45,5,1,0,0,1,0,2,14,1,25,3,3,0,0,45,1,0,2,0,1,0,0,0,0,0,0,0,0,25;45;21,,,91,0,0,2,2,0,0,1,0,0,0,0,0,3,0,48,124,2,0,1,0,1,1,8,0,116
2006,16,PIT,REG,2006_16_BAL_PIT,BAL,19,42,205,1,2,5,-17,0,0,391,61,10,-15.640186818433,-15.8376167714596,0,8,3,2,0,18,63,0,1,1,2,-11.0080423680483,0,1,1,1,0,19,0,205,1,0,0,391,61,10,17.2976940933149,0,8,3,2,0,0,30,20,32,0,0,1,0,0,0,2,6,3,0,0,0,0,0,0,0,0,0,0,0,1,0,0,5,32,5,1,0,0,1,1,0,0,6,129,0,0,0,0,,,0,0,0,0,0,0,0,0,0,0,0,0,,,,0,0,0,1,1,0,0,1,0,0,0,0,0,7,0,56,310,0,0,2,1,1,3,6,0,284
2006,16,SEA,REG,2006_16_SD_SEA,LAC,17,37,189,0,2,6,-28,0,0,349,51,9,-12.7535870243785,-12.2048703332742,0,11,4,3,0,33,153,2,0,0,7,3.94660180708161,0,5,3,1,0,17,0,189,0,0,0,349,51,9,13.6484930657316,0,11,4,3,0,0,34,17,17,0,0,1,1,9,3,0,0,6,0,1,0,0,0,0,0,0,0,1,0,0,0,0,6,50,6,0,1,0,1,0,5,19,5,107,1,1,0,0,33,1,0,0,1,0,0,0,0,0,0,0,0,0,33,,,33,0,0,2,2,0,0,1,0,0,0,0,0,9,0,72,446,5,1,0,1,2,5,39,0,387
2006,16,SF,REG,2006_16_ARI_SF,ARI,18,29,190,0,1,4,-16,0,0,213,56,7,-3.92827553862822,1.88878095149994,0,7,2,2,1,12,49,2,0,0,5,0.296051884331973,0,3,2,0,0,18,0,190,0,1,1,213,56,7,10.8498154279951,0,7,2,2,1,0,54,0,24,0,0,1,2,18,3,0,0,3,0,0,0,0,0,0,0,0,0,0,0,1,0,0,3,35,5,1,0,0,1,1,2,7,5,158,2,2,0,0,49,1,0,0,1,1,0,0,0,0,0,0,0,0,49;32,,,81,0,0,2,2,0,0,1,0,0,0,0,0,4,0,55,197,0,0,0,0,0,4,48,0,149
2006,16,TB,REG,2006_16_TB_CLE,CLE,16,26,212,0,1,3,-10,1,1,100,156,9,-4.43913124871004,9.09313129690977,0,9,5,4,0,44,153,1,0,0,11,-3.34228361819866,0,1,0,0,0,16,0,212,0,0,0,100,156,9,17.2369071710273,0,9,5,4,0,0,27,12,12,0,0,0,3,27,8,4,66,7,1,0,0,0,0,1,0,0,0,0,0,0,0,0,2,10,4,1,0,0,1,1,0,0,2,33,3,3,0,0,37,1,0,2,1,0,0,0,0,0,0,0,0,0,23;24;37,,,84,0,0,1,2,0,1,0.5,0,0,0,0,0,2,0,44,83,1,0,1,0,0,1,13,0,70
2006,16,TEN,REG,2006_16_TEN_BUF,BUF,13,20,183,2,0,1,-2,0,0,152,77,9,11.053109081427,5.02725318074226,0,8,5,4,0,40,215,1,1,0,7,6.81723442133005,0,4,3,2,0,13,0,183,2,0,0,152,77,9,16.5936317726176,0,8,5,4,0,0,31,16,22,0,0,0,3,15,4,2,36,6,0,0,0,0,0,0,0,0,0,1,1,0,0,0,11,81,3,0,1,0,1,0,1,-2,7,179,3,3,0,0,42,1,0,1,1,1,0,0,0,0,0,0,0,0,42;20;30,,,92,0,0,3,3,0,0,1,0,0,0,0,0,4,0,40,118,0,3,0,0,0,1,0,0,118
2006,16,WAS,REG,2006_16_WAS_STL,LA,13,26,160,1,0,0,0,0,0,242,67,10,3.5488813740667,-10.9670700935217,0,8,3,1,0,38,176,3,1,1,11,-0.734723391754829,0,6,4,2,0,13,0,160,1,0,0,242,67,10,16.4565841779113,0,8,3,1,0,0,68,4,4,0,0,1,1,6,1,0,0,5,0,0,0,1,0,0,0,0,0,0,0,1,0,0,2,58,4,1,0,0,1,1,2,13,5,111,1,1,0,0,52,1,0,0,0,0,1,0,0,0,0,0,0,0,52,,,52,0,0,4,4,0,0,1,0,0,0,0,0,7,0,57,308,3,0,0,0,2,5,32,0,276
2006,17,ARI,REG,2006_17_ARI_SD,LAC,22,32,356,1,0,1,-10,0,0,258,151,13,11.0894376653633,8.46021877181146,0,11,6,6,2,22,98,1,1,0,6,3.25294638558989,0,2,1,0,0,22,0,356,1,0,0,258,151,13,20.7236236516305,0,11,6,6,2,0,45,12,12,0,0,0,3,17,3,1,11,2,0,1,0,0,0,0,0,0,0,0,0,0,0,0,9,93,6,1,1,1,2,1,1,0,4,71,2,2,0,0,28,1,0,2,0,0,0,0,0,0,0,0,0,0,28;20,,,48,0,0,2,2,0,0,1,0,0,0,0,0,4,0,52,196,0,0,0,0,1,3,12,0,184
2006,17,ATL,REG,2006_17_ATL_PHI,PHI,23,35,256,2,1,5,-37,0,0,394,75,13,-3.03054541339034,12.6820455635748,0,8,6,4,1,34,159,0,0,0,6,1.07239982258761,0,4,4,0,0,23,0,256,2,0,0,394,75,13,14.0399285852036,0,8,6,4,1,0,34,5,11,0,0,1,0,0,1,0,0,3,0,0,0,0,0,0,0,0,0,0,0,1,0,0,9,99,4,0,0,0,0,0,2,4,4,69,1,1,0,0,45,1,0,0,0,1,0,0,0,0,0,0,0,0,45,,,45,0,0,2,2,0,0,1,0,0,0,0,0,5,0,41,172,0,3,0,0,1,1,14,0,158
2006,17,BAL,REG,2006_17_BUF_BAL,BUF,23,36,216,0,1,0,0,0,0,224,121,14,1.90012731641,-1.27258532577091,0,10,3,3,0,30,111,0,0,0,3,-6.78662405005889,0,3,3,1,0,23,0,216,0,0,0,224,121,14,16.3025473249131,0,10,3,3,0,0,36,6,6,0,0,1,3,23,7,2,75,11,1,1,0,0,0,0,0,0,0,1,0,1,0,0,5,24,1,1,0,0,1,0,3,13,2,39,4,4,0,0,39,1,0,2,2,0,0,0,0,0,0,0,0,0,26;37;39;29,,,131,0,0,1,1,0,0,1,0,0,0,0,0,4,0,54,153,3,0,1,0,2,1,0,0,153
2006,17,BUF,REG,2006_17_BUF_BAL,BAL,20,35,237,1,2,3,-23,0,0,322,55,8,-9.84387336095097,-1.60050720852964,0,7,3,3,2,14,39,0,1,1,2,-7.35262451809831,0,1,0,0,0,20,0,237,1,0,0,322,55,8,19.562432067527,0,7,3,3,2,0,29,27,27,0,0,1,0,0,0,1,0,4,0,0,0,0,0,0,0,0,0,0,0,0,0,0,3,19,4,1,0,0,1,1,1,0,6,130,0,0,0,0,,,0,0,0,0,0,0,0,0,0,0,0,0,,,,0,0,0,1,1,0,0,1,0,0,0,0,0,7,0,55,301,2,1,1,2,0,3,13,0,248
2006,17,CAR,REG,2006_17_CAR_NO,NO,23,27,207,2,0,0,0,0,0,139,125,12,11.4399516528312,18.0415691049011,0,10,2,1,0,33,106,1,0,0,8,-4.59233382577077,0,5,3,1,0,23,0,207,2,0,0,139,125,12,15.751086465719,0,10,2,1,0,0,38,8,8,0,0,3,5,18,10,1,18,4,1,0,0,0,0,0,0,0,0,0,0,1,7,0,2,19,4,0,0,0,0,0,2,11,4,84,1,1,0,0,19,1,1,0,0,0,0,0,0,0,0,0,0,0,19,,,19,0,0,4,4,0,0,1,0,0,0,0,0,5,0,52,249,1,0,1,0,0,4,13,0,236
2006,17,CHI,REG,2006_17_GB_CHI,GB,8,28,194,1,5,2,-13,0,0,257,104,5,-25.7197297053062,-29.8029040119478,0,6,5,4,1,24,135,0,1,1,6,-0.684928860631771,0,4,2,1,0,8,0,194,1,1,0,257,78,5,18.6959354096325,0,6,5,4,1,0,48,14,14,0,0,2,2,9,6,1,7,5,0,1,0,0,0,0,0,0,0,2,0,0,0,0,6,44,1,1,2,0,3,1,3,8,6,129,0,0,0,0,,,0,0,0,0,0,0,0,0,0,0,0,0,,,,0,0,0,1,1,0,0,1,0,0,0,0,0,5,0,53,208,0,2,0,0,0,3,29,0,179
2006,17,CIN,REG,2006_17_PIT_CIN,PIT,20,38,251,2,0,0,0,0,0,361,104,9,8.78008078180253,1.70768861259733,0,7,4,3,2,16,44,0,0,0,3,-3.13051388779422,0,0,0,0,0,20,0,251,2,0,0,361,104,9,21.7336902754032,0,7,4,3,2,0,53,1,25,0,0,1,1,5,5,1,28,5,0,0,0,0,0,0,0,0,0,0,0,1,0,0,6,40,6,0,0,0,0,0,3,5,4,88,1,2,1,0,34,0.5,0,0,1,0,0,0,0,0,1,0,0,0,34,39,,34,39,0,2,2,0,0,1,0,0,0,0,0,6,0,64,302,1,1,1,3,0,1,6,0,236
2006,17,CLE,REG,2006_17_CLE_HOU,HOU,25,34,187,0,1,1,-8,1,1,244,84,9,-16.0250608872237,7.3869575472439,0,8,4,1,0,28,127,0,2,1,8,-3.9491741595101,0,5,3,0,0,25,0,187,0,0,0,244,84,9,8.29462405688449,0,8,4,1,0,0,31,6,6,0,0,0,1,3,2,1,41,5,0,0,0,0,0,0,0,0,0,1,0,0,0,0,5,57,6,3,0,0,3,2,2,13,3,69,2,3,1,0,43,0.666666666666667,0,0,1,1,0,0,0,0,0,1,0,0,43;36,48,,79,48,0,0,0,0,0,,0,0,0,0,0,3,0,52,122,3,1,0,0,1,1,5,0,117
2006,17,DAL,REG,2006_17_DET_DAL,DET,23,32,321,2,1,4,-14,3,2,251,113,14,1.44289416237507,12.1257344384988,0,10,7,5,2,21,58,1,0,0,4,-3.53931072034175,0,1,0,0,0,23,0,321,2,0,0,251,113,14,25.2787806547422,0,10,7,5,2,1,54,0,12,0,0,0,5,29,8,1,21,5,0,1,0,0,0,0,0,0,0,2,0,0,0,0,4,45,4,2,3,0,5,3,2,56,7,160,1,1,0,0,39,1,0,0,1,0,0,0,0,0,0,0,0,0,39,,,39,0,0,4,4,0,0,1,0,0,0,0,0,2,0,56,103,0,0,0,0,0,2,72,0,31
2006,17,DEN,REG,2006_17_SF_DEN,SF,21,34,230,1,2,3,-20,0,0,312,119,12,-5.46010324590334,0.643289965741775,0,12,4,2,0,27,115,0,1,0,3,-4.12122537049307,0,3,1,1,1,21,0,230,1,1,1,312,119,12,11.6812923774267,0,12,4,2,0,0,55,9,23,0,0,3,5,26,5,1,70,4,1,0,0,0,0,0,0,0,0,1,0,0,0,0,8,49,3,1,1,0,2,1,3,54,4,130,3,3,0,0,22,1,0,3,0,0,0,0,0,0,0,0,0,0,22;21;22,,,65,0,0,2,2,0,0,1,0,0,0,0,0,6,0,54,252,2,0,1,1,1,3,17,0,215
2006,17,DET,REG,2006_17_DET_DAL,DAL,28,42,306,4,1,5,-29,0,0,303,117,16,18.8661544625675,9.10113359752454,0,13,6,5,0,25,85,0,0,0,4,-6.64839994273411,0,2,1,0,0,28,0,306,4,0,0,303,117,16,34.634549760187,0,13,6,5,0,0,48,0,6,0,0,2,3,8,3,1,17,2,0,0,0,0,0,0,0,0,0,0,0,3,10,0,7,65,4,0,0,0,0,0,2,72,6,121,4,4,0,0,33,1,0,3,1,0,0,0,0,0,0,0,0,0,33;25;26;23,,,107,0,0,3,3,0,0,1,0,0,0,0,0,3,0,53,139,1,0,1,0,0,2,56,1,83
2006,17,GB,REG,2006_17_GB_CHI,CHI,21,42,285,1,1,2,-9,0,0,404,117,14,5.32590266322576,-8.54503689777284,0,11,6,3,0,34,97,0,1,0,5,-7.32876799098449,0,2,1,0,0,21,0,285,1,1,0,404,117,14,27.3589405463426,0,11,6,3,0,0,31,10,10,0,0,1,2,13,7,5,102,11,2,0,0,0,0,0,0,0,0,0,0,1,0,0,3,35,2,2,0,2,2,0,3,29,1,26,2,3,1,0,46,0.666666666666667,0,1,0,1,0,0,0,0,1,0,0,0,25;46,32,,71,32,0,2,3,1,0,0.666666666666667,0,0,0,0,0,5,0,48,200,2,0,1,0,1,3,8,0,192
2006,17,HOU,REG,2006_17_CLE_HOU,CLE,9,15,86,0,1,1,-3,0,0,95,58,4,-7.23917931801407,-7.16266989707947,0,4,1,0,0,26,94,1,1,0,7,-7.28607781539904,0,2,2,0,0,9,0,86,0,0,0,95,58,4,4.0667587123462,0,4,1,0,0,0,41,20,20,0,0,3,1,8,0,1,0,3,0,0,0,0,0,0,0,0,0,1,0,2,47,1,4,31,3,0,1,0,1,0,1,5,2,50,0,0,0,0,,,0,0,0,0,0,0,0,0,0,0,0,0,,,,0,0,0,2,2,0,0,1,0,0,0,0,0,6,0,62,271,1,0,2,0,2,2,13,0,258
2006,17,IND,REG,2006_17_MIA_IND,MIA,22,37,282,2,0,0,0,0,0,466,87,19,14.5300276316958,3.51480891307195,0,14,6,3,0,31,117,1,1,1,5,-5.64762365209559,0,3,1,0,0,22,0,282,2,0,0,466,87,19,25.7995035831118,0,14,6,3,0,0,31,19,21,0,0,1,2,6,8,1,8,7,0,0,0,0,0,0,0,0,0,0,-2,0,0,0,5,45,4,0,1,0,1,1,1,8,1,3,2,2,0,0,46,1,0,0,1,1,0,0,0,0,0,0,0,0,46;34,,,80,0,0,3,3,0,0,1,0,0,0,0,0,4,0,56,176,1,0,0,0,2,2,8,0,168
2006,17,JAX,REG,2006_17_JAX_KC,KC,23,40,306,1,1,3,-22,0,0,373,112,14,-0.987155445210153,,0,14,7,4,0,22,113,3,0,0,7,5.69074422451388,0,4,3,0,0,23,0,306,1,0,0,373,112,14,20.032222312293,0,14,7,4,0,0,58,3,3,0,0,2,3,10,5,2,4,3,0,0,0,0,0,0,0,0,0,0,0,1,0,0,5,35,4,0,0,0,0,0,1,17,5,142,1,1,0,0,33,1,0,0,1,0,0,0,0,0,0,0,0,0,33,,,33,0,0,3,3,0,0,1,0,0,0,0,0,5,1,45,191,1,1,1,0,1,2,5,0,186
2006,17,KC,REG,2006_17_JAX_KC,JAX,16,25,235,1,2,3,-10,1,1,229,91,11,-0.658910424041096,,0,10,7,4,1,40,170,3,1,0,10,2.03447753115324,0,5,4,1,1,16,0,235,1,0,0,229,91,11,18.0065357970307,0,10,7,4,1,1,48,3,3,0,0,0,3,22,6,1,16,10,0,0,0,1,0,0,0,0,0,1,0,0,0,0,5,32,4,2,0,0,2,1,2,5,5,86,0,0,0,0,,,0,0,0,0,0,0,0,0,0,0,0,0,,,,0,0,0,5,5,0,0,1,0,0,0,0,0,4,0,60,158,1,0,0,1,2,1,17,0,121
2006,17,LA,REG,2006_17_STL_MIN,MIN,19,31,248,1,0,0,0,0,0,282,80,15,15.4267455082667,1.09124566827502,0,13,5,3,0,36,168,3,0,0,8,-0.434594068211822,0,4,4,1,1,19,0,248,1,0,0,282,80,15,24.8242499905104,0,13,5,3,0,0,47,4,6,0,0,2,3,6,6,2,47,3,1,0,0,0,0,0,0,0,0,0,0,0,0,0,4,62,1,0,0,0,0,0,3,25,2,50,2,2,0,0,53,1,0,0,0,1,1,0,0,0,0,0,0,0,42;53,,,95,0,0,5,5,0,0,1,0,0,0,0,0,4,0,55,174,1,0,0,0,2,2,17,0,157
2006,17,LAC,REG,2006_17_ARI_SD,ARI,20,26,235,2,1,3,-17,0,0,256,102,13,4.98523530169301,13.4543908834457,0,11,6,2,0,33,169,0,0,0,9,0.0293909407919273,0,5,2,1,1,20,0,235,2,0,0,256,102,13,18.7518124984344,0,11,6,2,0,0,27,20,20,0,0,1,1,10,3,0,0,7,0,0,0,0,0,0,0,0,0,0,0,1,0,1,1,15,0,0,0,0,0,0,3,12,3,67,2,2,0,0,47,1,0,0,1,1,0,0,0,0,0,0,0,0,47;35,,,82,0,0,3,3,0,0,1,0,0,0,0,0,3,0,55,128,3,0,1,0,1,1,0,0,128
2006,17,LV,REG,2006_17_OAK_NYJ,NYJ,15,26,136,0,1,2,-15,1,1,155,52,6,-10.1789971329968,-8.05682505552585,0,4,2,1,0,22,88,0,0,0,4,-3.51421144604683,0,2,1,0,0,15,0,136,0,1,1,155,52,6,6.19764911470702,0,4,2,1,0,0,39,20,20,0,0,0,1,8,1,0,0,4,0,0,0,0,0,0,0,0,0,0,0,0,0,0,6,32,1,2,0,0,2,2,2,19,6,134,1,1,0,0,35,1,0,0,1,0,0,0,0,0,0,0,0,0,35,,,35,0,0,0,0,0,0,,0,0,0,0,0,3,0,59,137,0,0,1,2,0,0,0,0,97
2006,17,MIA,REG,2006_17_MIA_IND,IND,18,36,210,1,1,2,-6,0,0,451,29,13,2.44768585361142,-0.278544995714636,0,10,4,2,0,26,150,0,1,0,6,2.93774053128436,0,3,3,1,1,18,0,210,1,0,0,451,29,13,16.73210447256,0,10,4,2,0,0,37,14,14,0,0,0,0,0,4,0,0,1,0,0,0,0,0,0,0,0,0,1,0,1,14,0,3,20,3,1,0,0,1,0,2,8,4,117,5,5,0,0,42,1,0,2,2,1,0,0,0,0,0,0,0,0,28;38;42;27;34,,,169,0,0,1,1,0,0,1,0,0,0,0,0,2,0,44,81,0,0,0,0,1,1,8,0,73
2006,17,MIN,REG,2006_17_STL_MIN,LA,21,35,225,1,2,4,-14,2,0,178,121,10,-12.7910805485735,-7.24709210917354,0,8,5,3,1,22,82,2,0,0,5,-0.64509577784338,0,2,1,0,0,21,0,225,1,1,0,178,121,10,14.6089690293011,0,8,5,3,1,0,41,7,11,0,0,0,0,0,2,0,0,0,0,0,0,0,0,0,0,0,0,3,5,0,0,0,5,35,6,2,1,0,3,0,2,17,8,225,0,0,0,0,,,0,0,0,0,0,0,0,0,0,0,0,0,,,,0,0,0,3,3,0,0,1,0,0,0,0,0,6,0,50,271,2,1,0,0,2,3,25,0,246
2006,17,NE,REG,2006_17_NE_TEN,TEN,17,28,254,2,0,2,-11,0,0,234,127,8,10.5867782873762,1.63007186991828,0,6,5,4,3,31,171,3,0,0,8,5.48087426362326,0,4,3,2,0,17,0,254,2,0,0,234,127,8,21.7524038238593,0,6,5,4,3,0,31,20,22,0,0,2,5,20,4,2,28,7,0,0,0,0,0,0,0,0,0,0,0,1,0,0,9,129,2,0,0,0,0,0,2,65,5,133,2,3,1,0,28,0.666666666666667,0,2,0,0,0,0,0,0,1,0,0,0,28;26,33,,54,33,0,4,5,0,1,0.8,0,0,0,0,0,5,0,58,233,0,2,1,0,0,2,101,1,132
2006,17,NO,REG,2006_17_CAR_NO,CAR,20,29,254,1,1,5,-18,3,1,204,142,7,-8.53086063527735,11.7850053768892,0,5,5,5,2,17,61,2,1,0,6,3.11595951433992,0,1,1,0,0,20,0,254,1,0,0,204,142,7,16.2081718895934,0,5,5,5,2,0,41,16,16,0,0,0,0,0,1,0,0,0,0,0,0,0,0,0,0,0,0,3,0,0,0,0,4,38,5,3,1,0,4,1,4,13,5,153,0,0,0,0,,,0,0,0,0,0,0,0,0,0,0,0,0,,,,0,0,0,3,3,0,0,1,0,0,0,0,0,5,0,55,224,4,0,2,0,1,2,11,0,213
2006,17,NYG,REG,2006_17_NYG_WAS,WAS,12,26,101,1,0,1,-7,0,0,248,43,7,2.66158837670366,-17.9895612597466,0,4,0,0,0,34,261,3,0,0,11,9.2505219920422,0,7,4,3,2,12,0,101,1,0,0,248,43,7,10.6367881016922,0,4,0,0,0,0,36,17,19,0,0,1,1,3,4,1,-7,5,0,0,0,0,0,0,0,0,0,0,0,1,67,0,5,41,5,0,0,0,0,0,2,15,5,78,2,2,0,0,34,1,0,0,2,0,0,0,0,0,0,0,0,0,34;31,,,65,0,0,4,4,0,0,1,0,0,0,0,0,4,0,49,170,1,0,0,0,1,3,7,0,163
2006,17,NYJ,REG,2006_17_OAK_NYJ,LV,22,30,157,1,0,1,-8,0,0,185,81,8,1.04819881827805,13.1422472411189,0,4,2,0,0,37,117,1,0,0,9,-2.33335053146584,0,2,2,1,0,22,0,157,1,0,0,185,81,8,9.98122688347939,0,4,2,0,0,0,30,17,17,0,0,2,2,15,1,1,1,1,0,0,0,0,0,0,0,0,0,0,0,2,4,0,3,31,3,0,0,0,0,0,0,0,2,47,3,3,0,0,35,1,0,1,2,0,0,0,0,0,0,0,0,0,35;22;35,,,92,0,0,2,2,0,0,1,0,0,0,0,0,4,0,57,175,2,0,1,0,1,2,19,0,156
2006,17,PHI,REG,2006_17_ATL_PHI,ATL,23,36,350,3,0,0,0,0,0,280,180,15,18.5983728425736,-0.0832078047096729,0,14,6,4,1,17,43,0,0,0,2,-5.40959840262076,0,2,1,0,0,23,0,350,3,1,1,280,180,15,24.3722603034459,0,14,6,4,1,0,54,11,15,0,0,0,5,37,5,1,12,10,0,0,0,0,0,0,0,0,0,0,0,0,0,0,11,108,6,1,0,0,1,1,1,14,3,42,1,2,1,0,41,0.5,0,0,0,1,0,0,0,1,0,0,0,0,41,23,,41,23,0,3,3,0,0,1,0,0,0,0,0,5,0,53,216,1,0,2,1,0,2,4,0,192
2006,17,PIT,REG,2006_17_PIT_CIN,CIN,19,28,280,1,1,1,-5,0,0,217,176,13,11.9550855304364,14.0424041152,0,10,5,3,1,45,207,2,1,1,16,1.6281548597035,0,6,3,2,0,19,0,280,1,0,0,217,176,13,24.0402723946609,0,10,5,3,1,0,33,0,14,0,0,0,0,0,9,0,0,4,0,0,0,0,0,0,0,0,0,0,0,0,0,0,7,101,2,1,0,0,1,1,1,6,5,90,1,1,0,0,35,1,0,0,1,0,0,0,0,0,0,0,0,0,35,,,35,0,0,2,2,0,0,1,0,0,0,0,0,4,0,45,144,1,0,1,0,0,3,5,0,139
2006,17,SEA,REG,2006_17_SEA_TB,TB,17,29,216,1,0,1,-4,0,0,267,77,13,13.2003676356639,-1.67301916159116,0,11,5,3,0,42,132,1,1,1,10,-6.44461225101259,0,1,0,0,0,17,0,216,1,0,0,267,77,13,22.1050854833447,0,11,5,3,0,0,31,10,10,0,0,2,1,8,2,0,0,3,0,0,0,0,0,0,0,0,0,0,0,2,32,0,3,20,1,1,0,0,1,1,3,44,2,46,3,3,0,0,35,1,0,1,2,0,0,0,0,0,0,0,0,0,35;30;23,,,88,0,0,2,2,0,0,1,0,0,0,0,0,2,0,39,67,2,0,2,0,0,0,0,0,67
2006,17,SF,REG,2006_17_SF_DEN,DEN,17,33,194,1,1,5,-26,2,0,258,118,10,-11.5632306356511,-6.5631409175694,0,6,3,3,0,38,189,0,0,0,7,-0.606110740258534,0,4,3,2,0,17,0,194,1,0,0,258,118,10,18.416540958744,0,6,3,3,0,0,44,5,13,0,0,1,3,20,4,2,70,5,1,2,0,0,0,0,0,0,0,2,0,1,0,0,8,61,6,3,1,2,4,0,3,17,6,152,4,4,0,0,46,1,0,1,1,2,0,0,0,0,0,0,0,0,46;29;46;36,,,157,0,0,2,2,0,0,1,1,1,0,0,36,7,0,58,307,4,0,0,1,3,3,54,0,233
2006,17,TB,REG,2006_17_SEA_TB,SEA,16,27,185,1,0,1,-8,0,0,174,41,7,2.97050107112866,-4.60479044914246,0,7,3,1,1,21,110,0,1,1,8,-5.07991924681119,0,4,3,1,0,16,0,185,1,1,1,174,41,7,11.2298505269573,0,7,3,1,1,0,40,23,23,0,0,1,1,4,5,0,0,4,0,0,0,0,0,0,0,0,0,0,0,1,0,0,8,51,5,2,0,0,2,2,0,0,3,101,0,1,1,0,,0,0,0,0,0,0,0,0,0,0,1,0,0,,44,,0,44,0,1,1,0,0,1,0,0,0,0,0,3,0,58,157,0,0,0,0,0,3,44,0,113
2006,17,TEN,REG,2006_17_NE_TEN,NE,15,36,227,0,2,5,-20,2,1,411,108,9,-13.3528448075926,-15.054952397066,0,9,6,4,1,25,135,1,0,0,4,0.338226537744049,0,3,3,3,0,15,0,227,0,0,0,411,108,9,13.6716887886899,0,9,6,4,1,1,30,20,22,0,0,0,2,11,4,0,0,3,0,0,0,0,1,0,0,0,0,1,0,0,0,0,10,119,5,2,0,0,2,1,2,101,8,163,3,4,1,0,27,0.75,0,3,0,0,0,0,0,1,0,0,0,0,25;27;27,23,,79,23,0,2,2,0,0,1,0,0,0,0,0,4,0,51,165,1,0,1,0,1,2,65,0,100
2006,17,WAS,REG,2006_17_NYG_WAS,NYG,22,32,268,3,1,1,-3,0,0,366,92,12,12.631407524168,9.09102745354176,0,12,6,3,1,29,128,1,1,1,9,-6.50300443283049,0,4,4,1,0,22,0,268,3,0,0,366,92,12,23.3996790331439,0,12,6,3,1,0,27,23,23,0,0,0,1,7,2,0,0,7,0,0,0,0,0,0,0,0,0,0,0,0,0,0,10,100,3,1,0,0,1,1,3,7,6,135,0,0,0,0,,,0,0,0,0,0,0,0,0,0,0,0,0,,,,0,0,0,4,4,0,0,1,0,0,0,0,0,3,0,48,131,1,0,1,0,0,2,15,0,116
2006,18,DAL,POST,2006_18_DAL_SEA,SEA,17,29,189,1,0,2,-21,1,0,228,85,8,4.33682527496301,-5.18004606510031,0,9,5,1,0,26,116,0,1,0,5,-5.00129800500733,0,2,2,1,0,17,0,189,1,2,1,228,85,8,13.4228213814495,0,9,5,1,0,1,40,15,15,0,0,0,0,0,3,2,-4,10,0,0,0,0,0,0,0,0,0,2,0,0,0,0,8,74,5,3,1,1,4,1,1,17,4,160,2,2,0,0,50,1,0,1,0,0,1,0,0,0,0,0,0,0,50;29,,,79,0,0,2,2,0,0,1,0,0,0,0,0,5,0,62,242,0,1,0,1,0,3,13,0,209
2006,18,IND,POST,2006_18_KC_IND,KC,31,39,252,1,3,1,-5,0,0,197,123,15,-6.90809513459165,9.42382377547187,0,11,4,2,1,40,188,1,0,0,13,0.70424172913989,0,6,3,1,0,31,0,252,1,0,0,197,123,15,13.2304178879131,0,11,4,2,1,0,30,11,13,0,0,2,4,25,5,2,33,4,0,0,0,0,0,0,0,0,0,1,0,1,0,0,3,40,4,0,1,0,1,0,3,28,2,51,3,3,0,0,50,1,1,0,0,1,1,0,0,0,0,0,0,0,48;19;50,,,117,0,0,2,2,0,0,1,0,0,0,0,0,2,0,43,76,1,0,0,0,1,1,8,0,68
2006,18,KC,POST,2006_18_KC_IND,IND,14,24,107,1,2,4,-25,2,1,175,57,5,-12.6580835803323,-6.51610170801481,1,4,1,1,0,17,44,0,0,0,2,-4.9693589393758,0,0,0,0,0,14,0,107,1,0,0,175,57,5,9.35871772146504,1,4,1,1,0,0,54,20,22,0,0,0,1,5,2,3,55,3,0,0,0,0,0,0,0,0,0,1,0,0,0,0,2,13,4,2,0,0,2,1,1,8,3,58,0,1,1,0,,0,0,0,0,0,0,0,0,1,0,0,0,0,,23,,0,23,0,0,0,0,0,,0,0,0,0,0,6,0,66,314,1,1,0,0,2,3,28,0,286
2006,18,NE,POST,2006_18_NYJ_NE,NYJ,22,34,212,2,0,1,-12,0,0,333,86,12,9.03304628810823,5.84610845103408,0,10,3,1,0,38,158,1,1,1,13,-2.62135965540074,0,3,2,0,0,22,0,212,2,0,0,333,86,12,20.3644055855484,0,10,3,1,0,0,32,19,19,0,0,1,3,22,8,1,36,8,1,0,0,0,0,0,0,0,0,0,0,1,31,0,7,59,3,1,0,0,1,1,0,0,5,126,3,3,0,0,40,1,0,2,0,1,0,0,0,0,0,0,0,0,20;40;28,,,88,0,0,4,4,0,0,1,0,0,0,0,0,2,0,42,74,0,1,0,0,0,1,7,0,67
2006,18,NYG,POST,2006_18_NYG_PHI,PHI,16,27,161,2,1,1,-7,0,0,221,59,7,-1.56477893405935,0.183436751365662,0,7,3,1,0,31,151,0,0,0,8,3.58489355351776,0,4,3,1,1,16,0,161,2,1,0,221,59,7,12.395820218022,0,7,3,1,0,0,46,8,12,0,0,0,2,15,5,0,0,8,0,1,0,0,0,0,0,0,0,1,0,0,0,0,9,55,4,2,0,1,2,0,4,28,4,72,2,2,0,0,24,1,0,2,0,0,0,0,0,0,0,0,0,0,20;24,,,44,0,0,2,2,0,0,1,0,0,0,0,0,6,0,56,259,2,1,1,0,0,4,25,0,234
2006,18,NYJ,POST,2006_18_NYJ_NE,NE,24,41,299,1,1,3,-22,0,0,305,159,12,-4.51786264840701,-1.76885984838009,0,13,4,4,1,16,70,0,1,1,3,-3.72338748467155,0,3,2,0,0,24,0,299,1,0,0,305,159,12,18.856327276254,0,13,4,4,1,0,28,32,34,0,0,1,1,12,6,0,0,5,0,0,0,0,0,0,0,0,0,0,0,1,0,0,4,47,4,1,0,0,1,1,1,7,6,136,3,3,0,0,37,1,0,2,1,0,0,0,0,0,0,0,0,0,28;21;37,,,86,0,0,1,1,0,0,1,0,0,0,0,0,3,0,44,103,2,0,1,1,1,0,0,0,83
2006,18,PHI,POST,2006_18_NYG_PHI,NYG,17,31,153,1,0,2,-15,0,0,317,25,8,-3.37689637517695,-3.84991486226359,0,4,1,1,0,31,185,1,1,0,11,3.91774020096194,0,6,4,2,1,17,0,153,1,0,0,317,25,8,11.4363101645722,0,4,1,1,0,0,45,5,15,0,0,2,1,7,3,1,7,6,0,0,0,0,0,0,0,0,0,0,0,0,0,0,6,77,5,0,1,1,1,0,4,25,5,78,3,3,0,0,48,1,1,0,1,1,0,0,0,0,0,0,0,0,19;48;38,,,105,0,0,2,2,0,0,1,1,1,0,0,38,6,0,57,272,2,1,1,0,0,4,28,0,244
2006,18,SEA,POST,2006_18_DAL_SEA,DAL,18,36,240,2,2,0,0,0,0,363,80,9,-5.02541535553145,-6.63040718611549,0,9,4,4,0,32,92,0,0,0,6,-2.57889429627653,0,2,2,1,0,18,0,240,2,0,0,363,80,9,17.6905010203919,0,9,4,4,0,0,36,13,13,0,0,3,2,21,3,0,0,2,0,1,1,0,0,0,0,0,0,0,0,1,0,0,3,15,5,0,1,1,1,0,3,13,5,111,2,2,0,0,30,1,0,1,1,0,0,0,0,0,0,0,0,0,23;30,,,53,0,0,1,1,0,0,1,0,0,0,0,0,5,0,44,175,2,2,0,0,2,1,17,0,158
2006,19,BAL,POST,2006_19_IND_BAL,IND,18,29,173,0,2,2,-12,1,1,226,53,6,-10.4682474993148,1.7766652436092,0,6,4,2,0,20,83,0,0,0,5,-1.20303150452673,0,1,1,0,0,18,0,173,0,1,1,226,53,6,-0.392678405971035,0,6,4,2,0,0,39,18,18,0,0,2,1,9,4,2,0,5,0,0,0,0,0,0,0,0,0,0,0,0,0,0,6,39,4,2,0,0,2,2,2,30,6,124,2,2,0,0,51,1,0,0,0,1,1,0,0,0,0,0,0,0,40;51,,,91,0,0,0,0,0,0,,0,0,0,0,0,5,0,47,190,1,0,0,1,1,3,33,0,137
2006,19,CHI,POST,2006_19_SEA_CHI,SEA,21,38,282,1,1,3,-31,1,1,264,119,10,-8.08662948876251,-7.93129884098706,0,8,6,5,1,34,120,2,0,0,8,3.51349974608218,0,1,1,0,0,21,0,282,1,0,0,264,119,10,17.3442284271005,0,8,6,5,1,0,47,13,13,0,0,0,3,16,6,1,6,4,0,3,0,0,0,0,0,0,0,3,0,0,0,0,5,40,3,1,3,0,4,1,3,5,4,73,2,2,0,0,49,1,0,0,0,2,0,0,0,0,0,0,0,0,41;49,,,90,0,0,3,3,0,0,1,1,1,0,0,49,6,0,51,242,1,1,1,1,0,3,2,0,220
2006,19,IND,POST,2006_19_IND_BAL,BAL,15,30,170,0,2,1,-9,0,0,443,35,9,-2.35448248008225,-3.57465008894602,0,9,3,2,0,35,100,0,1,0,6,-6.60920350910033,0,1,1,1,0,15,0,170,0,1,0,443,35,9,11.81869627898,0,9,3,2,0,0,30,19,19,0,0,2,2,12,5,2,9,4,0,0,0,0,0,0,0,0,0,2,0,2,0,0,3,19,3,2,1,1,3,0,3,33,3,48,5,5,0,0,51,1,0,1,1,2,1,0,0,0,0,0,0,0,23;42;51;48;35,,,199,0,0,0,0,0,0,,0,0,0,0,0,4,0,51,180,1,0,1,1,0,2,30,0,130
2006,19,LAC,POST,2006_19_NE_SD,NE,14,32,230,0,1,3,-26,1,1,362,100,9,-7.56234689004811,-12.6044434309006,0,9,5,4,1,33,148,3,0,0,12,6.12469189488911,0,6,4,0,0,14,0,230,0,0,0,362,100,9,16.4618052036385,0,9,5,4,1,0,42,13,13,0,0,2,2,4,6,3,27,8,0,2,0,0,0,0,0,0,0,0,0,0,0,0,6,64,4,2,1,0,3,3,5,34,5,91,0,1,1,0,,0,0,0,0,0,0,0,0,0,0,0,1,0,,54,,0,54,0,3,3,0,0,1,0,0,0,0,0,7,0,51,256,5,1,2,0,3,1,0,0,256
2006,19,NE,POST,2006_19_NE_SD,LAC,27,51,280,2,3,2,-4,1,0,555,44,12,0.21004102964138,-6.97036138176918,0,9,6,1,1,21,51,0,1,0,3,-4.3236855663096,1,0,0,0,0,27,0,280,2,0,0,555,44,12,19.4182764863078,0,9,6,1,1,0,47,9,9,0,0,2,3,26,2,1,0,9,0,0,0,0,0,0,0,0,0,1,0,3,0,0,4,45,6,2,0,1,2,0,1,0,4,70,3,3,0,0,50,1,0,0,2,0,1,0,0,0,0,0,0,0,50;34;31,,,115,0,0,1,1,0,0,1,0,0,0,0,0,7,0,56,309,1,0,0,0,2,5,34,0,275
2006,19,NO,POST,2006_19_PHI_NO,PHI,20,32,243,1,0,3,-16,0,0,241,137,11,4.34458548860708,-4.77656284347177,0,12,5,4,0,37,208,2,2,1,15,3.44405260431813,0,7,6,3,0,20,0,243,1,0,0,241,137,11,16.3977772080689,0,12,5,4,0,0,29,9,9,0,0,0,1,8,10,0,0,4,0,0,0,0,0,0,0,0,0,1,-12,0,0,0,3,35,4,1,1,0,2,1,3,21,5,137,2,2,0,0,33,1,0,1,1,0,0,0,0,0,0,0,0,0,33;23,,,56,0,0,3,3,0,0,1,0,0,0,0,0,3,0,47,121,1,0,0,0,1,2,13,0,108
2006,19,PHI,POST,2006_19_PHI_NO,NO,15,30,240,1,0,1,-8,0,0,309,114,8,9.33303964337842,-8.91019974289269,0,8,5,5,1,20,123,2,1,0,5,1.48133267700905,0,3,3,1,1,15,0,240,1,0,0,309,114,8,20.1123176281298,0,8,5,5,1,0,48,15,15,0,0,1,3,16,4,0,0,2,0,0,0,0,0,0,0,0,0,1,-2,1,0,0,6,39,5,0,1,0,1,0,2,13,4,112,1,1,0,0,24,1,0,1,0,0,0,0,0,0,0,0,0,0,24,,,24,0,0,3,3,0,0,1,0,0,0,0,0,6,0,49,231,2,0,1,0,2,3,21,0,210
2006,19,SEA,POST,2006_19_SEA_CHI,CHI,18,33,195,1,1,3,-16,0,0,400,48,6,-0.333343428355875,2.13804934173822,0,10,4,2,0,31,127,2,0,0,12,-0.877001279320782,0,7,3,0,0,18,0,195,1,0,0,400,48,6,16.6644516790402,0,10,4,2,0,0,46,16,16,0,0,1,3,31,5,1,16,4,0,0,0,0,0,0,0,0,0,0,0,1,0,0,4,16,3,0,0,0,0,0,3,2,6,166,1,1,0,0,40,1,0,0,0,1,0,0,0,0,0,0,0,0,40,,,40,0,0,3,3,0,0,1,0,0,0,0,0,6,0,56,218,2,2,0,0,1,3,5,0,213
2006,20,CHI,POST,2006_20_NO_CHI,NO,11,26,144,1,0,0,0,0,0,254,27,6,-6.5536744669133,-10.8729349374771,0,7,4,3,0,46,196,3,1,0,12,4.12244248280264,0,6,6,1,0,11,0,144,1,0,0,254,27,6,8.22119500755798,0,7,4,3,0,0,44,7,7,0,0,4,3,35,6,1,0,6,0,0,1,0,0,0,0,0,0,0,0,3,14,0,1,5,1,1,0,1,1,0,2,24,3,39,3,3,0,0,43,1,1,1,0,1,0,0,0,0,0,0,0,0,19;43;24,,,86,0,0,4,4,0,0,1,0,0,0,0,0,7,0,66,332,4,2,0,1,0,4,15,0,297
2006,20,IND,POST,2006_20_NE_IND,NE,27,47,349,1,1,3,-19,0,0,593,128,20,1.36641396716016,-0.885613484585539,1,18,5,4,1,30,125,2,1,0,9,5.45378136420114,0,3,1,0,0,27,0,349,1,0,0,593,128,20,26.2100326111687,1,18,5,4,1,0,33,20,20,0,0,0,1,6,5,1,6,3,0,0,0,0,0,0,0,0,0,2,0,0,0,1,4,32,5,2,0,0,2,0,3,40,5,92,3,3,0,0,42,1,0,1,1,1,0,0,0,0,0,0,0,0,42;26;36,,,104,0,0,3,3,0,0,1,0,0,0,0,0,4,0,58,211,0,0,0,0,1,3,39,0,172
2006,20,NE,POST,2006_20_NE_IND,IND,21,34,232,1,1,1,-6,0,0,243,92,11,4.4325300323249,-2.44887203854673,0,10,6,2,0,24,93,1,1,0,6,3.23846836885373,0,1,1,1,0,21,0,232,1,0,0,243,92,11,15.8006630615564,0,10,6,2,0,0,51,11,11,0,0,2,3,19,11,1,39,7,1,0,0,0,0,0,0,0,0,1,0,0,0,1,8,63,3,0,1,0,1,0,3,39,8,231,2,2,0,0,43,1,0,1,0,1,0,0,0,0,0,0,0,0,28;43,,,71,0,0,4,4,0,0,1,0,0,0,0,0,5,0,59,257,1,0,0,1,1,3,40,0,197
2006,20,NO,POST,2006_20_NO_CHI,CHI,27,49,354,2,1,3,-35,2,1,403,170,12,-2.34094308797217,-5.59669339910467,0,11,4,3,2,12,56,0,0,0,3,-1.07302174839424,0,2,1,0,0,27,0,354,2,1,1,403,170,12,22.3561031621648,0,11,4,3,2,0,48,12,12,0,0,1,0,0,3,0,0,2,0,0,0,0,0,0,0,0,0,1,0,0,0,0,7,47,3,4,0,0,4,3,4,15,7,132,0,1,1,0,,0,0,0,0,0,0,0,0,0,0,1,0,0,,47,,0,47,0,2,2,0,0,1,0,0,0,0,0,5,0,45,194,1,1,1,1,0,2,24,0,150
2006,21,CHI,POST,2006_21_IND_CHI,IND,20,28,165,1,2,1,-11,0,0,271,61,8,-14.3208996667233,7.92848037348853,0,7,2,1,0,19,111,0,3,2,3,-10.3521412399132,0,3,3,1,1,20,0,165,1,0,0,271,61,8,7.87871474266285,0,7,2,1,0,1,62,0,22,0,0,1,1,8,2,1,6,7,0,0,0,0,0,0,0,0,0,1,-12,2,2,0,4,35,4,2,2,0,4,3,1,3,6,138,1,1,0,0,44,1,0,0,0,1,0,0,0,0,0,0,0,0,44,,,44,0,0,2,2,0,0,1,0,0,0,0,0,5,0,58,226,0,0,1,1,0,3,42,0,164
2006,21,IND,POST,2006_21_IND_CHI,CHI,25,38,247,1,1,1,-8,0,0,283,115,11,7.581641170309,0.822171333589052,0,7,3,2,1,42,191,1,1,1,12,-5.20775649310475,0,6,4,1,0,25,0,247,1,1,1,283,115,11,15.919941564669,0,7,3,2,1,0,43,0,8,0,0,2,1,11,2,2,94,5,1,0,0,0,0,0,0,0,0,0,-7,3,3,0,6,40,4,1,1,0,2,2,3,42,4,89,3,4,1,0,29,0.75,0,3,0,0,0,0,0,0,1,0,0,0,29;24;20,36,,73,36,0,2,2,0,0,1,0,0,0,0,0,4,0,50,162,2,0,1,1,1,1,3,0,139
