espn_id,nombre,pos,pro_team,proy_espn_pts,proy_nuestras_reglas,juegos_proy,rank_superflex,rank_standard,rank_ppr,adp_espn,pct_owned,crudos
4429795,Jahmyr Gibbs,RB,8,398.89,398.89,17.0,7,1,1,1.58,99.87,"{""23"":283.1947246,""24"":1374.075945,""25"":14.50425138,""26"":0.273084397,""27"":274.0,""28"":137.0,""29"":68.0,""30"":54.0,""31"":27.0,""33"":56.0,""34"":28.0,""35"":0.59948219,""36"":0.419637533,""37"":4.874069256,""38"":0.166,""39"":4.852053465,""40"":80.82799674,""42"":546.3565674,""43"":3.380319991,""44"":0.074629614,""45"":0.069965029,""46"":0.045722146,""47"":109.0,""48"":54.0,""49"":27.0,""50"":21.0,""51"":10.0,""53"":67.74717771,""56"":0.487339154,""57"":0.015072345,""58"":85.97278486,""60"":8.06463953,""61"":32.13862161,""62"":0.347714012,""63"":0.011570655,""66"":2.122048052,""67"":0.507646344,""68"":2.629694396,""70"":0.976142104,""71"":0.284281953,""72"":1.260424057,""73"":1.260424057,""210"":17.0,""211"":76.48603243,""212"":30.74074245}"
4426515,Puka Nacua,WR,14,386.37,386.37,17.0,9,3,3,3.8,99.85,"{""23"":15.92130334,""24"":105.68764,""25"":1.181059449,""26"":0.017712332,""27"":21.0,""28"":10.0,""29"":5.0,""30"":4.0,""31"":2.0,""33"":3.0,""34"":1.0,""35"":0.029451572,""36"":0.020616101,""37"":0.02816093,""38"":0.000961,""39"":6.638127404,""40"":6.216920001,""42"":1589.931131,""43"":9.753616967,""44"":0.132880406,""45"":0.314830997,""46"":0.205742057,""47"":317.0,""48"":158.0,""49"":79.0,""50"":63.0,""51"":31.0,""53"":122.9651038,""56"":6.671986169,""57"":0.206350088,""58"":174.271432,""60"":12.9299377,""61"":93.52536068,""62"":0.150592738,""63"":0.007673629,""66"":0.199924946,""67"":1.544081612,""68"":1.744006558,""70"":0.091965475,""71"":0.864685703,""72"":0.956651178,""73"":0.956651178,""210"":17.0,""211"":7.48831867,""212"":74.71056272}"
4374302,Amon-Ra St. Brown,WR,8,350.0,350.0,17.0,18,8,8,8.33,99.84,"{""23"":2.321268234,""24"":13.45335703,""25"":0.124226252,""26"":0.002338918,""27"":2.0,""28"":1.0,""35"":0.00426237,""36"":0.002983659,""37"":0.000368602,""38"":1.26e-05,""39"":5.795692556,""40"":0.791373943,""42"":1426.845245,""43"":10.41452782,""44"":0.229912505,""45"":0.245807235,""46"":0.160635028,""47"":285.0,""48"":142.0,""49"":71.0,""50"":57.0,""51"":28.0,""53"":118.0017247,""56"":5.598615201,""57"":0.173153047,""58"":166.5722707,""60"":12.09173212,""61"":83.93207323,""62"":0.232251423,""63"":0.006494199,""66"":0.028474076,""67"":1.447480319,""68"":1.475954395,""70"":0.013098075,""71"":0.810588979,""72"":0.823687054,""73"":0.823687054,""210"":17.0,""211"":2.759882002,""212"":69.35223257}"
4362628,Ja'Marr Chase,WR,4,364.56,364.56,17.0,10,4,4,4.71,99.84,"{""23"":4.073167392,""24"":21.08382204,""25"":0.143411048,""26"":0.00973609,""27"":4.0,""28"":2.0,""29"":1.0,""35"":0.007486388,""36"":0.005240472,""37"":0.000996081,""38"":3.4e-05,""39"":5.176271931,""40"":1.240224826,""42"":1507.044601,""43"":10.67681646,""44"":0.499512014,""45"":0.271799985,""46"":0.17762129,""47"":301.0,""48"":150.0,""49"":75.0,""50"":60.0,""51"":30.0,""53"":119.4407963,""56"":6.153795993,""57"":0.190323587,""58"":171.5909815,""60"":12.61750296,""61"":88.6496824,""62"":0.509248104,""63"":0.007445445,""66"":0.055802569,""67"":1.636344068,""68"":1.692146637,""70"":0.025669182,""71"":0.916352678,""72"":0.94202186,""73"":0.94202186,""210"":17.0,""211"":3.138262858,""212"":71.99908205}"
4430807,Bijan Robinson,RB,1,388.27,388.27,17.0,8,2,2,2.62,99.84,"{""23"":286.669764,""24"":1374.077558,""25"":8.452489071,""26"":0.441015895,""27"":274.0,""28"":137.0,""29"":68.0,""30"":54.0,""31"":27.0,""33"":57.0,""34"":28.0,""35"":0.607774729,""36"":0.42544231,""37"":4.869387592,""38"":0.166173517,""39"":4.793242016,""40"":80.82809162,""42"":707.1197904,""43"":3.381926451,""44"":0.198559298,""45"":0.11790247,""46"":0.077049264,""47"":141.0,""48"":70.0,""49"":35.0,""50"":28.0,""51"":14.0,""53"":75.66633276,""56"":0.990346768,""57"":0.030629281,""58"":98.54743884,""60"":9.345236707,""61"":41.59528179,""62"":0.639575193,""63"":0.014597055,""66"":2.624719173,""67"":0.692793239,""68"":3.317512412,""70"":1.207370819,""71"":0.387964214,""72"":1.595335033,""73"":1.595335033,""210"":17.0,""211"":72.18560681,""212"":36.9796551}"
4430878,Jaxon Smith-Njigba,WR,26,355.26,355.26,17.0,11,5,5,5.84,99.84,"{""23"":4.600773751,""24"":25.16912542,""25"":0.165366197,""26"":0.004721543,""27"":5.0,""28"":2.0,""29"":1.0,""30"":1.0,""35"":0.00845855,""36"":0.005920985,""37"":0.00145703,""38"":4.97228e-05,""39"":5.470628807,""40"":1.480536789,""42"":1569.197623,""43"":8.537269795,""44"":0.310273175,""45"":0.356824944,""46"":0.233185101,""47"":313.0,""48"":156.0,""49"":78.0,""50"":62.0,""51"":31.0,""53"":116.7470476,""56"":6.551995689,""57"":0.202639042,""58"":166.3245513,""60"":13.44100476,""61"":92.3057425,""62"":0.314994717,""63"":0.009159198,""66"":0.078923012,""67"":2.002712844,""68"":2.081635857,""70"":0.036304586,""71"":1.121519193,""72"":1.157823779,""73"":1.157823779,""210"":17.0,""211"":3.324625807,""212"":72.22413047}"
3918298,Josh Allen,QB,2,460.12,460.12,17.0,1,36,36,22.55,99.83,"{""0"":508.8131386,""1"":340.0625777,""2"":168.7505609,""3"":3944.735808,""4"":26.2151312,""5"":788.0,""6"":394.0,""7"":197.0,""8"":157.0,""9"":78.0,""10"":39.0,""11"":68.0,""12"":34.0,""15"":3.118403305,""16"":2.03787656,""17"":2.880300621,""18"":0.389053092,""19"":2.094135929,""20"":11.56785248,""21"":0.668344726,""22"":232.0432828,""23"":116.3671481,""24"":579.4539886,""25"":12.42919575,""26"":0.592268815,""27"":115.0,""28"":57.0,""29"":28.0,""30"":23.0,""31"":11.0,""33"":23.0,""34"":11.0,""35"":0.226921241,""36"":0.158844869,""37"":0.864,""38"":0.0295,""39"":4.979532437,""40"":34.08552874,""62"":2.686404745,""63"":0.038823664,""64"":36.12122794,""65"":7.270905954,""66"":1.552654121,""68"":8.823560075,""69"":3.490034858,""70"":0.714220896,""72"":4.204255754,""73"":15.77210823,""210"":17.0,""211"":37.97310261}"
3117251,Christian McCaffrey,RB,25,374.2,374.2,17.0,12,6,6,6.65,99.82,"{""23"":274.2005186,""24"":1130.872082,""25"":9.169254254,""26"":0.454336706,""27"":226.0,""28"":113.0,""29"":56.0,""30"":45.0,""31"":22.0,""33"":54.0,""34"":27.0,""35"":0.578155717,""36"":0.404709002,""37"":3.33,""38"":0.114,""39"":4.124252164,""40"":66.52188719,""42"":685.2366077,""43"":4.765217438,""44"":0.244300885,""45"":0.099376174,""46"":0.06494233,""47"":137.0,""48"":68.0,""49"":34.0,""50"":27.0,""51"":13.0,""53"":79.07644038,""56"":0.909223361,""57"":0.02812031,""58"":100.0885252,""60"":8.665496379,""61"":40.30803575,""62"":0.698637591,""63"":0.010919175,""66"":1.926149978,""67"":0.555480656,""68"":2.481630634,""70"":0.88602899,""71"":0.311069167,""72"":1.197098157,""73"":1.197098157,""210"":17.0,""211"":63.75049943,""212"":37.71912798}"
4241389,CeeDee Lamb,WR,6,318.41,318.41,17.0,19,9,9,10.6,99.82,"{""23"":2.21138957,""24"":12.58523168,""25"":0.105241604,""26"":0.003965797,""27"":2.0,""28"":1.0,""35"":0.004060372,""36"":0.00284226,""37"":0.000318112,""38"":1.08559e-05,""39"":5.691096606,""40"":0.740307746,""42"":1378.8862,""43"":8.556272039,""44"":0.30598071,""45"":0.264951942,""46"":0.173146094,""47"":275.0,""48"":137.0,""49"":68.0,""50"":55.0,""51"":27.0,""53"":103.8784724,""56"":5.24811877,""57"":0.162312952,""58"":158.2756887,""60"":13.27403233,""61"":81.11095296,""62"":0.309946507,""63"":0.005231177,""66"":0.024782101,""67"":1.164121782,""68"":1.188903882,""70"":0.011399766,""71"":0.651908198,""72"":0.663307964,""73"":0.663307964,""210"":17.0,""211"":2.709740903,""212"":64.05068553}"
4262921,Justin Jefferson,WR,16,318.47,318.47,17.0,26,11,11,12.15,99.79,"{""23"":2.024696434,""24"":10.62922323,""25"":0.098135806,""26"":0.005568919,""27"":2.0,""28"":1.0,""35"":0.003717201,""36"":0.002602041,""37"":0.000214,""38"":7.31e-06,""39"":5.24978612,""40"":0.625248426,""42"":1375.598125,""43"":7.370305292,""44"":0.432529769,""45"":0.216800152,""46"":0.1416789,""47"":275.0,""48"":137.0,""49"":68.0,""50"":55.0,""51"":27.0,""53"":110.7287619,""56"":5.223996605,""57"":0.161566905,""58"":165.9212152,""60"":12.42313291,""61"":80.91753678,""62"":0.438098688,""63"":0.005369633,""66"":0.021914018,""67"":1.198457221,""68"":1.220371239,""70"":0.010080448,""71"":0.671136044,""72"":0.681216492,""73"":0.681216492,""210"":17.0,""211"":2.627056063,""212"":65.03645988}"
4242335,Jonathan Taylor,RB,11,352.83,352.83,17.0,17,7,7,8.07,99.79,"{""23"":327.1643646,""24"":1510.32997,""25"":11.61317317,""26"":0.569383045,""27"":302.0,""28"":151.0,""29"":75.0,""30"":60.0,""31"":30.0,""33"":65.0,""34"":32.0,""35"":0.707014472,""36"":0.49491013,""37"":5.91,""38"":0.202,""39"":4.616425667,""40"":88.8429394,""42"":380.4849562,""43"":1.40773637,""44"":0.111948261,""45"":0.05833567,""46"":0.038122361,""47"":76.0,""48"":38.0,""49"":19.0,""50"":15.0,""51"":7.0,""53"":51.29263029,""56"":0.199032599,""57"":0.006155647,""58"":62.85609675,""60"":7.417926397,""61"":22.38146801,""62"":0.681331306,""63"":0.013686926,""66"":2.689073613,""67"":0.421591327,""68"":3.11066494,""70"":1.236973862,""71"":0.236091143,""72"":1.473065005,""73"":1.473065005,""210"":17.0,""211"":81.60268502,""212"":21.60949981}"
4379399,James Cook III,RB,2,309.79,309.79,17.0,25,12,12,12.97,99.78,"{""23"":299.8943655,""24"":1399.578453,""25"":10.96521273,""26"":0.522429279,""27"":279.0,""28"":139.0,""29"":69.0,""30"":55.0,""31"":27.0,""33"":59.0,""34"":29.0,""35"":0.639951123,""36"":0.447965786,""37"":5.077956953,""38"":0.173291189,""39"":4.666904798,""40"":82.32814431,""42"":302.1057229,""43"":1.614790016,""44"":0.129848174,""45"":0.081973733,""46"":0.053569835,""47"":60.0,""48"":30.0,""49"":15.0,""50"":12.0,""51"":6.0,""53"":35.92435901,""56"":0.126994797,""57"":0.003927674,""58"":46.02523773,""60"":8.40949515,""61"":17.77092488,""62"":0.652277453,""63"":0.016771775,""66"":3.404001556,""67"":0.407765494,""68"":3.81176705,""70"":1.565840716,""71"":0.228348676,""72"":1.794189392,""73"":1.794189392,""210"":17.0,""211"":75.7233295,""212"":16.02983963}"
4361307,Trey McBride,TE,22,258.55,258.55,17.0,28,17,17,19.5,99.77,"{""42"":1023.928883,""43"":5.362236116,""44"":0.294892588,""45"":0.098821066,""46"":0.064579567,""47"":204.0,""48"":102.0,""49"":51.0,""50"":40.0,""51"":20.0,""53"":107.8489364,""56"":2.668597763,""57"":0.082533951,""58"":148.9415518,""60"":9.494102737,""61"":60.23111075,""62"":0.294892588,""63"":0.003719676,""67"":0.845381011,""68"":0.845381011,""71"":0.473413366,""72"":0.473413366,""73"":0.473413366,""210"":17.0,""212"":53.86126345}"
4432665,Brock Bowers,TE,13,255.91,255.91,17.0,42,24,24,23.75,99.76,"{""23"":4.183450375,""24"":15.52794024,""25"":0.195802638,""26"":0.011076367,""27"":3.0,""28"":1.0,""35"":0.007689556,""36"":0.005382689,""37"":0.000512,""38"":1.75e-05,""39"":3.711754378,""40"":0.91340825,""42"":995.9385472,""43"":6.550568248,""44"":0.417095109,""45"":0.132469563,""46"":0.086568859,""47"":199.0,""48"":99.0,""49"":49.0,""50"":39.0,""51"":19.0,""53"":98.42689338,""56"":2.488822583,""57"":0.076973894,""58"":135.4173981,""60"":10.11856123,""61"":58.58462042,""62"":0.428171476,""63"":0.002760576,""66"":0.025579407,""67"":0.601824164,""68"":0.627403571,""70"":0.011766527,""71"":0.337021532,""72"":0.348788059,""73"":0.348788059,""210"":17.0,""211"":2.9964248,""212"":51.427733}"
4429160,De'Von Achane,RB,15,322.87,322.87,17.0,20,13,10,12.31,99.73,"{""23"":257.6595034,""24"":1304.638965,""25"":4.961032817,""26"":0.188227955,""27"":260.0,""28"":130.0,""29"":65.0,""30"":52.0,""31"":26.0,""33"":51.0,""34"":25.0,""35"":0.538805509,""36"":0.377163856,""37"":4.388515973,""38"":0.15,""39"":5.063422647,""40"":76.74346852,""42"":511.7939177,""43"":2.95883876,""44"":0.15522912,""45"":0.069891256,""46"":0.045673936,""47"":102.0,""48"":51.0,""49"":25.0,""50"":20.0,""51"":10.0,""53"":64.80979185,""56"":0.409656328,""57"":0.012669783,""58"":80.47528646,""60"":7.896861,""61"":30.10552457,""62"":0.343457074,""63"":0.008759488,""66"":1.590683808,""67"":0.400109001,""68"":1.990792809,""70"":0.731714552,""71"":0.224061041,""72"":0.955775592,""73"":0.955775592,""210"":17.0,""211"":65.47563765,""212"":28.94576278}"
3929630,Saquon Barkley,RB,21,302.32,302.32,17.0,40,15,19,16.99,99.71,"{""23"":300.6581402,""24"":1287.009128,""25"":8.710457174,""26"":0.2609215,""27"":257.0,""28"":128.0,""29"":64.0,""30"":51.0,""31"":25.0,""33"":60.0,""34"":30.0,""35"":0.641693186,""36"":0.44918523,""37"":4.281226227,""38"":0.146,""39"":4.280639558,""40"":75.70641931,""42"":371.0808623,""43"":2.294603946,""44"":0.102872799,""45"":0.067865255,""46"":0.044349944,""47"":74.0,""48"":37.0,""49"":18.0,""50"":14.0,""51"":7.0,""53"":43.1155872,""56"":0.188537695,""57"":0.005831063,""58"":58.96542798,""60"":8.606652172,""61"":21.82828601,""62"":0.3637943,""63"":0.009484751,""66"":1.885269878,""67"":0.270355287,""68"":2.155625165,""70"":0.867224144,""71"":0.151398961,""72"":1.018623105,""73"":1.018623105,""210"":17.0,""211"":70.2878676,""212"":19.84900801}"
3953687,Brandon Aubrey,K,6,201.4,201.4,17.0,251,251,251,84.45,99.69,"{""74"":7.02552502,""75"":9.435272,""76"":2.40974698,""77"":9.2261031,""78"":10.783168,""79"":1.5570649,""80"":19.2313044,""81"":19.42556,""82"":0.1942556,""83"":35.48293252,""84"":39.644,""85"":4.16106748,""86"":45.99998358,""87"":46.93875875,""88"":0.938775175,""198"":7.02552502,""199"":9.435272,""200"":2.40974698,""210"":17.0,""214"":1371.492123,""215"":206.0219254,""216"":1577.514048}"
3043078,Derrick Henry,RB,33,306.78,306.78,17.0,41,10,20,20.89,99.61,"{""23"":317.0061528,""24"":1482.057113,""25"":13.11421726,""26"":0.339582714,""27"":296.0,""28"":148.0,""29"":74.0,""30"":59.0,""31"":29.0,""33"":63.0,""34"":31.0,""35"":0.68174173,""36"":0.477219211,""37"":5.668512322,""38"":0.193,""39"":4.675168289,""40"":87.17983018,""42"":210.1905457,""43"":1.201727156,""44"":0.0396191,""45"":0.144012932,""46"":0.094112451,""47"":42.0,""48"":21.0,""49"":10.0,""50"":8.0,""51"":4.0,""53"":21.3966605,""56"":0.078425429,""57"":0.002425529,""58"":27.98165105,""60"":9.823521091,""61"":12.36414975,""62"":0.379201814,""63"":0.013820698,""66"":2.942463033,""67"":0.198604607,""68"":3.14106764,""70"":1.353532995,""71"":0.11121858,""72"":1.464751575,""73"":1.464751575,""210"":17.0,""211"":81.1499303,""212"":10.01493015}"
4890973,Ashton Jeanty,RB,13,308.4,308.4,17.0,38,19,15,17.84,99.59,"{""23"":281.0559483,""24"":1136.45309,""25"":7.108733634,""26"":0.402125419,""27"":227.0,""28"":113.0,""29"":56.0,""30"":45.0,""31"":22.0,""33"":56.0,""34"":28.0,""35"":0.594457472,""36"":0.41612023,""37"":3.349179819,""38"":0.114294658,""39"":4.043511967,""40"":66.85018178,""42"":494.5897199,""43"":2.018271019,""44"":0.128544739,""45"":0.046924793,""46"":0.030665352,""47"":98.0,""48"":49.0,""49"":24.0,""50"":19.0,""51"":9.0,""53"":64.95032116,""56"":0.375744246,""57"":0.011620956,""58"":86.66713478,""60"":7.614892599,""61"":29.09351293,""62"":0.530670157,""63"":0.011255987,""66"":2.077972091,""67"":0.480206719,""68"":2.55817881,""70"":0.955867162,""71"":0.268915762,""72"":1.224782924,""73"":1.224782924,""210"":17.0,""211"":62.8193113,""212"":28.11875693}"
3916387,Lamar Jackson,QB,33,409.7,409.7,17.0,5,88,88,39.17,99.59,"{""0"":466.7784818,""1"":302.7855533,""2"":163.9929285,""3"":3885.705484,""4"":25.96991236,""5"":777.0,""6"":388.0,""7"":194.0,""8"":155.0,""9"":77.0,""10"":38.0,""11"":60.0,""12"":30.0,""15"":3.034454675,""16"":1.98301613,""17"":2.738016947,""18"":0.369834298,""19"":0.848953488,""20"":9.737557647,""21"":0.648670762,""22"":228.5709108,""23"":122.1572163,""24"":670.7902312,""25"":3.682192552,""26"":0.095351363,""27"":134.0,""28"":67.0,""29"":33.0,""30"":26.0,""31"":13.0,""33"":24.0,""34"":12.0,""35"":0.238915222,""36"":0.167240655,""37"":1.16,""38"":0.0395,""39"":5.491204296,""40"":39.45824889,""62"":0.944304851,""63"":0.039930683,""64"":39.49269738,""65"":7.311078751,""66"":1.764076379,""68"":9.07515513,""69"":3.5093178,""70"":0.811475134,""72"":4.320792935,""73"":14.05835058,""210"":17.0,""211"":34.88795838}"
4426354,George Pickens,WR,6,256.71,256.71,17.0,62,27,29,28.14,99.56,"{""42"":1114.115036,""43"":8.15215769,""44"":0.291582508,""45"":0.294946456,""46"":0.192747509,""47"":222.0,""48"":111.0,""49"":55.0,""50"":44.0,""51"":22.0,""53"":79.93394613,""56"":3.284387007,""57"":0.10157898,""58"":124.3594697,""60"":13.93794614,""61"":65.53617858,""62"":0.291582508,""63"":0.007034187,""67"":1.598678923,""68"":1.598678923,""71"":0.895260197,""72"":0.895260197,""73"":0.895260197,""210"":17.0,""212"":51.12633948}"
4426502,Drake London,WR,1,290.4,290.4,17.0,27,14,14,18.86,99.51,"{""42"":1248.630908,""43"":7.288247844,""44"":0.427742108,""45"":0.173726778,""46"":0.11353045,""47"":249.0,""48"":124.0,""49"":62.0,""50"":49.0,""51"":24.0,""53"":101.9591231,""56"":4.271845796,""57"":0.132118942,""58"":158.7708737,""60"":12.24638729,""61"":73.44887696,""62"":0.427742108,""63"":0.007138457,""67"":1.622376673,""68"":1.622376673,""71"":0.908530937,""72"":0.908530937,""73"":0.908530937,""210"":17.0,""212"":59.50275757}"
4258173,Nico Collins,WR,34,269.7,269.7,17.0,31,25,25,27.77,99.4,"{""23"":2.102056108,""24"":11.79853702,""25"":0.08172228,""26"":0.005914028,""27"":2.0,""28"":1.0,""35"":0.003859386,""36"":0.00270157,""37"":0.000272856,""38"":9.31e-06,""39"":5.612855421,""40"":0.69403159,""42"":1210.608181,""43"":6.718834024,""44"":0.441798831,""45"":0.27645418,""46"":0.180662807,""47"":242.0,""48"":121.0,""49"":60.0,""50"":48.0,""51"":24.0,""53"":86.43731076,""56"":3.987443165,""57"":0.123322984,""58"":137.1482017,""60"":14.00562061,""61"":71.21224594,""62"":0.447712859,""63"":0.005307853,""66"":0.028640073,""67"":1.177690189,""68"":1.206330262,""70"":0.013174433,""71"":0.659506506,""72"":0.672680939,""73"":0.672680939,""210"":17.0,""211"":2.659001851,""212"":54.68346483}"
4047646,A.J. Brown,WR,17,268.37,268.37,17.0,48,26,27,27.17,99.35,"{""42"":1215.08987,""43"":6.927937891,""44"":0.265773112,""45"":0.347556938,""46"":0.227128459,""47"":243.0,""48"":121.0,""49"":60.0,""50"":48.0,""51"":24.0,""53"":85.96789117,""56"":4.020775105,""57"":0.124353869,""58"":129.6954465,""60"":14.13422911,""61"":71.47587472,""62"":0.265773112,""63"":0.004480784,""67"":1.018360018,""68"":1.018360018,""71"":0.57028161,""72"":0.57028161,""73"":0.57028161,""210"":17.0,""212"":54.78556187}"
4567048,Kenneth Walker III,RB,12,300.08,300.08,17.0,55,21,22,24.86,99.28,"{""23"":276.0820443,""24"":1233.347097,""25"":9.035510004,""26"":0.390926755,""27"":246.0,""28"":123.0,""29"":61.0,""30"":49.0,""31"":24.0,""33"":55.0,""34"":27.0,""35"":0.582628906,""36"":0.407840234,""37"":3.947546845,""38"":0.134714629,""39"":4.467320939,""40"":72.54982925,""42"":375.4035058,""43"":1.681121408,""44"":0.075250047,""45"":0.068092468,""46"":0.044498428,""47"":75.0,""48"":37.0,""49"":18.0,""50"":15.0,""51"":7.0,""53"":48.26854895,""56"":0.193272412,""57"":0.005977497,""58"":59.79019351,""60"":7.777393643,""61"":22.08255916,""62"":0.466176803,""63"":0.008211418,""66"":1.588506374,""67"":0.277725043,""68"":1.866231418,""70"":0.730712932,""71"":0.155526024,""72"":0.886238956,""73"":0.886238956,""210"":17.0,""211"":67.2252032,""212"":20.89187689}"
4723086,Colston Loveland,TE,3,218.85,218.85,17.0,80,81,81,45.33,99.12,"{""42"":897.8789034,""43"":6.023400826,""44"":0.400146547,""45"":0.151258835,""46"":0.098847649,""47"":179.0,""48"":89.0,""49"":44.0,""50"":35.0,""51"":17.0,""53"":80.2003476,""56"":1.897933813,""57"":0.058698984,""58"":118.2402608,""60"":11.19544902,""61"":52.81640608,""62"":0.400146547,""63"":0.00345227,""67"":0.784606816,""68"":0.784606816,""71"":0.439379817,""72"":0.439379817,""73"":0.439379817,""210"":17.0,""212"":44.35363483}"
4047365,Josh Jacobs,RB,9,300.83,300.83,17.0,56,22,23,28.57,99.1,"{""23"":300.3126312,""24"":1238.772273,""25"":13.04601786,""26"":0.355366949,""27"":247.0,""28"":123.0,""29"":61.0,""30"":49.0,""31"":24.0,""33"":60.0,""34"":30.0,""35"":0.64095667,""36"":0.448669669,""37"":3.973770372,""38"":0.136,""39"":4.124942292,""40"":72.86895725,""42"":280.6517463,""43"":1.639927329,""44"":0.052396507,""45"":0.054678314,""46"":0.035732278,""47"":56.0,""48"":28.0,""49"":14.0,""50"":11.0,""51"":5.0,""53"":36.00047435,""56"":0.112872655,""57"":0.003490907,""58"":47.14125043,""60"":7.79577912,""61"":16.50892625,""62"":0.407763456,""63"":0.015129694,""66"":3.070487126,""67"":0.368079733,""68"":3.438566858,""70"":1.412424078,""71"":0.20612465,""72"":1.618548728,""73"":1.618548728,""210"":17.0,""211"":71.87031236,""212"":15.46585134}"
4362081,Cameron Dicker,K,24,190.57,190.57,17.0,252,252,252,105.83,99.09,"{""74"":6.752704542,""75"":8.9988276,""76"":2.246123058,""77"":8.858942177,""78"":10.2843744,""79"":1.425432223,""80"":18.34172802,""81"":18.526998,""82"":0.18526998,""83"":33.95337474,""84"":37.8102,""85"":3.856825261,""86"":41.3278215,""87"":42.17124642,""88"":0.843424928,""198"":6.752704542,""199"":8.9988276,""200"":2.246123058,""210"":17.0,""214"":1313.550284,""215"":190.9931946,""216"":1504.543478}"
4685382,Omarion Hampton,RB,24,305.78,305.78,17.0,39,20,18,22.07,99.07,"{""23"":270.3648223,""24"":1152.639204,""25"":9.859529778,""26"":0.246333244,""27"":230.0,""28"":115.0,""29"":57.0,""30"":46.0,""31"":23.0,""33"":54.0,""34"":27.0,""35"":0.569013681,""36"":0.398309577,""37"":3.4492721,""38"":0.118,""39"":4.263273579,""40"":67.8023061,""42"":393.4227051,""43"":1.896500828,""44"":0.046971264,""45"":0.047485343,""46"":0.031031671,""47"":78.0,""48"":39.0,""49"":19.0,""50"":15.0,""51"":7.0,""53"":55.91569118,""56"":0.214630375,""57"":0.006638053,""58"":69.02569916,""60"":7.035998247,""61"":23.14251207,""62"":0.293304507,""63"":0.010713988,""66"":2.017704277,""67"":0.417292931,""68"":2.434997208,""70"":0.928143967,""71"":0.233684042,""72"":1.161828009,""73"":1.161828009,""210"":17.0,""211"":64.76704412,""212"":23.21988362}"
4428331,Rashee Rice,WR,12,289.86,289.86,17.0,30,16,16,22.63,99.07,"{""23"":8.241255053,""24"":42.63914614,""25"":0.591766548,""26"":0.025603134,""27"":8.0,""28"":4.0,""29"":2.0,""30"":1.0,""33"":1.0,""35"":0.015181688,""36"":0.010627181,""37"":0.00441,""38"":0.000151,""39"":5.173865614,""40"":2.508185067,""42"":1131.936959,""43"":9.052370582,""44"":0.405107971,""45"":0.222063443,""46"":0.14511846,""47"":226.0,""48"":113.0,""49"":56.0,""50"":45.0,""51"":22.0,""53"":96.27926878,""56"":3.41198271,""57"":0.105525238,""58"":135.8868034,""60"":11.75680885,""61"":66.58452702,""62"":0.430711106,""63"":0.009197806,""66"":0.164825101,""67"":1.925585376,""68"":2.090410477,""70"":0.075819546,""71"":1.07832781,""72"":1.154147357,""73"":1.154147357,""210"":17.0,""211"":4.453559736,""212"":55.71154734}"
4431459,Tyler Warren,TE,11,221.88,221.88,17.0,81,82,82,47.05,98.98,"{""23"":6.291622396,""24"":14.46629423,""25"":0.379396546,""26"":0.018601459,""27"":2.0,""28"":1.0,""33"":1.0,""35"":0.01157782,""36"":0.008104474,""37"":0.00043898,""38"":1.5e-05,""39"":2.299294731,""40"":0.850958484,""42"":871.7061147,""43"":5.320699043,""44"":0.42302386,""45"":0.149407002,""46"":0.097637476,""47"":174.0,""48"":87.0,""49"":43.0,""50"":34.0,""51"":17.0,""53"":85.9787121,""56"":1.754928933,""57"":0.054276153,""58"":115.2361774,""60"":10.13862726,""61"":51.27683028,""62"":0.441625319,""63"":0.004950117,""66"":0.076712012,""67"":1.048314666,""68"":1.125026679,""70"":0.035287526,""71"":0.587056213,""72"":0.622343739,""73"":0.622343739,""210"":17.0,""211"":3.22552575,""212"":44.66162607}"
4870808,Jeremiyah Love,RB,22,304.29,304.29,17.0,29,18,13,19.31,98.96,"{""23"":254.7784751,""24"":1129.059083,""25"":6.671393959,""26"":0.34004277,""27"":225.0,""28"":112.0,""29"":56.0,""30"":45.0,""31"":22.0,""33"":50.0,""34"":25.0,""35"":0.532163487,""36"":0.372514441,""37"":3.3,""38"":0.113,""39"":4.431532461,""40"":66.41524017,""42"":488.7811425,""43"":2.247669913,""44"":0.123710192,""45"":0.046126641,""46"":0.03014376,""47"":97.0,""48"":48.0,""49"":24.0,""50"":19.0,""51"":9.0,""53"":65.17692826,""56"":0.363706802,""57"":0.011248664,""58"":85.92781834,""60"":7.499296999,""61"":28.75183191,""62"":0.463752962,""63"":0.01204568,""66"":2.179977174,""67"":0.557677472,""68"":2.737654646,""70"":1.0027895,""71"":0.312299384,""72"":1.315088884,""73"":1.315088884,""210"":17.0,""211"":60.64717243,""212"":28.10403516}"
4431452,Drake Maye,QB,17,411.56,411.56,17.0,13,89,89,47.85,98.95,"{""0"":519.7130302,""1"":354.9500945,""2"":164.7629358,""3"":4094.232938,""4"":26.94753194,""5"":818.0,""6"":409.0,""7"":204.0,""8"":163.0,""9"":81.0,""10"":40.0,""11"":70.0,""12"":35.0,""15"":3.340747009,""16"":2.18317817,""17"":3.308068427,""18"":0.446833306,""19"":1.028901266,""20"":11.16259686,""21"":0.682973244,""22"":240.8372316,""23"":101.0360012,""24"":531.5872648,""25"":4.046713166,""26"":0.143948786,""27"":106.0,""28"":53.0,""29"":26.0,""30"":21.0,""31"":10.0,""33"":20.0,""34"":10.0,""35"":0.195476142,""36"":0.136833299,""37"":0.726005606,""38"":0.0248,""39"":5.261364845,""40"":31.2698391,""62"":1.172850052,""63"":0.047405618,""64"":46.64078483,""65"":9.142929932,""66"":1.631074171,""68"":10.7740041,""69"":4.388606367,""70"":0.750294119,""72"":5.138900486,""73"":16.30149734,""210"":17.0,""211"":29.17629526}"
4362238,Chase Brown,RB,4,296.65,296.65,17.0,54,23,21,26.11,98.7,"{""23"":240.3168761,""24"":1046.354147,""25"":7.399260943,""26"":0.502331384,""27"":209.0,""28"":104.0,""29"":52.0,""30"":41.0,""31"":20.0,""33"":48.0,""34"":24.0,""35"":0.498451591,""36"":0.348916113,""37"":2.83,""38"":0.0966,""39"":4.354060207,""40"":61.55024396,""42"":434.5767269,""43"":2.817585287,""44"":0.131861957,""45"":0.040371337,""46"":0.026382669,""47"":86.0,""48"":43.0,""49"":21.0,""50"":17.0,""51"":8.0,""53"":64.14103368,""56"":0.271046707,""57"":0.008382888,""58"":80.07579135,""60"":6.775330891,""61"":25.56333688,""62"":0.634193341,""63"":0.010641276,""66"":1.908965243,""67"":0.509506473,""68"":2.418471716,""70"":0.878124012,""71"":0.285323625,""72"":1.163447637,""73"":1.163447637,""210"":17.0,""211"":57.5186517,""212"":26.60622272}"
-16034,Texans D/ST,DST,34,169.41,169.41,17.0,236,236,236,90.32,98.66,"{""89"":0.291929508,""90"":1.319214979,""91"":4.357664964,""92"":3.608691299,""93"":0.125897408,""94"":1.612263409,""95"":12.31073336,""96"":10.82373189,""97"":1.808717872,""98"":0.26049967,""99"":43.39901944,""100"":86.79803888,""101"":0.161044062,""102"":0.243868571,""103"":1.090343386,""104"":0.521920022,""105"":2.14307345,""106"":16.65189522,""109"":1030.968194,""110"":343.0,""111"":206.0,""112"":53.73568642,""113"":90.64795771,""114"":1518.916189,""115"":319.2398883,""116"":151.0,""117"":60.0,""118"":31.0,""119"":12.0,""120"":322.0495017,""121"":2.468208671,""122"":2.97036147,""123"":1.59156904,""124"":0.365975768,""125"":0.0263843,""126"":18.94408833,""127"":5453.378347,""129"":0.783645656,""130"":6.132879046,""131"":4.497444634,""132"":3.526405451,""133"":1.584327087,""134"":0.340715503,""135"":0.119250426,""136"":0.015332198,""137"":320.7869616,""210"":17.0}"
4241478,DeVonta Smith,WR,21,256.46,256.46,17.0,66,75,35,39.48,98.64,"{""42"":1129.322628,""43"":6.016396397,""44"":0.26964384,""45"":0.278384664,""46"":0.181924378,""47"":225.0,""48"":112.0,""49"":56.0,""50"":45.0,""51"":22.0,""53"":90.33493138,""56"":3.393265827,""57"":0.104946366,""58"":127.7584273,""60"":12.50150535,""61"":66.43074281,""62"":0.26964384,""63"":0.004440508,""67"":1.009206467,""68"":1.009206467,""71"":0.565155621,""72"":0.565155621,""73"":0.565155621,""210"":17.0,""212"":53.04308664}"
4426348,Jayden Daniels,QB,28,402.81,402.81,17.0,3,87,87,51.03,98.5,"{""0"":520.1820555,""1"":347.3573379,""2"":172.8247176,""3"":3853.894334,""4"":22.36078232,""5"":770.0,""6"":385.0,""7"":192.0,""8"":154.0,""9"":77.0,""10"":38.0,""11"":69.0,""12"":34.0,""15"":2.988658681,""16"":1.953088448,""17"":2.657463935,""18"":0.358953698,""19"":1.748045667,""20"":9.90374622,""21"":0.667761093,""22"":226.6996667,""23"":130.9574958,""24"":669.7728918,""25"":5.118491217,""26"":0.301032783,""27"":133.0,""28"":66.0,""29"":33.0,""30"":26.0,""31"":13.0,""33"":26.0,""34"":13.0,""35"":0.257276066,""36"":0.180093246,""37"":1.153923531,""38"":0.0394,""39"":5.114429592,""40"":39.3984054,""62"":2.049078451,""63"":0.033815548,""64"":39.14591555,""65"":6.227325348,""66"":1.458026373,""68"":7.685351721,""69"":2.989116167,""70"":0.670692132,""72"":3.659808299,""73"":13.56355452,""210"":17.0,""211"":36.45901591}"
-16007,Broncos D/ST,DST,7,164.86,164.86,17.0,234,234,234,89.72,98.49,"{""89"":0.310716074,""90"":1.40460691,""91"":4.596895343,""92"":3.745618428,""93"":0.122386924,""94"":1.558266457,""95"":12.93674597,""96"":6.821810557,""97"":1.936980137,""98"":0.260835781,""99"":45.27005528,""100"":90.54011056,""101"":0.269746144,""102"":0.314479004,""103"":1.040935375,""104"":0.517331082,""105"":2.264878528,""106"":10.49509316,""109"":1024.980393,""110"":341.0,""111"":204.0,""112"":36.98240559,""113"":84.62428618,""114"":1519.889139,""115"":437.4158914,""116"":151.0,""117"":60.0,""118"":43.0,""119"":17.0,""120"":317.77953,""121"":2.468703055,""122"":2.851777666,""123"":1.40460691,""124"":0.212819229,""125"":0.004256385,""126"":18.69291353,""127"":5447.413598,""129"":0.809320972,""130"":6.304184415,""131"":4.557754949,""132"":3.492858933,""133"":1.490854422,""134"":0.255575044,""135"":0.085191681,""136"":0.004259584,""137"":320.436094,""210"":17.0}"
4361370,Chris Olave,WR,18,263.84,263.84,17.0,49,29,28,35.41,98.32,"{""42"":1162.639694,""43"":6.442195967,""44"":0.336773845,""45"":0.204016659,""46"":0.133324886,""47"":232.0,""48"":116.0,""49"":58.0,""50"":46.0,""51"":23.0,""53"":90.50338788,""56"":3.633558213,""57"":0.112378089,""58"":142.3266588,""60"":12.84636654,""61"":68.39057025,""62"":0.336773845,""63"":0.004847692,""67"":1.101748205,""68"":1.101748205,""71"":0.616978995,""72"":0.616978995,""73"":0.616978995,""210"":17.0,""212"":54.17435354}"
4595348,Malik Nabers,WR,19,265.27,265.27,17.0,63,28,32,37.9,98.2,"{""23"":4.452168672,""24"":22.97515193,""25"":0.149317275,""26"":0.006272024,""27"":4.0,""28"":2.0,""29"":1.0,""35"":0.00818469,""36"":0.005729283,""37"":0.001200557,""38"":4.1e-05,""39"":5.160440591,""40"":1.351479525,""42"":1137.186341,""43"":7.352056744,""44"":0.393177322,""45"":0.221262934,""46"":0.144595328,""47"":227.0,""48"":113.0,""49"":56.0,""50"":45.0,""51"":22.0,""53"":86.59531984,""56"":3.449877678,""57"":0.106697248,""58"":136.6878219,""60"":13.13219171,""61"":66.89331418,""62"":0.399449346,""63"":0.006014304,""66"":0.066839987,""67"":1.300047348,""68"":1.366887336,""70"":0.030746394,""71"":0.728026515,""72"":0.758772909,""73"":0.758772909,""210"":17.0,""211"":3.229552856,""212"":52.95372857}"
4569618,Garrett Wilson,WR,20,267.75,267.75,17.0,47,32,26,36.36,98.17,"{""23"":2.172129233,""24"":10.77535953,""25"":0.093599419,""26"":0.010578061,""27"":2.0,""28"":1.0,""35"":0.003988199,""36"":0.00279174,""37"":0.000221538,""38"":7.56026e-06,""39"":4.96073593,""40"":0.633844678,""42"":1163.53261,""43"":5.115129355,""44"":0.623276323,""45"":0.172035554,""46"":0.112425234,""47"":232.0,""48"":116.0,""49"":58.0,""50"":46.0,""51"":23.0,""53"":100.0641865,""56"":3.640694198,""57"":0.11259879,""58"":148.6515677,""60"":11.62786258,""61"":68.44309473,""62"":0.633854384,""63"":0.008627605,""66"":0.041659885,""67"":1.919159521,""68"":1.960819406,""70"":0.019163547,""71"":1.074729332,""72"":1.093892879,""73"":1.093892879,""210"":17.0,""211"":2.63756553,""212"":55.83553971}"
4685472,Tetairoa McMillan,WR,29,260.1,260.1,17.0,64,74,33,41.3,98.01,"{""42"":1200.294737,""43"":6.28806586,""44"":0.381502544,""45"":0.240002363,""46"":0.156841544,""47"":240.0,""48"":120.0,""49"":60.0,""50"":48.0,""51"":24.0,""53"":83.39083244,""56"":3.910752316,""57"":0.120951103,""58"":141.0312293,""60"":14.39360541,""61"":70.60557277,""62"":0.381502544,""63"":0.006328043,""67"":1.438191622,""68"":1.438191622,""71"":0.805387308,""72"":0.805387308,""73"":0.805387308,""210"":17.0,""212"":53.52851981}"
4427366,Breece Hall,RB,20,300.16,300.16,17.0,57,30,30,38.43,97.98,"{""23"":264.9997664,""24"":1163.0921,""25"":7.55145498,""26"":0.853421472,""27"":232.0,""28"":116.0,""29"":58.0,""30"":46.0,""31"":23.0,""33"":52.0,""34"":26.0,""35"":0.556240322,""36"":0.389368225,""37"":3.502680285,""38"":0.11953304,""39"":4.389030661,""40"":68.41718235,""42"":435.9021686,""43"":2.679699732,""44"":0.327004281,""45"":0.097439263,""46"":0.063676559,""47"":87.0,""48"":43.0,""49"":21.0,""50"":17.0,""51"":8.0,""53"":52.13625077,""56"":0.272394329,""57"":0.008424567,""58"":63.70781471,""60"":8.360826913,""61"":25.64130403,""62"":1.180425753,""63"":0.012841176,""66"":2.438664524,""67"":0.479784669,""68"":2.918449193,""70"":1.121785681,""71"":0.268679415,""72"":1.390465096,""73"":1.390465096,""210"":17.0,""211"":63.07337128,""212"":23.85010376}"
4696981,Cam Skattebo,RB,19,264.92,264.92,17.0,72,72,71,42.95,97.94,"{""23"":249.3214456,""24"":1046.991346,""25"":7.274691125,""26"":0.305571071,""27"":209.0,""28"":104.0,""29"":52.0,""30"":41.0,""31"":20.0,""33"":49.0,""34"":24.0,""35"":0.519433286,""36"":0.3636033,""37"":2.841109159,""38"":0.097,""39"":4.19936337,""40"":61.58772624,""42"":364.844568,""43"":1.622713507,""44"":0.086833357,""45"":0.057212246,""46"":0.037388203,""47"":72.0,""48"":36.0,""49"":18.0,""50"":14.0,""51"":7.0,""53"":49.22396015,""56"":0.181973251,""57"":0.005628039,""58"":60.75014305,""60"":7.411930428,""61"":21.46144518,""62"":0.392404427,""63"":0.010874218,""66"":2.063928206,""67"":0.407484882,""68"":2.471413088,""70"":0.949406975,""71"":0.228191534,""72"":1.177598509,""73"":1.177598509,""210"":17.0,""211"":57.99435622,""212"":20.79458861}"
4429615,Zay Flowers,WR,33,258.29,258.29,17.0,65,34,34,42.49,97.8,"{""23"":9.754035471,""24"":57.33903411,""25"":0.448782315,""26"":0.011620878,""27"":11.0,""28"":5.0,""29"":2.0,""30"":2.0,""31"":1.0,""33"":1.0,""35"":0.017983013,""36"":0.012588109,""37"":0.008074715,""38"":0.000275559,""39"":5.878493499,""40"":3.37288436,""42"":1170.927001,""43"":5.505530922,""44"":0.181425469,""45"":0.44471783,""46"":0.290623102,""47"":234.0,""48"":117.0,""49"":58.0,""50"":46.0,""51"":23.0,""53"":81.75387693,""56"":3.694775117,""57"":0.114271395,""58"":116.5902127,""60"":14.32258683,""61"":68.87805891,""62"":0.193046347,""63"":0.007942362,""66"":0.192407806,""67"":1.61267448,""68"":1.805082286,""70"":0.088507591,""71"":0.903097709,""72"":0.9916053,""73"":0.9916053,""210"":17.0,""211"":4.935217388,""212"":52.02556597}"
16800,Davante Adams,WR,14,247.38,247.38,17.0,68,33,75,47.55,97.76,"{""42"":1016.197028,""43"":10.63925528,""44"":0.144974372,""45"":0.20993971,""46"":0.137195601,""47"":203.0,""48"":101.0,""49"":50.0,""50"":40.0,""51"":20.0,""53"":67.55676348,""56"":2.617462377,""57"":0.080952445,""58"":123.6765001,""60"":15.04212126,""61"":59.77629578,""62"":0.144974372,""63"":0.00288879,""67"":0.656543225,""68"":0.656543225,""71"":0.367664206,""72"":0.367664206,""73"":0.367664206,""210"":17.0,""212"":46.62198979}"
4361579,Javonte Williams,RB,6,284.79,284.79,17.0,60,31,31,38.89,97.62,"{""23"":287.4806441,""24"":1256.339579,""25"":11.08601087,""26"":0.417751817,""27"":251.0,""28"":125.0,""29"":62.0,""30"":50.0,""31"":25.0,""33"":57.0,""34"":28.0,""35"":0.60990498,""36"":0.426933486,""37"":4.093498925,""38"":0.14,""39"":4.370171016,""40"":73.90232816,""42"":218.3780327,""43"":1.511047907,""44"":0.054061555,""45"":0.038446726,""46"":0.025124935,""47"":43.0,""48"":21.0,""49"":10.0,""50"":8.0,""51"":4.0,""53"":37.06220231,""56"":0.081786593,""57"":0.002529482,""58"":50.87432852,""60"":5.892203353,""61"":12.84576663,""62"":0.471813372,""63"":0.011332604,""66"":2.281463864,""67"":0.29412789,""68"":2.575591754,""70"":1.049473377,""71"":0.164711618,""72"":1.214184996,""73"":1.214184996,""210"":17.0,""211"":70.22270513,""212"":13.93788856}"
4430737,Kyren Williams,RB,14,254.07,254.07,17.0,61,69,69,42.51,97.45,"{""23"":236.5450782,""24"":1071.263144,""25"":10.17751338,""26"":0.152632024,""27"":214.0,""28"":107.0,""29"":53.0,""30"":42.0,""31"":21.0,""33"":47.0,""34"":23.0,""35"":0.489737837,""36"":0.342816486,""37"":2.97,""38"":0.101,""39"":4.528790672,""40"":63.01547905,""42"":223.8157732,""43"":1.644339552,""44"":0.022408654,""45"":0.035157755,""46"":0.022975593,""47"":44.0,""48"":22.0,""49"":11.0,""50"":8.0,""51"":4.0,""53"":33.4210835,""56"":0.083979992,""57"":0.002597319,""58"":44.97327277,""60"":6.696843722,""61"":13.16563372,""62"":0.175040678,""63"":0.010170202,""66"":2.025263278,""67"":0.286146275,""68"":2.311409553,""70"":0.931621108,""71"":0.160241914,""72"":1.091863022,""73"":1.091863022,""102"":0.014871208,""115"":14.87120808,""118"":1.0,""210"":17.0,""211"":60.20175543,""212"":13.3124141}"
-16026,Seahawks D/ST,DST,26,159.74,159.74,17.0,239,239,239,107.21,97.39,"{""89"":0.273150466,""90"":1.233857243,""91"":4.118530383,""92"":3.471819001,""93"":0.124584026,""94"":1.592168353,""95"":12.80154269,""96"":7.245011227,""97"":1.864890231,""98"":0.258325949,""99"":42.38946507,""100"":84.77893014,""101"":0.477137987,""102"":0.482336445,""103"":1.070604818,""104"":0.521563535,""105"":2.676226811,""106"":11.14617112,""109"":1068.15334,""110"":356.0,""111"":213.0,""112"":47.14658771,""113"":93.72296399,""114"":1546.529694,""115"":396.4638566,""116"":154.0,""117"":61.0,""118"":39.0,""119"":15.0,""120"":330.8496055,""121"":2.467714486,""122"":3.088897788,""123"":1.778456302,""124"":0.519070978,""125"":0.048503354,""126"":19.4617415,""127"":5508.797395,""129"":0.681021532,""130"":5.448172258,""131"":4.256384577,""132"":3.660490736,""133"":1.957936905,""134"":0.681021532,""135"":0.255383075,""136"":0.059589384,""137"":324.0469056,""210"":17.0}"
2473037,Jason Myers,K,26,184.63,184.63,17.0,253,253,253,116.05,97.34,"{""74"":6.43815471,""75"":9.0139644,""76"":2.57580969,""77"":8.501376867,""78"":10.3016736,""79"":1.800296733,""80"":18.15437917,""81"":18.558162,""82"":0.403782829,""83"":33.09391075,""84"":37.8738,""85"":4.779889252,""86"":42.61715871,""87"":43.48689665,""88"":0.869737933,""198"":6.43815471,""199"":9.0139644,""200"":2.57580969,""210"":17.0,""214"":1274.853688,""215"":232.2205611,""216"":1507.07425}"
4040715,Jalen Hurts,QB,21,402.15,402.15,17.0,15,90,90,53.56,97.18,"{""0"":498.8653044,""1"":327.5565634,""2"":171.308741,""3"":3780.284333,""4"":23.57421905,""5"":756.0,""6"":378.0,""7"":189.0,""8"":151.0,""9"":75.0,""10"":37.0,""11"":65.0,""12"":32.0,""15"":2.884972636,""16"":1.885329618,""17"":2.486284963,""18"":0.335831908,""19"":1.055488931,""20"":9.166591731,""21"":0.656603216,""22"":222.3696667,""23"":106.3083185,""24"":438.2060404,""25"":9.16747667,""26"":0.274631917,""27"":87.0,""28"":43.0,""29"":21.0,""30"":17.0,""31"":8.0,""33"":21.0,""34"":10.0,""35"":0.206237365,""36"":0.144366156,""37"":0.493244129,""38"":0.0168,""39"":4.122029645,""40"":25.7768259,""62"":1.330120849,""63"":0.037578782,""64"":38.63008836,""65"":7.130357225,""66"":1.410274948,""68"":8.540632173,""69"":3.422571468,""70"":0.648726476,""72"":4.071297944,""73"":13.23788967,""210"":17.0,""211"":30.16109694}"
4567750,Emeka Egbuka,WR,27,247.11,247.11,17.0,67,35,74,44.64,97.15,"{""23"":2.182715759,""24"":11.90361555,""25"":0.102181031,""26"":0.009338595,""27"":2.0,""28"":1.0,""35"":0.004007658,""36"":0.00280536,""37"":0.000279,""38"":9.52e-06,""39"":5.453580246,""40"":0.700212679,""42"":1128.363345,""43"":7.494041915,""44"":0.65006001,""45"":0.275527552,""46"":0.180057255,""47"":225.0,""48"":112.0,""49"":56.0,""50"":45.0,""51"":22.0,""53"":69.67185822,""56"":3.385785905,""57"":0.104715028,""58"":127.9886081,""60"":16.19539615,""61"":66.37431439,""62"":0.659398606,""63"":0.00460953,""66"":0.031823413,""67"":1.015797088,""68"":1.047620501,""70"":0.01463877,""71"":0.568846369,""72"":0.583485139,""73"":0.583485139,""210"":17.0,""211"":2.682702228,""212"":48.91106993}"
3915511,Joe Burrow,QB,4,407.45,407.45,17.0,21,108,108,60.02,96.11,"{""0"":569.1560876,""1"":385.30004,""2"":183.8560477,""3"":4122.159686,""4"":33.00845507,""5"":824.0,""6"":412.0,""7"":206.0,""8"":164.0,""9"":82.0,""10"":41.0,""11"":77.0,""12"":38.0,""15"":3.383303012,""16"":2.210988518,""17"":3.395484611,""18"":0.458640941,""19"":1.541819449,""20"":10.8633926,""21"":0.676967265,""22"":242.4799815,""23"":51.76519804,""24"":189.1911563,""25"":2.077744279,""26"":0.141074473,""27"":37.0,""28"":18.0,""29"":9.0,""30"":7.0,""31"":3.0,""33"":10.0,""34"":5.0,""35"":0.097606606,""36"":0.068324624,""37"":0.091193253,""38"":0.00311,""39"":3.654794407,""40"":11.12889155,""62"":1.682893923,""63"":0.026116856,""64"":40.63460725,""65"":5.471198449,""66"":0.464450628,""68"":5.935649077,""69"":2.626175256,""70"":0.213647289,""72"":2.839822545,""73"":13.70321515,""210"":17.0,""211"":13.15395274}"
4239996,Travis Etienne Jr.,RB,18,265.54,265.54,17.0,71,70,70,50.21,95.79,"{""23"":257.8940933,""24"":1119.98197,""25"":6.09182818,""26"":0.307925173,""27"":223.0,""28"":111.0,""29"":55.0,""30"":44.0,""31"":22.0,""33"":51.0,""34"":25.0,""35"":0.539454351,""36"":0.377618046,""37"":3.24,""38"":0.111,""39"":4.342798068,""40"":65.88129236,""42"":376.4936856,""43"":2.058524248,""44"":0.10768429,""45"":0.06576282,""46"":0.042976003,""47"":75.0,""48"":37.0,""49"":18.0,""50"":15.0,""51"":7.0,""53"":44.61598746,""56"":0.194219982,""57"":0.006006804,""58"":60.21512487,""60"":8.438537552,""61"":22.14668739,""62"":0.415609464,""63"":0.009059577,""66"":1.75532189,""67"":0.303672792,""68"":2.058994682,""70"":0.807448069,""71"":0.170056764,""72"":0.977504833,""73"":0.977504833,""210"":17.0,""211"":60.09789721,""212"":20.24372647}"
4239993,Tee Higgins,WR,4,232.61,232.61,17.0,82,77,78,58.12,95.55,"{""42"":955.2190636,""43"":8.331250784,""44"":0.389814718,""45"":0.223213151,""46"":0.145869794,""47"":191.0,""48"":95.0,""49"":47.0,""50"":38.0,""51"":19.0,""53"":73.09293824,""56"":2.233456023,""57"":0.069075959,""58"":114.3939876,""60"":13.06855473,""61"":56.18935668,""62"":0.389814718,""63"":0.003477252,""67"":0.790284489,""68"":0.790284489,""71"":0.442559314,""72"":0.442559314,""73"":0.442559314,""210"":17.0,""212"":45.25855444}"
4612826,Ladd McConkey,WR,24,235.42,235.42,17.0,69,79,76,52.78,95.33,"{""42"":1033.937654,""43"":6.269147957,""44"":0.155193334,""45"":0.237059009,""46"":0.154918062,""47"":206.0,""48"":103.0,""49"":51.0,""50"":41.0,""51"":20.0,""53"":79.60450257,""56"":2.734040876,""57"":0.084557965,""58"":122.1223908,""60"":12.98843182,""61"":60.81986203,""62"":0.155193334,""63"":0.004505158,""67"":1.023899628,""68"":1.023899628,""71"":0.573383792,""72"":0.573383792,""73"":0.573383792,""102"":0.069970794,""115"":69.97079378,""118"":6.0,""119"":2.0,""210"":17.0,""212"":48.07027867}"
4360248,Kyle Pitts Sr.,TE,1,196.75,196.75,17.0,93,105,105,65.94,94.9,"{""42"":856.8793129,""43"":3.190114971,""44"":0.18718053,""45"":0.13871335,""46"":0.090649174,""47"":171.0,""48"":85.0,""49"":42.0,""50"":34.0,""51"":17.0,""53"":80.35722465,""56"":1.675141643,""57"":0.051808504,""58"":114.972012,""60"":10.66337615,""61"":50.40466546,""62"":0.18718053,""63"":0.002161889,""67"":0.491338473,""68"":0.491338473,""71"":0.275149545,""72"":0.275149545,""73"":0.275149545,""210"":17.0,""212"":42.10020961}"
4596448,Bucky Irving,RB,27,228.48,228.48,17.0,74,73,73,56.14,94.65,"{""23"":244.464165,""24"":993.5996338,""25"":5.340906521,""26"":0.488119614,""27"":198.0,""28"":99.0,""29"":49.0,""30"":39.0,""31"":19.0,""33"":48.0,""34"":24.0,""35"":0.508080577,""36"":0.355656404,""37"":2.550503012,""38"":0.087,""39"":4.064397879,""40"":58.44703728,""42"":294.4626444,""43"":1.744877317,""44"":0.151395611,""45"":0.077275051,""46"":0.050499246,""47"":58.0,""48"":29.0,""49"":14.0,""50"":11.0,""51"":5.0,""53"":36.8322227,""56"":0.121720002,""57"":0.003764536,""58"":45.32929871,""60"":7.994701997,""61"":17.32133202,""62"":0.639515225,""63"":0.008854733,""66"":1.74893565,""67"":0.263503599,""68"":2.012439249,""70"":0.804510399,""71"":0.147562016,""72"":0.952072415,""73"":0.952072415,""210"":17.0,""211"":54.45483273,""212"":16.0792003}"
4372016,Jaylen Waddle,WR,7,228.36,228.36,17.0,84,83,79,60.63,94.46,"{""23"":2.045462337,""24"":12.13924509,""25"":0.081358904,""26"":0.004980396,""27"":2.0,""28"":1.0,""35"":0.003755371,""36"":0.002628759,""37"":0.000293,""38"":9.99e-06,""39"":5.93471944,""40"":0.714073241,""42"":991.1847903,""43"":6.003347748,""44"":0.364142867,""45"":0.224159671,""46"":0.146488345,""47"":198.0,""48"":99.0,""49"":49.0,""50"":39.0,""51"":19.0,""53"":76.6534643,""56"":2.456051453,""57"":0.075960354,""58"":118.6461172,""60"":12.930724,""61"":58.30498766,""62"":0.369123263,""63"":0.005241009,""66"":0.030958855,""67"":1.160179495,""68"":1.19113835,""70"":0.014241073,""71"":0.649700517,""72"":0.663941591,""73"":0.663941591,""210"":17.0,""211"":2.666796818,""212"":46.10999357}"
4685702,Quinshon Judkins,RB,5,252.05,252.05,17.0,73,71,72,54.86,94.45,"{""23"":316.2872621,""24"":1240.425219,""25"":7.222472754,""26"":0.437961762,""27"":248.0,""28"":124.0,""29"":62.0,""30"":49.0,""31"":24.0,""33"":63.0,""34"":31.0,""35"":0.679998206,""36"":0.475998744,""37"":3.976054704,""38"":0.135687492,""39"":3.921831095,""40"":72.96618938,""42"":220.7533821,""43"":0.727439307,""44"":0.051771445,""45"":0.038164984,""46"":0.024940817,""47"":44.0,""48"":22.0,""49"":11.0,""50"":8.0,""51"":4.0,""53"":31.81342928,""56"":0.08269242,""57"":0.002557498,""58"":41.39236228,""60"":6.938999886,""61"":12.98549307,""62"":0.489733207,""63"":0.006552647,""66"":1.353134348,""67"":0.136103628,""68"":1.489237976,""70"":0.6224418,""71"":0.076218032,""72"":0.698659832,""73"":0.698659832,""210"":17.0,""211"":68.55517093,""212"":12.48659315}"
-16014,Rams D/ST,DST,14,158.22,158.22,17.0,240,240,240,96.92,94.42,"{""89"":0.263763764,""90"":1.191191191,""91"":3.998998999,""92"":3.403403403,""93"":0.123525075,""94"":1.578363557,""95"":12.24671946,""96"":8.4188016,""97"":1.94460122,""98"":0.262702081,""99"":43.70944768,""100"":87.41889536,""101"":0.148502965,""102"":0.240913571,""103"":1.058796159,""104"":0.519567399,""105"":2.091305169,""106"":12.95200246,""109"":1076.87932,""110"":358.0,""111"":215.0,""112"":45.82733306,""113"":72.29170366,""114"":1536.634534,""115"":261.0959247,""116"":153.0,""117"":61.0,""118"":26.0,""119"":10.0,""120"":331.442024,""121"":2.467467467,""122"":3.148148148,""123"":1.871871872,""124"":0.595595596,""125"":0.05955956,""126"":19.49658964,""127"":5467.443739,""129"":0.757978057,""130"":5.961625169,""131"":4.437152447,""132"":3.559941887,""133"":1.677771655,""134"":0.425830369,""135"":0.153298933,""136"":0.026401483,""137"":321.6143376,""210"":17.0}"
4430027,Sam LaPorta,TE,8,199.32,199.32,17.0,97,107,107,66.3,94.25,"{""42"":787.1322224,""43"":5.365958124,""44"":0.118459855,""45"":0.160571434,""46"":0.104933432,""47"":157.0,""48"":78.0,""49"":39.0,""50"":31.0,""51"":15.0,""53"":78.25075339,""56"":1.329963606,""57"":0.041132895,""58"":102.092682,""60"":10.05910088,""61"":46.30189544,""62"":0.118459855,""63"":0.002947305,""67"":0.669842049,""68"":0.669842049,""71"":0.375111547,""72"":0.375111547,""73"":0.375111547,""210"":17.0,""212"":40.58646034}"
3121422,Terry McLaurin,WR,28,235.06,235.06,17.0,70,78,77,62.11,94.13,"{""42"":1054.05905,""43"":6.094180147,""44"":0.475676492,""45"":0.283344626,""46"":0.185165713,""47"":210.0,""48"":105.0,""49"":52.0,""50"":42.0,""51"":21.0,""53"":77.05176748,""56"":2.868431718,""57"":0.088714383,""58"":118.6740583,""60"":13.67988152,""61"":62.00347354,""62"":0.475676492,""63"":0.004864634,""67"":1.105598728,""68"":1.105598728,""71"":0.619135287,""72"":0.619135287,""73"":0.619135287,""210"":17.0,""212"":47.97174828}"
-16023,Steelers D/ST,DST,23,165.94,165.94,17.0,238,238,238,115.64,93.86,"{""89"":0.301321851,""90"":1.361906669,""91"":4.477268175,""92"":3.677148007,""93"":0.123211873,""94"":1.58891428,""95"":11.73889089,""96"":9.515617299,""97"":1.922550512,""98"":0.260858639,""99"":43.72073156,""100"":87.44146312,""101"":0.167610633,""102"":0.307564277,""103"":1.072822241,""104"":0.516092039,""105"":2.187301062,""106"":14.63941123,""109"":1035.875451,""110"":345.0,""111"":207.0,""112"":38.43013131,""113"":78.9580842,""114"":1496.936342,""115"":307.5642766,""116"":149.0,""117"":59.0,""118"":30.0,""119"":12.0,""120"":319.2973729,""121"":2.468455838,""122"":2.911075506,""123"":1.498097336,""124"":0.289405167,""125"":0.01532145,""126"":18.7821984,""127"":5495.052189,""129"":0.732318173,""130"":5.790422761,""131"":4.376878381,""132"":3.593468243,""133"":1.771188139,""134"":0.510919655,""135"":0.187337207,""136"":0.037467441,""137"":323.238364,""210"":17.0}"
4426388,Jameson Williams,WR,8,223.84,223.84,17.0,85,76,80,67.33,93.24,"{""23"":6.963804703,""24"":45.0905283,""25"":0.58878544,""26"":0.011085585,""27"":9.0,""28"":4.0,""29"":2.0,""30"":1.0,""33"":1.0,""35"":0.012819411,""36"":0.008973587,""37"":0.00492,""38"":0.000168,""39"":6.474984613,""40"":2.652384018,""42"":1026.894431,""43"":5.697229595,""44"":0.125770739,""45"":0.447190848,""46"":0.292239219,""47"":205.0,""48"":102.0,""49"":51.0,""50"":41.0,""51"":20.0,""53"":64.15274564,""56"":2.686211457,""57"":0.083078705,""58"":102.092682,""60"":16.00702232,""61"":60.40555479,""62"":0.136856324,""63"":0.003375801,""66"":0.075127689,""67"":0.692099756,""68"":0.767227445,""70"":0.034558737,""71"":0.387575863,""72"":0.4221346,""73"":0.4221346,""210"":17.0,""211"":4.456499835,""212"":44.12022294}"
4689114,Jaxson Dart,QB,19,376.21,376.21,17.0,23,111,111,75.73,93.1,"{""0"":503.7529653,""1"":327.3000886,""2"":176.4528767,""3"":3689.400122,""4"":20.89626778,""5"":737.0,""6"":368.0,""7"":184.0,""8"":147.0,""9"":73.0,""10"":36.0,""11"":65.0,""12"":32.0,""15"":2.759670451,""16"":1.80344464,""17"":2.292182068,""18"":0.309613696,""19"":1.120248559,""20"":10.15416429,""21"":0.649723398,""22"":217.0235366,""23"":100.7796718,""24"":553.1741985,""25"":6.624700997,""26"":0.278376417,""27"":110.0,""28"":55.0,""29"":27.0,""30"":22.0,""31"":11.0,""33"":20.0,""34"":10.0,""35"":0.194955847,""36"":0.136469093,""37"":0.786743483,""38"":0.026848537,""39"":5.488946219,""40"":32.53965874,""62"":1.398624976,""63"":0.034313529,""64"":40.81398366,""65"":6.580682673,""66"":1.21784666,""68"":7.798529333,""69"":3.158727683,""70"":0.560209464,""72"":3.718937146,""73"":13.87310143,""210"":17.0,""211"":31.81150678}"
4871023,Carnell Tate,WR,10,226.69,226.69,17.0,86,85,83,69.6,93.01,"{""42"":1067.97933,""43"":4.638152284,""44"":0.073009759,""45"":0.229951393,""46"":0.150273235,""47"":213.0,""48"":106.0,""49"":53.0,""50"":42.0,""51"":21.0,""53"":77.90596566,""56"":2.963595955,""57"":0.091657607,""58"":126.8189891,""60"":13.70856932,""61"":62.82231355,""62"":0.073009759,""63"":0.006247165,""67"":1.419810219,""68"":1.419810219,""71"":0.795093723,""72"":0.795093723,""73"":0.795093723,""210"":17.0,""212"":47.95492244}"
3138826,Fred Warner,LB,25,334.69,334.69,17.0,94,109,109,77.12,92.88,"{""93"":0.010208823,""94"":0.127610292,""95"":1.696373269,""96"":2.473559167,""97"":0.015313235,""98"":0.015313235,""99"":1.265152559,""100"":2.530305117,""103"":0.086774999,""104"":0.040835293,""105"":0.137819115,""106"":3.805475642,""107"":65.77684216,""108"":82.94060846,""109"":148.7174506,""110"":49.0,""111"":29.0,""112"":5.434082281,""113"":8.942712868,""210"":17.0}"
4043130,Jordyn Brooks,LB,15,385.69,385.69,17.0,76,92,92,68.97,92.44,"{""93"":0.009945283,""94"":0.124316033,""95"":0.63122429,""96"":0.685957909,""97"":0.014917924,""98"":0.014917924,""99"":2.951701528,""100"":5.903403055,""103"":0.084534902,""104"":0.03978113,""105"":0.134261315,""106"":1.05531986,""107"":79.58623549,""108"":100.3534159,""109"":179.9396514,""110"":59.0,""111"":35.0,""112"":9.363868657,""113"":3.653169696,""210"":17.0}"
12483,Matthew Stafford,QB,14,398.22,398.22,17.0,45,123,123,78.9,92.41,"{""0"":557.7811995,""1"":356.0802865,""2"":201.700913,""3"":4281.852543,""4"":34.9259983,""5"":856.0,""6"":428.0,""7"":214.0,""8"":171.0,""9"":85.0,""10"":42.0,""11"":71.0,""12"":35.0,""15"":3.629332496,""16"":2.371768786,""17"":3.916014039,""18"":0.528950818,""19"":0.472474727,""20"":9.686578104,""21"":0.638387036,""22"":251.873679,""23"":27.04287248,""24"":39.41610667,""25"":0.587102781,""26"":0.008805463,""27"":7.0,""28"":3.0,""29"":1.0,""30"":1.0,""33"":5.0,""34"":2.0,""35"":0.050324057,""36"":0.03522684,""37"":0.003777806,""38"":0.000129,""39"":1.457541417,""40"":2.31859451,""62"":0.48128019,""63"":0.032136539,""64"":32.30318058,""65"":6.98370388,""66"":0.320054927,""68"":7.303758807,""69"":3.352177862,""70"":0.147225267,""72"":3.499403129,""73"":13.18598123,""210"":17.0,""211"":5.483514167}"
5083076,Harold Fannin Jr.,TE,5,198.92,198.92,17.0,96,106,106,76.8,91.95,"{""23"":8.500844794,""24"":21.14157956,""25"":0.320539438,""26"":0.019437907,""27"":4.0,""28"":2.0,""29"":1.0,""33"":1.0,""35"":0.015661944,""36"":0.010963361,""37"":0.001003413,""38"":3.42e-05,""39"":2.486997477,""40"":1.243622327,""42"":817.269217,""43"":3.190202017,""44"":0.226807348,""45"":0.097995826,""46"":0.064040272,""47"":163.0,""48"":81.0,""49"":40.0,""50"":32.0,""51"":16.0,""53"":82.97423144,""56"":1.477362295,""57"":0.045691617,""58"":119.0030416,""60"":9.849675048,""61"":48.07465983,""62"":0.246245254,""63"":0.00495656,""66"":0.104685613,""67"":1.021805303,""68"":1.126490916,""70"":0.048155382,""71"":0.57221097,""72"":0.620366352,""73"":0.620366352,""210"":17.0,""211"":3.541258122,""212"":41.60445626}"
2971573,Ka'imi Fairbairn,K,34,187.55,187.55,17.0,257,257,257,133.68,91.72,"{""74"":7.040364962,""75"":9.613296,""76"":2.572931038,""77"":9.265646649,""78"":10.986624,""79"":1.720977351,""80"":19.5941592,""81"":19.79208,""82"":0.1979208,""83"":35.90017081,""84"":40.392,""85"":4.491829189,""86"":31.12104125,""87"":31.75616454,""88"":0.635123291,""198"":7.040364962,""199"":9.613296,""200"":2.572931038,""210"":17.0,""214"":1384.958583,""215"":222.3198809,""216"":1607.278464}"
4574716,Harrison Mevis,K,14,182.39,182.39,17.0,254,254,254,131.11,91.65,"{""74"":5.820004218,""75"":8.198543617,""76"":2.378539399,""77"":7.691477211,""78"":9.369764134,""79"":1.678286923,""80"":16.43851122,""81"":16.87935451,""82"":0.440843291,""83"":29.94999265,""84"":34.44766226,""85"":4.497669613,""86"":54.84580335,""87"":56.1436944,""88"":1.297891043,""198"":5.820004218,""199"":8.198543617,""200"":2.378539399,""210"":17.0,""214"":1153.552039,""215"":217.1893378,""216"":1370.741377}"
3915416,DJ Moore,WR,2,223.8,223.8,17.0,99,84,86,71.18,91.54,"{""23"":6.920639204,""24"":35.91729365,""25"":0.38704031,""26"":0.018440243,""27"":7.0,""28"":3.0,""29"":1.0,""30"":1.0,""33"":1.0,""35"":0.012739711,""36"":0.008917798,""37"":0.00308,""38"":0.000105,""39"":5.189880963,""40"":2.11278198,""42"":945.6845252,""43"":7.015056235,""44"":0.563987758,""45"":0.275785758,""46"":0.180225993,""47"":189.0,""48"":94.0,""49"":47.0,""50"":37.0,""51"":18.0,""53"":67.15431647,""56"":2.17446639,""57"":0.067251538,""58"":107.3922214,""60"":14.08225971,""61"":55.62850148,""62"":0.582428001,""63"":0.004634424,""66"":0.098405164,""67"":0.954872999,""68"":1.053278163,""70"":0.045266375,""71"":0.534728879,""72"":0.579995255,""73"":0.579995255,""210"":17.0,""211"":3.993738828,""212"":43.10380906}"
4431299,Rome Odunze,WR,3,227.5,227.5,17.0,87,80,84,72.3,91.42,"{""42"":1029.468338,""43"":8.434792332,""44"":0.560374351,""45"":0.262690364,""46"":0.171668153,""47"":205.0,""48"":102.0,""49"":51.0,""50"":41.0,""51"":20.0,""53"":59.33553485,""56"":2.703680847,""57"":0.083618995,""58"":118.2402608,""60"":17.3499462,""61"":60.55696104,""62"":0.560374351,""63"":0.004822485,""67"":1.096019421,""68"":1.096019421,""71"":0.613770876,""72"":0.613770876,""73"":0.613770876,""210"":17.0,""212"":44.21263208}"
4432710,TreVeyon Henderson,RB,17,225.43,225.43,17.0,91,93,91,71.56,91.39,"{""23"":194.2717987,""24"":853.8123035,""25"":6.814798795,""26"":0.242363679,""27"":170.0,""28"":85.0,""29"":42.0,""30"":34.0,""31"":17.0,""33"":38.0,""34"":19.0,""35"":0.39405313,""36"":0.275837191,""37"":1.89,""38"":0.0644,""39"":4.394936934,""40"":50.22425315,""42"":299.6428443,""43"":1.589606832,""44"":0.061002087,""45"":0.049134266,""46"":0.032109243,""47"":59.0,""48"":29.0,""49"":14.0,""50"":11.0,""51"":5.0,""53"":43.14451802,""56"":0.125468816,""57"":0.003880479,""58"":51.87817862,""60"":6.945096575,""61"":17.62604967,""62"":0.303365766,""63"":0.006558388,""66"":1.219673634,""67"":0.27086912,""68"":1.490542754,""70"":0.561049872,""71"":0.151686707,""72"":0.712736579,""73"":0.712736579,""101"":0.017817795,""114"":159.1313451,""116"":15.0,""117"":6.0,""210"":17.0,""211"":47.7843118,""212"":17.59733763}"
4259545,D'Andre Swift,RB,3,231.58,231.58,17.0,90,94,94,72.64,90.67,"{""23"":219.4235397,""24"":995.4087343,""25"":8.164078857,""26"":0.482138076,""27"":199.0,""28"":99.0,""29"":49.0,""30"":39.0,""31"":19.0,""33"":43.0,""34"":21.0,""35"":0.450517363,""36"":0.315362154,""37"":2.56,""38"":0.0873,""39"":4.536471956,""40"":58.55345496,""42"":269.5504816,""43"":1.128785363,""44"":0.074997961,""45"":0.080453908,""46"":0.052576629,""47"":53.0,""48"":26.0,""49"":13.0,""50"":10.0,""51"":5.0,""53"":30.43569453,""56"":0.106269461,""57"":0.003286684,""58"":41.12704724,""60"":8.856393314,""61"":15.85591068,""62"":0.557136037,""63"":0.008898124,""66"":1.77596169,""67"":0.246339238,""68"":2.022300927,""70"":0.816942377,""71"":0.137949973,""72"":0.95489235,""73"":0.95489235,""210"":17.0,""211"":55.09929984,""212"":13.68231125}"
4035538,David Montgomery,RB,34,210.54,210.54,17.0,92,95,95,75.88,90.39,"{""23"":214.409723,""24"":929.9326754,""25"":6.980874541,""26"":0.50518765,""27"":185.0,""28"":92.0,""29"":46.0,""30"":37.0,""31"":18.0,""33"":42.0,""34"":21.0,""35"":0.439135089,""36"":0.307394563,""37"":2.231345777,""38"":0.076147271,""39"":4.337175862,""40"":54.70192208,""42"":230.7001154,""43"":0.609921397,""44"":0.040108538,""45"":0.055850143,""46"":0.036498068,""47"":46.0,""48"":23.0,""49"":11.0,""50"":9.0,""51"":4.0,""53"":31.45709582,""56"":0.086851883,""57"":0.002686141,""58"":38.40149648,""60"":7.333802101,""61"":13.57059503,""62"":0.545296189,""63"":0.009405399,""66"":1.86409958,""67"":0.273491138,""68"":2.137590718,""70"":0.857485807,""71"":0.153155037,""72"":1.010640844,""73"":1.010640844,""210"":17.0,""211"":51.70179343,""212"":12.63161}"
3122132,Myles Garrett,DE,14,160.5,160.5,17.0,121,133,133,81.84,90.38,"{""93"":0.014871668,""94"":0.111462404,""95"":0.037600581,""96"":1.685596219,""97"":0.26273281,""98"":0.047769602,""99"":12.6018992,""100"":25.20379839,""103"":0.047769602,""104"":0.063692802,""105"":0.126334072,""106"":2.593224953,""107"":25.62291068,""108"":34.90793921,""109"":60.53084989,""110"":20.0,""111"":12.0,""112"":11.61044076,""113"":0.454086024,""210"":17.0}"
4685278,Luther Burden III,WR,3,219.35,219.35,17.0,88,86,85,77.37,90.07,"{""23"":9.142647488,""24"":49.55586451,""25"":0.397453916,""26"":0.02347205,""27"":9.0,""28"":4.0,""29"":2.0,""30"":1.0,""33"":1.0,""35"":0.016850283,""36"":0.011795198,""37"":0.00599,""38"":0.000204,""39"":5.420296974,""40"":2.915050854,""42"":937.6108807,""43"":5.078050622,""44"":0.337289333,""45"":0.216631435,""46"":0.141568643,""47"":187.0,""48"":93.0,""49"":46.0,""50"":37.0,""51"":18.0,""53"":75.06313536,""56"":2.12694343,""57"":0.065781756,""58"":113.0993799,""60"":12.49096346,""61"":55.15358122,""62"":0.360761383,""63"":0.00540187,""66"":0.133297359,""67"":1.094400469,""68"":1.227697828,""70"":0.061316785,""71"":0.612864263,""72"":0.674181048,""73"":0.674181048,""210"":17.0,""211"":4.597006991,""212"":43.89177843}"
3728281,Blake Cashman,LB,16,390.27,390.27,17.0,83,98,98,77.01,90.04,"{""93"":0.010229271,""94"":0.127865887,""95"":0.606899394,""96"":0.823225313,""97"":0.015343906,""98"":0.015343906,""99"":3.859979128,""100"":7.719958257,""103"":0.086948803,""104"":0.040917084,""105"":0.138095158,""106"":1.266500482,""107"":80.17233878,""108"":101.0924566,""109"":181.2647953,""110"":60.0,""111"":36.0,""112"":2.273006882,""113"":3.116504849,""210"":17.0}"
4569465,Jack Campbell,LB,8,340.63,340.63,17.0,109,122,122,92.01,90.04,"{""93"":0.010193772,""94"":0.127422145,""95"":0.657533671,""96"":1.536498065,""97"":0.015290657,""98"":0.015290657,""99"":2.879756394,""100"":5.759512787,""103"":0.086647058,""104"":0.040775086,""105"":0.137615916,""106"":2.363843178,""107"":68.94585896,""108"":86.93654644,""109"":155.8824054,""110"":51.0,""111"":31.0,""112"":5.691542742,""113"":4.279637543,""210"":17.0}"
4685512,Jadarian Price,RB,26,212.79,212.79,17.0,98,96,96,81.15,89.35,"{""23"":222.5959264,""24"":922.530075,""25"":7.901395949,""26"":0.225568661,""27"":184.0,""28"":92.0,""29"":46.0,""30"":36.0,""31"":18.0,""33"":44.0,""34"":22.0,""35"":0.459384982,""36"":0.321569488,""37"":2.278175113,""38"":0.077745376,""39"":4.144415802,""40"":54.266475,""42"":212.3921209,""43"":1.25297026,""44"":0.045566977,""45"":0.057526123,""46"":0.037593322,""47"":42.0,""48"":21.0,""49"":10.0,""50"":8.0,""51"":4.0,""53"":27.0657804,""56"":0.079287128,""57"":0.002452179,""58"":35.28096543,""60"":7.84725649,""61"":12.49365417,""62"":0.271135638,""63"":0.009399263,""66"":1.904611598,""67"":0.231584648,""68"":2.136196246,""70"":0.876121335,""71"":0.129687403,""72"":1.005808738,""73"":1.005808738,""210"":17.0,""211"":52.63543061,""212"":11.38877443}"
4047650,DK Metcalf,WR,23,208.69,208.69,17.0,111,103,103,88.06,89.28,"{""42"":941.3074292,""43"":6.159585538,""44"":0.188539453,""45"":0.217971769,""46"":0.142444551,""47"":188.0,""48"":94.0,""49"":47.0,""50"":37.0,""51"":18.0,""53"":64.7000984,""56"":2.149316773,""57"":0.066473715,""58"":113.3472446,""60"":14.54877894,""61"":55.37102525,""62"":0.188539453,""63"":0.003745102,""67"":0.851159543,""68"":0.851159543,""71"":0.476649344,""72"":0.476649344,""73"":0.476649344,""210"":17.0,""212"":42.07389339}"
2577417,Dak Prescott,QB,6,381.19,381.19,17.0,34,119,119,87.92,88.98,"{""0"":555.9459611,""1"":372.0036244,""2"":183.9423367,""3"":4120.078418,""4"":29.7597752,""5"":824.0,""6"":412.0,""7"":206.0,""8"":164.0,""9"":82.0,""10"":41.0,""11"":74.0,""12"":37.0,""15"":3.379675374,""16"":2.208617857,""17"":3.385557997,""18"":0.457300115,""19"":1.057733357,""20"":11.9406863,""21"":0.669136302,""22"":242.357554,""23"":51.1894685,""24"":185.9326682,""25"":2.151568562,""26"":0.081096582,""27"":37.0,""28"":18.0,""29"":9.0,""30"":7.0,""31"":3.0,""33"":10.0,""34"":5.0,""35"":0.096491546,""36"":0.067544082,""37"":0.0881,""38"":0.00301,""39"":3.632244555,""40"":10.93721578,""62"":1.13882994,""63"":0.032999913,""64"":35.10239274,""65"":6.902195449,""66"":0.597784791,""68"":7.49998024,""69"":3.313053815,""70"":0.274981004,""72"":3.588034819,""73"":15.52872112,""210"":17.0,""211"":13.06398758}"
3916655,Maxx Crosby,DE,13,199.59,199.59,17.0,95,110,110,75.65,88.83,"{""93"":0.01776631,""94"":0.133157599,""95"":0.163579398,""96"":1.396644747,""97"":0.313871484,""98"":0.057067543,""99"":10.88578042,""100"":21.77156085,""103"":0.057067543,""104"":0.076090057,""105"":0.15092391,""106"":2.148684226,""107"":34.19228303,""108"":46.58261321,""109"":80.77489624,""110"":26.0,""111"":16.0,""112"":17.02512458,""113"":1.601362639,""210"":17.0}"
4431611,Caleb Williams,QB,3,362.38,362.38,17.0,50,124,124,92.55,88.68,"{""0"":528.3007267,""1"":316.6186408,""2"":211.6820859,""3"":3822.852191,""4"":25.31514719,""5"":764.0,""6"":382.0,""7"":191.0,""8"":152.0,""9"":76.0,""10"":38.0,""11"":63.0,""12"":31.0,""15"":2.944179655,""16"":1.924021405,""17"":2.580539548,""18"":0.348563231,""19"":1.680343828,""20"":9.918170962,""21"":0.599315172,""22"":224.8736583,""23"":71.10777616,""24"":382.0185229,""25"":2.285819087,""26"":0.135009656,""27"":76.0,""28"":38.0,""29"":19.0,""30"":15.0,""31"":7.0,""33"":14.0,""34"":7.0,""35"":0.135450027,""36"":0.094815019,""37"":0.374009613,""38"":0.0128,""39"":5.372387432,""40"":22.47167782,""62"":1.815353484,""63"":0.03696218,""64"":32.04403829,""65"":7.454516832,""66"":0.945978525,""68"":8.400495357,""69"":3.578168079,""70"":0.435150121,""72"":4.013318201,""73"":13.93148916,""210"":17.0,""211"":20.99507395}"
3040151,George Kittle,TE,25,188.34,188.34,15.0,129,141,141,98.11,88.57,"{""42"":761.6895246,""43"":5.203235899,""44"":0.266704944,""45"":0.223522633,""46"":0.146072041,""47"":152.0,""48"":76.0,""49"":38.0,""50"":30.0,""51"":15.0,""53"":69.72286748,""56"":1.507986529,""57"":0.046638759,""58"":88.4747039,""60"":10.92452953,""61"":50.77930164,""62"":0.266704944,""63"":0.002636401,""67"":0.599182075,""68"":0.599182075,""71"":0.335541962,""72"":0.335541962,""73"":0.335541962,""210"":15.0,""212"":38.00978448}"
3128429,Courtland Sutton,WR,7,216.9,216.9,17.0,106,99,99,85.9,88.53,"{""42"":892.6994826,""43"":7.583284152,""44"":0.460063813,""45"":0.146100884,""46"":0.095476928,""47"":178.0,""48"":89.0,""49"":44.0,""50"":35.0,""51"":17.0,""53"":69.26700155,""56"":1.869187605,""57"":0.057809926,""58"":118.6461172,""60"":12.88780318,""61"":52.51173427,""62"":0.460063813,""63"":0.003813271,""67"":0.866652552,""68"":0.866652552,""71"":0.485325429,""72"":0.485325429,""73"":0.485325429,""210"":17.0,""212"":42.35659724}"
4882093,Bhayshul Tuten,RB,30,224.13,224.13,17.0,89,91,93,79.86,88.21,"{""23"":236.9763525,""24"":991.4653276,""25"":6.683417279,""26"":0.266842131,""27"":198.0,""28"":99.0,""29"":49.0,""30"":39.0,""31"":19.0,""33"":47.0,""34"":23.0,""35"":0.490749518,""36"":0.343524662,""37"":2.54,""38"":0.0867,""39"":4.183815462,""40"":58.32148986,""42"":249.8751752,""43"":1.423014871,""44"":0.058786389,""45"":0.041815061,""46"":0.027326142,""47"":49.0,""48"":24.0,""49"":12.0,""50"":9.0,""51"":4.0,""53"":33.71652797,""56"":0.095879258,""57"":0.002965338,""58"":45.36445888,""60"":7.411058917,""61"":14.69853972,""62"":0.325628521,""63"":0.013064377,""66"":2.599346669,""67"":0.369829917,""68"":2.969176586,""70"":1.195699468,""71"":0.207104753,""72"":1.402804221,""73"":1.402804221,""101"":0.060539547,""114"":697.43836,""116"":69.0,""117"":27.0,""210"":17.0,""211"":54.92870292,""212"":14.00786863}"
3121023,Dallas Goedert,TE,21,186.41,186.41,17.0,148,143,143,101.67,88.02,"{""42"":725.4743775,""43"":5.650033775,""44"":0.253269862,""45"":0.166565205,""46"":0.108850362,""47"":145.0,""48"":72.0,""49"":36.0,""50"":29.0,""51"":14.0,""53"":70.4651834,""56"":1.063794071,""57"":0.032900848,""58"":93.36192763,""60"":10.29550116,""61"":42.67496338,""62"":0.253269862,""63"":0.003047636,""67"":0.692644453,""68"":0.692644453,""71"":0.387880894,""72"":0.387880894,""73"":0.387880894,""210"":17.0,""212"":37.22775363}"
4035687,Michael Pittman Jr.,WR,23,209.32,209.32,17.0,107,114,100,91.22,87.81,"{""42"":860.0938186,""43"":3.885109489,""44"":0.11882071,""45"":0.08250702,""46"":0.053918338,""47"":172.0,""48"":86.0,""49"":43.0,""50"":34.0,""51"":17.0,""53"":88.35033916,""56"":1.693157403,""57"":0.052365693,""58"":130.3493313,""60"":9.735036977,""61"":50.59375404,""62"":0.11882071,""63"":0.00508701,""67"":1.15613867,""68"":1.15613867,""71"":0.647437655,""72"":0.647437655,""73"":0.647437655,""210"":17.0,""212"":44.29494154}"
15847,Travis Kelce,TE,12,186.91,186.91,17.0,149,151,144,101.87,87.75,"{""42"":769.5504982,""43"":4.481115185,""44"":0.200491976,""45"":0.140925248,""46"":0.09209465,""47"":153.0,""48"":76.0,""49"":38.0,""50"":30.0,""51"":15.0,""53"":73.76020882,""56"":1.251514296,""57"":0.038706628,""58"":103.2739706,""60"":10.43313882,""61"":45.26767636,""62"":0.200491976,""63"":0.004020978,""67"":0.913858674,""68"":0.913858674,""71"":0.511760857,""72"":0.511760857,""73"":0.511760857,""210"":17.0,""212"":38.71625608}"
4432708,Marvin Harrison Jr.,WR,22,207.38,207.38,17.0,110,101,102,92.06,87.64,"{""42"":954.5939202,""43"":5.061696837,""44"":0.278326188,""45"":0.149428873,""46"":0.097651769,""47"":190.0,""48"":95.0,""49"":47.0,""50"":38.0,""51"":19.0,""53"":68.78941789,""56"":2.229402934,""57"":0.068950606,""58"":126.0274669,""60"":13.87704605,""61"":56.15258354,""62"":0.278326188,""63"":0.004742859,""67"":1.077922454,""68"":1.077922454,""71"":0.603636574,""72"":0.603636574,""73"":0.603636574,""210"":17.0,""212"":42.92342965}"
4686361,Cam Little,K,30,171.17,171.17,17.0,262,262,262,136.07,87.53,"{""74"":5.91297311,""75"":8.175838417,""76"":2.262865308,""77"":7.794847056,""78"":9.343815334,""79"":1.548968278,""80"":16.61757681,""81"":16.83260851,""82"":0.215031693,""83"":30.32539698,""84"":34.35226226,""85"":4.026865279,""86"":40.09107537,""87"":40.90926058,""88"":0.818185212,""198"":5.91297311,""199"":8.175838417,""200"":2.262865308,""210"":17.0,""214"":1168.59597,""215"":198.3492499,""216"":1366.94522}"
4426338,Bo Nix,QB,7,382.6,382.6,17.0,36,120,120,91.05,87.06,"{""0"":564.7420885,""1"":363.7827764,""2"":200.9593121,""3"":3873.137068,""4"":26.38627081,""5"":774.0,""6"":387.0,""7"":193.0,""8"":154.0,""9"":77.0,""10"":38.0,""11"":72.0,""12"":36.0,""15"":3.016160085,""16"":1.971060615,""17"":2.704883716,""18"":0.365358867,""19"":1.600693962,""20"":11.12580699,""21"":0.644157366,""22"":227.8315923,""23"":82.26568851,""24"":355.6097686,""25"":3.943943122,""26"":0.241476973,""27"":71.0,""28"":35.0,""29"":17.0,""30"":14.0,""31"":7.0,""33"":16.0,""34"":8.0,""35"":0.15762172,""36"":0.110335204,""37"":0.3244242,""38"":0.0111,""39"":4.322698503,""40"":20.91822168,""62"":1.842170935,""63"":0.02831387,""64"":27.1091883,""65"":5.649680486,""66"":0.785289942,""68"":6.434970428,""69"":2.711846633,""70"":0.361233373,""72"":3.073080007,""73"":14.198887,""210"":17.0,""211"":22.01738716}"
16737,Mike Evans,WR,25,195.13,195.13,17.0,117,102,112,97.42,87.0,"{""42"":904.9385276,""43"":5.894386058,""44"":0.302014996,""45"":0.292563855,""46"":0.191190479,""47"":180.0,""48"":90.0,""49"":45.0,""50"":36.0,""51"":18.0,""53"":57.08439966,""56"":1.943292496,""57"":0.06010183,""58"":101.3110327,""60"":15.85264158,""61"":53.23167809,""62"":0.302014996,""63"":0.00320426,""67"":0.72824089,""68"":0.72824089,""71"":0.407814899,""72"":0.407814899,""73"":0.407814899,""210"":17.0,""212"":39.22666865}"
3916148,Tony Pollard,RB,10,210.32,210.32,17.0,113,97,97,90.64,86.49,"{""23"":247.2567154,""24"":1075.989892,""25"":5.587313022,""26"":0.07500751,""27"":215.0,""28"":107.0,""29"":53.0,""30"":43.0,""31"":21.0,""33"":49.0,""34"":24.0,""35"":0.514535505,""36"":0.360174854,""37"":2.99,""38"":0.102,""39"":4.351711501,""40"":63.29352306,""42"":180.9234632,""43"":0.491147094,""44"":0.00773328,""45"":0.034007981,""46"":0.022224216,""47"":36.0,""48"":18.0,""49"":9.0,""50"":7.0,""51"":3.0,""53"":29.7011009,""56"":0.068059091,""57"":0.00210492,""58"":38.59708364,""60"":6.091473302,""61"":10.64255666,""62"":0.08274079,""63"":0.011764065,""66"":2.386927375,""67"":0.286723743,""68"":2.673651118,""70"":1.097986593,""71"":0.160565296,""72"":1.258551889,""73"":1.258551889,""210"":17.0,""211"":57.590119,""212"":10.81014734}"
4360310,Trevor Lawrence,QB,30,367.12,367.12,17.0,32,118,118,95.88,86.31,"{""0"":560.2875194,""1"":347.0864856,""2"":213.2010338,""3"":3928.235594,""4"":24.76882589,""5"":785.0,""6"":392.0,""7"":196.0,""8"":157.0,""9"":78.0,""10"":39.0,""11"":69.0,""12"":34.0,""15"":3.095992766,""16"":2.023231272,""17"":2.847771649,""18"":0.384659281,""19"":1.026642685,""20"":12.98746999,""21"":0.619479238,""22"":231.072682,""23"":73.45208197,""24"":334.3149669,""25"":4.791031311,""26"":0.191320759,""27"":66.0,""28"":33.0,""29"":16.0,""30"":13.0,""31"":6.0,""33"":14.0,""34"":7.0,""35"":0.140087904,""36"":0.098061533,""37"":0.286,""38"":0.00977,""39"":4.551470263,""40"":19.66558629,""62"":1.217963444,""63"":0.035158574,""64"":37.7926043,""65"":7.116576173,""66"":0.874008876,""68"":7.990585048,""69"":3.415956563,""70"":0.402044083,""72"":3.818000646,""73"":16.80547064,""210"":17.0,""211"":21.39441244}"
-16033,Ravens D/ST,DST,33,159.4,159.4,17.0,241,241,241,131.74,86.28,"{""89"":0.282539047,""90"":1.276531838,""91"":4.238085703,""92"":3.540248298,""93"":0.124945299,""94"":1.556312279,""95"":12.34541011,""96"":7.861476787,""97"":1.882722701,""98"":0.260004623,""99"":43.78124669,""100"":87.56249338,""101"":0.151384269,""102"":0.242636648,""103"":1.026730032,""104"":0.529582247,""105"":2.075278495,""106"":12.09457967,""109"":1024.575046,""110"":341.0,""111"":204.0,""112"":42.12455471,""113"":77.61905158,""114"":1525.287932,""115"":375.3285642,""116"":152.0,""117"":61.0,""118"":37.0,""119"":15.0,""120"":329.6354872,""121"":2.467961554,""122"":3.029635563,""123"":1.685022026,""124"":0.442531037,""125"":0.037444934,""126"":19.39032278,""127"":5506.465764,""129"":0.706665999,""130"":5.619271798,""131"":4.316622427,""132"":3.626984524,""133"":1.864576551,""134"":0.595983373,""135"":0.221365253,""136"":0.048530075,""137"":323.9097508,""210"":17.0}"
4572680,Tucker Kraft,TE,9,181.51,181.51,17.0,130,142,142,100.23,86.24,"{""23"":2.241139039,""24"":8.45870391,""25"":0.135486416,""26"":0.003690582,""27"":1.0,""35"":0.004115061,""36"":0.002880542,""37"":0.000123225,""38"":4.21e-06,""39"":3.77428788,""40"":0.497570818,""42"":775.159402,""43"":4.206692639,""44"":0.134352629,""45"":0.210601868,""46"":0.137628321,""47"":155.0,""48"":77.0,""49"":38.0,""50"":31.0,""51"":15.0,""53"":67.72563613,""56"":1.275642267,""57"":0.039452854,""58"":94.28250087,""60"":11.44558318,""61"":45.59761188,""62"":0.138043211,""63"":0.003351229,""66"":0.024396548,""67"":0.737246426,""68"":0.761642974,""70"":0.011222412,""71"":0.412857999,""72"":0.424080411,""73"":0.424080411,""210"":17.0,""211"":2.59476231,""212"":37.38323389}"
4038941,Justin Herbert,QB,24,364.58,364.58,17.0,52,131,131,109.58,85.92,"{""0"":527.7373421,""1"":345.2891983,""2"":182.4481438,""3"":3845.901912,""4"":25.51249299,""5"":769.0,""6"":384.0,""7"":192.0,""8"":153.0,""9"":76.0,""10"":38.0,""11"":69.0,""12"":34.0,""15"":2.977761188,""16"":1.945966936,""17"":2.641407118,""18"":0.356784843,""19"":0.629652918,""20"":11.00448902,""21"":0.654282293,""22"":226.2295242,""23"":78.31010666,""24"":405.8984978,""25"":2.319563108,""26"":0.057970285,""27"":81.0,""28"":40.0,""29"":20.0,""30"":16.0,""31"":8.0,""33"":15.0,""34"":7.0,""35"":0.14973279,""36"":0.104812953,""37"":0.422849312,""38"":0.0144,""39"":5.183219831,""40"":23.87638222,""62"":0.687623203,""63"":0.033572969,""64"":45.02134653,""65"":6.712462632,""66"":0.917757644,""68"":7.630220276,""69"":3.221982063,""70"":0.422168516,""72"":3.644150579,""73"":14.6486396,""210"":17.0,""211"":22.26410972}"
4242355,Jake Ferguson,TE,6,174.57,174.57,17.0,150,152,151,112.55,85.49,"{""42"":599.1007368,""43"":5.839276873,""44"":0.208875721,""45"":0.066374299,""46"":0.043375605,""47"":119.0,""48"":59.0,""49"":29.0,""50"":23.0,""51"":11.0,""53"":73.19224559,""56"":0.627522539,""57"":0.019407914,""58"":96.09595386,""60"":8.185303401,""61"":35.24121981,""62"":0.208875721,""63"":0.006440918,""67"":1.463844912,""68"":1.463844912,""71"":0.819753151,""72"":0.819753151,""73"":0.819753151,""210"":17.0,""212"":34.44183611}"
3139477,Patrick Mahomes,QB,12,375.4,375.4,17.0,58,132,132,108.98,85.38,"{""0"":551.1689009,""1"":357.9625282,""2"":193.2063727,""3"":3992.604823,""4"":26.14039065,""5"":798.0,""6"":399.0,""7"":199.0,""8"":159.0,""9"":79.0,""10"":39.0,""11"":71.0,""12"":35.0,""15"":3.18963745,""16"":2.084428073,""17"":3.017346125,""18"":0.407564346,""19"":1.162378601,""20"":11.67027961,""21"":0.649460678,""22"":234.8591072,""23"":53.06961513,""24"":326.4324681,""25"":3.240590631,""26"":0.140263469,""27"":65.0,""28"":32.0,""29"":16.0,""30"":13.0,""31"":6.0,""33"":10.0,""34"":5.0,""35"":0.100135151,""36"":0.070094606,""37"":0.273,""38"":0.00931,""39"":6.151023846,""40"":19.20190989,""62"":1.30264207,""63"":0.027983305,""64"":34.39617495,""65"":5.831348326,""66"":0.528493628,""68"":6.359841954,""69"":2.799047196,""70"":0.243107069,""72"":3.042154265,""73"":14.71243388,""210"":17.0,""211"":18.73410112}"
-16021,Eagles D/ST,DST,21,146.84,146.84,17.0,243,243,243,134.42,85.15,"{""89"":0.254378941,""90"":1.14853368,""91"":3.879491542,""92"":3.335001501,""93"":0.123332438,""94"":1.581818042,""95"":11.89901647,""96"":7.008455228,""97"":1.897393488,""98"":0.259793213,""99"":38.99004693,""100"":77.98009386,""101"":0.155914905,""102"":0.241930986,""103"":1.063970591,""104"":0.517847451,""105"":2.102996371,""106"":10.78223881,""109"":946.4364609,""110"":315.0,""111"":189.0,""112"":38.54416785,""113"":82.86458468,""114"":1587.715837,""115"":342.9814289,""116"":158.0,""117"":63.0,""118"":34.0,""119"":13.0,""120"":332.4462365,""121"":2.467220498,""122"":3.207386648,""123"":1.965268742,""124"":0.672104894,""125"":0.070613552,""126"":19.55566097,""127"":5569.625272,""129"":0.655384769,""130"":5.277124118,""131"":4.196164823,""132"":3.693986882,""133"":2.051269213,""134"":0.766034146,""135"":0.289390677,""136"":0.070645371,""137"":327.625016,""210"":17.0}"
4569987,Jaylen Warren,RB,23,206.29,206.29,17.0,114,136,134,104.68,84.98,"{""23"":179.9786309,""24"":789.6078596,""25"":4.450445127,""26"":0.149897647,""27"":157.0,""28"":78.0,""29"":39.0,""30"":31.0,""31"":15.0,""33"":35.0,""34"":17.0,""35"":0.36244454,""36"":0.253711178,""37"":1.609293452,""38"":0.054919011,""39"":4.38723117,""40"":46.44752116,""42"":318.9062774,""43"":1.454606296,""44"":0.044540088,""45"":0.044322807,""46"":0.028964954,""47"":63.0,""48"":31.0,""49"":15.0,""50"":12.0,""51"":6.0,""53"":46.0656215,""56"":0.139730669,""57"":0.004321567,""58"":56.67362232,""60"":6.922869312,""61"":18.75919279,""62"":0.194437735,""63"":0.008178561,""66"":1.479965788,""67"":0.378797991,""68"":1.858763778,""70"":0.680784262,""71"":0.212126875,""72"":0.892911137,""73"":0.892911137,""101"":0.016761063,""114"":149.6936342,""116"":14.0,""117"":5.0,""210"":17.0,""211"":42.98544271,""212"":18.73915954}"
4360078,Alec Pierce,WR,11,218.37,218.37,17.0,108,100,101,97.96,84.88,"{""42"":1026.04897,""43"":5.580462357,""44"":0.443611375,""45"":0.286900799,""46"":0.187489672,""47"":205.0,""48"":102.0,""49"":51.0,""50"":41.0,""51"":20.0,""53"":67.43011151,""56"":2.681649222,""57"":0.082937605,""58"":115.2361774,""60"":15.2164804,""61"":60.35582177,""62"":0.443611375,""63"":0.004351913,""67"":0.989071239,""68"":0.989071239,""71"":0.553879894,""72"":0.553879894,""73"":0.553879894,""210"":17.0,""212"":44.79618024}"
4361741,Brock Purdy,QB,25,381.07,381.07,17.0,43,121,121,105.35,84.73,"{""0"":529.6455261,""1"":351.9500814,""2"":177.6954447,""3"":4180.754813,""4"":27.07305957,""5"":836.0,""6"":418.0,""7"":209.0,""8"":167.0,""9"":83.0,""10"":41.0,""11"":70.0,""12"":35.0,""15"":3.472116932,""16"":2.269028415,""17"":3.575343727,""18"":0.482935191,""19"":1.378355526,""20"":13.89059509,""21"":0.664501188,""22"":245.9267537,""23"":65.41115967,""24"":277.2767455,""25"":3.511744292,""26"":0.17406268,""27"":55.0,""28"":27.0,""29"":13.0,""30"":11.0,""31"":5.0,""33"":13.0,""34"":6.0,""35"":0.124227274,""36"":0.086959092,""37"":0.196867219,""38"":0.00672,""39"":4.238982261,""40"":16.3103968,""62"":1.552418206,""63"":0.033717582,""64"":33.91420532,""65"":6.866147871,""66"":0.796938939,""68"":7.66308681,""69"":3.295750978,""70"":0.366591912,""72"":3.66234289,""73"":17.55293798,""210"":17.0,""211"":18.02627616}"
4248528,Christian Watson,WR,9,197.46,197.46,17.0,119,104,114,102.06,84.67,"{""23"":2.241139039,""24"":13.11206196,""25"":0.129019794,""26"":0.003514434,""27"":2.0,""28"":1.0,""35"":0.004115061,""36"":0.002880542,""37"":0.00034874,""38"":1.19e-05,""39"":5.850624052,""40"":0.771297763,""42"":867.8045277,""43"":7.09199869,""44"":0.226551462,""45"":0.325646166,""46"":0.21280977,""47"":173.0,""48"":86.0,""49"":43.0,""50"":34.0,""51"":17.0,""53"":54.92874978,""56"":1.732613462,""57"":0.053585983,""58"":94.28250087,""60"":15.79873074,""61"":51.04732516,""62"":0.230065896,""63"":0.004189114,""66"":0.037322518,""67"":0.914748807,""68"":0.952071325,""70"":0.017168358,""71"":0.512259332,""72"":0.52942769,""73"":0.52942769,""210"":17.0,""211"":2.747063555,""212"":38.20103736}"
4880281,Jordyn Tyson,WR,18,201.01,201.01,17.0,112,112,104,98.53,84.65,"{""42"":917.6416748,""43"":5.006622242,""44"":0.261730452,""45"":0.226225646,""46"":0.14783846,""47"":183.0,""48"":91.0,""49"":45.0,""50"":36.0,""51"":18.0,""53"":67.52135235,""56"":2.009890216,""57"":0.062161553,""58"":109.4820452,""60"":13.59039241,""61"":53.97892205,""62"":0.261730452,""63"":0.005414438,""67"":1.230554108,""68"":1.230554108,""71"":0.689110301,""72"":0.689110301,""73"":0.689110301,""210"":17.0,""212"":41.59287683}"
4038815,Rico Dowdle,RB,23,204.69,204.69,17.0,122,134,136,110.82,84.27,"{""23"":222.8306859,""24"":973.2137866,""25"":5.487322107,""26"":0.184821214,""27"":194.0,""28"":97.0,""29"":48.0,""30"":38.0,""31"":19.0,""33"":44.0,""34"":22.0,""35"":0.458286216,""36"":0.320800351,""37"":2.44642252,""38"":0.0835,""39"":4.367503436,""40"":57.2478698,""42"":210.0070773,""43"":1.071960444,""44"":0.032824538,""45"":0.037671797,""46"":0.024618519,""47"":42.0,""48"":21.0,""49"":10.0,""50"":8.0,""51"":4.0,""53"":29.21429238,""56"":0.078373244,""57"":0.002423915,""58"":39.67153562,""60"":7.188504674,""61"":12.35335749,""62"":0.217645752,""63"":0.008824638,""66"":1.773132456,""67"":0.23246713,""68"":2.005599586,""70"":0.81564093,""71"":0.130181593,""72"":0.945822523,""73"":0.945822523,""210"":17.0,""211"":52.5613483,""212"":11.73870327}"
4241416,Chuba Hubbard,RB,29,198.52,198.52,17.0,124,138,138,115.02,84.23,"{""23"":193.0374801,""24"":775.5452289,""25"":4.225248819,""26"":0.29493912,""27"":155.0,""28"":77.0,""29"":38.0,""30"":31.0,""31"":15.0,""33"":38.0,""34"":19.0,""35"":0.391234073,""36"":0.273863851,""37"":1.552011506,""38"":0.052964198,""39"":4.017588856,""40"":45.62030758,""42"":304.0495121,""43"":1.497029223,""44"":0.090889997,""45"":0.049813811,""46"":0.032553325,""47"":60.0,""48"":30.0,""49"":15.0,""50"":12.0,""51"":6.0,""53"":41.14722773,""56"":0.128520456,""57"":0.003974859,""58"":52.23378865,""60"":7.389307346,""61"":17.88526542,""62"":0.385829118,""63"":0.008196667,""66"":1.535563303,""67"":0.32731557,""68"":1.862878873,""70"":0.706359119,""71"":0.183296719,""72"":0.889655839,""73"":0.889655839,""101"":0.03773052,""114"":336.9725775,""116"":33.0,""117"":13.0,""210"":17.0,""211"":43.13609597,""212"":17.2257515}"
4432773,Brian Thomas Jr.,WR,30,187.53,187.53,17.0,127,115,117,106.26,84.0,"{""23"":4.016548347,""24"":23.10153884,""25"":0.163278629,""26"":0.006519063,""27"":4.0,""28"":2.0,""29"":1.0,""35"":0.007382102,""36"":0.005167471,""37"":0.00121178,""38"":4.14e-05,""39"":5.751589884,""40"":1.358914049,""42"":859.9620862,""43"":5.031962987,""44"":0.20776691,""45"":0.231106406,""46"":0.151028037,""47"":171.0,""48"":85.0,""49"":42.0,""50"":34.0,""51"":17.0,""53"":57.06622553,""56"":1.691806855,""57"":0.052323923,""58"":102.0700325,""60"":15.06954557,""61"":50.58600507,""62"":0.214285973,""63"":0.002449069,""66"":0.036600126,""67"":0.520006456,""68"":0.556606582,""70"":0.016836058,""71"":0.291203615,""72"":0.308039673,""73"":0.308039673,""210"":17.0,""211"":3.217763242,""212"":37.62959407}"
4432620,Parker Washington,WR,30,194.8,194.8,17.0,118,113,113,102.61,83.41,"{""23"":8.033096694,""24"":38.85515986,""25"":0.265717823,""26"":0.01060905,""27"":7.0,""28"":3.0,""29"":1.0,""30"":1.0,""33"":1.0,""35"":0.014796468,""36"":0.010357528,""37"":0.003625746,""38"":0.000124,""39"":4.836884372,""40"":2.285597639,""42"":849.7862361,""43"":5.151492446,""44"":0.212695522,""45"":0.177082021,""46"":0.115723101,""47"":169.0,""48"":84.0,""49"":42.0,""50"":33.0,""51"":16.0,""53"":63.72421501,""56"":1.638822437,""57"":0.05068523,""58"":107.7405898,""60"":13.33537394,""61"":49.98742565,""62"":0.223304572,""63"":0.006314643,""66"":0.160661934,""67"":1.2744843,""68"":1.435146234,""70"":0.07390449,""71"":0.713711208,""72"":0.787615698,""73"":0.787615698,""102"":0.492040093,""115"":318.4708654,""118"":31.0,""119"":12.0,""210"":17.0,""211"":4.070076027,""212"":38.91543684}"
4360761,Michael Wilson,WR,22,188.69,188.69,17.0,126,125,116,106.44,82.78,"{""42"":860.7736584,""43"":3.414719775,""44"":0.187646672,""45"":0.144404787,""46"":0.094368529,""47"":172.0,""48"":86.0,""49"":43.0,""50"":34.0,""51"":17.0,""53"":70.60842199,""56"":1.69591026,""57"":0.052450833,""58"":114.5704244,""60"":12.19080719,""61"":50.63374461,""62"":0.187646672,""63"":0.003399305,""67"":0.772569209,""68"":0.772569209,""71"":0.432638757,""72"":0.432638757,""73"":0.432638757,""210"":17.0,""212"":40.07737121}"
4701936,Matthew Golden,WR,9,197.06,197.06,17.0,120,116,115,107.2,82.47,"{""23"":4.482278077,""24"":24.88213695,""25"":0.16835646,""26"":0.004585945,""27"":4.0,""28"":2.0,""29"":1.0,""35"":0.008240169,""36"":0.005768119,""37"":0.001421252,""38"":4.85e-05,""39"":5.551225632,""40"":1.463655115,""42"":871.8828343,""43"":4.728189887,""44"":0.150985978,""45"":0.220925841,""46"":0.144375037,""47"":174.0,""48"":87.0,""49"":43.0,""50"":34.0,""51"":17.0,""53"":66.77302147,""56"":1.754752162,""57"":0.054270685,""58"":104.7583343,""60"":13.05741174,""61"":51.28722555,""62"":0.155571923,""63"":0.005713858,""66"":0.081688022,""67"":1.216916028,""68"":1.29860405,""70"":0.03757649,""71"":0.681472976,""72"":0.719049466,""73"":0.719049466,""102"":0.137952162,""115"":137.9521616,""118"":13.0,""119"":5.0,""210"":17.0,""211"":3.309965805,""212"":40.04660286}"
4569173,Rhamondre Stevenson,RB,17,206.46,206.46,17.0,115,135,135,112.25,82.38,"{""23"":169.4711436,""24"":721.7028834,""25"":6.585680942,""26"":0.234215259,""27"":144.0,""28"":72.0,""29"":36.0,""30"":28.0,""31"":14.0,""33"":33.0,""34"":16.0,""35"":0.339541523,""36"":0.237679066,""37"":1.348070301,""38"":0.046004467,""39"":4.258559116,""40"":42.45311079,""42"":313.3888338,""43"":1.858695129,""44"":0.071334894,""45"":0.089878265,""46"":0.058735446,""47"":62.0,""48"":31.0,""49"":15.0,""50"":12.0,""51"":6.0,""53"":38.29323704,""56"":0.135421567,""57"":0.004188296,""58"":46.69036075,""60"":8.183921182,""61"":18.43463728,""62"":0.305550153,""63"":0.010498209,""66"":1.94619877,""67"":0.439757762,""68"":2.385956533,""70"":0.895251434,""71"":0.246264347,""72"":1.141515781,""73"":1.141515781,""210"":17.0,""211"":41.64606827,""212"":16.9806656}"
4870795,Makai Lemon,WR,21,183.94,183.94,17.0,143,117,128,118.05,81.75,"{""42"":836.3183526,""43"":5.239501861,""44"":0.234844018,""45"":0.292951291,""46"":0.191443669,""47"":167.0,""48"":83.0,""49"":41.0,""50"":33.0,""51"":16.0,""53"":58.54951123,""56"":1.569122502,""57"":0.048529562,""58"":93.36192763,""60"":14.28395105,""61"":49.19519721,""62"":0.234844018,""63"":0.004694999,""67"":1.067045299,""68"":1.067045299,""71"":0.597545367,""72"":0.597545367,""73"":0.597545367,""101"":0.051971635,""114"":464.160465,""116"":46.0,""117"":18.0,""210"":17.0,""212"":37.40054823}"
3042519,Aaron Jones Sr.,RB,16,204.81,204.81,17.0,125,148,139,123.53,81.09,"{""23"":170.0745004,""24"":740.4702508,""25"":3.718174939,""26"":0.21099552,""27"":148.0,""28"":74.0,""29"":37.0,""30"":29.0,""31"":14.0,""33"":34.0,""34"":17.0,""35"":0.34082842,""36"":0.238579894,""37"":1.416313088,""38"":0.048333332,""39"":4.353799358,""40"":43.55707358,""42"":344.2169234,""43"":2.080121371,""44"":0.122143805,""45"":0.045276676,""46"":0.029588307,""47"":68.0,""48"":34.0,""49"":17.0,""50"":13.0,""51"":6.0,""53"":47.01072356,""56"":0.16131277,""57"":0.004989055,""58"":60.8377789,""60"":7.322093713,""61"":20.24805432,""62"":0.333139326,""63"":0.0103,""66"":1.825802943,""67"":0.504674817,""68"":2.33047776,""70"":0.839869354,""71"":0.282617898,""72"":1.122487251,""73"":1.122487251,""210"":17.0,""211"":40.17867934,""212"":19.90833068}"
3916433,Jakobi Meyers,WR,30,192.27,192.27,17.0,131,126,125,117.45,81.03,"{""23"":6.02482252,""24"":31.92329985,""25"":0.28573267,""26"":0.011408163,""27"":6.0,""28"":3.0,""29"":1.0,""30"":1.0,""33"":1.0,""35"":0.011085252,""36"":0.007759676,""37"":0.0024,""38"":8.21e-05,""39"":5.298629087,""40"":1.877841167,""42"":766.2527392,""43"":5.178594781,""44"":0.213815695,""45"":0.114416488,""46"":0.074771175,""47"":153.0,""48"":76.0,""49"":38.0,""50"":30.0,""51"":15.0,""53"":69.79175269,""56"":1.237082255,""57"":0.038260276,""58"":107.7405898,""60"":10.97913019,""61"":45.07369054,""62"":0.225223859,""63"":0.004839866,""66"":0.087409922,""67"":1.012559558,""68"":1.09996948,""70"":0.040208564,""71"":0.567033352,""72"":0.607241916,""73"":0.607241916,""210"":17.0,""211"":3.728931598,""212"":38.00598509}"
4569587,Wan'Dale Robinson,WR,10,185.16,185.16,17.0,142,156,126,117.71,80.93,"{""23"":4.053388777,""24"":22.42080579,""25"":0.148713648,""26"":0.001996423,""27"":4.0,""28"":2.0,""29"":1.0,""35"":0.007449949,""36"":0.005214964,""37"":0.001134714,""38"":3.87234e-05,""39"":5.531373136,""40"":1.318870929,""42"":817.2682167,""43"":1.908731898,""44"":0.029964606,""45"":0.110203013,""46"":0.072017669,""47"":163.0,""48"":81.0,""49"":40.0,""50"":32.0,""51"":16.0,""53"":78.82698927,""56"":1.475248285,""57"":0.045626236,""58"":115.7912509,""60"":10.36787304,""61"":48.07460098,""62"":0.031961029,""63"":0.004474629,""66"":0.049736004,""67"":0.967225118,""68"":1.016961122,""70"":0.022878562,""71"":0.541646066,""72"":0.564524628,""73"":0.564524628,""210"":17.0,""211"":3.186158026,""212"":40.13512231}"
4362759,Nick Bolton,LB,12,339.94,339.94,17.0,136,146,146,112.24,80.79,"{""93"":0.010179678,""94"":0.127245977,""95"":1.09444333,""96"":0.689489146,""97"":0.015269517,""98"":0.015269517,""99"":2.804131334,""100"":5.608262669,""103"":0.086527265,""104"":0.040718713,""105"":0.137425656,""106"":1.060752533,""107"":68.94911074,""108"":86.94064673,""109"":155.8897575,""110"":51.0,""111"":31.0,""112"":7.104257822,""113"":6.26260967,""210"":17.0}"
4241985,J.K. Dobbins,RB,7,189.66,189.66,17.0,167,137,149,124.92,80.47,"{""23"":212.728083,""24"":994.3183196,""25"":6.770606977,""26"":0.414463607,""27"":198.0,""28"":99.0,""29"":49.0,""30"":39.0,""31"":19.0,""33"":42.0,""34"":21.0,""35"":0.435405275,""36"":0.304783693,""37"":2.56074748,""38"":0.0874,""39"":4.674128143,""40"":58.48931292,""42"":104.7884573,""43"":0.661778063,""44"":0.040158478,""45"":0.034873881,""46"":0.022790081,""47"":20.0,""48"":10.0,""49"":5.0,""50"":4.0,""51"":2.0,""53"":17.109316,""56"":0.044851051,""57"":0.001387146,""58"":22.59926042,""60"":6.124643282,""61"":6.164026899,""62"":0.454622085,""63"":0.004326459,""66"":0.910089373,""67"":0.073196761,""68"":0.983286134,""70"":0.418641111,""71"":0.040990186,""72"":0.459631298,""73"":0.459631298,""210"":17.0,""211"":53.61687546,""212"":5.910333149}"
4371733,Kenny Gainwell,RB,27,191.01,191.01,17.0,123,139,137,123.25,80.28,"{""23"":117.866651,""24"":522.4653595,""25"":4.60889886,""26"":0.421219492,""27"":104.0,""28"":52.0,""29"":26.0,""30"":20.0,""31"":10.0,""33"":23.0,""34"":11.0,""35"":0.230047359,""36"":0.161033152,""37"":0.703226375,""38"":0.024,""39"":4.432681807,""40"":30.73325644,""42"":342.4669117,""43"":2.049101024,""44"":0.177783819,""45"":0.038497695,""46"":0.025158244,""47"":68.0,""48"":34.0,""49"":17.0,""50"":13.0,""51"":6.0,""53"":52.13918536,""56"":0.159811042,""57"":0.00494261,""58"":63.99430405,""60"":6.568321108,""61"":20.14511245,""62"":0.599003311,""63"":0.007143181,""66"":1.125553346,""67"":0.497896852,""68"":1.623450198,""70"":0.517754539,""71"":0.278822237,""72"":0.796576776,""73"":0.796576776,""210"":17.0,""211"":30.30991733,""212"":21.01633308}"
4034949,Eddy Pineiro,K,25,181.89,181.89,17.0,259,259,259,149.37,80.17,"{""74"":6.312633681,""75"":8.5850884,""76"":2.272454719,""77"":8.303518278,""78"":9.8115296,""79"":1.508011322,""80"":17.49843018,""81"":17.675182,""82"":0.17675182,""83"":32.11458214,""84"":36.0718,""85"":3.957217861,""86"":42.00244205,""87"":42.85963475,""88"":0.857192695,""198"":6.312633681,""199"":8.5850884,""200"":2.272454719,""210"":17.0,""214"":1239.493447,""215"":195.8756189,""216"":1435.369066}"
3116365,Mark Andrews,TE,33,177.41,177.41,17.0,152,144,152,123.3,79.9,"{""23"":9.754035471,""24"":34.72763325,""25"":0.672192335,""26"":0.017405911,""27"":6.0,""28"":3.0,""29"":1.0,""30"":1.0,""33"":1.0,""35"":0.017983013,""36"":0.012588109,""37"":0.002863209,""38"":9.77e-05,""39"":3.560334935,""40"":2.042801956,""42"":617.1049611,""43"":7.102404054,""44"":0.234134978,""45"":0.131353466,""46"":0.08583949,""47"":123.0,""48"":61.0,""49"":30.0,""50"":24.0,""51"":12.0,""53"":57.97310857,""56"":0.680549517,""57"":0.021047923,""58"":83.94495315,""60"":10.64467606,""61"":36.30029183,""62"":0.251540889,""63"":0.00407099,""66"":0.133250509,""67"":0.791974383,""68"":0.925224892,""70"":0.061295234,""71"":0.443505654,""72"":0.504800889,""73"":0.504800889,""210"":17.0,""211"":4.338288779,""212"":31.98589123}"
4361050,Isaiah Likely,TE,19,165.17,165.17,17.0,172,164,163,130.03,79.09,"{""42"":684.2012688,""43"":4.128860152,""44"":0.220830725,""45"":0.184675864,""46"":0.120685677,""47"":136.0,""48"":68.0,""49"":34.0,""50"":27.0,""51"":13.0,""53"":63.68555753,""56"":0.904658834,""57"":0.027979139,""58"":86.06270266,""60"":10.74342905,""61"":40.24713346,""62"":0.220830725,""63"":0.00412607,""67"":0.937743273,""68"":0.937743273,""71"":0.525136233,""72"":0.525136233,""73"":0.525136233,""210"":17.0,""212"":33.92227126}"
4429205,Jordan Addison,WR,16,181.1,181.1,17.0,147,127,130,123.67,78.74,"{""23"":2.024696434,""24"":14.43075755,""25"":0.11519756,""26"":0.006537124,""27"":2.0,""28"":1.0,""35"":0.003717201,""36"":0.002602041,""37"":0.000432668,""38"":1.47653e-05,""39"":7.127368485,""40"":0.848868091,""42"":770.2539454,""43"":5.184796596,""44"":0.304315325,""45"":0.163678936,""46"":0.106964185,""47"":154.0,""48"":77.0,""49"":38.0,""50"":30.0,""51"":15.0,""53"":60.48831918,""56"":1.25341342,""57"":0.038765364,""58"":99.55272911,""60"":12.73392873,""61"":45.30905561,""62"":0.310852449,""63"":0.003508979,""66"":0.025829592,""67"":0.771665598,""68"":0.79749519,""70"":0.011881612,""71"":0.432132735,""72"":0.444014347,""73"":0.444014347,""210"":17.0,""211"":2.768135655,""212"":35.99829941}"
4568490,RJ Harvey,RB,7,177.9,177.9,17.0,169,168,150,129.56,78.61,"{""23"":106.3640415,""24"":431.1778538,""25"":3.866707302,""26"":0.236701002,""27"":86.0,""28"":43.0,""29"":21.0,""30"":17.0,""31"":8.0,""33"":21.0,""34"":10.0,""35"":0.206382105,""36"":0.144467473,""37"":0.480086057,""38"":0.016383495,""39"":4.053793441,""40"":25.36340316,""42"":365.7717967,""43"":2.550416951,""44"":0.154787515,""45"":0.052525768,""46"":0.03432559,""47"":73.0,""48"":36.0,""49"":18.0,""50"":14.0,""51"":7.0,""53"":48.79622625,""56"":0.182796248,""57"":0.005653492,""58"":62.14796616,""60"":7.495903369,""61"":21.51598804,""62"":0.391488517,""63"":0.004458361,""66"":0.694603338,""67"":0.318660528,""68"":1.013263867,""70"":0.319517536,""71"":0.178449896,""72"":0.497967431,""73"":0.497967431,""101"":0.025229887,""114"":225.3289949,""116"":22.0,""117"":9.0,""210"":17.0,""211"":25.97544011,""212"":21.10201569}"
4608686,Kyle Monangai,RB,3,192.21,192.21,17.0,170,150,161,133.39,78.21,"{""23"":191.9955972,""24"":825.8327432,""25"":6.482344138,""26"":0.382821502,""27"":165.0,""28"":82.0,""29"":41.0,""30"":33.0,""31"":16.0,""33"":38.0,""34"":19.0,""35"":0.388940073,""36"":0.272258051,""37"":1.760545057,""38"":0.060080648,""39"":4.301310838,""40"":48.57839666,""42"":215.1372096,""43"":1.280659021,""44"":0.085094589,""45"":0.055086773,""46"":0.035999206,""47"":43.0,""48"":21.0,""49"":10.0,""50"":8.0,""51"":4.0,""53"":25.65821986,""56"":0.080354017,""57"":0.002485176,""58"":35.98616634,""60"":8.384728589,""61"":12.65512997,""62"":0.467916091,""63"":0.004097115,""66"":0.821392033,""67"":0.109770524,""68"":0.931162558,""70"":0.377840335,""71"":0.061471494,""72"":0.439311829,""73"":0.439311829,""210"":17.0,""211"":46.45344094,""212"":11.15496611}"
4697815,Rachaad White,RB,28,185.35,185.35,17.0,165,149,147,128.55,78.04,"{""23"":134.7009669,""24"":566.7076244,""25"":5.074437812,""26"":0.29894931,""27"":113.0,""28"":56.0,""29"":28.0,""30"":22.0,""31"":11.0,""33"":26.0,""34"":13.0,""35"":0.265160589,""36"":0.185612412,""37"":0.828254728,""38"":0.028265156,""39"":4.207153353,""40"":33.33574261,""42"":298.1807272,""43"":1.98788569,""44"":0.155997187,""45"":0.048658225,""46"":0.03179815,""47"":59.0,""48"":29.0,""49"":14.0,""50"":11.0,""51"":5.0,""53"":44.85464395,""56"":0.12441203,""57"":0.003847795,""58"":51.59741665,""60"":6.647711384,""61"":17.54004278,""62"":0.454946497,""63"":0.005678576,""66"":0.96818534,""67"":0.322400126,""68"":1.290585466,""70"":0.445365256,""71"":0.180544071,""72"":0.625909327,""73"":0.625909327,""210"":17.0,""211"":33.17357009,""212"":18.1096747}"
4685724,Will Anderson Jr.,DE,34,155.94,155.94,17.0,174,178,178,116.95,77.08,"{""93"":0.012646931,""94"":0.094788108,""95"":0.037384521,""96"":2.919532491,""97"":0.223429112,""98"":0.040623475,""99"":11.37201099,""100"":22.74402197,""103"":0.040623475,""104"":0.054164633,""105"":0.107435039,""106"":4.491588448,""107"":24.07330139,""108"":32.79679471,""109"":56.8700961,""110"":18.0,""111"":11.0,""112"":7.510189771,""113"":0.559909136,""210"":17.0}"
4575517,Kyle Hamilton,S,33,257.09,257.09,17.0,168,172,172,120.13,76.87,"{""93"":0.010988596,""94"":0.133328303,""95"":2.551582144,""96"":1.105745136,""97"":0.071425877,""98"":0.00952345,""99"":2.133986843,""100"":4.267973685,""103"":0.085711052,""104"":0.047617251,""105"":0.1443169,""106"":1.701146364,""107"":39.68595895,""108"":68.11117818,""109"":107.7971371,""110"":35.0,""111"":21.0,""112"":4.301772986,""113"":9.317813391,""210"":17.0}"
4688813,Josh Downs,WR,11,184.11,184.11,17.0,144,171,129,123.46,76.66,"{""23"":2.097207465,""24"":10.76678121,""25"":0.086684965,""26"":0.004250083,""27"":2.0,""28"":1.0,""35"":0.003850478,""36"":0.002695334,""37"":0.000221021,""38"":7.54e-06,""39"":5.133865574,""40"":0.633340071,""42"":760.1014388,""43"":2.874376608,""44"":0.228277963,""45"":0.101471754,""46"":0.066311791,""47"":152.0,""48"":76.0,""49"":38.0,""50"":30.0,""51"":15.0,""53"":78.80740118,""56"":1.210035904,""57"":0.037423791,""58"":109.9981693,""60"":9.645051447,""61"":44.71184934,""62"":0.232528046,""63"":0.004961726,""66"":0.029231305,""67"":1.098433615,""68"":1.12766492,""70"":0.0134464,""71"":0.615122824,""72"":0.628569224,""73"":0.628569224,""102"":0.090815762,""115"":110.4925106,""118"":11.0,""119"":4.0,""210"":17.0,""211"":2.627569406,""212"":38.9490892}"
4876017,Carson Schwesinger,LB,5,332.41,332.41,17.0,146,154,154,119.15,76.5,"{""93"":0.010200525,""94"":0.127506565,""95"":0.627758163,""96"":0.21482306,""97"":0.015300788,""98"":0.015300788,""99"":2.187999575,""100"":4.375999149,""103"":0.086704464,""104"":0.040802101,""105"":0.13770709,""106"":0.330497016,""107"":68.89592252,""108"":86.87357961,""109"":155.7695021,""110"":51.0,""111"":31.0,""112"":9.00967064,""113"":3.760594018,""210"":17.0}"
-16017,Patriots D/ST,DST,17,144.74,144.74,17.0,247,247,247,148.18,76.17,"{""89"":0.226235741,""90"":1.020612367,""91"":3.521112668,""92"":3.129877927,""93"":0.124160217,""94"":1.561794824,""95"":12.79580409,""96"":5.807769995,""97"":1.902288232,""98"":0.262257682,""99"":40.78005993,""100"":81.56011985,""101"":0.178177954,""102"":0.417277364,""103"":1.037040744,""104"":0.524754079,""105"":2.281410359,""106"":8.935030762,""109"":1027.172105,""110"":342.0,""111"":205.0,""112"":45.44316509,""113"":83.49201918,""114"":1591.313451,""115"":381.7575884,""116"":159.0,""117"":63.0,""118"":38.0,""119"":15.0,""120"":352.8504983,""121"":2.466479888,""122"":3.385031019,""123"":2.245347208,""124"":0.901540925,""125"":0.103762257,""126"":20.75591167,""127"":5726.467149,""129"":0.552914686,""130"":4.593445084,""131"":3.9554666,""132"":3.827870903,""133"":2.424318239,""134"":1.105829372,""135"":0.425318989,""136"":0.114836127,""137"":336.8510088,""210"":17.0}"
4678008,Jonathon Brooks,RB,29,176.93,176.93,17.0,166,147,148,129.72,74.65,"{""23"":176.6087584,""24"":741.5841373,""25"":3.986496752,""26"":0.278273279,""27"":148.0,""28"":74.0,""29"":37.0,""30"":29.0,""31"":14.0,""33"":35.0,""34"":17.0,""35"":0.355039358,""36"":0.24852755,""37"":1.418611265,""38"":0.0484,""39"":4.199022427,""40"":43.62259631,""42"":249.9046431,""43"":1.326501305,""44"":0.08054163,""45"":0.055093629,""46"":0.036003687,""47"":49.0,""48"":24.0,""49"":12.0,""50"":9.0,""51"":4.0,""53"":32.60769012,""56"":0.09584465,""57"":0.002964268,""58"":41.78703092,""60"":7.663978716,""61"":14.70027312,""62"":0.35881491,""63"":0.00787658,""66"":1.511128685,""67"":0.27900324,""68"":1.790131925,""70"":0.695119195,""71"":0.156241815,""72"":0.85136101,""73"":0.85136101,""210"":17.0,""211"":40.81330149,""212"":13.71647463}"
4429096,Blake Corum,RB,14,173.35,173.35,17.0,177,167,168,140.57,74.65,"{""23"":181.9577525,""24"":837.5414615,""25"":7.325389919,""26"":0.109858769,""27"":167.0,""28"":83.0,""29"":41.0,""30"":33.0,""31"":16.0,""33"":36.0,""34"":18.0,""35"":0.366791842,""36"":0.25675429,""37"":1.81378823,""38"":0.0619,""39"":4.60294464,""40"":49.26714479,""42"":117.0902419,""43"":0.611621338,""44"":0.008334275,""45"":0.037296432,""46"":0.024373218,""47"":23.0,""48"":11.0,""49"":5.0,""50"":4.0,""51"":2.0,""53"":16.68849488,""56"":0.04860422,""57"":0.001503223,""58"":22.48663639,""60"":7.016225411,""61"":6.887661286,""62"":0.118193044,""63"":0.003739317,""66"":0.77844831,""67"":0.071396412,""68"":0.849844722,""70"":0.358086223,""71"":0.039981991,""72"":0.398068213,""73"":0.398068213,""101"":0.027628459,""114"":304.8657509,""116"":30.0,""117"":12.0,""210"":17.0,""211"":46.86745063,""212"":6.133139245}"
4869523,Nick Emmanwori,CB,26,253.01,253.01,17.0,128,140,140,119.03,74.44,"{""93"":0.009980139,""94"":0.216936716,""95"":1.928633256,""96"":0.147700812,""97"":0.069860976,""98"":0.007353787,""99"":2.623072897,""100"":5.246145795,""103"":0.187521568,""104"":0.029415148,""105"":0.226916855,""106"":0.227232018,""107"":27.83653824,""108"":72.52445733,""109"":100.3609956,""110"":33.0,""111"":20.0,""112"":5.891775546,""113"":16.72264598,""210"":17.0}"
4683062,Xavier Worthy,WR,12,183.23,183.23,17.0,164,130,158,137.2,73.69,"{""23"":12.36188258,""24"":75.91740119,""25"":0.593357294,""26"":0.025671959,""27"":15.0,""28"":7.0,""29"":3.0,""30"":3.0,""31"":1.0,""33"":2.0,""34"":1.0,""35"":0.022823536,""36"":0.015976475,""37"":0.014408168,""38"":0.000491696,""39"":6.141249175,""40"":4.465729482,""42"":787.8275127,""43"":4.586542159,""44"":0.205196791,""45"":0.243528928,""46"":0.159146154,""47"":157.0,""48"":78.0,""49"":39.0,""50"":31.0,""51"":15.0,""53"":55.50156088,""56"":1.333861355,""57"":0.041253444,""58"":92.40302633,""60"":14.19469111,""61"":46.34279486,""62"":0.23086875,""63"":0.002720935,""66"":0.112645592,""67"":0.50574871,""68"":0.618394302,""70"":0.051816972,""71"":0.283219278,""72"":0.33503625,""73"":0.33503625,""210"":17.0,""211"":5.828737839,""212"":35.10162725}"
3055899,Harrison Butker,K,12,171.75,171.75,17.0,260,260,260,148.65,73.53,"{""74"":5.983672207,""75"":8.489103,""76"":2.505430793,""77"":7.915385874,""78"":9.701832,""79"":1.786446126,""80"":16.93340229,""81"":17.477565,""82"":0.544162708,""83"":30.83246037,""84"":35.6685,""85"":4.836039626,""86"":40.84869838,""87"":42.03124436,""88"":1.182545986,""198"":5.983672207,""199"":8.489103,""200"":2.505430793,""210"":17.0,""214"":1187.312732,""215"":232.0082197,""216"":1419.320952}"
4035369,Jeffery Simmons,DT,10,189.97,189.97,17.0,134,145,145,114.41,72.88,"{""93"":0.004792441,""94"":0.042249148,""95"":0.07890118,""96"":1.834943327,""97"":0.321093527,""98"":0.025349489,""99"":9.317920848,""100"":18.6358417,""103"":0.00844983,""104"":0.033799319,""105"":0.047041589,""106"":2.822989733,""107"":41.53354269,""108"":38.92130422,""109"":80.45484691,""110"":26.0,""111"":16.0,""112"":8.99227376,""113"":2.188488637,""210"":17.0}"
4373678,Khalil Shakir,WR,2,180.9,180.9,17.0,162,158,156,136.98,72.86,"{""23"":2.306879735,""24"":12.49208859,""25"":0.126144313,""26"":0.006010051,""27"":2.0,""28"":1.0,""35"":0.004235923,""36"":0.002965146,""37"":0.00031271,""38"":1.06716e-05,""39"":5.415145142,""40"":0.73482874,""42"":765.1328015,""43"":3.702592017,""44"":0.297595659,""45"":0.2202284,""46"":0.14391926,""47"":153.0,""48"":76.0,""49"":38.0,""50"":30.0,""51"":15.0,""53"":70.08459462,""56"":1.230342378,""57"":0.038051826,""58"":92.05047547,""60"":10.91727513,""61"":45.00781185,""62"":0.303605709,""63"":0.004728007,""66"":0.034242304,""67"":1.040304773,""68"":1.074547077,""70"":0.01575146,""71"":0.582570673,""72"":0.598322133,""73"":0.598322133,""102"":0.1634424,""115"":166.469111,""118"":16.0,""119"":6.0,""210"":17.0,""211"":2.727980236,""212"":37.43828939}"
4685415,Travis Hunter,WR,30,269.44,269.44,17.0,116,128,127,117.11,72.65,"{""23"":2.008274173,""24"":10.77914671,""25"":0.073441888,""26"":0.002932241,""27"":2.0,""28"":1.0,""35"":0.003687018,""36"":0.002580912,""37"":0.000221351,""38"":7.55e-06,""39"":5.367368088,""40"":0.634067454,""42"":496.0861659,""43"":3.299702705,""44"":0.136240564,""45"":0.127317329,""46"":0.083201874,""47"":99.0,""48"":49.0,""49"":24.0,""50"":19.0,""51"":9.0,""53"":41.60759097,""56"":0.377590136,""57"":0.011678045,""58"":68.04668832,""60"":11.92297257,""61"":29.18153917,""62"":0.139172805,""63"":0.003497492,""66"":0.036600126,""67"":0.758284457,""68"":0.794884584,""70"":0.016836058,""71"":0.424639296,""72"":0.441475354,""73"":0.441475354,""93"":0.007388491,""94"":0.160602472,""95"":0.893726291,""96"":0.281383154,""97"":0.05171944,""98"":0.005444152,""99"":0.036421547,""100"":0.072843095,""103"":0.138825866,""104"":0.021776606,""105"":0.167990964,""106"":0.432897159,""107"":17.25273847,""108"":44.94975217,""109"":62.20249064,""110"":20.0,""111"":12.0,""112"":1.860029901,""113"":8.3320883,""210"":17.0,""211"":2.612711212,""212"":23.3634425}"
3116165,Chris Godwin Jr.,WR,27,167.07,167.07,17.0,187,176,176,147.72,72.33,"{""42"":701.4733128,""43"":4.57095807,""44"":0.396470674,""45"":0.163377347,""46"":0.106767096,""47"":140.0,""48"":70.0,""49"":35.0,""50"":28.0,""51"":14.0,""53"":60.40648618,""56"":0.968573232,""57"":0.029955873,""58"":90.65859741,""60"":11.61254953,""61"":41.26313605,""62"":0.396470674,""63"":0.00438994,""67"":0.997713686,""68"":0.997713686,""71"":0.558719664,""72"":0.558719664,""73"":0.558719664,""210"":17.0,""212"":33.83193874}"
4429025,Quentin Johnston,WR,24,175.13,175.13,17.0,182,129,171,144.5,72.11,"{""23"":2.079729403,""24"":10.80116765,""25"":0.085076044,""26"":0.002125564,""27"":2.0,""28"":1.0,""35"":0.003818357,""36"":0.00267285,""37"":0.000223414,""38"":7.62e-06,""39"":5.193544715,""40"":0.635362803,""42"":773.7665053,""43"":5.605715126,""44"":0.138797749,""45"":0.248981976,""46"":0.162709722,""47"":154.0,""48"":77.0,""49"":38.0,""50"":30.0,""51"":15.0,""53"":52.78266393,""56"":1.269720102,""57"":0.039269694,""58"":90.26437582,""60"":14.65948188,""61"":45.51567678,""62"":0.140923313,""63"":0.003529006,""66"":0.030404075,""67"":0.771642725,""68"":0.802046799,""70"":0.013985874,""71"":0.432119926,""72"":0.4461058,""73"":0.4461058,""210"":17.0,""211"":2.626469173,""212"":34.51090926}"
4689936,Jake Bates,K,8,165.93,165.93,17.0,263,263,263,154.47,71.35,"{""74"":5.391328332,""75"":7.719768,""76"":2.328439668,""77"":7.140825806,""78"":8.822592,""79"":1.681766194,""80"":15.29571459,""81"":15.89364,""82"":0.597925415,""83"":27.82786872,""84"":32.436,""85"":4.608131276,""86"":49.14495617,""87"":50.90739145,""88"":1.762435281,""198"":5.391328332,""199"":7.719768,""200"":2.328439668,""210"":17.0,""214"":1071.340329,""215"":219.3529832,""216"":1290.693312}"
3050073,Foyesade Oluokun,LB,30,318.69,318.69,17.0,151,159,159,133.6,70.83,"{""93"":0.010237844,""94"":0.127973049,""95"":1.329658007,""96"":1.100630368,""97"":0.015356766,""98"":0.015356766,""99"":2.733453485,""100"":5.46690697,""103"":0.087021674,""104"":0.040951376,""105"":0.138210893,""106"":1.693277489,""107"":63.0497334,""108"":79.50188971,""109"":142.5516231,""110"":47.0,""111"":28.0,""112"":2.774628205,""113"":10.01841327,""210"":17.0}"
5083315,Kenyon Sadiq,TE,20,172.05,172.05,17.0,171,155,162,136.53,70.49,"{""42"":692.1753795,""43"":4.304396653,""44"":0.524906563,""45"":0.158407764,""46"":0.103519474,""47"":138.0,""48"":69.0,""49"":34.0,""50"":27.0,""51"":13.0,""53"":67.2445373,""56"":0.933935156,""57"":0.028884592,""58"":90.2527375,""60"":10.29340683,""61"":40.71619879,""62"":0.524906563,""63"":0.003618225,""67"":0.822323779,""68"":0.822323779,""71"":0.460501316,""72"":0.460501316,""73"":0.460501316,""210"":17.0,""212"":35.02515442}"
4429834,Cedric Gray,LB,10,342.0,342.0,17.0,145,153,153,129.08,70.32,"{""93"":0.009380048,""94"":0.117250595,""95"":0.673328036,""96"":0.197543803,""97"":0.014070071,""98"":0.014070071,""99"":1.784777311,""100"":3.569554622,""103"":0.079730405,""104"":0.037520191,""105"":0.126630643,""106"":0.303913543,""107"":70.97326058,""108"":89.49297692,""109"":160.4662375,""110"":53.0,""111"":32.0,""112"":5.694903849,""113"":4.509400681,""210"":17.0}"
4036133,T.J. Hockenson,TE,16,166.23,166.23,17.0,154,165,155,133.75,69.93,"{""42"":639.3972353,""43"":2.819822648,""44"":0.165435049,""45"":0.07386891,""46"":0.048273333,""47"":127.0,""48"":63.0,""49"":31.0,""50"":25.0,""51"":12.0,""53"":77.69159684,""56"":0.749574076,""57"":0.023182703,""58"":99.55272911,""60"":8.229940705,""61"":37.61160207,""62"":0.165435049,""63"":0.002676191,""67"":0.608225278,""68"":0.608225278,""71"":0.340606156,""72"":0.340606156,""73"":0.340606156,""210"":17.0,""212"":35.3439041}"
4035631,Brian Burns,DE,19,168.16,168.16,17.0,161,166,166,129.87,69.83,"{""93"":0.014058571,""94"":0.105368283,""95"":0.353879965,""96"":1.622354876,""97"":0.248368096,""98"":0.045157836,""99"":10.70025045,""100"":21.4005009,""103"":0.045157836,""104"":0.060210448,""105"":0.119426855,""106"":2.495930579,""107"":26.97924203,""108"":36.75576724,""109"":63.73500927,""110"":21.0,""111"":12.0,""112"":8.507989961,""113"":4.672223251,""210"":17.0}"
4372099,Aidan Hutchinson,DE,8,150.77,150.77,17.0,195,201,201,133.24,69.81,"{""93"":0.016405805,""94"":0.122960677,""95"":0.078609965,""96"":2.120349121,""97"":0.289835881,""98"":0.052697433,""99"":11.53280367,""100"":23.06560735,""103"":0.052697433,""104"":0.070263244,""105"":0.139366482,""106"":3.262075571,""107"":23.48650013,""108"":31.99735304,""109"":55.48385318,""110"":18.0,""111"":11.0,""112"":2.121630585,""113"":1.09963692,""210"":17.0}"
4575131,Jacory Croskey-Merritt,RB,28,165.73,165.73,17.0,176,161,167,142.13,69.17,"{""23"":195.9286791,""24"":846.2170035,""25"":7.443793904,""26"":0.438534698,""27"":169.0,""28"":84.0,""29"":42.0,""30"":33.0,""31"":16.0,""33"":39.0,""34"":19.0,""35"":0.397676084,""36"":0.278373259,""37"":1.849647884,""38"":0.0631,""39"":4.319005301,""40"":49.77747079,""42"":88.84750707,""43"":0.503763354,""44"":0.039505542,""45"":0.047560475,""46"":0.03108077,""47"":17.0,""48"":8.0,""49"":4.0,""50"":3.0,""51"":1.0,""53"":12.04086229,""56"":0.039760911,""57"":0.001229719,""58"":15.47922499,""60"":7.378832587,""61"":5.226323945,""62"":0.47804024,""63"":0.013861188,""66"":2.967878027,""67"":0.182391934,""68"":3.15026996,""70"":1.365223892,""71"":0.102139483,""72"":1.467363375,""73"":1.467363375,""210"":17.0,""211"":48.09743183,""212"":4.250861853}"
4362249,Jayden Reed,WR,9,180.07,180.07,17.0,163,157,157,140.88,69.02,"{""23"":8.964556155,""24"":64.9053039,""25"":0.414358308,""26"":0.011286911,""27"":12.0,""28"":6.0,""29"":3.0,""30"":2.0,""31"":1.0,""33"":1.0,""35"":0.016520531,""36"":0.011564372,""37"":0.010435934,""38"":0.000356,""39"":7.24021388,""40"":3.817959053,""42"":728.7334993,""43"":4.404224321,""44"":0.140651825,""45"":0.206599032,""46"":0.135012468,""47"":145.0,""48"":72.0,""49"":36.0,""50"":29.0,""51"":14.0,""53"":63.43560347,""56"":1.076201926,""57"":0.033284596,""58"":89.04458415,""60"":11.48776806,""61"":42.86667643,""62"":0.151938737,""63"":0.006371214,""66"":0.179291123,""67"":1.268712069,""68"":1.448003192,""70"":0.082473917,""71"":0.710478759,""72"":0.792952675,""73"":0.792952675,""102"":0.044144692,""115"":47.52674472,""118"":4.0,""119"":1.0,""210"":17.0,""211"":5.117068362,""212"":35.20592345}"
4870653,KC Concepcion,WR,5,172.47,172.47,17.0,183,173,173,150.76,65.35,"{""23"":6.375633595,""24"":34.8600578,""25"":0.203467387,""26"":0.012338513,""27"":6.0,""28"":3.0,""29"":1.0,""30"":1.0,""33"":1.0,""35"":0.01173292,""36"":0.008213044,""37"":0.002886435,""38"":9.8503e-05,""39"":5.46770094,""40"":2.050591635,""42"":770.529078,""43"":3.281409911,""44"":0.233308395,""45"":0.172487488,""46"":0.112720573,""47"":154.0,""48"":77.0,""49"":38.0,""50"":30.0,""51"":15.0,""53"":61.27242087,""56"":1.260620074,""57"":0.03898825,""58"":98.30686043,""60"":12.57546327,""61"":45.32523988,""62"":0.245646908,""63"":0.005424598,""66"":0.116193794,""67"":1.116669418,""68"":1.232863212,""70"":0.053449145,""71"":0.625334874,""72"":0.678784019,""73"":0.678784019,""102"":0.088815319,""115"":88.8153185,""118"":8.0,""119"":3.0,""210"":17.0,""211"":3.788076143,""212"":35.40628462}"
3126486,Deebo Samuel Sr.,WR,25,181.6,181.6,17.0,184,174,174,136.35,64.01,"{""23"":22.11294505,""24"":109.3524542,""25"":1.143115785,""26"":0.056641407,""27"":21.0,""28"":10.0,""29"":5.0,""30"":4.0,""31"":2.0,""33"":4.0,""34"":2.0,""35"":0.041042756,""36"":0.02872993,""37"":0.030328861,""38"":0.00104,""39"":4.945178217,""40"":6.432497304,""42"":734.6367747,""43"":4.322863229,""44"":0.221481077,""45"":0.330500362,""46"":0.215981987,""47"":146.0,""48"":73.0,""49"":36.0,""50"":29.0,""51"":14.0,""53"":55.10142178,""56"":1.102320752,""57"":0.034092394,""58"":79.62851052,""60"":13.33244681,""61"":43.21392793,""62"":0.278122484,""63"":0.006794864,""66"":0.442258901,""67"":1.102028436,""68"":1.544287337,""70"":0.203439094,""71"":0.617135924,""72"":0.820575018,""73"":0.820575018,""101"":0.06018188,""114"":748.4905198,""116"":74.0,""117"":29.0,""210"":17.0,""211"":7.959937208,""212"":33.43580799}"
-16008,Lions D/ST,DST,8,152.74,152.74,17.0,248,248,248,151.04,63.57,"{""89"":0.244995997,""90"":1.105884708,""91"":3.760008006,""92"":3.266613291,""93"":0.12506219,""94"":1.570134927,""95"":12.29812497,""96"":8.990566065,""97"":1.772947468,""98"":0.257472984,""99"":39.60851702,""100"":79.21703403,""101"":0.138101883,""102"":0.228018529,""103"":1.04550499,""104"":0.524629937,""105"":2.061317528,""106"":13.8316401,""109"":1017.506939,""110"":339.0,""111"":203.0,""112"":34.24121773,""113"":77.69520122,""114"":1491.135443,""115"":257.4209183,""116"":149.0,""117"":59.0,""118"":25.0,""119"":10.0,""120"":335.69038,""121"":2.466973579,""122"":3.266613291,""123"":2.058646918,""124"":0.748598879,""125"":0.081665332,""126"":19.74649294,""127"":5687.998035,""129"":0.604134341,""130"":4.935181941,""131"":4.075779569,""132"":3.760948996,""133"":2.237849742,""134"":0.935982782,""135"":0.357375244,""136"":0.092747385,""137"":334.5881197,""210"":17.0}"
4040605,Nick Bosa,DE,25,165.68,165.68,17.0,179,184,184,140.76,63.15,"{""93"":0.014002866,""94"":0.10495077,""95"":0.073950283,""96"":1.824256304,""97"":0.247383957,""98"":0.044978901,""99"":10.73800164,""100"":21.47600327,""103"":0.044978901,""104"":0.059971868,""105"":0.118953635,""106"":2.80654816,""107"":27.22585892,""108"":37.0917512,""109"":64.31761012,""110"":21.0,""111"":12.0,""112"":6.667521282,""113"":0.837858005,""210"":17.0}"
4428522,Tykee Smith,S,27,263.85,263.85,17.0,210,213,213,141.07,63.04,"{""93"":0.010670078,""94"":0.129463608,""95"":3.342042415,""96"":0.145161071,""97"":0.069355504,""98"":0.009247401,""99"":0.989697599,""100"":1.979395198,""103"":0.083226605,""104"":0.046237003,""105"":0.140133686,""106"":0.223324724,""107"":40.79831756,""108"":70.02026789,""109"":110.8185855,""110"":36.0,""111"":22.0,""112"":5.035417827,""113"":13.94175204,""210"":17.0}"
4385690,Dalton Kincaid,TE,2,164.4,164.4,17.0,173,162,164,136.99,62.91,"{""42"":697.6266557,""43"":4.451693485,""44"":0.357902682,""45"":0.243657098,""46"":0.159229914,""47"":139.0,""48"":69.0,""49"":34.0,""50"":27.0,""51"":13.0,""53"":59.27751127,""56"":0.953507159,""57"":0.029489912,""58"":81.82264486,""60"":11.76882498,""61"":41.0368621,""62"":0.357902682,""63"":0.003544071,""67"":0.805470667,""68"":0.805470667,""71"":0.451063573,""72"":0.451063573,""73"":0.451063573,""210"":17.0,""212"":33.41976326}"
4361432,Romeo Doubs,WR,17,169.69,169.69,17.0,189,177,177,152.33,62.69,"{""42"":714.4123878,""43"":5.616418291,""44"":0.215493024,""45"":0.252194993,""46"":0.164809428,""47"":142.0,""48"":71.0,""49"":35.0,""50"":28.0,""51"":14.0,""53"":56.01799528,""56"":1.019206645,""57"":0.031521855,""58"":83.00508579,""60"":12.75326588,""61"":42.02425811,""62"":0.215493024,""63"":0.004354819,""67"":0.989731666,""68"":0.989731666,""71"":0.554249733,""72"":0.554249733,""73"":0.554249733,""210"":17.0,""212"":33.61597088}"
3691739,Derwin James Jr.,S,24,249.82,249.82,17.0,264,264,264,145.17,62.64,"{""93"":0.010993946,""94"":0.133393206,""95"":1.990056764,""96"":0.654179828,""97"":0.071460646,""98"":0.009528086,""99"":2.46381519,""100"":4.927630379,""103"":0.085752775,""104"":0.047640431,""105"":0.144387151,""106"":1.006430504,""107"":39.20325465,""108"":67.28273509,""109"":106.4859897,""110"":35.0,""111"":21.0,""112"":3.430053374,""113"":7.913220116,""210"":17.0}"
4426385,Zach Charbonnet,RB,26,144.93,144.93,11.0,181,170,170,150.1,61.9,"{""23"":136.5957188,""24"":555.0612354,""25"":6.864492266,""26"":0.196128183,""27"":111.0,""28"":55.0,""29"":27.0,""30"":22.0,""31"":11.0,""33"":27.0,""34"":13.0,""35"":0.27935698,""36"":0.195549886,""37"":1.233719213,""38"":0.042102103,""39"":4.063533178,""40"":50.46011231,""42"":145.0623027,""43"":0.442657297,""44"":0.016098368,""45"":0.028178962,""46"":0.018414952,""47"":29.0,""48"":14.0,""49"":7.0,""50"":5.0,""51"":2.0,""53"":20.33104382,""56"":0.054394954,""57"":0.001682318,""58"":26.15064379,""60"":7.135015007,""61"":13.18748207,""62"":0.212226551,""63"":0.002953989,""66"":0.584381292,""67"":0.086979898,""68"":0.67136119,""70"":0.268815394,""71"":0.048708743,""72"":0.317524137,""73"":0.317524137,""210"":11.0,""211"":33.49863662,""212"":8.071444027}"
3046779,Jared Goff,QB,8,363.64,363.64,17.0,100,186,186,139.43,61.43,"{""0"":544.1053543,""1"":371.5375234,""2"":172.5678309,""3"":4218.592252,""4"":29.10134379,""5"":843.0,""6"":421.0,""7"":210.0,""8"":168.0,""9"":84.0,""10"":42.0,""11"":74.0,""12"":37.0,""15"":3.529495164,""16"":2.30652509,""17"":3.691617792,""18"":0.498640769,""19"":0.636331418,""20"":9.890033986,""21"":0.682841145,""22"":248.1524854,""23"":27.21386581,""24"":49.56389123,""25"":0.682284119,""26"":0.012846446,""27"":9.0,""28"":4.0,""29"":2.0,""30"":1.0,""33"":5.0,""34"":2.0,""35"":0.050646807,""36"":0.035452765,""37"":0.006,""38"":0.000205,""39"":1.821273449,""40"":2.915523014,""62"":0.649177864,""63"":0.031641237,""64"":34.99336508,""65"":6.868419197,""66"":0.322770941,""68"":7.191190137,""69"":3.296841214,""70"":0.148474633,""72"":3.445315847,""73"":13.33534983,""210"":17.0,""211"":5.907503611}"
4429059,Woody Marks,RB,34,137.9,137.9,17.0,178,169,169,151.68,61.33,"{""23"":142.9398154,""24"":579.1792993,""25"":2.951429181,""26"":0.213587218,""27"":115.0,""28"":57.0,""29"":28.0,""30"":23.0,""31"":11.0,""33"":28.0,""34"":14.0,""35"":0.282550509,""36"":0.197785356,""37"":0.864,""38"":0.0295,""39"":4.051910224,""40"":34.06937055,""42"":201.021029,""43"":1.345114069,""44"":0.088521867,""45"":0.059613749,""46"":0.038957585,""47"":40.0,""48"":20.0,""49"":10.0,""50"":8.0,""51"":4.0,""53"":24.1377398,""56"":0.074990811,""57"":0.002319303,""58"":32.91556841,""60"":8.32808004,""61"":11.82476641,""62"":0.302109085,""63"":0.006027975,""66"":1.172070785,""67"":0.197923438,""68"":1.369994223,""70"":0.539152561,""71"":0.110837125,""72"":0.649989686,""73"":0.649989686,""101"":0.050617674,""114"":452.0681896,""116"":45.0,""117"":18.0,""210"":17.0,""211"":32.51250971,""212"":10.44548635}"
-16005,Browns D/ST,DST,5,144.39,144.39,17.0,246,246,246,152.41,60.02,"{""89"":0.23561493,""90"":1.063244271,""91"":3.640548384,""92"":3.198238767,""93"":0.125966988,""94"":1.584401685,""95"":11.38760154,""96"":6.894723855,""97"":1.822618984,""98"":0.26118608,""99"":41.06212548,""100"":82.12425096,""101"":0.160920792,""102"":0.266445956,""103"":1.056780205,""104"":0.52762148,""105"":2.13773542,""106"":10.60726747,""109"":1026.411591,""110"":342.0,""111"":205.0,""112"":54.65212241,""113"":71.86404853,""114"":1502.536287,""115"":251.0266294,""116"":150.0,""117"":60.0,""118"":25.0,""119"":10.0,""120"":341.0286601,""121"":2.466726709,""122"":3.32582808,""123"":2.152006404,""124"":0.825077554,""125"":0.0927149,""126"":20.06050942,""127"":5677.878922,""129"":0.629755707,""130"":5.106127353,""131"":4.135963156,""132"":3.727472968,""133"":2.144573488,""134"":0.851021225,""135"":0.323388066,""136"":0.081698038,""137"":333.9928778,""210"":17.0}"
3133487,Andrew Van Ginkel,DE,16,187.17,187.17,17.0,180,185,185,144.27,59.51,"{""93"":0.014779228,""94"":0.110769565,""95"":0.906940234,""96"":0.35203655,""97"":0.26109969,""98"":0.047472671,""99"":6.044822171,""100"":12.08964434,""103"":0.047472671,""104"":0.063296894,""105"":0.125548793,""106"":0.541594692,""107"":32.48835162,""108"":44.26122456,""109"":76.74957617,""110"":25.0,""111"":15.0,""112"":9.12428664,""113"":10.00950244,""210"":17.0}"
4602699,Kamari Lassiter,CB,34,243.43,243.43,17.0,245,245,245,143.2,59.41,"{""93"":0.009960224,""94"":0.216503815,""95"":2.290995622,""96"":0.147406072,""97"":0.069721568,""98"":0.007339112,""99"":0.200894241,""100"":0.401788482,""103"":0.187147366,""104"":0.02935645,""105"":0.226464039,""106"":0.226778572,""107"":26.73216941,""108"":69.64716889,""109"":96.3793383,""110"":32.0,""111"":19.0,""112"":6.641225451,""113"":19.75411692,""210"":17.0}"
2976212,Stefon Diggs,WR,28,173.53,173.53,17.0,185,175,175,139.24,59.15,"{""42"":726.8890456,""43"":3.44217634,""44"":0.26773608,""45"":0.171304719,""46"":0.111947634,""47"":145.0,""48"":72.0,""49"":36.0,""50"":29.0,""51"":14.0,""53"":71.10476064,""56"":1.069203692,""57"":0.033068155,""58"":92.87534996,""60"":10.22279013,""61"":42.75817915,""62"":0.26773608,""63"":0.003791357,""67"":0.86167203,""68"":0.86167203,""71"":0.482536337,""72"":0.482536337,""73"":0.482536337,""210"":17.0,""212"":36.50971804}"
4426340,Nakobe Dean,LB,13,302.09,302.09,17.0,153,160,160,145.24,57.04,"{""93"":0.009687519,""94"":0.121093991,""95"":0.665828762,""96"":1.55653466,""97"":0.014531279,""98"":0.014531279,""99"":2.519528892,""100"":5.039057784,""103"":0.082343914,""104"":0.038750077,""105"":0.13078151,""106"":2.394668708,""107"":61.06787087,""108"":77.00288127,""109"":138.0707521,""110"":46.0,""111"":27.0,""112"":10.19095096,""113"":3.03278008,""210"":17.0}"
3045282,T.J. Watt,DE,23,160.18,160.18,17.0,255,255,255,146.01,56.68,"{""93"":0.015063198,""94"":0.112897905,""95"":0.354702652,""96"":1.720908507,""97"":0.26611649,""98"":0.048384816,""99"":7.60580107,""100"":15.21160214,""103"":0.048384816,""104"":0.064513089,""105"":0.127961103,""106"":2.647551549,""107"":26.50724267,""108"":36.11272847,""109"":62.61997114,""110"":20.0,""111"":12.0,""112"":3.029422922,""113"":4.654534108,""210"":17.0}"
3127287,Budda Baker,S,22,266.28,266.28,17.0,287,287,287,152.17,55.64,"{""93"":0.011062813,""94"":0.134228802,""95"":1.307834068,""96"":0.150504045,""97"":0.071908287,""98"":0.009587772,""99"":1.462239524,""100"":2.924479048,""103"":0.086289944,""104"":0.047938858,""105"":0.145291616,""106"":0.231544684,""107"":43.53247861,""108"":74.7127822,""109"":118.2452608,""110"":39.0,""111"":23.0,""112"":2.444092574,""113"":5.632183309,""210"":17.0}"
2976560,Danielle Hunter,DE,34,148.21,148.21,17.0,193,198,198,150.98,55.58,"{""93"":0.013018899,""94"":0.097575994,""95"":0.04628604,""96"":2.424987054,""97"":0.230000556,""98"":0.041818283,""99"":10.28034458,""100"":20.56068916,""103"":0.041818283,""104"":0.055757711,""105"":0.110594893,""106"":3.730749314,""107"":23.35971786,""108"":31.8246284,""109"":55.18434626,""110"":18.0,""111"":11.0,""112"":4.575199084,""113"":0.693227474,""210"":17.0}"
4360853,Talanoa Hufanga,S,7,246.7,246.7,17.0,273,274,273,154.91,55.31,"{""93"":0.010944057,""94"":0.132787887,""95"":2.729660109,""96"":0.542029404,""97"":0.071136368,""98"":0.009484849,""99"":0.788392205,""100"":1.57678441,""103"":0.085363642,""104"":0.047424245,""105"":0.143731944,""106"":0.83389139,""107"":38.46136213,""108"":66.00945924,""109"":104.4708214,""110"":34.0,""111"":20.0,""112"":4.633396198,""113"":10.73287098,""210"":17.0}"
4362851,Ernest Jones IV,LB,26,315.84,315.84,17.0,244,244,244,155.76,55.13,"{""93"":0.010189756,""94"":0.127371947,""95"":1.096427028,""96"":0.657152014,""97"":0.015284634,""98"":0.015284634,""99"":1.552196417,""100"":3.104392833,""103"":0.086612924,""104"":0.040759023,""105"":0.137561703,""106"":1.011003099,""107"":64.03046751,""108"":80.73853594,""109"":144.7690035,""110"":48.0,""111"":28.0,""112"":3.963827811,""113"":7.683245981,""210"":17.0}"
3046439,Hunter Henry,TE,17,157.36,157.36,17.0,175,163,165,142.85,55.08,"{""42"":628.1274156,""43"":5.2162004,""44"":0.200156261,""45"":0.195619891,""46"":0.127837599,""47"":125.0,""48"":62.0,""49"":31.0,""50"":25.0,""51"":12.0,""53"":55.76290928,""56"":0.713990884,""57"":0.022082192,""58"":77.81726792,""60"":11.26425116,""61"":36.94867151,""62"":0.200156261,""63"":0.001773849,""67"":0.403147418,""68"":0.403147418,""71"":0.225762554,""72"":0.225762554,""73"":0.225762554,""210"":17.0,""212"":31.01477191}"
-16030,Jaguars D/ST,DST,30,132.22,132.22,17.0,384,364,364,166.94,54.73,"{""89"":0.113831701,""90"":0.509694183,""91"":2.089746152,""92"":2.310613632,""93"":0.12658649,""94"":1.59361712,""95"":12.58479787,""96"":6.783091612,""97"":1.85677034,""98"":0.26374574,""99"":41.36355021,""100"":82.72710043,""101"":0.166008774,""102"":0.548072201,""103"":1.063330746,""104"":0.530286373,""105"":2.434284586,""106"":10.43552556,""109"":1035.917012,""110"":345.0,""111"":207.0,""112"":41.317464,""113"":98.4135531,""114"":1701.597935,""115"":374.5029735,""116"":170.0,""117"":68.0,""118"":37.0,""119"":14.0,""120"":388.2118351,""121"":2.463521887,""122"":4.094543274,""123"":3.363981611,""124"":1.817909254,""125"":0.236158305,""126"":22.8359903,""127"":5894.449879,""129"":0.399440084,""130"":3.56946458,""131"":3.594960756,""132"":4.028395741,""133"":2.983052542,""134"":1.614757786,""135"":0.628905664,""136"":0.181022847,""137"":346.7323458,""210"":17.0}"
4243181,Nate Landman,LB,14,294.94,294.94,17.0,188,192,192,155.42,53.51,"{""93"":0.0098436,""94"":0.123045002,""95"":1.169046145,""96"":2.103542431,""97"":0.0147654,""98"":0.0147654,""99"":1.730699274,""100"":3.461398547,""103"":0.083670601,""104"":0.039374401,""105"":0.132888602,""106"":3.236219124,""107"":58.25105984,""108"":73.4510534,""109"":131.7021132,""110"":43.0,""111"":26.0,""112"":6.467110813,""113"":6.568897941,""210"":17.0}"
3917315,Kyler Murray,QB,16,321.56,321.56,17.0,75,182,182,150.38,53.27,"{""0"":490.101621,""1"":330.6489717,""2"":159.4526493,""3"":3347.091337,""4"":19.47900097,""5"":669.0,""6"":334.0,""7"":167.0,""8"":133.0,""9"":66.0,""10"":33.0,""11"":66.0,""12"":33.0,""15"":2.54619762,""16"":1.663940145,""17"":2.202223563,""18"":0.297462661,""19"":1.14549821,""20"":9.936503255,""21"":0.674653903,""22"":196.8877257,""23"":70.92746177,""24"":443.7871595,""25"":3.153764504,""26"":0.178978322,""27"":88.0,""28"":44.0,""29"":22.0,""30"":17.0,""31"":8.0,""33"":14.0,""34"":7.0,""35"":0.135733034,""36"":0.095013124,""37"":0.570063652,""38"":0.0195,""39"":6.256915847,""40"":26.10512703,""62"":1.324476533,""63"":0.03253804,""64"":33.68381627,""65"":6.513055467,""66"":0.881953678,""68"":7.395009144,""69"":3.126266624,""70"":0.405698692,""72"":3.531965316,""73"":13.46846857,""210"":17.0,""211"":23.71681194}"
4249128,Quentin Lake,CB,14,242.92,242.92,17.0,279,280,280,152.11,52.49,"{""93"":0.009955489,""94"":0.216400884,""95"":2.261467094,""96"":0.711125112,""97"":0.06968842,""98"":0.007335623,""99"":1.087924259,""100"":2.175848519,""103"":0.187058391,""104"":0.029342493,""105"":0.226356372,""106"":1.094038634,""107"":26.64256204,""108"":69.41370862,""109"":96.05627067,""110"":32.0,""111"":19.0,""112"":1.601608052,""113"":15.72321935,""210"":17.0}"
4360569,Jordan Mason,RB,16,142.15,142.15,17.0,196,188,188,156.87,50.75,"{""23"":161.9757147,""24"":749.3208214,""25"":5.434735957,""26"":0.308405322,""27"":149.0,""28"":74.0,""29"":37.0,""30"":29.0,""31"":14.0,""33"":32.0,""34"":16.0,""35"":0.323286572,""36"":0.226300601,""37"":1.450171476,""38"":0.049488789,""39"":4.626130669,""40"":44.07769538,""42"":83.3810194,""43"":0.336141619,""44"":0.019732891,""45"":0.034848253,""46"":0.022773333,""47"":16.0,""48"":8.0,""49"":4.0,""50"":3.0,""51"":1.0,""53"":13.40086925,""56"":0.037933542,""57"":0.001173202,""58"":16.59212152,""60"":6.222060513,""61"":4.904765847,""62"":0.328138213,""63"":0.00924575,""66"":1.9407418,""67"":0.160564978,""68"":2.101306778,""70"":0.892741228,""71"":0.089916388,""72"":0.982657616,""73"":0.982657616,""210"":17.0,""211"":41.26519398,""212"":4.341564853}"
4575431,Devon Witherspoon,CB,26,234.5,234.5,17.0,382,382,382,151.53,50.29,"{""93"":0.009664977,""94"":0.210086083,""95"":1.496114162,""96"":0.143036575,""97"":0.06765484,""98"":0.007121562,""99"":1.206773675,""100"":2.413547349,""103"":0.181599834,""104"":0.028486249,""105"":0.21975106,""106"":0.22005627,""107"":26.51915513,""108"":69.09218807,""109"":95.61134321,""110"":31.0,""111"":19.0,""112"":2.159965155,""113"":12.97239244,""210"":17.0}"
3054850,Alvin Kamara,RB,18,136.41,136.41,17.0,197,190,189,156.72,50.07,"{""23"":124.6488118,""24"":499.6379352,""25"":2.293420503,""26"":0.115926104,""27"":99.0,""28"":49.0,""29"":24.0,""30"":19.0,""31"":9.0,""33"":24.0,""34"":12.0,""35"":0.244129486,""36"":0.17089064,""37"":0.643,""38"":0.022,""39"":4.008365006,""40"":29.39046678,""42"":232.5034006,""43"":0.932980329,""44"":0.048792016,""45"":0.037859919,""46"":0.024741457,""47"":46.0,""48"":23.0,""49"":11.0,""50"":9.0,""51"":4.0,""53"":35.25514008,""56"":0.08764122,""57"":0.002710553,""58"":43.79281809,""60"":6.594879501,""61"":13.67667062,""62"":0.16471812,""63"":0.00587858,""66"":1.041474667,""67"":0.294566268,""68"":1.336040935,""70"":0.479078347,""71"":0.16495711,""72"":0.644035457,""73"":0.644035457,""210"":17.0,""211"":28.22498662,""212"":13.67914089}"
3915189,Roquan Smith,LB,33,304.24,304.24,17.0,268,268,268,157.95,50.05,"{""93"":0.010201927,""94"":0.127524089,""95"":0.683458051,""96"":0.214852584,""97"":0.015302891,""98"":0.015302891,""99"":1.88291217,""100"":3.76582434,""103"":0.08671638,""104"":0.040807708,""105"":0.137726016,""106"":0.330542437,""107"":62.89907355,""108"":79.31191679,""109"":142.2109903,""110"":47.0,""111"":28.0,""112"":4.14419024,""113"":3.935488868,""210"":17.0}"
4697745,Tyler Loop,K,33,166.32,166.32,17.0,266,266,266,163.18,49.25,"{""74"":5.66012961,""75"":8.198543617,""76"":2.538414008,""77"":7.508763373,""78"":9.369764134,""79"":1.861000761,""80"":16.10935761,""81"":16.87935451,""82"":0.769996897,""83"":29.27825059,""84"":34.44766226,""85"":5.169411665,""86"":44.44015618,""87"":46.41840045,""88"":1.978244273,""198"":5.66012961,""199"":8.198543617,""200"":2.538414008,""210"":17.0,""214"":1126.822079,""215"":243.9192976,""216"":1370.741377}"
4361529,Isiah Pacheco,RB,8,134.92,134.92,17.0,198,189,190,158.01,47.65,"{""23"":148.561167,""24"":640.0779902,""25"":4.532368441,""26"":0.085334918,""27"":128.0,""28"":64.0,""29"":32.0,""30"":25.0,""31"":12.0,""33"":29.0,""34"":14.0,""35"":0.294498437,""36"":0.206148906,""37"":1.055312563,""38"":0.036,""39"":4.308514824,""40"":37.65164648,""42"":114.3451431,""43"":0.791278576,""44"":0.017469514,""45"":0.037715331,""46"":0.024646969,""47"":22.0,""48"":11.0,""49"":5.0,""50"":4.0,""51"":2.0,""53"":17.15946159,""56"":0.047783044,""57"":0.001477826,""58"":21.49319622,""60"":6.663678955,""61"":6.726184888,""62"":0.102804433,""63"":0.004996067,""66"":1.017898185,""67"":0.117571672,""68"":1.135469857,""70"":0.468233165,""71"":0.065840136,""72"":0.534073302,""73"":0.534073302,""210"":17.0,""211"":36.08888164,""212"":6.238253676}"
-16024,Chargers D/ST,DST,24,141.31,141.31,17.0,250,250,250,162.73,46.36,"{""89"":0.17,""90"":0.765,""91"":2.805,""92"":2.72,""93"":0.124687429,""94"":1.554292253,""95"":12.81277563,""96"":7.979661536,""97"":1.89866894,""98"":0.261070148,""99"":39.72446518,""100"":79.44893036,""101"":0.158047715,""102"":0.308493455,""103"":1.025360984,""104"":0.528931268,""105"":2.145520852,""106"":12.27640236,""109"":1009.769799,""110"":336.0,""111"":201.0,""112"":57.44966893,""113"":84.37648793,""114"":1684.294849,""115"":328.7072401,""116"":168.0,""117"":67.0,""118"":32.0,""119"":13.0,""120"":370.6944727,""121"":2.465,""122"":3.74,""123"":2.805,""124"":1.36,""125"":0.17,""126"":21.80555722,""127"":5831.647373,""129"":0.501725777,""130"":4.251913361,""131"":3.835225852,""132"":3.894752639,""133"":2.610674804,""134"":1.275574008,""135"":0.49322195,""136"":0.13691161,""137"":343.0380807,""210"":17.0}"
4361331,Jamien Sherwood,LB,20,315.49,315.49,17.0,225,228,228,161.51,45.55,"{""93"":0.010214551,""94"":0.127681892,""95"":1.337703422,""96"":0.215118451,""97"":0.015321827,""98"":0.015321827,""99"":2.191127331,""100"":4.382254662,""103"":0.086823686,""104"":0.040858205,""105"":0.137896443,""106"":0.330951464,""107"":64.01947086,""108"":80.72466984,""109"":144.7441407,""110"":48.0,""111"":28.0,""112"":5.50500861,""113"":7.391284644,""210"":17.0}"
4242154,Kam Curl,S,14,258.72,258.72,17.0,311,311,311,165.8,45.5,"{""93"":0.010948377,""94"":0.13284031,""95"":1.695537044,""96"":0.50970115,""97"":0.071164452,""98"":0.009488594,""99"":0.648232659,""100"":1.296465319,""103"":0.085397342,""104"":0.047442968,""105"":0.143788687,""106"":0.784155616,""107"":41.9570394,""108"":72.00892867,""109"":113.9659681,""110"":37.0,""111"":22.0,""112"":1.301432536,""113"":6.042070283,""210"":17.0}"
4361423,Micah Parsons,DE,9,106.0,106.0,12.0,237,237,237,161.75,45.19,"{""93"":0.010870941,""94"":0.081477155,""95"":0.038895458,""96"":1.038900117,""97"":0.192053293,""98"":0.034918781,""99"":8.952906084,""100"":17.90581217,""103"":0.034918781,""104"":0.046558374,""105"":0.092348096,""106"":1.598307873,""107"":16.66493907,""108"":22.70384841,""109"":39.36878748,""110"":13.0,""111"":7.0,""112"":1.746487278,""113"":0.501115682,""210"":12.0}"
4426405,Trent McDuffie,CB,14,225.84,225.84,17.0,403,402,402,156.3,45.01,"{""93"":0.009955489,""94"":0.216400884,""95"":1.637703517,""96"":0.894994934,""97"":0.06968842,""98"":0.007335623,""99"":0.934344827,""100"":1.868689654,""103"":0.187058391,""104"":0.029342493,""105"":0.226356372,""106"":1.376915284,""107"":25.22023655,""108"":65.70802568,""109"":90.92826223,""110"":30.0,""111"":18.0,""112"":2.398818572,""113"":11.3864012,""210"":17.0}"
4682618,Cooper DeJean,CB,21,211.93,211.93,17.0,450,450,450,154.58,44.76,"{""93"":0.009993059,""94"":0.217217552,""95"":2.236775018,""96"":0.583047728,""97"":0.069951415,""98"":0.007363307,""99"":0.58345274,""100"":1.16690548,""103"":0.187764324,""104"":0.029453227,""105"":0.227210611,""106"":0.896996505,""107"":22.85112806,""108"":59.53562358,""109"":82.38675163,""110"":27.0,""111"":16.0,""112"":3.126263872,""113"":16.77433889,""210"":17.0}"
4043169,Jeremy Chinn,S,13,263.8,263.8,17.0,302,302,302,162.8,44.73,"{""93"":0.011014218,""94"":0.133639183,""95"":1.068785498,""96"":1.123521282,""97"":0.07159242,""98"":0.009545656,""99"":0.811649278,""100"":1.623298555,""103"":0.085910903,""104"":0.04772828,""105"":0.144653402,""106"":1.72849428,""107"":43.13116734,""108"":74.02403021,""109"":117.1551976,""110"":39.0,""111"":23.0,""112"":2.40095827,""113"":3.087354856,""210"":17.0}"
3052587,Baker Mayfield,QB,27,345.95,345.95,17.0,104,204,204,149.28,44.68,"{""0"":526.4515823,""1"":338.6941519,""2"":187.7574305,""3"":3827.751737,""4"":24.74017897,""5"":765.0,""6"":382.0,""7"":191.0,""8"":153.0,""9"":76.0,""10"":38.0,""11"":67.0,""12"":33.0,""15"":2.951142505,""16"":1.928571627,""17"":2.592235782,""18"":0.350143085,""19"":2.147891773,""20"":11.59295922,""21"":0.643352899,""22"":225.1618669,""23"":54.06059453,""24"":323.550112,""25"":1.396461782,""26"":0.127652569,""27"":64.0,""28"":32.0,""29"":16.0,""30"":12.0,""31"":6.0,""33"":10.0,""34"":5.0,""35"":0.10205812,""36"":0.071440684,""37"":0.267824699,""38"":0.00914,""39"":5.9849529,""40"":19.03235953,""62"":2.275544342,""63"":0.040673954,""64"":38.14733155,""65"":8.436300938,""66"":0.807779528,""68"":9.244080466,""69"":4.04942445,""70"":0.371578583,""72"":4.421003033,""73"":16.01396225,""210"":17.0,""211"":17.32218119}"
4686772,Christian Gonzalez,CB,17,218.97,218.97,17.0,453,453,453,155.24,43.77,"{""93"":0.009678549,""94"":0.210381094,""95"":2.15846556,""96"":0.600179818,""97"":0.067749844,""98"":0.007131563,""99"":0.183244771,""100"":0.366489542,""103"":0.181854844,""104"":0.02852625,""105"":0.220059643,""106"":0.923353566,""107"":23.86020251,""108"":62.164635,""109"":86.02483751,""110"":28.0,""111"":17.0,""112"":2.090243835,""113"":16.73245776,""210"":17.0}"
4379416,Quay Walker,LB,13,307.11,307.11,17.0,226,229,229,164.25,42.58,"{""93"":0.009902797,""94"":0.123784969,""95"":1.588313845,""96"":0.208552915,""97"":0.014854196,""98"":0.014854196,""99"":2.630541208,""100"":5.261082416,""103"":0.084173779,""104"":0.03961119,""105"":0.133687766,""106"":0.320850638,""107"":61.91376024,""108"":78.06949646,""109"":139.9832567,""110"":46.0,""111"":27.0,""112"":6.516457998,""113"":7.234602746,""210"":17.0}"
2612151,Alex Singleton,LB,7,310.47,310.47,17.0,258,258,258,166.95,42.22,"{""93"":0.010160576,""94"":0.127007199,""95"":0.668366946,""96"":1.033348079,""97"":0.015240864,""98"":0.015240864,""99"":2.075251759,""100"":4.150503519,""103"":0.086364895,""104"":0.040642304,""105"":0.137167775,""106"":1.589766275,""107"":63.32174907,""108"":79.84488498,""109"":143.166634,""110"":47.0,""111"":28.0,""112"":1.721385982,""113"":4.143856136,""210"":17.0}"
4360689,Tyler Shough,QB,18,338.35,338.35,17.0,78,183,183,155.21,41.73,"{""0"":548.0005084,""1"":356.4400764,""2"":191.5604319,""3"":3891.091295,""4"":20.40559168,""5"":778.0,""6"":389.0,""7"":194.0,""8"":155.0,""9"":77.0,""10"":38.0,""11"":71.0,""12"":35.0,""15"":3.041303632,""16"":1.987491924,""17"":2.745553269,""18"":0.370852258,""19"":1.064536702,""20"":11.10591773,""21"":0.650437492,""22"":228.8877232,""23"":65.58582963,""24"":284.6959195,""25"":4.296014612,""26"":0.217205952,""27"":56.0,""28"":28.0,""29"":14.0,""30"":11.0,""31"":5.0,""33"":13.0,""34"":6.0,""35"":0.12457063,""36"":0.087199441,""37"":0.207274662,""38"":0.00707,""39"":4.340814488,""40"":16.74681879,""62"":1.281742654,""63"":0.02995937,""64"":41.90008244,""65"":6.127666729,""66"":0.681281071,""68"":6.808947799,""69"":2.94128003,""70"":0.313389293,""72"":3.254669322,""73"":14.36058706,""210"":17.0,""211"":18.87207365}"
2971282,DeForest Buckner,DT,11,159.79,159.79,17.0,359,359,359,156.71,41.62,"{""93"":0.003938496,""94"":0.034720951,""95"":0.044969427,""96"":0.283102374,""97"":0.263879226,""98"":0.020832571,""99"":6.287046709,""100"":12.57409342,""103"":0.00694419,""104"":0.027776761,""105"":0.038659447,""106"":0.435542114,""107"":37.42543801,""108"":35.07157742,""109"":72.49701543,""110"":24.0,""111"":14.0,""112"":5.386817405,""113"":1.17893729,""210"":17.0}"
4431442,Tuli Tuipulotu,DE,24,138.78,138.78,17.0,204,207,207,160.29,41.04,"{""93"":0.014373557,""94"":0.107729086,""95"":0.188944537,""96"":1.286440855,""97"":0.253932845,""98"":0.046169608,""99"":9.638255843,""100"":19.27651169,""103"":0.046169608,""104"":0.061559477,""105"":0.122102643,""106"":1.979139776,""107"":22.26217431,""108"":30.32936567,""109"":52.59153998,""110"":17.0,""111"":10.0,""112"":11.1951907,""113"":2.546168901,""210"":17.0}"
4040982,Quinnen Williams,DT,6,135.68,135.68,17.0,506,506,506,158.08,40.51,"{""93"":0.003766346,""94"":0.033203311,""95"":0.02016226,""96"":1.470300372,""97"":0.252345161,""98"":0.019921986,""99"":5.644680441,""100"":11.28936088,""103"":0.006640662,""104"":0.026562649,""105"":0.036969656,""106"":2.262000573,""107"":30.28898809,""108"":28.38397217,""109"":58.67296026,""110"":19.0,""111"":11.0,""112"":4.737642615,""113"":0.493513317,""210"":17.0}"
4241223,Jalen Pitre,CB,34,220.44,220.44,17.0,390,390,390,165.53,39.96,"{""93"":0.008911779,""94"":0.19371394,""95"":1.507261232,""96"":0.131889643,""97"":0.062382455,""98"":0.006566574,""99"":1.532791787,""100"":3.065583574,""103"":0.167447643,""104"":0.026266297,""105"":0.202625719,""106"":0.202907144,""107"":24.69610991,""108"":64.34248233,""109"":89.03859224,""110"":29.0,""111"":17.0,""112"":4.999323502,""113"":12.99636469,""210"":17.0}"
17372,Chris Boswell,K,23,169.11,169.11,17.0,344,343,343,161.98,38.44,"{""74"":6.199452327,""75"":8.35323312,""76"":2.153780793,""77"":8.144755661,""78"":9.546552137,""79"":1.401796476,""80"":17.02585456,""81"":17.19783289,""82"":0.171978329,""83"":31.37006255,""84"":35.09761815,""85"":3.727555598,""86"":31.73091862,""87"":32.37848839,""88"":0.647569768,""198"":6.199452327,""199"":8.35323312,""200"":2.153780793,""210"":17.0,""214"":1212.060067,""215"":184.5443541,""216"":1396.604421}"
4695883,Jalen Coker,WR,29,157.68,157.68,17.0,191,180,180,160.43,38.12,"{""42"":697.9071552,""43"":3.164657036,""44"":0.191937861,""45"":0.1742056,""46"":0.113843359,""47"":139.0,""48"":69.0,""49"":34.0,""50"":27.0,""51"":13.0,""53"":61.2288008,""56"":0.955265527,""57"":0.029544295,""58"":88.7974407,""60"":11.39834761,""61"":41.05336207,""62"":0.191937861,""63"":0.004646296,""67"":1.055976367,""68"":1.055976367,""71"":0.591346766,""72"":0.591346766,""73"":0.591346766,""210"":17.0,""212"":33.34597229}"
4037333,Alex Highsmith,DE,23,155.82,155.82,17.0,216,220,220,163.78,37.91,"{""93"":0.014133371,""94"":0.105928899,""95"":0.331465871,""96"":0.860573061,""97"":0.249689547,""98"":0.045398099,""99"":9.131387757,""100"":18.26277551,""103"":0.045398099,""104"":0.060530799,""105"":0.120062269,""106"":1.323958556,""107"":25.88556886,""108"":35.2657774,""109"":61.15134625,""110"":20.0,""111"":12.0,""112"":7.109528695,""113"":4.34961281,""210"":17.0}"
3917657,Zack Baun,LB,21,277.82,277.82,17.0,278,279,279,167.82,37.85,"{""93"":0.010202947,""94"":0.127536837,""95"":1.106319989,""96"":0.649618083,""97"":0.01530442,""98"":0.01530442,""99"":2.433443266,""100"":4.866886532,""103"":0.086725049,""104"":0.040811788,""105"":0.137739783,""106"":0.999412436,""107"":55.69095182,""108"":70.22291247,""109"":125.9138643,""110"":41.0,""111"":25.0,""112"":4.494719419,""113"":6.705227668,""210"":17.0}"
4565190,Dallas Turner,DE,16,167.16,167.16,17.0,218,222,222,163.45,37.58,"{""93"":0.013469676,""94"":0.100954541,""95"":0.426816609,""96"":2.242708641,""97"":0.237964274,""98"":0.043266232,""99"":6.198579652,""100"":12.3971593,""103"":0.043266232,""104"":0.057688309,""105"":0.114424216,""106"":3.450320986,""107"":27.99509116,""108"":38.13973177,""109"":66.13482293,""110"":22.0,""111"":13.0,""112"":5.773544553,""113"":4.710588125,""210"":17.0}"
4877706,Jayden Higgins,WR,34,149.19,149.19,17.0,190,179,179,159.31,37.2,"{""42"":666.5371734,""43"":3.428946007,""44"":0.225396152,""45"":0.150803209,""46"":0.098549897,""47"":133.0,""48"":66.0,""49"":33.0,""50"":26.0,""51"":13.0,""53"":54.50603072,""56"":0.841252606,""57"":0.026018122,""58"":87.7748491,""60"":12.22868671,""61"":39.20806903,""62"":0.225396152,""63"":0.0035,""67"":0.794683373,""68"":0.794683373,""71"":0.445022689,""72"":0.445022689,""73"":0.445022689,""210"":17.0,""212"":31.05664213}"
4692025,Brian Branch,S,8,171.5,171.5,12.0,309,309,309,172.13,37.09,"{""93"":0.007501524,""94"":0.091018487,""95"":1.903932076,""96"":0.546022043,""97"":0.048759904,""98"":0.00650132,""99"":0.653313436,""100"":1.306626873,""103"":0.058511884,""104"":0.032506602,""105"":0.09852001,""106"":0.840033912,""107"":26.43281043,""108"":45.36541157,""109"":71.798222,""110"":23.0,""111"":14.0,""112"":3.669563975,""113"":8.23568338,""210"":12.0}"
4241470,Xavier McKinney,S,9,238.6,238.6,17.0,385,385,385,167.94,37.09,"{""93"":0.011043738,""94"":0.133997353,""95"":2.965803174,""96"":0.58021119,""97"":0.071784296,""98"":0.00957124,""99"":0.437878541,""100"":0.875757081,""103"":0.086141156,""104"":0.047856198,""105"":0.145041091,""106"":0.8926326,""107"":37.00547309,""108"":63.51078412,""109"":100.5162572,""110"":33.0,""111"":20.0,""112"":0.567284032,""113"":10.87245205,""210"":17.0}"
4032473,Rashid Shaheed,WR,26,147.37,147.37,17.0,206,196,196,158.4,37.07,"{""23"":13.80232125,""24"":86.72412132,""25"":0.508942,""26"":0.014531334,""27"":17.0,""28"":8.0,""29"":4.0,""30"":3.0,""31"":1.0,""33"":2.0,""34"":1.0,""35"":0.02550265,""36"":0.017851855,""37"":0.018858159,""38"":0.000643557,""39"":6.283299723,""40"":5.101418901,""42"":646.5842318,""43"":3.496746613,""44"":0.127078229,""45"":0.320673986,""46"":0.20956045,""47"":129.0,""48"":64.0,""49"":32.0,""50"":25.0,""51"":12.0,""53"":42.84726384,""56"":0.772709283,""57"":0.023898225,""58"":70.56193086,""60"":15.09044391,""61"":38.03436658,""62"":0.141609562,""63"":0.004985163,""66"":0.276046425,""67"":0.856945277,""68"":1.132991702,""70"":0.126981356,""71"":0.479889355,""72"":0.606870711,""73"":0.606870711,""101"":0.442760493,""102"":0.420865355,""114"":1239.50311,""115"":351.8598342,""116"":123.0,""117"":49.0,""118"":35.0,""119"":14.0,""210"":17.0,""211"":6.218209691,""212"":27.87672555}"
4426403,Nick Cross,S,28,245.29,245.29,17.0,346,347,347,172.13,36.31,"{""93"":0.01070385,""94"":0.129873385,""95"":1.356158787,""96"":0.566270997,""97"":0.069575028,""98"":0.00927667,""99"":1.346923841,""100"":2.693847682,""103"":0.083490033,""104"":0.046383352,""105"":0.140577235,""106"":0.87118615,""107"":39.67760219,""108"":68.09683586,""109"":107.774438,""110"":35.0,""111"":21.0,""112"":2.931992034,""113"":5.197623732,""210"":17.0}"
5081807,Sonny Styles,LB,28,269.61,269.61,17.0,300,301,301,167.35,34.61,"{""93"":0.009181447,""94"":0.114768085,""95"":0.95888051,""96"":0.741218199,""97"":0.01377217,""98"":0.01377217,""99"":1.972338136,""100"":3.944676273,""103"":0.078042298,""104"":0.036725787,""105"":0.123949532,""106"":1.140335691,""107"":54.34498352,""108"":68.52572808,""109"":122.8707116,""110"":40.0,""111"":24.0,""112"":7.301841261,""113"":5.794836087,""210"":17.0}"
4428557,Tyjae Spears,RB,10,159.27,159.27,17.0,280,231,231,168.5,33.94,"{""23"":97.28133065,""24"":410.9296958,""25"":2.707608016,""26"":0.036348587,""27"":82.0,""28"":41.0,""29"":20.0,""30"":16.0,""31"":8.0,""33"":19.0,""34"":9.0,""35"":0.187861315,""36"":0.13150292,""37"":0.434075308,""38"":0.0148,""39"":4.224137284,""40"":24.17233505,""42"":333.4265737,""43"":1.597039914,""44"":0.025171199,""45"":0.041205555,""46"":0.02692783,""47"":66.0,""48"":33.0,""49"":16.0,""50"":13.0,""51"":6.0,""53"":49.55099959,""56"":0.151900244,""57"":0.004697946,""58"":60.65256001,""60"":6.728957569,""61"":19.61332787,""62"":0.061519786,""63"":0.00377608,""66"":0.568586151,""67"":0.289613762,""68"":0.858199913,""70"":0.26154963,""71"":0.162183707,""72"":0.423733336,""73"":0.423733336,""210"":17.0,""211"":23.87584029,""212"":19.99224829}"
-16012,Chiefs D/ST,DST,12,143.58,143.58,17.0,249,249,249,162.49,33.63,"{""89"":0.216858429,""90"":0.977988994,""91"":3.40170085,""92"":3.061530765,""93"":0.126630769,""94"":1.59214748,""95"":12.08105772,""96"":6.86973124,""97"":1.768350921,""98"":0.257103184,""99"":41.17025214,""100"":82.34050427,""101"":0.165617698,""102"":0.236962485,""103"":1.063459148,""104"":0.528688332,""105"":2.121358433,""106"":10.56881729,""109"":1051.190359,""110"":350.0,""111"":210.0,""112"":51.6635744,""113"":70.56893542,""114"":1628.615419,""115"":260.1090042,""116"":162.0,""117"":65.0,""118"":26.0,""119"":10.0,""120"":358.830758,""121"":2.466233117,""122"":3.444222111,""123"":2.338669335,""124"":0.977988994,""125"":0.114807404,""126"":21.10769165,""127"":5701.326697,""129"":0.578520669,""130"":4.764287859,""131"":4.015614053,""132"":3.794414973,""133"":2.331097988,""134"":1.020918827,""135"":0.391352217,""136"":0.103793414,""137"":335.3721586,""210"":17.0}"
4870706,Caleb Downs,S,6,205.27,205.27,17.0,592,592,592,167.65,33.38,"{""93"":0.009841749,""94"":0.119413219,""95"":2.069736146,""96"":0.513252944,""97"":0.063971368,""98"":0.008529516,""99"":0.810868462,""100"":1.621736924,""103"":0.076765641,""104"":0.042647578,""105"":0.129254968,""106"":0.789619913,""107"":32.1946569,""108"":55.25420252,""109"":87.44885943,""110"":29.0,""111"":17.0,""112"":2.809484465,""113"":7.757532475,""210"":17.0}"
4035495,Derrick Brown,DT,29,153.6,153.6,17.0,594,594,594,165.51,32.99,"{""93"":0.004294402,""94"":0.037858547,""95"":0.018879802,""96"":0.546221952,""97"":0.287724958,""98"":0.022715128,""99"":3.819037504,""100"":7.638075009,""103"":0.007571709,""104"":0.030286838,""105"":0.042152949,""106"":0.840341465,""107"":36.98352071,""108"":34.65745436,""109"":71.64097507,""110"":23.0,""111"":14.0,""112"":1.646583653,""113"":0.431198676,""210"":17.0}"
4379397,Tyson Campbell,CB,5,216.81,216.81,17.0,414,415,415,170.66,31.97,"{""93"":0.009254531,""94"":0.201164289,""95"":2.336527308,""96"":1.05018902,""97"":0.06478172,""98"":0.006819128,""99"":0.138817151,""100"":0.277634302,""103"":0.173887775,""104"":0.027276514,""105"":0.21041882,""106"":1.615675416,""107"":23.21451769,""108"":60.4823877,""109"":83.69690539,""110"":27.0,""111"":16.0,""112"":2.108538023,""113"":17.31909855,""210"":17.0}"
17427,Cairo Santos,K,3,167.72,167.72,17.0,267,267,267,167.09,31.97,"{""74"":5.823513727,""75"":8.206112017,""76"":2.38259829,""77"":7.696448184,""78"":9.378413734,""79"":1.68196555,""80"":16.44985032,""81"":16.89493651,""82"":0.445086183,""83"":29.96981223,""84"":34.47946226,""85"":4.509650024,""86"":39.75973974,""87"":40.7100905,""88"":0.950350753,""198"":5.823513727,""199"":8.206112017,""200"":2.38259829,""210"":17.0,""214"":1154.305419,""215"":217.7013429,""216"":1372.006762}"
4578085,Jared Verse,DE,5,140.3,140.3,17.0,294,293,293,169.4,31.94,"{""93"":0.014551143,""94"":0.10906008,""95"":0.076250907,""96"":1.448303517,""97"":0.257070188,""98"":0.046740034,""99"":7.904558855,""100"":15.80911771,""103"":0.046740034,""104"":0.062320046,""105"":0.123611222,""106"":2.228159256,""107"":23.5130647,""108"":32.03354387,""109"":55.54660858,""110"":18.0,""111"":11.0,""112"":3.815649212,""113"":0.981729436,""210"":17.0}"
4428209,Ricky Pearsall,WR,25,0,0.0,,1508,1507,1507,170.14,31.79,{}
3929950,Tremaine Edmunds,LB,19,294.53,294.53,17.0,269,269,269,172.82,31.45,"{""93"":0.00992577,""94"":0.124072119,""95"":1.613067969,""96"":0.209036706,""97"":0.014888654,""98"":0.014888654,""99"":1.657779395,""100"":3.31555879,""103"":0.084369041,""104"":0.039703078,""105"":0.133997889,""106"":0.321594933,""107"":59.03599168,""108"":74.44080485,""109"":133.4767965,""110"":44.0,""111"":26.0,""112"":2.454931697,""113"":9.909176401,""210"":17.0}"
13977,Cameron Heyward,DT,23,140.49,140.49,17.0,615,615,615,173.47,31.22,"{""93"":0.003750209,""94"":0.033061049,""95"":0.058490951,""96"":0.482976206,""97"":0.251263971,""98"":0.019836629,""99"":3.04394207,""100"":6.087884139,""103"":0.00661221,""104"":0.026448839,""105"":0.036811257,""106"":0.743040317,""107"":33.77682534,""108"":31.65244304,""109"":65.42926837,""110"":21.0,""111"":13.0,""112"":4.408364481,""113"":1.479062118,""210"":17.0}"
4875196,Byron Young,DE,14,164.68,164.68,17.0,284,285,285,170.55,30.8,"{""93"":0.013570397,""94"":0.101709444,""95"":0.122964722,""96"":0.648542498,""97"":0.239743689,""98"":0.043589762,""99"":6.408252422,""100"":12.81650484,""103"":0.043589762,""104"":0.058119682,""105"":0.115279841,""106"":0.99775769,""107"":29.71992657,""108"":40.48959945,""109"":70.20952602,""110"":23.0,""111"":14.0,""112"":5.045341927,""113"":1.484991987,""210"":17.0}"
4567098,Jordan Battle,S,4,244.37,244.37,17.0,381,381,381,173.74,30.63,"{""93"":0.01065531,""94"":0.12928443,""95"":1.607733004,""96"":1.030730397,""97"":0.069259516,""98"":0.009234602,""99"":0.676627133,""100"":1.353254266,""103"":0.083111419,""104"":0.046173011,""105"":0.13993974,""106"":1.585739072,""107"":39.07950387,""108"":67.07034736,""109"":106.1498512,""110"":35.0,""111"":21.0,""112"":1.515886637,""113"":6.223968791,""210"":17.0}"
4361964,Chamarri Conner,S,12,244.45,244.45,17.0,353,354,354,174.08,30.1,"{""93"":0.010964632,""94"":0.133037534,""95"":0.842798952,""96"":1.089632835,""97"":0.071270107,""98"":0.009502681,""99"":1.381242376,""100"":2.762484753,""103"":0.085524129,""104"":0.047513405,""105"":0.144002166,""106"":1.676358208,""107"":39.7425744,""108"":68.20834468,""109"":107.9509191,""110"":35.0,""111"":21.0,""112"":2.534754971,""113"":3.058466179,""210"":17.0}"
4567104,Will Reichard,K,16,167.64,167.64,17.0,270,270,270,166.04,29.81,"{""74"":6.020785297,""75"":8.213680417,""76"":2.19289512,""77"":7.922861513,""78"":9.387063334,""79"":1.464201822,""80"":16.74141332,""81"":16.91051851,""82"":0.169105185,""83"":30.68506013,""84"":34.51126226,""85"":3.826202127,""86"":34.03554226,""87"":34.73014517,""88"":0.694602903,""198"":6.020785297,""199"":8.213680417,""200"":2.19289512,""210"":17.0,""214"":1183.893574,""215"":189.378574,""216"":1373.272148}"
4248911,DaRon Bland,CB,6,237.7,237.7,17.0,415,416,416,170.62,29.67,"{""93"":0.010002068,""94"":0.217413365,""95"":1.331996466,""96"":0.162750499,""97"":0.070014473,""98"":0.007369945,""99"":0.479254858,""100"":0.958509715,""103"":0.187933586,""104"":0.029479778,""105"":0.227415432,""106"":0.250385383,""107"":27.54687822,""108"":71.76978607,""109"":99.31666429,""110"":33.0,""111"":19.0,""112"":3.560829759,""113"":9.740570656,""210"":17.0}"
14958,Demario Davis,LB,20,286.11,286.11,17.0,283,283,283,174.53,28.89,"{""93"":0.009676943,""94"":0.120961792,""95"":0.595298628,""96"":1.046802367,""97"":0.014515415,""98"":0.014515415,""99"":2.036592718,""100"":4.073185436,""103"":0.082254019,""104"":0.038707774,""105"":0.130638736,""106"":1.610465181,""107"":58.32895458,""108"":73.54927395,""109"":131.8782285,""110"":43.0,""111"":26.0,""112"":3.921482818,""113"":3.28923552,""210"":17.0}"
4360277,Jalen Redmond,DT,16,138.75,138.75,17.0,573,573,573,168.85,28.62,"{""93"":0.004223129,""94"":0.037230218,""95"":0.021542663,""96"":0.586560052,""97"":0.28294966,""98"":0.022338131,""99"":4.142124432,""100"":8.284248864,""103"":0.007446044,""104"":0.029784175,""105"":0.041453348,""106"":0.90240008,""107"":32.89884837,""108"":30.82968615,""109"":63.72853452,""110"":21.0,""111"":12.0,""112"":7.319356227,""113"":0.458162109,""210"":17.0}"
4360259,Nik Bonitto,DE,7,124.44,124.44,17.0,289,289,289,168.98,28.45,"{""93"":0.011520995,""94"":0.086349274,""95"":0.216076128,""96"":1.858155703,""97"":0.203537574,""98"":0.037006832,""99"":9.543707545,""100"":19.08741509,""103"":0.037006832,""104"":0.049342442,""105"":0.097870269,""106"":2.858701082,""107"":18.81784698,""108"":25.63691014,""109"":44.45475712,""110"":14.0,""111"":8.0,""112"":3.093053742,""113"":2.879248919,""210"":17.0}"
4241463,Jerry Jeudy,WR,5,145.97,145.97,17.0,192,181,181,161.63,28.42,"{""42"":708.5405907,""43"":2.710666969,""44"":0.192662649,""45"":0.152429021,""46"":0.099612365,""47"":141.0,""48"":70.0,""49"":35.0,""50"":28.0,""51"":14.0,""53"":51.35945171,""56"":1.001116768,""57"":0.030962374,""58"":93.13281514,""60"":13.79571952,""61"":41.67885827,""62"":0.192662649,""63"":0.003610074,""67"":0.820471257,""68"":0.820471257,""71"":0.459463904,""72"":0.459463904,""73"":0.459463904,""210"":17.0,""212"":31.20400702}"
3052743,Trey Hendrickson,DE,33,124.56,124.56,17.0,288,288,288,171.74,28.1,"{""93"":0.013060513,""94"":0.097887882,""95"":0.221549432,""96"":1.422387106,""97"":0.230735721,""98"":0.041951949,""99"":9.854612786,""100"":19.70922557,""103"":0.041951949,""104"":0.055935932,""105"":0.110948394,""106"":2.188287855,""107"":19.11614907,""108"":26.04330859,""109"":45.15945767,""110"":15.0,""111"":9.0,""112"":3.271135691,""113"":2.741827848,""210"":17.0}"
3917792,Daniel Jones,QB,11,336.86,336.86,17.0,102,187,187,159.93,27.7,"{""0"":526.6056065,""1"":348.6300597,""2"":177.9755468,""3"":3741.984059,""4"":19.60129921,""5"":748.0,""6"":374.0,""7"":187.0,""8"":149.0,""9"":74.0,""10"":37.0,""11"":69.0,""12"":34.0,""15"":2.831865701,""16"":1.850624236,""17"":2.402646329,""18"":0.324534521,""19"":1.558962892,""20"":11.1333,""21"":0.662032564,""22"":220.1167094,""23"":73.03525084,""24"":307.3724339,""25"":5.895172568,""26"":0.289104041,""27"":61.0,""28"":30.0,""29"":15.0,""30"":12.0,""31"":6.0,""33"":14.0,""34"":7.0,""35"":0.139262244,""36"":0.097483571,""37"":0.241944933,""38"":0.00826,""39"":4.208549028,""40"":18.08073141,""62"":1.848066933,""63"":0.041649529,""64"":43.25501427,""65"":8.390453317,""66"":1.075348674,""68"":9.465801991,""69"":4.027417592,""70"":0.49466039,""72"":4.522077982,""73"":15.65537798,""210"":17.0,""211"":21.28250469}"
4242547,Paulson Adebo,CB,19,237.85,237.85,17.0,447,447,447,172.43,27.46,"{""93"":0.010038592,""94"":0.218207288,""95"":1.559460289,""96"":0.155602001,""97"":0.070270144,""98"":0.007396857,""99"":0.089244515,""100"":0.17848903,""103"":0.188619859,""104"":0.029587429,""105"":0.22824588,""106"":0.239387693,""107"":27.31813798,""108"":71.17383332,""109"":98.4919713,""110"":32.0,""111"":19.0,""112"":1.796226418,""113"":11.85358048,""210"":17.0}"
3129446,Robert Spillane,LB,17,285.91,285.91,17.0,276,277,277,172.95,27.27,"{""93"":0.010204065,""94"":0.127550808,""95"":1.217436654,""96"":0.718817305,""97"":0.015306097,""98"":0.015306097,""99"":2.308483418,""100"":4.616966836,""103"":0.086734549,""104"":0.040816259,""105"":0.137754873,""106"":1.105872777,""107"":57.14555577,""108"":72.05707983,""109"":129.2026356,""110"":43.0,""111"":25.0,""112"":2.787044627,""113"":7.627296806,""210"":17.0}"
16802,DeMarcus Lawrence,DE,26,135.65,135.65,17.0,282,282,282,173.07,26.91,"{""93"":0.011181369,""94"":0.083803798,""95"":0.090329718,""96"":2.621489993,""97"":0.197537524,""98"":0.035915913,""99"":6.836504642,""100"":13.67300928,""103"":0.035915913,""104"":0.047887885,""105"":0.094985167,""106"":4.033061528,""107"":21.89509624,""108"":29.82926874,""109"":51.72436499,""110"":17.0,""111"":10.0,""112"":4.789233038,""113"":1.360436814,""210"":17.0}"
4035232,Tyrel Dodson,LB,15,287.34,287.34,17.0,261,261,261,171.97,26.48,"{""93"":0.009188576,""94"":0.114857204,""95"":0.620238978,""96"":0.670284228,""97"":0.013782864,""98"":0.013782864,""99"":2.464958902,""100"":4.929917805,""103"":0.078102899,""104"":0.036754305,""105"":0.12404578,""106"":1.031206504,""107"":58.70638907,""108"":74.02519594,""109"":132.731585,""110"":44.0,""111"":26.0,""112"":7.307760291,""113"":3.589592913,""210"":17.0}"
4036378,Jordan Love,QB,9,341.63,341.63,17.0,135,284,284,159.4,26.11,"{""0"":531.1043881,""1"":341.9817743,""2"":189.1226138,""3"":3994.841198,""4"":25.11760896,""5"":798.0,""6"":399.0,""7"":199.0,""8"":159.0,""9"":79.0,""10"":39.0,""11"":68.0,""12"":34.0,""15"":3.192164908,""16"":2.086079768,""17"":3.0181738,""18"":0.407676143,""19"":0.796405328,""20"":10.70133674,""21"":0.643906889,""22"":234.9906587,""23"":50.38740303,""24"":212.9837099,""25"":0.916234128,""26"":0.024962456,""27"":42.0,""28"":21.0,""29"":10.0,""30"":8.0,""31"":4.0,""33"":10.0,""34"":5.0,""35"":0.094939276,""36"":0.066457493,""37"":0.116,""38"":0.00395,""39"":4.226923737,""40"":12.52845353,""62"":0.821367784,""63"":0.036353767,""64"":28.9750604,""65"":7.580263254,""66"":0.681956427,""68"":8.262219681,""69"":3.638526362,""70"":0.313699956,""72"":3.952226319,""73"":14.65356306,""210"":17.0,""211"":13.00770255}"
4039303,Ed Oliver,DT,2,116.83,116.83,17.0,576,576,576,171.56,26.08,"{""93"":0.003833355,""94"":0.033794054,""95"":0.004479779,""96"":1.120405676,""97"":0.25683481,""98"":0.020276432,""99"":6.365733433,""100"":12.73146687,""103"":0.006758811,""104"":0.027035243,""105"":0.037627409,""106"":1.723701039,""107"":25.53213257,""108"":23.92629751,""109"":49.45843008,""110"":16.0,""111"":9.0,""112"":6.190045334,""113"":0.106167734,""210"":17.0}"
4362487,Tre'von Moehrig,S,29,231.9,231.9,17.0,366,367,367,175.2,26.01,"{""93"":0.011030614,""94"":0.133838112,""95"":0.839184313,""96"":0.150065983,""97"":0.071698989,""98"":0.009559865,""99"":1.817472195,""100"":3.634944389,""103"":0.086038786,""104"":0.047799326,""105"":0.144868726,""106"":0.230870743,""107"":38.18279528,""108"":65.53136781,""109"":103.7141631,""110"":34.0,""111"":20.0,""112"":8.553944114,""113"":2.936206758,""210"":17.0}"
4034790,Antoine Winfield Jr.,S,27,224.75,224.75,17.0,446,446,446,174.57,25.51,"{""93"":0.011018015,""94"":0.133685248,""95"":1.9843948,""96"":0.613384128,""97"":0.071617097,""98"":0.009548946,""99"":1.698403756,""100"":3.396807513,""103"":0.085940516,""104"":0.047744731,""105"":0.144703262,""106"":0.943667889,""107"":35.11022953,""108"":60.25806514,""109"":95.36829467,""110"":31.0,""111"":19.0,""112"":2.190503621,""113"":8.278153545,""210"":17.0}"
4241986,Chase Young,DE,18,133.1,133.1,17.0,272,272,272,171.01,25.1,"{""93"":0.013256446,""94"":0.099356396,""95"":0.230000662,""96"":1.270868706,""97"":0.234197218,""98"":0.042581312,""99"":10.16751442,""100"":20.33502883,""103"":0.042581312,""104"":0.056775083,""105"":0.112612842,""106"":1.955182625,""107"":20.80165732,""108"":28.33959804,""109"":49.14125535,""110"":16.0,""111"":9.0,""112"":2.847797051,""113"":3.024020452,""210"":17.0}"
4685759,Jalen Carter,DT,21,115.42,115.42,17.0,657,657,657,167.57,24.97,"{""93"":0.004773896,""94"":0.042085665,""95"":0.005267263,""96"":0.224099635,""97"":0.31985105,""98"":0.025251399,""99"":5.497165239,""100"":10.99433048,""103"":0.008417133,""104"":0.033668532,""105"":0.046859561,""106"":0.344768668,""107"":26.61812701,""108"":24.94398868,""109"":51.56211569,""110"":17.0,""111"":10.0,""112"":2.969157636,""113"":0.13221674,""210"":17.0}"
3929645,Juwan Johnson,TE,18,150.47,150.47,17.0,329,273,221,164.21,24.35,"{""42"":637.0221,""43"":2.746889639,""44"":0.143565516,""45"":0.125879388,""46"":0.08226218,""47"":127.0,""48"":63.0,""49"":31.0,""50"":25.0,""51"":12.0,""53"":63.50965554,""56"":0.741809455,""57"":0.02294256,""58"":87.58563618,""60"":10.03031893,""61"":37.47188823,""62"":0.143565516,""63"":0.004691472,""67"":1.066243624,""68"":1.066243624,""71"":0.59709643,""72"":0.59709643,""73"":0.59709643,""210"":17.0,""212"":32.01605166}"
-16016,Vikings D/ST,DST,16,132.85,132.85,17.0,505,505,505,168.6,24.31,"{""89"":0.141907428,""90"":0.637308807,""91"":2.44726582,""92"":2.515245426,""93"":0.124810129,""94"":1.537830553,""95"":10.65698354,""96"":9.243167757,""97"":1.964771386,""98"":0.272929687,""99"":38.48018506,""100"":76.96037012,""101"":0.156144081,""102"":0.219536426,""103"":1.006492725,""104"":0.531337827,""105"":2.038321189,""106"":14.22025809,""109"":1108.949355,""110"":369.0,""111"":221.0,""112"":64.81116595,""113"":65.51560121,""114"":1662.581583,""115"":269.3160853,""116"":166.0,""117"":66.0,""118"":26.0,""119"":10.0,""120"":380.1729735,""121"":2.464260722,""122"":3.917324803,""123"":3.084574628,""124"":1.589023293,""125"":0.203089073,""126"":22.36311609,""127"":5948.773959,""129"":0.27175542,""130"":2.717554201,""131"":3.295034469,""132"":4.195224298,""133"":3.447896893,""134"":2.038165651,""135"":0.798281547,""136"":0.236087521,""137"":349.92788,""210"":17.0}"
3916409,Jonathan Greenard,DE,21,142.05,142.05,17.0,265,265,265,174.32,23.98,"{""93"":0.013435013,""94"":0.100694743,""95"":0.340268072,""96"":1.044646109,""97"":0.237351895,""98"":0.04315489,""99"":8.381814528,""100"":16.76362906,""103"":0.04315489,""104"":0.057539853,""105"":0.114129756,""106"":1.60714786,""107"":23.20605211,""108"":31.61527848,""109"":54.82133059,""110"":18.0,""111"":10.0,""112"":5.556760389,""113"":4.432376946,""210"":17.0}"
4036261,Devin Bush,LB,3,273.75,273.75,17.0,292,292,292,173.26,22.71,"{""93"":0.00859573,""94"":0.107446623,""95"":1.15764033,""96"":1.101687047,""97"":0.012893595,""98"":0.012893595,""99"":1.572336426,""100"":3.144672851,""103"":0.073063704,""104"":0.034382919,""105"":0.116042353,""106"":1.694903149,""107"":54.56521186,""108"":68.80342266,""109"":123.3686345,""110"":41.0,""111"":24.0,""112"":5.431729096,""113"":7.529568258,""210"":17.0}"
4950400,Arvell Reese,LB,19,253.84,253.84,17.0,501,501,501,171.69,22.58,"{""93"":0.008631104,""94"":0.107888799,""95"":0.886771014,""96"":0.696789021,""97"":0.012946656,""98"":0.012946656,""99"":2.072065433,""100"":4.144130867,""103"":0.073364383,""104"":0.034524416,""105"":0.116519903,""106"":1.071983109,""107"":51.0875042,""108"":64.41824424,""109"":115.5057484,""110"":38.0,""111"":23.0,""112"":6.646212654,""113"":5.44748924,""210"":17.0}"
4035245,Nnamdi Madubuike,DT,33,115.04,115.04,17.0,606,606,606,173.74,22.03,"{""93"":0.003537946,""94"":0.031189786,""95"":0.188576651,""96"":0.572094709,""97"":0.237042377,""98"":0.018713872,""99"":5.357499257,""100"":10.71499851,""103"":0.006237957,""104"":0.024951829,""105"":0.034727732,""106"":0.880145706,""107"":24.96776453,""108"":23.39742521,""109"":48.36518973,""110"":16.0,""111"":9.0,""112"":4.404982932,""113"":4.497212557,""210"":17.0}"
4362088,DeMarvion Overshown,LB,6,277.21,277.21,17.0,303,304,304,172.09,22.02,"{""93"":0.009674663,""94"":0.12093329,""95"":0.772865314,""96"":0.627335239,""97"":0.014511995,""98"":0.014511995,""99"":1.698506567,""100"":3.397013133,""103"":0.082234637,""104"":0.038698653,""105"":0.130607953,""106"":0.965131137,""107"":56.582533,""108"":71.34714226,""109"":127.9296753,""110"":42.0,""111"":25.0,""112"":6.709712454,""113"":4.567670894,""210"":17.0}"
3929846,DeShon Elliott,S,23,235.93,235.93,17.0,386,386,386,176.22,22.0,"{""93"":0.009223135,""94"":0.111907375,""95"":1.734170102,""96"":0.941311974,""97"":0.059950379,""98"":0.007993384,""99"":1.50457624,""100"":3.00915248,""103"":0.071940455,""104"":0.039966919,""105"":0.12113051,""106"":1.448172268,""107"":37.27966484,""108"":63.98136676,""109"":101.2610316,""110"":33.0,""111"":20.0,""112"":1.298039368,""113"":6.714882029,""210"":17.0}"
3121544,T.J. Edwards,LB,3,282.76,282.76,17.0,297,297,297,175.07,21.35,"{""93"":0.010207429,""94"":0.127592865,""95"":1.320671229,""96"":0.320151308,""97"":0.015311144,""98"":0.015311144,""99"":2.257969298,""100"":4.515938596,""103"":0.086763148,""104"":0.040829717,""105"":0.137800294,""106"":0.492540473,""107"":56.60565476,""108"":71.3762974,""109"":127.9819522,""110"":42.0,""111"":25.0,""112"":3.30216016,""113"":8.589960026,""210"":17.0}"
3925357,Calvin Ridley,WR,10,153.01,153.01,17.0,208,200,200,167.23,21.09,"{""23"":6.080083165,""24"":32.00050276,""25"":0.245764832,""26"":0.003299298,""27"":6.0,""28"":3.0,""29"":1.0,""30"":1.0,""33"":1.0,""35"":0.011187236,""36"":0.007831065,""37"":0.002412863,""38"":8.23417e-05,""39"":5.263168594,""40"":1.882382515,""42"":721.5715447,""43"":3.575995681,""44"":0.056302381,""45"":0.204671955,""46"":0.133753123,""47"":144.0,""48"":72.0,""49"":36.0,""50"":28.0,""51"":14.0,""53"":46.2145611,""56"":1.047734861,""57"":0.032404171,""58"":88.22190547,""60"":15.61351071,""61"":42.44538498,""62"":0.059601678,""63"":0.003608854,""66"":0.095360606,""67"":0.724833595,""68"":0.820194201,""70"":0.043865879,""71"":0.405906813,""72"":0.449772692,""73"":0.449772692,""210"":17.0,""211"":3.705099544,""212"":30.74450581}"
4372012,Pat Surtain II,CB,7,160.27,160.27,17.0,787,787,787,165.67,20.59,"{""93"":0.00995156,""94"":0.216315486,""95"":1.826522614,""96"":0.147277849,""97"":0.069660919,""98"":0.007332728,""99"":0.073037748,""100"":0.146075496,""103"":0.186984572,""104"":0.029330913,""105"":0.226267046,""106"":0.226581305,""107"":17.27692031,""108"":45.01275479,""109"":62.28967509,""110"":20.0,""111"":12.0,""112"":1.3466634,""113"":14.01216037,""210"":17.0}"
3919117,Azeez Al-Shaair,LB,34,272.29,272.29,17.0,475,475,475,172.97,20.15,"{""93"":0.010169422,""94"":0.127117774,""95"":1.261102146,""96"":0.677745473,""97"":0.015254133,""98"":0.015254133,""99"":0.91911966,""100"":1.838239321,""103"":0.086440086,""104"":0.040677688,""105"":0.137287196,""106"":1.042685343,""107"":54.57821883,""108"":68.81982365,""109"":123.3980425,""110"":41.0,""111"":24.0,""112"":2.186994428,""113"":8.788065501,""210"":17.0}"
3925345,Minkah Fitzpatrick,S,20,221.06,221.06,17.0,461,461,461,174.49,19.85,"{""93"":0.011002194,""94"":0.133493289,""95"":2.186704377,""96"":0.721877204,""97"":0.071514262,""98"":0.009535235,""99"":1.067015348,""100"":2.134030696,""103"":0.085817114,""104"":0.047676175,""105"":0.144495483,""106"":1.110580314,""107"":34.60670679,""108"":59.39389233,""109"":94.00059913,""110"":31.0,""111"":18.0,""112"":3.596581997,""113"":7.662452469,""210"":17.0}"
2971622,Leonard Williams,DT,26,123.91,123.91,17.0,642,642,642,176.25,19.7,"{""93"":0.004038543,""94"":0.035602944,""95"":0.119895903,""96"":0.102055838,""97"":0.270582372,""98"":0.021361766,""99"":4.275451298,""100"":8.550902595,""103"":0.007120589,""104"":0.028482355,""105"":0.039641486,""106"":0.157008981,""107"":28.68731646,""108"":26.88303715,""109"":55.5703536,""110"":18.0,""111"":11.0,""112"":3.850151437,""113"":3.479669683,""210"":17.0}"
3915239,Josh Hines-Allen,DE,30,134.44,134.44,17.0,372,372,372,174.99,19.18,"{""93"":0.014604378,""94"":0.109459078,""95"":0.126747544,""96"":0.293487152,""97"":0.258010683,""98"":0.046911033,""99"":9.718248015,""100"":19.43649603,""103"":0.046911033,""104"":0.062548044,""105"":0.124063456,""106"":0.451518695,""107"":22.39857425,""108"":30.51519315,""109"":52.91376741,""110"":17.0,""111"":10.0,""112"":2.712066288,""113"":2.052491001,""210"":17.0}"
3134690,Montez Sweat,DE,3,133.92,133.92,17.0,296,296,296,175.79,19.15,"{""93"":0.013440915,""94"":0.10073898,""95"":0.120393005,""96"":1.890683815,""97"":0.237456167,""98"":0.043173848,""99"":7.081561347,""100"":14.16312269,""103"":0.043173848,""104"":0.057565131,""105"":0.114179895,""106"":2.908744332,""107"":21.99071773,""108"":29.9595408,""109"":51.95025854,""110"":17.0,""111"":10.0,""112"":4.960169941,""113"":1.6829856,""210"":17.0}"
4431519,Barrett Carter,LB,4,293.47,293.47,17.0,308,308,308,175.2,19.02,"{""93"":0.010215082,""94"":0.127688527,""95"":0.909047641,""96"":0.215129631,""97"":0.015322623,""98"":0.015322623,""99"":1.687750589,""100"":3.375501178,""103"":0.086828199,""104"":0.040860329,""105"":0.13790361,""106"":0.330968663,""107"":60.17355068,""108"":75.87519776,""109"":136.0487484,""110"":45.0,""111"":27.0,""112"":0.959120986,""113"":5.549099263,""210"":17.0}"
3919512,Jessie Bates III,S,1,220.33,220.33,17.0,586,586,586,173.66,18.78,"{""93"":0.011043909,""94"":0.133999425,""95"":1.534437399,""96"":0.594276981,""97"":0.071785406,""98"":0.009571387,""99"":0.358586974,""100"":0.717173949,""103"":0.086142487,""104"":0.047856937,""105"":0.145043334,""106"":0.914272278,""107"":35.39283996,""108"":60.74309638,""109"":96.13593634,""110"":32.0,""111"":19.0,""112"":1.038503094,""113"":6.330554282,""210"":17.0}"
3126356,Marlon Humphrey,CB,33,188.54,188.54,17.0,589,589,589,174.82,18.73,"{""93"":0.008940265,""94"":0.19433312,""95"":1.933349631,""96"":1.107666704,""97"":0.062581852,""98"":0.006587563,""99"":0.762247145,""100"":1.524494291,""103"":0.167982866,""104"":0.026350254,""105"":0.203273384,""106"":1.704102621,""107"":20.09844745,""108"":52.36387449,""109"":72.46232194,""110"":24.0,""111"":14.0,""112"":2.392804437,""113"":13.77487176,""210"":17.0}"
3044859,Chris Jones,DT,12,93.79,93.79,17.0,636,636,636,174.16,18.66,"{""93"":0.004314726,""94"":0.038037714,""95"":0.020775092,""96"":0.114992602,""97"":0.289086627,""98"":0.022822628,""99"":8.232985063,""100"":16.46597013,""103"":0.007607543,""104"":0.030430171,""105"":0.04235244,""106"":0.176911695,""107"":19.61271537,""108"":18.3791801,""109"":37.99189546,""110"":12.0,""111"":7.0,""112"":5.064178349,""113"":0.492349715,""210"":17.0}"
4369835,Alontae Taylor,CB,10,203.55,203.55,17.0,568,568,568,175.05,18.59,"{""93"":0.010031878,""94"":0.218061343,""95"":1.382790132,""96"":0.148466511,""97"":0.070223144,""98"":0.00739191,""99"":1.513930102,""100"":3.027860204,""103"":0.188493704,""104"":0.02956764,""105"":0.228093221,""106"":0.228410017,""107"":22.80199674,""108"":59.40761836,""109"":82.2096151,""110"":27.0,""111"":16.0,""112"":4.710681285,""113"":11.45878946,""210"":17.0}"
4430834,Jalen McMillan,WR,27,139.95,139.95,17.0,207,197,197,167.4,18.49,"{""23"":4.365431518,""24"":24.61765938,""25"":0.215005318,""26"":0.019649906,""27"":4.0,""28"":2.0,""29"":1.0,""35"":0.008024843,""36"":0.00561739,""37"":0.001387044,""38"":4.73345e-05,""39"":5.639227022,""40"":1.448097611,""42"":589.2602151,""43"":3.880090873,""44"":0.336552581,""45"":0.177415625,""46"":0.115941111,""47"":117.0,""48"":58.0,""49"":29.0,""50"":23.0,""51"":11.0,""53"":47.302131,""56"":0.598470056,""57"":0.018509383,""58"":74.6600214,""60"":12.45737142,""61"":34.66236559,""62"":0.356202487,""63"":0.003314517,""66"":0.063646826,""67"":0.689652439,""68"":0.753299264,""70"":0.02927754,""71"":0.386205366,""72"":0.415482906,""73"":0.415482906,""210"":17.0,""211"":3.328713643,""212"":27.46812057}"
4570044,Jaquan Brisker,S,23,231.75,231.75,17.0,512,512,512,176.24,17.83,"{""93"":0.010952473,""94"":0.132890007,""95"":2.192138526,""96"":0.149002921,""97"":0.071191075,""98"":0.009492143,""99"":1.723848356,""100"":3.447696711,""103"":0.08542929,""104"":0.047460717,""105"":0.14384248,""106"":0.229235262,""107"":36.53159927,""108"":62.69749638,""109"":99.22909566,""110"":33.0,""111"":19.0,""112"":0.276836624,""113"":8.488182084,""210"":17.0}"
4723820,Omar Cooper Jr.,WR,20,110.37,110.37,17.0,285,224,224,170.28,17.66,"{""23"":2.172129233,""24"":11.97071897,""25"":0.106362977,""26"":0.012020524,""27"":2.0,""28"":1.0,""35"":0.003988199,""36"":0.00279174,""37"":0.00028311,""38"":9.66147e-06,""39"":5.511052836,""40"":0.704159939,""42"":477.8564452,""43"":2.625713882,""44"":0.320090549,""45"":0.20645752,""46"":0.134919989,""47"":95.0,""48"":47.0,""49"":23.0,""50"":19.0,""51"":9.0,""53"":39.6602816,""56"":0.342492103,""57"":0.010592539,""58"":58.39883015,""60"":12.0487406,""61"":28.10920266,""62"":0.332111073,""63"":0.00335448,""66"":0.03958633,""67"":0.722795394,""68"":0.762381724,""70"":0.018209712,""71"":0.404765421,""72"":0.422975132,""73"":0.422975132,""210"":17.0,""211"":2.687442479,""212"":22.14127774}"
16710,Khalil Mack,DE,24,123.88,123.88,17.0,444,444,444,175.89,17.48,"{""93"":0.011200174,""94"":0.083944742,""95"":0.152524188,""96"":2.316495799,""97"":0.197869749,""98"":0.035976318,""99"":6.221219158,""100"":12.44243832,""103"":0.035976318,""104"":0.047968424,""105"":0.095144916,""106"":3.56383969,""107"":19.8475339,""108"":27.03972689,""109"":46.88726078,""110"":15.0,""111"":9.0,""112"":3.246120501,""113"":2.055377473,""210"":17.0}"
4430438,Edgerrin Cooper,LB,9,266.74,266.74,17.0,508,508,508,173.3,17.29,"{""93"":0.009929338,""94"":0.124116728,""95"":0.868121966,""96"":1.074105155,""97"":0.014894007,""98"":0.014894007,""99"":1.550480643,""100"":3.100961287,""103"":0.084399375,""104"":0.039717353,""105"":0.134046066,""106"":1.65246947,""107"":53.79626032,""108"":67.8338214,""109"":121.6300817,""110"":40.0,""111"":24.0,""112"":2.975639861,""113"":5.01820375,""210"":17.0}"
4241597,Daiyan Henley,LB,24,273.35,273.35,17.0,380,380,380,173.71,17.06,"{""93"":0.010206893,""94"":0.127586166,""95"":1.038863192,""96"":0.214957172,""97"":0.01531034,""98"":0.01531034,""99"":2.183928677,""100"":4.367857354,""103"":0.086758593,""104"":0.040827573,""105"":0.137793059,""106"":0.330703341,""107"":55.3462734,""108"":69.78829389,""109"":125.1345673,""110"":41.0,""111"":25.0,""112"":3.659843025,""113"":6.51371138,""210"":17.0}"
4696211,Malik Mustapha,S,25,243.62,243.62,17.0,428,428,428,176.44,16.81,"{""93"":0.010996024,""94"":0.13341843,""95"":1.380513739,""96"":0.149595415,""97"":0.071474159,""98"":0.009529888,""99"":0.49099038,""100"":0.98198076,""103"":0.085768991,""104"":0.047649439,""105"":0.144414455,""106"":0.230146792,""107"":40.09528895,""108"":68.81369236,""109"":108.9089813,""110"":36.0,""111"":21.0,""112"":4.208517923,""113"":4.61536688,""210"":17.0}"
3150744,Chase McLaughlin,K,27,167.46,167.46,17.0,345,344,344,169.04,16.66,"{""74"":5.975411639,""75"":8.206112017,""76"":2.230700379,""77"":7.870045797,""78"":9.378413734,""79"":1.508367937,""80"":16.72598714,""81"":16.89493651,""82"":0.168949365,""83"":30.57144458,""84"":34.47946226,""85"":3.908017681,""86"":34.74252494,""87"":35.45155606,""88"":0.709031121,""198"":5.975411639,""199"":8.206112017,""200"":2.230700379,""210"":17.0,""214"":1178.603904,""215"":193.4028586,""216"":1372.006762}"
3912547,Sam Darnold,QB,26,319.17,319.17,17.0,155,321,321,163.11,16.62,"{""0"":512.6837862,""1"":335.1400292,""2"":177.543757,""3"":4013.435906,""4"":24.04416005,""5"":802.0,""6"":401.0,""7"":200.0,""8"":160.0,""9"":80.0,""10"":40.0,""11"":67.0,""12"":33.0,""15"":3.219441985,""16"":2.103905337,""17"":3.068664783,""18"":0.414496151,""19"":0.867089004,""20"":12.35191098,""21"":0.653697344,""22"":236.0844651,""23"":44.07392875,""24"":125.592224,""25"":0.849183808,""26"":0.024252537,""27"":25.0,""28"":12.0,""29"":6.0,""30"":5.0,""31"":2.0,""33"":8.0,""34"":4.0,""35"":0.082765757,""36"":0.05793603,""37"":0.0399,""38"":0.00136,""39"":2.849580865,""40"":7.387777882,""62"":0.89134154,""63"":0.041946094,""64"":38.2424593,""65"":8.827042579,""66"":0.706160668,""68"":9.533203248,""69"":4.236980438,""70"":0.324833907,""72"":4.561814345,""73"":16.91372532,""210"":17.0,""211"":9.623351225}"
4570040,Byron Murphy II,DT,26,126.88,126.88,17.0,651,651,651,174.86,16.61,"{""93"":0.003814179,""94"":0.033625002,""95"":0.041771489,""96"":0.096386069,""97"":0.255550018,""98"":0.020175001,""99"":4.634998533,""100"":9.269997066,""103"":0.006725,""104"":0.026900002,""105"":0.037439182,""106"":0.14828626,""107"":29.94084563,""108"":28.05772601,""109"":57.99857164,""110"":19.0,""111"":11.0,""112"":2.697078256,""113"":1.212309834,""210"":17.0}"
4832800,Denzel Boston,WR,5,138.52,138.52,17.0,211,202,202,166.59,16.59,"{""42"":638.0732565,""43"":2.763292557,""44"":0.196470227,""45"":0.160938245,""46"":0.105173143,""47"":127.0,""48"":63.0,""49"":31.0,""50"":25.0,""51"":12.0,""53"":51.5978281,""56"":0.749207761,""57"":0.023171374,""58"":82.78472457,""60"":12.36628129,""61"":37.53372097,""62"":0.196470227,""63"":0.004137554,""67"":0.940353194,""68"":0.940353194,""71"":0.526597789,""72"":0.526597789,""73"":0.526597789,""102"":0.059210212,""115"":59.21021234,""118"":5.0,""119"":2.0,""210"":17.0,""212"":29.33664758}"
4362619,Chris Rodriguez Jr.,RB,30,77.06,77.06,17.0,199,193,193,168.17,16.52,"{""23"":100.4137087,""24"":431.3047108,""25"":3.390201462,""26"":0.13535719,""27"":86.0,""28"":43.0,""29"":21.0,""30"":17.0,""31"":8.0,""33"":20.0,""34"":10.0,""35"":0.194232058,""36"":0.135962441,""37"":0.479161479,""38"":0.0164,""39"":4.295277174,""40"":25.37086534,""42"":29.42579865,""43"":0.158197787,""44"":0.006534938,""45"":0.036535129,""46"":0.023875707,""47"":5.0,""48"":2.0,""49"":1.0,""50"":1.0,""53"":4.119773833,""56"":0.016120267,""57"":0.000498565,""58"":5.67055736,""60"":7.14257623,""61"":1.730929332,""62"":0.141892128,""63"":0.002644131,""66"":0.5772553,""67"":0.023683632,""68"":0.600938932,""70"":0.265537438,""71"":0.013262834,""72"":0.278800272,""73"":0.278800272,""210"":17.0,""211"":25.26298581,""212"":0.66545978}"
4242207,Patrick Queen,LB,23,261.34,261.34,17.0,560,560,560,174.43,16.52,"{""93"":0.01016839,""94"":0.127104873,""95"":0.670272117,""96"":0.621228988,""97"":0.015252585,""98"":0.015252585,""99"":2.035206463,""100"":4.070412927,""103"":0.086431314,""104"":0.040673559,""105"":0.137273263,""106"":0.955736904,""107"":53.19168302,""108"":67.07148609,""109"":120.2631691,""110"":40.0,""111"":24.0,""112"":5.281959439,""113"":4.092420168,""210"":17.0}"
4373626,Tyler Allgeier,RB,22,97.97,97.97,17.0,274,216,216,169.4,16.5,"{""23"":97.41529931,""24"":385.1141209,""25"":3.322644123,""26"":0.169356078,""27"":77.0,""28"":38.0,""29"":19.0,""30"":15.0,""31"":7.0,""33"":19.0,""34"":9.0,""35"":0.188141898,""36"":0.131699329,""37"":0.382287211,""38"":0.013045996,""39"":3.95332277,""40"":22.65377182,""42"":125.8709467,""43"":0.393102366,""44"":0.021626482,""45"":0.041531522,""46"":0.02714085,""47"":25.0,""48"":12.0,""49"":6.0,""50"":5.0,""51"":2.0,""53"":18.10001103,""56"":0.051227414,""57"":0.001584353,""58"":22.91408489,""60"":6.954191716,""61"":7.404173338,""62"":0.190982559,""63"":0.00217446,""66"":0.416760342,""67"":0.077435134,""68"":0.494195476,""70"":0.191709757,""71"":0.043363675,""72"":0.235073433,""73"":0.235073433,""210"":17.0,""211"":23.47081871,""212"":6.607651907}"
4381558,Jordan Davis,DT,21,131.06,131.06,17.0,660,660,660,174.75,16.44,"{""93"":0.003201319,""94"":0.028222152,""95"":0.003532165,""96"":0.096103809,""97"":0.214488351,""98"":0.016933291,""99"":2.880853644,""100"":5.761707288,""103"":0.00564443,""104"":0.022577721,""105"":0.03142347,""106"":0.147852013,""107"":32.2984252,""108"":30.2670264,""109"":62.5654516,""110"":20.0,""111"":12.0,""112"":5.004067295,""113"":0.08866299,""210"":17.0}"
3124005,Zaire Franklin,LB,9,249.53,249.53,17.0,572,572,572,174.99,16.21,"{""93"":0.009497628,""94"":0.118720348,""95"":0.810329773,""96"":0.602048227,""97"":0.014246442,""98"":0.014246442,""99"":2.367108597,""100"":4.734217194,""103"":0.080729837,""104"":0.037990512,""105"":0.128217976,""106"":0.926228041,""107"":50.32343908,""108"":63.45480445,""109"":113.7782435,""110"":37.0,""111"":22.0,""112"":4.051370167,""113"":4.68413433,""210"":17.0}"
3124890,Kaden Elliss,LB,18,246.89,246.89,17.0,340,340,340,174.12,16.15,"{""93"":0.010209132,""94"":0.127614145,""95"":0.953208745,""96"":0.652495253,""97"":0.015313697,""98"":0.015313697,""99"":4.382486176,""100"":8.764972353,""103"":0.086777619,""104"":0.040836526,""105"":0.137823277,""106"":1.003838851,""107"":48.48901805,""108"":61.14171079,""109"":109.6307288,""110"":36.0,""111"":21.0,""112"":5.087255597,""113"":5.831240283,""210"":17.0}"
4259493,Keisean Nixon,CB,9,196.41,196.41,17.0,598,598,598,177.77,16.08,"{""93"":0.010042201,""94"":0.218285742,""95"":2.281145533,""96"":0.148619293,""97"":0.070295409,""98"":0.007399517,""99"":0.116708979,""100"":0.233417958,""103"":0.188687676,""104"":0.029598067,""105"":0.228327943,""106"":0.228645066,""107"":21.31634963,""108"":55.53695925,""109"":76.85330888,""110"":25.0,""111"":15.0,""112"":2.881776196,""113"":16.31589414,""210"":17.0}"
4239995,A.J. Terrell Jr.,CB,1,194.96,194.96,17.0,601,601,601,174.05,16.02,"{""93"":0.010042356,""94"":0.218289117,""95"":1.687328887,""96"":1.156899605,""97"":0.070296495,""98"":0.007399631,""99"":0.114433337,""100"":0.228866674,""103"":0.188690593,""104"":0.029598524,""105"":0.228331474,""106"":1.779845547,""107"":21.12832443,""108"":55.04708419,""109"":76.17540863,""110"":25.0,""111"":15.0,""112"":1.409925641,""113"":13.58204028,""210"":17.0}"
4366031,Tank Dell,WR,34,111.04,111.04,17.0,312,230,230,167.89,15.86,"{""23"":8.408224433,""24"":44.5856872,""25"":0.197098573,""26"":0.014263509,""27"":8.0,""28"":4.0,""29"":2.0,""30"":1.0,""33"":1.0,""35"":0.015490518,""36"":0.010843363,""37"":0.004813236,""38"":0.000164,""39"":5.302628106,""40"":2.622687482,""42"":461.9360213,""43"":2.655910098,""44"":0.174614202,""45"":0.156006201,""46"":0.101950052,""47"":92.0,""48"":46.0,""49"":23.0,""50"":18.0,""51"":9.0,""53"":37.94920517,""56"":0.31430703,""57"":0.009720836,""58"":60.34520876,""60"":12.17248212,""61"":27.17270713,""62"":0.188877711,""63"":0.003116351,""66"":0.128463163,""67"":0.579798383,""68"":0.708261546,""70"":0.059093055,""71"":0.324687095,""72"":0.383780149,""73"":0.383780149,""102"":0.024386857,""115"":33.02386904,""118"":3.0,""119"":1.0,""210"":17.0,""211"":4.235203547,""212"":21.32459185}"
4676004,Cole Bishop,S,2,226.03,226.03,17.0,494,494,494,175.94,15.57,"{""93"":0.01068233,""94"":0.129612266,""95"":2.190453524,""96"":0.145327753,""97"":0.069435142,""98"":0.009258019,""99"":0.979604773,""100"":1.959209546,""103"":0.083322171,""104"":0.046290095,""105"":0.140294595,""106"":0.223581158,""107"":35.9021468,""108"":61.61719618,""109"":97.51934298,""110"":32.0,""111"":19.0,""112"":4.369723874,""113"":7.949118294,""210"":17.0}"
4432577,C.J. Stroud,QB,34,318.18,318.18,17.0,140,290,290,166.01,15.39,"{""0"":551.0481495,""1"":351.1839528,""2"":199.8641966,""3"":3945.754919,""4"":21.37671476,""5"":789.0,""6"":394.0,""7"":197.0,""8"":157.0,""9"":78.0,""10"":39.0,""11"":70.0,""12"":35.0,""15"":3.120923807,""16"":2.039523708,""17"":2.890097869,""18"":0.390376443,""19"":1.399391002,""20"":12.05059308,""21"":0.637301755,""22"":232.1032305,""23"":57.0609537,""24"":248.9375809,""25"":1.046225631,""26"":0.075725951,""27"":49.0,""28"":24.0,""29"":12.0,""30"":9.0,""31"":4.0,""33"":11.0,""34"":5.0,""35"":0.107893142,""36"":0.075525199,""37"":0.15820847,""38"":0.0054,""39"":4.362660713,""40"":14.64338711,""62"":1.475116953,""63"":0.035976135,""64"":39.04290703,""65"":7.455461906,""66"":0.720932408,""68"":8.176394314,""69"":3.578621715,""70"":0.331628908,""72"":3.910250623,""73"":15.9608437,""210"":17.0,""211"":14.7240449}"
4040983,Mack Wilson Sr.,LB,22,261.79,261.79,17.0,306,306,306,174.49,15.26,"{""93"":0.009730261,""94"":0.121628261,""95"":1.587978201,""96"":1.079527541,""97"":0.014595391,""98"":0.014595391,""99"":1.276778693,""100"":2.553557385,""103"":0.082707217,""104"":0.038921043,""105"":0.131358521,""106"":1.660811601,""107"":51.1441355,""108"":64.48965287,""109"":115.6337884,""110"":38.0,""111"":23.0,""112"":5.366938572,""113"":10.78328395,""210"":17.0}"
4241474,Brian Robinson Jr.,RB,1,102.65,102.65,17.0,203,194,194,166.63,14.92,"{""23"":134.6479195,""24"":561.1846866,""25"":3.688391902,""26"":0.192445023,""27"":112.0,""28"":56.0,""29"":28.0,""30"":22.0,""31"":11.0,""33"":26.0,""34"":13.0,""35"":0.265032905,""36"":0.185523033,""37"":0.809903621,""38"":0.027638903,""39"":4.167793225,""40"":33.01086392,""42"":59.08615149,""43"":0.290066196,""44"":0.017028994,""45"":0.038804294,""46"":0.025358606,""47"":11.0,""48"":5.0,""49"":2.0,""50"":2.0,""51"":1.0,""53"":8.73292937,""56"":0.02908515,""57"":0.000899541,""58"":10.94971543,""60"":6.765902824,""61"":3.47565597,""62"":0.209474017,""63"":0.004642649,""66"":0.990881381,""67"":0.064266103,""68"":1.055147484,""70"":0.455805435,""71"":0.035989018,""72"":0.491794453,""73"":0.491794453,""210"":17.0,""211"":31.95056378,""212"":2.588789297}"
4360516,Tyrone Tracy Jr.,RB,19,94.49,94.49,17.0,220,214,214,167.43,14.72,"{""23"":111.3042168,""24"":473.5403509,""25"":1.611035181,""26"":0.067671017,""27"":94.0,""28"":47.0,""29"":23.0,""30"":18.0,""31"":9.0,""33"":22.0,""34"":11.0,""35"":0.216518026,""36"":0.151562618,""37"":0.579226667,""38"":0.019766784,""39"":4.254469098,""40"":27.85531476,""42"":116.7409703,""43"":0.553895245,""44"":0.029640283,""45"":0.049370954,""46"":0.032263918,""47"":23.0,""48"":11.0,""49"":5.0,""50"":4.0,""51"":2.0,""53"":15.98457348,""56"":0.048500441,""57"":0.001500014,""58"":20.25004768,""60"":7.303352227,""61"":6.867115901,""62"":0.097311299,""63"":0.005205283,""66"":1.034458723,""67"":0.148560243,""68"":1.183018965,""70"":0.475851012,""71"":0.083193736,""72"":0.559044748,""73"":0.559044748,""210"":17.0,""211"":26.02434712,""212"":5.939455707}"
4429013,Tank Bigsby,RB,21,68.98,68.98,17.0,205,195,195,167.59,14.35,"{""23"":83.25917728,""24"":373.2423701,""25"":3.365329953,""26"":0.100808364,""27"":74.0,""28"":37.0,""29"":18.0,""30"":14.0,""31"":7.0,""33"":16.0,""34"":8.0,""35"":0.159615345,""36"":0.111730742,""37"":0.358,""38"":0.0122,""39"":4.48289765,""40"":21.95543354,""42"":28.66687175,""43"":0.140218287,""44"":0.006285905,""45"":0.050506108,""46"":0.033005742,""47"":5.0,""48"":2.0,""49"":1.0,""50"":1.0,""53"":3.623919276,""56"":0.015750012,""57"":0.000487114,""58"":4.913785665,""60"":7.910460904,""61"":1.686286573,""62"":0.10709427,""63"":0.003960197,""66"":0.862503689,""67"":0.037541132,""68"":0.900044821,""70"":0.396751697,""71"":0.021023034,""72"":0.417774731,""73"":0.417774731,""210"":17.0,""211"":22.24175804,""212"":0.52415785}"
4570037,Terrance Ferguson,TE,14,143.1,143.1,17.0,222,218,218,166.7,14.33,"{""42"":580.0840381,""43"":5.403984285,""44"":0.073637652,""45"":0.182789152,""46"":0.119452711,""47"":116.0,""48"":58.0,""49"":29.0,""50"":23.0,""51"":11.0,""53"":45.95960999,""56"":0.573727573,""57"":0.017744152,""58"":73.08156825,""60"":12.62160489,""61"":34.12259048,""62"":0.073637652,""63"":0.002472947,""67"":0.562033463,""68"":0.562033463,""71"":0.314738739,""72"":0.314738739,""73"":0.314738739,""210"":17.0,""212"":27.53221657}"
4433975,Kool-Aid McKinstry,CB,18,192.94,192.94,17.0,607,607,607,173.16,14.29,"{""93"":0.009999117,""94"":0.217349222,""95"":2.158970663,""96"":0.147981665,""97"":0.069993817,""98"":0.00736777,""99"":0.079699409,""100"":0.159398819,""103"":0.187878141,""104"":0.029471081,""105"":0.227348339,""106"":0.2276641,""107"":20.93658086,""108"":54.5475214,""109"":75.48410225,""110"":25.0,""111"":15.0,""112"":2.92648595,""113"":16.3421804,""210"":17.0}"
4430539,Brenton Strange,TE,30,149.25,149.25,17.0,330,221,274,167.67,14.29,"{""42"":598.0234028,""43"":3.97667975,""44"":0.164216018,""45"":0.109007804,""46"":0.0712366,""47"":119.0,""48"":59.0,""49"":29.0,""50"":23.0,""51"":11.0,""53"":59.04796206,""56"":0.62401294,""57"":0.019299369,""58"":85.0583604,""60"":10.12775686,""61"":35.17784723,""62"":0.164216018,""63"":0.003100487,""67"":0.704656095,""68"":0.704656095,""71"":0.394607413,""72"":0.394607413,""73"":0.394607413,""210"":17.0,""212"":30.42653383}"
4428718,Tre Tucker,WR,13,144.16,144.16,17.0,217,210,210,168.33,14.26,"{""23"":10.45862594,""24"":57.71884164,""25"":0.317323254,""26"":0.017950671,""27"":11.0,""28"":5.0,""29"":2.0,""30"":2.0,""31"":1.0,""33"":2.0,""34"":1.0,""35"":0.019289534,""36"":0.013502674,""37"":0.008217123,""38"":0.000280419,""39"":5.518778661,""40"":3.395225979,""42"":656.460847,""43"":2.519956835,""44"":0.160286686,""45"":0.195759624,""46"":0.127928914,""47"":131.0,""48"":65.0,""49"":32.0,""50"":26.0,""51"":13.0,""53"":48.20735155,""56"":0.807392389,""57"":0.024970899,""58"":81.25043886,""60"":13.61744269,""61"":38.61534394,""62"":0.178237357,""63"":0.002352169,""66"":0.095302483,""67"":0.439281445,""68"":0.534583929,""70"":0.043839142,""71"":0.245997609,""72"":0.289836752,""73"":0.289836752,""102"":0.207535444,""115"":209.2649064,""118"":20.0,""119"":8.0,""210"":17.0,""211"":4.89284486,""212"":28.97140003}"
4685248,David Bailey,DE,20,123.76,123.76,17.0,449,449,449,174.02,14.19,"{""93"":0.012142626,""94"":0.091008368,""95"":0.232745317,""96"":0.935395387,""97"":0.214519726,""98"":0.039003586,""99"":7.585788996,""100"":15.17157799,""103"":0.039003586,""104"":0.052004782,""105"":0.103150994,""106"":1.439069826,""107"":20.33386974,""108"":27.70229729,""109"":48.03616703,""110"":16.0,""111"":9.0,""112"":4.494596822,""113"":2.763909119,""210"":17.0}"
-16009,Packers D/ST,DST,9,138.22,138.22,17.0,343,342,342,167.62,14.17,"{""89"":0.179367937,""90"":0.807580758,""91"":2.924292429,""92"":2.788278828,""93"":0.124419099,""94"":1.560650094,""95"":11.77594171,""96"":7.199849658,""97"":1.930656495,""98"":0.263928233,""99"":41.05761859,""100"":82.11523719,""101"":0.146722013,""102"":0.248313891,""103"":1.033105797,""104"":0.527544297,""105"":2.080105097,""106"":11.07669178,""109"":1012.810421,""110"":337.0,""111"":202.0,""112"":35.77453543,""113"":68.7997555,""114"":1600.390233,""115"":263.0999893,""116"":160.0,""117"":64.0,""118"":26.0,""119"":10.0,""120"":368.7338445,""121"":2.465246525,""122"":3.680868087,""123"":2.711771177,""124"":1.283628363,""125"":0.158965897,""126"":21.69022615,""127"":5846.979271,""129"":0.450567585,""130"":3.910586588,""131"":3.715057259,""132"":3.961594239,""133"":2.796919538,""134"":1.445216783,""135"":0.561084163,""136"":0.158973846,""137"":343.9399571,""210"":17.0}"
2574056,Kevin Byard,S,17,203.85,203.85,17.0,619,619,619,176.09,13.75,"{""93"":0.010759511,""94"":0.130548739,""95"":1.75970355,""96"":0.146377773,""97"":0.069936824,""98"":0.00932491,""99"":0.345644836,""100"":0.691289672,""103"":0.083924189,""104"":0.04662455,""105"":0.14130825,""106"":0.225196575,""107"":32.67684223,""108"":56.08175493,""109"":88.75859716,""110"":29.0,""111"":17.0,""112"":4.355997465,""113"":6.99167792,""210"":17.0}"
4239699,Milton Williams,DT,17,107.01,107.01,17.0,624,624,624,176.79,13.6,"{""93"":0.003707196,""94"":0.032681861,""95"":0.081684047,""96"":0.277994588,""97"":0.24838214,""98"":0.019609116,""99"":6.22556374,""100"":12.45112748,""103"":0.006536372,""104"":0.026145488,""105"":0.036389057,""106"":0.427683982,""107"":23.46815185,""108"":21.99213017,""109"":45.46028202,""110"":15.0,""111"":9.0,""112"":5.978524089,""113"":2.11948424,""210"":17.0}"
4725996,Abdul Carter,DE,19,115.71,115.71,17.0,591,591,591,173.61,13.42,"{""93"":0.013496229,""94"":0.101153552,""95"":0.116030769,""96"":1.154697809,""97"":0.238433372,""98"":0.043351522,""99"":7.904421599,""100"":15.8088432,""103"":0.043351522,""104"":0.05780203,""105"":0.114649781,""106"":1.776458168,""107"":18.6573834,""108"":25.41829903,""109"":44.07568243,""110"":14.0,""111"":8.0,""112"":-0.459043111,""113"":1.531936562,""210"":17.0}"
4360234,Evan McPherson,K,4,163.11,163.11,17.0,388,368,368,168.79,13.17,"{""74"":5.438016509,""75"":7.719768,""76"":2.281751491,""77"":7.194183723,""78"":8.822592,""79"":1.628408277,""80"":15.3918373,""81"":15.89364,""82"":0.501802697,""83"":28.02403753,""84"":32.436,""85"":4.411962465,""86"":44.40642798,""87"":45.71255202,""88"":1.306124045,""198"":5.438016509,""199"":7.719768,""200"":2.281751491,""210"":17.0,""214"":1079.146278,""215"":211.5470339,""216"":1290.693312}"
3110565,Quincy Williams,LB,5,246.22,246.22,17.0,487,487,487,175.47,13.12,"{""93"":0.009663655,""94"":0.120795693,""95"":1.413671935,""96"":0.203516583,""97"":0.014495483,""98"":0.014495483,""99"":2.488054905,""100"":4.97610981,""103"":0.082141071,""104"":0.038654622,""105"":0.130459348,""106"":0.313102436,""107"":48.74380154,""108"":61.46297732,""109"":110.2067789,""110"":36.0,""111"":22.0,""112"":7.393190749,""113"":8.468621418,""210"":17.0}"
11284,Calais Campbell,DT,33,79.24,79.24,17.0,853,853,853,170.16,13.11,"{""93"":0.002246315,""94"":0.019803039,""95"":0.002608727,""96"":0.152086643,""97"":0.150503096,""98"":0.011881823,""99"":4.033125811,""100"":8.066251622,""103"":0.003960608,""104"":0.015842431,""105"":0.022049354,""106"":0.233979451,""107"":18.20579845,""108"":17.06075076,""109"":35.26654922,""110"":11.0,""111"":7.0,""112"":2.696155337,""113"":0.062213423,""210"":17.0}"
3045373,Jalen Ramsey,CB,23,197.03,197.03,17.0,646,646,646,176.19,13.04,"{""93"":0.009959213,""94"":0.216481842,""95"":1.096726496,""96"":0.147391112,""97"":0.069714492,""98"":0.007338368,""99"":0.737622373,""100"":1.475244747,""103"":0.187128372,""104"":0.02935347,""105"":0.226441055,""106"":0.226755557,""107"":22.68664579,""108"":59.10708655,""109"":81.79373234,""110"":27.0,""111"":16.0,""112"":2.781886011,""113"":8.285481245,""210"":17.0}"
4242512,Malik Willis,QB,15,293.34,293.34,17.0,132,206,206,167.16,12.81,"{""0"":505.1455766,""1"":322.3896296,""2"":182.755947,""3"":3554.238125,""4"":13.03849682,""5"":710.0,""6"":355.0,""7"":177.0,""8"":142.0,""9"":71.0,""10"":35.0,""11"":64.0,""12"":32.0,""15"":2.577499106,""16"":1.684395666,""17"":2.0288314,""18"":0.274041926,""19"":0.683859622,""20"":10.3816133,""21"":0.638211329,""22"":209.0728309,""23"":105.5938523,""24"":545.2040416,""25"":3.366308975,""26"":0.127741544,""27"":109.0,""28"":54.0,""29"":27.0,""30"":21.0,""31"":10.0,""33"":21.0,""34"":10.0,""35"":0.20477455,""36"":0.143342185,""37"":0.763,""38"":0.0261,""39"":5.163217648,""40"":32.07082598,""62"":0.811601167,""63"":0.057395382,""64"":41.48082291,""65"":10.93252799,""66"":2.111877046,""68"":13.04440504,""69"":5.247613435,""70"":0.971463441,""72"":6.219076876,""73"":16.60069017,""210"":17.0,""211"":29.40573152}"
4685287,Jihaad Campbell,LB,21,248.36,248.36,17.0,581,581,581,174.14,12.66,"{""93"":0.00966595,""94"":0.120824371,""95"":0.754381888,""96"":0.833401724,""97"":0.014498925,""98"":0.014498925,""99"":2.008749566,""100"":4.017499131,""103"":0.082160573,""104"":0.038663799,""105"":0.130490321,""106"":1.282156498,""107"":50.05778535,""108"":63.11983121,""109"":113.1776166,""110"":37.0,""111"":22.0,""112"":1.91401137,""113"":4.572187393,""210"":17.0}"
4870617,Rueben Bain Jr.,DE,27,108.11,108.11,17.0,609,609,609,172.82,12.52,"{""93"":0.010850539,""94"":0.081324241,""95"":0.174699621,""96"":0.835860712,""97"":0.191692853,""98"":0.034853246,""99"":5.585857303,""100"":11.17171461,""103"":0.034853246,""104"":0.046470995,""105"":0.09217478,""106"":1.285939557,""107"":18.17015893,""108"":24.754518,""109"":42.92467693,""110"":14.0,""111"":8.0,""112"":5.209064325,""113"":2.469803761,""210"":17.0}"
4426412,Zach Harrison,DT,1,125.61,125.61,17.0,621,621,621,178.12,12.49,"{""93"":0.003442873,""94"":0.030351647,""95"":0.003539084,""96"":0.968299892,""97"":0.23067252,""98"":0.018210988,""99"":4.354579574,""100"":8.709159148,""103"":0.006070329,""104"":0.024281318,""105"":0.033794521,""106"":1.489692142,""107"":29.0664009,""108"":27.2382792,""109"":56.30468009,""110"":18.0,""111"":11.0,""112"":4.048098408,""113"":0.095353036,""210"":17.0}"
4241720,Marcus Jones,CB,17,169.86,169.86,17.0,685,685,685,173.07,12.47,"{""93"":0.006838105,""94"":0.148638817,""95"":1.52380777,""96"":0.464301856,""97"":0.047866738,""98"":0.005038604,""99"":0.864341796,""100"":1.728683593,""102"":0.417277364,""103"":0.128484401,""104"":0.020154416,""105"":0.572754286,""106"":0.714310548,""107"":18.23144541,""108"":47.49964501,""109"":65.73109042,""110"":21.0,""111"":13.0,""112"":4.569323249,""113"":11.81258095,""115"":381.7575884,""118"":38.0,""119"":15.0,""210"":17.0}"
4243256,Devin Lloyd,LB,29,227.73,227.73,17.0,584,584,584,171.89,12.39,"{""93"":0.008839545,""94"":0.110494313,""95"":1.444588472,""96"":0.187449437,""97"":0.013259318,""98"":0.013259318,""99"":2.881441903,""100"":5.762883807,""103"":0.075136133,""104"":0.03535818,""105"":0.119333858,""106"":0.28838375,""107"":44.71818338,""108"":56.38691699,""109"":101.1051004,""110"":33.0,""111"":20.0,""112"":4.341628137,""113"":7.969953579,""210"":17.0}"
4362506,Greg Rousseau,DE,2,137.84,137.84,17.0,476,476,476,174.91,12.26,"{""93"":0.013110515,""94"":0.098262647,""95"":0.176087043,""96"":0.758382279,""97"":0.231619097,""98"":0.042112563,""99"":7.03162937,""100"":14.06325874,""103"":0.042112563,""104"":0.056150084,""105"":0.111373162,""106"":1.166741967,""107"":23.73101239,""108"":32.33046973,""109"":56.06148212,""110"":18.0,""111"":11.0,""112"":1.985991239,""113"":2.165595822,""210"":17.0}"
3139387,D.J. Reed,CB,8,199.59,199.59,17.0,604,604,604,177.26,12.24,"{""93"":0.009668786,""94"":0.210168878,""95"":1.571952596,""96"":0.817532122,""97"":0.067681503,""98"":0.007124369,""99"":0.108795007,""100"":0.217590015,""103"":0.181671403,""104"":0.028497475,""105"":0.219837664,""106"":1.257741727,""107"":22.06569555,""108"":57.48928196,""109"":79.55497751,""110"":26.0,""111"":15.0,""112"":1.189528467,""113"":12.65956482,""210"":17.0}"
4259166,Terrel Bernard,LB,2,249.13,249.13,17.0,563,563,563,174.37,12.09,"{""93"":0.009701986,""94"":0.121274826,""95"":0.870509178,""96"":0.24586686,""97"":0.014552979,""98"":0.014552979,""99"":2.522761022,""100"":5.045522044,""103"":0.082466882,""104"":0.038807944,""105"":0.130976812,""106"":0.378256707,""107"":50.41046602,""108"":63.56454015,""109"":113.9750062,""110"":37.0,""111"":22.0,""112"":7.848196997,""113"":4.981276413,""210"":17.0}"
4361366,Tommy Togiai,DT,34,136.81,136.81,17.0,654,654,654,176.08,12.0,"{""93"":0.003078842,""94"":0.027142422,""95"":0.027996712,""96"":0.484519684,""97"":0.206282404,""98"":0.016285453,""99"":1.431778825,""100"":2.863557649,""103"":0.005428484,""104"":0.021713937,""105"":0.030221263,""106"":0.745414899,""107"":33.89015436,""108"":31.75864428,""109"":65.64879864,""110"":21.0,""111"":13.0,""112"":6.151048424,""113"":0.808013692,""210"":17.0}"
4837248,Fernando Mendoza,QB,13,237.22,237.22,17.0,159,323,323,166.98,11.97,"{""0"":447.8270214,""1"":283.3845478,""2"":164.4424736,""3"":3052.426198,""4"":14.18027247,""5"":610.0,""6"":305.0,""7"":152.0,""8"":122.0,""9"":61.0,""10"":30.0,""11"":56.0,""12"":28.0,""15"":2.271262867,""16"":1.484270284,""17"":1.902305644,""18"":0.256951614,""19"":0.908219783,""20"":10.4810177,""21"":0.632799126,""22"":179.5544822,""23"":52.11042214,""24"":226.2741243,""25"":1.909555919,""26"":0.108249512,""27"":45.0,""28"":22.0,""29"":11.0,""30"":9.0,""31"":4.0,""33"":10.0,""34"":5.0,""35"":0.098825433,""36"":0.069177803,""37"":0.157,""38"":0.00537,""39"":4.342204783,""40"":13.3102426,""62"":1.016469295,""63"":0.031325211,""64"":36.35114489,""65"":6.427587194,""66"":0.691778988,""68"":7.119366183,""69"":3.085241853,""70"":0.318218335,""72"":3.403460188,""73"":13.88447788,""210"":17.0,""211"":14.30165975}"
3043107,Alex Anzalone,LB,27,233.91,233.91,17.0,587,587,587,173.13,11.96,"{""93"":0.009906211,""94"":0.123827636,""95"":1.324432209,""96"":0.208624802,""97"":0.014859316,""98"":0.014859316,""99"":1.972832873,""100"":3.945665747,""103"":0.084202793,""104"":0.039624844,""105"":0.133733847,""106"":0.320961233,""107"":46.3138161,""108"":58.39891307,""109"":104.7127292,""110"":34.0,""111"":20.0,""112"":2.770275809,""113"":8.711992669,""210"":17.0}"
4046537,Joshua Metellus,S,16,237.9,237.9,17.0,514,514,514,175.03,11.85,"{""93"":0.011018049,""94"":0.133685659,""95"":2.275696866,""96"":0.149895045,""97"":0.071617317,""98"":0.009548976,""99"":0.963346018,""100"":1.926692037,""103"":0.085940781,""104"":0.047744878,""105"":0.144703708,""106"":0.230607762,""107"":37.99708005,""108"":65.21263335,""109"":103.2097134,""110"":34.0,""111"":20.0,""112"":0.654105401,""113"":7.411108039,""210"":17.0}"
4043089,Jalen Thompson,S,6,234.29,234.29,17.0,562,562,562,176.29,11.78,"{""93"":0.010999602,""94"":0.133461833,""95"":1.815108712,""96"":0.642083773,""97"":0.071497411,""98"":0.009532988,""99"":0.536114639,""100"":1.072229278,""103"":0.085796893,""104"":0.047664941,""105"":0.144461435,""106"":0.98782119,""107"":37.47847669,""108"":64.32257835,""109"":101.801055,""110"":33.0,""111"":20.0,""112"":1.826818511,""113"":6.803168995,""210"":17.0}"
4426349,Travon Walker,DE,30,138.23,138.23,17.0,463,463,463,174.14,11.68,"{""93"":0.0136682,""94"":0.10244247,""95"":0.159337986,""96"":0.373073238,""97"":0.241471536,""98"":0.043903916,""99"":6.667847983,""100"":13.33569597,""103"":0.043903916,""104"":0.058538554,""105"":0.11611067,""106"":0.573958828,""107"":24.23056704,""108"":33.01104905,""109"":57.24161609,""110"":19.0,""111"":11.0,""112"":4.246547082,""113"":2.580245516,""210"":17.0}"
3117256,Dalton Schultz,TE,34,139.95,139.95,17.0,370,305,305,167.62,11.48,"{""42"":555.4716752,""43"":3.089211333,""44"":0.20311061,""45"":0.090993972,""46"":0.059464561,""47"":111.0,""48"":55.0,""49"":27.0,""50"":22.0,""51"":11.0,""53"":59.45763587,""56"":0.510110892,""57"":0.015776626,""58"":82.28892103,""60"":9.342310152,""61"":32.67480442,""62"":0.20311061,""63"":0.002846103,""67"":0.64684153,""68"":0.64684153,""71"":0.362231257,""72"":0.362231257,""73"":0.362231257,""210"":17.0,""212"":28.98360257}"
4686334,Yaya Diaby,DE,27,129.55,129.55,17.0,434,433,433,173.43,11.14,"{""93"":0.013656713,""94"":0.102356372,""95"":0.140424326,""96"":0.744586704,""97"":0.241268591,""98"":0.043867017,""99"":7.114472541,""100"":14.22894508,""103"":0.043867017,""104"":0.058489355,""105"":0.116013085,""106"":1.145518007,""107"":22.06955013,""108"":30.06693986,""109"":52.13648999,""110"":17.0,""111"":10.0,""112"":5.747079904,""113"":1.985239165,""210"":17.0}"
4035483,Dexter Lawrence II,DT,4,82.75,82.75,17.0,873,873,873,169.14,10.92,"{""93"":0.00393612,""94"":0.034700005,""95"":0.004311985,""96"":0.105816369,""97"":0.26372004,""98"":0.020820003,""99"":3.842561912,""100"":7.685123824,""103"":0.006940001,""104"":0.027760004,""105"":0.038636125,""106"":0.162794414,""107"":19.16836802,""108"":17.96277983,""109"":37.13114785,""110"":12.0,""111"":7.0,""112"":0.935649993,""113"":0.10901388,""210"":17.0}"
4426473,Laiatu Latu,DE,11,121.74,121.74,17.0,510,510,510,173.91,10.85,"{""93"":0.013085247,""94"":0.098073269,""95"":0.246922335,""96"":0.730001285,""97"":0.231172705,""98"":0.042031401,""99"":7.52629549,""100"":15.05259098,""103"":0.042031401,""104"":0.056041868,""105"":0.111158516,""106"":1.123078901,""107"":19.98733384,""108"":27.23018644,""109"":47.21752028,""110"":15.0,""111"":9.0,""112"":4.36852973,""113"":3.35929216,""210"":17.0}"
4426434,Derek Stingley Jr.,CB,34,132.18,132.18,17.0,832,832,832,169.52,10.77,"{""93"":0.009960224,""94"":0.216503815,""95"":1.786038772,""96"":0.617164552,""97"":0.069721568,""98"":0.007339112,""99"":0.23154576,""100"":0.46309152,""103"":0.187147366,""104"":0.02935645,""105"":0.226464039,""106"":0.949483926,""107"":13.30856648,""108"":34.67372825,""109"":47.98229473,""110"":15.0,""111"":9.0,""112"":1.148390665,""113"":15.4001249,""210"":17.0}"
3129310,Drue Tranquill,LB,12,243.1,243.1,17.0,569,569,569,175.77,10.59,"{""93"":0.009108133,""94"":0.113851664,""95"":0.301399412,""96"":0.676705896,""97"":0.0136622,""98"":0.0136622,""99"":2.876311149,""100"":5.752622299,""103"":0.077419132,""104"":0.036432532,""105"":0.122959797,""106"":1.041085993,""107"":49.62128382,""108"":62.56942926,""109"":112.1907131,""110"":37.0,""111"":22.0,""112"":7.140309408,""113"":1.724663872,""210"":17.0}"
4688380,Cam Ward,QB,10,280.64,280.64,17.0,138,286,286,167.48,10.54,"{""0"":558.0880371,""1"":354.8544855,""2"":203.2335516,""3"":3753.449865,""4"":16.42344753,""5"":750.0,""6"":375.0,""7"":187.0,""8"":150.0,""9"":75.0,""10"":37.0,""11"":70.0,""12"":35.0,""15"":2.848021662,""16"":1.861182156,""17"":2.429310609,""18"":0.328136166,""19"":0.258369216,""20"":10.2780799,""21"":0.63583962,""22"":220.7911686,""23"":46.55141755,""24"":200.3831997,""25"":2.027602081,""26"":0.027226454,""27"":40.0,""28"":20.0,""29"":10.0,""30"":8.0,""31"":4.0,""33"":9.0,""34"":4.0,""35"":0.08753314,""36"":0.061273198,""37"":0.102244779,""38"":0.003489222,""39"":4.304556342,""40"":11.78724704,""62"":0.28559567,""63"":0.043647993,""64"":41.44829077,""65"":9.205250393,""66"":0.714748106,""68"":9.919998499,""69"":4.418520189,""70"":0.328784129,""72"":4.747304317,""73"":15.02538421,""210"":17.0,""211"":13.17772077}"
4431005,Xavier Watts,S,1,214.58,214.58,17.0,595,595,595,174.04,10.51,"{""93"":0.011043909,""94"":0.133999425,""95"":2.516611236,""96"":0.150246855,""97"":0.071785406,""98"":0.009571387,""99"":0.205584073,""100"":0.411168146,""103"":0.086142487,""104"":0.047856937,""105"":0.145043334,""106"":0.231149008,""107"":33.5922472,""108"":57.65282219,""109"":91.2450694,""110"":30.0,""111"":18.0,""112"":0.706866621,""113"":10.38266146,""210"":17.0}"
4037626,Divine Deablo,LB,1,248.23,248.23,17.0,566,566,566,174.37,10.49,"{""93"":0.01025328,""94"":0.128165994,""95"":1.452882449,""96"":0.215934067,""97"":0.015379919,""98"":0.015379919,""99"":1.878526288,""100"":3.757052577,""103"":0.087152876,""104"":0.041013118,""105"":0.138419274,""106"":0.332206257,""107"":49.17707472,""108"":62.00930852,""109"":111.1863832,""110"":37.0,""111"":22.0,""112"":5.460607955,""113"":9.451601661,""210"":17.0}"
4426422,Dax Hill,CB,4,201.61,201.61,17.0,628,628,628,176.98,10.39,"{""93"":0.009478369,""94"":0.206029807,""95"":1.499042571,""96"":0.14027487,""97"":0.066348582,""98"":0.006984061,""99"":0.781538937,""100"":1.563077874,""103"":0.178093562,""104"":0.027936245,""105"":0.215508176,""106"":0.215807493,""107"":22.73108027,""108"":59.22285476,""109"":81.95393503,""110"":27.0,""111"":16.0,""112"":1.436953474,""113"":11.32244333,""210"":17.0}"
4601278,Nate Wiggins,CB,33,190.66,190.66,17.0,649,649,649,174.59,10.29,"{""93"":0.009676522,""94"":0.210337024,""95"":1.977953983,""96"":0.143207428,""97"":0.067735652,""98"":0.007130069,""99"":0.076531417,""100"":0.153062834,""103"":0.181816749,""104"":0.028520274,""105"":0.220013545,""106"":0.22031912,""107"":21.00962698,""108"":54.73783351,""109"":75.74746049,""110"":25.0,""111"":15.0,""112"":2.142800603,""113"":14.09267213,""210"":17.0}"
4046675,Julian Love,S,26,197.52,197.52,17.0,625,625,625,173.17,10.28,"{""93"":0.010975487,""94"":0.133169237,""95"":2.516557124,""96"":0.311667552,""97"":0.071340663,""98"":0.009512088,""99"":0.709352673,""100"":1.418705346,""103"":0.085608795,""104"":0.047560442,""105"":0.144144723,""106"":0.479488541,""107"":30.20781204,""108"":51.84427246,""109"":82.0520845,""110"":27.0,""111"":16.0,""112"":1.29514703,""113"":11.18380091,""210"":17.0}"
4710714,De'Zhaun Stribling,WR,25,116.35,116.35,17.0,213,208,208,169.37,10.28,"{""42"":543.3126868,""43"":3.327676549,""44"":0.170499417,""45"":0.337528709,""46"":0.220575011,""47"":108.0,""48"":54.0,""49"":27.0,""50"":21.0,""51"":10.0,""53"":36.13487391,""56"":0.481622342,""57"":0.014895536,""58"":58.55724205,""60"":15.03568791,""61"":31.95956981,""62"":0.170499417,""63"":0.002897602,""67"":0.658546015,""68"":0.658546015,""71"":0.368785769,""72"":0.368785769,""73"":0.368785769,""210"":17.0,""212"":23.42979098}"
4880124,Mansoor Delane,CB,12,170.11,170.11,17.0,688,688,688,174.81,10.2,"{""93"":0.008396016,""94"":0.182502878,""95"":1.785402126,""96"":0.476317046,""97"":0.058772113,""98"":0.006186538,""99"":0.471993419,""100"":0.943986838,""103"":0.157756725,""104"":0.024746153,""105"":0.190898894,""106"":0.732795455,""107"":18.43588397,""108"":48.03228292,""109"":66.46816689,""110"":22.0,""111"":13.0,""112"":3.090833956,""113"":12.64120439,""210"":17.0}"
4361422,Odafe Oweh,DE,28,123.95,123.95,17.0,402,401,401,174.13,10.07,"{""93"":0.011260224,""94"":0.084394808,""95"":0.123489957,""96"":1.256766841,""97"":0.198930618,""98"":0.036169203,""99"":8.243831795,""100"":16.48766359,""103"":0.036169203,""104"":0.048225604,""105"":0.095655031,""106"":1.933487447,""107"":20.12700006,""108"":27.4204638,""109"":47.54746387,""110"":15.0,""111"":9.0,""112"":3.597565796,""113"":1.603950728,""210"":17.0}"
3916903,Dre Greenlaw,LB,25,232.97,232.97,17.0,593,593,593,172.26,9.99,"{""93"":0.007522291,""94"":0.094028636,""95"":0.75776742,""96"":0.635216647,""97"":0.011283436,""98"":0.011283436,""99"":1.770398811,""100"":3.540797621,""103"":0.063939473,""104"":0.030089164,""105"":0.101550927,""106"":0.97725638,""107"":47.20689189,""108"":59.52502748,""109"":106.7319194,""110"":35.0,""111"":21.0,""112"":2.898771293,""113"":3.994696561,""210"":17.0}"
4954445,Dillon Thieneman,S,3,186.09,186.09,17.0,679,679,679,173.09,9.94,"{""93"":0.008950942,""94"":0.108604769,""95"":1.710448223,""96"":0.466796871,""97"":0.058181126,""98"":0.007757483,""99"":0.696472734,""100"":1.392945468,""103"":0.069817351,""104"":0.038787417,""105"":0.117555711,""106"":0.718149033,""107"":29.28062138,""108"":50.25297796,""109"":79.53359934,""110"":26.0,""111"":15.0,""112"":2.596191127,""113"":7.055374807,""210"":17.0}"
4250392,Zyon McCollum,CB,27,210.7,210.7,17.0,622,622,622,176.39,9.91,"{""93"":0.010018811,""94"":0.217777313,""95"":1.175016478,""96"":0.151768688,""97"":0.070131677,""98"":0.007382282,""99"":0.172706465,""100"":0.34541293,""103"":0.188248186,""104"":0.029529127,""105"":0.227796124,""106"":0.23349029,""107"":24.34144539,""108"":63.41845033,""109"":87.75989571,""110"":29.0,""111"":17.0,""112"":1.633035304,""113"":9.563614557,""210"":17.0}"
4426659,George Karlaftis,DE,12,129.5,129.5,17.0,564,564,564,174.35,9.91,"{""93"":0.013962889,""94"":0.104651146,""95"":0.084249866,""96"":0.283374684,""97"":0.246677701,""98"":0.044850491,""99"":7.586999932,""100"":15.17399986,""103"":0.044850491,""104"":0.059800655,""105"":0.118614035,""106"":0.435961052,""107"":22.51497109,""108"":30.67376896,""109"":53.18874005,""110"":17.0,""111"":10.0,""112"":3.337289743,""113"":1.036129415,""210"":17.0}"
4427729,Demetrius Knight Jr.,LB,4,244.64,244.64,17.0,578,578,578,173.38,9.86,"{""93"":0.008064539,""94"":0.100806732,""95"":1.133892269,""96"":0.644008809,""97"":0.012096808,""98"":0.012096808,""99"":2.215134411,""100"":4.430268822,""103"":0.068548578,""104"":0.032258154,""105"":0.108871271,""106"":0.990782783,""107"":48.63352501,""108"":61.32392531,""109"":109.9574503,""110"":36.0,""111"":21.0,""112"":2.381181502,""113"":6.921618262,""210"":17.0}"
3886598,Jauan Jennings,WR,16,119.97,119.97,17.0,298,226,226,170.13,9.65,"{""42"":486.2939103,""43"":3.33533418,""44"":0.195743633,""45"":0.092194909,""46"":0.060249373,""47"":97.0,""48"":48.0,""49"":24.0,""50"":19.0,""51"":9.0,""53"":46.47568089,""56"":0.358228395,""57"":0.011079229,""58"":71.89919325,""60"":10.46340583,""61"":28.60552413,""62"":0.195743633,""63"":0.0035964,""67"":0.817363588,""68"":0.817363588,""71"":0.457723609,""72"":0.457723609,""73"":0.457723609,""210"":17.0,""212"":24.21757898}"
4427250,Sauce Gardner,CB,11,170.58,170.58,17.0,718,718,718,172.38,9.62,"{""93"":0.010010984,""94"":0.21760718,""95"":1.988338982,""96"":0.200918485,""97"":0.070076888,""98"":0.007376515,""99"":0.356757168,""100"":0.713514336,""103"":0.188101122,""104"":0.029506058,""105"":0.227618164,""106"":0.309105361,""107"":18.205909,""108"":47.43311325,""109"":65.63902225,""110"":21.0,""111"":13.0,""112"":0.496750313,""113"":15.57347214,""210"":17.0}"
3116179,Nick Scott,S,29,241.74,241.74,17.0,574,574,574,176.19,9.54,"{""93"":0.011030614,""94"":0.133838112,""95"":1.073098513,""96"":0.150065983,""97"":0.071698989,""98"":0.009559865,""99"":0.126123041,""100"":0.252246082,""103"":0.086038786,""104"":0.047799326,""105"":0.144868726,""106"":0.230870743,""107"":40.20365246,""108"":68.99967165,""109"":109.2033241,""110"":36.0,""111"":21.0,""112"":0.9659102,""113"":3.754644904,""210"":17.0}"
4361411,Pat Freiermuth,TE,23,143.52,143.52,17.0,341,303,303,168.86,9.34,"{""42"":600.8525553,""43"":2.785323342,""44"":0.085224121,""45"":0.111268087,""46"":0.072713695,""47"":120.0,""48"":60.0,""49"":30.0,""50"":24.0,""51"":12.0,""53"":59.87502042,""56"":0.63178337,""57"":0.019539692,""58"":85.01043347,""60"":10.03511232,""61"":35.34426796,""62"":0.085224121,""63"":0.00369743,""67"":0.84032507,""68"":0.84032507,""71"":0.470582039,""72"":0.470582039,""73"":0.470582039,""210"":17.0,""212"":30.20590042}"
3918310,Carl Granderson,DE,18,135.99,135.99,17.0,561,561,561,174.18,9.3,"{""93"":0.012696315,""94"":0.095158238,""95"":0.38908694,""96"":0.25980354,""97"":0.224301561,""98"":0.040782102,""99"":5.890267094,""100"":11.78053419,""103"":0.040782102,""104"":0.054376136,""105"":0.107854553,""106"":0.399697755,""107"":23.55817732,""108"":32.09500404,""109"":55.65318135,""110"":18.0,""111"":11.0,""112"":4.840264897,""113"":5.115667282,""210"":17.0}"
3056916,Eric Wilson,LB,16,214.5,214.5,17.0,575,575,575,174.41,9.29,"{""93"":0.00807574,""94"":0.100946753,""95"":0.107427482,""96"":1.352258536,""97"":0.01211361,""98"":0.01211361,""99"":4.166489755,""100"":8.332979511,""103"":0.068643792,""104"":0.032302961,""105"":0.109022493,""106"":2.080397748,""107"":42.65617905,""108"":53.78685459,""109"":96.44303363,""110"":32.0,""111"":19.0,""112"":9.098102429,""113"":0.551653653,""210"":17.0}"
4685261,Germie Bernard,WR,23,133.73,133.73,17.0,214,209,209,170.46,9.12,"{""23"":2.142602749,""24"":11.65300349,""25"":0.082128342,""26"":0.002766205,""27"":2.0,""28"":1.0,""35"":0.003933919,""36"":0.002753744,""37"":0.000265414,""38"":9.06e-06,""39"":5.438713965,""40"":0.685470794,""42"":593.6367568,""43"":3.203718643,""44"":0.098028676,""45"":0.141879973,""46"":0.092718562,""47"":118.0,""48"":59.0,""49"":29.0,""50"":23.0,""51"":11.0,""53"":47.11137143,""56"":0.61103684,""57"":0.018898047,""58"":79.34307124,""60"":12.60071059,""61"":34.91980923,""62"":0.100794881,""63"":0.003949604,""66"":0.03904822,""67"":0.858589019,""68"":0.897637239,""70"":0.017962181,""71"":0.48080985,""72"":0.498772032,""73"":0.498772032,""101"":0.05028319,""114"":449.0809027,""116"":44.0,""117"":17.0,""210"":17.0,""211"":2.656853922,""212"":27.26874888}"
-16003,Bears D/ST,DST,3,143.64,143.64,17.0,422,410,410,169.3,9.09,"{""89"":0.151269746,""90"":0.679864027,""91"":2.566486703,""92"":2.583483303,""93"":0.126516905,""94"":1.596955525,""95"":13.06914657,""96"":9.725770498,""97"":1.815323658,""98"":0.259813786,""99"":38.6317367,""100"":77.26347339,""101"":0.170441979,""102"":0.29971853,""103"":1.068334933,""104"":0.528620592,""105"":2.193632939,""106"":14.96272384,""109"":1017.161187,""110"":339.0,""111"":203.0,""112"":34.38816448,""113"":84.26294734,""114"":1608.083017,""115"":281.3480294,""116"":160.0,""117"":64.0,""118"":28.0,""119"":11.0,""120"":377.4528438,""121"":2.464507099,""122"":3.858228354,""123"":2.99140172,""124"":1.512697461,""125"":0.192061588,""126"":22.20310846,""127"":5895.993124,""129"":0.373887834,""130"":3.398980306,""131"":3.534939518,""132"":4.061781466,""133"":3.076077177,""134"":1.699490153,""135"":0.66280116,""136"":0.192042387,""137"":346.823125,""210"":17.0}"
-16027,Buccaneers D/ST,DST,27,136.31,136.31,17.0,342,341,341,169.43,9.04,"{""89"":0.198109433,""90"":0.89276783,""91"":3.162948885,""92"":2.924877463,""93"":0.123736491,""94"":1.552764259,""95"":12.06736464,""96"":5.11646221,""97"":1.929760087,""98"":0.264212384,""99"":42.0039225,""100"":84.007845,""101"":0.149242319,""102"":0.223141152,""103"":1.027887894,""104"":0.524876364,""105"":2.048884221,""106"":7.871480324,""109"":1014.317079,""110"":338.0,""111"":202.0,""112"":57.13375293,""113"":78.29755857,""114"":1575.239212,""115"":311.9843884,""116"":157.0,""117"":63.0,""118"":31.0,""119"":12.0,""120"":362.5354153,""121"":2.465739722,""122"":3.562568771,""123"":2.525257577,""124"":1.130839252,""125"":0.136891067,""126"":21.32561266,""127"":5759.911262,""129"":0.52731639,""130"":4.422653592,""131"":3.895337202,""132"":3.86131679,""133"":2.517510506,""134"":1.190714429,""135"":0.459275565,""136"":0.125875525,""137"":338.8183096,""210"":17.0}"
-16006,Cowboys D/ST,DST,6,123.37,123.37,17.0,511,511,511,166.66,9.0,"{""89"":0.095123901,""90"":0.424660272,""91"":1.851518785,""92"":2.174260592,""93"":0.124687705,""94"":1.544069371,""95"":11.19591181,""96"":7.554368729,""97"":1.902281185,""98"":0.262191526,""99"":38.37394592,""100"":76.74789184,""101"":0.248052575,""102"":0.285437788,""103"":1.013592816,""104"":0.530476555,""105"":2.202247438,""106"":11.62210574,""109"":1033.547879,""110"":344.0,""111"":206.0,""112"":51.74456882,""113"":66.80767573,""114"":1835.588471,""115"":234.5854146,""116"":183.0,""117"":73.0,""118"":23.0,""119"":9.0,""120"":399.8375336,""121"":2.463029576,""122"":4.212629896,""123"":3.550159872,""124"":1.970423661,""125"":0.258193445,""126"":23.51985492,""127"":5967.52798,""129"":0.220735118,""130"":2.377147423,""131"":3.175189772,""132"":4.261885737,""133"":3.633639632,""134"":2.207351179,""135"":0.865960847,""136"":0.258090292,""137"":351.0310576,""210"":17.0}"
4686273,Quinyon Mitchell,CB,21,152.25,152.25,17.0,742,742,742,172.23,8.95,"{""93"":0.009993059,""94"":0.217217552,""95"":2.575430784,""96"":0.604675746,""97"":0.069951415,""98"":0.007363307,""99"":0.050434554,""100"":0.100869109,""103"":0.187764324,""104"":0.029453227,""105"":0.227210611,""106"":0.930270378,""107"":15.08106676,""108"":39.29174576,""109"":54.37281252,""110"":18.0,""111"":10.0,""112"":0.493293571,""113"":19.31403401,""210"":17.0}"
4870598,CJ Allen,LB,11,203.65,203.65,17.0,620,620,620,171.35,8.93,"{""93"":0.006993486,""94"":0.08741857,""95"":0.621758267,""96"":0.36329759,""97"":0.010490228,""98"":0.010490228,""99"":1.503359857,""100"":3.006719715,""103"":0.059444628,""104"":0.027973942,""105"":0.094412056,""106"":0.55891937,""107"":41.3944413,""108"":52.19587982,""109"":93.59032112,""110"":31.0,""111"":18.0,""112"":2.898130178,""113"":3.935738649,""210"":17.0}"
3122793,Harold Landry III,DE,17,129.61,129.61,17.0,567,567,567,174.15,8.85,"{""93"":0.01213016,""94"":0.090914935,""95"":0.118602494,""96"":0.674718887,""97"":0.21429949,""98"":0.038963544,""99"":6.554877547,""100"":13.10975509,""103"":0.038963544,""104"":0.051951392,""105"":0.103045095,""106"":1.038029057,""107"":22.49531271,""108"":30.64698693,""109"":53.14229964,""110"":17.0,""111"":10.0,""112"":3.42610829,""113"":1.596984919,""210"":17.0}"
3116733,Bradley Chubb,DE,2,121.3,121.3,17.0,585,585,585,175.36,8.75,"{""93"":0.012735929,""94"":0.095455143,""95"":0.221907672,""96"":1.161697765,""97"":0.225001409,""98"":0.040909347,""99"":6.401542542,""100"":12.80308508,""103"":0.040909347,""104"":0.054545796,""105"":0.108191072,""106"":1.787227331,""107"":20.10750426,""108"":27.39390327,""109"":47.50140753,""110"":15.0,""111"":9.0,""112"":1.904565261,""113"":2.729118057,""210"":17.0}"
4595342,Oronde Gadsden,TE,24,111.3,111.3,17.0,391,370,370,169.78,8.73,"{""42"":443.6478424,""43"":3.457129403,""44"":0.08560941,""45"":0.153065981,""46"":0.100028618,""47"":88.0,""48"":44.0,""49"":22.0,""50"":17.0,""51"":8.0,""53"":41.59548871,""56"":0.284370429,""57"":0.008794962,""58"":58.40636083,""60"":10.66576824,""61"":26.0969319,""62"":0.08560941,""63"":0.002494425,""67"":0.56691485,""68"":0.56691485,""71"":0.317472316,""72"":0.317472316,""73"":0.317472316,""210"":17.0,""212"":21.97901493}"
2977187,Cooper Kupp,WR,26,106.96,106.96,17.0,351,332,332,168.79,8.68,"{""42"":471.7184563,""43"":2.822195523,""44"":0.102559859,""45"":0.213192973,""46"":0.139321608,""47"":94.0,""48"":47.0,""49"":23.0,""50"":18.0,""51"":9.0,""53"":37.85751865,""56"":0.332900129,""57"":0.01029588,""58"":57.21282455,""60"":12.46036383,""61"":27.74814449,""62"":0.102559859,""63"":0.002573803,""67"":0.584955194,""68"":0.584955194,""71"":0.327574908,""72"":0.327574908,""73"":0.327574908,""210"":17.0,""212"":21.64145137}"
4035434,Devin White,LB,8,107.48,107.48,17.0,671,671,671,170.59,8.66,"{""93"":0.003219086,""94"":0.040238572,""95"":0.164632447,""96"":0.20392773,""97"":0.004828629,""98"":0.004828629,""99"":0.642682264,""100"":1.285364527,""103"":0.027362229,""104"":0.012876343,""105"":0.043457658,""106"":0.313734969,""107"":22.23139915,""108"":28.03244595,""109"":50.2638451,""110"":16.0,""111"":10.0,""112"":2.48307008,""113"":1.071530224,""210"":17.0}"
3057956,Zach Sieler,DT,15,108.75,108.75,17.0,666,666,666,176.15,8.64,"{""93"":0.003900591,""94"":0.03438679,""95"":0.142726287,""96"":0.098569733,""97"":0.261339602,""98"":0.020632074,""99"":4.157355818,""100"":8.314711636,""103"":0.006877358,""104"":0.027509432,""105"":0.038287381,""106"":0.151645743,""107"":24.81206885,""108"":23.25152196,""109"":48.0635908,""110"":16.0,""111"":9.0,""112"":5.225740729,""113"":3.421044979,""210"":17.0}"
4360635,Chig Okonkwo,TE,28,128.27,128.27,17.0,373,318,319,169.01,8.63,"{""42"":560.7229358,""43"":2.343217034,""44"":0.182382798,""45"":0.165658108,""46"":0.108257574,""47"":112.0,""48"":56.0,""49"":28.0,""50"":22.0,""51"":11.0,""53"":51.31283512,""56"":0.523036221,""57"":0.016176378,""58"":72.2363833,""60"":10.92753761,""61"":32.98370211,""62"":0.182382798,""63"":0.002057823,""67"":0.467687147,""68"":0.467687147,""71"":0.261904802,""72"":0.261904802,""73"":0.261904802,""210"":17.0,""212"":26.96689438}"
4039413,Alohi Gilman,S,12,219.75,219.75,17.0,565,565,565,175.67,8.6,"{""93"":0.010964632,""94"":0.133037534,""95"":2.566136471,""96"":0.61891879,""97"":0.071270107,""98"":0.009502681,""99"":0.328956031,""100"":0.657912062,""103"":0.085524129,""104"":0.047513405,""105"":0.144002166,""106"":0.952182754,""107"":34.23592087,""108"":58.75752957,""109"":92.99345044,""110"":30.0,""111"":18.0,""112"":1.099232015,""113"":9.312353303,""210"":17.0}"
4036134,Amani Hooker,S,10,215.56,215.56,17.0,577,577,577,174.05,8.54,"{""93"":0.010800124,""94"":0.131041506,""95"":2.114562219,""96"":0.146930289,""97"":0.070200807,""98"":0.009360108,""99"":0.560833932,""100"":1.121667863,""103"":0.084240968,""104"":0.046800538,""105"":0.14184163,""106"":0.226046598,""107"":34.09562321,""108"":58.51674319,""109"":92.6123664,""110"":30.0,""111"":18.0,""112"":2.773100854,""113"":8.981114356,""210"":17.0}"
3127273,Frankie Luvu,LB,28,203.09,203.09,17.0,599,599,599,172.58,8.53,"{""93"":0.009721532,""94"":0.121519149,""95"":0.907285556,""96"":1.033982178,""97"":0.014582298,""98"":0.014582298,""99"":3.401487214,""100"":6.802974428,""103"":0.082633021,""104"":0.038886128,""105"":0.131240681,""106"":1.590741812,""107"":39.23784022,""108"":49.47653666,""109"":88.71437689,""110"":29.0,""111"":17.0,""112"":1.754930194,""113"":5.4830305,""210"":17.0}"
4382466,Jalen Nailor,WR,13,131.08,131.08,17.0,271,223,223,169.85,8.28,"{""23"":2.091725187,""24"":11.08704716,""25"":0.076096431,""26"":0.004304702,""27"":2.0,""28"":1.0,""35"":0.003840402,""36"":0.002688281,""37"":0.000236998,""38"":8.09e-06,""39"":5.30043202,""40"":0.652179245,""42"":605.7317005,""43"":3.012010783,""44"":0.191677827,""45"":0.18688936,""46"":0.122132197,""47"":121.0,""48"":60.0,""49"":30.0,""50"":24.0,""51"":12.0,""53"":44.15332632,""56"":0.646696964,""57"":0.020000937,""58"":75.83374293,""60"":13.71882372,""61"":35.6312765,""62"":0.195982529,""63"":0.003495173,""66"":0.035929847,""67"":0.758427672,""68"":0.794357519,""70"":0.01652773,""71"":0.424719496,""72"":0.441247226,""73"":0.441247226,""210"":17.0,""211"":2.630156451,""212"":26.84965163}"
4428863,Evan Williams,S,9,221.4,221.4,17.0,583,583,583,173.85,8.2,"{""93"":0.010462489,""94"":0.126944861,""95"":1.554270468,""96"":0.142336925,""97"":0.068006175,""98"":0.00906749,""99"":0.254311557,""100"":0.508623114,""103"":0.081607411,""104"":0.04533745,""105"":0.137407349,""106"":0.218979885,""107"":36.07677641,""108"":61.91690491,""109"":97.99368132,""110"":32.0,""111"":19.0,""112"":3.636283711,""113"":5.697859952,""210"":17.0}"
4426350,Henry To'oTo'o,LB,34,228.08,228.08,17.0,590,590,590,171.69,8.19,"{""93"":0.008563724,""94"":0.107046547,""95"":0.706016144,""96"":0.180352022,""97"":0.012845586,""98"":0.012845586,""99"":1.107893319,""100"":2.215786639,""103"":0.072791652,""104"":0.034254895,""105"":0.11561027,""106"":0.277464649,""107"":46.69934835,""108"":58.88504586,""109"":105.5843942,""110"":35.0,""111"":21.0,""112"":7.939237918,""113"":4.919915602,""210"":17.0}"
4597500,Adonai Mitchell,WR,20,133.4,133.4,17.0,212,203,203,169.5,7.8,"{""23"":2.172129233,""24"":11.1638906,""25"":0.10838025,""26"":0.012248505,""27"":2.0,""28"":1.0,""35"":0.003988199,""36"":0.00279174,""37"":0.00024074,""38"":8.21554e-06,""39"":5.139606994,""40"":0.656699447,""42"":610.8249116,""43"":3.522523979,""44"":0.429450488,""45"":0.210028294,""46"":0.13725349,""47"":122.0,""48"":61.0,""49"":30.0,""50"":24.0,""51"":12.0,""53"":41.5268176,""56"":0.660791179,""57"":0.020436841,""58"":74.32578383,""60"":14.7091674,""61"":35.93087715,""62"":0.441698993,""63"":0.003845507,""66"":0.043442585,""67"":0.830536352,""68"":0.873978937,""70"":0.019983589,""71"":0.465100357,""72"":0.485083946,""73"":0.485083946,""210"":17.0,""211"":2.661703542,""212"":26.60019128}"
4569620,Ronnie Hickman,S,5,229.31,229.31,17.0,571,571,571,175.33,7.77,"{""93"":0.010987086,""94"":0.133309982,""95"":1.898343246,""96"":0.149473817,""97"":0.071416062,""98"":0.009522142,""99"":0.347291894,""100"":0.694583788,""103"":0.085699274,""104"":0.047610708,""105"":0.144297068,""106"":0.229959719,""107"":36.95616918,""108"":63.4261661,""109"":100.3823353,""110"":33.0,""111"":20.0,""112"":1.095119775,""113"":7.212012212,""210"":17.0}"
4685720,Bryce Young,QB,29,304.38,304.38,17.0,157,322,322,168.28,7.73,"{""0"":539.5272142,""1"":335.8480181,""2"":203.6791961,""3"":3641.824737,""4"":20.34318657,""5"":728.0,""6"":364.0,""7"":182.0,""8"":145.0,""9"":72.0,""10"":36.0,""11"":67.0,""12"":33.0,""15"":2.694731113,""16"":1.761006782,""17"":2.194598443,""18"":0.296432707,""19"":1.235013082,""20"":12.12533154,""21"":0.622485779,""22"":214.2249845,""23"":57.8011684,""24"":272.4609913,""25"":2.143928725,""26"":0.14969024,""27"":54.0,""28"":27.0,""29"":13.0,""30"":10.0,""31"":5.0,""33"":11.0,""34"":5.0,""35"":0.109335395,""36"":0.076534777,""37"":0.189680869,""38"":0.00647,""39"":4.713762694,""40"":16.02711713,""62"":1.384703322,""63"":0.036449814,""64"":37.18580796,""65"":7.529411876,""66"":0.754636686,""68"":8.284048561,""69"":3.6141177,""70"":0.347132875,""72"":3.961250576,""73"":16.08658212,""210"":17.0,""211"":16.38163044}"
3050478,Jake Elliott,K,21,153.06,153.06,17.0,424,412,412,168.56,7.73,"{""74"":5.224575086,""75"":7.7349048,""76"":2.510329714,""77"":6.952170879,""78"":8.8398912,""79"":1.887720321,""80"":14.96062637,""81"":15.924804,""82"":0.964177625,""83"":27.13737234,""84"":32.4996,""85"":5.36222766,""86"":42.40508963,""87"":44.99431689,""88"":2.589227257,""198"":5.224575086,""199"":7.7349048,""200"":2.510329714,""210"":17.0,""214"":1043.793535,""215"":249.4305478,""216"":1293.224083}"
4242208,Grant Delpit,S,5,199.72,199.72,17.0,613,613,613,173.87,7.67,"{""93"":0.010987086,""94"":0.133309982,""95"":1.247980189,""96"":0.622123363,""97"":0.071416062,""98"":0.009522142,""99"":2.01564804,""100"":4.031296079,""103"":0.085699274,""104"":0.047610708,""105"":0.144297068,""106"":0.957112866,""107"":31.66409726,""108"":54.34362752,""109"":86.00772478,""110"":28.0,""111"":17.0,""112"":1.972459482,""113"":4.74121231,""210"":17.0}"
-16025,49ers D/ST,DST,25,132.74,132.74,17.0,433,424,424,168.45,7.55,"{""89"":0.132546981,""90"":0.594762095,""91"":2.328068772,""92"":2.447021192,""93"":0.124426733,""94"":1.56144102,""95"":11.24833997,""96"":8.866525022,""97"":1.920733423,""98"":0.265369865,""99"":38.82675712,""100"":77.65351425,""101"":0.173022906,""102"":0.238286078,""103"":1.035497264,""104"":0.525943756,""105"":2.097176736,""106"":13.64080773,""109"":1061.999226,""110"":353.0,""111"":212.0,""112"":43.95155961,""113"":60.65736958,""114"":1756.277611,""115"":250.4711611,""116"":175.0,""117"":70.0,""118"":25.0,""119"":10.0,""120"":382.861567,""121"":2.464014394,""122"":3.976409436,""123"":3.177728908,""124"":1.665333866,""125"":0.214114354,""126"":22.52126865,""127"":5874.222955,""129"":0.425,""130"":3.74,""131"":3.655,""132"":3.995,""133"":2.89,""134"":1.53,""135"":0.595,""136"":0.17,""137"":345.5425267,""210"":17.0}"
4428414,Mike Sainristil,CB,28,188.06,188.06,17.0,682,682,682,174.39,7.45,"{""93"":0.009521548,""94"":0.206968376,""95"":1.628096201,""96"":0.140913893,""97"":0.066650833,""98"":0.007015877,""99"":0.208833835,""100"":0.417667671,""103"":0.178904867,""104"":0.028063509,""105"":0.216489924,""106"":0.216790604,""107"":21.02710006,""108"":54.78335735,""109"":75.81045741,""110"":25.0,""111"":15.0,""112"":1.203975423,""113"":12.17438601,""210"":17.0}"
4039059,Brandon Jones,S,7,211.99,211.99,17.0,616,616,616,174.56,7.43,"{""93"":0.010368054,""94"":0.125799051,""95"":2.079800642,""96"":0.141052186,""97"":0.067392349,""98"":0.008985647,""99"":0.770932193,""100"":1.541864386,""103"":0.080870819,""104"":0.044928233,""105"":0.136167105,""106"":0.217003363,""107"":33.57500913,""108"":57.62323729,""109"":91.19824642,""110"":30.0,""111"":18.0,""112"":0.141050271,""113"":8.177659878,""210"":17.0}"
4566094,Jacob Rodriguez,LB,15,94.41,94.41,17.0,674,674,674,170.7,7.4,"{""93"":0.003243027,""94"":0.040537837,""95"":0.315353009,""96"":0.168468764,""97"":0.00486454,""98"":0.00486454,""99"":0.644764846,""100"":1.289529691,""103"":0.027565729,""104"":0.012972108,""105"":0.043780864,""106"":0.259182713,""107"":19.19547646,""108"":24.20433157,""109"":43.39980803,""110"":14.0,""111"":8.0,""112"":1.39629902,""113"":1.825085113,""210"":17.0}"
5081394,James Pearce Jr.,DE,1,103.57,103.57,17.0,588,588,588,173.79,7.24,"{""93"":0.012001146,""94"":0.089947987,""95"":0.190017439,""96"":0.798377456,""97"":0.212020255,""98"":0.038549137,""99"":8.550625941,""100"":17.10125188,""103"":0.038549137,""104"":0.05139885,""105"":0.101949133,""106"":1.228273009,""107"":16.00251627,""108"":21.80138206,""109"":37.80389833,""110"":12.0,""111"":7.0,""112"":3.205988216,""113"":2.656752579,""210"":17.0}"
4250621,Kobie Turner,DT,14,103.26,103.26,17.0,711,711,711,174.33,7.21,"{""93"":0.003748806,""94"":0.033048685,""95"":0.074913161,""96"":0.094734055,""97"":0.251170005,""98"":0.019829211,""99"":5.006435095,""100"":10.01287019,""103"":0.006609737,""104"":0.026438948,""105"":0.036797491,""106"":0.1457447,""107"":23.44217108,""108"":21.96778345,""109"":45.40995453,""110"":15.0,""111"":9.0,""112"":2.298157343,""113"":1.743362319,""210"":17.0}"
3916923,Carlton Davis III,CB,17,192.46,192.46,17.0,637,637,637,176.65,7.1,"{""93"":0.009678549,""94"":0.210381094,""95"":1.633182696,""96"":0.143237433,""97"":0.067749844,""98"":0.007131563,""99"":0.256286066,""100"":0.512572131,""103"":0.181854844,""104"":0.02852625,""105"":0.220059643,""106"":0.220365282,""107"":21.49771609,""108"":56.00948582,""109"":77.50720192,""110"":25.0,""111"":15.0,""112"":3.169650017,""113"":12.66045703,""210"":17.0}"
4686658,Mike Washington Jr.,RB,13,70.18,70.18,17.0,221,215,215,170.36,7.05,"{""23"":88.61723103,""24"":365.0373036,""25"":2.24176148,""26"":0.126805499,""27"":73.0,""28"":36.0,""29"":18.0,""30"":14.0,""31"":7.0,""33"":17.0,""34"":8.0,""35"":0.170378046,""36"":0.119264632,""37"":0.344089275,""38"":0.0117,""39"":4.119258742,""40"":21.47278256,""42"":59.85515109,""43"":0.272792781,""44"":0.017375493,""45"":0.042537903,""46"":0.027798519,""47"":11.0,""48"":5.0,""49"":2.0,""50"":2.0,""51"":1.0,""53"":8.347741554,""56"":0.029380063,""57"":0.000908662,""58"":10.83339185,""60"":7.170220916,""61"":3.52089124,""62"":0.144180992,""63"":0.003650537,""66"":0.758241216,""67"":0.071426309,""68"":0.829667525,""70"":0.348790959,""71"":0.039998733,""72"":0.388789692,""73"":0.388789692,""210"":17.0,""211"":21.45260786,""212"":2.515134917}"
4873232,Mason Graham,DT,5,111.98,111.98,17.0,717,717,717,173.96,6.9,"{""93"":0.004042811,""94"":0.035640572,""95"":0.059019861,""96"":0.102163699,""97"":0.270868347,""98"":0.021384343,""99"":3.090378378,""100"":6.180756756,""103"":0.007128114,""104"":0.028512458,""105"":0.039683383,""106"":0.157174922,""107"":26.77075049,""108"":25.08701296,""109"":51.85776344,""110"":17.0,""111"":10.0,""112"":4.133174394,""113"":1.464302938,""210"":17.0}"
3915282,Zach Allen,DT,7,100.24,100.24,17.0,783,783,783,172.14,6.87,"{""93"":0.003915117,""94"":0.034514851,""95"":0.060340706,""96"":0.09893682,""97"":0.262312866,""98"":0.02070891,""99"":5.229205403,""100"":10.45841081,""103"":0.00690297,""104"":0.027611881,""105"":0.038429968,""106"":0.152210492,""107"":22.59034128,""108"":21.16952921,""109"":43.7598705,""110"":14.0,""111"":8.0,""112"":-1.155385247,""113"":1.549418587,""210"":17.0}"
4243956,Reed Blankenship,S,34,187.08,187.08,17.0,733,733,733,172.57,6.83,"{""93"":0.010146479,""94"":0.123110606,""95"":0.988966889,""96"":0.550346883,""97"":0.065952111,""98"":0.008793615,""99"":0.157041564,""100"":0.314083128,""103"":0.079142533,""104"":0.043968074,""105"":0.133257085,""106"":0.846687512,""107"":30.39144834,""108"":52.15943895,""109"":82.55088729,""110"":27.0,""111"":16.0,""112"":1.110770199,""113"":4.370613489,""210"":17.0}"
4040655,Darnell Mooney,WR,19,93.01,93.01,17.0,314,291,291,170.63,6.83,"{""23"":2.226084336,""24"":11.91423482,""25"":0.076564815,""26"":0.003216081,""27"":2.0,""28"":1.0,""35"":0.004087386,""36"":0.00286117,""37"":0.000280374,""38"":9.5681e-06,""39"":5.352103972,""40"":0.700837342,""42"":432.4308281,""43"":2.309439519,""44"":0.123447173,""45"":0.167651295,""46"":0.109560121,""47"":86.0,""48"":43.0,""49"":21.0,""50"":17.0,""51"":8.0,""53"":29.65652549,""56"":0.267099497,""57"":0.008260809,""58"":55.68763113,""60"":14.58130448,""61"":25.43710754,""62"":0.126663253,""63"":0.002115874,""66"":0.033575691,""67"":0.447304858,""68"":0.48088055,""70"":0.015444818,""71"":0.250490721,""72"":0.265935539,""73"":0.265935539,""210"":17.0,""211"":2.666598635,""212"":18.47910197}"
4596334,Keaton Mitchell,RB,24,68.3,68.3,17.0,286,233,233,170.42,6.82,"{""23"":62.39188208,""24"":293.7160303,""25"":1.791358178,""26"":0.044755793,""27"":58.0,""28"":29.0,""29"":14.0,""30"":11.0,""31"":5.0,""33"":12.0,""34"":6.0,""35"":0.118318503,""36"":0.082822952,""37"":0.222,""38"":0.00758,""39"":4.7076001,""40"":17.27741355,""42"":92.60518497,""43"":0.463148587,""44"":0.01147137,""45"":0.050907671,""46"":0.033268163,""47"":18.0,""48"":9.0,""49"":4.0,""50"":3.0,""51"":1.0,""53"":12.02708735,""56"":0.04099028,""57"":0.001267741,""58"":15.9290075,""60"":7.699718336,""61"":5.447363822,""62"":0.056227163,""63"":0.003065596,""66"":0.584126228,""67"":0.11260018,""68"":0.696726408,""70"":0.268698065,""71"":0.063056101,""72"":0.331754166,""73"":0.331754166,""101"":0.073510565,""114"":872.3438553,""116"":87.0,""117"":34.0,""210"":17.0,""211"":17.11537215,""212"":4.334736096}"
3917853,Mike Jackson,CB,29,168.77,168.77,17.0,658,658,658,175.17,6.71,"{""93"":0.00897445,""94"":0.195076193,""95"":2.677115531,""96"":0.517783842,""97"":0.062821147,""98"":0.006612752,""99"":0.17921108,""100"":0.35842216,""103"":0.168625184,""104"":0.026451009,""105"":0.204050643,""106"":0.796590526,""107"":17.27059363,""108"":44.99627145,""109"":62.26686508,""110"":20.0,""111"":12.0,""112"":3.140664247,""113"":18.27549297,""210"":17.0}"
4428914,Dee Winters,LB,6,199.11,199.11,17.0,611,611,611,171.9,6.66,"{""93"":0.007954723,""94"":0.099434038,""95"":0.710233009,""96"":0.167526468,""97"":0.011932085,""98"":0.011932085,""99"":1.383482315,""100"":2.766964629,""103"":0.067615146,""104"":0.031818892,""105"":0.107388761,""106"":0.257733027,""107"":40.53068135,""108"":51.10673091,""109"":91.63741226,""110"":30.0,""111"":18.0,""112"":7.0116208,""113"":4.197510982,""210"":17.0}"
4035861,Cam Bynum,S,11,192.7,192.7,17.0,643,643,643,172.64,6.66,"{""93"":0.011009407,""94"":0.133580809,""95"":1.945765743,""96"":0.585713742,""97"":0.071561148,""98"":0.009541486,""99"":0.649907987,""100"":1.299815974,""103"":0.085873378,""104"":0.047707432,""105"":0.144590217,""106"":0.901098065,""107"":30.05971157,""108"":51.59009446,""109"":81.64980603,""110"":27.0,""111"":16.0,""112"":2.289387693,""113"":7.811112017,""210"":17.0}"
4683848,Donovan Ezeiruaku,DE,6,126.17,126.17,17.0,570,570,570,173.66,6.66,"{""93"":0.013073593,""94"":0.097985918,""95"":0.150519307,""96"":0.862141157,""97"":0.230966807,""98"":0.041993965,""99"":5.222022104,""100"":10.44404421,""103"":0.041993965,""104"":0.055991953,""105"":0.111059511,""106"":1.32637101,""107"":22.06281319,""108"":30.05776164,""109"":52.12057484,""110"":17.0,""111"":10.0,""112"":5.888693837,""113"":1.911903274,""210"":17.0}"
4361791,Devonte Wyatt,DT,9,107.87,107.87,17.0,672,672,672,175.56,6.63,"{""93"":0.003668579,""94"":0.032341419,""95"":0.056905382,""96"":0.101542552,""97"":0.245794787,""98"":0.019404852,""99"":4.396009898,""100"":8.792019795,""103"":0.006468284,""104"":0.025873135,""105"":0.036009998,""106"":0.156219311,""107"":25.07070209,""108"":23.49388855,""109"":48.56459064,""110"":16.0,""111"":9.0,""112"":5.680947851,""113"":1.36235271,""210"":17.0}"
3917142,Akeem Davis-Gaither,LB,11,233.65,233.65,17.0,596,596,596,171.69,6.52,"{""93"":0.008069406,""94"":0.100867581,""95"":0.835867756,""96"":0.659743825,""97"":0.01210411,""98"":0.01210411,""99"":1.137494007,""100"":2.274988015,""103"":0.068589955,""104"":0.032277626,""105"":0.108936987,""106"":1.0149905,""107"":47.26160869,""108"":59.59402205,""109"":106.8556307,""110"":35.0,""111"":21.0,""112"":1.830292509,""113"":5.29105475,""210"":17.0}"
4429501,Ray Davis,RB,2,37.14,37.14,17.0,219,211,211,170.63,6.52,"{""23"":32.29631629,""24"":137.7673269,""25"":1.062129437,""26"":0.050604355,""27"":27.0,""28"":13.0,""29"":6.0,""30"":5.0,""31"":2.0,""33"":6.0,""34"":3.0,""35"":0.06027186,""36"":0.042190302,""37"":0.04830748,""38"":0.00165,""39"":4.26572881,""40"":8.103960403,""42"":59.95326291,""43"":0.390420294,""44"":0.031395027,""45"":0.052087472,""46"":0.034039163,""47"":11.0,""48"":5.0,""49"":2.0,""50"":2.0,""51"":1.0,""53"":7.750085264,""56"":0.02942409,""57"":0.000910023,""58"":10.22783061,""60"":7.735819784,""61"":3.526662524,""62"":0.081999382,""63"":0.001768011,""66"":0.324057207,""67"":0.077763388,""68"":0.401820595,""70"":0.149066315,""71"":0.043547497,""72"":0.192613813,""73"":0.192613813,""101"":0.347350056,""114"":1541.415703,""116"":154.0,""117"":61.0,""210"":17.0,""211"":9.477671295,""212"":2.429714604}"
3931399,Justin Reid,S,18,209.69,209.69,17.0,610,610,610,174.37,6.49,"{""93"":0.010764854,""94"":0.130613565,""95"":1.931558901,""96"":0.14645046,""97"":0.069971553,""98"":0.00932954,""99"":0.57112241,""100"":1.14224482,""103"":0.083965863,""104"":0.046647702,""105"":0.141378419,""106"":0.2253084,""107"":33.4307642,""108"":57.37567638,""109"":90.80644058,""110"":30.0,""111"":18.0,""112"":2.025160898,""113"":7.493738003,""210"":17.0}"
3045147,James Conner,RB,22,0,0.0,,291,276,276,170.42,6.47,{}
13971,Cameron Jordan,DE,18,68.51,68.51,17.0,867,867,867,171.35,6.4,"{""93"":0.006348157,""94"":0.047579119,""95"":0.069167644,""96"":0.575396145,""97"":0.11215078,""98"":0.020391051,""99"":3.554560839,""100"":7.109121677,""103"":0.020391051,""104"":0.027188068,""105"":0.053927276,""106"":0.885224838,""107"":11.63586425,""108"":15.85237708,""109"":27.48824134,""110"":9.0,""111"":5.0,""112"":3.570387241,""113"":0.909407692,""210"":17.0}"
4428659,Drake Thomas,LB,26,196.67,196.67,17.0,608,608,608,171.41,6.3,"{""93"":0.006971938,""94"":0.087149227,""95"":0.902996688,""96"":0.146829017,""97"":0.010457907,""98"":0.010457907,""99"":1.614806819,""100"":3.229613637,""103"":0.059261474,""104"":0.027887753,""105"":0.094121165,""106"":0.225890796,""107"":39.36400429,""108"":49.6356219,""109"":88.99962619,""110"":29.0,""111"":17.0,""112"":6.80732108,""113"":6.327776946,""210"":17.0}"
4685530,Malaki Starks,S,33,182.4,182.4,17.0,766,766,766,172.57,6.26,"{""93"":0.010872927,""94"":0.131924847,""95"":1.308511569,""96"":0.147920735,""97"":0.070674025,""98"":0.009423203,""99"":0.378672067,""100"":0.757344134,""103"":0.08480883,""104"":0.047116017,""105"":0.142797774,""106"":0.227570362,""107"":29.57417812,""108"":50.75679583,""109"":80.33097395,""110"":26.0,""111"":16.0,""112"":0.95687765,""113"":4.778394712,""210"":17.0}"
4870847,Ja'Kobi Lane,WR,33,105.86,105.86,17.0,301,336,336,169.16,6.23,"{""42"":484.3767174,""43"":3.480525878,""44"":0.114719008,""45"":0.356122667,""46"":0.232726163,""47"":96.0,""48"":48.0,""49"":24.0,""50"":19.0,""51"":9.0,""53"":31.5500338,""56"":0.35473629,""57"":0.010971225,""58"":51.29969359,""60"":15.35265288,""61"":28.49274808,""62"":0.114719008,""63"":0.002529951,""67"":0.574988835,""68"":0.574988835,""71"":0.321993747,""72"":0.321993747,""73"":0.321993747,""210"":17.0,""212"":20.82203432}"
4361652,Payton Wilson,LB,23,159.11,159.11,17.0,650,650,650,170.94,6.2,"{""93"":0.005030677,""94"":0.062883464,""95"":0.373286196,""96"":0.105946059,""97"":0.007546016,""98"":0.007546016,""99"":1.441423497,""100"":2.882846993,""103"":0.042760755,""104"":0.020122708,""105"":0.067914141,""106"":0.162993937,""107"":32.65186678,""108"":41.1720236,""109"":73.82389038,""110"":24.0,""111"":14.0,""112"":2.637238939,""113"":2.279139946,""210"":17.0}"
2970716,Eric Murray,S,30,194.62,194.62,17.0,640,640,640,175.78,6.19,"{""93"":0.009518286,""94"":0.115488539,""95"":1.704402082,""96"":0.721944525,""97"":0.06186886,""98"":0.008249181,""99"":0.724556932,""100"":1.449113864,""103"":0.074242633,""104"":0.041245907,""105"":0.125006826,""106"":1.110683885,""107"":30.34947593,""108"":52.08740366,""109"":82.43687959,""110"":27.0,""111"":16.0,""112"":1.888542308,""113"":8.144204602,""210"":17.0}"
5081397,Dylan Sampson,RB,5,90.63,90.63,17.0,277,217,217,170.82,6.15,"{""23"":54.51707815,""24"":227.4890702,""25"":1.035591206,""26"":0.062769942,""27"":45.0,""28"":22.0,""29"":11.0,""30"":9.0,""31"":4.0,""33"":10.0,""34"":5.0,""35"":0.102967719,""36"":0.072077403,""37"":0.133406429,""38"":0.00455,""39"":4.172803787,""40"":13.38171001,""42"":206.6266691,""43"":1.205995704,""44"":0.085884797,""45"":0.046198089,""46"":0.030190451,""47"":41.0,""48"":20.0,""49"":10.0,""50"":8.0,""51"":4.0,""53"":29.55222924,""56"":0.077103236,""57"":0.002384636,""58"":36.218317,""60"":6.991914806,""61"":12.15450995,""62"":0.148654739,""63"":0.003286941,""66"":0.484433681,""67"":0.262598358,""68"":0.747032039,""70"":0.222839493,""71"":0.14705508,""72"":0.369894574,""73"":0.369894574,""101"":0.104948343,""114"":937.2972664,""116"":93.0,""117"":37.0,""210"":17.0,""211"":13.83735254,""212"":11.77732093}"
4428930,Craig Woodson,S,17,205.93,205.93,17.0,580,580,580,174.2,6.03,"{""93"":0.010643818,""94"":0.129144989,""95"":1.957153694,""96"":0.144803819,""97"":0.069184816,""98"":0.009224642,""99"":0.834550297,""100"":1.669100595,""103"":0.083021779,""104"":0.04612321,""105"":0.139788807,""106"":0.222775106,""107"":32.63262811,""108"":56.00587228,""109"":88.6385004,""110"":29.0,""111"":17.0,""112"":5.237639087,""113"":7.776189499,""210"":17.0}"
4431586,Chop Robinson,DE,15,114.85,114.85,17.0,582,582,582,173.66,5.99,"{""93"":0.013147129,""94"":0.098537065,""95"":0.246201084,""96"":0.86984422,""97"":0.232265939,""98"":0.042230171,""99"":7.696801075,""100"":15.39360215,""103"":0.042230171,""104"":0.056306894,""105"":0.111684194,""106"":1.338221876,""107"":18.44515075,""108"":25.12915918,""109"":43.57430994,""110"":14.0,""111"":8.0,""112"":1.594187315,""113"":3.062378187,""210"":17.0}"
3926229,Cody Barton,LB,10,196.75,196.75,17.0,614,614,614,171.43,5.93,"{""93"":0.009595681,""94"":0.119946011,""95"":1.442326312,""96"":0.20208504,""97"":0.014393521,""98"":0.014393521,""99"":1.320157905,""100"":2.640315809,""103"":0.081563288,""104"":0.038382724,""105"":0.129541692,""106"":0.310900061,""107"":38.33938947,""108"":48.34364476,""109"":86.68303423,""110"":28.0,""111"":17.0,""112"":3.110936032,""113"":9.659522408,""210"":17.0}"
4576297,AJ Barner,TE,26,118.93,118.93,17.0,376,319,320,168.74,5.88,"{""23"":9.201547503,""24"":17.97928821,""25"":0.465879993,""26"":0.013301825,""27"":3.0,""28"":1.0,""33"":1.0,""35"":0.016959433,""36"":0.011871603,""37"":0.000713044,""38"":2.43e-05,""39"":1.953941792,""40"":1.057605189,""42"":432.6990902,""43"":3.636331397,""44"":0.132202033,""45"":0.118543771,""46"":0.077468354,""47"":86.0,""48"":43.0,""49"":21.0,""50"":17.0,""51"":8.0,""53"":44.72096026,""56"":0.267440545,""57"":0.008271357,""58"":60.48165502,""60"":9.675532183,""61"":25.45288766,""62"":0.145503859,""63"":0.003759059,""66"":0.145786476,""67"":0.708545077,""68"":0.854331553,""70"":0.067061779,""71"":0.396785243,""72"":0.463847022,""73"":0.463847022,""210"":17.0,""211"":3.585403916,""212"":22.4627678}"
5081432,Antonio Williams,WR,28,81.27,81.27,17.0,335,298,298,170.85,5.86,"{""23"":4.081847481,""24"":22.31210053,""25"":0.200827139,""26"":0.011831288,""27"":4.0,""28"":2.0,""29"":1.0,""35"":0.007502371,""36"":0.00525166,""37"":0.001124244,""38"":3.83661e-05,""39"":5.466176931,""40"":1.312476502,""42"":344.635969,""43"":2.267772341,""44"":0.177114106,""45"":0.222746401,""46"":0.145564773,""47"":68.0,""48"":34.0,""49"":17.0,""50"":13.0,""51"":6.0,""53"":25.93847608,""56"":0.161646265,""57"":0.004999369,""58"":41.27793332,""60"":13.28666988,""61"":20.27270406,""62"":0.188945394,""63"":0.002407286,""66"":0.074390308,""67"":0.472720068,""68"":0.547110376,""70"":0.034219542,""71"":0.264723238,""72"":0.29894278,""73"":0.29894278,""102"":0.099408204,""115"":99.40820384,""118"":9.0,""119"":3.0,""210"":17.0,""211"":3.223067218,""212"":15.19355967}"
4685247,Braelon Allen,RB,20,81.36,81.36,17.0,281,232,232,170.61,5.81,"{""23"":82.54091085,""24"":347.6345506,""25"":2.902005324,""26"":0.327967744,""27"":69.0,""28"":34.0,""29"":17.0,""30"":13.0,""31"":6.0,""33"":16.0,""34"":8.0,""35"":0.158188216,""36"":0.110731751,""37"":0.311163103,""38"":0.010618803,""39"":4.211663611,""40"":20.44909121,""42"":89.51411246,""43"":0.422952569,""44"":0.0515981,""45"":0.044819061,""46"":0.029289257,""47"":17.0,""48"":8.0,""49"":4.0,""50"":3.0,""51"":1.0,""53"":12.72271015,""56"":0.039981039,""57"":0.001236527,""58"":15.92695368,""60"":7.035773938,""61"":5.265536027,""62"":0.379565844,""63"":0.003470447,""66"":0.683399996,""67"":0.105338068,""68"":0.788738064,""70"":0.314363998,""71"":0.058989318,""72"":0.373353316,""73"":0.373353316,""210"":17.0,""211"":20.98805549,""212"":4.391615035}"
4242975,Jaelan Phillips,DE,29,117.35,117.35,17.0,627,627,627,172.28,5.79,"{""93"":0.012735868,""94"":0.095454686,""95"":0.290695315,""96"":0.649908583,""97"":0.225000331,""98"":0.040909151,""99"":5.864069141,""100"":11.72813828,""103"":0.040909151,""104"":0.054545535,""105"":0.108190554,""106"":0.999859359,""107"":19.80614312,""108"":26.98333724,""109"":46.78948036,""110"":15.0,""111"":9.0,""112"":0.890011558,""113"":3.446929471,""210"":17.0}"
4039064,Malcolm Roach,DT,7,122.44,122.44,17.0,678,678,678,175.96,5.69,"{""93"":0.003076164,""94"":0.027118811,""95"":0.035639215,""96"":0.18966974,""97"":0.206102966,""98"":0.016271287,""99"":3.684980335,""100"":7.36996067,""103"":0.005423762,""104"":0.021695049,""105"":0.030194975,""106"":0.2917996,""107"":29.29122917,""108"":27.44896697,""109"":56.74019614,""110"":18.0,""111"":11.0,""112"":2.97303416,""113"":0.915137821,""210"":17.0}"
2972342,Adam Butler,DT,13,121.75,121.75,17.0,705,705,705,176.91,5.69,"{""93"":0.003940217,""94"":0.034736124,""95"":0.144380746,""96"":0.151943271,""97"":0.263994539,""98"":0.020841674,""99"":2.823949252,""100"":5.647898504,""103"":0.006947225,""104"":0.027788899,""105"":0.038676341,""106"":0.233758879,""107"":29.00301842,""108"":27.17888314,""109"":56.18190157,""110"":18.0,""111"":11.0,""112"":1.849870104,""113"":2.723681493,""210"":17.0}"
4426506,Joey Porter Jr.,CB,23,161.48,161.48,17.0,763,763,763,172.33,5.59,"{""93"":0.009644712,""94"":0.209645574,""95"":2.174457188,""96"":0.142736656,""97"":0.067512981,""98"":0.00710663,""99"":0.151764475,""100"":0.30352895,""103"":0.181219055,""104"":0.028426518,""105"":0.219290285,""106"":0.219594855,""107"":16.98603109,""108"":44.25488101,""109"":61.2409121,""110"":20.0,""111"":12.0,""112"":0.460644646,""113"":16.42745417,""210"":17.0}"
4360939,Rashod Bateman,WR,33,129.63,129.63,17.0,295,225,225,170.79,5.56,"{""42"":613.9154885,""43"":3.959848874,""44"":0.130510147,""45"":0.350666398,""46"":0.229160491,""47"":122.0,""48"":61.0,""49"":30.0,""50"":24.0,""51"":12.0,""53"":37.6875737,""56"":0.670257162,""57"":0.020729603,""58"":65.29051912,""60"":16.28959968,""61"":36.11267579,""62"":0.130510147,""63"":0.002411594,""67"":0.548089654,""68"":0.548089654,""71"":0.306930206,""72"":0.306930206,""73"":0.306930206,""210"":17.0,""212"":25.98915595}"
3873935,Jamel Dean,CB,23,167.85,167.85,17.0,694,694,694,175.26,5.53,"{""93"":0.008386706,""94"":0.182300499,""95"":1.634510105,""96"":1.206440043,""97"":0.05870694,""98"":0.006179678,""99"":0.215526748,""100"":0.431053497,""103"":0.157581787,""104"":0.024718712,""105"":0.190687205,""106"":1.856061605,""107"":17.89711592,""108"":46.6285933,""109"":64.52570922,""110"":21.0,""111"":12.0,""112"":1.330241594,""113"":12.34829547,""210"":17.0}"
4870612,Zachariah Branch,WR,1,104.27,104.27,17.0,313,281,281,170.13,5.52,"{""42"":471.3189735,""43"":2.318947497,""44"":0.136080348,""45"":0.170309344,""46"":0.111297156,""47"":94.0,""48"":47.0,""49"":23.0,""50"":18.0,""51"":9.0,""53"":38.34133511,""56"":0.330732856,""57"":0.010228851,""58"":60.22343485,""60"":12.29271156,""61"":27.7246455,""62"":0.136080348,""63"":0.003074535,""67"":0.698758034,""68"":0.698758034,""71"":0.391304499,""72"":0.391304499,""73"":0.391304499,""101"":0.097887538,""102"":0.234133768,""114"":874.2369766,""115"":234.1337684,""116"":87.0,""117"":34.0,""118"":23.0,""119"":9.0,""210"":17.0,""212"":21.53492696}"
4683815,Trevin Wallace,LB,29,211.54,211.54,17.0,602,602,602,171.1,5.5,"{""93"":0.008623946,""94"":0.107799329,""95"":1.02366443,""96"":0.349156832,""97"":0.01293592,""98"":0.01293592,""99"":1.957463884,""100"":3.914927767,""103"":0.073303544,""104"":0.034495785,""105"":0.116423276,""106"":0.537164356,""107"":42.25184826,""108"":53.27701799,""109"":95.52886624,""110"":31.0,""111"":19.0,""112"":4.906645853,""113"":5.647669317,""210"":17.0}"
4046523,Rashan Gary,DE,6,98.99,98.99,17.0,693,693,693,171.93,5.47,"{""93"":0.009898577,""94"":0.074189338,""95"":0.055536902,""96"":0.608416909,""97"":0.174874868,""98"":0.031795431,""99"":6.077282766,""100"":12.15456553,""103"":0.031795431,""104"":0.042393907,""105"":0.084087915,""106"":0.936026014,""107"":16.77224935,""108"":22.85004495,""109"":39.6222943,""110"":13.0,""111"":7.0,""112"":0.338867942,""113"":0.70543233,""210"":17.0}"
4040608,Jonathon Cooper,DE,7,118.51,118.51,17.0,618,618,618,173.02,5.41,"{""93"":0.011706817,""94"":0.087742004,""95"":0.182227065,""96"":0.235258248,""97"":0.206820438,""98"":0.037603716,""99"":6.480361019,""100"":12.96072204,""103"":0.037603716,""104"":0.050138288,""105"":0.099448821,""106"":0.361935767,""107"":20.46993009,""108"":27.88766211,""109"":48.3575922,""110"":16.0,""111"":9.0,""112"":1.838274787,""113"":2.428204748,""210"":17.0}"
4038441,Justice Hill,RB,33,120.45,120.45,17.0,293,278,278,170.76,5.4,"{""23"":48.77017736,""24"":223.1887543,""25"":1.357424934,""26"":0.03514949,""27"":44.0,""28"":22.0,""29"":11.0,""30"":8.0,""31"":4.0,""33"":9.0,""34"":4.0,""35"":0.0918158,""36"":0.06427106,""37"":0.127155685,""38"":0.00434,""39"":4.576336736,""40"":13.12875025,""42"":348.5811777,""43"":1.672075301,""44"":0.055121679,""45"":0.09352004,""46"":0.061115346,""47"":69.0,""48"":34.0,""49"":17.0,""50"":13.0,""51"":6.0,""53"":39.45348479,""56"":0.165587243,""57"":0.005121255,""58"":51.29969359,""60"":8.835244328,""61"":20.50477516,""62"":0.090271169,""63"":0.00368309,""66"":0.462731273,""67"":0.374334527,""68"":0.8370658,""70"":0.212856386,""71"":0.209627335,""72"":0.422483721,""73"":0.422483721,""210"":17.0,""211"":13.58293607,""212"":18.13927938}"
4685597,Jalon Walker,DE,1,0,0.0,,2484,2486,2484,170.76,5.31,{}
2579621,Denzel Perryman,LB,24,170.08,170.08,17.0,641,641,641,173.9,5.26,"{""93"":0.005372049,""94"":0.067150613,""95"":0.563790164,""96"":0.127327052,""97"":0.008058074,""98"":0.008058074,""99"":0.277426069,""100"":0.554852139,""103"":0.045662417,""104"":0.021488196,""105"":0.072522663,""106"":0.195887773,""107"":35.09024993,""108"":44.24667686,""109"":79.33692679,""110"":26.0,""111"":15.0,""112"":5.177158075,""113"":3.534985586,""210"":17.0}"
3054857,A'Shawn Robinson,DT,27,126.39,126.39,17.0,756,756,756,173.95,5.24,"{""93"":0.003378493,""94"":0.029784083,""95"":0.01470642,""96"":0.100287604,""97"":0.226359031,""98"":0.01787045,""99"":1.935180779,""100"":3.870361558,""103"":0.005956817,""104"":0.023827266,""105"":0.033162576,""106"":0.154288622,""107"":31.46971719,""108"":29.4904397,""109"":60.96015689,""110"":20.0,""111"":12.0,""112"":1.908173594,""113"":0.400648384,""210"":17.0}"
4592837,Terrion Arnold,CB,0,0,0.0,,2355,2360,2355,170.09,5.21,{}
4869461,Trey Smack,K,9,164.15,164.15,17.0,423,411,411,169.63,5.21,"{""74"":5.744558019,""75"":8.4231056,""76"":2.678547581,""77"":7.633740275,""78"":9.6264064,""79"":1.992666125,""80"":16.40523685,""81"":17.341688,""82"":0.936451152,""83"":29.78353514,""84"":35.3912,""85"":5.607664858,""86"":41.32440826,""87"":43.54521418,""88"":2.220805923,""198"":5.744558019,""199"":8.4231056,""200"":2.678547581,""210"":17.0,""214"":1145.881551,""215"":262.4050795,""216"":1408.28663}"
4260409,Derrick Barnes,LB,8,187.53,187.53,17.0,617,617,617,171.55,5.13,"{""93"":0.009120743,""94"":0.114009287,""95"":0.502020106,""96"":0.192082847,""97"":0.013681114,""98"":0.013681114,""99"":4.329261133,""100"":8.658522267,""103"":0.077526315,""104"":0.036482972,""105"":0.12313003,""106"":0.295512073,""107"":37.06302329,""108"":46.73422441,""109"":83.7972477,""110"":27.0,""111"":16.0,""112"":2.079304746,""113"":3.267458668,""210"":17.0}"
16195,Tony Jefferson,S,24,126.77,126.77,17.0,876,876,876,173.87,5.12,"{""93"":0.00543911,""94"":0.065994533,""95"":1.644817218,""96"":0.184279401,""97"":0.035354214,""98"":0.004713895,""99"":0.286105289,""100"":0.572210578,""103"":0.042425057,""104"":0.023569476,""105"":0.071433643,""106"":0.283506771,""107"":19.57978836,""108"":33.60388634,""109"":53.1836747,""110"":17.0,""111"":10.0,""112"":1.723712287,""113"":6.540416801,""210"":17.0}"
3134362,Vita Vea,DT,27,92.2,92.2,17.0,786,786,786,173.28,5.1,"{""93"":0.004166808,""94"":0.036733702,""95"":0.06937625,""96"":0.105297158,""97"":0.279176138,""98"":0.022040221,""99"":3.939451874,""100"":7.878903748,""103"":0.00734674,""104"":0.029386962,""105"":0.04090051,""106"":0.161995628,""107"":21.05081059,""108"":19.7268268,""109"":40.77763739,""110"":13.0,""111"":8.0,""112"":3.796704598,""113"":1.890023738,""210"":17.0}"
3054840,Jonathan Allen,DT,4,105.91,105.91,17.0,795,795,795,173.98,5.1,"{""93"":0.003092666,""94"":0.02726429,""95"":0.04239269,""96"":0.078153087,""97"":0.207208603,""98"":0.016358574,""99"":2.861623075,""100"":5.72324615,""103"":0.005452858,""104"":0.021811432,""105"":0.030356956,""106"":0.120235518,""107"":25.50296341,""108"":23.89896294,""109"":49.40192635,""110"":16.0,""111"":9.0,""112"":2.442302152,""113"":1.071754941,""210"":17.0}"
4431321,Dru Phillips,CB,19,168.0,168.0,17.0,670,670,670,174.62,5.08,"{""93"":0.007079849,""94"":0.153893561,""95"":1.619048002,""96"":0.15089827,""97"":0.049558943,""98"":0.005216731,""99"":0.544768112,""100"":1.089536223,""103"":0.133026638,""104"":0.020866924,""105"":0.16097341,""106"":0.232151185,""107"":18.46672335,""108"":48.11263091,""109"":66.57935427,""110"":22.0,""111"":13.0,""112"":7.057865255,""113"":12.30651138,""210"":17.0}"
8439,Aaron Rodgers,QB,23,285.41,285.41,17.0,224,387,387,169.02,4.95,"{""0"":568.3591178,""1"":362.633964,""2"":205.7251537,""3"":3767.703596,""4"":20.05449986,""5"":753.0,""6"":376.0,""7"":188.0,""8"":150.0,""9"":75.0,""10"":37.0,""11"":72.0,""12"":36.0,""15"":2.867491589,""16"":1.873905753,""17"":2.458660529,""18"":0.332100571,""19"":0.614191823,""20"":11.14447301,""21"":0.638036679,""22"":221.6296233,""23"":28.12290993,""24"":99.54658077,""25"":0.885160728,""26"":0.029821208,""27"":19.0,""28"":9.0,""29"":4.0,""30"":3.0,""31"":1.0,""33"":5.0,""34"":2.0,""35"":0.052363913,""36"":0.036654739,""37"":0.024872199,""38"":0.000849,""39"":3.53969703,""40"":5.855681222,""62"":0.644013031,""63"":0.032075594,""64"":37.76040352,""65"":6.966666363,""66"":0.323241413,""68"":7.289907776,""69"":3.343999854,""70"":0.14869105,""72"":3.492690904,""73"":14.63716392,""210"":17.0,""211"":7.801657329}"
3925354,Daron Payne,DT,28,107.98,107.98,17.0,714,714,714,174.24,4.93,"{""93"":0.003502159,""94"":0.0308743,""95"":0.033885972,""96"":0.578175806,""97"":0.234644684,""98"":0.01852458,""99"":2.941924183,""100"":5.883848365,""103"":0.00617486,""104"":0.02469944,""105"":0.03437646,""106"":0.88950124,""107"":25.45270353,""108"":23.85186414,""109"":49.30456767,""110"":16.0,""111"":9.0,""112"":4.570713553,""113"":0.848135586,""210"":17.0}"
4686906,Lukas Van Ness,DE,9,120.49,120.49,17.0,597,597,597,173.51,4.86,"{""93"":0.011360786,""94"":0.085148517,""95"":0.118131653,""96"":0.858218238,""97"":0.200707219,""98"":0.036492222,""99"":5.453381428,""100"":10.90676286,""103"":0.036492222,""104"":0.048656296,""105"":0.096509303,""106"":1.320335751,""107"":20.95657578,""108"":28.55065463,""109"":49.50723042,""110"":16.0,""111"":9.0,""112"":4.243512099,""113"":1.466408007,""210"":17.0}"
5123663,Isaac TeSlaa,WR,8,76.32,76.32,17.0,347,312,312,170.28,4.8,"{""42"":300.9989354,""43"":3.230643921,""44"":0.071322768,""45"":0.187335004,""46"":0.122423425,""47"":60.0,""48"":30.0,""49"":15.0,""50"":12.0,""51"":6.0,""53"":23.73732695,""56"":0.126145009,""57"":0.003901392,""58"":37.61309338,""60"":12.68040568,""61"":17.70581973,""62"":0.071322768,""63"":0.001903461,""67"":0.43260486,""68"":0.43260486,""71"":0.242258722,""72"":0.242258722,""73"":0.242258722,""210"":17.0,""212"":13.88224016}"
4035824,Brandon Stephens,CB,20,185.37,185.37,17.0,655,655,655,174.45,4.76,"{""93"":0.010004425,""94"":0.217464606,""95"":1.448333306,""96"":0.607647712,""97"":0.070030975,""98"":0.007371682,""99"":0.261877673,""100"":0.523755345,""103"":0.18797788,""104"":0.029486726,""105"":0.227469031,""106"":0.934842633,""107"":20.75490144,""108"":54.07417947,""109"":74.82908091,""110"":24.0,""111"":14.0,""112"":3.635376474,""113"":9.901909384,""210"":17.0}"
4429511,SirVocea Dennis,LB,27,166.35,166.35,17.0,632,632,632,171.16,4.76,"{""93"":0.006460572,""94"":0.080757154,""95"":0.576854944,""96"":0.136059653,""97"":0.009690858,""98"":0.009690858,""99"":1.738819059,""100"":3.477638118,""103"":0.054914865,""104"":0.025842289,""105"":0.087217726,""106"":0.209322543,""107"":33.56769178,""108"":42.32682338,""109"":75.89451515,""110"":25.0,""111"":15.0,""112"":5.214042931,""113"":3.794498508,""210"":17.0}"
3693166,Josh Sweat,DE,22,87.51,87.51,17.0,630,630,630,172.56,4.76,"{""93"":0.00864059,""94"":0.064760782,""95"":0.079380833,""96"":1.48403075,""97"":0.152650415,""98"":0.027754621,""99"":8.216045585,""100"":16.43209117,""103"":0.027754621,""104"":0.037006161,""105"":0.073401372,""106"":2.283124231,""107"":12.66669531,""108"":17.25675257,""109"":29.92344788,""110"":9.0,""111"":5.0,""112"":1.713169204,""113"":1.158523572,""210"":17.0}"
4362139,Travis Jones,DT,33,101.4,101.4,17.0,702,702,702,174.71,4.75,"{""93"":0.003481788,""94"":0.03069471,""95"":0.143427515,""96"":0.498448256,""97"":0.233279799,""98"":0.018416826,""99"":3.566241091,""100"":7.132482182,""103"":0.006138942,""104"":0.024555768,""105"":0.034176498,""106"":0.766843471,""107"":22.75611693,""108"":21.32487846,""109"":44.08099539,""110"":14.0,""111"":8.0,""112"":4.224311437,""113"":3.420487193,""210"":17.0}"
4698244,Teddye Buchanan,LB,33,184.4,184.4,17.0,629,629,629,170.95,4.66,"{""93"":0.006443322,""94"":0.08054153,""95"":0.258114214,""96"":0.176857601,""97"":0.009664984,""98"":0.009664984,""99"":1.30338652,""100"":2.606773039,""103"":0.05476824,""104"":0.025773289,""105"":0.086984852,""106"":0.272088617,""107"":38.29576814,""108"":48.28864091,""109"":86.58440905,""110"":28.0,""111"":17.0,""112"":3.769740352,""113"":1.48627354,""210"":17.0}"
-16010,Titans D/ST,DST,10,126.59,126.59,17.0,509,509,509,169.81,4.66,"{""89"":0.085772804,""90"":0.38215606,""91"":1.732440803,""92"":2.106104506,""93"":0.12788835,""94"":1.602046755,""95"":12.09770265,""96"":6.527698891,""97"":1.836501706,""98"":0.266123434,""99"":41.32979686,""100"":82.65959372,""101"":0.157324942,""102"":0.666186789,""103"":1.067927327,""104"":0.534119428,""105"":2.553446836,""106"":10.04261368,""109"":1028.385108,""110"":342.0,""111"":205.0,""112"":50.04423197,""113"":82.57959232,""114"":1716.392887,""115"":456.0456077,""116"":171.0,""117"":68.0,""118"":45.0,""119"":18.0,""120"":403.7532463,""121"":2.462783495,""122"":4.27165551,""123"":3.643221101,""124"":2.046658008,""125"":0.269207713,""126"":23.75019096,""127"":5980.00961,""129"":0.195236431,""130"":2.207020522,""131"":3.115294353,""132"":4.295201478,""133"":3.726469266,""134"":2.291905927,""135"":0.89978529,""136"":0.269086733,""137"":351.7652712,""210"":17.0}"
4360383,Kerby Joseph,S,8,165.46,165.46,15.0,673,673,673,172.93,4.65,"{""93"":0.009365689,""94"":0.113637032,""95"":2.525588188,""96"":0.127415522,""97"":0.060876982,""98"":0.008116931,""99"":0.058844467,""100"":0.117688934,""103"":0.073052378,""104"":0.040584654,""105"":0.123002722,""106"":0.196023881,""107"":25.1708501,""108"":43.19956735,""109"":68.37041745,""110"":22.0,""111"":13.0,""112"":0.923482795,""113"":10.55499993,""210"":15.0}"
4247726,Bryan Cook,S,4,211.61,211.61,17.0,634,634,634,173.63,4.62,"{""93"":0.010192036,""94"":0.123663368,""95"":1.807926445,""96"":0.138657551,""97"":0.066248233,""98"":0.008833098,""99"":0.110433234,""100"":0.220866469,""103"":0.079497879,""104"":0.044165488,""105"":0.133855403,""106"":0.213319309,""107"":34.08713348,""108"":58.50217266,""109"":92.58930614,""110"":30.0,""111"":18.0,""112"":1.382594864,""113"":6.998971681,""210"":17.0}"
-16002,Bills D/ST,DST,2,120.27,120.27,17.0,517,517,517,168.94,4.6,"{""89"":0.057730723,""90"":0.254694367,""91"":1.375349581,""92"":1.901717938,""93"":0.124643602,""94"":1.556645532,""95"":11.7620691,""96"":6.775924269,""97"":1.926103844,""98"":0.263233682,""99"":40.82311314,""100"":81.64622629,""101"":0.378820626,""102"":0.21451815,""103"":1.027454464,""104"":0.529191068,""105"":2.274627909,""106"":10.42449888,""109"":1012.753376,""110"":337.0,""111"":202.0,""112"":52.40650427,""113"":70.16872536,""114"":1827.378483,""115"":217.5448609,""116"":182.0,""117"":73.0,""118"":21.0,""119"":8.0,""120"":413.9683385,""121"":2.462045545,""122"":4.448661606,""123"":3.922293248,""124"":2.275269676,""125"":0.302237315,""126"":24.35107873,""127"":6134.182865,""129"":0.118786185,""130"":1.696945498,""131"":2.935715712,""132"":4.39508884,""133"":4.004791376,""134"":2.545418247,""135"":1.001197844,""136"":0.302056299,""137"":360.8342861,""210"":17.0}"
2985659,Wil Lutz,K,7,154.98,154.98,17.0,489,489,489,169.82,4.51,"{""74"":5.400701836,""75"":7.8577128,""76"":2.457010964,""77"":7.169037665,""78"":8.9802432,""79"":1.811205535,""80"":15.38999003,""81"":16.177644,""82"":0.787653968,""83"":27.95972953,""84"":33.0156,""85"":5.055870467,""86"":38.88915257,""87"":40.75097516,""88"":1.861822586,""198"":5.400701836,""199"":7.8577128,""200"":2.457010964,""210"":17.0,""214"":1075.944295,""215"":237.8124602,""216"":1313.756755}"
4245273,Christian Elliss,LB,17,190.51,190.51,17.0,626,626,626,170.93,4.46,"{""93"":0.005907616,""94"":0.073845205,""95"":0.724892862,""96"":0.866052526,""97"":0.008861425,""98"":0.008861425,""99"":1.775904867,""100"":3.551809734,""103"":0.050214739,""104"":0.023630465,""105"":0.079752821,""106"":1.332388502,""107"":37.78661685,""108"":47.64663201,""109"":85.43324886,""110"":28.0,""111"":17.0,""112"":0.905323056,""113"":4.541487227,""210"":17.0}"
15846,John Jenkins,DT,33,58.36,58.36,17.0,1008,1008,1008,172.17,4.41,"{""93"":0.001797052,""94"":0.015842431,""95"":0.002086981,""96"":0.477965903,""97"":0.120402477,""98"":0.009505459,""99"":0.953052212,""100"":1.906104424,""103"":0.003168486,""104"":0.012673945,""105"":0.017639483,""106"":0.735332158,""107"":14.0172642,""108"":13.13565299,""109"":27.15291719,""110"":9.0,""111"":5.0,""112"":1.322922631,""113"":0.049770738,""210"":17.0}"
4382401,Riley Moss,CB,7,151.27,151.27,17.0,816,816,816,172.47,4.38,"{""93"":0.007856495,""94"":0.170775383,""95"":1.666685866,""96"":0.116271986,""97"":0.054995462,""98"":0.005788996,""99"":0.080361028,""100"":0.160722056,""103"":0.147619399,""104"":0.023155984,""105"":0.178631878,""106"":0.178879978,""107"":16.42273399,""108"":42.78728414,""109"":59.21001813,""110"":19.0,""111"":11.0,""112"":2.060284803,""113"":12.78597345,""210"":17.0}"
4683553,Austin Booker,DE,3,123.92,123.92,17.0,600,600,600,172.65,4.38,"{""93"":0.012880877,""94"":0.096541522,""95"":0.045632907,""96"":0.772580069,""97"":0.22756216,""98"":0.0414,""99"":6.535741509,""100"":13.07148302,""103"":0.041374938,""104"":0.055166584,""105"":0.109422399,""106"":1.188584722,""107"":21.47772474,""108"":29.26065345,""109"":50.73837819,""110"":16.0,""111"":10.0,""112"":1.17728949,""113"":0.637906877,""210"":17.0}"
4870805,Anthony Hill Jr.,LB,10,81.5,81.5,17.0,686,686,686,170.53,4.36,"{""93"":0.002803233,""94"":0.035040408,""95"":0.235558932,""96"":0.145622328,""97"":0.004204849,""98"":0.004204849,""99"":0.557229155,""100"":1.11445831,""103"":0.023827477,""104"":0.01121293,""105"":0.03784364,""106"":0.224034351,""107"":16.5923339,""108"":20.92192669,""109"":37.51426059,""110"":12.0,""111"":7.0,""112"":1.207041361,""113"":1.577581138,""210"":17.0}"
4569603,Malik Washington,WR,15,108.47,108.47,17.0,349,327,327,170.13,4.36,"{""23"":12.88297517,""24"":77.46545061,""25"":0.433857495,""26"":0.01646111,""27"":15.0,""28"":7.0,""29"":3.0,""30"":3.0,""31"":1.0,""33"":2.0,""34"":1.0,""35"":0.023791862,""36"":0.016654303,""37"":0.0149,""38"":0.00051,""39"":6.013009385,""40"":4.556791212,""42"":432.0600422,""43"":1.568914248,""44"":0.08213723,""45"":0.116642393,""46"":0.076225804,""47"":86.0,""48"":43.0,""49"":21.0,""50"":17.0,""51"":8.0,""53"":41.02525207,""56"":0.266403703,""57"":0.00823929,""58"":60.35646485,""60"":10.53156338,""61"":25.4152966,""62"":0.098598341,""63"":0.004467603,""66"":0.242651509,""67"":0.772712761,""68"":1.015364269,""70"":0.111619694,""71"":0.432719146,""72"":0.54433884,""73"":0.54433884,""101"":0.150976578,""102"":0.309427573,""114"":1815.623501,""115"":241.8937776,""116"":181.0,""117"":72.0,""118"":24.0,""119"":9.0,""210"":17.0,""211"":5.793758869,""212"":20.75737249}"
4426326,Kayvon Thibodeaux,DE,19,105.12,105.12,17.0,645,645,645,171.86,4.35,"{""93"":0.013121333,""94"":0.098343731,""95"":0.085629696,""96"":0.595106126,""97"":0.231810223,""98"":0.042147313,""99"":6.115374714,""100"":12.23074943,""103"":0.042147313,""104"":0.056196418,""105"":0.111465064,""106"":0.915547886,""107"":17.85301804,""108"":24.32245409,""109"":42.17547213,""110"":14.0,""111"":8.0,""112"":2.97006583,""113"":1.130555828,""210"":17.0}"
4240754,Boye Mafe,DE,4,114.54,114.54,17.0,603,603,603,173.38,4.31,"{""93"":0.011956438,""94"":0.089612897,""95"":0.280977191,""96"":0.750723603,""97"":0.211230399,""98"":0.038405527,""99"":7.714051691,""100"":15.42810338,""103"":0.038405527,""104"":0.051207369,""105"":0.101569334,""106"":1.15495939,""107"":18.35891027,""108"":25.01166755,""109"":43.37057782,""110"":14.0,""111"":8.0,""112"":-1.675910025,""113"":3.686291159,""210"":17.0}"
4426331,Nolan Smith Jr.,DE,21,107.22,107.22,17.0,681,681,681,171.93,4.31,"{""93"":0.010262857,""94"":0.076919596,""95"":0.147893253,""96"":0.779824526,""97"":0.181310476,""98"":0.032965541,""99"":4.93324812,""100"":9.866496241,""103"":0.032965541,""104"":0.043954055,""105"":0.087182453,""106"":1.199730039,""107"":18.44650212,""108"":25.13100025,""109"":43.57750237,""110"":14.0,""111"":8.0,""112"":0.509083192,""113"":1.926477097,""210"":17.0}"
4685408,Will Johnson,CB,22,160.42,160.42,17.0,709,709,709,172.85,4.28,"{""93"":0.010059547,""94"":0.21866278,""95"":1.763727903,""96"":0.803591519,""97"":0.070416828,""98"":0.007412298,""99"":0.050151436,""100"":0.100302871,""103"":0.18901359,""104"":0.029649191,""105"":0.228722327,""106"":1.236294644,""107"":16.85036845,""108"":43.90142975,""109"":60.75179821,""110"":20.0,""111"":12.0,""112"":3.044112406,""113"":14.81932528,""210"":17.0}"
4038999,Byron Murphy Jr.,CB,16,177.82,177.82,17.0,724,724,724,173.21,4.25,"{""93"":0.010018842,""94"":0.217777983,""95"":1.272507408,""96"":0.148273586,""97"":0.070131893,""98"":0.007382305,""99"":0.446500863,""100"":0.893001726,""103"":0.188248765,""104"":0.029529218,""105"":0.227796825,""106"":0.228113209,""107"":20.32000307,""108"":52.94110866,""109"":73.26111172,""110"":24.0,""111"":14.0,""112"":2.63407614,""113"":8.085404703,""210"":17.0}"
4426374,Tyrique Stevenson,CB,3,162.26,162.26,17.0,703,703,703,173.39,4.25,"{""93"":0.00684036,""94"":0.148687827,""95"":1.653918573,""96"":1.471816409,""97"":0.047882521,""98"":0.005040265,""99"":0.035086597,""100"":0.070173193,""103"":0.128526766,""104"":0.020161061,""105"":0.155528187,""106"":2.264332937,""107"":16.99650465,""108"":44.28216848,""109"":61.27867313,""110"":20.0,""111"":12.0,""112"":1.339136872,""113"":13.31069985,""210"":17.0}"
4361093,Kyler Gordon,CB,3,175.6,175.6,17.0,667,667,667,174.62,4.22,"{""93"":0.007366542,""94"":0.160125352,""95"":0.957696472,""96"":0.296766431,""97"":0.051565791,""98"":0.005427978,""99"":3.185437742,""100"":6.370875484,""103"":0.13841344,""104"":0.021711912,""105"":0.167491894,""106"":0.45656374,""107"":19.49008001,""108"":50.77885274,""109"":70.26893275,""110"":23.0,""111"":14.0,""112"":1.298572188,""113"":7.707519879,""210"":17.0}"
3121003,Taron Johnson,CB,13,184.47,184.47,17.0,700,700,700,175.18,4.16,"{""93"":0.007906862,""94"":0.171870215,""95"":1.085371494,""96"":0.232198439,""97"":0.055348035,""98"":0.005826109,""99"":0.9811928,""100"":1.962385599,""103"":0.148565779,""104"":0.023304436,""105"":0.179777077,""106"":0.357228368,""107"":21.323576,""108"":55.55578659,""109"":76.87936258,""110"":25.0,""111"":15.0,""112"":1.484620941,""113"":6.117121666,""210"":17.0}"
4570119,Alex Wright,DE,5,116.2,116.2,17.0,579,579,579,173.42,4.15,"{""93"":0.011193187,""94"":0.083892369,""95"":0.104843739,""96"":0.942509851,""97"":0.197746298,""98"":0.035953872,""99"":6.027803712,""100"":12.05560742,""103"":0.035953872,""104"":0.047938497,""105"":0.095085556,""106"":1.450015155,""107"":19.80550254,""108"":26.98246454,""109"":46.78796707,""110"":15.0,""111"":9.0,""112"":6.650849898,""113"":1.34986178,""210"":17.0}"
4429071,Cody Simon,LB,22,166.86,166.86,17.0,647,647,647,170.63,4.13,"{""93"":0.005946271,""94"":0.074328381,""95"":0.356950445,""96"":0.570819583,""97"":0.008919406,""98"":0.008919406,""99"":0.962980113,""100"":1.925960225,""103"":0.050543299,""104"":0.023785082,""105"":0.080274652,""106"":0.878183974,""107"":34.03275199,""108"":42.91323609,""109"":76.94598808,""110"":25.0,""111"":15.0,""112"":2.157118646,""113"":2.423898516,""210"":17.0}"
10621,Nick Folk,K,1,168.13,168.13,17.0,389,369,369,170.11,4.12,"{""74"":6.198023735,""75"":8.198543617,""76"":2.000519882,""77"":8.123499516,""78"":9.369764134,""79"":1.246264618,""80"":16.71056096,""81"":16.87935451,""82"":0.168793545,""83"":31.03208421,""84"":34.44766226,""85"":3.415578045,""86"":31.15857237,""87"":31.79446161,""88"":0.635889232,""198"":6.198023735,""199"":8.198543617,""200"":2.000519882,""210"":17.0,""214"":1201.567589,""215"":169.1737878,""216"":1370.741377}"
4710067,Malachi Lawrence,DE,6,90.04,90.04,17.0,687,687,687,172.01,4.09,"{""93"":0.008777984,""94"":0.065790545,""95"":0.157301262,""96"":0.676203445,""97"":0.155077713,""98"":0.028195948,""99"":5.783840243,""100"":11.56768049,""103"":0.028195948,""104"":0.037594597,""105"":0.074568529,""106"":1.040312992,""107"":14.69948748,""108"":20.02617196,""109"":34.72565944,""110"":11.0,""111"":6.0,""112"":2.949149704,""113"":1.998047986,""210"":17.0}"
-16018,Saints D/ST,DST,18,129.56,129.56,17.0,436,426,426,169.93,4.09,"{""89"":0.160633937,""90"":0.722427757,""91"":2.685731427,""92"":2.651734827,""93"":0.123278834,""94"":1.562981454,""95"":11.55791362,""96"":6.279896258,""97"":1.955876959,""98"":0.264209115,""99"":38.10298666,""100"":76.20597332,""101"":0.180576485,""102"":0.27341616,""103"":1.041483519,""104"":0.521497935,""105"":2.140252933,""106"":9.661378859,""109"":1010.971016,""110"":336.0,""111"":202.0,""112"":43.71088917,""113"":76.84364976,""114"":1645.416721,""115"":273.41616,""116"":164.0,""117"":65.0,""118"":27.0,""119"":10.0,""120"":373.1578932,""121"":2.464753525,""122"":3.799120088,""123"":2.898210179,""124"":1.436356364,""125"":0.181031897,""126"":21.95046431,""127"":5896.653713,""129"":0.348343246,""130"":3.228547154,""131"":3.474936279,""132"":4.095157179,""133"":3.169073917,""134"":1.784197111,""135"":0.696686491,""136"":0.203058624,""137"":346.8619831,""210"":17.0}"
4362847,Jaycee Horn,CB,29,128.73,128.73,17.0,856,856,856,171.1,4.03,"{""93"":0.010030267,""94"":0.218026334,""95"":1.481200443,""96"":0.148442675,""97"":0.07021187,""98"":0.007390723,""99"":0.480683351,""100"":0.961366702,""103"":0.188463441,""104"":0.029562893,""105"":0.228056601,""106"":0.228373346,""107"":13.85386421,""108"":36.0944301,""109"":49.9482943,""110"":16.0,""111"":9.0,""112"":0.905814282,""113"":10.11150545,""210"":17.0}"
4686728,Gunnar Helm,TE,10,132.33,132.33,17.0,371,320,318,170.19,4.02,"{""42"":495.1075832,""43"":3.312724002,""44"":0.05218,""45"":0.072966694,""46"":0.047683735,""47"":99.0,""48"":49.0,""49"":24.0,""50"":19.0,""51"":9.0,""53"":57.72662625,""56"":0.375902147,""57"":0.01162584,""58"":77.19416729,""60"":8.576762846,""61"":29.12397548,""62"":0.05218,""63"":0.003106095,""67"":0.705930613,""68"":0.705930613,""71"":0.395321143,""72"":0.395321143,""73"":0.395321143,""210"":17.0,""212"":27.01584131}"
4870998,Josiah Trotter,LB,27,78.15,78.15,17.0,698,698,698,171.29,4.0,"{""93"":0.002691905,""94"":0.033648814,""95"":0.230305627,""96"":0.139839088,""97"":0.004037858,""98"":0.004037858,""99"":0.475717967,""100"":0.951435934,""103"":0.022881194,""104"":0.010767621,""105"":0.036340719,""106"":0.215137058,""107"":15.9333865,""108"":20.09103399,""109"":36.02442049,""110"":12.0,""111"":7.0,""112"":1.218486369,""113"":1.514929133,""210"":17.0}"
4429164,Nick Herbig,DE,23,72.1,72.1,17.0,765,765,765,172.15,3.96,"{""93"":0.007252651,""94"":0.054358251,""95"":0.135467928,""96"":1.121762176,""97"":0.128130162,""98"":0.023296393,""99"":5.664607603,""100"":11.32921521,""103"":0.023296393,""104"":0.031061857,""105"":0.061610901,""106"":1.725787963,""107"":10.76731854,""108"":14.66909462,""109"":25.43641316,""110"":8.0,""111"":5.0,""112"":2.350285552,""113"":1.777658238,""210"":17.0}"
16734,Jadeveon Clowney,DE,34,94.87,94.87,17.0,669,669,669,173.82,3.93,"{""93"":0.007439371,""94"":0.055757711,""95"":0.034468942,""96"":0.56473533,""97"":0.131428889,""98"":0.023896162,""99"":6.765504754,""100"":13.53100951,""103"":0.023896162,""104"":0.031861549,""105"":0.063197082,""106"":0.868823585,""107"":15.78949499,""108"":21.51116781,""109"":37.30066281,""110"":12.0,""111"":7.0,""112"":2.026075748,""113"":0.516242419,""210"":17.0}"
4693644,Ji'Ayir Brown,S,25,198.92,198.92,17.0,652,652,652,172.84,3.92,"{""93"":0.010648782,""94"":0.129205216,""95"":2.262814244,""96"":0.144871349,""97"":0.06921708,""98"":0.009228944,""99"":0.420004366,""100"":0.840008732,""103"":0.083060496,""104"":0.04614472,""105"":0.139853998,""106"":0.222878998,""107"":31.44228096,""108"":53.96293444,""109"":85.4052154,""110"":28.0,""111"":17.0,""112"":2.163484207,""113"":7.565095244,""210"":17.0}"
3915535,Denzel Ward,CB,5,133.28,133.28,17.0,842,842,842,171.33,3.9,"{""93"":0.008939036,""94"":0.194306415,""95"":1.500036966,""96"":0.132293029,""97"":0.062573252,""98"":0.006586658,""99"":0.189329949,""100"":0.378659898,""103"":0.167959783,""104"":0.026346633,""105"":0.203245451,""106"":0.203527737,""107"":14.3914786,""108"":37.49511405,""109"":51.88659266,""110"":17.0,""111"":10.0,""112"":2.367231649,""113"":11.11876072,""210"":17.0}"
4685503,Walter Nolen III,DT,22,101.95,101.95,17.0,720,720,720,173.94,3.88,"{""93"":0.003448767,""94"":0.030403603,""95"":0.003396269,""96"":0.245187422,""97"":0.231067381,""98"":0.0182,""99"":4.072787042,""100"":8.145574085,""103"":0.006080721,""104"":0.024322882,""105"":0.03385237,""106"":0.377211419,""107"":23.91225811,""108"":22.40830452,""109"":46.32056263,""110"":15.0,""111"":9.0,""112"":4.440627907,""113"":0.095516259,""210"":17.0}"
4239094,Coby Bryant,S,3,134.42,134.42,13.0,691,691,691,172.53,3.85,"{""93"":0.00841949,""94"":0.102156481,""95"":1.564613177,""96"":0.432855416,""97"":0.054726687,""98"":0.007296892,""99"":0.164315803,""100"":0.328631607,""103"":0.065672024,""104"":0.036484458,""105"":0.110575972,""106"":0.665931409,""107"":20.75574648,""108"":35.62212895,""109"":56.37787543,""110"":18.0,""111"":11.0,""112"":2.632727115,""113"":6.45446738,""210"":13.0}"
3123076,David Njoku,TE,24,78.04,78.04,17.0,427,414,417,169.62,3.85,"{""42"":298.6737451,""43"":2.790455138,""44"":0.069106117,""45"":0.110461665,""46"":0.072186698,""47"":59.0,""48"":29.0,""49"":14.0,""50"":11.0,""51"":5.0,""53"":28.99173259,""56"":0.124682305,""57"":0.003856154,""58"":42.47735333,""60"":10.30203159,""61"":17.56904383,""62"":0.069106117,""63"":0.001499088,""67"":0.340701817,""68"":0.340701817,""71"":0.190793017,""72"":0.190793017,""73"":0.190793017,""210"":17.0,""212"":14.83577278}"
4567099,Christian Harris,LB,1,212.07,212.07,17.0,605,605,605,171.35,3.83,"{""93"":0.007447119,""94"":0.093088985,""95"":0.892197781,""96"":0.453820347,""97"":0.011170678,""98"":0.011170678,""99"":0.383694536,""100"":0.767389072,""103"":0.06330051,""104"":0.029788475,""105"":0.100536104,""106"":0.698185149,""107"":43.01468718,""108"":54.2389116,""109"":97.25359877,""110"":32.0,""111"":19.0,""112"":6.174998559,""113"":5.804115835,""210"":17.0}"
4427325,Renardo Green,CB,25,181.16,181.16,17.0,721,721,721,173.99,3.8,"{""93"":0.009683063,""94"":0.210479207,""95"":1.752430483,""96"":0.143304233,""97"":0.067781439,""98"":0.007134888,""99"":0.049273857,""100"":0.098547714,""103"":0.181939653,""104"":0.028539553,""105"":0.22016227,""106"":0.22046805,""107"":20.24751962,""108"":52.75226252,""109"":72.99978214,""110"":24.0,""111"":14.0,""112"":0.680723965,""113"":11.43086263,""210"":17.0}"
4570470,Nahshon Wright,CB,20,143.33,143.33,17.0,834,834,834,172.49,3.8,"{""93"":0.007371682,""94"":0.160237078,""95"":1.220128423,""96"":0.709065247,""97"":0.051601771,""98"":0.005431765,""99"":0.112957117,""100"":0.225914234,""103"":0.138510017,""104"":0.021727061,""105"":0.16760876,""106"":1.09086961,""107"":15.81863368,""108"":41.21337984,""109"":57.03201352,""110"":19.0,""111"":11.0,""112"":1.948946355,""113"":8.341727022,""210"":17.0}"
4702555,Jonah Coleman,RB,7,43.09,43.09,17.0,315,314,314,170.33,3.79,"{""23"":24.54554804,""24"":101.8835923,""25"":0.781826533,""26"":0.047859615,""27"":20.0,""28"":10.0,""29"":5.0,""30"":4.0,""31"":2.0,""33"":4.0,""34"":2.0,""35"":0.045617078,""36"":0.031931954,""37"":0.026225902,""38"":0.000894989,""39"":4.150797209,""40"":5.993152488,""42"":94.11105938,""43"":0.594941651,""44"":0.036105544,""45"":0.043329223,""46"":0.028315647,""47"":18.0,""48"":9.0,""49"":4.0,""50"":3.0,""51"":1.0,""53"":13.09669063,""56"":0.041480118,""57"":0.00128289,""58"":16.94944532,""60"":7.185865654,""61"":5.53594467,""62"":0.083965159,""63"":0.001417155,""66"":0.210020624,""67"":0.112060042,""68"":0.322080667,""70"":0.096609487,""71"":0.062753624,""72"":0.159363111,""73"":0.159363111,""210"":17.0,""211"":7.586195293,""212"":4.673952304}"
3116748,B.J. Hill,DT,4,118.36,118.36,17.0,747,747,747,174.32,3.75,"{""93"":0.003148896,""94"":0.027760004,""95"":0.003449588,""96"":0.079574052,""97"":0.210976032,""98"":0.016656003,""99"":3.164583966,""100"":6.329167931,""103"":0.005552001,""104"":0.022208003,""105"":0.0309089,""106"":0.122421619,""107"":28.86830039,""108"":27.05263815,""109"":55.92093854,""110"":18.0,""111"":11.0,""112"":1.644752662,""113"":0.087211104,""210"":17.0}"
-16011,Colts D/ST,DST,11,134.79,134.79,17.0,387,366,366,169.95,3.74,"{""89"":0.188737748,""90"":0.850170034,""91"":3.043608722,""92"":2.856571314,""93"":0.125870001,""94"":1.6028685,""95"":11.82499161,""96"":6.171506099,""97"":1.852913532,""98"":0.261004952,""99"":39.24010662,""100"":78.48021325,""101"":0.146425383,""102"":0.227039405,""103"":1.077289146,""104"":0.525579355,""105"":2.10220329,""106"":9.494624768,""109"":1001.445276,""110"":333.0,""111"":200.0,""112"":34.36102367,""113"":79.30639452,""114"":1741.806322,""115"":277.8106811,""116"":174.0,""117"":69.0,""118"":27.0,""119"":11.0,""120"":366.2100601,""121"":2.465493099,""122"":3.621724345,""123"":2.618523705,""124"":1.207241448,""125"":0.147929586,""126"":21.54176824,""127"":5845.993139,""129"":0.476142843,""130"":4.081224367,""131"":3.77513254,""132"":3.928178454,""133"":2.703811143,""134"":1.360408122,""135"":0.527158147,""136"":0.147944383,""137"":343.8819494,""210"":17.0}"
4361767,Will McDonald IV,DE,20,97.52,97.52,17.0,633,633,633,171.98,3.73,"{""93"":0.012329436,""94"":0.092408497,""95"":0.10752681,""96"":0.408012959,""97"":0.217820029,""98"":0.039603642,""99"":7.836404635,""100"":15.67280927,""103"":0.039603642,""104"":0.052804856,""105"":0.104737933,""106"":0.627712245,""107"":15.74760853,""108"":21.45410286,""109"":37.20171139,""110"":12.0,""111"":7.0,""112"":3.579132391,""113"":1.276907887,""210"":17.0}"
4428550,Omar Speights,LB,14,183.09,183.09,17.0,638,638,638,170.98,3.7,"{""93"":0.006740726,""94"":0.084259077,""95"":0.494852166,""96"":0.141959694,""97"":0.010111089,""98"":0.010111089,""99"":0.629427081,""100"":1.258854162,""103"":0.057296173,""104"":0.026962905,""105"":0.090999804,""106"":0.218399529,""107"":37.90247925,""108"":47.79272746,""109"":85.69520671,""110"":28.0,""111"":17.0,""112"":1.051242746,""113"":2.780586027,""210"":17.0}"
4697639,Jaylen Watson,CB,14,179.08,179.08,17.0,715,715,715,173.8,3.68,"{""93"":0.009431516,""94"":0.205011363,""95"":1.154410872,""96"":0.139581466,""97"":0.066020609,""98"":0.006949538,""99"":0.583908591,""100"":1.167817183,""103"":0.177213212,""104"":0.027798151,""105"":0.214442879,""106"":0.214740716,""107"":20.50989915,""108"":53.43585805,""109"":73.9457572,""110"":24.0,""111"":14.0,""112"":2.798848265,""113"":8.026230147,""210"":17.0}"
4869961,Chris Bell,WR,15,92.74,92.74,17.0,348,313,313,171.13,3.68,"{""42"":448.8644442,""43"":1.657471504,""44"":0.086804221,""45"":0.19745425,""46"":0.129036352,""47"":89.0,""48"":44.0,""49"":22.0,""50"":17.0,""51"":8.0,""53"":34.22807419,""56"":0.292396757,""57"":0.009043199,""58"":55.32675944,""60"":13.11392636,""61"":26.40379084,""62"":0.086804221,""63"":0.002744699,""67"":0.623795227,""68"":0.623795227,""71"":0.349325327,""72"":0.349325327,""73"":0.349325327,""210"":17.0,""212"":19.70768346}"
2576492,Grady Jarrett,DT,3,110.72,110.72,17.0,789,789,789,174.78,3.64,"{""93"":0.004045547,""94"":0.035664695,""95"":0.030418941,""96"":0.585345978,""97"":0.271051678,""98"":0.021398817,""99"":3.248112194,""100"":6.496224388,""103"":0.007132939,""104"":0.028531756,""105"":0.039710242,""106"":0.900532274,""107"":25.97892533,""108"":24.34498938,""109"":50.32391471,""110"":16.0,""111"":10.0,""112"":-0.968806621,""113"":0.819424958,""210"":17.0}"
4428633,Dadrion Taylor-Demerson,S,22,203.81,203.81,17.0,631,631,631,173.16,3.62,"{""93"":0.008151547,""94"":0.098905433,""95"":2.261377898,""96"":0.324511654,""97"":0.052985054,""98"":0.007064674,""99"":0.246572543,""100"":0.493145086,""103"":0.063582064,""104"":0.035323369,""105"":0.10705698,""106"":0.499248698,""107"":31.87131696,""108"":54.69926911,""109"":86.57058606,""110"":28.0,""111"":17.0,""112"":1.562894568,""113"":9.73861682,""210"":17.0}"
4602197,Andrew Mukuba,S,21,178.77,178.77,17.0,748,748,748,172.33,3.62,"{""93"":0.010758333,""94"":0.130534439,""95"":1.391278352,""96"":0.189294517,""97"":0.069929164,""98"":0.009323889,""99"":0.167781687,""100"":0.335563374,""103"":0.083914997,""104"":0.046619443,""105"":0.141292772,""106"":0.291222334,""107"":28.84762958,""108"":49.50985414,""109"":78.35748372,""110"":26.0,""111"":15.0,""112"":2.965099619,""113"":5.347667872,""210"":17.0}"
4034953,C.J. Gardner-Johnson,S,2,160.17,160.17,17.0,778,778,778,172.56,3.61,"{""93"":0.008127859,""94"":0.098618028,""95"":1.3722914,""96"":0.546851842,""97"":0.052831087,""98"":0.007044145,""99"":1.282758851,""100"":2.565517701,""103"":0.063397304,""104"":0.035220724,""105"":0.106745888,""106"":0.841310526,""107"":25.08586387,""108"":43.0537094,""109"":68.13957327,""110"":22.0,""111"":13.0,""112"":3.044924138,""113"":4.98002197,""210"":17.0}"
4569923,Andy Borregales,K,17,144.27,144.27,17.0,495,495,495,169.92,3.61,"{""74"":4.876475977,""75"":7.290892,""76"":2.414416023,""77"":6.498017131,""78"":8.332448,""79"":1.834430869,""80"":14.00261772,""81"":15.01066,""82"":1.008042277,""83"":25.37711083,""84"":30.634,""85"":5.25688917,""86"":41.89827404,""87"":44.77053169,""88"":2.872257652,""198"":4.876475977,""199"":7.290892,""200"":2.414416023,""210"":17.0,""214"":975.8190053,""215"":243.1691227,""216"":1218.988128}"
3909013,Christian Rozeboom,LB,27,68.27,68.27,17.0,713,713,713,171.3,3.6,"{""93"":0.002153524,""94"":0.026919051,""95"":0.157715316,""96"":0.158002795,""97"":0.003230286,""98"":0.003230286,""99"":0.300934313,""100"":0.601868626,""103"":0.018304955,""104"":0.008614096,""105"":0.029072575,""106"":0.243081222,""107"":14.02534181,""108"":17.68510535,""109"":31.71044716,""110"":10.0,""111"":6.0,""112"":1.42285421,""113"":1.037436776,""210"":17.0}"
4241993,Pete Werner,LB,18,131.21,131.21,17.0,656,656,656,170.37,3.6,"{""93"":0.004835904,""94"":0.060448806,""95"":0.577446683,""96"":0.101844148,""97"":0.007253857,""98"":0.007253857,""99"":0.825366459,""100"":1.650732917,""103"":0.041105188,""104"":0.019343618,""105"":0.06528471,""106"":0.156683304,""107"":26.52692379,""108"":33.44884198,""109"":59.97576578,""110"":19.0,""111"":11.0,""112"":2.189022225,""113"":3.532521474,""210"":17.0}"
4429835,George Holani,RB,26,44.16,44.16,17.0,361,351,351,170.24,3.59,"{""23"":38.85810742,""24"":164.1870644,""25"":1.52873821,""26"":0.043611659,""27"":32.0,""28"":16.0,""29"":8.0,""30"":6.0,""31"":3.0,""33"":7.0,""34"":3.0,""35"":0.074920723,""36"":0.052444506,""37"":0.168491255,""38"":0.00574996,""39"":4.225297508,""40"":9.658062615,""42"":62.2100949,""43"":0.283339562,""44"":0.010291209,""45"":0.018161119,""46"":0.011868291,""47"":12.0,""48"":6.0,""49"":3.0,""50"":2.0,""51"":1.0,""53"":8.008865809,""56"":0.023478256,""57"":0.000726132,""58"":10.62784467,""60"":7.767653545,""61"":3.659417347,""62"":0.053902868,""63"":0.001764448,""66"":0.332484081,""67"":0.068526765,""68"":0.401010846,""70"":0.152942677,""71"":0.038374988,""72"":0.191317666,""73"":0.191317666,""101"":0.034377494,""114"":307.026584,""116"":30.0,""117"":12.0,""210"":17.0,""211"":11.11624962,""212"":3.251076939}"
4429023,MarShawn Lloyd,RB,9,68.81,68.81,17.0,327,349,349,170.69,3.54,"{""23"":67.23417116,""24"":286.377351,""25"":2.099208158,""26"":0.057181372,""27"":57.0,""28"":28.0,""29"":14.0,""30"":11.0,""31"":5.0,""33"":13.0,""34"":6.0,""35"":0.127822739,""36"":0.089475917,""37"":0.21071527,""38"":0.007190904,""39"":4.25940182,""40"":16.84572653,""42"":85.06338255,""43"":0.558051213,""44"":0.017830149,""45"":0.040227236,""46"":0.026288498,""47"":17.0,""48"":8.0,""49"":4.0,""50"":3.0,""51"":1.0,""53"":12.05022974,""56"":0.038500794,""57"":0.001190746,""58"":15.71375014,""60"":7.059067289,""61"":5.003728385,""62"":0.07501152,""63"":0.002984899,""66"":0.575279989,""67"":0.103106143,""68"":0.678386132,""70"":0.264628795,""71"":0.05773944,""72"":0.322368235,""73"":0.322368235,""210"":17.0,""211"":17.39126652,""212"":4.170844841}"
4686612,Tre' Harris,WR,24,93.41,93.41,17.0,331,294,294,170.92,3.5,"{""42"":408.3139892,""43"":2.460390878,""44"":0.060899626,""45"":0.160999955,""46"":0.105213471,""47"":81.0,""48"":40.0,""49"":20.0,""50"":16.0,""51"":8.0,""53"":34.5095331,""56"":0.233106392,""57"":0.007209476,""58"":53.09669166,""60"":11.83191868,""61"":24.01846995,""62"":0.060899626,""63"":0.002767269,""67"":0.628924722,""68"":0.628924722,""71"":0.352197844,""72"":0.352197844,""73"":0.352197844,""210"":17.0,""212"":18.98194097}"
4259147,Jake Tonges,TE,25,34.1,34.1,17.0,430,419,419,170.61,3.49,"{""42"":134.9640529,""43"":1.037357637,""44"":0.053123896,""45"":0.117375979,""46"":0.076705202,""47"":26.0,""48"":13.0,""49"":6.0,""50"":5.0,""51"":2.0,""53"":13.21120844,""56"":0.101117008,""57"":0.00312733,""58"":18.48193304,""60"":10.21587491,""61"":7.939061933,""62"":0.053123896,""63"":0.000710855,""67"":0.161557969,""68"":0.161557969,""71"":0.090472462,""72"":0.090472462,""73"":0.090472462,""210"":17.0,""212"":6.007530818}"
4571162,Jalyx Hunt,DE,21,101.83,101.83,17.0,675,675,675,172.16,3.48,"{""93"":0.009703065,""94"":0.072723981,""95"":0.196666156,""96"":0.909775117,""97"":0.171420813,""98"":0.031167421,""99"":4.511220448,""100"":9.022440895,""103"":0.031167421,""104"":0.041556561,""105"":0.082427046,""106"":1.399654026,""107"":17.25078932,""108"":23.50199447,""109"":40.7527838,""110"":13.0,""111"":8.0,""112"":2.677900884,""113"":2.561799388,""210"":17.0}"
4430261,Tyler Nubin,S,19,115.39,115.39,17.0,894,894,894,171.77,3.48,"{""93"":0.005810405,""94"":0.070499575,""95"":0.487358661,""96"":0.079047649,""97"":0.03776763,""98"":0.005035684,""99"":0.511602692,""100"":1.023205385,""103"":0.045321156,""104"":0.02517842,""105"":0.07630998,""106"":0.121611767,""107"":19.01419272,""108"":32.63318066,""109"":51.64737338,""110"":17.0,""111"":10.0,""112"":3.725798512,""113"":1.89867753,""210"":17.0}"
16837,Shelby Harris,DT,19,77.51,77.51,17.0,895,895,895,172.51,3.47,"{""93"":0.00282097,""94"":0.024869073,""95"":0.016758464,""96"":0.222095128,""97"":0.189004958,""98"":0.014921444,""99"":1.875389261,""100"":3.750778523,""103"":0.004973815,""104"":0.019895259,""105"":0.027690043,""106"":0.341684812,""107"":18.65891092,""108"":17.48536487,""109"":36.14427579,""110"":12.0,""111"":7.0,""112"":4.843247767,""113"":0.426371103,""210"":17.0}"
5083754,Ryan Flournoy,WR,6,93.98,93.98,17.0,332,295,295,170.23,3.46,"{""23"":2.21138957,""24"":12.35000856,""25"":0.094854114,""26"":0.003574368,""27"":2.0,""28"":1.0,""35"":0.004060372,""36"":0.00284226,""37"":0.000304655,""38"":1.04e-05,""39"":5.584727688,""40"":0.726471092,""42"":383.771705,""43"":2.655264261,""44"":0.094951321,""45"":0.148695575,""46"":0.097172558,""47"":76.0,""48"":38.0,""49"":19.0,""50"":15.0,""51"":7.0,""53"":33.94407463,""56"":0.202530143,""57"":0.006263819,""58"":50.87432852,""60"":11.30599992,""61"":22.57480618,""62"":0.098525688,""63"":0.002908603,""66"":0.040431801,""67"":0.620614339,""68"":0.66104614,""70"":0.018598629,""71"":0.34754403,""72"":0.366142658,""73"":0.366142658,""210"":17.0,""211"":2.694054626,""212"":18.25596116}"
4240610,Ventrell Miller,LB,30,187.06,187.06,17.0,623,623,623,171.13,3.46,"{""93"":0.005927173,""94"":0.07408966,""95"":0.816596146,""96"":0.79474872,""97"":0.008890759,""98"":0.008890759,""99"":1.733166041,""100"":3.466332082,""103"":0.050380969,""104"":0.023708691,""105"":0.080016833,""106"":1.222690338,""107"":36.72706157,""108"":46.31059706,""109"":83.03765863,""110"":27.0,""111"":16.0,""112"":1.915016312,""113"":6.152708158,""210"":17.0}"
3045463,Chuck Clark,S,8,91.3,91.3,17.0,919,919,919,173.44,3.45,"{""93"":0.003988156,""94"":0.048389628,""95"":0.817734561,""96"":0.36357518,""97"":0.025923015,""98"":0.003456402,""99"":0.200699677,""100"":0.401399355,""103"":0.031107618,""104"":0.01728201,""105"":0.052377784,""106"":0.55934643,""107"":14.36972852,""108"":24.6621013,""109"":39.03182983,""110"":13.0,""111"":7.0,""112"":1.439194469,""113"":3.209132522,""210"":17.0}"
4373809,Jevon Holland,S,19,186.12,186.12,17.0,727,727,727,172.8,3.45,"{""93"":0.011039769,""94"":0.133949193,""95"":1.752679423,""96"":0.150190533,""97"":0.071758496,""98"":0.0095678,""99"":0.307978033,""100"":0.615956067,""103"":0.086110196,""104"":0.047838998,""105"":0.144988962,""106"":0.231062358,""107"":29.65228648,""108"":50.8908496,""109"":80.54313608,""110"":26.0,""111"":16.0,""112"":0.497453327,""113"":6.82818077,""210"":17.0}"
4367209,Greg Dulcich,TE,15,126.18,126.18,17.0,392,371,371,170.36,3.42,"{""42"":580.9916529,""43"":1.64341975,""44"":0.086040641,""45"":0.159238857,""46"":0.104062593,""47"":116.0,""48"":58.0,""49"":29.0,""50"":23.0,""51"":11.0,""53"":51.75816477,""56"":0.575882096,""57"":0.017810786,""58"":75.44558106,""60"":11.22512082,""61"":34.17597958,""62"":0.086040641,""63"":0.002897771,""67"":0.658584421,""68"":0.658584421,""71"":0.368807276,""72"":0.368807276,""73"":0.368807276,""210"":17.0,""212"":27.34117339}"
3919548,Justin Strnad,LB,7,160.63,160.63,17.0,635,635,635,171.34,3.4,"{""93"":0.006951973,""94"":0.086899662,""95"":0.580461444,""96"":0.165282565,""97"":0.010427959,""98"":0.010427959,""99"":2.594988925,""100"":5.18997785,""103"":0.05909177,""104"":0.027807892,""105"":0.093851635,""106"":0.25428087,""107"":31.97262305,""108"":40.31553846,""109"":72.2881615,""110"":24.0,""111"":14.0,""112"":3.434413486,""113"":3.598844513,""210"":17.0}"
4685617,Kevin Winston Jr.,S,10,186.47,186.47,17.0,661,661,661,172.4,3.35,"{""93"":0.008709778,""94"":0.105678634,""95"":1.330713637,""96"":0.281616387,""97"":0.056613554,""98"":0.007548474,""99"":1.778222908,""100"":3.556445816,""103"":0.067936265,""104"":0.037742369,""105"":0.114388412,""106"":0.43325598,""107"":29.56038631,""108"":50.73312559,""109"":80.2935119,""110"":26.0,""111"":16.0,""112"":3.232127477,""113"":5.651898651,""210"":17.0}"
16733,Odell Beckham Jr.,WR,19,33.89,33.89,17.0,1047,1046,1046,169.06,3.35,"{""42"":152.1035218,""43"":0.816960072,""44"":0.043666697,""45"":0.146131153,""46"":0.095496708,""47"":30.0,""48"":15.0,""49"":7.0,""50"":6.0,""51"":3.0,""53"":12.3705726,""56"":0.059010562,""57"":0.001825069,""58"":20.25004768,""60"":12.29559267,""61"":8.947265988,""62"":0.043666697,""63"":0.000835153,""67"":0.18980755,""68"":0.18980755,""71"":0.106292228,""72"":0.106292228,""73"":0.106292228,""210"":17.0,""212"":6.198437522}"
4428985,Myles Murphy,DE,4,120.75,120.75,17.0,639,639,639,171.61,3.32,"{""93"":0.011582799,""94"":0.086812494,""95"":0.058277053,""96"":0.256725378,""97"":0.204629449,""98"":0.037205354,""99"":6.318369478,""100"":12.63673896,""103"":0.037205354,""104"":0.049607139,""105"":0.098395293,""106"":0.394962121,""107"":21.38950841,""108"":29.14046997,""109"":50.52997838,""110"":16.0,""111"":10.0,""112"":0.386813223,""113"":0.764568056,""210"":17.0}"
4240575,Geno Stone,S,2,138.17,138.17,17.0,874,874,874,172.2,3.31,"{""93"":0.006386175,""94"":0.077485594,""95"":0.77628054,""96"":0.086880722,""97"":0.041510139,""98"":0.005534685,""99"":0.482300371,""100"":0.964600741,""103"":0.049812167,""104"":0.027673426,""105"":0.083871769,""106"":0.133662649,""107"":22.63450995,""108"":38.84656391,""109"":61.48107387,""110"":20.0,""111"":12.0,""112"":1.801008898,""113"":2.817108772,""210"":17.0}"
-16019,Giants D/ST,DST,19,124.83,124.83,17.0,507,507,507,169.15,3.3,"{""89"":0.104476866,""90"":0.467172979,""91"":1.970620566,""92"":2.242430299,""93"":0.127815946,""94"":1.584413399,""95"":11.43543523,""96"":6.383543273,""97"":1.912975654,""98"":0.271714584,""99"":40.31367745,""100"":80.6273549,""101"":0.411649164,""102"":0.231858625,""103"":1.046641662,""104"":0.537771737,""105"":2.355737134,""106"":9.820835805,""109"":1025.695307,""110"":341.0,""111"":205.0,""112"":51.75675806,""113"":76.74781402,""114"":1784.872653,""115"":294.0798316,""116"":178.0,""117"":71.0,""118"":29.0,""119"":11.0,""120"":399.7273726,""121"":2.463275707,""122"":4.153592485,""123"":3.457080044,""124"":1.894174078,""125"":0.247176976,""126"":23.51337486,""127"":5944.801854,""129"":0.297277042,""130"":2.887834124,""131"":3.354983762,""132"":4.161878591,""133"":3.354983762,""134"":1.953534849,""135"":0.76442668,""136"":0.225081189,""137"":349.6942267,""210"":17.0}"
4685397,Jordan James,RB,25,66.26,66.26,17.0,290,271,271,170.7,3.29,"{""23"":75.18401317,""24"":321.1877392,""25"":2.149436934,""26"":0.106504637,""27"":64.0,""28"":32.0,""29"":16.0,""30"":12.0,""31"":6.0,""33"":15.0,""34"":7.0,""35"":0.143541413,""36"":0.100478989,""37"":0.266542397,""38"":0.0091,""39"":4.272021746,""40"":18.89339643,""42"":63.03282179,""43"":0.341654761,""44"":0.017513053,""45"":0.057459222,""46"":0.037549602,""47"":12.0,""48"":6.0,""49"":3.0,""50"":2.0,""51"":1.0,""53"":8.170906438,""56"":0.030609427,""57"":0.000946683,""58"":10.53563424,""60"":7.714299787,""61"":3.707813047,""62"":0.12401769,""63"":0.003138146,""66"":0.643301725,""67"":0.069913243,""68"":0.713214968,""70"":0.295918794,""71"":0.039151416,""72"":0.33507021,""73"":0.33507021,""210"":17.0,""211"":19.08707433,""212"":2.590614795}"
4568624,Dorian Williams,LB,2,173.52,173.52,17.0,644,644,644,170.86,3.26,"{""93"":0.005928992,""94"":0.074112394,""95"":0.330090504,""96"":0.245607574,""97"":0.008893487,""98"":0.008893487,""99"":1.680208902,""100"":3.360417804,""103"":0.050396428,""104"":0.023715966,""105"":0.080041385,""106"":0.377857805,""107"":35.60625669,""108"":44.89733009,""109"":80.50358677,""110"":26.0,""111"":16.0,""112"":1.223334279,""113"":1.888862384,""210"":17.0}"
4905664,A.J. Haulcy,S,11,154.31,154.31,17.0,836,836,836,171.13,3.25,"{""93"":0.007532752,""94"":0.091397396,""95"":1.257192062,""96"":0.252782348,""97"":0.048962891,""98"":0.006528385,""99"":0.475301481,""100"":0.950602963,""103"":0.058755469,""104"":0.032641927,""105"":0.098930148,""106"":0.38889592,""107"":24.64139078,""108"":42.29088078,""109"":66.93227156,""110"":22.0,""111"":13.0,""112"":1.25122797,""113"":5.046891207,""210"":17.0}"
4058925,Tershawn Wharton,DT,29,90.86,90.86,13.0,684,684,684,174.65,3.23,"{""93"":0.003015683,""94"":0.026585623,""95"":0.021881366,""96"":0.157344009,""97"":0.202050731,""98"":0.015951374,""99"":2.998969619,""100"":5.997939238,""103"":0.005317125,""104"":0.021268498,""105"":0.029601305,""106"":0.242067706,""107"":21.58950521,""108"":20.23164039,""109"":41.8211456,""110"":13.0,""111"":8.0,""112"":1.89410093,""113"":0.504624186,""210"":13.0}"
3051876,Evan Engram,TE,7,111.76,111.76,17.0,426,417,414,170.19,3.2,"{""42"":463.4838985,""43"":2.175392289,""44"":0.131915274,""45"":0.097230758,""46"":0.0635403,""47"":92.0,""48"":46.0,""49"":23.0,""50"":18.0,""51"":9.0,""53"":47.3188561,""56"":0.317080422,""57"":0.009806611,""58"":67.79778127,""60"":9.79490919,""61"":27.26375874,""62"":0.131915274,""63"":0.002167897,""67"":0.492703916,""68"":0.492703916,""71"":0.275914193,""72"":0.275914193,""73"":0.275914193,""210"":17.0,""212"":23.30643742}"
4242488,Deommodore Lenoir,CB,25,160.48,160.48,17.0,810,810,810,171.71,3.2,"{""93"":0.009998815,""94"":0.217342659,""95"":0.9424272,""96"":0.147977197,""97"":0.069991704,""98"":0.007367548,""99"":0.074218377,""100"":0.148436754,""103"":0.187872468,""104"":0.029470191,""105"":0.227341474,""106"":0.227657226,""107"":18.6151375,""108"":48.49930455,""109"":67.11444205,""110"":22.0,""111"":13.0,""112"":4.207818509,""113"":6.147322796,""210"":17.0}"
3928979,Dorance Armstrong,DE,28,110.06,110.06,17.0,612,612,612,172.52,3.19,"{""93"":0.00938352,""94"":0.070329006,""95"":0.046740277,""96"":0.628931388,""97"":0.165775515,""98"":0.030141003,""99"":7.121677443,""100"":14.24335489,""103"":0.030141003,""104"":0.040188004,""105"":0.079712526,""106"":0.967586751,""107"":18.61873546,""108"":25.36564615,""109"":43.9843816,""110"":14.0,""111"":8.0,""112"":2.546992106,""113"":0.60708663,""210"":17.0}"
4567962,Jermaine Johnson II,DE,10,119.68,119.68,17.0,648,648,648,171.68,3.19,"{""93"":0.013112557,""94"":0.098277955,""95"":0.088123373,""96"":0.313714296,""97"":0.23165518,""98"":0.042119124,""99"":5.327086499,""100"":10.654173,""103"":0.042119124,""104"":0.056158832,""105"":0.111390513,""106"":0.482637379,""107"":21.37187665,""108"":29.11644896,""109"":50.48832562,""110"":16.0,""111"":10.0,""112"":1.689488815,""113"":1.268428409,""210"":17.0}"
4429022,Kayshon Boutte,WR,17,81.23,81.23,17.0,355,334,334,170.47,3.17,"{""42"":366.4301927,""43"":2.373696157,""44"":0.091065339,""45"":0.278420315,""46"":0.181947676,""47"":73.0,""48"":36.0,""49"":18.0,""50"":14.0,""51"":7.0,""53"":26.91610257,""56"":0.183252381,""57"":0.005667599,""58"":41.50254289,""60"":13.61379092,""61"":21.55471722,""62"":0.091065339,""63"":0.00172669,""67"":0.392429588,""68"":0.392429588,""71"":0.219760569,""72"":0.219760569,""73"":0.219760569,""210"":17.0,""212"":16.0607061}"
2983055,Javon Hargrave,DT,9,106.14,106.14,17.0,777,777,777,174.38,3.16,"{""93"":0.002934863,""94"":0.025873135,""95"":0.003395198,""96"":0.433619141,""97"":0.19663583,""98"":0.015523881,""99"":3.230786285,""100"":6.461572571,""103"":0.005174627,""104"":0.020698508,""105"":0.028807999,""106"":0.66710637,""107"":25.24753106,""108"":23.65959592,""109"":48.90712698,""110"":16.0,""111"":9.0,""112"":1.865843858,""113"":0.081283298,""210"":17.0}"
2971275,Arik Armstead,DT,30,85.15,85.15,17.0,792,792,792,174.14,3.12,"{""93"":0.003381335,""94"":0.029809136,""95"":0.045930387,""96"":0.482984407,""97"":0.226549435,""98"":0.017885482,""99"":5.019208184,""100"":10.03841637,""103"":0.005961827,""104"":0.023847309,""105"":0.033190471,""106"":0.743052934,""107"":18.38697749,""108"":17.2305346,""109"":35.61751209,""110"":11.0,""111"":7.0,""112"":1.705858251,""113"":1.433269179,""210"":17.0}"
4429190,Akheem Mesidor,DE,24,86.63,86.63,17.0,723,723,723,171.93,3.09,"{""93"":0.0085868,""94"":0.064357636,""95"":0.145040617,""96"":0.661475823,""97"":0.151700141,""98"":0.027581844,""99"":4.94915968,""100"":9.89831936,""103"":0.027581844,""104"":0.036775792,""105"":0.072944436,""106"":1.017655112,""107"":14.37933457,""108"":19.59000456,""109"":33.96933913,""110"":11.0,""111"":6.0,""112"":3.593626892,""113"":1.954530763,""210"":17.0}"
4240532,Tony Adams,S,10,104.29,104.29,17.0,904,904,904,171.4,3.08,"{""93"":0.004645215,""94"":0.056361938,""95"":1.041004281,""96"":0.063195823,""97"":0.030193895,""98"":0.004025853,""99"":0.273082511,""100"":0.546165022,""103"":0.036232675,""104"":0.020129264,""105"":0.061007153,""106"":0.097224343,""107"":16.48870537,""108"":28.29880339,""109"":44.78750876,""110"":14.0,""111"":8.0,""112"":2.087503611,""113"":4.42142511,""210"":17.0}"
3045207,Jourdan Lewis,CB,30,149.33,149.33,17.0,754,754,754,174.81,3.07,"{""93"":0.007916241,""94"":0.172074078,""95"":1.459409575,""96"":0.314443868,""97"":0.055413686,""98"":0.00583302,""99"":0.755494713,""100"":1.510989426,""103"":0.148741999,""104"":0.023332078,""105"":0.179990319,""106"":0.483759796,""107"":15.87465067,""108"":41.35932477,""109"":57.23397545,""110"":19.0,""111"":11.0,""112"":4.743003601,""113"":13.6058764,""210"":17.0}"
2578570,Jacoby Brissett,QB,22,257.04,257.04,17.0,228,388,388,170.07,3.06,"{""0"":516.5472948,""1"":327.034633,""2"":189.5126617,""3"":3359.052804,""4"":15.02944839,""5"":671.0,""6"":335.0,""7"":167.0,""8"":134.0,""9"":67.0,""10"":33.0,""11"":65.0,""12"":32.0,""15"":2.562106993,""16"":1.67433692,""17"":2.233292194,""18"":0.301659218,""19"":0.828487626,""20"":9.181220308,""21"":0.633116534,""22"":197.5913414,""23"":47.20196835,""24"":210.2941863,""25"":1.312639164,""26"":0.067065823,""27"":42.0,""28"":21.0,""29"":10.0,""30"":8.0,""31"":4.0,""33"":9.0,""34"":4.0,""35"":0.089068006,""36"":0.062347605,""37"":0.127,""38"":0.00434,""39"":4.455199511,""40"":12.37024626,""62"":0.89555345,""63"":0.033592395,""64"":39.78104504,""65"":7.037532231,""66"":0.597103095,""68"":7.634635326,""69"":3.378015471,""70"":0.274667424,""72"":3.652682894,""73"":12.8339032,""210"":17.0,""211"":13.01888528}"
4877652,Jake Golday,LB,16,18.82,18.82,17.0,1196,1196,1196,170.06,3.06,"{""93"":0.000646059,""94"":0.00807574,""95"":0.070803348,""96"":0.033561484,""97"":0.000969089,""98"":0.000969089,""99"":0.123116688,""100"":0.246233376,""103"":0.005491503,""104"":0.002584237,""105"":0.008721799,""106"":0.051633053,""107"":3.824024527,""108"":4.821862994,""109"":8.645887521,""110"":2.0,""111"":1.0,""112"":0.283493604,""113"":0.363584111,""210"":17.0}"
4596363,Kamren Kinchens,S,14,183.38,183.38,17.0,736,736,736,172.44,3.05,"{""93"":0.008643456,""94"":0.104873929,""95"":1.738494003,""96"":0.117589893,""97"":0.056182462,""98"":0.007490995,""99"":0.477523536,""100"":0.955047071,""103"":0.067418954,""104"":0.037454975,""105"":0.113517384,""106"":0.180907527,""107"":29.30127006,""108"":50.28841633,""109"":79.58968639,""110"":26.0,""111"":15.0,""112"":0.706756397,""113"":6.195148015,""210"":17.0}"
4572036,DJ Turner II,CB,4,140.09,140.09,17.0,760,760,760,173.07,3.04,"{""93"":0.009688999,""94"":0.210608247,""95"":2.394827858,""96"":1.092364243,""97"":0.067822995,""98"":0.007139263,""99"":0.057816536,""100"":0.115633072,""103"":0.182051197,""104"":0.028557051,""105"":0.220297247,""106"":1.680560373,""107"":13.51076551,""108"":35.20053135,""109"":48.71129686,""110"":16.0,""111"":9.0,""112"":2.292331253,""113"":18.08841405,""210"":17.0}"
4688930,Javon Bullard,CB,9,178.13,178.13,17.0,793,793,793,172.73,3.01,"{""93"":0.007399517,""94"":0.160842126,""95"":0.612384155,""96"":0.109508952,""97"":0.051796617,""98"":0.005452275,""99"":0.415431283,""100"":0.830862566,""103"":0.139033024,""104"":0.021809102,""105"":0.168241643,""106"":0.168475312,""107"":21.14685263,""108"":55.09535698,""109"":76.24220961,""110"":25.0,""111"":15.0,""112"":1.719316244,""113"":4.38007786,""210"":17.0}"
3917232,Tyler Bass,K,2,153.66,153.66,17.0,490,490,490,169.54,2.97,"{""74"":4.985116507,""75"":7.2833236,""76"":2.298207093,""77"":6.621217631,""78"":8.3237984,""79"":1.702580769,""80"":14.22217575,""81"":14.995078,""82"":0.772902246,""83"":25.82850989,""84"":30.6022,""85"":4.773690108,""86"":47.3961909,""87"":49.81436601,""88"":2.418175115,""198"":4.985116507,""199"":7.2833236,""200"":2.298207093,""210"":17.0,""214"":993.8163574,""215"":223.906385,""216"":1217.722742}"
4431517,Calen Bullock,S,34,170.61,170.61,17.0,751,751,751,172.51,2.95,"{""93"":0.01037708,""94"":0.125908575,""95"":2.193262487,""96"":0.554027978,""97"":0.067451022,""98"":0.00899347,""99"":0.06003623,""100"":0.120072459,""103"":0.080941227,""104"":0.044967348,""105"":0.136285655,""106"":0.852350735,""107"":26.03054819,""108"":44.67502747,""109"":70.70557567,""110"":23.0,""111"":14.0,""112"":0.647019527,""113"":9.692844848,""210"":17.0}"
-16004,Bengals D/ST,DST,4,140.09,140.09,17.0,420,409,409,169.55,2.93,"{""89"":0.207482993,""90"":0.93537415,""91"":3.282312925,""92"":2.993197279,""93"":0.125029779,""94"":1.589394919,""95"":12.27770046,""96"":6.33199662,""97"":1.842834836,""98"":0.259930424,""99"":38.72107452,""100"":77.44214904,""101"":0.305089732,""102"":0.299433296,""103"":1.06599333,""104"":0.523401589,""105"":2.318947727,""106"":9.741533262,""109"":1034.104462,""110"":344.0,""111"":206.0,""112"":21.98463949,""113"":78.69459181,""114"":1596.300217,""115"":278.8184655,""116"":159.0,""117"":63.0,""118"":27.0,""119"":11.0,""120"":362.1665651,""121"":2.465986395,""122"":3.503401361,""123"":2.431972789,""124"":1.054421769,""125"":0.12585034,""126"":21.3039156,""127"":5894.424306,""129"":0.425,""130"":3.74,""131"":3.655,""132"":3.995,""133"":2.89,""134"":1.53,""135"":0.595,""136"":0.17,""137"":346.7308416,""210"":17.0}"
4373956,Jonah Laulu,DT,13,108.55,108.55,17.0,726,726,726,173.31,2.91,"{""93"":0.003771351,""94"":0.033247433,""95"":0.073168641,""96"":0.095303766,""97"":0.252680488,""98"":0.01994846,""99"":3.076636152,""100"":6.153272305,""103"":0.006649487,""104"":0.026597946,""105"":0.037018783,""106"":0.146621178,""107"":25.91848462,""108"":24.28835007,""109"":50.20683469,""110"":16.0,""111"":10.0,""112"":4.479491249,""113"":1.380295364,""210"":17.0}"
4247808,Ty Okada,S,26,192.05,192.05,17.0,664,664,664,172.86,2.91,"{""93"":0.009820172,""94"":0.119151423,""95"":1.736033637,""96"":0.141839781,""97"":0.063831119,""98"":0.008510816,""99"":0.588523734,""100"":1.177047468,""103"":0.076597343,""104"":0.042554079,""105"":0.128971595,""106"":0.218215047,""107"":30.46100231,""108"":52.27881122,""109"":82.73981353,""110"":27.0,""111"":16.0,""112"":2.966275598,""113"":7.715085973,""210"":17.0}"
4432571,Tarheeb Still,CB,24,171.93,171.93,17.0,712,712,712,173.66,2.91,"{""93"":0.008944617,""94"":0.194427718,""95"":1.165521975,""96"":0.132375618,""97"":0.062612316,""98"":0.00659077,""99"":0.634338907,""100"":1.268677814,""102"":0.041982476,""103"":0.168064638,""104"":0.02636308,""105"":0.245354811,""106"":0.203654797,""107"":19.45569927,""108"":50.68927824,""109"":70.14497752,""110"":23.0,""111"":14.0,""112"":4.543779722,""113"":9.042342619,""115"":41.98247627,""118"":4.0,""119"":1.0,""210"":17.0}"
4912218,Cyrus Allen,WR,12,45.84,45.84,17.0,1003,1003,1003,169.76,2.91,"{""42"":202.7726489,""43"":1.268394791,""44"":0.056742555,""45"":0.141756079,""46"":0.092637597,""47"":40.0,""48"":20.0,""49"":10.0,""50"":8.0,""51"":4.0,""53"":16.17311641,""56"":0.075624423,""57"":0.0023389,""58"":27.17736069,""60"":12.53763615,""61"":11.92780288,""62"":0.056742555,""63"":0.001296898,""67"":0.294749648,""68"":0.294749648,""71"":0.165059803,""72"":0.165059803,""73"":0.165059803,""210"":17.0,""212"":8.647017142}"
4685623,Mykel Williams,DE,25,96.05,96.05,17.0,744,744,744,171.79,2.9,"{""93"":0.011202292,""94"":0.083960616,""95"":0.06350093,""96"":0.493011489,""97"":0.197907166,""98"":0.035983121,""99"":3.643682532,""100"":7.287365063,""103"":0.035983121,""104"":0.047977495,""105"":0.095162908,""106"":0.758479214,""107"":17.24052917,""108"":23.48801632,""109"":40.72854549,""110"":13.0,""111"":8.0,""112"":4.339833313,""113"":0.719466651,""210"":17.0}"
4688931,Maxwell Hairston,CB,2,161.43,161.43,17.0,781,781,781,172.47,2.88,"{""93"":0.009080075,""94"":0.197372152,""95"":1.749367629,""96"":0.301011935,""97"":0.063560524,""98"":0.006690581,""99"":0.046462013,""100"":0.092924026,""103"":0.170609826,""104"":0.026762326,""105"":0.206452227,""106"":0.463095284,""107"":17.5906856,""108"":45.83022918,""109"":63.42091478,""110"":21.0,""111"":12.0,""112"":1.588281045,""113"":12.38621782,""210"":17.0}"
15864,Geno Smith,QB,20,301.25,301.25,17.0,200,384,384,170.33,2.86,"{""0"":530.5996058,""1"":361.0808007,""2"":169.5188051,""3"":3813.091151,""4"":20.34356666,""5"":762.0,""6"":381.0,""7"":190.0,""8"":152.0,""9"":76.0,""10"":38.0,""11"":72.0,""12"":36.0,""15"":2.931006247,""16"":1.915412582,""17"":2.561554202,""18"":0.345998808,""19"":2.47059703,""20"":14.33977718,""21"":0.680514642,""22"":224.2994795,""23"":58.02950085,""24"":219.9028709,""25"":1.039806559,""26"":0.117544637,""27"":43.0,""28"":21.0,""29"":10.0,""30"":8.0,""31"":4.0,""33"":11.0,""34"":5.0,""35"":0.109781594,""36"":0.076847116,""37"":0.123483568,""38"":0.00421,""39"":3.789501335,""40"":12.935463,""62"":2.588141667,""63"":0.031615088,""64"":46.67195366,""65"":6.528934304,""66"":0.656312948,""68"":7.185247252,""69"":3.133888466,""70"":0.301903956,""72"":3.435792422,""73"":17.7755696,""210"":17.0,""211"":13.79773553}"
4429168,Antonio Johnson,S,30,164.36,164.36,17.0,769,769,769,172.09,2.85,"{""93"":0.008125366,""94"":0.098587778,""95"":2.023510925,""96"":0.151218507,""97"":0.052814881,""98"":0.007041984,""99"":0.956865891,""100"":1.913731782,""103"":0.063377857,""104"":0.035209921,""105"":0.106713144,""106"":0.232643857,""107"":25.08482659,""108"":43.05192917,""109"":68.13675576,""110"":22.0,""111"":13.0,""112"":1.249640434,""113"":9.669013648,""210"":17.0}"
4044540,Isaiah Rodgers,CB,16,160.6,160.6,17.0,784,784,784,171.72,2.85,"{""93"":0.008964227,""94"":0.194853985,""95"":0.831011326,""96"":1.024904438,""97"":0.062749588,""98"":0.00660522,""99"":0.103437323,""100"":0.206874645,""103"":0.168433105,""104"":0.026420879,""105"":0.203818212,""106"":1.576776059,""107"":18.29569798,""108"":47.6670467,""109"":65.96274468,""110"":21.0,""111"":13.0,""112"":3.638715702,""113"":5.280175848,""210"":17.0}"
4035840,Osa Odighizuwa,DT,25,100.86,100.86,17.0,774,774,774,172.39,2.81,"{""93"":0.003540337,""94"":0.03121087,""95"":0.019935842,""96"":0.11152148,""97"":0.237202612,""98"":0.018726522,""99"":4.411003594,""100"":8.822007188,""103"":0.006242174,""104"":0.024968696,""105"":0.034751207,""106"":0.171571508,""107"":23.50252594,""108"":22.02434231,""109"":45.52686825,""110"":15.0,""111"":9.0,""112"":1.716687726,""113"":0.43526237,""210"":17.0}"
4243331,Cade Otton,TE,27,107.63,107.63,17.0,393,373,373,170.35,2.76,"{""42"":440.8244371,""43"":2.289557549,""44"":0.198570738,""45"":0.099567669,""46"":0.065067472,""47"":88.0,""48"":44.0,""49"":22.0,""50"":17.0,""51"":8.0,""53"":44.56044159,""56"":0.279750163,""57"":0.008652067,""58"":63.99430405,""60"":9.892730442,""61"":25.93084924,""62"":0.198570738,""63"":0.001976185,""67"":0.449132971,""68"":0.449132971,""71"":0.251514464,""72"":0.251514464,""73"":0.251514464,""210"":17.0,""212"":22.09952868}"
4430034,Xavier Legette,WR,29,118.38,118.38,17.0,337,307,307,170.85,2.75,"{""23"":2.053590214,""24"":10.76107391,""25"":0.057924541,""26"":0.004043363,""27"":2.0,""28"":1.0,""35"":0.003770302,""36"":0.002639212,""37"":0.000220101,""38"":7.51119e-06,""39"":5.240127187,""40"":0.633004348,""42"":500.5031853,""43"":3.211404761,""44"":0.194834785,""45"":0.096759028,""46"":0.063232024,""47"":100.0,""48"":50.0,""49"":25.0,""50"":20.0,""51"":10.0,""53"":41.72306421,""56"":0.386387834,""57"":0.011950139,""58"":73.1273041,""60"":11.99583959,""61"":29.44136384,""62"":0.198878147,""63"":0.003227042,""66"":0.034405123,""67"":0.699013448,""68"":0.733418572,""70"":0.015826357,""71"":0.391447531,""72"":0.407273888,""73"":0.407273888,""210"":17.0,""211"":2.603285862,""212"":23.47546032}"
4432762,Shedeur Sanders,QB,5,120.95,120.95,17.0,304,429,429,169.26,2.74,"{""0"":232.1368687,""1"":146.9102403,""2"":85.22662845,""3"":1623.274188,""4"":7.145059312,""5"":324.0,""6"":162.0,""7"":81.0,""8"":64.0,""9"":32.0,""10"":16.0,""11"":29.0,""12"":14.0,""15"":1.200280642,""16"":0.784383399,""17"":1.099903849,""18"":0.14856817,""19"":0.499174295,""20"":5.555603713,""21"":0.632860437,""22"":95.48671694,""23"":21.17417737,""24"":119.2718606,""25"":0.622049972,""26"":0.037503253,""27"":23.0,""28"":11.0,""29"":5.0,""30"":4.0,""31"":2.0,""33"":4.0,""34"":2.0,""35"":0.039838844,""36"":0.027887191,""37"":0.081905394,""38"":0.0028,""39"":5.632892297,""40"":7.015991798,""62"":0.536677548,""63"":0.012581045,""64"":17.8727472,""65"":2.636070395,""66"":0.223257901,""68"":2.859328296,""69"":1.26531379,""70"":0.102698634,""72"":1.368012424,""73"":6.923616138,""210"":17.0,""211"":7.849380496}"
4565200,Upton Stout,CB,25,163.64,163.64,17.0,772,772,772,172.12,2.72,"{""93"":0.005999289,""94"":0.130405595,""95"":0.968043343,""96"":0.49580831,""97"":0.041995022,""98"":0.004420529,""99"":1.510503249,""100"":3.021006498,""103"":0.112723481,""104"":0.017682115,""105"":0.136404884,""106"":0.762782015,""107"":18.49871112,""108"":48.19597084,""109"":66.69468196,""110"":22.0,""111"":13.0,""112"":1.412042012,""113"":6.314413369,""210"":17.0}"
4431664,Dante Trader Jr.,S,15,204.83,204.83,17.0,676,676,676,172.29,2.68,"{""93"":0.009314924,""94"":0.113021073,""95"":0.920802411,""96"":0.259363584,""97"":0.060547003,""98"":0.008072934,""99"":0.831803671,""100"":1.663607342,""103"":0.072656404,""104"":0.040364669,""105"":0.122335996,""106"":0.399020898,""107"":33.67075699,""108"":57.78756492,""109"":91.45832191,""110"":30.0,""111"":18.0,""112"":0.795907869,""113"":3.379638285,""210"":17.0}"
4401823,Dee Alford,CB,2,140.01,140.01,17.0,820,820,820,171.87,2.68,"{""93"":0.005067949,""94"":0.110161201,""95"":1.605074305,""96"":0.440332208,""97"":0.035475641,""98"":0.003734278,""99"":0.705874511,""100"":1.411749022,""103"":0.095224089,""104"":0.014937112,""105"":0.11522915,""106"":0.677434167,""107"":14.9316512,""108"":38.90246307,""109"":53.83411428,""110"":17.0,""111"":10.0,""112"":3.086780709,""113"":11.36456376,""210"":17.0}"
3120358,Uchenna Nwosu,DE,26,94.39,94.39,17.0,708,708,708,172.67,2.67,"{""93"":0.010808657,""94"":0.081010338,""95"":0.18354966,""96"":0.321275486,""97"":0.190952939,""98"":0.034718716,""99"":5.613737612,""100"":11.22747522,""103"":0.034718716,""104"":0.046291622,""105"":0.091818995,""106"":0.494269979,""107"":15.77409981,""108"":21.49019384,""109"":37.26429365,""110"":12.0,""111"":7.0,""112"":1.458963556,""113"":2.764402691,""210"":17.0}"
3122752,Kenny Clark,DT,6,84.79,84.79,17.0,841,841,841,170.91,2.64,"{""93"":0.003597703,""94"":0.031716595,""95"":0.02992291,""96"":0.103301642,""97"":0.241046124,""98"":0.019029957,""99"":4.032159011,""100"":8.064318023,""103"":0.006343319,""104"":0.025373276,""105"":0.035314299,""106"":0.158925603,""107"":19.43997401,""108"":18.21730325,""109"":37.65727726,""110"":12.0,""111"":7.0,""112"":1.915989068,""113"":0.732425557,""210"":17.0}"
2971027,Jonathan Jones,CB,21,31.76,31.76,17.0,1121,1120,1120,173.54,2.62,"{""93"":0.001577851,""94"":0.034297508,""95"":0.237740865,""96"":0.061065597,""97"":0.01104496,""98"":0.001162627,""99"":0.032516207,""100"":0.065032414,""103"":0.029646999,""104"":0.00465051,""105"":0.03587536,""106"":0.093947073,""107"":3.579231973,""108"":9.325220481,""109"":12.90445245,""110"":4.0,""111"":2.0,""112"":0.243690336,""113"":1.782899845,""210"":17.0}"
4427673,Calijah Kancey,DT,27,81.04,81.04,17.0,735,735,735,173.47,2.57,"{""93"":0.003603726,""94"":0.031769689,""95"":0.013361596,""96"":0.316498725,""97"":0.241449633,""98"":0.019061813,""99"":4.754040128,""100"":9.508080256,""103"":0.006353938,""104"":0.025415751,""105"":0.035373414,""106"":0.486921115,""107"":17.94552986,""108"":16.81685168,""109"":34.76238154,""110"":11.0,""111"":6.0,""112"":7.412793412,""113"":0.364011229,""210"":17.0}"
4683215,Danny Stutsman,LB,18,136.37,136.37,17.0,653,653,653,170.51,2.53,"{""93"":0.004298582,""94"":0.053732272,""95"":0.243651664,""96"":0.244727715,""97"":0.006447873,""98"":0.006447873,""99"":0.634267615,""100"":1.268535229,""103"":0.036537945,""104"":0.017194327,""105"":0.058030853,""106"":0.376504177,""107"":28.24348995,""108"":35.6133278,""109"":63.85681776,""110"":21.0,""111"":12.0,""112"":2.272478506,""113"":1.490535419,""210"":17.0}"
4594321,Kaleb Elarms-Orr,LB,2,25.0,25.0,17.0,791,791,791,171.3,2.5,"{""93"":0.000862399,""94"":0.010779985,""95"":0.069754511,""96"":0.044799891,""97"":0.001293598,""98"":0.001293598,""99"":0.183535736,""100"":0.367071472,""103"":0.007330389,""104"":0.003449595,""105"":0.011642383,""106"":0.068922909,""107"":5.104538286,""108"":6.436513177,""109"":11.54105146,""110"":3.0,""111"":2.0,""112"":0.359232174,""113"":0.399153173,""210"":17.0}"
4426698,Tatum Bethune,LB,25,86.88,86.88,17.0,680,680,680,171.04,2.46,"{""93"":0.00247161,""94"":0.030895123,""95"":0.367267866,""96"":0.09119945,""97"":0.003707415,""98"":0.003707415,""99"":0.457990252,""100"":0.915980504,""103"":0.021008684,""104"":0.009886439,""105"":0.033366733,""106"":0.140306846,""107"":17.68854095,""108"":22.3041773,""109"":39.99271825,""110"":13.0,""111"":7.0,""112"":1.53534914,""113"":1.936113435,""210"":17.0}"
4683188,Mike Green,DE,33,95.83,95.83,17.0,738,738,738,172.18,2.45,"{""93"":0.011194725,""94"":0.083903899,""95"":0.126837588,""96"":0.255712863,""97"":0.197773476,""98"":0.035958814,""99"":4.678696253,""100"":9.357392506,""103"":0.035958814,""104"":0.047945085,""105"":0.095098624,""106"":0.393404405,""107"":16.78034326,""108"":22.86107186,""109"":39.64141512,""110"":13.0,""111"":7.0,""112"":2.31166776,""113"":1.569703111,""210"":17.0}"
4603186,Jack Bech,WR,13,86.42,86.42,17.0,338,310,310,171.28,2.45,"{""42"":397.7799269,""43"":1.482161294,""44"":0.094247808,""45"":0.131718641,""46"":0.086078132,""47"":79.0,""48"":39.0,""49"":19.0,""50"":15.0,""51"":7.0,""53"":34.52150739,""56"":0.21981663,""57"":0.006798452,""58"":54.16695924,""60"":11.52266969,""61"":23.39881923,""62"":0.094247808,""63"":0.002768229,""67"":0.629142949,""68"":0.629142949,""71"":0.352320051,""72"":0.352320051,""73"":0.352320051,""210"":17.0,""212"":18.29416885}"
4379778,Christian Benford,CB,2,147.09,147.09,17.0,828,828,828,171.71,2.43,"{""93"":0.010030315,""94"":0.218027377,""95"":1.140978881,""96"":0.148443386,""97"":0.070212206,""98"":0.007390759,""99"":0.439373975,""100"":0.87874795,""103"":0.188464343,""104"":0.029563034,""105"":0.228057693,""106"":0.228374439,""107"":16.53612127,""108"":43.08269986,""109"":59.61882113,""110"":19.0,""111"":11.0,""112"":4.026858511,""113"":8.078583775,""210"":17.0}"
4816107,Benjamin Morrison,CB,27,172.99,172.99,17.0,706,706,706,173.82,2.43,"{""93"":0.008964199,""94"":0.194853385,""95"":1.371132825,""96"":0.294959477,""97"":0.062749395,""98"":0.006605199,""99"":0.190234273,""100"":0.380468547,""103"":0.168432587,""104"":0.026420798,""105"":0.203817585,""106"":0.453783811,""107"":19.29650326,""108"":50.27451387,""109"":69.57101713,""110"":23.0,""111"":13.0,""112"":3.623314923,""113"":11.15983145,""210"":17.0}"
4685279,Jaydon Blue,RB,6,49.79,49.79,17.0,360,350,350,170.09,2.42,"{""23"":48.65057054,""24"":205.0389678,""25"":1.529013327,""26"":0.057617488,""27"":41.0,""28"":20.0,""29"":10.0,""30"":8.0,""31"":4.0,""33"":9.0,""34"":4.0,""35"":0.091588777,""36"":0.064112144,""37"":0.107786301,""38"":0.00368,""39"":4.214523396,""40"":12.06111575,""42"":61.81240797,""43"":0.391301268,""44"":0.014000944,""45"":0.041997104,""46"":0.027445108,""47"":12.0,""48"":6.0,""49"":3.0,""50"":2.0,""51"":1.0,""53"":8.756311001,""56"":0.030141095,""57"":0.000932199,""58"":11.30540634,""60"":7.059183709,""61"":3.636023998,""62"":0.071618432,""63"":0.002161254,""66"":0.416271952,""67"":0.074922177,""68"":0.49119413,""70"":0.191485098,""71"":0.041956419,""72"":0.233441517,""73"":0.233441517,""101"":0.009627666,""102"":0.013289913,""114"":85.98501316,""115"":13.28991254,""116"":8.0,""117"":3.0,""118"":1.0,""210"":17.0,""211"":13.09075568,""212"":2.710694803}"
4685555,Nicholas Singleton,RB,10,20.05,20.05,17.0,319,324,324,170.29,2.42,"{""23"":20.26694388,""24"":83.43144392,""25"":0.548585084,""26"":0.007364542,""27"":16.0,""28"":8.0,""29"":4.0,""30"":3.0,""31"":1.0,""33"":4.0,""34"":2.0,""35"":0.037578096,""36"":0.026304667,""37"":0.0174,""38"":0.000594,""39"":4.116626779,""40"":4.907731995,""42"":29.89580955,""43"":0.155850634,""44"":0.002456544,""45"":0.039739448,""46"":0.025969729,""47"":5.0,""48"":2.0,""49"":1.0,""50"":1.0,""53"":4.290319737,""56"":0.016349187,""57"":0.000505645,""58"":5.513869092,""60"":6.96820083,""61"":1.758577033,""62"":0.009821086,""63"":0.000924532,""66"":0.173411333,""67"":0.036709534,""68"":0.210120867,""70"":0.079769213,""71"":0.020557339,""72"":0.100326552,""73"":0.100326552,""101"":0.009711416,""114"":86.73299278,""116"":8.0,""117"":3.0,""210"":17.0,""211"":6.529331823,""212"":0.716334085}"
3116389,Samaje Perine,RB,4,107.87,107.87,17.0,325,346,346,170.72,2.42,"{""23"":101.8291848,""24"":444.0131269,""25"":3.352213876,""26"":0.227579788,""27"":88.0,""28"":44.0,""29"":22.0,""30"":17.0,""31"":8.0,""33"":20.0,""34"":10.0,""35"":0.197110848,""36"":0.137977594,""37"":0.507945491,""38"":0.0173,""39"":4.360372008,""40"":26.11841923,""42"":139.3036405,""43"":0.733644045,""44"":0.034333019,""45"":0.059539577,""46"":0.038909114,""47"":27.0,""48"":13.0,""49"":6.0,""50"":5.0,""51"":2.0,""53"":18.75674601,""56"":0.055201725,""57"":0.00170727,""58"":22.87879753,""60"":7.426855404,""61"":8.194331793,""62"":0.261912807,""63"":0.00734,""66"":1.408626891,""67"":0.259466447,""68"":1.668093338,""70"":0.64796837,""71"":0.14530121,""72"":0.79326958,""73"":0.79326958,""101"":0.029049061,""114"":327.1149626,""116"":32.0,""117"":13.0,""210"":17.0,""211"":25.74976442,""212"":7.267017278}"
4912847,Jacob Parrish,CB,27,165.68,165.68,17.0,730,730,730,173.2,2.4,"{""93"":0.007382282,""94"":0.160467494,""95"":0.990112667,""96"":0.115444939,""97"":0.051675973,""98"":0.005439576,""99"":0.785727811,""100"":1.571455623,""103"":0.138709189,""104"":0.021758304,""105"":0.167849775,""106"":0.177607598,""107"":18.89772893,""108"":49.23555954,""109"":68.13328847,""110"":22.0,""111"":13.0,""112"":5.305421516,""113"":8.058657979,""210"":17.0}"
4426901,Leo Chenal,LB,28,68.31,68.31,17.0,704,704,704,170.7,2.4,"{""93"":0.002376374,""94"":0.029704681,""95"":0.168284198,""96"":0.224669768,""97"":0.003564562,""98"":0.003564562,""99"":1.038596212,""100"":2.077192424,""103"":0.020199183,""104"":0.009505498,""105"":0.032081055,""106"":0.345645797,""107"":13.64547519,""108"":17.20611658,""109"":30.85159177,""110"":10.0,""111"":6.0,""112"":0.916380652,""113"":1.016997774,""210"":17.0}"
3116164,Mike Gesicki,TE,4,111.77,111.77,17.0,425,413,413,170.38,2.39,"{""42"":393.5128264,""43"":4.600867396,""44"":0.215304058,""45"":0.09950829,""46"":0.065028667,""47"":78.0,""48"":39.0,""49"":19.0,""50"":15.0,""51"":7.0,""53"":40.13725876,""56"":0.214348286,""57"":0.006629328,""58"":57.19699382,""60"":9.804177927,""61"":23.14781332,""62"":0.215304058,""63"":0.001742118,""67"":0.395935883,""68"":0.395935883,""71"":0.221724094,""72"":0.221724094,""73"":0.221724094,""210"":17.0,""212"":20.73180143}"
4697757,Treydan Stukes,S,13,168.35,168.35,17.0,796,796,796,171.8,2.38,"{""93"":0.00811574,""94"":0.098470977,""95"":1.974631118,""96"":0.272346105,""97"":0.052752309,""98"":0.007033641,""99"":0.49564348,""100"":0.991286959,""103"":0.063302771,""104"":0.035168206,""105"":0.106586717,""106"":0.418994007,""107"":26.54847878,""108"":45.56392781,""109"":72.11240658,""110"":24.0,""111"":14.0,""112"":1.364508445,""113"":5.704032271,""210"":17.0}"
3943270,Rasul Douglas,CB,28,169.73,169.73,17.0,697,697,697,174.6,2.36,"{""93"":0.008463598,""94"":0.18397189,""95"":1.81295161,""96"":0.605742134,""97"":0.059245185,""98"":0.006236335,""99"":0.247041166,""100"":0.494082333,""103"":0.159026549,""104"":0.024945341,""105"":0.192435488,""106"":0.931910975,""107"":18.24468369,""108"":47.53413563,""109"":65.77881931,""110"":21.0,""111"":13.0,""112"":1.99291936,""113"":13.55667602,""210"":17.0}"
4432768,Lorenzo Styles Jr.,S,18,10.07,10.07,17.0,1317,1316,1316,169.37,2.34,"{""93"":0.000463004,""94"":0.005617788,""95"":0.068983845,""96"":0.015537396,""97"":0.003009529,""98"":0.000401271,""99"":0.023725242,""100"":0.047450483,""101"":0.110557032,""103"":0.003611435,""104"":0.002006353,""105"":0.116637824,""106"":0.023903687,""107"":1.514595701,""108"":2.599430641,""109"":4.114026342,""110"":1.0,""112"":0.082396775,""113"":0.267631943,""114"":987.3886619,""116"":98.0,""117"":39.0,""210"":17.0}"
4869579,Chris Johnson,CB,15,150.09,150.09,17.0,805,805,805,171.2,2.33,"{""93"":0.007411399,""94"":0.161100404,""95"":1.55825626,""96"":0.420458401,""97"":0.051879791,""98"":0.005461031,""99"":0.40727442,""100"":0.814548839,""103"":0.139256281,""104"":0.021844123,""105"":0.168511802,""106"":0.646859079,""107"":16.27387129,""108"":42.39944185,""109"":58.67331314,""110"":19.0,""111"":11.0,""112"":2.737733123,""113"":11.15874528,""210"":17.0}"
4428617,T'Vondre Sweat,DT,20,110.77,110.77,17.0,759,759,759,172.63,2.29,"{""93"":0.003373642,""94"":0.029741316,""95"":0.00408304,""96"":0.262078255,""97"":0.226034002,""98"":0.01784479,""99"":2.995168143,""100"":5.990336287,""103"":0.005948263,""104"":0.023793053,""105"":0.033114958,""106"":0.403197315,""107"":26.75032673,""108"":25.06787375,""109"":51.81820047,""110"":17.0,""111"":10.0,""112"":2.707857739,""113"":0.093435613,""210"":17.0}"
4837186,Emmanuel McNeil-Warren,S,5,35.67,35.67,17.0,1105,1104,1104,170.29,2.28,"{""93"":0.001734803,""94"":0.021048944,""95"":0.320938884,""96"":0.058216118,""97"":0.01127622,""98"":0.001503496,""99"":0.099775548,""100"":0.199551096,""103"":0.013531464,""104"":0.00751748,""105"":0.022783748,""106"":0.089563259,""107"":5.674945785,""108"":9.739647317,""109"":15.4145931,""110"":5.0,""111"":3.0,""112"":0.297846531,""113"":1.219281683,""210"":17.0}"
4696044,Kaelon Black,RB,25,30.8,30.8,17.0,316,315,315,170.48,2.28,"{""23"":35.38071208,""24"":146.5594928,""25"":1.034137044,""26"":0.051241508,""27"":29.0,""28"":14.0,""29"":7.0,""30"":5.0,""31"":2.0,""33"":7.0,""34"":3.0,""35"":0.066138533,""36"":0.046296973,""37"":0.05492315,""38"":0.00187,""39"":4.142355656,""40"":8.621146636,""42"":31.41513313,""43"":0.180479369,""44"":0.009251525,""45"":0.05678887,""46"":0.037111527,""47"":6.0,""48"":3.0,""49"":1.0,""50"":1.0,""53"":4.07560338,""56"":0.017081708,""57"":0.0005283,""58"":5.267817118,""60"":7.708093795,""61"":1.847949007,""62"":0.060493034,""63"":0.001485451,""66"":0.302730224,""67"":0.034872343,""68"":0.337602566,""70"":0.139255903,""71"":0.019528512,""72"":0.158784415,""73"":0.158784415,""210"":17.0,""211"":9.941060096,""212"":0.719361206}"
4259632,Isaiah Pola-Mao,S,13,112.13,112.13,17.0,900,900,900,171.31,2.24,"{""93"":0.006028835,""94"":0.073149869,""95"":0.876443122,""96"":0.08201929,""97"":0.03918743,""98"":0.005224991,""99"":0.233360259,""100"":0.466720517,""103"":0.047024916,""104"":0.026124953,""105"":0.079178704,""106"":0.126183523,""107"":18.23045669,""108"":31.28809073,""109"":49.51854743,""110"":16.0,""111"":9.0,""112"":1.842691661,""113"":2.531743678,""210"":17.0}"
4871063,Peter Woods,DT,12,67.82,67.82,17.0,920,920,920,170.62,2.22,"{""93"":0.002241416,""94"":0.019759851,""95"":0.059941363,""96"":0.217126188,""97"":0.150174871,""98"":0.011855911,""99"":2.328631613,""100"":4.657263226,""103"":0.00395197,""104"":0.015807881,""105"":0.022001267,""106"":0.33404029,""107"":15.64585042,""108"":14.66180981,""109"":30.30766023,""110"":10.0,""111"":6.0,""112"":2.59828976,""113"":1.420552703,""210"":17.0}"
4602019,Caleb Banks,DT,16,93.33,93.33,17.0,801,801,801,171.46,2.22,"{""93"":0.003096961,""94"":0.02730216,""95"":0.092289206,""96"":0.300002961,""97"":0.207496417,""98"":0.016381296,""99"":3.014617408,""100"":6.029234816,""103"":0.005460432,""104"":0.021841728,""105"":0.030399122,""106"":0.461543017,""107"":21.61785039,""108"":20.25820281,""109"":41.8760532,""110"":13.0,""111"":8.0,""112"":3.792903198,""113"":1.962775751,""210"":17.0}"
4371961,Micah McFadden,LB,19,54.43,54.43,17.0,731,731,731,171.1,2.2,"{""93"":0.001726221,""94"":0.02157776,""95"":0.125903739,""96"":0.092235565,""97"":0.002589331,""98"":0.002589331,""99"":0.418345014,""100"":0.836690027,""103"":0.014672877,""104"":0.006904883,""105"":0.023303981,""106"":0.14190087,""107"":11.15094354,""108"":14.06066347,""109"":25.21160701,""110"":8.0,""111"":5.0,""112"":1.87627753,""113"":0.773434465,""210"":17.0}"
4832955,Emmett Johnson,RB,12,48.73,48.73,17.0,367,357,357,170.05,2.19,"{""23"":49.44753032,""24"":205.2928487,""25"":1.576520238,""26"":0.068209093,""27"":41.0,""28"":20.0,""29"":10.0,""30"":8.0,""31"":4.0,""33"":9.0,""34"":4.0,""35"":0.093130328,""36"":0.06519123,""37"":0.108153982,""38"":0.00369,""39"":4.151731085,""40"":12.07604992,""42"":59.16459147,""43"":0.389341463,""44"":0.017429882,""45"":0.041303729,""46"":0.026991987,""47"":11.0,""48"":5.0,""49"":2.0,""50"":2.0,""51"":1.0,""53"":8.389321966,""56"":0.02911079,""57"":0.000900334,""58"":10.87094427,""60"":7.05236868,""61"":3.480270087,""62"":0.085638975,""63"":0.002177442,""66"":0.42309103,""67"":0.071782086,""68"":0.494873116,""70"":0.194621874,""71"":0.040197968,""72"":0.234819842,""73"":0.234819842,""210"":17.0,""211"":13.18316239,""212"":2.553228112}"
3040471,Maliek Collins,DT,5,91.05,91.05,17.0,753,753,753,174.43,2.19,"{""93"":0.00359361,""94"":0.031680508,""95"":0.023910879,""96"":0.090812177,""97"":0.240771864,""98"":0.019008305,""99"":5.422187093,""100"":10.84437419,""103"":0.006336102,""104"":0.025344407,""105"":0.035274118,""106"":0.139711042,""107"":20.40230988,""108"":19.11911332,""109"":39.5214232,""110"":13.0,""111"":7.0,""112"":3.230812634,""113"":0.593237097,""210"":17.0}"
4243253,Jaylon Johnson,CB,3,151.75,151.75,17.0,814,814,814,170.75,2.17,"{""93"":0.009997449,""94"":0.217312978,""95"":1.338370254,""96"":0.380642551,""97"":0.069982145,""98"":0.007366542,""99"":0.398788246,""100"":0.797576492,""103"":0.187846811,""104"":0.029466166,""105"":0.227310427,""106"":0.585603925,""107"":16.58674512,""108"":43.21459366,""109"":59.80133878,""110"":19.0,""111"":11.0,""112"":1.948675461,""113"":10.771174,""210"":17.0}"
4428850,Dontayvion Wicks,WR,21,69.11,69.11,17.0,379,362,362,170.5,2.16,"{""42"":310.0050394,""43"":1.788746822,""44"":0.080166928,""45"":0.177038672,""46"":0.115694772,""47"":62.0,""48"":31.0,""49"":15.0,""50"":12.0,""51"":6.0,""53"":24.26280994,""56"":0.132771641,""57"":0.004106339,""58"":39.31028532,""60"":12.7769636,""61"":18.23559055,""62"":0.080166928,""63"":0.002135127,""67"":0.485256199,""68"":0.485256199,""71"":0.271743471,""72"":0.271743471,""73"":0.271743471,""210"":17.0,""212"":13.66075388}"
4635008,Keon Coleman,WR,2,62.06,62.06,17.0,358,338,338,170.25,2.16,"{""42"":265.9498634,""43"":2.248670399,""44"":0.180808335,""45"":0.207432559,""46"":0.135557177,""47"":53.0,""48"":26.0,""49"":13.0,""50"":10.0,""51"":5.0,""53"":19.39919551,""56"":0.104931769,""57"":0.003245312,""58"":32.51310217,""60"":13.70932435,""61"":15.64410961,""62"":0.180808335,""63"":0.001478328,""67"":0.335983571,""68"":0.335983571,""71"":0.1881508,""72"":0.1881508,""73"":0.1881508,""102"":0.05107575,""115"":51.07574995,""118"":5.0,""119"":2.0,""210"":17.0,""212"":11.52537672}"
4430831,Trenton Simpson,LB,33,76.42,76.42,17.0,692,692,692,171.05,2.13,"{""93"":0.002684718,""94"":0.033558971,""95"":0.182405174,""96"":0.07734693,""97"":0.004027076,""98"":0.004027076,""99"":0.825356777,""100"":1.650713555,""103"":0.0228201,""104"":0.010738871,""105"":0.036243688,""106"":0.118995277,""107"":15.60137292,""108"":19.67238499,""109"":35.27375791,""110"":11.0,""111"":7.0,""112"":1.695744292,""113"":1.050325666,""210"":17.0}"
4374269,Teair Tart,DT,24,102.36,102.36,17.0,732,729,729,173.85,2.12,"{""93"":0.003371113,""94"":0.029719018,""95"":0.051973031,""96"":0.591324138,""97"":0.225864539,""98"":0.017831411,""99"":2.53175823,""100"":5.063516461,""103"":0.005943804,""104"":0.023775215,""105"":0.033090131,""106"":0.909729443,""107"":24.0514659,""108"":22.53875688,""109"":46.59022278,""110"":15.0,""111"":9.0,""112"":5.334845346,""113"":1.349636663,""210"":17.0}"
3895856,Christian Kirk,WR,25,48.03,48.03,17.0,991,991,991,170.53,2.11,"{""42"":219.9930217,""43"":1.403740715,""44"":0.071915408,""45"":0.206214655,""46"":0.134761277,""47"":43.0,""48"":21.0,""49"":10.0,""50"":8.0,""51"":4.0,""53"":16.20495199,""56"":0.082644939,""57"":0.002556029,""58"":26.95033934,""60"":13.57566636,""61"":12.94076598,""62"":0.071915408,""63"":0.001180382,""67"":0.268268681,""68"":0.268268681,""71"":0.150230461,""72"":0.150230461,""73"":0.150230461,""210"":17.0,""212"":9.184488922}"
4600981,Pat Bryant,WR,7,75.41,75.41,17.0,394,374,374,170.8,2.11,"{""42"":319.6413228,""43"":2.105115201,""44"":0.12767915,""45"":0.112436075,""46"":0.073476975,""47"":63.0,""48"":31.0,""49"":15.0,""50"":12.0,""51"":6.0,""53"":28.42303422,""56"":0.140192359,""57"":0.004335846,""58"":45.19852085,""60"":11.24585505,""61"":18.80243075,""62"":0.12767915,""63"":0.002279201,""67"":0.518000311,""68"":0.518000311,""71"":0.290080174,""72"":0.290080174,""73"":0.290080174,""210"":17.0,""212"":15.00410504}"
4245185,Riq Woolen,CB,21,124.85,124.85,17.0,854,854,854,171.16,2.11,"{""93"":0.007889257,""94"":0.171487541,""95"":1.846908346,""96"":0.116756856,""97"":0.055224801,""98"":0.005813137,""99"":0.103531281,""100"":0.207062561,""103"":0.148234993,""104"":0.023252548,""105"":0.179376798,""106"":0.179625933,""107"":12.91833064,""108"":33.65701983,""109"":46.57535047,""110"":15.0,""111"":9.0,""112"":1.040964516,""113"":13.85059573,""210"":17.0}"
4567462,Ja'Quan McMillian,CB,7,139.23,139.23,17.0,799,799,799,172.25,2.08,"{""93"":0.007018469,""94"":0.152559343,""95"":1.240853359,""96"":0.929291074,""97"":0.04912928,""98"":0.005171503,""99"":1.228341004,""100"":2.456682009,""103"":0.13187333,""104"":0.020686013,""105"":0.159577811,""106"":1.429678575,""107"":14.75575638,""108"":38.44419211,""109"":53.19994849,""110"":17.0,""111"":10.0,""112"":3.613124768,""113"":9.519201208,""210"":17.0}"
4035661,Julian Blackmon,S,18,178.57,178.57,17.0,745,745,745,172.1,2.08,"{""93"":0.00926009,""94"":0.112355755,""95"":1.697400097,""96"":0.12597889,""97"":0.060190583,""98"":0.008025411,""99"":0.206297984,""100"":0.412595968,""103"":0.072228699,""104"":0.040127055,""105"":0.121615844,""106"":0.193813677,""107"":28.5010681,""108"":48.91506666,""109"":77.41613476,""110"":25.0,""111"":15.0,""112"":2.173504137,""113"":6.585287979,""210"":17.0}"
4685400,Shemar James,LB,6,40.3,40.3,17.0,752,752,752,171.13,2.07,"{""93"":0.001289955,""94"":0.016124439,""95"":0.027799116,""96"":0.125863816,""97"":0.001934933,""98"":0.001934933,""99"":0.316353672,""100"":0.632707345,""103"":0.010964618,""104"":0.00515982,""105"":0.017414394,""106"":0.19363664,""107"":8.325951866,""108"":10.49852032,""109"":18.82447218,""110"":6.0,""111"":3.0,""112"":0.430227678,""113"":0.164294102,""210"":17.0}"
4686540,Tyrice Knight,LB,26,71.97,71.97,17.0,701,701,701,171.09,2.07,"{""93"":0.002145212,""94"":0.026815147,""95"":0.076350288,""96"":0.338085071,""97"":0.003217818,""98"":0.003217818,""99"":0.439714995,""100"":0.87942999,""103"":0.0182343,""104"":0.008580847,""105"":0.028960358,""106"":0.520130878,""107"":14.74651529,""108"":18.59446137,""109"":33.34097665,""110"":11.0,""111"":6.0,""112"":1.890851829,""113"":0.535026983,""210"":17.0}"
4038849,DJ Wonnum,DE,8,110.44,110.44,17.0,696,696,696,172.05,2.06,"{""93"":0.012117924,""94"":0.090823227,""95"":0.235631833,""96"":0.245695207,""97"":0.214083321,""98"":0.03892424,""99"":4.586315378,""100"":9.172630757,""103"":0.03892424,""104"":0.051898987,""105"":0.102941151,""106"":0.377992626,""107"":19.3685529,""108"":26.38717653,""109"":45.75572944,""110"":15.0,""111"":9.0,""112"":0.308230424,""113"":3.296140169,""210"":17.0}"
4241411,Malcolm Rodriguez,LB,8,68.33,68.33,17.0,710,710,710,170.93,2.03,"{""93"":0.002360663,""94"":0.029508286,""95"":0.154879614,""96"":0.107528791,""97"":0.003540994,""98"":0.003540994,""99"":0.524768329,""100"":1.049536659,""103"":0.020065635,""104"":0.009442652,""105"":0.031868949,""106"":0.16542891,""107"":13.99642192,""108"":17.64863913,""109"":31.64506104,""110"":10.0,""111"":6.0,""112"":1.332650732,""113"":1.008052727,""210"":17.0}"
3115373,Jamal Adams,LB,16,77.95,77.95,17.0,683,683,683,171.46,2.03,"{""93"":0.00312262,""94"":0.039032745,""95"":0.097451247,""96"":0.292960531,""97"":0.004683929,""98"":0.004683929,""99"":0.776773541,""100"":1.553547083,""103"":0.026542266,""104"":0.012490478,""105"":0.042155364,""106"":0.45070851,""107"":15.9055705,""108"":20.05595969,""109"":35.96153019,""110"":11.0,""111"":7.0,""112"":2.68895665,""113"":0.500424433,""210"":17.0}"
4586312,Jaylin Noel,WR,34,78.37,78.37,17.0,336,300,300,171.3,2.02,"{""23"":4.204112216,""24"":22.155803,""25"":0.125063476,""26"":0.009050517,""27"":4.0,""28"":2.0,""29"":1.0,""35"":0.007727601,""36"":0.005409321,""37"":0.001106144,""38"":3.77e-05,""39"":5.270031306,""40"":1.303282529,""42"":322.5997621,""43"":1.813053056,""44"":0.119188741,""45"":0.131427944,""46"":0.085888161,""47"":64.0,""48"":32.0,""49"":16.0,""50"":12.0,""51"":6.0,""53"":28.752208,""56"":0.142566902,""57"":0.004409286,""58"":43.88742455,""60"":11.2199996,""61"":18.9764566,""62"":0.128239258,""63"":0.002642719,""66"":0.076618542,""67"":0.523999393,""68"":0.600617935,""70"":0.035244529,""71"":0.29343966,""72"":0.32868419,""73"":0.32868419,""101"":0.080988278,""102"":0.219481714,""114"":924.5829271,""115"":286.2160193,""116"":92.0,""117"":36.0,""118"":28.0,""119"":11.0,""210"":17.0,""211"":3.168735805,""212"":15.04128799}"
4241479,Tua Tagovailoa,QB,1,151.39,151.39,17.0,232,423,423,170.03,2.0,"{""0"":301.7467589,""1"":204.1313722,""2"":97.6153867,""3"":2170.871596,""4"":10.42181808,""5"":434.0,""6"":217.0,""7"":108.0,""8"":86.0,""9"":43.0,""10"":21.0,""11"":40.0,""12"":20.0,""15"":1.698187075,""16"":1.109765253,""17"":1.651285701,""18"":0.223045401,""19"":0.609900275,""20"":7.944785375,""21"":0.676498972,""22"":127.6983292,""23"":15.88471778,""24"":43.93441206,""25"":0.261507938,""26"":0.013657836,""27"":8.0,""28"":4.0,""29"":2.0,""30"":1.0,""33"":3.0,""34"":1.0,""35"":0.029587894,""36"":0.020711526,""37"":0.00871949,""38"":0.000298,""39"":2.765828936,""40"":2.58437718,""62"":0.62355811,""63"":0.023268829,""64"":20.09528347,""65"":5.039635912,""66"":0.248734421,""68"":5.288370333,""69"":2.419025238,""70"":0.114417834,""72"":2.533443071,""73"":10.47822845,""210"":17.0,""211"":4.715451153}"
4058825,Grover Stewart,DT,11,96.37,96.37,17.0,849,849,849,170.4,1.98,"{""93"":0.00292574,""94"":0.025792706,""95"":0.013471721,""96"":0.443032448,""97"":0.196024568,""98"":0.015475624,""99"":1.410709972,""100"":2.821419945,""103"":0.005158541,""104"":0.020634165,""105"":0.028718446,""106"":0.681588382,""107"":23.56474345,""108"":22.08264668,""109"":45.64739013,""110"":15.0,""111"":9.0,""112"":3.170890183,""113"":0.35318027,""210"":17.0}"
3858276,Jaylinn Hawkins,S,33,132.61,132.61,17.0,870,870,870,172.76,1.98,"{""93"":0.007402844,""94"":0.089821173,""95"":1.149590882,""96"":0.393286101,""97"":0.048118485,""98"":0.006415798,""99"":0.613856581,""100"":1.227713162,""103"":0.057742182,""104"":0.03207899,""105"":0.097224017,""106"":0.605055539,""107"":20.94095748,""108"":35.93999803,""109"":56.88095551,""110"":18.0,""111"":11.0,""112"":1.354478872,""113"":4.198051525,""210"":17.0}"
4683813,Jonas Sanker,S,18,176.86,176.86,17.0,757,757,757,172.06,1.98,"{""93"":0.008946578,""94"":0.194470357,""95"":0.905559576,""96"":0.132404648,""97"":0.062626047,""98"":0.006592215,""99"":0.076718622,""100"":0.153437244,""103"":0.168101495,""104"":0.026368862,""105"":0.203416935,""106"":0.203699458,""107"":20.61248173,""108"":53.70312354,""109"":74.31560528,""110"":24.0,""111"":14.0,""112"":2.822756287,""113"":6.85457112,""210"":17.0}"
4430968,Kimani Vidal,RB,24,41.2,41.2,17.0,321,326,326,170.45,1.98,"{""23"":37.43512925,""24"":153.0115173,""25"":1.215483093,""26"":0.030367969,""27"":30.0,""28"":15.0,""29"":7.0,""30"":6.0,""31"":3.0,""33"":7.0,""34"":3.0,""35"":0.070055653,""36"":0.049038957,""37"":0.059819941,""38"":0.002041425,""39"":4.087377828,""40"":9.000677486,""42"":62.67139131,""43"":0.369934821,""44"":0.009163573,""45"":0.05374205,""46"":0.03512043,""47"":12.0,""48"":6.0,""49"":3.0,""50"":2.0,""51"":1.0,""53"":7.839034506,""56"":0.030471537,""57"":0.000942419,""58"":10.61933833,""60"":7.994784468,""61"":3.68655243,""62"":0.039531542,""63"":0.001583958,""66"":0.297659629,""67"":0.062330868,""68"":0.359990497,""70"":0.136923429,""71"":0.034905286,""72"":0.171828715,""73"":0.171828715,""210"":17.0,""211"":10.41892097,""212"":2.516567561}"
3915525,Dre'Mont Jones,DE,17,99.44,99.44,17.0,699,699,699,171.62,1.96,"{""93"":0.011943542,""94"":0.089516244,""95"":0.074753757,""96"":0.240015429,""97"":0.211002575,""98"":0.038364105,""99"":5.960438531,""100"":11.92087706,""103"":0.038364105,""104"":0.051152139,""105"":0.101459786,""106"":0.369254506,""107"":17.14144596,""108"":23.35302812,""109"":40.49447409,""110"":13.0,""111"":8.0,""112"":0.879992965,""113"":1.006560812,""210"":17.0}"
4362245,Braden Fiske,DT,14,77.5,77.5,17.0,885,885,885,170.29,1.94,"{""93"":0.002909521,""94"":0.025649726,""95"":0.040004591,""96"":0.14207014,""97"":0.194937914,""98"":0.015389835,""99"":3.362780846,""100"":6.725561693,""103"":0.005129945,""104"":0.02051978,""105"":0.028559247,""106"":0.218569447,""107"":17.82265094,""108"":16.70170118,""109"":34.52435212,""110"":11.0,""111"":6.0,""112"":2.635367914,""113"":0.930977901,""210"":17.0}"
3051746,Oren Burks,LB,4,86.44,86.44,17.0,677,677,677,172.76,1.93,"{""93"":0.003225815,""94"":0.040322693,""95"":0.170663253,""96"":0.444090727,""97"":0.004838723,""98"":0.004838723,""99"":0.429439495,""100"":0.85887899,""103"":0.027419431,""104"":0.012903262,""105"":0.043548508,""106"":0.683216504,""107"":17.56855049,""108"":22.1528766,""109"":39.7214271,""110"":13.0,""111"":7.0,""112"":1.63775623,""113"":1.041779648,""210"":17.0}"
-16013,Raiders D/ST,DST,13,117.15,117.15,17.0,516,516,516,169.6,1.93,"{""89"":0.076423576,""90"":0.33966034,""91"":1.613386613,""92"":2.037962038,""93"":0.124334343,""94"":1.560151073,""95"":10.73014059,""96"":7.140758693,""97"":1.919569504,""98"":0.263047443,""99"":38.31259424,""100"":76.62518848,""101"":0.167162939,""102"":0.207535444,""103"":1.033521911,""104"":0.526629161,""105"":2.059183798,""106"":10.9857826,""109"":1061.175422,""110"":353.0,""111"":212.0,""112"":57.71440066,""113"":52.56396416,""114"":1746.681361,""115"":209.2649064,""116"":174.0,""117"":69.0,""118"":20.0,""119"":8.0,""120"":406.4880487,""121"":2.462537463,""122"":4.330669331,""123"":3.736263736,""124"":2.122877123,""125"":0.28021978,""126"":23.91106169,""127"":6055.970327,""129"":0.169745382,""130"":2.036944583,""131"":3.055416875,""132"":4.328507239,""133"":3.819271093,""134"":2.376435347,""135"":0.933599601,""136"":0.28007988,""137"":356.2335486,""210"":17.0}"
4372020,Josh Jobe,CB,26,161.74,161.74,17.0,775,775,775,172.54,1.92,"{""93"":0.008404328,""94"":0.18268355,""95"":1.466339638,""96"":0.561066228,""97"":0.058830296,""98"":0.006192663,""99"":0.15184596,""100"":0.30369192,""103"":0.157912899,""104"":0.024770651,""105"":0.191087878,""106"":0.863178813,""107"":17.53324865,""108"":45.68058474,""109"":63.21383339,""110"":21.0,""111"":12.0,""112"":1.147460998,""113"":12.71422577,""210"":17.0}"
4037361,Charvarius Ward,CB,11,149.84,149.84,17.0,824,824,824,171.14,1.92,"{""93"":0.008430302,""94"":0.183248152,""95"":1.718663856,""96"":0.211611196,""97"":0.059012117,""98"":0.006211802,""99"":0.108639302,""100"":0.217278605,""103"":0.158400945,""104"":0.024847207,""105"":0.191678454,""106"":0.325555686,""107"":16.0682269,""108"":41.8636623,""109"":57.9318892,""110"":19.0,""111"":11.0,""112"":0.91657076,""113"":13.46126789,""210"":17.0}"
4429014,Gervon Dexter Sr.,DT,3,97.96,97.96,17.0,807,807,807,171.58,1.91,"{""93"":0.003539854,""94"":0.031206608,""95"":0.047411527,""96"":0.089453741,""97"":0.237170218,""98"":0.018723965,""99"":3.678569955,""100"":7.357139909,""103"":0.006241322,""104"":0.024965286,""105"":0.034746462,""106"":0.13762114,""107"":22.91561824,""108"":21.47434798,""109"":44.38996622,""110"":14.0,""111"":8.0,""112"":1.87060994,""113"":1.277170983,""210"":17.0}"
-16001,Falcons D/ST,DST,1,121.0,121.0,17.0,515,515,515,170.23,1.88,"{""89"":0.067076216,""90"":0.29717311,""91"":1.494356208,""92"":1.969833183,""93"":0.122998616,""94"":1.568742649,""95"":11.87663154,""96"":7.544956188,""97"":1.896041069,""98"":0.258001243,""99"":38.37871255,""100"":76.75742509,""101"":0.195775076,""102"":0.260148632,""103"":1.049133243,""104"":0.519609406,""105"":2.147664973,""106"":11.6076249,""109"":1013.993736,""110"":337.0,""111"":202.0,""112"":47.2133347,""113"":80.49321368,""114"":1748.473953,""115"":260.1486316,""116"":174.0,""117"":69.0,""118"":26.0,""119"":10.0,""120"":410.5059517,""121"":2.462291479,""122"":4.389671362,""123"":3.829287783,""124"":2.199081011,""125"":0.291229647,""126"":24.14740892,""127"":6105.19296,""129"":0.144261968,""130"":1.866919583,""131"":2.99555733,""132"":4.361803025,""133"":3.912045126,""134"":2.46093945,""135"":0.967403784,""136"":0.291069735,""137"":359.1289976,""210"":17.0}"
4431280,Troy Franklin,WR,7,53.07,53.07,17.0,985,985,985,170.64,1.86,"{""23"":2.045462337,""24"":10.5747409,""25"":0.078369395,""26"":0.004797393,""27"":2.0,""28"":1.0,""35"":0.003755371,""36"":0.002628759,""37"":0.000212136,""38"":7.24e-06,""39"":5.169853635,""40"":0.622043582,""42"":215.84285,""43"":1.770673783,""44"":0.107421975,""45"":0.1560999,""46"":0.102011284,""47"":43.0,""48"":21.0,""49"":10.0,""50"":8.0,""51"":4.0,""53"":17.00865418,""56"":0.080615371,""57"":0.002493259,""58"":28.24907553,""60"":12.69017805,""61"":12.69663824,""62"":0.112219368,""63"":0.001250081,""66"":0.030499178,""67"":0.253610131,""68"":0.284109309,""70"":0.014029622,""71"":0.142021673,""72"":0.156051295,""73"":0.156051295,""210"":17.0,""211"":2.611742149,""212"":9.403278349}"
5208518,Charlie Smyth,K,18,159.75,159.75,17.0,488,488,488,170.04,1.86,"{""74"":5.92288555,""75"":8.57752,""76"":2.65463445,""77"":7.857131738,""78"":9.80288,""79"":1.945748262,""80"":16.85631053,""81"":17.6596,""82"":0.803289467,""83"":30.63632782,""84"":36.04,""85"":5.403672178,""86"":31.53367747,""87"":32.93291159,""88"":1.399234119,""198"":5.92288555,""199"":8.57752,""200"":2.65463445,""210"":17.0,""214"":1179.096064,""215"":255.0076161,""216"":1434.10368}"
4430802,Darnell Washington,TE,23,75.37,75.37,17.0,454,445,443,169.41,1.85,"{""42"":304.1704352,""43"":1.88844966,""44"":0.057799098,""45"":0.088814861,""46"":0.058040512,""47"":60.0,""48"":30.0,""49"":15.0,""50"":12.0,""51"":6.0,""53"":30.95349462,""56"":0.128508685,""57"":0.003974495,""58"":45.33889785,""60"":9.826691265,""61"":17.89237854,""62"":0.057799098,""63"":0.002271689,""67"":0.516293045,""68"":0.516293045,""71"":0.289124105,""72"":0.289124105,""73"":0.289124105,""210"":17.0,""212"":15.06565609}"
2576702,Bud Dupree,DE,24,31.58,31.58,17.0,1067,1066,1066,172.94,1.83,"{""93"":0.004106731,""94"":0.030779739,""95"":0.085343293,""96"":0.21009083,""97"":0.072552241,""98"":0.013191317,""99"":1.622140837,""100"":3.244281675,""103"":0.013191317,""104"":0.017588422,""105"":0.034886469,""106"":0.323216662,""107"":5.217686359,""108"":7.108430441,""109"":12.3261168,""110"":4.0,""111"":2.0,""112"":0.498580036,""113"":1.150064683,""210"":17.0}"
5088571,Bryce Boettcher,LB,11,46.76,46.76,17.0,743,743,743,170.68,1.83,"{""93"":0.001613881,""94"":0.020173516,""95"":0.118004445,""96"":0.083837905,""97"":0.002420822,""98"":0.002420822,""99"":0.346929198,""100"":0.693858396,""103"":0.013717991,""104"":0.006455525,""105"":0.021787397,""106"":0.128981393,""107"":9.552563377,""108"":12.04520304,""109"":21.59776641,""110"":7.0,""111"":4.0,""112"":0.668799272,""113"":0.746969808,""210"":17.0}"
14880,Kirk Cousins,QB,13,61.31,61.31,17.0,305,430,430,169.97,1.83,"{""0"":118.0804043,""1"":78.37047627,""2"":39.70992803,""3"":832.620469,""4"":4.163047527,""5"":166.0,""6"":83.0,""7"":41.0,""8"":33.0,""9"":16.0,""10"":8.0,""11"":15.0,""12"":7.0,""15"":0.621269941,""16"":0.405999907,""17"":0.706817763,""18"":0.095472547,""19"":0.259219543,""20"":2.667075112,""21"":0.663704335,""22"":48.97767465,""23"":5.722751289,""24"":11.10159678,""25"":0.258496776,""26"":0.014532657,""27"":2.0,""28"":1.0,""33"":1.0,""35"":0.01066061,""36"":0.007462427,""37"":0.001558656,""38"":5.32e-05,""39"":1.939905514,""40"":0.653035105,""62"":0.2737522,""63"":0.007915046,""64"":7.335378326,""65"":1.720372998,""66"":0.078501019,""68"":1.798874017,""69"":0.825779039,""70"":0.036110469,""72"":0.861889508,""73"":3.52896462,""210"":17.0,""211"":2.987223931}"
4361662,Alim McNeill,DT,8,81.22,81.22,17.0,827,827,827,170.38,1.8,"{""93"":0.004208473,""94"":0.037101015,""95"":0.062870308,""96"":0.796173974,""97"":0.281967717,""98"":0.022260609,""99"":3.880561219,""100"":7.761122438,""103"":0.007420203,""104"":0.029680812,""105"":0.041309489,""106"":1.224883038,""107"":17.46219069,""108"":16.36391196,""109"":33.82610265,""110"":11.0,""111"":6.0,""112"":1.621426699,""113"":1.694740662,""210"":17.0}"
4247807,Troy Andersen,LB,0,0,0.0,,2128,2133,2128,170.0,1.8,{}
2575453,Rakeem Nunez-Roches,DT,27,14.53,14.53,17.0,1226,1226,1226,172.64,1.8,"{""93"":0.000450466,""94"":0.003971211,""95"":0.000457951,""96"":0.011383477,""97"":0.030181204,""98"":0.002382727,""99"":0.369791601,""100"":0.739583202,""103"":0.000794242,""104"":0.003176969,""105"":0.004421677,""106"":0.017513041,""107"":3.547754152,""108"":3.324619324,""109"":6.872373475,""110"":2.0,""111"":1.0,""112"":0.178243142,""113"":0.012475996,""210"":17.0}"
4431212,Junior Colson,LB,24,31.47,31.47,17.0,773,773,773,171.2,1.8,"{""93"":0.00107441,""94"":0.013430123,""95"":0.085417978,""96"":0.064072322,""97"":0.001611615,""98"":0.001611615,""99"":0.221185624,""100"":0.442371248,""103"":0.009132483,""104"":0.004297639,""105"":0.014504533,""106"":0.098572803,""107"":6.416273489,""108"":8.090531709,""109"":14.5068052,""110"":4.0,""111"":2.0,""112"":0.476220703,""113"":0.535573944,""210"":17.0}"
3895841,Mike Hughes,CB,1,165.97,165.97,17.0,790,790,790,172.42,1.79,"{""93"":0.008581095,""94"":0.186525898,""95"":1.21675475,""96"":0.128408298,""97"":0.060067662,""98"":0.006322912,""99"":0.041788955,""100"":0.083577909,""103"":0.16123425,""104"":0.025291647,""105"":0.195106992,""106"":0.197551228,""107"":18.78803229,""108"":48.94975929,""109"":67.73779158,""110"":22.0,""111"":13.0,""112"":2.813110101,""113"":9.797719329,""210"":17.0}"
4597703,Tory Horton,WR,26,67.7,67.7,17.0,396,375,375,170.78,1.78,"{""42"":299.0115131,""43"":2.311173049,""44"":0.084017153,""45"":0.237961824,""46"":0.155508052,""47"":59.0,""48"":29.0,""49"":14.0,""50"":11.0,""51"":5.0,""53"":21.62187538,""56"":0.124784222,""57"":0.003859306,""58"":35.28096543,""60"":13.82912018,""61"":17.58891254,""62"":0.084017153,""63"":0.001733826,""67"":0.394051462,""68"":0.394051462,""71"":0.220668818,""72"":0.220668818,""73"":0.220668818,""102"":0.06147109,""115"":44.6040224,""118"":4.0,""119"":1.0,""210"":17.0,""212"":12.9692677}"
-16029,Panthers D/ST,DST,29,117.59,117.59,17.0,437,427,427,169.8,1.77,"{""89"":0.123188406,""90"":0.552223888,""91"":2.208895552,""92"":2.378810595,""93"":0.123339631,""94"":1.551206567,""95"":10.76956512,""96"":5.320259138,""97"":1.972603309,""98"":0.26453136,""99"":37.26064989,""100"":74.52129979,""101"":0.158468185,""102"":0.222207831,""103"":1.026461606,""104"":0.524744961,""105"":2.055222214,""106"":8.185014058,""109"":1002.566668,""110"":334.0,""111"":200.0,""112"":41.08349735,""113"":67.32405941,""114"":1555.369905,""115"":216.4010058,""116"":155.0,""117"":62.0,""118"":21.0,""119"":8.0,""120"":386.1886849,""121"":2.463768116,""122"":4.035482259,""123"":3.270864568,""124"":1.741629185,""125"":0.225137431,""126"":22.71698146,""127"":5962.062497,""129"":0.246241446,""130"":2.547325308,""131"":3.235103142,""132"":4.228560012,""133"":3.540782179,""134"":2.12277109,""135"":0.832126267,""136"":0.247090555,""137"":350.7095587,""210"":17.0}"
2574891,Roy Robertson-Harris,DT,19,0,0.0,,1684,1683,1683,172.58,1.77,{}
4242205,K'Lavon Chaisson,DE,28,77.95,77.95,17.0,741,741,741,171.76,1.77,"{""93"":0.009008179,""94"":0.067515846,""95"":0.078157069,""96"":1.05780737,""97"":0.159144494,""98"":0.028935363,""99"":5.186342462,""100"":10.37268492,""103"":0.028935363,""104"":0.038580483,""105"":0.076524025,""106"":1.627395954,""107"":12.37036928,""108"":16.85304625,""109"":29.22341553,""110"":9.0,""111"":5.0,""112"":3.555992777,""113"":1.015143992,""210"":17.0}"
4426686,Dane Belton,S,20,33.46,33.46,17.0,1107,1106,1106,170.24,1.77,"{""93"":0.001158126,""94"":0.014051925,""95"":0.234047013,""96"":0.219871547,""97"":0.007527817,""98"":0.001003709,""99"":0.100224952,""100"":0.200449905,""103"":0.00903338,""104"":0.005018545,""105"":0.015210051,""106"":0.338263918,""107"":5.289695734,""108"":9.078460449,""109"":14.36815618,""110"":4.0,""111"":2.0,""112"":0.352500968,""113"":0.820126456,""210"":17.0}"
4426694,Keeanu Benton,DT,23,98.16,98.16,17.0,771,771,771,172.54,1.77,"{""93"":0.003134503,""94"":0.027633115,""95"":0.023710073,""96"":0.799103938,""97"":0.210011677,""98"":0.016579869,""99"":3.681296576,""100"":7.362593153,""103"":0.005526623,""104"":0.022106492,""105"":0.030767618,""106"":1.229390673,""107"":22.34508192,""108"":20.93969536,""109"":43.28477728,""110"":14.0,""111"":8.0,""112"":1.808423488,""113"":0.599557207,""210"":17.0}"
4040432,L'Jarius Sneed,CB,12,131.38,131.38,17.0,872,872,872,172.03,1.76,"{""93"":0.006821763,""94"":0.148283589,""95"":0.980958835,""96"":0.21207819,""97"":0.047752342,""98"":0.005026562,""99"":0.090690152,""100"":0.181380304,""103"":0.128177339,""104"":0.020106249,""105"":0.155105352,""106"":0.326274138,""107"":14.88946618,""108"":38.79255551,""109"":53.68202169,""110"":17.0,""111"":10.0,""112"":1.69783582,""113"":6.94549477,""210"":17.0}"
4242557,Colby Parkinson,TE,14,66.67,66.67,17.0,452,442,442,170.63,1.76,"{""42"":249.1096027,""43"":2.67739079,""44"":0.036484468,""45"":0.135475935,""46"":0.088533524,""47"":49.0,""48"":24.0,""49"":12.0,""50"":9.0,""51"":4.0,""53"":24.01546827,""56"":0.095415806,""57"":0.002951004,""58"":33.72995458,""60"":10.37288134,""61"":14.65350604,""62"":0.036484468,""63"":0.001918231,""67"":0.435961671,""68"":0.435961671,""71"":0.244138536,""72"":0.244138536,""73"":0.244138536,""210"":17.0,""212"":12.28849962}"
4870707,Keldric Faulk,DE,10,75.61,75.61,17.0,821,821,821,169.87,1.74,"{""93"":0.00749289,""94"":0.056158832,""95"":0.118491077,""96"":0.577207491,""97"":0.132374389,""98"":0.024068071,""99"":4.33883138,""100"":8.67766276,""103"":0.024068071,""104"":0.032090761,""105"":0.063651722,""106"":0.888011524,""107"":12.54748751,""108"":17.0943472,""109"":29.64183471,""110"":9.0,""111"":5.0,""112"":3.115651811,""113"":1.70553444,""210"":17.0}"
4428328,Deonte Banks,CB,19,10.84,10.84,17.0,1298,1297,1297,169.54,1.73,"{""93"":0.000528347,""94"":0.011484594,""95"":0.086081032,""96"":0.01410614,""97"":0.003698429,""98"":0.000389308,""99"":0.006224319,""100"":0.012448637,""101"":0.17104135,""103"":0.009927361,""104"":0.001557233,""105"":0.183054291,""106"":0.021701754,""107"":1.09079458,""108"":2.841922524,""109"":3.932717104,""110"":1.0,""112"":0.178997239,""113"":0.654308701,""114"":435.8723365,""116"":43.0,""117"":17.0,""210"":17.0}"
2970204,Sheldon Rankins,DT,34,78.62,78.62,17.0,899,899,899,171.95,1.73,"{""93"":0.003022863,""94"":0.026648923,""95"":0.002900816,""96"":0.098536597,""97"":0.202531815,""98"":0.015989354,""99"":2.758920834,""100"":5.517841667,""103"":0.005329785,""104"":0.021319138,""105"":0.029671786,""106"":0.151594765,""107"":18.72160808,""108"":17.54411871,""109"":36.26572678,""110"":12.0,""111"":7.0,""112"":2.446032055,""113"":0.08372052,""210"":17.0}"
2969961,Rayshawn Jenkins,S,23,23.56,23.56,17.0,1173,1173,1173,173.84,1.71,"{""93"":0.001152892,""94"":0.013988422,""95"":0.153741469,""96"":0.081397661,""97"":0.007493797,""98"":0.000999173,""99"":0.072307807,""100"":0.144615613,""103"":0.008992557,""104"":0.004995865,""105"":0.015141314,""106"":0.12522717,""107"":3.778178896,""108"":6.484313919,""109"":10.26249282,""110"":3.0,""111"":2.0,""112"":0.307129677,""113"":0.595302517,""210"":17.0}"
4427716,Jack Kiser,LB,30,48.68,48.68,17.0,737,737,737,170.67,1.7,"{""93"":0.001616502,""94"":0.020206271,""95"":0.12001137,""96"":0.109506673,""97"":0.002424753,""98"":0.002424753,""99"":0.333419911,""100"":0.666839823,""103"":0.013740264,""104"":0.006466007,""105"":0.021822773,""106"":0.168471805,""107"":9.911212731,""108"":12.49743812,""109"":22.40865085,""110"":7.0,""111"":4.0,""112"":0.915603876,""113"":0.904235148,""210"":17.0}"
4682980,Derrick Harmon,DT,23,98.37,98.37,17.0,833,833,833,170.85,1.7,"{""93"":0.003358396,""94"":0.029606909,""95"":0.020968454,""96"":0.153328558,""97"":0.225012511,""98"":0.017764146,""99"":3.459960516,""100"":6.919921033,""103"":0.005921382,""104"":0.023685528,""105"":0.032965305,""106"":0.23589009,""107"":23.28436358,""108"":21.81990121,""109"":45.10426479,""110"":15.0,""111"":9.0,""112"":-0.056563916,""113"":0.530229806,""210"":17.0}"
5150249,Justin Jefferson,LB,5,62.05,62.05,17.0,722,722,722,170.5,1.7,"{""93"":0.002147479,""94"":0.026843487,""95"":0.165919069,""96"":0.111557238,""97"":0.003221218,""98"":0.003221218,""99"":0.365015279,""100"":0.730030558,""103"":0.018253571,""104"":0.008589916,""105"":0.028990966,""106"":0.171626521,""107"":12.71092812,""108"":16.02770941,""109"":28.73863752,""110"":9.0,""111"":5.0,""112"":0.98654357,""113"":0.993940491,""210"":17.0}"
3071353,E.J. Speed,LB,34,0,0.0,,1877,1877,1877,170.79,1.7,{}
4685246,Kaytron Allen,RB,28,16.08,16.08,17.0,318,316,316,170.45,1.67,"{""23"":12.24554244,""24"":50.65364192,""25"":0.433167339,""26"":0.025519098,""27"":10.0,""28"":5.0,""29"":2.0,""30"":2.0,""31"":1.0,""33"":2.0,""34"":1.0,""35"":0.022607014,""36"":0.01582491,""37"":0.006276429,""38"":0.000214,""39"":4.136496375,""40"":2.979625995,""42"":29.38248406,""43"":0.187011825,""44"":0.01467215,""45"":0.046322392,""46"":0.030271683,""47"":5.0,""48"":2.0,""49"":1.0,""50"":1.0,""53"":4.063604697,""56"":0.01609979,""57"":0.000497932,""58"":5.159741665,""60"":7.230645265,""61"":1.728381415,""62"":0.040191248,""63"":0.000614007,""66"":0.104777309,""67"":0.034769678,""68"":0.139546987,""70"":0.048197562,""71"":0.01947102,""72"":0.067668582,""73"":0.067668582,""210"":17.0,""211"":4.849208985,""212"":0.663245044}"
4002046,David Onyemata,DT,20,104.86,104.86,17.0,809,809,809,171.99,1.66,"{""93"":0.002811368,""94"":0.02478443,""95"":0.015902863,""96"":0.142031179,""97"":0.188361668,""98"":0.014870658,""99"":2.254354898,""100"":4.508709795,""103"":0.004956886,""104"":0.019827544,""105"":0.027595798,""106"":0.218509507,""107"":25.69044386,""108"":24.07465186,""109"":49.76509572,""110"":16.0,""111"":9.0,""112"":3.714273585,""113"":0.363918452,""210"":17.0}"
4384549,Cobie Durant,CB,6,124.91,124.91,17.0,864,864,864,171.48,1.66,"{""93"":0.008422794,""94"":0.183084939,""95"":1.722484044,""96"":0.124652915,""97"":0.058959556,""98"":0.006206269,""99"":0.150282298,""100"":0.300564596,""103"":0.158259862,""104"":0.024825076,""105"":0.191507732,""106"":0.191773715,""107"":13.10311844,""108"":34.13846025,""109"":47.24157869,""110"":15.0,""111"":9.0,""112"":1.043405617,""113"":12.59611265,""210"":17.0}"
4036063,Patrick Jones II,DE,29,103.52,103.52,17.0,663,663,663,171.38,1.64,"{""93"":0.01123753,""94"":0.084224723,""95"":0.082644728,""96"":0.445297389,""97"":0.198529704,""98"":0.03609631,""99"":5.682828064,""100"":11.36565613,""103"":0.03609631,""104"":0.048128413,""105"":0.095462253,""106"":0.685072906,""107"":17.9104628,""108"":24.40071522,""109"":42.31117802,""110"":14.0,""111"":8.0,""112"":2.610500313,""113"":0.979962638,""210"":17.0}"
4374171,Austin Ajiake,LB,11,123.11,123.11,17.0,662,662,662,170.6,1.63,"{""93"":0.004303683,""94"":0.053796043,""95"":0.341473733,""96"":0.259519859,""97"":0.006455525,""98"":0.006455525,""99"":0.888638769,""100"":1.777277539,""103"":0.036581309,""104"":0.017214734,""105"":0.058099727,""106"":0.399261321,""107"":25.0613363,""108"":31.60082504,""109"":56.66216134,""110"":18.0,""111"":11.0,""112"":1.871080525,""113"":2.161533572,""210"":17.0}"
4239947,Isaiah McDuffie,LB,9,24.38,24.38,17.0,794,794,794,171.07,1.63,"{""93"":0.000755493,""94"":0.009443664,""95"":0.050139353,""96"":0.02357482,""97"":0.00113324,""98"":0.00113324,""99"":0.119665516,""100"":0.239331032,""103"":0.006421692,""104"":0.003021973,""105"":0.010199157,""106"":0.036268954,""107"":5.057361206,""108"":6.377025741,""109"":11.43438695,""110"":3.0,""111"":2.0,""112"":0.355367613,""113"":0.289831957,""210"":17.0}"
4249739,Jack Gibbens,LB,22,0,0.0,,2181,2186,2181,170.0,1.63,{}
4431268,Chimere Dike,WR,10,27.14,27.14,17.0,1056,1055,1055,170.52,1.6,"{""23"":10.13347194,""24"":50.18014428,""25"":0.567230491,""26"":0.007614849,""27"":10.0,""28"":5.0,""29"":2.0,""30"":2.0,""31"":1.0,""33"":2.0,""34"":1.0,""35"":0.018686438,""36"":0.013080506,""37"":0.006144688,""38"":0.00021,""39"":4.951920188,""40"":2.951773193,""42"":73.69489843,""43"":0.515774351,""44"":0.008122787,""45"":0.087065459,""46"":0.056897278,""47"":14.0,""48"":7.0,""49"":3.0,""50"":2.0,""51"":1.0,""53"":7.102701962,""56"":0.034557787,""57"":0.001068798,""58"":11.02773818,""60"":10.37561464,""61"":4.334994025,""62"":0.015737636,""63"":0.001516783,""66"":0.202669439,""67"":0.142054039,""68"":0.344723478,""70"":0.093227942,""71"":0.079550262,""72"":0.172778204,""73"":0.172778204,""101"":0.147613526,""102"":0.655319912,""114"":1629.659894,""115"":446.6050086,""116"":162.0,""117"":65.0,""118"":44.0,""119"":17.0,""210"":17.0,""211"":4.804850489,""212"":2.712354243}"
3117255,Harrison Phillips,DT,20,107.83,107.83,17.0,811,811,811,172.74,1.6,"{""93"":0.003092505,""94"":0.027262873,""95"":0.003742787,""96"":0.463004423,""97"":0.207197835,""98"":0.016357724,""99"":1.746819552,""100"":3.493639104,""103"":0.005452575,""104"":0.021810298,""105"":0.030355378,""106"":0.712314496,""107"":26.41612548,""108"":24.75469198,""109"":51.17081746,""110"":17.0,""111"":10.0,""112"":2.765598256,""113"":0.085649312,""210"":17.0}"
4076951,Nathan Shepherd,DT,18,112.91,112.91,17.0,729,732,732,173.94,1.6,"{""93"":0.003821432,""94"":0.03368894,""95"":0.032502388,""96"":0.547567522,""97"":0.256035947,""98"":0.020213364,""99"":2.899810462,""100"":5.799620924,""103"":0.006737788,""104"":0.026951152,""105"":0.037510372,""106"":0.842411573,""107"":26.78445079,""108"":25.09985159,""109"":51.88430238,""110"":17.0,""111"":10.0,""112"":1.872787376,""113"":0.823487222,""210"":17.0}"
4241007,D'Marco Jackson,LB,3,55.37,55.37,17.0,728,728,728,171.01,1.6,"{""93"":0.001934039,""94"":0.02417549,""95"":0.241348544,""96"":0.085018894,""97"":0.002901059,""98"":0.002901059,""99"":0.50153777,""100"":1.00307554,""103"":0.016439333,""104"":0.007736157,""105"":0.026109529,""106"":0.130798299,""107"":11.07277196,""108"":13.96209386,""109"":25.03486582,""110"":8.0,""111"":5.0,""112"":0.998650289,""113"":1.569788379,""210"":17.0}"
3915297,Will Harris,S,28,156.52,156.52,17.0,826,826,826,171.59,1.54,"{""93"":0.009075004,""94"":0.110110044,""95"":1.34016744,""96"":0.6431275,""97"":0.058987523,""98"":0.007865003,""99"":0.203898269,""100"":0.407796537,""103"":0.070785028,""104"":0.039325016,""105"":0.119185047,""106"":0.989426923,""107"":24.72719177,""108"":42.43813705,""109"":67.16532882,""110"":22.0,""111"":13.0,""112"":1.896528699,""113"":5.136335185,""210"":17.0}"
3121415,Malik Hooker,S,6,115.8,115.8,17.0,902,902,902,172.8,1.54,"{""93"":0.00636819,""94"":0.077267377,""95"":0.463044992,""96"":0.121481409,""97"":0.041393238,""98"":0.005519098,""99"":0.108041708,""100"":0.216083415,""103"":0.049671885,""104"":0.027595492,""105"":0.083635568,""106"":0.186894475,""107"":19.22290424,""108"":32.99138261,""109"":52.21428685,""110"":17.0,""111"":10.0,""112"":1.739271807,""113"":1.73552874,""210"":17.0}"
3916577,Cam Lewis,S,3,119.63,119.63,17.0,882,882,882,171.67,1.54,"{""93"":0.005134838,""94"":0.0623027,""95"":1.493133158,""96"":0.468407841,""97"":0.033376446,""98"":0.004450193,""99"":0.697095835,""100"":1.39419167,""103"":0.040051736,""104"":0.022250964,""105"":0.067437538,""106"":0.720627448,""107"":18.13072241,""108"":31.11692138,""109"":49.24764379,""110"":16.0,""111"":9.0,""112"":0.678570788,""113"":6.158648483,""210"":17.0}"
3918331,Andrew Wingard,S,22,118.32,118.32,17.0,888,888,888,171.2,1.54,"{""93"":0.005822533,""94"":0.070646738,""95"":1.166764735,""96"":0.079212655,""97"":0.037846467,""98"":0.005046196,""99"":0.968283534,""100"":1.936567068,""103"":0.04541576,""104"":0.025230978,""105"":0.076469271,""106"":0.121865623,""107"":18.4693988,""108"":31.69817603,""109"":50.16757483,""110"":16.0,""111"":10.0,""112"":0.719449279,""113"":5.024668667,""210"":17.0}"
4430841,Carson Beck,QB,22,35.28,35.28,4.0,333,451,451,169.52,1.54,"{""0"":66.27541918,""1"":40.75208415,""2"":25.52333503,""3"":448.3789655,""4"":2.507510731,""5"":89.0,""6"":44.0,""7"":22.0,""8"":17.0,""9"":8.0,""10"":4.0,""11"":8.0,""12"":4.0,""15"":0.344325543,""16"":0.225016742,""17"":0.299627477,""18"":0.040471816,""19"":0.136315466,""20"":1.503735862,""21"":0.614889874,""22"":112.0947414,""23"":6.552393862,""24"":29.23918688,""25"":0.279603522,""26"":0.014072765,""27"":5.0,""28"":2.0,""29"":1.0,""30"":1.0,""33"":1.0,""35"":0.012380599,""36"":0.008666419,""37"":0.018540086,""38"":0.000632702,""39"":4.462367113,""40"":7.30979672,""62"":0.150388231,""63"":0.00454,""64"":4.883500753,""65"":0.944652598,""66"":0.08698468,""68"":1.031637278,""69"":0.453433247,""70"":0.040012953,""72"":0.4934462,""73"":1.997182062,""210"":4.0,""211"":1.837557766}"
3052101,Chidobe Awuzie,CB,33,123.61,123.61,17.0,880,880,880,173.59,1.53,"{""93"":0.006100416,""94"":0.132603776,""95"":1.1893858,""96"":0.23714578,""97"":0.042702911,""98"":0.004495043,""99"":0.279930266,""100"":0.559860533,""103"":0.114623603,""104"":0.017980173,""105"":0.138704192,""106"":0.364839661,""107"":13.60286664,""108"":35.4404888,""109"":49.04335544,""110"":16.0,""111"":9.0,""112"":0.372535625,""113"":8.474223496,""210"":17.0}"
3122840,Deshaun Watson,QB,5,154.0,154.0,17.0,230,389,389,169.95,1.51,"{""0"":311.2492068,""1"":191.4781288,""2"":119.771078,""3"":2042.200211,""4"":8.383858688,""5"":408.0,""6"":204.0,""7"":102.0,""8"":81.0,""9"":40.0,""10"":20.0,""11"":38.0,""12"":19.0,""15"":1.417004696,""16"":0.926012569,""17"":1.109664232,""18"":0.149886542,""19"":0.605089798,""20"":7.026067717,""21"":0.615192343,""22"":120.1294242,""23"":42.01690791,""24"":211.0861238,""25"":0.961989818,""26"":0.058660094,""27"":42.0,""28"":21.0,""29"":10.0,""30"":8.0,""31"":4.0,""33"":8.0,""34"":4.0,""35"":0.079952413,""36"":0.055966689,""37"":0.187576935,""38"":0.006401281,""39"":5.023837648,""40"":12.41683081,""62"":0.663749892,""63"":0.024536913,""64"":30.92434075,""65"":4.966690699,""66"":0.609880534,""68"":5.576571232,""69"":2.384011535,""70"":0.280545045,""72"":2.664556581,""73"":9.690624297,""210"":17.0,""211"":12.46920662}"
4258194,Kwity Paye,DE,13,80.67,80.67,17.0,847,847,847,169.85,1.51,"{""93"":0.009911731,""94"":0.074287924,""95"":0.158138279,""96"":0.223373731,""97"":0.175107249,""98"":0.031837682,""99"":3.68565493,""100"":7.37130986,""103"":0.031837682,""104"":0.042450242,""105"":0.084199655,""106"":0.343651894,""107"":14.13494767,""108"":19.25705866,""109"":33.39200634,""110"":11.0,""111"":6.0,""112"":1.76449749,""113"":1.548096727,""210"":17.0}"
3116689,Cole Holcomb,LB,23,75.58,75.58,17.0,695,695,695,171.62,1.5,"{""93"":0.002568856,""94"":0.032110705,""95"":0.141738457,""96"":0.432800249,""97"":0.003853285,""98"":0.003853285,""99"":0.561765613,""100"":1.123531225,""103"":0.021835279,""104"":0.010275426,""105"":0.034679561,""106"":0.665846536,""107"":15.25736168,""108"":19.23860769,""109"":34.49596937,""110"":11.0,""111"":6.0,""112"":1.141678088,""113"":0.865399747,""210"":17.0}"
4362094,Joseph Ossai,DE,20,84.5,84.5,17.0,780,780,780,171.69,1.48,"{""93"":0.008032814,""94"":0.060205536,""95"":0.105611281,""96"":0.829605991,""97"":0.141913049,""98"":0.025802373,""99"":4.685665435,""100"":9.37133087,""103"":0.025802373,""104"":0.034403163,""105"":0.06823835,""106"":1.276316909,""107"":14.07363712,""108"":19.17353087,""109"":33.24716799,""110"":11.0,""111"":6.0,""112"":1.710961901,""113"":1.254160494,""210"":17.0}"
4839501,Zion Young,DE,33,72.41,72.41,17.0,893,893,893,170.46,1.48,"{""93"":0.00746315,""94"":0.055935932,""95"":0.12239574,""96"":0.369946273,""97"":0.131848984,""98"":0.023972542,""99"":3.420036171,""100"":6.840072341,""103"":0.023972542,""104"":0.03196339,""105"":0.063399082,""106"":0.569148113,""107"":12.49768549,""108"":17.0264983,""109"":29.52418379,""110"":9.0,""111"":5.0,""112"":1.206245011,""113"":1.514732153,""210"":17.0}"
-16020,Jets D/ST,DST,20,138.82,138.82,17.0,435,425,425,169.95,1.48,"{""89"":0.17,""90"":0.765,""91"":2.805,""92"":2.72,""93"":0.125300016,""94"":1.564269732,""95"":10.97469841,""96"":8.054208514,""97"":1.88461083,""98"":0.263503817,""99"":39.49495874,""100"":78.98991747,""101"":0.461370054,""102"":0.503976175,""103"":1.034996093,""104"":0.529273639,""105"":2.654915977,""106"":12.39109002,""109"":1059.350185,""110"":353.0,""111"":211.0,""112"":49.007743,""113"":63.30250208,""114"":1896.323363,""115"":346.1297044,""116"":189.0,""117"":75.0,""118"":34.0,""119"":13.0,""120"":371.418955,""121"":2.465,""122"":3.74,""123"":2.805,""124"":1.36,""125"":0.17,""126"":21.84817382,""127"":5906.956722,""129"":0.322806316,""130"":3.058165101,""131"":3.414951029,""132"":4.128522886,""133"":3.262042774,""134"":1.868878673,""135"":0.730561663,""136"":0.214071557,""137"":347.4680424,""210"":17.0}"
5093004,Keith Abney II,CB,8,30.75,30.75,17.0,1123,1122,1122,169.75,1.47,"{""93"":0.001576433,""94"":0.034266665,""95"":0.216128813,""96"":0.05754825,""97"":0.011035028,""98"":0.001161582,""99"":0.062859116,""100"":0.125718232,""103"":0.029620337,""104"":0.004646327,""105"":0.035843097,""106"":0.08853577,""107"":3.461513949,""108"":9.018521577,""109"":12.48003553,""110"":4.0,""111"":2.0,""112"":0.353951304,""113"":1.740572026,""210"":17.0}"
4372030,Christian Barmore,DT,17,80.34,80.34,17.0,881,881,881,169.82,1.46,"{""93"":0.003594857,""94"":0.031691501,""95"":0.02515512,""96"":0.090843688,""97"":0.240855408,""98"":0.019014901,""99"":3.563067319,""100"":7.126134637,""103"":0.0063383,""104"":0.025353201,""105"":0.035286358,""106"":0.13975952,""107"":18.56600475,""108"":17.39830201,""109"":35.96430676,""110"":11.0,""111"":7.0,""112"":1.762768285,""113"":0.652708615,""210"":17.0}"
5081927,R Mason Thomas,DE,12,81.6,81.6,17.0,837,837,837,170.85,1.45,"{""93"":0.008377733,""94"":0.062790688,""95"":0.138259639,""96"":0.41528191,""97"":0.148006621,""98"":0.026910295,""99"":3.99984017,""100"":7.99968034,""103"":0.026910295,""104"":0.035880393,""105"":0.071168421,""106"":0.638895246,""107"":14.02923363,""108"":19.11303681,""109"":33.14227044,""110"":11.0,""111"":6.0,""112"":1.193375776,""113"":1.700357341,""210"":17.0}"
4685266,Jaishawn Barham,LB,6,31.3,31.3,17.0,776,776,776,171.14,1.44,"{""93"":0.001074963,""94"":0.013437032,""95"":0.097577866,""96"":0.055842156,""97"":0.001612444,""98"":0.001612444,""99"":0.243145442,""100"":0.486290884,""103"":0.009137182,""104"":0.00429985,""105"":0.014511995,""106"":0.085911009,""107"":6.362703484,""108"":8.022983182,""109"":14.38568667,""110"":4.0,""111"":2.0,""112"":0.433403754,""113"":0.576689846,""210"":17.0}"
3910229,Rock Ya-Sin,CB,8,144.3,144.3,17.0,838,838,838,171.5,1.44,"{""93"":0.007356685,""94"":0.159911103,""95"":1.426692598,""96"":0.14513228,""97"":0.051496796,""98"":0.005420715,""99"":0.166822126,""100"":0.333644253,""103"":0.138228242,""104"":0.021682861,""105"":0.167267788,""106"":0.223280431,""107"":15.7754643,""108"":41.10090767,""109"":56.87637198,""110"":18.0,""111"":11.0,""112"":0.56996868,""113"":11.48972779,""210"":17.0}"
4242436,Theo Jackson,S,16,142.4,142.4,17.0,846,846,846,171.15,1.44,"{""93"":0.007190727,""94"":0.087247483,""95"":0.612533042,""96"":0.570274871,""97"":0.046739723,""98"":0.006231963,""99"":0.491654503,""100"":0.983309007,""103"":0.056087667,""104"":0.031159815,""105"":0.094438209,""106"":0.877345955,""107"":23.19706809,""108"":39.81205646,""109"":63.00912456,""110"":21.0,""111"":12.0,""112"":2.602388879,""113"":1.994794922,""210"":17.0}"
3916945,Darius Slayton,WR,19,84.56,84.56,17.0,401,391,391,170.18,1.43,"{""23"":2.226084336,""24"":12.26150397,""25"":0.076564815,""26"":0.003216081,""27"":2.0,""28"":1.0,""35"":0.004087386,""36"":0.00286117,""37"":0.000299557,""38"":1.02227e-05,""39"":5.508103972,""40"":0.72126494,""42"":394.1785595,""43"":1.830742168,""44"":0.097852735,""45"":0.258319974,""46"":0.168812103,""47"":78.0,""48"":39.0,""49"":19.0,""50"":15.0,""51"":7.0,""53"":28.50743218,""56"":0.214940389,""57"":0.006647641,""58"":45.56260729,""60"":13.82722081,""61"":23.18697409,""62"":0.101068816,""63"":0.002704549,""66"":0.044521687,""67"":0.570148644,""68"":0.61467033,""70"":0.020479976,""71"":0.31928324,""72"":0.339763216,""73"":0.339763216,""210"":17.0,""211"":2.678324289,""212"":16.96659136}"
4685461,Derrick Moore,DE,8,49.07,49.07,17.0,1004,1004,1004,170.31,1.42,"{""93"":0.005033599,""94"":0.037726571,""95"":0.073033244,""96"":0.249514111,""97"":0.088926918,""98"":0.016168531,""99"":2.4385388,""100"":4.8770776,""103"":0.016168531,""104"":0.021558041,""105"":0.04276017,""106"":0.383867863,""107"":8.429193936,""108"":11.48369884,""109"":19.91289277,""110"":6.0,""111"":3.0,""112"":0.68170465,""113"":1.021626852,""210"":17.0}"
4833355,Nic Scourton,DE,29,0,0.0,,2489,2491,2489,170.0,1.42,{}
4869645,Caleb Douglas,WR,15,84.33,84.33,17.0,354,333,333,170.33,1.38,"{""42"":405.8875287,""43"":1.506792276,""44"":0.078912928,""45"":0.193216444,""46"":0.126266946,""47"":81.0,""48"":40.0,""49"":20.0,""50"":16.0,""51"":8.0,""53"":31.20614203,""56"":0.229716529,""57"":0.007104635,""58"":50.29705404,""60"":13.00665518,""61"":23.87573698,""62"":0.078912928,""63"":0.002502375,""67"":0.568721522,""68"":0.568721522,""71"":0.318484052,""72"":0.318484052,""73"":0.318484052,""210"":17.0,""212"":17.77213561}"
4361939,Andre Cisco,S,20,172.68,172.68,17.0,812,812,812,171.09,1.37,"{""93"":0.009844068,""94"":0.119441364,""95"":0.856677401,""96"":0.215076723,""97"":0.063986445,""98"":0.008531526,""99"":0.663395445,""100"":1.326790889,""103"":0.076783734,""104"":0.04265763,""105"":0.129285432,""106"":0.330887265,""107"":28.30244624,""108"":48.57418115,""109"":76.87662739,""110"":25.0,""111"":15.0,""112"":1.139484104,""113"":3.001891766,""210"":17.0}"
4880273,Kyle Louis,LB,15,37.57,37.57,17.0,758,758,758,170.93,1.37,"{""93"":0.001297211,""94"":0.016215135,""95"":0.103742298,""96"":0.067387505,""97"":0.001945816,""98"":0.001945816,""99"":0.257905938,""100"":0.515811876,""103"":0.011026292,""104"":0.005188843,""105"":0.017512345,""106"":0.103673085,""107"":7.678190584,""108"":9.681732628,""109"":17.35992321,""110"":5.0,""111"":3.0,""112"":0.558519608,""113"":0.600401832,""210"":17.0}"
4682745,Jaylen Wright,RB,15,46.23,46.23,17.0,322,329,329,170.28,1.36,"{""23"":55.82622574,""24"":233.0632597,""25"":1.071369502,""26"":0.040649134,""27"":46.0,""28"":23.0,""29"":11.0,""30"":9.0,""31"":4.0,""33"":11.0,""34"":5.0,""35"":0.105491598,""36"":0.073844118,""37"":0.139,""38"":0.00473,""39"":4.17479879,""40"":13.70960351,""42"":55.96190372,""43"":0.193250586,""44"":0.010133121,""45"":0.042231547,""46"":0.027598316,""47"":11.0,""48"":5.0,""49"":2.0,""50"":2.0,""51"":1.0,""53"":7.472471665,""56"":0.027844875,""57"":0.000861182,""58"":10.05941081,""60"":7.4890754,""61"":3.29187669,""62"":0.050782255,""63"":0.004393813,""66"":0.880708871,""67"":0.117884955,""68"":0.998593826,""70"":0.405126081,""71"":0.066015575,""72"":0.471141655,""73"":0.471141655,""101"":0.020968969,""114"":187.2745866,""116"":18.0,""117"":7.0,""210"":17.0,""211"":14.13177451,""212"":2.17574551}"
3894915,D.J. Jones,DT,7,101.84,101.84,17.0,804,804,804,172.12,1.35,"{""93"":0.002796512,""94"":0.024653465,""95"":0.017256729,""96"":0.315166214,""97"":0.187366333,""98"":0.014792079,""99"":2.78688398,""100"":5.57376796,""103"":0.004930693,""104"":0.019722772,""105"":0.027449977,""106"":0.484871098,""107"":24.40286408,""108"":22.86805399,""109"":47.27091806,""110"":15.0,""111"":9.0,""112"":2.690694985,""113"":0.443115409,""210"":17.0}"
3139368,Marcus Epps,S,21,147.11,147.11,17.0,844,844,844,172.4,1.34,"{""93"":0.00925448,""94"":0.11228769,""95"":0.48349685,""96"":0.323985563,""97"":0.060154119,""98"":0.008020549,""99"":0.055779636,""100"":0.111559272,""103"":0.072184943,""104"":0.040102746,""105"":0.121542169,""106"":0.498439327,""107"":24.41001368,""108"":41.89377894,""109"":66.30379261,""110"":22.0,""111"":13.0,""112"":3.45917781,""113"":1.858420759,""210"":17.0}"
4360378,Quan Martin,S,28,101.36,101.36,17.0,915,915,915,171.86,1.34,"{""93"":0.004653848,""94"":0.056466689,""95"":0.473976213,""96"":0.283944299,""97"":0.030250012,""98"":0.004033335,""99"":0.099450534,""100"":0.198901068,""103"":0.036300014,""104"":0.020166675,""105"":0.061120537,""106"":0.436837383,""107"":16.61222071,""108"":28.51078706,""109"":45.12300776,""110"":15.0,""111"":9.0,""112"":0.567929169,""113"":1.816564576,""210"":17.0}"
5118340,D'Angelo Ponds,CB,20,94.5,94.5,17.0,910,910,910,171.31,1.34,"{""93"":0.004738938,""94"":0.10300955,""95"":0.93056846,""96"":0.172996683,""97"":0.033172567,""98"":0.00349,""99"":0.226358852,""100"":0.452717704,""103"":0.089042154,""104"":0.013967397,""105"":0.107748488,""106"":0.266148743,""107"":10.40571051,""108"":27.11071691,""109"":37.51642741,""110"":12.0,""111"":7.0,""112"":1.026621383,""113"":6.362074616,""210"":17.0}"
4431194,Billy Bowman Jr.,CB,1,126.06,126.06,13.0,739,739,739,173.02,1.34,"{""93"":0.006062577,""94"":0.131781269,""95"":0.75736607,""96"":0.5971853,""97"":0.042438036,""98"":0.004467162,""99"":0.88078446,""100"":1.761568921,""103"":0.113912622,""104"":0.017868647,""105"":0.137843845,""106"":0.918746616,""107"":14.01956642,""108"":36.52614553,""109"":50.54571195,""110"":16.0,""111"":10.0,""112"":1.160276642,""113"":6.050037222,""210"":13.0}"
4870893,Kayden McDonald,DT,34,59.44,59.44,17.0,996,996,996,170.19,1.32,"{""93"":0.002015242,""94"":0.017765949,""95"":0.039459622,""96"":0.125617693,""97"":0.13502121,""98"":0.010659569,""99"":1.575066114,""100"":3.150132228,""103"":0.00355319,""104"":0.014212759,""105"":0.019781191,""106"":0.19325799,""107"":14.06707816,""108"":13.18233392,""109"":27.24941208,""110"":9.0,""111"":5.0,""112"":1.185016141,""113"":1.138844973,""210"":17.0}"
-16028,Commanders D/ST,DST,28,128.08,128.08,17.0,513,513,513,169.52,1.32,"{""89"":0.048387097,""90"":0.212224109,""91"":1.256366723,""92"":1.833616299,""93"":0.123299543,""94"":1.561348536,""95"":11.20495854,""96"":9.80197552,""97"":1.896509709,""98"":0.258081181,""99"":42.27793668,""100"":84.55587336,""101"":0.17278507,""102"":0.478023798,""103"":1.038878672,""104"":0.522469863,""105"":2.335456946,""106"":15.07996234,""109"":995.0619715,""110"":331.0,""111"":199.0,""112"":46.19732352,""113"":75.20391019,""114"":2037.104765,""115"":302.9789169,""116"":203.0,""117"":81.0,""118"":30.0,""119"":12.0,""120"":440.6238838,""121"":2.46179966,""122"":4.507640068,""123"":4.015280136,""124"":2.351443124,""125"":0.313242784,""126"":25.91905199,""127"":6141.013897,""129"":0.09331803,""130"":1.527022307,""131"":2.875892011,""132"":4.428364689,""133"":4.097509856,""134"":2.62987175,""135"":1.034981786,""136"":0.313039573,""137"":361.2361116,""210"":17.0}"
4431574,Eli Stowers,TE,21,38.77,38.77,17.0,460,460,460,169.91,1.3,"{""23"":4.625509849,""24"":19.9166179,""25"":0.172354623,""26"":0.005162878,""27"":3.0,""28"":1.0,""35"":0.008504123,""36"":0.005952886,""37"":0.000880228,""38"":3e-05,""39"":4.305821098,""40"":1.171565759,""42"":142.8908763,""43"":1.026826852,""44"":0.046026422,""45"":0.125889676,""46"":0.082268904,""47"":28.0,""48"":14.0,""49"":7.0,""50"":5.0,""51"":2.0,""53"":14.30983006,""56"":0.056262907,""57"":0.00174009,""58"":19.65514266,""60"":9.985504768,""61"":8.405345663,""62"":0.0511893,""63"":0.001018853,""66"":0.056564695,""67"":0.174992854,""68"":0.231557549,""70"":0.02601976,""71"":0.097995998,""72"":0.124015758,""73"":0.124015758,""210"":17.0,""211"":3.15398589,""212"":6.472227411}"
3125114,Poona Ford,DT,14,92.39,92.39,17.0,851,851,851,171.18,1.28,"{""93"":0.002741664,""94"":0.024169934,""95"":0.015168774,""96"":0.076091336,""97"":0.183691496,""98"":0.01450196,""99"":2.645091451,""100"":5.290182902,""103"":0.004833987,""104"":0.019335947,""105"":0.026911598,""106"":0.117063593,""107"":22.3281219,""108"":20.92380204,""109"":43.25192394,""110"":14.0,""111"":8.0,""112"":2.631984513,""113"":0.353004312,""210"":17.0}"
4870988,Avieon Terrell,CB,1,62.29,62.29,17.0,957,957,957,171.63,1.28,"{""93"":0.003140252,""94"":0.068259158,""95"":0.519921501,""96"":0.11463605,""97"":0.021981763,""98"":0.00231387,""99"":0.133369202,""100"":0.266738404,""103"":0.059003679,""104"":0.009255479,""105"":0.07139941,""106"":0.176363153,""107"":6.895331889,""108"":17.96488483,""109"":24.86021672,""110"":8.0,""111"":4.0,""112"":0.696916685,""113"":4.215821298,""210"":17.0}"
4240459,Josh Blackwell,CB,3,19.53,19.53,17.0,1188,1188,1188,169.33,1.28,"{""93"":0.000947127,""94"":0.020587545,""95"":0.157468005,""96"":0.084272503,""97"":0.006629887,""98"":0.000697883,""99"":0.063262461,""100"":0.126524921,""101"":0.044463125,""103"":0.017796014,""104"":0.002791532,""105"":0.065997797,""106"":0.129650005,""107"":2.104988107,""108"":5.484271028,""109"":7.589259135,""110"":2.0,""111"":1.0,""112"":0.220488002,""113"":1.267299001,""114"":475.295473,""116"":47.0,""117"":19.0,""210"":17.0}"
4249087,Matt Gay,K,13,143.76,143.76,17.0,497,497,497,169.41,1.28,"{""74"":5.484212677,""75"":8.190975217,""76"":2.70676254,""77"":7.306755345,""78"":9.361114534,""79"":2.05435919,""80"":15.74306204,""81"":16.86377251,""82"":1.120710464,""83"":28.53403006,""84"":34.41586226,""85"":5.881832194,""86"":27.1892658,""87"":29.03150922,""88"":1.842243416,""198"":5.484212677,""199"":8.190975217,""200"":2.70676254,""210"":17.0,""214"":1097.243336,""215"":272.2326546,""216"":1369.475991}"
4430925,Jahdae Barron,CB,7,92.74,92.74,17.0,911,911,911,171.8,1.28,"{""93"":0.00419013,""94"":0.091080205,""95"":0.848394432,""96"":0.142420263,""97"":0.029330913,""98"":0.003087465,""99"":0.360331001,""100"":0.720662001,""103"":0.078730346,""104"":0.012349858,""105"":0.095270335,""106"":0.219108097,""107"":10.19296448,""108"":26.55643498,""109"":36.74939946,""110"":12.0,""111"":7.0,""112"":0.616364133,""113"":6.508454239,""210"":17.0}"
4243328,Elijah Molden,S,24,154.23,154.23,17.0,852,852,852,171.82,1.27,"{""93"":0.007522173,""94"":0.091269035,""95"":0.533804561,""96"":0.164650601,""97"":0.048894126,""98"":0.006519217,""99"":0.043900395,""100"":0.08780079,""103"":0.058672951,""104"":0.032596084,""105"":0.098791209,""106"":0.253308617,""107"":25.72611984,""108"":44.15255116,""109"":69.87867101,""110"":23.0,""111"":13.0,""112"":0.720365414,""113"":2.122609298,""210"":17.0}"
4038946,Troy Dye,LB,24,76.83,76.83,17.0,689,689,689,171.06,1.27,"{""93"":0.002686025,""94"":0.033575307,""95"":0.314120317,""96"":0.085960807,""97"":0.004029037,""98"":0.004029037,""99"":0.657079804,""100"":1.314159609,""103"":0.022831209,""104"":0.010744098,""105"":0.036261331,""106"":0.132247396,""107"":15.47139968,""108"":19.50849663,""109"":34.97989631,""110"":11.0,""111"":6.0,""112"":1.893306513,""113"":1.969546233,""210"":17.0}"
4432777,Jeremiah Trotter Jr.,LB,21,22.79,22.79,17.0,797,797,797,171.2,1.27,"{""93"":0.000751796,""94"":0.009397451,""95"":0.052243985,""96"":0.045401683,""97"":0.001127694,""98"":0.001127694,""99"":0.137676533,""100"":0.275353065,""103"":0.006390267,""104"":0.003007184,""105"":0.010149247,""106"":0.069848743,""107"":4.678261252,""108"":5.899003692,""109"":10.57726494,""110"":3.0,""111"":2.0,""112"":0.442273726,""113"":0.316642396,""210"":17.0}"
4710752,Cashius Howell,DE,4,51.8,51.8,17.0,988,988,988,170.33,1.26,"{""93"":0.005230941,""94"":0.039205642,""95"":0.080923558,""96"":0.259296316,""97"":0.0924133,""98"":0.016802418,""99"":2.927489969,""100"":5.854979938,""103"":0.016802418,""104"":0.022403224,""105"":0.044436584,""106"":0.39891741,""107"":8.759660637,""108"":11.93391746,""109"":20.69357809,""110"":6.0,""111"":4.0,""112"":0.315082682,""113"":1.061679751,""210"":17.0}"
4569559,Devaughn Vele,WR,18,62.96,62.96,17.0,979,979,979,170.69,1.26,"{""42"":257.6741563,""43"":1.67775301,""44"":0.087703287,""45"":0.08970636,""46"":0.058623106,""47"":51.0,""48"":25.0,""49"":12.0,""50"":10.0,""51"":5.0,""53"":25.15423532,""56"":0.099752561,""57"":0.003085131,""58"":38.31871583,""60"":10.24376822,""61"":15.15730331,""62"":0.087703287,""63"":0.001613665,""67"":0.366742034,""68"":0.366742034,""71"":0.205375539,""72"":0.205375539,""73"":0.205375539,""210"":17.0,""212"":12.3754715}"
4574689,Trey Amos,CB,28,115.92,115.92,17.0,886,886,886,171.85,1.25,"{""93"":0.006347698,""94"":0.137978917,""95"":1.095353781,""96"":0.167844103,""97"":0.044433889,""98"":0.004677251,""99"":0.026419432,""100"":0.052838865,""103"":0.119269912,""104"":0.018709006,""105"":0.144326616,""106"":0.258221697,""107"":12.81135695,""108"":33.37831389,""109"":46.18967084,""110"":15.0,""111"":9.0,""112"":1.633583587,""113"":8.190707488,""210"":17.0}"
4832846,Demond Claiborne,RB,16,25.15,25.15,17.0,320,325,325,170.34,1.25,"{""23"":26.32105364,""24"":110.1261512,""25"":0.781777105,""26"":0.044363557,""27"":22.0,""28"":11.0,""29"":5.0,""30"":4.0,""31"":2.0,""33"":5.0,""34"":2.0,""35"":0.048963177,""36"":0.034274224,""37"":0.030638191,""38"":0.00105,""39"":4.183956792,""40"":6.478008892,""42"":29.43970317,""43"":0.166915221,""44"":0.009800689,""45"":0.038307873,""46"":0.025034195,""47"":5.0,""48"":2.0,""49"":1.0,""50"":1.0,""53"":4.500462417,""56"":0.01612872,""57"":0.000498826,""58"":5.530707173,""60"":6.541484063,""61"":1.731747245,""62"":0.054164246,""63"":0.001160368,""66"":0.225212495,""67"":0.038507591,""68"":0.263720086,""70"":0.103597748,""71"":0.021564251,""72"":0.125161999,""73"":0.125161999,""210"":17.0,""211"":7.972338712,""212"":0.756179388}"
4428988,Bryan Bresee,DT,18,0,0.0,,2205,2210,2205,170.0,1.25,{}
4430262,Bud Clark,S,26,54.4,54.4,17.0,1032,1031,1031,171.96,1.24,"{""93"":0.002657223,""94"":0.032240973,""95"":0.420241787,""96"":0.089170471,""97"":0.01727195,""98"":0.002302927,""99"":0.140020519,""100"":0.280041038,""103"":0.02072634,""104"":0.011514633,""105"":0.034898196,""106"":0.137185341,""107"":8.692396654,""108"":14.91835886,""109"":23.61075552,""110"":7.0,""111"":4.0,""112"":0.469022979,""113"":1.867591414,""210"":17.0}"
3124679,Jason Sanders,K,20,151.12,151.12,17.0,504,504,504,169.8,1.22,"{""74"":5.531310338,""75"":7.7121996,""76"":2.180889262,""77"":7.299845135,""78"":8.8139424,""79"":1.514097265,""80"":15.57979918,""81"":15.878058,""82"":0.298258817,""83"":28.41095466,""84"":32.4042,""85"":3.993245344,""86"":28.73697466,""87"":29.32344353,""88"":0.586468871,""198"":5.531310338,""199"":7.7121996,""200"":2.180889262,""210"":17.0,""214"":1094.577765,""215"":194.8501616,""216"":1289.427926}"
4685562,Shemar Stewart,DE,4,69.8,69.8,17.0,897,897,897,170.32,1.22,"{""93"":0.00840687,""94"":0.063009068,""95"":0.020910762,""96"":0.416163079,""97"":0.148521374,""98"":0.027003886,""99"":3.164214575,""100"":6.328429149,""103"":0.027003886,""104"":0.036005182,""105"":0.071415938,""106"":0.640250891,""107"":12.32449195,""108"":16.79054425,""109"":29.1150362,""110"":9.0,""111"":5.0,""112"":2.367074884,""113"":0.274339547,""210"":17.0}"
4612387,Felix Anudike-Uzomah,DE,12,78.18,78.18,17.0,831,831,831,170.65,1.22,"{""93"":0.007446874,""94"":0.055813945,""95"":0.086971812,""96"":0.680243414,""97"":0.131561441,""98"":0.023920262,""99"":3.201573565,""100"":6.40314713,""103"":0.023920262,""104"":0.031893683,""105"":0.063260819,""106"":1.04652833,""107"":13.58984341,""108"":18.51442381,""109"":32.10426721,""110"":10.0,""111"":6.0,""112"":3.792315827,""113"":1.069604703,""210"":17.0}"
4921249,Colton Hood,CB,19,69.3,69.3,17.0,953,953,953,171.57,1.21,"{""93"":0.00348709,""94"":0.075798321,""95"":0.6158935,""96"":0.127297499,""97"":0.024409629,""98"":0.002569435,""99"":0.15025127,""100"":0.30050254,""103"":0.065520583,""104"":0.010277738,""105"":0.079285411,""106"":0.195842306,""107"":7.65691515,""108"":19.94909034,""109"":27.60600549,""110"":9.0,""111"":5.0,""112"":0.771738953,""113"":4.681455003,""210"":17.0}"
4433970,J.J. McCarthy,QB,16,50.35,50.35,17.0,310,448,448,169.62,1.21,"{""0"":85.75288428,""1"":54.51164698,""2"":31.24123731,""3"":598.8176588,""4"":3.351631035,""5"":119.0,""6"":59.0,""7"":29.0,""8"":23.0,""9"":11.0,""10"":5.0,""11"":10.0,""12"":5.0,""15"":0.429704705,""16"":0.280812025,""17"":0.525831645,""18"":0.071026068,""19"":0.194436753,""20"":2.259473282,""21"":0.635682956,""22"":35.22456816,""23"":9.841523299,""24"":43.8480319,""25"":0.631045428,""26"":0.035866005,""27"":8.0,""28"":4.0,""29"":2.0,""30"":1.0,""33"":1.0,""35"":0.018682046,""36"":0.013077432,""37"":0.032162525,""38"":0.0011,""39"":4.455411075,""40"":2.579295994,""62"":0.230302758,""63"":0.007359306,""64"":6.331791332,""65"":1.51107389,""66"":0.161495589,""68"":1.672569478,""69"":0.725315467,""70"":0.074287971,""72"":0.799603438,""73"":3.05907672,""210"":17.0,""211"":4.620882028}"
4896353,Jimmy Rolder,LB,8,40.38,40.38,17.0,746,746,746,170.69,1.2,"{""93"":0.001394937,""94"":0.017436715,""95"":0.099196675,""96"":0.072464196,""97"":0.002092406,""98"":0.002092406,""99"":0.287883048,""100"":0.575766097,""103"":0.011856966,""104"":0.005579749,""105"":0.018831652,""106"":0.111483378,""107"":8.256633059,""108"":10.41111351,""109"":18.66774656,""110"":6.0,""111"":3.0,""112"":0.590048553,""113"":0.645633572,""210"":17.0}"
4242521,K.J. Britt,LB,17,118.99,118.99,17.0,668,668,668,170.6,1.2,"{""93"":0.004081626,""94"":0.051020323,""95"":0.210495874,""96"":0.115427519,""97"":0.006122439,""98"":0.006122439,""99"":0.520374477,""100"":1.040748955,""103"":0.03469382,""104"":0.016326503,""105"":0.055101949,""106"":0.177580798,""107"":24.7447458,""108"":31.20162363,""109"":55.94636943,""110"":18.0,""111"":11.0,""112"":1.553376723,""113"":1.318766361,""210"":17.0}"
4430280,Ivan Pace Jr.,LB,16,10.53,10.53,17.0,1313,1312,1312,169.99,1.17,"{""93"":0.00032303,""94"":0.00403787,""95"":0.011057532,""96"":0.014212143,""97"":0.000484544,""98"":0.000484544,""99"":0.126622715,""100"":0.253245431,""103"":0.002745752,""104"":0.001292118,""105"":0.0043609,""106"":0.021864835,""107"":2.16877614,""108"":2.734695171,""109"":4.903471311,""110"":1.0,""112"":0.125582031,""113"":0.056781818,""210"":17.0}"
4682648,Malachi Fields,WR,19,35.22,35.22,17.0,1040,1039,1039,169.89,1.16,"{""42"":157.4599142,""43"":0.885551431,""44"":0.047340694,""45"":0.168729332,""46"":0.110264618,""47"":31.0,""48"":15.0,""49"":7.0,""50"":6.0,""51"":3.0,""53"":13.2067371,""56"":0.060627771,""57"":0.001875086,""58"":20.25004768,""60"":11.9226962,""61"":9.262347893,""62"":0.047340694,""63"":0.001059029,""67"":0.240688375,""68"":0.240688375,""71"":0.13478549,""72"":0.13478549,""73"":0.13478549,""210"":17.0,""212"":6.564783354}"
4711533,Ollie Gordon II,RB,15,37.0,37.0,17.0,323,330,330,170.32,1.16,"{""23"":49.38473816,""24"":202.7906212,""25"":1.210511868,""26"":0.045928374,""27"":40.0,""28"":20.0,""29"":10.0,""30"":8.0,""31"":4.0,""33"":9.0,""34"":4.0,""35"":0.093001887,""36"":0.065101321,""37"":0.104793233,""38"":0.00358,""39"":4.106341934,""40"":11.92886007,""42"":27.75530691,""43"":0.122117347,""44"":0.006404719,""45"":0.041236336,""46"":0.026947945,""47"":5.0,""48"":2.0,""49"":1.0,""50"":1.0,""53"":3.938293671,""56"":0.015302843,""57"":0.000473284,""58"":5.029705404,""60"":7.047546281,""61"":1.632665113,""62"":0.052333094,""63"":0.00161,""66"":0.338043006,""67"":0.026957977,""68"":0.365000983,""70"":0.155499783,""71"":0.015096467,""72"":0.17059625,""73"":0.17059625,""210"":17.0,""211"":12.82199915,""212"":0.563275002}"
3120464,John Franklin-Myers,DE,10,86.75,86.75,17.0,750,750,750,172.55,1.16,"{""93"":0.010677368,""94"":0.080026335,""95"":0.036208553,""96"":0.214570611,""97"":0.188633504,""98"":0.034297001,""99"":6.724417081,""100"":13.44883416,""103"":0.034297001,""104"":0.045729334,""105"":0.090703703,""106"":0.330108632,""107"":14.41227601,""108"":19.63488306,""109"":34.04715907,""110"":11.0,""111"":6.0,""112"":0.589952193,""113"":0.52117793,""210"":17.0}"
4259252,James Pierre,CB,16,137.85,137.85,17.0,830,830,830,171.06,1.15,"{""93"":0.00632769,""94"":0.137543989,""95"":2.421753366,""96"":0.17381535,""97"":0.044293827,""98"":0.004662508,""99"":0.028992512,""100"":0.057985024,""103"":0.118893957,""104"":0.018650032,""105"":0.143871679,""106"":0.267408231,""107"":14.14949448,""108"":36.86465609,""109"":51.01415057,""110"":17.0,""111"":10.0,""112"":1.666299874,""113"":15.38761655,""210"":17.0}"
4218312,Kenny Moore II,CB,0,0,0.0,,1714,1713,1713,170.0,1.15,{}
5157289,Jermod McCoy,CB,13,58.15,58.15,17.0,963,963,963,171.02,1.15,"{""93"":0.002951895,""94"":0.06416488,""95"":0.578294208,""96"":0.107760023,""97"":0.020663267,""98"":0.002175081,""99"":0.136795886,""100"":0.273591771,""103"":0.055464558,""104"":0.008700323,""105"":0.067116776,""106"":0.16578465,""107"":6.481740454,""108"":16.88732647,""109"":23.36906692,""110"":7.0,""111"":4.0,""112"":0.643688318,""113"":3.259249069,""210"":17.0}"
3115312,Jarran Reed,DT,26,77.43,77.43,17.0,916,916,916,170.91,1.14,"{""93"":0.002524089,""94"":0.02225184,""95"":0.014009662,""96"":0.175175291,""97"":0.169113982,""98"":0.013351104,""99"":2.148270024,""100"":4.296540048,""103"":0.004450368,""104"":0.017801472,""105"":0.024775929,""106"":0.269500447,""107"":18.5750089,""108"":17.40673983,""109"":35.98174873,""110"":11.0,""111"":7.0,""112"":1.503773376,""113"":0.406594334,""210"":17.0}"
4361776,Brenton Cox Jr.,DE,9,78.93,78.93,17.0,798,798,798,172.03,1.13,"{""93"":0.007927022,""94"":0.059412627,""95"":0.052943982,""96"":0.893594398,""97"":0.140044049,""98"":0.025462554,""99"":4.690606787,""100"":9.381213573,""103"":0.025462554,""104"":0.033950073,""105"":0.067339649,""106"":1.374760613,""107"":13.03427618,""108"":17.75753451,""109"":30.79181069,""110"":10.0,""111"":6.0,""112"":2.131918013,""113"":0.650764949,""210"":17.0}"
4595343,Kendal Daniels,LB,1,59.31,59.31,17.0,725,725,725,171.08,1.13,"{""93"":0.002050656,""94"":0.025633199,""95"":0.145897994,""96"":0.106527473,""97"":0.003075984,""98"":0.003075984,""99"":0.393523962,""100"":0.787047925,""103"":0.017430575,""104"":0.008202624,""105"":0.027683855,""106"":0.16388842,""107"":12.13783232,""108"":15.30507037,""109"":27.44290268,""110"":9.0,""111"":5.0,""112"":0.897097346,""113"":0.949126839,""210"":17.0}"
4567226,Derick Hall,DE,26,92.62,92.62,17.0,762,762,762,172.09,1.13,"{""93"":0.009317808,""94"":0.069836498,""95"":0.079736504,""96"":0.686557203,""97"":0.164614603,""98"":0.029929928,""99"":4.619495128,""100"":9.238990255,""103"":0.029929928,""104"":0.03990657,""105"":0.079154306,""106"":1.05624185,""107"":15.89036681,""108"":21.64859276,""109"":37.53895957,""110"":12.0,""111"":7.0,""112"":1.196022827,""113"":1.200894653,""210"":17.0}"
4870886,TJ Parker,DE,2,31.15,31.15,17.0,1075,1074,1074,170.39,1.13,"{""93"":0.003183982,""94"":0.023863786,""95"":0.052545351,""96"":0.157829113,""97"":0.056250352,""98"":0.010227337,""99"":1.590643071,""100"":3.181286142,""103"":0.010227337,""104"":0.013636449,""105"":0.027047768,""106"":0.24281402,""107"":5.331851559,""108"":7.263965927,""109"":12.59581749,""110"":4.0,""111"":2.0,""112"":0.383053944,""113"":0.646225815,""210"":17.0}"
2980100,Dante Fowler Jr.,DE,26,51.95,51.95,17.0,932,932,932,172.07,1.13,"{""93"":0.005963397,""94"":0.044695359,""95"":0.048801318,""96"":0.386424681,""97"":0.105353346,""98"":0.019155154,""99"":3.602330712,""100"":7.204661425,""103"":0.019155154,""104"":0.025540205,""105"":0.050658756,""106"":0.59449951,""107"":8.470870396,""108"":11.54047768,""109"":20.01134808,""110"":6.0,""111"":4.0,""112"":1.96615148,""113"":0.734986357,""210"":17.0}"
4242659,Dayo Odeyingbo,DE,3,100.4,100.4,17.0,690,690,690,171.87,1.13,"{""93"":0.012134159,""94"":0.090944912,""95"":0.108893259,""96"":0.741551095,""97"":0.214370151,""98"":0.038976391,""99"":4.708378108,""100"":9.416756216,""103"":0.038976391,""104"":0.051968521,""105"":0.103079072,""106"":1.140847839,""107"":17.2528807,""108"":23.5048437,""109"":40.7577244,""110"":13.0,""111"":8.0,""112"":2.278924995,""113"":1.522229517,""210"":17.0}"
4361266,Greg Newsome II,CB,19,117.4,117.4,17.0,884,884,884,171.59,1.12,"{""93"":0.006340163,""94"":0.137815129,""95"":1.045483081,""96"":0.09383108,""97"":0.044381143,""98"":0.004671699,""99"":0.025896196,""100"":0.051792392,""103"":0.119128332,""104"":0.018686797,""105"":0.144155293,""106"":0.144355508,""107"":13.08725346,""108"":34.09712612,""109"":47.18437957,""110"":15.0,""111"":9.0,""112"":1.735844548,""113"":7.946799241,""210"":17.0}"
4831989,Deone Walker,DT,2,92.91,92.91,17.0,839,839,839,170.78,1.11,"{""93"":0.002931389,""94"":0.025842512,""95"":0.003425713,""96"":0.119758722,""97"":0.19640309,""98"":0.015505507,""99"":2.214413515,""100"":4.428827031,""103"":0.005168502,""104"":0.020674009,""105"":0.028773901,""106"":0.184244188,""107"":22.70621768,""108"":21.2781176,""109"":43.98433529,""110"":14.0,""111"":8.0,""112"":4.650820327,""113"":0.081187091,""210"":17.0}"
4685502,Harold Perkins Jr.,LB,1,0,0.0,,2599,2596,2599,170.07,1.1,{}
4837286,Wade Woodaz,LB,34,55.69,55.69,17.0,734,734,734,171.11,1.1,"{""93"":0.001926838,""94"":0.024085473,""95"":0.127977495,""96"":0.100095372,""97"":0.002890257,""98"":0.002890257,""99"":0.365867713,""100"":0.731735426,""103"":0.016378122,""104"":0.007707351,""105"":0.026012311,""106"":0.15399288,""107"":11.40495317,""108"":14.38095421,""109"":25.78590738,""110"":8.0,""111"":5.0,""112"":0.846826218,""113"":0.891818808,""210"":17.0}"
4430822,Noah Sewell,LB,3,0,0.0,,2234,2239,2234,170.0,1.1,{}
4837244,Gabe Jacas,DE,17,59.67,59.67,17.0,948,948,948,169.86,1.09,"{""93"":0.006158389,""94"":0.046156813,""95"":0.092826887,""96"":0.305269624,""97"":0.108798203,""98"":0.019781491,""99"":2.793939462,""100"":5.587878924,""103"":0.019781491,""104"":0.026375322,""105"":0.052315202,""106"":0.469645575,""107"":10.31275084,""108"":14.04980426,""109"":24.3625551,""110"":8.0,""111"":4.0,""112"":1.0235422,""113"":1.249915859,""210"":17.0}"
5095865,Shavon Revel Jr.,CB,6,90.98,90.98,17.0,923,923,923,171.8,1.09,"{""93"":0.004106112,""94"":0.089253908,""95"":0.628655474,""96"":0.141792691,""97"":0.028742784,""98"":0.003025556,""99"":0.022330562,""100"":0.044661125,""103"":0.077151683,""104"":0.012102225,""105"":0.09336002,""106"":0.218142601,""107"":10.38043323,""108"":27.04486026,""109"":37.42529349,""110"":12.0,""111"":7.0,""112"":1.358342412,""113"":4.59720669,""210"":17.0}"
4371973,Roger McCreary,CB,8,135.98,135.98,17.0,848,848,848,171.48,1.09,"{""93"":0.005780253,""94"":0.125644438,""95"":0.630551752,""96"":0.167303731,""97"":0.040461768,""98"":0.004259133,""99"":0.622600086,""100"":1.245200173,""103"":0.108607904,""104"":0.017036534,""105"":0.131424691,""106"":0.257390355,""107"":15.73998602,""108"":41.00847365,""109"":56.74845967,""110"":18.0,""111"":11.0,""112"":3.427067166,""113"":5.078086192,""210"":17.0}"
5076652,Brandon Cisse,CB,9,29.45,29.45,17.0,1125,1124,1124,169.77,1.09,"{""93"":0.001479903,""94"":0.032168425,""95"":0.277775016,""96"":0.054024417,""97"":0.010359323,""98"":0.001090455,""99"":0.061502398,""100"":0.123004795,""103"":0.027806605,""104"":0.00436182,""105"":0.033648329,""106"":0.083114487,""107"":3.24955617,""108"":8.466293324,""109"":11.71584949,""110"":3.0,""111"":2.0,""112"":0.329785603,""113"":1.986785891,""210"":17.0}"
4360677,Mekhi Blackmon,CB,11,111.09,111.09,17.0,898,898,898,171.14,1.09,"{""93"":0.005392939,""94"":0.117225468,""95"":0.718101182,""96"":0.079812662,""97"":0.037750574,""98"":0.003973745,""99"":0.10868862,""100"":0.21737724,""103"":0.101330489,""104"":0.015894979,""105"":0.122618407,""106"":0.122788711,""107"":12.71602962,""108"":33.129951,""109"":45.84598062,""110"":15.0,""111"":9.0,""112"":1.415528085,""113"":5.639289755,""210"":17.0}"
4242149,Montaric Brown,CB,30,155.24,155.24,17.0,818,818,818,171.21,1.09,"{""93"":0.00844399,""94"":0.183545683,""95"":1.461682265,""96"":0.124966612,""97"":0.059107932,""98"":0.006221888,""99"":0.156502839,""100"":0.313005678,""103"":0.158658133,""104"":0.02488755,""105"":0.191989673,""106"":0.192256325,""107"":16.85468746,""108"":43.91268235,""109"":60.76736981,""110"":20.0,""111"":12.0,""112"":0.451170859,""113"":13.62706438,""210"":17.0}"
3915411,Ty Johnson,RB,2,88.74,88.74,17.0,362,353,353,170.38,1.08,"{""23"":50.75135416,""24"":219.1831452,""25"":2.121299515,""26"":0.101067713,""27"":43.0,""28"":21.0,""29"":10.0,""30"":8.0,""31"":4.0,""33"":10.0,""34"":5.0,""35"":0.095649923,""36"":0.066954946,""37"":0.123223876,""38"":0.00421,""39"":4.318764471,""40"":12.89312619,""42"":207.9856914,""43"":1.301013872,""44"":0.104621335,""45"":0.094097451,""46"":0.061492684,""47"":41.0,""48"":20.0,""49"":10.0,""50"":8.0,""51"":4.0,""53"":21.62758548,""56"":0.077561632,""57"":0.002398813,""58"":30.68349182,""60"":9.616685674,""61"":12.23445244,""62"":0.205689048,""63"":0.003324512,""66"":0.529798338,""67"":0.225772475,""68"":0.755570813,""70"":0.243707235,""71"":0.126432586,""72"":0.370139821,""73"":0.370139821,""101"":0.031470571,""114"":285.9627804,""116"":28.0,""117"":11.0,""210"":17.0,""211"":14.1375181,""212"":10.04736422}"
5220680,Ted Hurst III,WR,27,67.99,67.99,17.0,357,337,337,170.32,1.07,"{""42"":295.0248141,""43"":2.138600107,""44"":0.185507869,""45"":0.178488716,""46"":0.116642376,""47"":59.0,""48"":29.0,""49"":14.0,""50"":11.0,""51"":5.0,""53"":22.78974268,""56"":0.122052059,""57"":0.003774806,""58"":37.3300107,""60"":12.94550879,""61"":17.35440083,""62"":0.185507869,""63"":0.001827476,""67"":0.415335453,""68"":0.415335453,""71"":0.232587854,""72"":0.232587854,""73"":0.232587854,""210"":17.0,""212"":13.05495788}"
4259619,Blake Grupe,K,11,150.82,150.82,17.0,492,492,492,169.94,1.06,"{""74"":5.48566023,""75"":8.198543617,""76"":2.712883387,""77"":7.309369796,""78"":9.369764134,""79"":2.060394338,""80"":15.75015595,""81"":16.87935451,""82"":1.129198561,""83"":28.54518597,""84"":34.44766226,""85"":5.902476286,""86"":34.77874843,""87"":37.15274205,""88"":2.373993622,""198"":5.48566023,""199"":8.198543617,""200"":2.712883387,""210"":17.0,""214"":1097.651972,""215"":273.089405,""216"":1370.741377}"
4887558,Emanuel Wilson,RB,26,9.95,9.95,6.0,400,383,383,170.25,1.06,"{""23"":11.41911122,""24"":47.97388669,""25"":0.413933417,""26"":0.011807504,""27"":9.0,""28"":4.0,""29"":2.0,""30"":1.0,""33"":2.0,""34"":1.0,""35"":0.021310586,""36"":0.014917411,""37"":0.016550685,""38"":0.000564811,""39"":4.201192699,""40"":7.995647781,""42"":10.25420713,""43"":0.053153613,""44"":0.001930735,""45"":0.017471946,""46"":0.011417916,""47"":2.0,""48"":1.0,""53"":1.353610252,""56"":0.00562551,""57"":0.000173985,""58"":1.771307445,""60"":7.575450254,""61"":1.709034521,""62"":0.013738239,""63"":0.000436426,""66"":0.0886761,""67"":0.010511578,""68"":0.099187678,""70"":0.040791006,""71"":0.005886484,""72"":0.04667749,""73"":0.04667749,""210"":6.0,""211"":3.353479685,""212"":0.207258503}"
4685232,Jaden Hicks,S,12,89.38,89.38,17.0,925,925,925,172.56,1.04,"{""93"":0.004616687,""94"":0.056015804,""95"":1.124571626,""96"":0.100040136,""97"":0.030008466,""98"":0.004001129,""99"":0.543242141,""100"":1.086484282,""103"":0.03601016,""104"":0.020005644,""105"":0.060632491,""106"":0.153907902,""107"":13.80678344,""108"":23.69594465,""109"":37.50272809,""110"":12.0,""111"":7.0,""112"":0.388961568,""113"":4.081002087,""210"":17.0}"
3040572,Xavier Woods,S,3,59.38,59.38,17.0,973,973,973,173.96,1.04,"{""93"":0.003263333,""94"":0.039595102,""95"":0.469814271,""96"":0.044396008,""97"":0.021211662,""98"":0.002828222,""99"":0.205811293,""100"":0.411622586,""103"":0.025453994,""104"":0.014141108,""105"":0.042858435,""106"":0.068301551,""107"":9.518625124,""108"":16.33637662,""109"":25.85500175,""110"":8.0,""111"":5.0,""112"":0.200985355,""113"":1.937772733,""210"":17.0}"
4692024,Malachi Moore,S,20,86.65,86.65,17.0,933,933,933,171.27,1.04,"{""93"":0.00405344,""94"":0.049181738,""95"":0.432729268,""96"":0.242221213,""97"":0.02634736,""98"":0.003512981,""99"":0.19254648,""100"":0.385092961,""103"":0.031616832,""104"":0.017564906,""105"":0.053235178,""106"":0.37264802,""107"":14.15598902,""108"":24.29527007,""109"":38.45125909,""110"":12.0,""111"":7.0,""112"":1.023756672,""113"":1.516330913,""210"":17.0}"
4249417,Jalen Tolbert,WR,15,94.41,94.41,17.0,350,331,331,170.43,1.03,"{""42"":441.6463644,""43"":1.754509464,""44"":0.091879713,""45"":0.128205296,""46"":0.083782161,""47"":88.0,""48"":44.0,""49"":22.0,""50"":17.0,""51"":8.0,""53"":35.42168092,""56"":0.281016165,""57"":0.008691222,""58"":60.35646485,""60"":12.46824975,""61"":25.97919791,""62"":0.091879713,""63"":0.002614869,""67"":0.594288497,""68"":0.594288497,""71"":0.332801558,""72"":0.332801558,""73"":0.332801558,""210"":17.0,""212"":19.8203798}"
4610705,Nohl Williams,CB,12,66.22,66.22,17.0,949,949,949,172.15,1.02,"{""93"":0.003148506,""94"":0.068438579,""95"":0.708846765,""96"":0.091173295,""97"":0.022039542,""98"":0.002319952,""99"":0.202102678,""100"":0.404205356,""103"":0.059158772,""104"":0.009279807,""105"":0.071587085,""106"":0.140266608,""107"":7.20997201,""108"":18.78463848,""109"":25.99461049,""110"":8.0,""111"":5.0,""112"":1.690244911,""113"":5.018856371,""210"":17.0}"
4362116,Moro Ojomo,DT,21,82.23,82.23,17.0,859,859,859,170.23,1.01,"{""93"":0.003369809,""94"":0.029707528,""95"":0.003718068,""96"":0.085156629,""97"":0.225777212,""98"":0.017824517,""99"":4.349447649,""100"":8.698895298,""103"":0.005941506,""104"":0.023766022,""105"":0.033077337,""106"":0.131010198,""107"":18.82929912,""108"":17.64503656,""109"":36.47433568,""110"":12.0,""111"":7.0,""112"":0.93968773,""113"":0.093329463,""210"":17.0}"
2977670,DJ Reader,DT,19,65.61,65.61,17.0,1002,1002,1002,171.73,1.01,"{""93"":0.002933808,""94"":0.025863836,""95"":0.041040818,""96"":0.074560042,""97"":0.196565157,""98"":0.015518302,""99"":1.322803681,""100"":2.645607361,""103"":0.005172767,""104"":0.020691069,""105"":0.028797645,""106"":0.114707757,""107"":15.83873301,""108"":14.84256112,""109"":30.68129412,""110"":10.0,""111"":6.0,""112"":0.062426699,""113"":1.044166065,""210"":17.0}"
4431590,Jack Sawyer,DE,23,19.21,19.21,17.0,1151,1151,1151,170.43,1.0,"{""93"":0.001859654,""94"":0.013938013,""95"":0.064043308,""96"":0.156409555,""97"":0.032853888,""98"":0.005973434,""99"":0.904683768,""100"":1.809367537,""103"":0.005973434,""104"":0.007964579,""105"":0.015797667,""106"":0.240630085,""107"":3.157184842,""108"":4.301260615,""109"":7.458445457,""110"":2.0,""111"":1.0,""112"":0.531005047,""113"":0.840399017,""210"":17.0}"
3843843,Arden Key,DE,11,79.6,79.6,17.0,768,768,768,172.34,1.0,"{""93"":0.009346605,""94"":0.070052335,""95"":0.098358982,""96"":0.484181962,""97"":0.16512336,""98"":0.030022429,""99"":6.720391396,""100"":13.44078279,""103"":0.030022429,""104"":0.040029906,""105"":0.07939894,""106"":0.744895326,""107"":12.52833898,""108"":17.06825978,""109"":29.59659876,""110"":9.0,""111"":5.0,""112"":0.123816132,""113"":1.338139613,""210"":17.0}"
4259561,Eric Stokes,CB,13,143.45,143.45,17.0,840,840,840,171.13,0.99,"{""93"":0.010015359,""94"":0.217702273,""95"":1.162412936,""96"":0.148222039,""97"":0.070107511,""98"":0.007379738,""99"":0.0501023,""100"":0.1002046,""103"":0.18818332,""104"":0.029518952,""105"":0.227717631,""106"":0.228033906,""107"":16.36182506,""108"":42.62859389,""109"":58.99041896,""110"":19.0,""111"":11.0,""112"":3.10762427,""113"":6.551324959,""210"":17.0}"
4427404,Cam Hart,CB,24,151.87,151.87,17.0,822,822,822,171.54,0.99,"{""93"":0.007892309,""94"":0.171553869,""95"":1.749425609,""96"":0.182299945,""97"":0.055246161,""98"":0.005815385,""99"":0.161253058,""100"":0.322506116,""103"":0.148292328,""104"":0.023261542,""105"":0.179446178,""106"":0.280461455,""107"":16.31020805,""108"":42.49411252,""109"":58.80432057,""110"":19.0,""111"":11.0,""112"":0.465412033,""113"":13.5723788,""210"":17.0}"
4291489,Kader Kohou,CB,12,116.84,116.84,17.0,878,878,878,171.98,0.99,"{""93"":0.006297012,""94"":0.136877159,""95"":1.065353321,""96"":0.272815882,""97"":0.044079085,""98"":0.004639904,""99"":0.432634346,""100"":0.865268693,""103"":0.118317544,""104"":0.018559615,""105"":0.143174171,""106"":0.419716742,""107"":12.85911348,""108"":33.50273728,""109"":46.36185076,""110"":15.0,""111"":9.0,""112"":2.525421189,""113"":7.543034077,""210"":17.0}"
2979860,Dalvin Tomlinson,DT,24,67.64,67.64,17.0,936,936,936,172.01,0.97,"{""93"":0.003090186,""94"":0.027242433,""95"":0.003295788,""96"":0.078090435,""97"":0.207042494,""98"":0.01634546,""99"":2.381330445,""100"":4.76266089,""103"":0.005448487,""104"":0.021793947,""105"":0.03033262,""106"":0.120139131,""107"":16.08200091,""108"":15.07052877,""109"":31.15252968,""110"":10.0,""111"":6.0,""112"":1.804389731,""113"":0.085585098,""210"":17.0}"
4429607,Cor'Dale Flott,CB,10,140.76,140.76,17.0,808,808,808,171.02,0.96,"{""93"":0.009292687,""94"":0.201993665,""95"":1.663663322,""96"":0.706525874,""97"":0.065048808,""98"":0.006847243,""99"":0.080754573,""100"":0.161509147,""103"":0.174604694,""104"":0.027388972,""105"":0.211286352,""106"":1.086962884,""107"":14.62540733,""108"":38.10458474,""109"":52.72999207,""110"":17.0,""111"":10.0,""112"":3.684396651,""113"":13.78630589,""210"":17.0}"
4360423,Michael Penix Jr.,QB,1,147.28,147.28,17.0,307,440,440,170.01,0.95,"{""0"":265.049715,""1"":168.3737823,""2"":96.67593267,""3"":1886.286591,""4"":9.532981918,""5"":377.0,""6"":188.0,""7"":94.0,""8"":75.0,""9"":37.0,""10"":18.0,""11"":33.0,""12"":16.0,""15"":1.438208924,""16"":0.939869532,""17"":1.347386424,""18"":0.181996577,""19"":0.561212977,""20"":5.077936312,""21"":0.635253587,""22"":110.9580348,""23"":19.34556857,""24"":76.85749396,""25"":0.900811089,""26"":0.046954534,""27"":15.0,""28"":7.0,""29"":3.0,""30"":3.0,""31"":1.0,""33"":3.0,""34"":1.0,""35"":0.036224049,""36"":0.025356834,""37"":0.029919807,""38"":0.001021048,""39"":3.972873358,""40"":4.521029057,""62"":0.608167511,""63"":0.017762781,""64"":15.89546509,""65"":3.776921168,""66"":0.260074536,""68"":4.036995704,""69"":1.812922161,""70"":0.119634287,""72"":1.932556447,""73"":7.01049276,""210"":17.0,""211"":6.513968937}"
2980097,Jonathan Bullard,DT,6,71.98,71.98,17.0,944,944,944,172.04,0.94,"{""93"":0.002417207,""94"":0.021309587,""95"":0.021668259,""96"":0.15937373,""97"":0.161952864,""98"":0.012785752,""99"":0.79324666,""100"":1.586493319,""103"":0.004261917,""104"":0.01704767,""105"":0.023726794,""106"":0.245190353,""107"":17.84818962,""108"":16.72563362,""109"":34.57382323,""110"":11.0,""111"":6.0,""112"":3.7237886,""113"":0.530375772,""210"":17.0}"
3676833,KaVontae Turpin,WR,6,66.77,66.77,17.0,431,420,420,169.88,0.94,"{""23"":17.69111656,""24"":102.4502838,""25"":0.429448393,""26"":0.016182814,""27"":20.0,""28"":10.0,""29"":5.0,""30"":4.0,""31"":2.0,""33"":3.0,""34"":1.0,""35"":0.032756987,""36"":0.022929891,""37"":0.026488966,""38"":0.000903967,""39"":5.791058097,""40"":6.026487283,""42"":229.9009334,""43"":1.718175504,""44"":0.061450746,""45"":0.202677524,""46"":0.132449762,""47"":45.0,""48"":22.0,""49"":11.0,""50"":9.0,""51"":4.0,""53"":18.20372547,""56"":0.086466584,""57"":0.002674224,""58"":28.26351584,""60"":12.62933424,""61"":13.52358431,""62"":0.077633559,""63"":0.003158746,""66"":0.353822331,""67"":0.364074509,""68"":0.717896841,""70"":0.162758272,""71"":0.203881725,""72"":0.366639998,""73"":0.366639998,""101"":0.238424909,""102"":0.272147876,""114"":1749.603458,""115"":221.295502,""116"":174.0,""117"":69.0,""118"":22.0,""119"":8.0,""210"":17.0,""211"":6.926202691,""212"":10.04187394}"
4401811,Kyle Dugger,S,4,40.72,40.72,17.0,1081,1080,1080,170.62,0.94,"{""93"":0.002200553,""94"":0.026700045,""95"":0.367595198,""96"":0.029937426,""97"":0.014303596,""98"":0.001907146,""99"":0.210257302,""100"":0.420514603,""103"":0.017164315,""104"":0.00953573,""105"":0.028900598,""106"":0.046057578,""107"":6.463910506,""108"":11.09371102,""109"":17.55762153,""110"":5.0,""111"":3.0,""112"":0.35467023,""113"":1.423060319,""210"":17.0}"
4427090,Brandon Dorlus,DT,1,78.2,78.2,17.0,823,823,823,170.67,0.94,"{""93"":0.002652706,""94"":0.023385696,""95"":0.016737591,""96"":0.128631635,""97"":0.177731286,""98"":0.014031417,""99"":4.814245772,""100"":9.628491545,""103"":0.004677139,""104"":0.018708556,""105"":0.026038401,""106"":0.197894823,""107"":17.42079163,""108"":16.32511668,""109"":33.74590831,""110"":11.0,""111"":6.0,""112"":3.942657968,""113"":0.450958481,""210"":17.0}"
4244606,Zaven Collins,DE,22,78.53,78.53,17.0,871,871,871,169.81,0.93,"{""93"":0.007889234,""94"":0.05912941,""95"":0.171979693,""96"":0.257160895,""97"":0.139376466,""98"":0.025341176,""99"":2.828292702,""100"":5.656585404,""103"":0.025341176,""104"":0.033788234,""105"":0.067018644,""106"":0.395632147,""107"":13.85106109,""108"":18.8702995,""109"":32.72136059,""110"":10.0,""111"":6.0,""112"":2.56252496,""113"":2.509957641,""210"":17.0}"
4429148,Theo Johnson,TE,19,64.19,64.19,17.0,465,465,465,170.24,0.93,"{""42"":269.6214963,""43"":1.600810185,""44"":0.085601392,""45"":0.115231204,""46"":0.075303592,""47"":53.0,""48"":26.0,""49"":13.0,""50"":10.0,""51"":5.0,""53"":25.56992211,""56"":0.1063537,""57"":0.00328929,""58"":37.96883941,""60"":10.54447859,""61"":15.86008802,""62"":0.085601392,""63"":0.001100672,""67"":0.250152721,""68"":0.250152721,""71"":0.140085524,""72"":0.140085524,""73"":0.140085524,""210"":17.0,""212"":12.76821789}"
4249766,Jack Cochrane,LB,12,61.01,61.01,17.0,719,719,719,171.15,0.93,"{""93"":0.00214309,""94"":0.026788627,""95"":0.214148601,""96"":0.124430292,""97"":0.003214635,""98"":0.003214635,""99"":0.369974762,""100"":0.739949525,""103"":0.018216266,""104"":0.008572361,""105"":0.028931717,""106"":0.191431219,""107"":12.39164995,""108"":15.62511901,""109"":28.01676897,""110"":9.0,""111"":5.0,""112"":1.239114663,""113"":1.225398393,""210"":17.0}"
3930086,Dawson Knox,TE,2,71.13,71.13,17.0,455,443,445,169.81,0.91,"{""42"":265.0619151,""43"":2.770823335,""44"":0.222794393,""45"":0.137243901,""46"":0.089688889,""47"":53.0,""48"":26.0,""49"":13.0,""50"":10.0,""51"":5.0,""53"":24.94448962,""56"":0.103712094,""57"":0.003207591,""58"":35.79740713,""60"":10.62607089,""61"":15.59187736,""62"":0.222794393,""63"":0.000939531,""67"":0.213529804,""68"":0.213529804,""71"":0.11957669,""72"":0.11957669,""73"":0.11957669,""210"":17.0,""212"":12.97836246}"
4894654,Kenneth Grant,DT,15,72.44,72.44,17.0,950,950,950,170.09,0.9,"{""93"":0.002713455,""94"":0.023921245,""95"":0.016370429,""96"":0.111998073,""97"":0.181801462,""98"":0.014352747,""99"":1.833510246,""100"":3.667020493,""103"":0.004784249,""104"":0.019136996,""105"":0.0266347,""106"":0.172304728,""107"":17.50544102,""108"":16.40444208,""109"":33.9098831,""110"":11.0,""111"":6.0,""112"":1.133195232,""113"":0.392387244,""210"":17.0}"
3051942,Al-Quadin Muhammad,DE,27,60.47,60.47,17.0,889,889,889,171.36,0.9,"{""93"":0.006547739,""94"":0.049074973,""95"":0.048829309,""96"":0.229480358,""97"":0.115676722,""98"":0.021032131,""99"":5.531776548,""100"":11.0635531,""103"":0.021032131,""104"":0.028042842,""105"":0.055622712,""106"":0.353046704,""107"":9.565000313,""108"":13.03108978,""109"":22.59609009,""110"":7.0,""111"":4.0,""112"":1.324585389,""113"":0.690320962,""210"":17.0}"
4432730,Jason Marshall Jr.,CB,15,123.04,123.04,17.0,862,862,862,171.22,0.9,"{""93"":0.005823242,""94"":0.126578889,""95"":1.268584614,""96"":0.226081266,""97"":0.040762693,""98"":0.00429081,""99"":1.390574418,""100"":2.781148837,""103"":0.10941565,""104"":0.017163239,""105"":0.13240213,""106"":0.347817332,""107"":13.15961017,""108"":34.28564207,""109"":47.44525225,""110"":15.0,""111"":9.0,""112"":0.666965834,""113"":9.084393199,""210"":17.0}"
4248899,Marte Mapu,LB,34,62.55,62.55,17.0,707,707,707,171.08,0.9,"{""93"":0.002355024,""94"":0.0294378,""95"":0.799075754,""96"":0.256437287,""97"":0.003532536,""98"":0.003532536,""99"":0.192157738,""100"":0.384315476,""103"":0.020017704,""104"":0.009420096,""105"":0.031792824,""106"":0.394518904,""107"":11.35517914,""108"":14.31819218,""109"":25.67337133,""110"":8.0,""111"":5.0,""112"":0.644219092,""113"":5.568407042,""210"":17.0}"
3843769,Donte Jackson,CB,24,99.8,99.8,17.0,892,892,892,172.31,0.9,"{""93"":0.006840001,""94"":0.14868002,""95"":1.722614899,""96"":0.136328724,""97"":0.047880006,""98"":0.005040001,""99"":0.070202935,""100"":0.14040587,""103"":0.128520017,""104"":0.020160003,""105"":0.155520021,""106"":0.209736498,""107"":9.917440138,""108"":25.83859236,""109"":35.7560325,""110"":11.0,""111"":7.0,""112"":1.517727831,""113"":13.36437617,""210"":17.0}"
4429767,Emmanuel Forbes Jr.,CB,14,28.26,28.26,17.0,1118,1117,1117,170.55,0.9,"{""93"":0.001571919,""94"":0.034168561,""95"":0.452214727,""96"":0.107510314,""97"":0.011003435,""98"":0.001158256,""99"":0.027708586,""100"":0.055417171,""103"":0.029535535,""104"":0.004633025,""105"":0.03574048,""106"":0.165400483,""107"":2.86781898,""108"":7.471727034,""109"":10.33954601,""110"":3.0,""111"":2.0,""112"":0.213624719,""113"":3.144096754,""210"":17.0}"
5093973,Levi Drake Rodriguez,DT,16,98.74,98.74,17.0,815,815,815,171.62,0.9,"{""93"":0.002928036,""94"":0.025812951,""95"":0.0230377,""96"":0.140854962,""97"":0.196178431,""98"":0.0155,""99"":2.005890272,""100"":4.011780545,""103"":0.00516259,""104"":0.020650361,""105"":0.028740988,""106"":0.216699941,""107"":24.18547607,""108"":22.66433852,""109"":46.84981459,""110"":15.0,""111"":9.0,""112"":5.234403137,""113"":0.489958044,""210"":17.0}"
4431615,Tyleik Williams,DT,8,64.51,64.51,17.0,970,970,970,170.14,0.87,"{""93"":0.002805649,""94"":0.02473401,""95"":0.002882632,""96"":0.135419077,""97"":0.187978478,""98"":0.014840406,""99"":1.690451009,""100"":3.380902019,""103"":0.004946802,""104"":0.019787208,""105"":0.027539659,""106"":0.208337042,""107"":15.57604782,""108"":14.59639743,""109"":30.17244525,""110"":10.0,""111"":6.0,""112"":1.877357911,""113"":0.077704611,""210"":17.0}"
4366349,Joe Andreessen,LB,2,64.1,64.1,17.0,716,716,716,171.35,0.87,"{""93"":0.002155997,""94"":0.026949961,""95"":0.124823679,""96"":0.12771556,""97"":0.003233995,""98"":0.003233995,""99"":0.359115719,""100"":0.718231438,""103"":0.018325974,""104"":0.008623988,""105"":0.029105958,""106"":0.196485476,""107"":13.22394899,""108"":16.67459762,""109"":29.89854661,""110"":9.0,""111"":5.0,""112"":1.622541959,""113"":0.714273054,""210"":17.0}"
-16015,Dolphins D/ST,DST,15,109.92,109.92,17.0,519,519,519,169.41,0.87,"{""89"":0.029705442,""90"":0.127309036,""91"":1.018472292,""92"":1.697453819,""93"":0.126093565,""94"":1.591070898,""95"":11.42463959,""96"":6.279797066,""97"":1.827551059,""98"":0.26116121,""99"":37.66915163,""100"":75.33830327,""101"":0.171945547,""102"":0.309427573,""103"":1.06260481,""104"":0.528466088,""105"":2.198537583,""106"":9.661226255,""109"":1116.515114,""110"":372.0,""111"":223.0,""112"":44.2561035,""113"":73.40851273,""114"":2002.898088,""115"":241.8937776,""116"":200.0,""117"":80.0,""118"":24.0,""119"":9.0,""120"":461.2997495,""121"":2.461308038,""122"":4.625561658,""123"":4.201198203,""124"":2.503744383,""125"":0.335247129,""126"":27.13527938,""127"":6357.099038,""129"":0.04240459,""130"":1.187328511,""131"":2.756298329,""132"":4.494886505,""133"":4.282863557,""134"":2.798702918,""135"":1.102519332,""136"":0.334996258,""137"":373.9470023,""210"":17.0}"
4427103,Storm Duck,CB,15,90.33,90.33,17.0,917,917,917,171.33,0.86,"{""93"":0.004446839,""94"":0.096660242,""95"":0.806937539,""96"":0.162090882,""97"":0.031127875,""98"":0.003276618,""99"":0.104338024,""100"":0.208676048,""103"":0.083553769,""104"":0.013106474,""105"":0.101107081,""106"":0.249370587,""107"":10.04761489,""108"":26.17774564,""109"":36.22536053,""110"":12.0,""111"":7.0,""112"":1.228365406,""113"":5.778517105,""210"":17.0}"
4240780,Lonnie Johnson Jr.,S,15,141.79,141.79,17.0,850,850,850,171.22,0.84,"{""93"":0.007568375,""94"":0.091829622,""95"":1.408917688,""96"":0.222951302,""97"":0.04919444,""98"":0.006559259,""99"":0.175525467,""100"":0.351050933,""103"":0.059033328,""104"":0.032796293,""105"":0.099397997,""106"":0.343002003,""107"":22.50626501,""108"":38.62646304,""109"":61.13272805,""110"":20.0,""111"":12.0,""112"":0.991680281,""113"":5.171176902,""210"":17.0}"
3123938,Avonte Maddox,S,8,18.62,18.62,17.0,1191,1191,1191,170.62,0.84,"{""93"":0.000916743,""94"":0.01112315,""95"":0.264469013,""96"":0.093687655,""97"":0.005958831,""98"":0.000794511,""99"":0.013856936,""100"":0.027713872,""103"":0.007150597,""104"":0.003972554,""105"":0.012039894,""106"":0.144134854,""107"":2.810213698,""108"":4.823039962,""109"":7.633253661,""110"":2.0,""111"":1.0,""112"":0.208841229,""113"":1.016767841,""210"":17.0}"
4258595,Cole Kmet,TE,3,55.36,55.36,17.0,470,469,470,169.69,0.84,"{""42"":219.2807767,""43"":1.676052842,""44"":0.111346637,""45"":0.114297909,""46"":0.074693684,""47"":43.0,""48"":21.0,""49"":10.0,""50"":8.0,""51"":4.0,""53"":21.68927913,""56"":0.08199933,""57"":0.002536062,""58"":30.84528543,""60"":10.11009981,""61"":12.89886922,""62"":0.111346637,""63"":0.001028214,""67"":0.233685097,""68"":0.233685097,""71"":0.130863655,""72"":0.130863655,""73"":0.130863655,""210"":17.0,""212"":10.52625968}"
4685721,Drew Sanders,LB,7,29.26,29.26,17.0,779,779,779,171.36,0.83,"{""93"":0.001069534,""94"":0.013369179,""95"":0.061229754,""96"":0.060838384,""97"":0.001604301,""98"":0.001604301,""99"":0.31436078,""100"":0.62872156,""103"":0.009091042,""104"":0.004278137,""105"":0.014438713,""106"":0.093597514,""107"":5.95320271,""108"":7.506627542,""109"":13.45983025,""110"":4.0,""111"":2.0,""112"":0.460296831,""113"":0.379622741,""210"":17.0}"
3047495,Sebastian Joseph-Day,DT,23,60.74,60.74,17.0,998,998,998,171.38,0.83,"{""93"":0.001847118,""94"":0.0162838,""95"":0.011723265,""96"":0.046677513,""97"":0.123756881,""98"":0.00977028,""99"":1.318494049,""100"":2.636988098,""103"":0.00325676,""104"":0.01302704,""105"":0.018130918,""106"":0.071811559,""107"":14.8818162,""108"":13.94582928,""109"":28.82764548,""110"":9.0,""111"":5.0,""112"":2.163431632,""113"":0.296446485,""210"":17.0}"
4567219,Owen Pappoe,LB,22,128.68,128.68,17.0,659,659,659,170.58,0.83,"{""93"":0.00432456,""94"":0.054057005,""95"":0.591338254,""96"":0.401368736,""97"":0.006486841,""98"":0.006486841,""99"":0.310236391,""100"":0.620472782,""103"":0.036758763,""104"":0.017298242,""105"":0.058381565,""106"":0.617490362,""107"":25.80883176,""108"":32.54337149,""109"":58.35220326,""110"":19.0,""111"":11.0,""112"":2.187251897,""113"":4.01552635,""210"":17.0}"
3929865,Charles Omenihu,DT,28,83.27,83.27,17.0,825,825,825,170.67,0.83,"{""93"":0.003163241,""94"":0.027886465,""95"":0.18046118,""96"":0.438289739,""97"":0.211937134,""98"":0.016731879,""99"":3.506690613,""100"":7.013381227,""103"":0.005577293,""104"":0.022309172,""105"":0.031049706,""106"":0.674291906,""107"":17.84299489,""108"":16.72076561,""109"":34.5637605,""110"":11.0,""111"":6.0,""112"":2.191813532,""113"":4.516782003,""210"":17.0}"
4426542,Darius Alexander,DT,19,70.96,70.96,17.0,912,912,912,170.21,0.83,"{""93"":0.002651711,""94"":0.023376929,""95"":0.020441544,""96"":0.144294796,""97"":0.177664661,""98"":0.014026157,""99"":2.556186845,""100"":5.11237369,""103"":0.004675386,""104"":0.018701543,""105"":0.02602864,""106"":0.221991994,""107"":16.67253636,""108"":15.62392268,""109"":32.29645904,""110"":10.0,""111"":6.0,""112"":2.461777702,""113"":0.520076538,""210"":17.0}"
5082424,Dominic Zvada,K,19,158.39,158.39,17.0,491,491,491,169.75,0.83,"{""74"":5.678629516,""75"":8.206112017,""76"":2.527482501,""77"":7.530866229,""78"":9.378413734,""79"":1.847547506,""80"":16.1515593,""81"":16.89493651,""82"":0.743377206,""83"":29.36105505,""84"":34.47946226,""85"":5.118407213,""86"":35.5225556,""87"":37.04124672,""88"":1.518691115,""198"":5.678629516,""199"":8.206112017,""200"":2.527482501,""210"":17.0,""214"":1130.081753,""215"":241.925009,""216"":1372.006762}"
3894856,Anthony Nelson,DE,27,51.86,51.86,17.0,995,995,995,170.5,0.8,"{""93"":0.004676956,""94"":0.035053552,""95"":0.096991503,""96"":0.487199605,""97"":0.08262623,""98"":0.015022951,""99"":1.729629514,""100"":3.459259027,""103"":0.015022951,""104"":0.020030601,""105"":0.039730508,""106"":0.749537854,""107"":8.988371288,""108"":12.24550647,""109"":21.23387776,""110"":7.0,""111"":4.0,""112"":1.258745356,""113"":1.371210639,""210"":17.0}"
4685526,Adam Randall,RB,33,26.31,26.31,17.0,324,345,345,170.29,0.8,"{""23"":29.26210641,""24"":121.2098594,""25"":0.912227139,""26"":0.02362143,""27"":24.0,""28"":12.0,""29"":6.0,""30"":4.0,""31"":2.0,""33"":5.0,""34"":2.0,""35"":0.05451926,""36"":0.038163482,""37"":0.0371,""38"":0.00127,""39"":4.14221238,""40"":7.129991732,""42"":28.75845059,""43"":0.195161155,""44"":0.006434124,""45"":0.061922762,""46"":0.040466525,""47"":5.0,""48"":2.0,""49"":1.0,""50"":1.0,""53"":3.61707672,""56"":0.015795145,""57"":0.00048851,""58"":4.663608508,""60"":7.950743879,""61"":1.691673564,""62"":0.030055555,""63"":0.001237835,""66"":0.250377211,""67"":0.030949022,""68"":0.281326233,""70"":0.115173517,""71"":0.017331452,""72"":0.13250497,""73"":0.13250497,""210"":17.0,""211"":8.622512745,""212"":0.547590587}"
3915520,DaVon Hamilton,DT,30,101.5,101.5,17.0,835,835,835,170.2,0.8,"{""93"":0.003099557,""94"":0.027325042,""95"":0.052729524,""96"":0.093019854,""97"":0.207670316,""98"":0.016395025,""99"":1.984947922,""100"":3.969895845,""103"":0.005465008,""104"":0.021860033,""105"":0.030424598,""106"":0.143107467,""107"":24.63696466,""108"":23.08743089,""109"":47.72439556,""110"":15.0,""111"":9.0,""112"":2.283997046,""113"":1.645437968,""210"":17.0}"
4693848,Shaun Dolac,LB,14,31.35,31.35,17.0,767,767,767,171.24,0.8,"{""93"":0.001069957,""94"":0.013374457,""95"":0.090932939,""96"":0.072106511,""97"":0.001604935,""98"":0.001604935,""99"":0.203168805,""100"":0.406337611,""103"":0.009094631,""104"":0.004279826,""105"":0.014444413,""106"":0.110933094,""107"":6.392163225,""108"":8.060130128,""109"":14.45229335,""110"":4.0,""111"":2.0,""112"":0.786349549,""113"":0.510954337,""210"":17.0}"
4689989,Natrone Brooks,CB,1,7.72,7.72,4.0,1318,1317,1317,169.76,0.8,"{""93"":0.00037312,""94"":0.008110449,""95"":0.074930659,""96"":0.016659773,""97"":0.002611839,""98"":0.00027493,""99"":0.006793398,""100"":0.013586797,""101"":0.058732523,""103"":0.007010727,""104"":0.001099722,""105"":0.067216092,""106"":0.025630419,""107"":0.796512126,""108"":2.075208102,""109"":2.871720228,""112"":0.098771848,""113"":0.618541893,""114"":524.542186,""116"":52.0,""117"":20.0,""210"":4.0}"
4429568,Martin Emerson Jr.,CB,18,132.31,132.31,17.0,868,868,868,170.99,0.8,"{""93"":0.006315232,""94"":0.137273193,""95"":1.013624599,""96"":0.268957019,""97"":0.044206621,""98"":0.004653329,""99"":0.030556964,""100"":0.061113927,""103"":0.118659879,""104"":0.018613314,""105"":0.143588425,""106"":0.413780029,""107"":14.89423605,""108"":38.80498277,""109"":53.69921882,""110"":17.0,""111"":10.0,""112"":1.549951702,""113"":7.672561902,""210"":17.0}"
4880346,Michael Taaffe,S,15,94.73,94.73,17.0,921,921,921,171.34,0.8,"{""93"":0.004657462,""94"":0.056510536,""95"":0.733496891,""96"":0.156294016,""97"":0.030273502,""98"":0.004036467,""99"":0.235776605,""100"":0.471553209,""103"":0.036328202,""104"":0.020182334,""105"":0.061167998,""106"":0.240452333,""107"":15.23564427,""108"":26.1482325,""109"":41.38387677,""110"":13.0,""111"":8.0,""112"":0.831727611,""113"":2.692167339,""210"":17.0}"
3045527,Samson Ebukam,DE,1,89.56,89.56,17.0,813,813,813,172.28,0.8,"{""93"":0.008438306,""94"":0.063244678,""95"":0.125359373,""96"":0.517482816,""97"":0.149076742,""98"":0.027104862,""99"":2.71153179,""100"":5.42306358,""103"":0.027104862,""104"":0.036139816,""105"":0.071682984,""106"":0.796127409,""107"":16.07722521,""108"":21.90316343,""109"":37.98038864,""110"":12.0,""111"":7.0,""112"":3.77605,""113"":1.752727747,""210"":17.0}"
4684432,Ashton Gillotte,DE,12,92.92,92.92,17.0,819,819,819,170.32,0.8,"{""93"":0.009308593,""94"":0.069767431,""95"":0.09536284,""96"":0.344821166,""97"":0.164451801,""98"":0.029900327,""99"":3.282833303,""100"":6.565666605,""103"":0.029900327,""104"":0.039867103,""105"":0.079076023,""106"":0.530494101,""107"":16.80943407,""108"":22.90070437,""109"":39.71013844,""110"":13.0,""111"":7.0,""112"":2.119556951,""113"":1.172800009,""210"":17.0}"
3931424,Demetrius Flannigan-Fowles,LB,2,21.17,21.17,17.0,800,800,800,169.91,0.8,"{""93"":0.000754599,""94"":0.009432486,""95"":0.099344364,""96"":0.034220457,""97"":0.001131898,""98"":0.001131898,""99"":0.141139855,""100"":0.28227971,""103"":0.006414091,""104"":0.003018396,""105"":0.010187085,""106"":0.052646857,""107"":4.256022514,""108"":5.366586253,""109"":9.622608767,""110"":3.0,""111"":1.0,""112"":0.669286726,""113"":0.568473886,""210"":17.0}"
4429086,Michael Mayer,TE,13,84.64,84.64,17.0,429,418,418,170.13,0.79,"{""42"":363.0736547,""43"":1.312032718,""44"":0.083443286,""45"":0.089036781,""46"":0.058185536,""47"":72.0,""48"":36.0,""49"":18.0,""50"":14.0,""51"":7.0,""53"":36.88100391,""56"":0.180081101,""57"":0.005569519,""58"":54.16695924,""60"":9.844462359,""61"":21.35727381,""62"":0.083443286,""63"":0.001978591,""67"":0.449679884,""68"":0.449679884,""71"":0.251820735,""72"":0.251820735,""73"":0.251820735,""210"":17.0,""212"":17.80534481}"
2980080,Deatrich Wise Jr.,DT,28,30.51,30.51,17.0,1106,1105,1105,171.69,0.78,"{""93"":0.000903783,""94"":0.007967561,""95"":0.003787997,""96"":0.096511177,""97"":0.060553467,""98"":0.004780537,""99"":0.942563137,""100"":1.885126274,""103"":0.001593512,""104"":0.006374049,""105"":0.008871344,""106"":0.148478734,""107"":7.260672663,""108"":6.80401505,""109"":14.06468771,""110"":4.0,""111"":2.0,""112"":0.677937114,""113"":0.094810185,""210"":17.0}"
4690179,Tavius Robinson,DE,33,61.49,61.49,17.0,942,942,942,170.41,0.77,"{""93"":0.006530256,""94"":0.048943941,""95"":0.061147026,""96"":0.385313747,""97"":0.115367861,""98"":0.020975975,""99"":2.727977977,""100"":5.455955954,""103"":0.020975975,""104"":0.027967966,""105"":0.055474197,""106"":0.59279038,""107"":10.74991687,""108"":14.64538706,""109"":25.39530393,""110"":8.0,""111"":5.0,""112"":0.720991588,""113"":0.756736845,""210"":17.0}"
4686472,Marvin Mims Jr.,WR,7,70.4,70.4,17.0,419,407,407,170.05,0.77,"{""23"":8.181849347,""24"":45.07156139,""25"":0.311645025,""26"":0.019077392,""27"":9.0,""28"":4.0,""29"":2.0,""30"":1.0,""33"":1.0,""35"":0.015071722,""36"":0.010550205,""37"":0.00494,""38"":0.000169,""39"":5.508725409,""40"":2.651268317,""42"":272.4319681,""43"":1.605117888,""44"":0.097354962,""45"":0.192136991,""46"":0.125561524,""47"":54.0,""48"":27.0,""49"":13.0,""50"":10.0,""51"":5.0,""53"":24.1563169,""56"":0.107894473,""57"":0.003336942,""58"":33.89889063,""60"":11.27787689,""61"":16.02540989,""62"":0.116432353,""63"":0.002845759,""66"":0.163636987,""67"":0.483126338,""68"":0.646763325,""70"":0.075273014,""71"":0.270550749,""72"":0.345823763,""73"":0.345823763,""101"":0.185646519,""102"":0.284550548,""114"":768.7924891,""115"":407.4874357,""116"":76.0,""117"":30.0,""118"":40.0,""119"":16.0,""210"":17.0,""211"":4.323250824,""212"":12.52527392}"
5088338,Elijah Sarratt,WR,33,53.56,53.56,17.0,397,376,376,170.17,0.77,"{""42"":250.8982385,""43"":1.515811852,""44"":0.049955459,""45"":0.29358015,""46"":0.191854628,""47"":50.0,""48"":25.0,""49"":12.0,""50"":10.0,""51"":5.0,""53"":16.73356784,""56"":0.096293004,""57"":0.002978134,""58"":27.98165105,""60"":14.99370851,""61"":14.75871991,""62"":0.049955459,""63"":0.00134184,""67"":0.304963688,""68"":0.304963688,""71"":0.170779665,""72"":0.170779665,""73"":0.170779665,""210"":17.0,""212"":10.20305021}"
4240706,Jason Pinnock,S,19,93.28,93.28,17.0,929,929,929,171.89,0.77,"{""93"":0.005229364,""94"":0.063449618,""95"":0.172113934,""96"":0.151006816,""97"":0.033990867,""98"":0.004532116,""99"":0.431643787,""100"":0.863287574,""103"":0.04078904,""104"":0.022660578,""105"":0.068678982,""106"":0.232318179,""107"":15.55227896,""108"":26.69165799,""109"":42.24393695,""110"":14.0,""111"":8.0,""112"":1.08281336,""113"":0.670530524,""210"":17.0}"
4695783,Myles Harden,CB,5,113.7,113.7,17.0,896,896,896,171.52,0.77,"{""93"":0.005889247,""94"":0.128013638,""95"":0.729483658,""96"":0.145178681,""97"":0.041224731,""98"":0.004339445,""99"":0.147847616,""100"":0.295695232,""103"":0.110655857,""104"":0.017357781,""105"":0.133902886,""106"":0.223351817,""107"":13.00974678,""108"":33.89519261,""109"":46.90493938,""110"":15.0,""111"":9.0,""112"":1.993706534,""113"":5.407169574,""210"":17.0}"
4040615,Malik Harrison,LB,23,29.21,29.21,17.0,782,782,782,171.23,0.77,"{""93"":0.001070357,""94"":0.01337946,""95"":0.022991436,""96"":0.033862164,""97"":0.001605535,""98"":0.001605535,""99"":0.164742464,""100"":0.329484927,""103"":0.009098033,""104"":0.004281427,""105"":0.014449817,""106"":0.052095637,""107"":6.10955338,""108"":7.703776254,""109"":13.81332963,""110"":4.0,""111"":2.0,""112"":0.556982234,""113"":0.14037674,""210"":17.0}"
4602389,Jeffrey Bassa,LB,12,47.36,47.36,17.0,740,740,740,171.27,0.77,"{""93"":0.001607318,""94"":0.02009147,""95"":0.139170653,""96"":0.206744489,""97"":0.002410976,""98"":0.002410976,""99"":0.250766606,""100"":0.501533212,""103"":0.0136622,""104"":0.00642927,""105"":0.021698788,""106"":0.318068444,""107"":9.579428708,""108"":12.07907859,""109"":21.6585073,""110"":7.0,""111"":4.0,""112"":0.955008175,""113"":0.796360535,""210"":17.0}"
4430965,Carrington Valentine,CB,9,83.05,83.05,17.0,931,931,931,171.63,0.77,"{""93"":0.00687098,""94"":0.149353403,""95"":0.723967752,""96"":0.101686884,""97"":0.048096858,""98"":0.005062827,""99"":0.132183883,""100"":0.264367767,""103"":0.129102094,""104"":0.020251309,""105"":0.156224382,""106"":0.156441361,""107"":9.225959588,""108"":24.03703028,""109"":33.26298987,""110"":11.0,""111"":6.0,""112"":0.200446015,""113"":5.178179571,""210"":17.0}"
4570469,Marcus Harris,CB,10,149.84,149.84,17.0,802,802,802,171.01,0.77,"{""93"":0.00739191,""94"":0.160676779,""95"":1.340518896,""96"":0.71252986,""97"":0.05174337,""98"":0.00544667,""99"":0.555440643,""100"":1.110881287,""103"":0.138890097,""104"":0.021786682,""105"":0.168068689,""106"":1.096199784,""107"":16.12828277,""108"":42.02013,""109"":58.14841276,""110"":19.0,""111"":11.0,""112"":1.816929734,""113"":11.10849971,""210"":17.0}"
4427120,Jaylen McCollough,S,14,73.38,73.38,17.0,941,941,941,171.9,0.77,"{""93"":0.003457382,""94"":0.041949571,""95"":0.978736437,""96"":0.066903945,""97"":0.022472985,""98"":0.002996398,""99"":0.481768967,""100"":0.963537934,""103"":0.026967582,""104"":0.01498199,""105"":0.045406954,""106"":0.102929147,""107"":11.28823178,""108"":19.37347078,""109"":30.66170256,""110"":10.0,""111"":6.0,""112"":0.629174117,""113"":3.487741164,""210"":17.0}"
4256074,Khyiris Tonga,DT,12,73.6,73.6,17.0,934,934,934,170.47,0.76,"{""93"":0.002409522,""94"":0.02124184,""95"":0.002815877,""96"":0.097667542,""97"":0.161437987,""98"":0.012745104,""99"":1.473675266,""100"":2.947350531,""103"":0.004248368,""104"":0.016993472,""105"":0.023651363,""106"":0.150257756,""107"":18.12349291,""108"":16.9836218,""109"":35.10711471,""110"":11.0,""111"":7.0,""112"":2.523258587,""113"":0.066733576,""210"":17.0}"
4372518,Bobby Brown III,DT,29,96.24,96.24,17.0,869,869,869,170.0,0.76,"{""93"":0.002669681,""94"":0.023535349,""95"":0.023700373,""96"":0.083852677,""97"":0.178868652,""98"":0.014121209,""99"":1.42934399,""100"":2.85868798,""103"":0.00470707,""104"":0.018828279,""105"":0.02620503,""106"":0.129004118,""107"":23.9005382,""108"":22.39732172,""109"":46.29785992,""110"":15.0,""111"":9.0,""112"":3.232155491,""113"":0.540743518,""210"":17.0}"
4360749,Thomas Booker IV,DT,13,98.12,98.12,17.0,855,855,855,169.96,0.76,"{""93"":0.003208462,""94"":0.028285129,""95"":0.040735264,""96"":0.495108725,""97"":0.214966982,""98"":0.016971078,""99"":1.903622869,""100"":3.807245738,""103"":0.005657026,""104"":0.022628103,""105"":0.031493592,""106"":0.761705731,""107"":23.55658377,""108"":22.07500019,""109"":45.63158396,""110"":15.0,""111"":9.0,""112"":0.781695621,""113"":0.768453474,""210"":17.0}"
4568263,Ryan Fitzgerald,K,29,143.68,143.68,17.0,498,498,498,169.7,0.75,"{""74"":5.316922231,""75"":7.7273364,""76"":2.410414169,""77"":7.056750367,""78"":8.8312416,""79"":1.774491233,""80"":15.1466392,""81"":15.909222,""82"":0.762582799,""83"":27.5203118,""84"":32.4678,""85"":4.9474882,""86"":28.85457089,""87"":30.21210282,""88"":1.357531925,""198"":5.316922231,""199"":7.7273364,""200"":2.410414169,""210"":17.0,""214"":1059.066743,""215"":232.8919546,""216"":1291.958698}"
4372066,Jake Moody,K,28,143.4,143.4,17.0,493,493,493,169.72,0.75,"{""74"":5.292868042,""75"":8.198543617,""76"":2.905675576,""77"":7.089035867,""78"":9.369764134,""79"":2.280728268,""80"":15.35323085,""81"":16.87935451,""82"":1.526123654,""83"":27.73513476,""84"":34.44766226,""85"":6.712527497,""86"":34.28833045,""87"":37.57269607,""88"":3.284365622,""198"":5.292868042,""199"":8.198543617,""200"":2.905675576,""210"":17.0,""214"":1065.418414,""215"":305.3229627,""216"":1370.741377}"
4697636,Chau Smith-Wade,CB,29,144.59,144.59,17.0,858,858,858,170.98,0.74,"{""93"":0.006862814,""94"":0.149175912,""95"":0.523228284,""96"":0.154811414,""97"":0.048039701,""98"":0.005056811,""99"":0.308913803,""100"":0.617827607,""103"":0.12894867,""104"":0.020227242,""105"":0.156038727,""106"":0.238171406,""107"":17.10655427,""108"":44.56888837,""109"":61.67544264,""110"":20.0,""111"":12.0,""112"":1.150882863,""113"":3.571849894,""210"":17.0}"
4682983,Josaiah Stewart,DE,14,62.05,62.05,17.0,918,918,918,170.35,0.74,"{""93"":0.006506355,""94"":0.048764802,""95"":0.251118572,""96"":0.479659151,""97"":0.114945604,""98"":0.020899201,""99"":2.840929605,""100"":5.681859211,""103"":0.020899201,""104"":0.027865601,""105"":0.055271157,""106"":0.737937156,""107"":10.15086847,""108"":13.82926022,""109"":23.98012869,""110"":7.0,""111"":4.0,""112"":0.80513827,""113"":3.032650845,""210"":17.0}"
4568506,Garrett Williams,CB,22,100.67,100.67,13.0,866,866,866,171.1,0.74,"{""93"":0.004866897,""94"":0.105790968,""95"":0.595787056,""96"":0.436996058,""97"":0.034068278,""98"":0.003586135,""99"":0.342513026,""100"":0.685026052,""103"":0.09144643,""104"":0.014344538,""105"":0.110657865,""106"":0.672301628,""107"":11.2845234,""108"":29.40034888,""109"":40.68487228,""110"":13.0,""111"":8.0,""112"":0.629562474,""113"":5.047319466,""210"":13.0}"
4368003,Andrei Iosivas,WR,4,80.52,80.52,17.0,406,394,394,170.35,0.74,"{""23"":2.036583696,""24"":11.16714098,""25"":0.086235296,""26"":0.005854462,""27"":2.0,""28"":1.0,""35"":0.003739048,""36"":0.002617333,""37"":0.000240534,""38"":8.21e-06,""39"":5.483271322,""40"":0.656890646,""42"":317.4574818,""43"":2.786916599,""44"":0.130383196,""45"":0.103129008,""46"":0.067394807,""47"":63.0,""48"":31.0,""49"":15.0,""50"":12.0,""51"":6.0,""53"":27.28936233,""56"":0.138546914,""57"":0.004284956,""58"":45.75759506,""60"":11.63301208,""61"":18.67396951,""62"":0.136237659,""63"":0.001881284,""66"":0.029692846,""67"":0.397871616,""68"":0.427564462,""70"":0.013658709,""71"":0.222808105,""72"":0.236466814,""73"":0.236466814,""210"":17.0,""211"":2.637069365,""212"":14.96428129}"
4241372,Hollywood Brown,WR,21,53.17,53.17,17.0,984,984,984,169.97,0.74,"{""42"":233.117218,""43"":1.519118294,""44"":0.068087065,""45"":0.178986358,""46"":0.116967585,""47"":46.0,""48"":23.0,""49"":11.0,""50"":9.0,""51"":4.0,""53"":18.60061143,""56"":0.087892872,""57"":0.002718336,""58"":29.48271399,""60"":12.53277178,""61"":13.71277753,""62"":0.068087065,""63"":0.001488886,""67"":0.338383234,""68"":0.338383234,""71"":0.189494611,""72"":0.189494611,""73"":0.189494611,""210"":17.0,""212"":10.13963226}"
4569497,Sam Okuayinonu,DE,25,70.31,70.31,17.0,905,905,905,170.32,0.74,"{""93"":0.007094785,""94"":0.053175057,""95"":0.052478793,""96"":0.453910565,""97"":0.125341205,""98"":0.02278931,""99"":2.901142862,""100"":5.802285723,""103"":0.02278931,""104"":0.030385747,""105"":0.060269842,""106"":0.698323946,""107"":12.44230378,""108"":16.95104781,""109"":29.39335159,""110"":9.0,""111"":5.0,""112"":1.561051229,""113"":0.594585654,""210"":17.0}"
4685479,Christen Miller,DT,18,86.5,86.5,17.0,887,887,887,169.9,0.73,"{""93"":0.002922272,""94"":0.025762131,""95"":0.065180306,""96"":0.182156299,""97"":0.195792195,""98"":0.015457279,""99"":2.420683893,""100"":4.841367786,""103"":0.005152426,""104"":0.020609705,""105"":0.028684402,""106"":0.28024046,""107"":20.39845524,""108"":19.11550113,""109"":39.51395637,""110"":13.0,""111"":7.0,""112"":1.581669239,""113"":1.651421706,""210"":17.0}"
4362921,Tyquan Thornton,WR,12,80.43,80.43,17.0,405,393,393,170.16,0.73,"{""42"":358.6230731,""43"":2.947800214,""44"":0.13192064,""45"":0.213742928,""46"":0.139681004,""47"":71.0,""48"":35.0,""49"":17.0,""50"":14.0,""51"":7.0,""53"":23.80250324,""56"":0.175212849,""57"":0.005418954,""58"":43.4837771,""60"":15.06661167,""61"":21.09547489,""62"":0.13192064,""63"":0.00153,""67"":0.347034141,""68"":0.347034141,""71"":0.194339119,""72"":0.194339119,""73"":0.194339119,""210"":17.0,""212"":15.3704845}"
4428872,JD Bertrand,LB,1,38.09,38.09,17.0,755,755,755,171.15,0.73,"{""93"":0.001295151,""94"":0.016189389,""95"":0.101793091,""96"":0.067653552,""97"":0.001942727,""98"":0.001942727,""99"":0.140945413,""100"":0.281890826,""103"":0.011008784,""104"":0.005180604,""105"":0.01748454,""106"":0.104082388,""107"":7.828502753,""108"":9.871267156,""109"":17.69976991,""110"":5.0,""111"":3.0,""112"":0.791432076,""113"":0.662206185,""210"":17.0}"
4372576,Jack Sanborn,LB,3,32.76,32.76,17.0,761,761,761,171.14,0.73,"{""93"":0.001074466,""94"":0.013430828,""95"":0.122385984,""96"":0.036807277,""97"":0.001611699,""98"":0.001611699,""99"":0.067691099,""100"":0.135382199,""103"":0.009132963,""104"":0.004297865,""105"":0.014505294,""106"":0.056626579,""107"":6.706609381,""108"":8.45662766,""109"":15.16323704,""110"":5.0,""111"":3.0,""112"":0.917642909,""113"":0.796027572,""210"":17.0}"
4430871,Sean Tucker,RB,27,39.19,39.19,17.0,369,360,360,170.23,0.73,"{""23"":43.65431518,""24"":182.6525461,""25"":2.439808506,""26"":0.222980571,""27"":36.0,""28"":18.0,""29"":9.0,""30"":7.0,""31"":3.0,""33"":8.0,""34"":4.0,""35"":0.081963376,""36"":0.057374364,""37"":0.0851,""38"":0.0029,""39"":4.184066234,""40"":10.74426742,""42"":14.42210964,""43"":0.081633914,""44"":0.007082624,""45"":0.03957373,""46"":0.025861433,""47"":2.0,""48"":1.0,""53"":1.98483636,""56"":0.008370092,""57"":0.000258869,""58"":2.666429336,""60"":7.266145428,""61"":0.848359391,""62"":0.230063194,""63"":0.002776755,""66"":0.603635212,""67"":0.02744556,""68"":0.631080772,""70"":0.277672198,""71"":0.015369513,""72"":0.293041711,""73"":0.293041711,""101"":0.058240905,""114"":616.574762,""116"":61.0,""117"":24.0,""210"":17.0,""211"":12.71033201,""212"":-0.26621393}"
4683153,Skyler Bell,WR,2,44.57,44.57,17.0,1010,1010,1010,169.94,0.72,"{""42"":205.468586,""43"":1.205131733,""44"":0.096872429,""45"":0.192525196,""46"":0.125815215,""47"":41.0,""48"":20.0,""49"":10.0,""50"":8.0,""51"":4.0,""53"":15.06147424,""56"":0.076602349,""57"":0.002369145,""58"":25.56957652,""60"":13.64199698,""61"":12.08638741,""62"":0.096872429,""63"":0.001207757,""67"":0.27449034,""68"":0.27449034,""71"":0.153714591,""72"":0.153714591,""73"":0.153714591,""210"":17.0,""212"":8.442111354}"
4046528,Josh Uche,DE,15,75.54,75.54,17.0,883,883,883,170.0,0.71,"{""93"":0.007512645,""94"":0.056306894,""95"":0.084632193,""96"":0.265474704,""97"":0.132723394,""98"":0.024131526,""99"":3.900656671,""100"":7.801313342,""103"":0.024131526,""104"":0.032175368,""105"":0.063819539,""106"":0.408422621,""107"":13.15310905,""108"":17.9194291,""109"":31.07253815,""110"":10.0,""111"":6.0,""112"":1.053133752,""113"":1.052699597,""210"":17.0}"
4362478,Emari Demercado,RB,12,67.22,67.22,17.0,363,355,355,170.26,0.7,"{""23"":53.56815784,""24"":254.7422304,""25"":1.390163276,""26"":0.060146247,""27"":50.0,""28"":25.0,""29"":12.0,""30"":10.0,""31"":5.0,""33"":10.0,""34"":5.0,""35"":0.101112211,""36"":0.070778548,""37"":0.167,""38"":0.00569,""39"":4.755478639,""40"":14.98483708,""42"":107.8958231,""43"":0.610391223,""44"":0.027322195,""45"":0.035279957,""46"":0.023055452,""47"":21.0,""48"":10.0,""49"":5.0,""50"":4.0,""51"":2.0,""53"":15.69153287,""56"":0.045809588,""57"":0.001416791,""58"":21.74188855,""60"":6.876053727,""61"":6.346813124,""62"":0.087468442,""63"":0.002892464,""66"":0.508442116,""67"":0.148936169,""68"":0.657378285,""70"":0.233883373,""71"":0.083404254,""72"":0.317287628,""73"":0.317287628,""210"":17.0,""211"":14.9642484,""212"":5.651849706}"
4911851,LeQuint Allen Jr.,RB,30,47.41,47.41,17.0,326,348,348,170.3,0.7,"{""23"":8.033096694,""24"":33.91045285,""25"":0.19265629,""26"":0.007691995,""27"":6.0,""28"":3.0,""29"":1.0,""30"":1.0,""33"":1.0,""35"":0.014796468,""36"":0.010357528,""37"":0.002731093,""38"":9.32e-05,""39"":4.221342546,""40"":1.994732521,""42"":147.9900304,""43"":0.844387479,""44"":0.034881718,""45"":0.036889871,""46"":0.024107531,""47"":29.0,""48"":14.0,""49"":7.0,""50"":5.0,""51"":2.0,""53"":21.67296919,""56"":0.057783845,""57"":0.001787129,""58"":28.3527868,""60"":6.828322837,""61"":8.705295908,""62"":0.042573714,""63"":0.001118374,""66"":0.068734093,""67"":0.185441796,""68"":0.25417589,""70"":0.031617683,""71"":0.103847406,""72"":0.135465089,""73"":0.135465089,""101"":0.075674434,""114"":838.9424354,""116"":83.0,""117"":33.0,""210"":17.0,""211"":3.848648906,""212"":8.216541986}"
4429193,Kris Abrams-Draine,CB,7,11.13,11.13,17.0,1303,1302,1302,170.11,0.7,"{""93"":0.000523766,""94"":0.011385026,""95"":0.07545138,""96"":0.01945282,""97"":0.003666364,""98"":0.000385933,""99"":0.002304676,""100"":0.004609352,""103"":0.009841293,""104"":0.001543732,""105"":0.011908792,""106"":0.029927415,""107"":1.267314051,""108"":3.301820905,""109"":4.569134956,""110"":1.0,""112"":0.175091949,""113"":0.578824933,""210"":17.0}"
4819231,Kaleb Johnson,RB,23,5.09,5.09,17.0,438,431,431,170.05,0.7,"{""23"":8.570410997,""24"":35.82814562,""25"":0.216595173,""26"":0.007295249,""27"":7.0,""28"":3.0,""29"":1.0,""30"":1.0,""33"":1.0,""35"":0.015790747,""36"":0.011053523,""37"":0.003060817,""38"":0.000104,""39"":4.180446612,""40"":2.107537978,""62"":0.007295249,""63"":0.000322659,""66"":0.073331549,""68"":0.073331549,""70"":0.033732513,""72"":0.033732513,""73"":0.033732513,""210"":17.0,""211"":3.963890455}"
4698728,Domonique Orange,DT,16,49.82,49.82,17.0,1025,1024,1024,170.04,0.69,"{""93"":0.001689252,""94"":0.014892087,""95"":0.042788632,""96"":0.105297482,""97"":0.113179864,""98"":0.008935252,""99"":1.325048075,""100"":2.650096151,""103"":0.002978417,""104"":0.01191367,""105"":0.016581339,""106"":0.161996126,""107"":11.79155476,""108"":11.04992881,""109"":22.84148357,""110"":7.0,""111"":4.0,""112"":0.98855683,""113"":0.910014212,""210"":17.0}"
2979632,Josh Tupou,DT,19,0,0.0,,1804,1804,1804,171.53,0.69,{}
3115383,Davon Godchaux,DT,18,100.73,100.73,17.0,875,875,875,170.43,0.69,"{""93"":0.002809877,""94"":0.02477128,""95"":0.018521685,""96"":0.406532209,""97"":0.188261726,""98"":0.014862768,""99"":0.877042744,""100"":1.754085488,""103"":0.004954256,""104"":0.019817024,""105"":0.027581156,""106"":0.625434168,""107"":24.99013739,""108"":23.41839093,""109"":48.40852832,""110"":16.0,""111"":9.0,""112"":1.815751103,""113"":0.469269237,""210"":17.0}"
4362887,Justin Fields,QB,12,13.06,13.06,17.0,334,452,452,169.93,0.68,"{""0"":20.59863261,""1"":12.82412336,""2"":7.774509253,""3"":140.224113,""4"":0.918579347,""5"":28.0,""6"":14.0,""7"":7.0,""8"":5.0,""9"":2.0,""10"":1.0,""11"":2.0,""12"":1.0,""15"":0.085300406,""16"":0.055743816,""17"":0.209745788,""18"":0.028331156,""19"":0.048432442,""20"":0.431428216,""21"":0.622571585,""22"":8.248477237,""23"":2.765316107,""24"":15.29073886,""25"":0.156622008,""26"":0.006779966,""27"":3.0,""28"":1.0,""35"":0.005078966,""36"":0.003555276,""37"":0.000490595,""38"":1.67e-05,""39"":5.529472315,""40"":0.899455227,""62"":0.055212408,""63"":0.001901215,""64"":2.730751636,""65"":0.386304292,""66"":0.045790042,""68"":0.432094334,""69"":0.18542606,""70"":0.021063419,""72"":0.20648948,""73"":0.637917696,""210"":17.0,""211"":2.873050208}"
4685518,Kamari Ramsey,S,34,2.34,2.34,17.0,1353,1352,1352,170.86,0.67,"{""93"":0.000115301,""94"":0.001398984,""95"":0.015080813,""96"":0.00386924,""97"":0.000749456,""98"":9.99274e-05,""99"":0.005574581,""100"":0.011149161,""103"":0.000899347,""104"":0.000499637,""105"":0.001514285,""106"":0.005952678,""107"":0.377176123,""108"":0.647329958,""109"":1.024506081,""112"":0.02085273,""113"":0.066647739,""210"":17.0}"
3149687,Chris Brooks,RB,9,45.67,45.67,17.0,368,358,358,170.21,0.67,"{""23"":22.41139039,""24"":98.50777559,""25"":0.610006757,""26"":0.016616277,""27"":19.0,""28"":9.0,""29"":4.0,""30"":3.0,""31"":1.0,""33"":4.0,""34"":2.0,""35"":0.041602771,""36"":0.029121939,""37"":0.024451082,""38"":0.000834422,""39"":4.395433478,""40"":5.794575035,""42"":110.954004,""43"":0.577818824,""44"":0.018459879,""45"":0.038215198,""46"":0.024973632,""47"":22.0,""48"":11.0,""49"":5.0,""50"":4.0,""51"":2.0,""53"":15.73930897,""56"":0.046751425,""57"":0.00144592,""58"":20.95166686,""60"":7.049483824,""61"":6.526706117,""62"":0.035076155,""63"":0.001005408,""66"":0.134231997,""67"":0.094269871,""68"":0.228501869,""70"":0.061746719,""71"":0.052791128,""72"":0.114537847,""73"":0.114537847,""210"":17.0,""211"":7.214460921,""212"":5.733752727}"
3932335,Zayne Anderson,S,15,55.47,55.47,17.0,975,975,975,171.76,0.67,"{""93"":0.002794477,""94"":0.033906322,""95"":0.603839062,""96"":0.113393928,""97"":0.018164101,""98"":0.00242188,""99"":0.128661884,""100"":0.257323768,""103"":0.021796921,""104"":0.012109401,""105"":0.036700799,""106"":0.174452196,""107"":8.705606936,""108"":14.94103106,""109"":23.64663799,""110"":7.0,""111"":4.0,""112"":0.533851903,""113"":2.216281786,""210"":17.0}"
4239694,Amik Robertson,CB,28,38.37,38.37,17.0,1066,1065,1065,170.41,0.67,"{""93"":0.002115899,""94"":0.045992972,""95"":0.428248,""96"":0.274864339,""97"":0.014811296,""98"":0.001559084,""99"":0.060226361,""100"":0.120452722,""103"":0.039756637,""104"":0.006236335,""105"":0.048108872,""106"":0.422868215,""107"":4.017308497,""108"":10.46657153,""109"":14.48388003,""110"":4.0,""111"":2.0,""112"":0.504872269,""113"":3.202302458,""210"":17.0}"
3932886,Sean Murphy-Bunting,CB,22,53.52,53.52,17.0,971,971,971,171.27,0.67,"{""93"":0.00286105,""94"":0.06219019,""95"":0.333073414,""96"":0.393081065,""97"":0.020027349,""98"":0.002108142,""99"":0.046870287,""100"":0.093740574,""103"":0.053757622,""104"":0.008432568,""105"":0.06505124,""106"":0.6047401,""107"":5.918310141,""108"":15.41938253,""109"":21.33769267,""110"":7.0,""111"":4.0,""112"":1.06754674,""113"":2.779206914,""210"":17.0}"
4429110,Lathan Ransom,S,29,66.63,66.63,17.0,955,955,955,171.3,0.67,"{""93"":0.002902793,""94"":0.035220556,""95"":0.500050153,""96"":0.255422647,""97"":0.018868155,""98"":0.002515754,""99"":0.162589594,""100"":0.325179188,""103"":0.022641786,""104"":0.01257877,""105"":0.038123349,""106"":0.392957918,""107"":10.64178297,""108"":18.26400055,""109"":28.90578351,""110"":9.0,""111"":5.0,""112"":0.908544904,""113"":1.749616401,""210"":17.0}"
4259491,Javon Kinlaw,DT,28,78.95,78.95,17.0,903,903,903,170.24,0.66,"{""93"":0.002993781,""94"":0.026392547,""95"":0.024826755,""96"":0.45512139,""97"":0.200583359,""98"":0.015835528,""99"":1.550261039,""100"":3.100522077,""103"":0.005278509,""104"":0.021114038,""105"":0.029386329,""106"":0.700186754,""107"":18.86017959,""108"":17.67397481,""109"":36.5341544,""110"":12.0,""111"":7.0,""112"":2.810796898,""113"":0.621391479,""210"":17.0}"
4686308,C.J. West,DT,25,85.36,85.36,17.0,877,877,877,170.08,0.66,"{""93"":0.002809792,""94"":0.024770532,""95"":0.003564274,""96"":0.161180735,""97"":0.188256041,""98"":0.014862319,""99"":2.747658836,""100"":5.495317673,""103"":0.004954106,""104"":0.019816425,""105"":0.027580323,""106"":0.247970362,""107"":20.42167523,""108"":19.13726069,""109"":39.55893592,""110"":13.0,""111"":7.0,""112"":2.614458198,""113"":0.077819347,""210"":17.0}"
4568217,Tyler Davis,DT,14,82.97,82.97,17.0,928,928,928,170.1,0.66,"{""93"":0.002517855,""94"":0.022196878,""95"":0.002996502,""96"":0.086897145,""97"":0.168696272,""98"":0.013318127,""99"":1.284518548,""100"":2.569037097,""103"":0.004439376,""104"":0.017757502,""105"":0.024714733,""106"":0.133687915,""107"":20.66739484,""108"":19.36752586,""109"":40.0349207,""110"":13.0,""111"":8.0,""112"":0.993393701,""113"":0.069733931,""210"":17.0}"
4685350,Trevor Etienne,RB,29,15.06,15.06,17.0,413,403,403,170.08,0.65,"{""23"":12.32154129,""24"":52.45715662,""25"":0.297036491,""26"":0.020734325,""27"":10.0,""28"":5.0,""29"":2.0,""30"":2.0,""31"":1.0,""33"":2.0,""34"":1.0,""35"":0.022748189,""36"":0.015923732,""37"":0.006737441,""38"":0.00023,""39"":4.257353476,""40"":3.085715095,""42"":29.64720717,""43"":0.152415185,""44"":0.009253776,""45"":0.045717286,""46"":0.029876247,""47"":5.0,""48"":2.0,""49"":1.0,""50"":1.0,""53"":4.105753887,""56"":0.016228878,""57"":0.000501924,""58"":5.223378865,""60"":7.220892433,""61"":1.743953363,""62"":0.029988101,""63"":0.000618,""66"":0.105427583,""67"":0.035130322,""68"":0.140557904,""70"":0.048496688,""71"":0.01967298,""72"":0.068169668,""73"":0.068169668,""101"":0.120737665,""102"":0.195109315,""114"":1218.397328,""115"":189.3024899,""116"":121.0,""117"":48.0,""118"":18.0,""119"":7.0,""210"":17.0,""211"":4.813236613,""212"":0.666005154}"
4685522,Ty Simpson,QB,14,12.7,12.7,17.0,477,477,477,169.92,0.65,"{""0"":21.85655652,""1"":13.51222586,""2"":8.344330666,""3"":146.3658496,""4"":1.194501701,""5"":29.0,""6"":14.0,""7"":7.0,""8"":5.0,""9"":2.0,""10"":1.0,""11"":2.0,""12"":1.0,""15"":0.086169992,""16"":0.05631209,""17"":0.218140023,""18"":0.029464997,""19"":0.019686447,""20"":0.585442061,""21"":0.618222996,""22"":8.609755861,""23"":1.098041042,""24"":4.824935706,""25"":0.061698631,""26"":0.000925516,""35"":0.002014907,""36"":0.001410435,""37"":2.44204e-05,""38"":8.33e-07,""39"":4.394130567,""40"":0.283819747,""62"":0.020611963,""63"":0.001457677,""64"":2.00088066,""65"":0.316713492,""66"":0.014576772,""68"":0.331290263,""69"":0.152022476,""70"":0.006705315,""72"":0.158727791,""73"":0.744169852,""210"":17.0,""211"":2.347611186}"
4334300,Dennis Gardeck,DE,30,84.28,84.28,17.0,817,817,817,171.09,0.64,"{""93"":0.007114954,""94"":0.053326217,""95"":0.294656821,""96"":0.592979587,""97"":0.125697512,""98"":0.022854093,""99"":2.54215095,""100"":5.0843019,""103"":0.022854093,""104"":0.030472124,""105"":0.060441171,""106"":0.912276287,""107"":14.30795227,""108"":19.49275531,""109"":33.80070759,""110"":11.0,""111"":6.0,""112"":3.549601522,""113"":4.771536019,""210"":17.0}"
3134448,Tremon Smith,CB,34,10.83,10.83,17.0,1305,1304,1304,170.41,0.64,"{""93"":0.000524222,""94"":0.011394938,""95"":0.076709168,""96"":0.02134233,""97"":0.003669556,""98"":0.000386269,""99"":0.002393263,""100"":0.004786527,""101"":0.02943811,""103"":0.009849861,""104"":0.001545076,""105"":0.04135727,""106"":0.032834354,""107"":1.195046218,""108"":3.113536523,""109"":4.308582741,""110"":1.0,""112"":0.18728889,""113"":0.661425044,""114"":142.2650726,""116"":14.0,""117"":5.0,""210"":17.0}"
4569323,Thomas Harper,S,8,40.8,40.8,17.0,1072,1071,1071,169.96,0.64,"{""93"":0.002085771,""94"":0.025307356,""95"":0.512957823,""96"":0.169741532,""97"":0.013557512,""98"":0.001807668,""99"":0.053968628,""100"":0.107937257,""103"":0.016269015,""104"":0.009038342,""105"":0.027393127,""106"":0.261140818,""107"":6.253503815,""108"":10.73259974,""109"":16.98610355,""110"":5.0,""111"":3.0,""112"":0.418897458,""113"":1.977917755,""210"":17.0}"
4360488,JuJu Brents,CB,15,135.0,135.0,17.0,860,860,860,171.08,0.64,"{""93"":0.006352627,""94"":0.13808606,""95"":1.00267635,""96"":0.424198253,""97"":0.044468392,""98"":0.004680883,""99"":0.030366886,""100"":0.060733773,""103"":0.119362527,""104"":0.018723534,""105"":0.144438688,""106"":0.652612698,""107"":15.20681937,""108"":39.61937771,""109"":54.82619708,""110"":18.0,""111"":10.0,""112"":1.141709573,""113"":7.180211802,""210"":17.0}"
4427816,Marist Liufau,DE,6,17.03,17.03,17.0,1185,1185,1185,170.0,0.63,"{""93"":0.001494125,""94"":0.011198391,""95"":0.062141275,""96"":0.165743205,""97"":0.026396206,""98"":0.00479931,""99"":0.288201687,""100"":0.576403373,""103"":0.00479931,""104"":0.00639908,""105"":0.012692516,""106"":0.254989546,""107"":2.974339526,""108"":4.052157254,""109"":7.02649678,""110"":2.0,""111"":1.0,""112"":0.653558771,""113"":0.789321383,""210"":17.0}"
4567138,Justin Eboigbe,DT,24,81.2,81.2,17.0,863,863,863,170.28,0.62,"{""93"":0.002528334,""94"":0.022289264,""95"":0.047352824,""96"":0.128329562,""97"":0.169398404,""98"":0.013373558,""99"":3.536169604,""100"":7.072339207,""103"":0.004457853,""104"":0.017831411,""105"":0.024817598,""106"":0.197430095,""107"":18.64895582,""108"":17.47603589,""109"":36.12499172,""110"":12.0,""111"":7.0,""112"":2.344798404,""113"":1.229659034,""210"":17.0}"
4874509,DJ Giddens,RB,11,38.09,38.09,17.0,377,361,361,170.2,0.62,"{""23"":33.55531944,""24"":141.4618713,""25"":1.005521441,""26"":0.049299778,""27"":28.0,""28"":14.0,""29"":7.0,""30"":5.0,""31"":2.0,""33"":6.0,""34"":3.0,""35"":0.062663125,""36"":0.043864187,""37"":0.050897957,""38"":0.001736952,""39"":4.215780797,""40"":8.32128655,""42"":56.83157526,""43"":0.30035117,""44"":0.023888847,""45"":0.040579041,""46"":0.026518403,""47"":11.0,""48"":5.0,""49"":2.0,""50"":2.0,""51"":1.0,""53"":8.544019892,""56"":0.028188885,""57"":0.000871821,""58"":10.47601613,""60"":6.651620195,""61"":3.343033839,""62"":0.073188625,""63"":0.001584956,""66"":0.287111501,""67"":0.073105738,""68"":0.360217239,""70"":0.132071291,""71"":0.040939213,""72"":0.173010504,""73"":0.173010504,""210"":17.0,""211"":9.636705865,""212"":2.487763914}"
4429275,Trey Benson,RB,22,0,0.0,,1509,1508,1508,169.93,0.62,{}
4373423,Karl Brooks,DT,9,73.56,73.56,17.0,924,924,924,170.06,0.62,"{""93"":0.003386381,""94"":0.029853618,""95"":0.032171885,""96"":0.171618643,""97"":0.226887496,""98"":0.017912171,""99"":2.798260516,""100"":5.596521033,""103"":0.005970724,""104"":0.023882894,""105"":0.033239998,""106"":0.264028681,""107"":17.0773516,""108"":16.0032772,""109"":33.0806288,""110"":11.0,""111"":6.0,""112"":-0.412323319,""113"":0.770216345,""210"":17.0}"
4685315,Dani Dennis-Sutton,DE,9,25.53,25.53,17.0,1110,1109,1109,169.88,0.61,"{""93"":0.002640794,""94"":0.019792621,""95"":0.037452477,""96"":0.13090345,""97"":0.046654036,""98"":0.008482552,""99"":1.221157279,""100"":2.442314559,""103"":0.008482552,""104"":0.011310069,""105"":0.022433416,""106"":0.201389923,""107"":4.422237122,""108"":6.024732575,""109"":10.4469697,""110"":3.0,""111"":2.0,""112"":0.415826816,""113"":0.440805671,""210"":17.0}"
4431487,Savion Williams,WR,9,72.33,72.33,17.0,383,363,363,170.14,0.61,"{""23"":8.964556155,""24"":47.0029454,""25"":0.319457627,""26"":0.008701865,""27"":9.0,""28"":4.0,""29"":2.0,""30"":1.0,""33"":1.0,""35"":0.016520531,""36"":0.011564372,""37"":0.005381598,""38"":0.000184,""39"":5.243198279,""40"":2.764879141,""42"":271.4619515,""43"":1.987677909,""44"":0.063482387,""45"":0.136685792,""46"":0.089324165,""47"":54.0,""48"":27.0,""49"":13.0,""50"":10.0,""51"":5.0,""53"":23.91351046,""56"":0.107341024,""57"":0.003319825,""58"":36.665417,""60"":11.35182356,""61"":15.96835009,""62"":0.072184251,""63"":0.002636444,""66"":0.163376044,""67"":0.435815746,""68"":0.59919179,""70"":0.07515298,""71"":0.244056818,""72"":0.319209798,""73"":0.319209798,""101"":0.11737761,""114"":1295.562603,""116"":129.0,""117"":51.0,""210"":17.0,""211"":4.441840868,""212"":12.59961584}"
4427963,Isaiah McGuire,DE,5,74.75,74.75,17.0,829,829,829,170.22,0.61,"{""93"":0.007275571,""94"":0.05453004,""95"":0.06718471,""96"":0.70755409,""97"":0.128535094,""98"":0.023370017,""99"":4.078061067,""100"":8.156122133,""103"":0.023370017,""104"":0.031160023,""105"":0.061805611,""106"":1.088544754,""107"":12.56487952,""108"":17.11804159,""109"":29.68292111,""110"":9.0,""111"":5.0,""112"":2.970216741,""113"":0.865002272,""210"":17.0}"
4240603,Malik Davis,RB,6,37.58,37.58,17.0,399,379,379,170.1,0.61,"{""23"":44.2277914,""24"":192.2100307,""25"":1.416996996,""26"":0.0533964,""27"":38.0,""28"":19.0,""29"":9.0,""30"":7.0,""31"":3.0,""33"":8.0,""34"":4.0,""35"":0.083066802,""36"":0.058146762,""37"":0.0946,""38"":0.00323,""39"":4.345910673,""40"":11.30647239,""42"":29.55142506,""43"":0.157901722,""44"":0.005649125,""45"":0.037952728,""46"":0.024802107,""47"":5.0,""48"":2.0,""49"":1.0,""50"":1.0,""53"":4.144058531,""56"":0.016181222,""57"":0.00050045,""58"":5.652703168,""60"":7.131034671,""61"":1.738319121,""62"":0.059045525,""63"":0.001456883,""66"":0.302743238,""67"":0.028366456,""68"":0.331109694,""70"":0.13926189,""71"":0.015885215,""72"":0.155147105,""73"":0.155147105,""210"":17.0,""211"":12.3053762,""212"":0.674338281}"
4040761,Devin Singletary,RB,19,20.14,20.14,17.0,410,398,398,170.09,0.61,"{""23"":22.26084336,""24"":89.15324214,""25"":0.621094319,""26"":0.026088868,""27"":17.0,""28"":8.0,""29"":4.0,""30"":3.0,""31"":1.0,""33"":4.0,""34"":2.0,""35"":0.041320143,""36"":0.0289241,""37"":0.020002886,""38"":0.000682622,""39"":4.004935514,""40"":5.244308361,""42"":26.32626519,""43"":0.091356578,""44"":0.004886304,""45"":0.037581762,""46"":0.024559682,""47"":5.0,""48"":2.0,""49"":1.0,""50"":1.0,""53"":4.207305692,""56"":0.01459212,""57"":0.000451303,""58"":5.062511921,""60"":6.25727416,""61"":1.548603835,""62"":0.030975172,""63"":0.000866004,""66"":0.165533331,""67"":0.031285846,""68"":0.196819177,""70"":0.076145332,""71"":0.017520074,""72"":0.093665406,""73"":0.093665406,""210"":17.0,""211"":6.897721691,""212"":0.572605788}"
4430330,Darien Porter,CB,13,106.5,106.5,17.0,908,908,908,171.16,0.61,"{""93"":0.00632549,""94"":0.137496172,""95"":0.737602026,""96"":0.1385486,""97"":0.044278428,""98"":0.004660887,""99"":0.031643558,""100"":0.063287116,""103"":0.118852623,""104"":0.018643549,""105"":0.143821662,""106"":0.213151693,""107"":12.28866051,""108"":32.01649672,""109"":44.30515723,""110"":14.0,""111"":8.0,""112"":0.63435707,""113"":4.15710322,""210"":17.0}"
4678006,Elijah Arroyo,TE,26,63.27,63.27,17.0,459,459,459,169.89,0.6,"{""42"":264.2377247,""43"":1.715674258,""44"":0.062362631,""45"":0.143975027,""46"":0.09408768,""47"":52.0,""48"":26.0,""49"":13.0,""50"":10.0,""51"":5.0,""53"":24.10082184,""56"":0.103284572,""57"":0.003194368,""58"":35.28096543,""60"":10.96384706,""61"":15.54339557,""62"":0.062362631,""63"":0.001296792,""67"":0.294725485,""68"":0.294725485,""71"":0.165046272,""72"":0.165046272,""73"":0.165046272,""210"":17.0,""212"":12.3318679}"
4256224,Claudin Cherelus,LB,29,41.56,41.56,17.0,749,749,749,170.69,0.6,"{""93"":0.001401391,""94"":0.017517391,""95"":0.093285606,""96"":0.067147481,""97"":0.002102087,""98"":0.002102087,""99"":0.193111133,""100"":0.386222265,""103"":0.011911826,""104"":0.005605565,""105"":0.018918782,""106"":0.103303816,""107"":8.587402163,""108"":10.82819328,""109"":19.41559545,""110"":6.0,""111"":3.0,""112"":0.525193538,""113"":0.514666953,""210"":17.0}"
3126352,Da'Shawn Hand,DT,1,58.01,58.01,17.0,990,990,990,170.79,0.59,"{""93"":0.0020883,""94"":0.018410016,""95"":0.043409717,""96"":0.127896397,""97"":0.139916119,""98"":0.011046009,""99"":1.562496733,""100"":3.124993467,""103"":0.003682003,""104"":0.014728013,""105"":0.020498316,""106"":0.196763687,""107"":13.68370456,""108"":12.82307247,""109"":26.50677702,""110"":8.0,""111"":5.0,""112"":2.341698653,""113"":1.169581688,""210"":17.0}"
5089178,Jamaree Caldwell,DT,24,90.06,90.06,17.0,845,845,845,170.5,0.59,"{""93"":0.003146372,""94"":0.02773775,""95"":0.064321046,""96"":0.506395489,""97"":0.210806903,""98"":0.01664265,""99"":1.53155316,""100"":3.063106319,""103"":0.00554755,""104"":0.0221902,""105"":0.030884122,""106"":0.779069984,""107"":21.39066682,""108"":20.04530789,""109"":41.43597471,""110"":13.0,""111"":8.0,""112"":4.144014719,""113"":1.670290146,""210"":17.0}"
4684527,T.J. Sanders,DT,2,67.48,67.48,17.0,954,954,954,170.28,0.59,"{""93"":0.002536779,""94"":0.022363712,""95"":0.044008253,""96"":0.147229151,""97"":0.169964212,""98"":0.013418227,""99"":2.220235497,""100"":4.440470995,""103"":0.004472742,""104"":0.01789097,""105"":0.024900491,""106"":0.226506386,""107"":15.79170087,""108"":14.79848705,""109"":30.59018791,""110"":10.0,""111"":6.0,""112"":0.92496297,""113"":1.042965849,""210"":17.0}"
16002,Kyle Juszczyk,RB,25,46.5,46.5,17.0,997,997,997,169.93,0.58,"{""23"":4.42258901,""24"":18.59163204,""25"":0.151197903,""26"":0.007491859,""27"":3.0,""28"":1.0,""35"":0.008130198,""36"":0.005691138,""37"":0.000764,""38"":2.61e-05,""39"":4.203789227,""40"":1.093625414,""42"":162.3806684,""43"":0.946595896,""44"":0.04852436,""45"":0.064464317,""46"":0.042127431,""47"":32.0,""48"":16.0,""49"":8.0,""50"":6.0,""51"":3.0,""53"":20.422023,""56"":0.062141891,""57"":0.001921914,""58"":26.33908559,""60"":7.95125284,""61"":9.551804023,""62"":0.056016218,""63"":0.001086257,""66"":0.043946483,""67"":0.202930021,""68"":0.246876504,""70"":0.020215382,""71"":0.113640812,""72"":0.133856194,""73"":0.133856194,""210"":17.0,""211"":3.081146858,""212"":8.370042071}"
4432668,Denzel Burke,CB,22,110.63,110.63,17.0,890,890,890,171.13,0.58,"{""93"":0.005789999,""94"":0.125856287,""95"":1.144343693,""96"":0.105397388,""97"":0.040529991,""98"":0.004266315,""99"":0.05963526,""100"":0.11927052,""103"":0.108791028,""104"":0.017065259,""105"":0.131646286,""106"":0.162149827,""107"":11.99545721,""108"":31.25259388,""109"":43.24805109,""110"":14.0,""111"":8.0,""112"":1.764777541,""113"":9.593067247,""210"":17.0}"
4429166,Princely Umanmielen,DE,29,50.1,50.1,17.0,989,989,989,170.0,0.58,"{""93"":0.004682304,""94"":0.035093635,""95"":0.07987552,""96"":0.411171852,""97"":0.08272071,""98"":0.015040129,""99"":2.773981853,""100"":5.547963706,""103"":0.015040129,""104"":0.020053505,""105"":0.039775939,""106"":0.63257208,""107"":8.3697456,""108"":11.40270808,""109"":19.77245368,""110"":6.0,""111"":3.0,""112"":0.596986702,""113"":0.947126671,""210"":17.0}"
4259804,Willie Gay Jr.,LB,15,8.47,8.47,17.0,1316,1315,1315,170.19,0.57,"{""93"":0.000324303,""94"":0.004053784,""95"":0.06176329,""96"":0.031420966,""97"":0.000486454,""98"":0.000486454,""99"":0.13442082,""100"":0.26884164,""103"":0.002756573,""104"":0.001297211,""105"":0.004378086,""106"":0.048339947,""107"":1.608621534,""108"":2.028374188,""109"":3.636995721,""110"":1.0,""112"":0.176237385,""113"":0.35745104,""210"":17.0}"
3125248,Jeremy Reaves,S,28,28.19,28.19,17.0,1141,1141,1141,171.29,0.57,"{""93"":0.001163462,""94"":0.014116672,""95"":0.277457803,""96"":0.01814052,""97"":0.007562503,""98"":0.001008334,""99"":0.040102828,""100"":0.080205657,""103"":0.009075004,""104"":0.005041669,""105"":0.015280134,""106"":0.027908492,""107"":4.493173921,""108"":7.711426854,""109"":12.20460078,""110"":4.0,""111"":2.0,""112"":0.621909204,""113"":1.063386732,""210"":17.0}"
4567403,Mohamoud Diabate,LB,10,0,0.0,,2331,2356,2331,170.0,0.57,{}
4710865,Jakobe Thomas,S,16,23.88,23.88,17.0,1172,1172,1172,169.88,0.57,"{""93"":0.001159795,""94"":0.014072175,""95"":0.238606683,""96"":0.038920117,""97"":0.007538665,""98"":0.001005155,""99"":0.064874182,""100"":0.129748363,""103"":0.009046398,""104"":0.005025777,""105"":0.015231969,""106"":0.059877103,""107"":3.793958794,""108"":6.511396228,""109"":10.30535502,""110"":3.0,""111"":2.0,""112"":0.200954223,""113"":0.777054244,""210"":17.0}"
4362636,Damone Clark,LB,8,0,0.0,,2166,2171,2166,170.0,0.57,{}
4045299,Marcelino McCrary-Ball,LB,20,21.84,21.84,17.0,803,803,803,170.02,0.57,"{""93"":0.000752651,""94"":0.009408139,""95"":0.042439997,""96"":0.047510072,""97"":0.001128977,""98"":0.001128977,""99"":0.238482871,""100"":0.476965742,""103"":0.006397535,""104"":0.003010605,""105"":0.010160791,""106"":0.073092419,""107"":4.453436393,""108"":5.615513182,""109"":10.06894958,""110"":3.0,""111"":2.0,""112"":0.36015362,""113"":0.234495996,""210"":17.0}"
3124587,Jahlani Tavai,LB,30,111.76,111.76,17.0,665,665,665,171.22,0.57,"{""93"":0.003879604,""94"":0.04849505,""95"":0.188565742,""96"":0.448392162,""97"":0.005819406,""98"":0.005819406,""99"":0.592587947,""100"":1.185175894,""103"":0.032976634,""104"":0.015518416,""105"":0.052374654,""106"":0.689834095,""107"":22.83163664,""108"":28.78930901,""109"":51.62094565,""110"":17.0,""111"":10.0,""112"":3.004538711,""113"":1.420763477,""210"":17.0}"
4431588,Ja'Tavion Sanders,TE,29,81.1,81.1,17.0,451,441,441,169.99,0.56,"{""42"":303.8141955,""43"":2.086887531,""44"":0.126641984,""45"":0.075653659,""46"":0.049439666,""47"":60.0,""48"":30.0,""49"":15.0,""50"":12.0,""51"":6.0,""53"":35.05605009,""56"":0.128291404,""57"":0.003967775,""58"":47.01040978,""60"":8.66652674,""61"":17.87142327,""62"":0.126641984,""63"":0.002006578,""67"":0.45604035,""68"":0.45604035,""71"":0.255382596,""72"":0.255382596,""73"":0.255382596,""210"":17.0,""212"":16.07208441}"
4820574,Chris McClellan,DT,9,23.27,23.27,17.0,1156,1156,1156,170.07,0.55,"{""93"":0.000790155,""94"":0.006965844,""95"":0.017779934,""96"":0.049253394,""97"":0.052940416,""98"":0.004179506,""99"":0.606857731,""100"":1.213715461,""103"":0.001393169,""104"":0.005572675,""105"":0.007756,""106"":0.075774453,""107"":5.515555408,""108"":5.168656369,""109"":10.68421178,""110"":3.0,""111"":2.0,""112"":0.475341887,""113"":0.425663444,""210"":17.0}"
4431551,Lee Hunter,DT,29,56.0,56.0,17.0,1011,1011,1011,170.0,0.55,"{""93"":0.001890549,""94"":0.016666686,""95"":0.046903849,""96"":0.117845136,""97"":0.126666813,""98"":0.010000012,""99"":1.581597814,""100"":3.163195629,""103"":0.003333337,""104"":0.013333349,""105"":0.018557235,""106"":0.18130021,""107"":13.19668194,""108"":12.36668098,""109"":25.56336293,""110"":8.0,""111"":5.0,""112"":1.007705183,""113"":1.068379284,""210"":17.0}"
4427635,Adetomiwa Adebawore,DT,11,59.69,59.69,17.0,958,958,958,170.3,0.55,"{""93"":0.002306833,""94"":0.020336557,""95"":0.03385341,""96"":0.087257705,""97"":0.154557833,""98"":0.012201934,""99"":2.712931764,""100"":5.425863528,""103"":0.004067311,""104"":0.016269246,""105"":0.02264339,""106"":0.134242623,""107"":13.63922322,""108"":12.78138877,""109"":26.42061198,""110"":8.0,""111"":5.0,""112"":1.685187664,""113"":0.887515152,""210"":17.0}"
4567123,Byron Young,DT,21,38.25,38.25,17.0,1078,1077,1077,170.67,0.55,"{""93"":0.00112327,""94"":0.009902509,""95"":0.001239356,""96"":0.060724624,""97"":0.075259071,""98"":0.005941506,""99"":0.840193198,""100"":1.680386396,""103"":0.001980502,""104"":0.007922007,""105"":0.011025779,""106"":0.093422499,""107"":9.3772035,""108"":8.787427376,""109"":18.16463088,""110"":6.0,""111"":3.0,""112"":1.032366778,""113"":0.031109821,""210"":17.0}"
4239719,Malcolm Koonce,DE,13,51.89,51.89,17.0,956,956,956,170.0,0.55,"{""93"":0.0054234,""94"":0.040648109,""95"":0.063523161,""96"":0.49058975,""97"":0.0958134,""98"":0.017420618,""99"":3.436428953,""100"":6.872857905,""103"":0.017420618,""104"":0.023227491,""105"":0.046071509,""106"":0.754753462,""107"":8.454048952,""108"":11.51756062,""109"":19.97160957,""110"":6.0,""111"":3.0,""112"":0.806895547,""113"":0.621860808,""210"":17.0}"
4039020,Levi Onwuzurike,DT,8,25.66,25.66,17.0,1132,1131,1131,170.0,0.55,"{""93"":0.001066147,""94"":0.009398924,""95"":0.019732589,""96"":0.129539296,""97"":0.071431822,""98"":0.005639354,""99"":0.912582014,""100"":1.825164029,""103"":0.001879785,""104"":0.007519139,""105"":0.010465071,""106"":0.199291225,""107"":5.839993023,""108"":5.472688587,""109"":11.31268161,""110"":3.0,""111"":2.0,""112"":-0.007184015,""113"":0.531914392,""210"":17.0}"
4367210,Otito Ogbonnia,DT,6,61.84,61.84,17.0,1006,1006,1006,170.21,0.55,"{""93"":0.002079922,""94"":0.018336157,""95"":0.002353428,""96"":0.081153731,""97"":0.13935479,""98"":0.011001694,""99"":1.011153042,""100"":2.022306084,""103"":0.003667231,""104"":0.014668925,""105"":0.020416079,""106"":0.124851893,""107"":15.34424032,""108"":14.37916938,""109"":29.7234097,""110"":9.0,""111"":5.0,""112"":1.750293114,""113"":0.057605051,""210"":17.0}"
3892883,Neville Gallimore,DT,3,47.2,47.2,17.0,1033,1032,1032,170.87,0.55,"{""93"":0.001460892,""94"":0.012878917,""95"":0.009004486,""96"":0.051416363,""97"":0.097879773,""98"":0.00772735,""99"":1.516323536,""100"":3.032647072,""103"":0.002575783,""104"":0.010303134,""105"":0.01433981,""106"":0.079102097,""107"":11.28635589,""108"":10.57650425,""109"":21.86286014,""110"":7.0,""111"":4.0,""112"":0.881908554,""113"":0.242562708,""210"":17.0}"
4040805,Roy Lopez,DT,22,92.49,92.49,17.0,843,843,843,170.25,0.55,"{""93"":0.002939932,""94"":0.025917825,""95"":0.018755054,""96"":0.196660263,""97"":0.196975472,""98"":0.015550695,""99"":2.931109378,""100"":5.862218756,""103"":0.005183565,""104"":0.02073426,""105"":0.028857758,""106"":0.302554251,""107"":22.00260854,""108"":20.61876173,""109"":42.62137027,""110"":14.0,""111"":8.0,""112"":2.237099136,""113"":0.52746482,""210"":17.0}"
4241987,Baron Browning,DE,22,77.55,77.55,17.0,861,861,861,170.0,0.55,"{""93"":0.008264912,""94"":0.061945096,""95"":0.234933222,""96"":0.328533557,""97"":0.146013441,""98"":0.026547898,""99"":3.405997943,""100"":6.811995886,""103"":0.026547898,""104"":0.035397198,""105"":0.070210008,""106"":0.505436242,""107"":13.11554395,""108"":17.86825145,""109"":30.98379539,""110"":10.0,""111"":6.0,""112"":1.381006865,""113"":3.428732935,""210"":17.0}"
4430835,Alfred Collins,DT,25,66.57,66.57,17.0,930,930,930,170.25,0.55,"{""93"":0.002978379,""94"":0.026256764,""95"":0.052289867,""96"":0.829559292,""97"":0.199551404,""98"":0.015754058,""99"":1.791362628,""100"":3.582725255,""103"":0.005251353,""104"":0.021005411,""105"":0.029235143,""106"":1.276245064,""107"":14.9167291,""108"":13.97854634,""109"":28.89527544,""110"":9.0,""111"":5.0,""112"":0.619060588,""113"":1.141652867,""210"":17.0}"
4428350,Quincy Riley,CB,18,68.64,68.64,17.0,945,945,945,171.1,0.54,"{""93"":0.003789139,""94"":0.082363916,""95"":0.884052767,""96"":0.322618882,""97"":0.026523973,""98"":0.002791997,""99"":0.018334178,""100"":0.036668356,""103"":0.071195927,""104"":0.011167989,""105"":0.086153055,""106"":0.496336742,""107"":7.141073819,""108"":18.60513327,""109"":25.74620708,""110"":8.0,""111"":5.0,""112"":0.394163823,""113"":6.691776805,""210"":17.0}"
4372459,Christian Izien,S,8,9.02,9.02,2.0,943,943,943,171.84,0.54,"{""93"":0.00041328,""94"":0.005014463,""95"":0.031003206,""96"":0.048751952,""97"":0.002686319,""98"":0.000358176,""99"":0.018994097,""100"":0.037988194,""103"":0.003223583,""104"":0.001790879,""105"":0.005427742,""106"":0.075003003,""107"":1.470182937,""108"":2.523207065,""109"":3.993390002,""110"":1.0,""112"":0.161394944,""113"":0.117283319,""210"":2.0}"
3115481,J.T. Gray,S,21,28.58,28.58,17.0,1140,1140,1140,171.74,0.54,"{""93"":0.001388172,""94"":0.016843153,""95"":0.217663667,""96"":0.117620986,""97"":0.009023118,""98"":0.001203082,""99"":0.089712274,""100"":0.179424548,""103"":0.010827741,""104"":0.006015412,""105"":0.018231325,""106"":0.180955364,""107"":4.533071468,""108"":7.779901172,""109"":12.31297264,""110"":4.0,""111"":2.0,""112"":0.289543857,""113"":0.836635601,""210"":17.0}"
4361196,Cam Taylor-Britt,CB,11,56.15,56.15,16.0,959,959,959,171.38,0.54,"{""93"":0.002975363,""94"":0.064674997,""95"":0.597130672,""96"":0.089876319,""97"":0.020827541,""98"":0.002192373,""99"":0.144246315,""100"":0.28849263,""103"":0.055905506,""104"":0.008769491,""105"":0.06765036,""106"":0.138271261,""107"":6.061133905,""108"":15.79149116,""109"":21.85262506,""110"":7.0,""111"":4.0,""112"":0.563800112,""113"":4.643761791,""210"":16.0}"
4695404,Isaiah Davis,RB,20,53.39,53.39,17.0,364,356,356,170.26,0.53,"{""23"":39.09832619,""24"":178.16313,""25"":1.314951728,""26"":0.148608188,""27"":35.0,""28"":17.0,""29"":8.0,""30"":7.0,""31"":3.0,""33"":7.0,""34"":3.0,""35"":0.073231979,""36"":0.051262385,""37"":0.0811,""38"":0.00277,""39"":4.556796858,""40"":10.48018412,""42"":95.37889827,""43"":0.410853661,""44"":0.050120939,""45"":0.056013563,""46"":0.036604863,""47"":19.0,""48"":9.0,""49"":4.0,""50"":3.0,""51"":1.0,""53"":12.88385315,""56"":0.041889338,""57"":0.001295547,""58"":15.92695368,""60"":7.402979309,""61"":5.610523428,""62"":0.198729127,""63"":0.000978512,""66"":0.16726974,""67"":0.055119464,""68"":0.222389204,""70"":0.07694408,""71"":0.0308669,""72"":0.10781098,""73"":0.10781098,""210"":17.0,""211"":11.44337179,""212"":4.585125197}"
4568617,Jordan Magee,LB,28,0,0.0,,2364,2369,2364,170.0,0.53,{}
3917797,Joe Giles-Harris,LB,4,0,0.0,,1954,1957,1954,170.0,0.53,{}
4240042,Cory Durden,DT,17,64.27,64.27,17.0,966,966,966,170.29,0.52,"{""93"":0.002246786,""94"":0.019807188,""95"":0.013244737,""96"":0.093998992,""97"":0.15053463,""98"":0.011884313,""99"":1.550465923,""100"":3.100931846,""103"":0.003961438,""104"":0.015845751,""105"":0.022053974,""106"":0.144613834,""107"":15.58816812,""108"":14.60775542,""109"":30.19592354,""110"":10.0,""111"":6.0,""112"":2.530186133,""113"":0.343665776,""210"":17.0}"
4808766,Mason Taylor,TE,20,60.2,60.2,17.0,464,464,464,169.94,0.51,"{""42"":231.5660672,""43"":1.140944088,""44"":0.139043421,""45"":0.065583264,""46"":0.042858663,""47"":46.0,""48"":23.0,""49"":11.0,""50"":9.0,""51"":4.0,""53"":27.57881748,""56"":0.087238043,""57"":0.002698084,""58"":37.16289191,""60"":8.396519082,""61"":13.62153337,""62"":0.139043421,""63"":0.001483933,""67"":0.337257394,""68"":0.337257394,""71"":0.188864141,""72"":0.188864141,""73"":0.188864141,""210"":17.0,""212"":11.98864549}"
4870953,Malik Muhammad,CB,3,36.98,36.98,17.0,1094,1093,1093,170.67,0.51,"{""93"":0.001894254,""94"":0.041175091,""95"":0.259877068,""96"":0.069150424,""97"":0.013259775,""98"":0.001395766,""99"":0.090008047,""100"":0.180016094,""103"":0.035592027,""104"":0.005583063,""105"":0.043069344,""106"":0.106385268,""107"":4.159382028,""108"":10.83672552,""109"":14.99610755,""110"":4.0,""111"":2.0,""112"":0.410834588,""113"":2.091484856,""210"":17.0}"
4687592,Jonah Elliss,DE,7,64.44,64.44,17.0,907,907,907,170.4,0.51,"{""93"":0.00668961,""94"":0.050138288,""95"":0.133152981,""96"":0.232357178,""97"":0.118183107,""98"":0.021487838,""99"":2.96546466,""100"":5.930929319,""103"":0.021487838,""104"":0.02865045,""105"":0.056827898,""106"":0.357472582,""107"":11.14228721,""108"":15.17994148,""109"":26.3222287,""110"":8.0,""111"":5.0,""112"":2.950685611,""113"":1.774284741,""210"":17.0}"
4036660,Darrell Baker Jr.,CB,15,74.37,74.37,17.0,951,951,951,171.22,0.51,"{""93"":0.003917454,""94"":0.085153071,""95"":0.604952352,""96"":0.058061283,""97"":0.027422175,""98"":0.002886545,""99"":0.018629302,""100"":0.037258605,""103"":0.073606891,""104"":0.011546179,""105"":0.089070524,""106"":0.089325051,""107"":8.401520544,""108"":21.88906225,""109"":30.29058279,""110"":10.0,""111"":6.0,""112"":0.284276525,""113"":4.33209182,""210"":17.0}"
5093694,Keionte Scott,CB,27,14.4,14.4,17.0,1240,1240,1240,170.61,0.51,"{""93"":0.000738228,""94"":0.016046749,""95"":0.100144966,""96"":0.026949292,""97"":0.005167597,""98"":0.000543958,""99"":0.029057447,""100"":0.058114894,""103"":0.013870919,""104"":0.00217583,""105"":0.016784978,""106"":0.041460449,""107"":1.620993665,""108"":4.223286851,""109"":5.844280516,""110"":1.0,""111"":1.0,""112"":0.166130861,""113"":0.815093127,""210"":17.0}"
4688432,Elijah Ponder,DE,17,70.73,70.73,17.0,865,865,865,170.25,0.51,"{""93"":0.007464714,""94"":0.055947652,""95"":0.122775365,""96"":0.354022758,""97"":0.131876609,""98"":0.023977565,""99"":4.562771251,""100"":9.125542502,""103"":0.023977565,""104"":0.031970087,""105"":0.063412366,""106"":0.544650396,""107"":11.67732364,""108"":15.90886019,""109"":27.58618383,""110"":9.0,""111"":5.0,""112"":1.158991972,""113"":1.653172698,""210"":17.0}"
4832035,Davison Igbinosun,CB,2,42.06,42.06,17.0,1061,1060,1060,170.36,0.51,"{""93"":0.002111645,""94"":0.045900501,""95"":0.400388008,""96"":0.07708639,""97"":0.014781517,""98"":0.001555949,""99"":0.100094569,""100"":0.200189137,""103"":0.039676704,""104"":0.006223797,""105"":0.048012146,""106"":0.118594446,""107"":4.636728527,""108"":12.08038936,""109"":16.71711788,""110"":5.0,""111"":3.0,""112"":0.458226672,""113"":2.834906164,""210"":17.0}"
4365319,Josh Newton,CB,4,69.57,69.57,17.0,947,947,947,171.63,0.51,"{""93"":0.004212608,""94"":0.091568803,""95"":0.738006957,""96"":0.113631373,""97"":0.029488259,""98"":0.003104027,""99"":0.023897533,""100"":0.047795067,""103"":0.079152694,""104"":0.012416109,""105"":0.095781412,""106"":0.174817497,""107"":7.559102311,""108"":19.69425179,""109"":27.2533541,""110"":9.0,""111"":5.0,""112"":0.738187192,""113"":5.574252599,""210"":17.0}"
3858271,Ashtyn Davis,S,25,13.94,13.94,17.0,1250,1250,1250,171.35,0.5,"{""93"":0.000694486,""94"":0.008426427,""95"":0.120562087,""96"":0.049954098,""97"":0.004514157,""98"":0.000601888,""99"":0.028360261,""100"":0.056720523,""103"":0.005416989,""104"":0.003009438,""105"":0.009120913,""106"":0.076852458,""107"":2.214924542,""108"":3.801372681,""109"":6.016297222,""110"":2.0,""111"":1.0,""112"":0.250145166,""113"":0.403066081,""210"":17.0}"
4362492,Ar'Darius Washington,S,19,70.78,70.78,17.0,939,939,939,171.92,0.5,"{""93"":0.003253827,""94"":0.039479762,""95"":0.750849472,""96"":0.370007079,""97"":0.021149873,""98"":0.002819983,""99"":0.645386385,""100"":1.290772769,""103"":0.025379847,""104"":0.014099915,""105"":0.042733589,""106"":0.56924166,""107"":10.76276521,""108"":18.47163678,""109"":29.234402,""110"":9.0,""111"":5.0,""112"":1.207252477,""113"":2.925198903,""210"":17.0}"
5091739,Chris Brazzell II,WR,29,0,0.0,,1617,1616,1616,169.99,0.5,{}
3929850,P.J. Locke,S,6,29.13,29.13,17.0,1120,1119,1119,170.63,0.5,"{""93"":0.001505209,""94"":0.018263198,""95"":0.361743749,""96"":0.179785162,""97"":0.009783856,""98"":0.001304514,""99"":0.215505657,""100"":0.431011314,""103"":0.011740627,""104"":0.006522571,""105"":0.019768407,""106"":0.276592557,""107"":4.370031914,""108"":7.500083916,""109"":11.87011583,""110"":3.0,""111"":2.0,""112"":0.241667525,""113"":1.355843779,""210"":17.0}"
4331768,Jonathan Owens,S,11,95.75,95.75,17.0,913,913,913,171.64,0.5,"{""93"":0.00463554,""94"":0.056244551,""95"":0.503141599,""96"":0.345171963,""97"":0.03013101,""98"":0.004017468,""99"":0.850434773,""100"":1.700869545,""103"":0.036157212,""104"":0.02008734,""105"":0.060880091,""106"":0.531033789,""107"":15.28683606,""108"":26.23609061,""109"":41.52292668,""110"":13.0,""111"":8.0,""112"":0.154062034,""113"":2.019819396,""210"":17.0}"
-16022,Cardinals D/ST,DST,22,117.39,117.39,17.0,518,518,518,169.72,0.5,"{""89"":0.039045337,""90"":0.169762333,""91"":1.137407629,""92"":1.76552826,""93"":0.124037322,""94"":1.543606806,""95"":12.37633325,""96"":7.848677431,""97"":1.971710494,""98"":0.266868146,""99"":35.94535364,""100"":71.89070729,""101"":0.269958973,""102"":0.25931276,""103"":1.014352349,""104"":0.529254457,""105"":2.196915862,""106"":12.07488835,""109"":1031.957177,""110"":343.0,""111"":206.0,""112"":42.86490092,""113"":85.12366109,""114"":1862.272157,""115"":207.6244379,""116"":186.0,""117"":74.0,""118"":20.0,""119"":8.0,""120"":454.4838749,""121"":2.461553825,""122"":4.566606751,""123"":4.108248452,""124"":2.427601358,""125"":0.324246056,""126"":26.73434558,""127"":6284.132709,""129"":0.067857499,""130"":1.357149985,""131"":2.816086219,""132"":4.461630576,""133"":4.190200579,""134"":2.71429997,""135"":1.068755613,""136"":0.324019559,""137"":369.6548652,""210"":17.0}"
4431567,Maason Smith,DT,1,51.05,51.05,17.0,1021,1020,1020,170.0,0.49,"{""93"":0.001975419,""94"":0.01741488,""95"":0.06448282,""96"":0.095486503,""97"":0.132353086,""98"":0.010448928,""99"":1.549307807,""100"":3.098615613,""103"":0.003482976,""104"":0.013931904,""105"":0.019390299,""106"":0.146902312,""107"":11.75902877,""108"":11.01944853,""109"":22.77847729,""110"":7.0,""111"":4.0,""112"":0.58327542,""113"":1.737351235,""210"":17.0}"
4066109,Eyioma Uwazurike,DT,7,82.16,82.16,17.0,909,909,909,170.27,0.49,"{""93"":0.00223721,""94"":0.019722772,""95"":0.002413025,""96"":0.104541355,""97"":0.149893066,""98"":0.011833663,""99"":1.687587268,""100"":3.375174535,""103"":0.003944554,""104"":0.015778217,""105"":0.021959982,""106"":0.160832854,""107"":20.24318372,""108"":18.96999536,""109"":39.21317908,""110"":13.0,""111"":7.0,""112"":2.682509732,""113"":0.061961255,""210"":17.0}"
4426676,Jowon Briggs,DT,20,49.46,49.46,17.0,1005,1005,1005,170.0,0.49,"{""93"":0.001686821,""94"":0.014870658,""95"":0.00204152,""96"":0.263003416,""97"":0.113017001,""98"":0.008922395,""99"":1.85810103,""100"":3.71620206,""103"":0.002974132,""104"":0.011896526,""105"":0.016557479,""106"":0.40462064,""107"":11.49033136,""108"":10.76765076,""109"":22.25798212,""110"":7.0,""111"":4.0,""112"":2.084972441,""113"":0.046717806,""210"":17.0}"
4361409,Jahan Dotson,WR,1,78.58,78.58,17.0,407,396,396,170.19,0.49,"{""42"":358.185401,""43"":1.847253175,""44"":0.108398125,""45"":0.124627533,""46"":0.081444093,""47"":71.0,""48"":35.0,""49"":17.0,""50"":14.0,""51"":7.0,""53"":28.72307544,""56"":0.174821334,""57"":0.005406845,""58"":49.27371942,""60"":12.47030116,""61"":21.06972947,""62"":0.108398125,""63"":0.001612283,""67"":0.366427924,""68"":0.366427924,""71"":0.205199637,""72"":0.205199637,""73"":0.205199637,""210"":17.0,""212"":16.02994504}"
4431545,Will Shipley,RB,21,28.16,28.16,17.0,409,397,397,170.08,0.48,"{""23"":9.251019698,""24"":39.61619182,""25"":0.299571886,""26"":0.008973667,""27"":7.0,""28"":3.0,""29"":1.0,""30"":1.0,""33"":1.0,""35"":0.017050998,""36"":0.011935699,""37"":0.00377252,""38"":0.000129,""39"":4.282359472,""40"":2.330364225,""42"":83.45396653,""43"":0.39397195,""44"":0.01766123,""45"":0.045569718,""46"":0.029779811,""47"":16.0,""48"":8.0,""49"":4.0,""50"":3.0,""51"":1.0,""53"":11.28598252,""56"":0.03795329,""57"":0.001173813,""58"":14.74135699,""60"":7.394479511,""61"":4.909056855,""62"":0.026634897,""63"":0.000910035,""66"":0.093166067,""67"":0.113659968,""68"":0.206826035,""70"":0.042856391,""71"":0.063649582,""72"":0.106505973,""73"":0.106505973,""101"":0.069295513,""114"":814.1150617,""116"":81.0,""117"":32.0,""210"":17.0,""211"":4.195003488,""212"":3.885171749}"
3125356,Jalen Davis,CB,4,40.28,40.28,17.0,1068,1067,1067,170.72,0.48,"{""93"":0.002106304,""94"":0.045784402,""95"":0.240019481,""96"":0.205590237,""97"":0.014744129,""98"":0.001552014,""99"":0.223032191,""100"":0.446064382,""103"":0.039576347,""104"":0.006208054,""105"":0.047890706,""106"":0.316292673,""107"":4.498018155,""108"":11.71899763,""109"":16.21701579,""110"":5.0,""111"":3.0,""112"":0.705088366,""113"":1.812895131,""210"":17.0}"
4244300,Dominique Robinson,DE,34,50.79,50.79,17.0,999,999,999,170.33,0.48,"{""93"":0.005021575,""94"":0.037636455,""95"":0.029394459,""96"":0.389719282,""97"":0.0887145,""98"":0.016129909,""99"":2.071744449,""100"":4.143488898,""103"":0.016129909,""104"":0.021506546,""105"":0.04265803,""106"":0.599568127,""107"":8.945006254,""108"":12.18642716,""109"":21.13143341,""110"":7.0,""111"":4.0,""112"":1.49452853,""113"":0.44024173,""210"":17.0}"
3122797,Isaac Yiadom,CB,18,6.74,6.74,17.0,1325,1324,1324,170.84,0.48,"{""93"":0.000315762,""94"":0.00686366,""95"":0.061174774,""96"":0.016830481,""97"":0.002210331,""98"":0.000232666,""99"":0.001512029,""100"":0.003024058,""103"":0.005932994,""104"":0.000930666,""105"":0.007179421,""106"":0.025893048,""107"":0.744069954,""108"":1.938576887,""109"":2.682646841,""112"":0.051001847,""113"":0.463058256,""210"":17.0}"
4683643,Barryn Sorrell,DE,9,53.98,53.98,17.0,976,976,976,170.23,0.48,"{""93"":0.00545352,""94"":0.040873855,""95"":0.054427982,""96"":0.298458334,""97"":0.096345515,""98"":0.0175,""99"":2.251201705,""100"":4.502403409,""103"":0.017517366,""104"":0.023356488,""105"":0.046327375,""106"":0.459166667,""107"":9.538773227,""108"":12.99535873,""109"":22.53413196,""110"":7.0,""111"":4.0,""112"":1.49088101,""113"":0.658479428,""210"":17.0}"
4372533,Tyree Wilson,DE,18,41.7,41.7,17.0,1019,1019,1019,170.0,0.48,"{""93"":0.004107631,""94"":0.030786489,""95"":0.015368925,""96"":0.461651593,""97"":0.072568152,""98"":0.013194209,""99"":2.20643935,""100"":4.412878699,""103"":0.013194209,""104"":0.017592279,""105"":0.03489412,""106"":0.71023322,""107"":7.044622722,""108"":9.597397611,""109"":16.64202033,""110"":5.0,""111"":3.0,""112"":1.072295223,""113"":0.202068736,""210"":17.0}"
4033234,Michael Hoecht,DE,2,43.79,43.79,17.0,1027,1026,1026,170.33,0.48,"{""93"":0.003745861,""94"":0.028075042,""95"":0.037451188,""96"":0.265891683,""97"":0.066176885,""98"":0.012032161,""99"":2.216902012,""100"":4.433804024,""103"":0.012032161,""104"":0.016042881,""105"":0.031820903,""106"":0.409064128,""107"":7.587916526,""108"":10.33756594,""109"":17.92548247,""110"":5.0,""111"":3.0,""112"":-0.27056378,""113"":0.460591162,""210"":17.0}"
4427095,DeMario Douglas,WR,17,65.19,65.19,17.0,978,978,978,169.95,0.48,"{""23"":4.133442526,""24"":21.38979558,""25"":0.153531383,""26"":0.005460239,""27"":4.0,""28"":2.0,""29"":1.0,""35"":0.007597443,""36"":0.00531821,""37"":0.00103,""38"":3.51e-05,""39"":5.174813836,""40"":1.258223269,""42"":271.0615116,""43"":1.502202674,""44"":0.057623778,""45"":0.264095372,""46"":0.172586325,""47"":54.0,""48"":27.0,""49"":13.0,""50"":10.0,""51"":5.0,""53"":22.73236732,""56"":0.107116769,""57"":0.00331289,""58"":31.12690717,""60"":11.92403359,""61"":15.9447948,""62"":0.063084017,""63"":0.002332749,""66"":0.081569398,""67"":0.448600776,""68"":0.530170174,""70"":0.037521923,""71"":0.251216435,""72"":0.288738358,""73"":0.288738358,""210"":17.0,""211"":3.159800787,""212"":12.12083341}"
4568007,Jay Ward,S,16,64.18,64.18,17.0,961,961,961,171.33,0.47,"{""93"":0.003247425,""94"":0.039402089,""95"":0.359048298,""96"":0.109102387,""97"":0.021108262,""98"":0.002814435,""99"":0.183259865,""100"":0.36651973,""103"":0.025329914,""104"":0.014072175,""105"":0.042649514,""106"":0.167849826,""107"":10.49481303,""108"":18.01176283,""109"":28.50657587,""110"":9.0,""111"":5.0,""112"":0.766551546,""113"":1.169288303,""210"":17.0}"
4912190,Red Murdock,LB,7,27.76,27.76,17.0,785,785,785,171.31,0.47,"{""93"":0.000962581,""94"":0.012032261,""95"":0.069408912,""96"":0.050004151,""97"":0.001443871,""98"":0.001443871,""99"":0.152815651,""100"":0.305631302,""103"":0.008181937,""104"":0.003850323,""105"":0.012994842,""106"":0.076929463,""107"":5.697516194,""108"":7.184222354,""109"":12.88173855,""110"":4.0,""111"":2.0,""112"":0.453003874,""113"":0.430333289,""210"":17.0}"
4601021,Jaylon Carlies,LB,11,0,0.0,,2374,2379,2374,170.0,0.47,{}
4693337,Marques Sigle,S,25,32.66,32.66,17.0,1127,1126,1126,170.62,0.47,"{""93"":0.001388972,""94"":0.016852854,""95"":0.195498902,""96"":0.035398999,""97"":0.009028315,""98"":0.001203775,""99"":0.034595048,""100"":0.069190096,""103"":0.010833978,""104"":0.006018877,""105"":0.018241826,""106"":0.054459999,""107"":5.364416545,""108"":9.206700326,""109"":14.57111687,""110"":4.0,""111"":2.0,""112"":0.31871964,""113"":0.653596652,""210"":17.0}"
2573401,Tyler Higbee,TE,14,39.48,39.48,17.0,466,466,466,169.85,0.46,"{""42"":154.3825494,""43"":1.254616948,""44"":0.017094152,""45"":0.099197924,""46"":0.064825843,""47"":30.0,""48"":15.0,""49"":7.0,""50"":6.0,""51"":3.0,""53"":15.29325992,""56"":0.05969769,""57"":0.00184632,""58"":22.48663639,""60"":10.09480975,""61"":9.081326435,""62"":0.017094152,""63"":0.000660839,""67"":0.150190572,""68"":0.150190572,""71"":0.08410672,""72"":0.08410672,""73"":0.08410672,""210"":17.0,""212"":7.106425702}"
4258620,Andre Szmyt,K,5,142.7,142.7,17.0,503,503,503,169.83,0.46,"{""74"":5.41118259,""75"":7.7121996,""76"":2.30101701,""77"":7.162556281,""78"":8.8139424,""79"":1.651386119,""80"":15.33247735,""81"":15.878058,""82"":0.545580649,""83"":27.90621622,""84"":32.4042,""85"":4.497983778,""86"":24.26719119,""87"":25.05286575,""88"":0.785674558,""198"":5.41118259,""199"":7.7121996,""200"":2.30101701,""210"":17.0,""214"":1074.493213,""215"":214.9347134,""216"":1289.427926}"
4685596,Azareye'h Thomas,CB,20,71.77,71.77,17.0,935,935,935,171.2,0.45,"{""93"":0.003685841,""94"":0.080118539,""95"":0.910387014,""96"":0.128370812,""97"":0.025800885,""98"":0.002715883,""99"":0.062237001,""100"":0.124474001,""103"":0.069255008,""104"":0.010863531,""105"":0.08380438,""106"":0.197493557,""107"":7.680656735,""108"":20.01094594,""109"":27.69160267,""110"":9.0,""111"":5.0,""112"":1.626348681,""113"":6.224098882,""210"":17.0}"
4432244,Romello Height,DE,25,18.24,18.24,17.0,1168,1168,1168,170.0,0.45,"{""93"":0.001867049,""94"":0.013993436,""95"":0.031882703,""96"":0.092549087,""97"":0.032984528,""98"":0.005997187,""99"":0.927583419,""100"":1.855166838,""103"":0.005997187,""104"":0.007996249,""105"":0.015860485,""106"":0.142383211,""107"":3.12653341,""108"":4.259501959,""109"":7.386035369,""110"":2.0,""111"":1.0,""112"":0.229768692,""113"":0.361231589,""210"":17.0}"
4600415,Mike Hall Jr.,DT,5,32.24,32.24,17.0,1087,1086,1086,170.19,0.45,"{""93"":0.001123003,""94"":0.009900159,""95"":0.017223118,""96"":0.067910198,""97"":0.075241207,""98"":0.005940095,""99"":1.257067982,""100"":2.514135965,""103"":0.001980032,""104"":0.007920127,""105"":0.011023162,""106"":0.104477227,""107"":7.471605373,""108"":7.001681216,""109"":14.47328659,""110"":4.0,""111"":2.0,""112"":0.909278363,""113"":0.427311452,""210"":17.0}"
4686468,Seth McGowan,RB,11,15.93,15.93,17.0,416,404,404,170.16,0.45,"{""23"":12.58324479,""24"":52.10483006,""25"":0.395843952,""26"":0.01940786,""27"":10.0,""28"":5.0,""29"":2.0,""30"":2.0,""31"":1.0,""33"":2.0,""34"":1.0,""35"":0.023234801,""36"":0.016264361,""37"":0.006662455,""38"":0.000227364,""39"":4.140810333,""40"":3.064990003,""42"":28.87165502,""43"":0.156026522,""44"":0.012410053,""45"":0.042353869,""46"":0.027678253,""47"":5.0,""48"":2.0,""49"":1.0,""50"":1.0,""53"":4.346003508,""56"":0.015850072,""57"":0.000490208,""58"":5.238008063,""60"":6.643265466,""61"":1.698332648,""62"":0.031817913,""63"":0.000637352,""66"":0.107666813,""67"":0.037185985,""68"":0.144852798,""70"":0.049526734,""71"":0.020824151,""72"":0.070350885,""73"":0.070350885,""210"":17.0,""211"":4.890900659,""212"":0.70085601}"
4363034,Asante Samuel Jr.,CB,23,40.24,40.24,17.0,1083,1082,1082,170.76,0.45,"{""93"":0.002725679,""94"":0.059247662,""95"":0.320494814,""96"":0.04033862,""97"":0.019079756,""98"":0.002008395,""99"":0.012665599,""100"":0.025331199,""103"":0.051214081,""104"":0.008033581,""105"":0.061973341,""106"":0.062059416,""107"":4.522216176,""108"":11.78204241,""109"":16.30425859,""110"":5.0,""111"":3.0,""112"":0.236608683,""113"":2.421254326,""210"":17.0}"
3138764,Jacob Martin,DE,10,55.06,55.06,17.0,972,972,972,170.65,0.45,"{""93"":0.006368956,""94"":0.047735007,""95"":0.046637078,""96"":0.368992678,""97"":0.11251823,""98"":0.02045786,""99"":3.09989615,""100"":6.199792299,""103"":0.02045786,""104"":0.027277147,""105"":0.054103963,""106"":0.567681044,""107"":9.332363212,""108"":12.71415148,""109"":22.04651469,""110"":7.0,""111"":4.0,""112"":-0.724440165,""113"":0.671283824,""210"":17.0}"
4257591,Arnold Ebiketie,DE,21,12.32,12.32,17.0,1218,1219,1219,170.0,0.45,"{""93"":0.001119584,""94"":0.008391229,""95"":0.011070024,""96"":0.054430182,""97"":0.019779325,""98"":0.003596241,""99"":0.518050777,""100"":1.036101553,""103"":0.003596241,""104"":0.004794988,""105"":0.009510813,""106"":0.083738742,""107"":2.191584251,""108"":2.985753288,""109"":5.17733754,""110"":1.0,""111"":1.0,""112"":0.280742839,""113"":0.144199601,""210"":17.0}"
4258206,Benjamin St-Juste,CB,9,35.28,35.28,17.0,1097,1096,1096,170.53,0.45,"{""93"":0.001691318,""94"":0.036763914,""95"":0.440249604,""96"":0.089257531,""97"":0.011839227,""98"":0.001246234,""99"":0.023196451,""100"":0.046392901,""103"":0.031778977,""104"":0.004984938,""105"":0.038455233,""106"":0.137319279,""107"":3.756884803,""108"":9.788071682,""109"":13.54495648,""110"":4.0,""111"":2.0,""112"":0.133944576,""113"":3.148885428,""210"":17.0}"
4426448,Jarrian Jones,CB,30,81.67,81.67,17.0,927,927,927,171.24,0.45,"{""93"":0.004010895,""94"":0.087184199,""95"":0.657093026,""96"":0.072902522,""97"":0.028076268,""98"":0.002955397,""99"":0.325032504,""100"":0.650065008,""103"":0.075362613,""104"":0.011821586,""105"":0.091195095,""106"":0.112157726,""107"":8.982886901,""108"":23.40373621,""109"":32.38662311,""110"":10.0,""111"":6.0,""112"":2.644582936,""113"":6.125988651,""210"":17.0}"
4566154,Jaylahn Tuimoloau,DE,11,62.69,62.69,17.0,922,922,922,170.0,0.45,"{""93"":0.00710342,""94"":0.053239774,""95"":0.042356514,""96"":0.380188557,""97"":0.125493754,""98"":0.022817046,""99"":3.107473623,""100"":6.214947247,""103"":0.022817046,""104"":0.030422728,""105"":0.060343194,""106"":0.584905472,""107"":10.8820648,""108"":14.82542173,""109"":25.70748653,""110"":8.0,""111"":5.0,""112"":1.379400755,""113"":0.576245583,""210"":17.0}"
4726127,Tacario Davis,CB,4,52.15,52.15,17.0,1029,1028,1028,170.5,0.45,"{""93"":0.00263288,""94"":0.057230502,""95"":0.446106989,""96"":0.096114263,""97"":0.018430162,""98"":0.001940017,""99"":0.139808666,""100"":0.279617333,""103"":0.049470434,""104"":0.007760068,""105"":0.059863382,""106"":0.147868097,""107"":5.781250713,""108"":15.06229213,""109"":20.84354284,""110"":6.0,""111"":4.0,""112"":0.55632764,""113"":3.369498106,""210"":17.0}"
4709980,Johnathan Baldwin II,S,9,23.84,23.84,17.0,1175,1175,1175,170.65,0.44,"{""93"":0.001162499,""94"":0.014104985,""95"":0.179013853,""96"":0.049448902,""97"":0.007556242,""98"":0.001007499,""99"":0.029517604,""100"":0.059035209,""103"":0.00906749,""104"":0.005037494,""105"":0.015267483,""106"":0.076075234,""107"":3.843001389,""108"":6.59556577,""109"":10.43856716,""110"":3.0,""111"":2.0,""112"":0.279353151,""113"":0.656253775,""210"":17.0}"
4374037,Kitan Oladapo,S,9,58.78,58.78,17.0,969,969,969,172.07,0.44,"{""93"":0.002906247,""94"":0.035262461,""95"":0.501389982,""96"":0.118121856,""97"":0.018890604,""98"":0.002518747,""99"":0.339949214,""100"":0.679898428,""103"":0.022668725,""104"":0.012593736,""105"":0.038168708,""106"":0.181725932,""107"":9.315992738,""108"":15.98860802,""109"":25.30460075,""110"":8.0,""111"":5.0,""112"":0.370361667,""113"":1.838064839,""210"":17.0}"
3116679,M.J. Stewart,S,34,0,0.0,,1744,1743,1743,170.87,0.44,{}
4428232,Dell Pettus,S,17,51.71,51.71,17.0,977,977,977,171.67,0.44,"{""93"":0.002313873,""94"":0.028074998,""95"":0.657246495,""96"":0.203220757,""97"":0.015040177,""98"":0.002005357,""99"":0.251127583,""100"":0.502255166,""103"":0.018048213,""104"":0.010026785,""105"":0.030388871,""106"":0.312647318,""107"":7.854873015,""108"":13.48095573,""109"":21.33582874,""110"":7.0,""111"":4.0,""112"":0.51333103,""113"":2.611380655,""210"":17.0}"
4429018,RJ Mickens,S,24,81.65,81.65,17.0,937,937,937,171.94,0.44,"{""93"":0.004281852,""94"":0.051953143,""95"":0.666357991,""96"":0.131262214,""97"":0.027832041,""98"":0.003710939,""99"":0.092875766,""100"":0.185751533,""103"":0.033398449,""104"":0.018554694,""105"":0.056234996,""106"":0.201941868,""107"":13.09278935,""108"":22.47054959,""109"":35.56333894,""110"":11.0,""111"":7.0,""112"":0.62030477,""113"":2.649691984,""210"":17.0}"
4950551,Genesis Smith,S,24,4.7,4.7,17.0,1342,1341,1341,169.99,0.44,"{""93"":0.000231451,""94"":0.002808278,""95"":0.033645341,""96"":0.007766995,""97"":0.001504435,""98"":0.000200591,""99"":0.013441804,""100"":0.026883608,""103"":0.001805322,""104"":0.001002956,""105"":0.003039729,""106"":0.011949223,""107"":0.757131811,""108"":1.299430354,""109"":2.056562165,""112"":0.039607571,""113"":0.133786632,""210"":17.0}"
3124084,Joey Slye,K,10,141.65,141.65,17.0,500,500,500,169.92,0.44,"{""74"":5.249101985,""75"":7.7121996,""76"":2.463097615,""77"":6.977321304,""78"":8.8139424,""79"":1.836621096,""80"":14.99878199,""81"":15.878058,""82"":0.879276013,""83"":27.22520528,""84"":32.4042,""85"":5.178994724,""86"":29.0936934,""87"":30.70175291,""88"":1.608059514,""198"":5.249101985,""199"":7.7121996,""200"":2.463097615,""210"":17.0,""214"":1047.394425,""215"":242.0335009,""216"":1289.427926}"
3043234,Zane Gonzalez,K,15,150.31,150.31,17.0,496,496,496,169.93,0.43,"{""74"":5.746551533,""75"":8.1410756,""76"":2.394524067,""77"":7.600241056,""78"":9.3040864,""79"":1.703845344,""80"":16.25604954,""81"":16.761038,""82"":0.50498846,""83"":29.60284213,""84"":34.2062,""85"":4.603357871,""86"":24.05730592,""87"":24.72814871,""88"":0.670842785,""198"":5.746551533,""199"":8.1410756,""200"":2.394524067,""210"":17.0,""214"":1140.006117,""215"":221.1269939,""216"":1361.13311}"
4428072,Darius Muasau,LB,19,0,0.0,,1521,1520,1520,169.94,0.43,{}
4363538,Chad Ryland,K,22,138.41,138.41,17.0,502,502,502,169.83,0.43,"{""74"":5.337301644,""75"":8.1562124,""76"":2.818910756,""77"":7.134447109,""78"":9.3213856,""79"":2.186938491,""80"":15.42170354,""81"":16.792202,""82"":1.370498464,""83"":27.89345229,""84"":34.2698,""85"":6.37634771,""86"":26.63167694,""87"":28.90396732,""88"":2.272290378,""198"":5.337301644,""199"":8.1562124,""200"":2.818910756,""210"":17.0,""214"":1071.915515,""215"":291.7483668,""216"":1363.663882}"
4243493,Keion White,DE,25,38.7,38.7,17.0,1041,1040,1040,170.39,0.42,"{""93"":0.005041032,""94"":0.037782277,""95"":0.022487451,""96"":0.168192938,""97"":0.089058225,""98"":0.016192404,""99"":2.169641918,""100"":4.339283837,""103"":0.016192404,""104"":0.021589873,""105"":0.042823309,""106"":0.258758366,""107"":6.687206704,""108"":9.110463993,""109"":15.7976707,""110"":5.0,""111"":3.0,""112"":0.101239255,""113"":0.254783219,""210"":17.0}"
4911904,Keyron Crawford,DE,13,36.52,36.52,17.0,1050,1049,1049,169.9,0.42,"{""93"":0.003740276,""94"":0.028033179,""95"":0.073921814,""96"":0.185404436,""97"":0.066078207,""98"":0.012014219,""99"":1.826788631,""100"":3.653577261,""103"":0.012014219,""104"":0.016018959,""105"":0.031773455,""106"":0.285237594,""107"":6.263413095,""108"":8.533099394,""109"":14.79651249,""110"":4.0,""111"":2.0,""112"":0.491745482,""113"":0.723658559,""210"":17.0}"
4035433,Kristian Fulton,CB,12,41.04,41.04,17.0,1060,1059,1059,170.28,0.42,"{""93"":0.002099004,""94"":0.04562572,""95"":0.526502607,""96"":0.031064155,""97"":0.014693028,""98"":0.001546635,""99"":0.045203899,""100"":0.090407797,""103"":0.039439181,""104"":0.006186538,""105"":0.047724724,""106"":0.047791008,""107"":4.390521037,""108"":11.43892796,""109"":15.829449,""110"":5.0,""111"":3.0,""112"":0.545600023,""113"":3.727802809,""210"":17.0}"
4240542,Nate Hobbs,CB,25,23.17,23.17,17.0,1171,1171,1171,170.49,0.42,"{""93"":0.001052507,""94"":0.022878175,""95"":0.137028788,""96"":0.036514841,""97"":0.007367548,""98"":0.000775531,""99"":0.043847218,""100"":0.087694435,""103"":0.019776049,""104"":0.003102125,""105"":0.023930681,""106"":0.056176679,""107"":2.677591975,""108"":6.976115468,""109"":9.653707443,""110"":3.0,""111"":1.0,""112"":0.549822605,""113"":0.893819905,""210"":17.0}"
4240585,AJ Epenesa,DE,21,25.48,25.48,17.0,1116,1115,1115,170.45,0.42,"{""93"":0.002798961,""94"":0.020978072,""95"":0.048019273,""96"":0.126781049,""97"":0.049448312,""98"":0.008990602,""99"":1.04455323,""100"":2.08910646,""103"":0.008990602,""104"":0.011987469,""105"":0.023777033,""106"":0.195047768,""107"":4.441818332,""108"":6.05140947,""109"":10.4932278,""110"":3.0,""111"":2.0,""112"":0.534633099,""113"":0.625505403,""210"":17.0}"
3122630,Ahkello Witherspoon,CB,28,0,0.0,,1792,1792,1792,170.81,0.42,{}
3057524,Siran Neal,CB,25,6.46,6.46,17.0,1327,1326,1326,170.99,0.42,"{""93"":0.000315752,""94"":0.006863452,""95"":0.068298991,""96"":0.014540707,""97"":0.002210264,""98"":0.000232659,""99"":0.019586356,""100"":0.039172712,""103"":0.005932815,""104"":0.000930638,""105"":0.007179204,""106"":0.022370318,""107"":0.706017156,""108"":1.839435303,""109"":2.545452459,""112"":0.077391971,""113"":0.445504908,""210"":17.0}"
5151083,Will Lee III,CB,29,6.21,6.21,17.0,1332,1331,1331,170.08,0.42,"{""93"":0.000316745,""94"":0.006885042,""95"":0.051230049,""96"":0.011562903,""97"":0.002217217,""98"":0.000233391,""99"":0.01426114,""100"":0.028522281,""103"":0.005951477,""104"":0.000933565,""105"":0.007201787,""106"":0.017789082,""107"":0.695505949,""108"":1.812049728,""109"":2.507555677,""112"":0.069486645,""113"":0.349725067,""210"":17.0}"
4831959,Eli Raridon,TE,17,38.81,38.81,17.0,1028,1027,1027,169.96,0.42,"{""42"":150.6211022,""43"":1.088386713,""44"":0.041758034,""45"":0.125805771,""46"":0.082214071,""47"":30.0,""48"":15.0,""49"":7.0,""50"":6.0,""51"":3.0,""53"":15.55777606,""56"":0.058566165,""57"":0.001811325,""58"":20.75127145,""60"":9.681403149,""61"":8.860064833,""62"":0.041758034,""63"":0.000837117,""67"":0.190253807,""68"":0.190253807,""71"":0.106542132,""72"":0.106542132,""73"":0.106542132,""210"":17.0,""212"":6.995017555}"
4426883,DeWayne Carter,DT,2,55.48,55.48,17.0,1000,1000,1000,170.59,0.42,"{""93"":0.002085796,""94"":0.018387941,""95"":0.023217112,""96"":0.139784356,""97"":0.139748352,""98"":0.011032765,""99"":1.121442548,""100"":2.242885097,""103"":0.003677588,""104"":0.014710353,""105"":0.020473737,""106"":0.215052855,""107"":13.41798035,""108"":12.5740609,""109"":25.99204125,""110"":8.0,""111"":5.0,""112"":3.53804794,""113"":0.550229856,""210"":17.0}"
4361577,Dyami Brown,WR,28,48.9,48.9,17.0,398,377,377,170.22,0.42,"{""42"":217.0196581,""43"":1.584270871,""44"":0.123842852,""45"":0.229501389,""46"":0.149979158,""47"":43.0,""48"":21.0,""49"":10.0,""50"":8.0,""51"":4.0,""53"":15.85768697,""56"":0.081082524,""57"":0.002507707,""58"":25.79870832,""60"":13.68545479,""61"":12.76586224,""62"":0.123842852,""63"":0.001395476,""67"":0.317153739,""68"":0.317153739,""71"":0.177606094,""72"":0.177606094,""73"":0.177606094,""210"":17.0,""212"":9.097163664}"
4613202,Kyle Williams,WR,17,23.78,23.78,17.0,1108,1107,1107,169.92,0.41,"{""23"":4.133442526,""24"":22.33070955,""25"":0.192162184,""26"":0.006834117,""27"":4.0,""28"":2.0,""29"":1.0,""35"":0.007597443,""36"":0.00531821,""37"":0.001129291,""38"":3.85e-05,""39"":5.4024483,""40"":1.31357115,""42"":91.47424985,""43"":0.55223619,""44"":0.021185112,""45"":0.276986454,""46"":0.181010647,""47"":18.0,""48"":9.0,""49"":4.0,""50"":3.0,""51"":1.0,""53"":6.433223716,""56"":0.04062936,""57"":0.001256578,""58"":10.37563572,""60"":14.21903759,""61"":5.380838226,""62"":0.02801923,""63"":0.000847325,""66"":0.07533061,""67"":0.117243355,""68"":0.192573965,""70"":0.034652081,""71"":0.065656279,""72"":0.100308359,""73"":0.100308359,""101"":0.071271182,""114"":636.5253802,""116"":63.0,""117"":25.0,""210"":17.0,""211"":3.220370381,""212"":3.064952671}"
4869748,Zavion Thomas,WR,3,36.51,36.51,17.0,1030,1029,1029,169.95,0.4,"{""42"":153.6049955,""43"":1.219242173,""44"":0.080995321,""45"":0.141193433,""46"":0.092269908,""47"":30.0,""48"":15.0,""49"":7.0,""50"":6.0,""51"":3.0,""53"":12.47032223,""56"":0.059459747,""57"":0.001838961,""58"":20.56352362,""60"":12.31764446,""61"":9.035587972,""62"":0.080995321,""63"":0.000999977,""67"":0.22726746,""68"":0.22726746,""71"":0.127269778,""72"":0.127269778,""73"":0.127269778,""101"":0.111157812,""102"":0.079746598,""114"":992.7542541,""115"":79.74659798,""116"":99.0,""117"":39.0,""118"":7.0,""119"":3.0,""210"":17.0,""212"":6.427077931}"
4572704,Branson Combs,LB,30,0,0.0,,2521,2523,2521,170.0,0.4,{}
4429560,Tommy Eichenberg,LB,13,12.4,12.4,17.0,1287,1286,1286,169.95,0.4,"{""93"":0.000430556,""94"":0.005381955,""95"":0.051069341,""96"":0.026364232,""97"":0.000645835,""98"":0.000645835,""99"":0.11454697,""100"":0.22909394,""103"":0.00365973,""104"":0.001722226,""105"":0.005812512,""106"":0.040560357,""107"":2.500224316,""108"":3.152631219,""109"":5.652855535,""110"":1.0,""111"":1.0,""112"":0.207493685,""113"":0.232615485,""210"":17.0}"
5085888,Easton Mascarenas-Arnold,LB,5,0,0.0,,2520,2522,2520,170.0,0.4,{}
4242402,Elijah Hicks,S,3,4.99,4.99,4.0,1338,1337,1337,169.85,0.4,"{""93"":0.000271056,""94"":0.003288814,""95"":0.027634824,""96"":0.00538135,""97"":0.001761864,""98"":0.000234915,""99"":0.076347357,""100"":0.152694714,""103"":0.002114237,""104"":0.001174576,""105"":0.00355987,""106"":0.008279,""107"":0.792717902,""108"":1.360505118,""109"":2.153223019,""112"":-0.051834487,""113"":0.113957273,""210"":4.0}"
4566158,Ben Sauls,K,19,0,0.0,,2565,2580,2565,169.68,0.4,{}
3915487,Mike Danna,DE,2,51.13,51.13,17.0,1015,1015,1015,170.37,0.39,"{""93"":0.005618792,""94"":0.042112563,""95"":0.061212646,""96"":0.252600631,""97"":0.099265327,""98"":0.018048241,""99"":1.441961334,""100"":2.883922668,""103"":0.018048241,""104"":0.024064322,""105"":0.047731355,""106"":0.388616355,""107"":9.304113268,""108"":12.67566454,""109"":21.97977781,""110"":7.0,""111"":4.0,""112"":1.549650838,""113"":0.752820015,""210"":17.0}"
2969939,Jameis Winston,QB,19,11.12,11.12,17.0,474,474,474,169.89,0.39,"{""0"":22.2713154,""1"":13.62872204,""2"":8.642593359,""3"":163.4057667,""4"":0.925498217,""5"":32.0,""6"":16.0,""7"":8.0,""8"":6.0,""9"":3.0,""10"":1.0,""11"":2.0,""12"":1.0,""15"":0.088650311,""16"":0.057932978,""17"":0.241095054,""18"":0.03256562,""19"":0.046677023,""20"":0.899810365,""21"":0.611940597,""22"":9.612103922,""23"":0.738849593,""24"":2.663922238,""25"":0.028065471,""26"":0.00117986,""35"":0.001355525,""36"":0.000948868,""37"":-1.37e-06,""38"":-4.67e-08,""39"":3.60550004,""40"":0.156701308,""62"":0.047856883,""63"":0.001445382,""64"":1.6531932,""65"":0.318655005,""66"":0.009840876,""68"":0.328495881,""69"":0.152954402,""70"":0.004526803,""72"":0.157481205,""73"":1.05729157,""210"":17.0,""211"":2.227748266}"
4629149,Tyrion Ingram-Dawkins,DE,16,69.78,69.78,17.0,901,901,901,170.0,0.39,"{""93"":0.008231469,""94"":0.061694441,""95"":0.056922092,""96"":0.422919252,""97"":0.145422612,""98"":0.026440475,""99"":2.323677048,""100"":4.647354096,""103"":0.026440475,""104"":0.035253967,""105"":0.06992591,""106"":0.650645003,""107"":12.56725642,""108"":17.12127981,""109"":29.68853623,""110"":9.0,""111"":5.0,""112"":3.32761701,""113"":0.628224221,""210"":17.0}"
4596602,Brashard Smith,RB,12,0,0.0,17.0,442,435,435,170.1,0.39,"{""101"":0.108011542,""102"":0.056419639,""114"":964.6548105,""115"":56.4196394,""116"":96.0,""117"":38.0,""118"":5.0,""119"":2.0,""210"":17.0}"
3917016,Trevis Gipson,DE,29,71.36,71.36,17.0,891,891,891,170.0,0.39,"{""93"":0.007866271,""94"":0.058957306,""95"":0.079177663,""96"":0.505000638,""97"":0.138970793,""98"":0.025267417,""99"":3.386135472,""100"":6.772270944,""103"":0.025267417,""104"":0.033689889,""105"":0.066823577,""106"":0.776924058,""107"":12.30971579,""108"":16.77041364,""109"":29.08012943,""110"":9.0,""111"":5.0,""112"":1.498729477,""113"":0.9388518,""210"":17.0}"
11252,Joe Flacco,QB,4,14.25,14.25,17.0,374,454,454,169.9,0.39,"{""0"":24.62413361,""1"":15.21367115,""2"":9.410462462,""3"":164.4527076,""4"":1.317204925,""5"":32.0,""6"":16.0,""7"":8.0,""8"":6.0,""9"":3.0,""10"":1.0,""11"":3.0,""12"":1.0,""15"":0.088806766,""16"":0.058035222,""17"":0.242485482,""18"":0.032753431,""19"":0.064242477,""20"":0.687339004,""21"":0.617835794,""22"":9.673688683,""23"":0.398763438,""24"":1.166781946,""25"":0.017171274,""26"":0.001166073,""35"":0.000731453,""36"":0.000512017,""37"":-5.11e-06,""38"":-1.74e-07,""39"":2.926000317,""40"":0.068634232,""62"":0.06540855,""63"":0.001398267,""64"":1.353924664,""65"":0.312983723,""66"":0.004804303,""68"":0.317788026,""69"":0.150232187,""70"":0.002209979,""72"":0.152442167,""73"":0.839781171,""210"":17.0,""211"":2.148413883}"
4685327,Daylen Everette,CB,23,10.37,10.37,17.0,1306,1305,1305,170.12,0.38,"{""93"":0.000524169,""94"":0.011393781,""95"":0.088794514,""96"":0.019134986,""97"":0.003669184,""98"":0.00038623,""99"":0.022680754,""100"":0.045361508,""103"":0.009848862,""104"":0.001544919,""105"":0.01191795,""106"":0.029438441,""107"":1.150965014,""108"":2.998688713,""109"":4.149653727,""110"":1.0,""112"":0.11591011,""113"":0.670819279,""210"":17.0}"
4431426,Corey Thornton,CB,29,26.93,26.93,17.0,1134,1134,1134,170.15,0.38,"{""93"":0.001266981,""94"":0.027540168,""95"":0.290660337,""96"":0.137544513,""97"":0.008868868,""98"":0.000933565,""99"":0.074529763,""100"":0.149059526,""103"":0.023805908,""104"":0.00373426,""105"":0.02880715,""106"":0.211606942,""107"":2.883534803,""108"":7.512672555,""109"":10.39620736,""110"":3.0,""111"":2.0,""112"":0.295342325,""113"":1.984210572,""210"":17.0}"
4698113,Max Melton,CB,22,56.45,56.45,17.0,967,967,967,171.18,0.38,"{""93"":0.002894999,""94"":0.062928144,""95"":0.434049993,""96"":0.1213607,""97"":0.020264995,""98"":0.002133157,""99"":0.064166407,""100"":0.128332814,""103"":0.054395514,""104"":0.00853263,""105"":0.065823143,""106"":0.18670877,""107"":6.288188706,""108"":16.38305272,""109"":22.67124143,""110"":7.0,""111"":4.0,""112"":0.804922661,""113"":3.638654009,""210"":17.0}"
4248047,John Ridgeway III,DT,18,55.04,55.04,17.0,1026,1025,1025,170.08,0.38,"{""93"":0.001742123,""94"":0.015358193,""95"":0.004151845,""96"":0.083193087,""97"":0.11672227,""98"":0.009214916,""99"":0.648352505,""100"":1.296705009,""103"":0.003071639,""104"":0.012286555,""105"":0.017100317,""106"":0.127989365,""107"":13.76466929,""108"":12.89894495,""109"":26.66361424,""110"":8.0,""111"":5.0,""112"":1.540800139,""113"":0.105192009,""210"":17.0}"
4690795,Elijah Roberts,DT,27,31.95,31.95,17.0,1091,1090,1090,170.41,0.38,"{""93"":0.001520322,""94"":0.013402837,""95"":0.030168656,""96"":0.068514299,""97"":0.101861564,""98"":0.008041702,""99"":1.274040609,""100"":2.548081217,""103"":0.002680567,""104"":0.01072227,""105"":0.014923159,""106"":0.105406614,""107"":7.251592617,""108"":6.79550609,""109"":14.04709871,""110"":4.0,""111"":2.0,""112"":0.615472681,""113"":0.821887542,""210"":17.0}"
4429136,Warren Brinson,DT,9,58.91,58.91,17.0,994,994,994,170.16,0.38,"{""93"":0.002144708,""94"":0.018907291,""95"":0.099247134,""96"":0.130797238,""97"":0.143695414,""98"":0.011344375,""99"":1.608516215,""100"":3.21703243,""103"":0.003781458,""104"":0.015125833,""105"":0.021051999,""106"":0.20122652,""107"":13.53039444,""108"":12.67940474,""109"":26.20979918,""110"":8.0,""111"":5.0,""112"":0.635171098,""113"":2.37604243,""210"":17.0}"
4376288,LaCale London,DT,1,83.35,83.35,17.0,857,857,857,170.24,0.38,"{""93"":0.002370503,""94"":0.020897856,""95"":0.02358991,""96"":0.415553562,""97"":0.158823703,""98"":0.012538713,""99"":2.769051605,""100"":5.538103211,""103"":0.004179571,""104"":0.016718284,""105"":0.023268359,""106"":0.639313173,""107"":19.4500976,""108"":18.22679013,""109"":37.67688773,""110"":12.0,""111"":7.0,""112"":3.205229703,""113"":0.635579523,""210"":17.0}"
4360189,Logan Hall,DT,34,61.16,61.16,17.0,992,992,992,170.06,0.38,"{""93"":0.002239158,""94"":0.019739943,""95"":0.026886576,""96"":0.320328697,""97"":0.150023567,""98"":0.011843966,""99"":1.730721545,""100"":3.46144309,""103"":0.003947989,""104"":0.015791954,""105"":0.021979101,""106"":0.492813379,""107"":14.2957898,""108"":13.39666081,""109"":27.69245061,""110"":9.0,""111"":5.0,""112"":0.42680478,""113"":0.77597405,""210"":17.0}"
4241464,Mac Jones,QB,25,11.3,11.3,17.0,375,455,455,169.94,0.38,"{""0"":22.36266155,""1"":14.74742936,""2"":7.615232188,""3"":145.7027541,""4"":0.944616425,""5"":29.0,""6"":14.0,""7"":7.0,""8"":5.0,""9"":2.0,""10"":1.0,""11"":2.0,""12"":1.0,""15"":0.086075886,""16"":0.056250592,""17"":0.217234829,""18"":0.02934273,""19"":0.05743148,""20"":0.563525041,""21"":0.659466644,""22"":8.570750239,""23"":0.94656051,""24"":2.223013026,""25"":0.013237788,""26"":0.000656333,""35"":0.001736798,""36"":0.001215758,""37"":-3.65e-06,""38"":-1.25e-07,""39"":2.348516552,""40"":0.130765472,""62"":0.058087813,""63"":0.001298102,""64"":1.607976612,""65"":0.283815879,""66"":0.011207416,""68"":0.295023295,""69"":0.136231622,""70"":0.005155411,""72"":0.141387033,""73"":0.704912074,""210"":17.0,""211"":2.214425861}"
4242516,Noah Igbinoghene,CB,26,32.57,32.57,17.0,1109,1108,1108,170.41,0.38,"{""93"":0.001575811,""94"":0.034253166,""95"":0.242255648,""96"":0.026223579,""97"":0.01103068,""98"":0.001161124,""99"":0.064834319,""100"":0.129668639,""103"":0.029608669,""104"":0.004644497,""105"":0.035828977,""106"":0.040343968,""107"":3.650351224,""108"":9.510512383,""109"":13.16086361,""110"":4.0,""111"":2.0,""112"":0.43195711,""113"":2.100531776,""210"":17.0}"
4431118,Ty Hamilton,DT,14,27.77,27.77,17.0,1135,1135,1135,169.9,0.38,"{""93"":0.00095119,""94"":0.008385487,""95"":0.001132012,""96"":0.066582487,""97"":0.063729703,""98"":0.005031292,""99"":0.521161055,""100"":1.042322109,""103"":0.001677097,""104"":0.00670839,""105"":0.009336677,""106"":0.102434596,""107"":6.818438555,""108"":6.389595109,""109"":13.20803366,""110"":4.0,""111"":2.0,""112"":0.811484591,""113"":0.026343929,""210"":17.0}"
4361707,Chad Muma,LB,17,14.4,14.4,17.0,1262,1261,1261,169.93,0.37,"{""93"":0.000537056,""94"":0.0067132,""95"":0.040405468,""96"":0.026728662,""97"":0.000805584,""98"":0.000805584,""99"":0.082389913,""100"":0.164779826,""103"":0.004564976,""104"":0.002148224,""105"":0.007250256,""106"":0.041121018,""107"":2.942513167,""108"":3.710330634,""109"":6.652843802,""110"":2.0,""111"":1.0,""112"":0.175399248,""113"":0.253142122,""210"":17.0}"
4431573,Smael Mondon Jr.,LB,21,6.18,6.18,17.0,1333,1332,1332,170.33,0.37,"{""93"":0.000214799,""94"":0.002684986,""95"":0.017510411,""96"":0.014897935,""97"":0.000322198,""98"":0.000322198,""99"":0.050778681,""100"":0.101557361,""103"":0.001825791,""104"":0.000859196,""105"":0.002899785,""106"":0.0229199,""107"":1.253958317,""108"":1.581165383,""109"":2.8351237,""112"":0.111573648,""113"":0.106127787,""210"":17.0}"
4431613,James Williams Sr.,LB,10,27.01,27.01,17.0,788,788,788,170.73,0.37,"{""93"":0.000862533,""94"":0.010781664,""95"":0.05923005,""96"":0.052105425,""97"":0.0012938,""98"":0.0012938,""99"":0.177776908,""100"":0.355553816,""103"":0.007331531,""104"":0.003450132,""105"":0.011644197,""106"":0.080162192,""107"":5.537757555,""108"":6.982776401,""109"":12.52053396,""110"":4.0,""111"":2.0,""112"":0.607406028,""113"":0.39667445,""210"":17.0}"
4912185,Jalen Huskey,S,30,30.78,30.78,17.0,1130,1129,1129,170.0,0.37,"{""93"":0.001508997,""94"":0.018309159,""95"":0.211583545,""96"":0.050638556,""97"":0.009808478,""98"":0.001307797,""99"":0.090811533,""100"":0.181623065,""103"":0.011770173,""104"":0.006538985,""105"":0.019818155,""106"":0.07790547,""107"":4.936279965,""108"":8.47190929,""109"":13.40818925,""110"":4.0,""111"":2.0,""112"":0.255055014,""113"":1.01101712,""210"":17.0}"
4876380,Jack Kelly,LB,19,6.23,6.23,17.0,1321,1320,1320,170.24,0.37,"{""93"":0.000215778,""94"":0.00269722,""95"":0.016257469,""96"":0.011209215,""97"":0.000323666,""98"":0.000323666,""99"":0.036210852,""100"":0.072421704,""103"":0.00183411,""104"":0.00086311,""105"":0.002912998,""106"":0.017244946,""107"":1.277187605,""108"":1.610456106,""109"":2.887643711,""112"":0.099593095,""113"":0.099870636,""210"":17.0}"
4360386,Sydney Brown,S,1,34.27,34.27,17.0,1113,1112,1112,170.61,0.37,"{""93"":0.001743775,""94"":0.021157804,""95"":0.216223532,""96"":0.094518518,""97"":0.011334538,""98"":0.001511272,""99"":0.028590269,""100"":0.057180538,""103"":0.013601445,""104"":0.007556359,""105"":0.022901579,""106"":0.145413105,""107"":5.540068168,""108"":9.508163092,""109"":15.04823126,""110"":5.0,""111"":3.0,""112"":0.292371316,""113"":0.892062986,""210"":17.0}"
4360590,Juanyeh Thomas,S,11,0,0.0,,2300,2305,2300,170.0,0.37,{}
3116177,Troy Reeder,LB,8,0,0.0,,1953,1956,1953,170.9,0.37,{}
4426948,Luke McCaffrey,WR,28,18.71,18.71,17.0,1144,1144,1144,169.92,0.37,"{""42"":80.30263223,""43"":0.499453342,""44"":0.03896285,""45"":0.16741352,""46"":0.109404735,""47"":16.0,""48"":8.0,""49"":4.0,""50"":3.0,""51"":1.0,""53"":6.710698927,""56"":0.036881881,""57"":0.001140677,""58"":10.31948333,""60"":11.96635896,""61"":4.723684249,""62"":0.03896285,""63"":0.000538121,""67"":0.122300248,""68"":0.122300248,""71"":0.068488139,""72"":0.068488139,""73"":0.068488139,""101"":0.131645768,""114"":1669.688237,""116"":166.0,""117"":66.0,""210"":17.0,""212"":2.798545293}"
4693373,Jordan Turner,LB,7,0,0.0,,2524,2526,2524,170.0,0.37,{}
3859006,Ronnie Harrison Jr.,LB,15,0,0.0,,1720,1719,1719,170.72,0.36,{}
4683347,Caleb Ransaw,S,30,106.85,106.85,17.0,906,906,906,171.21,0.36,"{""93"":0.00522345,""94"":0.063377857,""95"":0.718043706,""96"":0.236874741,""97"":0.033952423,""98"":0.00452699,""99"":0.378732063,""100"":0.757464127,""103"":0.040742908,""104"":0.022634949,""105"":0.068601307,""106"":0.364422678,""107"":17.08712296,""108"":29.32583985,""109"":46.4129628,""110"":15.0,""111"":9.0,""112"":1.099330102,""113"":3.431053576,""210"":17.0}"
4591008,Omarr Norman-Lott,DT,12,33.26,33.26,17.0,1090,1089,1089,170.41,0.35,"{""93"":0.001120708,""94"":0.009879926,""95"":0.005435297,""96"":0.088266516,""97"":0.075087436,""98"":0.005927955,""99"":1.195415863,""100"":2.390831727,""103"":0.001975985,""104"":0.007903941,""105"":0.011000634,""106"":0.135794639,""107"":7.83129524,""108"":7.338748507,""109"":15.17004375,""110"":5.0,""111"":3.0,""112"":0.786045103,""113"":0.128811321,""210"":17.0}"
4685369,Gracen Halton,DT,25,53.19,53.19,17.0,1016,1016,1016,170.26,0.35,"{""93"":0.001798267,""94"":0.01585314,""95"":0.038280171,""96"":0.112092799,""97"":0.120483866,""98"":0.009511884,""99"":1.566586922,""100"":3.133173844,""103"":0.003170628,""104"":0.012682512,""105"":0.017651407,""106"":0.17245046,""107"":12.5525165,""108"":11.76303011,""109"":24.31554661,""110"":8.0,""111"":4.0,""112"":0.89632525,""113"":0.835776977,""210"":17.0}"
4837188,Jordan Phillips,DT,15,62.15,62.15,17.0,1013,1013,1013,170.0,0.35,"{""93"":0.002148152,""94"":0.018937652,""95"":0.002482125,""96"":0.104407728,""97"":0.143926158,""98"":0.011362591,""99"":0.774870531,""100"":1.549741063,""103"":0.00378753,""104"":0.015150122,""105"":0.021085804,""106"":0.160627273,""107"":15.51659096,""108"":14.54068008,""109"":30.05727104,""110"":10.0,""111"":6.0,""112"":1.594098556,""113"":0.059494716,""210"":17.0}"
3117258,Solomon Thomas,DT,10,64.19,64.19,17.0,968,968,968,170.59,0.35,"{""93"":0.00236803,""94"":0.02087605,""95"":0.015975339,""96"":0.160391012,""97"":0.158657978,""98"":0.01252563,""99"":0.967866345,""100"":1.93573269,""103"":0.00417521,""104"":0.01670084,""105"":0.023244079,""106"":0.246755403,""107"":15.75677761,""108"":14.76576027,""109"":30.52253788,""110"":10.0,""111"":6.0,""112"":3.512357694,""113"":0.443109315,""210"":17.0}"
4567224,Colby Wooden,DT,11,45.79,45.79,17.0,1046,1045,1045,170.0,0.35,"{""93"":0.001406606,""94"":0.01240034,""95"":0.007078827,""96"":0.042946636,""97"":0.094242581,""98"":0.007440204,""99"":0.763105788,""100"":1.526211576,""103"":0.002480068,""104"":0.009920272,""105"":0.013806945,""106"":0.066071747,""107"":11.34026897,""108"":10.62702649,""109"":21.96729546,""110"":7.0,""111"":4.0,""112"":1.753432722,""113"":0.185581496,""210"":17.0}"
4567242,Sam Williams,DE,6,49.15,49.15,17.0,993,993,993,170.33,0.35,"{""93"":0.00466914,""94"":0.034994971,""95"":0.050487579,""96"":0.365720951,""97"":0.082488145,""98"":0.014997845,""99"":2.312360127,""100"":4.624720254,""103"":0.014997845,""104"":0.019997126,""105"":0.039664111,""106"":0.562647617,""107"":8.488283864,""108"":11.56420131,""109"":20.05248517,""110"":6.0,""111"":4.0,""112"":1.636786542,""113"":0.641295591,""210"":17.0}"
4362840,Kingsley Enagbare,DE,20,61.84,61.84,17.0,946,946,946,170.0,0.35,"{""93"":0.005791099,""94"":0.043403991,""95"":0.071586294,""96"":0.261322555,""97"":0.102309408,""98"":0.01860171,""99"":2.112594484,""100"":4.225188969,""103"":0.01860171,""104"":0.024802281,""105"":0.04919509,""106"":0.402034701,""107"":11.17590401,""108"":15.22574008,""109"":26.40164409,""110"":8.0,""111"":5.0,""112"":2.530206688,""113"":0.850105228,""210"":17.0}"
4047655,Jaylon Jones,CB,3,29.31,29.31,17.0,1128,1127,1127,169.84,0.35,"{""93"":0.001368072,""94"":0.029737565,""95"":0.171118399,""96"":0.140858685,""97"":0.009576504,""98"":0.001008053,""99"":0.048747912,""100"":0.097495824,""103"":0.025705353,""104"":0.004032212,""105"":0.031105637,""106"":0.216705669,""107"":3.30423845,""108"":8.608760847,""109"":11.9129993,""110"":3.0,""111"":2.0,""112"":0.423228843,""113"":1.377157065,""210"":17.0}"
4567979,Brandin Echols,CB,23,16.09,16.09,17.0,1204,1204,1204,170.22,0.35,"{""93"":0.000733837,""94"":0.015951294,""95"":0.13038899,""96"":0.060533961,""97"":0.005136857,""98"":0.000540722,""99"":0.064765207,""100"":0.129530415,""103"":0.013788406,""104"":0.002162887,""105"":0.01668513,""106"":0.093129171,""107"":1.771753069,""108"":4.616070748,""109"":6.387823817,""110"":2.0,""111"":1.0,""112"":0.262547418,""113"":0.985054646,""210"":17.0}"
4240472,Noah Gray,TE,12,63.49,63.49,17.0,469,470,469,169.93,0.35,"{""42"":261.6870317,""43"":1.414072991,""44"":0.063256621,""45"":0.100250571,""46"":0.065513748,""47"":52.0,""48"":26.0,""49"":13.0,""50"":10.0,""51"":5.0,""53"":26.10543983,""56"":0.101947051,""57"":0.003153002,""58"":38.04830496,""60"":10.02423378,""61"":15.3933548,""62"":0.063256621,""63"":0.000983258,""67"":0.223467769,""68"":0.223467769,""71"":0.125141951,""72"":0.125141951,""73"":0.125141951,""210"":17.0,""212"":12.59511887}"
4875381,Jordan van den Berg,DT,3,14.84,14.84,17.0,1212,1212,1212,170.14,0.35,"{""93"":0.000505693,""94"":0.004458087,""95"":0.008724861,""96"":0.031521794,""97"":0.03388146,""98"":0.002674852,""99"":0.385212694,""100"":0.770425387,""103"":0.000891617,""104"":0.003566469,""105"":0.00496378,""106"":0.048495068,""107"":3.529913138,""108"":3.307900415,""109"":6.837813554,""110"":2.0,""111"":1.0,""112"":0.307386757,""113"":0.235030174,""210"":17.0}"
4035686,Jack Jones,CB,25,0,0.0,,2170,2175,2170,170.0,0.35,{}
4240456,Michael Carter II,CB,21,22.2,22.2,17.0,1177,1177,1177,170.0,0.35,"{""93"":0.001051901,""94"":0.022865005,""95"":0.137037134,""96"":0.050459817,""97"":0.007363307,""98"":0.000775085,""99"":0.144769883,""100"":0.289539767,""103"":0.019764666,""104"":0.00310034,""105"":0.023916906,""106"":0.077630488,""107"":2.505975954,""108"":6.528992385,""109"":9.034968339,""110"":3.0,""111"":1.0,""112"":0.168580823,""113"":1.027688217,""210"":17.0}"
4883647,Elic Ayomanor,WR,10,16.02,16.02,17.0,1165,1165,1165,169.98,0.35,"{""42"":75.89559962,""43"":0.407545382,""44"":0.006415372,""45"":0.098904329,""46"":0.064633979,""47"":15.0,""48"":7.0,""49"":3.0,""50"":3.0,""51"":1.0,""53"":5.887849353,""56"":0.035341194,""57"":0.001093027,""58"":11.02773818,""60"":12.89020745,""61"":4.464447036,""62"":0.006415372,""63"":0.000472138,""67"":0.107304089,""68"":0.107304089,""71"":0.06009029,""72"":0.06009029,""73"":0.06009029,""210"":17.0,""212"":2.451879469}"
4429299,Tahj Brooks,RB,4,19.64,19.64,17.0,412,400,400,170.14,0.35,"{""23"":30.54875544,""24"":129.4079179,""25"":0.944303285,""26"":0.064108183,""27"":25.0,""28"":12.0,""29"":6.0,""30"":5.0,""31"":2.0,""33"":6.0,""34"":3.0,""35"":0.056956442,""36"":0.039869509,""37"":0.042473788,""38"":0.001449467,""39"":4.236110964,""40"":7.612230462,""62"":0.064108183,""63"":0.001150099,""66"":0.261386247,""68"":0.261386247,""70"":0.120237674,""72"":0.120237674,""73"":0.120237674,""210"":17.0,""211"":9.001403668}"
4683535,Tyler Onyedim,DT,7,32.91,32.91,17.0,1101,1100,1100,170.0,0.35,"{""93"":0.001118605,""94"":0.009861386,""95"":0.023467789,""96"":0.069726902,""97"":0.074946533,""98"":0.005916832,""99"":0.842646896,""100"":1.685293791,""103"":0.001972277,""104"":0.007889109,""105"":0.010979991,""106"":0.107272156,""107"":7.808245382,""108"":7.317148363,""109"":15.12539375,""110"":5.0,""111"":3.0,""112"":0.6893983,""113"":0.602601982,""210"":17.0}"
4569480,Darius Robinson,DT,22,81.77,81.77,17.0,914,914,914,170.0,0.35,"{""93"":0.002600709,""94"":0.022927307,""95"":0.002561121,""96"":0.107045912,""97"":0.174247533,""98"":0.013756384,""99"":1.271346339,""100"":2.542692678,""103"":0.004585461,""104"":0.018341846,""105"":0.025528016,""106"":0.164686018,""107"":20.3322114,""108"":19.05342367,""109"":39.38563507,""110"":13.0,""111"":7.0,""112"":2.928679547,""113"":0.072028654,""210"":17.0}"
3929785,Nick Westbrook-Ikhine,WR,11,62.53,62.53,17.0,980,980,980,170.01,0.34,"{""42"":269.5459962,""43"":1.975212351,""44"":0.1570345,""45"":0.132475312,""46"":0.086572616,""47"":53.0,""48"":26.0,""49"":13.0,""50"":10.0,""51"":5.0,""53"":21.63755067,""56"":0.106279782,""57"":0.003287004,""58"":36.66605644,""60"":12.45732478,""61"":15.85564684,""62"":0.1570345,""63"":0.001427704,""67"":0.324478275,""68"":0.324478275,""71"":0.181707834,""72"":0.181707834,""73"":0.181707834,""210"":17.0,""212"":12.02291766}"
3049899,Younghoe Koo,K,0,0,0.0,,1917,1919,1917,169.66,0.34,{}
4251125,Winston Reid,LB,5,30.94,30.94,17.0,770,770,770,170.94,0.33,"{""93"":0.001073739,""94"":0.013421744,""95"":0.130033154,""96"":0.068253432,""97"":0.001610609,""98"":0.001610609,""99"":0.231191852,""100"":0.462383703,""103"":0.009126786,""104"":0.004294958,""105"":0.014495483,""106"":0.10500528,""107"":6.213035956,""108"":7.834261506,""109"":14.04729746,""110"":4.0,""111"":2.0,""112"":0.597462766,""113"":0.778965421,""210"":17.0}"
4874448,Daijahn Anthony,S,4,7.17,7.17,17.0,1322,1321,1321,170.54,0.33,"{""93"":0.000347456,""94"":0.004215797,""95"":0.071569858,""96"":0.015189178,""97"":0.002258462,""98"":0.000301128,""99"":0.018065275,""100"":0.03613055,""103"":0.002710155,""104"":0.001505642,""105"":0.004563252,""106"":0.023367967,""107"":1.130139691,""108"":1.939606549,""109"":3.069746241,""110"":1.0,""112"":0.07567056,""113"":0.277066256,""210"":17.0}"
4608810,Tez Johnson,WR,27,22.18,22.18,17.0,1115,1114,1114,169.98,0.33,"{""23"":4.365431518,""24"":23.29148545,""25"":0.213190478,""26"":0.019484043,""27"":4.0,""28"":2.0,""29"":1.0,""35"":0.008024843,""36"":0.00561739,""37"":0.001232477,""38"":4.21e-05,""39"":5.33543714,""40"":1.37008738,""42"":77.61757994,""43"":0.606460691,""44"":0.052605822,""45"":0.126228681,""46"":0.082490443,""47"":15.0,""48"":7.0,""49"":3.0,""50"":3.0,""51"":1.0,""53"":6.661906595,""56"":0.035949577,""57"":0.001111843,""58"":10.66571734,""60"":11.6509559,""61"":4.565739997,""62"":0.072089865,""63"":0.000884266,""66"":0.079558532,""67"":0.121411024,""68"":0.200969556,""70"":0.036596925,""71"":0.067990173,""72"":0.104587098,""73"":0.104587098,""210"":17.0,""211"":3.28258199,""212"":2.757137674}"
2991662,Mack Hollins,WR,17,29.02,29.02,17.0,1073,1072,1072,169.95,0.33,"{""42"":126.6861579,""43"":0.788760673,""44"":0.03025765,""45"":0.202442071,""46"":0.132295893,""47"":25.0,""48"":12.0,""49"":6.0,""50"":5.0,""51"":2.0,""53"":10.76797336,""56"":0.051470782,""57"":0.00159188,""58"":15.56345358,""60"":11.76508834,""61"":7.452126935,""62"":0.03025765,""63"":0.000688194,""67"":0.156407637,""68"":0.156407637,""71"":0.087588277,""72"":0.087588277,""73"":0.087588277,""210"":17.0,""212"":5.120709927}"
4700136,Kiko Mauigoa,LB,20,15.06,15.06,17.0,1248,1248,1248,170.0,0.33,"{""93"":0.000537608,""94"":0.0067201,""95"":0.02480728,""96"":0.026002915,""97"":0.000806412,""98"":0.000806412,""99"":0.137833401,""100"":0.275666803,""103"":0.004569668,""104"":0.002150432,""105"":0.007257708,""106"":0.040004484,""107"":3.096800421,""108"":3.904877503,""109"":7.001677923,""110"":2.0,""111"":1.0,""112"":0.124200177,""113"":0.137068995,""210"":17.0}"
4575483,T.J. Tampa,CB,33,16.91,16.91,17.0,1202,1202,1202,170.52,0.32,"{""93"":0.000841437,""94"":0.018290176,""95"":0.150708292,""96"":0.035466129,""97"":0.005890057,""98"":0.000620006,""99"":0.003949448,""100"":0.007898897,""103"":0.015810152,""104"":0.002480024,""105"":0.019131613,""106"":0.054563275,""107"":1.883152066,""108"":4.906306256,""109"":6.789458322,""110"":2.0,""111"":1.0,""112"":0.229416617,""113"":1.073777529,""210"":17.0}"
4702577,Devin Moore,CB,6,12.36,12.36,17.0,1284,1283,1283,169.96,0.32,"{""93"":0.00063171,""94"":0.01373137,""95"":0.095378989,""96"":0.023060789,""97"":0.004421967,""98"":0.00046547,""99"":0.031824915,""100"":0.063649829,""103"":0.01186949,""104"":0.001861881,""105"":0.01436308,""106"":0.035478137,""107"":1.387101145,""108"":3.613910499,""109"":5.001011644,""110"":1.0,""111"":1.0,""112"":0.135199751,""113"":0.697483669,""210"":17.0}"
4714771,Drew Allar,QB,23,12.15,12.15,17.0,1233,1233,1233,169.94,0.32,"{""0"":22.99179972,""1"":14.91078999,""2"":8.081009732,""3"":160.116671,""4"":0.852100141,""5"":32.0,""6"":16.0,""7"":8.0,""8"":6.0,""9"":3.0,""10"":1.0,""11"":2.0,""12"":1.0,""15"":0.088162863,""16"":0.057614431,""17"":0.236706932,""18"":0.0319729,""19"":0.025591326,""20"":0.496925804,""21"":0.648526438,""22"":9.418627704,""23"":1.294555864,""24"":5.645224776,""25"":0.053620181,""26"":0.001806866,""27"":1.0,""35"":0.002375766,""36"":0.001663036,""37"":4.05511e-05,""38"":1.38385e-06,""39"":4.360742501,""40"":0.332072046,""62"":0.027398192,""63"":0.001512329,""64"":1.604761699,""65"":0.326525552,""66"":0.017185555,""68"":0.343711108,""69"":0.156732265,""70"":0.007905355,""72"":0.164637621,""73"":0.661563425,""210"":17.0,""211"":2.381224912}"
4710706,Jadon Canady,CB,12,10.27,10.27,17.0,1309,1308,1308,170.3,0.32,"{""93"":0.000524751,""94"":0.01140643,""95"":0.081830931,""96"":0.019156229,""97"":0.003673257,""98"":0.000386659,""99"":0.023771513,""100"":0.047543026,""103"":0.009859795,""104"":0.001546635,""105"":0.011931181,""106"":0.029471122,""107"":1.152242748,""108"":3.002017683,""109"":4.154260431,""110"":1.0,""112"":0.114973207,""113"":0.579388535,""210"":17.0}"
4039010,Myles Bryant,CB,5,59.81,59.81,17.0,965,965,965,171.26,0.32,"{""93"":0.002629128,""94"":0.057148946,""95"":0.156632285,""96"":0.168529918,""97"":0.018403898,""98"":0.001937252,""99"":0.111407812,""100"":0.222815624,""103"":0.049399936,""104"":0.00774901,""105"":0.059778074,""106"":0.259276797,""107"":7.087110709,""108"":18.46453944,""109"":25.55165015,""110"":8.0,""111"":5.0,""112"":1.176952589,""113"":1.16100932,""210"":17.0}"
4694334,Keyon Martin,CB,33,0,0.0,,2547,2546,2547,169.93,0.32,{}
3728258,Clelin Ferrell,DE,15,75.99,75.99,17.0,879,879,879,170.67,0.32,"{""93"":0.007137013,""94"":0.05349155,""95"":0.032254598,""96"":0.391254787,""97"":0.126087224,""98"":0.02292495,""99"":3.62584382,""100"":7.25168764,""103"":0.02292495,""104"":0.0305666,""105"":0.060628562,""106"":0.601930442,""107"":13.41381043,""108"":18.27460139,""109"":31.68841182,""110"":10.0,""111"":6.0,""112"":1.714658942,""113"":0.401199603,""210"":17.0}"
4240269,Payton Turner,DE,8,35.61,35.61,17.0,1045,1044,1044,170.33,0.32,"{""93"":0.003728592,""94"":0.027945608,""95"":0.044580006,""96"":0.3808941,""97"":0.065871791,""98"":0.011976689,""99"":1.682689077,""100"":3.365378155,""103"":0.011976689,""104"":0.015968919,""105"":0.0316742,""106"":0.585990924,""107"":5.995876166,""108"":8.16861454,""109"":14.16449071,""110"":4.0,""111"":2.0,""112"":0.881133447,""113"":0.623608218,""210"":17.0}"
4682909,Justin Walley,CB,11,42.39,42.39,17.0,1059,1058,1058,170.0,0.32,"{""93"":0.002138576,""94"":0.046485881,""95"":0.342013168,""96"":0.105499314,""97"":0.01497003,""98"":0.001575793,""99"":0.123416367,""100"":0.246832734,""103"":0.040182711,""104"":0.00630317,""105"":0.048624457,""106"":0.162306636,""107"":4.6958619,""108"":12.23445362,""109"":16.93031552,""110"":5.0,""111"":3.0,""112"":0.574659748,""113"":2.683234057,""210"":17.0}"
4036132,Chauncey Golston,DE,19,25.31,25.31,17.0,1122,1121,1121,170.32,0.32,"{""93"":0.002436819,""94"":0.018263836,""95"":0.030323764,""96"":0.094825708,""97"":0.04305047,""98"":0.007827358,""99"":1.019673566,""100"":2.039347132,""103"":0.007827358,""104"":0.010436478,""105"":0.020700655,""106"":0.145885705,""107"":4.508625579,""108"":6.1424258,""109"":10.65105138,""110"":3.0,""111"":2.0,""112"":0.594645592,""113"":0.400360031,""210"":17.0}"
4429324,Cobee Bryant,CB,1,0,0.0,,2581,2543,2581,170.03,0.32,{}
3139389,D'Angelo Ross,CB,5,21.58,21.58,17.0,1176,1176,1176,170.65,0.32,"{""93"":0.001051651,""94"":0.022859578,""95"":0.225935897,""96"":0.043401452,""97"":0.007361559,""98"":0.000774901,""99"":0.026705483,""100"":0.053410967,""103"":0.019759974,""104"":0.003099604,""105"":0.02391123,""106"":0.066771464,""107"":2.348839233,""108"":6.119593222,""109"":8.468432454,""110"":2.0,""111"":1.0,""112"":0.285998317,""113"":1.674710181,""210"":17.0}"
4360307,Derion Kendrick,CB,6,24.76,24.76,17.0,1136,1136,1136,170.5,0.32,"{""93"":0.001368704,""94"":0.029751303,""95"":0.392373976,""96"":0.028074953,""97"":0.009580928,""98"":0.001008519,""99"":0.218849147,""100"":0.437698294,""103"":0.025717228,""104"":0.004034075,""105"":0.031120007,""106"":0.043192235,""107"":2.488860434,""108"":6.484400138,""109"":8.973260572,""110"":2.0,""111"":1.0,""112"":0.372209327,""113"":2.869336771,""210"":17.0}"
4594277,Jaylin Smith,CB,34,31.74,31.74,17.0,1112,1111,1111,170.51,0.32,"{""93"":0.001572667,""94"":0.034184813,""95"":0.230433476,""96"":0.075332261,""97"":0.011008669,""98"":0.001158807,""99"":0.05305865,""100"":0.1061173,""103"":0.029549584,""104"":0.004635229,""105"":0.03575748,""106"":0.115895786,""107"":3.540324156,""108"":9.223851258,""109"":12.76417541,""110"":4.0,""111"":2.0,""112"":0.45579489,""113"":1.986913368,""210"":17.0}"
3116726,Kentavius Street,DT,3,0,0.0,,1802,1802,1802,170.58,0.31,{}
4833029,Max Klare,TE,14,9.6,9.6,17.0,467,467,467,169.99,0.31,"{""42"":38.15340157,""43"":0.360137578,""44"":0.004907167,""45"":0.094428384,""46"":0.061708949,""47"":7.0,""48"":3.0,""49"":1.0,""50"":1.0,""53"":4.025086955,""56"":0.020233749,""57"":0.000625786,""58"":5.621659096,""60"":9.478901202,""61"":2.244317739,""62"":0.004907167,""63"":0.000216578,""67"":0.04922221,""68"":0.04922221,""71"":0.027564437,""72"":0.027564437,""73"":0.027564437,""210"":17.0,""212"":0.967126906}"
4259651,Brandon Pili,DT,26,16.17,16.17,17.0,1206,1206,1206,170.42,0.31,"{""93"":0.000560909,""94"":0.004944853,""95"":0.000535269,""96"":0.037512702,""97"":0.037580885,""98"":0.002966912,""99"":0.298971508,""100"":0.597943015,""103"":0.000988971,""104"":0.003955883,""105"":0.005505762,""106"":0.057711849,""107"":3.973087483,""108"":3.723201455,""109"":7.696288938,""110"":2.0,""111"":1.0,""112"":0.43680876,""113"":0.0155348,""210"":17.0}"
4808839,Isaiah Bond,WR,5,32.23,32.23,17.0,1057,1056,1056,169.98,0.31,"{""23"":4.250422397,""24"":23.51967833,""25"":0.117907269,""26"":0.007150042,""27"":4.0,""28"":2.0,""29"":1.0,""35"":0.007812922,""36"":0.005469045,""37"":0.001257303,""38"":4.29069e-05,""39"":5.533492001,""40"":1.38351049,""42"":130.0471146,""43"":0.774609931,""44"":0.055102968,""45"":0.119465148,""46"":0.078070474,""47"":26.0,""48"":13.0,""49"":6.0,""50"":5.0,""51"":2.0,""53"":9.908037258,""56"":0.052462869,""57"":0.001622563,""58"":18.1091585,""60"":13.12541639,""61"":7.649830272,""62"":0.06225301,""63"":0.001135346,""66"":0.077462529,""67"":0.180570672,""68"":0.258033201,""70"":0.035632764,""71"":0.101119576,""72"":0.13675234,""73"":0.13675234,""210"":17.0,""211"":3.212266018,""212"":5.011597677}"
3134316,Matt Dickerson,DT,30,28.07,28.07,17.0,1126,1125,1125,170.46,0.31,"{""93"":0.0010144,""94"":0.008942741,""95"":0.000900317,""96"":0.05952129,""97"":0.067964831,""98"":0.005365645,""99"":0.693629676,""100"":1.387259352,""103"":0.001788548,""104"":0.007154193,""105"":0.009957141,""106"":0.091571216,""107"":6.81043901,""108"":6.382098693,""109"":13.1925377,""110"":4.0,""111"":2.0,""112"":0.725036639,""113"":0.028094603,""210"":17.0}"
4432804,Shemar Turner,DT,3,33.76,33.76,17.0,1086,1085,1085,170.19,0.31,"{""93"":0.001123763,""94"":0.00990686,""95"":0.029356523,""96"":0.08822316,""97"":0.075292133,""98"":0.005944116,""99"":0.860121995,""100"":1.72024399,""103"":0.001981372,""104"":0.007925488,""105"":0.011030623,""106"":0.135727939,""107"":7.945790222,""108"":7.446042365,""109"":15.39183259,""110"":5.0,""111"":3.0,""112"":1.313752319,""113"":0.790805569,""210"":17.0}"
4035798,Isaiahh Loudermilk,DT,16,35.81,35.81,17.0,1102,1101,1101,170.02,0.31,"{""93"":0.001238785,""94"":0.010920864,""95"":0.007238095,""96"":0.072099007,""97"":0.082998567,""98"":0.006552518,""99"":0.4996307,""100"":0.9992614,""103"":0.002184173,""104"":0.008736691,""105"":0.012159649,""106"":0.11092155,""107"":8.8615994,""108"":8.304252027,""109"":17.16585143,""110"":5.0,""111"":3.0,""112"":0.888751672,""113"":0.153937359,""210"":17.0}"
4360797,Tutu Atwell,WR,15,56.75,56.75,17.0,982,982,982,169.98,0.31,"{""23"":2.147162529,""24"":11.33700201,""25"":0.063916634,""26"":0.002425079,""27"":2.0,""28"":1.0,""35"":0.003942296,""36"":0.002759607,""37"":0.000248256,""38"":8.47e-06,""39"":5.279992484,""40"":0.666882471,""42"":291.6636841,""43"":0.445368458,""44"":0.023250434,""45"":0.214818449,""46"":0.140383856,""47"":58.0,""48"":29.0,""49"":14.0,""50"":11.0,""51"":5.0,""53"":20.36698489,""56"":0.119807127,""57"":0.003705375,""58"":35.20793783,""60"":14.3204154,""61"":17.1566873,""62"":0.025675513,""63"":0.00150343,""66"":0.032586672,""67"":0.309102014,""68"":0.341688687,""70"":0.014989869,""71"":0.173097128,""72"":0.188086997,""73"":0.188086997,""210"":17.0,""211"":2.632884191,""212"":11.71765588}"
4430947,Yahya Black,DT,23,19.42,19.42,17.0,1187,1187,1187,170.29,0.31,"{""93"":0.000671679,""94"":0.005921382,""95"":0.004607978,""96"":0.191752391,""97"":0.045002502,""98"":0.003552829,""99"":0.201662554,""100"":0.403325108,""103"":0.001184276,""104"":0.004737106,""105"":0.006593061,""106"":0.295003679,""107"":4.652432183,""108"":4.359818995,""109"":9.012251178,""110"":3.0,""111"":1.0,""112"":0.398530577,""113"":0.116522052,""210"":17.0}"
4685553,Brenen Thompson,WR,24,29.13,29.13,17.0,1077,1076,1076,169.97,0.3,"{""23"":2.079729403,""24"":11.3084786,""25"":0.099243027,""26"":0.002479515,""27"":2.0,""28"":1.0,""35"":0.003818357,""36"":0.00267285,""37"":0.000248749,""38"":8.49e-06,""39"":5.437475944,""40"":0.665204623,""42"":121.0019113,""43"":0.706455134,""44"":0.017485185,""45"":0.153146178,""46"":0.100081027,""47"":24.0,""48"":12.0,""49"":6.0,""50"":4.0,""51"":2.0,""53"":9.53816249,""56"":0.049780418,""57"":0.001539601,""58"":15.9290075,""60"":12.68608199,""61"":7.11775949,""62"":0.0199647,""63"":0.000931622,""66"":0.037902374,""67"":0.173829828,""68"":0.211732202,""70"":0.017435092,""71"":0.097344703,""72"":0.114779796,""73"":0.114779796,""210"":17.0,""211"":2.654160201,""212"":4.64999023}"
4702559,Oscar Delp,TE,18,8.74,8.74,17.0,1245,1245,1245,169.98,0.3,"{""42"":36.48483312,""43"":0.236672958,""44"":0.012374241,""45"":0.086388587,""46"":0.056454942,""47"":7.0,""48"":3.0,""49"":1.0,""50"":1.0,""53"":3.922724427,""56"":0.019469598,""57"":0.000602153,""58"":5.474102261,""60"":9.300891204,""61"":2.146166654,""62"":0.012374241,""63"":0.00021107,""67"":0.047970433,""68"":0.047970433,""71"":0.026863442,""72"":0.026863442,""73"":0.026863442,""210"":17.0,""212"":0.847295929}"
4428503,JL Skinner,S,7,6.79,6.79,17.0,1328,1327,1327,170.78,0.3,"{""93"":0.000345602,""94"":0.004193302,""95"":0.053275151,""96"":0.015018155,""97"":0.002246412,""98"":0.000299522,""99"":0.022694947,""100"":0.045389893,""103"":0.002695694,""104"":0.001497608,""105"":0.004538903,""106"":0.023104854,""107"":1.084288005,""108"":1.860913418,""109"":2.945201423,""112"":0.06662248,""113"":0.209474914,""210"":17.0}"
4693345,Cole Wisniewski,S,21,11.74,11.74,17.0,1302,1301,1301,170.98,0.3,"{""93"":0.000578405,""94"":0.007017981,""95"":0.084017671,""96"":0.01940998,""97"":0.003759632,""98"":0.000501284,""99"":0.030914789,""100"":0.061829579,""103"":0.004511559,""104"":0.002506422,""105"":0.007596386,""106"":0.029861507,""107"":1.892097698,""108"":3.24731988,""109"":5.139417578,""110"":1.0,""111"":1.0,""112"":0.101657371,""113"":0.322939403,""210"":17.0}"
4431492,Roman Wilson,WR,23,0,0.0,,1510,1509,1509,169.92,0.29,{}
4374066,Dylan Horton,DE,34,18.03,18.03,17.0,1184,1184,1184,170.0,0.29,"{""93"":0.001859843,""94"":0.013939428,""95"":0.002438835,""96"":0.13968668,""97"":0.032857222,""98"":0.00597404,""99"":0.45046253,""100"":0.90092506,""103"":0.00597404,""104"":0.007965387,""105"":0.01579927,""106"":0.214902585,""107"":3.318098621,""108"":4.520485061,""109"":7.838583682,""110"":2.0,""111"":1.0,""112"":0.549204306,""113"":0.03652651,""210"":17.0}"
4243389,Calvin Austin III,WR,19,16.19,16.19,17.0,1161,1161,1161,169.94,0.29,"{""42"":74.50440772,""43"":0.374726857,""44"":0.020025409,""45"":0.134066126,""46"":0.087612213,""47"":14.0,""48"":7.0,""49"":3.0,""50"":2.0,""51"":1.0,""53"":6.147773759,""56"":0.034847243,""57"":0.00107775,""58"":10.12502384,""60"":12.11892477,""61"":4.382612219,""62"":0.020025409,""63"":0.000541004,""67"":0.122955475,""68"":0.122955475,""71"":0.068855066,""72"":0.068855066,""73"":0.068855066,""102"":0.057964656,""115"":49.19750202,""118"":4.0,""119"":1.0,""210"":17.0,""212"":2.459341189}"
4362294,Desjuan Johnson,DE,14,39.3,39.3,17.0,1034,1033,1033,170.34,0.29,"{""93"":0.003532021,""94"":0.026472321,""95"":0.017983864,""96"":0.240099865,""97"":0.062399042,""98"":0.01134528,""99"":2.035008429,""100"":4.070016859,""103"":0.01134528,""104"":0.015127041,""105"":0.030004342,""106"":0.369384407,""107"":6.836453501,""108"":9.313793669,""109"":16.15024717,""110"":5.0,""111"":3.0,""112"":0.838973363,""113"":0.217183384,""210"":17.0}"
4870960,LT Overton,DE,6,3.66,3.66,17.0,1340,1339,1339,170.18,0.29,"{""93"":0.000373531,""94"":0.002799598,""95"":0.004908692,""96"":0.018515839,""97"":0.006599052,""98"":0.001199828,""99"":0.198330403,""100"":0.396660806,""103"":0.001199828,""104"":0.00159977,""105"":0.003173129,""106"":0.028485906,""107"":0.625510105,""108"":0.85217753,""109"":1.477687636,""112"":0.033215321,""113"":0.062350434,""210"":17.0}"
4695280,Micah Robinson,CB,10,4.34,4.34,17.0,1341,1340,1340,169.99,0.29,"{""93"":0.000211197,""94"":0.004590765,""95"":0.03854867,""96"":0.009803999,""97"":0.001478382,""98"":0.000155619,""99"":0.004734043,""100"":0.009468087,""103"":0.003968288,""104"":0.000622477,""105"":0.004801963,""106"":0.015083076,""107"":0.476830061,""108"":1.242318319,""109"":1.719148379,""112"":0.077930747,""113"":0.319441886,""210"":17.0}"
4372561,Isaac Guerendo,RB,25,0,0.0,17.0,441,434,434,170.14,0.29,"{""101"":0.065823932,""102"":0.108311853,""114"":587.8758032,""115"":108.3118535,""116"":58.0,""117"":23.0,""118"":10.0,""119"":4.0,""210"":17.0}"
5081392,Joshua Josephs,DE,28,38.99,38.99,17.0,1044,1043,1043,170.34,0.29,"{""93"":0.004128749,""94"":0.030944763,""95"":0.053060536,""96"":0.204660925,""97"":0.072941227,""98"":0.013262041,""99"":1.455370489,""100"":2.910740979,""103"":0.013262041,""104"":0.017682722,""105"":0.035073511,""106"":0.314862961,""107"":6.913944142,""108"":9.419364757,""109"":16.3333089,""110"":5.0,""111"":3.0,""112"":1.103971375,""113"":0.689177379,""210"":17.0}"
3116449,L.J. Collier,DT,22,32.19,32.19,17.0,1100,1099,1099,170.58,0.28,"{""93"":0.001243818,""94"":0.010965234,""95"":0.001647543,""96"":0.058613472,""97"":0.083335777,""98"":0.00657914,""99"":1.107485099,""100"":2.214970199,""103"":0.002193047,""104"":0.008772187,""105"":0.012209051,""106"":0.090174572,""107"":7.651941352,""108"":7.170675023,""109"":14.82261637,""110"":4.0,""111"":2.0,""112"":0.582623382,""113"":0.046335282,""210"":17.0}"
4599739,Kendre Miller,RB,18,7.83,7.83,17.0,417,405,405,170.16,0.28,"{""23"":12.89470467,""24"":54.7702888,""25"":0.296505578,""26"":0.014987542,""27"":10.0,""28"":5.0,""29"":2.0,""30"":2.0,""31"":1.0,""33"":2.0,""34"":1.0,""35"":0.023813919,""36"":0.016669743,""37"":0.007368068,""38"":0.000251444,""39"":4.247502383,""40"":3.221781694,""62"":0.014987542,""63"":0.00024273,""66"":0.055165888,""68"":0.055165888,""70"":0.025376309,""72"":0.025376309,""73"":0.025376309,""101"":0.014740938,""114"":164.3337278,""116"":16.0,""117"":6.0,""210"":17.0,""211"":4.925765968}"
3915837,Broderick Washington Jr.,DT,33,0,0.0,,2009,2012,2009,170.0,0.28,{}
5103940,Skyler Gill-Howard,DT,8,34.53,34.53,17.0,1092,1091,1091,170.27,0.28,"{""93"":0.001178373,""94"":0.010388284,""95"":0.020317079,""96"":0.073452442,""97"":0.078950961,""98"":0.00623,""99"":0.868342677,""100"":1.736685354,""103"":0.002077657,""104"":0.008310627,""105"":0.011566657,""106"":0.113003757,""107"":8.22544353,""108"":7.708106971,""109"":15.9335505,""110"":5.0,""111"":3.0,""112"":0.745560399,""113"":0.54766997,""210"":17.0}"
4879276,Bryce Lance,WR,18,44.02,44.02,17.0,1012,1012,1012,169.97,0.28,"{""42"":204.3861945,""43"":0.93908401,""44"":0.04907408,""45"":0.140869376,""46"":0.092058137,""47"":40.0,""48"":20.0,""49"":10.0,""50"":8.0,""51"":4.0,""53"":16.36379021,""56"":0.076204825,""57"":0.00235685,""58"":27.37051131,""60"":12.49015001,""61"":12.02271732,""62"":0.04907408,""63"":0.001312188,""67"":0.298224614,""68"":0.298224614,""71"":0.167005784,""72"":0.167005784,""73"":0.167005784,""210"":17.0,""212"":8.600312934}"
4035666,Leki Fotu,DT,19,49.66,49.66,17.0,1022,1021,1021,170.18,0.28,"{""93"":0.001692582,""94"":0.014921444,""95"":0.021479494,""96"":0.091337722,""97"":0.113402975,""98"":0.008952866,""99"":1.049286717,""100"":2.098573435,""103"":0.002984289,""104"":0.011937155,""105"":0.016614026,""106"":0.140519572,""107"":12.01915962,""108"":11.26321853,""109"":23.28237815,""110"":7.0,""111"":4.0,""112"":2.658482347,""113"":0.546484201,""210"":17.0}"
4240612,T.J. Slaton Jr.,DT,4,19.36,19.36,17.0,1189,1189,1189,170.0,0.28,"{""93"":0.000562303,""94"":0.004957144,""95"":0.000615998,""96"":0.014209652,""97"":0.037674291,""98"":0.002974286,""99"":0.44760821,""100"":0.89521642,""103"":0.000991429,""104"":0.003965715,""105"":0.005519446,""106"":0.021861003,""107"":4.753095245,""108"":4.454150886,""109"":9.207246131,""110"":3.0,""111"":1.0,""112"":0.319417759,""113"":0.015573411,""210"":17.0}"
4683276,Zeek Biggers,DT,15,41.47,41.47,17.0,1052,1051,1051,170.0,0.28,"{""93"":0.001300197,""94"":0.011462263,""95"":0.034008177,""96"":0.087727062,""97"":0.087113201,""98"":0.006877358,""99"":1.108037681,""100"":2.216075362,""103"":0.002292453,""104"":0.009169811,""105"":0.01276246,""106"":0.134964711,""107"":9.803492607,""108"":9.186905171,""109"":18.99039778,""110"":6.0,""111"":3.0,""112"":0.94255752,""113"":0.815151199,""210"":17.0}"
4605792,Adin Huntington,DT,5,16.12,16.12,17.0,1200,1200,1200,170.0,0.28,"{""93"":0.000561502,""94"":0.004950079,""95"":0.008755862,""96"":0.03944654,""97"":0.037620604,""98"":0.002970048,""99"":0.382183669,""100"":0.764367339,""103"":0.000990016,""104"":0.003960064,""105"":0.005511581,""106"":0.060686984,""107"":3.856232693,""108"":3.613696209,""109"":7.469928901,""110"":2.0,""111"":1.0,""112"":0.374709385,""113"":0.217235928,""210"":17.0}"
4242433,Joshua Palmer,WR,2,46.62,46.62,17.0,1001,1001,1001,169.96,0.28,"{""42"":205.4646916,""43"":1.243950055,""44"":0.100002297,""45"":0.145318518,""46"":0.094965652,""47"":41.0,""48"":20.0,""49"":10.0,""50"":8.0,""51"":4.0,""53"":16.88018956,""56"":0.076965393,""57"":0.002380373,""58"":27.39918687,""60"":12.1719422,""61"":12.08615833,""62"":0.100002297,""63"":0.001160742,""67"":0.263804948,""68"":0.263804948,""71"":0.147730771,""72"":0.147730771,""73"":0.147730771,""210"":17.0,""212"":8.872422575}"
2973405,Kalif Raymond,WR,3,48.13,48.13,17.0,987,987,987,169.93,0.27,"{""23"":4.571323744,""24"":27.18899353,""25"":0.159915049,""26"":0.009443948,""27"":5.0,""28"":2.0,""29"":1.0,""30"":1.0,""35"":0.008404258,""36"":0.005882981,""37"":0.001712352,""38"":5.8436e-05,""39"":5.947728721,""40"":1.59935256,""42"":186.9682534,""43"":0.898123741,""44"":0.059643918,""45"":0.126081181,""46"":0.082394052,""47"":37.0,""48"":18.0,""49"":9.0,""50"":7.0,""51"":3.0,""53"":19.17645944,""56"":0.070037736,""57"":0.002166116,""58"":25.70440453,""60"":9.749883914,""61"":10.99813255,""62"":0.069087866,""63"":0.001972746,""66"":0.086305291,""67"":0.362046095,""68"":0.448351386,""70"":0.039700434,""71"":0.202745813,""72"":0.242446247,""73"":0.242446247,""101"":0.014821042,""102"":0.219971932,""114"":140.0332899,""115"":201.6014315,""116"":14.0,""117"":5.0,""118"":20.0,""119"":8.0,""210"":17.0,""211"":3.386974277,""212"":8.744345204}"
4596480,Jordan Hancock,S,2,42.13,42.13,17.0,1082,1081,1081,170.64,0.27,"{""93"":0.002090021,""94"":0.025358922,""95"":0.283280585,""96"":0.078382208,""97"":0.013585137,""98"":0.001811352,""99"":0.082117919,""100"":0.164235837,""103"":0.016302164,""104"":0.009056758,""105"":0.027448943,""106"":0.120588012,""107"":6.827966637,""108"":11.71852374,""109"":18.54649038,""110"":6.0,""111"":3.0,""112"":0.391735704,""113"":1.028020389,""210"":17.0}"
4240401,Ifeatu Melifonwu,S,27,45.8,45.8,17.0,1065,1064,1064,170.89,0.27,"{""93"":0.002319582,""94"":0.028144263,""95"":0.152675373,""96"":0.064417104,""97"":0.015077284,""98"":0.002010304,""99"":0.283739745,""100"":0.567479489,""103"":0.01809274,""104"":0.010051522,""105"":0.030463845,""106"":0.099103237,""107"":7.53488703,""108"":12.93177856,""109"":20.46666559,""110"":6.0,""111"":4.0,""112"":0.428507796,""113"":0.636904602,""210"":17.0}"
4364623,Patrick O'Connell,LB,26,0,0.0,,2525,2527,2525,169.96,0.27,{}
4241807,Garret Wallow,LB,25,20.68,20.68,17.0,806,806,806,170.44,0.27,"{""93"":0.000752229,""94"":0.009402864,""95"":0.061714293,""96"":0.043763689,""97"":0.001128344,""98"":0.001128344,""99"":0.13294093,""100"":0.265881861,""103"":0.006393947,""104"":0.003008916,""105"":0.010155093,""106"":0.067328752,""107"":4.221931768,""108"":5.32359989,""109"":9.545531658,""110"":3.0,""111"":1.0,""112"":0.312815838,""113"":0.325337125,""210"":17.0}"
4037559,Devon Key,S,7,27.69,27.69,17.0,1152,1152,1152,170.61,0.27,"{""93"":0.001382407,""94"":0.016773207,""95"":0.213081109,""96"":0.049283258,""97"":0.008985647,""98"":0.001198086,""99"":0.030832876,""100"":0.061665752,""103"":0.010782776,""104"":0.005990431,""105"":0.018155614,""106"":0.075820396,""107"":4.454525651,""108"":7.645096613,""109"":12.09962226,""110"":4.0,""111"":2.0,""112"":0.341544545,""113"":0.837823009,""210"":17.0}"
4431424,Bradyn Swinson,DE,17,5.42,5.42,17.0,1319,1318,1318,169.87,0.26,"{""93"":0.000559854,""94"":0.004196074,""95"":0.005970259,""96"":0.036489846,""97"":0.009890746,""98"":0.001798317,""99"":0.320866777,""100"":0.641733555,""103"":0.001798317,""104"":0.002397757,""105"":0.004755927,""106"":0.056138224,""107"":0.908593529,""108"":1.237842495,""109"":2.146436023,""112"":0.081548865,""113"":0.080389661,""210"":17.0}"
4259558,Robert Beal Jr.,DE,15,0,0.0,,2250,2255,2250,170.0,0.26,{}
4686337,Greedy Vance,CB,13,0,0.0,,2580,2539,2580,170.11,0.26,{}
4368113,Charles Woods,CB,17,16.18,16.18,17.0,1210,1210,1210,170.0,0.26,"{""93"":0.000841613,""94"":0.018294008,""95"":0.131165839,""96"":0.035239398,""97"":0.005891291,""98"":0.000620136,""99"":0.003910829,""100"":0.007821657,""103"":0.015813465,""104"":0.002480543,""105"":0.019135621,""106"":0.054214458,""107"":1.80593517,""108"":4.705127739,""109"":6.511062909,""110"":2.0,""111"":1.0,""112"":0.218155822,""113"":1.016799573,""210"":17.0}"
4876057,Oluwafemi Oladejo,DE,10,38.04,38.04,17.0,1042,1041,1041,170.0,0.26,"{""93"":0.004121089,""94"":0.030887357,""95"":0.10055517,""96"":0.215599546,""97"":0.072805914,""98"":0.013237439,""99"":1.247744495,""100"":2.49548899,""103"":0.013237439,""104"":0.017649918,""105"":0.035008447,""106"":0.331691609,""107"":6.611104681,""108"":9.006784718,""109"":15.6178894,""110"":5.0,""111"":3.0,""112"":1.618729306,""113"":1.447368951,""210"":17.0}"
4917354,Hezekiah Masses,CB,13,6.23,6.23,17.0,1331,1330,1330,169.9,0.26,"{""93"":0.000316274,""94"":0.006874809,""95"":0.061960094,""96"":0.011545717,""97"":0.002213921,""98"":0.000233044,""99"":0.012714248,""100"":0.025428495,""103"":0.005942631,""104"":0.000932177,""105"":0.007191083,""106"":0.017762641,""107"":0.694472191,""108"":1.809356408,""109"":2.503828599,""112"":0.07090906,""113"":0.349205257,""210"":17.0}"
4684543,Julian Neal,CB,26,10.36,10.36,17.0,1307,1306,1306,170.0,0.26,"{""93"":0.00052527,""94"":0.011417722,""95"":0.077528571,""96"":0.019175193,""97"":0.003676893,""98"":0.000387041,""99"":0.021002815,""100"":0.042005629,""103"":0.009869556,""104"":0.001548166,""105"":0.011942992,""106"":0.029500297,""107"":1.153383432,""108"":3.004989586,""109"":4.158373017,""110"":1.0,""112"":0.117879258,""113"":0.67222881,""210"":17.0}"
4566092,Ennis Rakestraw Jr.,CB,8,37.98,37.98,17.0,1088,1087,1087,170.51,0.26,"{""93"":0.001891719,""94"":0.041119998,""95"":0.271378587,""96"":0.090316535,""97"":0.013242033,""98"":0.00139,""99"":0.08998116,""100"":0.179962321,""103"":0.035544405,""104"":0.005575593,""105"":0.043011717,""106"":0.138948515,""107"":4.255490914,""108"":11.08712465,""109"":15.34261556,""110"":5.0,""111"":3.0,""112"":0.519350303,""113"":2.185520624,""210"":17.0}"
4431006,Caelen Carson,CB,6,15.7,15.7,17.0,1213,1213,1213,170.0,0.26,"{""93"":0.000736994,""94"":0.016019932,""95"":0.145179624,""96"":0.025147043,""97"":0.005158961,""98"":0.000543049,""99"":0.00400805,""100"":0.008016099,""103"":0.013847738,""104"":0.002172194,""105"":0.016756927,""106"":0.038687758,""107"":1.74364955,""108"":4.542850708,""109"":6.286500258,""110"":2.0,""111"":1.0,""112"":0.24500311,""113"":1.061663763,""210"":17.0}"
4365629,Daniel Hardy,DE,3,10.95,10.95,17.0,1236,1235,1235,170.23,0.26,"{""93"":0.001120076,""94"":0.008394915,""95"":0.023172553,""96"":0.069985466,""97"":0.019788014,""98"":0.003597821,""99"":0.55680674,""100"":1.113613479,""103"":0.003597821,""104"":0.004797094,""105"":0.009514991,""106"":0.107669948,""107"":1.839293313,""108"":2.505801935,""109"":4.345095248,""110"":1.0,""112"":0.219170797,""113"":0.323931392,""210"":17.0}"
4567156,Treylon Burks,WR,28,46.76,46.76,17.0,404,392,392,170.2,0.25,"{""42"":217.8711548,""43"":1.360478861,""44"":0.106216383,""45"":0.233079952,""46"":0.152317749,""47"":43.0,""48"":21.0,""49"":10.0,""50"":8.0,""51"":4.0,""53"":15.04387877,""56"":0.081424399,""57"":0.00251828,""58"":25.79870832,""60"":14.48237906,""61"":12.81595028,""62"":0.106216383,""63"":0.000965077,""67"":0.219335735,""68"":0.219335735,""71"":0.122828012,""72"":0.122828012,""73"":0.122828012,""210"":17.0,""212"":8.843638836}"
4362748,Tyler Badie,RB,7,19.19,19.19,17.0,411,399,399,170.15,0.25,"{""23"":4.090924673,""24"":17.65766391,""25"":0.12693433,""26"":0.007770302,""27"":3.0,""28"":1.0,""35"":0.007519115,""36"":0.00526338,""37"":0.000679625,""38"":2.3193e-05,""39"":4.316301405,""40"":1.038686113,""42"":65.47936128,""43"":0.353051497,""44"":0.021424764,""45"":0.049760896,""46"":0.032518745,""47"":13.0,""48"":6.0,""49"":3.0,""50"":2.0,""51"":1.0,""53"":8.003339778,""56"":0.03154051,""57"":0.00097548,""58"":11.29963021,""60"":8.181504609,""61"":3.851727134,""62"":0.029195066,""63"":0.000455325,""66"":0.035003437,""67"":0.068479482,""68"":0.10348292,""70"":0.016101581,""71"":0.03834851,""72"":0.054450091,""73"":0.054450091,""101"":0.058869737,""114"":525.7676548,""116"":52.0,""117"":21.0,""210"":17.0,""211"":3.011372921,""212"":2.624547095}"
4243541,Kalia Davis,DT,5,40.94,40.94,17.0,1053,1052,1052,170.0,0.24,"{""93"":0.001684505,""94"":0.014850238,""95"":0.009944696,""96"":0.06245948,""97"":0.112861811,""98"":0.008910143,""99"":1.003189962,""100"":2.006379924,""103"":0.002970048,""104"":0.011880191,""105"":0.016534743,""106"":0.096091508,""107"":9.896758571,""108"":9.274305203,""109"":19.17106377,""110"":6.0,""111"":3.0,""112"":1.635486721,""113"":0.246731316,""210"":17.0}"
3051775,Andrew Billings,DT,22,0,0.0,,1678,1677,1677,171.24,0.24,{}
4428085,Luke Musgrave,TE,9,25.42,25.42,17.0,1099,1098,1098,169.95,0.24,"{""42"":101.7203814,""43"":0.52565234,""44"":0.016783967,""45"":0.076930085,""46"":0.050273811,""47"":20.0,""48"":10.0,""49"":5.0,""50"":4.0,""51"":2.0,""53"":11.22096439,""56"":0.043902984,""57"":0.001357824,""58"":15.71375014,""60"":9.065208459,""61"":5.983551844,""62"":0.016783967,""63"":0.000620158,""67"":0.140944994,""68"":0.140944994,""71"":0.078929197,""72"":0.078929197,""73"":0.078929197,""210"":17.0,""212"":4.427914218}"
4035299,Benito Jones,DT,13,25.92,25.92,17.0,1137,1137,1137,170.0,0.24,"{""93"":0.001125776,""94"":0.009924607,""95"":0.016000533,""96"":0.028448885,""97"":0.075427011,""98"":0.005954764,""99"":0.634515836,""100"":1.269031672,""103"":0.001984921,""104"":0.007939685,""105"":0.011050383,""106"":0.043767516,""107"":6.230268326,""108"":5.838417653,""109"":12.06868598,""110"":4.0,""111"":2.0,""112"":0.970039273,""113"":0.301843258,""210"":17.0}"
4429109,Tonka Hemingway,DT,13,19.54,19.54,17.0,1153,1153,1153,169.84,0.24,"{""93"":0.000675466,""94"":0.005954764,""95"":0.000991676,""96"":0.046656172,""97"":0.045256207,""98"":0.003572858,""99"":1.110407127,""100"":2.220814254,""103"":0.001190953,""104"":0.004763811,""105"":0.00663023,""106"":0.071778726,""107"":4.4091817,""108"":4.131867671,""109"":8.541049371,""110"":2.0,""111"":1.0,""112"":0.714048716,""113"":0.018707546,""210"":17.0}"
3929956,Tim Settle,DT,28,34.95,34.95,17.0,1062,1061,1061,170.28,0.24,"{""93"":0.001694593,""94"":0.014939178,""95"":0.036676183,""96"":0.042823153,""97"":0.11353775,""98"":0.008963507,""99"":0.971542507,""100"":1.943085014,""103"":0.002987836,""104"":0.011951342,""105"":0.016633771,""106"":0.065881773,""107"":8.181189054,""108"":7.666635866,""109"":15.84782492,""110"":5.0,""111"":3.0,""112"":2.180097516,""113"":0.917972059,""210"":17.0}"
4569382,Jordan Whittington,WR,14,43.33,43.33,17.0,1014,1014,1014,169.94,0.24,"{""23"":2.274471906,""24"":12.09434977,""25"":0.11673584,""26"":0.001750686,""27"":2.0,""28"":1.0,""35"":0.004176338,""36"":0.002923436,""37"":0.000289837,""38"":9.89e-06,""39"":5.317432035,""40"":0.71143234,""42"":171.9433642,""43"":1.222657109,""44"":0.016656848,""45"":0.156721166,""46"":0.102417282,""47"":34.0,""48"":17.0,""49"":8.0,""50"":6.0,""51"":3.0,""53"":15.02883855,""56"":0.065120161,""57"":0.002014026,""58"":22.48663639,""60"":11.44089503,""61"":10.11431554,""62"":0.018407533,""63"":0.001387527,""66"":0.041451491,""67"":0.273895566,""68"":0.315347057,""70"":0.019067686,""71"":0.153381517,""72"":0.172449203,""73"":0.172449203,""101"":0.069071147,""114"":769.111188,""116"":76.0,""117"":30.0,""210"":17.0,""211"":2.705567546,""212"":7.517344873}"
4372780,Tommy Tremble,TE,29,65.1,65.1,17.0,468,468,468,169.94,0.24,"{""42"":252.0233352,""43"":1.912796226,""44"":0.116096927,""45"":0.099833196,""46"":0.065240994,""47"":50.0,""48"":25.0,""49"":12.0,""50"":10.0,""51"":5.0,""53"":25.74724682,""56"":0.09687163,""57"":0.00299603,""58"":36.56365205,""60"":9.788360558,""61"":14.82490207,""62"":0.116096927,""63"":0.001545807,""67"":0.35131977,""68"":0.35131977,""71"":0.196739071,""72"":0.196739071,""73"":0.196739071,""210"":17.0,""212"":12.45092373}"
4569586,Ty Robinson,DT,21,6.29,6.29,17.0,1324,1323,1323,169.74,0.24,"{""93"":0.000224654,""94"":0.001980502,""95"":0.000537881,""96"":0.017277334,""97"":0.015051814,""98"":0.001188301,""99"":0.143959003,""100"":0.287918007,""103"":0.0003961,""104"":0.001584401,""105"":0.002205156,""106"":0.026580514,""107"":1.525922967,""108"":1.429950545,""109"":2.955873513,""112"":0.188918066,""113"":0.013501662,""210"":17.0}"
4360698,Joe Milton III,QB,6,0,0.0,,1526,1525,1525,169.92,0.24,{}
4430271,Ruke Orhorhoro,DT,30,59.77,59.77,17.0,964,964,964,169.94,0.24,"{""93"":0.002592357,""94"":0.022853671,""95"":0.011439793,""96"":0.095595756,""97"":0.1736879,""98"":0.013712203,""99"":2.649038758,""100"":5.298077516,""103"":0.004570734,""104"":0.018282937,""105"":0.025446028,""106"":0.147070394,""107"":13.82400258,""108"":12.9545465,""109"":26.77854908,""110"":8.0,""111"":5.0,""112"":1.25820678,""113"":0.356981597,""210"":17.0}"
4430560,Jer'Zhan Newton,DT,28,27.45,27.45,17.0,1119,1118,1118,170.0,0.24,"{""93"":0.00079081,""94"":0.006971616,""95"":0.010365727,""96"":0.151171864,""97"":0.052984283,""98"":0.00418297,""99"":0.764314407,""100"":1.528628814,""103"":0.001394323,""104"":0.005577293,""105"":0.007762426,""106"":0.232572098,""107"":6.448549783,""108"":6.04297037,""109"":12.49152015,""110"":4.0,""111"":2.0,""112"":0.734058405,""113"":0.25944489,""210"":17.0}"
5159928,Bobby Jamison-Travis,DT,19,29.67,29.67,17.0,1114,1113,1113,170.0,0.24,"{""93"":0.001015549,""94"":0.008952866,""95"":0.018551697,""96"":0.063303033,""97"":0.068041785,""98"":0.00537172,""99"":0.701497233,""100"":1.402994467,""103"":0.001790573,""104"":0.007162293,""105"":0.009968415,""106"":0.097389281,""107"":7.088879648,""108"":6.6430269,""109"":13.73190655,""110"":4.0,""111"":2.0,""112"":0.689402191,""113"":0.471994791,""210"":17.0}"
4608386,D'Anthony Bell,S,26,23.95,23.95,17.0,1157,1157,1157,170.72,0.23,"{""93"":0.001155314,""94"":0.014017814,""95"":0.193490054,""96"":0.078070029,""97"":0.007509543,""98"":0.001001272,""99"":0.089396097,""100"":0.178792194,""103"":0.009011452,""104"":0.005006362,""105"":0.015173129,""106"":0.120107738,""107"":3.77720571,""108"":6.482643685,""109"":10.2598494,""110"":3.0,""111"":2.0,""112"":0.65272768,""113"":0.859886798,""210"":17.0}"
4428383,Chris Roland-Wallace,S,12,13.58,13.58,17.0,1264,1263,1263,171.33,0.23,"{""93"":0.000577086,""94"":0.007001975,""95"":0.155682311,""96"":0.019390837,""97"":0.003751058,""98"":0.000500141,""99"":0.047276953,""100"":0.094553906,""103"":0.00450127,""104"":0.002500706,""105"":0.007579061,""106"":0.029832057,""107"":2.126099123,""108"":3.648925717,""109"":5.775024839,""110"":1.0,""111"":1.0,""112"":0.122716578,""113"":0.564961644,""210"":17.0}"
4682488,Dalton Johnson,S,13,11.87,11.87,17.0,1299,1298,1298,170.0,0.23,"{""93"":0.000579696,""94"":0.007033641,""95"":0.115999692,""96"":0.019453293,""97"":0.003768022,""98"":0.000502403,""99"":0.030711128,""100"":0.061422256,""103"":0.004521626,""104"":0.002512015,""105"":0.007613337,""106"":0.029928143,""107"":1.896319913,""108"":3.254566272,""109"":5.150886185,""110"":1.0,""111"":1.0,""112"":0.102156867,""113"":0.335083338,""210"":17.0}"
4248455,Rodney Thomas II,S,26,0,0.0,,2155,2160,2155,169.87,0.23,{}
4608794,Tyler Batty,DE,16,9.07,9.07,17.0,1290,1289,1289,169.95,0.23,"{""93"":0.000935394,""94"":0.007010732,""95"":0.01043363,""96"":0.060214739,""97"":0.016525297,""98"":0.003004599,""99"":0.369848472,""100"":0.739696945,""103"":0.003004599,""104"":0.004006133,""105"":0.007946126,""106"":0.09263806,""107"":1.594676281,""108"":2.17254251,""109"":3.767218792,""110"":1.0,""112"":0.410393509,""113"":0.115151406,""210"":17.0}"
4240391,Tommy DeVito,QB,17,12.36,12.36,17.0,483,483,483,169.91,0.23,"{""0"":22.51459387,""1"":14.64285076,""2"":7.87174311,""3"":149.8357446,""4"":0.986808055,""5"":29.0,""6"":14.0,""7"":7.0,""8"":5.0,""9"":2.0,""10"":1.0,""11"":2.0,""12"":1.0,""15"":0.08666712,""16"":0.056636963,""17"":0.222853604,""18"":0.030101679,""19"":0.042870886,""20"":0.407720303,""21"":0.650371525,""22"":8.813867329,""23"":1.866769057,""24"":9.496290072,""25"":0.06677353,""26"":0.0023756,""27"":1.0,""35"":0.003426958,""36"":0.002398871,""37"":0.000162678,""38"":5.55e-06,""39"":5.087019221,""40"":0.558605298,""62"":0.045246486,""63"":0.001289451,""64"":1.704278369,""65"":0.27208508,""66"":0.020972075,""68"":0.293057155,""69"":0.130600838,""70"":0.009647155,""72"":0.140247993,""73"":0.547968296,""210"":17.0,""211"":2.555826987}"
4875564,Bo Richter,DE,16,32.69,32.69,17.0,1070,1069,1069,170.0,0.23,"{""93"":0.003367419,""94"":0.025238635,""95"":0.072548396,""96"":0.209820757,""97"":0.059491069,""98"":0.010816558,""99"":1.201484622,""100"":2.402969243,""103"":0.010816558,""104"":0.014422077,""105"":0.028606054,""106"":0.322801165,""107"":5.708444741,""108"":7.77702598,""109"":13.48547072,""110"":4.0,""111"":2.0,""112"":1.19911428,""113"":0.800684898,""210"":17.0}"
4585317,Kendell Brooks,S,10,12.03,12.03,17.0,1301,1300,1300,170.0,0.23,"{""93"":0.000580652,""94"":0.007045242,""95"":0.066643617,""96"":0.022724165,""97"":0.003774237,""98"":0.000503232,""99"":0.025124681,""100"":0.050249362,""103"":0.004529084,""104"":0.002516158,""105"":0.007625894,""106"":0.034960253,""107"":1.957762548,""108"":3.360017429,""109"":5.317779977,""110"":1.0,""111"":1.0,""112"":0.117709478,""113"":0.283053363,""210"":17.0}"
4429955,Will Howard,QB,23,0,0.0,,1579,1578,1578,169.96,0.23,{}
4360413,Shaka Heyward,LB,4,31.61,31.61,17.0,764,764,764,171.05,0.23,"{""93"":0.001075272,""94"":0.013440898,""95"":0.08498205,""96"":0.072165197,""97"":0.001612908,""98"":0.001612908,""99"":0.311248395,""100"":0.622496791,""103"":0.00913981,""104"":0.004301087,""105"":0.014516169,""106"":0.11102338,""107"":6.402823009,""108"":8.073571469,""109"":14.47639448,""110"":4.0,""111"":2.0,""112"":0.519985616,""113"":0.518755906,""210"":17.0}"
4360949,Jordan Howden,S,18,45.57,45.57,17.0,1071,1070,1070,170.0,0.23,"{""93"":0.002430774,""94"":0.029493386,""95"":0.215769046,""96"":0.097415649,""97"":0.015800028,""98"":0.00210667,""99"":0.092802615,""100"":0.18560523,""103"":0.018960034,""104"":0.010533352,""105"":0.031924159,""106"":0.149870229,""107"":7.465247331,""108"":12.81225916,""109"":20.27750649,""110"":6.0,""111"":4.0,""112"":0.364169788,""113"":0.837104528,""210"":17.0}"
4250393,Tristin McCollum,S,13,0,0.0,,2334,2357,2334,169.81,0.23,{}
4361510,Cameron Thomas,DE,1,67.92,67.92,17.0,926,926,926,170.31,0.23,"{""93"":0.006563127,""94"":0.049190305,""95"":0.039307866,""96"":0.241577319,""97"":0.115948577,""98"":0.021081559,""99"":2.394919463,""100"":4.789838927,""103"":0.021081559,""104"":0.028108746,""105"":0.055753432,""106"":0.371657413,""107"":12.38510773,""108"":16.87312551,""109"":29.25823324,""110"":9.0,""111"":5.0,""112"":1.658494403,""113"":0.549587848,""210"":17.0}"
5091793,Charles Demmings,CB,16,10.34,10.34,17.0,1308,1307,1307,170.0,0.22,"{""93"":0.000527307,""94"":0.011461999,""95"":0.091630296,""96"":0.019249553,""97"":0.003691152,""98"":0.000388542,""99"":0.019415114,""100"":0.038830228,""103"":0.00990783,""104"":0.001554169,""105"":0.011989307,""106"":0.029614697,""107"":1.157856181,""108"":3.016642747,""109"":4.174498928,""110"":1.0,""112"":0.120005535,""113"":0.582211168,""210"":17.0}"
4698598,Toriano Pride Jr.,CB,2,10.3,10.3,17.0,1311,1310,1310,170.0,0.22,"{""93"":0.000527911,""94"":0.011475125,""95"":0.07951631,""96"":0.019271597,""97"":0.003695379,""98"":0.000388987,""99"":0.021707256,""100"":0.043414512,""103"":0.009919176,""104"":0.001555949,""105"":0.012003036,""106"":0.029648611,""107"":1.159182132,""108"":3.020097339,""109"":4.179279471,""110"":1.0,""112"":0.117873054,""113"":0.563007065,""210"":17.0}"
4244607,Akayleb Evans,CB,29,10.06,10.06,17.0,1312,1311,1311,170.0,0.22,"{""93"":0.000527909,""94"":0.01147507,""95"":0.069178215,""96"":0.075054627,""97"":0.003695362,""98"":0.000388985,""99"":0.007938549,""100"":0.015877098,""103"":0.009919128,""104"":0.001555942,""105"":0.012002979,""106"":0.115468657,""107"":1.116011062,""108"":2.907620767,""109"":4.023631829,""110"":1.0,""112"":0.044748471,""113"":0.472249319,""210"":17.0}"
4240434,Ja'Sir Taylor,CB,4,0,0.0,,2143,2148,2143,169.97,0.22,{}
4429411,Jordan Clark,CB,20,0,0.0,,2526,2528,2526,170.0,0.22,{}
4036131,Noah Fant,TE,18,46.17,46.17,17.0,471,471,471,169.97,0.22,"{""42"":179.9832573,""43"":0.982900794,""44"":0.051379855,""45"":0.081495086,""46"":0.053257039,""47"":35.0,""48"":17.0,""49"":8.0,""50"":7.0,""51"":3.0,""53"":21.26825152,""56"":0.06771118,""57"":0.00209416,""58"":27.37051131,""60"":8.462531918,""61"":10.58725043,""62"":0.051379855,""63"":0.001162535,""67"":0.264212518,""68"":0.264212518,""71"":0.14795901,""72"":0.14795901,""73"":0.14795901,""210"":17.0,""212"":9.06318146}"
3917914,Olamide Zaccheaus,WR,1,33.42,33.42,17.0,1049,1048,1048,170.02,0.22,"{""42"":142.2135683,""43"":0.633057199,""44"":0.037139444,""45"":0.076425767,""46"":0.049944239,""47"":28.0,""48"":14.0,""49"":7.0,""50"":5.0,""51"":2.0,""53"":14.26859965,""56"":0.056062374,""57"":0.001733888,""58"":21.89943085,""60"":9.966890362,""61"":8.36550402,""62"":0.037139444,""63"":0.001212609,""67"":0.275592914,""68"":0.275592914,""71"":0.154332032,""72"":0.154332032,""73"":0.154332032,""101"":0.039155015,""114"":349.6947906,""116"":34.0,""117"":13.0,""210"":17.0,""212"":6.283133594}"
5208977,Qwan'tez Stiggers,CB,20,21.15,21.15,17.0,1178,1178,1178,169.94,0.22,"{""93"":0.001053097,""94"":0.022891011,""95"":0.192862293,""96"":0.039275338,""97"":0.007371682,""98"":0.000775966,""99"":0.021650768,""100"":0.043301537,""103"":0.019787145,""104"":0.003103866,""105"":0.023944109,""106"":0.060423597,""107"":2.354418706,""108"":6.134129809,""109"":8.488548515,""110"":2.0,""111"":1.0,""112"":0.345126265,""113"":1.3185535,""210"":17.0}"
3120348,JuJu Smith-Schuster,WR,19,0,0.0,,1383,1382,1382,169.87,0.22,{}
5082630,Jalen Royals,WR,12,18.44,18.44,17.0,1146,1146,1146,169.98,0.21,"{""42"":77.9672915,""43"":0.627819982,""44"":0.028092364,""45"":0.119961802,""46"":0.078395037,""47"":15.0,""48"":7.0,""49"":3.0,""50"":3.0,""51"":1.0,""53"":6.815149796,""56"":0.036069373,""57"":0.001115548,""58"":10.87094427,""60"":11.44029021,""61"":4.586311265,""62"":0.028092364,""63"":0.000546497,""67"":0.12420383,""68"":0.12420383,""71"":0.069554145,""72"":0.069554145,""73"":0.069554145,""210"":17.0,""212"":2.810444673}"
4685307,Kevin Coleman Jr.,WR,15,54.66,54.66,17.0,983,983,983,170.01,0.21,"{""42"":270.5129814,""43"":0.665697975,""44"":0.034816231,""45"":0.157727016,""46"":0.103074605,""47"":54.0,""48"":27.0,""49"":13.0,""50"":10.0,""51"":5.0,""53"":21.12543671,""56"":0.106787568,""57"":0.003302708,""58"":35.20793783,""60"":12.80508351,""61"":15.91252832,""62"":0.034816231,""63"":0.001694018,""67"":0.385004033,""68"":0.385004033,""71"":0.215602258,""72"":0.215602258,""73"":0.215602258,""210"":17.0,""212"":11.39737481}"
4369863,Cedric Tillman,WR,5,7.32,7.32,17.0,1293,1292,1292,169.96,0.21,"{""42"":33.15786751,""43"":0.176792458,""44"":0.012570628,""45"":0.073496594,""46"":0.048030024,""47"":6.0,""48"":3.0,""49"":1.0,""50"":1.0,""53"":2.969252808,""56"":0.017908204,""57"":0.000553862,""58"":5.174045286,""60"":11.16707456,""61"":1.950462795,""62"":0.012570628,""63"":0.000226274,""67"":0.051425852,""68"":0.051425852,""71"":0.028798477,""72"":0.028798477,""73"":0.028798477,""210"":17.0,""212"":0.513737573}"
4685413,Cade Klubnik,QB,20,9.75,9.75,17.0,1275,1274,1274,169.95,0.21,"{""0"":21.79796606,""1"":13.11830104,""2"":8.679665024,""3"":143.3269143,""4"":0.764995342,""5"":28.0,""6"":14.0,""7"":7.0,""8"":5.0,""9"":2.0,""10"":1.0,""11"":2.0,""12"":1.0,""15"":0.085737546,""16"":0.056029487,""17"":0.213997336,""18"":0.028905429,""19"":0.102941543,""20"":0.828806448,""21"":0.601813077,""22"":8.430994958,""23"":1.501367481,""24"":6.651307044,""25"":0.079369415,""26"":0.008975932,""27"":1.0,""35"":0.002755617,""36"":0.001928932,""37"":6.50769e-05,""38"":2.22e-06,""39"":4.430165916,""40"":0.391253356,""62"":0.111917475,""63"":0.001461609,""64"":1.723457818,""65"":0.312252831,""66"":0.019931032,""68"":0.332183862,""69"":0.149881359,""70"":0.009168275,""72"":0.159049633,""73"":0.987856081,""210"":17.0,""211"":2.446956168}"
4431598,Leonard Taylor III,DT,17,11.98,11.98,17.0,1270,1269,1269,169.84,0.21,"{""93"":0.000393187,""94"":0.003466258,""95"":0.000419682,""96"":0.023653709,""97"":0.02634356,""98"":0.002079755,""99"":0.308715927,""100"":0.617431853,""103"":0.000693252,""104"":0.002773006,""105"":0.003859445,""106"":0.036390322,""107"":2.906105529,""108"":2.72332698,""109"":5.62943251,""110"":1.0,""111"":1.0,""112"":0.385985918,""113"":0.01088963,""210"":17.0}"
4567171,Eric Gregory,DT,17,43.91,43.91,17.0,1051,1050,1050,170.0,0.21,"{""93"":0.00157275,""94"":0.013865032,""95"":0.001678727,""96"":0.115787851,""97"":0.105374241,""98"":0.008319019,""99"":0.892231193,""100"":1.784462387,""103"":0.002773006,""104"":0.011092025,""105"":0.015437782,""106"":0.178135155,""107"":10.72860173,""108"":10.05382986,""109"":20.78243159,""110"":6.0,""111"":4.0,""112"":1.332358873,""113"":0.043558521,""210"":17.0}"
12460,Graham Gano,K,0,0,0.0,,1943,1946,1943,169.98,0.21,{}
5144942,CJ Okoye,DT,33,0,0.0,,2539,2542,2539,170.0,0.21,{}
4039052,Jordan Elliott,DT,10,62.85,62.85,17.0,1009,1009,1009,170.27,0.21,"{""93"":0.002537174,""94"":0.022367196,""95"":0.002533396,""96"":0.070895789,""97"":0.169990691,""98"":0.013420318,""99"":1.024307451,""100"":2.048614902,""103"":0.004473439,""104"":0.017893757,""105"":0.024904371,""106"":0.109070445,""107"":15.58401845,""108"":14.60386674,""109"":30.18788519,""110"":10.0,""111"":6.0,""112"":1.187556139,""113"":0.070269005,""210"":17.0}"
4432301,Kris Jenkins Jr.,DT,4,24.7,24.7,17.0,1154,1154,1154,170.26,0.21,"{""93"":0.000843454,""94"":0.007435715,""95"":0.005315255,""96"":0.030825993,""97"":0.056511437,""98"":0.004461429,""99"":0.569701033,""100"":1.139402065,""103"":0.001487143,""104"":0.005948572,""105"":0.00827917,""106"":0.047424605,""107"":6.012063369,""108"":5.633936625,""109"":11.64599999,""110"":3.0,""111"":2.0,""112"":0.425049676,""113"":0.134378131,""210"":17.0}"
4612836,Darrell Jackson Jr.,DT,20,18.31,18.31,17.0,1179,1179,1179,170.0,0.21,"{""93"":0.000618501,""94"":0.005452575,""95"":0.012561687,""96"":0.038553519,""97"":0.041439567,""98"":0.003271545,""99"":0.545974672,""100"":1.091949344,""103"":0.001090515,""104"":0.00436206,""105"":0.006071076,""106"":0.059313107,""107"":4.317348575,""108"":4.04581036,""109"":8.363158935,""110"":2.0,""111"":1.0,""112"":0.301126414,""113"":0.287459534,""210"":17.0}"
4432775,Dont'e Thornton Jr.,WR,13,33.41,33.41,17.0,1048,1047,1047,170.0,0.21,"{""42"":167.5491767,""43"":0.602492769,""44"":0.038312905,""45"":0.163700098,""46"":0.106978014,""47"":33.0,""48"":16.0,""49"":8.0,""50"":6.0,""51"":3.0,""53"":12.12471414,""56"":0.063741966,""57"":0.001971401,""58"":21.6667837,""60"":13.81881459,""61"":9.855833923,""62"":0.038312905,""63"":0.000972263,""67"":0.220968868,""68"":0.220968868,""71"":0.123742566,""72"":0.123742566,""73"":0.123742566,""210"":17.0,""212"":6.480629832}"
4572055,Mike Morris,DT,26,11.6,11.6,17.0,1260,1259,1259,170.0,0.21,"{""93"":0.000392636,""94"":0.003461397,""95"":0.02511864,""96"":0.026084196,""97"":0.026306619,""98"":0.002076838,""99"":0.220045462,""100"":0.440090924,""103"":0.000692279,""104"":0.002769118,""105"":0.003854033,""106"":0.040129533,""107"":2.644428501,""108"":2.478108043,""109"":5.122536544,""110"":1.0,""111"":1.0,""112"":0.45666329,""113"":0.729003821,""210"":17.0}"
4682652,Devin Neal,RB,18,0,0.0,,1576,1575,1575,169.94,0.21,{}
4429040,Vernon Broughton,DT,18,45.44,45.44,17.0,1036,1035,1035,170.04,0.21,"{""93"":0.001517333,""94"":0.013376491,""95"":0.013302315,""96"":0.1250005,""97"":0.101661332,""98"":0.008025895,""99"":1.361467883,""100"":2.722935766,""103"":0.002675298,""104"":0.010701193,""105"":0.014893824,""106"":0.192308461,""107"":10.79118991,""108"":10.11248157,""109"":20.90367148,""110"":6.0,""111"":4.0,""112"":1.18679025,""113"":0.337030207,""210"":17.0}"
4372096,Luke Schoonmaker,TE,6,29.0,29.0,17.0,1074,1073,1073,169.91,0.21,"{""42"":110.2058372,""43"":0.892643091,""44"":0.031926789,""45"":0.078999034,""46"":0.051625869,""47"":22.0,""48"":11.0,""49"":5.0,""50"":4.0,""51"":2.0,""53"":11.42036441,""56"":0.04652398,""57"":0.001438886,""58"":16.95810951,""60"":9.64994051,""61"":6.482696306,""62"":0.031926789,""63"":0.000491596,""67"":0.111726396,""68"":0.111726396,""71"":0.062566782,""72"":0.062566782,""73"":0.062566782,""210"":17.0,""212"":4.857427891}"
4687513,Cam Jackson,DT,29,40.37,40.37,17.0,1058,1057,1057,170.0,0.21,"{""93"":0.001326823,""94"":0.011696996,""95"":0.038428836,""96"":0.102153024,""97"":0.088897169,""98"":0.007018198,""99"":0.713274359,""100"":1.426548717,""103"":0.002339399,""104"":0.009357597,""105"":0.013023819,""106"":0.157158498,""107"":9.684954532,""108"":9.075822509,""109"":18.76077704,""110"":6.0,""111"":3.0,""112"":1.402160428,""113"":0.874170703,""210"":17.0}"
4241468,Phidarian Mathis,DT,2,0,0.0,,2172,2177,2172,170.0,0.21,{}
4586333,Mekhi Wingo,DT,8,47.17,47.17,17.0,1035,1034,1034,170.24,0.21,"{""93"":0.001683389,""94"":0.014840406,""95"":0.009815593,""96"":0.120000304,""97"":0.112787087,""98"":0.008904244,""99"":1.301147259,""100"":2.602294519,""103"":0.002968081,""104"":0.011872325,""105"":0.016523796,""106"":0.184615852,""107"":11.29169905,""108"":10.58151136,""109"":21.8732104,""110"":7.0,""111"":4.0,""112"":0.953499985,""113"":0.264590488,""210"":17.0}"
4602667,Jaylin Lane,WR,28,35.75,35.75,17.0,432,422,422,170.09,0.21,"{""42"":159.5463975,""43"":1.083146237,""44"":0.084560637,""45"":0.162862283,""46"":0.106430502,""47"":31.0,""48"":15.0,""49"":7.0,""50"":6.0,""51"":3.0,""53"":12.43897465,""56"":0.061261782,""57"":0.001894694,""58"":20.63896666,""60"":12.8263303,""61"":9.385082206,""62"":0.084560637,""63"":0.000997463,""67"":0.226696161,""68"":0.226696161,""71"":0.12694985,""72"":0.12694985,""73"":0.12694985,""101"":0.041139302,""102"":0.378615594,""114"":367.4165279,""115"":203.5707131,""116"":36.0,""117"":14.0,""118"":20.0,""119"":8.0,""210"":17.0,""212"":6.528121599}"
4430838,Rylie Mills,DT,26,13.44,13.44,17.0,1219,1220,1220,170.0,0.21,"{""93"":0.000448727,""94"":0.003955883,""95"":0.00312597,""96"":0.036664505,""97"":0.030064708,""98"":0.00237353,""99"":0.390657484,""100"":0.781314968,""103"":0.000791177,""104"":0.003164706,""105"":0.00440461,""106"":0.05640693,""107"":3.20174118,""108"":3.000368724,""109"":6.202109904,""110"":2.0,""111"":1.0,""112"":0.411479599,""113"":0.090723232,""210"":17.0}"
4603189,Sai'vion Jones,DT,7,4.79,4.79,17.0,1334,1333,1333,169.9,0.21,"{""93"":0.000167791,""94"":0.001479208,""95"":0.001353707,""96"":0.013738084,""97"":0.01124198,""98"":0.000887525,""99"":0.147111655,""100"":0.29422331,""103"":0.000295842,""104"":0.001183366,""105"":0.001646999,""106"":0.021135514,""107"":1.13375723,""108"":1.062449942,""109"":2.196207172,""112"":0.118733367,""113"":0.034760264,""210"":17.0}"
3915419,Darnell Savage,S,0,0,0.0,,1844,1844,1844,170.0,0.2,{}
4698597,Barion Brown,WR,18,7.86,7.86,17.0,1222,1222,1222,169.94,0.2,"{""42"":39.89925181,""43"":0.187816802,""44"":0.009814816,""45"":0.127111143,""46"":0.083067132,""47"":7.0,""48"":3.0,""49"":1.0,""50"":1.0,""53"":3.27523298,""56"":0.021025888,""57"":0.000650285,""58"":5.474102261,""60"":12.18211103,""61"":2.347014812,""62"":0.009814816,""63"":0.000262636,""67"":0.059690028,""68"":0.059690028,""71"":0.033426416,""72"":0.033426416,""73"":0.033426416,""101"":0.055278516,""102"":0.164049696,""114"":493.6943309,""115"":164.049696,""116"":49.0,""117"":19.0,""118"":16.0,""119"":6.0,""210"":17.0,""212"":0.773889509}"
4432715,Landon Jackson,DT,2,39.42,39.42,17.0,1054,1053,1053,170.08,0.2,"{""93"":0.001352949,""94"":0.011927313,""95"":0.045580922,""96"":0.110546513,""97"":0.09064758,""98"":0.007156388,""99"":1.191554351,""100"":2.383108703,""103"":0.002385463,""104"":0.009541851,""105"":0.013280262,""106"":0.170071558,""107"":9.120250664,""108"":8.546635505,""109"":17.66688617,""110"":5.0,""111"":3.0,""112"":0.941925453,""113"":1.080237038,""210"":17.0}"
4244310,Mike Brown,S,17,22.94,22.94,17.0,1182,1182,1182,169.89,0.2,"{""93"":0.001156937,""94"":0.014037499,""95"":0.138770172,""96"":0.035742357,""97"":0.007520089,""98"":0.001002678,""99"":0.049943034,""100"":0.099886067,""103"":0.009024106,""104"":0.005013392,""105"":0.015194436,""106"":0.054988241,""107"":3.731050891,""108"":6.4034303,""109"":10.13448119,""110"":3.0,""111"":2.0,""112"":0.155231723,""113"":0.551363523,""210"":17.0}"
3045523,Kendrick Bourne,WR,22,52.04,52.04,17.0,986,986,986,169.99,0.2,"{""42"":239.3727833,""43"":0.668742608,""44"":0.036701436,""45"":0.104485736,""46"":0.068281428,""47"":47.0,""48"":23.0,""49"":11.0,""50"":9.0,""51"":4.0,""53"":22.76854419,""56"":0.090734315,""57"":0.002806216,""58"":34.37112733,""60"":10.51331088,""61"":14.08075196,""62"":0.036701436,""63"":0.001819565,""67"":0.413537594,""68"":0.413537594,""71"":0.231581053,""72"":0.231581053,""73"":0.231581053,""210"":17.0,""212"":10.91441365}"
5160110,Jahdae Walker,WR,3,8.55,8.55,17.0,1253,1253,1253,169.92,0.2,"{""42"":35.55858422,""43"":0.327426768,""44"":0.02175194,""45"":0.101562143,""46"":0.06637086,""47"":7.0,""48"":3.0,""49"":1.0,""50"":1.0,""53"":3.170251142,""56"":0.01904046,""57"":0.00058888,""58"":5.140880905,""60"":11.21633039,""61"":2.091681425,""62"":0.02175194,""63"":0.000254218,""67"":0.057776769,""68"":0.057776769,""71"":0.032354991,""72"":0.032354991,""73"":0.032354991,""210"":17.0,""212"":0.68735079}"
4242973,Darnay Holmes,CB,1,14.82,14.82,17.0,1227,1227,1227,170.0,0.19,"{""93"":0.000659162,""94"":0.014328099,""95"":0.091136127,""96"":0.020810127,""97"":0.004614134,""98"":0.000485698,""99"":0.069254602,""100"":0.138509205,""103"":0.012385306,""104"":0.001942793,""105"":0.014987261,""106"":0.032015579,""107"":1.680957871,""108"":4.379515741,""109"":6.060473611,""110"":2.0,""111"":1.0,""112"":0.185711633,""113"":0.746207746,""210"":17.0}"
4685523,Ephesians Prysock,CB,25,16.52,16.52,17.0,1208,1208,1208,169.98,0.19,"{""93"":0.000842005,""94"":0.01830254,""95"":0.142525743,""96"":0.030737719,""97"":0.005894038,""98"":0.000620425,""99"":0.039691697,""100"":0.079383393,""103"":0.015820839,""104"":0.0024817,""105"":0.019144545,""106"":0.047288799,""107"":1.848866724,""108"":4.816980283,""109"":6.665847007,""110"":2.0,""111"":1.0,""112"":0.182935433,""113"":0.929675785,""210"":17.0}"
4832922,Wesley Williams,DE,30,25.41,25.41,17.0,1111,1110,1110,170.0,0.19,"{""93"":0.002621299,""94"":0.019646501,""95"":0.027020126,""96"":0.129937047,""97"":0.04630961,""98"":0.008419929,""99"":1.261573726,""100"":2.523147452,""103"":0.008419929,""104"":0.011226572,""105"":0.0222678,""106"":0.199903149,""107"":4.389589675,""108"":5.980254603,""109"":10.36984428,""110"":3.0,""111"":2.0,""112"":0.363325231,""113"":0.437551395,""210"":17.0}"
4427728,Bam Knight,RB,22,0,0.0,17.0,443,436,436,170.09,0.19,"{""101"":0.13627949,""114"":1217.116828,""116"":121.0,""117"":48.0,""210"":17.0}"
16339,Brandon McManus,K,0,0,0.0,,1936,1938,1936,169.96,0.19,{}
4427984,Kain Medrano,DE,28,18.44,18.44,17.0,1158,1158,1158,170.0,0.19,"{""93"":0.001876704,""94"":0.014065801,""95"":0.027407302,""96"":0.125713099,""97"":0.033155103,""98"":0.006028201,""99"":0.918794501,""100"":1.837589002,""103"":0.006028201,""104"":0.008037601,""105"":0.015942505,""106"":0.193404767,""107"":3.142701883,""108"":4.281529435,""109"":7.424231318,""110"":2.0,""111"":1.0,""112"":0.517424278,""113"":0.355980051,""210"":17.0}"
4690171,Deane Leonard,CB,24,42.5,42.5,17.0,1055,1054,1054,170.54,0.19,"{""93"":0.002104616,""94"":0.045747698,""95"":0.462514843,""96"":0.080315142,""97"":0.01473231,""98"":0.001550769,""99"":0.057098928,""100"":0.114197855,""103"":0.039544621,""104"":0.006203078,""105"":0.047852314,""106"":0.123561758,""107"":4.582803621,""108"":11.93989507,""109"":16.52269869,""110"":5.0,""111"":3.0,""112"":0.781641278,""113"":3.588278697,""210"":17.0}"
2576980,Marcus Mariota,QB,28,12.34,12.34,17.0,484,484,484,170.0,0.19,"{""0"":22.63862469,""1"":14.32076806,""2"":8.317856633,""3"":166.1985961,""4"":0.964337677,""5"":33.0,""6"":16.0,""7"":8.0,""8"":6.0,""9"":3.0,""10"":1.0,""11"":2.0,""12"":1.0,""15"":0.089065779,""16"":0.058204486,""17"":0.244813415,""18"":0.033067873,""19"":0.072835236,""20"":0.673868341,""21"":0.632581186,""22"":9.776388008,""23"":1.755316396,""24"":9.797326836,""25"":0.056162588,""26"":0.003298131,""27"":1.0,""35"":0.00322216,""36"":0.002255512,""37"":0.000175352,""38"":5.98e-06,""39"":5.581516164,""40"":0.576313343,""62"":0.076133367,""63"":0.001922778,""64"":1.816798687,""65"":0.407729695,""66"":0.029265272,""68"":0.436994967,""69"":0.195710254,""70"":0.013462025,""72"":0.209172279,""73"":0.88304062,""210"":17.0,""211"":2.551310008}"
4383396,Hunter Luepke,RB,6,26.09,26.09,17.0,1096,1095,1095,169.97,0.19,"{""23"":13.26833742,""24"":56.06534692,""25"":0.43965107,""26"":0.016567279,""27"":11.0,""28"":5.0,""29"":2.0,""30"":2.0,""31"":1.0,""33"":2.0,""34"":1.0,""35"":0.024509024,""36"":0.017156316,""37"":0.00775759,""38"":0.000265,""39"":4.225499031,""40"":3.297961584,""42"":61.68852617,""43"":0.352702513,""44"":0.012619174,""45"":0.041774298,""46"":0.027299504,""47"":12.0,""48"":6.0,""49"":3.0,""50"":2.0,""51"":1.0,""53"":8.613555898,""56"":0.030093278,""57"":0.00093072,""58"":11.30540634,""60"":7.161795536,""61"":3.628736834,""62"":0.029186453,""63"":0.000659048,""66"":0.090822971,""67"":0.05896057,""68"":0.149783542,""70"":0.041778567,""71"":0.033017919,""72"":0.074796486,""73"":0.074796486,""210"":17.0,""211"":5.098908626,""212"":2.658956401}"
4702918,Chandler Rivers,CB,33,10.29,10.29,17.0,1310,1309,1309,170.0,0.19,"{""93"":0.000525898,""94"":0.01143136,""95"":0.081496864,""96"":0.019198097,""97"":0.003681285,""98"":0.000387504,""99"":0.019835896,""100"":0.039671791,""103"":0.009881345,""104"":0.001550015,""105"":0.011957258,""106"":0.029535534,""107"":1.15476111,""108"":3.008578945,""109"":4.163340055,""110"":1.0,""112"":0.119212067,""113"":0.580654856,""210"":17.0}"
4428713,Bralen Trice,DE,1,55.85,55.85,17.0,952,952,952,170.34,0.19,"{""93"":0.005625537,""94"":0.042163119,""95"":0.076319631,""96"":0.376832875,""97"":0.099384494,""98"":0.018069908,""99"":3.053190548,""100"":6.106381097,""103"":0.018069908,""104"":0.024093211,""105"":0.047788656,""106"":0.579742884,""107"":9.420445411,""108"":12.83415221,""109"":22.25459762,""110"":7.0,""111"":4.0,""112"":1.251965051,""113"":1.067072463,""210"":17.0}"
4428996,Jordan Burch,DE,22,57.63,57.63,17.0,974,974,974,170.0,0.19,"{""93"":0.007513556,""94"":0.056313724,""95"":0.101647533,""96"":0.269770894,""97"":0.132739492,""98"":0.024134453,""99"":2.041784816,""100"":4.083569631,""103"":0.024134453,""104"":0.032179271,""105"":0.06382728,""106"":0.415032144,""107"":10.15814954,""108"":13.83917975,""109"":23.99732929,""110"":7.0,""111"":4.0,""112"":0.744737237,""113"":1.483494924,""210"":17.0}"
4035857,Cameron Goode,DE,15,57.07,57.07,17.0,960,960,960,170.0,0.19,"{""93"":0.006010116,""94"":0.045045516,""95"":0.159321713,""96"":0.342157644,""97"":0.106178715,""98"":0.019305221,""99"":2.369888937,""100"":4.739777874,""103"":0.019305221,""104"":0.025740295,""105"":0.051055631,""106"":0.526396376,""107"":9.736222173,""108"":13.26435767,""109"":23.00057984,""110"":7.0,""111"":4.0,""112"":1.316211407,""113"":1.981727008,""210"":17.0}"
3925350,Anfernee Jennings,DE,18,21.59,21.59,17.0,1150,1150,1150,170.0,0.19,"{""93"":0.001867105,""94"":0.013993859,""95"":0.007381201,""96"":0.052811936,""97"":0.032985524,""98"":0.005997368,""99"":0.766781473,""100"":1.533562946,""103"":0.005997368,""104"":0.007996491,""105"":0.015860964,""106"":0.081249133,""107"":3.979056598,""108"":5.420955784,""109"":9.400012381,""110"":3.0,""111"":1.0,""112"":1.026735201,""113"":0.097047127,""210"":17.0}"
5216101,Dondrea Tillman,DE,7,62.01,62.01,17.0,938,938,938,170.34,0.19,"{""93"":0.005574675,""94"":0.041781907,""95"":0.130611786,""96"":0.186886165,""97"":0.098485923,""98"":0.017906531,""99"":2.667520726,""100"":5.335041452,""103"":0.017906531,""104"":0.023875375,""105"":0.047356582,""106"":0.287517177,""107"":10.83964641,""108"":14.76763209,""109"":25.60727849,""110"":8.0,""111"":5.0,""112"":1.129713687,""113"":1.740422908,""210"":17.0}"
4605951,CJ Daniels,WR,14,9.92,9.92,17.0,1224,1224,1224,169.95,0.19,"{""42"":42.81075821,""43"":0.33920423,""44"":0.004621406,""45"":0.154123687,""46"":0.10071983,""47"":8.0,""48"":4.0,""49"":2.0,""50"":1.0,""53"":3.352022097,""56"":0.022320877,""57"":0.000690336,""58"":5.621659096,""60"":12.77162172,""61"":2.518279895,""62"":0.004621406,""63"":0.000268794,""67"":0.061089484,""68"":0.061089484,""71"":0.034210111,""72"":0.034210111,""73"":0.034210111,""210"":17.0,""212"":0.933584888}"
4889929,Quinn Ewers,QB,15,9.56,9.56,17.0,1296,1295,1295,169.93,0.19,"{""0"":22.37220531,""1"":14.05444149,""2"":8.317763823,""3"":152.8905449,""4"":0.56091318,""5"":30.0,""6"":15.0,""7"":7.0,""8"":6.0,""9"":3.0,""10"":1.0,""11"":2.0,""12"":1.0,""15"":0.087106436,""16"":0.056924056,""17"":0.226995107,""18"":0.030661087,""19"":0.028494151,""20"":0.60498457,""21"":0.628209928,""22"":8.993561463,""23"":0.97611857,""24"":4.010392868,""25"":0.019792709,""26"":0.000751185,""35"":0.00179106,""36"":0.001253742,""37"":1.19e-05,""38"":4.05e-07,""39"":4.108509959,""40"":0.235905463,""62"":0.029245336,""63"":0.002202524,""64"":1.68035741,""65"":0.481051254,""66"":0.019522371,""68"":0.500573626,""69"":0.230904602,""70"":0.008980291,""72"":0.239884893,""73"":0.844869463,""210"":17.0,""211"":2.281459766}"
4427834,Erick All Jr.,TE,4,41.45,41.45,17.0,1017,1017,1017,169.99,0.18,"{""42"":155.7083753,""43"":1.233261153,""44"":0.057699578,""45"":0.094996699,""46"":0.062080343,""47"":31.0,""48"":15.0,""49"":7.0,""50"":6.0,""51"":3.0,""53"":17.25573314,""56"":0.060099062,""57"":0.001858734,""58"":22.87879753,""60"":9.02357344,""61"":9.159316192,""62"":0.057699578,""63"":0.000928479,""67"":0.21101788,""68"":0.21101788,""71"":0.118170013,""72"":0.118170013,""73"":0.118170013,""210"":17.0,""212"":7.581566421}"
4571557,Spencer Shrader,K,11,0,0.0,,2481,2477,2481,169.9,0.18,{}
4695193,Efton Chism III,WR,17,0,0.0,17.0,1354,1353,1353,169.93,0.18,"{""101"":0.089088977,""114"":795.6567253,""116"":79.0,""117"":31.0,""210"":17.0}"
14163,Tyrod Taylor,QB,9,11.98,11.98,17.0,1237,1237,1237,169.95,0.18,"{""0"":19.96208159,""1"":12.74773074,""2"":7.214350849,""3"":136.096822,""4"":0.856079035,""5"":27.0,""6"":13.0,""7"":6.0,""8"":5.0,""9"":2.0,""10"":1.0,""11"":2.0,""12"":1.0,""15"":0.084722058,""16"":0.055365865,""17"":0.204074932,""18"":0.027565172,""19"":0.033183555,""20"":0.515774618,""21"":0.638597267,""22"":8.005695411,""23"":2.262328531,""24"":12.36382269,""25"":0.069517896,""26"":0.001894399,""27"":2.0,""28"":1.0,""35"":0.004154008,""36"":0.002907806,""37"":0.000303238,""38"":1.03e-05,""39"":5.465087198,""40"":0.727283688,""62"":0.035077955,""63"":0.001398023,""64"":2.091139175,""65"":0.288170567,""66"":0.029561963,""68"":0.31773253,""69"":0.138321872,""70"":0.013598503,""72"":0.151920375,""73"":0.667694994,""210"":17.0,""211"":2.678727572}"
4434153,Tyson Bagent,QB,3,13.26,13.26,17.0,485,485,485,169.94,0.18,"{""0"":22.06019657,""1"":14.2263869,""2"":7.833809662,""3"":156.0052657,""4"":1.033132806,""5"":31.0,""6"":15.0,""7"":7.0,""8"":6.0,""9"":3.0,""10"":1.0,""11"":2.0,""12"":1.0,""15"":0.087559097,""16"":0.05721987,""17"":0.231194517,""18"":0.031228317,""19"":0.070014326,""20"":0.547626249,""21"":0.644889399,""22"":9.176780336,""23"":1.50702106,""24"":5.917734522,""25"":0.075908953,""26"":0.004483985,""27"":1.0,""35"":0.002766001,""36"":0.001936201,""37"":4.66639e-05,""38"":1.59246e-06,""39"":3.926776261,""40"":0.348102031,""62"":0.074498311,""63"":0.001734126,""64"":1.410002164,""65"":0.37034009,""66"":0.023779531,""68"":0.39411962,""69"":0.177763243,""70"":0.010938584,""72"":0.188701827,""73"":0.736328076,""210"":17.0,""211"":2.419950549}"
4689333,Tyrus Wheat,DT,6,17.32,17.32,17.0,1181,1181,1181,170.0,0.17,"{""93"":0.000562141,""94"":0.004955718,""95"":0.006732462,""96"":0.104847894,""97"":0.037663457,""98"":0.002973431,""99"":0.792101145,""100"":1.584202291,""103"":0.000991144,""104"":0.003964574,""105"":0.005517859,""106"":0.161304453,""107"":3.892064184,""108"":3.64727409,""109"":7.539338273,""110"":2.0,""111"":1.0,""112"":0.199386338,""113"":0.164791024,""210"":17.0}"
3915437,Isaiah Oliver,S,22,0,0.0,,1767,1766,1766,170.0,0.17,{}
4046716,Naquan Jones,DT,34,9.17,9.17,17.0,1314,1313,1313,169.96,0.17,"{""93"":0.000279895,""94"":0.002467493,""95"":0.005802055,""96"":0.013926211,""97"":0.018752946,""98"":0.001480496,""99"":0.119927198,""100"":0.239854396,""103"":0.000493499,""104"":0.001973994,""105"":0.002747388,""106"":0.021424941,""107"":2.244249883,""108"":2.103098527,""109"":4.34734841,""110"":1.0,""112"":0.396921135,""113"":0.167453222,""210"":17.0}"
4611993,Joshua Farmer,DT,17,28.81,28.81,17.0,1124,1123,1123,170.0,0.17,"{""93"":0.001011053,""94"":0.008913235,""95"":0.001079182,""96"":0.067962434,""97"":0.067740584,""98"":0.005347941,""99"":0.543421668,""100"":1.086843336,""103"":0.001782647,""104"":0.007130588,""105"":0.009924288,""106"":0.104557591,""107"":7.073019773,""108"":6.628164526,""109"":13.7011843,""110"":4.0,""111"":2.0,""112"":0.985232385,""113"":0.028001906,""210"":17.0}"
4034530,Chris Williams,DT,1,15.64,15.64,17.0,1201,1201,1201,170.0,0.17,"{""93"":0.000564405,""94"":0.00497568,""95"":0.000580178,""96"":0.029164546,""97"":0.037815167,""98"":0.002985408,""99"":0.531795947,""100"":1.063591894,""103"":0.000995136,""104"":0.003980544,""105"":0.005540085,""106"":0.044868532,""107"":3.723339226,""108"":3.489161032,""109"":7.212500258,""110"":2.0,""111"":1.0,""112"":0.280277071,""113"":0.015631645,""210"":17.0}"
4612182,Evan Anderson,DT,0,0,0.0,,2429,2434,2429,170.0,0.17,{}
4690013,Rasheen Ali,RB,33,0,0.0,17.0,448,438,438,170.05,0.17,"{""101"":0.082573238,""114"":910.7342382,""116"":91.0,""117"":36.0,""210"":17.0}"
4612298,Albert Regis,DT,30,33.35,33.35,17.0,1098,1097,1097,170.0,0.17,"{""93"":0.001127112,""94"":0.009936379,""95"":0.01945777,""96"":0.070257153,""97"":0.075516478,""98"":0.005961827,""99"":0.951187506,""100"":1.902375012,""103"":0.001987276,""104"":0.007949103,""105"":0.01106349,""106"":0.108087928,""107"":7.867624683,""108"":7.372793022,""109"":15.2404177,""110"":5.0,""111"":3.0,""112"":0.592508422,""113"":0.607184584,""210"":17.0}"
3863182,Jerry Tillery,DT,11,18.39,18.39,17.0,1190,1190,1190,170.75,0.17,"{""93"":0.000731435,""94"":0.006448177,""95"":0.000772709,""96"":0.051358671,""97"":0.049006142,""98"":0.003868906,""99"":0.488656166,""100"":0.977312331,""103"":0.001289635,""104"":0.005158541,""105"":0.007179612,""106"":0.07901334,""107"":4.425990776,""108"":4.147619545,""109"":8.57361032,""110"":2.0,""111"":1.0,""112"":0.262399279,""113"":0.020257655,""210"":17.0}"
4432758,Jaylen Reed,S,34,14.08,14.08,17.0,1273,1272,1272,170.62,0.17,"{""93"":0.000691805,""94"":0.008393905,""95"":0.074794782,""96"":0.026133059,""97"":0.004496735,""98"":0.000599565,""99"":0.014163118,""100"":0.028326236,""103"":0.005396082,""104"":0.002997823,""105"":0.00908571,""106"":0.040204706,""107"":2.298631895,""108"":3.945035745,""109"":6.24366764,""110"":2.0,""111"":1.0,""112"":0.146722932,""113"":0.330546033,""210"":17.0}"
4912052,Justin Joly,TE,7,9.25,9.25,17.0,1225,1225,1225,170.0,0.17,"{""42"":37.74017897,""43"":0.299410769,""44"":0.01816472,""45"":0.088110645,""46"":0.057580306,""47"":7.0,""48"":3.0,""49"":1.0,""50"":1.0,""53"":4.020284566,""56"":0.020045621,""57"":0.000619968,""58"":5.649815106,""60"":9.387439708,""61"":2.220010528,""62"":0.01816472,""63"":0.000216319,""67"":0.049163482,""68"":0.049163482,""71"":0.02753155,""72"":0.02753155,""73"":0.02753155,""210"":17.0,""212"":0.929805086}"
4428917,Rashad Wisdom,S,27,0,0.0,,2530,2532,2530,170.33,0.17,{}
4682818,Nick Barrett,DT,24,4.93,4.93,17.0,1335,1334,1334,170.41,0.17,"{""93"":0.000168556,""94"":0.001485951,""95"":0.00301676,""96"":0.010506713,""97"":0.011293227,""98"":0.000891571,""99"":0.119080789,""100"":0.238161577,""103"":0.00029719,""104"":0.001188761,""105"":0.001654507,""106"":0.016164174,""107"":1.176575932,""108"":1.102575577,""109"":2.279151509,""112"":0.111773573,""113"":0.078339278,""210"":17.0}"
5092508,Colbie Young,WR,4,10.05,10.05,17.0,1020,1218,1218,169.97,0.17,"{""42"":43.20547715,""43"":0.331889367,""44"":0.015526577,""45"":0.148328015,""46"":0.096932358,""47"":8.0,""48"":4.0,""49"":2.0,""50"":1.0,""53"":3.496572383,""56"":0.022494299,""57"":0.0006957,""58"":5.719699382,""60"":12.35652302,""61"":2.541498656,""62"":0.015526577,""63"":0.000280385,""67"":0.063723865,""68"":0.063723865,""71"":0.035685364,""72"":0.035685364,""73"":0.035685364,""210"":17.0,""212"":0.974426304}"
5150247,Malik Benson,WR,13,15.8,15.8,17.0,1166,1166,1166,169.96,0.17,"{""42"":79.27218518,""43"":0.263732904,""44"":0.016765044,""45"":0.129825947,""46"":0.084841256,""47"":15.0,""48"":7.0,""49"":3.0,""50"":3.0,""51"":1.0,""53"":6.399360804,""56"":0.036521222,""57"":0.001129522,""58"":10.83339185,""60"":12.38751613,""61"":4.663069717,""62"":0.016765044,""63"":0.000513155,""67"":0.116626215,""68"":0.116626215,""71"":0.06531068,""72"":0.06531068,""73"":0.06531068,""210"":17.0,""212"":2.602775618}"
4429939,Jawhar Jordan,RB,34,7.54,7.54,17.0,418,406,406,170.14,0.17,"{""23"":12.61233665,""24"":53.94454014,""25"":0.253924332,""26"":0.01837584,""27"":10.0,""28"":5.0,""29"":2.0,""30"":2.0,""31"":1.0,""33"":2.0,""34"":1.0,""35"":0.02328875,""36"":0.016302125,""37"":0.007133043,""38"":0.000243423,""39"":4.27712498,""40"":3.173208244,""62"":0.01837584,""63"":0.000379863,""66"":0.086332587,""68"":0.086332587,""70"":0.03971299,""72"":0.03971299,""73"":0.03971299,""210"":17.0,""211"":4.848985147}"
4708486,Jimmy Horn Jr.,WR,29,21.89,21.89,17.0,1117,1116,1116,169.95,0.17,"{""23"":6.160770643,""24"":36.75242217,""25"":0.170009766,""26"":0.011867356,""27"":7.0,""28"":3.0,""29"":1.0,""30"":1.0,""33"":1.0,""35"":0.011336182,""36"":0.007935327,""37"":0.00322286,""38"":0.00011,""39"":5.965555984,""40"":2.161907186,""42"":76.62933988,""43"":0.441888984,""44"":0.026807852,""45"":0.130471541,""46"":0.085263152,""47"":15.0,""48"":7.0,""49"":3.0,""50"":3.0,""51"":1.0,""53"":6.642126457,""56"":0.035601388,""57"":0.001101074,""58"":10.44675773,""60"":11.53686856,""61"":4.507608228,""62"":0.038675207,""63"":0.001026646,""66"":0.112277989,""67"":0.121050538,""68"":0.233328526,""70"":0.051647875,""71"":0.067788301,""72"":0.119436176,""73"":0.119436176,""210"":17.0,""211"":3.813976105,""212"":2.658081406}"
4077786,Sam Roberts,DT,0,9.18,9.18,17.0,1315,1314,1314,169.86,0.17,"{""93"":0.000282097,""94"":0.002486907,""95"":0.000331434,""96"":0.019710459,""97"":0.018900496,""98"":0.001492144,""99"":0.171397378,""100"":0.342794757,""103"":0.000497381,""104"":0.001989526,""105"":0.002769004,""106"":0.030323783,""107"":2.259405496,""108"":2.117300932,""109"":4.376706429,""110"":1.0,""112"":0.296758014,""113"":0.008432377,""210"":17.0}"
4880675,Rayuan Lane III,S,30,11.48,11.48,17.0,1294,1293,1293,170.0,0.17,"{""93"":0.000580383,""94"":0.007041984,""95"":0.108574115,""96"":0.023766432,""97"":0.003772491,""98"":0.000502999,""99"":0.050118424,""100"":0.100236847,""103"":0.00452699,""104"":0.002514994,""105"":0.007622367,""106"":0.036563742,""107"":1.791756709,""108"":3.075109276,""109"":4.866865985,""110"":1.0,""112"":0.195594919,""113"":0.518803523,""210"":17.0}"
5081785,Jackie Marshall,DT,10,24.73,24.73,17.0,1148,1148,1148,170.0,0.17,"{""93"":0.000845725,""94"":0.007455732,""95"":0.014171134,""96"":0.052717245,""97"":0.056663564,""98"":0.004473439,""99"":0.600275825,""100"":1.20055165,""103"":0.001491146,""104"":0.005964586,""105"":0.008301457,""106"":0.081103453,""107"":5.903448629,""108"":5.532153174,""109"":11.4356018,""110"":3.0,""111"":2.0,""112"":0.558031793,""113"":0.393065921,""210"":17.0}"
4696882,Devontez Walker,WR,33,27.54,27.54,17.0,1089,1088,1088,169.97,0.17,"{""42"":124.0471939,""43"":0.87883435,""44"":0.028965482,""45"":0.281282051,""46"":0.18381782,""47"":24.0,""48"":12.0,""49"":6.0,""50"":4.0,""51"":2.0,""53"":8.681328502,""56"":0.050687579,""57"":0.001567657,""58"":13.99082553,""60"":14.2889644,""61"":7.296893761,""62"":0.028965482,""63"":0.000696143,""67"":0.158214314,""68"":0.158214314,""71"":0.088600016,""72"":0.088600016,""73"":0.088600016,""210"":17.0,""212"":4.60915501}"
4430821,Kitan Crawford,S,22,11.76,11.76,17.0,1300,1299,1299,170.0,0.17,"{""93"":0.000582253,""94"":0.007064674,""95"":0.090659826,""96"":0.022866053,""97"":0.003784647,""98"":0.00050462,""99"":0.027670462,""100"":0.055340925,""103"":0.004541576,""104"":0.002523098,""105"":0.007646927,""106"":0.035178543,""107"":1.879187727,""108"":3.225163094,""109"":5.104350821,""110"":1.0,""111"":1.0,""112"":0.109988369,""113"":0.390426255,""210"":17.0}"
4037521,Chazz Surratt,LB,26,15.41,15.41,17.0,1228,1228,1228,170.67,0.17,"{""93"":0.000536303,""94"":0.006703787,""95"":0.0315496,""96"":0.033888815,""97"":0.000804454,""98"":0.000804454,""99"":0.099061066,""100"":0.198122131,""103"":0.004558575,""104"":0.002145212,""105"":0.00724009,""106"":0.052136638,""107"":3.159004385,""108"":3.983312929,""109"":7.142317315,""110"":2.0,""111"":1.0,""112"":0.345609083,""113"":0.221084789,""210"":17.0}"
4426844,Elijah Higgins,TE,22,44.91,44.91,17.0,473,473,473,169.92,0.17,"{""42"":182.1912279,""43"":0.682978538,""44"":0.037528081,""45"":0.070910518,""46"":0.046340023,""47"":36.0,""48"":18.0,""49"":9.0,""50"":7.0,""51"":3.0,""53"":20.90759363,""56"":0.06844788,""57"":0.002116945,""58"":28.64260611,""60"":8.714117518,""61"":10.71713105,""62"":0.037528081,""63"":0.001187459,""67"":0.269876995,""68"":0.269876995,""71"":0.151131117,""72"":0.151131117,""73"":0.151131117,""210"":17.0,""212"":8.919219913}"
4242457,Matthew Butler,DT,15,35.53,35.53,17.0,1093,1092,1092,170.0,0.17,"{""93"":0.001243667,""94"":0.010963904,""95"":0.033330915,""96"":0.078870738,""97"":0.08332567,""98"":0.006578342,""99"":0.642842515,""100"":1.28568503,""103"":0.002192781,""104"":0.008771123,""105"":0.012207571,""106"":0.121339598,""107"":8.518281958,""108"":7.982527423,""109"":16.50080938,""110"":5.0,""111"":3.0,""112"":0.837788343,""113"":0.798917717,""210"":17.0}"
4033812,Jake Hansen,LB,34,0,0.0,,2183,2188,2183,170.0,0.17,{}
4714157,Thomas Incoom,DE,29,12.9,12.9,17.0,1203,1203,1203,170.05,0.16,"{""93"":0.001311045,""94"":0.009826218,""95"":0.020273569,""96"":0.082412962,""97"":0.023161799,""98"":0.004211236,""99"":0.620429266,""100"":1.240858531,""103"":0.004211236,""104"":0.005614982,""105"":0.011137263,""106"":0.126789173,""107"":2.214996381,""108"":3.017649322,""109"":5.232645704,""110"":1.0,""111"":1.0,""112"":0.358026101,""113"":0.240394525,""210"":17.0}"
4046690,Julian Okwara,DE,5,0,0.0,,1985,1987,1985,170.0,0.16,{}
3043275,Austin Hooper,TE,1,45.46,45.46,17.0,472,472,472,169.99,0.16,"{""42"":181.036149,""43"":0.826468313,""44"":0.048496671,""45"":0.082702341,""46"":0.05404598,""47"":36.0,""48"":18.0,""49"":9.0,""50"":7.0,""51"":3.0,""53"":20.53153552,""56"":0.068057183,""57"":0.002104861,""58"":27.37428857,""60"":8.817467586,""61"":10.64918523,""62"":0.048496671,""63"":0.001086631,""67"":0.246961675,""68"":0.246961675,""71"":0.138298538,""72"":0.138298538,""73"":0.138298538,""210"":17.0,""212"":8.860326531}"
4038843,Keir Thomas II,DE,14,5.4,5.4,17.0,1323,1322,1322,170.0,0.16,"{""93"":0.000557688,""94"":0.00417984,""95"":0.009441738,""96"":0.033513253,""97"":0.00985248,""98"":0.00179136,""99"":0.198664445,""100"":0.39732889,""103"":0.00179136,""104"":0.00238848,""105"":0.004737528,""106"":0.051558851,""107"":0.949290065,""108"":1.29328632,""109"":2.242576385,""112"":0.202084911,""113"":0.114023801,""210"":17.0}"
4362502,DJ Ivey,CB,4,22.02,22.02,17.0,1163,1163,1163,169.99,0.16,"{""93"":0.001053152,""94"":0.022892201,""95"":0.303149656,""96"":0.044330444,""97"":0.007372065,""98"":0.000776007,""99"":0.043370091,""100"":0.086740181,""103"":0.019788174,""104"":0.003104027,""105"":0.023945353,""106"":0.068200683,""107"":2.292917517,""108"":5.97389651,""109"":8.266814027,""110"":2.0,""111"":1.0,""112"":0.240330125,""113"":2.289724701,""210"":17.0}"
4686422,Xavier Hutchinson,WR,34,35.35,35.35,17.0,1043,1042,1042,169.98,0.16,"{""23"":2.102056108,""24"":12.39743003,""25"":0.066708838,""26"":0.004827544,""27"":2.0,""28"":1.0,""35"":0.003859386,""36"":0.00270157,""37"":0.000305883,""38"":1.04386e-05,""39"":5.897763612,""40"":0.72926059,""42"":152.0776865,""43"":0.736419944,""44"":0.048394287,""45"":0.102016563,""46"":0.066667824,""47"":30.0,""48"":15.0,""49"":7.0,""50"":6.0,""51"":3.0,""53"":12.46395843,""56"":0.05900219,""57"":0.00182481,""58"":21.94371228,""60"":12.20139551,""61"":8.945746262,""62"":0.053221831,""63"":0.000934422,""66"":0.030647417,""67"":0.181721186,""68"":0.212368602,""70"":0.014097812,""71"":0.101763864,""72"":0.115861676,""73"":0.115861676,""210"":17.0,""211"":2.668031117,""212"":6.186076681}"
4379409,Azeez Ojulari,DE,1,26.61,26.61,17.0,1103,1102,1102,170.0,0.16,"{""93"":0.003000287,""94"":0.022486997,""95"":0.043031682,""96"":0.090634637,""97"":0.053005064,""98"":0.009637284,""99"":1.327141557,""100"":2.654283115,""103"":0.009637284,""104"":0.012849712,""105"":0.025487283,""106"":0.139437903,""107"":4.593498516,""108"":6.258054324,""109"":10.85155284,""110"":3.0,""111"":2.0,""112"":0.89551854,""113"":0.601652845,""210"":17.0}"
4429005,Braiden McGregor,DE,20,8.31,8.31,17.0,1295,1294,1294,169.73,0.16,"{""93"":0.000934048,""94"":0.007000644,""95"":0.005733575,""96"":0.045015105,""97"":0.016501517,""98"":0.003000276,""99"":0.342697822,""100"":0.685395645,""103"":0.003000276,""104"":0.004000368,""105"":0.007934692,""106"":0.069254008,""107"":1.476803586,""108"":2.011956037,""109"":3.488759623,""110"":1.0,""112"":0.186444931,""113"":0.068087649,""210"":17.0}"
4240596,C.J. Henderson,CB,1,0,0.0,,1991,1993,1991,170.0,0.16,{}
4240608,James Houston,DE,6,0,0.0,,2140,2145,2140,170.0,0.16,{}
4240896,Micheal Clemons,DE,11,61.53,61.53,17.0,940,940,940,170.0,0.16,"{""93"":0.008785809,""94"":0.065849195,""95"":0.025872781,""96"":0.296230323,""97"":0.155215959,""98"":0.028221083,""99"":2.962627655,""100"":5.925255309,""103"":0.028221083,""104"":0.037628111,""105"":0.074635004,""106"":0.455738959,""107"":10.80744843,""108"":14.72376646,""109"":25.5312149,""110"":8.0,""111"":5.0,""112"":0.67423783,""113"":0.351990147,""210"":17.0}"
4372019,Jerome Ford,RB,28,0,0.0,,1441,1440,1440,169.98,0.16,{}
4708238,George Gumbs Jr.,DE,11,10.78,10.78,17.0,1254,1254,1254,170.0,0.16,"{""93"":0.001121593,""94"":0.00840628,""95"":0.013761327,""96"":0.055597035,""97"":0.019814803,""98"":0.003602692,""99"":0.490962603,""100"":0.981925206,""103"":0.003602692,""104"":0.004803589,""105"":0.009527873,""106"":0.085533901,""107"":1.87820317,""108"":2.558811639,""109"":4.437014809,""110"":1.0,""112"":0.20429381,""113"":0.18721805,""210"":17.0}"
4037235,Greg Dortch,WR,8,14.06,14.06,17.0,1162,1162,1162,169.97,0.16,"{""23"":4.642536469,""24"":23.99845437,""25"":0.366653504,""26"":0.006903311,""27"":4.0,""28"":2.0,""29"":1.0,""35"":0.008535506,""36"":0.005974854,""37"":0.00131,""38"":4.48e-05,""39"":5.169254896,""40"":1.411673786,""42"":39.71704928,""43"":0.273421468,""44"":0.006035901,""45"":0.134427967,""46"":0.087848676,""47"":7.0,""48"":3.0,""49"":1.0,""50"":1.0,""53"":4.09566814,""56"":0.020944244,""57"":0.00064776,""58"":5.373299054,""60"":9.697330916,""61"":2.336297016,""62"":0.012939211,""63"":0.000768962,""66"":0.092850729,""67"":0.081913363,""68"":0.174764092,""70"":0.042711336,""71"":0.045871483,""72"":0.088582819,""73"":0.088582819,""101"":0.08286113,""102"":0.228018529,""114"":843.9181553,""115"":257.4209183,""116"":84.0,""117"":33.0,""118"":25.0,""119"":10.0,""210"":17.0,""211"":3.437694996,""212"":0.990874387}"
4242392,Brock Wright,TE,8,19.23,19.23,17.0,1143,1143,1143,169.92,0.16,"{""42"":72.23299822,""43"":0.618842158,""44"":0.01366183,""45"":0.089140701,""46"":0.058253448,""47"":14.0,""48"":7.0,""49"":3.0,""50"":2.0,""51"":1.0,""53"":7.708774624,""56"":0.034035393,""57"":0.001052641,""58"":10.74659811,""60"":9.370230904,""61"":4.248999895,""62"":0.01366183,""63"":0.000331829,""67"":0.075415597,""68"":0.075415597,""71"":0.042232734,""72"":0.042232734,""73"":0.042232734,""210"":17.0,""212"":2.852330748}"
4685504,Sam Roush,TE,3,8.71,8.71,17.0,1252,1252,1252,169.96,0.15,"{""42"":33.79903361,""43"":0.281746313,""44"":0.018717558,""45"":0.081586353,""46"":0.053316682,""47"":6.0,""48"":3.0,""49"":1.0,""50"":1.0,""53"":3.645783535,""56"":0.018216946,""57"":0.000563411,""58"":5.140880905,""60"":9.270718706,""61"":1.988178448,""62"":0.018717558,""63"":0.000196169,""67"":0.044583763,""68"":0.044583763,""71"":0.024966907,""72"":0.024966907,""73"":0.024966907,""210"":17.0,""212"":0.728539348}"
4240703,Kenny Pickett,QB,29,12.14,12.14,17.0,1243,1243,1243,169.95,0.15,"{""0"":22.55630466,""1"":14.11978833,""2"":8.436516329,""3"":153.6959419,""4"":0.858521431,""5"":30.0,""6"":15.0,""7"":7.0,""8"":6.0,""9"":3.0,""10"":1.0,""11"":2.0,""12"":1.0,""15"":0.087223698,""16"":0.057000686,""17"":0.228079922,""18"":0.030807617,""19"":0.051458878,""20"":0.471193452,""21"":0.625979678,""22"":9.040937762,""23"":1.314600573,""24"":3.745525369,""25"":0.041446905,""26"":0.002894225,""35"":0.002412578,""36"":0.001688804,""37"":8.53826e-06,""38"":2.91378e-07,""39"":2.849173694,""40"":0.220325022,""62"":0.054353103,""63"":0.001418899,""64"":1.71152345,""65"":0.305906029,""66"":0.016571085,""68"":0.322477114,""69"":0.146834894,""70"":0.007622699,""72"":0.154457593,""73"":0.625651045,""210"":17.0,""211"":2.309223534}"
3921690,Josh Oliver,TE,16,40.18,40.18,17.0,1024,1023,1023,169.97,0.15,"{""42"":150.8282236,""43"":1.134747301,""44"":0.066611349,""45"":0.095561514,""46"":0.06244945,""47"":30.0,""48"":15.0,""49"":7.0,""50"":6.0,""51"":3.0,""53"":16.64848204,""56"":0.058625684,""57"":0.001813165,""58"":22.12282869,""60"":9.059578121,""61"":8.872248447,""62"":0.066611349,""63"":0.001061365,""67"":0.241219312,""68"":0.241219312,""71"":0.135082815,""72"":0.135082815,""73"":0.135082815,""210"":17.0,""212"":7.268294577}"
4565185,Tai Felton,WR,16,8.5,8.5,17.0,1244,1244,1244,169.96,0.15,"{""42"":37.06020701,""43"":0.235532552,""44"":0.013821763,""45"":0.088694656,""46"":0.057961958,""47"":7.0,""48"":3.0,""49"":1.0,""50"":1.0,""53"":3.715260188,""56"":0.019734656,""57"":0.00061035,""58"":5.530707173,""60"":9.975130982,""61"":2.180012177,""62"":0.013821763,""63"":0.000297921,""67"":0.067709377,""68"":0.067709377,""71"":0.037917251,""72"":0.037917251,""73"":0.037917251,""101"":0.037177162,""114"":332.030517,""116"":33.0,""117"":13.0,""210"":17.0,""212"":0.815408213}"
4431603,Jay Toia,DT,6,0,0.0,,2506,2508,2506,170.0,0.14,{}
4362225,Dante Stills,DT,22,61.44,61.44,17.0,1007,1007,1007,170.0,0.14,"{""93"":0.002148412,""94"":0.018939949,""95"":0.002115709,""96"":0.105159137,""97"":0.143943614,""98"":0.01136397,""99"":1.271593368,""100"":2.543186737,""103"":0.00378799,""104"":0.015151959,""105"":0.021088361,""106"":0.161783288,""107"":15.07118656,""108"":14.12328925,""109"":29.19447582,""110"":9.0,""111"":5.0,""112"":1.112869392,""113"":0.059501932,""210"":17.0}"
4243371,Riley Patterson,K,15,0,0.0,,2097,2102,2097,169.94,0.14,{}
4710855,Konata Mumpfield,WR,14,30.07,30.07,17.0,1064,1063,1063,169.97,0.14,"{""42"":126.6819812,""43"":1.147743302,""44"":0.015638068,""45"":0.14549251,""46"":0.095079355,""47"":25.0,""48"":12.0,""49"":6.0,""50"":5.0,""51"":2.0,""53"":9.879228423,""56"":0.051469255,""57"":0.001591833,""58"":16.86497729,""60"":12.82306429,""61"":7.451881245,""62"":0.015638068,""63"":0.000792201,""67"":0.18004564,""68"":0.18004564,""71"":0.100825559,""72"":0.100825559,""73"":0.100825559,""210"":17.0,""212"":5.064814065}"
4366963,Dylan Laube,RB,13,0,0.0,17.0,445,437,437,170.09,0.14,"{""101"":0.108850286,""114"":1225.889047,""116"":122.0,""117"":49.0,""210"":17.0}"
4432661,Rayshaun Benny,DT,33,11.48,11.48,17.0,1285,1284,1284,170.0,0.14,"{""93"":0.000393105,""94"":0.003465532,""95"":0.007399898,""96"":0.024503736,""97"":0.026338042,""98"":0.002079319,""99"":0.274015225,""100"":0.548030449,""103"":0.000693106,""104"":0.002772425,""105"":0.003858637,""106"":0.037698055,""107"":2.744008096,""108"":2.571424611,""109"":5.315432706,""110"":1.0,""111"":1.0,""112"":0.264382868,""113"":0.176474209,""210"":17.0}"
3929641,Kevin Givens,DT,0,0,0.0,,1969,1972,1969,170.0,0.14,{}
4683423,Riley Leonard,QB,11,12.15,12.15,17.0,1235,1236,1236,169.98,0.14,"{""0"":22.73004395,""1"":14.57842231,""2"":8.151621635,""3"":158.1050355,""4"":0.828280791,""5"":31.0,""6"":15.0,""7"":7.0,""8"":6.0,""9"":3.0,""10"":1.0,""11"":2.0,""12"":1.0,""15"":0.087867715,""16"":0.057421552,""17"":0.234008503,""18"":0.031608413,""19"":0.064956787,""20"":0.508670228,""21"":0.641372377,""22"":9.300296205,""23"":1.236665114,""24"":5.421824279,""25"":0.078038791,""26"":0.003827869,""27"":1.0,""35"":0.002269454,""36"":0.001588618,""37"":3.58e-05,""38"":1.22e-06,""39"":4.384229991,""40"":0.31893084,""62"":0.068784657,""63"":0.001782208,""64"":1.422480612,""65"":0.385318145,""66"":0.01972918,""68"":0.405047325,""69"":0.18495271,""70"":0.009075423,""72"":0.194028133,""73"":0.702698361,""210"":17.0,""211"":2.388368793}"
3930066,Van Jefferson,WR,28,0,0.0,,1397,1396,1396,169.96,0.14,{}
4426347,Mazi Smith,DT,20,9.82,9.82,17.0,1291,1290,1290,170.0,0.14,"{""93"":0.000393592,""94"":0.00346982,""95"":0.000476355,""96"":0.01434944,""97"":0.026370634,""98"":0.002081892,""99"":0.21908911,""100"":0.438178219,""103"":0.000693964,""104"":0.002775856,""105"":0.003863412,""106"":0.022076061,""107"":2.401608514,""108"":2.250560138,""109"":4.652168653,""110"":1.0,""112"":0.326983705,""113"":0.010900821,""210"":17.0}"
4361421,PJ Mustipher,DT,0,22.62,22.62,17.0,1174,1174,1174,170.0,0.14,"{""93"":0.000678446,""94"":0.005981037,""95"":0.000668119,""96"":0.040046282,""97"":0.045455878,""98"":0.003588622,""99"":0.314598777,""100"":0.629197555,""103"":0.001196207,""104"":0.004784829,""105"":0.006659483,""106"":0.061609665,""107"":5.633169693,""108"":5.278873342,""109"":10.91204304,""110"":3.0,""111"":2.0,""112"":0.693537162,""113"":0.018790084,""210"":17.0}"
3116407,Mason Rudolph,QB,23,0,0.0,,1371,1370,1370,169.97,0.14,{}
4259305,Bo Melton,WR,9,11.35,11.35,17.0,1195,1195,1195,169.95,0.13,"{""23"":4.482278077,""24"":25.99098935,""25"":0.141848598,""26"":0.003863884,""27"":5.0,""28"":2.0,""29"":1.0,""30"":1.0,""35"":0.008240169,""36"":0.005768119,""37"":0.001559107,""38"":5.32063e-05,""39"":5.798611532,""40"":1.528881726,""42"":37.50629095,""43"":0.253454848,""44"":0.008094101,""45"":0.118644027,""46"":0.077533871,""47"":7.0,""48"":3.0,""49"":1.0,""50"":1.0,""53"":2.942006324,""56"":0.019939208,""57"":0.000616677,""58"":5.237916715,""60"":12.74854192,""61"":2.206252409,""62"":0.011957986,""63"":0.000595342,""66"":0.081688022,""67"":0.053617083,""68"":0.135305105,""70"":0.03757649,""71"":0.030025567,""72"":0.067602057,""73"":0.067602057,""101"":0.029344403,""114"":304.8276305,""116"":30.0,""117"":12.0,""210"":17.0,""211"":3.327644902,""212"":0.658788111}"
4685201,Tanner McKee,QB,21,12.75,12.75,17.0,1230,1230,1230,169.97,0.13,"{""0"":21.63765173,""1"":13.68863687,""2"":7.949014865,""3"":153.1148577,""4"":0.955028952,""5"":30.0,""6"":15.0,""7"":7.0,""8"":6.0,""9"":3.0,""10"":1.0,""11"":2.0,""12"":1.0,""15"":0.087140016,""16"":0.056946001,""17"":0.227292686,""18"":0.030701282,""19"":0.043978705,""20"":0.492810083,""21"":0.632630428,""22"":9.006756335,""23"":1.027916953,""24"":3.740660001,""25"":0.037161694,""26"":0.00111339,""35"":0.001886157,""36"":0.00132031,""37"":8.49296e-06,""38"":2.89832e-07,""39"":3.6390683,""40"":0.220038824,""62"":0.045092095,""63"":0.000704641,""64"":1.461371872,""65"":0.15332268,""66"":0.006822928,""68"":0.160145609,""69"":0.073594886,""70"":0.003138547,""72"":0.076733434,""73"":0.569543516,""210"":17.0,""211"":2.288447677}"
3043116,Demarcus Robinson,WR,25,9.88,9.88,17.0,1229,1229,1229,169.99,0.13,"{""42"":44.1325829,""43"":0.309769488,""44"":0.015872373,""45"":0.229304629,""46"":0.149850575,""47"":8.0,""48"":4.0,""49"":2.0,""50"":1.0,""53"":3.279115251,""56"":0.022900503,""57"":0.000708263,""58"":5.267817118,""60"":13.45868612,""61"":2.596034288,""62"":0.015872373,""63"":0.000283567,""67"":0.064447135,""68"":0.064447135,""71"":0.036090395,""72"":0.036090395,""73"":0.036090395,""210"":17.0,""212"":0.94138143}"
3121414,Jalyn Holmes,DT,10,0,0.0,,1760,1759,1759,170.6,0.13,{}
4567399,Kaiir Elam,CB,12,0,0.0,,2119,2124,2119,170.0,0.13,{}
3924327,Drew Lock,QB,26,10.27,10.27,17.0,1282,1281,1281,169.92,0.13,"{""0"":21.15691385,""1"":12.93663453,""2"":8.220279312,""3"":134.3190873,""4"":0.805445947,""5"":26.0,""6"":13.0,""7"":6.0,""8"":5.0,""9"":2.0,""10"":1.0,""11"":2.0,""12"":1.0,""15"":0.084475739,""16"":0.055204895,""17"":0.201618448,""18"":0.027233366,""19"":0.036128708,""20"":0.574871432,""21"":0.611461323,""22"":7.901122781,""23"":1.170669522,""24"":5.189165551,""25"":0.04826216,""26"":0.001378771,""27"":1.0,""35"":0.002148266,""36"":0.001503786,""37"":3.11302e-05,""38"":1.06235e-06,""39"":4.432647688,""40"":0.305245032,""62"":0.03750748,""63"":0.001623885,""64"":1.50559603,""65"":0.350936602,""66"":0.018128212,""68"":0.369064814,""69"":0.168449569,""70"":0.008338978,""72"":0.176788547,""73"":0.751659979,""210"":17.0,""211"":2.354305021}"
4363097,Percy Butler,CB,28,25.96,25.96,17.0,1155,1155,1155,170.0,0.13,"{""93"":0.00126954,""94"":0.027595783,""95"":0.139239488,""96"":0.065284839,""97"":0.008886778,""98"":0.00093545,""99"":0.029306273,""100"":0.058612546,""103"":0.023853982,""104"":0.003741801,""105"":0.028865323,""106"":0.100438214,""107"":2.988812317,""108"":7.786959338,""109"":10.77577165,""110"":3.0,""111"":2.0,""112"":0.383098316,""113"":1.041188645,""210"":17.0}"
4379414,Channing Tindall,LB,1,16.01,16.01,17.0,1216,1216,1216,170.0,0.13,"{""93"":0.000539646,""94"":0.006745579,""95"":0.04277477,""96"":0.037441603,""97"":0.000809469,""98"":0.000809469,""99"":0.123950338,""100"":0.247900675,""103"":0.004586993,""104"":0.002158585,""105"":0.007285225,""106"":0.057602467,""107"":3.253789169,""108"":4.102830793,""109"":7.356619961,""110"":2.0,""111"":1.0,""112"":0.297491755,""113"":0.27826758,""210"":17.0}"
4363052,Beanie Bishop Jr.,CB,3,0,0.0,,2414,2419,2414,170.0,0.13,{}
4035505,Daniel Thomas,S,5,22.28,22.28,17.0,1180,1180,1180,170.0,0.13,"{""93"":0.001040882,""94"":0.012629367,""95"":0.173760197,""96"":0.041128696,""97"":0.006765732,""98"":0.000902098,""99"":0.032647657,""100"":0.065295314,""103"":0.008118879,""104"":0.004510488,""105"":0.013670249,""106"":0.063274917,""107"":3.583292286,""108"":6.149839033,""109"":9.733131319,""110"":3.0,""111"":1.0,""112"":0.308114041,""113"":0.660133863,""210"":17.0}"
4690923,Ben Sinnott,TE,28,27.29,27.29,17.0,1084,1083,1083,170.0,0.13,"{""42"":106.7739043,""43"":0.810526131,""44"":0.063373099,""45"":0.100284703,""46"":0.065536053,""47"":21.0,""48"":10.0,""49"":5.0,""50"":4.0,""51"":2.0,""53"":11.1274862,""56"":0.04547238,""57"":0.001406362,""58"":15.47922499,""60"":9.595509923,""61"":6.280817897,""62"":0.063373099,""63"":0.000598736,""67"":0.136076429,""68"":0.136076429,""71"":0.0762028,""72"":0.0762028,""73"":0.0762028,""210"":17.0,""212"":4.662453133}"
4047846,Chase Lucas,CB,27,0,0.0,,2167,2172,2167,170.0,0.13,{}
4035537,Kene Nwangwu,RB,20,0,0.0,17.0,440,432,432,170.14,0.13,"{""101"":0.380945438,""114"":839.5422291,""116"":83.0,""117"":33.0,""210"":17.0}"
4572519,Dom Jones,CB,0,0,0.0,,2528,2530,2528,170.0,0.13,{}
4429111,BJ Ojulari,DE,22,58.12,58.12,17.0,962,962,962,170.0,0.13,"{""93"":0.006010845,""94"":0.045050979,""95"":0.124805905,""96"":0.247039273,""97"":0.106191593,""98"":0.019307562,""99"":2.087718555,""100"":4.175437111,""103"":0.019307562,""104"":0.025743417,""105"":0.051061824,""106"":0.380060421,""107"":10.20566818,""108"":13.90391782,""109"":24.109586,""110"":8.0,""111"":4.0,""112"":1.847404476,""113"":1.821479795,""210"":17.0}"
4429281,Korie Black,CB,19,0,0.0,,1577,1576,1576,170.0,0.13,{}
4605478,Jared Ivey,DE,26,8.97,8.97,17.0,1289,1288,1288,169.88,0.13,"{""93"":0.000931781,""94"":0.00698365,""95"":0.010151075,""96"":0.061480125,""97"":0.01646146,""98"":0.002992993,""99"":0.448400682,""100"":0.896801364,""103"":0.002992993,""104"":0.003990657,""105"":0.007915431,""106"":0.094584807,""107"":1.533598099,""108"":2.089331298,""109"":3.622929398,""110"":1.0,""112"":0.240440931,""113"":0.152883194,""210"":17.0}"
2975417,Patrick Ricard,RB,19,6.97,6.97,17.0,1292,1291,1291,169.97,0.13,"{""42"":26.8823558,""43"":0.135785214,""44"":0.00726606,""45"":0.039135415,""46"":0.025574994,""47"":5.0,""48"":2.0,""49"":1.0,""50"":1.0,""53"":3.941779212,""56"":0.014869034,""57"":0.000459867,""58"":5.062511921,""60"":6.819853258,""61"":1.581315047,""62"":0.00726606,""63"":0.0001484,""67"":0.033727295,""68"":0.033727295,""71"":0.018887285,""72"":0.018887285,""73"":0.018887285,""210"":17.0,""212"":0.545585907}"
4880236,Will Kacmarek,TE,15,41.51,41.51,17.0,1018,1018,1018,169.99,0.13,"{""42"":174.6328842,""43"":0.754607086,""44"":0.039535829,""45"":0.102249391,""46"":0.066819977,""47"":34.0,""48"":17.0,""49"":8.0,""50"":6.0,""51"":3.0,""53"":18.11897911,""56"":0.065976068,""57"":0.002040497,""58"":25.14852702,""60"":9.638119406,""61"":10.2725226,""62"":0.039535829,""63"":0.000974927,""67"":0.22157439,""68"":0.22157439,""71"":0.124081659,""72"":0.124081659,""73"":0.124081659,""210"":17.0,""212"":8.104463266}"
4257580,Christian Braswell,CB,30,15.56,15.56,17.0,1209,1209,1209,170.0,0.13,"{""93"":0.000738849,""94"":0.016060247,""95"":0.138232823,""96"":0.030631399,""97"":0.005171944,""98"":0.000544415,""99"":0.003642155,""100"":0.007284309,""103"":0.013882587,""104"":0.002177661,""105"":0.016799096,""106"":0.04712523,""107"":1.696371179,""108"":4.419673099,""109"":6.116044279,""110"":2.0,""111"":1.0,""112"":0.342334423,""113"":1.288725756,""210"":17.0}"
4036651,Kindle Vildor,CB,17,0,0.0,,2012,2015,2012,170.0,0.13,{}
4573319,Danny Striggow,DE,30,22.73,22.73,17.0,1138,1138,1138,170.0,0.13,"{""93"":0.002246827,""94"":0.016839858,""95"":0.015487983,""96"":0.13018789,""97"":0.039693951,""98"":0.007217082,""99"":1.00491151,""100"":2.00982302,""103"":0.007217082,""104"":0.009622776,""105"":0.019086686,""106"":0.200289062,""107"":4.000482825,""108"":5.450146279,""109"":9.450629104,""110"":3.0,""111"":1.0,""112"":0.541245139,""113"":0.250805227,""210"":17.0}"
4430191,Skyy Moore,WR,9,0,0.0,17.0,1355,1354,1354,169.95,0.13,"{""102"":0.066217038,""115"":77.62108295,""118"":7.0,""119"":3.0,""210"":17.0}"
4917635,Joshua Williams,CB,10,22.63,22.63,17.0,1167,1167,1167,170.0,0.13,"{""93"":0.001267185,""94"":0.027544591,""95"":0.207218244,""96"":0.029517393,""97"":0.008870292,""98"":0.000933715,""99"":0.049386113,""100"":0.098772225,""103"":0.023809731,""104"":0.00373486,""105"":0.028811775,""106"":0.045411374,""107"":2.479666034,""108"":6.460445331,""109"":8.940111365,""110"":2.0,""111"":1.0,""112"":0.383963513,""113"":1.717158786,""210"":17.0}"
4569563,John Bullock,LB,27,0,0.0,,2519,2521,2519,170.0,0.13,{}
4241921,Markquese Bell,S,6,0,0.0,,2189,2193,2189,170.0,0.13,{}
4426339,Spencer Rattler,QB,18,11.66,11.66,17.0,1247,1247,1247,169.99,0.13,"{""0"":22.94187275,""1"":14.94968135,""2"":7.992191394,""3"":153.6369533,""4"":0.805848323,""5"":30.0,""6"":15.0,""7"":7.0,""8"":6.0,""9"":3.0,""10"":1.0,""11"":2.0,""12"":1.0,""15"":0.087214423,""16"":0.056994625,""17"":0.228003848,""18"":0.030797342,""19"":0.044355696,""20"":0.511930984,""21"":0.651633,""22"":9.037467841,""23"":1.33610923,""24"":7.141554355,""25"":0.022791126,""26"":0.001152635,""27"":1.0,""35"":0.00245208,""36"":0.001716456,""37"":7.88633e-05,""38"":2.69e-06,""39"":5.345037813,""40"":0.420091433,""62"":0.045508331,""63"":0.001593902,""64"":1.601207243,""65"":0.343547932,""66"":0.018702525,""68"":0.362250457,""69"":0.164903007,""70"":0.008603161,""72"":0.173506169,""73"":0.685437153,""210"":17.0,""211"":2.411290342}"
4594338,Brandon Johnson,S,26,0,0.0,,2527,2529,2527,170.0,0.13,{}
4606666,Karon Prunty,CB,17,14.37,14.37,17.0,1241,1241,1241,170.0,0.13,"{""93"":0.000736411,""94"":0.016007257,""95"":0.104887195,""96"":0.026882968,""97"":0.005154879,""98"":0.000542619,""99"":0.027498702,""100"":0.054997404,""103"":0.013836782,""104"":0.002170476,""105"":0.016743669,""106"":0.041358412,""107"":1.617004284,""108"":4.212893041,""109"":5.829897325,""110"":1.0,""111"":1.0,""112"":0.167209233,""113"":0.813087124,""210"":17.0}"
4426507,David Ojabo,DE,15,23.88,23.88,17.0,1131,1130,1130,170.0,0.13,"{""93"":0.002817242,""94"":0.021115085,""95"":0.007322627,""96"":0.169980159,""97"":0.049771273,""98"":0.009049322,""99"":0.906098557,""100"":1.812197115,""103"":0.009049322,""104"":0.012065763,""105"":0.023932327,""106"":0.261507938,""107"":4.265666572,""108"":5.811425222,""109"":10.07709179,""110"":3.0,""111"":2.0,""112"":0.541931129,""113"":0.091082674,""210"":17.0}"
4692970,Reuben Lowery III,S,11,0,0.0,,2550,2536,2550,169.98,0.13,{}
4685145,Jaylon Jones,CB,11,0,0.0,,2269,2274,2269,170.0,0.13,{}
4386544,Xavier Smith,WR,14,10.14,10.14,17.0,1199,1199,1199,169.96,0.12,"{""42"":44.39453794,""43"":0.324791268,""44"":0.004424938,""45"":0.179091077,""46"":0.117036019,""47"":8.0,""48"":4.0,""49"":2.0,""50"":1.0,""53"":3.586910642,""56"":0.023014417,""57"":0.000711786,""58"":5.621659096,""60"":12.37681737,""61"":2.611443408,""62"":0.004424938,""63"":0.000287629,""67"":0.065370249,""68"":0.065370249,""71"":0.03660734,""72"":0.03660734,""73"":0.03660734,""101"":0.05180336,""102"":0.226042363,""114"":462.6575947,""115"":246.2247166,""116"":46.0,""117"":18.0,""118"":24.0,""119"":9.0,""210"":17.0,""212"":1.024904482}"
3911853,Adam Trautman,TE,7,29.83,29.83,17.0,1069,1068,1068,169.97,0.12,"{""42"":112.9845054,""43"":0.96515612,""44"":0.058557232,""45"":0.087311782,""46"":0.05705825,""47"":22.0,""48"":11.0,""49"":5.0,""50"":4.0,""51"":2.0,""53"":11.70620157,""56"":0.047370393,""57"":0.001465064,""58"":16.94944532,""60"":9.651679476,""61"":6.646147379,""62"":0.058557232,""63"":0.000593905,""67"":0.134978315,""68"":0.134978315,""71"":0.075587856,""72"":0.075587856,""73"":0.075587856,""210"":17.0,""212"":5.028856085}"
4690070,Mitchell Tinsley,WR,4,20.17,20.17,17.0,1220,1132,1132,169.96,0.12,"{""42"":84.084204,""43"":0.773811876,""44"":0.036204595,""45"":0.132165496,""46"":0.086370151,""47"":16.0,""48"":8.0,""49"":4.0,""50"":3.0,""51"":1.0,""53"":6.571102635,""56"":0.038172313,""57"":0.001180587,""58"":11.43939876,""60"":12.79605702,""61"":4.946129647,""62"":0.036204595,""63"":0.000526927,""67"":0.119756152,""68"":0.119756152,""71"":0.067063445,""72"":0.067063445,""73"":0.067063445,""210"":17.0,""212"":2.983197096}"
16728,Teddy Bridgewater,QB,8,0,0.0,,1938,1940,1938,169.97,0.12,{}
4715355,Darius Cooper,WR,21,8.28,8.28,17.0,1263,1262,1262,169.95,0.12,"{""42"":37.68358922,""43"":0.252157981,""44"":0.01130173,""45"":0.157771962,""46"":0.103103977,""47"":7.0,""48"":3.0,""49"":1.0,""50"":1.0,""53"":3.250460152,""56"":0.020019921,""57"":0.000619173,""58"":4.913785665,""60"":11.59330909,""61"":2.216681719,""62"":0.01130173,""63"":0.00026065,""67"":0.059238551,""68"":0.059238551,""71"":0.033173589,""72"":0.033173589,""73"":0.033173589,""210"":17.0,""212"":0.733453792}"
4879212,Trey Moore,LB,15,18.17,18.17,17.0,1170,1170,1170,170.0,0.12,"{""93"":0.001878161,""94"":0.014076724,""95"":0.025204412,""96"":0.093099931,""97"":0.033180848,""98"":0.006032882,""99"":0.876543071,""100"":1.753086143,""103"":0.006032882,""104"":0.008043842,""105"":0.015954885,""106"":0.143230663,""107"":3.145142243,""108"":4.284854114,""109"":7.429996358,""110"":2.0,""111"":1.0,""112"":0.287697491,""113"":0.313505699,""210"":17.0}"
4035656,Ben Skowronek,WR,23,12.09,12.09,17.0,1197,1197,1197,169.95,0.12,"{""42"":51.03193263,""43"":0.213158493,""44"":0.006516887,""45"":0.055860939,""46"":0.036505124,""47"":10.0,""48"":5.0,""49"":2.0,""50"":2.0,""51"":1.0,""53"":5.384370271,""56"":0.025833923,""57"":0.000798987,""58"":8.501043347,""60"":9.477790355,""61"":3.00187839,""62"":0.006516887,""63"":0.000345412,""67"":0.078502681,""68"":0.078502681,""71"":0.043961501,""72"":0.043961501,""73"":0.043961501,""210"":17.0,""212"":1.571989733}"
4035671,Tyler Huntley,QB,33,10.93,10.93,17.0,1258,1257,1257,169.96,0.12,"{""0"":19.52791707,""1"":12.55999132,""2"":6.967925756,""3"":128.6074398,""4"":0.859987637,""5"":25.0,""6"":12.0,""7"":6.0,""8"":5.0,""9"":2.0,""10"":1.0,""11"":2.0,""12"":1.0,""15"":0.083691551,""16"":0.054692428,""17"":0.19369007,""18"":0.02616245,""19"":0.035373062,""20"":0.511554709,""21"":0.643181312,""22"":7.565143515,""23"":1.967965042,""24"":9.479493593,""25"":0.053063464,""26"":0.001374174,""27"":1.0,""35"":0.003612928,""36"":0.00252905,""37"":0.000162078,""38"":5.53e-06,""39"":4.816901413,""40"":0.55761727,""62"":0.036747236,""63"":0.001225274,""64"":1.640498282,""65"":0.254784817,""66"":0.023686592,""68"":0.278471409,""69"":0.122296712,""70"":0.010895832,""72"":0.133192544,""73"":0.644747254,""210"":17.0,""211"":2.551186948}"
3127310,Drew Sample,TE,4,39.86,39.86,17.0,1023,1022,1022,169.99,0.12,"{""42"":146.2600641,""43"":1.153556483,""44"":0.05396803,""45"":0.072707775,""46"":0.047514531,""47"":29.0,""48"":14.0,""49"":7.0,""50"":5.0,""51"":2.0,""53"":17.27484996,""56"":0.057265523,""57"":0.001771099,""58"":22.87879753,""60"":8.466647436,""61"":8.603533185,""62"":0.05396803,""63"":0.000951851,""67"":0.216329681,""68"":0.216329681,""71"":0.121144621,""72"":0.121144621,""73"":0.121144621,""210"":17.0,""212"":7.292783928}"
3115293,Kyle Allen,QB,2,10.54,10.54,17.0,1281,1280,1280,169.94,0.12,"{""0"":21.95847255,""1"":13.16284403,""2"":8.795628519,""3"":138.0272809,""4"":0.917968804,""5"":27.0,""6"":13.0,""7"":6.0,""8"":5.0,""9"":2.0,""10"":1.0,""11"":2.0,""12"":1.0,""15"":0.084991089,""16"":0.055541676,""17"":0.206734727,""18"":0.027924441,""19"":0.087255664,""20"":0.704493768,""21"":0.599442607,""22"":8.119251815,""23"":1.057709121,""24"":2.929018108,""25"":0.042077953,""26"":0.00200552,""35"":0.001940856,""36"":0.001358599,""37"":4.8985e-07,""38"":1.67167e-08,""39"":2.769209464,""40"":0.172295183,""62"":0.089261183,""63"":0.002171015,""64"":1.65444844,""65"":0.47225842,""66"":0.021154182,""68"":0.493412602,""69"":0.226684041,""70"":0.009730924,""72"":0.236414965,""73"":0.940908733,""210"":17.0,""211"":2.266517377}"
4426485,Jonathan Mingo,WR,6,8.81,8.81,17.0,1266,1265,1265,169.95,0.12,"{""42"":40.61166237,""43"":0.250393951,""44"":0.008952275,""45"":0.121181288,""46"":0.079191972,""47"":8.0,""48"":4.0,""49"":2.0,""50"":1.0,""53"":2.870517311,""56"":0.021344526,""57"":0.00066014,""58"":5.652703168,""60"":14.14785489,""61"":2.388921316,""62"":0.008952275,""63"":0.000252606,""67"":0.057410346,""68"":0.057410346,""71"":0.032149794,""72"":0.032149794,""73"":0.032149794,""210"":17.0,""212"":0.726875724}"
4430656,Myles Price,WR,16,0,0.0,17.0,1343,1342,1342,169.96,0.12,"{""101"":0.118966919,""102"":0.205984795,""114"":1330.551066,""115"":255.7644541,""116"":133.0,""117"":53.0,""118"":25.0,""119"":10.0,""210"":17.0}"
4430870,KeAndre Lambert-Smith,WR,24,28.01,28.01,17.0,1080,1079,1079,169.98,0.12,"{""42"":120.9941401,""43"":0.852076723,""44"":0.021094219,""45"":0.153105221,""46"":0.100054262,""47"":24.0,""48"":12.0,""49"":6.0,""50"":4.0,""51"":2.0,""53"":9.626600828,""56"":0.049778098,""57"":0.001539529,""58"":15.9290075,""60"":12.56872933,""61"":7.117302361,""62"":0.021094219,""63"":0.000771943,""67"":0.175441587,""68"":0.175441587,""71"":0.098247289,""72"":0.098247289,""73"":0.098247289,""101"":0.055132924,""114"":492.3940435,""116"":49.0,""117"":19.0,""210"":17.0,""212"":4.729480884}"
4693370,Riley Nowakowski,RB,23,7.44,7.44,17.0,1279,1278,1278,169.96,0.12,"{""42"":29.05628739,""43"":0.15917469,""44"":0.004874209,""45"":0.035610734,""46"":0.023271615,""47"":5.0,""48"":2.0,""49"":1.0,""50"":1.0,""53"":4.25845852,""56"":0.015940746,""57"":0.000493013,""58"":5.667362232,""60"":6.823193711,""61"":1.709193376,""62"":0.004874209,""63"":0.000160322,""67"":0.036436918,""68"":0.036436918,""71"":0.020404674,""72"":0.020404674,""73"":0.020404674,""210"":17.0,""212"":0.687280393}"
4383351,Trey Lance,QB,24,11.39,11.39,17.0,1234,1234,1234,169.99,0.11,"{""0"":22.44786713,""1"":13.220683,""2"":9.227184125,""3"":147.3284421,""4"":0.977873015,""5"":29.0,""6"":14.0,""7"":7.0,""8"":5.0,""9"":2.0,""10"":1.0,""11"":2.0,""12"":1.0,""15"":0.08630785,""16"":0.05640218,""17"":0.219447893,""18"":0.029641656,""19"":0.026235538,""20"":0.56984049,""21"":0.588950519,""22"":8.666378946,""23"":1.491470716,""24"":6.82275969,""25"":0.044054912,""26"":0.001101326,""27"":1.0,""35"":0.002737438,""36"":0.001916207,""37"":6.97e-05,""38"":2.38e-06,""39"":4.574518035,""40"":0.401338805,""62"":0.027336864,""63"":0.001272372,""64"":1.628731576,""65"":0.272306844,""66"":0.016868566,""68"":0.28917541,""69"":0.130707285,""70"":0.00775954,""72"":0.138466825,""73"":0.708307315,""210"":17.0,""211"":2.425817035}"
4383429,Jacob Saylors,RB,8,0,0.0,17.0,456,456,456,169.98,0.11,"{""101"":0.055240753,""114"":647.2172874,""116"":64.0,""117"":25.0,""210"":17.0}"
4039505,Reggie Gilliam,RB,17,7.26,7.26,17.0,1283,1282,1282,169.97,0.11,"{""42"":29.79354994,""43"":0.148102371,""44"":0.005683353,""45"":0.048255052,""46"":0.031534676,""47"":5.0,""48"":2.0,""49"":1.0,""50"":1.0,""53"":4.109507363,""56"":0.016299494,""57"":0.000504108,""58"":5.187817862,""60"":7.249907911,""61"":1.752561761,""62"":0.005683353,""63"":0.000154715,""67"":0.035162438,""68"":0.035162438,""71"":0.019690965,""72"":0.019690965,""73"":0.019690965,""210"":17.0,""212"":0.669132678}"
4428963,Cade York,K,20,0,0.0,,2121,2126,2121,169.95,0.11,{}
3892775,Jarrett Stidham,QB,7,13.21,13.21,17.0,479,479,479,169.99,0.11,"{""0"":22.23834324,""1"":13.750375,""2"":8.487968237,""3"":161.3560275,""4"":1.099117188,""5"":32.0,""6"":16.0,""7"":8.0,""8"":6.0,""9"":3.0,""10"":1.0,""11"":2.0,""12"":1.0,""15"":0.088345746,""16"":0.057733945,""17"":0.238364287,""18"":0.032196765,""19"":0.066695582,""20"":0.584155425,""21"":0.618318319,""22"":9.491531027,""23"":1.649535265,""24"":6.77271296,""25"":0.049119848,""26"":0.003008201,""27"":1.0,""35"":0.003027809,""36"":0.002119466,""37"":6.83362e-05,""38"":2.33e-06,""39"":4.105830959,""40"":0.39839488,""62"":0.069703782,""63"":0.001827289,""64"":2.325321244,""65"":0.389159552,""66"":0.026133414,""68"":0.415292965,""69"":0.186796585,""70"":0.01202137,""72"":0.198817955,""73"":0.78297338,""210"":17.0,""211"":2.437506036}"
5081338,Kaden Wetjen,WR,23,5.3,5.3,17.0,1280,1279,1279,169.97,0.11,"{""23"":2.142602749,""24"":11.65300349,""25"":0.082128342,""26"":0.002766205,""27"":2.0,""28"":1.0,""35"":0.003933919,""36"":0.002753744,""37"":0.000265414,""38"":9.05757e-06,""39"":5.438713965,""40"":0.685470794,""42"":18.75769695,""43"":0.085513406,""44"":0.002615369,""45"":0.08385329,""46"":0.054798125,""47"":3.0,""48"":1.0,""53"":1.631687336,""56"":0.010704663,""57"":0.000331072,""58"":2.833681116,""60"":11.49588928,""61"":1.103393938,""62"":0.005381574,""63"":0.000302655,""66"":0.03904822,""67"":0.029736957,""68"":0.068785177,""70"":0.017962181,""71"":0.016652696,""72"":0.034614877,""73"":0.034614877,""101"":0.10056638,""102"":0.307564277,""114"":898.1618053,""115"":307.5642766,""116"":89.0,""117"":35.0,""118"":30.0,""119"":12.0,""210"":17.0,""211"":2.656853922,""212"":-0.225563359}"
4569371,Isaiah Williams,WR,20,10.14,10.14,17.0,1186,1186,1186,169.97,0.11,"{""23"":2.172129233,""24"":12.69752674,""25"":0.105290303,""26"":0.011899297,""27"":2.0,""28"":1.0,""35"":0.003988199,""36"":0.00279174,""37"":0.000324162,""38"":1.11e-05,""39"":5.84565897,""40"":0.746913337,""42"":35.82124222,""43"":0.135206181,""44"":0.016463379,""45"":0.091859055,""46"":0.060029893,""47"":7.0,""48"":3.0,""49"":1.0,""50"":1.0,""53"":3.770264762,""56"":0.019161776,""57"":0.000592632,""58"":5.308984559,""60"":9.50098852,""61"":2.107131895,""62"":0.028362675,""63"":0.000476512,""66"":0.03958633,""67"":0.068711817,""68"":0.108298147,""70"":0.018209712,""71"":0.038478617,""72"":0.056688329,""73"":0.056688329,""101"":0.080424616,""102"":0.503976175,""114"":1056.781134,""115"":346.1297044,""116"":105.0,""117"":42.0,""118"":34.0,""119"":13.0,""210"":17.0,""211"":2.711183696,""212"":0.752754762}"
4573699,Jackson Hawes,TE,2,28.85,28.85,17.0,1076,1075,1075,169.98,0.11,"{""42"":110.1641152,""43"":0.892728842,""44"":0.071774712,""45"":0.120516598,""46"":0.078757597,""47"":22.0,""48"":11.0,""49"":5.0,""50"":4.0,""51"":2.0,""53"":11.09437635,""56"":0.046514469,""57"":0.001438592,""58"":15.34174591,""60"":9.929725817,""61"":6.480242072,""62"":0.071774712,""63"":0.000596955,""67"":0.135671533,""68"":0.135671533,""71"":0.075976059,""72"":0.075976059,""73"":0.075976059,""210"":17.0,""212"":4.782008998}"
4426496,Cade Stover,TE,34,35.53,35.53,17.0,1038,1037,1037,169.99,0.11,"{""23"":4.204112216,""24"":9.633876234,""25"":0.10341751,""26"":0.007484055,""27"":1.0,""35"":0.007727601,""36"":0.005409321,""37"":0.000169598,""38"":5.79e-06,""39"":2.291536414,""40"":0.566698602,""42"":134.111834,""43"":0.739957723,""44"":0.048643201,""45"":0.059802371,""46"":0.039080849,""47"":26.0,""48"":13.0,""49"":6.0,""50"":5.0,""51"":2.0,""53"":15.46984855,""56"":0.053666468,""57"":0.001659788,""58"":21.94371228,""60"":8.669240268,""61"":7.888931409,""62"":0.056127256,""63"":0.001058596,""66"":0.051411484,""67"":0.189178554,""68"":0.240590038,""70"":0.023649283,""71"":0.10593999,""72"":0.129589273,""73"":0.129589273,""210"":17.0,""211"":2.729791834,""212"":6.37723706}"
4360967,Brevyn Spann-Ford,TE,6,9.23,9.23,17.0,1231,1231,1231,169.98,0.11,"{""42"":36.78057777,""43"":0.32862318,""44"":0.011754712,""45"":0.079428231,""46"":0.051906349,""47"":7.0,""48"":3.0,""49"":1.0,""50"":1.0,""53"":3.872155354,""56"":0.019604677,""57"":0.00060633,""58"":5.652703168,""60"":9.498735046,""61"":2.163563398,""62"":0.011754712,""63"":0.000208349,""67"":0.047352031,""68"":0.047352031,""71"":0.026517137,""72"":0.026517137,""73"":0.026517137,""210"":17.0,""212"":0.881524926}"
4061956,Ashton Dulin,WR,11,57.44,57.44,17.0,981,981,981,169.99,0.11,"{""23"":4.194414931,""24"":26.44276507,""25"":0.17458857,""26"":0.008559915,""27"":5.0,""28"":2.0,""29"":1.0,""30"":1.0,""35"":0.007709751,""36"":0.005396826,""37"":0.00162,""38"":5.52e-05,""39"":6.304279739,""40"":1.555456769,""42"":248.8579677,""43"":1.139257709,""44"":0.090529942,""45"":0.180633679,""46"":0.118044109,""47"":49.0,""48"":24.0,""49"":12.0,""50"":9.0,""51"":4.0,""53"":20.27448739,""56"":0.0952729,""57"":0.002946585,""58"":31.42804838,""60"":12.27443944,""61"":14.63870398,""62"":0.099089856,""63"":0.001962125,""66"":0.076441812,""67"":0.369495765,""68"":0.445937577,""70"":0.035163234,""71"":0.206917628,""72"":0.242080862,""73"":0.242080862,""101"":0.043927615,""114"":564.1312627,""116"":56.0,""117"":22.0,""210"":17.0,""211"":3.349818358,""212"":10.79990101}"
4361861,Tyler Lacy,DE,8,0,0.0,,2267,2272,2267,170.0,0.1,{}
4259553,Stetson Bennett IV,QB,14,0,0.0,,1472,1471,1471,169.95,0.1,{}
3886812,Jake Browning,QB,27,13.15,13.15,17.0,482,482,482,170.02,0.1,"{""0"":21.90981006,""1"":14.5615277,""2"":7.348282357,""3"":162.9210168,""4"":1.052973029,""5"":32.0,""6"":16.0,""7"":8.0,""8"":6.0,""9"":3.0,""10"":1.0,""11"":2.0,""12"":1.0,""15"":0.088576713,""16"":0.057884882,""17"":0.240456936,""18"":0.032479427,""19"":0.089495491,""20"":0.720857334,""21"":0.664612229,""22"":9.583589222,""23"":1.263607506,""24"":5.496699115,""25"":0.085913178,""26"":0.007854218,""27"":1.0,""35"":0.002318931,""36"":0.001623252,""37"":3.73809e-05,""38"":1.27567e-06,""39"":4.350005115,""40"":0.323335242,""62"":0.097349709,""63"":0.001186349,""64"":1.876490032,""65"":0.256023845,""66"":0.01360084,""68"":0.269624684,""69"":0.122891445,""70"":0.006256386,""72"":0.129147832,""73"":0.850005166,""210"":17.0,""211"":2.398404172}"
4038524,Gardner Minshew II,QB,22,9.07,9.07,15.0,1297,1296,1296,169.96,0.1,"{""0"":21.72745342,""1"":13.60246966,""2"":8.124983765,""3"":141.8167199,""4"":0.633598882,""5"":28.0,""6"":14.0,""7"":7.0,""8"":5.0,""9"":2.0,""10"":1.0,""11"":2.0,""12"":1.0,""15"":0.077870536,""16"":0.050888395,""17"":0.20957519,""18"":0.028308113,""19"":0.034283659,""20"":0.592952645,""21"":0.626049882,""22"":9.454447997,""23"":0.890521299,""24"":2.553875684,""25"":0.030961232,""26"":0.001582434,""35"":0.001634029,""36"":0.00114382,""37"":2.17e-07,""38"":7.4e-09,""39"":2.867843461,""40"":0.170258379,""62"":0.035866093,""63"":0.001676839,""64"":1.579360145,""65"":0.367074419,""66"":0.014025409,""68"":0.381099827,""69"":0.176195721,""70"":0.006451688,""72"":0.182647409,""73"":0.775600054,""210"":15.0,""211"":1.991642344}"
4259647,Jay Tufele,DT,0,0,0.0,,2080,2085,2080,170.0,0.1,{}
4259978,Quinton Bohanna,DT,30,0,0.0,,2076,2081,2076,170.0,0.1,{}
4686027,Donovan McMillon,S,5,0,0.0,,2544,2535,2544,170.33,0.1,{}
2998565,Mo Alie-Cox,TE,11,28.47,28.47,17.0,1079,1078,1078,169.98,0.1,"{""42"":110.9850572,""43"":0.891359429,""44"":0.070880535,""45"":0.111723755,""46"":0.073011474,""47"":22.0,""48"":11.0,""49"":5.0,""50"":4.0,""51"":2.0,""53"":10.78452028,""56"":0.046762552,""57"":0.001446264,""58"":15.71402419,""60"":10.29114456,""61"":6.528532777,""62"":0.070880535,""63"":0.000698556,""67"":0.158762769,""68"":0.158762769,""71"":0.08890715,""72"":0.08890715,""73"":0.08890715,""210"":17.0,""212"":4.733460967}"
4428548,Javon Solomon,DE,2,0,0.0,,2386,2391,2386,170.19,0.1,{}
4248533,Josh Hayes,CB,27,6.88,6.88,17.0,1326,1325,1325,169.95,0.1,"{""93"":0.000316384,""94"":0.006877178,""95"":0.04340076,""96"":0.012362795,""97"":0.002214685,""98"":0.000233125,""99"":0.009776689,""100"":0.019553378,""103"":0.00594468,""104"":0.000932499,""105"":0.007193562,""106"":0.019019685,""107"":0.782496473,""108"":2.038692153,""109"":2.821188626,""112"":0.078908303,""113"":0.353244525,""210"":17.0}"
4432789,Hunter Wohler,S,11,19.04,19.04,17.0,1194,1194,1194,170.0,0.1,"{""93"":0.000927108,""94"":0.01124891,""95"":0.151697383,""96"":0.042042802,""97"":0.006026202,""98"":0.000803494,""99"":0.070480294,""100"":0.140960588,""103"":0.007231442,""104"":0.004017468,""105"":0.012176018,""106"":0.064681234,""107"":3.032786558,""108"":5.205031481,""109"":8.237818039,""110"":2.0,""111"":1.0,""112"":0.191860364,""113"":0.608976315,""210"":17.0}"
4240475,Chris Rumph II,DE,18,0,0.0,,2086,2091,2086,170.0,0.1,{}
4691043,Nikko Reed,CB,24,10.35,10.35,17.0,1304,1303,1303,170.0,0.1,"{""93"":0.000526154,""94"":0.011436925,""95"":0.100012695,""96"":0.024736071,""97"":0.003683077,""98"":0.000387692,""99"":0.031144986,""100"":0.062289972,""103"":0.009886155,""104"":0.001550769,""105"":0.011963079,""106"":0.038055494,""107"":1.125601813,""108"":2.932608214,""109"":4.058210028,""110"":1.0,""112"":0.127196432,""113"":0.775917633,""210"":17.0}"
4683243,Mitchell Evans,TE,29,36.36,36.36,17.0,1037,1036,1036,169.97,0.1,"{""42"":144.2047734,""43"":0.947075722,""44"":0.057474258,""45"":0.100418182,""46"":0.065623282,""47"":28.0,""48"":14.0,""49"":7.0,""50"":5.0,""51"":2.0,""53"":15.02893321,""56"":0.056652769,""57"":0.001752147,""58"":20.89351546,""60"":9.59514367,""61"":8.482633727,""62"":0.057474258,""63"":0.000808661,""67"":0.183786663,""68"":0.183786663,""71"":0.102920532,""72"":0.102920532,""73"":0.102920532,""210"":17.0,""212"":6.639755379}"
4568703,Dorian Strong,CB,2,0,0.0,,2499,2501,2499,170.0,0.1,{}
4605491,Connor O'Toole,DE,26,0,0.0,,2543,2534,2543,170.0,0.1,{}
3917668,Alec Ingold,RB,24,15.79,15.79,17.0,1159,1159,1159,169.98,0.1,"{""23"":2.079729403,""24"":8.571425896,""25"":0.079290065,""26"":0.001981005,""27"":1.0,""35"":0.003818357,""36"":0.00267285,""37"":0.000128,""38"":4.36e-06,""39"":4.12141401,""40"":0.504201523,""42"":58.31699177,""43"":0.22452467,""44"":0.00555978,""45"":0.042559806,""46"":0.027812833,""47"":11.0,""48"":5.0,""49"":2.0,""50"":2.0,""51"":1.0,""53"":7.923528633,""56"":0.028776616,""57"":0.000889998,""58"":10.61933833,""60"":7.359977412,""61"":3.43041128,""62"":0.007540785,""63"":0.00052414,""66"":0.024766212,""67"":0.094356404,""68"":0.119122615,""70"":0.011392457,""71"":0.052839586,""72"":0.064232043,""73"":0.064232043,""210"":17.0,""211"":2.546867772,""212"":2.356288819}"
4696043,Rejzohn Wright,CB,18,0,0.0,,2531,2533,2531,170.0,0.1,{}
4032481,Jonah Williams,DT,22,15.77,15.77,17.0,1192,1192,1192,170.0,0.1,"{""93"":0.000565372,""94"":0.004984197,""95"":0.000556765,""96"":0.020192578,""97"":0.037879899,""98"":0.002990518,""99"":0.578496361,""100"":1.156992723,""103"":0.000996839,""104"":0.003987358,""105"":0.005549569,""106"":0.031065504,""107"":3.743496263,""108"":3.5080503,""109"":7.251546563,""110"":2.0,""111"":1.0,""112"":0.761965923,""113"":0.015658403,""210"":17.0}"
4695991,Johnathan Edwards,CB,11,21.18,21.18,17.0,1183,1183,1183,170.0,0.1,"{""93"":0.001084788,""94"":0.023579862,""95"":0.158424731,""96"":0.037781094,""97"":0.007593515,""98"":0.000799317,""99"":0.005611317,""100"":0.011222635,""103"":0.020382593,""104"":0.003197269,""105"":0.02466465,""106"":0.05812476,""107"":2.385603882,""108"":6.215378704,""109"":8.600982586,""110"":2.0,""111"":1.0,""112"":0.2298686,""113"":1.244915765,""210"":17.0}"
4241473,LaBryan Ray,DT,29,13.66,13.66,17.0,1278,1277,1277,170.0,0.1,"{""93"":0.000501403,""94"":0.004420267,""95"":0.000619752,""96"":0.014542579,""97"":0.033594028,""98"":0.00265216,""99"":0.187243376,""100"":0.374486752,""103"":0.000884053,""104"":0.003536213,""105"":0.00492167,""106"":0.022373198,""107"":3.410155448,""108"":3.195674845,""109"":6.605830294,""110"":2.0,""111"":1.0,""112"":0.137731932,""113"":0.013886754,""210"":17.0}"
4430065,Cedric Johnson,DE,4,10.9,10.9,17.0,1221,1221,1221,170.0,0.1,"{""93"":0.001120916,""94"":0.008401209,""95"":0.00596315,""96"":0.058294743,""97"":0.01980285,""98"":0.003600518,""99"":0.782450822,""100"":1.564901645,""103"":0.003600518,""104"":0.004800691,""105"":0.009522125,""106"":0.089684219,""107"":1.808152437,""108"":2.463376473,""109"":4.27152891,""110"":1.0,""112"":0.028321809,""113"":0.078233783,""210"":17.0}"
4426372,Adisa Isaac,DE,33,0,0.0,,2361,2366,2361,170.0,0.1,{}
4241961,Connor Heyward,RB,13,9.49,9.49,17.0,1214,1214,1214,170.0,0.1,"{""23"":4.183450375,""24"":17.55368743,""25"":0.121109868,""26"":0.006851069,""27"":3.0,""28"":1.0,""35"":0.007689556,""36"":0.005382689,""37"":0.000670708,""38"":2.29e-05,""39"":4.195983185,""40"":1.032569849,""42"":28.89422738,""43"":0.158538204,""44"":0.010099243,""45"":0.038904971,""46"":0.025424399,""47"":5.0,""48"":2.0,""49"":1.0,""50"":1.0,""53"":3.954112281,""56"":0.015860178,""57"":0.000490521,""58"":5.416695924,""60"":7.307386671,""61"":1.699660434,""62"":0.016950311,""63"":0.00024509,""66"":0.028636097,""67"":0.027066257,""68"":0.055702353,""70"":0.013172604,""71"":0.015157104,""72"":0.028329708,""73"":0.028329708,""210"":17.0,""211"":3.009141206,""212"":0.613180601}"
4696782,Elijah Williams,DT,16,0,0.0,,2518,2520,2518,170.0,0.1,{}
4242546,Davis Mills,QB,34,10.44,10.44,17.0,1268,1267,1267,169.99,0.1,"{""0"":23.45290092,""1"":14.13703996,""2"":9.315860953,""3"":146.3830609,""4"":0.793485235,""5"":29.0,""6"":14.0,""7"":7.0,""8"":5.0,""9"":2.0,""10"":1.0,""11"":2.0,""12"":1.0,""15"":0.086172055,""16"":0.056313438,""17"":0.218165397,""18"":0.029468425,""19"":0.058307958,""20"":0.55356808,""21"":0.602784279,""22"":8.610768286,""23"":0.980018261,""24"":3.850456591,""25"":0.033359138,""26"":0.002414877,""35"":0.001798219,""36"":0.001258754,""37"":9.81e-06,""38"":3.35e-07,""39"":3.928964128,""40"":0.226497447,""62"":0.060722835,""63"":0.001266618,""64"":1.480719861,""65"":0.276981039,""66"":0.010886765,""68"":0.287867804,""69"":0.132950899,""70"":0.005007912,""72"":0.137958811,""73"":0.691526891,""210"":17.0,""211"":2.286410182}"
4877475,Cam'Ron Silmon-Craig,S,30,0,0.0,,2563,2541,2563,170.0,0.1,{}
4361516,Daniel Bellinger,TE,10,27.79,27.79,17.0,1085,1084,1084,169.99,0.1,"{""42"":111.6326374,""43"":0.494176761,""44"":0.007778672,""45"":0.090848053,""46"":0.059369202,""47"":22.0,""48"":11.0,""49"":5.0,""50"":4.0,""51"":2.0,""53"":12.66285331,""56"":0.046959423,""57"":0.001452353,""58"":16.54160728,""60"":8.815756976,""61"":6.566625731,""62"":0.007778672,""63"":0.000666203,""67"":0.151409712,""68"":0.151409712,""71"":0.084789439,""72"":0.084789439,""73"":0.084789439,""210"":17.0,""212"":5.017038541}"
3915486,Tyler Conklin,TE,8,8.62,8.62,17.0,1246,1246,1246,169.99,0.09,"{""42"":37.95433406,""43"":0.252878342,""44"":0.0055825,""45"":0.110587398,""46"":0.072268864,""47"":7.0,""48"":3.0,""49"":1.0,""50"":1.0,""53"":3.679461035,""56"":0.020144706,""57"":0.000623032,""58"":5.373299054,""60"":10.31518848,""61"":2.232607886,""62"":0.0055825,""63"":0.000218535,""67"":0.049667098,""68"":0.049667098,""71"":0.027813575,""72"":0.027813575,""73"":0.027813575,""210"":17.0,""212"":0.838997887}"
4686248,Nate Boerkircher,TE,30,18.94,18.94,17.0,1145,1145,1145,170.0,0.09,"{""42"":73.4992403,""43"":0.556652796,""44"":0.022987806,""45"":0.07681116,""46"":0.050196093,""47"":14.0,""48"":7.0,""49"":3.0,""50"":2.0,""51"":1.0,""53"":7.811353977,""56"":0.03448694,""57"":0.001066606,""58"":11.34111472,""60"":9.409283015,""61"":4.323484724,""62"":0.022987806,""63"":0.000420305,""67"":0.095523925,""68"":0.095523925,""71"":0.053493398,""72"":0.053493398,""73"":0.053493398,""210"":17.0,""212"":2.885199756}"
3039707,Mitchell Trubisky,QB,10,10.36,10.36,17.0,1286,1285,1285,169.97,0.09,"{""0"":23.55955441,""1"":15.01548166,""2"":8.544072747,""3"":153.9457915,""4"":0.673690472,""5"":30.0,""6"":15.0,""7"":7.0,""8"":6.0,""9"":3.0,""10"":1.0,""11"":3.0,""12"":1.0,""15"":0.087260986,""16"":0.057025054,""17"":0.22841196,""18"":0.030852467,""19"":0.010765384,""20"":0.714904703,""21"":0.637341496,""22"":9.055634796,""23"":1.127158785,""24"":2.490167033,""25"":0.048244826,""26"":0.00064795,""35"":0.002068371,""36"":0.001447859,""37"":-2.36083e-06,""38"":-8.06e-08,""39"":2.209242448,""40"":0.146480414,""62"":0.011413334,""63"":0.001218486,""64"":1.389153537,""65"":0.264958024,""66"":0.01197055,""68"":0.276928575,""69"":0.127179852,""70"":0.005506453,""72"":0.132686305,""73"":0.847591008,""210"":17.0,""211"":2.260516134}"
4568024,Josh Williams,RB,27,0,0.0,17.0,458,458,458,169.99,0.09,"{""101"":0.018200283,""114"":162.5473535,""116"":16.0,""117"":6.0,""210"":17.0}"
3052897,Durham Smythe,TE,33,24.3,24.3,17.0,1104,1103,1103,170.0,0.09,"{""42"":93.95202353,""43"":0.734055159,""44"":0.024193822,""45"":0.088892504,""46"":0.058091251,""47"":18.0,""48"":9.0,""49"":4.0,""50"":3.0,""51"":1.0,""53"":9.830619111,""56"":0.041429933,""57"":0.001281338,""58"":13.99082553,""60"":9.55708104,""61"":5.526589619,""62"":0.024193822,""63"":0.000370269,""67"":0.084152059,""68"":0.084152059,""71"":0.047125153,""72"":0.047125153,""73"":0.047125153,""210"":17.0,""212"":3.982007003}"
4695705,Marlin Klein,TE,34,8.69,8.69,17.0,1249,1249,1249,169.99,0.09,"{""42"":36.25553364,""43"":0.223431218,""44"":0.014691868,""45"":0.083072333,""46"":0.05428777,""47"":7.0,""48"":3.0,""49"":1.0,""50"":1.0,""53"":3.956194096,""56"":0.019362994,""57"":0.000598855,""58"":5.485928069,""60"":9.164245423,""61"":2.13267845,""62"":0.014691868,""63"":0.000212871,""67"":0.048379729,""68"":0.048379729,""71"":0.027092648,""72"":0.027092648,""73"":0.027092648,""210"":17.0,""212"":0.843186836}"
3123075,Braxton Berrios,WR,19,0,0.0,17.0,1336,1335,1335,169.97,0.09,"{""101"":0.240607813,""102"":0.173893969,""114"":1349.000316,""115"":244.8823296,""116"":134.0,""117"":53.0,""118"":24.0,""119"":9.0,""210"":17.0}"
4426875,Sam Howell,QB,6,11.68,11.68,17.0,486,486,486,169.96,0.09,"{""0"":21.99774572,""1"":13.88800463,""2"":8.109741096,""3"":144.7246627,""4"":1.045984798,""5"":28.0,""6"":14.0,""7"":7.0,""8"":5.0,""9"":2.0,""10"":1.0,""11"":2.0,""12"":1.0,""15"":0.085935957,""16"":0.056159148,""17"":0.215905183,""18"":0.029163129,""19"":0.044072223,""20"":0.72182555,""21"":0.631337629,""22"":8.513215451,""23"":1.287862173,""24"":6.958815805,""25"":0.07545506,""26"":0.002844781,""27"":1.0,""35"":0.002363474,""36"":0.001654432,""37"":7.35362e-05,""38"":2.50951e-06,""39"":5.403385512,""40"":0.409342106,""62"":0.046917004,""63"":0.001038044,""64"":2.368606585,""65"":0.224075685,""66"":0.011843324,""68"":0.235919009,""69"":0.107556329,""70"":0.005447929,""72"":0.113004258,""73"":0.834829808,""210"":17.0,""211"":2.441450012}"
3125107,Andrew Beck,RB,20,7.82,7.82,17.0,1267,1266,1266,169.98,0.08,"{""42"":28.22955294,""43"":0.221472571,""44"":0.02702623,""45"":0.038659894,""46"":0.025264241,""47"":5.0,""48"":2.0,""49"":1.0,""50"":1.0,""53"":4.194977325,""56"":0.015535342,""57"":0.000480475,""58"":5.308984559,""60"":6.729369613,""61"":1.660561937,""62"":0.02702623,""63"":0.000157932,""67"":0.03589375,""68"":0.03589375,""71"":0.0201005,""72"":0.0201005,""73"":0.0201005,""210"":17.0,""212"":0.675487416}"
3059989,Nick Mullens,QB,30,13.8,13.8,17.0,480,480,480,170.01,0.08,"{""0"":23.66301202,""1"":15.37756259,""2"":8.285449431,""3"":179.2938208,""4"":1.130186107,""5"":35.0,""6"":17.0,""7"":8.0,""8"":7.0,""9"":3.0,""10"":1.0,""11"":3.0,""12"":1.0,""15"":0.091053394,""16"":0.059503393,""17"":0.262055482,""18"":0.035396824,""19"":0.042776779,""20"":0.845960299,""21"":0.649856518,""22"":10.54669534,""23"":1.097797019,""24"":3.387475184,""25"":0.028110647,""26"":0.00112274,""35"":0.002014459,""36"":0.001410121,""37"":4.60943e-06,""38"":1.57e-07,""39"":3.085702662,""40"":0.199263246,""62"":0.043899518,""63"":0.00136544,""64"":1.713493904,""65"":0.297458993,""66"":0.012868186,""68"":0.310327179,""69"":0.142780317,""70"":0.005919366,""72"":0.148699682,""73"":0.994659981,""210"":17.0,""211"":2.274020143}"
4257188,Charlie Jones,WR,4,0,0.0,17.0,1337,1336,1336,169.97,0.08,"{""101"":0.20341802,""102"":0.207299974,""114"":513.1006153,""115"":159.6209802,""116"":51.0,""117"":20.0,""118"":15.0,""119"":6.0,""210"":17.0}"
4241476,Tyrell Shavers,WR,2,11.46,11.46,11.0,1205,1205,1205,169.99,0.08,"{""42"":52.1652582,""43"":0.296229717,""44"":0.023788792,""45"":0.118920103,""46"":0.077714288,""47"":10.0,""48"":5.0,""49"":2.0,""50"":2.0,""51"":1.0,""53"":4.027244347,""56"":0.02393671,""57"":0.000740311,""58"":6.568609909,""60"":12.95308993,""61"":4.7422962,""62"":0.023788792,""63"":0.000322939,""67"":0.073395184,""68"":0.073395184,""71"":0.041101303,""72"":0.041101303,""73"":0.041101303,""210"":11.0,""212"":1.733657844}"
4565859,Joe Royer,TE,5,16.29,16.29,17.0,1160,1160,1160,169.99,0.08,"{""42"":67.24257971,""43"":0.339451304,""44"":0.024143869,""45"":0.077240898,""46"":0.050476927,""47"":13.0,""48"":6.0,""49"":3.0,""50"":2.0,""51"":1.0,""53"":7.530959173,""56"":0.032198124,""57"":0.000995818,""58"":10.34809057,""60"":8.92882011,""61"":3.955445865,""62"":0.024143869,""63"":0.000405218,""67"":0.092095017,""68"":0.092095017,""71"":0.051573209,""72"":0.051573209,""73"":0.051573209,""210"":17.0,""212"":2.559937296}"
4869132,Reggie Virgil,WR,22,7.6,7.6,17.0,1277,1276,1276,169.98,0.08,"{""42"":39.27385124,""43"":0.143248842,""44"":0.007868181,""45"":0.097673678,""46"":0.063829748,""47"":7.0,""48"":3.0,""49"":1.0,""50"":1.0,""53"":3.363203423,""56"":0.020743104,""57"":0.000641539,""58"":5.728521222,""60"":11.67751287,""61"":2.310226544,""62"":0.007868181,""63"":0.00026969,""67"":0.06129326,""68"":0.06129326,""71"":0.034324225,""72"":0.034324225,""73"":0.034324225,""210"":17.0,""212"":0.758470245}"
4361372,Jeremy Ruckert,TE,20,25.78,25.78,17.0,1095,1094,1094,169.99,0.08,"{""42"":95.61667695,""43"":0.529669329,""44"":0.0645583,""45"":0.056561969,""46"":0.036963247,""47"":19.0,""48"":9.0,""49"":4.0,""50"":3.0,""51"":1.0,""53"":12.41640505,""56"":0.041965675,""57"":0.001297907,""58"":15.92695368,""60"":7.700834225,""61"":5.624510409,""62"":0.0645583,""63"":0.000534471,""67"":0.121470746,""68"":0.121470746,""71"":0.068023618,""72"":0.068023618,""73"":0.068023618,""210"":17.0,""212"":4.533720944}"
4677281,Kyonte Hamilton,DT,34,0,0.0,,2495,2497,2495,170.0,0.07,{}
4243218,Marlon Tuipulotu,DT,1,0,0.0,,2079,2084,2079,170.0,0.07,{}
4690143,LaJohntay Wester,WR,33,0,0.0,17.0,1344,1343,1343,169.97,0.07,"{""101"":0.068811031,""102"":0.242636648,""114"":614.5536936,""115"":375.3285642,""116"":61.0,""117"":24.0,""118"":37.0,""119"":15.0,""210"":17.0}"
2515270,Michael Burton,RB,5,9.49,9.49,17.0,1215,1215,1215,169.99,0.07,"{""23"":4.250422397,""24"":17.64665579,""25"":0.100096153,""26"":0.006069954,""27"":3.0,""28"":1.0,""35"":0.007812922,""36"":0.005469045,""37"":0.000675715,""38"":2.31e-05,""39"":4.151741673,""40"":1.038038576,""42"":26.4562144,""43"":0.145745943,""44"":0.010377928,""45"":0.035373011,""46"":0.023116262,""47"":5.0,""48"":2.0,""49"":1.0,""50"":1.0,""53"":4.183631817,""56"":0.014656971,""57"":0.000453308,""58"":5.174045286,""60"":6.323743474,""61"":1.556247906,""62"":0.016447882,""63"":0.000317525,""66"":0.036368158,""67"":0.035796673,""68"":0.072164831,""70"":0.016729353,""71"":0.020046137,""72"":0.03677549,""73"":0.03677549,""210"":17.0,""211"":3.000683313,""212"":0.59303388}"
4432260,Matthew Hibner,TE,33,8.62,8.62,17.0,1256,1256,1255,170.0,0.07,"{""42"":35.78056263,""43"":0.291962649,""44"":0.00962364,""45"":0.157451198,""46"":0.102894358,""47"":7.0,""48"":3.0,""49"":1.0,""50"":1.0,""53"":3.33410708,""56"":0.019142873,""57"":0.000592048,""58"":4.663608508,""60"":10.73167771,""61"":2.104738978,""62"":0.00962364,""63"":0.000179398,""67"":0.040772316,""68"":0.040772316,""71"":0.022832497,""72"":0.022832497,""73"":0.022832497,""210"":17.0,""212"":0.716318425}"
4613104,Malachi Corley,WR,5,9.1,9.1,17.0,1232,1232,1232,169.99,0.07,"{""23"":6.375633595,""24"":43.82985337,""25"":0.207168005,""26"":0.012562923,""27"":8.0,""28"":4.0,""29"":2.0,""30"":1.0,""33"":1.0,""35"":0.01173292,""36"":0.008213044,""37"":0.004644612,""38"":0.000159,""39"":6.874587869,""40"":2.578226669,""42"":16.4570192,""43"":0.052091979,""44"":0.00369807,""45"":0.071270503,""46"":0.046575274,""47"":3.0,""48"":1.0,""53"":1.658730839,""56"":0.009474112,""57"":0.000293014,""58"":2.587022643,""60"":9.921452481,""61"":0.968059953,""62"":0.016260993,""63"":0.000644264,""66"":0.116193794,""67"":0.030229816,""68"":0.14642361,""70"":0.053449145,""71"":0.016928697,""72"":0.070377842,""73"":0.070377842,""101"":0.055972449,""114"":565.2390207,""116"":56.0,""117"":22.0,""210"":17.0,""211"":4.093702979,""212"":-0.296509465}"
4240631,DeeJay Dallas,RB,30,0,0.0,17.0,457,457,457,169.99,0.07,"{""101"":0.029794793,""114"":165.2171396,""116"":16.0,""117"":6.0,""210"":17.0}"
5084514,Kaleb Proctor,DT,22,0,0.0,,2583,2583,2583,170.0,0.07,{}
4048228,John Bates,TE,28,35.65,35.65,17.0,1039,1038,1038,169.99,0.07,"{""42"":135.8614643,""43"":1.161237829,""44"":0.090840726,""45"":0.081975845,""46"":0.053571215,""47"":27.0,""48"":13.0,""49"":6.0,""50"":5.0,""51"":2.0,""53"":14.13243016,""56"":0.054183257,""57"":0.001675771,""58"":20.63896666,""60"":9.613453794,""61"":7.991850843,""62"":0.090840726,""63"":0.0011058,""67"":0.251318206,""68"":0.251318206,""71"":0.140738196,""72"":0.140738196,""73"":0.140738196,""210"":17.0,""212"":6.292911256}"
4429105,Arian Smith,WR,20,3.84,3.84,17.0,1330,1329,1329,169.98,0.07,"{""23"":4.344258466,""24"":23.65912768,""25"":0.194417046,""26"":0.021971883,""27"":4.0,""28"":2.0,""29"":1.0,""35"":0.007985839,""36"":0.005590087,""37"":0.00128,""38"":4.36e-05,""39"":5.446068152,""40"":1.391713393,""62"":0.021971883,""63"":0.00034836,""66"":0.07917266,""68"":0.07917266,""70"":0.036419424,""72"":0.036419424,""73"":0.036419424,""210"":17.0,""211"":3.279713589}"
4429392,Elijah Chatman,DT,5,0,0.0,,2424,2429,2424,170.0,0.07,{}
4257364,Zavier Scott,RB,16,0,0.0,,1591,1590,1590,169.98,0.07,{}
4384595,Khristian Boyd,DT,18,15.51,15.51,17.0,1207,1207,1207,170.0,0.07,"{""93"":0.000561975,""94"":0.004954256,""95"":0.001848342,""96"":0.041672514,""97"":0.037652345,""98"":0.002972554,""99"":0.367176297,""100"":0.734352594,""103"":0.000990851,""104"":0.003963405,""105"":0.005516231,""106"":0.06411156,""107"":3.751490172,""108"":3.515541435,""109"":7.267031607,""110"":2.0,""111"":1.0,""112"":0.417263918,""113"":0.046829985,""210"":17.0}"
3929914,Adam Prentice,RB,7,9.66,9.66,17.0,1211,1211,1211,170.0,0.07,"{""23"":4.090924673,""24"":17.37424785,""25"":0.131700563,""26"":0.008062068,""27"":3.0,""28"":1.0,""35"":0.007519115,""36"":0.00526338,""37"":0.000655988,""38"":2.24e-05,""39"":4.247022187,""40"":1.02201458,""42"":29.76038685,""43"":0.146859111,""44"":0.008911264,""45"":0.038038274,""46"":0.024858012,""47"":5.0,""48"":2.0,""49"":1.0,""50"":1.0,""53"":4.137220402,""56"":0.016283392,""57"":0.00050361,""58"":5.649815106,""60"":7.193328843,""61"":1.750610991,""62"":0.016973332,""63"":0.000309773,""66"":0.035003437,""67"":0.03539956,""68"":0.070402998,""70"":0.016101581,""71"":0.019823754,""72"":0.035925335,""73"":0.035925335,""210"":17.0,""211"":3.005356522,""212"":0.674026497}"
4241263,Charlie Kolar,TE,24,37.01,37.01,17.0,1031,1030,1030,170.0,0.07,"{""42"":147.9964133,""43"":1.124408682,""44"":0.027841179,""45"":0.106321701,""46"":0.069481232,""47"":29.0,""48"":14.0,""49"":7.0,""50"":5.0,""51"":2.0,""53"":14.6653998,""56"":0.057782442,""57"":0.001787086,""58"":21.23867666,""60"":10.09153622,""61"":8.705671372,""62"":0.027841179,""63"":0.000789101,""67"":0.179341066,""68"":0.179341066,""71"":0.100430997,""72"":0.100430997,""73"":0.100430997,""210"":17.0,""212"":6.733966899}"
4429684,Anthony Gould,WR,11,16.77,16.77,17.0,1149,1149,1149,170.0,0.07,"{""42"":74.45930656,""43"":0.333995166,""44"":0.02653518,""45"":0.114785749,""46"":0.075012487,""47"":14.0,""48"":7.0,""49"":3.0,""50"":2.0,""51"":1.0,""53"":6.962198104,""56"":0.034831402,""57"":0.00107726,""58"":10.47601613,""60"":10.6947986,""61"":4.379959209,""62"":0.02653518,""63"":0.000558288,""67"":0.126883736,""68"":0.126883736,""71"":0.071054892,""72"":0.071054892,""73"":0.071054892,""101"":0.102497768,""102"":0.136223643,""114"":1177.675059,""115"":167.3181705,""116"":117.0,""117"":47.0,""118"":16.0,""119"":6.0,""210"":17.0,""212"":2.627075816}"
2975863,Eric Saubert,TE,26,8.6,8.6,17.0,1259,1258,1258,169.99,0.07,"{""42"":34.38762925,""43"":0.298094632,""44"":0.010837344,""45"":0.09682309,""46"":0.063273889,""47"":6.0,""48"":3.0,""49"":1.0,""50"":1.0,""53"":3.421875939,""56"":0.018493333,""57"":0.000571959,""58"":5.040137918,""60"":10.04935008,""61"":2.02280172,""62"":0.010837344,""63"":0.000184121,""67"":0.041845629,""68"":0.041845629,""71"":0.023433552,""72"":0.023433552,""73"":0.023433552,""210"":17.0,""212"":0.700419665}"
4372716,Nikko Remigio,WR,12,0,0.0,17.0,1346,1345,1345,169.99,0.07,"{""101"":0.057606156,""102"":0.180542846,""114"":663.9606083,""115"":203.6893648,""116"":66.0,""117"":26.0,""118"":20.0,""119"":8.0,""210"":17.0}"
4212909,David Moore,WR,29,0,0.0,,1380,1379,1379,169.96,0.07,{}
4565311,Aeneas Peebles,DT,33,16.32,16.32,17.0,1193,1193,1193,170.0,0.07,"{""93"":0.000561579,""94"":0.00495076,""95"":0.002823947,""96"":0.044324325,""97"":0.037625774,""98"":0.002970456,""99"":0.635324775,""100"":1.27064955,""103"":0.000990152,""104"":0.003960608,""105"":0.005512338,""106"":0.06819127,""107"":3.814682167,""108"":3.574758989,""109"":7.389441156,""110"":2.0,""111"":1.0,""112"":0.222185714,""113"":0.067346031,""210"":17.0}"
4430478,Elijah Simmons,DT,27,0,0.0,,2545,2544,2545,170.0,0.07,{}
4696736,Tanner Brown,K,18,0,0.0,,2279,2284,2279,169.96,0.07,{}
4426794,Omar Brown,S,0,0,0.0,,2464,2463,2464,170.0,0.07,{}
4430896,JJ Pegues,DT,13,0,0.0,,2494,2496,2494,170.0,0.07,{}
11394,Josh Johnson,QB,4,0,0.0,,1388,1387,1387,169.98,0.07,{}
4427408,Jahfari Harvey,DE,13,0,0.0,,2536,2574,2536,170.0,0.06,{}
4431534,Ethan Downs,DE,12,0,0.0,,2549,2545,2549,170.0,0.06,{}
4243333,Joe Tryon-Shoyinka,DE,21,0,0.0,,2051,2056,2051,170.0,0.06,{}
4685978,Darrell Luter Jr.,CB,25,0,0.0,,2271,2276,2271,170.0,0.06,{}
4567222,Nehemiah Pritchett,CB,26,0,0.0,,2376,2381,2376,170.0,0.06,{}
4878695,Max Bredeson,RB,16,8.63,8.63,17.0,1223,1223,1223,169.98,0.06,"{""23"":2.024696434,""24"":8.471242397,""25"":0.0601367,""26"":0.003412581,""27"":1.0,""35"":0.003717201,""36"":0.002602041,""37"":0.000123461,""38"":4.21325e-06,""39"":4.183956792,""40"":0.498308376,""42"":29.43970317,""43"":0.166915221,""44"":0.009800689,""45"":0.038307873,""46"":0.025034195,""47"":5.0,""48"":2.0,""49"":1.0,""50"":1.0,""53"":4.500462417,""56"":0.01612872,""57"":0.000498826,""58"":5.530707173,""60"":6.541484063,""61"":1.731747245,""62"":0.01321327,""63"":0.000245659,""66"":0.017324038,""67"":0.038507591,""68"":0.055831629,""70"":0.007969058,""71"":0.021564251,""72"":0.029533309,""73"":0.029533309,""210"":17.0,""211"":2.525862747,""212"":0.756179388}"
4432333,Kyle Kennard,DE,24,0,0.0,,2485,2487,2485,170.0,0.06,{}
4879194,Josh Cameron,WR,30,0,0.0,17.0,1357,1356,1356,169.97,0.06,"{""102"":0.056032108,""115"":56.03210808,""118"":5.0,""119"":2.0,""210"":17.0}"
4875266,B.J. Green II,DE,30,0,0.0,,2535,2537,2535,169.88,0.06,{}
4428989,Chris Braswell,DE,27,0,0.0,,2358,2363,2358,170.0,0.06,{}
4683059,Collin Oliver,DE,9,0,0.0,,2491,2493,2491,170.0,0.06,{}
4240849,Charles Snowden,DE,0,0,0.0,,2107,2112,2107,170.0,0.06,{}
3843945,Foster Moreau,TE,34,19.13,19.13,17.0,1139,1139,1139,170.01,0.06,"{""42"":79.26597767,""43"":0.585926923,""44"":0.038539959,""45"":0.122088594,""46"":0.079784896,""47"":15.0,""48"":7.0,""49"":3.0,""50"":3.0,""51"":1.0,""53"":7.648498456,""56"":0.036522756,""57"":0.00112957,""58"":10.97185614,""60"":10.36359988,""61"":4.662704569,""62"":0.038539959,""63"":0.000452243,""67"":0.10278242,""68"":0.10278242,""71"":0.057558155,""72"":0.057558155,""73"":0.057558155,""210"":17.0,""212"":3.019074259}"
4241374,Grant Calcaterra,TE,21,0,0.0,,1437,1436,1436,169.97,0.06,{}
4040612,Luke Farrell,TE,25,10.4,10.4,17.0,1217,1217,1217,170.01,0.06,"{""42"":40.7251645,""43"":0.284698961,""44"":0.01458507,""45"":0.103368526,""46"":0.067551332,""47"":8.0,""48"":4.0,""49"":2.0,""50"":1.0,""53"":4.213699046,""56"":0.021176113,""57"":0.000654931,""58"":5.879070872,""60"":9.664943808,""61"":2.395597912,""62"":0.01458507,""63"":0.000226726,""67"":0.05152872,""68"":0.05152872,""71"":0.028856083,""72"":0.028856083,""73"":0.028856083,""210"":17.0,""212"":1.05018893}"
4569068,Jose Ramirez,DE,21,0,0.0,,2230,2235,2230,170.0,0.06,{}
4569016,Eric Watts,DE,20,0,0.0,,1545,1545,1544,170.0,0.06,{}
5097554,Kameron Johnson,WR,27,2.18,2.18,17.0,1329,1328,1328,170.0,0.06,"{""23"":2.182715759,""24"":12.09393989,""25"":0.106282327,""26"":0.009713424,""27"":2.0,""28"":1.0,""35"":0.004007658,""36"":0.00280536,""37"":0.000289269,""38"":9.87e-06,""39"":5.540776365,""40"":0.711408229,""62"":0.009713424,""63"":0.000175029,""66"":0.039779266,""68"":0.039779266,""70"":0.018298462,""72"":0.018298462,""73"":0.018298462,""101"":0.072801131,""102"":0.223141152,""114"":796.1170966,""115"":311.9843884,""116"":79.0,""117"":31.0,""118"":31.0,""119"":12.0,""210"":17.0,""211"":2.692186114}"
4372505,Payne Durham,TE,27,18.9,18.9,17.0,1147,1147,1147,170.01,0.06,"{""42"":70.64962206,""43"":0.632424729,""44"":0.054863576,""45"":0.084089691,""46"":0.054952613,""47"":14.0,""48"":7.0,""49"":3.0,""50"":2.0,""51"":1.0,""53"":7.238683666,""56"":0.033459464,""57"":0.001034829,""58"":10.66571734,""60"":9.760009598,""61"":4.155860121,""62"":0.054863576,""63"":0.000389492,""67"":0.088520822,""68"":0.088520822,""71"":0.04957166,""72"":0.04957166,""73"":0.04957166,""210"":17.0,""212"":2.707072338}"
4917427,Tanner Koziol,TE,30,8.95,8.95,17.0,1239,1239,1239,170.0,0.06,"{""42"":36.62853951,""43"":0.278326398,""44"":0.011493903,""45"":0.075745166,""46"":0.049499466,""47"":7.0,""48"":3.0,""49"":1.0,""50"":1.0,""53"":3.905676989,""56"":0.019534613,""57"":0.000604163,""58"":5.67055736,""60"":9.378281823,""61"":2.154619971,""62"":0.011493903,""63"":0.000210153,""67"":0.047761962,""68"":0.047761962,""71"":0.026746699,""72"":0.026746699,""73"":0.026746699,""210"":17.0,""212"":0.864405855}"
5085355,David Walker,DE,27,22.09,22.09,17.0,1129,1128,1128,170.0,0.06,"{""93"":0.002244939,""94"":0.016825705,""95"":0.030120624,""96"":0.150379738,""97"":0.03966059,""98"":0.007211016,""99"":1.122033606,""100"":2.244067213,""103"":0.007211016,""104"":0.009614689,""105"":0.019070644,""106"":0.231353444,""107"":3.759343227,""108"":5.121624413,""109"":8.88096764,""110"":2.0,""111"":1.0,""112"":0.595991056,""113"":0.425828235,""210"":17.0}"
4426599,Alex Austin,CB,15,0,0.0,,2227,2232,2227,170.0,0.06,{}
4602648,Kevin Knowles,CB,12,0,0.0,,2529,2531,2529,170.0,0.06,{}
4361357,Javontae Jean-Baptiste,DE,28,0,0.0,,2391,2396,2391,170.0,0.06,{}
2531358,Chris Manhertz,TE,19,3.69,3.69,17.0,1320,1319,1319,170.0,0.05,"{""42"":16.32539157,""43"":0.118868328,""44"":0.006357431,""45"":0.076506679,""46"":0.049997115,""47"":3.0,""48"":1.0,""53"":1.831351484,""56"":0.00940455,""57"":0.000290862,""58"":2.531255961,""60"":8.914395577,""61"":0.960317151,""62"":0.006357431,""63"":9.85e-05,""67"":0.022395334,""68"":0.022395334,""71"":0.012541387,""72"":0.012541387,""73"":0.012541387,""210"":17.0,""212"":-0.233487411}"
4362477,Derius Davis,WR,24,10.41,10.41,17.0,1198,1198,1198,170.0,0.05,"{""23"":2.079729403,""24"":10.99968856,""25"":0.064235796,""26"":0.001604885,""27"":2.0,""28"":1.0,""35"":0.003818357,""36"":0.00267285,""37"":0.00023317,""38"":7.95718e-06,""39"":5.288999878,""40"":0.647040503,""42"":37.88187937,""43"":0.270478053,""44"":0.006695649,""45"":0.117593985,""46"":0.076847669,""47"":7.0,""48"":3.0,""49"":1.0,""50"":1.0,""53"":3.490455619,""56"":0.020109971,""57"":0.000621958,""58"":5.309669166,""60"":10.85298984,""61"":2.228345846,""62"":0.008300534,""63"":0.000490176,""66"":0.041594588,""67"":0.069809112,""68"":0.1114037,""70"":0.019133511,""71"":0.039093103,""72"":0.058226613,""73"":0.058226613,""101"":0.029404226,""102"":0.196540185,""114"":319.5569504,""115"":216.7539701,""116"":31.0,""117"":12.0,""118"":21.0,""119"":8.0,""210"":17.0,""211"":2.617635852,""212"":0.8011161}"
4039050,Devin Duvernay,WR,22,0,0.0,17.0,1350,1349,1349,169.98,0.05,"{""101"":0.133679483,""114"":645.1553282,""116"":64.0,""117"":25.0,""210"":17.0}"
4424106,Gunner Olszewski,WR,19,0,0.0,,1390,1389,1389,169.96,0.05,{}
4575665,Jacob Cowing,WR,25,0,0.0,17.0,1347,1346,1346,170.0,0.05,"{""101"":0.047017094,""102"":0.129974224,""114"":419.911288,""115"":142.1593077,""116"":41.0,""117"":16.0,""118"":14.0,""119"":5.0,""210"":17.0}"
4596545,CJ Dippre,TE,17,9.0,9.0,17.0,1238,1238,1238,169.99,0.05,"{""42"":37.34056674,""43"":0.272096678,""44"":0.010439508,""45"":0.121405739,""46"":0.07933865,""47"":7.0,""48"":3.0,""49"":1.0,""50"":1.0,""53"":3.889444015,""56"":0.019862436,""57"":0.000614302,""58"":5.187817862,""60"":9.60048958,""61"":2.196503926,""62"":0.010439508,""63"":0.000209279,""67"":0.047563452,""68"":0.047563452,""71"":0.026635533,""72"":0.026635533,""73"":0.026635533,""210"":17.0,""212"":0.877793314}"
4429435,Brady Cook,QB,20,0,0.0,,1592,1591,1591,169.96,0.05,{}
3118892,Justin Watson,WR,34,8.96,8.96,17.0,1261,1260,1260,169.99,0.05,"{""42"":41.55299031,""43"":0.223474208,""44"":0.014690703,""45"":0.149308638,""46"":0.097573195,""47"":8.0,""48"":4.0,""49"":2.0,""50"":1.0,""53"":3.085267121,""56"":0.021764851,""57"":0.00067314,""58"":5.485928069,""60"":13.4681986,""61"":2.444293548,""62"":0.014690703,""63"":0.000233647,""67"":0.053101495,""68"":0.053101495,""71"":0.029736837,""72"":0.029736837,""73"":0.029736837,""210"":17.0,""212"":0.790774517}"
4245661,Lucas Havrisik,K,0,0,0.0,,2354,2345,2354,169.98,0.05,{}
3926231,Britain Covey,WR,21,0,0.0,17.0,1345,1344,1344,169.98,0.05,"{""101"":0.034647757,""102"":0.241930986,""114"":309.44031,""115"":342.9814289,""116"":30.0,""117"":12.0,""118"":34.0,""119"":13.0,""210"":17.0}"
4573697,Mason Tipton,WR,18,0,0.0,17.0,1352,1351,1351,169.99,0.05,"{""102"":0.109366464,""115"":109.366464,""118"":10.0,""119"":4.0,""210"":17.0}"
4696700,Tip Reiman,TE,22,8.3,8.3,17.0,1265,1264,1264,169.98,0.05,"{""42"":34.46207634,""43"":0.196163005,""44"":0.010786931,""45"":0.056545548,""46"":0.036952516,""47"":6.0,""48"":3.0,""49"":1.0,""50"":1.0,""53"":3.82612999,""56"":0.018527659,""57"":0.00057302,""58"":5.728521222,""60"":9.007032283,""61"":2.027180961,""62"":0.010786931,""63"":0.000205872,""67"":0.046789194,""68"":0.046789194,""71"":0.026201948,""72"":0.026201948,""73"":0.026201948,""210"":17.0,""212"":0.752934021}"
4692835,Jalen Brooks,WR,22,0,0.0,17.0,1358,1357,1357,169.98,0.05,"{""102"":0.047913332,""115"":47.91333183,""118"":4.0,""119"":1.0,""210"":17.0}"
4373273,British Brooks,RB,34,2.2,2.2,17.0,1339,1338,1338,169.97,0.05,"{""23"":4.204112216,""24"":17.98991803,""25"":0.097976499,""26"":0.007090303,""27"":3.0,""28"":1.0,""35"":0.007727601,""36"":0.005409321,""37"":0.000704625,""38"":2.4e-05,""39"":4.279124129,""40"":1.058230472,""62"":0.007090303,""63"":0.000158276,""66"":0.035971911,""68"":0.035971911,""70"":0.016547079,""72"":0.016547079,""73"":0.016547079,""210"":17.0,""211"":3.007879975}"
4430637,Ja'Lynn Polk,WR,18,0,0.0,,2357,2362,2357,169.99,0.05,{}
3050481,Tanner Hudson,TE,4,30.64,30.64,17.0,1063,1062,1062,170.0,0.05,"{""42"":110.2399334,""43"":0.886060551,""44"":0.041454183,""45"":0.074245866,""46"":0.048519674,""47"":22.0,""48"":11.0,""49"":5.0,""50"":4.0,""51"":2.0,""53"":13.05731765,""56"":0.046533784,""57"":0.001439189,""58"":17.15909815,""60"":8.442770285,""61"":6.484701966,""62"":0.041454183,""63"":0.000691166,""67"":0.157083135,""68"":0.157083135,""71"":0.087966556,""72"":0.087966556,""73"":0.087966556,""210"":17.0,""212"":5.228792048}"
4365395,Julian Hill,TE,17,0,0.0,,1494,1493,1493,169.98,0.05,{}
4570738,Ke'Shawn Williams,WR,4,0,0.0,17.0,1349,1348,1348,170.0,0.04,"{""101"":0.072622652,""102"":0.092133322,""114"":756.0846395,""115"":119.1974852,""116"":75.0,""117"":30.0,""118"":11.0,""119"":4.0,""210"":17.0}"
4362018,Blake Whiteheart,TE,5,0,0.0,,1499,1501,1498,169.99,0.04,{}
4698191,Chris Collier,RB,13,0,0.0,,1553,1544,1552,169.97,0.04,{}
4722908,Drew Ogletree,TE,11,8.61,8.61,17.0,1251,1251,1251,169.98,0.04,"{""42"":35.34037946,""43"":0.258151128,""44"":0.020525638,""45"":0.091786172,""46"":0.059982263,""47"":7.0,""48"":3.0,""49"":1.0,""50"":1.0,""53"":3.647427977,""56"":0.018938052,""57"":0.000585713,""58"":5.238008063,""60"":9.689123318,""61"":2.078845851,""62"":0.020525638,""63"":0.000196257,""67"":0.044603872,""68"":0.044603872,""71"":0.024978168,""72"":0.024978168,""73"":0.024978168,""210"":17.0,""212"":0.761770005}"
4034862,Jack Stoll,TE,5,7.79,7.79,17.0,1288,1287,1287,169.99,0.04,"{""42"":30.32141015,""43"":0.16121992,""44"":0.011465769,""45"":0.050931116,""46"":0.033283484,""47"":6.0,""48"":3.0,""49"":1.0,""50"":1.0,""53"":3.568166536,""56"":0.016554337,""57"":0.00051199,""58"":5.174045286,""60"":8.497756437,""61"":1.783612362,""62"":0.011465769,""63"":0.000191992,""67"":0.043634596,""68"":0.043634596,""71"":0.024435374,""72"":0.024435374,""73"":0.024435374,""210"":17.0,""212"":0.565663537}"
3051889,Laquon Treadwell,WR,11,8.07,8.07,17.0,1269,1268,1268,170.0,0.04,"{""42"":36.85567772,""43"":0.191952147,""44"":0.015253525,""45"":0.109934084,""46"":0.071841924,""47"":7.0,""48"":3.0,""49"":1.0,""50"":1.0,""53"":3.503419058,""56"":0.019639715,""57"":0.000607414,""58"":5.238008063,""60"":10.519917,""61"":2.167981042,""62"":0.015253525,""63"":0.000280934,""67"":0.063848643,""68"":0.063848643,""71"":0.03575524,""72"":0.03575524,""73"":0.03575524,""210"":17.0,""212"":0.743661811}"
4035020,Charlie Woerner,TE,1,8.28,8.28,17.0,1272,1271,1271,170.0,0.04,"{""42"":32.68793215,""43"":0.178718354,""44"":0.010487733,""45"":0.054007943,""46"":0.03529419,""47"":6.0,""48"":3.0,""49"":1.0,""50"":1.0,""53"":3.924998907,""56"":0.017691353,""57"":0.000547155,""58"":5.474857713,""60"":8.328137899,""61"":1.922819538,""62"":0.010487733,""63"":0.000211192,""67"":0.047998247,""68"":0.047998247,""71"":0.026879018,""72"":0.026879018,""73"":0.026879018,""210"":17.0,""212"":0.719412179}"
3052096,Johnny Mundt,TE,21,8.14,8.14,17.0,1274,1273,1273,170.01,0.04,"{""42"":35.38540974,""43"":0.207671836,""44"":0.009307837,""45"":0.12089921,""46"":0.079007634,""47"":7.0,""48"":3.0,""49"":1.0,""50"":1.0,""53"":3.446373634,""56"":0.018959239,""57"":0.000586368,""58"":4.913785665,""60"":10.26743282,""61"":2.081494691,""62"":0.009307837,""63"":0.000148351,""67"":0.033716166,""68"":0.033716166,""71"":0.018881053,""72"":0.018881053,""73"":0.018881053,""210"":17.0,""212"":0.696543079}"
4260394,Aidan O'Connell,QB,13,0,0.0,,1486,1485,1485,169.98,0.04,{}
4383440,Nate Adkins,TE,7,18.64,18.64,17.0,1142,1142,1142,170.01,0.04,"{""42"":68.57303755,""43"":0.670842775,""44"":0.040701986,""45"":0.059129927,""46"":0.038641407,""47"":13.0,""48"":6.0,""49"":3.0,""50"":2.0,""51"":1.0,""53"":7.836544965,""56"":0.032694765,""57"":0.001011178,""58"":11.29963021,""60"":8.750417162,""61"":4.033708091,""62"":0.040701986,""63"":0.000421661,""67"":0.095831982,""68"":0.095831982,""71"":0.05366591,""72"":0.05366591,""73"":0.05366591,""210"":17.0,""212"":2.801790324}"
4876132,Josh Cuevas,TE,33,8.62,8.62,17.0,1257,1255,1256,169.99,0.04,"{""42"":35.78056263,""43"":0.291962649,""44"":0.00962364,""45"":0.157451198,""46"":0.102894358,""47"":7.0,""48"":3.0,""49"":1.0,""50"":1.0,""53"":3.33410708,""56"":0.019142873,""57"":0.000592048,""58"":4.663608508,""60"":10.73167771,""61"":2.104738978,""62"":0.00962364,""63"":0.000179398,""67"":0.040772316,""68"":0.040772316,""71"":0.022832497,""72"":0.022832497,""73"":0.022832497,""210"":17.0,""212"":0.716318425}"
4057082,Mason Kinsey,WR,10,0,0.0,17.0,1361,1360,1360,169.98,0.04,"{""102"":0.010866877,""115"":9.440599131,""210"":17.0}"
4045305,Ian Thomas,TE,13,8.07,8.07,17.0,1271,1270,1270,169.99,0.04,"{""42"":35.90153013,""43"":0.150762445,""44"":0.009591186,""45"":0.084891843,""46"":0.05547682,""47"":7.0,""48"":3.0,""49"":1.0,""50"":1.0,""53"":3.788691582,""56"":0.019197791,""57"":0.000593746,""58"":5.416695924,""60"":9.475970622,""61"":2.111854713,""62"":0.009591186,""63"":0.000163086,""67"":0.037065092,""68"":0.037065092,""71"":0.020756451,""72"":0.020756451,""73"":0.020756451,""210"":17.0,""212"":0.765530066}"
4360637,Jeshaun Jones,WR,16,0,0.0,17.0,1360,1359,1359,170.0,0.04,"{""102"":0.013551631,""115"":13.55163127,""118"":1.0,""210"":17.0}"
4373030,Ben Sims,TE,15,15.62,15.62,17.0,1169,1169,1169,170.0,0.04,"{""42"":65.35795924,""43"":0.328422546,""44"":0.017209585,""45"":0.076608875,""46"":0.0500639,""47"":13.0,""48"":6.0,""49"":3.0,""50"":2.0,""51"":1.0,""53"":6.972799222,""56"":0.031497731,""57"":0.000974157,""58"":10.05941081,""60"":9.373274227,""61"":3.844585838,""62"":0.017209585,""63"":0.000375185,""67"":0.085269359,""68"":0.085269359,""71"":0.047750841,""72"":0.047750841,""73"":0.047750841,""210"":17.0,""212"":2.376233966}"
4360763,Brycen Tremayne,WR,29,7.71,7.71,17.0,1276,1275,1275,169.98,0.04,"{""42"":36.54259453,""43"":0.172986166,""44"":0.010490347,""45"":0.10647348,""46"":0.069580419,""47"":7.0,""48"":3.0,""49"":1.0,""50"":1.0,""53"":3.29008069,""56"":0.01949576,""57"":0.000602962,""58"":5.223378865,""60"":11.10689918,""61"":2.149564384,""62"":0.010490347,""63"":0.000263827,""67"":0.059960622,""68"":0.059960622,""71"":0.033577949,""72"":0.033577949,""73"":0.033577949,""102"":0.027098516,""115"":27.09851594,""118"":2.0,""119"":1.0,""210"":17.0,""212"":0.67864587}"
4426535,Theo Wease Jr.,WR,15,0,0.0,,1585,1584,1584,170.0,0.04,{}
4426553,Davis Allen,TE,14,20.04,20.04,17.0,1133,1133,1133,170.01,0.04,"{""42"":73.6239847,""43"":0.741141357,""44"":0.010098768,""45"":0.081023672,""46"":0.05294897,""47"":14.0,""48"":7.0,""49"":3.0,""50"":2.0,""51"":1.0,""53"":7.820641838,""56"":0.034531378,""57"":0.001067981,""58"":11.24331819,""60"":9.41405913,""61"":4.330822629,""62"":0.010098768,""63"":0.000420805,""67"":0.095637505,""68"":0.095637505,""71"":0.053557003,""72"":0.053557003,""73"":0.053557003,""210"":17.0,""212"":2.966196976}"
4566192,Joshua Karty,K,0,0,0.0,,2363,2368,2363,169.97,0.04,{}
4239086,Desmond Ridder,QB,0,0,0.0,,2124,2129,2124,169.98,0.03,{}
4050971,Eric Johnson II,DT,16,0,0.0,,2168,2173,2168,170.0,0.03,{}
4034704,Michael Bandy,WR,7,0,0.0,17.0,1359,1358,1358,170.0,0.03,"{""102"":0.029928456,""115"":29.92845573,""118"":2.0,""119"":1.0,""210"":17.0}"
4034779,Ko Kieft,TE,27,8.94,8.94,17.0,1242,1242,1242,170.0,0.03,"{""42"":36.10776187,""43"":0.305405809,""44"":0.02649394,""45"":0.092458079,""46"":0.060421355,""47"":7.0,""48"":3.0,""49"":1.0,""50"":1.0,""53"":3.668185241,""56"":0.019295279,""57"":0.000596761,""58"":5.332858671,""60"":9.843494672,""61"":2.123985992,""62"":0.02649394,""63"":0.000197374,""67"":0.04485771,""68"":0.04485771,""71"":0.025120318,""72"":0.025120318,""73"":0.025120318,""210"":17.0,""212"":0.806985843}"
4362630,Terrace Marshall Jr.,WR,15,0,0.0,,1410,1409,1409,169.98,0.03,{}
4567506,Tahj Washington,WR,15,0,0.0,,1523,1522,1522,170.0,0.03,{}
4239944,Hunter Long,TE,30,0,0.0,,1414,1413,1413,170.0,0.03,{}
4428584,Reddy Steward,CB,6,0,0.0,,2467,2456,2467,170.0,0.03,{}
4334405,Tavierre Thomas,S,16,0,0.0,,1794,1794,1794,170.0,0.03,{}
4428811,Xavier Weaver,WR,22,0,0.0,,1532,1531,1531,169.99,0.03,{}
4261090,Jordan Jackson,DT,7,0,0.0,,2148,2153,2148,170.0,0.03,{}
4429058,Jaylen Harrell,DE,10,0,0.0,,2370,2375,2370,170.0,0.03,{}
4429142,Nazir Stackhouse,DT,9,0,0.0,,2537,2540,2537,170.0,0.03,{}
4429073,Fadil Diggs,DE,18,0,0.0,,2509,2511,2509,170.0,0.03,{}
4363551,Dylan Drummond,WR,1,0,0.0,,1507,1505,1506,170.0,0.03,{}
