player,pos,team,ecr,sd,best,worst,scrape_date
Josh Allen,QB,BUF,1.04,0.2,1.0,2.0,2026-08-21
Lamar Jackson,QB,BAL,2.74,1.27,1.0,7.0,2026-08-21
Drake Maye,QB,NE,3.61,2.14,2.0,18.0,2026-08-21
Joe Burrow,QB,CIN,5.02,2.61,2.0,18.0,2026-08-21
Jayden Daniels,QB,WAS,7.09,4.98,2.0,29.0,2026-08-21
Ja'Marr Chase,WR,CIN,7.18,2.29,4.0,14.0,2026-08-21
Jalen Hurts,QB,PHI,7.22,3.14,3.0,17.0,2026-08-21
Caleb Williams,QB,CHI,10.09,4.71,2.0,19.0,2026-08-21
Jahmyr Gibbs,RB,DET,10.64,2.4,2.0,15.0,2026-08-21
Justin Herbert,QB,LAC,11.22,5.24,4.0,29.0,2026-08-21
Puka Nacua,WR,LAR,11.37,3.13,6.0,21.0,2026-08-21
Bijan Robinson,RB,ATL,11.83,3.27,3.0,37.0,2026-08-21
Jaxon Smith-Njigba,WR,SEA,13.26,4.0,6.0,41.0,2026-08-21
Amon-Ra St. Brown,WR,DET,14.0,2.7,11.0,24.0,2026-08-21
Trevor Lawrence,QB,JAC,14.67,6.05,4.0,30.0,2026-08-21
Dak Prescott,QB,DAL,15.42,5.89,4.0,32.0,2026-08-21
CeeDee Lamb,WR,DAL,20.73,4.53,12.0,43.0,2026-08-21
Christian McCaffrey,RB,SF,21.28,8.63,13.0,46.0,2026-08-21
Justin Jefferson,WR,MIN,21.31,4.56,11.0,47.0,2026-08-21
Brock Purdy,QB,SF,22.62,7.38,8.0,55.0,2026-08-21
Jaxson Dart,QB,NYG,24.87,9.41,7.0,55.0,2026-08-21
Drake London,WR,ATL,25.22,5.11,20.0,46.0,2026-08-21
Bo Nix,QB,DEN,25.37,7.37,14.0,55.0,2026-08-21
Jonathan Taylor,RB,IND,25.44,9.39,13.0,48.0,2026-08-21
Patrick Mahomes II,QB,KC,26.03,8.06,9.0,50.0,2026-08-21
A.J. Brown,WR,NE,27.28,6.75,14.0,51.0,2026-08-21
Matthew Stafford,QB,LAR,30.72,10.38,7.0,55.0,2026-08-21
Ashton Jeanty,RB,LV,31.11,8.54,15.0,58.0,2026-08-21
Nico Collins,WR,HOU,31.54,6.31,23.0,54.0,2026-08-21
Jared Goff,QB,DET,32.25,8.45,8.0,54.0,2026-08-21
James Cook III,RB,BUF,32.42,10.56,15.0,52.0,2026-08-21
Chase Brown,RB,CIN,32.83,7.75,15.0,54.0,2026-08-21
Brock Bowers,TE,LV,34.01,4.98,21.0,51.0,2026-08-21
Chris Olave,WR,NO,34.11,8.26,23.0,58.0,2026-08-21
George Pickens,WR,DAL,35.77,8.19,23.0,62.0,2026-08-21
Trey McBride,TE,ARI,37.19,5.35,31.0,60.0,2026-08-21
Kyler Murray,QB,MIN,37.42,11.67,7.0,64.0,2026-08-21
De'Von Achane,RB,MIA,37.77,9.18,13.0,58.0,2026-08-21
Rashee Rice,WR,KC,38.06,10.25,23.0,65.0,2026-08-21
DeVonta Smith,WR,PHI,40.13,8.75,23.0,63.0,2026-08-21
Malik Nabers,WR,NYG,41.09,11.44,21.0,75.0,2026-08-21
Saquon Barkley,RB,PHI,41.51,7.89,15.0,65.0,2026-08-21
Omarion Hampton,RB,LAC,41.84,7.49,22.0,61.0,2026-08-21
Kenneth Walker III,RB,KC,44.49,9.24,25.0,77.0,2026-08-21
Baker Mayfield,QB,TB,44.66,10.36,16.0,60.0,2026-08-21
Jordan Love,QB,GB,45.31,10.19,18.0,60.0,2026-08-21
Garrett Wilson,WR,NYJ,46.73,8.31,27.0,64.0,2026-08-21
Zay Flowers,WR,BAL,46.81,9.22,27.0,69.0,2026-08-21
Tyler Shough,QB,NO,48.75,10.92,17.0,66.0,2026-08-21
Tetairoa McMillan,WR,CAR,50.82,8.15,34.0,74.0,2026-08-21
Jaylen Waddle,WR,DEN,53.17,8.0,35.0,73.0,2026-08-21
Ladd McConkey,WR,LAC,53.34,8.38,28.0,72.0,2026-08-21
Tee Higgins,WR,CIN,53.56,8.23,35.0,72.0,2026-08-21
Malik Willis,QB,MIA,54.38,13.62,19.0,94.0,2026-08-21
Colston Loveland,TE,CHI,55.27,16.1,39.0,106.0,2026-08-21
Derrick Henry,RB,BAL,55.86,10.53,27.0,77.0,2026-08-21
Jeremiyah Love,RB,ARI,57.51,10.16,44.0,88.0,2026-08-21
Emeka Egbuka,WR,TB,57.56,9.24,35.0,84.0,2026-08-21
Breece Hall,RB,NYJ,58.12,8.42,46.0,79.0,2026-08-21
Kyren Williams,RB,LAR,61.28,7.99,40.0,77.0,2026-08-21
Sam Darnold,QB,SEA,62.12,8.65,26.0,83.0,2026-08-21
C.J. Stroud,QB,HOU,62.6,9.48,24.0,86.0,2026-08-21
Javonte Williams,RB,DAL,64.07,7.51,48.0,81.0,2026-08-21
Josh Jacobs,RB,GB,64.45,8.87,46.0,81.0,2026-08-21
Terry McLaurin,WR,WAS,64.99,8.68,44.0,85.0,2026-08-21
Luther Burden III,WR,CHI,66.53,10.43,45.0,91.0,2026-08-21
Daniel Jones,QB,IND,66.78,16.16,29.0,182.0,2026-08-21
Travis Etienne Jr.,RB,NO,69.16,10.11,49.0,93.0,2026-08-21
Cam Ward,QB,TEN,69.24,10.25,34.0,116.0,2026-08-21
Davante Adams,WR,LAR,70.97,8.0,52.0,92.0,2026-08-21
DJ Moore,WR,BUF,72.56,13.23,35.0,122.0,2026-08-21
Mike Evans,WR,SF,74.83,9.58,59.0,100.0,2026-08-21
Tyler Warren,TE,IND,74.87,11.93,47.0,104.0,2026-08-21
Jameson Williams,WR,DET,75.6,10.01,57.0,112.0,2026-08-21
Bryce Young,QB,CAR,76.03,11.36,30.0,127.0,2026-08-21
Cam Skattebo,RB,NYG,77.23,9.42,54.0,103.0,2026-08-21
Rome Odunze,WR,CHI,77.86,9.65,57.0,102.0,2026-08-21
Christian Watson,WR,GB,78.47,9.86,62.0,117.0,2026-08-21
D'Andre Swift,RB,CHI,78.63,7.73,61.0,99.0,2026-08-21
Bucky Irving,RB,TB,79.75,9.57,58.0,105.0,2026-08-21
David Montgomery,RB,HOU,81.96,9.01,58.0,105.0,2026-08-21
Quinshon Judkins,RB,CLE,82.45,9.6,58.0,99.0,2026-08-21
Jacoby Brissett,QB,ARI,83.89,16.55,29.0,139.0,2026-08-21
Parker Washington,WR,JAC,86.64,15.51,63.0,128.0,2026-08-21
Carnell Tate,WR,TEN,86.66,15.62,63.0,137.0,2026-08-21
TreVeyon Henderson,RB,NE,88.11,10.0,58.0,108.0,2026-08-21
Marvin Harrison Jr.,WR,ARI,88.82,11.98,63.0,129.0,2026-08-21
Bhayshul Tuten,RB,JAC,89.21,9.94,59.0,115.0,2026-08-21
Jadarian Price,RB,SEA,93.88,8.22,71.0,107.0,2026-08-21
Harold Fannin Jr.,TE,CLE,94.43,11.61,47.0,127.0,2026-08-21
Aaron Rodgers,QB,PIT,95.31,21.76,29.0,176.0,2026-08-21
Brian Thomas Jr.,WR,JAC,95.73,12.0,69.0,124.0,2026-08-21
Jaylen Warren,RB,PIT,96.26,7.32,79.0,116.0,2026-08-21
Tucker Kraft,TE,GB,96.92,11.62,78.0,125.0,2026-08-21
Chris Godwin Jr.,WR,TB,97.69,13.18,68.0,135.0,2026-08-21
Geno Smith,QB,NYJ,98.56,23.3,31.0,183.0,2026-08-21
Kyle Pitts Sr.,TE,ATL,98.81,9.27,78.0,122.0,2026-08-21
DK Metcalf,WR,PIT,99.19,12.23,72.0,133.0,2026-08-21
Rhamondre Stevenson,RB,NE,100.06,8.98,81.0,130.0,2026-08-21
Michael Pittman Jr.,WR,PIT,100.44,12.87,63.0,130.0,2026-08-21
Courtland Sutton,WR,DEN,101.99,13.15,69.0,129.0,2026-08-21
Sam LaPorta,TE,DET,102.0,10.27,78.0,121.0,2026-08-21
Tony Pollard,RB,TEN,102.68,9.72,79.0,131.0,2026-08-21
Wan'Dale Robinson,WR,TEN,104.27,13.99,63.0,142.0,2026-08-21
Josh Downs,WR,IND,104.76,13.19,69.0,144.0,2026-08-21
Rico Dowdle,RB,PIT,106.02,10.07,85.0,131.0,2026-08-21
Michael Wilson,WR,ARI,106.39,13.7,81.0,141.0,2026-08-21
RJ Harvey,RB,DEN,111.45,15.13,61.0,154.0,2026-08-21
Jonathon Brooks,RB,CAR,113.52,23.76,81.0,220.0,2026-08-21
Chuba Hubbard,RB,CAR,114.46,12.51,92.0,150.0,2026-08-21
Alec Pierce,WR,IND,115.58,17.59,84.0,173.0,2026-08-21
Travis Kelce,TE,KC,115.75,12.17,86.0,148.0,2026-08-21
Quentin Johnston,WR,LAC,115.97,11.94,90.0,154.0,2026-08-21
Stefon Diggs,WR,WAS,116.22,28.3,72.0,205.0,2026-08-21
Kenny Gainwell,RB,TB,117.49,12.41,85.0,145.0,2026-08-21
Jakobi Meyers,WR,JAC,118.18,14.96,75.0,167.0,2026-08-21
J.K. Dobbins,RB,DEN,118.61,13.25,98.0,152.0,2026-08-21
George Kittle,TE,SF,118.65,12.59,91.0,158.0,2026-08-21
Fernando Mendoza,QB,LV,119.98,32.46,39.0,184.0,2026-08-21
Jayden Reed,WR,GB,121.23,11.02,98.0,144.0,2026-08-21
Jordan Addison,WR,MIN,121.88,12.14,91.0,158.0,2026-08-21
Makai Lemon,WR,PHI,122.24,15.06,90.0,167.0,2026-08-21
Rachaad White,RB,WAS,123.2,13.1,91.0,155.0,2026-08-21
Blake Corum,RB,LAR,125.13,11.53,99.0,152.0,2026-08-21
Kyle Monangai,RB,CHI,126.43,12.41,97.0,165.0,2026-08-21
Jake Ferguson,TE,DAL,127.84,14.26,93.0,171.0,2026-08-21
Dalton Kincaid,TE,BUF,127.94,12.67,104.0,161.0,2026-08-21
Aaron Jones Sr.,RB,MIN,128.14,13.63,98.0,155.0,2026-08-21
Tua Tagovailoa,QB,ATL,129.83,32.48,33.0,264.0,2026-08-21
Jacory Croskey-Merritt,RB,WAS,131.03,8.89,102.0,152.0,2026-08-21
Isaiah Likely,TE,NYG,131.6,20.06,104.0,213.0,2026-08-21
Jordan Mason,RB,MIN,131.88,13.81,97.0,182.0,2026-08-21
Khalil Shakir,WR,BUF,132.87,12.35,102.0,167.0,2026-08-21
Jordyn Tyson,WR,NO,132.92,22.14,91.0,195.0,2026-08-21
Dallas Goedert,TE,PHI,133.81,13.82,114.0,194.0,2026-08-21
KC Concepcion,WR,CLE,134.45,18.48,100.0,198.0,2026-08-21
Jalen Coker,WR,CAR,135.84,14.04,109.0,172.0,2026-08-21
Xavier Worthy,WR,KC,138.82,13.38,110.0,188.0,2026-08-21
Matthew Golden,WR,GB,140.56,16.34,104.0,186.0,2026-08-21
Mark Andrews,TE,BAL,141.44,18.27,106.0,203.0,2026-08-21
Romeo Doubs,WR,NE,142.22,14.63,110.0,183.0,2026-08-21
Juwan Johnson,TE,NO,145.8,15.56,112.0,184.0,2026-08-21
Deebo Samuel Sr.,WR,SF,148.14,24.39,101.0,219.0,2026-08-21
Chris Rodriguez Jr.,RB,JAC,148.63,11.28,132.0,199.0,2026-08-21
Tyler Allgeier,RB,ARI,149.27,10.89,130.0,193.0,2026-08-21
Woody Marks,RB,HOU,149.44,11.27,108.0,171.0,2026-08-21
Tyrone Tracy Jr.,RB,NYG,149.63,15.65,120.0,208.0,2026-08-21
Tyjae Spears,RB,TEN,150.19,12.0,116.0,192.0,2026-08-21
Kirk Cousins,QB,LV,153.06,35.99,35.0,273.0,2026-08-21
Michael Penix Jr.,QB,ATL,153.24,32.99,40.0,241.0,2026-08-21
Zach Charbonnet,RB,SEA,155.49,20.18,99.0,245.0,2026-08-21
Dylan Sampson,RB,CLE,155.61,13.0,119.0,216.0,2026-08-21
De'Zhaun Stribling,WR,SF,155.98,31.59,99.0,262.0,2026-08-21
Justin Fields,QB,KC,157.0,87.37,38.0,288.0,2026-08-21
Rashid Shaheed,WR,SEA,157.29,13.4,128.0,206.0,2026-08-21
Keaton Mitchell,RB,LAC,158.36,18.74,125.0,225.0,2026-08-21
Denzel Boston,WR,CLE,158.72,23.03,122.0,269.0,2026-08-21
Deshaun Watson,QB,CLE,158.95,34.82,38.0,278.0,2026-08-21
Alvin Kamara,RB,NO,160.62,18.93,119.0,235.0,2026-08-21
Chig Okonkwo,TE,WAS,161.71,19.46,121.0,215.0,2026-08-21
Brenton Strange,TE,JAC,162.78,17.82,127.0,206.0,2026-08-21
Jonah Coleman,RB,DEN,163.3,23.35,131.0,285.0,2026-08-21
Isiah Pacheco,RB,DET,164.7,14.5,138.0,217.0,2026-08-21
Jauan Jennings,WR,MIN,165.23,21.73,112.0,249.0,2026-08-21
Shedeur Sanders,QB,CLE,165.41,34.47,36.0,274.0,2026-08-21
Hunter Henry,TE,NE,167.43,16.91,126.0,209.0,2026-08-21
Jerry Jeudy,WR,CLE,168.78,19.84,140.0,241.0,2026-08-21
Tank Bigsby,RB,PHI,171.39,16.05,144.0,209.0,2026-08-21
Adonai Mitchell,WR,NYJ,172.72,19.41,144.0,254.0,2026-08-21
Jalen McMillan,WR,TB,172.88,18.54,137.0,260.0,2026-08-21
Dalton Schultz,TE,HOU,173.27,19.21,125.0,215.0,2026-08-21
Anthony Richardson Sr.,QB,IND,173.5,2.5,171.0,176.0,2026-08-21
Tre Tucker,WR,LV,173.82,20.46,133.0,262.0,2026-08-21
Braelon Allen,RB,NYJ,175.15,21.61,131.0,247.0,2026-08-21
Jake Browning,QB,TB,176.0,0.0,176.0,176.0,2026-08-21
Brian Robinson Jr.,RB,ATL,176.71,13.7,143.0,220.0,2026-08-21
Travis Hunter,WR,JAC,176.97,23.61,117.0,243.0,2026-08-21
Tre' Harris,WR,LAC,177.98,17.67,137.0,248.0,2026-08-21
Omar Cooper Jr.,WR,NYJ,179.27,27.55,137.0,278.0,2026-08-21
Marcus Mariota,QB,WAS,180.0,3.0,177.0,183.0,2026-08-21
Carson Beck,QB,ARI,180.15,38.38,126.0,293.0,2026-08-21
J.J. McCarthy,QB,MIN,180.7,28.27,127.0,251.0,2026-08-21
Ryan Flournoy,WR,DAL,182.53,19.9,149.0,300.0,2026-08-21
Oronde Gadsden II,TE,LAC,183.92,29.17,114.0,233.0,2026-08-21
Jalen Nailor,WR,LV,184.29,26.97,137.0,272.0,2026-08-21
Mac Jones,QB,SF,185.6,52.77,117.0,280.0,2026-08-21
Malik Washington,WR,MIA,186.15,26.73,129.0,279.0,2026-08-21
T.J. Hockenson,TE,MIN,186.42,14.95,148.0,223.0,2026-08-21
Ty Simpson,QB,LAR,186.67,6.65,181.0,196.0,2026-08-21
Pat Bryant,WR,DEN,187.77,22.53,146.0,263.0,2026-08-21
Dontayvion Wicks,WR,PHI,188.49,21.54,144.0,252.0,2026-08-21
Ray Davis,RB,BUF,188.81,22.65,151.0,258.0,2026-08-21
Jaylin Noel,WR,HOU,189.77,24.0,147.0,305.0,2026-08-21
Riley Leonard,QB,IND,190.5,9.5,181.0,200.0,2026-08-21
Emmett Johnson,RB,KC,190.52,25.93,154.0,286.0,2026-08-21
Sean Tucker,RB,TB,190.52,22.98,150.0,261.0,2026-08-21
MarShawn Lloyd,RB,GB,190.96,36.73,145.0,287.0,2026-08-21
Kayshon Boutte,WR,NE,191.05,19.11,158.0,287.0,2026-08-21
James Conner,RB,ARI,192.68,27.52,138.0,280.0,2026-08-21
Mike Washington Jr.,RB,LV,193.1,26.17,152.0,275.0,2026-08-21
Kimani Vidal,RB,LAC,194.03,23.69,161.0,267.0,2026-08-21
Tank Dell,WR,HOU,194.1,21.22,147.0,254.0,2026-08-21
Greg Dulcich,TE,MIA,194.29,30.3,136.0,267.0,2026-08-21
AJ Barner,TE,SEA,196.03,15.0,153.0,227.0,2026-08-21
Calvin Ridley,WR,TEN,196.08,21.87,146.0,278.0,2026-08-21
Troy Franklin,WR,DEN,197.16,25.74,147.0,302.0,2026-08-21
Isaiah Williams,WR,FA,198.0,0.0,198.0,198.0,2026-08-21
Nicholas Singleton,RB,TEN,198.29,28.23,152.0,286.0,2026-08-21
Isaac TeSlaa,WR,DET,200.1,17.5,167.0,269.0,2026-08-21
Graig Cooper,RB,FA,202.0,0.0,202.0,202.0,2026-08-21
Darnell Mooney,WR,NYG,202.74,16.66,160.0,264.0,2026-08-21
Gunnar Helm,TE,TEN,203.02,18.55,148.0,257.0,2026-08-21
Keenan Allen,WR,IND,204.57,45.59,123.0,279.0,2026-08-21
Emanuel Wilson,RB,SEA,205.23,28.59,143.0,349.0,2026-08-21
Rashod Bateman,WR,BAL,205.57,19.26,169.0,263.0,2026-08-21
Kenyon Sadiq,TE,NYJ,206.44,22.9,159.0,334.0,2026-08-21
Terrance Ferguson,TE,LAR,206.6,23.65,148.0,257.0,2026-08-21
Jaydon Blue,RB,DAL,206.72,34.09,149.0,292.0,2026-08-21
Zachariah Branch,WR,ATL,209.47,25.36,151.0,279.0,2026-08-21
Cooper Kupp,WR,SEA,209.5,19.96,157.0,264.0,2026-08-21
Cyrus Allen,WR,KC,210.1,47.46,142.0,365.0,2026-08-21
Caleb Douglas,WR,MIA,210.86,43.58,112.0,297.0,2026-08-21
Antonio Williams,WR,WAS,211.1,29.16,146.0,295.0,2026-08-21
Kaytron Allen,RB,WAS,211.68,26.24,152.0,290.0,2026-08-21
Jaylen Wright,RB,MIA,213.86,21.76,158.0,268.0,2026-08-21
Germie Bernard,WR,PIT,215.01,25.24,172.0,295.0,2026-08-21
Joe Milton III,QB,DAL,217.0,53.05,178.0,292.0,2026-08-21
Pat Freiermuth,TE,PIT,217.23,21.18,148.0,301.0,2026-08-21
Jack Bech,WR,LV,217.4,24.39,150.0,308.0,2026-08-21
Chimere Dike,WR,TEN,218.34,26.55,160.0,295.0,2026-08-21
Justice Hill,RB,BAL,218.86,27.62,150.0,293.0,2026-08-21
Cade Otton,TE,TB,220.13,15.53,174.0,275.0,2026-08-21
Ollie Gordon II,RB,MIA,221.02,19.26,162.0,270.0,2026-08-21
Ted Hurst III,WR,TB,221.11,25.14,170.0,281.0,2026-08-21
Malachi Fields,WR,NYG,223.84,25.7,171.0,307.0,2026-08-21
Keon Coleman,WR,BUF,223.87,22.56,173.0,292.0,2026-08-21
Demond Claiborne,RB,MIN,224.08,26.39,168.0,314.0,2026-08-21
Elic Ayomanor,WR,TEN,226.8,27.9,179.0,305.0,2026-08-21
Chris Bell,WR,MIA,226.9,26.2,158.0,325.0,2026-08-21
David Njoku,TE,LAC,227.21,20.3,166.0,306.0,2026-08-21
Ja'Kobi Lane,WR,BAL,228.1,36.12,157.0,348.0,2026-08-21
George Holani,RB,SEA,228.92,32.03,163.0,297.0,2026-08-21
Evan Engram,TE,DEN,229.32,20.39,165.0,273.0,2026-08-21
Tory Horton,WR,SEA,230.5,19.82,188.0,301.0,2026-08-21
Jameis Winston,QB,NYG,231.67,44.73,183.0,291.0,2026-08-21
Isaiah Davis,RB,NYJ,231.95,23.76,172.0,297.0,2026-08-21
Kaelon Black,RB,SF,232.29,32.74,163.0,299.0,2026-08-21
Christian Kirk,WR,SF,232.33,24.11,186.0,297.0,2026-08-21
Jake Bobo,WR,SEA,233.0,0.0,233.0,233.0,2026-08-21
Elijah Sarratt,WR,BAL,233.99,21.43,178.0,310.0,2026-08-21
Ty Johnson,RB,BUF,235.1,23.14,168.0,325.0,2026-08-21
Devaughn Vele,WR,NO,235.8,25.38,170.0,305.0,2026-08-21
Brandon Aiyuk,WR,SF,236.02,34.19,146.0,292.0,2026-08-21
Colby Parkinson,TE,LAR,236.99,17.03,190.0,312.0,2026-08-21
Trey Benson,RB,ARI,237.22,28.16,156.0,304.0,2026-08-21
Isaiah Williams,WR,NYJ,237.33,16.21,223.0,260.0,2026-08-21
Xavier Legette,WR,CAR,237.63,26.27,188.0,324.0,2026-08-21
Jordan James,RB,SF,237.98,28.5,179.0,337.0,2026-08-21
LeQuint Allen Jr.,RB,JAC,238.94,21.05,163.0,290.0,2026-08-21
Marvin Mims Jr.,WR,DEN,239.11,21.77,197.0,328.0,2026-08-21
Chris Brooks,RB,GB,240.89,22.28,187.0,283.0,2026-08-21
Darius Slayton,WR,NYG,241.1,23.35,195.0,331.0,2026-08-21
DJ Giddens,RB,IND,241.16,19.54,184.0,290.0,2026-08-21
Tyquan Thornton,WR,KC,241.33,24.82,170.0,307.0,2026-08-21
Samaje Perine,RB,CIN,242.75,30.78,163.0,343.0,2026-08-21
Patrick Ricard,RB,NYG,243.0,0.0,243.0,243.0,2026-08-21
Dohnte Meyers,WR,CIN,243.0,0.0,243.0,243.0,2026-08-21
Xavier Smith,WR,LAR,243.5,4.5,239.0,248.0,2026-08-21
Mason Taylor,TE,NYJ,244.41,23.42,189.0,313.0,2026-08-21
Tyreek Hill,WR,FA,245.84,32.08,167.0,310.0,2026-08-21
Najee Harris,RB,NYG,245.93,32.05,166.0,304.0,2026-08-21
Darren Waller,TE,CAR,246.77,34.19,194.0,318.0,2026-08-21
Devin Neal,RB,NO,246.84,30.56,181.0,327.0,2026-08-21
Mike Gesicki,TE,CIN,246.98,22.14,209.0,311.0,2026-08-21
Khalil Herbert,RB,SF,247.33,19.29,229.0,274.0,2026-08-21
Joe Flacco,QB,CIN,247.5,35.5,212.0,283.0,2026-08-21
Eli Stowers,TE,PHI,248.19,27.79,189.0,329.0,2026-08-21
Brashard Smith,RB,KC,248.99,20.59,163.0,300.0,2026-08-21
Ty Chandler,RB,NO,250.0,22.05,223.0,277.0,2026-08-21
Theo Johnson,TE,NYG,250.31,23.04,189.0,316.0,2026-08-21
Kyle Williams,WR,NE,250.34,26.87,195.0,332.0,2026-08-21
Mack Hollins,WR,NE,250.48,26.65,193.0,337.0,2026-08-21
Malik Davis,RB,DAL,250.83,22.46,192.0,317.0,2026-08-21
Alec Ingold,RB,LAC,251.0,0.0,251.0,251.0,2026-08-21
Andrei Iosivas,WR,CIN,251.0,27.48,180.0,311.0,2026-08-21
Kaleb Johnson,RB,PIT,251.61,25.91,168.0,318.0,2026-08-21
Jacob Saylors,RB,DET,254.0,0.0,254.0,254.0,2026-08-21
Max Bredeson,RB,MIN,255.0,0.0,255.0,255.0,2026-08-21
Jahan Dotson,WR,ATL,255.58,41.75,157.0,339.0,2026-08-21
Elijah Tau-Tolliver,RB,BAL,256.0,0.0,256.0,256.0,2026-08-21
Hollywood Brown,WR,PHI,256.56,15.72,214.0,310.0,2026-08-21
Seth McGowan,RB,IND,256.69,24.78,187.0,304.0,2026-08-21
Cade Klubnik,QB,NYJ,257.0,0.0,257.0,257.0,2026-08-21
Jalen Tolbert,WR,MIA,257.68,40.31,173.0,329.0,2026-08-21
Jake Tonges,TE,SF,257.73,22.34,211.0,306.0,2026-08-21
Skyler Bell,WR,BUF,258.12,24.29,198.0,341.0,2026-08-21
Adam Randall,RB,BAL,258.58,22.6,200.0,300.0,2026-08-21
Emari Demercado,RB,KC,259.99,21.6,185.0,313.0,2026-08-21
Chris Brazzell II,WR,CAR,260.48,30.07,208.0,324.0,2026-08-21
Isaiah Bond,WR,CLE,260.62,24.11,212.0,350.0,2026-08-21
Jeremy McNichols,RB,WAS,262.0,54.14,215.0,347.0,2026-08-21
Kendre Miller,RB,NO,262.4,28.19,179.0,349.0,2026-08-21
Jakobie Keeney-James,WR,PIT,263.0,0.0,263.0,263.0,2026-08-21
Roman Hemby,RB,LV,263.0,6.0,257.0,269.0,2026-08-21
Devin Singletary,RB,NYG,263.08,15.89,215.0,322.0,2026-08-21
Adam Prentice,RB,DEN,264.0,0.0,264.0,264.0,2026-08-21
Drake Dabney,TE,GB,264.0,0.0,264.0,264.0,2026-08-21
Darnell Washington,TE,PIT,264.56,26.03,215.0,333.0,2026-08-21
Oscar Delp,TE,NO,264.8,28.05,197.0,321.0,2026-08-21
Jerome Ford,RB,WAS,265.17,19.55,210.0,296.0,2026-08-21
Konata Mumpfield,WR,LAR,265.38,26.56,224.0,336.0,2026-08-21
DeMario Douglas,WR,NE,266.09,39.81,176.0,351.0,2026-08-21
Bryce Lance,WR,NO,267.94,33.15,193.0,327.0,2026-08-21
Charlie Kolar,TE,LAC,269.14,36.9,209.0,342.0,2026-08-21
Jaleel McLaughlin,RB,DEN,269.66,24.6,200.0,340.0,2026-08-21
Trevor Etienne,RB,CAR,269.72,15.24,224.0,302.0,2026-08-21
Xavier Hutchinson,WR,HOU,270.0,49.04,180.0,343.0,2026-08-21
Michael Mayer,TE,LV,270.0,28.43,227.0,330.0,2026-08-21
Isaac Guerendo,RB,SF,270.35,22.88,208.0,339.0,2026-08-21
Tahj Brooks,RB,CIN,271.26,16.17,226.0,314.0,2026-08-21
Eli Heidenreich,RB,PIT,271.84,26.74,220.0,323.0,2026-08-21
Jaheim Bell,TE,PIT,272.0,0.0,272.0,272.0,2026-08-21
Joe Mixon,RB,FA,272.24,26.47,166.0,324.0,2026-08-21
Bam Knight,RB,ARI,272.46,36.85,192.0,347.0,2026-08-21
Mitch Tinsley,WR,CIN,272.5,19.5,253.0,292.0,2026-08-21
Bub Means,WR,NO,273.0,0.0,273.0,273.0,2026-08-21
Audric Estime,RB,NO,273.25,21.44,223.0,323.0,2026-08-21
Kyle Juszczyk,RB,SF,273.63,48.17,192.0,321.0,2026-08-21
Jarquez Hunter,RB,LAR,275.47,16.73,235.0,337.0,2026-08-21
Brandin Cooks,WR,FA,275.5,27.5,248.0,303.0,2026-08-21
Kendrick Bourne,WR,ARI,275.85,42.62,198.0,372.0,2026-08-21
Cedric Tillman,WR,CLE,276.33,28.59,222.0,346.0,2026-08-21
Olamide Zaccheaus,WR,ATL,277.06,22.5,237.0,325.0,2026-08-21
Raheem Mostert,RB,LV,278.0,0.0,278.0,278.0,2026-08-21
Jalen Royals,WR,KC,278.0,21.0,241.0,331.0,2026-08-21
Elijah Arroyo,TE,SEA,278.13,23.28,229.0,326.0,2026-08-21
Brenen Thompson,WR,LAC,278.76,31.85,223.0,352.0,2026-08-21
Tez Johnson,WR,TB,278.8,22.79,230.0,329.0,2026-08-21
Calvin Austin III,WR,NYG,279.06,33.9,236.0,349.0,2026-08-21
John Bates,TE,WAS,279.25,32.51,246.0,359.0,2026-08-21
Roman Wilson,WR,PIT,279.64,43.29,221.0,341.0,2026-08-21
Will Shipley,RB,PHI,280.0,19.24,216.0,321.0,2026-08-21
KaVontae Turpin,WR,DAL,280.31,38.92,225.0,360.0,2026-08-21
Cash Jones,RB,ATL,280.33,33.92,240.0,323.0,2026-08-21
Raheim Sanders,RB,CLE,280.63,29.53,216.0,324.0,2026-08-21
Kevin Coleman Jr.,WR,MIA,280.71,36.31,219.0,349.0,2026-08-21
Joshua Palmer,WR,BUF,280.83,31.83,206.0,339.0,2026-08-21
Kalif Raymond,WR,CHI,280.93,33.1,222.0,335.0,2026-08-21
Terrace Marshall Jr.,WR,MIA,281.0,0.0,281.0,281.0,2026-08-21
Kye Robichaux,RB,DET,281.0,0.0,281.0,281.0,2026-08-21
Tyler Goodson,RB,ATL,281.5,28.47,236.0,314.0,2026-08-21
Cedrick Wilson Jr.,WR,DET,282.0,29.0,253.0,311.0,2026-08-21
Barion Brown,WR,NO,282.0,32.45,236.0,328.0,2026-08-21
Luke McCaffrey,WR,WAS,282.27,28.4,242.0,344.0,2026-08-21
Ashton Dulin,WR,IND,282.5,19.94,254.0,323.0,2026-08-21
Hunter Luepke,RB,DAL,282.67,44.5,237.0,343.0,2026-08-21
Kareem Hunt,RB,FA,282.98,19.95,243.0,350.0,2026-08-21
Will Kacmarek,TE,MIA,283.0,3.0,280.0,286.0,2026-08-21
Erick All Jr.,TE,CIN,283.44,28.86,229.0,348.0,2026-08-21
Devontez Walker,WR,BAL,283.67,44.32,238.0,377.0,2026-08-21
Nick Westbrook-Ikhine,WR,IND,283.77,44.93,201.0,344.0,2026-08-21
Jalen Brooks,WR,ARI,284.0,0.0,284.0,284.0,2026-08-21
Reggie Virgil,WR,ARI,284.0,47.0,237.0,331.0,2026-08-21
Tutu Atwell,WR,MIA,284.31,41.19,205.0,352.0,2026-08-21
Tyler Higbee,TE,LAR,284.66,19.26,231.0,327.0,2026-08-21
Jaret Patterson,RB,LAC,285.0,32.0,253.0,317.0,2026-08-21
John Metchie III,WR,CAR,285.13,33.12,248.0,346.0,2026-08-21
Malik Benson,WR,LV,285.63,52.8,212.0,362.0,2026-08-21
Coleman Owen,WR,IND,286.0,0.0,286.0,286.0,2026-08-21
Treylon Burks,WR,WAS,286.36,34.25,205.0,340.0,2026-08-21
Eli Raridon,TE,NE,286.9,27.56,227.0,343.0,2026-08-21
Odell Beckham Jr.,WR,NYG,287.0,43.69,219.0,325.0,2026-08-21
Phil Mafah,RB,DAL,287.38,23.02,257.0,336.0,2026-08-21
Jam Miller,RB,NE,287.6,34.53,235.0,329.0,2026-08-21
Cole Kmet,TE,CHI,287.88,18.79,246.0,323.0,2026-08-21
Kalel Mullings,RB,TEN,288.0,0.0,288.0,288.0,2026-08-21
Jabari Small,RB,DET,288.0,0.0,288.0,288.0,2026-08-21
Sione Vaki,RB,DET,288.29,21.68,273.0,338.0,2026-08-21
Scotty Miller,WR,CHI,288.5,53.5,235.0,342.0,2026-08-21
Dont'e Thornton Jr.,WR,LV,288.93,27.97,248.0,341.0,2026-08-21
Dylan Laube,RB,LV,289.0,44.11,234.0,342.0,2026-08-21
Tommy Myers,TE,FA,289.17,41.86,227.0,354.0,2026-08-21
Michael Carter,RB,TEN,289.55,26.26,231.0,348.0,2026-08-21
Rasheen Ali,RB,BAL,289.71,23.98,261.0,339.0,2026-08-21
Noah Whittington,RB,HOU,290.0,52.0,238.0,342.0,2026-08-21
Jeshaun Jones,WR,MIN,290.0,0.0,290.0,290.0,2026-08-21
J'Mari Taylor,RB,JAC,290.31,23.05,251.0,337.0,2026-08-21
Frank Gore Jr.,RB,BUF,290.33,32.43,247.0,325.0,2026-08-21
Noah Gray,TE,KC,290.35,21.4,250.0,325.0,2026-08-21
Nathan Carter,RB,ATL,291.0,0.0,291.0,291.0,2026-08-21
Demarcus Robinson,WR,SF,291.3,36.69,239.0,344.0,2026-08-21
Ja'Tavion Sanders,TE,CAR,291.46,24.33,240.0,330.0,2026-08-21
Jordan Waters,RB,LAR,292.0,0.0,292.0,292.0,2026-08-21
Reggie Gilliam,RB,NE,292.0,40.42,248.0,347.0,2026-08-21
Ronnie Rivers,RB,LAR,292.5,31.15,246.0,326.0,2026-08-21
Max Klare,TE,LAR,293.06,19.05,257.0,333.0,2026-08-21
Jawhar Jordan,RB,HOU,293.11,33.25,225.0,340.0,2026-08-21
Zavier Scott,RB,MIN,293.4,24.68,257.0,333.0,2026-08-21
Dawson Knox,TE,BUF,293.69,25.56,244.0,346.0,2026-08-21
Jalen Reagor,WR,MIA,294.0,39.0,255.0,333.0,2026-08-21
Tyrod Taylor,QB,GB,294.0,0.0,294.0,294.0,2026-08-21
Tahj Washington,WR,MIA,294.0,0.0,294.0,294.0,2026-08-21
Robert Henry Jr.,RB,WAS,294.2,43.34,227.0,343.0,2026-08-21
Donovan Edwards,RB,MIA,294.33,38.06,244.0,336.0,2026-08-21
Nick Chubb,RB,FA,295.31,24.45,246.0,335.0,2026-08-21
Jahdae Walker,WR,CHI,296.33,19.33,269.0,310.0,2026-08-21
Marlin Klein,TE,HOU,296.5,10.06,286.0,313.0,2026-08-21
Justin Joly,TE,DEN,296.72,26.43,233.0,344.0,2026-08-21
Myles Montgomery,RB,FA,297.0,38.0,259.0,335.0,2026-08-21
Elijah Moore,WR,PHI,297.67,36.63,266.0,349.0,2026-08-21
Lew Nichols III,RB,PIT,298.0,0.0,298.0,298.0,2026-08-21
CJ Daniels,WR,LAR,298.27,30.99,241.0,347.0,2026-08-21
Savion Williams,WR,GB,298.28,26.19,262.0,370.0,2026-08-21
Zavion Thomas,WR,CHI,298.57,37.33,244.0,368.0,2026-08-21
Jaydn Ott,RB,KC,300.0,48.0,252.0,348.0,2026-08-21
Sincere McCormick,RB,SF,300.0,0.0,300.0,300.0,2026-08-21
Kevin Austin Jr.,WR,NO,301.0,0.0,301.0,301.0,2026-08-21
Chris Blair,WR,ATL,302.0,0.0,302.0,302.0,2026-08-21
Kendric Pryor,WR,CIN,302.0,0.0,302.0,302.0,2026-08-21
Van Jefferson,WR,WAS,302.33,21.79,274.0,327.0,2026-08-21
Jeremy Ruckert,TE,NYJ,303.0,36.0,267.0,339.0,2026-08-21
Albert Okwuegbunam Jr.,TE,LV,303.0,0.0,303.0,303.0,2026-08-21
Durham Smythe,TE,BAL,303.0,0.0,303.0,303.0,2026-08-21
Jaylin Lane,WR,WAS,303.65,25.78,265.0,344.0,2026-08-21
Miles Sanders,RB,FA,303.67,50.33,250.0,371.0,2026-08-21
Matt Hibner,TE,BAL,304.0,14.72,289.0,324.0,2026-08-21
Roschon Johnson,RB,CHI,304.11,21.21,264.0,331.0,2026-08-21
Juice Wells Jr.,WR,ATL,304.33,62.54,230.0,383.0,2026-08-21
Noah Fant,TE,NO,305.0,21.02,255.0,331.0,2026-08-21
Theo Wease Jr.,WR,MIA,305.33,33.21,267.0,348.0,2026-08-21
Mo Alie-Cox,TE,IND,305.5,15.5,290.0,321.0,2026-08-21
Greg Dortch,WR,DET,305.67,36.34,237.0,345.0,2026-08-21
Colbie Young,WR,CIN,306.17,26.92,260.0,336.0,2026-08-21
Tai Felton,WR,MIN,306.2,40.69,264.0,381.0,2026-08-21
Jonnu Smith,TE,FA,306.4,28.75,282.0,357.0,2026-08-21
Jared Wayne,WR,HOU,307.0,0.0,307.0,307.0,2026-08-21
Terrell Jennings,RB,FA,307.2,23.68,280.0,339.0,2026-08-21
Tommy Tremble,TE,CAR,307.21,27.3,260.0,350.0,2026-08-21
Maurice Alexander,WR,CHI,308.0,0.0,308.0,308.0,2026-08-21
Jimmy Horn Jr.,WR,CAR,308.0,0.0,308.0,308.0,2026-08-21
Jacob Cowing,WR,SF,308.75,52.23,232.0,375.0,2026-08-21
Michael Woods II,WR,DEN,309.0,18.0,291.0,327.0,2026-08-21
Austin Ekeler,RB,FA,309.0,25.46,268.0,346.0,2026-08-21
Julian Fleming,WR,FA,309.0,0.0,309.0,309.0,2026-08-21
Travis Homer,RB,PIT,309.0,13.0,296.0,322.0,2026-08-21
Tim Patrick,WR,NYJ,309.5,20.72,282.0,331.0,2026-08-21
Xavier Restrepo,WR,TEN,309.5,24.06,293.0,351.0,2026-08-21
Josh Oliver,TE,MIN,309.67,13.2,291.0,319.0,2026-08-21
Jordan Whittington,WR,LAR,309.9,32.16,265.0,369.0,2026-08-21
Diontae Johnson,WR,FA,310.0,0.0,310.0,310.0,2026-08-21
Austin Hooper,TE,ATL,310.13,23.67,277.0,344.0,2026-08-21
Daniel Bellinger,TE,TEN,310.25,25.64,274.0,346.0,2026-08-21
Miles Davis,RB,CAR,310.5,41.16,249.0,348.0,2026-08-21
Ben Sinnott,TE,WAS,310.91,15.6,278.0,336.0,2026-08-21
Tanner Koziol,TE,JAC,311.8,26.86,277.0,345.0,2026-08-21
Jacardia Wright,RB,SEA,312.0,0.0,312.0,312.0,2026-08-21
Taysom Hill,TE,FA,312.33,39.51,275.0,367.0,2026-08-21
Kenny McIntosh,RB,FA,314.0,0.0,314.0,314.0,2026-08-21
Luke Musgrave,TE,GB,314.14,23.1,257.0,347.0,2026-08-21
Dameon Pierce,RB,PHI,314.29,23.37,277.0,341.0,2026-08-21
Zach Ertz,TE,FA,315.83,27.01,285.0,353.0,2026-08-21
Drew Sample,TE,CIN,316.5,20.5,296.0,337.0,2026-08-21
Tyler Badie,RB,DEN,317.0,0.0,317.0,317.0,2026-08-21
Tyler Scott,WR,LAR,317.0,0.0,317.0,317.0,2026-08-21
Mitchell Evans,TE,CAR,317.07,21.79,274.0,350.0,2026-08-21
Jordan Watkins,WR,SF,318.0,25.0,293.0,343.0,2026-08-21
Sam Roush,TE,CHI,318.0,17.15,297.0,339.0,2026-08-21
British Brooks,RB,HOU,318.0,0.0,318.0,318.0,2026-08-21
Adam Trautman,TE,DEN,318.25,21.79,286.0,345.0,2026-08-21
Nate Boerkircher,TE,JAC,318.5,18.45,293.0,345.0,2026-08-21
Jared Wiley,TE,KC,319.0,0.0,319.0,319.0,2026-08-21
Tyler Lockett,WR,LV,319.67,20.24,293.0,342.0,2026-08-21
Ameer Abdullah,RB,JAC,320.0,0.0,320.0,320.0,2026-08-21
Damien Martinez,RB,GB,320.5,16.99,298.0,341.0,2026-08-21
Zamir White,RB,SF,321.0,0.0,321.0,321.0,2026-08-21
Myles Price,WR,MIN,322.0,0.0,322.0,322.0,2026-08-21
Montorie Foster Jr.,WR,SEA,323.0,0.0,323.0,323.0,2026-08-21
Deion Burks,WR,IND,323.43,30.38,285.0,379.0,2026-08-21
Jelani Woods,TE,NYJ,324.0,0.0,324.0,324.0,2026-08-21
Nate Adkins,TE,DEN,324.0,0.0,324.0,324.0,2026-08-21
Anderson Castle,RB,IND,324.0,0.0,324.0,324.0,2026-08-21
DeAndre Hopkins,WR,BAL,324.25,37.15,272.0,376.0,2026-08-21
Jackson Hawes,TE,BUF,325.0,20.45,288.0,350.0,2026-08-21
Luke Schoonmaker,TE,DAL,325.6,18.1,294.0,347.0,2026-08-21
Moliki Matavao,TE,NO,326.0,0.0,326.0,326.0,2026-08-21
JuJu Smith-Schuster,WR,FA,326.5,1.5,325.0,328.0,2026-08-21
Elijah Mitchell,RB,FA,326.67,55.82,251.0,384.0,2026-08-21
Elijah Higgins,TE,ARI,326.75,14.45,313.0,356.0,2026-08-21
K.J. Osborn,WR,TEN,327.0,0.0,327.0,327.0,2026-08-21
Laquon Treadwell,WR,IND,327.0,0.0,327.0,327.0,2026-08-21
Tyler Conklin,TE,DET,328.33,9.67,321.0,342.0,2026-08-21
David Sills V,WR,TB,329.0,9.0,320.0,338.0,2026-08-21
Michael Burton,RB,CLE,329.0,0.0,329.0,329.0,2026-08-21
Dominic Lovett,WR,DET,330.0,0.0,330.0,330.0,2026-08-21
Josh Cameron,WR,JAC,331.0,13.0,318.0,344.0,2026-08-21
Miles Kitselman,TE,FA,331.0,0.0,331.0,331.0,2026-08-21
Cade Stover,TE,HOU,332.0,0.0,332.0,332.0,2026-08-21
Michael Trigg,TE,DAL,332.33,28.19,297.0,366.0,2026-08-21
Marquez Valdes-Scantling,WR,DAL,332.5,16.52,312.0,358.0,2026-08-21
Antonio Gibson,RB,FA,333.0,23.3,290.0,361.0,2026-08-21
Noah Brown,WR,LV,333.0,0.0,333.0,333.0,2026-08-21
Michael Wortham,WR,JAC,333.0,0.0,333.0,333.0,2026-08-21
Kendrick Law,WR,DET,333.5,9.5,324.0,343.0,2026-08-21
Lil'Jordan Humphrey,WR,DEN,334.0,4.0,330.0,338.0,2026-08-21
Velus Jones Jr.,WR,SEA,335.0,0.0,335.0,335.0,2026-08-21
Kaden Wetjen,WR,PIT,335.0,0.0,335.0,335.0,2026-08-21
Michael Briscoe,WR,MIN,336.0,0.0,336.0,336.0,2026-08-21
Mecole Hardman Jr.,WR,BUF,337.0,0.0,337.0,337.0,2026-08-21
Dyami Brown,WR,WAS,337.88,21.88,307.0,380.0,2026-08-21
Eric Gray,RB,NYG,338.0,0.0,338.0,338.0,2026-08-21
Dean Connors,RB,LAR,338.0,0.0,338.0,338.0,2026-08-21
DeeJay Dallas,RB,JAC,341.0,0.0,341.0,341.0,2026-08-21
Jermar Jefferson,RB,MIN,341.0,0.0,341.0,341.0,2026-08-21
Gary Brightwell,RB,CIN,342.0,0.0,342.0,342.0,2026-08-21
KeAndre Lambert-Smith,WR,LAC,342.0,0.0,342.0,342.0,2026-08-21
Salvon Ahmed,RB,CHI,343.0,0.0,343.0,343.0,2026-08-21
Anthony Hankerson,RB,SEA,344.0,0.0,344.0,344.0,2026-08-21
Foster Moreau,TE,HOU,345.0,0.0,345.0,345.0,2026-08-21
Justin Watson,WR,HOU,346.0,0.0,346.0,346.0,2026-08-21
Patrick Taylor Jr.,RB,SF,346.0,0.0,346.0,346.0,2026-08-21
Josh Whyle,TE,GB,347.0,0.0,347.0,347.0,2026-08-21
Khalil Dinkins,TE,FA,347.0,0.0,347.0,347.0,2026-08-21
Ian Thomas,TE,LV,349.0,0.0,349.0,349.0,2026-08-21
Will Dissly,TE,FA,355.0,0.0,355.0,355.0,2026-08-21
Jermaine Burton,WR,FA,358.0,24.0,334.0,382.0,2026-08-21
Gus Edwards,RB,FA,363.0,0.0,363.0,363.0,2026-08-21
Cam Akers,RB,FA,364.0,0.0,364.0,364.0,2026-08-21
Thomas Fidone II,TE,NYG,373.0,0.0,373.0,373.0,2026-08-21
Curtis Samuel,WR,FA,374.0,0.0,374.0,374.0,2026-08-21
Gabe Davis,WR,FA,378.0,0.0,378.0,378.0,2026-08-21
Trey Sermon,RB,ATL,385.0,0.0,385.0,385.0,2026-08-21
Ja'Quinden Jackson,RB,PHI,386.0,0.0,386.0,386.0,2026-08-21
Josh Allen,QB,BUF,1.04,0.19,1.0,2.0,2026-08-14
Lamar Jackson,QB,BAL,2.61,1.06,1.0,7.0,2026-08-14
Drake Maye,QB,NE,4.28,4.66,2.0,41.0,2026-08-14
Joe Burrow,QB,CIN,5.12,3.22,2.0,26.0,2026-08-14
Jayden Daniels,QB,WAS,6.65,6.73,2.0,55.0,2026-08-14
Jalen Hurts,QB,PHI,7.18,3.49,2.0,24.0,2026-08-14
Ja'Marr Chase,WR,CIN,7.38,2.28,5.0,12.0,2026-08-14
Jahmyr Gibbs,RB,DET,10.51,2.66,2.0,15.0,2026-08-14
Caleb Williams,QB,CHI,10.9,7.24,4.0,62.0,2026-08-14
Puka Nacua,WR,LAR,11.07,3.06,6.0,23.0,2026-08-14
Bijan Robinson,RB,ATL,11.48,3.63,3.0,37.0,2026-08-14
Justin Herbert,QB,LAC,11.8,8.13,4.0,73.0,2026-08-14
Jaxon Smith-Njigba,WR,SEA,13.12,4.55,6.0,41.0,2026-08-14
Amon-Ra St. Brown,WR,DET,13.93,2.53,8.0,21.0,2026-08-14
Dak Prescott,QB,DAL,17.1,13.24,4.0,119.0,2026-08-14
Trevor Lawrence,QB,JAC,17.18,11.49,7.0,106.0,2026-08-14
Christian McCaffrey,RB,SF,19.6,8.54,10.0,46.0,2026-08-14
CeeDee Lamb,WR,DAL,20.62,3.96,14.0,44.0,2026-08-14
Justin Jefferson,WR,MIN,22.04,5.46,14.0,50.0,2026-08-14
Brock Purdy,QB,SF,23.66,7.7,11.0,56.0,2026-08-14
Jonathan Taylor,RB,IND,24.51,8.32,13.0,48.0,2026-08-14
Jaxson Dart,QB,NYG,24.61,13.92,8.0,98.0,2026-08-14
Drake London,WR,ATL,25.41,5.98,12.0,47.0,2026-08-14
Bo Nix,QB,DEN,27.05,9.46,9.0,56.0,2026-08-14
A.J. Brown,WR,NE,28.06,8.09,14.0,62.0,2026-08-14
Patrick Mahomes II,QB,KC,28.87,17.2,8.0,161.0,2026-08-14
Nico Collins,WR,HOU,30.76,6.51,23.0,53.0,2026-08-14
Ashton Jeanty,RB,LV,31.63,8.46,15.0,55.0,2026-08-14
Chase Brown,RB,CIN,32.06,8.38,15.0,51.0,2026-08-14
James Cook III,RB,BUF,32.95,10.36,13.0,58.0,2026-08-14
Jared Goff,QB,DET,33.09,8.58,8.0,50.0,2026-08-14
Matthew Stafford,QB,LAR,33.57,19.9,8.0,163.0,2026-08-14
Trey McBride,TE,ARI,35.01,7.23,22.0,62.0,2026-08-14
George Pickens,WR,DAL,35.68,8.33,23.0,72.0,2026-08-14
Chris Olave,WR,NO,35.84,9.94,23.0,73.0,2026-08-14
De'Von Achane,RB,MIA,36.59,8.19,22.0,65.0,2026-08-14
Brock Bowers,TE,LV,37.11,5.53,20.0,60.0,2026-08-14
Rashee Rice,WR,KC,38.16,10.86,14.0,68.0,2026-08-14
Kyler Murray,QB,MIN,38.54,11.49,17.0,66.0,2026-08-14
DeVonta Smith,WR,PHI,39.65,8.85,23.0,68.0,2026-08-14
Saquon Barkley,RB,PHI,41.72,8.04,22.0,66.0,2026-08-14
Omarion Hampton,RB,LAC,41.89,7.92,23.0,62.0,2026-08-14
Baker Mayfield,QB,TB,44.34,10.42,18.0,60.0,2026-08-14
Malik Nabers,WR,NYG,44.7,12.41,20.0,80.0,2026-08-14
Kenneth Walker III,RB,KC,45.37,10.17,26.0,86.0,2026-08-14
Zay Flowers,WR,BAL,45.79,8.97,24.0,71.0,2026-08-14
Jordan Love,QB,GB,46.95,17.27,18.0,167.0,2026-08-14
Garrett Wilson,WR,NYJ,46.96,8.2,28.0,65.0,2026-08-14
Tyler Shough,QB,NO,50.17,21.13,19.0,175.0,2026-08-14
Tetairoa McMillan,WR,CAR,50.18,8.4,27.0,72.0,2026-08-14
Tee Higgins,WR,CIN,51.39,8.87,30.0,73.0,2026-08-14
Ladd McConkey,WR,LAC,52.3,8.34,27.0,69.0,2026-08-14
Malik Willis,QB,MIA,54.04,17.66,21.0,177.0,2026-08-14
Derrick Henry,RB,BAL,54.29,10.43,28.0,77.0,2026-08-14
Emeka Egbuka,WR,TB,54.84,9.35,21.0,72.0,2026-08-14
Colston Loveland,TE,CHI,54.94,16.66,35.0,115.0,2026-08-14
Jeremiyah Love,RB,ARI,55.0,9.28,38.0,85.0,2026-08-14
Jaylen Waddle,WR,DEN,55.41,8.86,34.0,80.0,2026-08-14
Breece Hall,RB,NYJ,58.21,8.36,44.0,88.0,2026-08-14
Kyren Williams,RB,LAR,59.98,8.71,40.0,77.0,2026-08-14
C.J. Stroud,QB,HOU,61.33,10.8,22.0,87.0,2026-08-14
Josh Jacobs,RB,GB,62.82,9.33,42.0,81.0,2026-08-14
Terry McLaurin,WR,WAS,63.06,7.86,43.0,89.0,2026-08-14
Sam Darnold,QB,SEA,64.42,15.51,22.0,179.0,2026-08-14
Javonte Williams,RB,DAL,64.59,7.86,46.0,80.0,2026-08-14
Luther Burden III,WR,CHI,65.48,8.99,44.0,101.0,2026-08-14
Cam Ward,QB,TEN,69.13,13.19,33.0,156.0,2026-08-14
Daniel Jones,QB,IND,70.23,19.4,27.0,182.0,2026-08-14
Travis Etienne Jr.,RB,NO,70.54,9.91,46.0,93.0,2026-08-14
Davante Adams,WR,LAR,70.59,9.41,48.0,99.0,2026-08-14
DJ Moore,WR,BUF,71.7,10.73,39.0,96.0,2026-08-14
Tyler Warren,TE,IND,73.49,12.11,39.0,106.0,2026-08-14
Mike Evans,WR,SF,74.59,9.49,52.0,101.0,2026-08-14
Bryce Young,QB,CAR,75.13,10.47,32.0,127.0,2026-08-14
Cam Skattebo,RB,NYG,75.32,10.12,46.0,104.0,2026-08-14
Jameson Williams,WR,DET,76.11,10.36,57.0,117.0,2026-08-14
Christian Watson,WR,GB,76.59,11.97,57.0,128.0,2026-08-14
Bucky Irving,RB,TB,78.27,8.23,48.0,96.0,2026-08-14
Rome Odunze,WR,CHI,79.15,8.89,56.0,106.0,2026-08-14
D'Andre Swift,RB,CHI,80.06,7.83,58.0,99.0,2026-08-14
Quinshon Judkins,RB,CLE,81.15,8.99,54.0,98.0,2026-08-14
David Montgomery,RB,HOU,81.82,9.78,54.0,103.0,2026-08-14
TreVeyon Henderson,RB,NE,84.3,10.09,58.0,108.0,2026-08-14
Jacoby Brissett,QB,ARI,84.8,15.92,27.0,140.0,2026-08-14
Carnell Tate,WR,TEN,85.0,17.47,62.0,180.0,2026-08-14
Parker Washington,WR,JAC,88.62,16.7,56.0,137.0,2026-08-14
Marvin Harrison Jr.,WR,ARI,89.46,11.53,60.0,117.0,2026-08-14
Bhayshul Tuten,RB,JAC,90.13,10.27,65.0,115.0,2026-08-14
Tucker Kraft,TE,GB,92.73,12.56,47.0,125.0,2026-08-14
Jadarian Price,RB,SEA,95.31,8.53,63.0,108.0,2026-08-14
Jaylen Warren,RB,PIT,95.37,6.9,79.0,119.0,2026-08-14
Aaron Rodgers,QB,PIT,95.4,21.7,30.0,176.0,2026-08-14
Harold Fannin Jr.,TE,CLE,95.73,14.55,47.0,177.0,2026-08-14
Brian Thomas Jr.,WR,JAC,96.82,11.87,68.0,127.0,2026-08-14
DK Metcalf,WR,PIT,97.22,11.9,64.0,123.0,2026-08-14
Geno Smith,QB,NYJ,98.1,20.6,30.0,171.0,2026-08-14
Tony Pollard,RB,TEN,100.22,8.45,71.0,119.0,2026-08-14
Chris Godwin Jr.,WR,TB,100.72,11.77,71.0,135.0,2026-08-14
Sam LaPorta,TE,DET,101.17,9.98,68.0,115.0,2026-08-14
Rhamondre Stevenson,RB,NE,101.3,8.07,73.0,120.0,2026-08-14
Michael Pittman Jr.,WR,PIT,101.54,13.4,57.0,132.0,2026-08-14
Kyle Pitts Sr.,TE,ATL,101.68,8.89,86.0,130.0,2026-08-14
Jordyn Tyson,WR,NO,102.82,15.76,65.0,169.0,2026-08-14
Josh Downs,WR,IND,103.15,11.58,63.0,128.0,2026-08-14
Courtland Sutton,WR,DEN,103.34,12.34,75.0,132.0,2026-08-14
Chuba Hubbard,RB,CAR,104.99,10.82,75.0,135.0,2026-08-14
Wan'Dale Robinson,WR,TEN,105.9,12.85,68.0,144.0,2026-08-14
Rico Dowdle,RB,PIT,106.84,10.48,88.0,146.0,2026-08-14
Michael Wilson,WR,ARI,108.09,14.02,70.0,147.0,2026-08-14
Alec Pierce,WR,IND,108.32,17.3,66.0,160.0,2026-08-14
RJ Harvey,RB,DEN,110.28,14.09,82.0,144.0,2026-08-14
Travis Kelce,TE,KC,114.61,11.82,89.0,148.0,2026-08-14
Quentin Johnston,WR,LAC,117.21,13.2,72.0,143.0,2026-08-14
Kenny Gainwell,RB,TB,117.35,12.12,97.0,162.0,2026-08-14
J.K. Dobbins,RB,DEN,117.37,14.25,92.0,179.0,2026-08-14
Jakobi Meyers,WR,JAC,117.65,14.99,75.0,158.0,2026-08-14
Makai Lemon,WR,PHI,117.95,13.2,90.0,146.0,2026-08-14
Fernando Mendoza,QB,LV,118.53,31.81,36.0,182.0,2026-08-14
George Kittle,TE,SF,120.05,15.44,87.0,195.0,2026-08-14
Jonathon Brooks,RB,CAR,120.35,23.65,90.0,218.0,2026-08-14
Kyle Monangai,RB,CHI,121.68,10.51,97.0,150.0,2026-08-14
Rachaad White,RB,WAS,122.8,12.22,89.0,149.0,2026-08-14
Jordan Addison,WR,MIN,122.89,12.07,89.0,157.0,2026-08-14
Jayden Reed,WR,GB,123.48,11.47,88.0,157.0,2026-08-14
Stefon Diggs,WR,WAS,125.26,30.43,68.0,203.0,2026-08-14
Tua Tagovailoa,QB,ATL,126.23,28.88,34.0,182.0,2026-08-14
Jake Ferguson,TE,DAL,126.63,12.58,93.0,160.0,2026-08-14
Blake Corum,RB,LAR,126.79,11.33,103.0,154.0,2026-08-14
Aaron Jones Sr.,RB,MIN,127.07,11.1,97.0,150.0,2026-08-14
Dalton Kincaid,TE,BUF,128.48,12.0,99.0,161.0,2026-08-14
Isaiah Likely,TE,NYG,129.17,19.97,98.0,209.0,2026-08-14
Jacory Croskey-Merritt,RB,WAS,131.93,11.05,93.0,152.0,2026-08-14
Khalil Shakir,WR,BUF,132.48,13.61,102.0,174.0,2026-08-14
Dallas Goedert,TE,PHI,133.78,13.31,104.0,164.0,2026-08-14
Jordan Mason,RB,MIN,134.11,11.71,98.0,155.0,2026-08-14
Jayden Higgins,WR,HOU,134.52,11.35,112.0,178.0,2026-08-14
Jalen Coker,WR,CAR,136.49,11.68,109.0,167.0,2026-08-14
Jalen Milroe,QB,SEA,137.0,0.0,137.0,137.0,2026-08-14
Mark Andrews,TE,BAL,137.09,15.65,108.0,173.0,2026-08-14
Xavier Worthy,WR,KC,137.35,11.7,97.0,182.0,2026-08-14
Romeo Doubs,WR,NE,139.57,12.09,112.0,173.0,2026-08-14
KC Concepcion,WR,CLE,141.04,22.44,108.0,265.0,2026-08-14
Matthew Golden,WR,GB,141.24,13.99,100.0,182.0,2026-08-14
Tyrone Tracy Jr.,RB,NYG,141.85,10.0,114.0,177.0,2026-08-14
Anthony Richardson Sr.,QB,IND,148.0,39.0,93.0,179.0,2026-08-14
Tyler Allgeier,RB,ARI,148.73,9.75,126.0,168.0,2026-08-14
Deebo Samuel Sr.,WR,SF,148.75,26.58,108.0,219.0,2026-08-14
Woody Marks,RB,HOU,149.16,10.8,116.0,179.0,2026-08-14
Chris Rodriguez Jr.,RB,JAC,150.87,14.92,131.0,235.0,2026-08-14
Juwan Johnson,TE,NO,151.37,15.88,120.0,197.0,2026-08-14
Zach Charbonnet,RB,SEA,151.68,14.61,118.0,222.0,2026-08-14
Tyjae Spears,RB,TEN,153.01,13.76,120.0,208.0,2026-08-14
Rashid Shaheed,WR,SEA,153.95,11.33,129.0,191.0,2026-08-14
Alvin Kamara,RB,NO,155.33,12.55,120.0,195.0,2026-08-14
Michael Penix Jr.,QB,ATL,156.06,33.23,66.0,266.0,2026-08-14
Dylan Sampson,RB,CLE,156.44,12.85,113.0,195.0,2026-08-14
Isiah Pacheco,RB,DET,156.91,10.25,114.0,184.0,2026-08-14
Chig Okonkwo,TE,WAS,157.5,18.61,121.0,209.0,2026-08-14
Kirk Cousins,QB,LV,157.92,37.02,38.0,275.0,2026-08-14
Keaton Mitchell,RB,LAC,160.4,19.93,132.0,246.0,2026-08-14
Deshaun Watson,QB,CLE,160.48,35.59,35.0,280.0,2026-08-14
Brenton Strange,TE,JAC,161.26,18.53,125.0,215.0,2026-08-14
Jauan Jennings,WR,MIN,161.78,19.92,112.0,250.0,2026-08-14
Denzel Boston,WR,CLE,162.62,23.57,122.0,271.0,2026-08-14
Shedeur Sanders,QB,CLE,162.63,35.2,39.0,276.0,2026-08-14
Jerry Jeudy,WR,CLE,163.82,17.02,128.0,241.0,2026-08-14
Justin Fields,QB,KC,167.8,77.29,86.0,293.0,2026-08-14
Hunter Henry,TE,NE,168.0,15.21,136.0,206.0,2026-08-14
Jonah Coleman,RB,DEN,168.57,23.37,143.0,286.0,2026-08-14
Omar Cooper Jr.,WR,NYJ,169.41,23.75,137.0,268.0,2026-08-14
Jalen McMillan,WR,TB,170.12,17.63,133.0,260.0,2026-08-14
J.J. McCarthy,QB,MIN,170.14,63.05,52.0,282.0,2026-08-14
Mac Jones,QB,SF,170.2,78.87,37.0,285.0,2026-08-14
Tank Bigsby,RB,PHI,170.33,16.66,139.0,214.0,2026-08-14
Brian Robinson Jr.,RB,ATL,171.26,15.06,127.0,216.0,2026-08-14
Adonai Mitchell,WR,NYJ,171.98,16.79,145.0,242.0,2026-08-14
Tre Tucker,WR,LV,172.15,20.02,123.0,262.0,2026-08-14
De'Zhaun Stribling,WR,SF,174.17,30.45,117.0,263.0,2026-08-14
Travis Hunter,WR,JAC,175.61,21.6,129.0,256.0,2026-08-14
Oronde Gadsden II,TE,LAC,176.49,23.4,115.0,223.0,2026-08-14
Dalton Schultz,TE,HOU,176.49,17.18,115.0,209.0,2026-08-14
Jake Browning,QB,TB,177.0,0.0,177.0,177.0,2026-08-14
Tre' Harris,WR,LAC,178.55,19.49,135.0,263.0,2026-08-14
Carson Beck,QB,ARI,179.4,57.62,40.0,296.0,2026-08-14
Braelon Allen,RB,NYJ,179.74,21.02,144.0,238.0,2026-08-14
Ryan Flournoy,WR,DAL,180.31,18.01,157.0,297.0,2026-08-14
Marcus Mariota,QB,WAS,181.0,3.0,178.0,184.0,2026-08-14
Ty Simpson,QB,LAR,182.5,1.5,181.0,184.0,2026-08-14
Will Howard,QB,PIT,184.0,0.0,184.0,184.0,2026-08-14
Jalen Nailor,WR,LV,185.25,28.6,135.0,272.0,2026-08-14
T.J. Hockenson,TE,MIN,185.59,14.46,136.0,223.0,2026-08-14
Ray Davis,RB,BUF,187.01,20.1,139.0,230.0,2026-08-14
Kayshon Boutte,WR,NE,188.3,17.44,160.0,248.0,2026-08-14
Kimani Vidal,RB,LAC,188.52,23.61,155.0,255.0,2026-08-14
James Conner,RB,ARI,189.12,27.44,138.0,284.0,2026-08-14
Dontayvion Wicks,WR,PHI,190.14,19.47,144.0,237.0,2026-08-14
Malik Washington,WR,MIA,190.18,24.86,137.0,258.0,2026-08-14
Sean Tucker,RB,TB,191.15,24.48,150.0,264.0,2026-08-14
Emmett Johnson,RB,KC,191.19,28.18,148.0,286.0,2026-08-14
Greg Dulcich,TE,MIA,191.49,32.64,128.0,271.0,2026-08-14
Troy Franklin,WR,DEN,192.77,25.75,144.0,292.0,2026-08-14
Calvin Ridley,WR,TEN,192.78,24.17,137.0,282.0,2026-08-14
Jaylin Noel,WR,HOU,193.11,19.12,149.0,269.0,2026-08-14
Pat Bryant,WR,DEN,193.48,20.58,147.0,247.0,2026-08-14
Mike Washington Jr.,RB,LV,195.71,23.2,152.0,274.0,2026-08-14
Darnell Mooney,WR,NYG,196.2,16.64,144.0,263.0,2026-08-14
AJ Barner,TE,SEA,196.54,15.73,155.0,233.0,2026-08-14
Isaac TeSlaa,WR,DET,197.05,16.64,167.0,248.0,2026-08-14
Emanuel Wilson,RB,SEA,197.15,24.04,152.0,253.0,2026-08-14
Tank Dell,WR,HOU,199.67,18.0,160.0,245.0,2026-08-14
Kenyon Sadiq,TE,NYJ,202.0,26.89,144.0,347.0,2026-08-14
Graig Cooper,RB,FA,202.0,0.0,202.0,202.0,2026-08-14
Nicholas Singleton,RB,TEN,202.49,29.78,145.0,287.0,2026-08-14
Cooper Kupp,WR,SEA,204.22,21.5,150.0,264.0,2026-08-14
Antonio Williams,WR,WAS,204.23,29.01,146.0,292.0,2026-08-14
Rashod Bateman,WR,BAL,204.49,19.65,169.0,263.0,2026-08-14
Gunnar Helm,TE,TEN,204.7,18.25,159.0,257.0,2026-08-14
MarShawn Lloyd,RB,GB,206.28,38.69,147.0,294.0,2026-08-14
Jaydon Blue,RB,DAL,208.29,34.18,152.0,292.0,2026-08-14
Kaytron Allen,RB,WAS,209.42,25.58,165.0,288.0,2026-08-14
Zachariah Branch,WR,ATL,210.94,22.54,158.0,279.0,2026-08-14
Jaylen Wright,RB,MIA,212.25,18.83,165.0,265.0,2026-08-14
Alec Ingold,RB,LAC,214.0,0.0,214.0,214.0,2026-08-14
Germie Bernard,WR,PIT,214.5,23.03,160.0,284.0,2026-08-14
Chimere Dike,WR,TEN,214.7,26.27,157.0,292.0,2026-08-14
Pat Freiermuth,TE,PIT,215.4,21.98,142.0,300.0,2026-08-14
Terrance Ferguson,TE,LAR,215.73,17.3,174.0,257.0,2026-08-14
Justice Hill,RB,BAL,216.62,27.74,154.0,276.0,2026-08-14
Joe Milton III,QB,DAL,218.33,54.22,179.0,295.0,2026-08-14
Cade Otton,TE,TB,218.65,15.42,166.0,257.0,2026-08-14
Jack Bech,WR,LV,220.3,20.49,178.0,295.0,2026-08-14
Ollie Gordon II,RB,MIA,220.95,17.46,174.0,270.0,2026-08-14
Elic Ayomanor,WR,TEN,222.25,26.91,171.0,305.0,2026-08-14
Keon Coleman,WR,BUF,222.35,24.81,149.0,295.0,2026-08-14
David Njoku,TE,LAC,223.94,16.69,169.0,265.0,2026-08-14
Patrick Ricard,RB,NYG,225.0,0.0,225.0,225.0,2026-08-14
Isaiah Davis,RB,NYJ,225.55,23.5,172.0,289.0,2026-08-14
Chris Bell,WR,MIA,225.71,22.79,176.0,277.0,2026-08-14
Evan Engram,TE,DEN,226.49,19.69,148.0,257.0,2026-08-14
Brandon Aiyuk,WR,SF,226.89,39.24,140.0,308.0,2026-08-14
Christian Kirk,WR,SF,227.13,22.36,169.0,288.0,2026-08-14
George Holani,RB,SEA,228.64,31.67,162.0,282.0,2026-08-14
Cyrus Allen,WR,KC,229.29,47.63,158.0,366.0,2026-08-14
Demond Claiborne,RB,MIN,229.48,25.86,176.0,314.0,2026-08-14
Ted Hurst III,WR,TB,230.22,27.44,172.0,311.0,2026-08-14
Ty Johnson,RB,BUF,230.36,26.7,162.0,326.0,2026-08-14
Tory Horton,WR,SEA,230.44,17.99,191.0,278.0,2026-08-14
Malachi Fields,WR,NYG,230.75,26.97,188.0,336.0,2026-08-14
Ja'Kobi Lane,WR,BAL,231.36,35.62,163.0,348.0,2026-08-14
Elijah Sarratt,WR,BAL,233.01,19.38,194.0,310.0,2026-08-14
Marvin Mims Jr.,WR,DEN,233.94,18.67,189.0,266.0,2026-08-14
Xavier Legette,WR,CAR,234.53,24.82,180.0,291.0,2026-08-14
Colby Parkinson,TE,LAR,235.05,17.08,191.0,313.0,2026-08-14
Tyreek Hill,WR,FA,235.76,32.22,143.0,300.0,2026-08-14
Caleb Douglas,WR,MIA,236.44,43.6,168.0,330.0,2026-08-14
LeQuint Allen Jr.,RB,JAC,237.44,21.35,172.0,290.0,2026-08-14
Chris Brooks,RB,GB,237.89,21.81,185.0,284.0,2026-08-14
Jordan James,RB,SF,238.18,32.38,154.0,338.0,2026-08-14
Trey Benson,RB,ARI,238.79,33.43,153.0,322.0,2026-08-14
DJ Giddens,RB,IND,239.68,19.97,180.0,293.0,2026-08-14
Darius Slayton,WR,NYG,240.08,22.33,190.0,316.0,2026-08-14
Tyquan Thornton,WR,KC,240.21,25.12,173.0,327.0,2026-08-14
Keenan Allen,WR,LAC,240.98,21.63,171.0,265.0,2026-08-14
Mike Gesicki,TE,CIN,241.49,21.72,206.0,313.0,2026-08-14
Samaje Perine,RB,CIN,241.81,30.62,163.0,344.0,2026-08-14
Kaelon Black,RB,SF,242.37,34.53,165.0,299.0,2026-08-14
Dohnte Meyers,WR,CIN,243.0,0.0,243.0,243.0,2026-08-14
Eli Stowers,TE,PHI,243.62,24.44,195.0,334.0,2026-08-14
Devaughn Vele,WR,NO,244.17,14.96,202.0,287.0,2026-08-14
Kyle Williams,WR,NE,244.28,24.87,187.0,299.0,2026-08-14
Kaleb Johnson,RB,PIT,244.63,27.71,154.0,304.0,2026-08-14
Mason Taylor,TE,NYJ,245.37,22.03,190.0,298.0,2026-08-14
Andrei Iosivas,WR,CIN,248.23,26.99,190.0,319.0,2026-08-14
Devin Neal,RB,NO,248.87,29.98,172.0,336.0,2026-08-14
Mack Hollins,WR,NE,249.37,28.69,195.0,343.0,2026-08-14
Brashard Smith,RB,KC,249.79,18.22,214.0,299.0,2026-08-14
Zack Moss,RB,FA,250.0,0.0,250.0,250.0,2026-08-14
Elijah Moore,WR,PHI,250.0,15.0,235.0,265.0,2026-08-14
Theo Johnson,TE,NYG,250.18,19.84,189.0,316.0,2026-08-14
Joe Flacco,QB,CIN,251.5,38.5,213.0,290.0,2026-08-14
Chris Brazzell II,WR,CAR,251.83,27.95,210.0,325.0,2026-08-14
Jake Tonges,TE,SF,252.48,27.47,147.0,306.0,2026-08-14
Malik Davis,RB,DAL,253.04,21.68,200.0,304.0,2026-08-14
Hollywood Brown,WR,PHI,253.13,20.69,192.0,332.0,2026-08-14
Skyler Bell,WR,BUF,255.77,29.05,188.0,341.0,2026-08-14
Diontae Johnson,WR,FA,256.0,54.0,202.0,310.0,2026-08-14
Najee Harris,RB,LAC,256.98,25.37,163.0,299.0,2026-08-14
Devin Singletary,RB,NYG,257.99,20.86,166.0,296.0,2026-08-14
Isaiah Williams,WR,NYJ,259.0,0.0,259.0,259.0,2026-08-14
Emari Demercado,RB,KC,259.11,27.1,166.0,314.0,2026-08-14
Kendre Miller,RB,NO,259.14,28.99,168.0,324.0,2026-08-14
Jerome Ford,RB,WAS,260.1,22.84,188.0,293.0,2026-08-14
Isaiah Bond,WR,CLE,260.15,24.66,210.0,343.0,2026-08-14
Jalen Tolbert,WR,MIA,260.37,36.06,186.0,328.0,2026-08-14
Adam Randall,RB,BAL,261.23,21.16,213.0,300.0,2026-08-14
Brandin Cooks,WR,FA,261.67,25.2,240.0,297.0,2026-08-14
Jakobie Keeney-James,WR,PIT,263.0,0.0,263.0,263.0,2026-08-14
Jaleel McLaughlin,RB,DEN,264.09,24.66,181.0,338.0,2026-08-14
Seth McGowan,RB,IND,264.52,21.14,217.0,304.0,2026-08-14
Jahan Dotson,WR,ATL,265.44,30.8,188.0,332.0,2026-08-14
Darnell Washington,TE,PIT,265.8,24.73,219.0,329.0,2026-08-14
Alexander Mattison,RB,FA,266.0,0.0,266.0,266.0,2026-08-14
Jeremy Ruckert,TE,NYJ,267.0,0.0,267.0,267.0,2026-08-14
Jarquez Hunter,RB,LAR,267.28,20.74,220.0,320.0,2026-08-14
Darren Waller,TE,CAR,268.73,42.22,204.0,336.0,2026-08-14
Bam Knight,RB,ARI,269.17,31.52,192.0,317.0,2026-08-14
Tommy Myers,TE,FA,269.25,51.46,228.0,354.0,2026-08-14
Tahj Brooks,RB,CIN,269.45,17.12,224.0,304.0,2026-08-14
Oscar Delp,TE,NO,269.9,29.98,227.0,330.0,2026-08-14
Konata Mumpfield,WR,LAR,270.2,25.43,222.0,326.0,2026-08-14
Raheem Mostert,RB,LV,270.5,8.5,262.0,279.0,2026-08-14
Brenen Thompson,WR,LAC,270.91,29.9,223.0,325.0,2026-08-14
Isaac Guerendo,RB,SF,271.4,23.25,200.0,321.0,2026-08-14
Jaheim Bell,TE,PIT,272.0,0.0,272.0,272.0,2026-08-14
Cedric Tillman,WR,CLE,272.38,27.58,216.0,342.0,2026-08-14
Audric Estime,RB,NO,272.45,20.76,221.0,320.0,2026-08-14
Bub Means,WR,NO,273.0,0.0,273.0,273.0,2026-08-14
Trevor Etienne,RB,CAR,273.68,16.44,225.0,317.0,2026-08-14
AJ Dillon,RB,CAR,274.0,0.0,274.0,274.0,2026-08-14
Xavier Restrepo,WR,TEN,274.0,33.14,217.0,299.0,2026-08-14
Eli Heidenreich,RB,PIT,274.08,28.14,225.0,323.0,2026-08-14
Kendrick Bourne,WR,ARI,274.09,43.23,199.0,373.0,2026-08-14
Tez Johnson,WR,TB,274.26,23.48,229.0,328.0,2026-08-14
Joe Mixon,RB,FA,274.85,29.87,166.0,322.0,2026-08-14
Luke McCaffrey,WR,WAS,275.05,23.66,229.0,335.0,2026-08-14
Elijah Arroyo,TE,SEA,275.1,23.81,222.0,326.0,2026-08-14
Ashton Dulin,WR,IND,275.88,18.35,245.0,301.0,2026-08-14
Adam Prentice,RB,DEN,276.0,0.0,276.0,276.0,2026-08-14
Joshua Palmer,WR,BUF,276.11,37.3,195.0,342.0,2026-08-14
Michael Mayer,TE,LV,277.1,23.54,233.0,327.0,2026-08-14
Will Kacmarek,TE,MIA,278.33,4.11,273.0,283.0,2026-08-14
Olamide Zaccheaus,WR,ATL,278.81,27.39,204.0,328.0,2026-08-14
Efton Chism III,WR,NE,279.0,0.0,279.0,279.0,2026-08-14
KaVontae Turpin,WR,DAL,280.07,39.65,225.0,361.0,2026-08-14
Kareem Hunt,RB,FA,280.23,19.19,231.0,351.0,2026-08-14
Ty Chandler,RB,NO,280.25,26.71,250.0,323.0,2026-08-14
Roman Wilson,WR,PIT,280.5,27.6,243.0,320.0,2026-08-14
Jalen Royals,WR,KC,280.5,19.34,243.0,328.0,2026-08-14
Calvin Austin III,WR,NYG,281.0,31.66,231.0,349.0,2026-08-14
Terrace Marshall Jr.,WR,MIA,281.0,0.0,281.0,281.0,2026-08-14
Phil Mafah,RB,DAL,281.77,30.07,223.0,337.0,2026-08-14
Tyler Higbee,TE,LAR,281.97,21.56,231.0,329.0,2026-08-14
DeMario Douglas,WR,NE,283.09,33.79,198.0,352.0,2026-08-14
Will Shipley,RB,PHI,283.32,18.95,228.0,318.0,2026-08-14
Ja'Tavion Sanders,TE,CAR,283.62,29.61,215.0,331.0,2026-08-14
Cole Kmet,TE,CHI,283.92,23.26,228.0,323.0,2026-08-14
Reggie Gilliam,RB,NE,284.0,16.0,268.0,300.0,2026-08-14
Max Klare,TE,LAR,285.22,20.43,250.0,327.0,2026-08-14
Coleman Owen,WR,IND,286.0,0.0,286.0,286.0,2026-08-14
Kevin Coleman Jr.,WR,MIA,286.29,38.62,222.0,350.0,2026-08-14
Raheim Sanders,RB,CLE,286.48,25.54,227.0,325.0,2026-08-14
Bryce Lance,WR,NO,287.12,25.91,236.0,336.0,2026-08-14
Treylon Burks,WR,WAS,287.22,32.63,188.0,341.0,2026-08-14
Khalil Herbert,RB,SF,287.75,22.59,260.0,320.0,2026-08-14
Charlie Kolar,TE,LAC,287.92,43.73,212.0,347.0,2026-08-14
Dont'e Thornton Jr.,WR,LV,288.0,30.44,242.0,341.0,2026-08-14
Xavier Smith,WR,LAR,288.0,37.74,256.0,341.0,2026-08-14
Anthony Gould,WR,IND,288.0,0.0,288.0,288.0,2026-08-14
Noah Gray,TE,KC,288.2,20.37,252.0,325.0,2026-08-14
Kalif Raymond,WR,CHI,288.43,31.87,242.0,337.0,2026-08-14
John Metchie III,WR,CAR,288.95,28.86,253.0,347.0,2026-08-14
Kalel Mullings,RB,TEN,289.0,0.0,289.0,289.0,2026-08-14
J'Mari Taylor,RB,JAC,289.31,18.49,267.0,335.0,2026-08-14
Malik Benson,WR,LV,289.75,57.23,209.0,363.0,2026-08-14
Jeshaun Jones,WR,MIN,290.0,0.0,290.0,290.0,2026-08-14
Greg Dortch,WR,DET,290.67,36.12,239.0,352.0,2026-08-14
Erick All Jr.,TE,CIN,290.96,25.0,227.0,342.0,2026-08-14
Hunter Luepke,RB,DAL,291.5,38.49,252.0,338.0,2026-08-14
Tutu Atwell,WR,MIA,291.57,32.17,224.0,353.0,2026-08-14
John Bates,TE,WAS,292.13,40.23,246.0,358.0,2026-08-14
Nick Chubb,RB,FA,293.11,25.38,246.0,335.0,2026-08-14
Dawson Knox,TE,BUF,293.42,24.38,246.0,347.0,2026-08-14
Kyle Juszczyk,RB,SF,293.5,35.81,216.0,322.0,2026-08-14
Tahj Washington,WR,MIA,294.0,0.0,294.0,294.0,2026-08-14
Jameis Winston,QB,NYG,294.0,0.0,294.0,294.0,2026-08-14
Nick Westbrook-Ikhine,WR,IND,294.14,34.5,230.0,345.0,2026-08-14
Michael Carter,RB,TEN,294.61,21.29,251.0,346.0,2026-08-14
Eli Raridon,TE,NE,294.79,30.61,240.0,374.0,2026-08-14
Jahdae Walker,WR,CHI,296.0,21.48,270.0,328.0,2026-08-14
Tyler Lockett,WR,LV,296.67,52.66,223.0,343.0,2026-08-14
Zamir White,RB,SF,297.5,24.5,273.0,322.0,2026-08-14
Xavier Hutchinson,WR,HOU,298.06,21.83,262.0,335.0,2026-08-14
Savion Williams,WR,GB,298.68,27.74,243.0,371.0,2026-08-14
Julian Fleming,WR,FA,299.0,0.0,299.0,299.0,2026-08-14
Jawhar Jordan,RB,HOU,300.48,24.1,259.0,340.0,2026-08-14
Van Jefferson,WR,WAS,300.5,30.5,270.0,331.0,2026-08-14
Kevin Austin Jr.,WR,NO,301.0,0.0,301.0,301.0,2026-08-14
Miles Sanders,RB,FA,301.33,53.67,242.0,372.0,2026-08-14
Zavion Thomas,WR,CHI,301.67,36.91,235.0,369.0,2026-08-14
Kendric Pryor,WR,CIN,302.0,0.0,302.0,302.0,2026-08-14
Justin Joly,TE,DEN,302.08,19.1,262.0,335.0,2026-08-14
Colbie Young,WR,CIN,302.2,27.14,269.0,337.0,2026-08-14
Odell Beckham Jr.,WR,NYG,302.33,22.31,272.0,325.0,2026-08-14
Demarcus Robinson,WR,SF,302.83,30.4,268.0,345.0,2026-08-14
Theo Wease Jr.,WR,MIA,303.0,34.22,267.0,349.0,2026-08-14
Mitch Tinsley,WR,CIN,303.0,38.29,253.0,351.0,2026-08-14
Nate Boerkircher,TE,JAC,303.0,0.0,303.0,303.0,2026-08-14
Sione Vaki,RB,DET,303.0,22.01,277.0,348.0,2026-08-14
Jaylin Lane,WR,WAS,303.14,25.51,265.0,352.0,2026-08-14
Jeremy McNichols,RB,WAS,303.5,36.44,229.0,344.0,2026-08-14
Dylan Laube,RB,LV,303.75,15.47,280.0,318.0,2026-08-14
Tommy Tremble,TE,CAR,303.81,25.39,254.0,342.0,2026-08-14
Lan Larison,RB,NE,304.0,0.0,304.0,304.0,2026-08-14
Donovan Edwards,RB,MIA,304.0,0.0,304.0,304.0,2026-08-14
Jaret Patterson,RB,LAC,304.0,0.0,304.0,304.0,2026-08-14
Max Bredeson,RB,MIN,304.0,45.0,259.0,349.0,2026-08-14
Rasheen Ali,RB,BAL,304.22,16.68,279.0,323.0,2026-08-14
Damien Martinez,RB,GB,304.22,28.01,249.0,342.0,2026-08-14
Noah Fant,TE,NO,304.25,24.6,251.0,342.0,2026-08-14
Jonnu Smith,TE,FA,304.33,35.19,250.0,357.0,2026-08-14
Tim Patrick,WR,NYJ,304.5,24.5,280.0,329.0,2026-08-14
Austin Hooper,TE,ATL,304.75,21.91,273.0,334.0,2026-08-14
Tai Felton,WR,MIN,304.75,50.15,244.0,382.0,2026-08-14
Jam Miller,RB,NE,305.78,26.74,252.0,343.0,2026-08-14
Devontez Walker,WR,BAL,306.08,36.42,254.0,378.0,2026-08-14
DeAndre Hopkins,WR,BAL,306.75,65.37,200.0,377.0,2026-08-14
Jared Wayne,WR,HOU,307.0,0.0,307.0,307.0,2026-08-14
Sam Roush,TE,CHI,307.0,0.0,307.0,307.0,2026-08-14
Terrell Jennings,RB,NE,307.71,19.89,283.0,340.0,2026-08-14
Jordan Whittington,WR,LAR,307.83,34.62,252.0,370.0,2026-08-14
Maurice Alexander,WR,CHI,308.0,0.0,308.0,308.0,2026-08-14
Sincere McCormick,RB,SF,308.0,41.0,267.0,349.0,2026-08-14
Jared Wiley,TE,KC,308.0,0.0,308.0,308.0,2026-08-14
Mo Alie-Cox,TE,IND,308.0,35.56,260.0,345.0,2026-08-14
Roschon Johnson,RB,CHI,308.33,21.9,280.0,340.0,2026-08-14
Ian Thomas,TE,LV,309.0,0.0,309.0,309.0,2026-08-14
CJ Daniels,WR,LAR,309.21,23.57,260.0,348.0,2026-08-14
Daniel Bellinger,TE,TEN,309.25,27.4,270.0,344.0,2026-08-14
Michael Woods II,WR,DEN,309.5,18.5,291.0,328.0,2026-08-14
Luke Musgrave,TE,GB,310.65,18.52,262.0,339.0,2026-08-14
Dameon Pierce,RB,PHI,311.0,19.37,277.0,341.0,2026-08-14
Zach Ertz,TE,FA,312.0,27.57,264.0,350.0,2026-08-14
Gabe Davis,WR,FA,313.0,66.0,247.0,379.0,2026-08-14
Ben Sinnott,TE,WAS,313.06,17.37,279.0,341.0,2026-08-14
Austin Ekeler,RB,FA,313.92,22.22,269.0,346.0,2026-08-14
Josh Oliver,TE,MIN,314.25,26.45,272.0,345.0,2026-08-14
Tyler Badie,RB,DEN,315.0,0.0,315.0,315.0,2026-08-14
Durham Smythe,TE,BAL,315.0,0.0,315.0,315.0,2026-08-14
Zavier Scott,RB,MIN,315.0,23.19,287.0,343.0,2026-08-14
Tyler Goodson,RB,ATL,315.8,21.31,292.0,349.0,2026-08-14
Matt Hibner,TE,BAL,316.0,0.0,316.0,316.0,2026-08-14
Deion Burks,WR,IND,316.1,31.84,263.0,380.0,2026-08-14
Mitchell Evans,TE,CAR,316.93,14.76,287.0,332.0,2026-08-14
Cam Akers,RB,FA,317.0,48.0,269.0,365.0,2026-08-14
Tyler Scott,WR,LAR,317.0,0.0,317.0,317.0,2026-08-14
JuJu Smith-Schuster,WR,NYG,318.0,8.0,310.0,326.0,2026-08-14
Miles Davis,RB,CAR,319.0,21.0,298.0,340.0,2026-08-14
Ronnie Rivers,RB,LAR,319.0,0.0,319.0,319.0,2026-08-14
Dyami Brown,WR,WAS,319.11,32.95,265.0,381.0,2026-08-14
Gus Edwards,RB,FA,319.5,44.5,275.0,364.0,2026-08-14
Marlin Klein,TE,HOU,320.0,22.2,297.0,350.0,2026-08-14
Tyler Conklin,TE,DET,320.0,0.0,320.0,320.0,2026-08-14
Taysom Hill,TE,FA,321.0,46.0,275.0,367.0,2026-08-14
Tanner Hudson,TE,CIN,322.0,0.0,322.0,322.0,2026-08-14
British Brooks,RB,HOU,322.0,0.0,322.0,322.0,2026-08-14
Noah Whittington,RB,HOU,322.0,0.0,322.0,322.0,2026-08-14
Frank Gore Jr.,RB,BUF,322.5,4.5,318.0,327.0,2026-08-14
Myles Price,WR,MIN,323.0,0.0,323.0,323.0,2026-08-14
Tanner Koziol,TE,JAC,323.2,7.83,311.0,334.0,2026-08-14
Adam Trautman,TE,DEN,323.2,27.47,273.0,346.0,2026-08-14
Montorie Foster Jr.,WR,SEA,324.0,0.0,324.0,324.0,2026-08-14
Jimmy Horn Jr.,WR,CAR,324.33,13.7,305.0,335.0,2026-08-14
Jaydn Ott,RB,KC,324.5,0.5,324.0,325.0,2026-08-14
Antonio Gibson,RB,FA,324.6,27.07,290.0,362.0,2026-08-14
Lil'Jordan Humphrey,WR,DEN,325.0,14.0,311.0,339.0,2026-08-14
Roman Hemby,RB,LV,325.0,0.0,325.0,325.0,2026-08-14
Nate Adkins,TE,DEN,325.0,0.0,325.0,325.0,2026-08-14
Jermaine Burton,WR,FA,325.33,50.99,259.0,383.0,2026-08-14
K.J. Osborn,WR,TEN,327.0,0.0,327.0,327.0,2026-08-14
Moliki Matavao,TE,NO,327.0,0.0,327.0,327.0,2026-08-14
Brock Wright,TE,DET,328.0,0.0,328.0,328.0,2026-08-14
Elijah Mitchell,RB,FA,329.33,53.02,258.0,385.0,2026-08-14
Myles Montgomery,RB,FA,329.5,6.5,323.0,336.0,2026-08-14
Isaiah Williams,WR,FA,330.0,0.0,330.0,330.0,2026-08-14
Michael Burton,RB,CLE,330.0,0.0,330.0,330.0,2026-08-14
Dominic Lovett,WR,DET,330.0,0.0,330.0,330.0,2026-08-14
Luke Schoonmaker,TE,DAL,330.0,4.32,324.0,334.0,2026-08-14
Elijah Higgins,TE,ARI,330.17,14.16,313.0,356.0,2026-08-14
Reggie Virgil,WR,ARI,331.0,0.0,331.0,331.0,2026-08-14
Jackson Hawes,TE,BUF,331.0,5.93,324.0,338.0,2026-08-14
Robert Henry Jr.,RB,WAS,331.5,8.38,323.0,343.0,2026-08-14
Miles Kitselman,TE,FA,332.0,0.0,332.0,332.0,2026-08-14
Marquez Valdes-Scantling,WR,DAL,332.0,16.75,313.0,359.0,2026-08-14
Cedrick Wilson Jr.,WR,DET,333.0,0.0,333.0,333.0,2026-08-14
Jalen Reagor,WR,MIA,333.0,0.0,333.0,333.0,2026-08-14
Cash Jones,RB,ATL,333.0,15.0,318.0,348.0,2026-08-14
Michael Briscoe,WR,MIN,337.0,0.0,337.0,337.0,2026-08-14
Mecole Hardman Jr.,WR,BUF,338.0,0.0,338.0,338.0,2026-08-14
Dean Connors,RB,LAR,338.0,0.0,338.0,338.0,2026-08-14
Drew Sample,TE,CIN,339.0,0.0,339.0,339.0,2026-08-14
Juice Wells Jr.,WR,ATL,340.0,44.0,296.0,384.0,2026-08-14
Jermar Jefferson,RB,MIN,340.0,0.0,340.0,340.0,2026-08-14
Scotty Miller,WR,CHI,341.0,0.0,341.0,341.0,2026-08-14
David Sills V,WR,TB,342.0,4.0,338.0,346.0,2026-08-14
Arian Smith,WR,NYJ,342.0,0.0,342.0,342.0,2026-08-14
Jordan Watkins,WR,SF,343.0,0.0,343.0,343.0,2026-08-14
Raheem Blackshear,RB,DET,344.0,0.0,344.0,344.0,2026-08-14
CJ Donaldson,RB,NO,344.0,0.0,344.0,344.0,2026-08-14
Kendrick Law,WR,DET,344.0,0.0,344.0,344.0,2026-08-14
Khalil Dinkins,TE,FA,348.0,0.0,348.0,348.0,2026-08-14
Dontae McMillan,RB,BAL,348.0,0.0,348.0,348.0,2026-08-14
Jack Stoll,TE,CLE,350.0,0.0,350.0,350.0,2026-08-14
Velus Jones Jr.,WR,SEA,351.0,0.0,351.0,351.0,2026-08-14
Dylan Drummond,WR,ATL,352.0,0.0,352.0,352.0,2026-08-14
Michael Trigg,TE,DAL,353.5,6.5,347.0,360.0,2026-08-14
Jacob Cowing,WR,SF,354.0,22.0,332.0,376.0,2026-08-14
Will Dissly,TE,FA,355.0,0.0,355.0,355.0,2026-08-14
Thomas Fidone II,TE,NYG,368.0,0.0,368.0,368.0,2026-08-14
Curtis Samuel,WR,FA,375.0,0.0,375.0,375.0,2026-08-14
Trey Sermon,RB,ATL,386.0,0.0,386.0,386.0,2026-08-14
Ja'Quinden Jackson,RB,PHI,387.0,0.0,387.0,387.0,2026-08-14
Josh Allen,QB,BUF,1.02,0.15,1.0,2.0,2026-08-07
Lamar Jackson,QB,BAL,2.53,1.06,1.0,8.0,2026-08-07
Drake Maye,QB,NE,3.54,1.08,2.0,7.0,2026-08-07
Joe Burrow,QB,CIN,5.16,2.75,2.0,19.0,2026-08-07
Jayden Daniels,QB,WAS,6.08,3.39,3.0,18.0,2026-08-07
Jalen Hurts,QB,PHI,7.02,2.96,2.0,17.0,2026-08-07
Ja'Marr Chase,WR,CIN,7.84,2.49,6.0,12.0,2026-08-07
Puka Nacua,WR,LAR,10.65,2.52,6.0,20.0,2026-08-07
Caleb Williams,QB,CHI,10.99,5.15,2.0,26.0,2026-08-07
Justin Herbert,QB,LAC,11.0,5.54,3.0,32.0,2026-08-07
Bijan Robinson,RB,ATL,11.24,2.56,3.0,25.0,2026-08-07
Jahmyr Gibbs,RB,DET,11.35,3.95,2.0,37.0,2026-08-07
Jaxon Smith-Njigba,WR,SEA,12.66,2.46,6.0,23.0,2026-08-07
Trevor Lawrence,QB,JAC,14.76,5.21,6.0,30.0,2026-08-07
Amon-Ra St. Brown,WR,DET,14.83,3.98,11.0,41.0,2026-08-07
Dak Prescott,QB,DAL,15.53,5.37,7.0,32.0,2026-08-07
Christian McCaffrey,RB,SF,18.77,8.26,10.0,46.0,2026-08-07
CeeDee Lamb,WR,DAL,20.75,4.23,14.0,46.0,2026-08-07
Jaxson Dart,QB,NYG,21.35,7.23,5.0,39.0,2026-08-07
Justin Jefferson,WR,MIN,21.35,5.12,12.0,47.0,2026-08-07
Brock Purdy,QB,SF,21.69,6.59,8.0,50.0,2026-08-07
Jonathan Taylor,RB,IND,24.83,7.84,15.0,48.0,2026-08-07
Drake London,WR,ATL,26.31,6.82,20.0,49.0,2026-08-07
Bo Nix,QB,DEN,26.49,7.21,14.0,50.0,2026-08-07
Patrick Mahomes II,QB,KC,26.95,6.11,15.0,41.0,2026-08-07
A.J. Brown,WR,NE,28.81,7.64,20.0,52.0,2026-08-07
Matthew Stafford,QB,LAR,30.67,9.57,8.0,55.0,2026-08-07
Ashton Jeanty,RB,LV,31.12,8.73,15.0,58.0,2026-08-07
Nico Collins,WR,HOU,31.13,6.97,24.0,56.0,2026-08-07
Chase Brown,RB,CIN,33.72,7.85,22.0,54.0,2026-08-07
Jared Goff,QB,DET,34.1,9.94,8.0,55.0,2026-08-07
James Cook III,RB,BUF,34.46,9.79,15.0,61.0,2026-08-07
Trey McBride,TE,ARI,34.86,6.04,25.0,54.0,2026-08-07
George Pickens,WR,DAL,34.93,7.19,21.0,57.0,2026-08-07
Rashee Rice,WR,KC,35.71,9.88,21.0,63.0,2026-08-07
De'Von Achane,RB,MIA,36.94,8.6,22.0,66.0,2026-08-07
Brock Bowers,TE,LV,37.11,4.39,23.0,51.0,2026-08-07
Chris Olave,WR,NO,37.47,9.35,23.0,68.0,2026-08-07
Kyler Murray,QB,MIN,38.07,10.99,13.0,64.0,2026-08-07
DeVonta Smith,WR,PHI,40.77,7.83,27.0,62.0,2026-08-07
Omarion Hampton,RB,LAC,41.23,8.6,23.0,67.0,2026-08-07
Saquon Barkley,RB,PHI,41.37,8.37,22.0,65.0,2026-08-07
Baker Mayfield,QB,TB,44.23,10.63,18.0,60.0,2026-08-07
Kenneth Walker III,RB,KC,45.8,9.18,27.0,74.0,2026-08-07
Jordan Love,QB,GB,46.06,10.04,19.0,64.0,2026-08-07
Zay Flowers,WR,BAL,46.76,11.25,24.0,69.0,2026-08-07
Tyler Shough,QB,NO,47.41,10.64,18.0,66.0,2026-08-07
Garrett Wilson,WR,NYJ,47.94,8.65,28.0,75.0,2026-08-07
Malik Nabers,WR,NYG,50.46,14.73,23.0,84.0,2026-08-07
Tetairoa McMillan,WR,CAR,50.52,9.87,28.0,72.0,2026-08-07
Tee Higgins,WR,CIN,52.33,8.85,35.0,73.0,2026-08-07
Ladd McConkey,WR,LAC,53.11,9.38,28.0,73.0,2026-08-07
Malik Willis,QB,MIA,53.61,13.29,18.0,94.0,2026-08-07
Colston Loveland,TE,CHI,54.01,14.38,39.0,104.0,2026-08-07
Jaylen Waddle,WR,DEN,54.92,9.84,34.0,82.0,2026-08-07
Derrick Henry,RB,BAL,55.04,10.54,22.0,72.0,2026-08-07
Jeremiyah Love,RB,ARI,55.24,9.0,44.0,79.0,2026-08-07
Emeka Egbuka,WR,TB,55.27,9.72,27.0,79.0,2026-08-07
Breece Hall,RB,NYJ,57.51,7.37,42.0,80.0,2026-08-07
Kyren Williams,RB,LAR,61.16,8.17,42.0,77.0,2026-08-07
Terry McLaurin,WR,WAS,62.45,8.12,44.0,82.0,2026-08-07
Sam Darnold,QB,SEA,62.76,6.99,25.0,76.0,2026-08-07
Josh Jacobs,RB,GB,62.78,9.77,42.0,85.0,2026-08-07
C.J. Stroud,QB,HOU,62.81,8.32,23.0,83.0,2026-08-07
Luther Burden III,WR,CHI,64.66,7.65,45.0,84.0,2026-08-07
Javonte Williams,RB,DAL,65.23,7.78,43.0,80.0,2026-08-07
Cam Ward,QB,TEN,68.05,8.42,33.0,92.0,2026-08-07
Daniel Jones,QB,IND,68.85,12.82,29.0,127.0,2026-08-07
Davante Adams,WR,LAR,68.98,8.45,52.0,95.0,2026-08-07
Travis Etienne Jr.,RB,NO,69.57,11.03,42.0,95.0,2026-08-07
Mike Evans,WR,SF,71.88,11.39,44.0,110.0,2026-08-07
DJ Moore,WR,BUF,73.46,13.18,35.0,116.0,2026-08-07
Bryce Young,QB,CAR,74.32,10.84,31.0,127.0,2026-08-07
Cam Skattebo,RB,NYG,74.34,9.53,54.0,98.0,2026-08-07
Tyler Warren,TE,IND,74.67,11.03,39.0,93.0,2026-08-07
Jameson Williams,WR,DET,75.86,9.29,59.0,110.0,2026-08-07
Christian Watson,WR,GB,78.13,11.57,57.0,124.0,2026-08-07
Rome Odunze,WR,CHI,79.9,10.16,59.0,114.0,2026-08-07
Bucky Irving,RB,TB,80.64,9.69,53.0,104.0,2026-08-07
D'Andre Swift,RB,CHI,80.71,6.96,65.0,98.0,2026-08-07
Quinshon Judkins,RB,CLE,81.41,8.03,57.0,99.0,2026-08-07
Jacoby Brissett,QB,ARI,82.69,16.49,27.0,127.0,2026-08-07
David Montgomery,RB,HOU,83.54,9.36,63.0,117.0,2026-08-07
TreVeyon Henderson,RB,NE,84.75,10.16,54.0,116.0,2026-08-07
Carnell Tate,WR,TEN,86.65,20.42,59.0,190.0,2026-08-07
Bhayshul Tuten,RB,JAC,90.27,12.29,67.0,139.0,2026-08-07
Marvin Harrison Jr.,WR,ARI,90.28,13.52,65.0,128.0,2026-08-07
Harold Fannin Jr.,TE,CLE,94.39,9.99,77.0,127.0,2026-08-07
Jaylen Warren,RB,PIT,95.07,6.83,79.0,116.0,2026-08-07
Tucker Kraft,TE,GB,95.18,11.56,47.0,126.0,2026-08-07
Jadarian Price,RB,SEA,96.28,7.72,74.0,111.0,2026-08-07
Brian Thomas Jr.,WR,JAC,96.64,12.65,69.0,133.0,2026-08-07
Aaron Rodgers,QB,PIT,97.03,25.23,29.0,177.0,2026-08-07
Geno Smith,QB,NYJ,97.62,21.26,30.0,171.0,2026-08-07
DK Metcalf,WR,PIT,97.7,11.37,72.0,123.0,2026-08-07
Parker Washington,WR,JAC,97.96,15.88,68.0,135.0,2026-08-07
Chris Godwin Jr.,WR,TB,98.63,12.17,59.0,123.0,2026-08-07
Kyle Pitts Sr.,TE,ATL,99.43,9.05,86.0,121.0,2026-08-07
Michael Pittman Jr.,WR,PIT,100.94,12.89,59.0,131.0,2026-08-07
Courtland Sutton,WR,DEN,101.02,13.27,69.0,128.0,2026-08-07
Alec Pierce,WR,IND,101.25,14.56,72.0,132.0,2026-08-07
Rhamondre Stevenson,RB,NE,101.88,8.39,80.0,131.0,2026-08-07
Tony Pollard,RB,TEN,102.58,8.28,85.0,130.0,2026-08-07
Sam LaPorta,TE,DET,103.87,9.84,78.0,121.0,2026-08-07
Chuba Hubbard,RB,CAR,104.54,11.82,78.0,141.0,2026-08-07
Wan'Dale Robinson,WR,TEN,105.45,14.42,63.0,144.0,2026-08-07
Josh Downs,WR,IND,105.93,14.73,72.0,140.0,2026-08-07
Jordyn Tyson,WR,NO,106.81,22.1,72.0,216.0,2026-08-07
Rico Dowdle,RB,PIT,106.86,10.22,88.0,138.0,2026-08-07
Michael Wilson,WR,ARI,107.43,12.39,76.0,139.0,2026-08-07
RJ Harvey,RB,DEN,111.47,16.02,81.0,153.0,2026-08-07
Travis Kelce,TE,KC,114.58,9.89,93.0,147.0,2026-08-07
Jakobi Meyers,WR,JAC,115.23,14.93,82.0,158.0,2026-08-07
Quentin Johnston,WR,LAC,116.57,12.41,84.0,144.0,2026-08-07
Kenny Gainwell,RB,TB,117.08,12.57,95.0,153.0,2026-08-07
J.K. Dobbins,RB,DEN,117.75,12.42,92.0,152.0,2026-08-07
Makai Lemon,WR,PHI,118.25,19.36,84.0,209.0,2026-08-07
Kyle Monangai,RB,CHI,120.2,9.89,98.0,145.0,2026-08-07
Fernando Mendoza,QB,LV,120.57,33.42,38.0,189.0,2026-08-07
Jordan Addison,WR,MIN,121.18,12.29,90.0,173.0,2026-08-07
Carson Beck,QB,ARI,121.2,71.76,36.0,213.0,2026-08-07
Rachaad White,RB,WAS,121.42,12.51,88.0,150.0,2026-08-07
George Kittle,TE,SF,122.07,13.37,97.0,161.0,2026-08-07
Jayden Reed,WR,GB,122.77,10.92,100.0,147.0,2026-08-07
Blake Corum,RB,LAR,124.54,10.06,103.0,152.0,2026-08-07
Jake Ferguson,TE,DAL,124.96,11.97,93.0,153.0,2026-08-07
Aaron Jones Sr.,RB,MIN,125.46,11.8,98.0,150.0,2026-08-07
Tua Tagovailoa,QB,ATL,127.34,30.57,34.0,184.0,2026-08-07
Dalton Kincaid,TE,BUF,128.41,12.55,109.0,164.0,2026-08-07
Jonathon Brooks,RB,CAR,129.17,29.97,88.0,307.0,2026-08-07
Jayden Higgins,WR,HOU,132.92,11.0,109.0,165.0,2026-08-07
Khalil Shakir,WR,BUF,134.17,11.89,106.0,166.0,2026-08-07
Dallas Goedert,TE,PHI,134.27,16.79,112.0,189.0,2026-08-07
Isaiah Likely,TE,NYG,134.47,24.55,106.0,225.0,2026-08-07
Xavier Worthy,WR,KC,134.93,11.02,106.0,167.0,2026-08-07
Jacory Croskey-Merritt,RB,WAS,135.67,8.97,111.0,156.0,2026-08-07
Jordan Mason,RB,MIN,136.49,11.29,108.0,164.0,2026-08-07
Mark Andrews,TE,BAL,137.08,15.97,110.0,191.0,2026-08-07
Jalen Coker,WR,CAR,139.61,11.78,114.0,180.0,2026-08-07
Romeo Doubs,WR,NE,139.8,11.89,110.0,175.0,2026-08-07
KC Concepcion,WR,CLE,143.07,27.17,101.0,265.0,2026-08-07
Tyrone Tracy Jr.,RB,NYG,143.94,8.63,118.0,169.0,2026-08-07
Matthew Golden,WR,GB,145.57,14.69,114.0,190.0,2026-08-07
Woody Marks,RB,HOU,148.19,11.67,116.0,186.0,2026-08-07
Tyler Allgeier,RB,ARI,149.59,12.27,119.0,193.0,2026-08-07
Stefon Diggs,WR,WAS,150.58,38.34,95.0,269.0,2026-08-07
Zach Charbonnet,RB,SEA,151.12,17.5,105.0,217.0,2026-08-07
Tyjae Spears,RB,TEN,151.31,11.74,120.0,188.0,2026-08-07
Chris Rodriguez Jr.,RB,JAC,151.96,13.37,130.0,199.0,2026-08-07
Alvin Kamara,RB,NO,152.89,12.55,116.0,185.0,2026-08-07
Deebo Samuel Sr.,WR,SF,153.36,27.72,98.0,218.0,2026-08-07
Michael Penix Jr.,QB,ATL,153.42,30.41,87.0,267.0,2026-08-07
Juwan Johnson,TE,NO,154.87,16.58,121.0,194.0,2026-08-07
Rashid Shaheed,WR,SEA,155.55,9.94,133.0,180.0,2026-08-07
Dylan Sampson,RB,CLE,156.0,10.38,138.0,202.0,2026-08-07
Kirk Cousins,QB,LV,156.21,38.52,36.0,277.0,2026-08-07
Deshaun Watson,QB,CLE,156.6,37.57,35.0,281.0,2026-08-07
Isiah Pacheco,RB,DET,157.13,10.14,131.0,198.0,2026-08-07
Chig Okonkwo,TE,WAS,158.24,21.57,120.0,230.0,2026-08-07
Jauan Jennings,WR,MIN,159.28,20.18,110.0,247.0,2026-08-07
Brenton Strange,TE,JAC,159.49,17.53,119.0,215.0,2026-08-07
Keaton Mitchell,RB,LAC,161.3,17.71,130.0,220.0,2026-08-07
Shedeur Sanders,QB,CLE,163.1,35.14,39.0,276.0,2026-08-07
Jerry Jeudy,WR,CLE,163.52,16.7,136.0,224.0,2026-08-07
Denzel Boston,WR,CLE,164.28,25.04,129.0,272.0,2026-08-07
Hunter Henry,TE,NE,166.01,16.98,121.0,212.0,2026-08-07
Omar Cooper Jr.,WR,NYJ,167.67,23.8,132.0,266.0,2026-08-07
Jonah Coleman,RB,DEN,168.99,28.17,132.0,312.0,2026-08-07
Adonai Mitchell,WR,NYJ,170.35,19.69,137.0,250.0,2026-08-07
Jalen McMillan,WR,TB,170.52,19.78,137.0,258.0,2026-08-07
Brian Robinson Jr.,RB,ATL,171.37,12.27,145.0,220.0,2026-08-07
Oronde Gadsden II,TE,LAC,171.87,26.24,115.0,227.0,2026-08-07
Travis Hunter,WR,JAC,172.12,22.69,114.0,254.0,2026-08-07
Mac Jones,QB,SF,172.6,79.38,37.0,286.0,2026-08-07
Tank Bigsby,RB,PHI,172.8,17.74,142.0,217.0,2026-08-07
Tre Tucker,WR,LV,172.93,19.2,129.0,241.0,2026-08-07
Jake Browning,QB,TB,177.0,0.0,177.0,177.0,2026-08-07
Braelon Allen,RB,NYJ,178.78,21.05,143.0,246.0,2026-08-07
Dalton Schultz,TE,HOU,179.12,14.32,142.0,215.0,2026-08-07
Sterling Shepard,WR,FA,180.0,0.0,180.0,180.0,2026-08-07
Tre' Harris,WR,LAC,180.13,19.58,146.0,260.0,2026-08-07
Marcus Mariota,QB,WAS,181.0,3.0,178.0,184.0,2026-08-07
Riley Leonard,QB,IND,181.0,0.0,181.0,181.0,2026-08-07
James Conner,RB,ARI,182.81,29.38,117.0,284.0,2026-08-07
J.J. McCarthy,QB,MIN,182.85,32.18,127.0,283.0,2026-08-07
Ryan Flournoy,WR,DAL,182.9,19.31,157.0,291.0,2026-08-07
T.J. Hockenson,TE,MIN,185.25,14.79,136.0,223.0,2026-08-07
Kayshon Boutte,WR,NE,186.27,17.51,144.0,242.0,2026-08-07
Jaylin Noel,WR,HOU,187.95,22.25,140.0,265.0,2026-08-07
Jalen Nailor,WR,LV,188.66,29.56,124.0,269.0,2026-08-07
Troy Franklin,WR,DEN,188.81,25.69,135.0,285.0,2026-08-07
Kimani Vidal,RB,LAC,189.16,21.69,156.0,251.0,2026-08-07
De'Zhaun Stribling,WR,SF,190.12,40.65,133.0,346.0,2026-08-07
Calvin Ridley,WR,TEN,191.49,22.36,147.0,288.0,2026-08-07
Sean Tucker,RB,TB,191.68,26.87,151.0,317.0,2026-08-07
Emmett Johnson,RB,KC,191.95,28.94,156.0,323.0,2026-08-07
Ray Davis,RB,BUF,191.98,22.44,153.0,274.0,2026-08-07
Isaac TeSlaa,WR,DET,193.18,17.09,167.0,260.0,2026-08-07
Dontayvion Wicks,WR,PHI,193.8,16.3,147.0,240.0,2026-08-07
Malik Washington,WR,MIA,193.91,26.44,144.0,261.0,2026-08-07
Antonio Williams,WR,WAS,194.42,32.27,140.0,281.0,2026-08-07
Darnell Mooney,WR,NYG,196.28,16.43,157.0,253.0,2026-08-07
AJ Barner,TE,SEA,196.59,14.97,152.0,228.0,2026-08-07
Greg Dulcich,TE,MIA,196.59,30.29,128.0,271.0,2026-08-07
Ty Simpson,QB,LAR,197.25,25.84,182.0,242.0,2026-08-07
Pat Bryant,WR,DEN,197.38,18.23,166.0,256.0,2026-08-07
Mike Washington Jr.,RB,LV,198.88,27.52,159.0,326.0,2026-08-07
Emanuel Wilson,RB,SEA,198.96,23.59,153.0,253.0,2026-08-07
Kenyon Sadiq,TE,NYJ,199.12,29.58,148.0,350.0,2026-08-07
Zay Jones,WR,FA,200.0,0.0,200.0,200.0,2026-08-07
Graig Cooper,RB,FA,202.0,0.0,202.0,202.0,2026-08-07
Nicholas Singleton,RB,TEN,202.37,30.13,152.0,308.0,2026-08-07
Gunnar Helm,TE,TEN,203.84,21.25,163.0,295.0,2026-08-07
Tank Dell,WR,HOU,204.92,19.47,169.0,275.0,2026-08-07
Cooper Kupp,WR,SEA,205.62,21.03,149.0,264.0,2026-08-07
Kaytron Allen,RB,WAS,207.53,27.56,161.0,286.0,2026-08-07
Rashod Bateman,WR,BAL,207.65,20.52,169.0,262.0,2026-08-07
Brandon Aiyuk,WR,SF,210.71,36.7,137.0,310.0,2026-08-07
Jaylen Wright,RB,MIA,211.36,18.88,162.0,268.0,2026-08-07
Chimere Dike,WR,TEN,211.95,28.31,148.0,278.0,2026-08-07
Zachariah Branch,WR,ATL,212.14,25.15,151.0,260.0,2026-08-07
Germie Bernard,WR,PIT,212.49,22.03,177.0,280.0,2026-08-07
Anthony Richardson Sr.,QB,IND,215.33,53.63,173.0,291.0,2026-08-07
MarShawn Lloyd,RB,GB,216.42,36.94,154.0,290.0,2026-08-07
Jaydon Blue,RB,DAL,216.77,31.76,162.0,283.0,2026-08-07
Justice Hill,RB,BAL,217.79,28.42,155.0,276.0,2026-08-07
Pat Freiermuth,TE,PIT,218.28,18.89,161.0,279.0,2026-08-07
Terrance Ferguson,TE,LAR,218.54,22.69,161.0,345.0,2026-08-07
Jack Bech,WR,LV,219.25,22.55,157.0,292.0,2026-08-07
Justin Fields,QB,KC,219.33,53.51,181.0,295.0,2026-08-07
Cade Otton,TE,TB,220.72,16.8,186.0,289.0,2026-08-07
David Njoku,TE,LAC,220.95,16.7,174.0,260.0,2026-08-07
Elic Ayomanor,WR,TEN,221.11,26.5,167.0,295.0,2026-08-07
Ollie Gordon II,RB,MIA,221.74,18.62,174.0,270.0,2026-08-07
Keon Coleman,WR,BUF,221.79,25.13,149.0,274.0,2026-08-07
Chris Bell,WR,MIA,222.0,24.62,158.0,269.0,2026-08-07
Tyreek Hill,WR,FA,223.82,34.48,143.0,294.0,2026-08-07
Isaiah Davis,RB,NYJ,225.41,24.21,172.0,293.0,2026-08-07
Christian Kirk,WR,SF,227.37,22.28,175.0,287.0,2026-08-07
Elijah Sarratt,WR,BAL,228.69,19.2,186.0,297.0,2026-08-07
Tory Horton,WR,SEA,229.19,21.26,179.0,280.0,2026-08-07
Evan Engram,TE,DEN,229.44,16.36,181.0,262.0,2026-08-07
Ted Hurst III,WR,TB,230.35,27.97,187.0,342.0,2026-08-07
Ty Johnson,RB,BUF,230.56,22.95,172.0,326.0,2026-08-07
Malachi Fields,WR,NYG,230.75,27.16,188.0,325.0,2026-08-07
Demond Claiborne,RB,MIN,231.39,30.48,165.0,327.0,2026-08-07
Colby Parkinson,TE,LAR,232.09,18.02,183.0,313.0,2026-08-07
George Holani,RB,SEA,232.93,34.03,166.0,349.0,2026-08-07
Marvin Mims Jr.,WR,DEN,233.16,23.83,189.0,350.0,2026-08-07
Xavier Legette,WR,CAR,233.65,26.01,174.0,288.0,2026-08-07
Jake Bobo,WR,SEA,234.0,13.0,221.0,247.0,2026-08-07
Salvon Ahmed,RB,CHI,235.0,0.0,235.0,235.0,2026-08-07
Darius Slayton,WR,NYG,236.95,27.37,180.0,341.0,2026-08-07
Alec Ingold,RB,LAC,238.0,0.0,238.0,238.0,2026-08-07
LeQuint Allen Jr.,RB,JAC,238.13,25.11,163.0,298.0,2026-08-07
Chris Brooks,RB,GB,238.15,23.03,163.0,280.0,2026-08-07
Trey Benson,RB,ARI,238.31,34.65,136.0,318.0,2026-08-07
Joe Milton III,QB,DAL,238.5,58.5,180.0,297.0,2026-08-07
Keenan Allen,WR,LAC,239.54,21.62,179.0,265.0,2026-08-07
DJ Giddens,RB,IND,239.58,19.79,192.0,291.0,2026-08-07
Tyquan Thornton,WR,KC,239.7,27.28,173.0,328.0,2026-08-07
Mike Gesicki,TE,CIN,240.19,19.25,206.0,306.0,2026-08-07
Eli Stowers,TE,PHI,240.36,28.49,161.0,319.0,2026-08-07
Kaleb Johnson,RB,PIT,241.7,28.07,168.0,322.0,2026-08-07
Kyle Williams,WR,NE,242.46,26.15,187.0,333.0,2026-08-07
Devaughn Vele,WR,NO,242.61,20.61,195.0,326.0,2026-08-07
Mason Taylor,TE,NYJ,242.82,21.52,189.0,298.0,2026-08-07
Albert Okwuegbunam Jr.,TE,LV,243.0,0.0,243.0,243.0,2026-08-07
Dohnte Meyers,WR,CIN,243.0,0.0,243.0,243.0,2026-08-07
Joe Flacco,QB,CIN,243.5,50.5,193.0,294.0,2026-08-07
Jordan James,RB,SF,243.53,29.74,159.0,338.0,2026-08-07
Kaelon Black,RB,SF,244.04,36.32,163.0,299.0,2026-08-07
Devin Neal,RB,NO,244.18,27.8,186.0,336.0,2026-08-07
Samaje Perine,RB,CIN,244.22,32.73,162.0,344.0,2026-08-07
Mack Hollins,WR,NE,244.97,32.1,170.0,333.0,2026-08-07
Andrei Iosivas,WR,CIN,245.48,31.04,176.0,322.0,2026-08-07
Cyrus Allen,WR,KC,245.89,55.04,160.0,366.0,2026-08-07
Patrick Ricard,RB,NYG,247.0,0.0,247.0,247.0,2026-08-07
Theo Johnson,TE,NYG,247.07,20.62,194.0,306.0,2026-08-07
Brandin Cooks,WR,FA,248.0,0.0,248.0,248.0,2026-08-07
Hollywood Brown,WR,PHI,250.34,22.04,191.0,308.0,2026-08-07
Brashard Smith,RB,KC,250.49,23.05,209.0,315.0,2026-08-07
Malik Davis,RB,DAL,251.55,23.24,176.0,296.0,2026-08-07
Chris Brazzell II,WR,CAR,251.61,29.1,211.0,331.0,2026-08-07
Kendre Miller,RB,NO,251.78,31.38,166.0,327.0,2026-08-07
Ameer Abdullah,RB,JAC,252.0,0.0,252.0,252.0,2026-08-07
Tim Patrick,WR,NYJ,252.5,27.5,225.0,280.0,2026-08-07
Jakobie Keeney-James,WR,PIT,252.5,10.5,242.0,263.0,2026-08-07
Najee Harris,RB,LAC,252.72,21.34,208.0,299.0,2026-08-07
Ja'Kobi Lane,WR,BAL,253.59,25.26,204.0,348.0,2026-08-07
Jeremy McNichols,RB,WAS,255.2,42.31,208.0,312.0,2026-08-07
Skyler Bell,WR,BUF,255.6,26.87,198.0,340.0,2026-08-07
AJ Dillon,RB,CAR,256.0,0.0,256.0,256.0,2026-08-07
Jerome Ford,RB,WAS,256.6,24.21,178.0,293.0,2026-08-07
Emari Demercado,RB,KC,256.65,31.61,154.0,316.0,2026-08-07
Jake Tonges,TE,SF,257.57,21.85,211.0,309.0,2026-08-07
Caleb Douglas,WR,MIA,257.68,42.52,181.0,330.0,2026-08-07
Sincere McCormick,RB,SF,258.0,0.0,258.0,258.0,2026-08-07
Kyle Juszczyk,RB,SF,259.0,47.57,196.0,324.0,2026-08-07
Adam Randall,RB,BAL,259.46,22.75,212.0,300.0,2026-08-07
Devin Singletary,RB,NYG,259.68,15.73,214.0,294.0,2026-08-07
Kevin Austin Jr.,WR,NO,260.0,41.0,219.0,301.0,2026-08-07
Isaiah Bond,WR,CLE,260.1,22.68,212.0,343.0,2026-08-07
Darnell Washington,TE,PIT,260.6,28.08,190.0,329.0,2026-08-07
Jalen Tolbert,WR,MIA,261.5,42.09,177.0,328.0,2026-08-07
Russell Gage Jr.,WR,FA,262.0,0.0,262.0,262.0,2026-08-07
Jahan Dotson,WR,ATL,262.39,30.57,190.0,309.0,2026-08-07
Jordan Waters,RB,LAR,262.5,39.5,223.0,302.0,2026-08-07
Konata Mumpfield,WR,LAR,263.06,25.86,218.0,328.0,2026-08-07
Max Bredeson,RB,MIN,264.0,0.0,264.0,264.0,2026-08-07
Jaleel McLaughlin,RB,DEN,264.17,19.79,214.0,299.0,2026-08-07
Hunter Luepke,RB,DAL,264.25,20.61,232.0,285.0,2026-08-07
Isaiah Williams,WR,FA,265.0,0.0,265.0,265.0,2026-08-07
Tahj Brooks,RB,CIN,265.05,25.92,184.0,322.0,2026-08-07
Jabari Small,RB,DET,266.0,0.0,266.0,266.0,2026-08-07
Seth McGowan,RB,IND,266.64,20.8,220.0,314.0,2026-08-07
Xavier Smith,WR,LAR,267.0,4.0,263.0,271.0,2026-08-07
Josh Reynolds,WR,FA,267.0,0.0,267.0,267.0,2026-08-07
Cedric Tillman,WR,CLE,267.92,24.46,221.0,337.0,2026-08-07
Joshua Palmer,WR,BUF,268.29,44.61,181.0,339.0,2026-08-07
Oscar Delp,TE,NO,268.46,29.17,227.0,330.0,2026-08-07
Raheem Mostert,RB,LV,270.0,9.0,261.0,279.0,2026-08-07
Kendrick Law,WR,DET,270.0,0.0,270.0,270.0,2026-08-07
Joe Mixon,RB,FA,270.03,28.43,178.0,317.0,2026-08-07
Jarquez Hunter,RB,LAR,271.89,17.94,231.0,319.0,2026-08-07
Jaheim Bell,TE,PIT,272.0,0.0,272.0,272.0,2026-08-07
Khalil Herbert,RB,SF,272.0,33.95,229.0,312.0,2026-08-07
Luke McCaffrey,WR,WAS,272.71,27.02,190.0,335.0,2026-08-07
Kendrick Bourne,WR,ARI,272.86,49.7,198.0,373.0,2026-08-07
Bub Means,WR,NO,273.0,0.0,273.0,273.0,2026-08-07
Tez Johnson,WR,TB,273.32,22.36,219.0,324.0,2026-08-07
Isaac Guerendo,RB,SF,274.04,20.12,226.0,338.0,2026-08-07
Kalif Raymond,WR,CHI,275.15,33.87,212.0,337.0,2026-08-07
Trevor Etienne,RB,CAR,275.32,15.26,232.0,321.0,2026-08-07
Brenen Thompson,WR,LAC,275.5,33.3,218.0,352.0,2026-08-07
Mason Tipton,WR,NO,276.0,0.0,276.0,276.0,2026-08-07
Audric Estime,RB,NO,276.08,19.88,225.0,320.0,2026-08-07
KaVontae Turpin,WR,DAL,276.18,46.54,224.0,361.0,2026-08-07
Olamide Zaccheaus,WR,ATL,276.41,27.42,212.0,328.0,2026-08-07
Tyler Higbee,TE,LAR,276.82,28.63,206.0,323.0,2026-08-07
Adam Prentice,RB,DEN,277.0,0.0,277.0,277.0,2026-08-07
Ben Skowronek,WR,PIT,277.0,0.0,277.0,277.0,2026-08-07
Jalen Royals,WR,KC,277.11,23.21,239.0,335.0,2026-08-07
Tyler Goodson,RB,ATL,277.67,33.11,236.0,317.0,2026-08-07
Dylan Laube,RB,LV,278.0,33.05,226.0,317.0,2026-08-07
Jaret Patterson,RB,LAC,278.5,51.25,222.0,343.0,2026-08-07
Ty Chandler,RB,NO,278.75,27.29,242.0,319.0,2026-08-07
Kareem Hunt,RB,FA,279.0,26.15,170.0,351.0,2026-08-07
Calvin Austin III,WR,NYG,279.15,35.78,219.0,349.0,2026-08-07
Treylon Burks,WR,WAS,279.22,34.95,203.0,333.0,2026-08-07
Michael Mayer,TE,LV,279.39,23.42,240.0,327.0,2026-08-07
Eli Heidenreich,RB,PIT,279.89,25.24,220.0,323.0,2026-08-07
Max Klare,TE,LAR,280.18,20.27,242.0,316.0,2026-08-07
Raheim Sanders,RB,CLE,280.28,37.64,192.0,343.0,2026-08-07
Bryce Lance,WR,NO,280.6,29.75,199.0,327.0,2026-08-07
Bam Knight,RB,ARI,280.64,27.26,220.0,332.0,2026-08-07
Terrace Marshall Jr.,WR,MIA,281.0,0.0,281.0,281.0,2026-08-07
Scotty Miller,WR,CHI,281.25,42.38,227.0,334.0,2026-08-07
Ja'Tavion Sanders,TE,CAR,281.47,27.23,227.0,333.0,2026-08-07
Derius Davis,WR,LAC,281.5,52.5,229.0,334.0,2026-08-07
Nathan Carter,RB,ATL,282.0,0.0,282.0,282.0,2026-08-07
Elijah Arroyo,TE,SEA,282.19,20.13,246.0,317.0,2026-08-07
John Metchie III,WR,CAR,283.25,30.64,241.0,347.0,2026-08-07
Will Shipley,RB,PHI,283.44,18.12,234.0,318.0,2026-08-07
DeMario Douglas,WR,NE,283.5,33.14,200.0,352.0,2026-08-07
Dont'e Thornton Jr.,WR,LV,284.24,31.33,234.0,336.0,2026-08-07
Michael Carter,RB,TEN,284.5,35.28,175.0,346.0,2026-08-07
Cash Jones,RB,ATL,284.5,26.1,243.0,314.0,2026-08-07
Tyler Lockett,WR,LV,284.67,69.5,187.0,343.0,2026-08-07
Nick Westbrook-Ikhine,WR,IND,284.77,39.97,227.0,343.0,2026-08-07
Jawhar Jordan,RB,HOU,284.89,46.19,166.0,342.0,2026-08-07
Cole Kmet,TE,CHI,285.88,22.66,231.0,319.0,2026-08-07
Coleman Owen,WR,IND,286.0,0.0,286.0,286.0,2026-08-07
Jacob Saylors,RB,DET,286.0,31.87,246.0,324.0,2026-08-07
Mecole Hardman Jr.,WR,BUF,286.0,25.0,261.0,311.0,2026-08-07
Mitch Tinsley,WR,CIN,286.8,36.8,244.0,329.0,2026-08-07
Tutu Atwell,WR,MIA,287.0,44.55,210.0,353.0,2026-08-07
Evan Hull,RB,ARI,287.0,0.0,287.0,287.0,2026-08-07
Erick All Jr.,TE,CIN,287.23,25.11,245.0,344.0,2026-08-07
Ronnie Rivers,RB,LAR,288.0,27.04,247.0,323.0,2026-08-07
Devontez Walker,WR,BAL,288.44,51.64,219.0,378.0,2026-08-07
Phil Mafah,RB,DAL,288.45,36.49,198.0,337.0,2026-08-07
Quez Watkins,WR,PHI,289.0,0.0,289.0,289.0,2026-08-07
Kye Robichaux,RB,DET,289.0,0.0,289.0,289.0,2026-08-07
Kalel Mullings,RB,TEN,289.0,0.0,289.0,289.0,2026-08-07
Alexander Mattison,RB,FA,289.0,0.0,289.0,289.0,2026-08-07
Greg Dortch,WR,DET,289.17,36.02,244.0,345.0,2026-08-07
Nick Chubb,RB,FA,289.74,38.51,186.0,335.0,2026-08-07
Dean Connors,RB,LAR,290.0,0.0,290.0,290.0,2026-08-07
Noah Gray,TE,KC,290.03,17.88,257.0,324.0,2026-08-07
Ashton Dulin,WR,IND,290.5,18.33,278.0,330.0,2026-08-07
J'Mari Taylor,RB,JAC,290.95,19.68,257.0,335.0,2026-08-07
Sione Vaki,RB,DET,291.0,24.8,259.0,349.0,2026-08-07
Dawson Knox,TE,BUF,291.32,26.74,234.0,349.0,2026-08-07
Xavier Hutchinson,WR,HOU,291.53,24.52,246.0,337.0,2026-08-07
Dontae McMillan,RB,BAL,292.0,0.0,292.0,292.0,2026-08-07
Ronnie Bell,WR,NO,292.0,0.0,292.0,292.0,2026-08-07
Marlin Klein,TE,HOU,292.2,16.2,276.0,321.0,2026-08-07
Kevin Coleman Jr.,WR,MIA,293.13,37.4,218.0,350.0,2026-08-07
Tahj Washington,WR,MIA,294.0,0.0,294.0,294.0,2026-08-07
Reggie Gilliam,RB,NE,294.0,23.0,271.0,317.0,2026-08-07
Rasheen Ali,RB,BAL,294.22,30.02,232.0,348.0,2026-08-07
Elijah Tau-Tolliver,RB,BAL,294.33,37.15,249.0,340.0,2026-08-07
Nate Boerkircher,TE,JAC,294.33,9.81,282.0,306.0,2026-08-07
Eli Raridon,TE,NE,294.79,32.9,240.0,374.0,2026-08-07
Myles Price,WR,MIN,295.0,0.0,295.0,295.0,2026-08-07
Tommy Myers,TE,FA,295.2,49.28,227.0,354.0,2026-08-07
Xavier Restrepo,WR,TEN,295.5,3.5,292.0,299.0,2026-08-07
Jam Miller,RB,NE,295.89,35.31,232.0,329.0,2026-08-07
Michael Woods II,WR,DEN,296.0,5.0,291.0,301.0,2026-08-07
Jameis Winston,QB,NYG,296.0,0.0,296.0,296.0,2026-08-07
Will Kacmarek,TE,MIA,296.0,16.0,280.0,312.0,2026-08-07
John Bates,TE,WAS,296.0,34.61,257.0,358.0,2026-08-07
Roman Wilson,WR,PIT,296.0,18.34,278.0,326.0,2026-08-07
Charlie Kolar,TE,LAC,296.38,40.61,217.0,345.0,2026-08-07
Jack Endries,TE,CIN,297.0,16.0,281.0,313.0,2026-08-07
Jordan Whittington,WR,LAR,298.0,42.06,235.0,370.0,2026-08-07
Kendric Pryor,WR,CIN,298.0,4.0,294.0,302.0,2026-08-07
Jared Wiley,TE,KC,298.5,8.5,290.0,307.0,2026-08-07
Donovan Edwards,RB,MIA,298.67,37.75,250.0,342.0,2026-08-07
Reggie Virgil,WR,ARI,299.0,36.0,263.0,335.0,2026-08-07
Montorie Foster Jr.,WR,SEA,299.0,0.0,299.0,299.0,2026-08-07
Roman Hemby,RB,LV,299.25,32.62,251.0,333.0,2026-08-07
Durham Smythe,TE,BAL,300.0,9.0,291.0,309.0,2026-08-07
Miles Davis,RB,CAR,300.0,0.0,300.0,300.0,2026-08-07
Barion Brown,WR,NO,300.0,0.0,300.0,300.0,2026-08-07
Jaydn Ott,RB,KC,300.8,34.01,237.0,336.0,2026-08-07
Darren Waller,TE,FA,300.88,14.91,270.0,316.0,2026-08-07
Justin Joly,TE,DEN,301.0,22.59,246.0,337.0,2026-08-07
Noah Fant,TE,NO,301.17,24.01,253.0,342.0,2026-08-07
Sam Roush,TE,CHI,301.67,6.34,293.0,308.0,2026-08-07
Noah Whittington,RB,HOU,302.0,11.0,291.0,313.0,2026-08-07
Anthony Gould,WR,IND,302.0,29.0,273.0,331.0,2026-08-07
Jacardia Wright,RB,SEA,302.0,34.0,268.0,336.0,2026-08-07
Cedrick Wilson Jr.,WR,DET,302.0,0.0,302.0,302.0,2026-08-07
KeAndre Lambert-Smith,WR,LAC,302.0,39.0,263.0,341.0,2026-08-07
Tai Felton,WR,MIN,302.25,51.3,244.0,382.0,2026-08-07
Terrell Jennings,RB,NE,302.63,32.88,249.0,344.0,2026-08-07
Frank Gore Jr.,RB,BUF,302.67,44.68,240.0,341.0,2026-08-07
Zach Ertz,TE,FA,303.0,26.81,268.0,339.0,2026-08-07
Drew Sample,TE,CIN,303.33,20.42,278.0,328.0,2026-08-07
Jaylin Lane,WR,WAS,303.57,26.83,245.0,342.0,2026-08-07
Mo Alie-Cox,TE,IND,303.6,25.1,260.0,334.0,2026-08-07
British Brooks,RB,HOU,304.0,0.0,304.0,304.0,2026-08-07
Pierre Strong Jr.,RB,GB,304.0,0.0,304.0,304.0,2026-08-07
Austin Hooper,TE,ATL,304.38,27.74,270.0,348.0,2026-08-07
Jahdae Walker,WR,CHI,304.75,20.49,288.0,339.0,2026-08-07
Marquez Valdes-Scantling,WR,DAL,305.25,60.26,203.0,359.0,2026-08-07
Tommy Tremble,TE,CAR,305.79,28.78,248.0,342.0,2026-08-07
Michael Briscoe,WR,MIN,306.0,0.0,306.0,306.0,2026-08-07
Zavion Thomas,WR,CHI,306.1,35.63,258.0,369.0,2026-08-07
Roschon Johnson,RB,CHI,306.13,22.26,264.0,331.0,2026-08-07
Savion Williams,WR,GB,306.95,26.23,258.0,371.0,2026-08-07
Lil'Jordan Humphrey,WR,DEN,307.0,0.0,307.0,307.0,2026-08-07
Myles Montgomery,RB,NE,307.0,35.01,253.0,338.0,2026-08-07
Jared Wayne,WR,HOU,307.0,0.0,307.0,307.0,2026-08-07
Tanner Koziol,TE,JAC,307.5,17.18,279.0,324.0,2026-08-07
Dyami Brown,WR,WAS,307.8,37.84,260.0,381.0,2026-08-07
Michael Bandy,WR,DEN,308.0,0.0,308.0,308.0,2026-08-07
Zavier Scott,RB,MIN,308.0,18.36,281.0,333.0,2026-08-07
Maurice Alexander,WR,CHI,308.0,0.0,308.0,308.0,2026-08-07
Elijah Moore,WR,PHI,308.0,43.0,265.0,351.0,2026-08-07
Theo Wease Jr.,WR,MIA,308.0,41.0,267.0,349.0,2026-08-07
Austin Ekeler,RB,FA,308.08,28.35,246.0,346.0,2026-08-07
Jonnu Smith,TE,FA,308.43,27.03,274.0,357.0,2026-08-07
Tyler Conklin,TE,DET,308.5,11.5,297.0,320.0,2026-08-07
Moliki Matavao,TE,NO,309.0,20.0,289.0,329.0,2026-08-07
Tanner Hudson,TE,CIN,309.0,11.0,298.0,320.0,2026-08-07
Josh Oliver,TE,MIN,309.0,14.04,284.0,325.0,2026-08-07
Deion Burks,WR,IND,309.83,30.0,272.0,380.0,2026-08-07
Diontae Johnson,WR,FA,310.0,0.0,310.0,310.0,2026-08-07
Luke Musgrave,TE,GB,310.19,19.27,256.0,339.0,2026-08-07
Dameon Pierce,RB,PHI,310.45,23.91,277.0,341.0,2026-08-07
Ben Sinnott,TE,WAS,310.67,19.58,272.0,345.0,2026-08-07
Miles Sanders,RB,FA,310.75,48.26,248.0,372.0,2026-08-07
Robert Henry Jr.,RB,WAS,311.2,34.57,244.0,337.0,2026-08-07
Van Jefferson,WR,WAS,311.5,19.5,292.0,331.0,2026-08-07
Colbie Young,WR,CIN,311.6,18.77,284.0,338.0,2026-08-07
Malik Benson,WR,LV,312.17,37.62,260.0,363.0,2026-08-07
Antonio Gibson,RB,FA,314.8,44.4,234.0,362.0,2026-08-07
Damien Martinez,RB,GB,315.67,15.55,294.0,342.0,2026-08-07
Lew Nichols III,RB,PIT,316.0,0.0,316.0,316.0,2026-08-07
Tyler Scott,WR,LAR,317.0,0.0,317.0,317.0,2026-08-07
Luke Schoonmaker,TE,DAL,317.8,19.18,281.0,335.0,2026-08-07
Mitchell Evans,TE,CAR,317.92,18.62,283.0,343.0,2026-08-07
Odell Beckham Jr.,WR,NYG,318.0,7.0,311.0,325.0,2026-08-07
Will Mallory,TE,IND,318.0,0.0,318.0,318.0,2026-08-07
CJ Daniels,WR,LAR,318.44,20.52,276.0,348.0,2026-08-07
Chip Trayanum,RB,NYJ,319.0,0.0,319.0,319.0,2026-08-07
Michael Wortham,WR,JAC,319.0,0.0,319.0,319.0,2026-08-07
Jeshaun Jones,WR,MIN,319.5,29.5,290.0,349.0,2026-08-07
Michael Trigg,TE,DAL,319.67,30.29,287.0,360.0,2026-08-07
Velus Jones Jr.,WR,SEA,320.0,0.0,320.0,320.0,2026-08-07
Cade Stover,TE,HOU,320.5,26.5,294.0,347.0,2026-08-07
Daniel Bellinger,TE,TEN,320.8,19.97,277.0,350.0,2026-08-07
EJ Smith,RB,KC,321.0,0.0,321.0,321.0,2026-08-07
Zamir White,RB,LV,322.0,0.0,322.0,322.0,2026-08-07
Travis Homer,RB,PIT,322.0,0.0,322.0,322.0,2026-08-07
Adam Trautman,TE,DEN,322.33,17.09,296.0,348.0,2026-08-07
Demarcus Robinson,WR,SF,322.8,25.29,274.0,345.0,2026-08-07
Elijah Mitchell,RB,PHI,323.0,61.6,239.0,385.0,2026-08-07
Thomas Fidone II,TE,NYG,323.0,34.24,285.0,368.0,2026-08-07
Jimmy Horn Jr.,WR,CAR,323.0,13.0,310.0,336.0,2026-08-07
Will Dissly,TE,FA,323.5,31.5,292.0,355.0,2026-08-07
Elijah Higgins,TE,ARI,323.78,15.3,305.0,356.0,2026-08-07
Jackson Hawes,TE,BUF,324.0,7.87,312.0,334.0,2026-08-07
David Sills V,WR,TB,324.5,13.5,311.0,338.0,2026-08-07
Brock Wright,TE,DET,324.5,10.5,314.0,335.0,2026-08-07
Jordan Akins,TE,FA,325.0,0.0,325.0,325.0,2026-08-07
Taysom Hill,TE,FA,326.5,40.5,286.0,367.0,2026-08-07
Nate Adkins,TE,DEN,327.0,0.0,327.0,327.0,2026-08-07
K.J. Osborn,WR,TEN,327.0,0.0,327.0,327.0,2026-08-07
Dominic Lovett,WR,DET,330.0,0.0,330.0,330.0,2026-08-07
Michael Burton,RB,CLE,332.0,0.0,332.0,332.0,2026-08-07
Arian Smith,WR,NYJ,333.0,0.0,333.0,333.0,2026-08-07
Josh Cameron,WR,JAC,333.0,0.0,333.0,333.0,2026-08-07
Jalen Reagor,WR,MIA,333.0,0.0,333.0,333.0,2026-08-07
Miles Kitselman,TE,DET,334.0,0.0,334.0,334.0,2026-08-07
Skyy Moore,WR,GB,334.0,6.0,328.0,340.0,2026-08-07
Jermar Jefferson,RB,FA,339.0,0.0,339.0,339.0,2026-08-07
Jordan Watkins,WR,SF,339.0,4.0,335.0,343.0,2026-08-07
Tyler Badie,RB,DEN,340.0,0.0,340.0,340.0,2026-08-07
Justin Watson,WR,HOU,344.0,0.0,344.0,344.0,2026-08-07
Corey Kiner,RB,ARI,344.0,0.0,344.0,344.0,2026-08-07
Anthony Hankerson,RB,MIA,346.0,0.0,346.0,346.0,2026-08-07
Kendall Milton,RB,CIN,347.0,0.0,347.0,347.0,2026-08-07
Joshua Pitsenberger,RB,HOU,348.0,0.0,348.0,348.0,2026-08-07
Khalil Dinkins,TE,FA,350.0,0.0,350.0,350.0,2026-08-07
DeAndre Hopkins,WR,BAL,354.5,22.5,332.0,377.0,2026-08-07
Jermaine Burton,WR,FA,358.5,24.5,334.0,383.0,2026-08-07
Jacob Cowing,WR,SF,358.5,17.5,341.0,376.0,2026-08-07
Gus Edwards,RB,FA,364.0,0.0,364.0,364.0,2026-08-07
Cam Akers,RB,FA,365.0,0.0,365.0,365.0,2026-08-07
Curtis Samuel,WR,FA,375.0,0.0,375.0,375.0,2026-08-07
Gabe Davis,WR,FA,379.0,0.0,379.0,379.0,2026-08-07
Juice Wells Jr.,WR,ATL,384.0,0.0,384.0,384.0,2026-08-07
Trey Sermon,RB,FA,386.0,0.0,386.0,386.0,2026-08-07
Ja'Quinden Jackson,RB,FA,387.0,0.0,387.0,387.0,2026-08-07
Josh Allen,QB,BUF,1.04,0.2,1.0,2.0,2026-07-31
Lamar Jackson,QB,BAL,2.68,1.22,1.0,8.0,2026-07-31
Drake Maye,QB,NE,3.62,1.3,2.0,8.0,2026-07-31
Joe Burrow,QB,CIN,4.8,2.92,2.0,19.0,2026-07-31
Jayden Daniels,QB,WAS,6.41,3.71,3.0,18.0,2026-07-31
Jalen Hurts,QB,PHI,7.1,2.86,3.0,17.0,2026-07-31
Ja'Marr Chase,WR,CIN,7.63,2.4,6.0,12.0,2026-07-31
Puka Nacua,WR,LAR,10.77,2.42,6.0,20.0,2026-07-31
Caleb Williams,QB,CHI,10.86,5.46,2.0,26.0,2026-07-31
Jahmyr Gibbs,RB,DET,11.06,2.54,2.0,15.0,2026-07-31
Justin Herbert,QB,LAC,11.37,5.25,4.0,32.0,2026-07-31
Bijan Robinson,RB,ATL,11.66,4.0,3.0,37.0,2026-07-31
Jaxon Smith-Njigba,WR,SEA,12.55,2.44,6.0,23.0,2026-07-31
Trevor Lawrence,QB,JAC,14.49,4.96,6.0,26.0,2026-07-31
Dak Prescott,QB,DAL,15.21,5.46,7.0,30.0,2026-07-31
Amon-Ra St. Brown,WR,DET,15.3,4.31,11.0,41.0,2026-07-31
Christian McCaffrey,RB,SF,18.77,7.47,10.0,45.0,2026-07-31
CeeDee Lamb,WR,DAL,20.31,4.26,14.0,44.0,2026-07-31
Brock Purdy,QB,SF,20.38,4.69,9.0,32.0,2026-07-31
Justin Jefferson,WR,MIN,21.3,5.45,12.0,47.0,2026-07-31
Jaxson Dart,QB,NYG,21.35,6.72,8.0,32.0,2026-07-31
Drake London,WR,ATL,25.0,5.28,20.0,49.0,2026-07-31
Jonathan Taylor,RB,IND,25.85,8.52,13.0,48.0,2026-07-31
Bo Nix,QB,DEN,26.49,7.09,9.0,50.0,2026-07-31
Patrick Mahomes II,QB,KC,26.68,5.81,15.0,38.0,2026-07-31
A.J. Brown,WR,NE,29.17,7.8,20.0,53.0,2026-07-31
Nico Collins,WR,HOU,30.55,6.44,24.0,56.0,2026-07-31
Matthew Stafford,QB,LAR,30.7,9.93,8.0,55.0,2026-07-31
Ashton Jeanty,RB,LV,30.94,8.75,15.0,58.0,2026-07-31
Trey McBride,TE,ARI,34.01,6.08,25.0,54.0,2026-07-31
George Pickens,WR,DAL,34.46,6.63,21.0,57.0,2026-07-31
Chase Brown,RB,CIN,34.55,8.1,22.0,54.0,2026-07-31
James Cook III,RB,BUF,34.59,9.72,15.0,61.0,2026-07-31
Jared Goff,QB,DET,34.61,9.99,7.0,55.0,2026-07-31
Rashee Rice,WR,KC,35.0,10.33,21.0,68.0,2026-07-31
Chris Olave,WR,NO,37.06,8.85,23.0,68.0,2026-07-31
De'Von Achane,RB,MIA,37.21,8.75,15.0,68.0,2026-07-31
Brock Bowers,TE,LV,37.56,4.35,23.0,51.0,2026-07-31
Kyler Murray,QB,MIN,38.24,11.95,13.0,64.0,2026-07-31
Omarion Hampton,RB,LAC,40.49,9.04,22.0,67.0,2026-07-31
DeVonta Smith,WR,PHI,41.13,8.69,24.0,62.0,2026-07-31
Saquon Barkley,RB,PHI,41.77,7.74,22.0,61.0,2026-07-31
Baker Mayfield,QB,TB,45.49,10.36,19.0,64.0,2026-07-31
Tyler Shough,QB,NO,45.99,10.57,18.0,64.0,2026-07-31
Zay Flowers,WR,BAL,46.31,10.01,24.0,68.0,2026-07-31
Jordan Love,QB,GB,46.51,9.3,20.0,60.0,2026-07-31
Kenneth Walker III,RB,KC,46.83,8.76,27.0,74.0,2026-07-31
Garrett Wilson,WR,NYJ,47.66,8.26,28.0,75.0,2026-07-31
Tetairoa McMillan,WR,CAR,49.48,9.76,28.0,71.0,2026-07-31
Tee Higgins,WR,CIN,50.96,8.42,35.0,69.0,2026-07-31
Ladd McConkey,WR,LAC,53.96,9.65,28.0,76.0,2026-07-31
Malik Willis,QB,MIA,54.34,12.55,30.0,94.0,2026-07-31
Colston Loveland,TE,CHI,54.55,16.04,39.0,104.0,2026-07-31
Jeremiyah Love,RB,ARI,54.86,9.38,42.0,85.0,2026-07-31
Malik Nabers,WR,NYG,55.0,16.09,23.0,90.0,2026-07-31
Emeka Egbuka,WR,TB,55.08,10.05,27.0,73.0,2026-07-31
Derrick Henry,RB,BAL,56.04,9.61,22.0,74.0,2026-07-31
Jaylen Waddle,WR,DEN,56.41,9.73,34.0,81.0,2026-07-31
Breece Hall,RB,NYJ,58.25,7.55,48.0,88.0,2026-07-31
Kyren Williams,RB,LAR,60.99,8.3,40.0,77.0,2026-07-31
Terry McLaurin,WR,WAS,61.17,8.21,44.0,82.0,2026-07-31
C.J. Stroud,QB,HOU,61.97,9.16,23.0,83.0,2026-07-31
Sam Darnold,QB,SEA,62.56,7.58,24.0,76.0,2026-07-31
Josh Jacobs,RB,GB,63.06,9.46,42.0,85.0,2026-07-31
Javonte Williams,RB,DAL,65.76,8.37,43.0,80.0,2026-07-31
Luther Burden III,WR,CHI,66.21,8.11,51.0,84.0,2026-07-31
Cam Ward,QB,TEN,66.99,7.52,33.0,83.0,2026-07-31
Davante Adams,WR,LAR,68.04,7.6,52.0,84.0,2026-07-31
Mike Evans,WR,SF,69.28,10.03,44.0,100.0,2026-07-31
Travis Etienne Jr.,RB,NO,70.03,9.54,42.0,94.0,2026-07-31
Daniel Jones,QB,IND,70.27,13.37,26.0,127.0,2026-07-31
Bryce Young,QB,CAR,74.16,11.34,30.0,127.0,2026-07-31
Cam Skattebo,RB,NYG,74.23,9.72,54.0,99.0,2026-07-31
DJ Moore,WR,BUF,74.73,13.79,35.0,117.0,2026-07-31
Tyler Warren,TE,IND,75.18,10.88,47.0,93.0,2026-07-31
Jameson Williams,WR,DET,75.41,7.98,62.0,110.0,2026-07-31
Christian Watson,WR,GB,77.07,11.47,59.0,114.0,2026-07-31
Rome Odunze,WR,CHI,79.86,10.04,59.0,114.0,2026-07-31
Quinshon Judkins,RB,CLE,80.07,8.4,54.0,97.0,2026-07-31
Bucky Irving,RB,TB,80.08,10.48,53.0,104.0,2026-07-31
D'Andre Swift,RB,CHI,81.61,7.47,65.0,98.0,2026-07-31
TreVeyon Henderson,RB,NE,83.93,11.04,54.0,116.0,2026-07-31
David Montgomery,RB,HOU,84.0,11.69,67.0,134.0,2026-07-31
Carnell Tate,WR,TEN,84.03,20.08,59.0,195.0,2026-07-31
Jacoby Brissett,QB,ARI,84.76,17.16,27.0,127.0,2026-07-31
Marvin Harrison Jr.,WR,ARI,91.23,13.18,63.0,124.0,2026-07-31
Bhayshul Tuten,RB,JAC,92.55,12.68,71.0,139.0,2026-07-31
Harold Fannin Jr.,TE,CLE,94.97,10.51,78.0,127.0,2026-07-31
Jaylen Warren,RB,PIT,95.11,5.64,79.0,111.0,2026-07-31
Tucker Kraft,TE,GB,95.13,10.94,76.0,121.0,2026-07-31
Jadarian Price,RB,SEA,97.03,8.21,74.0,111.0,2026-07-31
Aaron Rodgers,QB,PIT,97.06,25.63,29.0,177.0,2026-07-31
Alec Pierce,WR,IND,97.59,13.65,72.0,124.0,2026-07-31
DK Metcalf,WR,PIT,98.61,12.05,72.0,123.0,2026-07-31
Chris Godwin Jr.,WR,TB,99.21,11.57,62.0,124.0,2026-07-31
Courtland Sutton,WR,DEN,99.28,11.88,69.0,122.0,2026-07-31
Brian Thomas Jr.,WR,JAC,99.42,12.92,72.0,128.0,2026-07-31
Kyle Pitts Sr.,TE,ATL,99.68,8.83,86.0,115.0,2026-07-31
Parker Washington,WR,JAC,100.17,14.71,68.0,144.0,2026-07-31
Michael Pittman Jr.,WR,PIT,101.56,11.14,75.0,125.0,2026-07-31
Rhamondre Stevenson,RB,NE,101.69,8.91,80.0,131.0,2026-07-31
Tony Pollard,RB,TEN,102.75,9.09,81.0,130.0,2026-07-31
Geno Smith,QB,NYJ,102.96,27.71,31.0,184.0,2026-07-31
Sam LaPorta,TE,DET,104.01,9.98,78.0,121.0,2026-07-31
Chuba Hubbard,RB,CAR,104.7,11.38,85.0,141.0,2026-07-31
Jordyn Tyson,WR,NO,105.62,23.53,80.0,216.0,2026-07-31
Wan'Dale Robinson,WR,TEN,105.65,13.88,63.0,140.0,2026-07-31
Michael Wilson,WR,ARI,105.75,11.91,76.0,135.0,2026-07-31
Rico Dowdle,RB,PIT,106.42,9.46,88.0,134.0,2026-07-31
RJ Harvey,RB,DEN,110.24,17.04,74.0,153.0,2026-07-31
Josh Downs,WR,IND,111.07,15.36,72.0,158.0,2026-07-31
Jakobi Meyers,WR,JAC,113.38,12.48,89.0,146.0,2026-07-31
Quentin Johnston,WR,LAC,115.87,11.47,82.0,135.0,2026-07-31
Kenny Gainwell,RB,TB,116.34,14.34,94.0,153.0,2026-07-31
Travis Kelce,TE,KC,116.68,12.12,93.0,153.0,2026-07-31
Makai Lemon,WR,PHI,117.21,21.17,84.0,209.0,2026-07-31
Carson Beck,QB,ARI,117.25,80.88,36.0,216.0,2026-07-31
Kyle Monangai,RB,CHI,118.07,9.75,99.0,150.0,2026-07-31
J.K. Dobbins,RB,DEN,118.63,12.17,95.0,154.0,2026-07-31
Fernando Mendoza,QB,LV,120.44,35.08,36.0,192.0,2026-07-31
Jordan Addison,WR,MIN,121.37,9.2,98.0,139.0,2026-07-31
George Kittle,TE,SF,121.89,17.08,47.0,161.0,2026-07-31
Rachaad White,RB,WAS,122.85,13.81,88.0,156.0,2026-07-31
Jake Ferguson,TE,DAL,123.14,11.59,93.0,149.0,2026-07-31
Blake Corum,RB,LAR,123.37,9.61,103.0,145.0,2026-07-31
Aaron Jones Sr.,RB,MIN,125.65,10.51,98.0,145.0,2026-07-31
Jayden Reed,WR,GB,125.94,11.1,100.0,149.0,2026-07-31
Ricky Pearsall,WR,SF,126.27,34.22,88.0,325.0,2026-07-31
Dalton Kincaid,TE,BUF,127.14,10.96,113.0,164.0,2026-07-31
Tua Tagovailoa,QB,ATL,127.33,29.5,35.0,183.0,2026-07-31
Dallas Goedert,TE,PHI,132.56,13.57,112.0,164.0,2026-07-31
Khalil Shakir,WR,BUF,133.21,11.56,106.0,169.0,2026-07-31
Jayden Higgins,WR,HOU,133.24,9.54,112.0,156.0,2026-07-31
Isaiah Likely,TE,NYG,133.37,21.54,106.0,215.0,2026-07-31
Jonathon Brooks,RB,CAR,133.52,33.28,97.0,321.0,2026-07-31
Xavier Worthy,WR,KC,135.86,9.94,106.0,157.0,2026-07-31
Jacory Croskey-Merritt,RB,WAS,136.66,8.45,111.0,159.0,2026-07-31
Jordan Mason,RB,MIN,137.86,9.78,113.0,163.0,2026-07-31
Mark Andrews,TE,BAL,138.8,16.47,113.0,185.0,2026-07-31
Jalen Coker,WR,CAR,140.48,10.47,122.0,170.0,2026-07-31
Romeo Doubs,WR,NE,141.23,13.38,110.0,175.0,2026-07-31
Michael Penix Jr.,QB,ATL,143.07,36.18,40.0,268.0,2026-07-31
Tyrone Tracy Jr.,RB,NYG,143.97,8.85,118.0,166.0,2026-07-31
KC Concepcion,WR,CLE,144.49,29.64,100.0,269.0,2026-07-31
Woody Marks,RB,HOU,147.85,16.23,103.0,210.0,2026-07-31
Matthew Golden,WR,GB,148.14,15.91,113.0,190.0,2026-07-31
Tyler Allgeier,RB,ARI,151.17,13.95,119.0,205.0,2026-07-31
Tyjae Spears,RB,TEN,152.45,12.36,119.0,188.0,2026-07-31
Chris Rodriguez Jr.,RB,JAC,152.49,17.97,111.0,211.0,2026-07-31
Alvin Kamara,RB,NO,153.18,10.67,130.0,181.0,2026-07-31
Deshaun Watson,QB,CLE,153.48,41.42,34.0,278.0,2026-07-31
Juwan Johnson,TE,NO,153.61,16.14,125.0,189.0,2026-07-31
Zach Charbonnet,RB,SEA,153.65,21.47,99.0,218.0,2026-07-31
Dylan Sampson,RB,CLE,154.23,9.08,134.0,187.0,2026-07-31
Rashid Shaheed,WR,SEA,156.82,11.16,134.0,190.0,2026-07-31
Isiah Pacheco,RB,DET,157.27,9.38,132.0,187.0,2026-07-31
Brenton Strange,TE,JAC,157.77,17.01,123.0,215.0,2026-07-31
Jauan Jennings,WR,MIN,159.06,22.14,112.0,247.0,2026-07-31
Kirk Cousins,QB,LV,159.58,36.51,76.0,282.0,2026-07-31
Jerry Jeudy,WR,CLE,161.38,14.65,127.0,197.0,2026-07-31
Chig Okonkwo,TE,WAS,163.11,27.15,109.0,230.0,2026-07-31
Denzel Boston,WR,CLE,163.2,26.76,129.0,272.0,2026-07-31
Keaton Mitchell,RB,LAC,163.23,19.2,131.0,231.0,2026-07-31
Shedeur Sanders,QB,CLE,164.33,37.11,38.0,277.0,2026-07-31
Jonah Coleman,RB,DEN,165.54,22.81,132.0,284.0,2026-07-31
Hunter Henry,TE,NE,165.83,15.14,121.0,206.0,2026-07-31
J.J. McCarthy,QB,MIN,166.85,52.39,70.0,284.0,2026-07-31
Omar Cooper Jr.,WR,NYJ,166.9,25.84,132.0,271.0,2026-07-31
Adonai Mitchell,WR,NYJ,167.82,14.8,147.0,205.0,2026-07-31
Stefon Diggs,WR,FA,168.51,39.02,102.0,320.0,2026-07-31
Oronde Gadsden II,TE,LAC,169.42,25.63,115.0,212.0,2026-07-31
Jalen McMillan,WR,TB,171.54,19.42,145.0,258.0,2026-07-31
Brian Robinson Jr.,RB,ATL,172.52,13.83,149.0,221.0,2026-07-31
Travis Hunter,WR,JAC,173.53,25.34,112.0,247.0,2026-07-31
Tank Bigsby,RB,PHI,174.06,17.21,150.0,222.0,2026-07-31
Tre Tucker,WR,LV,174.38,19.1,130.0,251.0,2026-07-31
Braelon Allen,RB,NYJ,175.68,24.01,134.0,276.0,2026-07-31
Jake Browning,QB,TB,177.0,0.0,177.0,177.0,2026-07-31
Dalton Schultz,TE,HOU,177.37,15.71,126.0,206.0,2026-07-31
Tre' Harris,WR,LAC,178.94,21.07,146.0,265.0,2026-07-31
Mac Jones,QB,SF,179.17,53.44,127.0,287.0,2026-07-31
James Conner,RB,ARI,180.41,31.42,120.0,284.0,2026-07-31
Marcus Mariota,QB,WAS,182.0,2.0,180.0,184.0,2026-07-31
Ryan Flournoy,WR,DAL,183.14,19.25,152.0,297.0,2026-07-31
T.J. Hockenson,TE,MIN,183.41,12.91,148.0,223.0,2026-07-31
Deebo Samuel Sr.,WR,SF,183.88,41.12,129.0,350.0,2026-07-31
Riley Leonard,QB,IND,184.0,0.0,184.0,184.0,2026-07-31
Troy Franklin,WR,DEN,186.68,25.46,140.0,270.0,2026-07-31
Jaylin Noel,WR,HOU,187.2,18.75,149.0,263.0,2026-07-31
Kayshon Boutte,WR,NE,187.34,18.38,147.0,242.0,2026-07-31
Kimani Vidal,RB,LAC,188.5,21.8,157.0,251.0,2026-07-31
Emmett Johnson,RB,KC,188.72,25.7,154.0,283.0,2026-07-31
Antonio Williams,WR,WAS,190.02,33.76,129.0,282.0,2026-07-31
Isaac TeSlaa,WR,DET,190.8,16.44,158.0,260.0,2026-07-31
Calvin Ridley,WR,TEN,193.34,21.24,147.0,263.0,2026-07-31
Jalen Nailor,WR,LV,193.87,34.91,123.0,275.0,2026-07-31
Ray Davis,RB,BUF,194.67,23.69,153.0,293.0,2026-07-31
Darnell Mooney,WR,NYG,195.0,14.02,160.0,250.0,2026-07-31
Mike Washington Jr.,RB,LV,195.89,24.1,152.0,282.0,2026-07-31
Sean Tucker,RB,TB,196.85,27.01,154.0,311.0,2026-07-31
AJ Barner,TE,SEA,197.04,15.25,152.0,224.0,2026-07-31
Emanuel Wilson,RB,SEA,197.54,26.46,154.0,271.0,2026-07-31
Pat Bryant,WR,DEN,198.11,17.67,171.0,247.0,2026-07-31
Ty Simpson,QB,LAR,198.25,27.0,182.0,245.0,2026-07-31
Greg Dulcich,TE,MIA,198.59,29.95,142.0,258.0,2026-07-31
Dontayvion Wicks,WR,PHI,199.8,17.49,157.0,258.0,2026-07-31
Anthony Richardson Sr.,QB,IND,200.0,46.09,173.0,292.0,2026-07-31
Kenyon Sadiq,TE,NYJ,200.86,30.14,148.0,350.0,2026-07-31
Malik Washington,WR,MIA,200.91,28.43,157.0,263.0,2026-07-31
Brandon Aiyuk,WR,SF,201.19,37.3,142.0,323.0,2026-07-31
Zay Jones,WR,FA,202.0,0.0,202.0,202.0,2026-07-31
Graig Cooper,RB,FA,203.0,0.0,203.0,203.0,2026-07-31
Nicholas Singleton,RB,TEN,203.93,31.78,154.0,328.0,2026-07-31
Gunnar Helm,TE,TEN,204.18,22.12,163.0,295.0,2026-07-31
De'Zhaun Stribling,WR,SF,205.1,44.0,129.0,346.0,2026-07-31
Chimere Dike,WR,TEN,206.1,28.34,149.0,281.0,2026-07-31
Kaytron Allen,RB,WAS,207.69,29.51,161.0,286.0,2026-07-31
Cooper Kupp,WR,SEA,209.33,19.42,170.0,265.0,2026-07-31
Tank Dell,WR,HOU,209.38,18.94,174.0,279.0,2026-07-31
Joe Milton III,QB,DAL,210.25,50.67,180.0,298.0,2026-07-31
Jaylen Wright,RB,MIA,210.28,19.8,162.0,266.0,2026-07-31
Justin Fields,QB,KC,211.5,48.79,182.0,296.0,2026-07-31
Rashod Bateman,WR,BAL,213.04,17.81,171.0,262.0,2026-07-31
Zachariah Branch,WR,ATL,214.3,22.63,157.0,258.0,2026-07-31
Germie Bernard,WR,PIT,215.02,24.86,180.0,281.0,2026-07-31
Tyreek Hill,WR,FA,217.34,43.86,134.0,321.0,2026-07-31
Chris Bell,WR,MIA,217.53,22.95,160.0,269.0,2026-07-31
Kevin Austin Jr.,WR,NO,218.0,0.0,218.0,218.0,2026-07-31
Pat Freiermuth,TE,PIT,220.46,18.01,174.0,279.0,2026-07-31
Terrance Ferguson,TE,LAR,220.94,20.36,184.0,345.0,2026-07-31
Elic Ayomanor,WR,TEN,221.09,30.67,160.0,298.0,2026-07-31
Jack Bech,WR,LV,221.28,20.18,174.0,301.0,2026-07-31
MarShawn Lloyd,RB,GB,221.35,31.72,163.0,289.0,2026-07-31
David Njoku,TE,LAC,221.47,14.23,183.0,266.0,2026-07-31
Justice Hill,RB,BAL,221.56,29.07,155.0,276.0,2026-07-31
Cade Otton,TE,TB,222.03,16.35,184.0,289.0,2026-07-31
Ollie Gordon II,RB,MIA,222.97,17.7,179.0,301.0,2026-07-31
Keon Coleman,WR,BUF,223.09,24.18,149.0,274.0,2026-07-31
Jaydon Blue,RB,DAL,224.62,30.07,163.0,281.0,2026-07-31
Trey Benson,RB,ARI,225.49,37.15,132.0,317.0,2026-07-31
Isaiah Davis,RB,NYJ,227.47,22.6,168.0,290.0,2026-07-31
Evan Engram,TE,DEN,228.46,17.75,177.0,262.0,2026-07-31
Elijah Sarratt,WR,BAL,228.65,19.68,184.0,286.0,2026-07-31
Malachi Fields,WR,NYG,230.05,26.48,178.0,324.0,2026-07-31
Colby Parkinson,TE,LAR,230.13,14.7,185.0,275.0,2026-07-31
Christian Kirk,WR,SF,230.87,20.2,183.0,288.0,2026-07-31
Demond Claiborne,RB,MIN,230.9,29.9,164.0,317.0,2026-07-31
Ted Hurst III,WR,TB,231.61,30.41,193.0,342.0,2026-07-31
Ty Johnson,RB,BUF,232.3,20.29,200.0,327.0,2026-07-31
Marvin Mims Jr.,WR,DEN,232.58,23.9,191.0,319.0,2026-07-31
Tory Horton,WR,SEA,232.95,22.26,167.0,303.0,2026-07-31
Chris Brooks,RB,GB,235.77,21.99,185.0,278.0,2026-07-31
George Holani,RB,SEA,235.78,32.78,170.0,349.0,2026-07-31
Xavier Legette,WR,CAR,236.08,26.96,191.0,314.0,2026-07-31
Alec Ingold,RB,LAC,238.0,0.0,238.0,238.0,2026-07-31
Darius Slayton,WR,NYG,238.05,27.51,190.0,343.0,2026-07-31
Kyle Williams,WR,NE,238.23,30.56,189.0,332.0,2026-07-31
Devin Neal,RB,NO,239.16,31.4,172.0,348.0,2026-07-31
Kaleb Johnson,RB,PIT,239.4,27.8,165.0,290.0,2026-07-31
Mason Taylor,TE,NYJ,239.69,24.93,189.0,309.0,2026-07-31
Jordan Waters,RB,LAR,240.0,0.0,240.0,240.0,2026-07-31
Chris Brazzell II,WR,CAR,240.18,25.67,174.0,311.0,2026-07-31
Keenan Allen,WR,LAC,240.29,20.18,185.0,265.0,2026-07-31
Eli Stowers,TE,PHI,240.52,23.76,186.0,319.0,2026-07-31
DJ Giddens,RB,IND,240.84,19.27,199.0,292.0,2026-07-31
Tyquan Thornton,WR,KC,241.6,25.1,171.0,291.0,2026-07-31
Mike Gesicki,TE,CIN,241.88,19.14,206.0,305.0,2026-07-31
Theo Johnson,TE,NYG,242.38,23.3,183.0,306.0,2026-07-31
LeQuint Allen Jr.,RB,JAC,242.85,22.78,187.0,324.0,2026-07-31
Mack Hollins,WR,NE,242.98,38.38,170.0,342.0,2026-07-31
Albert Okwuegbunam Jr.,TE,LV,243.0,0.0,243.0,243.0,2026-07-31
Devaughn Vele,WR,NO,243.03,20.0,195.0,328.0,2026-07-31
Jordan James,RB,SF,243.56,30.62,168.0,339.0,2026-07-31
Andrei Iosivas,WR,CIN,244.19,26.66,195.0,305.0,2026-07-31
Joe Flacco,QB,CIN,245.5,49.5,196.0,295.0,2026-07-31
Salvon Ahmed,RB,CHI,246.0,0.0,246.0,246.0,2026-07-31
Samaje Perine,RB,CIN,246.84,30.88,163.0,345.0,2026-07-31
Patrick Ricard,RB,NYG,247.0,0.0,247.0,247.0,2026-07-31
Kendre Miller,RB,NO,247.81,33.61,166.0,318.0,2026-07-31
Brandin Cooks,WR,FA,249.0,0.0,249.0,249.0,2026-07-31
Brashard Smith,RB,KC,249.15,21.29,207.0,317.0,2026-07-31
Jamari Thrash,WR,CLE,250.0,0.0,250.0,250.0,2026-07-31
Jakobie Keeney-James,WR,FA,250.0,0.0,250.0,250.0,2026-07-31
Malik Davis,RB,DAL,250.23,21.2,184.0,291.0,2026-07-31
Jake Bobo,WR,SEA,251.0,30.0,221.0,281.0,2026-07-31
Kaelon Black,RB,SF,251.04,31.75,172.0,300.0,2026-07-31
Alexander Mattison,RB,FA,251.5,37.5,214.0,289.0,2026-07-31
Deon Jackson,RB,FA,252.0,0.0,252.0,252.0,2026-07-31
Hollywood Brown,WR,PHI,252.83,19.4,214.0,310.0,2026-07-31
Sterling Shepard,WR,FA,253.5,80.5,173.0,334.0,2026-07-31
Jerome Ford,RB,WAS,253.8,25.0,178.0,294.0,2026-07-31
Najee Harris,RB,LAC,254.67,24.41,210.0,298.0,2026-07-31
Seth McGowan,RB,IND,255.98,23.31,213.0,299.0,2026-07-31
Clyde Edwards-Helaire,RB,FA,258.0,0.0,258.0,258.0,2026-07-31
Skyler Bell,WR,BUF,258.04,27.26,199.0,343.0,2026-07-31
Jake Tonges,TE,SF,258.12,20.12,203.0,302.0,2026-07-31
Jaleel McLaughlin,RB,DEN,259.34,24.06,187.0,318.0,2026-07-31
Konata Mumpfield,WR,LAR,259.72,27.23,212.0,331.0,2026-07-31
Joe Mixon,RB,FA,259.77,38.62,163.0,323.0,2026-07-31
Emari Demercado,RB,KC,260.05,25.06,175.0,316.0,2026-07-31
Jahan Dotson,WR,ATL,260.27,29.43,188.0,310.0,2026-07-31
Devin Singletary,RB,NYG,260.37,16.31,214.0,299.0,2026-07-31
Derius Davis,WR,LAC,260.5,31.5,229.0,292.0,2026-07-31
Kyle Juszczyk,RB,SF,261.38,42.97,196.0,314.0,2026-07-31
Darnell Washington,TE,PIT,261.82,28.05,193.0,330.0,2026-07-31
Josh Reynolds,WR,FA,262.0,0.0,262.0,262.0,2026-07-31
Isaiah Bond,WR,CLE,262.26,27.62,218.0,351.0,2026-07-31
Ja'Kobi Lane,WR,BAL,262.57,17.47,230.0,304.0,2026-07-31
Oscar Delp,TE,NO,263.6,25.88,233.0,330.0,2026-07-31
Max Bredeson,RB,MIN,264.0,0.0,264.0,264.0,2026-07-31
Joshua Palmer,WR,BUF,264.23,34.59,181.0,336.0,2026-07-31
Adam Randall,RB,BAL,264.32,20.29,221.0,309.0,2026-07-31
Jalen Tolbert,WR,MIA,264.8,39.24,195.0,329.0,2026-07-31
Isaiah Williams,WR,FA,265.0,0.0,265.0,265.0,2026-07-31
Braxton Berrios,WR,NYG,266.0,0.0,266.0,266.0,2026-07-31
Isaac Guerendo,RB,SF,266.51,24.4,211.0,316.0,2026-07-31
Caleb Douglas,WR,MIA,267.11,39.02,186.0,331.0,2026-07-31
Bam Knight,RB,ARI,268.52,28.46,220.0,334.0,2026-07-31
Tahj Brooks,RB,CIN,268.57,20.94,220.0,324.0,2026-07-31
Sione Vaki,RB,DET,269.0,32.42,207.0,296.0,2026-07-31
Cedric Tillman,WR,CLE,269.42,27.44,221.0,339.0,2026-07-31
Tyler Goodson,RB,ATL,269.67,24.39,236.0,293.0,2026-07-31
Mitch Tinsley,WR,CIN,270.0,25.5,245.0,305.0,2026-07-31
Khalil Herbert,RB,FA,270.5,5.5,265.0,276.0,2026-07-31
Jalen Royals,WR,KC,271.68,24.44,234.0,335.0,2026-07-31
Luke McCaffrey,WR,WAS,271.73,24.9,223.0,330.0,2026-07-31
Audric Estime,RB,NO,271.76,21.36,225.0,321.0,2026-07-31
Trevor Etienne,RB,CAR,271.95,14.64,229.0,297.0,2026-07-31
Xavier Smith,WR,LAR,272.5,9.5,263.0,282.0,2026-07-31
Jarquez Hunter,RB,LAR,272.69,17.79,220.0,320.0,2026-07-31
Brittain Brown,RB,CHI,273.0,0.0,273.0,273.0,2026-07-31
Hunter Luepke,RB,DAL,273.25,33.3,232.0,324.0,2026-07-31
Kareem Hunt,RB,FA,273.41,26.36,170.0,352.0,2026-07-31
Elijah Dotson,RB,FA,274.0,0.0,274.0,274.0,2026-07-31
Odell Beckham Jr.,WR,NYG,274.0,62.49,186.0,325.0,2026-07-31
Tyler Higbee,TE,LAR,274.18,24.55,206.0,315.0,2026-07-31
Calvin Austin III,WR,NYG,274.27,36.47,219.0,342.0,2026-07-31
Olamide Zaccheaus,WR,ATL,274.5,27.02,212.0,309.0,2026-07-31
Rasheen Ali,RB,BAL,275.4,45.58,202.0,327.0,2026-07-31
Tez Johnson,WR,TB,275.5,22.35,219.0,326.0,2026-07-31
Raheim Sanders,RB,CLE,275.63,36.09,192.0,326.0,2026-07-31
Kendrick Bourne,WR,ARI,276.61,48.44,198.0,374.0,2026-07-31
Treylon Burks,WR,WAS,276.8,35.53,214.0,334.0,2026-07-31
Jacardia Wright,RB,SEA,277.0,0.0,277.0,277.0,2026-07-31
Adam Prentice,RB,DEN,277.0,0.0,277.0,277.0,2026-07-31
Donovan Edwards,RB,MIA,277.5,27.5,250.0,305.0,2026-07-31
Tyler Lockett,WR,LV,277.5,62.38,187.0,344.0,2026-07-31
Xavier Restrepo,WR,TEN,278.5,14.5,264.0,293.0,2026-07-31
Ashton Dulin,WR,IND,278.8,19.14,242.0,295.0,2026-07-31
Michael Mayer,TE,LV,279.38,24.32,240.0,329.0,2026-07-31
Will Shipley,RB,PHI,279.41,15.17,238.0,319.0,2026-07-31
Phil Mafah,RB,DAL,280.0,35.81,198.0,338.0,2026-07-31
Max Klare,TE,LAR,280.11,19.64,246.0,319.0,2026-07-31
Tim Patrick,WR,NYJ,281.0,0.0,281.0,281.0,2026-07-31
AJ Dillon,RB,CAR,281.0,0.0,281.0,281.0,2026-07-31
Ty Chandler,RB,NO,281.0,25.64,242.0,313.0,2026-07-31
Nick Chubb,RB,FA,281.26,38.67,186.0,336.0,2026-07-31
DeMario Douglas,WR,NE,281.69,38.21,188.0,353.0,2026-07-31
Bryce Lance,WR,NO,282.07,23.93,233.0,328.0,2026-07-31
Elijah Arroyo,TE,SEA,282.14,21.49,246.0,332.0,2026-07-31
Michael Carter,RB,TEN,282.38,34.68,175.0,347.0,2026-07-31
Kalif Raymond,WR,CHI,282.42,28.55,252.0,337.0,2026-07-31
Antonio Gibson,RB,FA,282.5,51.08,234.0,363.0,2026-07-31
Zavier Scott,RB,MIN,282.5,29.69,233.0,312.0,2026-07-31
Ja'Tavion Sanders,TE,CAR,283.13,23.23,246.0,333.0,2026-07-31
John Metchie III,WR,CAR,283.27,35.37,245.0,348.0,2026-07-31
Dont'e Thornton Jr.,WR,LV,283.35,33.7,241.0,336.0,2026-07-31
Frank Gore Jr.,RB,BUF,283.5,43.5,240.0,327.0,2026-07-31
Jawhar Jordan,RB,HOU,283.56,44.99,166.0,342.0,2026-07-31
Charlie Kolar,TE,LAC,283.8,36.61,217.0,321.0,2026-07-31
John Bates,TE,WAS,284.0,36.25,246.0,359.0,2026-07-31
Sincere McCormick,RB,SF,284.0,0.0,284.0,284.0,2026-07-31
Scotty Miller,WR,CHI,284.0,57.0,227.0,341.0,2026-07-31
Raheem Mostert,RB,LV,284.0,4.0,280.0,288.0,2026-07-31
Xavier Hutchinson,WR,HOU,284.0,22.77,253.0,325.0,2026-07-31
Ronnie Rivers,RB,LAR,285.0,38.0,247.0,323.0,2026-07-31
Jacob Saylors,RB,DET,285.0,39.0,246.0,324.0,2026-07-31
Eli Heidenreich,RB,PIT,285.44,26.69,216.0,325.0,2026-07-31
KaVontae Turpin,WR,DAL,285.6,39.61,241.0,362.0,2026-07-31
Jeremy Ruckert,TE,NYJ,286.0,0.0,286.0,286.0,2026-07-31
Drew Sample,TE,CIN,286.0,23.55,262.0,318.0,2026-07-31
Noah Gray,TE,KC,286.65,22.54,231.0,326.0,2026-07-31
Taysom Hill,TE,FA,286.67,66.14,206.0,368.0,2026-07-31
Cole Kmet,TE,CHI,286.8,21.11,250.0,317.0,2026-07-31
Dylan Laube,RB,LV,287.0,43.81,226.0,349.0,2026-07-31
Devontez Walker,WR,BAL,287.17,49.4,236.0,379.0,2026-07-31
Tommy Myers,TE,FA,287.17,40.77,242.0,355.0,2026-07-31
Miles Sanders,RB,FA,287.2,68.21,184.0,373.0,2026-07-31
Terrell Jennings,RB,NE,287.5,24.47,268.0,341.0,2026-07-31
Cash Jones,RB,ATL,287.67,31.75,243.0,314.0,2026-07-31
Kadarius Toney,WR,FA,288.0,0.0,288.0,288.0,2026-07-31
Colbie Young,WR,CIN,288.5,17.57,269.0,307.0,2026-07-31
Austin Ekeler,RB,FA,288.62,42.89,209.0,347.0,2026-07-31
Jeremy McNichols,RB,WAS,289.0,36.16,230.0,327.0,2026-07-31
Harrison Bryant,TE,FA,289.0,0.0,289.0,289.0,2026-07-31
Kalel Mullings,RB,TEN,290.0,0.0,290.0,290.0,2026-07-31
Noah Whittington,RB,HOU,291.0,0.0,291.0,291.0,2026-07-31
Tutu Atwell,WR,MIA,291.93,38.1,221.0,354.0,2026-07-31
Russell Gage Jr.,WR,FA,292.0,0.0,292.0,292.0,2026-07-31
J'Mari Taylor,RB,JAC,292.31,21.91,257.0,338.0,2026-07-31
Brenen Thompson,WR,LAC,292.5,30.5,241.0,352.0,2026-07-31
Reggie Gilliam,RB,NE,292.5,21.5,271.0,314.0,2026-07-31
Dawson Knox,TE,BUF,292.65,23.48,257.0,349.0,2026-07-31
Kevin Coleman Jr.,WR,MIA,293.08,39.29,212.0,351.0,2026-07-31
Jaret Patterson,RB,LAC,293.4,44.85,235.0,343.0,2026-07-31
Darren Waller,TE,FA,293.5,27.17,250.0,337.0,2026-07-31
Erick All Jr.,TE,CIN,293.61,30.85,240.0,344.0,2026-07-31
Quez Watkins,WR,PHI,294.0,0.0,294.0,294.0,2026-07-31
Elijah Tau-Tolliver,RB,BAL,294.5,45.5,249.0,340.0,2026-07-31
Myles Price,WR,MIN,295.0,0.0,295.0,295.0,2026-07-31
Nick Westbrook-Ikhine,WR,IND,295.11,36.62,244.0,343.0,2026-07-31
Jaydn Ott,RB,KC,297.0,33.41,237.0,338.0,2026-07-31
Elijah Mitchell,RB,PHI,297.0,70.86,217.0,386.0,2026-07-31
Jameis Winston,QB,NYG,297.0,0.0,297.0,297.0,2026-07-31
Myles Gaskin,RB,FA,297.0,0.0,297.0,297.0,2026-07-31
Jaylin Lane,WR,WAS,298.0,28.86,256.0,344.0,2026-07-31
Irv Smith Jr.,TE,FA,298.0,0.0,298.0,298.0,2026-07-31
Ronnie Bell,WR,NO,298.0,0.0,298.0,298.0,2026-07-31
Nate Boerkircher,TE,JAC,298.5,3.5,295.0,302.0,2026-07-31
Kendric Pryor,WR,CIN,299.0,0.0,299.0,299.0,2026-07-31
Montorie Foster Jr.,WR,SEA,299.0,0.0,299.0,299.0,2026-07-31
Jahdae Walker,WR,CHI,299.5,18.28,287.0,331.0,2026-07-31
Jared Wiley,TE,KC,299.5,9.5,290.0,309.0,2026-07-31
Cyrus Allen,WR,KC,299.78,36.27,243.0,367.0,2026-07-31
Malik Benson,WR,LV,299.8,53.25,207.0,364.0,2026-07-31
Durham Smythe,TE,BAL,300.0,9.0,291.0,309.0,2026-07-31
Zavion Thomas,WR,CHI,300.0,37.41,252.0,370.0,2026-07-31
Miles Davis,RB,CAR,300.0,0.0,300.0,300.0,2026-07-31
Will Dissly,TE,FA,300.67,42.09,254.0,356.0,2026-07-31
Michael Woods II,WR,DEN,301.0,0.0,301.0,301.0,2026-07-31
Noah Fant,TE,NO,301.0,23.73,250.0,341.0,2026-07-31
Zach Ertz,TE,FA,301.14,31.13,265.0,347.0,2026-07-31
Jonnu Smith,TE,FA,301.17,30.54,273.0,358.0,2026-07-31
Austin Hooper,TE,ATL,301.2,22.85,275.0,339.0,2026-07-31
Justin Joly,TE,DEN,301.83,22.94,262.0,345.0,2026-07-31
Cedrick Wilson Jr.,WR,DET,302.0,0.0,302.0,302.0,2026-07-31
Roschon Johnson,RB,CHI,302.17,27.53,264.0,344.0,2026-07-31
Roman Hemby,RB,LV,303.67,37.46,251.0,335.0,2026-07-31
Savion Williams,WR,GB,303.77,30.46,258.0,372.0,2026-07-31
British Brooks,RB,HOU,304.0,0.0,304.0,304.0,2026-07-31
DeAndre Hopkins,WR,BAL,304.33,74.66,202.0,378.0,2026-07-31
Van Jefferson,WR,WAS,305.0,13.0,292.0,318.0,2026-07-31
Cam Akers,RB,FA,305.0,61.0,244.0,366.0,2026-07-31
Theo Wease Jr.,WR,MIA,305.0,45.0,260.0,350.0,2026-07-31
Eli Raridon,TE,NE,306.0,29.11,256.0,375.0,2026-07-31
Michael Briscoe,WR,MIN,306.0,0.0,306.0,306.0,2026-07-31
Sam Roush,TE,CHI,306.25,8.1,293.0,315.0,2026-07-31
Tanner Hudson,TE,CIN,306.5,6.5,300.0,313.0,2026-07-31
Robert Henry Jr.,RB,WAS,306.67,44.32,244.0,339.0,2026-07-31
Dameon Pierce,RB,PHI,307.0,26.91,277.0,343.0,2026-07-31
Lil'Jordan Humphrey,WR,DEN,307.0,0.0,307.0,307.0,2026-07-31
Dyami Brown,WR,WAS,307.0,39.34,260.0,382.0,2026-07-31
Michael Trigg,TE,DAL,307.25,35.23,267.0,361.0,2026-07-31
Michael Bandy,WR,DEN,308.0,0.0,308.0,308.0,2026-07-31
Tyler Conklin,TE,DET,309.0,12.0,297.0,321.0,2026-07-31
Moliki Matavao,TE,NO,309.0,20.0,289.0,329.0,2026-07-31
Devonte Boyd,WR,FA,309.5,39.5,270.0,349.0,2026-07-31
Luke Schoonmaker,TE,DAL,309.67,20.29,281.0,325.0,2026-07-31
Jam Miller,RB,NE,310.14,16.56,277.0,324.0,2026-07-31
David Sills V,WR,TB,311.0,0.0,311.0,311.0,2026-07-31
Mecole Hardman Jr.,WR,BUF,311.0,0.0,311.0,311.0,2026-07-31
Diontae Johnson,WR,FA,311.0,0.0,311.0,311.0,2026-07-31
Ben Sinnott,TE,WAS,311.36,20.84,272.0,340.0,2026-07-31
Josh Whyle,TE,GB,312.0,0.0,312.0,312.0,2026-07-31
Will Kacmarek,TE,MIA,312.0,0.0,312.0,312.0,2026-07-31
Cade Stover,TE,HOU,312.67,24.31,294.0,347.0,2026-07-31
Marlin Klein,TE,HOU,312.8,21.92,286.0,350.0,2026-07-31
Jordan Whittington,WR,LAR,312.9,32.31,257.0,371.0,2026-07-31
Luke Musgrave,TE,GB,313.0,15.72,269.0,338.0,2026-07-31
Josh Oliver,TE,MIN,314.0,18.42,284.0,339.0,2026-07-31
Greg Dortch,WR,DET,314.14,34.57,257.0,351.0,2026-07-31
Roman Wilson,WR,PIT,314.5,12.5,302.0,327.0,2026-07-31
Tommy Tremble,TE,CAR,314.91,15.08,300.0,345.0,2026-07-31
Jack Endries,TE,CIN,315.0,0.0,315.0,315.0,2026-07-31
Desmond Reid,RB,FA,315.0,0.0,315.0,315.0,2026-07-31
CJ Daniels,WR,LAR,316.0,30.81,272.0,352.0,2026-07-31
Mo Alie-Cox,TE,IND,316.5,14.4,296.0,334.0,2026-07-31
Xavier Weaver,WR,ARI,317.0,0.0,317.0,317.0,2026-07-31
Evan Hull,RB,HOU,317.0,0.0,317.0,317.0,2026-07-31
Deion Burks,WR,IND,317.0,30.01,269.0,381.0,2026-07-31
Myles Montgomery,RB,NE,317.0,33.67,253.0,343.0,2026-07-31
Michael Wortham,WR,JAC,319.0,0.0,319.0,319.0,2026-07-31
Tanner Koziol,TE,JAC,319.0,0.0,319.0,319.0,2026-07-31
Will Mallory,TE,IND,320.0,0.0,320.0,320.0,2026-07-31
Velus Jones Jr.,WR,SEA,320.0,0.0,320.0,320.0,2026-07-31
Brock Wright,TE,DET,321.0,5.0,316.0,326.0,2026-07-31
Damien Martinez,RB,GB,322.0,23.91,283.0,343.0,2026-07-31
Elijah Moore,WR,PHI,322.5,33.38,266.0,351.0,2026-07-31
Daniel Bellinger,TE,TEN,323.0,20.91,277.0,349.0,2026-07-31
Dean Connors,RB,LAR,323.0,0.0,323.0,323.0,2026-07-31
Zamir White,RB,LV,323.0,0.0,323.0,323.0,2026-07-31
Mitchell Evans,TE,CAR,323.63,16.22,301.0,351.0,2026-07-31
Thomas Fidone II,TE,NYG,324.0,34.55,285.0,369.0,2026-07-31
Elijah Higgins,TE,ARI,324.75,17.23,306.0,357.0,2026-07-31
Demarcus Robinson,WR,SF,325.0,22.56,288.0,346.0,2026-07-31
Adam Trautman,TE,DEN,325.6,22.86,288.0,348.0,2026-07-31
Jackson Hawes,TE,BUF,326.0,0.0,326.0,326.0,2026-07-31
Nate Adkins,TE,DEN,327.0,0.0,327.0,327.0,2026-07-31
Kaden Wetjen,WR,PIT,327.0,0.0,327.0,327.0,2026-07-31
Jordan Akins,TE,FA,327.0,0.0,327.0,327.0,2026-07-31
Skyy Moore,WR,GB,328.0,0.0,328.0,328.0,2026-07-31
Chip Trayanum,RB,NYJ,329.0,0.0,329.0,329.0,2026-07-31
Anthony Gould,WR,IND,331.0,0.0,331.0,331.0,2026-07-31
Michael Burton,RB,CLE,332.0,0.0,332.0,332.0,2026-07-31
Jimmy Horn Jr.,WR,CAR,332.5,4.5,328.0,337.0,2026-07-31
Arian Smith,WR,NYJ,333.0,0.0,333.0,333.0,2026-07-31
Davis Allen,TE,LAR,334.0,0.0,334.0,334.0,2026-07-31
Miles Kitselman,TE,DET,334.0,0.0,334.0,334.0,2026-07-31
Reggie Virgil,WR,ARI,334.0,0.0,334.0,334.0,2026-07-31
Ja'Lynn Polk,WR,NO,335.0,0.0,335.0,335.0,2026-07-31
KeAndre Lambert-Smith,WR,LAC,341.0,0.0,341.0,341.0,2026-07-31
Tyler Badie,RB,DEN,342.0,0.0,342.0,342.0,2026-07-31
Jermar Jefferson,RB,FA,344.0,0.0,344.0,344.0,2026-07-31
Corey Kiner,RB,ARI,344.0,0.0,344.0,344.0,2026-07-31
Joshua Pitsenberger,RB,HOU,348.0,0.0,348.0,348.0,2026-07-31
Khalil Dinkins,TE,FA,350.0,0.0,350.0,350.0,2026-07-31
Marquez Valdes-Scantling,WR,DAL,353.0,7.0,346.0,360.0,2026-07-31
Jermaine Burton,WR,FA,356.0,28.0,328.0,384.0,2026-07-31
Jacob Cowing,WR,SF,357.0,20.0,337.0,377.0,2026-07-31
Tai Felton,WR,MIN,358.0,25.0,333.0,383.0,2026-07-31
Gus Edwards,RB,FA,365.0,0.0,365.0,365.0,2026-07-31
Curtis Samuel,WR,FA,376.0,0.0,376.0,376.0,2026-07-31
Gabe Davis,WR,FA,380.0,0.0,380.0,380.0,2026-07-31
Juice Wells Jr.,WR,ATL,385.0,0.0,385.0,385.0,2026-07-31
Trey Sermon,RB,FA,387.0,0.0,387.0,387.0,2026-07-31
Ja'Quinden Jackson,RB,FA,388.0,0.0,388.0,388.0,2026-07-31
Josh Allen,QB,BUF,1.02,0.15,1.0,2.0,2026-07-24
Lamar Jackson,QB,BAL,2.78,1.17,1.0,8.0,2026-07-24
Drake Maye,QB,NE,3.16,1.1,2.0,7.0,2026-07-24
Joe Burrow,QB,CIN,4.65,2.56,2.0,19.0,2026-07-24
Jayden Daniels,QB,WAS,6.66,3.58,3.0,18.0,2026-07-24
Jalen Hurts,QB,PHI,7.16,3.47,2.0,18.0,2026-07-24
Ja'Marr Chase,WR,CIN,7.72,2.44,6.0,12.0,2026-07-24
Puka Nacua,WR,LAR,10.84,2.63,6.0,20.0,2026-07-24
Justin Herbert,QB,LAC,11.02,5.52,4.0,32.0,2026-07-24
Bijan Robinson,RB,ATL,11.41,3.5,4.0,37.0,2026-07-24
Caleb Williams,QB,CHI,11.46,5.21,3.0,26.0,2026-07-24
Jahmyr Gibbs,RB,DET,11.66,2.53,5.0,22.0,2026-07-24
Jaxon Smith-Njigba,WR,SEA,12.12,2.12,6.0,20.0,2026-07-24
Dak Prescott,QB,DAL,14.76,5.4,7.0,30.0,2026-07-24
Trevor Lawrence,QB,JAC,14.77,5.48,7.0,31.0,2026-07-24
Amon-Ra St. Brown,WR,DET,15.26,4.12,11.0,41.0,2026-07-24
Christian McCaffrey,RB,SF,19.37,7.77,10.0,45.0,2026-07-24
Jaxson Dart,QB,NYG,20.77,7.46,8.0,39.0,2026-07-24
CeeDee Lamb,WR,DAL,20.89,4.61,14.0,44.0,2026-07-24
Brock Purdy,QB,SF,21.12,5.18,9.0,38.0,2026-07-24
Justin Jefferson,WR,MIN,21.21,4.69,12.0,46.0,2026-07-24
Jonathan Taylor,RB,IND,25.24,8.41,14.0,48.0,2026-07-24
Drake London,WR,ATL,25.37,5.21,20.0,49.0,2026-07-24
Bo Nix,QB,DEN,25.74,5.89,13.0,41.0,2026-07-24
Patrick Mahomes II,QB,KC,26.77,7.36,8.0,55.0,2026-07-24
A.J. Brown,WR,NE,28.6,7.73,20.0,61.0,2026-07-24
Nico Collins,WR,HOU,29.56,5.64,23.0,50.0,2026-07-24
Matthew Stafford,QB,LAR,29.83,9.14,8.0,55.0,2026-07-24
Ashton Jeanty,RB,LV,30.72,9.27,15.0,61.0,2026-07-24
Trey McBride,TE,ARI,33.76,5.74,30.0,54.0,2026-07-24
George Pickens,WR,DAL,33.84,6.34,21.0,57.0,2026-07-24
James Cook III,RB,BUF,34.21,10.17,15.0,59.0,2026-07-24
Jared Goff,QB,DET,34.24,9.5,8.0,55.0,2026-07-24
De'Von Achane,RB,MIA,34.98,9.75,13.0,68.0,2026-07-24
Chase Brown,RB,CIN,35.99,7.68,22.0,55.0,2026-07-24
Chris Olave,WR,NO,36.45,9.32,23.0,69.0,2026-07-24
Rashee Rice,WR,KC,37.23,9.73,23.0,63.0,2026-07-24
Brock Bowers,TE,LV,38.09,4.7,25.0,60.0,2026-07-24
Kyler Murray,QB,MIN,38.59,12.15,14.0,66.0,2026-07-24
Omarion Hampton,RB,LAC,40.85,8.6,22.0,67.0,2026-07-24
DeVonta Smith,WR,PHI,41.28,8.72,23.0,63.0,2026-07-24
Saquon Barkley,RB,PHI,42.62,8.64,22.0,67.0,2026-07-24
Jordan Love,QB,GB,45.1,9.13,20.0,60.0,2026-07-24
Baker Mayfield,QB,TB,46.07,10.66,18.0,60.0,2026-07-24
Garrett Wilson,WR,NYJ,46.34,7.19,28.0,68.0,2026-07-24
Tetairoa McMillan,WR,CAR,47.17,9.51,28.0,72.0,2026-07-24
Zay Flowers,WR,BAL,48.05,10.25,23.0,67.0,2026-07-24
Kenneth Walker III,RB,KC,48.17,9.74,27.0,80.0,2026-07-24
Tyler Shough,QB,NO,48.43,9.84,29.0,66.0,2026-07-24
Tee Higgins,WR,CIN,49.96,8.2,35.0,69.0,2026-07-24
Ladd McConkey,WR,LAC,52.34,8.42,30.0,76.0,2026-07-24
Jeremiyah Love,RB,ARI,53.6,10.59,38.0,92.0,2026-07-24
Malik Willis,QB,MIA,55.2,13.79,21.0,94.0,2026-07-24
Colston Loveland,TE,CHI,56.02,16.18,39.0,106.0,2026-07-24
Jaylen Waddle,WR,DEN,56.05,8.85,34.0,80.0,2026-07-24
Emeka Egbuka,WR,TB,56.37,10.65,27.0,82.0,2026-07-24
Derrick Henry,RB,BAL,56.66,9.76,25.0,81.0,2026-07-24
Malik Nabers,WR,NYG,57.17,17.05,21.0,100.0,2026-07-24
Breece Hall,RB,NYJ,58.72,7.77,47.0,88.0,2026-07-24
C.J. Stroud,QB,HOU,61.09,9.42,22.0,83.0,2026-07-24
Kyren Williams,RB,LAR,61.32,8.72,40.0,77.0,2026-07-24
Terry McLaurin,WR,WAS,61.38,8.46,44.0,82.0,2026-07-24
Sam Darnold,QB,SEA,62.52,7.84,24.0,94.0,2026-07-24
Josh Jacobs,RB,GB,62.73,8.82,42.0,81.0,2026-07-24
Luther Burden III,WR,CHI,64.21,7.96,45.0,84.0,2026-07-24
Cam Ward,QB,TEN,67.22,8.33,33.0,94.0,2026-07-24
Javonte Williams,RB,DAL,67.73,7.8,48.0,81.0,2026-07-24
Travis Etienne Jr.,RB,NO,68.06,10.5,42.0,95.0,2026-07-24
Davante Adams,WR,LAR,68.73,7.38,53.0,90.0,2026-07-24
Mike Evans,WR,SF,71.9,12.22,52.0,123.0,2026-07-24
Bryce Young,QB,CAR,72.0,8.87,30.0,94.0,2026-07-24
Daniel Jones,QB,IND,72.37,14.33,26.0,127.0,2026-07-24
DJ Moore,WR,BUF,72.91,13.13,35.0,117.0,2026-07-24
Jameson Williams,WR,DET,73.95,8.0,52.0,110.0,2026-07-24
Tyler Warren,TE,IND,74.68,11.98,47.0,104.0,2026-07-24
Cam Skattebo,RB,NYG,75.4,9.05,54.0,99.0,2026-07-24
Bucky Irving,RB,TB,78.72,9.56,49.0,103.0,2026-07-24
Christian Watson,WR,GB,78.95,11.43,59.0,123.0,2026-07-24
Rome Odunze,WR,CHI,80.35,10.06,57.0,117.0,2026-07-24
TreVeyon Henderson,RB,NE,81.06,11.46,49.0,105.0,2026-07-24
Quinshon Judkins,RB,CLE,81.41,9.21,52.0,98.0,2026-07-24
D'Andre Swift,RB,CHI,82.84,7.76,67.0,99.0,2026-07-24
David Montgomery,RB,HOU,85.11,11.35,61.0,120.0,2026-07-24
Carnell Tate,WR,TEN,85.12,25.93,52.0,195.0,2026-07-24
Jacoby Brissett,QB,ARI,85.83,19.76,27.0,127.0,2026-07-24
Marvin Harrison Jr.,WR,ARI,87.52,12.35,62.0,123.0,2026-07-24
Bhayshul Tuten,RB,JAC,93.66,11.24,74.0,132.0,2026-07-24
Tucker Kraft,TE,GB,93.79,10.98,64.0,121.0,2026-07-24
Jaylen Warren,RB,PIT,93.93,5.39,79.0,108.0,2026-07-24
Harold Fannin Jr.,TE,CLE,95.38,10.7,78.0,127.0,2026-07-24
DK Metcalf,WR,PIT,95.71,12.66,69.0,129.0,2026-07-24
Courtland Sutton,WR,DEN,96.62,12.76,68.0,122.0,2026-07-24
Alec Pierce,WR,IND,96.7,13.39,72.0,128.0,2026-07-24
Jadarian Price,RB,SEA,96.83,9.46,66.0,116.0,2026-07-24
Aaron Rodgers,QB,PIT,97.01,23.67,29.0,177.0,2026-07-24
Brian Thomas Jr.,WR,JAC,98.88,14.02,72.0,127.0,2026-07-24
Kyle Pitts Sr.,TE,ATL,99.38,9.15,86.0,121.0,2026-07-24
Chris Godwin Jr.,WR,TB,100.12,11.08,80.0,126.0,2026-07-24
Tony Pollard,RB,TEN,101.78,8.12,79.0,130.0,2026-07-24
Rhamondre Stevenson,RB,NE,102.79,7.4,88.0,120.0,2026-07-24
Geno Smith,QB,NYJ,103.13,27.92,31.0,184.0,2026-07-24
Michael Pittman Jr.,WR,PIT,103.15,11.33,68.0,129.0,2026-07-24
Chuba Hubbard,RB,CAR,103.34,11.61,85.0,138.0,2026-07-24
Jordyn Tyson,WR,NO,105.13,22.8,80.0,201.0,2026-07-24
Wan'Dale Robinson,WR,TEN,106.26,14.01,69.0,148.0,2026-07-24
RJ Harvey,RB,DEN,106.34,16.39,54.0,145.0,2026-07-24
Sam LaPorta,TE,DET,106.44,8.67,86.0,126.0,2026-07-24
Rico Dowdle,RB,PIT,106.73,8.99,83.0,130.0,2026-07-24
Parker Washington,WR,JAC,107.27,16.01,73.0,149.0,2026-07-24
Michael Wilson,WR,ARI,107.67,11.58,84.0,139.0,2026-07-24
Josh Downs,WR,IND,112.5,14.76,72.0,139.0,2026-07-24
Jakobi Meyers,WR,JAC,112.65,12.42,84.0,146.0,2026-07-24
Fernando Mendoza,QB,LV,114.54,31.96,36.0,192.0,2026-07-24
Makai Lemon,WR,PHI,115.32,21.23,84.0,190.0,2026-07-24
Ricky Pearsall,WR,SF,115.95,14.38,89.0,167.0,2026-07-24
Travis Kelce,TE,KC,117.07,12.53,93.0,153.0,2026-07-24
Kyle Monangai,RB,CHI,117.16,9.34,98.0,134.0,2026-07-24
Kenny Gainwell,RB,TB,118.05,13.77,94.0,152.0,2026-07-24
Quentin Johnston,WR,LAC,118.66,12.42,82.0,140.0,2026-07-24
George Kittle,TE,SF,120.83,19.28,47.0,163.0,2026-07-24
J.K. Dobbins,RB,DEN,121.23,12.01,96.0,154.0,2026-07-24
Jake Ferguson,TE,DAL,121.49,10.76,93.0,153.0,2026-07-24
Jordan Addison,WR,MIN,121.71,8.98,100.0,146.0,2026-07-24
Rachaad White,RB,WAS,123.39,14.03,88.0,156.0,2026-07-24
Aaron Jones Sr.,RB,MIN,123.85,12.82,97.0,152.0,2026-07-24
Blake Corum,RB,LAR,124.34,10.88,104.0,155.0,2026-07-24
Jayden Reed,WR,GB,125.61,10.73,100.0,157.0,2026-07-24
Dalton Kincaid,TE,BUF,128.34,12.78,104.0,164.0,2026-07-24
Khalil Shakir,WR,BUF,130.55,10.52,107.0,157.0,2026-07-24
Isaiah Likely,TE,NYG,131.3,21.35,104.0,215.0,2026-07-24
Tua Tagovailoa,QB,ATL,132.65,32.31,35.0,184.0,2026-07-24
Xavier Worthy,WR,KC,134.33,9.85,106.0,151.0,2026-07-24
Jayden Higgins,WR,HOU,134.78,10.0,110.0,162.0,2026-07-24
Dallas Goedert,TE,PHI,135.67,16.15,113.0,206.0,2026-07-24
Jonathon Brooks,RB,CAR,136.07,25.38,97.0,214.0,2026-07-24
Jacory Croskey-Merritt,RB,WAS,136.63,9.47,102.0,165.0,2026-07-24
Michael Penix Jr.,QB,ATL,137.25,34.99,40.0,268.0,2026-07-24
Jordan Mason,RB,MIN,138.56,9.89,118.0,163.0,2026-07-24
Romeo Doubs,WR,NE,141.87,13.21,112.0,175.0,2026-07-24
Mark Andrews,TE,BAL,142.52,16.83,115.0,185.0,2026-07-24
KC Concepcion,WR,CLE,143.0,32.5,101.0,269.0,2026-07-24
Jalen Coker,WR,CAR,143.09,13.74,123.0,195.0,2026-07-24
Tyrone Tracy Jr.,RB,NYG,143.27,8.97,129.0,168.0,2026-07-24
Matthew Golden,WR,GB,146.87,15.17,111.0,188.0,2026-07-24
Woody Marks,RB,HOU,147.66,16.17,103.0,210.0,2026-07-24
Tyler Allgeier,RB,ARI,149.94,14.27,130.0,229.0,2026-07-24
Zach Charbonnet,RB,SEA,151.06,17.97,88.0,216.0,2026-07-24
Tyjae Spears,RB,TEN,152.0,11.07,130.0,188.0,2026-07-24
Deshaun Watson,QB,CLE,152.57,41.96,34.0,278.0,2026-07-24
Chris Rodriguez Jr.,RB,JAC,152.95,18.15,111.0,211.0,2026-07-24
Dylan Sampson,RB,CLE,153.21,9.24,132.0,181.0,2026-07-24
Juwan Johnson,TE,NO,153.91,17.81,106.0,189.0,2026-07-24
Isiah Pacheco,RB,DET,155.07,9.05,131.0,172.0,2026-07-24
Alvin Kamara,RB,NO,156.62,15.7,120.0,211.0,2026-07-24
Rashid Shaheed,WR,SEA,157.56,15.6,134.0,254.0,2026-07-24
Brenton Strange,TE,JAC,157.84,17.09,121.0,209.0,2026-07-24
Jauan Jennings,WR,MIN,158.49,20.25,110.0,243.0,2026-07-24
Shedeur Sanders,QB,CLE,158.74,38.26,38.0,277.0,2026-07-24
Carson Beck,QB,ARI,158.8,61.58,39.0,216.0,2026-07-24
J.J. McCarthy,QB,MIN,160.87,53.7,70.0,284.0,2026-07-24
Jerry Jeudy,WR,CLE,161.43,15.56,124.0,218.0,2026-07-24
Denzel Boston,WR,CLE,161.96,26.82,128.0,272.0,2026-07-24
Chig Okonkwo,TE,WAS,162.51,24.87,109.0,230.0,2026-07-24
Omar Cooper Jr.,WR,NYJ,163.4,24.51,131.0,271.0,2026-07-24
Stefon Diggs,WR,FA,163.88,35.74,89.0,278.0,2026-07-24
Hunter Henry,TE,NE,165.4,18.36,115.0,209.0,2026-07-24
Jonah Coleman,RB,DEN,165.51,22.32,138.0,282.0,2026-07-24
Oronde Gadsden II,TE,LAC,165.96,27.6,113.0,228.0,2026-07-24
Keaton Mitchell,RB,LAC,166.77,22.09,134.0,254.0,2026-07-24
Kirk Cousins,QB,LV,168.87,31.15,83.0,282.0,2026-07-24
Jalen McMillan,WR,TB,170.69,20.94,144.0,269.0,2026-07-24
Travis Hunter,WR,JAC,171.06,27.2,102.0,255.0,2026-07-24
Adonai Mitchell,WR,NYJ,171.23,19.82,143.0,278.0,2026-07-24
Mac Jones,QB,SF,172.13,50.63,118.0,287.0,2026-07-24
Braelon Allen,RB,NYJ,172.38,21.63,132.0,290.0,2026-07-24
Tre Tucker,WR,LV,173.89,20.76,123.0,251.0,2026-07-24
Brian Robinson Jr.,RB,ATL,173.95,19.6,149.0,295.0,2026-07-24
Tank Bigsby,RB,PHI,175.62,16.68,146.0,220.0,2026-07-24
Dalton Schultz,TE,HOU,177.33,17.83,126.0,237.0,2026-07-24
Tre' Harris,WR,LAC,178.58,19.25,146.0,254.0,2026-07-24
Marcus Mariota,QB,WAS,180.0,0.0,180.0,180.0,2026-07-24
Deebo Samuel Sr.,WR,FA,182.41,28.48,136.0,269.0,2026-07-24
Riley Leonard,QB,IND,184.0,0.0,184.0,184.0,2026-07-24
Troy Franklin,WR,DEN,184.33,25.03,137.0,270.0,2026-07-24
T.J. Hockenson,TE,MIN,184.46,12.76,148.0,223.0,2026-07-24
Ryan Flournoy,WR,DAL,184.74,21.11,157.0,297.0,2026-07-24
James Conner,RB,ARI,185.28,35.88,103.0,319.0,2026-07-24
Kayshon Boutte,WR,NE,186.8,17.06,158.0,242.0,2026-07-24
Antonio Williams,WR,WAS,187.3,31.68,133.0,285.0,2026-07-24
Jaylin Noel,WR,HOU,188.15,21.6,145.0,258.0,2026-07-24
Emmett Johnson,RB,KC,190.52,27.74,154.0,283.0,2026-07-24
Kimani Vidal,RB,LAC,192.3,23.59,162.0,291.0,2026-07-24
Isaac TeSlaa,WR,DET,192.5,17.73,169.0,260.0,2026-07-24
Emanuel Wilson,RB,SEA,192.64,29.12,153.0,321.0,2026-07-24
Calvin Ridley,WR,TEN,193.17,22.63,147.0,281.0,2026-07-24
Mike Washington Jr.,RB,LV,193.97,25.51,152.0,289.0,2026-07-24
Jalen Nailor,WR,LV,194.57,34.24,123.0,275.0,2026-07-24
Ray Davis,RB,BUF,194.68,21.81,153.0,262.0,2026-07-24
Ty Simpson,QB,LAR,195.4,24.82,182.0,245.0,2026-07-24
Darnell Mooney,WR,NYG,195.96,17.42,158.0,260.0,2026-07-24
Kenyon Sadiq,TE,NYJ,196.63,26.36,148.0,350.0,2026-07-24
AJ Barner,TE,SEA,197.28,15.87,152.0,228.0,2026-07-24
Brandon Aiyuk,WR,SF,198.53,34.84,144.0,296.0,2026-07-24
Pat Bryant,WR,DEN,199.09,19.07,170.0,281.0,2026-07-24
Dontayvion Wicks,WR,PHI,199.57,16.93,157.0,257.0,2026-07-24
Justin Fields,QB,KC,200.67,42.7,177.0,296.0,2026-07-24
Anthony Richardson Sr.,QB,IND,200.8,45.65,176.0,292.0,2026-07-24
Sean Tucker,RB,TB,200.97,28.3,152.0,324.0,2026-07-24
Gunnar Helm,TE,TEN,201.8,18.45,166.0,255.0,2026-07-24
Malik Washington,WR,MIA,201.9,28.97,124.0,265.0,2026-07-24
Nicholas Singleton,RB,TEN,202.17,29.56,147.0,284.0,2026-07-24
Greg Dulcich,TE,MIA,202.36,35.03,142.0,274.0,2026-07-24
Joe Milton III,QB,DAL,204.6,46.71,180.0,298.0,2026-07-24
Kaytron Allen,RB,WAS,205.64,30.62,161.0,287.0,2026-07-24
Chimere Dike,WR,TEN,207.43,33.11,149.0,325.0,2026-07-24
Tank Dell,WR,HOU,207.87,19.2,170.0,249.0,2026-07-24
Cooper Kupp,WR,SEA,209.29,20.98,167.0,265.0,2026-07-24
Germie Bernard,WR,PIT,211.12,26.5,172.0,284.0,2026-07-24
Jaylen Wright,RB,MIA,211.92,21.92,162.0,325.0,2026-07-24
Tyreek Hill,WR,FA,211.98,42.82,128.0,300.0,2026-07-24
Rashod Bateman,WR,BAL,213.6,20.62,171.0,263.0,2026-07-24
Chris Bell,WR,MIA,217.03,26.02,160.0,276.0,2026-07-24
Zachariah Branch,WR,ATL,217.77,26.3,157.0,304.0,2026-07-24
De'Zhaun Stribling,WR,SF,218.0,36.03,158.0,346.0,2026-07-24
Justice Hill,RB,BAL,219.51,31.34,154.0,292.0,2026-07-24
Pat Freiermuth,TE,PIT,219.78,17.29,161.0,279.0,2026-07-24
Elic Ayomanor,WR,TEN,220.63,31.75,160.0,298.0,2026-07-24
Cade Otton,TE,TB,220.89,16.88,175.0,289.0,2026-07-24
Jack Bech,WR,LV,221.47,24.27,169.0,308.0,2026-07-24
Ollie Gordon II,RB,MIA,221.96,19.82,176.0,327.0,2026-07-24
David Njoku,TE,LAC,222.57,17.68,181.0,303.0,2026-07-24
MarShawn Lloyd,RB,GB,224.05,34.4,157.0,322.0,2026-07-24
Terrance Ferguson,TE,LAR,224.76,23.28,190.0,345.0,2026-07-24
Keon Coleman,WR,BUF,225.42,23.62,177.0,274.0,2026-07-24
Elijah Sarratt,WR,BAL,227.06,22.34,174.0,286.0,2026-07-24
Christian Kirk,WR,SF,227.6,20.68,176.0,288.0,2026-07-24
Malachi Fields,WR,NYG,228.58,28.73,157.0,308.0,2026-07-24
Ty Johnson,RB,BUF,229.05,25.29,166.0,327.0,2026-07-24
Colby Parkinson,TE,LAR,229.99,15.67,187.0,273.0,2026-07-24
Evan Engram,TE,DEN,231.11,16.61,177.0,262.0,2026-07-24
Ted Hurst III,WR,TB,231.23,31.21,178.0,342.0,2026-07-24
Marvin Mims Jr.,WR,DEN,231.61,27.47,189.0,349.0,2026-07-24
Trey Benson,RB,ARI,231.7,39.39,131.0,314.0,2026-07-24
Isaiah Davis,RB,NYJ,231.79,21.79,189.0,293.0,2026-07-24
Jaydon Blue,RB,DAL,232.31,29.24,168.0,333.0,2026-07-24
Demond Claiborne,RB,MIN,232.7,29.66,164.0,317.0,2026-07-24
Chris Brazzell II,WR,CAR,233.59,23.66,171.0,287.0,2026-07-24
Xavier Legette,WR,CAR,234.42,27.04,180.0,295.0,2026-07-24
Devin Neal,RB,NO,235.81,30.63,168.0,318.0,2026-07-24
DJ Giddens,RB,IND,236.59,24.59,155.0,328.0,2026-07-24
Chris Brooks,RB,GB,236.63,26.79,162.0,301.0,2026-07-24
Tory Horton,WR,SEA,236.84,22.03,199.0,327.0,2026-07-24
Alec Ingold,RB,LAC,238.0,0.0,238.0,238.0,2026-07-24
Darius Slayton,WR,NYG,238.12,29.87,179.0,343.0,2026-07-24
Eli Stowers,TE,PHI,238.4,27.36,154.0,319.0,2026-07-24
Mike Gesicki,TE,CIN,238.63,18.83,206.0,290.0,2026-07-24
LeQuint Allen Jr.,RB,JAC,238.66,24.83,185.0,303.0,2026-07-24
Jameis Winston,QB,NYG,239.5,57.5,182.0,297.0,2026-07-24
Kaleb Johnson,RB,PIT,239.82,34.59,159.0,332.0,2026-07-24
Andrei Iosivas,WR,CIN,240.33,28.3,180.0,305.0,2026-07-24
Mason Taylor,TE,NYJ,241.11,25.33,189.0,309.0,2026-07-24
Kyle Williams,WR,NE,241.17,33.7,187.0,344.0,2026-07-24
Keenan Allen,WR,LAC,241.43,21.13,185.0,272.0,2026-07-24
Jordan James,RB,SF,242.32,31.25,156.0,339.0,2026-07-24
George Holani,RB,SEA,242.67,33.75,166.0,349.0,2026-07-24
Samaje Perine,RB,CIN,242.85,34.25,159.0,345.0,2026-07-24
Devaughn Vele,WR,NO,243.1,20.72,201.0,328.0,2026-07-24
Theo Johnson,TE,NYG,243.92,24.44,184.0,318.0,2026-07-24
Tyquan Thornton,WR,KC,244.08,25.05,171.0,328.0,2026-07-24
Mack Hollins,WR,NE,245.38,35.72,181.0,333.0,2026-07-24
Joe Flacco,QB,CIN,245.5,49.5,196.0,295.0,2026-07-24
Malik Davis,RB,DAL,245.51,27.05,172.0,335.0,2026-07-24
Brashard Smith,RB,KC,246.46,21.93,204.0,291.0,2026-07-24
Patrick Ricard,RB,NYG,247.0,0.0,247.0,247.0,2026-07-24
Jamari Thrash,WR,CLE,250.0,0.0,250.0,250.0,2026-07-24
Kaelon Black,RB,SF,251.06,30.3,179.0,306.0,2026-07-24
Jerome Ford,RB,WAS,252.17,26.24,178.0,299.0,2026-07-24
Najee Harris,RB,LAC,252.48,25.98,182.0,291.0,2026-07-24
Skyler Bell,WR,BUF,253.0,28.55,191.0,331.0,2026-07-24
Kendre Miller,RB,NO,254.02,33.37,166.0,318.0,2026-07-24
Hollywood Brown,WR,PHI,254.38,18.07,218.0,320.0,2026-07-24
Jake Tonges,TE,SF,254.74,19.31,210.0,314.0,2026-07-24
AJ Dillon,RB,CAR,255.0,0.0,255.0,255.0,2026-07-24
Seth McGowan,RB,IND,255.38,27.15,202.0,338.0,2026-07-24
Jaleel McLaughlin,RB,DEN,255.91,24.27,187.0,299.0,2026-07-24
Ja'Kobi Lane,WR,BAL,256.3,23.94,177.0,319.0,2026-07-24
Kyle Juszczyk,RB,SF,256.71,43.47,206.0,314.0,2026-07-24
Emari Demercado,RB,KC,258.18,26.22,172.0,292.0,2026-07-24
Tim Patrick,WR,NYJ,259.0,22.0,237.0,281.0,2026-07-24
Darnell Washington,TE,PIT,259.78,24.79,211.0,330.0,2026-07-24
Odell Beckham Jr.,WR,NYG,260.0,63.97,173.0,325.0,2026-07-24
Jahan Dotson,WR,ATL,260.26,35.18,186.0,326.0,2026-07-24
Konata Mumpfield,WR,LAR,260.8,31.64,210.0,342.0,2026-07-24
Devin Singletary,RB,NYG,261.42,17.49,214.0,320.0,2026-07-24
Isaiah Bond,WR,CLE,261.77,26.94,210.0,341.0,2026-07-24
Joshua Palmer,WR,BUF,262.1,43.83,181.0,336.0,2026-07-24
Adam Randall,RB,BAL,262.21,22.02,202.0,317.0,2026-07-24
Joe Mixon,RB,FA,262.4,31.51,159.0,294.0,2026-07-24
Isaac Guerendo,RB,SF,263.2,28.07,192.0,338.0,2026-07-24
Max Bredeson,RB,MIN,264.0,0.0,264.0,264.0,2026-07-24
Tahj Brooks,RB,CIN,264.75,24.45,179.0,324.0,2026-07-24
Isaiah Williams,WR,FA,265.0,0.0,265.0,265.0,2026-07-24
Jalen Tolbert,WR,MIA,265.32,34.55,205.0,329.0,2026-07-24
Jabari Small,RB,DET,266.0,0.0,266.0,266.0,2026-07-24
Braxton Berrios,WR,NYG,266.0,0.0,266.0,266.0,2026-07-24
Caleb Douglas,WR,MIA,266.17,38.68,196.0,331.0,2026-07-24
Kendrick Bourne,WR,ARI,267.75,49.4,202.0,374.0,2026-07-24
Oscar Delp,TE,NO,267.76,28.44,210.0,330.0,2026-07-24
Cedric Tillman,WR,CLE,269.27,27.44,218.0,342.0,2026-07-24
Olamide Zaccheaus,WR,ATL,269.3,30.12,210.0,342.0,2026-07-24
Kendrick Law,WR,DET,270.0,0.0,270.0,270.0,2026-07-24
Graig Cooper,RB,FA,270.0,0.0,270.0,270.0,2026-07-24
Jeremy McNichols,RB,WAS,270.2,46.43,214.0,327.0,2026-07-24
Devontez Walker,WR,BAL,270.29,48.0,220.0,379.0,2026-07-24
Luke McCaffrey,WR,WAS,270.44,31.44,195.0,330.0,2026-07-24
Bryce Lance,WR,NO,270.45,29.0,204.0,328.0,2026-07-24
Rasheen Ali,RB,BAL,270.5,19.62,247.0,299.0,2026-07-24
Eli Heidenreich,RB,PIT,270.82,36.41,200.0,337.0,2026-07-24
Michael Mayer,TE,LV,270.89,24.4,240.0,328.0,2026-07-24
Calvin Austin III,WR,NYG,270.97,36.4,219.0,342.0,2026-07-24
Reggie Gilliam,RB,NE,271.0,0.0,271.0,271.0,2026-07-24
Tez Johnson,WR,TB,271.44,27.09,194.0,323.0,2026-07-24
Max Klare,TE,LAR,271.87,18.31,242.0,309.0,2026-07-24
Bam Knight,RB,ARI,271.88,29.06,218.0,334.0,2026-07-24
Trevor Etienne,RB,CAR,272.15,15.56,218.0,321.0,2026-07-24
Jalen Royals,WR,KC,272.51,29.62,220.0,335.0,2026-07-24
Audric Estime,RB,NO,272.76,19.49,220.0,316.0,2026-07-24
Jarquez Hunter,RB,LAR,272.93,14.74,218.0,300.0,2026-07-24
Sione Vaki,RB,DET,273.67,13.2,259.0,291.0,2026-07-24
KaVontae Turpin,WR,DAL,274.92,40.57,227.0,362.0,2026-07-24
Ja'Tavion Sanders,TE,CAR,275.44,21.53,233.0,323.0,2026-07-24
Khalil Herbert,RB,FA,276.0,0.0,276.0,276.0,2026-07-24
DeMario Douglas,WR,NE,276.17,38.73,183.0,353.0,2026-07-24
Tyler Higbee,TE,LAR,276.52,29.18,215.0,323.0,2026-07-24
Adam Prentice,RB,DEN,277.0,0.0,277.0,277.0,2026-07-24
Erick All Jr.,TE,CIN,277.82,29.75,240.0,325.0,2026-07-24
Xavier Restrepo,WR,TEN,278.5,14.5,264.0,293.0,2026-07-24
Treylon Burks,WR,WAS,278.74,36.23,208.0,334.0,2026-07-24
Will Shipley,RB,PHI,278.76,13.07,246.0,306.0,2026-07-24
Kalif Raymond,WR,CHI,278.79,40.85,203.0,337.0,2026-07-24
John Bates,TE,WAS,279.0,38.99,240.0,359.0,2026-07-24
Ty Chandler,RB,NO,279.0,0.0,279.0,279.0,2026-07-24
Raheem Mostert,RB,LV,280.0,0.0,280.0,280.0,2026-07-24
Tyler Goodson,RB,ATL,280.0,0.0,280.0,280.0,2026-07-24
Elijah Arroyo,TE,SEA,281.03,19.3,246.0,317.0,2026-07-24
Jake Bobo,WR,SEA,281.5,0.5,281.0,282.0,2026-07-24
Brenen Thompson,WR,LAC,281.52,34.26,222.0,352.0,2026-07-24
Kareem Hunt,RB,FA,281.68,19.37,240.0,352.0,2026-07-24
Devonte Boyd,WR,FA,282.0,12.0,270.0,294.0,2026-07-24
Nathan Carter,RB,ATL,282.0,0.0,282.0,282.0,2026-07-24
Noah Gray,TE,KC,282.67,22.75,231.0,325.0,2026-07-24
Pierre Strong Jr.,RB,GB,283.0,0.0,283.0,283.0,2026-07-24
Dont'e Thornton Jr.,WR,LV,283.22,33.47,234.0,336.0,2026-07-24
Cole Kmet,TE,CHI,283.38,24.57,228.0,329.0,2026-07-24
Zavion Thomas,WR,CHI,283.5,45.24,234.0,370.0,2026-07-24
Sterling Shepard,WR,FA,284.0,0.0,284.0,284.0,2026-07-24
Brandin Cooks,WR,FA,284.0,34.0,250.0,318.0,2026-07-24
Tommy Myers,TE,FA,284.71,45.56,227.0,355.0,2026-07-24
Ja'Lynn Polk,WR,NO,285.0,0.0,285.0,285.0,2026-07-24
Xavier Hutchinson,WR,HOU,285.09,28.14,234.0,341.0,2026-07-24
Ashton Dulin,WR,IND,285.4,12.18,266.0,301.0,2026-07-24
Nick Westbrook-Ikhine,WR,IND,285.73,47.86,212.0,352.0,2026-07-24
Jeremy Ruckert,TE,NYJ,286.0,0.0,286.0,286.0,2026-07-24
Dawson Knox,TE,BUF,286.96,27.48,225.0,336.0,2026-07-24
Taysom Hill,TE,FA,287.0,81.0,206.0,368.0,2026-07-24
DeAndre Hopkins,WR,BAL,287.0,71.98,202.0,378.0,2026-07-24
Colbie Young,WR,CIN,287.25,16.5,269.0,307.0,2026-07-24
Tyler Lockett,WR,LV,287.33,40.37,253.0,344.0,2026-07-24
Nick Chubb,RB,FA,288.0,28.09,200.0,322.0,2026-07-24
Kadarius Toney,WR,FA,288.0,0.0,288.0,288.0,2026-07-24
Tutu Atwell,WR,MIA,288.17,42.15,216.0,354.0,2026-07-24
Kye Robichaux,RB,DET,289.0,0.0,289.0,289.0,2026-07-24
Harrison Bryant,TE,FA,289.0,0.0,289.0,289.0,2026-07-24
Alexander Mattison,RB,FA,289.0,0.0,289.0,289.0,2026-07-24
Raheim Sanders,RB,CLE,289.29,28.8,242.0,344.0,2026-07-24
Hunter Luepke,RB,DAL,289.33,26.11,261.0,324.0,2026-07-24
J'Mari Taylor,RB,JAC,289.5,17.15,266.0,323.0,2026-07-24
Kalel Mullings,RB,TEN,290.0,0.0,290.0,290.0,2026-07-24
Kevin Coleman Jr.,WR,MIA,290.0,40.48,212.0,351.0,2026-07-24
Marquez Valdes-Scantling,WR,DAL,290.0,69.64,195.0,360.0,2026-07-24
Jawhar Jordan,RB,HOU,290.06,28.42,229.0,338.0,2026-07-24
Noah Whittington,RB,HOU,291.0,0.0,291.0,291.0,2026-07-24
Dontae McMillan,RB,BAL,292.0,0.0,292.0,292.0,2026-07-24
Phil Mafah,RB,DAL,292.78,22.77,271.0,338.0,2026-07-24
Barion Brown,WR,NO,293.0,0.0,293.0,293.0,2026-07-24
John Metchie III,WR,CAR,293.05,33.98,245.0,348.0,2026-07-24
Dyami Brown,WR,WAS,294.22,37.32,262.0,382.0,2026-07-24
Myles Price,WR,MIN,295.0,0.0,295.0,295.0,2026-07-24
Cyrus Allen,WR,KC,296.7,38.08,243.0,367.0,2026-07-24
Matt Hibner,TE,BAL,297.0,0.0,297.0,297.0,2026-07-24
Jaylin Lane,WR,WAS,297.29,29.71,254.0,344.0,2026-07-24
Kevin Austin Jr.,WR,NO,298.0,0.0,298.0,298.0,2026-07-24
Jahdae Walker,WR,CHI,298.0,19.07,286.0,331.0,2026-07-24
Irv Smith Jr.,TE,FA,298.0,0.0,298.0,298.0,2026-07-24
Elijah Moore,WR,PHI,298.0,37.74,266.0,351.0,2026-07-24
Michael Carter,RB,TEN,298.1,25.6,269.0,348.0,2026-07-24
Greg Dortch,WR,DET,298.29,37.16,242.0,351.0,2026-07-24
Van Jefferson,WR,WAS,298.5,6.5,292.0,305.0,2026-07-24
Montorie Foster Jr.,WR,SEA,299.0,0.0,299.0,299.0,2026-07-24
Isaiah Williams,WR,NYJ,299.0,42.0,257.0,341.0,2026-07-24
Justin Joly,TE,DEN,299.21,23.82,246.0,337.0,2026-07-24
Cash Jones,RB,ATL,299.5,14.5,285.0,314.0,2026-07-24
Zavier Scott,RB,MIN,299.67,8.73,293.0,312.0,2026-07-24
Savion Williams,WR,GB,299.67,30.19,256.0,372.0,2026-07-24
Xavier Smith,WR,LAR,300.0,37.0,263.0,337.0,2026-07-24
Miles Davis,RB,CAR,300.0,0.0,300.0,300.0,2026-07-24
Drew Sample,TE,CIN,300.5,23.34,262.0,324.0,2026-07-24
Tommy Tremble,TE,CAR,301.42,28.56,250.0,350.0,2026-07-24
Elijah Mitchell,RB,PHI,301.5,84.5,217.0,386.0,2026-07-24
Eli Raridon,TE,NE,301.56,31.42,250.0,375.0,2026-07-24
Antonio Gibson,RB,FA,301.8,40.09,244.0,363.0,2026-07-24
Jordan Waters,RB,LAR,302.0,0.0,302.0,302.0,2026-07-24
Cedrick Wilson Jr.,WR,DET,302.0,0.0,302.0,302.0,2026-07-24
Nate Adkins,TE,DEN,302.0,0.0,302.0,302.0,2026-07-24
Austin Ekeler,RB,FA,302.22,29.4,246.0,335.0,2026-07-24
Jonnu Smith,TE,FA,302.5,42.46,240.0,358.0,2026-07-24
Terrell Jennings,RB,NE,302.71,23.45,278.0,341.0,2026-07-24
Moliki Matavao,TE,NO,303.0,0.0,303.0,303.0,2026-07-24
Jordan Whittington,WR,LAR,303.0,42.5,235.0,371.0,2026-07-24
Noah Fant,TE,NO,303.15,27.93,250.0,350.0,2026-07-24
Darren Waller,TE,FA,303.29,26.71,250.0,344.0,2026-07-24
Dameon Pierce,RB,PHI,303.3,20.14,280.0,341.0,2026-07-24
British Brooks,RB,HOU,304.0,0.0,304.0,304.0,2026-07-24
Will Dissly,TE,FA,305.0,51.0,254.0,356.0,2026-07-24
Diontae Johnson,WR,FA,305.5,5.5,300.0,311.0,2026-07-24
Jacob Saylors,RB,DET,306.0,18.0,288.0,324.0,2026-07-24
Durham Smythe,TE,BAL,306.0,3.0,303.0,309.0,2026-07-24
Michael Briscoe,WR,MIN,306.0,0.0,306.0,306.0,2026-07-24
Dylan Laube,RB,LV,306.2,24.28,279.0,349.0,2026-07-24
Scotty Miller,WR,CHI,306.5,11.5,295.0,318.0,2026-07-24
Ronnie Rivers,RB,LAR,307.0,16.0,291.0,323.0,2026-07-24
Ray-Ray McCloud III,WR,FA,308.0,0.0,308.0,308.0,2026-07-24
Michael Bandy,WR,DEN,308.0,0.0,308.0,308.0,2026-07-24
Jam Miller,RB,NE,308.43,17.74,271.0,322.0,2026-07-24
Lil'Jordan Humphrey,WR,DEN,308.5,1.5,307.0,310.0,2026-07-24
Mecole Hardman Jr.,WR,BUF,309.0,2.0,307.0,311.0,2026-07-24
Jordan Watkins,WR,SF,309.0,0.0,309.0,309.0,2026-07-24
Josh Oliver,TE,MIN,310.2,16.51,278.0,325.0,2026-07-24
David Sills V,WR,TB,311.0,0.0,311.0,311.0,2026-07-24
Tanner Hudson,TE,CIN,311.0,0.0,311.0,311.0,2026-07-24
Roschon Johnson,RB,CHI,311.17,23.91,277.0,344.0,2026-07-24
Austin Hooper,TE,ATL,311.57,26.65,275.0,348.0,2026-07-24
Mitch Tinsley,WR,CIN,312.0,37.21,260.0,345.0,2026-07-24
Will Kacmarek,TE,MIA,312.0,0.0,312.0,312.0,2026-07-24
Michael Trigg,TE,DAL,312.33,38.45,267.0,361.0,2026-07-24
Derius Davis,WR,LAC,312.5,20.5,292.0,333.0,2026-07-24
Daniel Bellinger,TE,TEN,313.89,22.64,274.0,345.0,2026-07-24
Jack Endries,TE,CIN,314.0,0.0,314.0,314.0,2026-07-24
Miles Kitselman,TE,DET,314.0,0.0,314.0,314.0,2026-07-24
CJ Daniels,WR,LAR,314.13,27.43,272.0,352.0,2026-07-24
Charlie Kolar,TE,LAC,314.4,20.83,286.0,345.0,2026-07-24
Sam Roush,TE,CHI,316.0,12.75,306.0,334.0,2026-07-24
Lew Nichols III,RB,PIT,316.0,0.0,316.0,316.0,2026-07-24
Michael Burton,RB,CLE,316.0,0.0,316.0,316.0,2026-07-24
Luke Musgrave,TE,GB,316.15,11.34,293.0,339.0,2026-07-24
Reggie Virgil,WR,ARI,316.67,39.72,261.0,351.0,2026-07-24
Xavier Weaver,WR,ARI,317.0,0.0,317.0,317.0,2026-07-24
Desmond Reid,RB,FA,317.0,0.0,317.0,317.0,2026-07-24
Elijah Tau-Tolliver,RB,BAL,317.0,23.0,294.0,340.0,2026-07-24
Damien Martinez,RB,GB,317.17,21.19,286.0,343.0,2026-07-24
Adam Trautman,TE,DEN,317.67,15.76,296.0,333.0,2026-07-24
Theo Wease Jr.,WR,MIA,317.67,40.88,260.0,350.0,2026-07-24
Deion Burks,WR,IND,317.89,31.31,269.0,381.0,2026-07-24
Tanner Koziol,TE,JAC,318.0,0.0,318.0,318.0,2026-07-24
Malik Benson,WR,LV,318.67,31.03,264.0,364.0,2026-07-24
Marlin Klein,TE,HOU,318.83,15.89,298.0,350.0,2026-07-24
Michael Wortham,WR,JAC,319.0,0.0,319.0,319.0,2026-07-24
Ben Sinnott,TE,WAS,319.0,17.75,289.0,346.0,2026-07-24
Tai Felton,WR,MIN,319.33,58.89,241.0,383.0,2026-07-24
Frank Gore Jr.,RB,BUF,319.67,21.06,291.0,341.0,2026-07-24
Luke Schoonmaker,TE,DAL,319.8,12.38,298.0,336.0,2026-07-24
Velus Jones Jr.,WR,SEA,320.0,0.0,320.0,320.0,2026-07-24
Jaret Patterson,RB,LAC,320.75,20.78,300.0,343.0,2026-07-24
Cade Stover,TE,HOU,322.0,25.0,297.0,347.0,2026-07-24
Travis Homer,RB,PIT,322.0,0.0,322.0,322.0,2026-07-24
Zamir White,RB,LV,323.0,0.0,323.0,323.0,2026-07-24
Jonathan Mingo,WR,DAL,323.0,0.0,323.0,323.0,2026-07-24
Donovan Edwards,RB,MIA,323.5,18.5,305.0,342.0,2026-07-24
Zach Ertz,TE,FA,324.2,17.92,298.0,347.0,2026-07-24
Elijah Higgins,TE,ARI,324.63,15.42,308.0,357.0,2026-07-24
Jackson Hawes,TE,BUF,325.0,0.0,325.0,325.0,2026-07-24
Michael Woods II,WR,DEN,325.0,24.0,301.0,349.0,2026-07-24
Jermaine Burton,WR,FA,325.5,58.5,267.0,384.0,2026-07-24
Nate Boerkircher,TE,JAC,325.8,21.89,298.0,351.0,2026-07-24
Noah Brown,WR,FA,326.0,0.0,326.0,326.0,2026-07-24
Brock Wright,TE,DET,326.0,0.0,326.0,326.0,2026-07-24
Jaydn Ott,RB,KC,326.0,18.4,300.0,340.0,2026-07-24
Roman Wilson,WR,PIT,326.75,14.1,304.0,339.0,2026-07-24
Demarcus Robinson,WR,SF,326.83,18.35,288.0,346.0,2026-07-24
Kaden Wetjen,WR,PIT,327.0,0.0,327.0,327.0,2026-07-24
Mo Alie-Cox,TE,IND,327.5,6.5,321.0,334.0,2026-07-24
Tyler Conklin,TE,DET,328.0,7.0,321.0,335.0,2026-07-24
JuJu Smith-Schuster,WR,NYG,329.0,0.0,329.0,329.0,2026-07-24
Myles Montgomery,RB,NE,329.33,15.92,307.0,343.0,2026-07-24
Jared Wiley,TE,KC,330.0,20.0,310.0,350.0,2026-07-24
Josh Reynolds,WR,FA,330.0,0.0,330.0,330.0,2026-07-24
Anthony Gould,WR,IND,331.5,0.5,331.0,332.0,2026-07-24
Tyler Badie,RB,DEN,332.5,9.5,323.0,342.0,2026-07-24
Khalil Dinkins,TE,SF,333.0,0.0,333.0,333.0,2026-07-24
Arian Smith,WR,NYJ,333.0,0.0,333.0,333.0,2026-07-24
Skyy Moore,WR,GB,333.5,5.5,328.0,339.0,2026-07-24
Jimmy Horn Jr.,WR,CAR,334.0,0.0,334.0,334.0,2026-07-24
Mitchell Evans,TE,CAR,334.5,9.69,321.0,347.0,2026-07-24
Miles Sanders,RB,FA,334.67,37.93,283.0,373.0,2026-07-24
Roman Hemby,RB,LV,335.0,0.0,335.0,335.0,2026-07-24
Foster Moreau,TE,HOU,336.0,0.0,336.0,336.0,2026-07-24
Jacardia Wright,RB,SEA,336.0,0.0,336.0,336.0,2026-07-24
Robert Henry Jr.,RB,WAS,337.0,9.27,323.0,349.0,2026-07-24
Ben Skowronek,WR,PIT,337.0,0.0,337.0,337.0,2026-07-24
Emmanuel Henderson Jr.,WR,SEA,340.0,0.0,340.0,340.0,2026-07-24
Trey Palmer,WR,NO,340.0,0.0,340.0,340.0,2026-07-24
Josh Cameron,WR,JAC,340.5,5.5,335.0,346.0,2026-07-24
KeAndre Lambert-Smith,WR,LAC,341.0,0.0,341.0,341.0,2026-07-24
Thomas Fidone II,TE,NYG,343.0,26.0,317.0,369.0,2026-07-24
Terion Stewart,RB,KC,343.0,0.0,343.0,343.0,2026-07-24
Corey Kiner,RB,ARI,344.0,0.0,344.0,344.0,2026-07-24
Gabe Davis,WR,FA,344.5,35.5,309.0,380.0,2026-07-24
Bub Means,WR,NO,346.0,0.0,346.0,346.0,2026-07-24
Anthony Hankerson,RB,MIA,346.0,0.0,346.0,346.0,2026-07-24
Kendall Milton,RB,CIN,347.0,0.0,347.0,347.0,2026-07-24
Joshua Pitsenberger,RB,HOU,348.0,0.0,348.0,348.0,2026-07-24
David Moore,WR,CAR,348.0,0.0,348.0,348.0,2026-07-24
Jeshaun Jones,WR,MIN,350.0,0.0,350.0,350.0,2026-07-24
Gus Edwards,RB,FA,365.0,0.0,365.0,365.0,2026-07-24
Cam Akers,RB,FA,366.0,0.0,366.0,366.0,2026-07-24
Curtis Samuel,WR,FA,376.0,0.0,376.0,376.0,2026-07-24
Jacob Cowing,WR,SF,377.0,0.0,377.0,377.0,2026-07-24
Juice Wells Jr.,WR,ATL,385.0,0.0,385.0,385.0,2026-07-24
Trey Sermon,RB,FA,387.0,0.0,387.0,387.0,2026-07-24
Ja'Quinden Jackson,RB,FA,388.0,0.0,388.0,388.0,2026-07-24
Josh Allen,QB,BUF,1.03,0.16,1.0,2.0,2026-07-17
Lamar Jackson,QB,BAL,2.75,1.19,1.0,8.0,2026-07-17
Drake Maye,QB,NE,3.19,1.12,2.0,7.0,2026-07-17
Joe Burrow,QB,CIN,4.84,2.58,2.0,19.0,2026-07-17
Jayden Daniels,QB,WAS,6.9,3.95,3.0,18.0,2026-07-17
Ja'Marr Chase,WR,CIN,7.49,2.36,6.0,12.0,2026-07-17
Jalen Hurts,QB,PHI,7.82,4.81,2.0,28.0,2026-07-17
Puka Nacua,WR,LAR,10.77,2.65,6.0,20.0,2026-07-17
Caleb Williams,QB,CHI,10.9,4.97,3.0,26.0,2026-07-17
Bijan Robinson,RB,ATL,11.34,2.66,4.0,25.0,2026-07-17
Justin Herbert,QB,LAC,11.77,6.78,4.0,41.0,2026-07-17
Jahmyr Gibbs,RB,DET,11.88,2.4,5.0,22.0,2026-07-17
Jaxon Smith-Njigba,WR,SEA,12.15,1.91,6.0,20.0,2026-07-17
Amon-Ra St. Brown,WR,DET,14.96,3.04,11.0,23.0,2026-07-17
Dak Prescott,QB,DAL,15.05,5.47,7.0,30.0,2026-07-17
Trevor Lawrence,QB,JAC,15.11,5.95,7.0,31.0,2026-07-17
Christian McCaffrey,RB,SF,19.33,7.6,10.0,45.0,2026-07-17
Jaxson Dart,QB,NYG,20.0,7.38,5.0,39.0,2026-07-17
Brock Purdy,QB,SF,20.66,5.23,9.0,38.0,2026-07-17
CeeDee Lamb,WR,DAL,20.68,3.98,14.0,44.0,2026-07-17
Justin Jefferson,WR,MIN,21.15,4.73,12.0,47.0,2026-07-17
Jonathan Taylor,RB,IND,23.49,7.54,13.0,48.0,2026-07-17
Drake London,WR,ATL,24.85,4.19,20.0,36.0,2026-07-17
Bo Nix,QB,DEN,25.85,5.4,16.0,40.0,2026-07-17
Patrick Mahomes II,QB,KC,27.08,7.73,8.0,55.0,2026-07-17
Nico Collins,WR,HOU,28.71,5.66,21.0,51.0,2026-07-17
A.J. Brown,WR,NE,29.19,7.39,20.0,51.0,2026-07-17
Matthew Stafford,QB,LAR,29.88,8.95,5.0,55.0,2026-07-17
Ashton Jeanty,RB,LV,30.78,8.52,15.0,51.0,2026-07-17
George Pickens,WR,DAL,33.38,5.99,24.0,57.0,2026-07-17
De'Von Achane,RB,MIA,33.82,9.26,13.0,66.0,2026-07-17
Trey McBride,TE,ARI,33.86,7.92,30.0,86.0,2026-07-17
Jared Goff,QB,DET,33.93,9.65,8.0,55.0,2026-07-17
James Cook III,RB,BUF,34.47,9.51,15.0,59.0,2026-07-17
Chris Olave,WR,NO,35.32,9.03,23.0,69.0,2026-07-17
Chase Brown,RB,CIN,36.71,6.98,22.0,55.0,2026-07-17
Rashee Rice,WR,KC,37.75,10.36,23.0,63.0,2026-07-17
Brock Bowers,TE,LV,37.82,3.57,26.0,47.0,2026-07-17
Kyler Murray,QB,MIN,38.41,11.95,14.0,66.0,2026-07-17
Omarion Hampton,RB,LAC,42.03,8.85,22.0,74.0,2026-07-17
DeVonta Smith,WR,PHI,42.11,10.12,23.0,73.0,2026-07-17
Saquon Barkley,RB,PHI,43.11,8.08,22.0,67.0,2026-07-17
Jordan Love,QB,GB,45.32,8.78,20.0,60.0,2026-07-17
Tetairoa McMillan,WR,CAR,45.88,9.54,28.0,76.0,2026-07-17
Garrett Wilson,WR,NYJ,46.51,7.37,28.0,69.0,2026-07-17
Baker Mayfield,QB,TB,46.95,10.16,18.0,60.0,2026-07-17
Kenneth Walker III,RB,KC,48.53,9.5,29.0,85.0,2026-07-17
Zay Flowers,WR,BAL,48.82,9.99,23.0,69.0,2026-07-17
Tee Higgins,WR,CIN,49.16,8.54,34.0,72.0,2026-07-17
Tyler Shough,QB,NO,49.73,10.04,29.0,66.0,2026-07-17
Ladd McConkey,WR,LAC,52.16,8.01,30.0,79.0,2026-07-17
Jeremiyah Love,RB,ARI,52.34,9.21,38.0,92.0,2026-07-17
Malik Nabers,WR,NYG,53.56,16.34,23.0,101.0,2026-07-17
Malik Willis,QB,MIA,54.73,14.48,21.0,94.0,2026-07-17
Colston Loveland,TE,CHI,55.18,15.01,39.0,106.0,2026-07-17
Derrick Henry,RB,BAL,56.58,9.72,25.0,77.0,2026-07-17
Jaylen Waddle,WR,DEN,56.7,8.35,34.0,76.0,2026-07-17
Emeka Egbuka,WR,TB,58.55,11.64,27.0,91.0,2026-07-17
Breece Hall,RB,NYJ,59.1,8.3,48.0,95.0,2026-07-17
C.J. Stroud,QB,HOU,61.22,8.42,30.0,83.0,2026-07-17
Terry McLaurin,WR,WAS,61.37,9.29,44.0,84.0,2026-07-17
Kyren Williams,RB,LAR,61.86,8.73,40.0,79.0,2026-07-17
Josh Jacobs,RB,GB,62.75,8.76,42.0,84.0,2026-07-17
Luther Burden III,WR,CHI,63.23,8.26,45.0,85.0,2026-07-17
Sam Darnold,QB,SEA,63.62,7.03,38.0,94.0,2026-07-17
Travis Etienne Jr.,RB,NO,67.37,10.45,42.0,95.0,2026-07-17
Javonte Williams,RB,DAL,67.41,8.12,48.0,81.0,2026-07-17
Cam Ward,QB,TEN,67.48,8.46,41.0,94.0,2026-07-17
Davante Adams,WR,LAR,68.11,7.65,52.0,90.0,2026-07-17
Daniel Jones,QB,IND,71.96,13.51,38.0,127.0,2026-07-17
DJ Moore,WR,BUF,72.18,12.33,35.0,100.0,2026-07-17
Bryce Young,QB,CAR,72.47,7.53,50.0,94.0,2026-07-17
Mike Evans,WR,SF,73.86,13.34,53.0,123.0,2026-07-17
Tyler Warren,TE,IND,74.0,12.13,47.0,104.0,2026-07-17
Jameson Williams,WR,DET,74.04,8.1,57.0,110.0,2026-07-17
Cam Skattebo,RB,NYG,75.38,8.94,54.0,99.0,2026-07-17
Christian Watson,WR,GB,78.9,12.28,59.0,123.0,2026-07-17
Bucky Irving,RB,TB,79.67,8.99,53.0,106.0,2026-07-17
Rome Odunze,WR,CHI,80.18,9.26,55.0,112.0,2026-07-17
TreVeyon Henderson,RB,NE,80.66,11.62,48.0,105.0,2026-07-17
Quinshon Judkins,RB,CLE,81.88,8.75,58.0,99.0,2026-07-17
Carnell Tate,WR,TEN,82.89,20.79,52.0,190.0,2026-07-17
D'Andre Swift,RB,CHI,83.15,7.26,71.0,98.0,2026-07-17
David Montgomery,RB,HOU,86.11,12.05,61.0,134.0,2026-07-17
Jacoby Brissett,QB,ARI,86.51,19.24,41.0,127.0,2026-07-17
Marvin Harrison Jr.,WR,ARI,88.0,13.47,65.0,133.0,2026-07-17
Tucker Kraft,TE,GB,92.82,11.01,47.0,121.0,2026-07-17
Jaylen Warren,RB,PIT,93.58,5.23,81.0,111.0,2026-07-17
Bhayshul Tuten,RB,JAC,93.86,12.57,74.0,138.0,2026-07-17
Harold Fannin Jr.,TE,CLE,94.78,10.56,78.0,126.0,2026-07-17
Alec Pierce,WR,IND,95.03,13.22,53.0,128.0,2026-07-17
DK Metcalf,WR,PIT,95.16,12.54,68.0,123.0,2026-07-17
Courtland Sutton,WR,DEN,96.15,12.45,69.0,122.0,2026-07-17
Jadarian Price,RB,SEA,96.68,9.93,66.0,119.0,2026-07-17
Aaron Rodgers,QB,PIT,98.57,24.2,41.0,177.0,2026-07-17
Kyle Pitts Sr.,TE,ATL,99.78,9.09,86.0,122.0,2026-07-17
Brian Thomas Jr.,WR,JAC,100.37,14.3,72.0,128.0,2026-07-17
Geno Smith,QB,NYJ,100.53,22.47,70.0,184.0,2026-07-17
Chris Godwin Jr.,WR,TB,101.58,11.85,80.0,140.0,2026-07-17
Rhamondre Stevenson,RB,NE,102.42,7.83,88.0,130.0,2026-07-17
Chuba Hubbard,RB,CAR,102.49,12.26,68.0,134.0,2026-07-17
Michael Pittman Jr.,WR,PIT,102.85,12.47,59.0,125.0,2026-07-17
Tony Pollard,RB,TEN,103.29,8.6,79.0,138.0,2026-07-17
Jordyn Tyson,WR,NO,104.1,20.86,80.0,195.0,2026-07-17
RJ Harvey,RB,DEN,104.45,15.84,61.0,141.0,2026-07-17
Wan'Dale Robinson,WR,TEN,105.12,15.29,63.0,146.0,2026-07-17
Sam LaPorta,TE,DET,105.7,9.05,80.0,126.0,2026-07-17
Michael Wilson,WR,ARI,106.32,12.5,80.0,137.0,2026-07-17
Rico Dowdle,RB,PIT,106.33,8.42,88.0,125.0,2026-07-17
Parker Washington,WR,JAC,108.11,14.72,84.0,149.0,2026-07-17
Jakobi Meyers,WR,JAC,111.68,11.13,89.0,139.0,2026-07-17
Makai Lemon,WR,PHI,113.03,17.39,84.0,188.0,2026-07-17
Josh Downs,WR,IND,113.18,14.5,75.0,158.0,2026-07-17
Fernando Mendoza,QB,LV,113.52,31.41,56.0,192.0,2026-07-17
Travis Kelce,TE,KC,115.7,9.86,98.0,147.0,2026-07-17
Kyle Monangai,RB,CHI,117.3,10.09,98.0,141.0,2026-07-17
Ricky Pearsall,WR,SF,117.37,15.91,91.0,178.0,2026-07-17
Kenny Gainwell,RB,TB,117.48,12.27,95.0,143.0,2026-07-17
Quentin Johnston,WR,LAC,120.01,12.57,82.0,138.0,2026-07-17
Jake Ferguson,TE,DAL,120.85,9.95,93.0,148.0,2026-07-17
Jordan Addison,WR,MIN,121.96,9.26,100.0,147.0,2026-07-17
J.K. Dobbins,RB,DEN,122.0,12.2,96.0,155.0,2026-07-17
George Kittle,TE,SF,122.23,18.26,47.0,163.0,2026-07-17
Aaron Jones Sr.,RB,MIN,123.01,12.68,97.0,152.0,2026-07-17
Blake Corum,RB,LAR,123.99,11.08,98.0,155.0,2026-07-17
Jayden Reed,WR,GB,125.36,10.69,100.0,157.0,2026-07-17
Rachaad White,RB,WAS,125.42,13.32,88.0,155.0,2026-07-17
Dalton Kincaid,TE,BUF,128.51,16.07,104.0,215.0,2026-07-17
Khalil Shakir,WR,BUF,130.84,10.12,107.0,157.0,2026-07-17
Isaiah Likely,TE,NYG,131.96,21.88,106.0,225.0,2026-07-17
Tua Tagovailoa,QB,ATL,134.27,30.42,60.0,184.0,2026-07-17
Jayden Higgins,WR,HOU,134.7,8.69,114.0,157.0,2026-07-17
Xavier Worthy,WR,KC,135.23,9.87,112.0,158.0,2026-07-17
Dallas Goedert,TE,PHI,135.53,16.93,113.0,206.0,2026-07-17
Jacory Croskey-Merritt,RB,WAS,137.15,10.78,103.0,176.0,2026-07-17
Jordan Mason,RB,MIN,138.99,10.35,119.0,166.0,2026-07-17
KC Concepcion,WR,CLE,139.05,27.54,101.0,268.0,2026-07-17
Michael Penix Jr.,QB,ATL,140.24,35.06,83.0,278.0,2026-07-17
Romeo Doubs,WR,NE,141.03,12.36,112.0,178.0,2026-07-17
Jonathon Brooks,RB,CAR,141.32,32.59,97.0,317.0,2026-07-17
Mark Andrews,TE,BAL,142.85,15.82,113.0,179.0,2026-07-17
Tyrone Tracy Jr.,RB,NYG,142.92,9.51,128.0,176.0,2026-07-17
Jalen Coker,WR,CAR,145.27,15.18,123.0,195.0,2026-07-17
Matthew Golden,WR,GB,147.41,15.49,111.0,188.0,2026-07-17
Woody Marks,RB,HOU,147.62,14.1,105.0,188.0,2026-07-17
Tyler Allgeier,RB,ARI,149.48,16.17,119.0,229.0,2026-07-17
Zach Charbonnet,RB,SEA,150.42,15.63,105.0,213.0,2026-07-17
Chris Rodriguez Jr.,RB,JAC,152.07,16.31,106.0,201.0,2026-07-17
Tyjae Spears,RB,TEN,152.51,11.52,132.0,203.0,2026-07-17
Juwan Johnson,TE,NO,153.67,17.63,106.0,189.0,2026-07-17
Dylan Sampson,RB,CLE,153.97,11.6,132.0,205.0,2026-07-17
Deshaun Watson,QB,CLE,154.27,38.86,70.0,277.0,2026-07-17
Isiah Pacheco,RB,DET,155.59,9.72,119.0,172.0,2026-07-17
Alvin Kamara,RB,NO,157.78,16.71,120.0,213.0,2026-07-17
Rashid Shaheed,WR,SEA,158.75,15.97,135.0,254.0,2026-07-17
Brenton Strange,TE,JAC,158.85,17.22,123.0,209.0,2026-07-17
Jauan Jennings,WR,MIN,158.93,20.19,110.0,243.0,2026-07-17
Omar Cooper Jr.,WR,NYJ,161.11,15.82,136.0,224.0,2026-07-17
Denzel Boston,WR,CLE,161.56,24.97,128.0,272.0,2026-07-17
Jerry Jeudy,WR,CLE,162.48,15.03,124.0,218.0,2026-07-17
Chig Okonkwo,TE,WAS,163.85,24.76,114.0,228.0,2026-07-17
Shedeur Sanders,QB,CLE,164.0,33.83,83.0,268.0,2026-07-17
Oronde Gadsden II,TE,LAC,164.48,27.39,113.0,227.0,2026-07-17
Stefon Diggs,WR,FA,165.1,35.5,96.0,278.0,2026-07-17
Hunter Henry,TE,NE,165.84,18.2,115.0,206.0,2026-07-17
Kirk Cousins,QB,LV,166.76,32.31,83.0,284.0,2026-07-17
Jonah Coleman,RB,DEN,167.88,30.15,138.0,331.0,2026-07-17
Keaton Mitchell,RB,LAC,168.82,24.72,141.0,281.0,2026-07-17
J.J. McCarthy,QB,MIN,170.06,43.4,76.0,282.0,2026-07-17
Jalen McMillan,WR,TB,170.7,21.54,144.0,269.0,2026-07-17
Travis Hunter,WR,JAC,172.85,27.89,102.0,255.0,2026-07-17
Braelon Allen,RB,NYJ,174.29,23.98,132.0,287.0,2026-07-17
Adonai Mitchell,WR,NYJ,175.19,24.33,146.0,278.0,2026-07-17
Brian Robinson Jr.,RB,ATL,175.58,21.43,151.0,304.0,2026-07-17
Tre Tucker,WR,LV,175.62,21.25,123.0,264.0,2026-07-17
Dalton Schultz,TE,HOU,175.84,17.17,126.0,205.0,2026-07-17
Tank Bigsby,RB,PHI,176.95,20.95,145.0,276.0,2026-07-17
Marcus Mariota,QB,WAS,180.0,0.0,180.0,180.0,2026-07-17
Tre' Harris,WR,LAC,181.27,20.53,146.0,260.0,2026-07-17
Deebo Samuel Sr.,WR,FA,181.78,31.97,128.0,301.0,2026-07-17
T.J. Hockenson,TE,MIN,182.97,14.22,138.0,223.0,2026-07-17
Riley Leonard,QB,IND,184.0,0.0,184.0,184.0,2026-07-17
James Conner,RB,ARI,184.5,35.96,95.0,301.0,2026-07-17
Hunter Renfrow,WR,FA,185.0,0.0,185.0,185.0,2026-07-17
Troy Franklin,WR,DEN,185.12,25.83,117.0,269.0,2026-07-17
Ryan Flournoy,WR,DAL,185.76,22.44,157.0,297.0,2026-07-17
Mac Jones,QB,SF,186.71,46.42,118.0,287.0,2026-07-17
Kayshon Boutte,WR,NE,186.72,18.54,151.0,241.0,2026-07-17
Antonio Williams,WR,WAS,188.18,33.06,133.0,285.0,2026-07-17
Carson Beck,QB,ARI,188.75,15.96,177.0,216.0,2026-07-17
Emanuel Wilson,RB,SEA,188.86,26.36,152.0,268.0,2026-07-17
Emmett Johnson,RB,KC,189.79,30.79,154.0,294.0,2026-07-17
Jaylin Noel,WR,HOU,189.99,24.61,145.0,270.0,2026-07-17
Kimani Vidal,RB,LAC,190.49,21.02,161.0,250.0,2026-07-17
Calvin Ridley,WR,TEN,192.61,24.04,147.0,281.0,2026-07-17
Jalen Nailor,WR,LV,193.84,32.13,131.0,269.0,2026-07-17
Mike Washington Jr.,RB,LV,194.6,25.92,152.0,282.0,2026-07-17
Isaac TeSlaa,WR,DET,194.81,17.86,169.0,256.0,2026-07-17
Ty Simpson,QB,LAR,195.4,24.82,182.0,245.0,2026-07-17
Ray Davis,RB,BUF,195.83,26.13,153.0,302.0,2026-07-17
AJ Barner,TE,SEA,196.21,15.25,153.0,228.0,2026-07-17
Darnell Mooney,WR,NYG,196.97,18.85,158.0,260.0,2026-07-17
Kenyon Sadiq,TE,NYJ,197.33,24.1,139.0,300.0,2026-07-17
Anthony Richardson Sr.,QB,IND,197.75,56.78,140.0,292.0,2026-07-17
Sean Tucker,RB,TB,198.0,24.2,152.0,311.0,2026-07-17
Brandon Aiyuk,WR,SF,198.66,33.64,144.0,296.0,2026-07-17
Pat Bryant,WR,DEN,199.87,19.35,176.0,281.0,2026-07-17
Dontayvion Wicks,WR,PHI,201.42,16.12,160.0,259.0,2026-07-17
Malik Washington,WR,MIA,201.92,27.23,124.0,265.0,2026-07-17
Gunnar Helm,TE,TEN,202.52,18.85,171.0,257.0,2026-07-17
Justin Fields,QB,KC,204.0,46.06,177.0,296.0,2026-07-17
Greg Dulcich,TE,MIA,204.2,35.99,136.0,274.0,2026-07-17
Nicholas Singleton,RB,TEN,204.6,31.55,152.0,319.0,2026-07-17
Kaytron Allen,RB,WAS,205.37,30.9,161.0,293.0,2026-07-17
Chimere Dike,WR,TEN,209.84,33.03,151.0,325.0,2026-07-17
Tank Dell,WR,HOU,210.28,21.15,170.0,279.0,2026-07-17
Cooper Kupp,WR,SEA,210.58,22.66,169.0,265.0,2026-07-17
Jaylen Wright,RB,MIA,210.85,17.53,161.0,259.0,2026-07-17
Germie Bernard,WR,PIT,211.64,27.16,173.0,284.0,2026-07-17
Tyreek Hill,WR,FA,211.7,41.65,124.0,300.0,2026-07-17
Rashod Bateman,WR,BAL,215.96,21.01,173.0,263.0,2026-07-17
Chris Bell,WR,MIA,216.45,27.22,157.0,276.0,2026-07-17
Justice Hill,RB,BAL,218.03,32.97,154.0,286.0,2026-07-17
De'Zhaun Stribling,WR,SF,218.6,36.62,171.0,351.0,2026-07-17
Zachariah Branch,WR,ATL,219.91,26.35,158.0,304.0,2026-07-17
Joe Milton III,QB,DAL,220.67,54.68,182.0,298.0,2026-07-17
Pat Freiermuth,TE,PIT,220.84,17.82,161.0,281.0,2026-07-17
Cade Otton,TE,TB,221.22,15.59,175.0,275.0,2026-07-17
Elic Ayomanor,WR,TEN,221.81,31.31,169.0,301.0,2026-07-17
Jack Bech,WR,LV,221.84,25.48,169.0,308.0,2026-07-17
David Njoku,TE,LAC,222.86,19.96,161.0,303.0,2026-07-17
Ollie Gordon II,RB,MIA,224.84,20.02,172.0,305.0,2026-07-17
Terrance Ferguson,TE,LAR,224.97,21.07,182.0,315.0,2026-07-17
Keon Coleman,WR,BUF,225.93,22.57,181.0,272.0,2026-07-17
Alec Ingold,RB,LAC,226.0,0.0,226.0,226.0,2026-07-17
MarShawn Lloyd,RB,GB,226.32,35.39,157.0,299.0,2026-07-17
Elijah Sarratt,WR,BAL,226.87,22.61,174.0,286.0,2026-07-17
Christian Kirk,WR,SF,227.59,21.53,176.0,288.0,2026-07-17
Ty Johnson,RB,BUF,227.99,25.79,166.0,327.0,2026-07-17
Malachi Fields,WR,NYG,228.71,29.19,157.0,308.0,2026-07-17
Colby Parkinson,TE,LAR,229.61,18.24,181.0,273.0,2026-07-17
Zay Jones,WR,FA,231.0,0.0,231.0,231.0,2026-07-17
Isaiah Davis,RB,NYJ,231.43,20.87,197.0,285.0,2026-07-17
Ted Hurst III,WR,TB,231.47,31.11,178.0,337.0,2026-07-17
Marvin Mims Jr.,WR,DEN,232.52,27.93,189.0,349.0,2026-07-17
Evan Engram,TE,DEN,232.76,13.76,190.0,262.0,2026-07-17
Trey Benson,RB,ARI,232.91,37.22,120.0,291.0,2026-07-17
Chris Brazzell II,WR,CAR,233.35,23.08,173.0,287.0,2026-07-17
Demond Claiborne,RB,MIN,233.58,27.18,167.0,300.0,2026-07-17
Jaydon Blue,RB,DAL,233.64,25.4,171.0,303.0,2026-07-17
Xavier Legette,WR,CAR,234.51,26.57,195.0,295.0,2026-07-17
Patrick Ricard,RB,NYG,235.0,0.0,235.0,235.0,2026-07-17
DJ Giddens,RB,IND,235.75,24.15,162.0,304.0,2026-07-17
Tory Horton,WR,SEA,236.37,24.53,163.0,327.0,2026-07-17
Devin Neal,RB,NO,236.47,30.94,165.0,318.0,2026-07-17
Chris Brooks,RB,GB,237.28,25.99,162.0,282.0,2026-07-17
LeQuint Allen Jr.,RB,JAC,237.48,26.72,185.0,315.0,2026-07-17
Mike Gesicki,TE,CIN,237.94,19.0,197.0,290.0,2026-07-17
Kaleb Johnson,RB,PIT,238.1,33.1,155.0,314.0,2026-07-17
Darius Slayton,WR,NYG,238.88,30.17,180.0,343.0,2026-07-17
George Holani,RB,SEA,239.38,29.4,165.0,320.0,2026-07-17
Jameis Winston,QB,NYG,239.5,57.5,182.0,297.0,2026-07-17
Eli Stowers,TE,PHI,239.72,29.36,148.0,319.0,2026-07-17
Keenan Allen,WR,LAC,240.5,22.81,173.0,272.0,2026-07-17
Jordan James,RB,SF,240.68,31.07,156.0,339.0,2026-07-17
Mason Taylor,TE,NYJ,241.13,25.33,189.0,309.0,2026-07-17
Samaje Perine,RB,CIN,241.62,36.41,163.0,345.0,2026-07-17
Theo Johnson,TE,NYG,242.22,24.0,183.0,318.0,2026-07-17
Devaughn Vele,WR,NO,242.54,23.23,180.0,328.0,2026-07-17
Kyle Williams,WR,NE,243.19,33.51,189.0,344.0,2026-07-17
Andrei Iosivas,WR,CIN,243.89,27.4,180.0,305.0,2026-07-17
Malik Davis,RB,DAL,244.56,25.84,166.0,286.0,2026-07-17
Joe Flacco,QB,CIN,245.5,49.5,196.0,295.0,2026-07-17
Tyquan Thornton,WR,KC,245.8,25.34,171.0,328.0,2026-07-17
Albert Okwuegbunam Jr.,TE,LV,247.0,0.0,247.0,247.0,2026-07-17
Brashard Smith,RB,KC,247.09,23.53,211.0,323.0,2026-07-17
Mack Hollins,WR,NE,248.61,35.5,185.0,333.0,2026-07-17
Sterling Shepard,WR,FA,249.0,31.0,218.0,280.0,2026-07-17
Jake Tonges,TE,SF,249.47,22.83,194.0,314.0,2026-07-17
Kaelon Black,RB,SF,249.68,32.9,179.0,300.0,2026-07-17
Brandin Cooks,WR,FA,250.0,0.0,250.0,250.0,2026-07-17
Skyler Bell,WR,BUF,250.77,27.71,191.0,331.0,2026-07-17
Jakobie Keeney-James,WR,FA,251.0,0.0,251.0,251.0,2026-07-17
Najee Harris,RB,LAC,251.76,23.55,187.0,283.0,2026-07-17
Kyle Juszczyk,RB,SF,252.14,48.26,193.0,317.0,2026-07-17
Ja'Kobi Lane,WR,BAL,253.26,27.75,170.0,319.0,2026-07-17
Hollywood Brown,WR,PHI,254.0,22.02,171.0,320.0,2026-07-17
Jerome Ford,RB,WAS,254.14,23.93,196.0,299.0,2026-07-17
Kendre Miller,RB,NO,255.65,30.62,166.0,344.0,2026-07-17
Jaleel McLaughlin,RB,DEN,255.87,22.16,200.0,296.0,2026-07-17
Isaiah Williams,WR,NYJ,257.0,0.0,257.0,257.0,2026-07-17
Seth McGowan,RB,IND,257.96,22.9,218.0,304.0,2026-07-17
Emari Demercado,RB,KC,257.97,28.93,163.0,303.0,2026-07-17
Clyde Edwards-Helaire,RB,FA,258.0,0.0,258.0,258.0,2026-07-17
Adam Randall,RB,BAL,258.34,21.53,202.0,291.0,2026-07-17
Tim Patrick,WR,NYJ,259.0,22.0,237.0,281.0,2026-07-17
Devin Singletary,RB,NYG,259.05,20.1,182.0,300.0,2026-07-17
Joe Mixon,RB,FA,259.24,34.05,156.0,296.0,2026-07-17
Odell Beckham Jr.,WR,NYG,259.67,68.39,167.0,330.0,2026-07-17
Darnell Washington,TE,PIT,259.92,23.41,221.0,330.0,2026-07-17
Khalil Herbert,RB,FA,261.0,15.0,246.0,276.0,2026-07-17
Brittain Brown,RB,CHI,261.0,0.0,261.0,261.0,2026-07-17
Caleb Douglas,WR,MIA,261.89,44.24,179.0,331.0,2026-07-17
Alexander Mattison,RB,FA,262.0,27.0,235.0,289.0,2026-07-17
Konata Mumpfield,WR,LAR,262.97,25.52,221.0,325.0,2026-07-17
Kevin Austin Jr.,WR,NO,263.0,30.0,233.0,293.0,2026-07-17
Jahan Dotson,WR,ATL,263.41,35.5,186.0,326.0,2026-07-17
Isaac Guerendo,RB,SF,264.38,26.03,192.0,338.0,2026-07-17
DeAndre Hopkins,WR,BAL,264.67,98.91,137.0,378.0,2026-07-17
Ameer Abdullah,RB,JAC,265.0,0.0,265.0,265.0,2026-07-17
Isaiah Bond,WR,CLE,265.04,26.63,219.0,341.0,2026-07-17
Jabari Small,RB,DET,266.0,0.0,266.0,266.0,2026-07-17
Joshua Palmer,WR,BUF,266.6,44.74,188.0,336.0,2026-07-17
Kendrick Bourne,WR,ARI,267.0,50.9,201.0,374.0,2026-07-17
Tyler Lockett,WR,LV,267.33,63.71,188.0,344.0,2026-07-17
Jalen Tolbert,WR,MIA,267.46,33.64,205.0,329.0,2026-07-17
KaVontae Turpin,WR,DAL,267.69,43.39,198.0,362.0,2026-07-17
AJ Dillon,RB,CAR,269.5,14.5,255.0,284.0,2026-07-17
Max Klare,TE,LAR,269.72,20.47,240.0,311.0,2026-07-17
Devontez Walker,WR,BAL,269.86,48.21,220.0,379.0,2026-07-17
Kendrick Law,WR,DET,270.0,0.0,270.0,270.0,2026-07-17
Tahj Brooks,RB,CIN,270.46,23.11,202.0,323.0,2026-07-17
Elijah Moore,WR,PHI,270.5,4.5,266.0,275.0,2026-07-17
Rasheen Ali,RB,BAL,270.5,19.62,247.0,299.0,2026-07-17
Jarquez Hunter,RB,LAR,270.76,15.87,229.0,300.0,2026-07-17
Max Bredeson,RB,MIN,271.0,0.0,271.0,271.0,2026-07-17
Olamide Zaccheaus,WR,ATL,271.0,30.55,212.0,342.0,2026-07-17
Michael Mayer,TE,LV,271.37,24.62,240.0,328.0,2026-07-17
Graig Cooper,RB,FA,272.0,0.0,272.0,272.0,2026-07-17
Bryce Lance,WR,NO,272.06,29.63,204.0,328.0,2026-07-17
Trevor Etienne,RB,CAR,272.8,14.43,243.0,321.0,2026-07-17
Elijah Dotson,RB,FA,273.0,0.0,273.0,273.0,2026-07-17
Tez Johnson,WR,TB,273.03,29.87,176.0,323.0,2026-07-17
Audric Estime,RB,NO,273.19,18.6,232.0,322.0,2026-07-17
Cedric Tillman,WR,CLE,273.25,26.28,220.0,342.0,2026-07-17
Hunter Luepke,RB,DAL,273.5,5.5,268.0,279.0,2026-07-17
Oscar Delp,TE,NO,273.71,26.44,240.0,330.0,2026-07-17
Jordan Waters,RB,LAR,275.0,27.0,248.0,302.0,2026-07-17
Sione Vaki,RB,DET,275.0,16.0,259.0,291.0,2026-07-17
Jeremy McNichols,RB,WAS,276.0,51.56,214.0,343.0,2026-07-17
Tyler Higbee,TE,LAR,276.1,33.16,203.0,332.0,2026-07-17
Bam Knight,RB,ARI,276.38,26.82,226.0,334.0,2026-07-17
Luke McCaffrey,WR,WAS,276.64,28.56,217.0,330.0,2026-07-17
Kalif Raymond,WR,CHI,276.67,39.94,203.0,337.0,2026-07-17
Ja'Tavion Sanders,TE,CAR,276.8,21.34,247.0,323.0,2026-07-17
Reggie Gilliam,RB,NE,277.0,0.0,277.0,277.0,2026-07-17
Marquez Valdes-Scantling,WR,DAL,277.5,82.5,195.0,360.0,2026-07-17
Jalen Royals,WR,KC,277.73,28.7,227.0,335.0,2026-07-17
Calvin Austin III,WR,NYG,278.0,34.2,230.0,342.0,2026-07-17
Eli Heidenreich,RB,PIT,278.27,35.03,211.0,340.0,2026-07-17
Will Shipley,RB,PHI,278.35,13.82,247.0,306.0,2026-07-17
Adam Prentice,RB,DEN,279.0,0.0,279.0,279.0,2026-07-17
Brenen Thompson,WR,LAC,280.39,35.54,224.0,352.0,2026-07-17
Treylon Burks,WR,WAS,280.4,36.91,208.0,334.0,2026-07-17
Raheem Mostert,RB,LV,280.5,0.5,280.0,281.0,2026-07-17
Nick Westbrook-Ikhine,WR,IND,281.2,45.64,212.0,352.0,2026-07-17
Elijah Arroyo,TE,SEA,281.72,21.53,246.0,324.0,2026-07-17
Dawson Knox,TE,BUF,281.73,29.5,225.0,336.0,2026-07-17
Nathan Carter,RB,ATL,282.0,0.0,282.0,282.0,2026-07-17
Ja'Lynn Polk,WR,NO,282.0,0.0,282.0,282.0,2026-07-17
Jake Bobo,WR,SEA,282.0,0.0,282.0,282.0,2026-07-17
Kareem Hunt,RB,FA,283.32,18.25,228.0,352.0,2026-07-17
Tutu Atwell,WR,MIA,283.6,42.0,216.0,354.0,2026-07-17
Jawhar Jordan,RB,HOU,283.69,42.66,159.0,338.0,2026-07-17
Jonnu Smith,TE,FA,284.0,44.34,240.0,358.0,2026-07-17
Ashton Dulin,WR,IND,284.8,12.25,266.0,301.0,2026-07-17
Isaiah Williams,WR,FA,285.0,0.0,285.0,285.0,2026-07-17
Miles Sanders,RB,FA,285.0,71.05,199.0,373.0,2026-07-17
Xavier Smith,WR,LAR,285.0,34.77,244.0,329.0,2026-07-17
Cole Kmet,TE,CHI,285.16,23.94,250.0,329.0,2026-07-17
Mitch Tinsley,WR,CIN,286.0,31.95,260.0,331.0,2026-07-17
Erick All Jr.,TE,CIN,286.13,29.02,245.0,329.0,2026-07-17
DeMario Douglas,WR,NE,286.33,34.55,183.0,353.0,2026-07-17
Greg Dortch,WR,DET,286.89,40.01,225.0,346.0,2026-07-17
Noah Gray,TE,KC,287.17,21.75,247.0,325.0,2026-07-17
Nick Chubb,RB,FA,287.67,26.71,200.0,319.0,2026-07-17
Zavier Scott,RB,MIN,288.5,4.5,284.0,293.0,2026-07-17
Kye Robichaux,RB,DET,289.0,0.0,289.0,289.0,2026-07-17
J'Mari Taylor,RB,JAC,289.9,16.08,267.0,321.0,2026-07-17
Devonte Boyd,WR,FA,290.0,0.0,290.0,290.0,2026-07-17
Noah Whittington,RB,HOU,290.0,0.0,290.0,290.0,2026-07-17
Kalel Mullings,RB,TEN,290.0,0.0,290.0,290.0,2026-07-17
Xavier Hutchinson,WR,HOU,291.0,26.77,250.0,341.0,2026-07-17
Dont'e Thornton Jr.,WR,LV,291.73,30.92,242.0,336.0,2026-07-17
Dontae McMillan,RB,BAL,292.0,0.0,292.0,292.0,2026-07-17
Jaret Patterson,RB,LAC,292.25,22.36,256.0,317.0,2026-07-17
Zavion Thomas,WR,CHI,292.9,47.96,231.0,370.0,2026-07-17
Xavier Restrepo,WR,TEN,293.0,0.0,293.0,293.0,2026-07-17
Barion Brown,WR,NO,293.0,0.0,293.0,293.0,2026-07-17
Dylan Laube,RB,LV,293.5,13.59,276.0,314.0,2026-07-17
John Bates,TE,WAS,293.63,42.1,231.0,359.0,2026-07-17
Elijah Tau-Tolliver,RB,BAL,294.0,0.0,294.0,294.0,2026-07-17
Josh Reynolds,WR,FA,294.0,0.0,294.0,294.0,2026-07-17
Colbie Young,WR,CIN,294.33,12.5,277.0,306.0,2026-07-17
Myles Price,WR,MIN,295.0,0.0,295.0,295.0,2026-07-17
Tyler Goodson,RB,ATL,296.0,0.0,296.0,296.0,2026-07-17
Phil Mafah,RB,DAL,296.0,31.44,238.0,338.0,2026-07-17
Kevin Coleman Jr.,WR,MIA,296.46,42.26,222.0,351.0,2026-07-17
Raheim Sanders,RB,CLE,296.81,31.65,220.0,344.0,2026-07-17
Michael Carter,RB,TEN,296.89,27.04,258.0,348.0,2026-07-17
Justin Joly,TE,DEN,297.39,26.62,233.0,337.0,2026-07-17
Dyami Brown,WR,WAS,297.75,37.78,266.0,382.0,2026-07-17
Russell Gage Jr.,WR,FA,298.0,0.0,298.0,298.0,2026-07-17
Quez Watkins,WR,PHI,299.0,0.0,299.0,299.0,2026-07-17
Van Jefferson,WR,WAS,299.0,2.0,297.0,301.0,2026-07-17
Montorie Foster Jr.,WR,SEA,299.0,0.0,299.0,299.0,2026-07-17
Savion Williams,WR,GB,299.72,30.85,256.0,372.0,2026-07-17
Austin Ekeler,RB,FA,300.3,28.37,246.0,335.0,2026-07-17
Durham Smythe,TE,BAL,300.5,2.5,298.0,303.0,2026-07-17
Jahdae Walker,WR,CHI,301.0,18.18,286.0,332.0,2026-07-17
Michael Woods II,WR,FA,301.0,0.0,301.0,301.0,2026-07-17
Myles Gaskin,RB,FA,301.0,0.0,301.0,301.0,2026-07-17
Eli Raridon,TE,NE,301.28,38.91,214.0,375.0,2026-07-17
John Metchie III,WR,CAR,301.44,30.49,255.0,348.0,2026-07-17
Jaylin Lane,WR,WAS,301.47,27.43,260.0,344.0,2026-07-17
Antonio Gibson,RB,FA,301.8,42.37,234.0,363.0,2026-07-17
Ronnie Bell,WR,NO,302.0,0.0,302.0,302.0,2026-07-17
Nate Adkins,TE,DEN,302.0,0.0,302.0,302.0,2026-07-17
Tommy Myers,TE,FA,302.86,43.23,240.0,355.0,2026-07-17
Moliki Matavao,TE,NO,303.0,0.0,303.0,303.0,2026-07-17
Diontae Johnson,WR,FA,303.5,7.5,296.0,311.0,2026-07-17
Noah Fant,TE,NO,303.68,22.85,259.0,348.0,2026-07-17
Austin Hooper,TE,ATL,303.86,25.22,275.0,348.0,2026-07-17
Kendric Pryor,WR,CIN,304.0,0.0,304.0,304.0,2026-07-17
Pierre Strong Jr.,RB,GB,304.0,21.0,283.0,325.0,2026-07-17
Ronnie Rivers,RB,LAR,304.5,13.5,291.0,318.0,2026-07-17
Tommy Tremble,TE,CAR,304.62,26.7,250.0,350.0,2026-07-17
Jam Miller,RB,NE,305.14,15.91,271.0,322.0,2026-07-17
Ty Chandler,RB,NO,305.33,25.59,279.0,340.0,2026-07-17
Jordan Whittington,WR,LAR,305.4,36.32,256.0,371.0,2026-07-17
Michael Briscoe,WR,MIN,306.0,0.0,306.0,306.0,2026-07-17
Cash Jones,RB,ATL,306.0,21.0,285.0,327.0,2026-07-17
Scotty Miller,WR,CHI,306.5,11.5,295.0,318.0,2026-07-17
Sincere McCormick,RB,SF,306.5,16.5,290.0,323.0,2026-07-17
Cedrick Wilson Jr.,WR,DET,308.0,0.0,308.0,308.0,2026-07-17
Michael Bandy,WR,DEN,308.0,0.0,308.0,308.0,2026-07-17
Tanner Hudson,TE,CIN,308.5,5.5,303.0,314.0,2026-07-17
Mecole Hardman Jr.,WR,BUF,309.0,2.0,307.0,311.0,2026-07-17
Jordan Watkins,WR,SF,309.0,0.0,309.0,309.0,2026-07-17
David Sills V,WR,TB,310.0,0.0,310.0,310.0,2026-07-17
Terrell Jennings,RB,NE,310.71,27.98,274.0,348.0,2026-07-17
Cyrus Allen,WR,KC,310.75,40.47,243.0,367.0,2026-07-17
Zach Ertz,TE,FA,310.8,30.06,258.0,340.0,2026-07-17
Lil'Jordan Humphrey,WR,DEN,311.0,0.0,311.0,311.0,2026-07-17
Marlin Klein,TE,HOU,311.0,10.05,291.0,321.0,2026-07-17
Dameon Pierce,RB,PHI,312.3,20.29,277.0,344.0,2026-07-17
Luke Musgrave,TE,GB,312.71,15.2,277.0,339.0,2026-07-17
Roschon Johnson,RB,CHI,312.83,24.55,277.0,349.0,2026-07-17
CJ Daniels,WR,LAR,312.88,25.86,272.0,349.0,2026-07-17
Will Kacmarek,TE,MIA,313.0,0.0,313.0,313.0,2026-07-17
Drew Sample,TE,CIN,313.33,8.22,304.0,324.0,2026-07-17
Jack Endries,TE,CIN,314.0,0.0,314.0,314.0,2026-07-17
Miles Kitselman,TE,DET,314.0,0.0,314.0,314.0,2026-07-17
Sam Roush,TE,CHI,314.25,11.58,306.0,334.0,2026-07-17
Jacardia Wright,RB,SEA,314.5,21.5,293.0,336.0,2026-07-17
Daniel Bellinger,TE,TEN,314.8,21.63,274.0,345.0,2026-07-17
Charlie Kolar,TE,LAC,314.8,20.94,286.0,345.0,2026-07-17
Damien Martinez,RB,GB,315.17,21.21,286.0,343.0,2026-07-17
Deion Burks,WR,IND,315.4,30.04,278.0,381.0,2026-07-17
Lew Nichols III,RB,PIT,316.0,0.0,316.0,316.0,2026-07-17
Royce Freeman,RB,FA,316.0,0.0,316.0,316.0,2026-07-17
Michael Burton,RB,CLE,316.0,0.0,316.0,316.0,2026-07-17
Josh Oliver,TE,MIN,316.2,5.84,307.0,325.0,2026-07-17
Reggie Virgil,WR,ARI,316.67,39.72,261.0,351.0,2026-07-17
Nate Boerkircher,TE,JAC,316.8,18.69,298.0,345.0,2026-07-17
Desmond Reid,RB,FA,317.0,0.0,317.0,317.0,2026-07-17
Cam Akers,RB,FA,317.0,49.0,268.0,366.0,2026-07-17
Adam Trautman,TE,DEN,317.75,13.65,296.0,333.0,2026-07-17
Tanner Koziol,TE,JAC,318.0,0.0,318.0,318.0,2026-07-17
Ben Sinnott,TE,WAS,318.18,17.48,289.0,346.0,2026-07-17
Jacob Saylors,RB,DET,318.5,30.5,288.0,349.0,2026-07-17
Myles Montgomery,RB,NE,318.67,8.5,307.0,327.0,2026-07-17
Miles Davis,RB,CAR,319.0,19.0,300.0,338.0,2026-07-17
Michael Wortham,WR,JAC,319.0,0.0,319.0,319.0,2026-07-17
Darren Waller,TE,FA,319.17,14.06,301.0,344.0,2026-07-17
Tai Felton,WR,MIN,319.33,58.89,241.0,383.0,2026-07-17
Brock Wright,TE,DET,319.5,6.5,313.0,326.0,2026-07-17
Luke Schoonmaker,TE,DAL,319.8,12.38,298.0,336.0,2026-07-17
Velus Jones Jr.,WR,SEA,320.0,0.0,320.0,320.0,2026-07-17
Travis Homer,RB,PIT,322.0,0.0,322.0,322.0,2026-07-17
Will Mallory,TE,IND,322.0,0.0,322.0,322.0,2026-07-17
Roman Wilson,WR,PIT,322.67,14.08,304.0,338.0,2026-07-17
Zamir White,RB,LV,323.0,0.0,323.0,323.0,2026-07-17
Xavier Weaver,WR,ARI,323.0,0.0,323.0,323.0,2026-07-17
Donovan Edwards,RB,MIA,323.5,18.5,305.0,342.0,2026-07-17
British Brooks,RB,HOU,324.0,0.0,324.0,324.0,2026-07-17
Elijah Higgins,TE,ARI,325.5,16.43,308.0,357.0,2026-07-17
Mo Alie-Cox,TE,IND,326.0,15.51,310.0,347.0,2026-07-17
Demarcus Robinson,WR,SF,326.33,19.41,285.0,346.0,2026-07-17
Jared Wiley,TE,KC,326.5,23.5,303.0,350.0,2026-07-17
Frank Gore Jr.,RB,BUF,326.67,25.38,291.0,348.0,2026-07-17
Jermaine Burton,WR,FA,327.5,56.5,271.0,384.0,2026-07-17
Matt Hibner,TE,BAL,328.0,0.0,328.0,328.0,2026-07-17
Tyler Conklin,TE,DET,328.0,7.0,321.0,335.0,2026-07-17
Malik Benson,WR,LV,329.6,20.93,305.0,364.0,2026-07-17
Chip Trayanum,RB,NYJ,330.0,0.0,330.0,330.0,2026-07-17
Mitchell Evans,TE,CAR,330.14,12.88,310.0,347.0,2026-07-17
Roman Hemby,RB,LV,330.5,4.5,326.0,335.0,2026-07-17
Anthony Gould,WR,IND,331.0,1.0,330.0,332.0,2026-07-17
Tyler Badie,RB,DEN,332.5,9.5,323.0,342.0,2026-07-17
Arian Smith,WR,NYJ,333.0,0.0,333.0,333.0,2026-07-17
Derius Davis,WR,LAC,333.0,0.0,333.0,333.0,2026-07-17
Kaden Wetjen,WR,PIT,333.0,0.0,333.0,333.0,2026-07-17
Khalil Dinkins,TE,SF,333.0,0.0,333.0,333.0,2026-07-17
Skyy Moore,WR,GB,333.5,5.5,328.0,339.0,2026-07-17
Jackson Hawes,TE,BUF,335.0,10.0,325.0,345.0,2026-07-17
Michael Trigg,TE,DAL,335.0,26.0,309.0,361.0,2026-07-17
Foster Moreau,TE,HOU,336.0,0.0,336.0,336.0,2026-07-17
Robert Henry Jr.,RB,WAS,337.0,9.27,323.0,349.0,2026-07-17
Ben Skowronek,WR,PIT,337.0,0.0,337.0,337.0,2026-07-17
Jimmy Horn Jr.,WR,CAR,338.0,0.0,338.0,338.0,2026-07-17
Jaydn Ott,RB,KC,339.0,1.0,338.0,340.0,2026-07-17
Taysom Hill,TE,FA,340.0,28.0,312.0,368.0,2026-07-17
Emmanuel Henderson Jr.,WR,SEA,340.0,0.0,340.0,340.0,2026-07-17
Josh Cameron,WR,JAC,340.5,5.5,335.0,346.0,2026-07-17
KeAndre Lambert-Smith,WR,LAC,342.0,0.0,342.0,342.0,2026-07-17
Thomas Fidone II,TE,NYG,343.0,26.0,317.0,369.0,2026-07-17
Patrick Taylor Jr.,RB,SF,343.0,0.0,343.0,343.0,2026-07-17
Terion Stewart,RB,KC,343.0,0.0,343.0,343.0,2026-07-17
Anthony Hankerson,RB,MIA,346.0,0.0,346.0,346.0,2026-07-17
Kendall Milton,RB,CIN,347.0,0.0,347.0,347.0,2026-07-17
Jeshaun Jones,WR,MIN,350.0,0.0,350.0,350.0,2026-07-17
Theo Wease Jr.,WR,MIA,350.0,0.0,350.0,350.0,2026-07-17
Will Dissly,TE,FA,356.0,0.0,356.0,356.0,2026-07-17
Gus Edwards,RB,FA,365.0,0.0,365.0,365.0,2026-07-17
Curtis Samuel,WR,FA,376.0,0.0,376.0,376.0,2026-07-17
Jacob Cowing,WR,SF,377.0,0.0,377.0,377.0,2026-07-17
Gabe Davis,WR,FA,380.0,0.0,380.0,380.0,2026-07-17
Juice Wells Jr.,WR,ATL,385.0,0.0,385.0,385.0,2026-07-17
Elijah Mitchell,RB,PHI,386.0,0.0,386.0,386.0,2026-07-17
Trey Sermon,RB,FA,387.0,0.0,387.0,387.0,2026-07-17
Ja'Quinden Jackson,RB,FA,388.0,0.0,388.0,388.0,2026-07-17
Josh Allen,QB,BUF,1.05,0.22,1.0,2.0,2026-07-10
Lamar Jackson,QB,BAL,2.79,1.41,1.0,8.0,2026-07-10
Drake Maye,QB,NE,3.16,1.27,1.0,9.0,2026-07-10
Joe Burrow,QB,CIN,4.49,1.57,2.0,9.0,2026-07-10
Jayden Daniels,QB,WAS,6.88,3.81,3.0,18.0,2026-07-10
Ja'Marr Chase,WR,CIN,7.46,2.32,6.0,12.0,2026-07-10
Jalen Hurts,QB,PHI,7.65,4.37,2.0,26.0,2026-07-10
Puka Nacua,WR,LAR,10.96,2.64,6.0,20.0,2026-07-10
Justin Herbert,QB,LAC,11.04,5.31,5.0,29.0,2026-07-10
Bijan Robinson,RB,ATL,11.09,2.31,9.0,25.0,2026-07-10
Caleb Williams,QB,CHI,11.12,5.64,3.0,29.0,2026-07-10
Jahmyr Gibbs,RB,DET,12.07,2.51,5.0,22.0,2026-07-10
Jaxon Smith-Njigba,WR,SEA,12.19,2.11,6.0,20.0,2026-07-10
Amon-Ra St. Brown,WR,DET,14.79,2.92,11.0,23.0,2026-07-10
Trevor Lawrence,QB,JAC,14.89,5.54,8.0,29.0,2026-07-10
Dak Prescott,QB,DAL,16.0,5.29,7.0,30.0,2026-07-10
Christian McCaffrey,RB,SF,18.56,7.14,10.0,45.0,2026-07-10
Jaxson Dart,QB,NYG,18.86,6.75,7.0,38.0,2026-07-10
Brock Purdy,QB,SF,19.63,4.79,7.0,30.0,2026-07-10
CeeDee Lamb,WR,DAL,20.49,2.64,14.0,27.0,2026-07-10
Justin Jefferson,WR,MIN,21.26,4.99,12.0,47.0,2026-07-10
Jonathan Taylor,RB,IND,23.96,6.92,13.0,48.0,2026-07-10
Drake London,WR,ATL,24.4,3.6,20.0,36.0,2026-07-10
Patrick Mahomes II,QB,KC,26.47,5.89,14.0,38.0,2026-07-10
Bo Nix,QB,DEN,27.26,5.49,16.0,40.0,2026-07-10
Nico Collins,WR,HOU,28.68,6.08,23.0,52.0,2026-07-10
Ashton Jeanty,RB,LV,29.61,8.08,15.0,46.0,2026-07-10
A.J. Brown,WR,NE,30.37,7.75,20.0,59.0,2026-07-10
Matthew Stafford,QB,LAR,31.09,8.81,8.0,55.0,2026-07-10
James Cook III,RB,BUF,32.91,8.85,15.0,48.0,2026-07-10
George Pickens,WR,DAL,33.47,5.6,24.0,53.0,2026-07-10
De'Von Achane,RB,MIA,33.6,7.71,13.0,49.0,2026-07-10
Jared Goff,QB,DET,34.23,9.05,17.0,55.0,2026-07-10
Trey McBride,TE,ARI,34.23,8.65,30.0,86.0,2026-07-10
Chris Olave,WR,NO,34.54,8.1,23.0,63.0,2026-07-10
Brock Bowers,TE,LV,37.77,3.79,26.0,47.0,2026-07-10
Chase Brown,RB,CIN,37.79,6.11,25.0,53.0,2026-07-10
Rashee Rice,WR,KC,38.42,10.72,23.0,68.0,2026-07-10
Kyler Murray,QB,MIN,38.67,13.31,13.0,64.0,2026-07-10
DeVonta Smith,WR,PHI,42.54,9.32,23.0,73.0,2026-07-10
Saquon Barkley,RB,PHI,42.68,7.52,22.0,67.0,2026-07-10
Omarion Hampton,RB,LAC,43.11,8.98,22.0,74.0,2026-07-10
Jordan Love,QB,GB,45.0,7.84,29.0,60.0,2026-07-10
Tetairoa McMillan,WR,CAR,46.25,9.89,24.0,73.0,2026-07-10
Garrett Wilson,WR,NYJ,46.49,6.3,35.0,66.0,2026-07-10
Baker Mayfield,QB,TB,46.51,10.16,18.0,60.0,2026-07-10
Kenneth Walker III,RB,KC,48.12,8.09,27.0,74.0,2026-07-10
Malik Nabers,WR,NYG,48.98,15.29,24.0,91.0,2026-07-10
Tee Higgins,WR,CIN,50.12,7.92,34.0,71.0,2026-07-10
Zay Flowers,WR,BAL,50.3,8.13,34.0,68.0,2026-07-10
Jeremiyah Love,RB,ARI,50.56,6.65,38.0,71.0,2026-07-10
Tyler Shough,QB,NO,51.3,9.21,26.0,66.0,2026-07-10
Malik Willis,QB,MIA,51.56,13.81,29.0,94.0,2026-07-10
Ladd McConkey,WR,LAC,52.88,7.24,30.0,76.0,2026-07-10
Colston Loveland,TE,CHI,54.44,13.67,39.0,87.0,2026-07-10
Derrick Henry,RB,BAL,56.98,9.75,25.0,77.0,2026-07-10
Jaylen Waddle,WR,DEN,57.09,9.28,34.0,82.0,2026-07-10
Breece Hall,RB,NYJ,58.77,8.09,47.0,95.0,2026-07-10
Emeka Egbuka,WR,TB,60.46,11.99,27.0,84.0,2026-07-10
Kyren Williams,RB,LAR,61.33,8.56,40.0,78.0,2026-07-10
Terry McLaurin,WR,WAS,62.21,9.41,44.0,84.0,2026-07-10
C.J. Stroud,QB,HOU,62.35,7.3,41.0,83.0,2026-07-10
Sam Darnold,QB,SEA,62.98,6.26,38.0,83.0,2026-07-10
Luther Burden III,WR,CHI,63.4,8.79,43.0,101.0,2026-07-10
Josh Jacobs,RB,GB,63.58,8.38,48.0,81.0,2026-07-10
Travis Etienne Jr.,RB,NO,66.49,9.0,42.0,95.0,2026-07-10
Cam Ward,QB,TEN,67.04,7.55,41.0,87.0,2026-07-10
Javonte Williams,RB,DAL,67.98,7.85,49.0,81.0,2026-07-10
Davante Adams,WR,LAR,68.61,6.28,57.0,86.0,2026-07-10
Daniel Jones,QB,IND,71.3,12.8,38.0,127.0,2026-07-10
Bryce Young,QB,CAR,72.63,7.84,50.0,94.0,2026-07-10
Mike Evans,WR,SF,72.67,12.08,53.0,122.0,2026-07-10
Jameson Williams,WR,DET,72.81,5.96,59.0,91.0,2026-07-10
Tyler Warren,TE,IND,73.14,12.36,47.0,93.0,2026-07-10
DJ Moore,WR,BUF,73.46,11.35,36.0,100.0,2026-07-10
Cam Skattebo,RB,NYG,76.81,9.35,54.0,99.0,2026-07-10
Christian Watson,WR,GB,77.28,10.03,57.0,107.0,2026-07-10
Bucky Irving,RB,TB,79.07,9.45,53.0,106.0,2026-07-10
Rome Odunze,WR,CHI,80.18,8.8,57.0,102.0,2026-07-10
TreVeyon Henderson,RB,NE,81.72,11.66,54.0,106.0,2026-07-10
Quinshon Judkins,RB,CLE,81.98,7.69,58.0,98.0,2026-07-10
Carnell Tate,WR,TEN,82.4,19.14,62.0,199.0,2026-07-10
D'Andre Swift,RB,CHI,82.82,7.39,71.0,98.0,2026-07-10
Jacoby Brissett,QB,ARI,87.11,18.65,41.0,140.0,2026-07-10
David Montgomery,RB,HOU,88.05,11.99,67.0,134.0,2026-07-10
Marvin Harrison Jr.,WR,ARI,89.75,13.03,68.0,124.0,2026-07-10
Tucker Kraft,TE,GB,92.79,9.41,76.0,115.0,2026-07-10
Jaylen Warren,RB,PIT,93.0,4.72,85.0,108.0,2026-07-10
Alec Pierce,WR,IND,93.67,12.79,53.0,123.0,2026-07-10
Bhayshul Tuten,RB,JAC,93.84,12.39,71.0,138.0,2026-07-10
Harold Fannin Jr.,TE,CLE,94.35,10.41,78.0,121.0,2026-07-10
DK Metcalf,WR,PIT,94.54,11.46,68.0,122.0,2026-07-10
Courtland Sutton,WR,DEN,96.02,11.43,72.0,115.0,2026-07-10
Jadarian Price,RB,SEA,96.36,9.94,66.0,108.0,2026-07-10
Kyle Pitts Sr.,TE,ATL,99.65,8.76,86.0,122.0,2026-07-10
Chris Godwin Jr.,WR,TB,99.86,11.55,80.0,140.0,2026-07-10
Brian Thomas Jr.,WR,JAC,101.7,14.12,72.0,128.0,2026-07-10
Chuba Hubbard,RB,CAR,101.82,11.9,74.0,134.0,2026-07-10
Geno Smith,QB,NYJ,101.83,23.29,70.0,184.0,2026-07-10
Michael Pittman Jr.,WR,PIT,101.91,12.76,60.0,125.0,2026-07-10
Rhamondre Stevenson,RB,NE,102.18,7.05,85.0,120.0,2026-07-10
Tony Pollard,RB,TEN,103.37,8.59,83.0,138.0,2026-07-10
Jordyn Tyson,WR,NO,103.63,20.07,80.0,215.0,2026-07-10
Michael Wilson,WR,ARI,104.46,11.33,80.0,128.0,2026-07-10
Rico Dowdle,RB,PIT,104.86,8.42,85.0,127.0,2026-07-10
RJ Harvey,RB,DEN,105.0,16.31,65.0,143.0,2026-07-10
Sam LaPorta,TE,DET,105.04,8.01,80.0,126.0,2026-07-10
Wan'Dale Robinson,WR,TEN,106.39,13.59,63.0,137.0,2026-07-10
Aaron Rodgers,QB,PIT,107.37,29.86,41.0,181.0,2026-07-10
Parker Washington,WR,JAC,109.61,13.61,84.0,144.0,2026-07-10
Jakobi Meyers,WR,JAC,110.46,9.73,91.0,133.0,2026-07-10
Fernando Mendoza,QB,LV,110.6,32.11,56.0,192.0,2026-07-10
Makai Lemon,WR,PHI,111.26,18.47,84.0,204.0,2026-07-10
Josh Downs,WR,IND,115.26,12.52,90.0,158.0,2026-07-10
Travis Kelce,TE,KC,115.86,11.92,93.0,162.0,2026-07-10
Kenny Gainwell,RB,TB,116.3,11.15,92.0,143.0,2026-07-10
Kyle Monangai,RB,CHI,116.44,10.09,97.0,141.0,2026-07-10
Ricky Pearsall,WR,SF,119.12,15.04,91.0,167.0,2026-07-10
J.K. Dobbins,RB,DEN,121.3,11.99,92.0,158.0,2026-07-10
Jake Ferguson,TE,DAL,121.89,10.09,93.0,148.0,2026-07-10
Quentin Johnston,WR,LAC,122.56,11.83,82.0,138.0,2026-07-10
Jordan Addison,WR,MIN,122.74,7.9,101.0,142.0,2026-07-10
Aaron Jones Sr.,RB,MIN,123.53,11.76,103.0,152.0,2026-07-10
Blake Corum,RB,LAR,124.05,10.02,105.0,152.0,2026-07-10
Dalton Kincaid,TE,BUF,124.72,10.12,104.0,151.0,2026-07-10
Jayden Reed,WR,GB,125.7,10.53,100.0,157.0,2026-07-10
George Kittle,TE,SF,125.93,16.93,86.0,163.0,2026-07-10
Rachaad White,RB,WAS,126.54,12.53,88.0,155.0,2026-07-10
Isaiah Likely,TE,NYG,129.68,14.56,106.0,164.0,2026-07-10
Khalil Shakir,WR,BUF,130.65,8.7,108.0,147.0,2026-07-10
Jayden Higgins,WR,HOU,133.0,8.04,110.0,152.0,2026-07-10
Michael Penix Jr.,QB,ATL,133.3,38.19,64.0,278.0,2026-07-10
Dallas Goedert,TE,PHI,134.75,12.99,113.0,164.0,2026-07-10
Xavier Worthy,WR,KC,136.7,9.49,117.0,158.0,2026-07-10
Jacory Croskey-Merritt,RB,WAS,137.33,10.92,120.0,174.0,2026-07-10
Tua Tagovailoa,QB,ATL,137.83,26.91,70.0,184.0,2026-07-10
KC Concepcion,WR,CLE,139.33,26.15,96.0,269.0,2026-07-10
Romeo Doubs,WR,NE,140.47,11.99,110.0,175.0,2026-07-10
Jordan Mason,RB,MIN,140.91,9.61,119.0,166.0,2026-07-10
Tyrone Tracy Jr.,RB,NYG,140.96,10.76,111.0,176.0,2026-07-10
Jalen Coker,WR,CAR,144.42,13.57,123.0,192.0,2026-07-10
Mark Andrews,TE,BAL,144.89,16.67,115.0,191.0,2026-07-10
Jonathon Brooks,RB,CAR,145.34,33.9,105.0,317.0,2026-07-10
Woody Marks,RB,HOU,146.35,14.55,105.0,188.0,2026-07-10
Zach Charbonnet,RB,SEA,148.42,13.94,105.0,185.0,2026-07-10
Tyler Allgeier,RB,ARI,148.74,16.39,131.0,229.0,2026-07-10
Juwan Johnson,TE,NO,149.53,16.68,106.0,189.0,2026-07-10
Matthew Golden,WR,GB,149.56,15.34,128.0,190.0,2026-07-10
Tyjae Spears,RB,TEN,152.54,10.72,132.0,186.0,2026-07-10
Chris Rodriguez Jr.,RB,JAC,153.96,18.11,129.0,211.0,2026-07-10
Dylan Sampson,RB,CLE,155.67,10.05,134.0,184.0,2026-07-10
Deshaun Watson,QB,CLE,156.03,39.25,70.0,277.0,2026-07-10
Isiah Pacheco,RB,DET,156.46,8.6,129.0,171.0,2026-07-10
Jauan Jennings,WR,MIN,158.48,20.45,114.0,243.0,2026-07-10
Brenton Strange,TE,JAC,158.93,18.25,121.0,197.0,2026-07-10
Alvin Kamara,RB,NO,159.16,16.12,131.0,214.0,2026-07-10
Denzel Boston,WR,CLE,160.02,22.17,128.0,272.0,2026-07-10
Rashid Shaheed,WR,SEA,160.14,12.28,146.0,193.0,2026-07-10
Oronde Gadsden II,TE,LAC,161.26,26.01,115.0,227.0,2026-07-10
Jerry Jeudy,WR,CLE,161.54,12.8,139.0,190.0,2026-07-10
Omar Cooper Jr.,WR,NYJ,161.75,16.71,131.0,232.0,2026-07-10
Shedeur Sanders,QB,CLE,162.67,34.79,83.0,268.0,2026-07-10
J.J. McCarthy,QB,MIN,163.63,48.84,70.0,282.0,2026-07-10
Hunter Henry,TE,NE,165.23,15.9,136.0,206.0,2026-07-10
Stefon Diggs,WR,FA,165.31,36.2,102.0,278.0,2026-07-10
Jonah Coleman,RB,DEN,166.46,27.97,138.0,331.0,2026-07-10
Keaton Mitchell,RB,LAC,168.91,24.52,141.0,281.0,2026-07-10
Kirk Cousins,QB,LV,169.17,30.91,87.0,284.0,2026-07-10
Chig Okonkwo,TE,WAS,169.37,26.01,114.0,228.0,2026-07-10
Jalen McMillan,WR,TB,172.6,21.41,144.0,272.0,2026-07-10
Travis Hunter,WR,JAC,172.63,26.83,112.0,255.0,2026-07-10
Brian Robinson Jr.,RB,ATL,174.05,23.32,151.0,304.0,2026-07-10
Braelon Allen,RB,NYJ,174.8,26.15,148.0,287.0,2026-07-10
Adonai Mitchell,WR,NYJ,174.82,20.2,146.0,246.0,2026-07-10
Dalton Schultz,TE,HOU,175.05,18.35,126.0,205.0,2026-07-10
Justin Fields,QB,KC,176.0,82.9,36.0,297.0,2026-07-10
Tre Tucker,WR,LV,177.18,20.0,129.0,264.0,2026-07-10
Tank Bigsby,RB,PHI,178.53,20.81,145.0,276.0,2026-07-10
Marcus Mariota,QB,WAS,180.0,0.0,180.0,180.0,2026-07-10
Deebo Samuel Sr.,WR,FA,180.27,32.85,129.0,301.0,2026-07-10
Tre' Harris,WR,LAC,180.81,22.78,140.0,263.0,2026-07-10
Joe Milton III,QB,DAL,182.0,0.0,182.0,182.0,2026-07-10
James Conner,RB,ARI,182.11,35.18,105.0,301.0,2026-07-10
T.J. Hockenson,TE,MIN,182.44,11.96,142.0,208.0,2026-07-10
Troy Franklin,WR,DEN,183.32,22.15,117.0,234.0,2026-07-10
Riley Leonard,QB,IND,184.0,0.0,184.0,184.0,2026-07-10
Kayshon Boutte,WR,NE,184.23,19.85,151.0,241.0,2026-07-10
Hunter Renfrow,WR,FA,185.0,0.0,185.0,185.0,2026-07-10
Emmett Johnson,RB,KC,185.51,26.39,145.0,280.0,2026-07-10
Ryan Flournoy,WR,DAL,185.91,15.28,157.0,238.0,2026-07-10
Antonio Williams,WR,WAS,187.22,30.08,140.0,285.0,2026-07-10
Emanuel Wilson,RB,SEA,187.4,25.55,141.0,248.0,2026-07-10
Mac Jones,QB,SF,188.14,44.55,127.0,287.0,2026-07-10
Jaylin Noel,WR,HOU,190.36,21.95,149.0,249.0,2026-07-10
Kimani Vidal,RB,LAC,191.55,22.05,161.0,253.0,2026-07-10
Brandon Aiyuk,WR,SF,191.82,32.15,146.0,296.0,2026-07-10
Calvin Ridley,WR,TEN,192.6,24.28,147.0,278.0,2026-07-10
Mike Washington Jr.,RB,LV,192.61,25.81,152.0,282.0,2026-07-10
Kenyon Sadiq,TE,NYJ,194.37,22.96,139.0,300.0,2026-07-10
Isaac TeSlaa,WR,DET,194.74,16.32,170.0,247.0,2026-07-10
Ty Simpson,QB,LAR,195.4,24.82,182.0,245.0,2026-07-10
Jalen Nailor,WR,LV,195.89,32.13,135.0,268.0,2026-07-10
Darnell Mooney,WR,NYG,196.91,15.89,160.0,261.0,2026-07-10
Pat Bryant,WR,DEN,197.27,16.59,174.0,248.0,2026-07-10
AJ Barner,TE,SEA,197.42,14.39,153.0,227.0,2026-07-10
Ray Davis,RB,BUF,197.64,26.55,153.0,302.0,2026-07-10
Sean Tucker,RB,TB,197.74,18.81,152.0,247.0,2026-07-10
Dontayvion Wicks,WR,PHI,203.11,16.87,167.0,259.0,2026-07-10
Kaytron Allen,RB,WAS,204.86,28.31,160.0,283.0,2026-07-10
Nicholas Singleton,RB,TEN,204.89,31.84,145.0,319.0,2026-07-10
Chimere Dike,WR,TEN,205.3,30.59,149.0,288.0,2026-07-10
Malik Washington,WR,MIA,205.63,27.06,158.0,265.0,2026-07-10
Gunnar Helm,TE,TEN,206.35,18.68,174.0,257.0,2026-07-10
Tyreek Hill,WR,FA,207.04,39.69,124.0,300.0,2026-07-10
Jaylen Wright,RB,MIA,209.48,17.59,165.0,259.0,2026-07-10
Greg Dulcich,TE,MIA,210.3,34.62,136.0,273.0,2026-07-10
Cooper Kupp,WR,SEA,211.68,22.54,170.0,265.0,2026-07-10
Tank Dell,WR,HOU,212.76,20.49,173.0,279.0,2026-07-10
Chris Bell,WR,MIA,212.83,26.06,157.0,276.0,2026-07-10
Germie Bernard,WR,PIT,213.88,27.88,166.0,284.0,2026-07-10
Elic Ayomanor,WR,TEN,215.39,28.96,170.0,301.0,2026-07-10
De'Zhaun Stribling,WR,SF,216.26,28.13,178.0,307.0,2026-07-10
Justice Hill,RB,BAL,218.04,34.22,155.0,286.0,2026-07-10
Rashod Bateman,WR,BAL,218.29,21.03,173.0,266.0,2026-07-10
Terrance Ferguson,TE,LAR,219.05,15.83,164.0,263.0,2026-07-10
David Njoku,TE,LAC,219.19,18.15,161.0,257.0,2026-07-10
Cade Otton,TE,TB,220.51,14.2,175.0,246.0,2026-07-10
Pat Freiermuth,TE,PIT,221.93,16.34,174.0,281.0,2026-07-10
Zachariah Branch,WR,ATL,222.75,22.86,175.0,281.0,2026-07-10
Ollie Gordon II,RB,MIA,224.33,20.98,173.0,305.0,2026-07-10
Jack Bech,WR,LV,225.54,24.56,177.0,324.0,2026-07-10
Keon Coleman,WR,BUF,227.36,21.48,181.0,271.0,2026-07-10
Ted Hurst III,WR,TB,228.0,30.42,176.0,328.0,2026-07-10
Isaiah Davis,RB,NYJ,228.65,20.29,197.0,286.0,2026-07-10
Christian Kirk,WR,SF,228.81,22.38,178.0,288.0,2026-07-10
Elijah Sarratt,WR,BAL,230.06,20.78,180.0,286.0,2026-07-10
Colby Parkinson,TE,LAR,230.12,19.17,177.0,286.0,2026-07-10
Ty Johnson,RB,BUF,230.75,26.53,166.0,327.0,2026-07-10
Marvin Mims Jr.,WR,DEN,230.78,24.13,186.0,324.0,2026-07-10
Zay Jones,WR,FA,231.0,0.0,231.0,231.0,2026-07-10
MarShawn Lloyd,RB,GB,231.96,32.58,159.0,291.0,2026-07-10
Demond Claiborne,RB,MIN,231.98,28.72,167.0,277.0,2026-07-10
Malachi Fields,WR,NYG,232.33,27.59,190.0,308.0,2026-07-10
Devin Neal,RB,NO,232.44,30.43,173.0,322.0,2026-07-10
Carson Beck,QB,ARI,232.67,48.01,184.0,298.0,2026-07-10
Kaleb Johnson,RB,PIT,233.02,32.51,159.0,300.0,2026-07-10
Evan Engram,TE,DEN,234.26,11.71,203.0,262.0,2026-07-10
Anthony Richardson Sr.,QB,IND,234.5,57.5,177.0,292.0,2026-07-10
Jaydon Blue,RB,DAL,234.96,26.96,166.0,303.0,2026-07-10
Xavier Legette,WR,CAR,235.81,24.72,195.0,288.0,2026-07-10
Tory Horton,WR,SEA,236.11,23.2,154.0,307.0,2026-07-10
Chris Brazzell II,WR,CAR,236.37,23.76,176.0,287.0,2026-07-10
Eli Stowers,TE,PHI,237.44,26.95,173.0,313.0,2026-07-10
Mason Taylor,TE,NYJ,237.52,25.95,190.0,312.0,2026-07-10
Trey Benson,RB,ARI,237.78,34.04,138.0,299.0,2026-07-10
DJ Giddens,RB,IND,238.54,24.78,162.0,293.0,2026-07-10
Theo Johnson,TE,NYG,238.94,21.11,183.0,286.0,2026-07-10
LeQuint Allen Jr.,RB,JAC,239.33,23.84,200.0,315.0,2026-07-10
Darius Slayton,WR,NYG,239.34,31.9,174.0,343.0,2026-07-10
Jordan James,RB,SF,239.47,33.22,165.0,339.0,2026-07-10
Chris Brooks,RB,GB,239.94,26.42,179.0,287.0,2026-07-10
Keenan Allen,WR,LAC,239.96,22.77,173.0,272.0,2026-07-10
Kyle Williams,WR,NE,240.11,29.77,191.0,337.0,2026-07-10
Mike Gesicki,TE,CIN,240.49,19.22,206.0,290.0,2026-07-10
George Holani,RB,SEA,240.81,24.29,176.0,293.0,2026-07-10
Alexander Mattison,RB,FA,243.0,8.0,235.0,251.0,2026-07-10
Mack Hollins,WR,NE,244.75,33.55,185.0,339.0,2026-07-10
Brashard Smith,RB,KC,245.07,22.0,211.0,323.0,2026-07-10
Devaughn Vele,WR,NO,245.3,24.75,180.0,328.0,2026-07-10
Joe Flacco,QB,CIN,246.0,50.0,196.0,296.0,2026-07-10
Samaje Perine,RB,CIN,246.57,34.9,163.0,345.0,2026-07-10
Albert Okwuegbunam Jr.,TE,LV,247.0,0.0,247.0,247.0,2026-07-10
Andrei Iosivas,WR,CIN,247.13,25.66,199.0,305.0,2026-07-10
Tyquan Thornton,WR,KC,247.29,27.0,173.0,331.0,2026-07-10
Jake Tonges,TE,SF,247.38,22.95,194.0,298.0,2026-07-10
Odell Beckham Jr.,WR,NYG,248.5,81.5,167.0,330.0,2026-07-10
Sterling Shepard,WR,FA,249.0,31.0,218.0,280.0,2026-07-10
Kaelon Black,RB,SF,249.58,34.56,166.0,296.0,2026-07-10
Malik Davis,RB,DAL,249.81,17.69,208.0,284.0,2026-07-10
Brandin Cooks,WR,FA,250.0,0.0,250.0,250.0,2026-07-10
Ja'Kobi Lane,WR,BAL,250.11,26.98,170.0,304.0,2026-07-10
Najee Harris,RB,LAC,250.64,22.12,208.0,283.0,2026-07-10
Jakobie Keeney-James,WR,FA,251.0,0.0,251.0,251.0,2026-07-10
Kendre Miller,RB,NO,251.36,26.04,182.0,318.0,2026-07-10
Skyler Bell,WR,BUF,251.65,27.54,203.0,332.0,2026-07-10
Jaleel McLaughlin,RB,DEN,252.26,27.57,175.0,299.0,2026-07-10
Jerome Ford,RB,WAS,255.6,22.56,199.0,294.0,2026-07-10
Hollywood Brown,WR,PHI,255.77,21.5,171.0,328.0,2026-07-10
Joe Mixon,RB,FA,256.94,35.14,162.0,296.0,2026-07-10
Isaiah Williams,WR,NYJ,257.0,0.0,257.0,257.0,2026-07-10
Clyde Edwards-Helaire,RB,FA,258.0,0.0,258.0,258.0,2026-07-10
Seth McGowan,RB,IND,259.36,21.08,220.0,305.0,2026-07-10
Adam Randall,RB,BAL,260.15,20.8,213.0,291.0,2026-07-10
Caleb Douglas,WR,MIA,260.53,49.06,176.0,336.0,2026-07-10
Devin Singletary,RB,NYG,260.54,18.35,182.0,284.0,2026-07-10
Khalil Herbert,RB,FA,261.0,15.0,246.0,276.0,2026-07-10
Konata Mumpfield,WR,LAR,261.54,23.18,221.0,310.0,2026-07-10
Ronnie Rivers,RB,LAR,262.0,0.0,262.0,262.0,2026-07-10
Emari Demercado,RB,KC,263.35,22.02,204.0,303.0,2026-07-10
Darnell Washington,TE,PIT,263.82,25.71,221.0,330.0,2026-07-10
Jahan Dotson,WR,ATL,264.73,36.26,172.0,326.0,2026-07-10
Isaiah Bond,WR,CLE,265.68,26.46,221.0,333.0,2026-07-10
Mitch Tinsley,WR,CIN,266.0,1.0,265.0,267.0,2026-07-10
KaVontae Turpin,WR,DAL,268.18,45.32,198.0,362.0,2026-07-10
DeAndre Hopkins,WR,BAL,268.25,85.88,137.0,378.0,2026-07-10
Max Klare,TE,LAR,268.38,20.52,240.0,311.0,2026-07-10
Jarquez Hunter,RB,LAR,268.6,16.5,223.0,300.0,2026-07-10
Rasheen Ali,RB,BAL,269.33,10.08,259.0,283.0,2026-07-10
Jalen Tolbert,WR,MIA,269.4,32.84,205.0,329.0,2026-07-10
Isaac Guerendo,RB,SF,269.6,20.63,214.0,311.0,2026-07-10
Michael Mayer,TE,LV,269.84,22.86,240.0,322.0,2026-07-10
Tez Johnson,WR,TB,269.96,25.69,176.0,320.0,2026-07-10
Tyler Lockett,WR,LV,270.5,55.45,188.0,344.0,2026-07-10
Luke McCaffrey,WR,WAS,271.07,23.54,217.0,330.0,2026-07-10
Jalen Royals,WR,KC,271.4,26.34,221.0,332.0,2026-07-10
Tahj Brooks,RB,CIN,271.86,18.6,220.0,323.0,2026-07-10
Graig Cooper,RB,FA,272.0,0.0,272.0,272.0,2026-07-10
Olamide Zaccheaus,WR,ATL,272.5,23.87,234.0,309.0,2026-07-10
Elijah Dotson,RB,FA,273.0,0.0,273.0,273.0,2026-07-10
Calvin Austin III,WR,NYG,273.41,31.64,232.0,342.0,2026-07-10
Joshua Palmer,WR,BUF,273.5,31.25,222.0,336.0,2026-07-10
Trevor Etienne,RB,CAR,273.74,11.33,249.0,302.0,2026-07-10
Lan Larison,RB,NE,274.0,0.0,274.0,274.0,2026-07-10
Audric Estime,RB,NO,274.45,17.89,232.0,322.0,2026-07-10
Cedric Tillman,WR,CLE,274.94,23.17,244.0,337.0,2026-07-10
Oscar Delp,TE,NO,274.95,23.56,240.0,330.0,2026-07-10
Tyler Higbee,TE,LAR,275.27,31.62,203.0,317.0,2026-07-10
Kendrick Bourne,WR,ARI,276.0,48.63,201.0,374.0,2026-07-10
Ja'Tavion Sanders,TE,CAR,276.21,23.69,247.0,323.0,2026-07-10
Ashton Dulin,WR,IND,277.6,11.46,264.0,295.0,2026-07-10
Bryce Lance,WR,NO,278.46,26.45,239.0,328.0,2026-07-10
Kalif Raymond,WR,CHI,278.67,35.9,205.0,337.0,2026-07-10
Hunter Luepke,RB,DAL,279.0,0.0,279.0,279.0,2026-07-10
Brittain Brown,RB,CHI,279.0,18.0,261.0,297.0,2026-07-10
Elijah Arroyo,TE,SEA,279.09,21.5,246.0,324.0,2026-07-10
Will Shipley,RB,PHI,279.2,16.39,243.0,314.0,2026-07-10
Jordan Waters,RB,LAR,280.0,32.0,248.0,312.0,2026-07-10
Raheem Mostert,RB,LV,280.5,0.5,280.0,281.0,2026-07-10
Tim Patrick,WR,NYJ,281.0,0.0,281.0,281.0,2026-07-10
Dylan Laube,RB,LV,281.67,42.94,224.0,327.0,2026-07-10
Bam Knight,RB,ARI,281.7,25.35,229.0,334.0,2026-07-10
Kareem Hunt,RB,FA,281.94,22.81,225.0,352.0,2026-07-10
Ja'Lynn Polk,WR,NO,282.0,0.0,282.0,282.0,2026-07-10
Xavier Hutchinson,WR,HOU,282.18,23.72,242.0,329.0,2026-07-10
Cole Kmet,TE,CHI,282.33,24.64,250.0,329.0,2026-07-10
DeMario Douglas,WR,NE,282.58,40.47,183.0,353.0,2026-07-10
Eli Heidenreich,RB,PIT,282.63,33.69,225.0,324.0,2026-07-10
Brenen Thompson,WR,LAC,282.75,33.81,224.0,334.0,2026-07-10
Jonnu Smith,TE,FA,284.0,44.34,240.0,358.0,2026-07-10
Dont'e Thornton Jr.,WR,LV,284.56,28.44,244.0,330.0,2026-07-10
Dawson Knox,TE,BUF,285.67,27.9,225.0,336.0,2026-07-10
Treylon Burks,WR,WAS,286.91,32.4,236.0,334.0,2026-07-10
Nick Chubb,RB,FA,287.6,17.34,270.0,318.0,2026-07-10
Noah Gray,TE,KC,287.96,18.5,247.0,321.0,2026-07-10
Nick Westbrook-Ikhine,WR,IND,288.33,41.37,210.0,343.0,2026-07-10
Austin Hooper,TE,ATL,288.4,17.42,272.0,313.0,2026-07-10
J'Mari Taylor,RB,JAC,288.95,16.41,267.0,321.0,2026-07-10
Devonte Boyd,WR,FA,290.0,0.0,290.0,290.0,2026-07-10
Sincere McCormick,RB,SF,290.0,0.0,290.0,290.0,2026-07-10
Kalel Mullings,RB,TEN,290.0,0.0,290.0,290.0,2026-07-10
Kyle Juszczyk,RB,SF,290.4,33.85,225.0,317.0,2026-07-10
Phil Mafah,RB,DAL,290.75,33.87,235.0,338.0,2026-07-10
Jabari Small,RB,DET,291.0,0.0,291.0,291.0,2026-07-10
Jawhar Jordan,RB,HOU,291.14,26.63,229.0,338.0,2026-07-10
Colbie Young,WR,CIN,291.5,14.5,277.0,306.0,2026-07-10
Kevin Austin Jr.,WR,NO,291.67,47.37,233.0,349.0,2026-07-10
Josh Williams,RB,TB,292.0,0.0,292.0,292.0,2026-07-10
Xavier Restrepo,WR,TEN,293.0,0.0,293.0,293.0,2026-07-10
Jacardia Wright,RB,SEA,293.0,0.0,293.0,293.0,2026-07-10
Miles Sanders,RB,FA,293.33,71.79,199.0,373.0,2026-07-10
Elijah Moore,WR,PHI,293.67,32.97,266.0,340.0,2026-07-10
Josh Reynolds,WR,FA,294.0,0.0,294.0,294.0,2026-07-10
Jameis Winston,QB,NYG,295.0,0.0,295.0,295.0,2026-07-10
Myles Price,WR,MIN,295.0,0.0,295.0,295.0,2026-07-10
Zavion Thomas,WR,CHI,295.56,46.33,237.0,370.0,2026-07-10
Devontez Walker,WR,BAL,295.6,46.21,245.0,379.0,2026-07-10
Raheim Sanders,RB,CLE,295.69,26.66,245.0,342.0,2026-07-10
Tutu Atwell,WR,MIA,295.83,37.0,242.0,354.0,2026-07-10
Jaret Patterson,RB,LAC,296.0,32.66,256.0,336.0,2026-07-10
Justin Joly,TE,DEN,296.18,18.75,267.0,327.0,2026-07-10
John Bates,TE,WAS,296.43,38.03,257.0,359.0,2026-07-10
Van Jefferson,WR,WAS,297.0,0.0,297.0,297.0,2026-07-10
Jeremy McNichols,RB,WAS,297.2,42.53,217.0,343.0,2026-07-10
John Metchie III,WR,CAR,297.21,31.33,255.0,348.0,2026-07-10
Michael Carter,RB,TEN,297.94,27.61,258.0,347.0,2026-07-10
Russell Gage Jr.,WR,FA,298.0,0.0,298.0,298.0,2026-07-10
Ulysses Bentley IV,RB,IND,298.0,0.0,298.0,298.0,2026-07-10
Austin Ekeler,RB,FA,298.1,23.91,260.0,335.0,2026-07-10
Cyrus Allen,WR,KC,298.4,61.53,210.0,367.0,2026-07-10
Quez Watkins,WR,PHI,299.0,0.0,299.0,299.0,2026-07-10
Montorie Foster Jr.,WR,SEA,299.0,0.0,299.0,299.0,2026-07-10
Jaylin Lane,WR,WAS,299.31,26.63,265.0,344.0,2026-07-10
Miles Davis,RB,CAR,300.0,0.0,300.0,300.0,2026-07-10
Myles Gaskin,RB,FA,301.0,0.0,301.0,301.0,2026-07-10
Michael Woods II,WR,FA,301.0,0.0,301.0,301.0,2026-07-10
Ameer Abdullah,RB,JAC,301.5,36.5,265.0,338.0,2026-07-10
Antonio Gibson,RB,FA,301.6,33.03,267.0,363.0,2026-07-10
Nate Adkins,TE,DEN,302.0,0.0,302.0,302.0,2026-07-10
AJ Dillon,RB,CAR,302.0,18.0,284.0,320.0,2026-07-10
Nate Boerkircher,TE,JAC,302.67,3.4,298.0,306.0,2026-07-10
Moliki Matavao,TE,NO,303.0,0.0,303.0,303.0,2026-07-10
Noah Fant,TE,NO,303.21,19.39,259.0,348.0,2026-07-10
Dyami Brown,WR,WAS,303.4,41.02,270.0,382.0,2026-07-10
Diontae Johnson,WR,FA,303.5,7.5,296.0,311.0,2026-07-10
Kendric Pryor,WR,CIN,304.0,0.0,304.0,304.0,2026-07-10
Eli Raridon,TE,NE,304.08,41.74,214.0,375.0,2026-07-10
Erick All Jr.,TE,CIN,304.25,21.92,272.0,329.0,2026-07-10
Josh Oliver,TE,MIN,304.25,15.66,278.0,318.0,2026-07-10
Kevin Coleman Jr.,WR,MIA,304.3,41.9,222.0,351.0,2026-07-10
Jam Miller,RB,NE,305.0,11.1,290.0,322.0,2026-07-10
Donovan Edwards,RB,MIA,305.0,0.0,305.0,305.0,2026-07-10
Ty Chandler,RB,NO,305.33,25.59,279.0,340.0,2026-07-10
Terrell Jennings,RB,NE,305.5,29.32,274.0,348.0,2026-07-10
JuJu Smith-Schuster,WR,NYG,306.0,0.0,306.0,306.0,2026-07-10
Michael Briscoe,WR,MIN,306.0,0.0,306.0,306.0,2026-07-10
Sione Vaki,RB,DET,306.0,15.0,291.0,321.0,2026-07-10
Sam Roush,TE,CHI,306.33,3.68,302.0,311.0,2026-07-10
Savion Williams,WR,GB,306.73,33.56,256.0,372.0,2026-07-10
Jared Wiley,TE,KC,307.0,0.0,307.0,307.0,2026-07-10
Damien Martinez,RB,GB,307.6,22.22,282.0,343.0,2026-07-10
Tommy Myers,TE,FA,307.83,39.21,262.0,355.0,2026-07-10
Michael Bandy,WR,DEN,308.0,0.0,308.0,308.0,2026-07-10
Tanner Hudson,TE,CIN,308.5,5.5,303.0,314.0,2026-07-10
Tommy Tremble,TE,CAR,309.3,18.74,271.0,350.0,2026-07-10
Pierre Strong Jr.,RB,GB,309.5,15.5,294.0,325.0,2026-07-10
Mo Alie-Cox,TE,IND,310.0,0.0,310.0,310.0,2026-07-10
Mecole Hardman Jr.,WR,BUF,311.0,0.0,311.0,311.0,2026-07-10
Luke Musgrave,TE,GB,311.2,16.77,277.0,341.0,2026-07-10
Marlin Klein,TE,HOU,311.2,13.33,289.0,329.0,2026-07-10
Tai Felton,WR,MIN,312.0,71.0,241.0,383.0,2026-07-10
Zach Ertz,TE,FA,312.0,29.78,258.0,340.0,2026-07-10
Roschon Johnson,RB,CHI,312.6,23.67,288.0,349.0,2026-07-10
Jahdae Walker,WR,CHI,313.67,17.02,291.0,332.0,2026-07-10
Greg Dortch,WR,DET,313.71,29.06,263.0,346.0,2026-07-10
Jack Endries,TE,CIN,314.0,0.0,314.0,314.0,2026-07-10
Jordan Whittington,WR,LAR,314.0,33.23,268.0,371.0,2026-07-10
Demarcus Robinson,WR,SF,314.0,30.05,271.0,346.0,2026-07-10
Miles Kitselman,TE,DET,314.0,0.0,314.0,314.0,2026-07-10
Ronnie Bell,WR,NO,314.0,12.0,302.0,326.0,2026-07-10
Charlie Kolar,TE,LAC,314.0,13.0,301.0,327.0,2026-07-10
Darren Waller,TE,FA,314.57,17.39,286.0,344.0,2026-07-10
Xavier Smith,WR,LAR,314.67,23.16,282.0,333.0,2026-07-10
Mitchell Evans,TE,CAR,315.8,10.26,301.0,332.0,2026-07-10
Royce Freeman,RB,FA,316.0,0.0,316.0,316.0,2026-07-10
Michael Burton,RB,CLE,316.0,0.0,316.0,316.0,2026-07-10
CJ Daniels,WR,LAR,316.67,24.91,280.0,349.0,2026-07-10
Roman Wilson,WR,PIT,317.0,15.64,304.0,339.0,2026-07-10
Cam Akers,RB,FA,317.0,49.0,268.0,366.0,2026-07-10
Ben Sinnott,TE,WAS,317.0,18.87,289.0,346.0,2026-07-10
Myles Montgomery,RB,NE,317.0,10.0,307.0,327.0,2026-07-10
Drew Sample,TE,CIN,317.0,7.0,310.0,324.0,2026-07-10
Zavier Scott,RB,MIN,317.0,0.0,317.0,317.0,2026-07-10
Daniel Bellinger,TE,TEN,317.88,18.59,278.0,345.0,2026-07-10
Dameon Pierce,RB,PHI,318.0,18.9,295.0,344.0,2026-07-10
Michael Wortham,WR,JAC,319.0,0.0,319.0,319.0,2026-07-10
Tyler Conklin,TE,DET,321.0,0.0,321.0,321.0,2026-07-10
Deion Burks,WR,IND,321.14,31.36,284.0,381.0,2026-07-10
Adam Trautman,TE,DEN,321.33,8.5,313.0,333.0,2026-07-10
Will Mallory,TE,IND,322.0,0.0,322.0,322.0,2026-07-10
Durham Smythe,TE,BAL,323.0,0.0,323.0,323.0,2026-07-10
Zamir White,RB,LV,323.0,0.0,323.0,323.0,2026-07-10
Xavier Weaver,WR,ARI,323.0,0.0,323.0,323.0,2026-07-10
Brock Wright,TE,DET,323.0,7.26,313.0,330.0,2026-07-10
Braxton Berrios,WR,NYG,324.0,0.0,324.0,324.0,2026-07-10
Tanner Koziol,TE,JAC,325.0,7.0,318.0,332.0,2026-07-10
Dante Miller,RB,NYG,325.0,0.0,325.0,325.0,2026-07-10
Robert Henry Jr.,RB,WAS,325.33,17.93,300.0,339.0,2026-07-10
Jermaine Burton,WR,FA,327.5,56.5,271.0,384.0,2026-07-10
Matt Hibner,TE,BAL,328.0,0.0,328.0,328.0,2026-07-10
Lil'Jordan Humphrey,WR,DEN,329.0,0.0,329.0,329.0,2026-07-10
Chip Trayanum,RB,NYJ,330.0,0.0,330.0,330.0,2026-07-10
Roman Hemby,RB,LV,330.5,4.5,326.0,335.0,2026-07-10
Elijah Higgins,TE,ARI,330.88,16.44,308.0,357.0,2026-07-10
Luke Schoonmaker,TE,DAL,331.0,7.18,323.0,340.0,2026-07-10
Khalil Dinkins,TE,SF,333.0,0.0,333.0,333.0,2026-07-10
Kaden Wetjen,WR,PIT,333.0,0.0,333.0,333.0,2026-07-10
Casey Washington,WR,FA,335.0,0.0,335.0,335.0,2026-07-10
Michael Trigg,TE,DAL,335.0,26.0,309.0,361.0,2026-07-10
Jackson Hawes,TE,BUF,335.5,9.5,326.0,345.0,2026-07-10
Malik Benson,WR,LV,337.0,22.05,310.0,364.0,2026-07-10
Jimmy Horn Jr.,WR,CAR,338.0,0.0,338.0,338.0,2026-07-10
Jaydn Ott,RB,KC,340.0,2.0,338.0,342.0,2026-07-10
Taysom Hill,TE,FA,340.0,28.0,312.0,368.0,2026-07-10
Cash Jones,RB,ATL,341.0,0.0,341.0,341.0,2026-07-10
Tyler Badie,RB,DEN,342.0,0.0,342.0,342.0,2026-07-10
Reggie Virgil,WR,ARI,343.0,0.0,343.0,343.0,2026-07-10
Thomas Fidone II,TE,NYG,343.0,26.0,317.0,369.0,2026-07-10
Isaiah Hodgins,WR,NYG,344.0,0.0,344.0,344.0,2026-07-10
Jamal Haynes,RB,CIN,346.0,0.0,346.0,346.0,2026-07-10
Tip Reiman,TE,ARI,348.0,0.0,348.0,348.0,2026-07-10
Theo Wease Jr.,WR,MIA,350.0,0.0,350.0,350.0,2026-07-10
Elijah Mitchell,RB,PHI,354.0,32.0,322.0,386.0,2026-07-10
Will Dissly,TE,FA,356.0,0.0,356.0,356.0,2026-07-10
Marquez Valdes-Scantling,WR,DAL,360.0,0.0,360.0,360.0,2026-07-10
Gus Edwards,RB,FA,365.0,0.0,365.0,365.0,2026-07-10
Curtis Samuel,WR,FA,376.0,0.0,376.0,376.0,2026-07-10
Jacob Cowing,WR,SF,377.0,0.0,377.0,377.0,2026-07-10
Gabe Davis,WR,FA,380.0,0.0,380.0,380.0,2026-07-10
Juice Wells Jr.,WR,ATL,385.0,0.0,385.0,385.0,2026-07-10
Trey Sermon,RB,FA,387.0,0.0,387.0,387.0,2026-07-10
Ja'Quinden Jackson,RB,FA,388.0,0.0,388.0,388.0,2026-07-10
Josh Allen,QB,BUF,1.05,0.23,1.0,2.0,2026-07-03
Lamar Jackson,QB,BAL,2.76,1.37,1.0,8.0,2026-07-03
Drake Maye,QB,NE,3.18,1.36,1.0,9.0,2026-07-03
Joe Burrow,QB,CIN,4.53,1.55,2.0,9.0,2026-07-03
Jayden Daniels,QB,WAS,6.73,3.67,3.0,18.0,2026-07-03
Jalen Hurts,QB,PHI,7.05,3.25,2.0,17.0,2026-07-03
Ja'Marr Chase,WR,CIN,7.38,2.34,6.0,12.0,2026-07-03
Puka Nacua,WR,LAR,10.96,2.68,6.0,20.0,2026-07-03
Bijan Robinson,RB,ATL,11.18,2.33,9.0,25.0,2026-07-03
Caleb Williams,QB,CHI,11.25,5.65,3.0,29.0,2026-07-03
Justin Herbert,QB,LAC,11.71,6.43,5.0,38.0,2026-07-03
Jaxon Smith-Njigba,WR,SEA,12.16,1.93,6.0,20.0,2026-07-03
Jahmyr Gibbs,RB,DET,12.2,2.37,6.0,22.0,2026-07-03
Amon-Ra St. Brown,WR,DET,15.16,3.04,11.0,23.0,2026-07-03
Trevor Lawrence,QB,JAC,15.56,5.83,8.0,30.0,2026-07-03
Dak Prescott,QB,DAL,16.53,5.23,7.0,30.0,2026-07-03
Jaxson Dart,QB,NYG,17.98,7.25,7.0,38.0,2026-07-03
Christian McCaffrey,RB,SF,18.56,7.23,10.0,45.0,2026-07-03
Brock Purdy,QB,SF,18.98,4.86,3.0,30.0,2026-07-03
CeeDee Lamb,WR,DAL,20.11,3.59,14.0,34.0,2026-07-03
Justin Jefferson,WR,MIN,21.16,4.71,12.0,47.0,2026-07-03
Jonathan Taylor,RB,IND,23.85,6.32,13.0,46.0,2026-07-03
Drake London,WR,ATL,24.11,3.8,21.0,43.0,2026-07-03
Patrick Mahomes II,QB,KC,26.45,5.81,16.0,38.0,2026-07-03
Bo Nix,QB,DEN,27.44,5.37,16.0,38.0,2026-07-03
Nico Collins,WR,HOU,28.85,6.02,23.0,52.0,2026-07-03
Ashton Jeanty,RB,LV,30.22,8.49,15.0,48.0,2026-07-03
Matthew Stafford,QB,LAR,30.47,9.03,8.0,55.0,2026-07-03
A.J. Brown,WR,NE,30.93,7.78,21.0,57.0,2026-07-03
George Pickens,WR,DAL,32.58,5.08,24.0,45.0,2026-07-03
De'Von Achane,RB,MIA,33.24,8.04,13.0,49.0,2026-07-03
Trey McBride,TE,ARI,33.58,5.61,31.0,54.0,2026-07-03
Chris Olave,WR,NO,34.18,8.82,23.0,63.0,2026-07-03
James Cook III,RB,BUF,34.53,8.36,15.0,48.0,2026-07-03
Jared Goff,QB,DET,34.65,9.78,17.0,55.0,2026-07-03
Kyler Murray,QB,MIN,37.8,12.39,13.0,64.0,2026-07-03
Brock Bowers,TE,LV,37.89,3.38,28.0,47.0,2026-07-03
Chase Brown,RB,CIN,37.91,5.59,25.0,53.0,2026-07-03
Rashee Rice,WR,KC,39.36,11.98,23.0,72.0,2026-07-03
Saquon Barkley,RB,PHI,43.02,7.95,22.0,65.0,2026-07-03
DeVonta Smith,WR,PHI,43.58,9.68,28.0,80.0,2026-07-03
Omarion Hampton,RB,LAC,44.18,9.57,25.0,74.0,2026-07-03
Tetairoa McMillan,WR,CAR,45.62,10.32,24.0,73.0,2026-07-03
Jordan Love,QB,GB,45.87,7.84,29.0,60.0,2026-07-03
Garrett Wilson,WR,NYJ,46.53,7.11,28.0,66.0,2026-07-03
Baker Mayfield,QB,TB,47.15,10.11,18.0,60.0,2026-07-03
Malik Nabers,WR,NYG,47.76,14.42,24.0,90.0,2026-07-03
Kenneth Walker III,RB,KC,49.0,8.93,25.0,74.0,2026-07-03
Tyler Shough,QB,NO,49.22,10.88,18.0,64.0,2026-07-03
Tee Higgins,WR,CIN,50.62,8.2,34.0,71.0,2026-07-03
Malik Willis,QB,MIA,50.76,14.21,29.0,94.0,2026-07-03
Zay Flowers,WR,BAL,51.27,8.69,28.0,68.0,2026-07-03
Jeremiyah Love,RB,ARI,52.53,8.63,37.0,79.0,2026-07-03
Ladd McConkey,WR,LAC,53.11,7.83,30.0,76.0,2026-07-03
Colston Loveland,TE,CHI,53.76,14.99,39.0,115.0,2026-07-03
Derrick Henry,RB,BAL,56.16,9.48,25.0,77.0,2026-07-03
Jaylen Waddle,WR,DEN,57.64,9.78,35.0,82.0,2026-07-03
Breece Hall,RB,NYJ,58.2,6.65,48.0,75.0,2026-07-03
Emeka Egbuka,WR,TB,61.29,11.97,27.0,82.0,2026-07-03
Terry McLaurin,WR,WAS,61.31,9.63,43.0,84.0,2026-07-03
C.J. Stroud,QB,HOU,61.71,6.67,41.0,82.0,2026-07-03
Kyren Williams,RB,LAR,61.75,8.49,42.0,78.0,2026-07-03
Luther Burden III,WR,CHI,62.18,9.18,43.0,101.0,2026-07-03
Sam Darnold,QB,SEA,63.24,6.85,38.0,83.0,2026-07-03
Josh Jacobs,RB,GB,63.51,9.0,46.0,81.0,2026-07-03
Travis Etienne Jr.,RB,NO,65.84,9.17,40.0,95.0,2026-07-03
Javonte Williams,RB,DAL,66.65,9.73,37.0,81.0,2026-07-03
Cam Ward,QB,TEN,67.85,6.15,50.0,83.0,2026-07-03
Davante Adams,WR,LAR,69.33,6.49,57.0,86.0,2026-07-03
Daniel Jones,QB,IND,71.13,13.01,38.0,127.0,2026-07-03
Mike Evans,WR,SF,71.18,12.58,51.0,122.0,2026-07-03
Bryce Young,QB,CAR,72.49,7.95,55.0,94.0,2026-07-03
DJ Moore,WR,BUF,73.36,12.64,36.0,110.0,2026-07-03
Jameson Williams,WR,DET,73.53,6.42,59.0,91.0,2026-07-03
Tyler Warren,TE,IND,75.85,10.38,47.0,93.0,2026-07-03
Christian Watson,WR,GB,76.51,10.57,57.0,107.0,2026-07-03
Cam Skattebo,RB,NYG,77.33,9.1,58.0,99.0,2026-07-03
Bucky Irving,RB,TB,79.4,9.66,53.0,104.0,2026-07-03
TreVeyon Henderson,RB,NE,81.2,11.74,48.0,106.0,2026-07-03
Rome Odunze,WR,CHI,81.24,9.59,62.0,107.0,2026-07-03
Quinshon Judkins,RB,CLE,81.71,7.65,65.0,98.0,2026-07-03
Carnell Tate,WR,TEN,82.38,20.29,59.0,199.0,2026-07-03
D'Andre Swift,RB,CHI,83.69,7.64,71.0,98.0,2026-07-03
Jacoby Brissett,QB,ARI,86.2,18.33,41.0,140.0,2026-07-03
David Montgomery,RB,HOU,88.8,12.12,67.0,134.0,2026-07-03
Marvin Harrison Jr.,WR,ARI,90.6,13.3,68.0,124.0,2026-07-03
Jaylen Warren,RB,PIT,92.13,5.55,85.0,111.0,2026-07-03
Harold Fannin Jr.,TE,CLE,93.73,9.89,78.0,121.0,2026-07-03
Bhayshul Tuten,RB,JAC,93.75,12.59,71.0,138.0,2026-07-03
Tucker Kraft,TE,GB,94.11,10.45,76.0,121.0,2026-07-03
Alec Pierce,WR,IND,94.87,13.55,53.0,123.0,2026-07-03
Courtland Sutton,WR,DEN,96.02,12.46,69.0,123.0,2026-07-03
Jadarian Price,RB,SEA,96.62,10.05,66.0,108.0,2026-07-03
DK Metcalf,WR,PIT,97.07,11.96,69.0,122.0,2026-07-03
Chris Godwin Jr.,WR,TB,99.51,12.02,69.0,140.0,2026-07-03
Kyle Pitts Sr.,TE,ATL,100.31,8.61,86.0,125.0,2026-07-03
Chuba Hubbard,RB,CAR,101.47,12.06,74.0,134.0,2026-07-03
Jordyn Tyson,WR,NO,101.73,20.49,70.0,209.0,2026-07-03
Michael Wilson,WR,ARI,102.55,10.84,82.0,128.0,2026-07-03
Rhamondre Stevenson,RB,NE,102.69,6.74,81.0,116.0,2026-07-03
Geno Smith,QB,NYJ,102.82,25.29,70.0,184.0,2026-07-03
Tony Pollard,RB,TEN,102.96,8.51,83.0,138.0,2026-07-03
Michael Pittman Jr.,WR,PIT,103.27,13.68,60.0,133.0,2026-07-03
Rico Dowdle,RB,PIT,104.04,8.78,88.0,127.0,2026-07-03
RJ Harvey,RB,DEN,104.13,16.78,65.0,143.0,2026-07-03
Brian Thomas Jr.,WR,JAC,104.69,14.81,75.0,135.0,2026-07-03
Sam LaPorta,TE,DET,105.64,7.28,86.0,127.0,2026-07-03
Wan'Dale Robinson,WR,TEN,105.73,12.81,63.0,137.0,2026-07-03
Jakobi Meyers,WR,JAC,108.69,10.6,90.0,135.0,2026-07-03
Makai Lemon,WR,PHI,108.93,18.95,82.0,202.0,2026-07-03
Fernando Mendoza,QB,LV,109.54,32.0,76.0,192.0,2026-07-03
Parker Washington,WR,JAC,111.07,14.11,80.0,144.0,2026-07-03
Aaron Rodgers,QB,PIT,111.31,32.07,41.0,181.0,2026-07-03
Josh Downs,WR,IND,114.69,13.91,90.0,158.0,2026-07-03
Travis Kelce,TE,KC,116.16,11.91,93.0,162.0,2026-07-03
Kyle Monangai,RB,CHI,116.29,9.8,97.0,139.0,2026-07-03
Kenny Gainwell,RB,TB,117.13,11.85,92.0,152.0,2026-07-03
Ricky Pearsall,WR,SF,119.18,15.45,91.0,167.0,2026-07-03
J.K. Dobbins,RB,DEN,120.89,12.11,92.0,158.0,2026-07-03
Jake Ferguson,TE,DAL,121.67,10.19,93.0,148.0,2026-07-03
Jordan Addison,WR,MIN,122.71,8.31,102.0,142.0,2026-07-03
Aaron Jones Sr.,RB,MIN,122.78,11.9,103.0,152.0,2026-07-03
Blake Corum,RB,LAR,123.29,9.13,105.0,147.0,2026-07-03
Quentin Johnston,WR,LAC,124.05,10.81,90.0,138.0,2026-07-03
Dalton Kincaid,TE,BUF,124.38,10.08,109.0,153.0,2026-07-03
Jayden Reed,WR,GB,126.49,11.14,101.0,167.0,2026-07-03
Rachaad White,RB,WAS,127.35,12.64,88.0,155.0,2026-07-03
George Kittle,TE,SF,128.73,23.04,47.0,209.0,2026-07-03
Khalil Shakir,WR,BUF,129.78,9.06,107.0,147.0,2026-07-03
Isaiah Likely,TE,NYG,131.35,15.89,94.0,165.0,2026-07-03
Michael Penix Jr.,QB,ATL,131.84,38.19,64.0,278.0,2026-07-03
Jayden Higgins,WR,HOU,132.75,9.05,109.0,152.0,2026-07-03
Dallas Goedert,TE,PHI,133.75,11.65,113.0,161.0,2026-07-03
Tua Tagovailoa,QB,ATL,136.07,27.02,70.0,184.0,2026-07-03
Jacory Croskey-Merritt,RB,WAS,137.04,10.1,120.0,176.0,2026-07-03
Xavier Worthy,WR,KC,137.31,10.58,117.0,160.0,2026-07-03
KC Concepcion,WR,CLE,138.78,25.36,96.0,268.0,2026-07-03
Tyrone Tracy Jr.,RB,NYG,140.02,10.15,111.0,168.0,2026-07-03
Romeo Doubs,WR,NE,140.67,13.22,102.0,175.0,2026-07-03
Jordan Mason,RB,MIN,141.33,9.26,119.0,166.0,2026-07-03
Jalen Coker,WR,CAR,143.22,13.22,123.0,192.0,2026-07-03
Woody Marks,RB,HOU,145.51,14.0,108.0,180.0,2026-07-03
Tyler Allgeier,RB,ARI,145.89,12.92,120.0,205.0,2026-07-03
Jonathon Brooks,RB,CAR,146.5,34.32,105.0,317.0,2026-07-03
Mark Andrews,TE,BAL,146.78,15.79,115.0,191.0,2026-07-03
Zach Charbonnet,RB,SEA,148.75,14.55,105.0,193.0,2026-07-03
Matthew Golden,WR,GB,149.44,16.77,128.0,216.0,2026-07-03
Juwan Johnson,TE,NO,149.53,16.45,106.0,189.0,2026-07-03
Tyjae Spears,RB,TEN,151.98,11.33,132.0,205.0,2026-07-03
Chris Rodriguez Jr.,RB,JAC,154.25,17.96,129.0,211.0,2026-07-03
Dylan Sampson,RB,CLE,155.73,9.33,134.0,183.0,2026-07-03
Isiah Pacheco,RB,DET,157.51,7.78,129.0,171.0,2026-07-03
Brenton Strange,TE,JAC,157.58,18.4,121.0,197.0,2026-07-03
Deshaun Watson,QB,CLE,157.61,39.92,70.0,277.0,2026-07-03
Alvin Kamara,RB,NO,157.84,16.23,131.0,217.0,2026-07-03
Jauan Jennings,WR,MIN,158.43,20.77,117.0,243.0,2026-07-03
Oronde Gadsden II,TE,LAC,159.75,27.84,113.0,227.0,2026-07-03
Denzel Boston,WR,CLE,160.26,22.61,124.0,269.0,2026-07-03
Shedeur Sanders,QB,CLE,160.34,36.17,83.0,268.0,2026-07-03
Rashid Shaheed,WR,SEA,160.85,12.01,145.0,193.0,2026-07-03
Jerry Jeudy,WR,CLE,161.25,13.28,139.0,194.0,2026-07-03
J.J. McCarthy,QB,MIN,164.19,49.03,70.0,282.0,2026-07-03
Omar Cooper Jr.,WR,NYJ,164.53,24.22,131.0,272.0,2026-07-03
Hunter Henry,TE,NE,165.53,14.38,133.0,196.0,2026-07-03
Kirk Cousins,QB,LV,166.41,32.68,87.0,284.0,2026-07-03
Keaton Mitchell,RB,LAC,166.84,20.4,141.0,226.0,2026-07-03
Jonah Coleman,RB,DEN,168.52,30.45,138.0,331.0,2026-07-03
Stefon Diggs,WR,FA,168.64,40.31,102.0,297.0,2026-07-03
Travis Hunter,WR,JAC,171.45,26.76,112.0,255.0,2026-07-03
Chig Okonkwo,TE,WAS,171.89,28.09,114.0,229.0,2026-07-03
Brian Robinson Jr.,RB,ATL,173.16,15.36,151.0,217.0,2026-07-03
Braelon Allen,RB,NYJ,173.24,23.11,148.0,277.0,2026-07-03
Adonai Mitchell,WR,NYJ,173.85,18.04,146.0,239.0,2026-07-03
Jalen McMillan,WR,TB,174.0,20.24,144.0,263.0,2026-07-03
Dalton Schultz,TE,HOU,175.0,18.94,121.0,205.0,2026-07-03
Deebo Samuel Sr.,WR,FA,175.63,29.69,129.0,269.0,2026-07-03
James Conner,RB,ARI,175.96,31.7,105.0,269.0,2026-07-03
Justin Fields,QB,KC,176.0,82.9,36.0,297.0,2026-07-03
Tank Bigsby,RB,PHI,178.09,17.98,141.0,223.0,2026-07-03
Tre Tucker,WR,LV,178.22,20.0,129.0,264.0,2026-07-03
Tre' Harris,WR,LAC,178.73,20.62,144.0,260.0,2026-07-03
Marcus Mariota,QB,WAS,180.0,0.0,180.0,180.0,2026-07-03
Kayshon Boutte,WR,NE,181.25,16.01,151.0,222.0,2026-07-03
Joe Milton III,QB,DAL,182.0,0.0,182.0,182.0,2026-07-03
Troy Franklin,WR,DEN,182.05,21.08,114.0,234.0,2026-07-03
Emmett Johnson,RB,KC,182.5,23.72,145.0,280.0,2026-07-03
T.J. Hockenson,TE,MIN,183.69,12.04,142.0,216.0,2026-07-03
Riley Leonard,QB,IND,184.0,0.0,184.0,184.0,2026-07-03
Emanuel Wilson,RB,SEA,184.02,25.01,141.0,248.0,2026-07-03
Hunter Renfrow,WR,FA,185.0,0.0,185.0,185.0,2026-07-03
Ryan Flournoy,WR,DAL,186.29,14.43,158.0,238.0,2026-07-03
Brandon Aiyuk,WR,SF,186.61,28.32,143.0,261.0,2026-07-03
Mac Jones,QB,SF,188.83,48.09,127.0,287.0,2026-07-03
Jaylin Noel,WR,HOU,190.04,21.12,149.0,248.0,2026-07-03
Antonio Williams,WR,WAS,190.13,30.34,140.0,285.0,2026-07-03
Kimani Vidal,RB,LAC,191.04,20.78,159.0,253.0,2026-07-03
Calvin Ridley,WR,TEN,191.18,21.4,147.0,261.0,2026-07-03
Ray Davis,RB,BUF,194.66,22.62,153.0,288.0,2026-07-03
Sean Tucker,RB,TB,194.84,20.26,150.0,247.0,2026-07-03
Mike Washington Jr.,RB,LV,194.92,26.09,152.0,282.0,2026-07-03
Ty Simpson,QB,LAR,195.4,24.82,182.0,245.0,2026-07-03
Isaac TeSlaa,WR,DET,195.69,17.75,170.0,270.0,2026-07-03
Pat Bryant,WR,DEN,195.7,15.11,174.0,247.0,2026-07-03
Darnell Mooney,WR,NYG,196.47,15.31,160.0,261.0,2026-07-03
Kenyon Sadiq,TE,NYJ,196.84,22.33,142.0,300.0,2026-07-03
Jalen Nailor,WR,LV,196.92,31.64,135.0,268.0,2026-07-03
AJ Barner,TE,SEA,197.36,14.43,153.0,227.0,2026-07-03
Chimere Dike,WR,TEN,201.8,28.5,149.0,263.0,2026-07-03
Dontayvion Wicks,WR,PHI,202.63,16.28,167.0,259.0,2026-07-03
Tyreek Hill,WR,FA,202.7,38.35,124.0,282.0,2026-07-03
Nicholas Singleton,RB,TEN,203.96,31.9,145.0,319.0,2026-07-03
Kaytron Allen,RB,WAS,204.35,28.33,160.0,283.0,2026-07-03
Gunnar Helm,TE,TEN,205.69,17.05,172.0,250.0,2026-07-03
Malik Washington,WR,MIA,206.67,26.69,157.0,265.0,2026-07-03
Jaylen Wright,RB,MIA,208.6,17.25,166.0,259.0,2026-07-03
Greg Dulcich,TE,MIA,210.47,37.32,128.0,273.0,2026-07-03
Tank Dell,WR,HOU,212.1,19.88,177.0,279.0,2026-07-03
Cooper Kupp,WR,SEA,213.13,21.89,170.0,265.0,2026-07-03
Elic Ayomanor,WR,TEN,213.34,27.84,170.0,301.0,2026-07-03
Chris Bell,WR,MIA,213.87,27.04,157.0,276.0,2026-07-03
Germie Bernard,WR,PIT,214.52,27.2,166.0,284.0,2026-07-03
De'Zhaun Stribling,WR,SF,217.31,28.41,178.0,305.0,2026-07-03
David Njoku,TE,LAC,217.71,18.62,161.0,257.0,2026-07-03
Sterling Shepard,WR,FA,218.0,0.0,218.0,218.0,2026-07-03
Terrance Ferguson,TE,LAR,218.91,13.69,194.0,263.0,2026-07-03
Rashod Bateman,WR,BAL,219.5,20.28,181.0,266.0,2026-07-03
Justice Hill,RB,BAL,220.21,33.04,156.0,280.0,2026-07-03
Ollie Gordon II,RB,MIA,221.72,17.22,173.0,287.0,2026-07-03
Zachariah Branch,WR,ATL,222.17,21.66,176.0,281.0,2026-07-03
Cade Otton,TE,TB,222.62,12.78,188.0,246.0,2026-07-03
Pat Freiermuth,TE,PIT,223.91,14.99,186.0,281.0,2026-07-03
Jack Bech,WR,LV,224.46,24.06,174.0,311.0,2026-07-03
Keon Coleman,WR,BUF,226.31,21.8,181.0,274.0,2026-07-03
Ted Hurst III,WR,TB,226.53,26.42,176.0,285.0,2026-07-03
Christian Kirk,WR,SF,228.53,22.23,172.0,288.0,2026-07-03
Isaiah Davis,RB,NYJ,229.1,20.1,197.0,285.0,2026-07-03
Devin Neal,RB,NO,229.86,30.56,180.0,322.0,2026-07-03
Kaleb Johnson,RB,PIT,230.11,33.27,159.0,314.0,2026-07-03
Trey Benson,RB,ARI,230.53,34.42,138.0,300.0,2026-07-03
Marvin Mims Jr.,WR,DEN,230.68,23.74,192.0,324.0,2026-07-03
Zay Jones,WR,FA,231.0,0.0,231.0,231.0,2026-07-03
Malachi Fields,WR,NYG,231.06,26.1,190.0,308.0,2026-07-03
Colby Parkinson,TE,LAR,231.31,18.63,175.0,286.0,2026-07-03
Elijah Sarratt,WR,BAL,231.76,22.41,180.0,288.0,2026-07-03
Carson Beck,QB,ARI,232.67,48.01,184.0,298.0,2026-07-03
Ty Johnson,RB,BUF,232.88,24.58,176.0,327.0,2026-07-03
Demond Claiborne,RB,MIN,233.43,25.15,179.0,276.0,2026-07-03
Anthony Richardson Sr.,QB,IND,234.5,57.5,177.0,292.0,2026-07-03
Tory Horton,WR,SEA,234.84,21.9,167.0,307.0,2026-07-03
Alexander Mattison,RB,FA,235.0,0.0,235.0,235.0,2026-07-03
MarShawn Lloyd,RB,GB,235.08,32.25,163.0,291.0,2026-07-03
Evan Engram,TE,DEN,235.13,11.35,203.0,262.0,2026-07-03
Mason Taylor,TE,NYJ,235.19,27.3,182.0,316.0,2026-07-03
Jaydon Blue,RB,DAL,235.7,25.45,168.0,301.0,2026-07-03
Xavier Legette,WR,CAR,236.52,25.27,195.0,288.0,2026-07-03
Chris Brazzell II,WR,CAR,236.72,24.22,176.0,287.0,2026-07-03
Theo Johnson,TE,NYG,236.76,23.42,164.0,286.0,2026-07-03
Eli Stowers,TE,PHI,238.25,23.52,199.0,313.0,2026-07-03
Kyle Williams,WR,NE,238.27,26.46,191.0,310.0,2026-07-03
Mack Hollins,WR,NE,239.13,31.0,185.0,327.0,2026-07-03
Chris Brooks,RB,GB,239.94,24.35,188.0,287.0,2026-07-03
George Holani,RB,SEA,240.23,27.14,166.0,293.0,2026-07-03
DJ Giddens,RB,IND,241.22,23.4,166.0,294.0,2026-07-03
Keenan Allen,WR,LAC,241.26,19.66,195.0,272.0,2026-07-03
Mike Gesicki,TE,CIN,241.31,19.51,206.0,290.0,2026-07-03
Jordan James,RB,SF,242.29,33.02,165.0,339.0,2026-07-03
Darius Slayton,WR,NYG,242.33,30.19,174.0,343.0,2026-07-03
LeQuint Allen Jr.,RB,JAC,243.13,25.24,185.0,315.0,2026-07-03
Najee Harris,RB,LAC,244.83,23.43,202.0,278.0,2026-07-03
Kendre Miller,RB,NO,245.6,27.5,181.0,317.0,2026-07-03
Jake Tonges,TE,SF,245.64,23.85,193.0,315.0,2026-07-03
Brashard Smith,RB,KC,245.87,21.9,211.0,323.0,2026-07-03
Joe Flacco,QB,CIN,246.0,50.0,196.0,296.0,2026-07-03
Tyquan Thornton,WR,KC,246.96,28.85,171.0,331.0,2026-07-03
Albert Okwuegbunam Jr.,TE,LV,247.0,0.0,247.0,247.0,2026-07-03
Devaughn Vele,WR,NO,248.08,22.77,198.0,328.0,2026-07-03
Kaelon Black,RB,SF,248.2,34.58,166.0,296.0,2026-07-03
Andrei Iosivas,WR,CIN,248.75,25.95,201.0,305.0,2026-07-03
Skyler Bell,WR,BUF,248.83,26.88,203.0,332.0,2026-07-03
Samaje Perine,RB,CIN,249.92,33.51,168.0,345.0,2026-07-03
Brandin Cooks,WR,FA,250.0,0.0,250.0,250.0,2026-07-03
Malik Davis,RB,DAL,250.08,16.67,208.0,284.0,2026-07-03
Jaleel McLaughlin,RB,DEN,250.69,25.17,175.0,299.0,2026-07-03
Jakobie Keeney-James,WR,FA,251.0,0.0,251.0,251.0,2026-07-03
Ja'Kobi Lane,WR,BAL,251.79,26.21,188.0,304.0,2026-07-03
Jerome Ford,RB,WAS,254.96,21.94,199.0,294.0,2026-07-03
Isaiah Williams,WR,NYJ,257.0,0.0,257.0,257.0,2026-07-03
Hollywood Brown,WR,PHI,257.22,17.98,218.0,327.0,2026-07-03
Konata Mumpfield,WR,LAR,257.96,21.15,219.0,310.0,2026-07-03
Clyde Edwards-Helaire,RB,FA,258.0,0.0,258.0,258.0,2026-07-03
Joe Mixon,RB,FA,259.58,32.7,162.0,296.0,2026-07-03
Seth McGowan,RB,IND,259.7,19.69,225.0,296.0,2026-07-03
Adam Randall,RB,BAL,260.89,21.12,213.0,291.0,2026-07-03
Ronnie Rivers,RB,LAR,262.0,0.0,262.0,262.0,2026-07-03
Devin Singletary,RB,NYG,262.04,17.5,182.0,293.0,2026-07-03
DeAndre Hopkins,WR,BAL,264.67,98.91,137.0,378.0,2026-07-03
Darnell Washington,TE,PIT,264.83,27.94,221.0,330.0,2026-07-03
Emari Demercado,RB,KC,265.59,18.27,204.0,303.0,2026-07-03
Mitch Tinsley,WR,CIN,266.0,1.0,265.0,267.0,2026-07-03
Jeremy McNichols,RB,WAS,266.0,49.0,217.0,315.0,2026-07-03
Isaac Guerendo,RB,SF,266.48,20.19,215.0,311.0,2026-07-03
Caleb Douglas,WR,MIA,266.65,47.5,176.0,336.0,2026-07-03
Isaiah Bond,WR,CLE,266.77,27.28,221.0,333.0,2026-07-03
Jahan Dotson,WR,ATL,267.68,31.92,186.0,326.0,2026-07-03
Jalen Royals,WR,KC,268.85,27.82,207.0,332.0,2026-07-03
Jarquez Hunter,RB,LAR,269.43,13.69,236.0,300.0,2026-07-03
Max Klare,TE,LAR,270.04,20.27,242.0,311.0,2026-07-03
Ashton Dulin,WR,IND,270.33,8.96,264.0,283.0,2026-07-03
Tyler Lockett,WR,LV,270.67,64.03,188.0,344.0,2026-07-03
Tez Johnson,WR,TB,271.0,26.99,176.0,325.0,2026-07-03
Calvin Austin III,WR,NYG,272.62,33.03,230.0,342.0,2026-07-03
Elijah Dotson,RB,FA,273.0,0.0,273.0,273.0,2026-07-03
Jalen Tolbert,WR,MIA,273.06,31.58,205.0,329.0,2026-07-03
Cedric Tillman,WR,CLE,273.33,21.71,244.0,339.0,2026-07-03
Trevor Etienne,RB,CAR,273.68,10.68,249.0,294.0,2026-07-03
Tahj Brooks,RB,CIN,273.69,17.36,228.0,323.0,2026-07-03
Luke McCaffrey,WR,WAS,273.76,24.38,242.0,330.0,2026-07-03
Lan Larison,RB,NE,274.0,0.0,274.0,274.0,2026-07-03
Oscar Delp,TE,NO,274.11,20.83,250.0,313.0,2026-07-03
Tyler Higbee,TE,LAR,274.62,31.09,203.0,317.0,2026-07-03
Michael Mayer,TE,LV,275.44,23.18,240.0,322.0,2026-07-03
Dylan Laube,RB,LV,275.5,51.5,224.0,327.0,2026-07-03
Audric Estime,RB,NO,275.86,18.3,216.0,322.0,2026-07-03
Bryce Lance,WR,NO,276.21,26.92,237.0,328.0,2026-07-03
Rasheen Ali,RB,BAL,276.5,10.5,266.0,287.0,2026-07-03
Colbie Young,WR,CIN,277.0,0.0,277.0,277.0,2026-07-03
Eli Heidenreich,RB,PIT,277.47,40.38,208.0,343.0,2026-07-03
Will Shipley,RB,PHI,277.87,15.69,241.0,314.0,2026-07-03
Olamide Zaccheaus,WR,ATL,278.25,28.18,236.0,351.0,2026-07-03
Bam Knight,RB,ARI,278.85,29.7,213.0,334.0,2026-07-03
Brittain Brown,RB,CHI,279.0,18.0,261.0,297.0,2026-07-03
Jordan Waters,RB,LAR,280.0,32.0,248.0,312.0,2026-07-03
Khalil Herbert,RB,FA,280.0,29.53,246.0,318.0,2026-07-03
Joshua Palmer,WR,BUF,280.22,33.74,222.0,336.0,2026-07-03
Raheem Mostert,RB,LV,280.5,0.5,280.0,281.0,2026-07-03
Tim Patrick,WR,NYJ,281.0,0.0,281.0,281.0,2026-07-03
Kalif Raymond,WR,CHI,281.18,35.09,207.0,337.0,2026-07-03
Ja'Tavion Sanders,TE,CAR,281.25,25.32,249.0,323.0,2026-07-03
Dont'e Thornton Jr.,WR,LV,282.94,29.12,244.0,334.0,2026-07-03
Kareem Hunt,RB,FA,283.83,21.17,225.0,352.0,2026-07-03
Elijah Arroyo,TE,SEA,283.85,23.46,247.0,329.0,2026-07-03
Zavier Scott,RB,MIN,284.0,0.0,284.0,284.0,2026-07-03
KaVontae Turpin,WR,DAL,285.0,42.89,238.0,362.0,2026-07-03
Kendrick Bourne,WR,ARI,285.5,51.27,201.0,374.0,2026-07-03
Miles Sanders,RB,FA,286.0,87.0,199.0,373.0,2026-07-03
Noah Gray,TE,KC,286.26,20.45,246.0,321.0,2026-07-03
Treylon Burks,WR,WAS,286.36,32.86,236.0,334.0,2026-07-03
Phil Mafah,RB,DAL,286.83,40.09,235.0,340.0,2026-07-03
Xavier Hutchinson,WR,HOU,287.31,29.33,242.0,350.0,2026-07-03
Ty Chandler,RB,NO,288.0,9.0,279.0,297.0,2026-07-03
Nick Chubb,RB,FA,288.19,15.89,270.0,318.0,2026-07-03
Brenen Thompson,WR,LAC,289.21,26.88,242.0,326.0,2026-07-03
Tommy Myers,TE,FA,289.5,37.49,242.0,355.0,2026-07-03
Kalel Mullings,RB,TEN,290.0,0.0,290.0,290.0,2026-07-03
Sincere McCormick,RB,SF,290.0,0.0,290.0,290.0,2026-07-03
J'Mari Taylor,RB,JAC,290.32,19.13,267.0,338.0,2026-07-03
John Bates,TE,WAS,291.0,33.79,257.0,359.0,2026-07-03
Kevin Austin Jr.,WR,NO,291.0,58.0,233.0,349.0,2026-07-03
Jabari Small,RB,DET,291.0,0.0,291.0,291.0,2026-07-03
Josh Williams,RB,TB,292.0,0.0,292.0,292.0,2026-07-03
Dawson Knox,TE,BUF,292.94,27.4,225.0,336.0,2026-07-03
Jacardia Wright,RB,SEA,293.0,0.0,293.0,293.0,2026-07-03
Xavier Restrepo,WR,TEN,293.0,0.0,293.0,293.0,2026-07-03
DeMario Douglas,WR,NE,293.06,36.27,208.0,353.0,2026-07-03
Cole Kmet,TE,CHI,293.2,23.7,260.0,339.0,2026-07-03
Nick Westbrook-Ikhine,WR,IND,293.92,41.34,205.0,343.0,2026-07-03
Josh Reynolds,WR,FA,294.0,0.0,294.0,294.0,2026-07-03
Austin Hooper,TE,ATL,294.4,29.28,272.0,350.0,2026-07-03
Myles Price,WR,MIN,295.0,0.0,295.0,295.0,2026-07-03
Jameis Winston,QB,NYG,295.0,0.0,295.0,295.0,2026-07-03
Jawhar Jordan,RB,HOU,295.21,29.79,229.0,338.0,2026-07-03
Jaret Patterson,RB,LAC,296.0,40.0,256.0,336.0,2026-07-03
Zavion Thomas,WR,CHI,296.44,46.76,236.0,370.0,2026-07-03
Zach Ertz,TE,FA,297.0,46.36,220.0,340.0,2026-07-03
John Metchie III,WR,CAR,297.07,32.91,255.0,348.0,2026-07-03
Michael Carter,RB,TEN,297.1,28.12,258.0,347.0,2026-07-03
Raheim Sanders,RB,CLE,297.25,27.62,245.0,342.0,2026-07-03
Justin Joly,TE,DEN,298.0,16.29,267.0,327.0,2026-07-03
Ulysses Bentley IV,RB,IND,298.0,0.0,298.0,298.0,2026-07-03
Russell Gage Jr.,WR,FA,298.0,0.0,298.0,298.0,2026-07-03
Josh Oliver,TE,MIN,299.0,16.51,276.0,314.0,2026-07-03
Montorie Foster Jr.,WR,SEA,299.0,0.0,299.0,299.0,2026-07-03
Quez Watkins,WR,PHI,299.0,0.0,299.0,299.0,2026-07-03
Jaylin Lane,WR,WAS,299.23,26.85,263.0,344.0,2026-07-03
Jonnu Smith,TE,FA,300.0,47.14,240.0,358.0,2026-07-03
Miles Davis,RB,CAR,300.0,0.0,300.0,300.0,2026-07-03
Austin Ekeler,RB,FA,300.67,26.18,270.0,349.0,2026-07-03
Nate Boerkircher,TE,JAC,301.0,3.0,298.0,304.0,2026-07-03
Myles Gaskin,RB,FA,301.0,0.0,301.0,301.0,2026-07-03
Michael Woods II,WR,FA,301.0,0.0,301.0,301.0,2026-07-03
Tutu Atwell,WR,MIA,301.09,35.31,243.0,354.0,2026-07-03
Ameer Abdullah,RB,JAC,301.5,36.5,265.0,338.0,2026-07-03
AJ Dillon,RB,CAR,302.0,18.0,284.0,320.0,2026-07-03
Nate Adkins,TE,DEN,302.0,0.0,302.0,302.0,2026-07-03
Moliki Matavao,TE,NO,303.0,0.0,303.0,303.0,2026-07-03
Tanner Hudson,TE,CIN,303.0,0.0,303.0,303.0,2026-07-03
Elijah Moore,WR,PHI,303.0,37.0,266.0,340.0,2026-07-03
Roschon Johnson,RB,CHI,303.5,16.92,288.0,332.0,2026-07-03
Kendric Pryor,WR,CIN,304.0,0.0,304.0,304.0,2026-07-03
Sam Roush,TE,CHI,304.0,2.0,302.0,306.0,2026-07-03
Jahdae Walker,WR,CHI,304.5,13.5,291.0,318.0,2026-07-03
Jam Miller,RB,NE,304.75,10.28,296.0,322.0,2026-07-03
Donovan Edwards,RB,MIA,305.0,0.0,305.0,305.0,2026-07-03
Terrell Jennings,RB,NE,305.33,27.76,274.0,343.0,2026-07-03
JuJu Smith-Schuster,WR,NYG,306.0,0.0,306.0,306.0,2026-07-03
Michael Briscoe,WR,MIN,306.0,0.0,306.0,306.0,2026-07-03
Kevin Coleman Jr.,WR,MIA,306.1,42.15,222.0,351.0,2026-07-03
Jared Wiley,TE,KC,307.0,0.0,307.0,307.0,2026-07-03
Xavier Smith,WR,LAR,307.5,25.5,282.0,333.0,2026-07-03
Michael Bandy,WR,DEN,308.0,0.0,308.0,308.0,2026-07-03
Noah Fant,TE,NO,308.15,23.53,259.0,348.0,2026-07-03
Ben Sinnott,TE,WAS,309.22,21.59,272.0,346.0,2026-07-03
Pierre Strong Jr.,RB,GB,309.5,15.5,294.0,325.0,2026-07-03
Mo Alie-Cox,TE,IND,310.0,0.0,310.0,310.0,2026-07-03
Drew Sample,TE,CIN,310.0,0.0,310.0,310.0,2026-07-03
Kyle Juszczyk,RB,SF,310.67,12.81,293.0,323.0,2026-07-03
Mecole Hardman Jr.,WR,BUF,311.0,0.0,311.0,311.0,2026-07-03
Diontae Johnson,WR,FA,311.0,0.0,311.0,311.0,2026-07-03
Erick All Jr.,TE,CIN,311.2,23.27,272.0,332.0,2026-07-03
CJ Daniels,WR,LAR,311.5,27.75,278.0,349.0,2026-07-03
Savion Williams,WR,GB,311.5,29.67,273.0,372.0,2026-07-03
Antonio Gibson,RB,FA,312.0,28.21,280.0,363.0,2026-07-03
Tai Felton,WR,MIN,312.0,71.0,241.0,383.0,2026-07-03
Durham Smythe,TE,BAL,312.0,0.0,312.0,312.0,2026-07-03
Darren Waller,TE,FA,313.0,20.52,275.0,344.0,2026-07-03
Dameon Pierce,RB,PHI,313.17,15.32,295.0,341.0,2026-07-03
Greg Dortch,WR,DET,313.4,29.76,263.0,345.0,2026-07-03
Marlin Klein,TE,HOU,313.6,13.44,289.0,329.0,2026-07-03
Eli Raridon,TE,NE,313.77,33.66,250.0,375.0,2026-07-03
Tommy Tremble,TE,CAR,313.89,23.47,271.0,350.0,2026-07-03
Ronnie Bell,WR,NO,314.0,12.0,302.0,326.0,2026-07-03
Charlie Kolar,TE,LAC,314.0,13.0,301.0,327.0,2026-07-03
Miles Kitselman,TE,DET,314.0,0.0,314.0,314.0,2026-07-03
Alec Ingold,RB,LAC,314.0,0.0,314.0,314.0,2026-07-03
Luke Musgrave,TE,GB,314.78,12.9,293.0,341.0,2026-07-03
Mitchell Evans,TE,CAR,315.0,10.2,301.0,325.0,2026-07-03
Adam Trautman,TE,DEN,315.5,2.5,313.0,318.0,2026-07-03
Daniel Bellinger,TE,TEN,315.57,17.86,278.0,335.0,2026-07-03
Royce Freeman,RB,FA,316.0,0.0,316.0,316.0,2026-07-03
Michael Burton,RB,CLE,316.0,0.0,316.0,316.0,2026-07-03
Devontez Walker,WR,BAL,316.33,47.23,265.0,379.0,2026-07-03
Myles Montgomery,RB,NE,317.0,10.0,307.0,327.0,2026-07-03
Patrick Ricard,RB,NYG,317.0,0.0,317.0,317.0,2026-07-03
Cam Akers,RB,FA,317.0,49.0,268.0,366.0,2026-07-03
Michael Wortham,WR,JAC,319.0,0.0,319.0,319.0,2026-07-03
Damien Martinez,RB,GB,319.8,24.26,281.0,348.0,2026-07-03
Jordan Whittington,WR,LAR,320.0,36.32,268.0,371.0,2026-07-03
Deion Burks,WR,IND,320.83,33.47,284.0,381.0,2026-07-03
Tyler Conklin,TE,DET,321.0,0.0,321.0,321.0,2026-07-03
Sione Vaki,RB,DET,321.0,0.0,321.0,321.0,2026-07-03
Demarcus Robinson,WR,SF,321.25,29.42,271.0,346.0,2026-07-03
Brock Wright,TE,DET,321.5,8.5,313.0,330.0,2026-07-03
Reggie Gilliam,RB,NE,322.0,0.0,322.0,322.0,2026-07-03
Will Mallory,TE,IND,322.0,0.0,322.0,322.0,2026-07-03
Cyrus Allen,WR,KC,322.2,42.46,243.0,367.0,2026-07-03
Dyami Brown,WR,WAS,322.6,39.57,270.0,382.0,2026-07-03
Zamir White,RB,LV,323.0,0.0,323.0,323.0,2026-07-03
Xavier Weaver,WR,ARI,323.0,0.0,323.0,323.0,2026-07-03
Jack Endries,TE,CIN,324.0,10.0,314.0,334.0,2026-07-03
Braxton Berrios,WR,NYG,324.0,0.0,324.0,324.0,2026-07-03
Max Bredeson,RB,MIN,324.0,0.0,324.0,324.0,2026-07-03
Roman Wilson,WR,PIT,324.5,14.5,310.0,339.0,2026-07-03
Dante Miller,RB,NYG,325.0,0.0,325.0,325.0,2026-07-03
Robert Henry Jr.,RB,WAS,325.33,17.93,300.0,339.0,2026-07-03
Matt Hibner,TE,BAL,328.0,0.0,328.0,328.0,2026-07-03
Lil'Jordan Humphrey,WR,DEN,329.0,0.0,329.0,329.0,2026-07-03
Luke Schoonmaker,TE,DAL,329.33,7.59,323.0,340.0,2026-07-03
Odell Beckham Jr.,WR,NYG,330.0,0.0,330.0,330.0,2026-07-03
Chip Trayanum,RB,NYJ,330.0,0.0,330.0,330.0,2026-07-03
Roman Hemby,RB,LV,330.5,4.5,326.0,335.0,2026-07-03
Kaden Wetjen,WR,PIT,333.0,0.0,333.0,333.0,2026-07-03
Khalil Dinkins,TE,SF,333.0,0.0,333.0,333.0,2026-07-03
Tanner Koziol,TE,JAC,333.0,12.68,318.0,349.0,2026-07-03
Jackson Hawes,TE,BUF,334.0,11.0,323.0,345.0,2026-07-03
Tyler Badie,RB,DEN,334.5,7.5,327.0,342.0,2026-07-03
Michael Trigg,TE,DAL,335.0,26.0,309.0,361.0,2026-07-03
Casey Washington,WR,FA,335.0,0.0,335.0,335.0,2026-07-03
Malik Benson,WR,LV,335.0,19.94,308.0,364.0,2026-07-03
Elijah Higgins,TE,ARI,339.0,12.5,317.0,357.0,2026-07-03
Jaydn Ott,RB,KC,340.0,2.0,338.0,342.0,2026-07-03
Cash Jones,RB,ATL,341.0,0.0,341.0,341.0,2026-07-03
Thomas Fidone II,TE,NYG,343.0,26.0,317.0,369.0,2026-07-03
Reggie Virgil,WR,ARI,343.0,0.0,343.0,343.0,2026-07-03
Isaiah Hodgins,WR,NYG,344.0,0.0,344.0,344.0,2026-07-03
Tyler Goodson,RB,ATL,344.0,0.0,344.0,344.0,2026-07-03
Adam Prentice,RB,DEN,344.0,0.0,344.0,344.0,2026-07-03
Jamal Haynes,RB,CIN,346.0,0.0,346.0,346.0,2026-07-03
Hunter Luepke,RB,DAL,348.0,0.0,348.0,348.0,2026-07-03
Tip Reiman,TE,ARI,348.0,0.0,348.0,348.0,2026-07-03
Theo Wease Jr.,WR,MIA,350.0,0.0,350.0,350.0,2026-07-03
Elijah Mitchell,RB,PHI,354.0,32.0,322.0,386.0,2026-07-03
Will Dissly,TE,FA,356.0,0.0,356.0,356.0,2026-07-03
Marquez Valdes-Scantling,WR,DAL,360.0,0.0,360.0,360.0,2026-07-03
Gus Edwards,RB,FA,365.0,0.0,365.0,365.0,2026-07-03
Taysom Hill,TE,FA,368.0,0.0,368.0,368.0,2026-07-03
Curtis Samuel,WR,FA,376.0,0.0,376.0,376.0,2026-07-03
Jacob Cowing,WR,SF,377.0,0.0,377.0,377.0,2026-07-03
Gabe Davis,WR,FA,380.0,0.0,380.0,380.0,2026-07-03
Jermaine Burton,WR,FA,384.0,0.0,384.0,384.0,2026-07-03
Juice Wells Jr.,WR,ATL,385.0,0.0,385.0,385.0,2026-07-03
Trey Sermon,RB,FA,387.0,0.0,387.0,387.0,2026-07-03
Ja'Quinden Jackson,RB,FA,388.0,0.0,388.0,388.0,2026-07-03
Josh Allen,QB,BUF,1.06,0.24,1.0,2.0,2026-06-26
Lamar Jackson,QB,BAL,2.79,1.46,1.0,8.0,2026-06-26
Drake Maye,QB,NE,3.23,1.4,1.0,9.0,2026-06-26
Joe Burrow,QB,CIN,4.81,2.58,2.0,19.0,2026-06-26
Jalen Hurts,QB,PHI,6.9,2.81,2.0,17.0,2026-06-26
Jayden Daniels,QB,WAS,7.06,4.8,3.0,29.0,2026-06-26
Ja'Marr Chase,WR,CIN,7.65,2.56,6.0,14.0,2026-06-26
Puka Nacua,WR,LAR,10.79,2.63,6.0,21.0,2026-06-26
Bijan Robinson,RB,ATL,11.23,2.49,9.0,25.0,2026-06-26
Caleb Williams,QB,CHI,11.52,5.99,3.0,29.0,2026-06-26
Justin Herbert,QB,LAC,11.94,6.69,5.0,38.0,2026-06-26
Jahmyr Gibbs,RB,DET,12.0,2.18,6.0,15.0,2026-06-26
Jaxon Smith-Njigba,WR,SEA,12.23,1.49,10.0,20.0,2026-06-26
Amon-Ra St. Brown,WR,DET,15.54,3.38,11.0,23.0,2026-06-26
Trevor Lawrence,QB,JAC,15.92,6.01,8.0,30.0,2026-06-26
Dak Prescott,QB,DAL,16.42,4.99,7.0,30.0,2026-06-26
Jaxson Dart,QB,NYG,17.6,8.57,7.0,55.0,2026-06-26
Christian McCaffrey,RB,SF,18.94,8.07,10.0,46.0,2026-06-26
Brock Purdy,QB,SF,19.67,6.16,3.0,38.0,2026-06-26
CeeDee Lamb,WR,DAL,20.25,4.24,14.0,35.0,2026-06-26
Justin Jefferson,WR,MIN,21.21,5.24,12.0,49.0,2026-06-26
Jonathan Taylor,RB,IND,24.08,5.75,15.0,46.0,2026-06-26
Drake London,WR,ATL,24.29,3.71,21.0,37.0,2026-06-26
Patrick Mahomes II,QB,KC,26.4,5.75,14.0,38.0,2026-06-26
Bo Nix,QB,DEN,27.42,5.6,16.0,38.0,2026-06-26
Nico Collins,WR,HOU,28.6,5.98,23.0,51.0,2026-06-26
Matthew Stafford,QB,LAR,30.4,9.42,8.0,50.0,2026-06-26
Ashton Jeanty,RB,LV,30.83,8.76,15.0,48.0,2026-06-26
De'Von Achane,RB,MIA,30.85,7.93,13.0,48.0,2026-06-26
A.J. Brown,WR,NE,31.79,7.74,21.0,57.0,2026-06-26
George Pickens,WR,DAL,32.75,5.13,24.0,45.0,2026-06-26
Chris Olave,WR,NO,33.19,8.89,23.0,63.0,2026-06-26
Trey McBride,TE,ARI,34.4,8.47,31.0,78.0,2026-06-26
James Cook III,RB,BUF,35.25,9.27,15.0,59.0,2026-06-26
Jared Goff,QB,DET,35.56,10.08,17.0,55.0,2026-06-26
Kyler Murray,QB,MIN,36.63,13.66,8.0,64.0,2026-06-26
Brock Bowers,TE,LV,38.13,3.41,28.0,47.0,2026-06-26
Chase Brown,RB,CIN,38.21,6.35,22.0,55.0,2026-06-26
Rashee Rice,WR,KC,41.9,12.28,23.0,72.0,2026-06-26
Omarion Hampton,RB,LAC,44.04,9.49,25.0,74.0,2026-06-26
Saquon Barkley,RB,PHI,44.29,7.97,27.0,65.0,2026-06-26
Tetairoa McMillan,WR,CAR,44.42,10.01,27.0,73.0,2026-06-26
DeVonta Smith,WR,PHI,45.25,10.13,28.0,75.0,2026-06-26
Jordan Love,QB,GB,46.1,8.77,19.0,60.0,2026-06-26
Garrett Wilson,WR,NYJ,47.02,6.21,36.0,66.0,2026-06-26
Baker Mayfield,QB,TB,47.19,9.81,20.0,60.0,2026-06-26
Malik Nabers,WR,NYG,47.27,16.52,24.0,90.0,2026-06-26
Tyler Shough,QB,NO,48.23,10.95,18.0,64.0,2026-06-26
Kenneth Walker III,RB,KC,50.25,10.28,25.0,74.0,2026-06-26
Tee Higgins,WR,CIN,50.83,7.94,34.0,70.0,2026-06-26
Malik Willis,QB,MIA,50.98,15.97,29.0,94.0,2026-06-26
Zay Flowers,WR,BAL,51.42,9.31,28.0,69.0,2026-06-26
Ladd McConkey,WR,LAC,52.04,8.86,30.0,76.0,2026-06-26
Jeremiyah Love,RB,ARI,53.56,10.0,37.0,88.0,2026-06-26
Colston Loveland,TE,CHI,55.98,17.11,39.0,115.0,2026-06-26
Derrick Henry,RB,BAL,56.44,9.81,25.0,75.0,2026-06-26
Breece Hall,RB,NYJ,57.69,7.86,39.0,77.0,2026-06-26
Jaylen Waddle,WR,DEN,58.1,9.64,35.0,80.0,2026-06-26
Terry McLaurin,WR,WAS,60.73,9.56,43.0,90.0,2026-06-26
C.J. Stroud,QB,HOU,60.96,7.54,32.0,76.0,2026-06-26
Kyren Williams,RB,LAR,61.52,8.81,47.0,78.0,2026-06-26
Sam Darnold,QB,SEA,62.56,7.83,38.0,83.0,2026-06-26
Emeka Egbuka,WR,TB,62.71,11.22,35.0,82.0,2026-06-26
Luther Burden III,WR,CHI,63.19,11.58,44.0,107.0,2026-06-26
Josh Jacobs,RB,GB,63.71,10.59,42.0,89.0,2026-06-26
Travis Etienne Jr.,RB,NO,65.25,7.75,49.0,88.0,2026-06-26
Javonte Williams,RB,DAL,66.04,9.59,37.0,81.0,2026-06-26
Davante Adams,WR,LAR,67.73,7.05,57.0,88.0,2026-06-26
Cam Ward,QB,TEN,67.79,6.0,54.0,83.0,2026-06-26
Mike Evans,WR,SF,70.75,12.82,47.0,114.0,2026-06-26
Bryce Young,QB,CAR,72.79,7.96,55.0,94.0,2026-06-26
Jameson Williams,WR,DET,73.5,7.42,59.0,92.0,2026-06-26
Daniel Jones,QB,IND,73.64,15.14,38.0,127.0,2026-06-26
DJ Moore,WR,BUF,75.35,15.03,43.0,128.0,2026-06-26
Tyler Warren,TE,IND,76.23,10.71,47.0,93.0,2026-06-26
Christian Watson,WR,GB,77.56,11.47,57.0,110.0,2026-06-26
Bucky Irving,RB,TB,78.02,9.26,53.0,99.0,2026-06-26
Cam Skattebo,RB,NYG,78.33,9.48,58.0,105.0,2026-06-26
TreVeyon Henderson,RB,NE,79.52,12.25,42.0,100.0,2026-06-26
Quinshon Judkins,RB,CLE,81.13,8.38,65.0,99.0,2026-06-26
Rome Odunze,WR,CHI,81.5,10.44,62.0,107.0,2026-06-26
D'Andre Swift,RB,CHI,83.75,8.08,67.0,98.0,2026-06-26
Carnell Tate,WR,TEN,84.71,22.13,57.0,199.0,2026-06-26
Jacoby Brissett,QB,ARI,85.09,17.83,41.0,127.0,2026-06-26
Jaylen Warren,RB,PIT,90.48,5.42,81.0,108.0,2026-06-26
David Montgomery,RB,HOU,91.1,11.99,67.0,134.0,2026-06-26
Tucker Kraft,TE,GB,92.38,11.95,47.0,121.0,2026-06-26
Harold Fannin Jr.,TE,CLE,92.52,11.92,47.0,121.0,2026-06-26
Marvin Harrison Jr.,WR,ARI,92.98,14.65,73.0,135.0,2026-06-26
Alec Pierce,WR,IND,93.79,13.1,53.0,121.0,2026-06-26
DK Metcalf,WR,PIT,94.65,12.93,63.0,122.0,2026-06-26
Courtland Sutton,WR,DEN,94.79,13.57,63.0,119.0,2026-06-26
Bhayshul Tuten,RB,JAC,96.96,13.48,74.0,141.0,2026-06-26
Jadarian Price,RB,SEA,98.9,9.08,71.0,114.0,2026-06-26
Chris Godwin Jr.,WR,TB,99.56,13.15,62.0,140.0,2026-06-26
RJ Harvey,RB,DEN,99.67,16.0,58.0,138.0,2026-06-26
Chuba Hubbard,RB,CAR,100.17,11.73,74.0,131.0,2026-06-26
Michael Wilson,WR,ARI,101.23,11.22,80.0,129.0,2026-06-26
Kyle Pitts Sr.,TE,ATL,101.71,8.62,86.0,125.0,2026-06-26
Michael Pittman Jr.,WR,PIT,102.46,15.86,60.0,134.0,2026-06-26
Jordyn Tyson,WR,NO,103.08,23.14,70.0,209.0,2026-06-26
Geno Smith,QB,NYJ,103.36,26.48,70.0,184.0,2026-06-26
Rico Dowdle,RB,PIT,103.56,9.47,88.0,132.0,2026-06-26
Wan'Dale Robinson,WR,TEN,103.83,12.55,69.0,137.0,2026-06-26
Rhamondre Stevenson,RB,NE,104.56,9.24,82.0,131.0,2026-06-26
Tony Pollard,RB,TEN,104.83,9.18,89.0,138.0,2026-06-26
Fernando Mendoza,QB,LV,106.32,32.22,76.0,192.0,2026-06-26
Sam LaPorta,TE,DET,106.35,7.29,88.0,127.0,2026-06-26
Brian Thomas Jr.,WR,JAC,107.19,13.94,75.0,135.0,2026-06-26
Jakobi Meyers,WR,JAC,107.29,11.5,89.0,135.0,2026-06-26
Makai Lemon,WR,PHI,109.06,19.11,82.0,202.0,2026-06-26
Aaron Rodgers,QB,PIT,111.91,31.91,41.0,181.0,2026-06-26
Parker Washington,WR,JAC,112.08,13.24,80.0,144.0,2026-06-26
Kyle Monangai,RB,CHI,115.44,9.58,98.0,134.0,2026-06-26
Ricky Pearsall,WR,SF,116.52,14.27,91.0,155.0,2026-06-26
Kenny Gainwell,RB,TB,117.0,14.93,85.0,155.0,2026-06-26
Josh Downs,WR,IND,117.06,15.8,84.0,158.0,2026-06-26
Travis Kelce,TE,KC,118.94,17.39,93.0,183.0,2026-06-26
Jake Ferguson,TE,DAL,120.83,10.27,93.0,148.0,2026-06-26
Aaron Jones Sr.,RB,MIN,121.23,11.55,98.0,147.0,2026-06-26
Jordan Addison,WR,MIN,121.96,8.58,101.0,146.0,2026-06-26
J.K. Dobbins,RB,DEN,124.21,12.77,103.0,162.0,2026-06-26
Blake Corum,RB,LAR,124.33,9.84,105.0,150.0,2026-06-26
Dalton Kincaid,TE,BUF,124.42,11.41,109.0,161.0,2026-06-26
Quentin Johnston,WR,LAC,126.21,11.27,90.0,149.0,2026-06-26
Jayden Reed,WR,GB,127.04,11.42,101.0,167.0,2026-06-26
Khalil Shakir,WR,BUF,128.52,10.12,101.0,146.0,2026-06-26
George Kittle,TE,SF,129.71,23.5,47.0,197.0,2026-06-26
Michael Penix Jr.,QB,ATL,130.29,38.7,64.0,278.0,2026-06-26
Rachaad White,RB,WAS,130.35,12.8,88.0,165.0,2026-06-26
Jayden Higgins,WR,HOU,132.33,8.92,109.0,152.0,2026-06-26
Dallas Goedert,TE,PHI,132.79,12.86,101.0,161.0,2026-06-26
Tua Tagovailoa,QB,ATL,135.61,26.37,70.0,183.0,2026-06-26
Isaiah Likely,TE,NYG,135.96,24.92,94.0,230.0,2026-06-26
Jacory Croskey-Merritt,RB,WAS,136.17,9.44,120.0,176.0,2026-06-26
Xavier Worthy,WR,KC,137.81,11.23,117.0,160.0,2026-06-26
Tyrone Tracy Jr.,RB,NYG,137.88,11.08,111.0,159.0,2026-06-26
KC Concepcion,WR,CLE,140.23,26.95,100.0,268.0,2026-06-26
Romeo Doubs,WR,NE,141.77,14.06,102.0,175.0,2026-06-26
Jordan Mason,RB,MIN,141.96,9.3,120.0,166.0,2026-06-26
Jalen Coker,WR,CAR,143.85,13.06,123.0,192.0,2026-06-26
Tyler Allgeier,RB,ARI,144.67,15.6,116.0,205.0,2026-06-26
Woody Marks,RB,HOU,145.4,18.52,103.0,211.0,2026-06-26
Mark Andrews,TE,BAL,145.83,15.13,108.0,174.0,2026-06-26
Zach Charbonnet,RB,SEA,147.31,18.15,88.0,200.0,2026-06-26
Juwan Johnson,TE,NO,149.06,15.29,115.0,183.0,2026-06-26
Matthew Golden,WR,GB,150.06,18.39,111.0,216.0,2026-06-26
Tyjae Spears,RB,TEN,150.54,10.3,111.0,178.0,2026-06-26
Jonathon Brooks,RB,CAR,151.38,34.85,107.0,317.0,2026-06-26
Dylan Sampson,RB,CLE,154.88,7.82,134.0,177.0,2026-06-26
Chris Rodriguez Jr.,RB,JAC,155.44,21.64,129.0,218.0,2026-06-26
Alvin Kamara,RB,NO,155.63,15.49,116.0,213.0,2026-06-26
Brenton Strange,TE,JAC,156.1,18.45,121.0,197.0,2026-06-26
Jauan Jennings,WR,MIN,156.32,23.56,109.0,243.0,2026-06-26
Oronde Gadsden II,TE,LAC,157.31,29.64,113.0,227.0,2026-06-26
Isiah Pacheco,RB,DET,158.06,7.96,127.0,174.0,2026-06-26
Deshaun Watson,QB,CLE,158.61,41.2,70.0,277.0,2026-06-26
Jerry Jeudy,WR,CLE,158.65,11.73,139.0,187.0,2026-06-26
Shedeur Sanders,QB,CLE,159.21,38.73,83.0,268.0,2026-06-26
Rashid Shaheed,WR,SEA,160.48,9.7,145.0,183.0,2026-06-26
Denzel Boston,WR,CLE,160.76,23.69,139.0,269.0,2026-06-26
J.J. McCarthy,QB,MIN,162.0,52.06,70.0,282.0,2026-06-26
Omar Cooper Jr.,WR,NYJ,163.98,27.07,122.0,272.0,2026-06-26
Stefon Diggs,WR,FA,164.72,35.64,102.0,297.0,2026-06-26
Kirk Cousins,QB,LV,165.97,34.39,87.0,284.0,2026-06-26
Hunter Henry,TE,NE,166.08,14.17,133.0,196.0,2026-06-26
James Conner,RB,ARI,166.78,28.21,105.0,271.0,2026-06-26
Travis Hunter,WR,JAC,167.49,25.94,112.0,259.0,2026-06-26
Deebo Samuel Sr.,WR,FA,168.0,24.81,129.0,269.0,2026-06-26
Keaton Mitchell,RB,LAC,168.31,19.2,141.0,226.0,2026-06-26
Jonah Coleman,RB,DEN,169.57,34.33,111.0,331.0,2026-06-26
Braelon Allen,RB,NYJ,172.23,22.4,148.0,277.0,2026-06-26
Adonai Mitchell,WR,NYJ,173.29,18.24,149.0,239.0,2026-06-26
Chig Okonkwo,TE,WAS,174.83,29.4,115.0,229.0,2026-06-26
Justin Fields,QB,KC,175.0,82.87,36.0,297.0,2026-06-26
Dalton Schultz,TE,HOU,175.25,19.1,121.0,205.0,2026-06-26
Jalen McMillan,WR,TB,176.38,19.33,147.0,263.0,2026-06-26
Brian Robinson Jr.,RB,ATL,177.17,16.76,151.0,217.0,2026-06-26
Tre' Harris,WR,LAC,178.33,21.08,144.0,260.0,2026-06-26
Kayshon Boutte,WR,NE,179.23,15.35,151.0,222.0,2026-06-26
Emanuel Wilson,RB,SEA,179.85,24.69,132.0,230.0,2026-06-26
Marcus Mariota,QB,WAS,180.0,0.0,180.0,180.0,2026-06-26
Troy Franklin,WR,DEN,180.46,22.03,114.0,234.0,2026-06-26
Emmett Johnson,RB,KC,180.61,26.34,145.0,284.0,2026-06-26
Tre Tucker,WR,LV,180.92,18.72,129.0,264.0,2026-06-26
Brandon Aiyuk,WR,SF,181.58,25.29,142.0,258.0,2026-06-26
Joe Milton III,QB,DAL,182.0,0.0,182.0,182.0,2026-06-26
Tank Bigsby,RB,PHI,183.52,23.7,141.0,276.0,2026-06-26
Riley Leonard,QB,IND,184.0,0.0,184.0,184.0,2026-06-26
T.J. Hockenson,TE,MIN,184.1,15.2,136.0,223.0,2026-06-26
Hunter Renfrow,WR,FA,185.0,0.0,185.0,185.0,2026-06-26
Ryan Flournoy,WR,DAL,187.19,12.28,163.0,234.0,2026-06-26
Antonio Williams,WR,WAS,187.55,29.55,140.0,285.0,2026-06-26
Kimani Vidal,RB,LAC,188.35,18.58,152.0,223.0,2026-06-26
Mac Jones,QB,SF,188.83,48.09,127.0,287.0,2026-06-26
Jaylin Noel,WR,HOU,190.02,21.11,160.0,256.0,2026-06-26
Sean Tucker,RB,TB,191.41,18.43,152.0,218.0,2026-06-26
Calvin Ridley,WR,TEN,191.73,20.15,147.0,261.0,2026-06-26
Tyreek Hill,WR,FA,192.95,35.41,124.0,282.0,2026-06-26
Darnell Mooney,WR,NYG,193.57,15.92,160.0,261.0,2026-06-26
Ty Simpson,QB,LAR,193.83,22.89,182.0,245.0,2026-06-26
Pat Bryant,WR,DEN,194.49,16.16,174.0,247.0,2026-06-26
Kenyon Sadiq,TE,NYJ,195.64,22.61,142.0,300.0,2026-06-26
AJ Barner,TE,SEA,196.21,16.23,153.0,227.0,2026-06-26
Mike Washington Jr.,RB,LV,196.73,27.44,162.0,282.0,2026-06-26
Isaac TeSlaa,WR,DET,197.42,19.72,173.0,270.0,2026-06-26
Chimere Dike,WR,TEN,198.23,28.37,149.0,266.0,2026-06-26
Ray Davis,RB,BUF,198.24,21.34,153.0,288.0,2026-06-26
Jalen Nailor,WR,LV,200.45,32.41,142.0,268.0,2026-06-26
Dontayvion Wicks,WR,PHI,202.63,15.31,167.0,252.0,2026-06-26
Kaytron Allen,RB,WAS,205.8,31.75,162.0,283.0,2026-06-26
Nicholas Singleton,RB,TEN,206.36,33.79,145.0,319.0,2026-06-26
Jaylen Wright,RB,MIA,207.52,15.88,172.0,255.0,2026-06-26
Gunnar Helm,TE,TEN,208.58,20.29,172.0,295.0,2026-06-26
Elic Ayomanor,WR,TEN,209.57,27.73,170.0,295.0,2026-06-26
Malik Washington,WR,MIA,210.85,27.35,157.0,265.0,2026-06-26
Tank Dell,WR,HOU,212.56,18.8,179.0,279.0,2026-06-26
Greg Dulcich,TE,MIA,212.72,37.74,128.0,273.0,2026-06-26
Cooper Kupp,WR,SEA,212.78,21.02,167.0,265.0,2026-06-26
Chris Bell,WR,MIA,213.21,25.45,160.0,276.0,2026-06-26
Germie Bernard,WR,PIT,213.35,26.05,161.0,284.0,2026-06-26
De'Zhaun Stribling,WR,SF,216.81,26.23,180.0,305.0,2026-06-26
Anthony Richardson Sr.,QB,IND,217.0,53.07,177.0,292.0,2026-06-26
David Njoku,TE,LAC,217.92,14.5,181.0,257.0,2026-06-26
Sterling Shepard,WR,FA,218.0,0.0,218.0,218.0,2026-06-26
Rashod Bateman,WR,BAL,219.17,17.76,193.0,263.0,2026-06-26
Terrance Ferguson,TE,LAR,220.52,21.16,194.0,329.0,2026-06-26
Zachariah Branch,WR,ATL,222.91,18.32,183.0,281.0,2026-06-26
Keon Coleman,WR,BUF,222.93,21.69,181.0,274.0,2026-06-26
Jack Bech,WR,LV,223.96,23.69,174.0,311.0,2026-06-26
Pat Freiermuth,TE,PIT,224.0,17.89,174.0,281.0,2026-06-26
Trey Benson,RB,ARI,224.74,38.25,138.0,300.0,2026-06-26
Ollie Gordon II,RB,MIA,224.87,15.07,200.0,287.0,2026-06-26
Cade Otton,TE,TB,225.69,12.79,191.0,257.0,2026-06-26
Ted Hurst III,WR,TB,225.81,25.85,176.0,285.0,2026-06-26
Justice Hill,RB,BAL,226.18,32.13,156.0,277.0,2026-06-26
Kaleb Johnson,RB,PIT,226.95,32.81,159.0,314.0,2026-06-26
Devin Neal,RB,NO,227.0,27.08,184.0,322.0,2026-06-26
Isaiah Davis,RB,NYJ,228.72,19.57,197.0,285.0,2026-06-26
Colby Parkinson,TE,LAR,228.98,16.53,175.0,267.0,2026-06-26
Christian Kirk,WR,SF,229.23,22.43,172.0,288.0,2026-06-26
Marvin Mims Jr.,WR,DEN,229.24,20.43,195.0,272.0,2026-06-26
Mason Taylor,TE,NYJ,229.79,28.86,148.0,316.0,2026-06-26
Zay Jones,WR,FA,231.0,0.0,231.0,231.0,2026-06-26
Carson Beck,QB,ARI,232.67,48.01,184.0,298.0,2026-06-26
Elijah Sarratt,WR,BAL,233.02,20.21,192.0,288.0,2026-06-26
Malachi Fields,WR,NYG,233.32,30.26,194.0,335.0,2026-06-26
Evan Engram,TE,DEN,233.64,11.17,203.0,257.0,2026-06-26
Tory Horton,WR,SEA,234.42,20.36,167.0,285.0,2026-06-26
Ty Johnson,RB,BUF,234.48,22.07,187.0,327.0,2026-06-26
Mack Hollins,WR,NE,234.68,30.83,177.0,327.0,2026-06-26
Xavier Legette,WR,CAR,234.87,26.3,193.0,288.0,2026-06-26
Alexander Mattison,RB,FA,235.0,0.0,235.0,235.0,2026-06-26
Theo Johnson,TE,NYG,235.13,25.26,164.0,289.0,2026-06-26
Demond Claiborne,RB,MIN,235.42,28.87,179.0,287.0,2026-06-26
Chris Brazzell II,WR,CAR,236.58,23.32,176.0,287.0,2026-06-26
MarShawn Lloyd,RB,GB,236.77,32.53,163.0,289.0,2026-06-26
Kyle Williams,WR,NE,237.4,27.72,194.0,336.0,2026-06-26
Chris Brooks,RB,GB,237.98,25.02,180.0,280.0,2026-06-26
Eli Stowers,TE,PHI,238.05,27.23,199.0,332.0,2026-06-26
Keenan Allen,WR,LAC,240.49,19.88,189.0,263.0,2026-06-26
Darius Slayton,WR,NYG,241.83,32.2,174.0,343.0,2026-06-26
Mike Gesicki,TE,CIN,243.85,20.09,206.0,290.0,2026-06-26
Jaydon Blue,RB,DAL,244.32,20.2,208.0,301.0,2026-06-26
Jake Tonges,TE,SF,244.42,24.01,193.0,315.0,2026-06-26
Brashard Smith,RB,KC,244.59,22.57,208.0,323.0,2026-06-26
DJ Giddens,RB,IND,244.68,22.06,196.0,294.0,2026-06-26
Kendre Miller,RB,NO,245.14,32.01,181.0,322.0,2026-06-26
Jordan James,RB,SF,245.76,35.49,163.0,339.0,2026-06-26
Joe Flacco,QB,CIN,246.0,50.0,196.0,296.0,2026-06-26
Najee Harris,RB,LAC,246.16,22.01,202.0,278.0,2026-06-26
Albert Okwuegbunam Jr.,TE,LV,247.0,0.0,247.0,247.0,2026-06-26
George Holani,RB,SEA,247.05,21.91,200.0,280.0,2026-06-26
Andrei Iosivas,WR,CIN,247.4,27.58,201.0,305.0,2026-06-26
Jordan Waters,RB,LAR,248.0,0.0,248.0,248.0,2026-06-26
LeQuint Allen Jr.,RB,JAC,248.56,25.13,187.0,315.0,2026-06-26
Kaelon Black,RB,SF,248.59,34.01,184.0,296.0,2026-06-26
Devaughn Vele,WR,NO,248.68,23.89,198.0,328.0,2026-06-26
Jaleel McLaughlin,RB,DEN,248.7,25.3,175.0,296.0,2026-06-26
Skyler Bell,WR,BUF,249.1,26.69,206.0,332.0,2026-06-26
Brandin Cooks,WR,FA,250.0,0.0,250.0,250.0,2026-06-26
Ja'Kobi Lane,WR,BAL,250.42,26.61,188.0,304.0,2026-06-26
Tyquan Thornton,WR,KC,250.76,27.8,173.0,330.0,2026-06-26
Jakobie Keeney-James,WR,FA,251.0,0.0,251.0,251.0,2026-06-26
Malik Davis,RB,DAL,251.07,16.28,224.0,292.0,2026-06-26
Jerome Ford,RB,WAS,252.0,19.88,199.0,289.0,2026-06-26
Raheem Mostert,RB,LV,253.67,37.95,200.0,281.0,2026-06-26
Samaje Perine,RB,CIN,254.05,34.38,163.0,345.0,2026-06-26
Isaiah Williams,WR,NYJ,255.0,0.0,255.0,255.0,2026-06-26
Konata Mumpfield,WR,LAR,255.32,21.65,212.0,310.0,2026-06-26
Joe Mixon,RB,FA,256.41,37.67,162.0,292.0,2026-06-26
Clyde Edwards-Helaire,RB,FA,258.0,0.0,258.0,258.0,2026-06-26
Adam Randall,RB,BAL,258.12,23.15,213.0,291.0,2026-06-26
Hollywood Brown,WR,PHI,258.73,19.21,218.0,327.0,2026-06-26
Devin Singletary,RB,NYG,259.69,19.58,182.0,293.0,2026-06-26
Brittain Brown,RB,CHI,261.0,0.0,261.0,261.0,2026-06-26
Seth McGowan,RB,IND,262.0,23.21,218.0,322.0,2026-06-26
Alec Ingold,RB,LAC,264.0,50.0,214.0,314.0,2026-06-26
Darnell Washington,TE,PIT,264.16,29.54,221.0,330.0,2026-06-26
DeAndre Hopkins,WR,BAL,264.67,98.91,137.0,378.0,2026-06-26
Ameer Abdullah,RB,JAC,265.0,0.0,265.0,265.0,2026-06-26
Max Klare,TE,LAR,265.2,17.65,242.0,306.0,2026-06-26
Mitch Tinsley,WR,CIN,266.0,1.0,265.0,267.0,2026-06-26
Isaac Guerendo,RB,SF,266.56,23.45,215.0,347.0,2026-06-26
Emari Demercado,RB,KC,266.56,21.17,204.0,321.0,2026-06-26
Jalen Royals,WR,KC,267.2,28.77,207.0,332.0,2026-06-26
Isaiah Bond,WR,CLE,267.33,28.28,218.0,333.0,2026-06-26
Tyler Higbee,TE,LAR,269.17,32.48,203.0,317.0,2026-06-26
Tez Johnson,WR,TB,269.6,28.19,176.0,325.0,2026-06-26
Tyler Lockett,WR,LV,270.67,64.03,188.0,344.0,2026-06-26
Patrick Ricard,RB,NYG,271.0,46.0,225.0,317.0,2026-06-26
Cedric Tillman,WR,CLE,271.69,20.16,244.0,339.0,2026-06-26
Calvin Austin III,WR,NYG,271.88,33.47,227.0,342.0,2026-06-26
Ashton Dulin,WR,IND,272.0,8.04,264.0,283.0,2026-06-26
Olamide Zaccheaus,WR,ATL,272.12,32.58,204.0,351.0,2026-06-26
Jarquez Hunter,RB,LAR,272.31,15.78,236.0,314.0,2026-06-26
Trevor Etienne,RB,CAR,272.7,10.5,249.0,294.0,2026-06-26
Oscar Delp,TE,NO,272.85,23.28,246.0,316.0,2026-06-26
Elijah Dotson,RB,FA,273.0,0.0,273.0,273.0,2026-06-26
Rasheen Ali,RB,BAL,273.0,14.0,259.0,287.0,2026-06-26
Bam Knight,RB,ARI,273.13,29.03,214.0,334.0,2026-06-26
Caleb Douglas,WR,MIA,273.14,44.27,202.0,336.0,2026-06-26
Jalen Tolbert,WR,MIA,274.4,33.23,205.0,329.0,2026-06-26
Jahan Dotson,WR,ATL,274.56,32.65,186.0,328.0,2026-06-26
Michael Mayer,TE,LV,275.17,23.74,242.0,322.0,2026-06-26
Tahj Brooks,RB,CIN,276.1,13.19,243.0,323.0,2026-06-26
Audric Estime,RB,NO,276.3,20.85,216.0,322.0,2026-06-26
Luke McCaffrey,WR,WAS,276.86,25.68,242.0,330.0,2026-06-26
Bryce Lance,WR,NO,277.36,29.15,237.0,328.0,2026-06-26
Will Shipley,RB,PHI,279.08,12.81,253.0,306.0,2026-06-26
Khalil Herbert,RB,FA,280.0,29.53,246.0,318.0,2026-06-26
Dont'e Thornton Jr.,WR,LV,280.0,28.65,241.0,334.0,2026-06-26
Tim Patrick,WR,NYJ,281.0,0.0,281.0,281.0,2026-06-26
Noah Gray,TE,KC,281.0,24.98,231.0,321.0,2026-06-26
Joshua Palmer,WR,BUF,281.38,36.43,202.0,336.0,2026-06-26
Ja'Tavion Sanders,TE,CAR,281.46,26.05,237.0,323.0,2026-06-26
Xavier Hutchinson,WR,HOU,281.47,28.53,242.0,350.0,2026-06-26
KaVontae Turpin,WR,DAL,282.5,44.24,238.0,362.0,2026-06-26
Kareem Hunt,RB,FA,282.63,21.25,225.0,352.0,2026-06-26
Xavier Smith,WR,LAR,283.0,40.42,234.0,333.0,2026-06-26
Kalif Raymond,WR,CHI,284.56,31.92,242.0,337.0,2026-06-26
Elijah Arroyo,TE,SEA,285.69,26.91,244.0,329.0,2026-06-26
Miles Sanders,RB,FA,286.0,87.0,199.0,373.0,2026-06-26
Cole Kmet,TE,CHI,286.08,31.14,233.0,339.0,2026-06-26
DeMario Douglas,WR,NE,286.53,39.43,208.0,353.0,2026-06-26
Nick Chubb,RB,FA,286.79,16.92,270.0,318.0,2026-06-26
Max Bredeson,RB,MIN,287.5,36.5,251.0,324.0,2026-06-26
Dawson Knox,TE,BUF,287.54,33.63,225.0,336.0,2026-06-26
Kyle Juszczyk,RB,SF,287.75,40.63,220.0,323.0,2026-06-26
Jeremy McNichols,RB,WAS,288.0,0.0,288.0,288.0,2026-06-26
AJ Dillon,RB,CAR,289.0,5.0,284.0,294.0,2026-06-26
Kendrick Bourne,WR,ARI,289.54,50.01,201.0,374.0,2026-06-26
J'Mari Taylor,RB,JAC,289.78,20.7,264.0,338.0,2026-06-26
Kalel Mullings,RB,TEN,290.0,0.0,290.0,290.0,2026-06-26
Sincere McCormick,RB,SF,290.0,0.0,290.0,290.0,2026-06-26
Kevin Austin Jr.,WR,NO,291.0,58.0,233.0,349.0,2026-06-26
Reggie Gilliam,RB,NE,291.5,30.5,261.0,322.0,2026-06-26
John Bates,TE,WAS,292.0,37.18,246.0,359.0,2026-06-26
Tommy Myers,TE,FA,292.14,38.95,246.0,355.0,2026-06-26
Jawhar Jordan,RB,HOU,292.64,46.94,168.0,338.0,2026-06-26
Xavier Restrepo,WR,TEN,293.0,0.0,293.0,293.0,2026-06-26
Jacardia Wright,RB,SEA,293.0,0.0,293.0,293.0,2026-06-26
Josh Reynolds,WR,FA,294.0,0.0,294.0,294.0,2026-06-26
Cash Jones,RB,ATL,294.0,0.0,294.0,294.0,2026-06-26
Eli Heidenreich,RB,PIT,294.23,29.87,259.0,343.0,2026-06-26
Michael Carter,RB,TEN,294.45,27.57,258.0,347.0,2026-06-26
Treylon Burks,WR,WAS,294.67,30.81,242.0,334.0,2026-06-26
Justin Joly,TE,DEN,294.9,22.1,245.0,327.0,2026-06-26
Myles Price,WR,MIN,295.0,0.0,295.0,295.0,2026-06-26
Jameis Winston,QB,NYG,295.0,0.0,295.0,295.0,2026-06-26
John Metchie III,WR,CAR,296.0,33.47,253.0,348.0,2026-06-26
Zach Ertz,TE,FA,296.0,45.79,220.0,340.0,2026-06-26
Austin Hooper,TE,ATL,296.6,28.13,272.0,350.0,2026-06-26
Jaret Patterson,RB,LAC,297.0,41.0,256.0,338.0,2026-06-26
Brenen Thompson,WR,LAC,297.0,17.62,270.0,326.0,2026-06-26
Russell Gage Jr.,WR,FA,298.0,0.0,298.0,298.0,2026-06-26
Austin Ekeler,RB,FA,298.42,26.97,270.0,349.0,2026-06-26
Montorie Foster Jr.,WR,SEA,299.0,0.0,299.0,299.0,2026-06-26
Quez Watkins,WR,PHI,299.0,0.0,299.0,299.0,2026-06-26
Kenny McIntosh,RB,SEA,299.0,0.0,299.0,299.0,2026-06-26
Miles Davis,RB,CAR,300.0,0.0,300.0,300.0,2026-06-26
Jonnu Smith,TE,FA,300.0,47.14,240.0,358.0,2026-06-26
Raheim Sanders,RB,CLE,300.08,23.26,271.0,342.0,2026-06-26
Tutu Atwell,WR,MIA,300.3,38.71,241.0,354.0,2026-06-26
Devontez Walker,WR,BAL,300.67,65.8,218.0,379.0,2026-06-26
Greg Dortch,WR,DET,300.83,39.08,238.0,345.0,2026-06-26
Terrell Jennings,RB,NE,300.83,29.58,274.0,343.0,2026-06-26
Nate Boerkircher,TE,JAC,301.0,3.0,298.0,304.0,2026-06-26
Myles Gaskin,RB,FA,301.0,0.0,301.0,301.0,2026-06-26
Michael Woods II,WR,FA,301.0,0.0,301.0,301.0,2026-06-26
Jaylin Lane,WR,WAS,301.33,26.41,263.0,344.0,2026-06-26
Hunter Luepke,RB,DAL,301.5,46.5,255.0,348.0,2026-06-26
Van Jefferson,WR,WAS,302.0,0.0,302.0,302.0,2026-06-26
Nate Adkins,TE,DEN,302.0,0.0,302.0,302.0,2026-06-26
Tanner Hudson,TE,CIN,303.0,0.0,303.0,303.0,2026-06-26
Jahdae Walker,WR,CHI,303.0,15.0,288.0,318.0,2026-06-26
Elijah Moore,WR,PHI,303.0,37.0,266.0,340.0,2026-06-26
Moliki Matavao,TE,NO,303.0,0.0,303.0,303.0,2026-06-26
Julius Chestnut,RB,TEN,304.0,0.0,304.0,304.0,2026-06-26
Kendric Pryor,WR,CIN,304.0,0.0,304.0,304.0,2026-06-26
Josh Oliver,TE,MIN,304.0,16.72,276.0,319.0,2026-06-26
Sam Roush,TE,CHI,304.0,2.0,302.0,306.0,2026-06-26
Adam Prentice,RB,DEN,304.0,40.0,264.0,344.0,2026-06-26
Ty Chandler,RB,NO,304.0,23.79,279.0,336.0,2026-06-26
Donovan Edwards,RB,MIA,305.0,0.0,305.0,305.0,2026-06-26
Zavion Thomas,WR,CHI,305.0,48.15,236.0,370.0,2026-06-26
Michael Briscoe,WR,MIN,306.0,0.0,306.0,306.0,2026-06-26
Nick Westbrook-Ikhine,WR,IND,306.25,34.02,237.0,343.0,2026-06-26
Jared Wiley,TE,KC,307.0,0.0,307.0,307.0,2026-06-26
Dameon Pierce,RB,PHI,307.11,18.78,281.0,341.0,2026-06-26
Phil Mafah,RB,DAL,307.4,40.72,246.0,342.0,2026-06-26
Antonio Gibson,RB,FA,307.6,31.14,279.0,363.0,2026-06-26
Michael Bandy,WR,DEN,308.0,0.0,308.0,308.0,2026-06-26
Daniel Bellinger,TE,TEN,308.38,25.01,262.0,335.0,2026-06-26
Will Kacmarek,TE,MIA,309.0,0.0,309.0,309.0,2026-06-26
Eli Raridon,TE,NE,309.09,40.33,250.0,375.0,2026-06-26
Drew Sample,TE,CIN,310.0,0.0,310.0,310.0,2026-06-26
Dylan Laube,RB,LV,310.67,32.26,268.0,346.0,2026-06-26
Isaiah Williams,WR,FA,311.0,0.0,311.0,311.0,2026-06-26
Mecole Hardman Jr.,WR,BUF,311.0,0.0,311.0,311.0,2026-06-26
Diontae Johnson,WR,FA,311.0,0.0,311.0,311.0,2026-06-26
Roschon Johnson,RB,CHI,311.0,14.9,299.0,332.0,2026-06-26
Jordan Whittington,WR,LAR,311.5,41.51,258.0,371.0,2026-06-26
Ben Sinnott,TE,WAS,311.75,21.61,272.0,346.0,2026-06-26
Jam Miller,RB,NE,312.0,12.86,296.0,327.0,2026-06-26
Darren Waller,TE,FA,312.43,21.87,275.0,344.0,2026-06-26
Noah Fant,TE,NO,312.45,24.57,259.0,348.0,2026-06-26
Tai Felton,WR,MIN,312.5,70.5,242.0,383.0,2026-06-26
Durham Smythe,TE,BAL,312.5,0.5,312.0,313.0,2026-06-26
Kevin Coleman Jr.,WR,MIA,312.75,43.58,222.0,351.0,2026-06-26
JuJu Smith-Schuster,WR,NYG,313.0,7.0,306.0,320.0,2026-06-26
Tommy Tremble,TE,CAR,313.0,24.81,265.0,350.0,2026-06-26
Ronnie Bell,WR,NO,314.0,12.0,302.0,326.0,2026-06-26
CJ Daniels,WR,LAR,314.0,29.19,278.0,349.0,2026-06-26
Miles Kitselman,TE,DET,314.0,0.0,314.0,314.0,2026-06-26
Charlie Kolar,TE,LAC,314.0,13.0,301.0,327.0,2026-06-26
Luke Musgrave,TE,GB,314.2,19.35,278.0,345.0,2026-06-26
Tyler Badie,RB,DEN,314.67,28.71,275.0,342.0,2026-06-26
Marlin Klein,TE,HOU,315.4,13.71,289.0,329.0,2026-06-26
Adam Trautman,TE,DEN,315.5,2.5,313.0,318.0,2026-06-26
Savion Williams,WR,GB,315.88,31.27,273.0,372.0,2026-06-26
Michael Burton,RB,CLE,316.0,0.0,316.0,316.0,2026-06-26
Royce Freeman,RB,FA,316.0,0.0,316.0,316.0,2026-06-26
Cam Akers,RB,FA,317.0,49.0,268.0,366.0,2026-06-26
Tyler Goodson,RB,ATL,317.5,26.5,291.0,344.0,2026-06-26
Michael Wortham,WR,JAC,319.0,0.0,319.0,319.0,2026-06-26
Ronnie Rivers,RB,LAR,319.0,1.0,318.0,320.0,2026-06-26
Tyler Conklin,TE,DET,321.0,0.0,321.0,321.0,2026-06-26
Erick All Jr.,TE,CIN,321.25,13.59,298.0,332.0,2026-06-26
Brock Wright,TE,DET,321.5,8.5,313.0,330.0,2026-06-26
Will Mallory,TE,IND,322.0,0.0,322.0,322.0,2026-06-26
Dyami Brown,WR,WAS,322.6,39.57,270.0,382.0,2026-06-26
Noah Whittington,RB,HOU,323.0,0.0,323.0,323.0,2026-06-26
Zamir White,RB,LV,323.0,0.0,323.0,323.0,2026-06-26
Demarcus Robinson,WR,SF,323.2,26.59,271.0,346.0,2026-06-26
British Brooks,RB,HOU,324.0,0.0,324.0,324.0,2026-06-26
Jack Endries,TE,CIN,324.0,10.0,314.0,334.0,2026-06-26
Braxton Berrios,WR,NYG,324.0,0.0,324.0,324.0,2026-06-26
Mitchell Evans,TE,CAR,324.33,18.79,301.0,347.0,2026-06-26
Deion Burks,WR,IND,324.33,30.4,294.0,381.0,2026-06-26
Roman Wilson,WR,PIT,324.5,14.5,310.0,339.0,2026-06-26
Zavier Scott,RB,MIN,324.67,28.94,284.0,349.0,2026-06-26
Pierre Strong Jr.,RB,GB,325.0,0.0,325.0,325.0,2026-06-26
Jack Stoll,TE,CLE,325.0,0.0,325.0,325.0,2026-06-26
David Sills V,WR,TB,326.0,0.0,326.0,326.0,2026-06-26
Myles Montgomery,RB,NE,326.0,15.12,307.0,344.0,2026-06-26
Matt Hibner,TE,BAL,328.0,0.0,328.0,328.0,2026-06-26
Luke Schoonmaker,TE,DAL,329.33,7.59,323.0,340.0,2026-06-26
Damien Martinez,RB,GB,329.5,16.29,310.0,348.0,2026-06-26
Lil'Jordan Humphrey,WR,DEN,329.5,0.5,329.0,330.0,2026-06-26
Robert Henry Jr.,RB,WAS,330.0,11.34,314.0,339.0,2026-06-26
Chip Trayanum,RB,NYJ,330.0,0.0,330.0,330.0,2026-06-26
Mo Alie-Cox,TE,IND,330.0,20.0,310.0,350.0,2026-06-26
Roman Hemby,RB,LV,330.5,4.5,326.0,335.0,2026-06-26
Khalil Dinkins,TE,SF,333.0,0.0,333.0,333.0,2026-06-26
Tanner Koziol,TE,JAC,333.0,12.68,318.0,349.0,2026-06-26
Jackson Hawes,TE,BUF,334.0,11.0,323.0,345.0,2026-06-26
Casey Washington,WR,FA,335.0,0.0,335.0,335.0,2026-06-26
Michael Trigg,TE,DAL,335.0,26.0,309.0,361.0,2026-06-26
Malik Benson,WR,LV,335.0,19.94,308.0,364.0,2026-06-26
Anthony Gould,WR,IND,337.0,0.0,337.0,337.0,2026-06-26
Jaydn Ott,RB,KC,338.0,0.0,338.0,338.0,2026-06-26
Elijah Higgins,TE,ARI,338.17,14.02,312.0,357.0,2026-06-26
Julian Hill,TE,NE,339.0,0.0,339.0,339.0,2026-06-26
Cyrus Allen,WR,KC,339.8,15.94,320.0,367.0,2026-06-26
Jacob Saylors,RB,DET,340.0,0.0,340.0,340.0,2026-06-26
Cedrick Wilson Jr.,WR,DET,341.0,0.0,341.0,341.0,2026-06-26
Velus Jones Jr.,WR,SEA,342.0,0.0,342.0,342.0,2026-06-26
Reggie Virgil,WR,ARI,343.0,0.0,343.0,343.0,2026-06-26
Thomas Fidone II,TE,NYG,343.0,26.0,317.0,369.0,2026-06-26
Frank Gore Jr.,RB,BUF,343.0,0.0,343.0,343.0,2026-06-26
Isaiah Hodgins,WR,NYG,344.0,0.0,344.0,344.0,2026-06-26
KeAndre Lambert-Smith,WR,LAC,346.0,0.0,346.0,346.0,2026-06-26
Tip Reiman,TE,ARI,348.0,0.0,348.0,348.0,2026-06-26
Desmond Reid,RB,FA,348.0,0.0,348.0,348.0,2026-06-26
Theo Wease Jr.,WR,MIA,350.0,0.0,350.0,350.0,2026-06-26
Skyy Moore,WR,GB,351.0,0.0,351.0,351.0,2026-06-26
Jimmy Horn Jr.,WR,CAR,352.0,0.0,352.0,352.0,2026-06-26
Will Dissly,TE,FA,356.0,0.0,356.0,356.0,2026-06-26
Marquez Valdes-Scantling,WR,DAL,360.0,0.0,360.0,360.0,2026-06-26
Gus Edwards,RB,FA,365.0,0.0,365.0,365.0,2026-06-26
Taysom Hill,TE,FA,368.0,0.0,368.0,368.0,2026-06-26
Curtis Samuel,WR,FA,376.0,0.0,376.0,376.0,2026-06-26
Jacob Cowing,WR,SF,377.0,0.0,377.0,377.0,2026-06-26
Gabe Davis,WR,FA,380.0,0.0,380.0,380.0,2026-06-26
Jermaine Burton,WR,FA,384.0,0.0,384.0,384.0,2026-06-26
Antwane Wells Jr.,WR,ATL,385.0,0.0,385.0,385.0,2026-06-26
Elijah Mitchell,RB,PHI,386.0,0.0,386.0,386.0,2026-06-26
Trey Sermon,RB,FA,387.0,0.0,387.0,387.0,2026-06-26
Ja'Quinden Jackson,RB,FA,388.0,0.0,388.0,388.0,2026-06-26
Josh Allen,QB,BUF,1.06,0.24,1.0,2.0,2026-06-19
Lamar Jackson,QB,BAL,2.71,1.23,1.0,8.0,2026-06-19
Drake Maye,QB,NE,3.27,1.52,1.0,9.0,2026-06-19
Joe Burrow,QB,CIN,4.78,2.55,2.0,19.0,2026-06-19
Jayden Daniels,QB,WAS,6.59,3.48,3.0,18.0,2026-06-19
Jalen Hurts,QB,PHI,6.88,3.07,2.0,17.0,2026-06-19
Ja'Marr Chase,WR,CIN,7.29,2.3,6.0,12.0,2026-06-19
Puka Nacua,WR,LAR,10.9,2.36,6.0,21.0,2026-06-19
Bijan Robinson,RB,ATL,11.22,2.44,9.0,25.0,2026-06-19
Caleb Williams,QB,CHI,11.92,5.97,3.0,28.0,2026-06-19
Jaxon Smith-Njigba,WR,SEA,12.1,1.54,7.0,20.0,2026-06-19
Justin Herbert,QB,LAC,12.18,7.06,5.0,38.0,2026-06-19
Jahmyr Gibbs,RB,DET,12.22,2.04,6.0,15.0,2026-06-19
Trevor Lawrence,QB,JAC,15.57,5.72,7.0,30.0,2026-06-19
Amon-Ra St. Brown,WR,DET,15.8,3.3,11.0,23.0,2026-06-19
Jaxson Dart,QB,NYG,16.04,7.93,5.0,39.0,2026-06-19
Dak Prescott,QB,DAL,16.82,4.8,7.0,30.0,2026-06-19
Christian McCaffrey,RB,SF,18.08,6.9,10.0,45.0,2026-06-19
CeeDee Lamb,WR,DAL,19.86,4.22,14.0,35.0,2026-06-19
Brock Purdy,QB,SF,20.59,5.6,8.0,38.0,2026-06-19
Justin Jefferson,WR,MIN,20.82,4.25,12.0,45.0,2026-06-19
Drake London,WR,ATL,24.08,3.23,21.0,35.0,2026-06-19
Jonathan Taylor,RB,IND,24.16,5.89,15.0,48.0,2026-06-19
Patrick Mahomes II,QB,KC,25.94,6.02,14.0,41.0,2026-06-19
Bo Nix,QB,DEN,27.84,5.14,16.0,38.0,2026-06-19
Nico Collins,WR,HOU,27.92,5.18,23.0,51.0,2026-06-19
De'Von Achane,RB,MIA,29.92,8.17,13.0,48.0,2026-06-19
Matthew Stafford,QB,LAR,30.14,8.03,8.0,50.0,2026-06-19
Ashton Jeanty,RB,LV,31.78,8.37,15.0,48.0,2026-06-19
A.J. Brown,WR,NE,31.84,6.91,21.0,51.0,2026-06-19
George Pickens,WR,DAL,32.37,5.04,24.0,45.0,2026-06-19
Chris Olave,WR,NO,32.94,7.82,23.0,52.0,2026-06-19
Trey McBride,TE,ARI,34.12,8.23,31.0,78.0,2026-06-19
Jared Goff,QB,DET,35.53,9.9,16.0,55.0,2026-06-19
James Cook III,RB,BUF,36.65,8.61,15.0,59.0,2026-06-19
Kyler Murray,QB,MIN,37.18,13.56,8.0,64.0,2026-06-19
Chase Brown,RB,CIN,37.92,5.33,25.0,53.0,2026-06-19
Brock Bowers,TE,LV,38.47,4.04,30.0,60.0,2026-06-19
Rashee Rice,WR,KC,40.33,12.05,23.0,72.0,2026-06-19
Malik Nabers,WR,NYG,42.67,15.79,23.0,90.0,2026-06-19
Omarion Hampton,RB,LAC,43.76,8.72,25.0,71.0,2026-06-19
Saquon Barkley,RB,PHI,44.55,6.71,27.0,65.0,2026-06-19
Tetairoa McMillan,WR,CAR,44.73,8.96,28.0,72.0,2026-06-19
DeVonta Smith,WR,PHI,45.59,10.43,28.0,69.0,2026-06-19
Jordan Love,QB,GB,46.04,8.32,19.0,59.0,2026-06-19
Garrett Wilson,WR,NYJ,46.49,6.0,35.0,66.0,2026-06-19
Baker Mayfield,QB,TB,47.16,9.86,20.0,60.0,2026-06-19
Tyler Shough,QB,NO,49.16,10.78,18.0,64.0,2026-06-19
Kenneth Walker III,RB,KC,49.75,8.92,31.0,74.0,2026-06-19
Tee Higgins,WR,CIN,50.86,7.49,34.0,70.0,2026-06-19
Malik Willis,QB,MIA,51.0,17.79,21.0,125.0,2026-06-19
Ladd McConkey,WR,LAC,52.12,9.26,30.0,84.0,2026-06-19
Jeremiyah Love,RB,ARI,52.9,9.21,33.0,77.0,2026-06-19
Colston Loveland,TE,CHI,53.76,14.46,39.0,106.0,2026-06-19
Zay Flowers,WR,BAL,54.06,9.59,28.0,78.0,2026-06-19
Jaylen Waddle,WR,DEN,57.53,9.25,35.0,77.0,2026-06-19
Derrick Henry,RB,BAL,57.57,9.59,25.0,75.0,2026-06-19
Breece Hall,RB,NYJ,59.1,7.11,48.0,77.0,2026-06-19
Terry McLaurin,WR,WAS,60.51,7.89,43.0,80.0,2026-06-19
C.J. Stroud,QB,HOU,61.1,7.86,32.0,76.0,2026-06-19
Luther Burden III,WR,CHI,61.92,10.05,44.0,104.0,2026-06-19
Sam Darnold,QB,SEA,62.57,8.15,38.0,83.0,2026-06-19
Kyren Williams,RB,LAR,62.92,8.63,47.0,78.0,2026-06-19
Josh Jacobs,RB,GB,63.2,10.59,42.0,89.0,2026-06-19
Emeka Egbuka,WR,TB,64.27,10.26,35.0,82.0,2026-06-19
Travis Etienne Jr.,RB,NO,65.41,7.25,54.0,88.0,2026-06-19
Javonte Williams,RB,DAL,66.02,9.2,33.0,81.0,2026-06-19
Davante Adams,WR,LAR,66.82,7.84,53.0,93.0,2026-06-19
Cam Ward,QB,TEN,67.88,6.02,54.0,83.0,2026-06-19
Mike Evans,WR,SF,69.82,10.95,47.0,107.0,2026-06-19
Bryce Young,QB,CAR,71.47,8.03,55.0,94.0,2026-06-19
Jameson Williams,WR,DET,73.57,7.76,59.0,102.0,2026-06-19
Tyler Warren,TE,IND,74.65,11.42,47.0,93.0,2026-06-19
Daniel Jones,QB,IND,75.8,21.4,38.0,183.0,2026-06-19
DJ Moore,WR,BUF,76.2,16.61,43.0,128.0,2026-06-19
Bucky Irving,RB,TB,76.94,11.15,49.0,98.0,2026-06-19
Christian Watson,WR,GB,77.0,10.22,57.0,112.0,2026-06-19
Cam Skattebo,RB,NYG,77.31,8.95,58.0,97.0,2026-06-19
Rome Odunze,WR,CHI,80.96,11.19,55.0,107.0,2026-06-19
TreVeyon Henderson,RB,NE,81.47,9.49,58.0,100.0,2026-06-19
Quinshon Judkins,RB,CLE,82.18,8.07,65.0,98.0,2026-06-19
Jacoby Brissett,QB,ARI,84.04,16.07,55.0,127.0,2026-06-19
D'Andre Swift,RB,CHI,84.96,8.12,67.0,99.0,2026-06-19
Carnell Tate,WR,TEN,86.51,26.85,57.0,199.0,2026-06-19
Jaylen Warren,RB,PIT,90.37,5.65,84.0,108.0,2026-06-19
Marvin Harrison Jr.,WR,ARI,91.45,13.22,73.0,135.0,2026-06-19
David Montgomery,RB,HOU,91.9,11.9,69.0,134.0,2026-06-19
Tucker Kraft,TE,GB,92.25,12.33,47.0,121.0,2026-06-19
Harold Fannin Jr.,TE,CLE,93.16,9.06,77.0,113.0,2026-06-19
Courtland Sutton,WR,DEN,94.31,12.64,69.0,119.0,2026-06-19
DK Metcalf,WR,PIT,95.51,12.42,63.0,122.0,2026-06-19
Alec Pierce,WR,IND,95.86,13.13,72.0,123.0,2026-06-19
Bhayshul Tuten,RB,JAC,96.49,10.23,77.0,138.0,2026-06-19
RJ Harvey,RB,DEN,98.53,15.64,65.0,138.0,2026-06-19
Jadarian Price,RB,SEA,99.26,9.05,71.0,114.0,2026-06-19
Michael Wilson,WR,ARI,99.41,10.7,70.0,124.0,2026-06-19
Chris Godwin Jr.,WR,TB,99.78,11.33,69.0,137.0,2026-06-19
Chuba Hubbard,RB,CAR,100.24,11.97,71.0,131.0,2026-06-19
Kyle Pitts Sr.,TE,ATL,100.65,7.93,86.0,115.0,2026-06-19
Fernando Mendoza,QB,LV,102.95,30.3,76.0,192.0,2026-06-19
Rhamondre Stevenson,RB,NE,103.22,7.95,82.0,119.0,2026-06-19
Michael Pittman Jr.,WR,PIT,103.41,14.92,57.0,134.0,2026-06-19
Jordyn Tyson,WR,NO,103.61,25.6,70.0,209.0,2026-06-19
Rico Dowdle,RB,PIT,103.78,8.83,88.0,130.0,2026-06-19
Wan'Dale Robinson,WR,TEN,103.92,11.37,75.0,130.0,2026-06-19
Tony Pollard,RB,TEN,104.53,8.14,89.0,138.0,2026-06-19
Jakobi Meyers,WR,JAC,105.57,11.86,89.0,135.0,2026-06-19
Sam LaPorta,TE,DET,106.86,6.8,86.0,115.0,2026-06-19
Brian Thomas Jr.,WR,JAC,107.27,13.75,75.0,135.0,2026-06-19
Geno Smith,QB,NYJ,109.17,29.48,70.0,184.0,2026-06-19
Makai Lemon,WR,PHI,111.8,23.0,82.0,204.0,2026-06-19
Parker Washington,WR,JAC,113.63,13.48,80.0,144.0,2026-06-19
Aaron Rodgers,QB,PIT,113.65,33.58,41.0,181.0,2026-06-19
Kyle Monangai,RB,CHI,115.06,9.62,97.0,134.0,2026-06-19
Josh Downs,WR,IND,116.43,15.28,84.0,158.0,2026-06-19
Ricky Pearsall,WR,SF,116.75,14.84,91.0,157.0,2026-06-19
Kenneth Gainwell,RB,TB,117.31,14.69,85.0,152.0,2026-06-19
Travis Kelce,TE,KC,119.0,18.27,93.0,189.0,2026-06-19
Aaron Jones Sr.,RB,MIN,119.53,11.17,98.0,147.0,2026-06-19
Jake Ferguson,TE,DAL,120.49,8.72,104.0,143.0,2026-06-19
Jordan Addison,WR,MIN,121.88,8.42,102.0,146.0,2026-06-19
Dalton Kincaid,TE,BUF,123.8,10.85,106.0,161.0,2026-06-19
Blake Corum,RB,LAR,124.22,9.0,105.0,145.0,2026-06-19
J.K. Dobbins,RB,DEN,124.84,13.36,103.0,163.0,2026-06-19
Jayden Reed,WR,GB,126.22,9.93,101.0,146.0,2026-06-19
Quentin Johnston,WR,LAC,127.06,11.2,95.0,149.0,2026-06-19
Khalil Shakir,WR,BUF,127.75,9.65,101.0,144.0,2026-06-19
Michael Penix Jr.,QB,ATL,130.69,38.04,83.0,278.0,2026-06-19
Rachaad White,RB,WAS,131.31,13.02,87.0,159.0,2026-06-19
George Kittle,TE,SF,131.51,19.67,78.0,197.0,2026-06-19
Jayden Higgins,WR,HOU,131.86,8.5,109.0,152.0,2026-06-19
Dallas Goedert,TE,PHI,133.31,13.72,101.0,161.0,2026-06-19
Isaiah Likely,TE,NYG,136.06,25.99,94.0,230.0,2026-06-19
Jacory Croskey-Merritt,RB,WAS,137.24,14.37,120.0,217.0,2026-06-19
Xavier Worthy,WR,KC,137.65,13.27,88.0,171.0,2026-06-19
Tua Tagovailoa,QB,ATL,137.92,27.48,70.0,183.0,2026-06-19
Tyrone Tracy Jr.,RB,NYG,140.29,10.38,111.0,159.0,2026-06-19
KC Concepcion,WR,CLE,140.92,29.08,100.0,268.0,2026-06-19
Romeo Doubs,WR,NE,142.33,13.2,110.0,175.0,2026-06-19
Jordan Mason,RB,MIN,142.84,9.97,119.0,166.0,2026-06-19
Tyler Allgeier,RB,ARI,143.25,15.66,116.0,205.0,2026-06-19
Jalen Coker,WR,CAR,143.53,12.58,123.0,191.0,2026-06-19
Zach Charbonnet,RB,SEA,145.88,18.72,99.0,200.0,2026-06-19
Woody Marks,RB,HOU,145.96,17.3,111.0,204.0,2026-06-19
Mark Andrews,TE,BAL,147.27,15.87,108.0,174.0,2026-06-19
Matthew Golden,WR,GB,149.27,15.87,114.0,190.0,2026-06-19
Juwan Johnson,TE,NO,150.69,15.15,125.0,190.0,2026-06-19
Tyjae Spears,RB,TEN,151.8,8.39,114.0,176.0,2026-06-19
Oronde Gadsden II,TE,LAC,152.55,30.59,113.0,227.0,2026-06-19
Shedeur Sanders,QB,CLE,153.18,38.93,83.0,268.0,2026-06-19
Alvin Kamara,RB,NO,153.69,14.11,119.0,213.0,2026-06-19
J.J. McCarthy,QB,MIN,154.0,53.2,70.0,282.0,2026-06-19
Jonathon Brooks,RB,CAR,154.43,35.93,110.0,320.0,2026-06-19
Dylan Sampson,RB,CLE,154.63,10.15,132.0,194.0,2026-06-19
Brenton Strange,TE,JAC,154.84,19.77,113.0,197.0,2026-06-19
Chris Rodriguez Jr.,RB,JAC,156.31,21.6,129.0,218.0,2026-06-19
Jauan Jennings,WR,MIN,156.35,24.59,109.0,243.0,2026-06-19
Isiah Pacheco,RB,DET,157.51,8.93,127.0,171.0,2026-06-19
Jerry Jeudy,WR,CLE,159.2,10.97,146.0,186.0,2026-06-19
Deshaun Watson,QB,CLE,159.87,40.87,87.0,277.0,2026-06-19
Rashid Shaheed,WR,SEA,160.49,8.46,145.0,176.0,2026-06-19
Denzel Boston,WR,CLE,160.59,23.02,138.0,269.0,2026-06-19
Stefon Diggs,WR,FA,162.57,34.91,101.0,297.0,2026-06-19
James Conner,RB,ARI,163.24,30.15,85.0,271.0,2026-06-19
Travis Hunter,WR,JAC,163.68,23.77,109.0,236.0,2026-06-19
Omar Cooper Jr.,WR,NYJ,164.22,28.24,122.0,272.0,2026-06-19
Deebo Samuel Sr.,WR,FA,164.9,25.11,129.0,269.0,2026-06-19
Hunter Henry,TE,NE,167.41,11.89,136.0,196.0,2026-06-19
Keaton Mitchell,RB,LAC,168.18,18.21,141.0,226.0,2026-06-19
Kirk Cousins,QB,LV,169.12,33.65,87.0,287.0,2026-06-19
Jonah Coleman,RB,DEN,170.94,33.53,139.0,334.0,2026-06-19
Braelon Allen,RB,NYJ,172.24,23.64,132.0,277.0,2026-06-19
Adonai Mitchell,WR,NYJ,173.92,19.21,149.0,237.0,2026-06-19
Chig Okonkwo,TE,WAS,174.22,29.2,118.0,230.0,2026-06-19
Dalton Schultz,TE,HOU,174.45,18.88,126.0,206.0,2026-06-19
Jalen McMillan,WR,TB,175.8,16.53,147.0,239.0,2026-06-19
Brian Robinson Jr.,RB,ATL,176.18,13.2,163.0,217.0,2026-06-19
Tre' Harris,WR,LAC,176.98,18.71,140.0,263.0,2026-06-19
Brandon Aiyuk,WR,SF,178.41,25.63,142.0,260.0,2026-06-19
Kayshon Boutte,WR,NE,179.12,15.05,151.0,222.0,2026-06-19
Marcus Mariota,QB,WAS,180.0,0.0,180.0,180.0,2026-06-19
Mac Jones,QB,SF,180.13,45.46,127.0,284.0,2026-06-19
Emanuel Wilson,RB,SEA,180.98,23.33,132.0,226.0,2026-06-19
Joe Milton III,QB,DAL,182.0,0.0,182.0,182.0,2026-06-19
Emmett Johnson,RB,KC,182.29,29.89,145.0,286.0,2026-06-19
Troy Franklin,WR,DEN,182.78,20.83,146.0,234.0,2026-06-19
Tank Bigsby,RB,PHI,183.65,22.36,141.0,276.0,2026-06-19
Tre Tucker,WR,LV,183.76,17.63,139.0,260.0,2026-06-19
Antonio Williams,WR,WAS,183.93,29.47,140.0,285.0,2026-06-19
Riley Leonard,QB,IND,184.0,0.0,184.0,184.0,2026-06-19
Justin Fields,QB,KC,185.2,67.32,86.0,298.0,2026-06-19
T.J. Hockenson,TE,MIN,187.25,13.14,142.0,223.0,2026-06-19
Hunter Renfrow,WR,FA,188.0,0.0,188.0,188.0,2026-06-19
Jaylin Noel,WR,HOU,188.68,21.17,158.0,256.0,2026-06-19
Kimani Vidal,RB,LAC,189.18,18.84,150.0,223.0,2026-06-19
Ryan Flournoy,WR,DAL,190.39,15.04,163.0,245.0,2026-06-19
Calvin Ridley,WR,TEN,191.59,17.69,147.0,236.0,2026-06-19
Tyreek Hill,WR,FA,192.19,37.73,124.0,296.0,2026-06-19
Pat Bryant,WR,DEN,193.1,14.92,174.0,248.0,2026-06-19
Sean Tucker,RB,TB,193.12,18.96,152.0,238.0,2026-06-19
AJ Barner,TE,SEA,196.1,16.67,142.0,227.0,2026-06-19
Darnell Mooney,WR,NYG,196.2,16.95,160.0,256.0,2026-06-19
Mike Washington Jr.,RB,LV,196.56,27.4,162.0,282.0,2026-06-19
Kenyon Sadiq,TE,NYJ,196.6,24.53,142.0,306.0,2026-06-19
Isaac TeSlaa,WR,DET,197.31,18.02,173.0,270.0,2026-06-19
Ray Davis,RB,BUF,198.4,19.76,159.0,288.0,2026-06-19
Chimere Dike,WR,TEN,198.76,28.54,149.0,266.0,2026-06-19
Carson Beck,QB,ARI,200.0,16.0,184.0,216.0,2026-06-19
Dontayvion Wicks,WR,PHI,202.35,14.28,169.0,252.0,2026-06-19
Ty Simpson,QB,LAR,202.89,38.42,182.0,297.0,2026-06-19
Kaytron Allen,RB,WAS,203.58,31.97,159.0,283.0,2026-06-19
Nicholas Singleton,RB,TEN,204.63,34.12,146.0,322.0,2026-06-19
Jalen Nailor,WR,LV,206.19,33.0,155.0,270.0,2026-06-19
Jaylen Wright,RB,MIA,206.39,16.78,164.0,255.0,2026-06-19
Anthony Richardson Sr.,QB,IND,207.0,49.12,177.0,292.0,2026-06-19
Gunnar Helm,TE,TEN,207.25,20.44,172.0,300.0,2026-06-19
Elic Ayomanor,WR,TEN,210.65,27.92,170.0,295.0,2026-06-19
Greg Dulcich,TE,MIA,212.24,33.7,136.0,273.0,2026-06-19
Tank Dell,WR,HOU,212.71,18.72,186.0,289.0,2026-06-19
Germie Bernard,WR,PIT,213.53,27.95,160.0,284.0,2026-06-19
Malik Washington,WR,MIA,214.16,27.63,157.0,273.0,2026-06-19
Chris Bell,WR,MIA,214.38,24.45,168.0,276.0,2026-06-19
Cooper Kupp,WR,SEA,214.86,20.05,171.0,265.0,2026-06-19
Sterling Shepard,WR,FA,215.0,0.0,215.0,215.0,2026-06-19
David Njoku,TE,LAC,218.25,14.7,181.0,254.0,2026-06-19
De'Zhaun Stribling,WR,SF,218.89,26.48,178.0,305.0,2026-06-19
Rashod Bateman,WR,BAL,220.16,17.95,193.0,263.0,2026-06-19
Terrance Ferguson,TE,LAR,221.3,20.4,194.0,329.0,2026-06-19
Jack Bech,WR,LV,222.69,25.01,147.0,311.0,2026-06-19
Devin Neal,RB,NO,223.1,27.42,176.0,322.0,2026-06-19
Trey Benson,RB,ARI,223.43,41.63,132.0,300.0,2026-06-19
Ollie Gordon II,RB,MIA,223.58,16.36,172.0,287.0,2026-06-19
Zachariah Branch,WR,ATL,224.23,20.43,183.0,281.0,2026-06-19
Pat Freiermuth,TE,PIT,225.04,16.59,174.0,279.0,2026-06-19
Keon Coleman,WR,BUF,225.11,21.04,181.0,274.0,2026-06-19
Kaleb Johnson,RB,PIT,226.55,33.11,156.0,314.0,2026-06-19
Cade Otton,TE,TB,227.25,10.77,200.0,257.0,2026-06-19
Marvin Mims Jr.,WR,DEN,228.45,21.38,195.0,272.0,2026-06-19
Christian Kirk,WR,SF,228.81,22.88,175.0,288.0,2026-06-19
Ted Hurst III,WR,TB,229.09,25.59,174.0,285.0,2026-06-19
Isaiah Davis,RB,NYJ,229.45,21.1,192.0,289.0,2026-06-19
Mason Taylor,TE,NYJ,230.37,26.34,182.0,316.0,2026-06-19
Colby Parkinson,TE,LAR,230.4,15.64,175.0,267.0,2026-06-19
Justice Hill,RB,BAL,230.56,29.95,156.0,276.0,2026-06-19
Anthony Miller,WR,FA,231.0,0.0,231.0,231.0,2026-06-19
Elijah Sarratt,WR,BAL,232.32,21.19,176.0,288.0,2026-06-19
Malachi Fields,WR,NYG,232.5,30.23,194.0,335.0,2026-06-19
Demond Claiborne,RB,MIN,232.81,28.38,179.0,287.0,2026-06-19
Tory Horton,WR,SEA,233.04,20.14,166.0,287.0,2026-06-19
Evan Engram,TE,DEN,234.16,13.39,184.0,257.0,2026-06-19
Mack Hollins,WR,NE,234.41,30.19,177.0,328.0,2026-06-19
Alexander Mattison,RB,FA,235.0,0.0,235.0,235.0,2026-06-19
Xavier Legette,WR,CAR,235.12,26.51,193.0,288.0,2026-06-19
Theo Johnson,TE,NYG,235.61,27.06,161.0,289.0,2026-06-19
Kyle Williams,WR,NE,235.65,27.68,191.0,336.0,2026-06-19
Chris Brazzell II,WR,CAR,235.82,22.86,180.0,287.0,2026-06-19
Eli Stowers,TE,PHI,236.23,27.81,172.0,332.0,2026-06-19
Ty Johnson,RB,BUF,237.89,19.64,207.0,327.0,2026-06-19
Keenan Allen,WR,LAC,239.02,21.45,171.0,263.0,2026-06-19
MarShawn Lloyd,RB,GB,240.32,32.44,165.0,289.0,2026-06-19
Kendre Miller,RB,NO,240.83,32.36,179.0,322.0,2026-06-19
Najee Harris,RB,LAC,241.52,24.53,185.0,278.0,2026-06-19
Darius Slayton,WR,NYG,242.42,30.27,178.0,344.0,2026-06-19
Chris Brooks,RB,GB,243.38,25.99,180.0,279.0,2026-06-19
Brashard Smith,RB,KC,243.6,23.36,212.0,326.0,2026-06-19
Kaelon Black,RB,SF,243.61,35.74,184.0,296.0,2026-06-19
Jake Tonges,TE,SF,244.91,22.66,193.0,315.0,2026-06-19
Jaydon Blue,RB,DAL,244.94,22.75,182.0,303.0,2026-06-19
Mike Gesicki,TE,CIN,245.19,18.55,206.0,290.0,2026-06-19
DJ Giddens,RB,IND,245.62,20.87,202.0,294.0,2026-06-19
Skyler Bell,WR,BUF,245.84,27.5,201.0,332.0,2026-06-19
Joe Flacco,QB,CIN,246.0,50.0,196.0,296.0,2026-06-19
Brandin Cooks,WR,FA,246.0,46.63,187.0,301.0,2026-06-19
Albert Okwuegbunam Jr.,TE,LV,247.0,0.0,247.0,247.0,2026-06-19
LeQuint Allen Jr.,RB,JAC,247.76,26.48,180.0,318.0,2026-06-19
Andrei Iosivas,WR,CIN,247.78,25.22,201.0,306.0,2026-06-19
Jordan Waters,RB,LAR,248.0,0.0,248.0,248.0,2026-06-19
George Holani,RB,SEA,248.33,21.14,201.0,281.0,2026-06-19
Devaughn Vele,WR,NO,248.34,24.04,198.0,329.0,2026-06-19
Jaleel McLaughlin,RB,DEN,249.5,25.23,175.0,296.0,2026-06-19
Diontae Johnson,WR,FA,250.5,60.5,190.0,311.0,2026-06-19
Jerome Ford,RB,WAS,250.98,19.16,199.0,286.0,2026-06-19
Ja'Kobi Lane,WR,BAL,251.0,23.8,193.0,305.0,2026-06-19
Jordan James,RB,SF,251.07,33.02,172.0,339.0,2026-06-19
Theo Wease Jr.,WR,MIA,252.33,100.55,114.0,350.0,2026-06-19
Tyquan Thornton,WR,KC,252.47,26.04,173.0,330.0,2026-06-19
Adam Randall,RB,BAL,252.73,25.58,211.0,291.0,2026-06-19
Zay Jones,WR,FA,253.0,0.0,253.0,253.0,2026-06-19
Malik Davis,RB,DAL,253.63,16.25,229.0,292.0,2026-06-19
Raheem Mostert,RB,LV,253.67,37.95,200.0,281.0,2026-06-19
Konata Mumpfield,WR,LAR,254.15,19.68,219.0,310.0,2026-06-19
Samaje Perine,RB,CIN,255.51,33.1,163.0,345.0,2026-06-19
Joe Mixon,RB,FA,257.2,37.88,162.0,303.0,2026-06-19
Clyde Edwards-Helaire,RB,FA,258.0,0.0,258.0,258.0,2026-06-19
Hollywood Brown,WR,PHI,258.75,18.1,223.0,327.0,2026-06-19
Devin Singletary,RB,NYG,259.36,19.02,182.0,293.0,2026-06-19
Brittain Brown,RB,CHI,261.0,0.0,261.0,261.0,2026-06-19
Seth McGowan,RB,IND,262.82,22.86,224.0,322.0,2026-06-19
Max Klare,TE,LAR,263.78,17.69,240.0,310.0,2026-06-19
Alec Ingold,RB,LAC,264.0,50.0,214.0,314.0,2026-06-19
DeAndre Hopkins,WR,BAL,264.67,98.91,137.0,378.0,2026-06-19
Ameer Abdullah,RB,JAC,265.0,0.0,265.0,265.0,2026-06-19
Isaac Guerendo,RB,SF,265.5,23.46,215.0,347.0,2026-06-19
Mitch Tinsley,WR,CIN,265.5,0.5,265.0,266.0,2026-06-19
Isaiah Bond,WR,CLE,266.13,27.62,221.0,334.0,2026-06-19
Tyler Lockett,WR,LV,266.33,65.85,183.0,344.0,2026-06-19
Darnell Washington,TE,PIT,267.0,26.62,227.0,330.0,2026-06-19
Jalen Royals,WR,KC,268.32,25.42,221.0,333.0,2026-06-19
Cedric Tillman,WR,CLE,268.61,20.45,243.0,339.0,2026-06-19
Emari Demercado,RB,KC,269.48,17.98,213.0,321.0,2026-06-19
Jarquez Hunter,RB,LAR,269.92,17.8,229.0,314.0,2026-06-19
Bryce Lance,WR,NO,270.93,31.78,204.0,328.0,2026-06-19
Tez Johnson,WR,TB,270.93,21.32,237.0,325.0,2026-06-19
Patrick Ricard,RB,NYG,271.0,46.0,225.0,317.0,2026-06-19
Calvin Austin III,WR,NYG,271.52,32.23,230.0,342.0,2026-06-19
Tyler Higbee,TE,LAR,272.12,31.1,203.0,317.0,2026-06-19
Bam Knight,RB,ARI,272.23,28.37,214.0,335.0,2026-06-19
Trevor Etienne,RB,CAR,272.5,10.71,249.0,294.0,2026-06-19
Rasheen Ali,RB,BAL,273.0,14.0,259.0,287.0,2026-06-19
Elijah Dotson,RB,FA,273.0,0.0,273.0,273.0,2026-06-19
Tahj Brooks,RB,CIN,273.37,14.15,243.0,324.0,2026-06-19
Jahan Dotson,WR,ATL,274.79,32.0,186.0,328.0,2026-06-19
Audric Estime,RB,NO,274.81,20.54,216.0,323.0,2026-06-19
Jalen Tolbert,WR,MIA,275.13,33.76,203.0,329.0,2026-06-19
Olamide Zaccheaus,WR,ATL,275.28,26.69,233.0,351.0,2026-06-19
Ashton Dulin,WR,IND,276.0,7.0,269.0,283.0,2026-06-19
Luke McCaffrey,WR,WAS,276.13,24.89,244.0,331.0,2026-06-19
Oscar Delp,TE,NO,276.17,22.99,246.0,316.0,2026-06-19
Dont'e Thornton Jr.,WR,LV,276.83,28.19,241.0,334.0,2026-06-19
Michael Mayer,TE,LV,276.91,25.65,242.0,322.0,2026-06-19
Kareem Hunt,RB,FA,278.1,22.93,225.0,352.0,2026-06-19
Jakobie Keeney-James,WR,FA,279.0,0.0,279.0,279.0,2026-06-19
Caleb Douglas,WR,MIA,279.14,37.61,221.0,336.0,2026-06-19
Will Shipley,RB,PHI,280.0,12.74,258.0,306.0,2026-06-19
Khalil Herbert,RB,FA,280.0,29.53,246.0,318.0,2026-06-19
Tim Patrick,WR,NYJ,281.0,0.0,281.0,281.0,2026-06-19
Joshua Palmer,WR,BUF,281.41,35.52,199.0,337.0,2026-06-19
Xavier Hutchinson,WR,HOU,282.44,26.4,250.0,350.0,2026-06-19
Ja'Tavion Sanders,TE,CAR,282.92,27.32,237.0,323.0,2026-06-19
Noah Gray,TE,KC,284.11,23.7,241.0,325.0,2026-06-19
Eli Heidenreich,RB,PIT,284.8,36.17,235.0,343.0,2026-06-19
Miles Sanders,RB,FA,286.0,87.0,199.0,373.0,2026-06-19
Elijah Arroyo,TE,SEA,286.06,27.34,244.0,331.0,2026-06-19
Treylon Burks,WR,WAS,286.3,40.28,201.0,334.0,2026-06-19
Xavier Smith,WR,LAR,286.33,40.61,234.0,333.0,2026-06-19
Max Bredeson,RB,MIN,287.5,36.5,251.0,324.0,2026-06-19
Kyle Juszczyk,RB,SF,287.75,40.63,220.0,323.0,2026-06-19
Jeremy McNichols,RB,WAS,288.0,0.0,288.0,288.0,2026-06-19
John Bates,TE,WAS,288.63,36.16,246.0,359.0,2026-06-19
Nick Chubb,RB,FA,288.75,15.11,271.0,318.0,2026-06-19
Justin Joly,TE,DEN,288.91,27.42,233.0,327.0,2026-06-19
AJ Dillon,RB,CAR,289.0,5.0,284.0,294.0,2026-06-19
J'Mari Taylor,RB,JAC,289.1,20.18,264.0,338.0,2026-06-19
DeMario Douglas,WR,NE,289.13,33.99,230.0,353.0,2026-06-19
KaVontae Turpin,WR,DAL,289.14,43.42,241.0,362.0,2026-06-19
Kalif Raymond,WR,CHI,289.25,31.16,242.0,337.0,2026-06-19
Kevin Austin Jr.,WR,NO,289.5,50.5,239.0,340.0,2026-06-19
Tommy Myers,TE,FA,289.63,36.75,250.0,355.0,2026-06-19
Brenen Thompson,WR,LAC,289.85,24.25,235.0,326.0,2026-06-19
Sincere McCormick,RB,SF,290.0,0.0,290.0,290.0,2026-06-19
Kalel Mullings,RB,TEN,290.0,0.0,290.0,290.0,2026-06-19
John Metchie III,WR,CAR,291.38,33.71,245.0,348.0,2026-06-19
Reggie Gilliam,RB,NE,291.5,30.5,261.0,322.0,2026-06-19
Cole Kmet,TE,CHI,292.0,27.81,243.0,339.0,2026-06-19
Dawson Knox,TE,BUF,292.75,29.54,240.0,336.0,2026-06-19
Jacardia Wright,RB,SEA,293.0,0.0,293.0,293.0,2026-06-19
Jawhar Jordan,RB,HOU,293.83,44.71,168.0,338.0,2026-06-19
Cash Jones,RB,ATL,294.0,0.0,294.0,294.0,2026-06-19
Michael Carter,RB,TEN,294.14,27.02,258.0,347.0,2026-06-19
Xavier Restrepo,WR,TEN,295.0,2.0,293.0,297.0,2026-06-19
Jameis Winston,QB,NYG,295.0,0.0,295.0,295.0,2026-06-19
Myles Price,WR,MIN,295.0,0.0,295.0,295.0,2026-06-19
Kendrick Bourne,WR,ARI,295.75,45.71,203.0,374.0,2026-06-19
Jaret Patterson,RB,LAC,297.0,41.0,256.0,338.0,2026-06-19
Zach Ertz,TE,FA,297.25,43.72,225.0,340.0,2026-06-19
Jaylin Lane,WR,WAS,297.29,26.93,261.0,345.0,2026-06-19
Austin Ekeler,RB,FA,298.38,26.15,270.0,349.0,2026-06-19
Kenny McIntosh,RB,SEA,299.0,0.0,299.0,299.0,2026-06-19
Montorie Foster Jr.,WR,SEA,299.0,0.0,299.0,299.0,2026-06-19
Nate Boerkircher,TE,JAC,299.0,1.0,298.0,300.0,2026-06-19
Tutu Atwell,WR,MIA,299.45,37.17,241.0,354.0,2026-06-19
Raheim Sanders,RB,CLE,300.0,22.78,271.0,342.0,2026-06-19
Julian Fleming,WR,FA,300.0,0.0,300.0,300.0,2026-06-19
Miles Davis,RB,CAR,300.0,0.0,300.0,300.0,2026-06-19
Jonnu Smith,TE,FA,300.5,46.83,240.0,358.0,2026-06-19
Elijah Moore,WR,PHI,300.5,34.5,266.0,335.0,2026-06-19
Myles Gaskin,RB,FA,301.0,0.0,301.0,301.0,2026-06-19
Michael Woods II,WR,DEN,301.0,0.0,301.0,301.0,2026-06-19
Devontez Walker,WR,BAL,301.0,65.82,218.0,379.0,2026-06-19
Terrell Jennings,RB,NE,301.29,27.66,274.0,343.0,2026-06-19
Hunter Luepke,RB,DAL,301.5,46.5,255.0,348.0,2026-06-19
Nate Adkins,TE,DEN,302.0,0.0,302.0,302.0,2026-06-19
Van Jefferson,WR,WAS,302.0,0.0,302.0,302.0,2026-06-19
Josh Reynolds,WR,FA,302.0,0.0,302.0,302.0,2026-06-19
Tai Felton,WR,MIN,302.67,59.22,242.0,383.0,2026-06-19
Tanner Hudson,TE,CIN,303.0,0.0,303.0,303.0,2026-06-19
Moliki Matavao,TE,NO,303.0,0.0,303.0,303.0,2026-06-19
Jahdae Walker,WR,CHI,303.0,15.0,288.0,318.0,2026-06-19
Darren Waller,TE,FA,303.63,29.03,250.0,344.0,2026-06-19
Russell Gage Jr.,WR,FA,304.0,0.0,304.0,304.0,2026-06-19
Julius Chestnut,RB,TEN,304.0,0.0,304.0,304.0,2026-06-19
Adam Prentice,RB,DEN,304.0,40.0,264.0,344.0,2026-06-19
Ty Chandler,RB,NO,304.0,23.79,279.0,336.0,2026-06-19
Antonio Gibson,RB,FA,304.67,29.55,276.0,363.0,2026-06-19
Austin Hooper,TE,ATL,305.0,26.44,286.0,350.0,2026-06-19
Quez Watkins,WR,PHI,305.0,0.0,305.0,305.0,2026-06-19
Donovan Edwards,RB,MIA,305.0,0.0,305.0,305.0,2026-06-19
Sam Roush,TE,CHI,305.5,1.5,304.0,307.0,2026-06-19
Dameon Pierce,RB,PHI,305.5,19.4,277.0,342.0,2026-06-19
Jared Wiley,TE,KC,306.0,0.0,306.0,306.0,2026-06-19
Michael Briscoe,WR,MIN,306.0,0.0,306.0,306.0,2026-06-19
Nick Westbrook-Ikhine,WR,IND,307.5,33.02,237.0,343.0,2026-06-19
Michael Bandy,WR,DEN,308.0,0.0,308.0,308.0,2026-06-19
Kendric Pryor,WR,CIN,308.0,0.0,308.0,308.0,2026-06-19
Will Kacmarek,TE,MIA,309.0,0.0,309.0,309.0,2026-06-19
Phil Mafah,RB,DAL,309.6,38.95,246.0,342.0,2026-06-19
Savion Williams,WR,GB,309.67,34.32,260.0,372.0,2026-06-19
Drew Sample,TE,CIN,310.0,0.0,310.0,310.0,2026-06-19
Eli Raridon,TE,NE,310.55,38.28,255.0,375.0,2026-06-19
Dylan Laube,RB,LV,310.67,32.26,268.0,346.0,2026-06-19
Roschon Johnson,RB,CHI,311.0,14.9,299.0,332.0,2026-06-19
Mecole Hardman Jr.,WR,BUF,311.0,0.0,311.0,311.0,2026-06-19
Isaiah Williams,WR,FA,311.0,0.0,311.0,311.0,2026-06-19
Ben Sinnott,TE,WAS,311.63,21.63,272.0,346.0,2026-06-19
Jam Miller,RB,NE,312.25,12.7,296.0,327.0,2026-06-19
JuJu Smith-Schuster,WR,NYG,312.5,7.5,305.0,320.0,2026-06-19
Durham Smythe,TE,BAL,312.5,0.5,312.0,313.0,2026-06-19
Kevin Coleman Jr.,WR,MIA,313.0,43.06,224.0,351.0,2026-06-19
Greg Dortch,WR,DET,313.8,28.19,267.0,345.0,2026-06-19
Daniel Bellinger,TE,TEN,314.0,23.08,262.0,335.0,2026-06-19
Miles Kitselman,TE,DET,314.0,0.0,314.0,314.0,2026-06-19
Josh Oliver,TE,MIN,315.0,2.94,312.0,319.0,2026-06-19
Tyler Badie,RB,DEN,315.0,29.03,275.0,343.0,2026-06-19
CJ Daniels,WR,LAR,315.2,27.77,281.0,349.0,2026-06-19
Zavion Thomas,WR,CHI,315.6,43.41,258.0,370.0,2026-06-19
Marlin Klein,TE,HOU,315.8,13.38,290.0,329.0,2026-06-19
Michael Burton,RB,CLE,316.0,0.0,316.0,316.0,2026-06-19
Cam Akers,RB,FA,317.0,49.0,268.0,366.0,2026-06-19
Adam Trautman,TE,DEN,317.0,4.0,313.0,321.0,2026-06-19
Noah Fant,TE,NO,317.4,19.18,293.0,348.0,2026-06-19
Tyler Goodson,RB,ATL,317.5,26.5,291.0,344.0,2026-06-19
Erick All Jr.,TE,CIN,318.67,14.82,298.0,332.0,2026-06-19
Damien Martinez,RB,GB,318.8,26.16,275.0,348.0,2026-06-19
Ronnie Rivers,RB,LAR,319.0,1.0,318.0,320.0,2026-06-19
Michael Wortham,WR,JAC,319.0,0.0,319.0,319.0,2026-06-19
Jordan Whittington,WR,LAR,319.0,39.95,258.0,371.0,2026-06-19
Royce Freeman,RB,FA,319.0,0.0,319.0,319.0,2026-06-19
Tommy Tremble,TE,CAR,319.13,19.41,297.0,350.0,2026-06-19
Luke Musgrave,TE,GB,320.2,15.59,293.0,345.0,2026-06-19
Tyler Conklin,TE,DET,321.0,0.0,321.0,321.0,2026-06-19
Dyami Brown,WR,WAS,321.6,40.92,265.0,382.0,2026-06-19
Ronnie Bell,WR,NO,323.0,16.0,307.0,339.0,2026-06-19
Zamir White,RB,LV,323.0,0.0,323.0,323.0,2026-06-19
Noah Whittington,RB,HOU,323.0,0.0,323.0,323.0,2026-06-19
Braxton Berrios,WR,NYG,324.0,0.0,324.0,324.0,2026-06-19
British Brooks,RB,HOU,324.0,0.0,324.0,324.0,2026-06-19
Mitchell Evans,TE,CAR,324.33,18.79,301.0,347.0,2026-06-19
Deion Burks,WR,IND,324.33,30.4,294.0,381.0,2026-06-19
Jack Endries,TE,CIN,324.5,9.5,315.0,334.0,2026-06-19
Zavier Scott,RB,MIN,324.67,28.94,284.0,349.0,2026-06-19
Jack Stoll,TE,CLE,325.0,0.0,325.0,325.0,2026-06-19
David Sills V,WR,TB,326.0,0.0,326.0,326.0,2026-06-19
Brock Wright,TE,DET,326.5,3.5,323.0,330.0,2026-06-19
Myles Montgomery,RB,NE,327.0,15.25,307.0,344.0,2026-06-19
Charlie Kolar,TE,LAC,327.0,0.0,327.0,327.0,2026-06-19
Will Mallory,TE,IND,327.0,0.0,327.0,327.0,2026-06-19
Lil'Jordan Humphrey,WR,DEN,328.0,2.0,326.0,330.0,2026-06-19
Pierre Strong Jr.,RB,GB,328.0,0.0,328.0,328.0,2026-06-19
Luke Schoonmaker,TE,DAL,329.33,7.59,323.0,340.0,2026-06-19
Roman Wilson,WR,PIT,329.5,19.5,310.0,349.0,2026-06-19
Robert Henry Jr.,RB,WAS,330.33,11.61,314.0,340.0,2026-06-19
Matt Hibner,TE,BAL,332.0,0.0,332.0,332.0,2026-06-19
Roman Hemby,RB,LV,332.5,3.5,329.0,336.0,2026-06-19
Khalil Dinkins,TE,SF,333.0,0.0,333.0,333.0,2026-06-19
Chip Trayanum,RB,NYJ,333.0,0.0,333.0,333.0,2026-06-19
Mo Alie-Cox,TE,IND,333.0,17.0,316.0,350.0,2026-06-19
Tanner Koziol,TE,JAC,333.33,12.28,319.0,349.0,2026-06-19
Casey Washington,WR,FA,334.0,0.0,334.0,334.0,2026-06-19
Jackson Hawes,TE,BUF,334.0,11.0,323.0,345.0,2026-06-19
Malik Benson,WR,LV,335.25,19.97,308.0,364.0,2026-06-19
Demarcus Robinson,WR,SF,335.5,6.1,331.0,346.0,2026-06-19
Michael Trigg,TE,DAL,335.5,25.5,310.0,361.0,2026-06-19
Anthony Gould,WR,IND,337.0,0.0,337.0,337.0,2026-06-19
Jaydn Ott,RB,KC,339.0,0.0,339.0,339.0,2026-06-19
Julian Hill,TE,NE,339.0,0.0,339.0,339.0,2026-06-19
Elijah Higgins,TE,ARI,339.4,15.05,312.0,357.0,2026-06-19
Cyrus Allen,WR,KC,339.8,15.94,320.0,367.0,2026-06-19
Jacob Saylors,RB,DET,340.0,0.0,340.0,340.0,2026-06-19
Cedrick Wilson Jr.,WR,DET,341.0,0.0,341.0,341.0,2026-06-19
Velus Jones Jr.,WR,SEA,342.0,0.0,342.0,342.0,2026-06-19
Antwane Wells Jr.,WR,ATL,342.0,43.0,299.0,385.0,2026-06-19
Frank Gore Jr.,RB,BUF,343.0,0.0,343.0,343.0,2026-06-19
Reggie Virgil,WR,ARI,343.0,0.0,343.0,343.0,2026-06-19
Thomas Fidone II,TE,NYG,343.5,25.5,318.0,369.0,2026-06-19
Isaiah Hodgins,WR,NYG,344.0,0.0,344.0,344.0,2026-06-19
KeAndre Lambert-Smith,WR,LAC,346.0,0.0,346.0,346.0,2026-06-19
Tip Reiman,TE,ARI,348.0,0.0,348.0,348.0,2026-06-19
Desmond Reid,RB,BUF,348.0,0.0,348.0,348.0,2026-06-19
Skyy Moore,WR,GB,351.0,0.0,351.0,351.0,2026-06-19
Jimmy Horn Jr.,WR,CAR,352.0,0.0,352.0,352.0,2026-06-19
Will Dissly,TE,FA,356.0,0.0,356.0,356.0,2026-06-19
Marquez Valdes-Scantling,WR,DAL,360.0,0.0,360.0,360.0,2026-06-19
Gus Edwards,RB,FA,365.0,0.0,365.0,365.0,2026-06-19
Taysom Hill,TE,FA,368.0,0.0,368.0,368.0,2026-06-19
Curtis Samuel,WR,FA,376.0,0.0,376.0,376.0,2026-06-19
Jacob Cowing,WR,SF,377.0,0.0,377.0,377.0,2026-06-19
Gabe Davis,WR,FA,380.0,0.0,380.0,380.0,2026-06-19
Jermaine Burton,WR,FA,384.0,0.0,384.0,384.0,2026-06-19
Elijah Mitchell,RB,PHI,386.0,0.0,386.0,386.0,2026-06-19
Trey Sermon,RB,FA,387.0,0.0,387.0,387.0,2026-06-19
Ja'Quinden Jackson,RB,FA,388.0,0.0,388.0,388.0,2026-06-19
Josh Allen,QB,BUF,1.05,0.22,1.0,2.0,2026-06-12
Lamar Jackson,QB,BAL,2.63,0.93,2.0,5.0,2026-06-12
Drake Maye,QB,NE,3.15,1.41,1.0,9.0,2026-06-12
Joe Burrow,QB,CIN,4.51,1.61,2.0,9.0,2026-06-12
Jayden Daniels,QB,WAS,6.34,3.52,3.0,19.0,2026-06-12
Jalen Hurts,QB,PHI,6.76,2.94,2.0,16.0,2026-06-12
Ja'Marr Chase,WR,CIN,6.8,1.89,6.0,12.0,2026-06-12
Puka Nacua,WR,LAR,10.88,2.27,6.0,21.0,2026-06-12
Bijan Robinson,RB,ATL,11.1,1.51,10.0,15.0,2026-06-12
Jahmyr Gibbs,RB,DET,12.12,1.86,6.0,15.0,2026-06-12
Jaxon Smith-Njigba,WR,SEA,12.27,1.43,11.0,20.0,2026-06-12
Justin Herbert,QB,LAC,12.39,6.41,5.0,30.0,2026-06-12
Caleb Williams,QB,CHI,12.85,6.01,3.0,29.0,2026-06-12
Jaxson Dart,QB,NYG,15.07,8.13,7.0,40.0,2026-06-12
Trevor Lawrence,QB,JAC,15.56,5.66,7.0,30.0,2026-06-12
Amon-Ra St. Brown,WR,DET,15.95,3.28,11.0,21.0,2026-06-12
Dak Prescott,QB,DAL,16.29,4.48,7.0,26.0,2026-06-12
Christian McCaffrey,RB,SF,17.71,7.04,10.0,45.0,2026-06-12
CeeDee Lamb,WR,DAL,19.51,4.49,14.0,35.0,2026-06-12
Justin Jefferson,WR,MIN,20.41,2.45,14.0,28.0,2026-06-12
Brock Purdy,QB,SF,20.54,5.27,10.0,38.0,2026-06-12
Drake London,WR,ATL,24.15,3.04,21.0,34.0,2026-06-12
Jonathan Taylor,RB,IND,24.34,6.32,15.0,48.0,2026-06-12
Patrick Mahomes II,QB,KC,26.37,5.44,14.0,38.0,2026-06-12
Bo Nix,QB,DEN,27.56,5.37,15.0,38.0,2026-06-12
Nico Collins,WR,HOU,28.2,5.28,23.0,51.0,2026-06-12
De'Von Achane,RB,MIA,29.95,7.71,15.0,48.0,2026-06-12
Matthew Stafford,QB,LAR,30.51,6.66,17.0,41.0,2026-06-12
Ashton Jeanty,RB,LV,31.44,7.69,15.0,48.0,2026-06-12
A.J. Brown,WR,NE,31.73,6.7,21.0,50.0,2026-06-12
Chris Olave,WR,NO,32.37,7.29,23.0,52.0,2026-06-12
George Pickens,WR,DAL,32.41,5.21,24.0,45.0,2026-06-12
Trey McBride,TE,ARI,33.34,5.68,31.0,54.0,2026-06-12
Jared Goff,QB,DET,35.59,10.31,16.0,55.0,2026-06-12
Chase Brown,RB,CIN,37.46,5.0,25.0,44.0,2026-06-12
James Cook III,RB,BUF,37.88,7.95,20.0,59.0,2026-06-12
Kyler Murray,QB,MIN,37.9,12.87,13.0,64.0,2026-06-12
Brock Bowers,TE,LV,38.22,2.38,31.0,40.0,2026-06-12
Rashee Rice,WR,KC,40.71,13.07,24.0,72.0,2026-06-12
Malik Nabers,WR,NYG,42.54,15.81,23.0,90.0,2026-06-12
Omarion Hampton,RB,LAC,43.71,8.02,28.0,65.0,2026-06-12
Tetairoa McMillan,WR,CAR,44.76,8.82,34.0,72.0,2026-06-12
Jordan Love,QB,GB,45.17,8.42,19.0,56.0,2026-06-12
Saquon Barkley,RB,PHI,45.46,6.21,33.0,65.0,2026-06-12
DeVonta Smith,WR,PHI,46.2,10.44,28.0,69.0,2026-06-12
Garrett Wilson,WR,NYJ,46.49,5.0,36.0,62.0,2026-06-12
Baker Mayfield,QB,TB,48.1,9.29,20.0,56.0,2026-06-12
Tyler Shough,QB,NO,48.66,11.42,17.0,65.0,2026-06-12
Kenneth Walker III,RB,KC,49.32,7.62,37.0,74.0,2026-06-12
Ladd McConkey,WR,LAC,50.68,8.53,28.0,76.0,2026-06-12
Malik Willis,QB,MIA,51.15,17.79,21.0,126.0,2026-06-12
Tee Higgins,WR,CIN,51.49,7.14,36.0,70.0,2026-06-12
Jeremiyah Love,RB,ARI,52.49,9.17,33.0,77.0,2026-06-12
Colston Loveland,TE,CHI,52.95,12.83,39.0,86.0,2026-06-12
Zay Flowers,WR,BAL,54.73,9.66,28.0,78.0,2026-06-12
Jaylen Waddle,WR,DEN,57.17,9.95,35.0,77.0,2026-06-12
Derrick Henry,RB,BAL,58.59,8.0,42.0,71.0,2026-06-12
Breece Hall,RB,NYJ,58.78,6.55,48.0,74.0,2026-06-12
C.J. Stroud,QB,HOU,59.95,7.69,32.0,76.0,2026-06-12
Terry McLaurin,WR,WAS,60.24,7.57,43.0,72.0,2026-06-12
Luther Burden III,WR,CHI,60.88,8.84,43.0,89.0,2026-06-12
Sam Darnold,QB,SEA,62.27,8.87,38.0,83.0,2026-06-12
Josh Jacobs,RB,GB,63.29,10.4,46.0,89.0,2026-06-12
Kyren Williams,RB,LAR,63.76,8.18,49.0,77.0,2026-06-12
Emeka Egbuka,WR,TB,64.39,9.04,35.0,82.0,2026-06-12
Travis Etienne Jr.,RB,NO,64.95,6.46,54.0,81.0,2026-06-12
Javonte Williams,RB,DAL,65.59,9.65,33.0,81.0,2026-06-12
Davante Adams,WR,LAR,67.02,8.19,53.0,93.0,2026-06-12
Cam Ward,QB,TEN,67.17,4.78,56.0,76.0,2026-06-12
Mike Evans,WR,SF,69.63,9.5,51.0,96.0,2026-06-12
Bryce Young,QB,CAR,70.76,7.39,55.0,87.0,2026-06-12
Jameson Williams,WR,DET,74.1,8.42,57.0,102.0,2026-06-12
Tyler Warren,TE,IND,75.17,11.08,47.0,93.0,2026-06-12
Daniel Jones,QB,IND,75.83,21.24,55.0,183.0,2026-06-12
Cam Skattebo,RB,NYG,76.73,8.7,58.0,92.0,2026-06-12
DJ Moore,WR,BUF,76.83,17.17,43.0,128.0,2026-06-12
Christian Watson,WR,GB,76.95,8.81,62.0,112.0,2026-06-12
Bucky Irving,RB,TB,77.05,10.47,53.0,98.0,2026-06-12
TreVeyon Henderson,RB,NE,81.66,10.15,58.0,100.0,2026-06-12
Rome Odunze,WR,CHI,82.41,11.65,53.0,107.0,2026-06-12
Quinshon Judkins,RB,CLE,82.44,8.73,65.0,103.0,2026-06-12
D'Andre Swift,RB,CHI,85.02,7.27,74.0,98.0,2026-06-12
Jacoby Brissett,QB,ARI,85.25,15.15,56.0,127.0,2026-06-12
Carnell Tate,WR,TEN,85.78,24.46,57.0,199.0,2026-06-12
Jaylen Warren,RB,PIT,90.29,5.53,85.0,108.0,2026-06-12
Marvin Harrison Jr.,WR,ARI,91.1,12.41,71.0,133.0,2026-06-12
David Montgomery,RB,HOU,91.78,9.53,74.0,120.0,2026-06-12
Harold Fannin Jr.,TE,CLE,92.44,9.18,77.0,113.0,2026-06-12
Courtland Sutton,WR,DEN,93.9,13.07,69.0,121.0,2026-06-12
Tucker Kraft,TE,GB,93.9,10.33,76.0,121.0,2026-06-12
Bhayshul Tuten,RB,JAC,95.56,7.51,77.0,108.0,2026-06-12
DK Metcalf,WR,PIT,95.93,11.59,73.0,117.0,2026-06-12
Alec Pierce,WR,IND,95.98,12.15,75.0,121.0,2026-06-12
RJ Harvey,RB,DEN,97.29,14.63,79.0,132.0,2026-06-12
Chris Godwin Jr.,WR,TB,98.32,9.63,69.0,114.0,2026-06-12
Michael Wilson,WR,ARI,98.39,11.53,70.0,124.0,2026-06-12
Chuba Hubbard,RB,CAR,98.63,11.63,71.0,130.0,2026-06-12
Kyle Pitts Sr.,TE,ATL,100.29,8.42,86.0,115.0,2026-06-12
Jadarian Price,RB,SEA,100.53,6.65,77.0,112.0,2026-06-12
Jordyn Tyson,WR,NO,102.22,22.53,72.0,196.0,2026-06-12
Tony Pollard,RB,TEN,103.34,5.53,89.0,112.0,2026-06-12
Michael Pittman Jr.,WR,PIT,103.44,13.31,69.0,128.0,2026-06-12
Rhamondre Stevenson,RB,NE,103.49,8.08,82.0,119.0,2026-06-12
Rico Dowdle,RB,PIT,104.46,9.16,92.0,130.0,2026-06-12
Jakobi Meyers,WR,JAC,104.76,12.0,89.0,135.0,2026-06-12
Fernando Mendoza,QB,LV,105.19,31.94,76.0,192.0,2026-06-12
Sam LaPorta,TE,DET,106.05,6.35,88.0,115.0,2026-06-12
Wan'Dale Robinson,WR,TEN,106.51,9.24,89.0,130.0,2026-06-12
Brian Thomas Jr.,WR,JAC,107.15,13.85,75.0,135.0,2026-06-12
Geno Smith,QB,NYJ,109.14,31.81,70.0,184.0,2026-06-12
Makai Lemon,WR,PHI,109.44,19.5,82.0,204.0,2026-06-12
Parker Washington,WR,JAC,113.32,13.13,80.0,135.0,2026-06-12
Kyle Monangai,RB,CHI,114.15,9.29,97.0,132.0,2026-06-12
Josh Downs,WR,IND,115.9,14.92,84.0,144.0,2026-06-12
Ricky Pearsall,WR,SF,116.24,14.28,91.0,155.0,2026-06-12
Aaron Rodgers,QB,PIT,118.53,31.94,64.0,181.0,2026-06-12
Kenneth Gainwell,RB,TB,118.59,15.38,85.0,152.0,2026-06-12
Aaron Jones Sr.,RB,MIN,120.02,10.98,105.0,145.0,2026-06-12
Travis Kelce,TE,KC,120.63,19.3,93.0,189.0,2026-06-12
Jake Ferguson,TE,DAL,120.9,7.85,106.0,143.0,2026-06-12
Jordan Addison,WR,MIN,121.24,7.52,107.0,142.0,2026-06-12
Justin Fields,QB,KC,122.0,63.51,36.0,184.0,2026-06-12
Dalton Kincaid,TE,BUF,124.07,10.8,109.0,161.0,2026-06-12
J.K. Dobbins,RB,DEN,124.51,13.15,104.0,158.0,2026-06-12
Blake Corum,RB,LAR,124.54,8.4,105.0,145.0,2026-06-12
Jayden Reed,WR,GB,126.15,8.89,107.0,145.0,2026-06-12
Khalil Shakir,WR,BUF,127.37,9.28,101.0,144.0,2026-06-12
Quentin Johnston,WR,LAC,129.15,8.82,107.0,149.0,2026-06-12
George Kittle,TE,SF,130.56,17.7,106.0,197.0,2026-06-12
Jayden Higgins,WR,HOU,131.17,8.72,109.0,153.0,2026-06-12
Michael Penix Jr.,QB,ATL,131.36,40.34,83.0,278.0,2026-06-12
Rachaad White,RB,WAS,131.88,11.93,97.0,159.0,2026-06-12
Dallas Goedert,TE,PHI,134.68,13.83,101.0,161.0,2026-06-12
Jacory Croskey-Merritt,RB,WAS,136.54,14.39,120.0,217.0,2026-06-12
Isaiah Likely,TE,NYG,137.02,22.71,104.0,209.0,2026-06-12
Xavier Worthy,WR,KC,138.15,11.27,120.0,171.0,2026-06-12
KC Concepcion,WR,CLE,140.3,25.27,100.0,222.0,2026-06-12
Tua Tagovailoa,QB,ATL,140.39,28.17,70.0,182.0,2026-06-12
Tyler Allgeier,RB,ARI,141.02,12.18,116.0,168.0,2026-06-12
Tyrone Tracy Jr.,RB,NYG,141.24,8.41,120.0,157.0,2026-06-12
Jordan Mason,RB,MIN,141.41,9.34,119.0,163.0,2026-06-12
Romeo Doubs,WR,NE,142.0,13.26,110.0,175.0,2026-06-12
Jalen Coker,WR,CAR,142.56,10.85,124.0,174.0,2026-06-12
Woody Marks,RB,HOU,144.1,15.71,111.0,190.0,2026-06-12
Mark Andrews,TE,BAL,147.68,15.67,108.0,174.0,2026-06-12
Matthew Golden,WR,GB,149.17,13.34,124.0,179.0,2026-06-12
Juwan Johnson,TE,NO,149.93,15.46,125.0,190.0,2026-06-12
J.J. McCarthy,QB,MIN,150.0,55.09,70.0,277.0,2026-06-12
Oronde Gadsden II,TE,LAC,150.49,30.91,113.0,227.0,2026-06-12
Zach Charbonnet,RB,SEA,150.54,19.62,99.0,204.0,2026-06-12
Shedeur Sanders,QB,CLE,150.71,39.28,87.0,268.0,2026-06-12
Tyjae Spears,RB,TEN,150.93,9.47,114.0,176.0,2026-06-12
Jonathon Brooks,RB,CAR,151.63,28.17,113.0,229.0,2026-06-12
Alvin Kamara,RB,NO,153.02,13.36,119.0,211.0,2026-06-12
Brenton Strange,TE,JAC,153.02,20.58,113.0,197.0,2026-06-12
Chris Rodriguez Jr.,RB,JAC,154.85,20.33,129.0,211.0,2026-06-12
Dylan Sampson,RB,CLE,155.07,10.07,132.0,194.0,2026-06-12
Jauan Jennings,WR,MIN,155.77,20.46,110.0,193.0,2026-06-12
Isiah Pacheco,RB,DET,157.39,8.59,131.0,172.0,2026-06-12
Deshaun Watson,QB,CLE,159.17,45.6,87.0,282.0,2026-06-12
Jerry Jeudy,WR,CLE,159.24,10.57,146.0,186.0,2026-06-12
Stefon Diggs,WR,FA,159.81,36.56,101.0,297.0,2026-06-12
Rashid Shaheed,WR,SEA,160.88,8.12,147.0,176.0,2026-06-12
Denzel Boston,WR,CLE,161.3,18.97,140.0,221.0,2026-06-12
Omar Cooper Jr.,WR,NYJ,162.43,24.64,131.0,237.0,2026-06-12
Deebo Samuel Sr.,WR,FA,163.37,25.92,134.0,269.0,2026-06-12
James Conner,RB,ARI,164.32,28.77,105.0,271.0,2026-06-12
Travis Hunter,WR,JAC,164.95,23.05,109.0,236.0,2026-06-12
Keaton Mitchell,RB,LAC,167.29,16.29,141.0,220.0,2026-06-12
Hunter Henry,TE,NE,167.9,10.34,142.0,193.0,2026-06-12
Braelon Allen,RB,NYJ,168.37,17.22,132.0,229.0,2026-06-12
Jonah Coleman,RB,DEN,169.9,25.63,143.0,245.0,2026-06-12
Brian Robinson Jr.,RB,ATL,172.8,9.25,155.0,202.0,2026-06-12
Brandon Aiyuk,WR,SF,173.41,23.56,144.0,258.0,2026-06-12
Kirk Cousins,QB,LV,173.5,32.25,118.0,292.0,2026-06-12
Dalton Schultz,TE,HOU,174.54,17.4,136.0,206.0,2026-06-12
Adonai Mitchell,WR,NYJ,175.0,16.97,151.0,230.0,2026-06-12
Chig Okonkwo,TE,WAS,175.27,27.67,121.0,227.0,2026-06-12
Antonio Williams,WR,WAS,176.06,21.82,138.0,239.0,2026-06-12
Jalen McMillan,WR,TB,176.78,15.76,149.0,239.0,2026-06-12
Emanuel Wilson,RB,SEA,177.24,21.57,132.0,220.0,2026-06-12
Tre' Harris,WR,LAC,177.51,12.35,149.0,212.0,2026-06-12
Mac Jones,QB,SF,179.57,48.58,127.0,284.0,2026-06-12
Kayshon Boutte,WR,NE,179.63,13.48,153.0,219.0,2026-06-12
Marcus Mariota,QB,WAS,180.0,0.0,180.0,180.0,2026-06-12
Tank Bigsby,RB,PHI,180.51,14.37,152.0,211.0,2026-06-12
Emmett Johnson,RB,KC,181.03,28.01,153.0,286.0,2026-06-12
Joe Milton III,QB,DAL,182.0,0.0,182.0,182.0,2026-06-12
Troy Franklin,WR,DEN,183.71,18.88,146.0,230.0,2026-06-12
Riley Leonard,QB,IND,184.0,0.0,184.0,184.0,2026-06-12
Tre Tucker,WR,LV,184.78,18.98,139.0,260.0,2026-06-12
T.J. Hockenson,TE,MIN,185.37,13.48,142.0,216.0,2026-06-12
Jaylin Noel,WR,HOU,188.71,21.04,158.0,256.0,2026-06-12
Kimani Vidal,RB,LAC,190.1,17.34,161.0,217.0,2026-06-12
Tyreek Hill,WR,FA,190.79,38.25,133.0,296.0,2026-06-12
Ryan Flournoy,WR,DAL,191.41,14.02,165.0,245.0,2026-06-12
Kenyon Sadiq,TE,NYJ,192.71,19.6,142.0,250.0,2026-06-12
Calvin Ridley,WR,TEN,193.66,15.4,149.0,236.0,2026-06-12
Pat Bryant,WR,DEN,193.71,15.07,175.0,248.0,2026-06-12
Mike Washington Jr.,RB,LV,195.05,25.6,156.0,274.0,2026-06-12
Isaac TeSlaa,WR,DET,195.61,17.7,173.0,270.0,2026-06-12
Sean Tucker,RB,TB,196.35,18.15,152.0,238.0,2026-06-12
Darnell Mooney,WR,NYG,196.8,17.64,164.0,256.0,2026-06-12
Ray Davis,RB,BUF,197.71,15.49,168.0,232.0,2026-06-12
AJ Barner,TE,SEA,199.2,14.59,161.0,227.0,2026-06-12
Carson Beck,QB,ARI,200.0,16.0,184.0,216.0,2026-06-12
Chimere Dike,WR,TEN,200.33,29.18,149.0,266.0,2026-06-12
Kaytron Allen,RB,WAS,202.41,30.99,157.0,280.0,2026-06-12
Dontayvion Wicks,WR,PHI,202.55,11.69,174.0,230.0,2026-06-12
Nicholas Singleton,RB,TEN,204.66,32.11,147.0,277.0,2026-06-12
Ty Simpson,QB,LAR,205.25,40.13,182.0,297.0,2026-06-12
Anthony Richardson Sr.,QB,IND,205.75,46.95,177.0,287.0,2026-06-12
Gunnar Helm,TE,TEN,205.85,14.74,183.0,248.0,2026-06-12
Jalen Nailor,WR,LV,206.16,31.51,157.0,270.0,2026-06-12
Jaylen Wright,RB,MIA,207.38,17.21,166.0,250.0,2026-06-12
Chris Bell,WR,MIA,207.74,24.05,146.0,261.0,2026-06-12
Elic Ayomanor,WR,TEN,210.25,28.23,170.0,295.0,2026-06-12
Germie Bernard,WR,PIT,210.43,27.48,159.0,266.0,2026-06-12
Greg Dulcich,TE,MIA,211.8,34.62,136.0,273.0,2026-06-12
Tank Dell,WR,HOU,211.89,14.71,191.0,249.0,2026-06-12
Malik Washington,WR,MIA,214.29,27.15,157.0,269.0,2026-06-12
Cooper Kupp,WR,SEA,217.6,20.46,171.0,265.0,2026-06-12
David Njoku,TE,LAC,217.78,13.57,183.0,250.0,2026-06-12
Rashod Bateman,WR,BAL,220.4,17.25,195.0,260.0,2026-06-12
Terrance Ferguson,TE,LAR,220.61,21.74,194.0,329.0,2026-06-12
De'Zhaun Stribling,WR,SF,220.66,26.53,178.0,308.0,2026-06-12
Trey Benson,RB,ARI,220.89,41.52,138.0,299.0,2026-06-12
Zachariah Branch,WR,ATL,222.32,20.35,183.0,261.0,2026-06-12
Ollie Gordon II,RB,MIA,222.78,15.53,172.0,264.0,2026-06-12
Jack Bech,WR,LV,223.54,26.49,147.0,311.0,2026-06-12
Devin Neal,RB,NO,223.58,27.87,184.0,318.0,2026-06-12
Kaleb Johnson,RB,PIT,226.26,32.7,159.0,300.0,2026-06-12
Pat Freiermuth,TE,PIT,226.9,17.02,174.0,279.0,2026-06-12
Mason Taylor,TE,NYJ,227.59,27.51,182.0,315.0,2026-06-12
Marvin Mims Jr.,WR,DEN,227.74,21.38,195.0,272.0,2026-06-12
Cade Otton,TE,TB,227.95,9.68,205.0,257.0,2026-06-12
Keon Coleman,WR,BUF,228.11,21.57,188.0,272.0,2026-06-12
Isaiah Davis,RB,NYJ,229.7,21.55,192.0,289.0,2026-06-12
Chris Brazzell II,WR,CAR,231.07,20.69,180.0,264.0,2026-06-12
Christian Kirk,WR,SF,231.29,22.75,178.0,288.0,2026-06-12
Colby Parkinson,TE,LAR,231.53,12.44,198.0,267.0,2026-06-12
Malachi Fields,WR,NYG,231.82,30.22,201.0,335.0,2026-06-12
Elijah Sarratt,WR,BAL,232.14,20.34,176.0,292.0,2026-06-12
Evan Engram,TE,DEN,232.43,14.7,184.0,260.0,2026-06-12
Demond Claiborne,RB,MIN,232.82,29.73,180.0,287.0,2026-06-12
Ted Hurst III,WR,TB,233.79,24.36,184.0,285.0,2026-06-12
Justice Hill,RB,BAL,234.18,29.42,154.0,276.0,2026-06-12
Xavier Legette,WR,CAR,234.82,25.41,196.0,278.0,2026-06-12
Eli Stowers,TE,PHI,234.86,27.46,172.0,332.0,2026-06-12
Tory Horton,WR,SEA,235.05,17.57,205.0,286.0,2026-06-12
Kyle Williams,WR,NE,235.14,28.65,191.0,336.0,2026-06-12
Theo Johnson,TE,NYG,235.85,25.78,161.0,289.0,2026-06-12
Ty Johnson,RB,BUF,237.49,21.18,206.0,327.0,2026-06-12
Brashard Smith,RB,KC,238.34,20.71,212.0,286.0,2026-06-12
Najee Harris,RB,LAC,239.53,21.84,202.0,278.0,2026-06-12
Keenan Allen,WR,LAC,239.62,19.89,189.0,263.0,2026-06-12
Mack Hollins,WR,NE,240.28,34.2,191.0,339.0,2026-06-12
Kendre Miller,RB,NO,240.76,34.48,179.0,322.0,2026-06-12
Skyler Bell,WR,BUF,241.52,29.04,201.0,332.0,2026-06-12
MarShawn Lloyd,RB,GB,242.68,29.85,166.0,289.0,2026-06-12
Darius Slayton,WR,NYG,243.19,31.37,178.0,344.0,2026-06-12
Chris Brooks,RB,GB,244.26,25.81,173.0,279.0,2026-06-12
DJ Giddens,RB,IND,245.46,20.05,202.0,294.0,2026-06-12
Mike Gesicki,TE,CIN,245.47,17.32,206.0,273.0,2026-06-12
Kaelon Black,RB,SF,245.91,32.33,188.0,296.0,2026-06-12
Joe Flacco,QB,CIN,246.0,50.0,196.0,296.0,2026-06-12
Andrei Iosivas,WR,CIN,246.38,26.47,201.0,306.0,2026-06-12
Jaydon Blue,RB,DAL,246.55,18.52,210.0,292.0,2026-06-12
LeQuint Allen Jr.,RB,JAC,246.83,22.74,176.0,290.0,2026-06-12
Jake Tonges,TE,SF,247.56,22.91,193.0,316.0,2026-06-12
Jordan James,RB,SF,248.51,35.77,172.0,339.0,2026-06-12
Devaughn Vele,WR,NO,248.66,26.24,199.0,329.0,2026-06-12
Jaleel McLaughlin,RB,DEN,248.71,26.93,175.0,296.0,2026-06-12
George Holani,RB,SEA,250.15,18.94,214.0,281.0,2026-06-12
Adam Randall,RB,BAL,250.31,25.4,211.0,287.0,2026-06-12
Konata Mumpfield,WR,LAR,250.95,16.0,230.0,281.0,2026-06-12
Ja'Kobi Lane,WR,BAL,251.45,19.7,220.0,305.0,2026-06-12
Tyquan Thornton,WR,KC,251.8,22.23,175.0,284.0,2026-06-12
Jerome Ford,RB,WAS,251.83,16.99,212.0,286.0,2026-06-12
Raheem Mostert,RB,LV,256.5,23.5,233.0,280.0,2026-06-12
Malik Davis,RB,DAL,257.24,16.92,229.0,292.0,2026-06-12
Joe Mixon,RB,FA,257.87,34.73,163.0,303.0,2026-06-12
Samaje Perine,RB,CIN,257.92,34.24,159.0,345.0,2026-06-12
Max Klare,TE,LAR,259.59,14.82,240.0,290.0,2026-06-12
Devin Singletary,RB,NYG,259.74,16.92,211.0,293.0,2026-06-12
Hollywood Brown,WR,PHI,260.79,18.95,239.0,327.0,2026-06-12
Mitch Tinsley,WR,CIN,263.0,0.0,263.0,263.0,2026-06-12
Seth McGowan,RB,IND,263.11,21.02,224.0,296.0,2026-06-12
Alec Ingold,RB,LAC,264.0,50.0,214.0,314.0,2026-06-12
Isaiah Bond,WR,CLE,265.35,26.41,231.0,334.0,2026-06-12
Isaac Guerendo,RB,SF,265.45,22.61,215.0,322.0,2026-06-12
Jarquez Hunter,RB,LAR,266.52,19.25,229.0,314.0,2026-06-12
Darnell Washington,TE,PIT,266.78,27.06,227.0,330.0,2026-06-12
Rasheen Ali,RB,BAL,267.0,10.0,257.0,277.0,2026-06-12
Cedric Tillman,WR,CLE,267.45,21.34,243.0,336.0,2026-06-12
Dylan Laube,RB,LV,268.0,0.0,268.0,268.0,2026-06-12
Emari Demercado,RB,KC,269.0,17.25,217.0,312.0,2026-06-12
Bam Knight,RB,ARI,269.7,29.97,214.0,335.0,2026-06-12
Jalen Royals,WR,KC,270.0,23.85,236.0,333.0,2026-06-12
Bryce Lance,WR,NO,270.92,32.02,204.0,328.0,2026-06-12
Patrick Ricard,RB,NYG,271.0,46.0,225.0,317.0,2026-06-12
Calvin Austin III,WR,NYG,272.1,33.85,230.0,342.0,2026-06-12
Jahan Dotson,WR,ATL,272.33,34.85,186.0,328.0,2026-06-12
Trevor Etienne,RB,CAR,273.2,10.75,249.0,294.0,2026-06-12
Tez Johnson,WR,TB,273.43,22.56,237.0,324.0,2026-06-12
Oscar Delp,TE,NO,274.0,24.82,246.0,316.0,2026-06-12
Brandin Cooks,WR,FA,275.5,25.5,250.0,301.0,2026-06-12
Tahj Brooks,RB,CIN,275.65,16.52,243.0,324.0,2026-06-12
Ashton Dulin,WR,IND,276.0,7.0,269.0,283.0,2026-06-12
Luke McCaffrey,WR,WAS,276.16,25.57,245.0,331.0,2026-06-12
Ja'Tavion Sanders,TE,CAR,276.3,24.97,237.0,313.0,2026-06-12
Olamide Zaccheaus,WR,ATL,276.57,28.09,233.0,351.0,2026-06-12
Kyle Juszczyk,RB,SF,276.67,42.68,220.0,323.0,2026-06-12
Tyler Higbee,TE,LAR,276.85,23.67,236.0,306.0,2026-06-12
Joshua Palmer,WR,BUF,277.14,35.1,199.0,337.0,2026-06-12
Michael Mayer,TE,LV,277.3,23.77,242.0,306.0,2026-06-12
Jalen Tolbert,WR,MIA,277.82,38.33,203.0,329.0,2026-06-12
Kareem Hunt,RB,FA,278.35,19.88,243.0,352.0,2026-06-12
Audric Estime,RB,NO,279.52,18.72,252.0,323.0,2026-06-12
Eli Heidenreich,RB,PIT,279.73,34.6,223.0,343.0,2026-06-12
Dont'e Thornton Jr.,WR,LV,280.19,28.9,244.0,333.0,2026-06-12
Treylon Burks,WR,WAS,280.22,39.1,201.0,334.0,2026-06-12
Will Shipley,RB,PHI,280.25,13.47,258.0,306.0,2026-06-12
Tim Patrick,WR,NYJ,281.0,0.0,281.0,281.0,2026-06-12
Elijah Arroyo,TE,SEA,281.58,28.57,244.0,329.0,2026-06-12
Xavier Hutchinson,WR,HOU,282.67,27.3,250.0,350.0,2026-06-12
Tommy Myers,TE,FA,283.29,34.96,250.0,355.0,2026-06-12
Xavier Smith,WR,LAR,283.5,49.5,234.0,333.0,2026-06-12
Caleb Douglas,WR,MIA,284.09,33.11,230.0,334.0,2026-06-12
Kalif Raymond,WR,CHI,284.5,29.27,242.0,328.0,2026-06-12
Noah Gray,TE,KC,286.14,21.29,241.0,315.0,2026-06-12
Brenen Thompson,WR,LAC,286.3,24.87,235.0,312.0,2026-06-12
Cole Kmet,TE,CHI,286.33,29.44,243.0,339.0,2026-06-12
J'Mari Taylor,RB,JAC,286.47,20.58,264.0,338.0,2026-06-12
Max Bredeson,RB,MIN,287.5,36.5,251.0,324.0,2026-06-12
Nick Chubb,RB,FA,287.64,16.38,270.0,317.0,2026-06-12
AJ Dillon,RB,CAR,288.0,0.0,288.0,288.0,2026-06-12
Kalel Mullings,RB,TEN,290.0,0.0,290.0,290.0,2026-06-12
Justin Joly,TE,DEN,290.1,29.82,233.0,331.0,2026-06-12
Reggie Gilliam,RB,NE,291.5,30.5,261.0,322.0,2026-06-12
DeMario Douglas,WR,NE,291.69,37.38,229.0,353.0,2026-06-12
Greg Dortch,WR,DET,292.25,48.26,212.0,331.0,2026-06-12
Dawson Knox,TE,BUF,292.25,25.29,246.0,321.0,2026-06-12
John Bates,TE,WAS,293.5,34.42,246.0,359.0,2026-06-12
Cash Jones,RB,ATL,294.0,0.0,294.0,294.0,2026-06-12
Jameis Winston,QB,NYG,295.0,0.0,295.0,295.0,2026-06-12
Xavier Restrepo,WR,TEN,295.0,2.0,293.0,297.0,2026-06-12
Tutu Atwell,WR,MIA,295.2,37.27,241.0,354.0,2026-06-12
John Metchie III,WR,CAR,295.42,34.59,245.0,348.0,2026-06-12
Khalil Herbert,RB,FA,297.0,21.0,276.0,318.0,2026-06-12
Jeremy McNichols,RB,WAS,297.0,0.0,297.0,297.0,2026-06-12
Michael Carter,RB,TEN,297.94,25.73,272.0,347.0,2026-06-12
Gardner Minshew II,QB,ARI,298.0,0.0,298.0,298.0,2026-06-12
Kenny McIntosh,RB,SEA,299.0,0.0,299.0,299.0,2026-06-12
Jaylin Lane,WR,WAS,299.36,27.77,261.0,345.0,2026-06-12
Nate Boerkircher,TE,JAC,300.0,0.0,300.0,300.0,2026-06-12
Julian Fleming,WR,FA,300.0,0.0,300.0,300.0,2026-06-12
Nick Westbrook-Ikhine,WR,IND,300.2,35.03,237.0,342.0,2026-06-12
Elijah Moore,WR,PHI,300.5,34.5,266.0,335.0,2026-06-12
Austin Ekeler,RB,FA,300.7,25.92,272.0,349.0,2026-06-12
Devontez Walker,WR,BAL,301.0,65.82,218.0,379.0,2026-06-12
Hunter Luepke,RB,DAL,301.5,46.5,255.0,348.0,2026-06-12
Van Jefferson,WR,WAS,302.0,0.0,302.0,302.0,2026-06-12
CJ Daniels,WR,LAR,302.2,34.53,260.0,349.0,2026-06-12
Jawhar Jordan,RB,HOU,302.9,23.82,267.0,338.0,2026-06-12
Jahdae Walker,WR,CHI,303.0,15.0,288.0,318.0,2026-06-12
Savion Williams,WR,GB,303.71,36.01,260.0,372.0,2026-06-12
Raheim Sanders,RB,CLE,303.89,20.92,276.0,327.0,2026-06-12
Julius Chestnut,RB,TEN,304.0,0.0,304.0,304.0,2026-06-12
Adam Prentice,RB,DEN,304.0,40.0,264.0,344.0,2026-06-12
Kendrick Bourne,WR,ARI,304.56,36.03,254.0,374.0,2026-06-12
Donovan Edwards,RB,MIA,305.0,0.0,305.0,305.0,2026-06-12
Jared Wiley,TE,KC,305.0,0.0,305.0,305.0,2026-06-12
Antonio Gibson,RB,FA,305.4,32.32,276.0,363.0,2026-06-12
Ben Sinnott,TE,WAS,306.17,20.54,272.0,338.0,2026-06-12
Terrell Jennings,RB,NE,306.2,29.94,275.0,343.0,2026-06-12
Sam Roush,TE,CHI,306.5,0.5,306.0,307.0,2026-06-12
KaVontae Turpin,WR,DAL,307.0,38.97,253.0,362.0,2026-06-12
Ty Chandler,RB,NO,307.5,28.5,279.0,336.0,2026-06-12
Darren Waller,TE,FA,307.5,16.16,286.0,339.0,2026-06-12
Tyler Badie,RB,DEN,307.67,39.2,253.0,343.0,2026-06-12
Roschon Johnson,RB,CHI,307.67,17.33,293.0,332.0,2026-06-12
Tyler Lockett,WR,LV,308.0,36.0,272.0,344.0,2026-06-12
Will Kacmarek,TE,MIA,309.0,0.0,309.0,309.0,2026-06-12
Jam Miller,RB,NE,309.0,17.28,283.0,327.0,2026-06-12
Drew Sample,TE,CIN,310.0,0.0,310.0,310.0,2026-06-12
Jonnu Smith,TE,FA,310.0,50.62,240.0,358.0,2026-06-12
Kevin Coleman Jr.,WR,MIA,310.43,38.82,246.0,351.0,2026-06-12
Isaiah Williams,WR,FA,311.0,0.0,311.0,311.0,2026-06-12
Diontae Johnson,WR,FA,311.0,0.0,311.0,311.0,2026-06-12
Austin Hooper,TE,ATL,311.33,27.78,286.0,350.0,2026-06-12
Dameon Pierce,RB,PHI,311.57,17.25,289.0,342.0,2026-06-12
JuJu Smith-Schuster,WR,NYG,312.5,7.5,305.0,320.0,2026-06-12
Daniel Bellinger,TE,TEN,312.67,24.64,262.0,335.0,2026-06-12
Durham Smythe,TE,BAL,313.0,0.0,313.0,313.0,2026-06-12
Adam Trautman,TE,DEN,314.0,0.0,314.0,314.0,2026-06-12
Tommy Tremble,TE,CAR,314.33,17.88,297.0,347.0,2026-06-12
Marlin Klein,TE,HOU,314.8,15.32,285.0,329.0,2026-06-12
Josh Oliver,TE,MIN,315.0,4.0,311.0,319.0,2026-06-12
Eli Raridon,TE,NE,316.88,33.84,270.0,375.0,2026-06-12
Noah Fant,TE,NO,317.43,17.18,296.0,345.0,2026-06-12
Erick All Jr.,TE,CIN,317.67,14.38,298.0,332.0,2026-06-12
Jordan Whittington,WR,LAR,318.0,44.18,258.0,371.0,2026-06-12
Ronnie Rivers,RB,LAR,318.0,0.0,318.0,318.0,2026-06-12
Luke Musgrave,TE,GB,318.67,15.71,293.0,345.0,2026-06-12
Zach Ertz,TE,FA,320.67,15.15,303.0,340.0,2026-06-12
Tyler Conklin,TE,DET,321.0,0.0,321.0,321.0,2026-06-12
Damien Martinez,RB,GB,321.25,26.25,283.0,348.0,2026-06-12
Theo Wease Jr.,WR,MIA,321.5,28.5,293.0,350.0,2026-06-12
Dyami Brown,WR,WAS,321.6,40.92,265.0,382.0,2026-06-12
Noah Whittington,RB,HOU,323.0,0.0,323.0,323.0,2026-06-12
Zavier Scott,RB,MIN,323.0,19.03,304.0,349.0,2026-06-12
Zamir White,RB,LV,323.0,0.0,323.0,323.0,2026-06-12
Braxton Berrios,WR,NYG,324.0,0.0,324.0,324.0,2026-06-12
British Brooks,RB,HOU,324.0,0.0,324.0,324.0,2026-06-12
Luke Schoonmaker,TE,DAL,324.0,1.0,323.0,325.0,2026-06-12
Jack Stoll,TE,CLE,325.0,0.0,325.0,325.0,2026-06-12
Tyler Goodson,RB,ATL,325.33,24.31,291.0,344.0,2026-06-12
Jackson Hawes,TE,BUF,326.0,0.0,326.0,326.0,2026-06-12
David Sills V,WR,TB,326.0,0.0,326.0,326.0,2026-06-12
Roman Wilson,WR,PIT,328.0,21.0,307.0,349.0,2026-06-12
Lil'Jordan Humphrey,WR,DEN,328.0,2.0,326.0,330.0,2026-06-12
DeAndre Hopkins,WR,BAL,328.5,49.5,279.0,378.0,2026-06-12
Brock Wright,TE,DET,330.0,0.0,330.0,330.0,2026-06-12
Zavion Thomas,WR,CHI,330.0,36.31,271.0,370.0,2026-06-12
Mitchell Evans,TE,CAR,330.25,19.23,301.0,348.0,2026-06-12
Jack Endries,TE,CIN,331.33,12.39,315.0,345.0,2026-06-12
Elijah Higgins,TE,ARI,331.6,21.04,302.0,357.0,2026-06-12
Charlie Kolar,TE,LAC,332.0,0.0,332.0,332.0,2026-06-12
Tai Felton,WR,MIN,333.0,50.0,283.0,383.0,2026-06-12
Deion Burks,WR,IND,333.4,30.16,297.0,381.0,2026-06-12
Casey Washington,WR,ATL,334.0,0.0,334.0,334.0,2026-06-12
Phil Mafah,RB,DAL,334.33,6.65,325.0,340.0,2026-06-12
Malik Benson,WR,LV,334.5,21.01,305.0,364.0,2026-06-12
Tanner Koziol,TE,JAC,335.0,12.33,319.0,349.0,2026-06-12
Michael Trigg,TE,DAL,335.5,25.5,310.0,361.0,2026-06-12
Roman Hemby,RB,LV,336.0,0.0,336.0,336.0,2026-06-12
Demarcus Robinson,WR,SF,336.67,6.65,331.0,346.0,2026-06-12
Anthony Gould,WR,IND,337.0,0.0,337.0,337.0,2026-06-12
Salvon Ahmed,RB,CHI,338.0,0.0,338.0,338.0,2026-06-12
Robert Henry Jr.,RB,WAS,338.5,1.5,337.0,340.0,2026-06-12
Julian Hill,TE,NE,339.0,0.0,339.0,339.0,2026-06-12
Ronnie Bell,WR,NO,339.0,0.0,339.0,339.0,2026-06-12
Jaydn Ott,RB,KC,339.0,0.0,339.0,339.0,2026-06-12
Cyrus Allen,WR,KC,339.8,15.94,320.0,367.0,2026-06-12
Kevin Austin Jr.,WR,NO,340.0,0.0,340.0,340.0,2026-06-12
Jacob Saylors,RB,DET,340.0,0.0,340.0,340.0,2026-06-12
Cedrick Wilson Jr.,WR,DET,341.0,0.0,341.0,341.0,2026-06-12
Antwane Wells Jr.,WR,FA,342.0,43.0,299.0,385.0,2026-06-12
Jaret Patterson,RB,LAC,342.0,4.0,338.0,346.0,2026-06-12
Velus Jones Jr.,WR,SEA,342.0,0.0,342.0,342.0,2026-06-12
Brittain Brown,RB,CHI,342.0,0.0,342.0,342.0,2026-06-12
Frank Gore Jr.,RB,BUF,343.0,0.0,343.0,343.0,2026-06-12
Tip Reiman,TE,ARI,343.0,0.0,343.0,343.0,2026-06-12
Thomas Fidone II,TE,NYG,343.5,25.5,318.0,369.0,2026-06-12
Myles Montgomery,RB,NE,344.0,0.0,344.0,344.0,2026-06-12
Isaiah Hodgins,WR,NYG,344.0,0.0,344.0,344.0,2026-06-12
KeAndre Lambert-Smith,WR,LAC,346.0,0.0,346.0,346.0,2026-06-12
Gary Brightwell,RB,CIN,347.0,0.0,347.0,347.0,2026-06-12
Desmond Reid,RB,FA,348.0,0.0,348.0,348.0,2026-06-12
Mo Alie-Cox,TE,IND,350.0,0.0,350.0,350.0,2026-06-12
Skyy Moore,WR,GB,351.0,0.0,351.0,351.0,2026-06-12
Jimmy Horn Jr.,WR,CAR,352.0,0.0,352.0,352.0,2026-06-12
Will Dissly,TE,FA,356.0,0.0,356.0,356.0,2026-06-12
Marquez Valdes-Scantling,WR,DAL,360.0,0.0,360.0,360.0,2026-06-12
Gus Edwards,RB,FA,365.0,0.0,365.0,365.0,2026-06-12
Cam Akers,RB,FA,366.0,0.0,366.0,366.0,2026-06-12
Taysom Hill,TE,FA,368.0,0.0,368.0,368.0,2026-06-12
Miles Sanders,RB,FA,373.0,0.0,373.0,373.0,2026-06-12
Curtis Samuel,WR,FA,376.0,0.0,376.0,376.0,2026-06-12
Jacob Cowing,WR,SF,377.0,0.0,377.0,377.0,2026-06-12
Gabe Davis,WR,FA,380.0,0.0,380.0,380.0,2026-06-12
Jermaine Burton,WR,FA,384.0,0.0,384.0,384.0,2026-06-12
Elijah Mitchell,RB,PHI,386.0,0.0,386.0,386.0,2026-06-12
Trey Sermon,RB,FA,387.0,0.0,387.0,387.0,2026-06-12
Ja'Quinden Jackson,RB,FA,388.0,0.0,388.0,388.0,2026-06-12
Josh Allen,QB,BUF,1.03,0.16,1.0,2.0,2026-06-05
Lamar Jackson,QB,BAL,2.58,0.92,2.0,5.0,2026-06-05
Drake Maye,QB,NE,2.98,0.72,2.0,5.0,2026-06-05
Joe Burrow,QB,CIN,5.03,2.97,2.0,17.0,2026-06-05
Jayden Daniels,QB,WAS,6.43,3.52,3.0,19.0,2026-06-05
Jalen Hurts,QB,PHI,6.58,2.54,2.0,16.0,2026-06-05
Ja'Marr Chase,WR,CIN,6.8,1.85,6.0,12.0,2026-06-05
Puka Nacua,WR,LAR,10.88,2.29,6.0,21.0,2026-06-05
Bijan Robinson,RB,ATL,10.98,1.47,10.0,15.0,2026-06-05
Jaxon Smith-Njigba,WR,SEA,12.05,0.67,11.0,14.0,2026-06-05
Jahmyr Gibbs,RB,DET,12.35,1.92,6.0,15.0,2026-06-05
Justin Herbert,QB,LAC,12.4,6.33,5.0,30.0,2026-06-05
Caleb Williams,QB,CHI,13.7,5.7,3.0,26.0,2026-06-05
Jaxson Dart,QB,NYG,13.9,8.05,7.0,40.0,2026-06-05
Trevor Lawrence,QB,JAC,15.9,5.2,7.0,30.0,2026-06-05
Dak Prescott,QB,DAL,15.93,4.46,7.0,26.0,2026-06-05
Amon-Ra St. Brown,WR,DET,16.13,3.24,11.0,21.0,2026-06-05
Christian McCaffrey,RB,SF,17.6,6.89,10.0,42.0,2026-06-05
CeeDee Lamb,WR,DAL,19.28,4.42,14.0,35.0,2026-06-05
Brock Purdy,QB,SF,20.28,5.47,9.0,38.0,2026-06-05
Justin Jefferson,WR,MIN,20.6,2.32,14.0,28.0,2026-06-05
Drake London,WR,ATL,24.23,3.01,21.0,34.0,2026-06-05
Jonathan Taylor,RB,IND,24.35,7.13,15.0,48.0,2026-06-05
Patrick Mahomes II,QB,KC,26.68,6.0,14.0,41.0,2026-06-05
Bo Nix,QB,DEN,28.2,5.44,15.0,38.0,2026-06-05
Nico Collins,WR,HOU,28.33,5.9,23.0,51.0,2026-06-05
De'Von Achane,RB,MIA,28.78,7.37,15.0,48.0,2026-06-05
Matthew Stafford,QB,LAR,29.63,6.68,17.0,41.0,2026-06-05
Chris Olave,WR,NO,32.48,6.28,24.0,53.0,2026-06-05
Ashton Jeanty,RB,LV,32.7,6.73,15.0,48.0,2026-06-05
Trey McBride,TE,ARI,33.2,5.39,31.0,54.0,2026-06-05
George Pickens,WR,DAL,33.25,5.02,24.0,45.0,2026-06-05
A.J. Brown,WR,NE,33.5,7.12,21.0,52.0,2026-06-05
Jared Goff,QB,DET,36.05,9.18,16.0,55.0,2026-06-05
Malik Nabers,WR,NYG,36.38,13.16,23.0,80.0,2026-06-05
Chase Brown,RB,CIN,37.48,5.24,25.0,46.0,2026-06-05
James Cook III,RB,BUF,37.7,8.23,18.0,61.0,2026-06-05
Brock Bowers,TE,LV,38.4,2.77,31.0,47.0,2026-06-05
Kyler Murray,QB,MIN,39.15,13.27,13.0,64.0,2026-06-05
Rashee Rice,WR,KC,39.4,13.01,24.0,72.0,2026-06-05
Omarion Hampton,RB,LAC,43.08,7.55,31.0,65.0,2026-06-05
Jordan Love,QB,GB,44.25,8.78,20.0,56.0,2026-06-05
Tetairoa McMillan,WR,CAR,44.8,7.28,34.0,69.0,2026-06-05
Saquon Barkley,RB,PHI,45.53,6.1,33.0,65.0,2026-06-05
Garrett Wilson,WR,NYJ,45.83,5.54,35.0,63.0,2026-06-05
Baker Mayfield,QB,TB,47.55,9.79,21.0,56.0,2026-06-05
DeVonta Smith,WR,PHI,48.3,11.12,28.0,69.0,2026-06-05
Tee Higgins,WR,CIN,49.23,6.91,35.0,63.0,2026-06-05
Malik Willis,QB,MIA,49.78,18.17,18.0,126.0,2026-06-05
Kenneth Walker III,RB,KC,49.8,8.16,33.0,74.0,2026-06-05
Tyler Shough,QB,NO,49.83,10.77,18.0,64.0,2026-06-05
Jeremiyah Love,RB,ARI,51.28,8.02,33.0,71.0,2026-06-05
Ladd McConkey,WR,LAC,52.15,7.24,36.0,76.0,2026-06-05
Colston Loveland,TE,CHI,52.33,12.35,39.0,86.0,2026-06-05
Zay Flowers,WR,BAL,55.8,9.35,27.0,78.0,2026-06-05
Jaylen Waddle,WR,DEN,58.2,9.27,35.0,77.0,2026-06-05
Breece Hall,RB,NYJ,58.75,6.79,48.0,74.0,2026-06-05
C.J. Stroud,QB,HOU,59.65,7.7,32.0,76.0,2026-06-05
Derrick Henry,RB,BAL,59.9,8.64,42.0,77.0,2026-06-05
Luther Burden III,WR,CHI,60.6,8.1,45.0,89.0,2026-06-05
Josh Jacobs,RB,GB,61.33,10.48,46.0,87.0,2026-06-05
Terry McLaurin,WR,WAS,61.58,7.56,43.0,72.0,2026-06-05
Sam Darnold,QB,SEA,62.83,7.92,38.0,83.0,2026-06-05
Emeka Egbuka,WR,TB,64.65,9.1,35.0,82.0,2026-06-05
Kyren Williams,RB,LAR,64.73,7.86,49.0,77.0,2026-06-05
Travis Etienne Jr.,RB,NO,64.93,5.71,54.0,79.0,2026-06-05
Davante Adams,WR,LAR,65.23,8.17,51.0,93.0,2026-06-05
Cam Ward,QB,TEN,67.1,5.14,56.0,76.0,2026-06-05
Javonte Williams,RB,DAL,67.65,8.94,48.0,81.0,2026-06-05
Bryce Young,QB,CAR,69.65,7.45,55.0,87.0,2026-06-05
Mike Evans,WR,SF,70.5,8.6,51.0,96.0,2026-06-05
Jameson Williams,WR,DET,73.1,9.32,57.0,107.0,2026-06-05
DJ Moore,WR,BUF,75.38,17.13,43.0,128.0,2026-06-05
Bucky Irving,RB,TB,75.53,10.02,53.0,98.0,2026-06-05
Tyler Warren,TE,IND,76.08,10.39,47.0,93.0,2026-06-05
Cam Skattebo,RB,NYG,77.28,8.17,58.0,92.0,2026-06-05
Daniel Jones,QB,IND,77.82,21.1,55.0,183.0,2026-06-05
Christian Watson,WR,GB,78.98,9.58,63.0,110.0,2026-06-05
TreVeyon Henderson,RB,NE,80.9,10.56,58.0,104.0,2026-06-05
Rome Odunze,WR,CHI,81.83,10.48,62.0,110.0,2026-06-05
Quinshon Judkins,RB,CLE,83.28,8.98,65.0,103.0,2026-06-05
Jacoby Brissett,QB,ARI,85.31,15.46,56.0,127.0,2026-06-05
D'Andre Swift,RB,CHI,85.83,7.19,77.0,98.0,2026-06-05
Marvin Harrison Jr.,WR,ARI,89.98,11.15,73.0,133.0,2026-06-05
David Montgomery,RB,HOU,90.58,10.04,74.0,120.0,2026-06-05
Jaylen Warren,RB,PIT,90.7,5.5,85.0,108.0,2026-06-05
Courtland Sutton,WR,DEN,91.25,12.22,69.0,112.0,2026-06-05
Carnell Tate,WR,TEN,91.3,28.09,57.0,199.0,2026-06-05
Harold Fannin Jr.,TE,CLE,91.75,8.76,77.0,113.0,2026-06-05
Tucker Kraft,TE,GB,93.58,10.34,76.0,121.0,2026-06-05
DK Metcalf,WR,PIT,94.7,11.25,73.0,114.0,2026-06-05
RJ Harvey,RB,DEN,95.1,14.62,58.0,132.0,2026-06-05
Alec Pierce,WR,IND,96.15,11.43,72.0,117.0,2026-06-05
Michael Wilson,WR,ARI,96.98,10.56,70.0,123.0,2026-06-05
Bhayshul Tuten,RB,JAC,97.13,5.75,77.0,108.0,2026-06-05
Chris Godwin Jr.,WR,TB,97.18,8.62,68.0,114.0,2026-06-05
Chuba Hubbard,RB,CAR,98.18,11.42,71.0,130.0,2026-06-05
Jadarian Price,RB,SEA,99.85,7.76,77.0,114.0,2026-06-05
Kyle Pitts Sr.,TE,ATL,100.7,7.82,86.0,115.0,2026-06-05
Michael Pittman Jr.,WR,PIT,102.43,11.5,75.0,133.0,2026-06-05
Jakobi Meyers,WR,JAC,102.6,10.96,82.0,123.0,2026-06-05
Fernando Mendoza,QB,LV,103.19,32.93,70.0,192.0,2026-06-05
Rico Dowdle,RB,PIT,103.28,7.53,91.0,124.0,2026-06-05
Tony Pollard,RB,TEN,103.95,6.02,89.0,119.0,2026-06-05
Rhamondre Stevenson,RB,NE,105.08,7.91,92.0,120.0,2026-06-05
Sam LaPorta,TE,DET,105.3,5.94,88.0,115.0,2026-06-05
Wan'Dale Robinson,WR,TEN,105.6,8.73,89.0,127.0,2026-06-05
Jordyn Tyson,WR,NO,105.83,25.89,72.0,196.0,2026-06-05
Brian Thomas Jr.,WR,JAC,107.53,12.57,75.0,135.0,2026-06-05
Geno Smith,QB,NYJ,112.14,32.13,70.0,184.0,2026-06-05
Makai Lemon,WR,PHI,113.98,22.23,86.0,204.0,2026-06-05
Kyle Monangai,RB,CHI,114.1,9.28,97.0,132.0,2026-06-05
Parker Washington,WR,JAC,115.7,11.62,80.0,139.0,2026-06-05
Ricky Pearsall,WR,SF,115.88,14.71,91.0,155.0,2026-06-05
Aaron Jones Sr.,RB,MIN,118.4,11.66,97.0,143.0,2026-06-05
Jordan Addison,WR,MIN,119.35,7.58,107.0,140.0,2026-06-05
Josh Downs,WR,IND,119.6,13.38,90.0,144.0,2026-06-05
Aaron Rodgers,QB,PIT,120.46,34.99,64.0,182.0,2026-06-05
Kenneth Gainwell,RB,TB,120.98,14.65,85.0,152.0,2026-06-05
Jake Ferguson,TE,DAL,121.0,8.11,106.0,136.0,2026-06-05
Travis Kelce,TE,KC,123.65,19.25,93.0,189.0,2026-06-05
Dalton Kincaid,TE,BUF,123.8,10.63,113.0,161.0,2026-06-05
J.K. Dobbins,RB,DEN,124.38,13.29,104.0,159.0,2026-06-05
Blake Corum,RB,LAR,125.15,8.64,105.0,145.0,2026-06-05
Khalil Shakir,WR,BUF,126.4,8.85,101.0,138.0,2026-06-05
Jayden Reed,WR,GB,126.68,8.13,107.0,146.0,2026-06-05
Quentin Johnston,WR,LAC,128.13,8.03,110.0,148.0,2026-06-05
Michael Penix Jr.,QB,ATL,128.81,40.07,83.0,278.0,2026-06-05
Jayden Higgins,WR,HOU,131.38,7.11,118.0,153.0,2026-06-05
Rachaad White,RB,WAS,132.08,13.53,92.0,159.0,2026-06-05
George Kittle,TE,SF,132.15,18.28,93.0,197.0,2026-06-05
Justin Fields,QB,KC,132.6,61.1,35.0,184.0,2026-06-05
Jacory Croskey-Merritt,RB,WAS,136.63,14.65,120.0,217.0,2026-06-05
Isaiah Likely,TE,NYG,137.0,23.59,109.0,209.0,2026-06-05
Dallas Goedert,TE,PHI,137.6,13.52,101.0,161.0,2026-06-05
Tyler Allgeier,RB,ARI,139.73,12.83,116.0,172.0,2026-06-05
Xavier Worthy,WR,KC,140.18,10.15,117.0,171.0,2026-06-05
Jordan Mason,RB,MIN,141.73,9.72,119.0,163.0,2026-06-05
Romeo Doubs,WR,NE,142.18,13.55,114.0,175.0,2026-06-05
Jalen Coker,WR,CAR,142.58,9.62,124.0,169.0,2026-06-05
Shedeur Sanders,QB,CLE,142.66,39.14,83.0,268.0,2026-06-05
Tyrone Tracy Jr.,RB,NYG,143.05,8.42,120.0,157.0,2026-06-05
KC Concepcion,WR,CLE,144.0,27.76,96.0,222.0,2026-06-05
Woody Marks,RB,HOU,144.08,17.62,111.0,202.0,2026-06-05
Oronde Gadsden II,TE,LAC,145.0,32.02,113.0,227.0,2026-06-05
Tua Tagovailoa,QB,ATL,147.0,25.54,70.0,182.0,2026-06-05
Juwan Johnson,TE,NO,147.88,14.04,125.0,183.0,2026-06-05
Zach Charbonnet,RB,SEA,148.05,19.43,99.0,202.0,2026-06-05
Mark Andrews,TE,BAL,149.63,17.21,108.0,175.0,2026-06-05
J.J. McCarthy,QB,MIN,149.64,54.9,70.0,277.0,2026-06-05
Matthew Golden,WR,GB,150.2,12.9,129.0,179.0,2026-06-05
Tyjae Spears,RB,TEN,150.3,9.87,114.0,176.0,2026-06-05
Brenton Strange,TE,JAC,152.45,20.26,114.0,197.0,2026-06-05
Alvin Kamara,RB,NO,153.38,13.14,119.0,202.0,2026-06-05
Jauan Jennings,WR,MIN,154.11,20.64,110.0,193.0,2026-06-05
Stefon Diggs,WR,FA,154.32,29.15,96.0,264.0,2026-06-05
Chris Rodriguez Jr.,RB,JAC,154.7,22.41,129.0,223.0,2026-06-05
Jonathon Brooks,RB,CAR,155.48,26.88,119.0,229.0,2026-06-05
Dylan Sampson,RB,CLE,155.48,10.06,132.0,186.0,2026-06-05
Deebo Samuel Sr.,WR,FA,156.74,19.24,134.0,210.0,2026-06-05
Isiah Pacheco,RB,DET,157.4,8.35,131.0,170.0,2026-06-05
Jerry Jeudy,WR,CLE,158.55,9.91,146.0,183.0,2026-06-05
Deshaun Watson,QB,CLE,159.59,46.86,87.0,282.0,2026-06-05
Rashid Shaheed,WR,SEA,159.93,8.68,147.0,178.0,2026-06-05
James Conner,RB,ARI,162.5,29.59,105.0,271.0,2026-06-05
Denzel Boston,WR,CLE,163.67,19.02,137.0,221.0,2026-06-05
Omar Cooper Jr.,WR,NYJ,164.67,26.5,129.0,242.0,2026-06-05
Travis Hunter,WR,JAC,164.85,23.24,109.0,230.0,2026-06-05
Hunter Henry,TE,NE,166.35,10.68,142.0,193.0,2026-06-05
Brandon Aiyuk,WR,SF,167.69,14.77,144.0,197.0,2026-06-05
Jonah Coleman,RB,DEN,168.13,25.57,143.0,245.0,2026-06-05
Braelon Allen,RB,NYJ,168.38,16.81,132.0,229.0,2026-06-05
Keaton Mitchell,RB,LAC,169.65,15.85,146.0,220.0,2026-06-05
Adonai Mitchell,WR,NYJ,172.48,14.04,149.0,224.0,2026-06-05
Dalton Schultz,TE,HOU,172.85,18.73,136.0,209.0,2026-06-05
Kirk Cousins,QB,LV,173.28,32.85,118.0,292.0,2026-06-05
Brian Robinson Jr.,RB,ATL,174.3,11.42,153.0,213.0,2026-06-05
Mac Jones,QB,SF,175.67,44.68,127.0,284.0,2026-06-05
Antonio Williams,WR,WAS,175.9,21.01,140.0,239.0,2026-06-05
Chig Okonkwo,TE,WAS,177.08,27.73,121.0,227.0,2026-06-05
Emanuel Wilson,RB,SEA,177.08,22.94,132.0,226.0,2026-06-05
Kayshon Boutte,WR,NE,178.23,9.39,153.0,207.0,2026-06-05
Tre' Harris,WR,LAC,179.85,14.05,151.0,227.0,2026-06-05
Marcus Mariota,QB,WAS,180.0,0.0,180.0,180.0,2026-06-05
Jalen McMillan,WR,TB,180.43,13.4,162.0,239.0,2026-06-05
Tyreek Hill,WR,FA,180.91,35.21,124.0,296.0,2026-06-05
Troy Franklin,WR,DEN,181.15,17.86,146.0,230.0,2026-06-05
Joe Milton III,QB,DAL,182.0,0.0,182.0,182.0,2026-06-05
Tank Bigsby,RB,PHI,182.28,14.4,154.0,211.0,2026-06-05
Emmett Johnson,RB,KC,182.34,28.48,150.0,286.0,2026-06-05
Riley Leonard,QB,IND,184.0,0.0,184.0,184.0,2026-06-05
T.J. Hockenson,TE,MIN,186.45,12.73,146.0,216.0,2026-06-05
Tre Tucker,WR,LV,187.68,17.26,160.0,260.0,2026-06-05
Jaylin Noel,WR,HOU,187.95,19.85,158.0,256.0,2026-06-05
Kimani Vidal,RB,LAC,189.5,18.39,160.0,220.0,2026-06-05
Mike Washington Jr.,RB,LV,190.68,26.24,156.0,274.0,2026-06-05
Pat Bryant,WR,DEN,192.53,13.92,175.0,248.0,2026-06-05
Kenyon Sadiq,TE,NYJ,192.76,21.73,142.0,250.0,2026-06-05
Ryan Flournoy,WR,DAL,193.5,14.56,166.0,245.0,2026-06-05
Calvin Ridley,WR,TEN,194.13,15.57,149.0,236.0,2026-06-05
Sean Tucker,RB,TB,196.49,18.56,159.0,238.0,2026-06-05
Chimere Dike,WR,TEN,196.75,27.2,149.0,266.0,2026-06-05
Darnell Mooney,WR,NYG,197.1,14.51,166.0,254.0,2026-06-05
AJ Barner,TE,SEA,197.53,14.18,161.0,228.0,2026-06-05
Isaac TeSlaa,WR,DET,197.58,17.49,174.0,274.0,2026-06-05
Carson Beck,QB,ARI,200.0,16.0,184.0,216.0,2026-06-05
Ray Davis,RB,BUF,200.45,15.69,165.0,232.0,2026-06-05
Anthony Richardson Sr.,QB,IND,201.4,42.89,177.0,287.0,2026-06-05
Kaytron Allen,RB,WAS,202.11,31.25,156.0,280.0,2026-06-05
Ty Simpson,QB,LAR,202.78,38.15,182.0,296.0,2026-06-05
Nicholas Singleton,RB,TEN,203.22,32.93,145.0,277.0,2026-06-05
Dontayvion Wicks,WR,PHI,204.6,11.04,177.0,230.0,2026-06-05
Chris Bell,WR,MIA,206.03,26.62,147.0,266.0,2026-06-05
Gunnar Helm,TE,TEN,207.23,14.5,183.0,248.0,2026-06-05
Jaylen Wright,RB,MIA,207.87,15.63,168.0,251.0,2026-06-05
Elic Ayomanor,WR,TEN,209.8,30.16,170.0,295.0,2026-06-05
Germie Bernard,WR,PIT,212.11,29.61,159.0,266.0,2026-06-05
Jalen Nailor,WR,LV,213.19,31.22,157.0,270.0,2026-06-05
Alec Ingold,RB,LAC,214.0,0.0,214.0,214.0,2026-06-05
Tank Dell,WR,HOU,214.76,15.23,189.0,249.0,2026-06-05
Greg Dulcich,TE,MIA,216.53,31.54,136.0,273.0,2026-06-05
David Njoku,TE,LAC,217.78,13.48,183.0,257.0,2026-06-05
Terrance Ferguson,TE,LAR,219.35,23.07,183.0,329.0,2026-06-05
Rashod Bateman,WR,BAL,220.31,18.22,195.0,263.0,2026-06-05
Malik Washington,WR,MIA,220.6,23.53,171.0,269.0,2026-06-05
Trey Benson,RB,ARI,221.03,43.15,134.0,294.0,2026-06-05
Cooper Kupp,WR,SEA,221.77,19.15,173.0,265.0,2026-06-05
Ollie Gordon II,RB,MIA,222.51,15.22,172.0,252.0,2026-06-05
Devin Neal,RB,NO,223.32,28.49,184.0,322.0,2026-06-05
De'Zhaun Stribling,WR,SF,223.88,25.32,178.0,305.0,2026-06-05
Kaleb Johnson,RB,PIT,224.37,33.57,159.0,317.0,2026-06-05
Mason Taylor,TE,NYJ,224.8,25.89,182.0,316.0,2026-06-05
Patrick Ricard,RB,NYG,225.0,0.0,225.0,225.0,2026-06-05
Zachariah Branch,WR,ATL,225.68,21.07,184.0,267.0,2026-06-05
Marvin Mims Jr.,WR,DEN,227.03,23.23,195.0,272.0,2026-06-05
Cade Otton,TE,TB,227.15,9.47,205.0,257.0,2026-06-05
Pat Freiermuth,TE,PIT,227.97,16.35,174.0,279.0,2026-06-05
Chris Brazzell II,WR,CAR,228.39,17.26,192.0,264.0,2026-06-05
Jack Bech,WR,LV,228.72,25.69,147.0,310.0,2026-06-05
Keon Coleman,WR,BUF,230.18,22.23,188.0,282.0,2026-06-05
Isaiah Davis,RB,NYJ,231.17,20.18,192.0,286.0,2026-06-05
Malachi Fields,WR,NYG,231.33,31.47,201.0,335.0,2026-06-05
Elijah Sarratt,WR,BAL,231.72,21.66,173.0,302.0,2026-06-05
Kyle Williams,WR,NE,232.08,27.86,191.0,336.0,2026-06-05
Demond Claiborne,RB,MIN,232.21,28.44,177.0,287.0,2026-06-05
Eli Stowers,TE,PHI,232.28,27.53,180.0,332.0,2026-06-05
Christian Kirk,WR,SF,233.16,24.61,170.0,288.0,2026-06-05
Colby Parkinson,TE,LAR,233.31,12.1,198.0,273.0,2026-06-05
Evan Engram,TE,DEN,233.92,14.29,184.0,260.0,2026-06-05
Xavier Smith,WR,LAR,234.0,0.0,234.0,234.0,2026-06-05
Brashard Smith,RB,KC,235.09,19.84,206.0,286.0,2026-06-05
Najee Harris,RB,LAC,235.21,18.83,202.0,278.0,2026-06-05
Tory Horton,WR,SEA,235.24,18.12,205.0,284.0,2026-06-05
Xavier Legette,WR,CAR,235.69,25.68,196.0,278.0,2026-06-05
Theo Johnson,TE,NYG,237.08,26.57,161.0,289.0,2026-06-05
Justice Hill,RB,BAL,238.29,28.98,154.0,276.0,2026-06-05
Skyler Bell,WR,BUF,238.64,28.43,201.0,332.0,2026-06-05
Keenan Allen,WR,LAC,239.17,19.78,189.0,263.0,2026-06-05
Mack Hollins,WR,NE,239.47,34.07,191.0,339.0,2026-06-05
Kendre Miller,RB,NO,240.49,34.15,179.0,322.0,2026-06-05
Ty Johnson,RB,BUF,240.95,20.69,211.0,327.0,2026-06-05
Adam Randall,RB,BAL,241.97,22.8,211.0,281.0,2026-06-05
Ted Hurst III,WR,TB,243.32,17.9,211.0,288.0,2026-06-05
DJ Giddens,RB,IND,245.56,20.29,204.0,292.0,2026-06-05
Kaelon Black,RB,SF,246.05,34.97,200.0,323.0,2026-06-05
Joe Flacco,QB,CIN,246.5,50.5,196.0,297.0,2026-06-05
Ja'Kobi Lane,WR,BAL,246.55,19.69,220.0,305.0,2026-06-05
Jake Tonges,TE,SF,246.93,21.6,193.0,315.0,2026-06-05
LeQuint Allen Jr.,RB,JAC,246.94,21.54,187.0,290.0,2026-06-05
Darius Slayton,WR,NYG,247.11,28.33,198.0,345.0,2026-06-05
Devaughn Vele,WR,NO,247.32,22.72,199.0,330.0,2026-06-05
Mike Gesicki,TE,CIN,247.57,16.85,206.0,273.0,2026-06-05
Jaydon Blue,RB,DAL,247.57,17.9,204.0,292.0,2026-06-05
Jaleel McLaughlin,RB,DEN,248.65,28.48,176.0,304.0,2026-06-05
Andrei Iosivas,WR,CIN,248.91,22.93,207.0,306.0,2026-06-05
Chris Brooks,RB,GB,249.92,24.8,169.0,282.0,2026-06-05
Jordan James,RB,SF,249.94,36.93,172.0,339.0,2026-06-05
George Holani,RB,SEA,250.53,18.75,214.0,281.0,2026-06-05
MarShawn Lloyd,RB,GB,250.62,30.75,175.0,291.0,2026-06-05
Max Bredeson,RB,MIN,251.0,0.0,251.0,251.0,2026-06-05
Jerome Ford,RB,WAS,254.17,17.34,212.0,289.0,2026-06-05
Konata Mumpfield,WR,LAR,254.73,19.44,230.0,310.0,2026-06-05
Hunter Luepke,RB,DAL,255.0,0.0,255.0,255.0,2026-06-05
Tyquan Thornton,WR,KC,255.5,25.45,175.0,330.0,2026-06-05
Samaje Perine,RB,CIN,258.3,33.6,159.0,345.0,2026-06-05
Joe Mixon,RB,FA,259.28,34.03,163.0,303.0,2026-06-05
Max Klare,TE,LAR,259.93,12.73,240.0,288.0,2026-06-05
Devin Singletary,RB,NYG,260.14,16.01,211.0,289.0,2026-06-05
Malik Davis,RB,DAL,260.57,15.16,229.0,292.0,2026-06-05
Reggie Gilliam,RB,NE,261.0,0.0,261.0,261.0,2026-06-05
Hollywood Brown,WR,PHI,261.47,18.09,237.0,325.0,2026-06-05
Isaiah Bond,WR,CLE,263.27,26.92,222.0,335.0,2026-06-05
Adam Prentice,RB,DEN,264.0,0.0,264.0,264.0,2026-06-05
Bryce Lance,WR,NO,264.83,33.84,204.0,328.0,2026-06-05
Mitch Tinsley,WR,CIN,265.0,0.0,265.0,265.0,2026-06-05
Isaac Guerendo,RB,SF,265.24,18.97,217.0,293.0,2026-06-05
Cedric Tillman,WR,CLE,265.61,19.53,243.0,334.0,2026-06-05
Elijah Moore,WR,PHI,266.0,0.0,266.0,266.0,2026-06-05
Bam Knight,RB,ARI,266.65,33.36,199.0,336.0,2026-06-05
Seth McGowan,RB,IND,267.37,16.64,226.0,294.0,2026-06-05
Jarquez Hunter,RB,LAR,268.52,19.7,214.0,314.0,2026-06-05
Darnell Washington,TE,PIT,268.53,23.78,228.0,330.0,2026-06-05
Ashton Dulin,WR,IND,269.0,0.0,269.0,269.0,2026-06-05
Jalen Royals,WR,KC,269.43,26.58,230.0,334.0,2026-06-05
Emari Demercado,RB,KC,270.8,14.09,226.0,296.0,2026-06-05
Jahan Dotson,WR,ATL,271.14,35.92,181.0,328.0,2026-06-05
Calvin Austin III,WR,NYG,271.36,32.96,230.0,342.0,2026-06-05
Luke McCaffrey,WR,WAS,272.3,21.65,245.0,332.0,2026-06-05
Oscar Delp,TE,NO,272.33,21.75,246.0,316.0,2026-06-05
Tez Johnson,WR,TB,272.5,22.47,237.0,322.0,2026-06-05
Tahj Brooks,RB,CIN,272.86,15.77,243.0,325.0,2026-06-05
AJ Dillon,RB,CAR,273.0,0.0,273.0,273.0,2026-06-05
Trevor Etienne,RB,CAR,273.11,10.49,249.0,294.0,2026-06-05
Eli Heidenreich,RB,PIT,273.45,26.26,231.0,319.0,2026-06-05
Olamide Zaccheaus,WR,ATL,273.69,20.15,233.0,301.0,2026-06-05
Tyler Higbee,TE,LAR,275.5,22.21,236.0,306.0,2026-06-05
Khalil Herbert,RB,FA,276.0,0.0,276.0,276.0,2026-06-05
Michael Mayer,TE,LV,276.5,22.09,246.0,306.0,2026-06-05
Dont'e Thornton Jr.,WR,LV,276.57,29.53,244.0,333.0,2026-06-05
Jeremy McNichols,RB,WAS,278.0,0.0,278.0,278.0,2026-06-05
Audric Estime,RB,NO,279.45,18.7,252.0,324.0,2026-06-05
Ja'Tavion Sanders,TE,CAR,279.78,22.79,249.0,313.0,2026-06-05
Elijah Arroyo,TE,SEA,279.9,21.56,247.0,312.0,2026-06-05
Tim Patrick,WR,NYJ,281.0,0.0,281.0,281.0,2026-06-05
Joshua Palmer,WR,BUF,281.08,35.22,201.0,338.0,2026-06-05
Noah Gray,TE,KC,281.57,20.35,246.0,315.0,2026-06-05
Kyle Juszczyk,RB,SF,282.0,44.45,220.0,322.0,2026-06-05
Rasheen Ali,RB,BAL,282.33,18.98,256.0,300.0,2026-06-05
Will Shipley,RB,PHI,282.35,14.91,257.0,314.0,2026-06-05
Xavier Hutchinson,WR,HOU,282.36,19.58,260.0,311.0,2026-06-05
Nick Westbrook-Ikhine,WR,IND,283.0,60.93,186.0,341.0,2026-06-05
Kareem Hunt,RB,FA,283.36,21.48,243.0,352.0,2026-06-05
Treylon Burks,WR,WAS,283.38,42.65,201.0,334.0,2026-06-05
Kalif Raymond,WR,CHI,283.4,32.48,242.0,330.0,2026-06-05
Jalen Tolbert,WR,MIA,285.2,31.38,227.0,329.0,2026-06-05
Raheem Mostert,RB,LV,285.67,45.49,233.0,344.0,2026-06-05
Greg Dortch,WR,DET,286.0,57.1,212.0,351.0,2026-06-05
Tommy Myers,TE,FA,286.33,36.21,250.0,355.0,2026-06-05
J'Mari Taylor,RB,JAC,286.92,13.68,270.0,323.0,2026-06-05
Jahdae Walker,WR,CHI,288.0,0.0,288.0,288.0,2026-06-05
Brenen Thompson,WR,LAC,288.1,25.79,235.0,320.0,2026-06-05
Salvon Ahmed,RB,CHI,289.0,0.0,289.0,289.0,2026-06-05
John Metchie III,WR,CAR,289.36,31.8,245.0,348.0,2026-06-05
Caleb Douglas,WR,MIA,289.5,33.35,231.0,337.0,2026-06-05
Kalel Mullings,RB,TEN,290.0,0.0,290.0,290.0,2026-06-05
Tyler Goodson,RB,ATL,290.5,0.5,290.0,291.0,2026-06-05
Brittain Brown,RB,CHI,291.0,0.0,291.0,291.0,2026-06-05
Cole Kmet,TE,CHI,291.25,20.81,258.0,316.0,2026-06-05
DeMario Douglas,WR,NE,291.67,31.5,244.0,353.0,2026-06-05
Nick Chubb,RB,FA,291.86,20.74,271.0,340.0,2026-06-05
Austin Hooper,TE,ATL,292.0,6.0,286.0,298.0,2026-06-05
Gary Brightwell,RB,CIN,293.0,0.0,293.0,293.0,2026-06-05
Cash Jones,RB,ATL,294.0,0.0,294.0,294.0,2026-06-05
Ty Chandler,RB,NO,295.0,16.67,279.0,318.0,2026-06-05
Jameis Winston,QB,NYG,295.0,0.0,295.0,295.0,2026-06-05
Xavier Restrepo,WR,TEN,295.0,2.0,293.0,297.0,2026-06-05
Justin Joly,TE,DEN,295.44,26.74,233.0,331.0,2026-06-05
John Bates,TE,WAS,295.86,35.52,246.0,359.0,2026-06-05
KaVontae Turpin,WR,DAL,296.25,51.67,239.0,362.0,2026-06-05
Dawson Knox,TE,BUF,296.86,25.96,259.0,329.0,2026-06-05
Jawhar Jordan,RB,HOU,296.89,23.58,265.0,336.0,2026-06-05
Dylan Laube,RB,LV,297.0,29.0,268.0,326.0,2026-06-05
Terrell Jennings,RB,NE,297.0,26.41,275.0,341.0,2026-06-05
Austin Ekeler,RB,FA,297.44,24.76,272.0,343.0,2026-06-05
Michael Carter,RB,TEN,297.5,25.26,275.0,349.0,2026-06-05
Jaylin Lane,WR,WAS,297.82,26.38,261.0,346.0,2026-06-05
Roschon Johnson,RB,CHI,298.0,24.1,279.0,332.0,2026-06-05
Gardner Minshew II,QB,ARI,298.0,0.0,298.0,298.0,2026-06-05
Devontez Walker,WR,BAL,298.5,80.5,218.0,379.0,2026-06-05
Tyler Badie,RB,DEN,298.5,45.5,253.0,344.0,2026-06-05
Kenny McIntosh,RB,SEA,299.0,0.0,299.0,299.0,2026-06-05
Julian Fleming,WR,FA,300.0,0.0,300.0,300.0,2026-06-05
Nate Boerkircher,TE,JAC,300.0,0.0,300.0,300.0,2026-06-05
Brandin Cooks,WR,FA,301.0,41.64,250.0,352.0,2026-06-05
Kevin Coleman Jr.,WR,MIA,301.33,33.33,251.0,351.0,2026-06-05
Raheim Sanders,RB,CLE,301.7,23.94,269.0,338.0,2026-06-05
Van Jefferson,WR,WAS,302.0,0.0,302.0,302.0,2026-06-05
Jordan Whittington,WR,LAR,302.33,49.24,258.0,371.0,2026-06-05
Antonio Gibson,RB,FA,302.6,31.71,276.0,363.0,2026-06-05
Zavier Scott,RB,MIN,302.67,32.89,276.0,349.0,2026-06-05
Tai Felton,WR,MIN,302.67,59.22,242.0,383.0,2026-06-05
Jared Wiley,TE,KC,303.0,0.0,303.0,303.0,2026-06-05
Tommy Tremble,TE,CAR,303.33,4.5,298.0,309.0,2026-06-05
Kendrick Bourne,WR,ARI,303.75,38.47,245.0,374.0,2026-06-05
Julius Chestnut,RB,TEN,304.0,0.0,304.0,304.0,2026-06-05
Cyrus Allen,WR,KC,304.0,56.2,206.0,367.0,2026-06-05
Tutu Atwell,WR,MIA,304.78,35.98,242.0,354.0,2026-06-05
Donovan Edwards,RB,MIA,305.0,0.0,305.0,305.0,2026-06-05
Sam Roush,TE,CHI,305.5,1.5,304.0,307.0,2026-06-05
Dyami Brown,WR,WAS,305.67,54.01,265.0,382.0,2026-06-05
Darren Waller,TE,FA,306.17,10.61,286.0,316.0,2026-06-05
Roman Wilson,WR,PIT,307.0,0.0,307.0,307.0,2026-06-05
Ben Sinnott,TE,WAS,307.14,19.45,272.0,340.0,2026-06-05
Will Kacmarek,TE,MIA,309.0,0.0,309.0,309.0,2026-06-05
Jam Miller,RB,NE,309.25,16.9,284.0,327.0,2026-06-05
Savion Williams,WR,GB,310.43,36.03,260.0,372.0,2026-06-05
Isaiah Williams,WR,FA,311.0,0.0,311.0,311.0,2026-06-05
Diontae Johnson,WR,FA,311.0,0.0,311.0,311.0,2026-06-05
Dameon Pierce,RB,PHI,311.13,19.09,277.0,343.0,2026-06-05
Erick All Jr.,TE,CIN,312.0,14.0,298.0,326.0,2026-06-05
Phil Mafah,RB,DAL,312.5,25.5,287.0,338.0,2026-06-05
Damien Martinez,RB,GB,312.5,22.78,279.0,343.0,2026-06-05
Durham Smythe,TE,BAL,313.0,0.0,313.0,313.0,2026-06-05
Marlin Klein,TE,HOU,314.0,17.06,285.0,329.0,2026-06-05
Jonnu Smith,TE,FA,314.33,48.94,246.0,358.0,2026-06-05
Jaret Patterson,RB,LAC,315.0,23.0,292.0,338.0,2026-06-05
Jack Endries,TE,CIN,315.0,0.0,315.0,315.0,2026-06-05
Noah Fant,TE,NO,315.0,12.12,300.0,334.0,2026-06-05
Daniel Bellinger,TE,TEN,316.0,28.79,262.0,345.0,2026-06-05
CJ Daniels,WR,LAR,317.0,27.66,284.0,349.0,2026-06-05
Ronnie Rivers,RB,LAR,318.0,0.0,318.0,318.0,2026-06-05
Josh Oliver,TE,MIN,319.0,0.0,319.0,319.0,2026-06-05
Tanner Koziol,TE,JAC,319.0,0.0,319.0,319.0,2026-06-05
JuJu Smith-Schuster,WR,NYG,320.0,0.0,320.0,320.0,2026-06-05
Tyler Conklin,TE,DET,321.0,0.0,321.0,321.0,2026-06-05
Theo Wease Jr.,WR,MIA,321.5,28.5,293.0,350.0,2026-06-05
Luke Musgrave,TE,GB,321.5,14.27,301.0,345.0,2026-06-05
Noah Whittington,RB,HOU,323.0,0.0,323.0,323.0,2026-06-05
Mitchell Evans,TE,CAR,323.0,18.83,301.0,347.0,2026-06-05
Zamir White,RB,LV,323.0,0.0,323.0,323.0,2026-06-05
Jackson Hawes,TE,BUF,323.0,0.0,323.0,323.0,2026-06-05
Zach Ertz,TE,FA,323.4,12.88,303.0,340.0,2026-06-05
British Brooks,RB,HOU,324.0,0.0,324.0,324.0,2026-06-05
Jack Stoll,TE,CLE,325.0,0.0,325.0,325.0,2026-06-05
Eli Raridon,TE,NE,325.6,36.84,274.0,375.0,2026-06-05
David Sills V,WR,TB,326.0,0.0,326.0,326.0,2026-06-05
Deion Burks,WR,IND,329.75,34.97,291.0,381.0,2026-06-05
Lil'Jordan Humphrey,WR,DEN,330.0,0.0,330.0,330.0,2026-06-05
Zavion Thomas,WR,CHI,330.25,36.4,271.0,370.0,2026-06-05
Elijah Higgins,TE,ARI,331.2,20.89,302.0,357.0,2026-06-05
Luke Schoonmaker,TE,DAL,333.0,8.0,325.0,341.0,2026-06-05
Michael Trigg,TE,DAL,335.5,25.5,310.0,361.0,2026-06-05
Malik Benson,WR,LV,337.0,22.91,308.0,364.0,2026-06-05
Demarcus Robinson,WR,SF,337.0,6.38,332.0,346.0,2026-06-05
Roman Hemby,RB,LV,337.0,0.0,337.0,337.0,2026-06-05
Anthony Gould,WR,IND,337.0,0.0,337.0,337.0,2026-06-05
Robert Henry Jr.,RB,WAS,337.5,8.73,324.0,348.0,2026-06-05
Julian Hill,TE,NE,339.0,0.0,339.0,339.0,2026-06-05
Jaydn Ott,RB,KC,340.0,0.0,340.0,340.0,2026-06-05
Jacob Saylors,RB,DET,340.0,0.0,340.0,340.0,2026-06-05
Cedrick Wilson Jr.,WR,DET,341.0,0.0,341.0,341.0,2026-06-05
Velus Jones Jr.,WR,SEA,342.0,0.0,342.0,342.0,2026-06-05
Antwane Wells Jr.,WR,FA,342.0,43.0,299.0,385.0,2026-06-05
Frank Gore Jr.,RB,BUF,343.0,0.0,343.0,343.0,2026-06-05
Thomas Fidone II,TE,NYG,343.5,25.5,318.0,369.0,2026-06-05
Tyler Lockett,WR,LV,344.0,0.0,344.0,344.0,2026-06-05
Myles Montgomery,RB,NE,344.0,0.0,344.0,344.0,2026-06-05
KeAndre Lambert-Smith,WR,LAC,346.0,0.0,346.0,346.0,2026-06-05
Desmond Reid,RB,BUF,348.0,0.0,348.0,348.0,2026-06-05
Mo Alie-Cox,TE,IND,350.0,0.0,350.0,350.0,2026-06-05
Skyy Moore,WR,GB,351.0,0.0,351.0,351.0,2026-06-05
Jimmy Horn Jr.,WR,CAR,352.0,0.0,352.0,352.0,2026-06-05
Will Dissly,TE,FA,356.0,0.0,356.0,356.0,2026-06-05
Marquez Valdes-Scantling,WR,DAL,360.0,0.0,360.0,360.0,2026-06-05
Gus Edwards,RB,FA,365.0,0.0,365.0,365.0,2026-06-05
Cam Akers,RB,FA,366.0,0.0,366.0,366.0,2026-06-05
Taysom Hill,TE,FA,368.0,0.0,368.0,368.0,2026-06-05
Miles Sanders,RB,FA,373.0,0.0,373.0,373.0,2026-06-05
Curtis Samuel,WR,FA,376.0,0.0,376.0,376.0,2026-06-05
Jacob Cowing,WR,SF,377.0,0.0,377.0,377.0,2026-06-05
DeAndre Hopkins,WR,BAL,378.0,0.0,378.0,378.0,2026-06-05
Gabe Davis,WR,FA,380.0,0.0,380.0,380.0,2026-06-05
Jermaine Burton,WR,FA,384.0,0.0,384.0,384.0,2026-06-05
Elijah Mitchell,RB,PHI,386.0,0.0,386.0,386.0,2026-06-05
Trey Sermon,RB,FA,387.0,0.0,387.0,387.0,2026-06-05
Ja'Quinden Jackson,RB,FA,388.0,0.0,388.0,388.0,2026-06-05
Josh Allen,QB,BUF,1.03,0.16,1.0,2.0,2026-05-29
Lamar Jackson,QB,BAL,2.44,0.74,2.0,5.0,2026-05-29
Drake Maye,QB,NE,3.08,0.76,2.0,5.0,2026-05-29
Joe Burrow,QB,CIN,4.79,2.43,2.0,16.0,2026-05-29
Jayden Daniels,QB,WAS,5.87,2.17,3.0,16.0,2026-05-29
Jalen Hurts,QB,PHI,6.31,1.98,3.0,15.0,2026-05-29
Ja'Marr Chase,WR,CIN,6.95,1.97,6.0,12.0,2026-05-29
Puka Nacua,WR,LAR,10.64,2.11,6.0,17.0,2026-05-29
Bijan Robinson,RB,ATL,10.67,1.27,10.0,14.0,2026-05-29
Jaxson Dart,QB,NYG,11.36,4.67,7.0,26.0,2026-05-29
Justin Herbert,QB,LAC,12.18,5.83,7.0,30.0,2026-05-29
Jaxon Smith-Njigba,WR,SEA,12.18,0.71,11.0,15.0,2026-05-29
Jahmyr Gibbs,RB,DET,13.38,4.7,6.0,40.0,2026-05-29
Caleb Williams,QB,CHI,14.15,4.81,4.0,26.0,2026-05-29
Trevor Lawrence,QB,JAC,15.79,4.2,7.0,26.0,2026-05-29
Dak Prescott,QB,DAL,16.1,4.54,7.0,26.0,2026-05-29
Amon-Ra St. Brown,WR,DET,17.1,5.06,11.0,41.0,2026-05-29
Christian McCaffrey,RB,SF,17.74,6.64,13.0,42.0,2026-05-29
CeeDee Lamb,WR,DAL,19.56,5.34,14.0,43.0,2026-05-29
Brock Purdy,QB,SF,20.56,4.67,10.0,32.0,2026-05-29
Justin Jefferson,WR,MIN,21.23,4.38,14.0,44.0,2026-05-29
Jonathan Taylor,RB,IND,24.49,8.12,15.0,49.0,2026-05-29
Drake London,WR,ATL,24.67,4.59,21.0,47.0,2026-05-29
Patrick Mahomes II,QB,KC,25.82,5.56,16.0,41.0,2026-05-29
Nico Collins,WR,HOU,28.38,6.74,23.0,51.0,2026-05-29
Bo Nix,QB,DEN,28.54,5.4,15.0,41.0,2026-05-29
Matthew Stafford,QB,LAR,28.69,7.26,8.0,41.0,2026-05-29
De'Von Achane,RB,MIA,29.03,7.75,15.0,58.0,2026-05-29
Malik Nabers,WR,NYG,30.82,8.38,23.0,53.0,2026-05-29
Ashton Jeanty,RB,LV,33.36,6.96,20.0,51.0,2026-05-29
George Pickens,WR,DAL,33.51,4.8,27.0,50.0,2026-05-29
Trey McBride,TE,ARI,33.67,4.98,31.0,51.0,2026-05-29
Chris Olave,WR,NO,34.31,7.77,24.0,62.0,2026-05-29
Jared Goff,QB,DET,36.49,9.08,17.0,55.0,2026-05-29
Rashee Rice,WR,KC,36.79,10.96,23.0,63.0,2026-05-29
A.J. Brown,WR,PHI,37.21,7.03,24.0,57.0,2026-05-29
James Cook III,RB,BUF,37.51,7.63,18.0,48.0,2026-05-29
Brock Bowers,TE,LV,38.31,4.63,31.0,57.0,2026-05-29
Chase Brown,RB,CIN,38.44,5.14,25.0,48.0,2026-05-29
Kyler Murray,QB,MIN,40.36,12.79,17.0,64.0,2026-05-29
Omarion Hampton,RB,LAC,43.44,8.43,25.0,65.0,2026-05-29
Jordan Love,QB,GB,43.77,8.78,24.0,56.0,2026-05-29
Tetairoa McMillan,WR,CAR,44.69,7.5,34.0,63.0,2026-05-29
Saquon Barkley,RB,PHI,45.59,6.49,33.0,66.0,2026-05-29
Malik Willis,QB,MIA,46.79,13.42,18.0,83.0,2026-05-29
Garrett Wilson,WR,NYJ,46.85,5.71,35.0,66.0,2026-05-29
Baker Mayfield,QB,TB,48.33,9.93,23.0,60.0,2026-05-29
Tyler Shough,QB,NO,48.82,10.19,26.0,64.0,2026-05-29
DeVonta Smith,WR,PHI,49.64,10.79,35.0,69.0,2026-05-29
Kenneth Walker III,RB,KC,50.26,9.19,33.0,74.0,2026-05-29
Tee Higgins,WR,CIN,50.26,6.33,36.0,63.0,2026-05-29
Jeremiyah Love,RB,ARI,52.79,9.52,33.0,76.0,2026-05-29
Colston Loveland,TE,CHI,53.82,12.95,39.0,86.0,2026-05-29
Ladd McConkey,WR,LAC,53.97,8.55,36.0,79.0,2026-05-29
Zay Flowers,WR,BAL,58.38,8.7,36.0,78.0,2026-05-29
Breece Hall,RB,NYJ,58.92,6.85,48.0,73.0,2026-05-29
Josh Jacobs,RB,GB,59.41,11.55,46.0,99.0,2026-05-29
Jaylen Waddle,WR,DEN,59.46,9.28,36.0,77.0,2026-05-29
C.J. Stroud,QB,HOU,59.67,8.48,25.0,76.0,2026-05-29
Derrick Henry,RB,BAL,60.0,8.78,42.0,77.0,2026-05-29
Luther Burden III,WR,CHI,60.87,8.37,43.0,89.0,2026-05-29
Sam Darnold,QB,SEA,61.59,9.89,26.0,83.0,2026-05-29
Terry McLaurin,WR,WAS,62.46,7.48,44.0,78.0,2026-05-29
Emeka Egbuka,WR,TB,64.26,8.42,45.0,82.0,2026-05-29
Travis Etienne Jr.,RB,NO,64.9,5.66,54.0,77.0,2026-05-29
Davante Adams,WR,LAR,64.95,8.04,53.0,93.0,2026-05-29
Kyren Williams,RB,LAR,65.36,8.22,48.0,78.0,2026-05-29
Javonte Williams,RB,DAL,67.49,9.25,48.0,81.0,2026-05-29
Cam Ward,QB,TEN,67.72,8.42,33.0,83.0,2026-05-29
Bryce Young,QB,CAR,68.18,9.48,28.0,87.0,2026-05-29
Mike Evans,WR,SF,69.72,8.18,51.0,89.0,2026-05-29
Jameson Williams,WR,DET,71.56,7.71,53.0,92.0,2026-05-29
Bucky Irving,RB,TB,74.64,9.49,53.0,99.0,2026-05-29
DJ Moore,WR,BUF,75.79,14.63,44.0,128.0,2026-05-29
Daniel Jones,QB,IND,76.29,20.95,27.0,183.0,2026-05-29
Tyler Warren,TE,IND,76.44,11.22,47.0,93.0,2026-05-29
Cam Skattebo,RB,NYG,78.18,7.75,61.0,95.0,2026-05-29
Christian Watson,WR,GB,79.95,10.45,63.0,110.0,2026-05-29
Rome Odunze,WR,CHI,80.85,10.41,62.0,110.0,2026-05-29
TreVeyon Henderson,RB,NE,82.03,10.12,65.0,104.0,2026-05-29
Jacoby Brissett,QB,ARI,82.66,18.54,27.0,127.0,2026-05-29
Carnell Tate,WR,TEN,83.92,15.61,53.0,117.0,2026-05-29
Quinshon Judkins,RB,CLE,84.36,8.74,67.0,97.0,2026-05-29
D'Andre Swift,RB,CHI,87.23,7.18,77.0,99.0,2026-05-29
David Montgomery,RB,HOU,87.51,9.25,71.0,111.0,2026-05-29
Marvin Harrison Jr.,WR,ARI,90.13,10.06,73.0,129.0,2026-05-29
Tucker Kraft,TE,GB,91.56,9.81,76.0,113.0,2026-05-29
Courtland Sutton,WR,DEN,91.9,10.51,73.0,107.0,2026-05-29
Jaylen Warren,RB,PIT,92.21,6.23,85.0,108.0,2026-05-29
Harold Fannin Jr.,TE,CLE,93.05,9.47,78.0,121.0,2026-05-29
RJ Harvey,RB,DEN,95.1,12.71,81.0,132.0,2026-05-29
Michael Wilson,WR,ARI,95.82,10.81,70.0,122.0,2026-05-29
Bhayshul Tuten,RB,JAC,96.03,6.81,79.0,116.0,2026-05-29
Jordyn Tyson,WR,NO,96.56,11.31,72.0,117.0,2026-05-29
DK Metcalf,WR,PIT,96.59,9.7,73.0,112.0,2026-05-29
Chuba Hubbard,RB,CAR,96.79,10.4,71.0,130.0,2026-05-29
Chris Godwin Jr.,WR,TB,97.31,9.46,80.0,122.0,2026-05-29
Fernando Mendoza,QB,LV,98.09,32.75,30.0,192.0,2026-05-29
Alec Pierce,WR,IND,98.64,12.28,74.0,122.0,2026-05-29
Jadarian Price,RB,SEA,98.85,8.25,77.0,114.0,2026-05-29
Kyle Pitts Sr.,TE,ATL,101.38,8.03,86.0,115.0,2026-05-29
Jakobi Meyers,WR,JAC,102.03,9.48,82.0,118.0,2026-05-29
Michael Pittman Jr.,WR,PIT,103.41,12.43,80.0,132.0,2026-05-29
Rico Dowdle,RB,PIT,104.56,7.98,92.0,130.0,2026-05-29
Rhamondre Stevenson,RB,NE,104.97,7.31,92.0,120.0,2026-05-29
Sam LaPorta,TE,DET,105.05,6.26,88.0,119.0,2026-05-29
Makai Lemon,WR,PHI,105.13,7.18,86.0,118.0,2026-05-29
Wan'Dale Robinson,WR,TEN,106.33,10.25,90.0,132.0,2026-05-29
Tony Pollard,RB,TEN,106.64,7.01,89.0,124.0,2026-05-29
Brian Thomas Jr.,WR,JAC,106.85,12.83,75.0,134.0,2026-05-29
Kyle Monangai,RB,CHI,113.08,7.58,97.0,130.0,2026-05-29
Geno Smith,QB,NYJ,115.33,36.15,32.0,184.0,2026-05-29
Ricky Pearsall,WR,SF,115.74,15.23,91.0,157.0,2026-05-29
Parker Washington,WR,JAC,116.05,12.48,80.0,139.0,2026-05-29
Jordan Addison,WR,MIN,118.49,6.68,101.0,133.0,2026-05-29
Aaron Jones Sr.,RB,MIN,118.92,12.35,101.0,150.0,2026-05-29
Jake Ferguson,TE,DAL,119.56,6.64,106.0,135.0,2026-05-29
Kenneth Gainwell,RB,TB,120.56,13.95,99.0,152.0,2026-05-29
Josh Downs,WR,IND,121.13,11.97,91.0,144.0,2026-05-29
Michael Penix Jr.,QB,ATL,121.97,42.13,34.0,278.0,2026-05-29
Aaron Rodgers,QB,PIT,122.36,38.57,36.0,182.0,2026-05-29
Dalton Kincaid,TE,BUF,123.41,10.71,109.0,161.0,2026-05-29
J.K. Dobbins,RB,DEN,123.51,12.02,104.0,152.0,2026-05-29
Travis Kelce,TE,KC,124.51,18.1,93.0,189.0,2026-05-29
Blake Corum,RB,LAR,125.82,7.55,108.0,142.0,2026-05-29
Jayden Reed,WR,GB,125.87,8.1,110.0,144.0,2026-05-29
Khalil Shakir,WR,BUF,126.69,7.85,101.0,138.0,2026-05-29
Quentin Johnston,WR,LAC,129.36,7.96,110.0,148.0,2026-05-29
Jayden Higgins,WR,HOU,131.82,6.44,118.0,147.0,2026-05-29
Rachaad White,RB,WAS,132.59,13.68,92.0,165.0,2026-05-29
Justin Fields,QB,KC,132.6,61.1,35.0,184.0,2026-05-29
George Kittle,TE,SF,133.74,22.07,93.0,197.0,2026-05-29
Shedeur Sanders,QB,CLE,135.27,42.52,40.0,268.0,2026-05-29
Isaiah Likely,TE,NYG,135.82,21.57,106.0,194.0,2026-05-29
Jacory Croskey-Merritt,RB,WAS,138.0,14.59,123.0,217.0,2026-05-29
Xavier Worthy,WR,KC,139.51,10.18,114.0,170.0,2026-05-29
Tyler Allgeier,RB,ARI,140.1,12.57,116.0,172.0,2026-05-29
Dallas Goedert,TE,PHI,140.23,13.89,101.0,164.0,2026-05-29
Romeo Doubs,WR,NE,140.36,15.22,102.0,178.0,2026-05-29
Jordan Mason,RB,MIN,142.97,9.85,120.0,166.0,2026-05-29
Tua Tagovailoa,QB,ATL,143.34,31.17,35.0,184.0,2026-05-29
Oronde Gadsden II,TE,LAC,143.36,34.35,113.0,227.0,2026-05-29
Woody Marks,RB,HOU,143.41,16.72,111.0,196.0,2026-05-29
Tyrone Tracy Jr.,RB,NYG,143.85,9.27,120.0,162.0,2026-05-29
Jalen Coker,WR,CAR,144.28,8.58,126.0,169.0,2026-05-29
Zach Charbonnet,RB,SEA,144.49,17.24,99.0,195.0,2026-05-29
KC Concepcion,WR,CLE,145.95,28.89,89.0,222.0,2026-05-29
Juwan Johnson,TE,NO,146.97,14.14,125.0,184.0,2026-05-29
Matthew Golden,WR,GB,149.41,13.57,129.0,176.0,2026-05-29
Tyjae Spears,RB,TEN,150.13,9.73,114.0,176.0,2026-05-29
Brenton Strange,TE,JAC,152.13,19.63,114.0,197.0,2026-05-29
J.J. McCarthy,QB,MIN,152.53,52.77,70.0,277.0,2026-05-29
Stefon Diggs,WR,FA,152.81,29.22,101.0,264.0,2026-05-29
Alvin Kamara,RB,NO,152.85,12.34,119.0,182.0,2026-05-29
Dylan Sampson,RB,CLE,154.15,11.18,132.0,194.0,2026-05-29
Mark Andrews,TE,BAL,154.36,16.43,124.0,184.0,2026-05-29
Jauan Jennings,WR,MIN,155.22,19.66,112.0,191.0,2026-05-29
Deebo Samuel Sr.,WR,FA,156.61,18.28,134.0,203.0,2026-05-29
Jonathon Brooks,RB,CAR,157.08,28.11,116.0,229.0,2026-05-29
Chris Rodriguez Jr.,RB,JAC,157.31,21.81,129.0,214.0,2026-05-29
James Conner,RB,ARI,157.97,24.24,105.0,247.0,2026-05-29
Isiah Pacheco,RB,DET,158.26,8.6,131.0,175.0,2026-05-29
Rashid Shaheed,WR,SEA,160.13,8.31,147.0,176.0,2026-05-29
Jerry Jeudy,WR,CLE,160.72,10.53,147.0,191.0,2026-05-29
Deshaun Watson,QB,CLE,162.84,50.95,39.0,287.0,2026-05-29
Travis Hunter,WR,JAC,163.9,21.04,109.0,219.0,2026-05-29
Denzel Boston,WR,CLE,164.53,19.69,138.0,221.0,2026-05-29
Omar Cooper Jr.,WR,NYJ,164.71,24.78,128.0,237.0,2026-05-29
Jonah Coleman,RB,DEN,164.97,19.55,143.0,245.0,2026-05-29
Hunter Henry,TE,NE,166.67,10.58,142.0,193.0,2026-05-29
Braelon Allen,RB,NYJ,166.79,15.67,132.0,229.0,2026-05-29
Keaton Mitchell,RB,LAC,167.1,12.73,146.0,220.0,2026-05-29
Kirk Cousins,QB,LV,168.04,43.92,38.0,292.0,2026-05-29
Brandon Aiyuk,WR,SF,169.61,17.88,144.0,229.0,2026-05-29
Dalton Schultz,TE,HOU,171.59,17.87,136.0,209.0,2026-05-29
Adonai Mitchell,WR,NYJ,172.28,13.75,151.0,222.0,2026-05-29
Brian Robinson Jr.,RB,ATL,174.62,11.5,154.0,213.0,2026-05-29
Chig Okonkwo,TE,WAS,175.85,26.99,121.0,227.0,2026-05-29
Emanuel Wilson,RB,SEA,176.72,22.74,132.0,225.0,2026-05-29
Tre' Harris,WR,LAC,178.21,13.42,144.0,229.0,2026-05-29
Kayshon Boutte,WR,NE,178.41,9.45,153.0,204.0,2026-05-29
Mac Jones,QB,SF,179.56,42.33,127.0,282.0,2026-05-29
Tyreek Hill,WR,FA,179.74,33.95,132.0,296.0,2026-05-29
Marcus Mariota,QB,WAS,180.0,0.0,180.0,180.0,2026-05-29
Antonio Williams,WR,WAS,180.21,30.32,142.0,270.0,2026-05-29
Emmett Johnson,RB,KC,181.57,23.39,153.0,286.0,2026-05-29
Joe Milton III,QB,DAL,182.0,0.0,182.0,182.0,2026-05-29
Troy Franklin,WR,DEN,182.0,17.69,146.0,230.0,2026-05-29
Tank Bigsby,RB,PHI,182.36,13.72,159.0,211.0,2026-05-29
Jalen McMillan,WR,TB,182.67,19.58,158.0,266.0,2026-05-29
Riley Leonard,QB,IND,184.0,0.0,184.0,184.0,2026-05-29
Jaylin Noel,WR,HOU,185.16,15.87,158.0,241.0,2026-05-29
T.J. Hockenson,TE,MIN,185.97,12.94,148.0,216.0,2026-05-29
Mike Washington Jr.,RB,LV,186.78,22.79,155.0,274.0,2026-05-29
Tre Tucker,WR,LV,188.55,17.25,160.0,260.0,2026-05-29
Kimani Vidal,RB,LAC,190.26,18.29,160.0,223.0,2026-05-29
Kenyon Sadiq,TE,NYJ,191.22,21.7,142.0,250.0,2026-05-29
Pat Bryant,WR,DEN,191.79,14.99,174.0,248.0,2026-05-29
Chimere Dike,WR,TEN,194.58,25.62,149.0,244.0,2026-05-29
Calvin Ridley,WR,TEN,195.9,18.53,169.0,270.0,2026-05-29
Nicholas Singleton,RB,TEN,196.33,31.92,145.0,268.0,2026-05-29
Isaac TeSlaa,WR,DET,197.29,14.89,179.0,274.0,2026-05-29
Darnell Mooney,WR,NYG,197.89,14.23,166.0,254.0,2026-05-29
AJ Barner,TE,SEA,198.08,13.68,155.0,227.0,2026-05-29
Ryan Flournoy,WR,DAL,198.56,21.2,173.0,294.0,2026-05-29
Kaytron Allen,RB,WAS,199.65,29.4,153.0,271.0,2026-05-29
Ray Davis,RB,BUF,201.31,15.23,163.0,232.0,2026-05-29
Sean Tucker,RB,TB,202.21,16.16,164.0,253.0,2026-05-29
Ty Simpson,QB,LAR,202.78,38.15,182.0,296.0,2026-05-29
Dontayvion Wicks,WR,PHI,202.86,11.14,171.0,227.0,2026-05-29
Anthony Richardson Sr.,QB,IND,205.0,45.66,177.0,284.0,2026-05-29
Jaylen Wright,RB,MIA,205.74,17.87,166.0,252.0,2026-05-29
Chris Bell,WR,MIA,208.39,31.16,147.0,271.0,2026-05-29
Gunnar Helm,TE,TEN,208.64,18.88,183.0,286.0,2026-05-29
Elic Ayomanor,WR,TEN,208.69,27.12,170.0,288.0,2026-05-29
Germie Bernard,WR,PIT,212.21,30.37,159.0,266.0,2026-05-29
Trey Benson,RB,ARI,215.5,41.16,141.0,285.0,2026-05-29
Carson Beck,QB,ARI,216.0,0.0,216.0,216.0,2026-05-29
Tank Dell,WR,HOU,216.11,15.08,191.0,249.0,2026-05-29
David Njoku,TE,LAC,216.44,14.27,183.0,250.0,2026-05-29
Devin Neal,RB,NO,217.0,25.35,179.0,318.0,2026-05-29
Terrance Ferguson,TE,LAR,217.26,14.4,183.0,256.0,2026-05-29
Kaleb Johnson,RB,PIT,217.47,27.84,159.0,294.0,2026-05-29
Jalen Nailor,WR,LV,218.51,33.68,157.0,296.0,2026-05-29
Greg Dulcich,TE,MIA,219.31,35.66,126.0,273.0,2026-05-29
Rashod Bateman,WR,BAL,220.38,18.59,190.0,261.0,2026-05-29
Ollie Gordon II,RB,MIA,220.92,17.15,165.0,251.0,2026-05-29
Cooper Kupp,WR,SEA,223.65,18.02,187.0,265.0,2026-05-29
Malik Washington,WR,MIA,223.71,24.47,171.0,273.0,2026-05-29
Mason Taylor,TE,NYJ,224.03,24.98,180.0,316.0,2026-05-29
Marvin Mims Jr.,WR,DEN,224.11,21.49,195.0,270.0,2026-05-29
Cade Otton,TE,TB,224.72,9.15,197.0,246.0,2026-05-29
Zachariah Branch,WR,ATL,224.83,21.98,173.0,263.0,2026-05-29
De'Zhaun Stribling,WR,SF,225.65,28.9,171.0,308.0,2026-05-29
Kyle Williams,WR,NE,226.19,23.35,191.0,274.0,2026-05-29
Demond Claiborne,RB,MIN,227.03,26.47,177.0,280.0,2026-05-29
Keon Coleman,WR,BUF,227.94,23.0,188.0,278.0,2026-05-29
Chris Brazzell II,WR,CAR,228.23,17.79,192.0,278.0,2026-05-29
Malachi Fields,WR,NYG,228.59,29.21,194.0,320.0,2026-05-29
Pat Freiermuth,TE,PIT,228.71,13.9,202.0,279.0,2026-05-29
Najee Harris,RB,LAC,229.91,21.5,175.0,275.0,2026-05-29
Eli Stowers,TE,PHI,230.0,25.15,179.0,326.0,2026-05-29
Isaiah Davis,RB,NYJ,230.38,16.92,207.0,275.0,2026-05-29
Jack Bech,WR,LV,230.41,28.33,149.0,333.0,2026-05-29
Elijah Sarratt,WR,BAL,232.11,21.93,173.0,302.0,2026-05-29
Brashard Smith,RB,KC,232.38,17.34,206.0,286.0,2026-05-29
Colby Parkinson,TE,LAR,232.66,13.2,198.0,275.0,2026-05-29
Tory Horton,WR,SEA,233.27,18.53,205.0,282.0,2026-05-29
Christian Kirk,WR,SF,233.56,25.42,164.0,288.0,2026-05-29
Evan Engram,TE,DEN,234.41,14.48,194.0,262.0,2026-05-29
Kendre Miller,RB,NO,235.56,30.25,179.0,322.0,2026-05-29
Xavier Legette,WR,CAR,235.59,23.31,201.0,275.0,2026-05-29
Skyler Bell,WR,BUF,235.63,31.32,171.0,330.0,2026-05-29
Theo Johnson,TE,NYG,236.05,24.27,161.0,267.0,2026-05-29
Mack Hollins,WR,NE,236.58,33.85,191.0,339.0,2026-05-29
Keenan Allen,WR,LAC,238.31,19.35,189.0,263.0,2026-05-29
Adam Randall,RB,BAL,241.04,22.54,211.0,285.0,2026-05-29
Ty Johnson,RB,BUF,242.38,19.38,213.0,327.0,2026-05-29
LeQuint Allen Jr.,RB,JAC,242.7,24.86,176.0,283.0,2026-05-29
Ja'Kobi Lane,WR,BAL,243.05,25.02,199.0,305.0,2026-05-29
Ted Hurst III,WR,TB,243.08,24.02,172.0,292.0,2026-05-29
Jake Tonges,TE,SF,243.7,22.93,193.0,315.0,2026-05-29
Darius Slayton,WR,NYG,246.05,27.52,195.0,345.0,2026-05-29
Joe Flacco,QB,CIN,246.5,50.5,196.0,297.0,2026-05-29
Kaelon Black,RB,SF,247.5,30.82,200.0,296.0,2026-05-29
Justice Hill,RB,BAL,247.81,17.83,200.0,273.0,2026-05-29
Devaughn Vele,WR,NO,247.89,21.69,206.0,330.0,2026-05-29
Mike Gesicki,TE,CIN,248.33,14.99,209.0,282.0,2026-05-29
Jaleel McLaughlin,RB,DEN,249.25,26.37,202.0,304.0,2026-05-29
Jaydon Blue,RB,DAL,249.57,20.4,204.0,302.0,2026-05-29
DJ Giddens,RB,IND,250.24,22.67,202.0,304.0,2026-05-29
Jerome Ford,RB,WAS,250.5,17.09,212.0,286.0,2026-05-29
Andrei Iosivas,WR,CIN,251.48,21.23,219.0,306.0,2026-05-29
George Holani,RB,SEA,251.52,19.2,214.0,283.0,2026-05-29
Chris Brooks,RB,GB,252.97,24.29,169.0,283.0,2026-05-29
Konata Mumpfield,WR,LAR,253.1,18.13,230.0,310.0,2026-05-29
Joe Mixon,RB,FA,256.7,33.18,163.0,303.0,2026-05-29
Jordan James,RB,SF,256.94,36.29,172.0,339.0,2026-05-29
Tyquan Thornton,WR,KC,257.2,24.69,180.0,330.0,2026-05-29
Isaac Guerendo,RB,SF,258.97,21.72,211.0,293.0,2026-05-29
MarShawn Lloyd,RB,GB,258.97,26.93,178.0,291.0,2026-05-29
Hollywood Brown,WR,PHI,259.82,17.44,233.0,324.0,2026-05-29
Devin Singletary,RB,NYG,260.33,16.96,205.0,289.0,2026-05-29
Isaiah Bond,WR,CLE,260.57,24.67,231.0,335.0,2026-05-29
Bryce Lance,WR,NO,263.17,33.21,204.0,328.0,2026-05-29
Samaje Perine,RB,CIN,264.47,26.86,185.0,345.0,2026-05-29
Mitch Tinsley,WR,CIN,265.0,0.0,265.0,265.0,2026-05-29
Max Klare,TE,LAR,265.07,17.46,240.0,309.0,2026-05-29
Malik Davis,RB,DAL,265.53,14.59,229.0,294.0,2026-05-29
Jahan Dotson,WR,ATL,265.86,32.41,181.0,328.0,2026-05-29
Elijah Moore,WR,PHI,266.0,0.0,266.0,266.0,2026-05-29
Cedric Tillman,WR,CLE,266.42,19.1,243.0,332.0,2026-05-29
Jalen Royals,WR,KC,267.5,26.5,234.0,334.0,2026-05-29
Eli Heidenreich,RB,PIT,268.1,39.96,179.0,324.0,2026-05-29
Tez Johnson,WR,TB,268.45,20.12,237.0,322.0,2026-05-29
Tyler Higbee,TE,LAR,268.82,19.07,236.0,295.0,2026-05-29
Bam Knight,RB,ARI,269.29,31.7,205.0,336.0,2026-05-29
Darnell Washington,TE,PIT,270.36,22.19,236.0,330.0,2026-05-29
Seth McGowan,RB,IND,270.65,14.04,229.0,294.0,2026-05-29
Jarquez Hunter,RB,LAR,271.32,17.32,220.0,314.0,2026-05-29
Calvin Austin III,WR,NYG,271.48,33.09,230.0,342.0,2026-05-29
Luke McCaffrey,WR,WAS,271.71,20.41,245.0,332.0,2026-05-29
Emari Demercado,RB,KC,271.76,12.15,245.0,293.0,2026-05-29
Dont'e Thornton Jr.,WR,LV,273.77,26.85,244.0,331.0,2026-05-29
Tahj Brooks,RB,CIN,273.78,15.33,243.0,325.0,2026-05-29
Trevor Etienne,RB,CAR,274.47,10.76,249.0,296.0,2026-05-29
Brandin Cooks,WR,FA,275.5,25.5,250.0,301.0,2026-05-29
Khalil Herbert,RB,FA,276.0,0.0,276.0,276.0,2026-05-29
Kalif Raymond,WR,CHI,278.0,49.02,205.0,352.0,2026-05-29
Kareem Hunt,RB,FA,278.24,22.03,235.0,352.0,2026-05-29
Audric Estime,RB,NO,278.55,16.25,252.0,324.0,2026-05-29
Olamide Zaccheaus,WR,ATL,278.67,20.45,247.0,320.0,2026-05-29
Rasheen Ali,RB,BAL,279.0,0.0,279.0,279.0,2026-05-29
Oscar Delp,TE,NO,279.0,25.16,246.0,329.0,2026-05-29
Noah Gray,TE,KC,279.23,19.53,246.0,306.0,2026-05-29
Elijah Arroyo,TE,SEA,279.5,23.86,247.0,313.0,2026-05-29
Nick Westbrook-Ikhine,WR,IND,279.67,64.97,188.0,331.0,2026-05-29
Raheem Mostert,RB,LV,280.0,0.0,280.0,280.0,2026-05-29
Ja'Tavion Sanders,TE,CAR,280.75,24.63,249.0,316.0,2026-05-29
Tim Patrick,WR,NYJ,281.0,0.0,281.0,281.0,2026-05-29
Tommy Myers,TE,FA,282.0,34.39,250.0,355.0,2026-05-29
Michael Mayer,TE,LV,282.57,22.66,252.0,312.0,2026-05-29
Will Shipley,RB,PHI,283.35,10.94,269.0,306.0,2026-05-29
Jalen Tolbert,WR,MIA,285.3,33.73,222.0,329.0,2026-05-29
Joshua Palmer,WR,BUF,286.0,27.29,248.0,338.0,2026-05-29
Brenen Thompson,WR,LAC,286.0,25.83,235.0,327.0,2026-05-29
Caleb Douglas,WR,MIA,287.78,30.5,230.0,331.0,2026-05-29
Xavier Hutchinson,WR,HOU,287.82,22.65,260.0,333.0,2026-05-29
John Metchie III,WR,CAR,288.09,31.98,245.0,348.0,2026-05-29
Kalel Mullings,RB,TEN,290.0,0.0,290.0,290.0,2026-05-29
Nick Chubb,RB,FA,290.47,16.12,274.0,320.0,2026-05-29
Cyrus Allen,WR,KC,291.5,56.72,209.0,367.0,2026-05-29
Justin Joly,TE,DEN,291.67,28.2,231.0,335.0,2026-05-29
Treylon Burks,WR,WAS,291.83,30.0,244.0,334.0,2026-05-29
DeMario Douglas,WR,NE,292.25,32.12,244.0,353.0,2026-05-29
John Bates,TE,WAS,292.29,35.41,246.0,359.0,2026-05-29
Nate Boerkircher,TE,JAC,293.0,0.0,293.0,293.0,2026-05-29
KaVontae Turpin,WR,DAL,293.5,56.7,236.0,362.0,2026-05-29
Michael Carter,RB,TEN,293.76,22.04,275.0,347.0,2026-05-29
Austin Ekeler,RB,FA,294.0,17.42,272.0,333.0,2026-05-29
Terrell Jennings,RB,NE,295.0,23.96,275.0,341.0,2026-05-29
Xavier Restrepo,WR,TEN,295.0,2.0,293.0,297.0,2026-05-29
Jameis Winston,QB,NYG,295.0,0.0,295.0,295.0,2026-05-29
Greg Dortch,WR,DET,295.0,0.0,295.0,295.0,2026-05-29
J'Mari Taylor,RB,JAC,295.8,22.47,277.0,348.0,2026-05-29
Zavier Scott,RB,MIN,296.0,0.0,296.0,296.0,2026-05-29
Jaylin Lane,WR,WAS,297.0,26.64,261.0,346.0,2026-05-29
Jared Wiley,TE,KC,298.0,0.0,298.0,298.0,2026-05-29
Gardner Minshew II,QB,ARI,298.0,0.0,298.0,298.0,2026-05-29
Austin Hooper,TE,ATL,298.0,0.0,298.0,298.0,2026-05-29
Kevin Coleman Jr.,WR,MIA,298.17,33.16,251.0,351.0,2026-05-29
Kyle Juszczyk,RB,SF,299.0,0.0,299.0,299.0,2026-05-29
Cole Kmet,TE,CHI,299.83,20.29,264.0,319.0,2026-05-29
Julian Fleming,WR,FA,300.0,0.0,300.0,300.0,2026-05-29
Mitchell Evans,TE,CAR,301.0,0.0,301.0,301.0,2026-05-29
Ben Sinnott,TE,WAS,302.0,19.6,272.0,340.0,2026-05-29
Tai Felton,WR,MIN,302.67,59.22,242.0,383.0,2026-05-29
Jawhar Jordan,RB,HOU,303.13,19.85,277.0,336.0,2026-05-29
Darren Waller,TE,FA,303.17,9.17,289.0,316.0,2026-05-29
Jam Miller,RB,NE,304.33,14.29,287.0,322.0,2026-05-29
Donovan Edwards,RB,MIA,305.0,0.0,305.0,305.0,2026-05-29
Raheim Sanders,RB,CLE,305.78,22.4,276.0,338.0,2026-05-29
Tommy Tremble,TE,CAR,306.0,0.0,306.0,306.0,2026-05-29
Roman Wilson,WR,PIT,307.0,0.0,307.0,307.0,2026-05-29
Roschon Johnson,RB,CHI,307.5,24.5,283.0,332.0,2026-05-29
Savion Williams,WR,GB,308.29,30.92,270.0,372.0,2026-05-29
Dawson Knox,TE,BUF,309.33,15.02,289.0,332.0,2026-05-29
Malik Benson,WR,LV,309.6,68.95,174.0,364.0,2026-05-29
Ty Chandler,RB,NO,311.0,32.0,279.0,343.0,2026-05-29
Diontae Johnson,WR,FA,311.0,0.0,311.0,311.0,2026-05-29
Marlin Klein,TE,HOU,312.0,18.67,286.0,329.0,2026-05-29
Damien Martinez,RB,GB,312.0,23.52,277.0,343.0,2026-05-29
Antonio Gibson,RB,FA,312.2,29.85,280.0,363.0,2026-05-29
Jonnu Smith,TE,FA,312.33,51.73,240.0,358.0,2026-05-29
Tutu Atwell,WR,MIA,312.43,29.9,254.0,354.0,2026-05-29
Noah Fant,TE,NO,313.0,12.35,300.0,334.0,2026-05-29
Durham Smythe,TE,BAL,313.0,0.0,313.0,313.0,2026-05-29
Luke Musgrave,TE,GB,313.6,9.77,296.0,324.0,2026-05-29
Kendrick Bourne,WR,ARI,314.67,36.84,266.0,374.0,2026-05-29
Dameon Pierce,RB,PHI,314.71,16.5,295.0,343.0,2026-05-29
Daniel Bellinger,TE,TEN,314.75,35.33,257.0,350.0,2026-05-29
Jack Endries,TE,CIN,315.0,0.0,315.0,315.0,2026-05-29
Sam Roush,TE,CHI,317.0,20.07,299.0,345.0,2026-05-29
CJ Daniels,WR,LAR,317.2,31.46,276.0,351.0,2026-05-29
Tanner Koziol,TE,JAC,319.0,0.0,319.0,319.0,2026-05-29
Tyler Conklin,TE,DET,321.0,0.0,321.0,321.0,2026-05-29
Jackson Hawes,TE,BUF,321.0,0.0,321.0,321.0,2026-05-29
Zach Ertz,TE,FA,321.4,9.81,312.0,340.0,2026-05-29
Theo Wease Jr.,WR,MIA,321.5,28.5,293.0,350.0,2026-05-29
Eli Raridon,TE,NE,322.0,39.45,263.0,375.0,2026-05-29
Zamir White,RB,LV,323.0,0.0,323.0,323.0,2026-05-29
Erick All Jr.,TE,CIN,323.0,0.0,323.0,323.0,2026-05-29
Zavion Thomas,WR,CHI,324.2,32.82,280.0,370.0,2026-05-29
Jordan Whittington,WR,LAR,326.0,45.0,281.0,371.0,2026-05-29
Dylan Laube,RB,LV,326.0,0.0,326.0,326.0,2026-05-29
Dyami Brown,WR,WAS,327.0,55.0,272.0,382.0,2026-05-29
Deion Burks,WR,IND,328.2,34.38,288.0,381.0,2026-05-29
Elijah Higgins,TE,ARI,330.5,20.01,302.0,357.0,2026-05-29
Tyler Badie,RB,DEN,331.0,13.0,318.0,344.0,2026-05-29
Luke Schoonmaker,TE,DAL,333.0,8.0,325.0,341.0,2026-05-29
Robert Henry Jr.,RB,WAS,334.0,7.26,324.0,341.0,2026-05-29
Michael Trigg,TE,DAL,335.5,25.5,310.0,361.0,2026-05-29
Roman Hemby,RB,LV,337.0,0.0,337.0,337.0,2026-05-29
Jeremy McNichols,RB,WAS,340.0,0.0,340.0,340.0,2026-05-29
Jaydn Ott,RB,KC,340.0,0.0,340.0,340.0,2026-05-29
Demarcus Robinson,WR,SF,340.33,6.02,332.0,346.0,2026-05-29
Phil Mafah,RB,DAL,341.0,3.0,338.0,344.0,2026-05-29
Antwane Wells Jr.,WR,FA,342.0,43.0,299.0,385.0,2026-05-29
Reggie Virgil,WR,ARI,342.0,0.0,342.0,342.0,2026-05-29
Thomas Fidone II,TE,NYG,343.5,25.5,318.0,369.0,2026-05-29
Tyler Lockett,WR,LV,344.0,0.0,344.0,344.0,2026-05-29
Will Dissly,TE,FA,356.0,0.0,356.0,356.0,2026-05-29
Devontez Walker,WR,BAL,357.5,21.5,336.0,379.0,2026-05-29
Marquez Valdes-Scantling,WR,DAL,360.0,0.0,360.0,360.0,2026-05-29
Gus Edwards,RB,FA,365.0,0.0,365.0,365.0,2026-05-29
Cam Akers,RB,FA,366.0,0.0,366.0,366.0,2026-05-29
Taysom Hill,TE,FA,368.0,0.0,368.0,368.0,2026-05-29
Miles Sanders,RB,FA,373.0,0.0,373.0,373.0,2026-05-29
Curtis Samuel,WR,FA,376.0,0.0,376.0,376.0,2026-05-29
Jacob Cowing,WR,SF,377.0,0.0,377.0,377.0,2026-05-29
DeAndre Hopkins,WR,BAL,378.0,0.0,378.0,378.0,2026-05-29
Gabe Davis,WR,FA,380.0,0.0,380.0,380.0,2026-05-29
Jermaine Burton,WR,FA,384.0,0.0,384.0,384.0,2026-05-29
Elijah Mitchell,RB,FA,386.0,0.0,386.0,386.0,2026-05-29
Trey Sermon,RB,FA,387.0,0.0,387.0,387.0,2026-05-29
Ja'Quinden Jackson,RB,FA,388.0,0.0,388.0,388.0,2026-05-29
Josh Allen,QB,BUF,1.03,0.17,1.0,2.0,2026-05-22
Lamar Jackson,QB,BAL,2.32,0.67,2.0,5.0,2026-05-22
Drake Maye,QB,NE,3.21,0.76,2.0,5.0,2026-05-22
Joe Burrow,QB,CIN,4.94,2.55,2.0,16.0,2026-05-22
Jayden Daniels,QB,WAS,5.47,1.52,3.0,9.0,2026-05-22
Jalen Hurts,QB,PHI,6.71,2.58,3.0,16.0,2026-05-22
Ja'Marr Chase,WR,CIN,6.91,1.98,6.0,12.0,2026-05-22
Bijan Robinson,RB,ATL,10.47,1.14,10.0,14.0,2026-05-22
Puka Nacua,WR,LAR,10.76,2.09,6.0,17.0,2026-05-22
Jaxson Dart,QB,NYG,10.94,4.55,7.0,26.0,2026-05-22
Justin Herbert,QB,LAC,11.56,5.83,7.0,30.0,2026-05-22
Jaxon Smith-Njigba,WR,SEA,12.06,0.73,11.0,15.0,2026-05-22
Jahmyr Gibbs,RB,DET,13.85,4.92,6.0,40.0,2026-05-22
Caleb Williams,QB,CHI,14.35,4.64,4.0,26.0,2026-05-22
Trevor Lawrence,QB,JAC,15.35,4.3,7.0,26.0,2026-05-22
Dak Prescott,QB,DAL,16.53,3.26,8.0,23.0,2026-05-22
Amon-Ra St. Brown,WR,DET,17.74,5.19,12.0,41.0,2026-05-22
Christian McCaffrey,RB,SF,18.47,6.98,13.0,42.0,2026-05-22
CeeDee Lamb,WR,DAL,19.24,5.82,14.0,43.0,2026-05-22
Brock Purdy,QB,SF,20.18,3.81,11.0,26.0,2026-05-22
Justin Jefferson,WR,MIN,21.47,4.51,14.0,44.0,2026-05-22
Jonathan Taylor,RB,IND,22.65,7.26,15.0,46.0,2026-05-22
Drake London,WR,ATL,24.82,4.69,21.0,47.0,2026-05-22
Patrick Mahomes II,QB,KC,25.71,5.55,16.0,41.0,2026-05-22
Bo Nix,QB,DEN,28.62,5.25,15.0,41.0,2026-05-22
Matthew Stafford,QB,LAR,29.0,6.87,17.0,50.0,2026-05-22
Nico Collins,WR,HOU,29.03,6.51,23.0,49.0,2026-05-22
De'Von Achane,RB,MIA,29.79,8.28,22.0,58.0,2026-05-22
Malik Nabers,WR,NYG,30.0,8.26,23.0,53.0,2026-05-22
Rashee Rice,WR,KC,33.79,8.46,23.0,52.0,2026-05-22
George Pickens,WR,DAL,33.97,5.03,27.0,50.0,2026-05-22
Trey McBride,TE,ARI,34.18,5.29,31.0,51.0,2026-05-22
Ashton Jeanty,RB,LV,34.76,5.76,23.0,51.0,2026-05-22
Chris Olave,WR,NO,36.15,8.85,24.0,62.0,2026-05-22
James Cook III,RB,BUF,36.44,8.69,15.0,48.0,2026-05-22
A.J. Brown,WR,PHI,37.5,6.75,27.0,56.0,2026-05-22
Brock Bowers,TE,LV,37.88,4.78,31.0,54.0,2026-05-22
Chase Brown,RB,CIN,38.44,6.69,25.0,55.0,2026-05-22
Jared Goff,QB,DET,38.53,8.88,17.0,55.0,2026-05-22
Kyler Murray,QB,MIN,38.68,12.22,17.0,64.0,2026-05-22
Jordan Love,QB,GB,42.85,9.86,24.0,60.0,2026-05-22
Omarion Hampton,RB,LAC,44.32,7.53,33.0,67.0,2026-05-22
Tetairoa McMillan,WR,CAR,44.82,6.68,35.0,63.0,2026-05-22
Saquon Barkley,RB,PHI,45.32,5.71,37.0,66.0,2026-05-22
Malik Willis,QB,MIA,45.94,10.87,29.0,66.0,2026-05-22
Garrett Wilson,WR,NYJ,47.38,5.93,43.0,65.0,2026-05-22
Tyler Shough,QB,NO,48.12,10.14,26.0,60.0,2026-05-22
Baker Mayfield,QB,TB,49.09,9.66,23.0,60.0,2026-05-22
Kenneth Walker III,RB,KC,49.24,9.01,37.0,74.0,2026-05-22
DeVonta Smith,WR,PHI,49.85,10.88,34.0,72.0,2026-05-22
Tee Higgins,WR,CIN,50.32,6.29,36.0,65.0,2026-05-22
Jeremiyah Love,RB,ARI,53.35,9.41,33.0,77.0,2026-05-22
Colston Loveland,TE,CHI,54.53,13.35,39.0,86.0,2026-05-22
Ladd McConkey,WR,LAC,54.62,8.67,34.0,79.0,2026-05-22
Josh Jacobs,RB,GB,54.82,7.68,39.0,74.0,2026-05-22
Zay Flowers,WR,BAL,58.21,7.23,51.0,75.0,2026-05-22
Luther Burden III,WR,CHI,59.18,7.1,45.0,83.0,2026-05-22
C.J. Stroud,QB,HOU,59.56,7.88,25.0,70.0,2026-05-22
Jaylen Waddle,WR,DEN,59.59,9.99,36.0,78.0,2026-05-22
Derrick Henry,RB,BAL,60.21,7.07,46.0,75.0,2026-05-22
Sam Darnold,QB,SEA,61.26,8.86,26.0,76.0,2026-05-22
Breece Hall,RB,NYJ,61.68,7.78,49.0,77.0,2026-05-22
Terry McLaurin,WR,WAS,63.24,6.84,44.0,78.0,2026-05-22
Davante Adams,WR,LAR,63.32,9.58,45.0,93.0,2026-05-22
Emeka Egbuka,WR,TB,65.85,7.92,45.0,82.0,2026-05-22
Travis Etienne Jr.,RB,NO,66.18,6.15,54.0,81.0,2026-05-22
Kyren Williams,RB,LAR,66.62,8.64,48.0,78.0,2026-05-22
Bryce Young,QB,CAR,66.74,8.58,28.0,83.0,2026-05-22
Javonte Williams,RB,DAL,67.53,9.47,48.0,81.0,2026-05-22
Mike Evans,WR,SF,68.97,8.98,43.0,89.0,2026-05-22
Cam Ward,QB,TEN,69.74,9.23,33.0,83.0,2026-05-22
Jameson Williams,WR,DET,71.0,8.3,52.0,92.0,2026-05-22
Bucky Irving,RB,TB,73.32,8.82,53.0,97.0,2026-05-22
Tyler Warren,TE,IND,75.29,13.01,47.0,93.0,2026-05-22
Daniel Jones,QB,IND,76.52,22.05,27.0,183.0,2026-05-22
DJ Moore,WR,BUF,76.53,14.2,52.0,128.0,2026-05-22
Cam Skattebo,RB,NYG,79.41,7.84,65.0,95.0,2026-05-22
Christian Watson,WR,GB,80.32,11.27,63.0,112.0,2026-05-22
TreVeyon Henderson,RB,NE,81.62,9.91,65.0,104.0,2026-05-22
Jacoby Brissett,QB,ARI,82.64,21.27,22.0,127.0,2026-05-22
Rome Odunze,WR,CHI,82.65,10.79,62.0,110.0,2026-05-22
David Montgomery,RB,HOU,86.26,8.41,69.0,99.0,2026-05-22
D'Andre Swift,RB,CHI,86.71,7.86,74.0,106.0,2026-05-22
Quinshon Judkins,RB,CLE,87.15,8.21,71.0,97.0,2026-05-22
Carnell Tate,WR,TEN,88.68,15.57,69.0,117.0,2026-05-22
Tucker Kraft,TE,GB,90.76,10.29,77.0,114.0,2026-05-22
Marvin Harrison Jr.,WR,ARI,91.47,9.13,80.0,122.0,2026-05-22
Courtland Sutton,WR,DEN,92.15,11.39,72.0,108.0,2026-05-22
Harold Fannin Jr.,TE,CLE,94.32,9.93,78.0,121.0,2026-05-22
Chris Godwin Jr.,WR,TB,94.47,10.27,75.0,122.0,2026-05-22
RJ Harvey,RB,DEN,94.5,12.68,65.0,130.0,2026-05-22
Jaylen Warren,RB,PIT,94.56,5.87,85.0,108.0,2026-05-22
Michael Wilson,WR,ARI,94.85,11.95,70.0,117.0,2026-05-22
DK Metcalf,WR,PIT,95.53,8.92,80.0,111.0,2026-05-22
Jordyn Tyson,WR,NO,95.63,10.92,73.0,117.0,2026-05-22
Bhayshul Tuten,RB,JAC,96.09,7.3,81.0,116.0,2026-05-22
Chuba Hubbard,RB,CAR,96.44,12.84,74.0,130.0,2026-05-22
Fernando Mendoza,QB,LV,97.52,34.21,30.0,192.0,2026-05-22
Jadarian Price,RB,SEA,97.71,8.14,79.0,112.0,2026-05-22
Alec Pierce,WR,IND,99.65,12.78,74.0,122.0,2026-05-22
Kyle Pitts Sr.,TE,ATL,101.18,7.96,86.0,115.0,2026-05-22
Jakobi Meyers,WR,JAC,101.91,10.77,82.0,118.0,2026-05-22
Sam LaPorta,TE,DET,103.53,5.45,88.0,119.0,2026-05-22
Makai Lemon,WR,PHI,104.0,7.6,86.0,118.0,2026-05-22
Rico Dowdle,RB,PIT,104.21,6.48,92.0,120.0,2026-05-22
Rhamondre Stevenson,RB,NE,104.97,6.66,94.0,120.0,2026-05-22
Michael Pittman Jr.,WR,PIT,105.03,11.54,83.0,132.0,2026-05-22
Brian Thomas Jr.,WR,JAC,105.44,12.32,75.0,127.0,2026-05-22
Tony Pollard,RB,TEN,106.88,6.41,93.0,124.0,2026-05-22
Wan'Dale Robinson,WR,TEN,107.38,10.85,85.0,132.0,2026-05-22
Kyle Monangai,RB,CHI,112.06,7.89,97.0,127.0,2026-05-22
Ricky Pearsall,WR,SF,113.97,13.52,91.0,157.0,2026-05-22
Parker Washington,WR,JAC,115.79,10.96,89.0,139.0,2026-05-22
Geno Smith,QB,NYJ,116.34,35.82,32.0,184.0,2026-05-22
Michael Penix Jr.,QB,ATL,117.87,40.78,34.0,278.0,2026-05-22
Jordan Addison,WR,MIN,118.12,5.72,109.0,133.0,2026-05-22
Aaron Jones Sr.,RB,MIN,119.94,12.75,101.0,150.0,2026-05-22
Josh Downs,WR,IND,120.65,13.66,84.0,146.0,2026-05-22
Jake Ferguson,TE,DAL,121.79,7.06,112.0,136.0,2026-05-22
Aaron Rodgers,QB,PIT,122.35,37.37,36.0,182.0,2026-05-22
Dalton Kincaid,TE,BUF,122.65,10.37,109.0,153.0,2026-05-22
Kenneth Gainwell,RB,TB,122.82,14.12,99.0,147.0,2026-05-22
Jayden Reed,WR,GB,124.35,11.34,96.0,146.0,2026-05-22
Blake Corum,RB,LAR,125.76,8.14,108.0,142.0,2026-05-22
Travis Kelce,TE,KC,126.53,17.02,98.0,189.0,2026-05-22
J.K. Dobbins,RB,DEN,126.74,11.67,105.0,152.0,2026-05-22
Khalil Shakir,WR,BUF,127.35,8.81,101.0,139.0,2026-05-22
Oronde Gadsden II,TE,LAC,130.06,22.89,112.0,200.0,2026-05-22
Quentin Johnston,WR,LAC,130.26,7.82,110.0,148.0,2026-05-22
Isaiah Likely,TE,NYG,131.09,19.59,106.0,194.0,2026-05-22
Rachaad White,RB,WAS,131.47,16.91,92.0,165.0,2026-05-22
Justin Fields,QB,KC,132.6,61.1,35.0,184.0,2026-05-22
George Kittle,TE,SF,133.35,22.76,93.0,197.0,2026-05-22
Jacory Croskey-Merritt,RB,WAS,133.88,7.45,120.0,152.0,2026-05-22
Jayden Higgins,WR,HOU,134.06,8.09,120.0,155.0,2026-05-22
Shedeur Sanders,QB,CLE,135.8,44.64,40.0,268.0,2026-05-22
Xavier Worthy,WR,KC,138.32,11.53,103.0,157.0,2026-05-22
Romeo Doubs,WR,NE,139.71,16.22,102.0,178.0,2026-05-22
Dallas Goedert,TE,PHI,140.74,9.87,124.0,161.0,2026-05-22
Tyler Allgeier,RB,ARI,141.35,13.61,119.0,171.0,2026-05-22
Zach Charbonnet,RB,SEA,142.18,15.79,99.0,172.0,2026-05-22
Jalen Coker,WR,CAR,142.94,8.56,124.0,167.0,2026-05-22
Woody Marks,RB,HOU,143.44,19.06,104.0,190.0,2026-05-22
Jordan Mason,RB,MIN,143.68,8.01,120.0,156.0,2026-05-22
Tyrone Tracy Jr.,RB,NYG,144.18,8.58,125.0,162.0,2026-05-22
KC Concepcion,WR,CLE,146.41,29.83,89.0,222.0,2026-05-22
Tua Tagovailoa,QB,ATL,147.0,31.01,35.0,184.0,2026-05-22
Juwan Johnson,TE,NO,147.32,16.17,121.0,183.0,2026-05-22
Matthew Golden,WR,GB,148.59,15.93,114.0,176.0,2026-05-22
Tyjae Spears,RB,TEN,150.24,10.69,130.0,177.0,2026-05-22
Stefon Diggs,WR,FA,151.19,30.6,101.0,264.0,2026-05-22
Brenton Strange,TE,JAC,152.21,17.91,113.0,189.0,2026-05-22
Dylan Sampson,RB,CLE,152.47,9.76,132.0,174.0,2026-05-22
J.J. McCarthy,QB,MIN,153.0,55.34,70.0,277.0,2026-05-22
Alvin Kamara,RB,NO,153.5,13.5,132.0,182.0,2026-05-22
Jauan Jennings,WR,MIN,155.0,20.6,112.0,198.0,2026-05-22
Mark Andrews,TE,BAL,157.21,15.65,125.0,184.0,2026-05-22
Chris Rodriguez Jr.,RB,JAC,157.85,22.66,133.0,212.0,2026-05-22
James Conner,RB,ARI,158.29,28.01,105.0,240.0,2026-05-22
Deebo Samuel Sr.,WR,FA,158.48,20.29,134.0,203.0,2026-05-22
Isiah Pacheco,RB,DET,158.85,8.38,141.0,181.0,2026-05-22
Rashid Shaheed,WR,SEA,159.41,8.28,147.0,176.0,2026-05-22
Jonathon Brooks,RB,CAR,162.41,28.6,120.0,229.0,2026-05-22
Jerry Jeudy,WR,CLE,163.15,11.68,147.0,189.0,2026-05-22
Travis Hunter,WR,JAC,163.21,23.09,109.0,219.0,2026-05-22
Hunter Henry,TE,NE,163.85,9.62,142.0,184.0,2026-05-22
Kirk Cousins,QB,LV,164.55,48.83,38.0,292.0,2026-05-22
Jonah Coleman,RB,DEN,165.12,21.08,132.0,243.0,2026-05-22
Deshaun Watson,QB,CLE,165.21,50.22,39.0,287.0,2026-05-22
Braelon Allen,RB,NYJ,165.91,16.28,132.0,229.0,2026-05-22
Denzel Boston,WR,CLE,166.45,18.3,137.0,203.0,2026-05-22
Keaton Mitchell,RB,LAC,166.79,16.27,143.0,238.0,2026-05-22
Omar Cooper Jr.,WR,NYJ,168.52,26.96,123.0,237.0,2026-05-22
Brandon Aiyuk,WR,SF,170.27,19.38,144.0,229.0,2026-05-22
Adonai Mitchell,WR,NYJ,172.79,13.43,151.0,205.0,2026-05-22
Dalton Schultz,TE,HOU,172.91,17.42,142.0,209.0,2026-05-22
Tyreek Hill,WR,FA,175.5,31.65,132.0,296.0,2026-05-22
Brian Robinson Jr.,RB,ATL,175.56,14.04,156.0,217.0,2026-05-22
Jalen McMillan,WR,TB,176.91,15.8,133.0,212.0,2026-05-22
Tre' Harris,WR,LAC,177.42,15.07,144.0,236.0,2026-05-22
Kayshon Boutte,WR,NE,177.62,9.65,147.0,204.0,2026-05-22
Emanuel Wilson,RB,SEA,178.0,21.6,129.0,218.0,2026-05-22
Chig Okonkwo,TE,WAS,179.26,24.4,136.0,223.0,2026-05-22
Mac Jones,QB,SF,179.56,42.33,127.0,282.0,2026-05-22
Tank Bigsby,RB,PHI,179.91,11.89,163.0,211.0,2026-05-22
Marcus Mariota,QB,WAS,180.0,0.0,180.0,180.0,2026-05-22
Joe Milton III,QB,DAL,182.0,0.0,182.0,182.0,2026-05-22
Troy Franklin,WR,DEN,182.29,16.35,146.0,221.0,2026-05-22
Mike Washington Jr.,RB,LV,184.03,23.41,155.0,273.0,2026-05-22
Jaylin Noel,WR,HOU,184.81,14.84,159.0,224.0,2026-05-22
T.J. Hockenson,TE,MIN,186.24,10.1,161.0,215.0,2026-05-22
Tre Tucker,WR,LV,187.03,17.38,158.0,260.0,2026-05-22
Emmett Johnson,RB,KC,188.09,26.55,153.0,286.0,2026-05-22
Antonio Williams,WR,WAS,188.42,36.27,140.0,270.0,2026-05-22
Kimani Vidal,RB,LAC,188.56,18.83,150.0,220.0,2026-05-22
Pat Bryant,WR,DEN,191.91,15.55,171.0,244.0,2026-05-22
Dyami Brown,WR,WAS,193.0,0.0,193.0,193.0,2026-05-22
Nicholas Singleton,RB,TEN,193.69,31.09,145.0,267.0,2026-05-22
Chimere Dike,WR,TEN,194.16,26.43,157.0,245.0,2026-05-22
Kenyon Sadiq,TE,NYJ,194.72,24.42,142.0,250.0,2026-05-22
Ray Davis,RB,BUF,196.41,15.74,163.0,225.0,2026-05-22
Darnell Mooney,WR,NYG,196.55,11.67,166.0,223.0,2026-05-22
Calvin Ridley,WR,TEN,196.68,20.29,167.0,272.0,2026-05-22
Kaytron Allen,RB,WAS,197.03,29.25,154.0,271.0,2026-05-22
Isaac TeSlaa,WR,DET,197.52,16.83,176.0,281.0,2026-05-22
Ryan Flournoy,WR,DAL,197.88,21.67,180.0,297.0,2026-05-22
AJ Barner,TE,SEA,198.44,11.69,155.0,227.0,2026-05-22
Carson Beck,QB,ARI,199.0,17.0,182.0,216.0,2026-05-22
Dontayvion Wicks,WR,PHI,199.91,12.07,170.0,224.0,2026-05-22
Sean Tucker,RB,TB,200.62,14.69,170.0,240.0,2026-05-22
Jaylen Wright,RB,MIA,202.64,17.83,166.0,252.0,2026-05-22
Anthony Richardson Sr.,QB,IND,205.0,45.66,177.0,284.0,2026-05-22
Elic Ayomanor,WR,TEN,210.58,31.97,170.0,297.0,2026-05-22
Gunnar Helm,TE,TEN,211.0,14.79,192.0,251.0,2026-05-22
Chris Bell,WR,MIA,211.42,30.76,162.0,271.0,2026-05-22
Trey Benson,RB,ARI,211.67,39.48,141.0,284.0,2026-05-22
Ty Simpson,QB,LAR,211.83,44.02,182.0,296.0,2026-05-22
Germie Bernard,WR,PIT,213.07,30.39,161.0,266.0,2026-05-22
Tank Dell,WR,HOU,214.1,14.44,193.0,246.0,2026-05-22
Jalen Nailor,WR,LV,216.13,37.91,151.0,296.0,2026-05-22
David Njoku,TE,LAC,217.56,13.57,187.0,250.0,2026-05-22
Terrance Ferguson,TE,LAR,217.88,15.69,183.0,273.0,2026-05-22
Devin Neal,RB,NO,218.97,28.47,172.0,318.0,2026-05-22
Rashod Bateman,WR,BAL,219.19,19.82,190.0,261.0,2026-05-22
Greg Dulcich,TE,MIA,219.2,35.79,126.0,273.0,2026-05-22
Kaleb Johnson,RB,PIT,220.74,30.21,159.0,294.0,2026-05-22
Cade Otton,TE,TB,222.0,11.95,189.0,240.0,2026-05-22
Malik Washington,WR,MIA,222.88,27.27,171.0,273.0,2026-05-22
Kyle Williams,WR,NE,223.13,21.73,192.0,272.0,2026-05-22
Mason Taylor,TE,NYJ,223.42,24.86,182.0,323.0,2026-05-22
Demond Claiborne,RB,MIN,223.56,26.63,177.0,277.0,2026-05-22
Ollie Gordon II,RB,MIA,223.62,16.0,166.0,251.0,2026-05-22
Marvin Mims Jr.,WR,DEN,224.2,21.26,195.0,263.0,2026-05-22
De'Zhaun Stribling,WR,SF,224.29,27.45,171.0,274.0,2026-05-22
Zachariah Branch,WR,ATL,224.87,21.47,173.0,263.0,2026-05-22
Najee Harris,RB,LAC,225.04,20.03,175.0,271.0,2026-05-22
Cooper Kupp,WR,SEA,225.73,19.8,192.0,274.0,2026-05-22
Keon Coleman,WR,BUF,226.83,22.74,188.0,285.0,2026-05-22
Malachi Fields,WR,NYG,228.64,26.05,194.0,308.0,2026-05-22
Christian Kirk,WR,SF,228.67,27.9,170.0,278.0,2026-05-22
Isaiah Davis,RB,NYJ,229.43,18.46,192.0,276.0,2026-05-22
Pat Freiermuth,TE,PIT,229.61,13.57,202.0,279.0,2026-05-22
Chris Brazzell II,WR,CAR,229.77,16.95,186.0,278.0,2026-05-22
Brashard Smith,RB,KC,231.0,15.97,206.0,276.0,2026-05-22
Elijah Sarratt,WR,BAL,232.0,19.16,194.0,297.0,2026-05-22
Tory Horton,WR,SEA,232.32,20.59,205.0,295.0,2026-05-22
Evan Engram,TE,DEN,232.45,15.1,194.0,262.0,2026-05-22
Jack Bech,WR,LV,232.55,25.63,199.0,333.0,2026-05-22
Colby Parkinson,TE,LAR,232.67,14.2,198.0,267.0,2026-05-22
Kendre Miller,RB,NO,233.19,30.43,177.0,322.0,2026-05-22
Theo Johnson,TE,NYG,234.52,26.42,161.0,267.0,2026-05-22
Eli Stowers,TE,PHI,234.66,22.44,185.0,321.0,2026-05-22
Keenan Allen,WR,LAC,234.83,18.7,191.0,260.0,2026-05-22
Xavier Legette,WR,CAR,235.46,22.77,203.0,278.0,2026-05-22
Mack Hollins,WR,NE,236.4,35.22,191.0,339.0,2026-05-22
Ja'Kobi Lane,WR,BAL,237.21,28.83,199.0,305.0,2026-05-22
Skyler Bell,WR,BUF,237.84,30.95,201.0,336.0,2026-05-22
Adam Randall,RB,BAL,240.17,21.45,211.0,286.0,2026-05-22
Ty Johnson,RB,BUF,241.55,16.19,209.0,287.0,2026-05-22
Jake Tonges,TE,SF,243.33,24.41,191.0,315.0,2026-05-22
Darius Slayton,WR,NYG,243.55,25.71,195.0,345.0,2026-05-22
Ted Hurst III,WR,TB,244.53,25.79,176.0,305.0,2026-05-22
LeQuint Allen Jr.,RB,JAC,245.04,24.1,187.0,283.0,2026-05-22
Joe Flacco,QB,CIN,246.5,50.5,196.0,297.0,2026-05-22
Mike Gesicki,TE,CIN,247.58,16.42,209.0,282.0,2026-05-22
Devaughn Vele,WR,NO,248.43,22.34,198.0,330.0,2026-05-22
Kaelon Black,RB,SF,248.58,30.78,200.0,296.0,2026-05-22
Justice Hill,RB,BAL,248.66,17.98,208.0,271.0,2026-05-22
Jaydon Blue,RB,DAL,248.77,21.03,211.0,302.0,2026-05-22
Jerome Ford,RB,WAS,249.9,14.8,225.0,285.0,2026-05-22
DJ Giddens,RB,IND,251.04,22.0,212.0,304.0,2026-05-22
George Holani,RB,SEA,251.11,22.1,205.0,283.0,2026-05-22
Jaleel McLaughlin,RB,DEN,252.81,28.91,202.0,304.0,2026-05-22
Joe Mixon,RB,FA,252.88,32.74,163.0,303.0,2026-05-22
Andrei Iosivas,WR,CIN,254.4,21.24,222.0,306.0,2026-05-22
Tyquan Thornton,WR,KC,255.11,28.1,173.0,330.0,2026-05-22
Chris Brooks,RB,GB,255.21,17.6,208.0,283.0,2026-05-22
Nick Westbrook-Ikhine,WR,IND,255.5,75.5,180.0,331.0,2026-05-22
Konata Mumpfield,WR,LAR,255.76,19.52,230.0,310.0,2026-05-22
Jordan James,RB,SF,256.61,30.25,205.0,317.0,2026-05-22
Devin Singletary,RB,NYG,257.86,17.77,205.0,280.0,2026-05-22
Jordan Whittington,WR,LAR,258.0,0.0,258.0,258.0,2026-05-22
Isaac Guerendo,RB,SF,259.68,22.05,217.0,293.0,2026-05-22
Hollywood Brown,WR,PHI,260.25,16.06,237.0,308.0,2026-05-22
Isaiah Bond,WR,CLE,261.0,26.17,226.0,335.0,2026-05-22
Jahan Dotson,WR,ATL,262.33,31.91,186.0,328.0,2026-05-22
MarShawn Lloyd,RB,GB,264.04,19.56,208.0,291.0,2026-05-22
Samaje Perine,RB,CIN,264.14,24.8,185.0,296.0,2026-05-22
Mitch Tinsley,WR,CIN,265.0,0.0,265.0,265.0,2026-05-22
Malik Davis,RB,DAL,265.96,14.03,239.0,294.0,2026-05-22
Jalen Royals,WR,KC,266.88,25.15,234.0,334.0,2026-05-22
Emari Demercado,RB,KC,267.36,16.34,232.0,293.0,2026-05-22
Tommy Myers,TE,FA,267.8,10.91,253.0,286.0,2026-05-22
Darnell Washington,TE,PIT,269.75,18.25,236.0,289.0,2026-05-22
Tyler Higbee,TE,LAR,270.0,17.52,236.0,293.0,2026-05-22
Bryce Lance,WR,NO,270.63,25.47,229.0,311.0,2026-05-22
Calvin Austin III,WR,NYG,271.25,30.09,230.0,342.0,2026-05-22
Cedric Tillman,WR,CLE,271.36,22.25,245.0,337.0,2026-05-22
Jarquez Hunter,RB,LAR,271.62,21.06,213.0,314.0,2026-05-22
Seth McGowan,RB,IND,272.11,18.98,239.0,322.0,2026-05-22
Bam Knight,RB,ARI,273.36,30.71,214.0,336.0,2026-05-22
Tez Johnson,WR,TB,273.39,21.58,245.0,327.0,2026-05-22
Max Klare,TE,LAR,273.8,24.48,233.0,315.0,2026-05-22
Luke McCaffrey,WR,WAS,274.16,20.02,250.0,332.0,2026-05-22
Tahj Brooks,RB,CIN,274.32,16.07,235.0,325.0,2026-05-22
Eli Heidenreich,RB,PIT,276.0,28.74,240.0,324.0,2026-05-22
Trevor Etienne,RB,CAR,276.3,11.57,249.0,299.0,2026-05-22
Noah Gray,TE,KC,277.23,19.83,242.0,306.0,2026-05-22
Kareem Hunt,RB,FA,277.64,14.37,243.0,314.0,2026-05-22
Audric Estime,RB,NO,277.72,15.21,252.0,324.0,2026-05-22
Tai Felton,WR,MIN,278.33,27.96,242.0,310.0,2026-05-22
Rasheen Ali,RB,BAL,279.0,0.0,279.0,279.0,2026-05-22
Jalen Tolbert,WR,MIA,279.44,32.17,223.0,328.0,2026-05-22
Ja'Tavion Sanders,TE,CAR,280.0,22.49,250.0,316.0,2026-05-22
Dont'e Thornton Jr.,WR,LV,280.1,27.53,248.0,331.0,2026-05-22
Will Shipley,RB,PHI,280.39,10.93,263.0,304.0,2026-05-22
John Bates,TE,WAS,281.17,24.44,246.0,316.0,2026-05-22
Olamide Zaccheaus,WR,ATL,281.18,21.49,248.0,320.0,2026-05-22
Cyrus Allen,WR,KC,281.75,45.06,209.0,328.0,2026-05-22
KaVontae Turpin,WR,DAL,282.0,37.42,236.0,337.0,2026-05-22
Roschon Johnson,RB,CHI,283.0,0.0,283.0,283.0,2026-05-22
Elijah Arroyo,TE,SEA,283.0,25.24,252.0,313.0,2026-05-22
Terrell Jennings,RB,NE,283.5,7.5,275.0,294.0,2026-05-22
Treylon Burks,WR,WAS,284.83,24.61,241.0,308.0,2026-05-22
Caleb Douglas,WR,MIA,285.22,30.77,213.0,313.0,2026-05-22
John Metchie III,WR,CAR,285.67,25.97,254.0,334.0,2026-05-22
Austin Ekeler,RB,FA,286.25,12.61,270.0,314.0,2026-05-22
Kalif Raymond,WR,CHI,286.5,47.92,218.0,352.0,2026-05-22
Brenen Thompson,WR,LAC,287.38,23.09,258.0,328.0,2026-05-22
Michael Mayer,TE,LV,288.88,26.18,252.0,326.0,2026-05-22
Nick Chubb,RB,FA,289.31,14.48,274.0,320.0,2026-05-22
Joshua Palmer,WR,BUF,289.91,26.22,253.0,338.0,2026-05-22
Kevin Coleman Jr.,WR,MIA,290.5,32.34,232.0,324.0,2026-05-22
Savion Williams,WR,GB,290.5,19.96,269.0,329.0,2026-05-22
DeMario Douglas,WR,NE,290.64,25.99,244.0,330.0,2026-05-22
Nate Boerkircher,TE,JAC,291.0,0.0,291.0,291.0,2026-05-22
J'Mari Taylor,RB,JAC,291.25,18.44,279.0,323.0,2026-05-22
Michael Carter,RB,TEN,291.27,18.44,272.0,326.0,2026-05-22
Xavier Hutchinson,WR,HOU,292.56,22.36,263.0,333.0,2026-05-22
Theo Wease Jr.,WR,MIA,293.0,0.0,293.0,293.0,2026-05-22
Antonio Gibson,RB,FA,294.8,18.28,276.0,327.0,2026-05-22
Jameis Winston,QB,NYG,295.0,0.0,295.0,295.0,2026-05-22
Oscar Delp,TE,NO,295.0,25.03,267.0,329.0,2026-05-22
Jam Miller,RB,NE,295.5,8.5,287.0,304.0,2026-05-22
Jared Wiley,TE,KC,296.0,0.0,296.0,296.0,2026-05-22
Zavier Scott,RB,MIN,296.0,0.0,296.0,296.0,2026-05-22
Justin Joly,TE,DEN,296.88,18.94,275.0,338.0,2026-05-22
Darren Waller,TE,FA,297.0,18.2,257.0,316.0,2026-05-22
Xavier Restrepo,WR,TEN,297.0,0.0,297.0,297.0,2026-05-22
Ben Sinnott,TE,WAS,297.83,15.45,272.0,319.0,2026-05-22
Austin Hooper,TE,ATL,298.0,0.0,298.0,298.0,2026-05-22
Gardner Minshew II,QB,ARI,298.0,0.0,298.0,298.0,2026-05-22
Jawhar Jordan,RB,HOU,298.43,16.55,277.0,322.0,2026-05-22
Kyle Juszczyk,RB,SF,299.0,0.0,299.0,299.0,2026-05-22
Antwane Wells Jr.,WR,FA,299.0,0.0,299.0,299.0,2026-05-22
Julian Fleming,WR,FA,300.0,0.0,300.0,300.0,2026-05-22
Jaylin Lane,WR,WAS,301.0,25.92,265.0,346.0,2026-05-22
Brandin Cooks,WR,FA,301.0,0.0,301.0,301.0,2026-05-22
Mitchell Evans,TE,CAR,301.0,0.0,301.0,301.0,2026-05-22
Tutu Atwell,WR,MIA,301.71,26.76,251.0,331.0,2026-05-22
Greg Dortch,WR,DET,302.0,0.0,302.0,302.0,2026-05-22
Cole Kmet,TE,CHI,302.17,20.31,264.0,319.0,2026-05-22
Kendrick Bourne,WR,ARI,303.0,27.03,262.0,335.0,2026-05-22
Malik Benson,WR,LV,303.8,65.18,174.0,346.0,2026-05-22
Raheim Sanders,RB,CLE,304.78,21.66,276.0,338.0,2026-05-22
Tommy Tremble,TE,CAR,306.0,0.0,306.0,306.0,2026-05-22
Damien Martinez,RB,GB,306.5,15.53,280.0,318.0,2026-05-22
Noah Fant,TE,NO,306.6,16.19,284.0,334.0,2026-05-22
Zach Ertz,TE,FA,307.4,17.68,273.0,321.0,2026-05-22
Daniel Bellinger,TE,TEN,308.5,38.27,246.0,350.0,2026-05-22
Dawson Knox,TE,BUF,309.67,15.52,289.0,332.0,2026-05-22
Jonnu Smith,TE,FA,309.67,30.87,267.0,339.0,2026-05-22
Michael Trigg,TE,DAL,310.0,0.0,310.0,310.0,2026-05-22
Luke Musgrave,TE,GB,312.2,9.62,294.0,321.0,2026-05-22
CJ Daniels,WR,LAR,312.2,30.73,269.0,351.0,2026-05-22
Marlin Klein,TE,HOU,312.67,19.29,286.0,331.0,2026-05-22
Durham Smythe,TE,BAL,313.0,0.0,313.0,313.0,2026-05-22
Eli Raridon,TE,NE,314.6,31.59,263.0,347.0,2026-05-22
Jack Endries,TE,CIN,315.0,0.0,315.0,315.0,2026-05-22
Zavion Thomas,WR,CHI,315.2,28.22,271.0,343.0,2026-05-22
Jackson Hawes,TE,BUF,316.0,0.0,316.0,316.0,2026-05-22
Sam Roush,TE,CHI,316.33,20.68,297.0,345.0,2026-05-22
Dameon Pierce,RB,PHI,318.0,15.56,298.0,343.0,2026-05-22
Thomas Fidone II,TE,NYG,318.0,0.0,318.0,318.0,2026-05-22
Elijah Higgins,TE,ARI,318.67,11.9,302.0,329.0,2026-05-22
Phil Mafah,RB,DAL,319.0,25.0,294.0,344.0,2026-05-22
Tanner Koziol,TE,JAC,319.0,0.0,319.0,319.0,2026-05-22
Deion Burks,WR,IND,319.2,23.83,288.0,342.0,2026-05-22
Devontez Walker,WR,BAL,322.0,14.0,308.0,336.0,2026-05-22
Roman Wilson,WR,FA,325.0,0.0,325.0,325.0,2026-05-22
Dylan Laube,RB,LV,326.0,0.0,326.0,326.0,2026-05-22
Demarcus Robinson,WR,SF,328.0,4.0,324.0,332.0,2026-05-22
Tyler Badie,RB,DEN,331.0,13.0,318.0,344.0,2026-05-22
Robert Henry Jr.,RB,WAS,332.5,8.5,324.0,341.0,2026-05-22
Erick All Jr.,TE,CIN,335.0,0.0,335.0,335.0,2026-05-22
Roman Hemby,RB,LV,337.0,0.0,337.0,337.0,2026-05-22
Jeremy McNichols,RB,WAS,340.0,0.0,340.0,340.0,2026-05-22
Jaydn Ott,RB,KC,340.0,0.0,340.0,340.0,2026-05-22
Luke Schoonmaker,TE,DAL,341.0,0.0,341.0,341.0,2026-05-22
Ty Chandler,RB,NO,343.0,0.0,343.0,343.0,2026-05-22
Josh Allen,QB,BUF,1.03,0.18,1.0,2.0,2026-05-15
Lamar Jackson,QB,BAL,2.39,0.7,2.0,5.0,2026-05-15
Drake Maye,QB,NE,3.19,0.86,2.0,5.0,2026-05-15
Joe Burrow,QB,CIN,5.0,2.66,2.0,16.0,2026-05-15
Jayden Daniels,QB,WAS,5.65,2.66,3.0,18.0,2026-05-15
Ja'Marr Chase,WR,CIN,6.68,1.77,6.0,12.0,2026-05-15
Jalen Hurts,QB,PHI,6.74,2.15,3.0,16.0,2026-05-15
Bijan Robinson,RB,ATL,10.48,1.29,10.0,15.0,2026-05-15
Puka Nacua,WR,LAR,11.0,2.08,6.0,17.0,2026-05-15
Jaxson Dart,QB,NYG,11.68,5.34,8.0,26.0,2026-05-15
Justin Herbert,QB,LAC,11.87,5.5,7.0,29.0,2026-05-15
Jaxon Smith-Njigba,WR,SEA,11.94,0.72,11.0,15.0,2026-05-15
Jahmyr Gibbs,RB,DET,14.13,5.24,10.0,42.0,2026-05-15
Caleb Williams,QB,CHI,14.26,5.36,4.0,26.0,2026-05-15
Trevor Lawrence,QB,JAC,14.94,4.59,7.0,26.0,2026-05-15
Dak Prescott,QB,DAL,16.23,3.55,9.0,23.0,2026-05-15
Amon-Ra St. Brown,WR,DET,18.19,5.29,12.0,41.0,2026-05-15
Christian McCaffrey,RB,SF,18.68,7.18,13.0,42.0,2026-05-15
CeeDee Lamb,WR,DAL,18.77,5.49,14.0,43.0,2026-05-15
Brock Purdy,QB,SF,20.03,3.87,11.0,26.0,2026-05-15
Justin Jefferson,WR,MIN,21.45,4.74,14.0,44.0,2026-05-15
Jonathan Taylor,RB,IND,22.48,7.16,15.0,46.0,2026-05-15
Drake London,WR,ATL,24.71,4.46,21.0,47.0,2026-05-15
Patrick Mahomes II,QB,KC,25.61,5.75,16.0,41.0,2026-05-15
Malik Nabers,WR,NYG,28.32,6.89,23.0,52.0,2026-05-15
Matthew Stafford,QB,LAR,28.58,7.51,16.0,50.0,2026-05-15
Bo Nix,QB,DEN,28.74,5.8,15.0,41.0,2026-05-15
Nico Collins,WR,HOU,29.23,5.99,24.0,49.0,2026-05-15
De'Von Achane,RB,MIA,30.94,8.92,22.0,58.0,2026-05-15
Rashee Rice,WR,KC,31.0,7.19,21.0,49.0,2026-05-15
Trey McBride,TE,ARI,34.19,5.38,31.0,51.0,2026-05-15
George Pickens,WR,DAL,34.65,4.34,27.0,50.0,2026-05-15
Ashton Jeanty,RB,LV,35.23,6.97,23.0,55.0,2026-05-15
James Cook III,RB,BUF,35.77,8.17,17.0,48.0,2026-05-15
Chris Olave,WR,NO,35.94,9.2,24.0,62.0,2026-05-15
A.J. Brown,WR,PHI,38.13,6.76,27.0,57.0,2026-05-15
Brock Bowers,TE,LV,38.29,4.66,31.0,54.0,2026-05-15
Jared Goff,QB,DET,38.58,9.18,18.0,55.0,2026-05-15
Chase Brown,RB,CIN,38.9,6.1,25.0,48.0,2026-05-15
Kyler Murray,QB,MIN,40.32,12.95,17.0,64.0,2026-05-15
Jordan Love,QB,GB,43.26,10.17,24.0,56.0,2026-05-15
Omarion Hampton,RB,LAC,43.77,7.11,33.0,67.0,2026-05-15
Tetairoa McMillan,WR,CAR,44.97,5.56,35.0,57.0,2026-05-15
Malik Willis,QB,MIA,45.0,11.38,29.0,66.0,2026-05-15
Saquon Barkley,RB,PHI,45.32,5.78,37.0,66.0,2026-05-15
Garrett Wilson,WR,NYJ,47.03,6.39,34.0,65.0,2026-05-15
Tyler Shough,QB,NO,47.39,10.52,26.0,60.0,2026-05-15
Baker Mayfield,QB,TB,48.32,9.92,23.0,60.0,2026-05-15
Kenneth Walker III,RB,KC,48.71,9.54,33.0,77.0,2026-05-15
Tee Higgins,WR,CIN,49.45,5.53,36.0,62.0,2026-05-15
DeVonta Smith,WR,PHI,51.13,11.34,35.0,72.0,2026-05-15
Jeremiyah Love,RB,ARI,53.87,9.58,33.0,77.0,2026-05-15
Josh Jacobs,RB,GB,54.23,6.72,42.0,74.0,2026-05-15
Ladd McConkey,WR,LAC,56.19,7.47,43.0,75.0,2026-05-15
Colston Loveland,TE,CHI,56.97,15.36,39.0,90.0,2026-05-15
Zay Flowers,WR,BAL,57.68,7.03,45.0,73.0,2026-05-15
Luther Burden III,WR,CHI,58.29,6.22,45.0,69.0,2026-05-15
C.J. Stroud,QB,HOU,59.26,8.15,25.0,70.0,2026-05-15
Jaylen Waddle,WR,DEN,59.42,8.85,43.0,77.0,2026-05-15
Derrick Henry,RB,BAL,60.87,6.28,48.0,80.0,2026-05-15
Sam Darnold,QB,SEA,60.97,9.13,26.0,76.0,2026-05-15
Breece Hall,RB,NYJ,62.26,7.89,49.0,75.0,2026-05-15
Davante Adams,WR,LAR,62.84,9.53,45.0,90.0,2026-05-15
Terry McLaurin,WR,WAS,63.77,6.37,52.0,78.0,2026-05-15
Emeka Egbuka,WR,TB,66.52,8.06,45.0,82.0,2026-05-15
Travis Etienne Jr.,RB,NO,66.58,5.7,54.0,77.0,2026-05-15
Kyren Williams,RB,LAR,67.0,8.04,54.0,79.0,2026-05-15
Bryce Young,QB,CAR,67.58,10.17,28.0,94.0,2026-05-15
Javonte Williams,RB,DAL,68.42,9.51,46.0,81.0,2026-05-15
Cam Ward,QB,TEN,69.48,9.04,33.0,83.0,2026-05-15
Mike Evans,WR,SF,70.52,7.56,52.0,89.0,2026-05-15
Jameson Williams,WR,DET,70.58,7.97,57.0,90.0,2026-05-15
Bucky Irving,RB,TB,70.87,9.34,48.0,88.0,2026-05-15
Tyler Warren,TE,IND,73.23,13.97,47.0,93.0,2026-05-15
Daniel Jones,QB,IND,78.03,23.22,27.0,183.0,2026-05-15
DJ Moore,WR,BUF,79.13,15.88,52.0,128.0,2026-05-15
Cam Skattebo,RB,NYG,79.16,7.96,65.0,97.0,2026-05-15
Christian Watson,WR,GB,79.19,9.67,63.0,110.0,2026-05-15
Jacoby Brissett,QB,ARI,81.13,21.91,22.0,127.0,2026-05-15
TreVeyon Henderson,RB,NE,81.61,9.82,67.0,103.0,2026-05-15
Rome Odunze,WR,CHI,82.26,11.63,57.0,112.0,2026-05-15
David Montgomery,RB,HOU,86.55,7.87,73.0,99.0,2026-05-15
D'Andre Swift,RB,CHI,86.61,6.33,77.0,98.0,2026-05-15
Quinshon Judkins,RB,CLE,86.74,7.67,71.0,97.0,2026-05-15
Tucker Kraft,TE,GB,89.94,8.53,77.0,114.0,2026-05-15
Courtland Sutton,WR,DEN,90.87,11.39,73.0,110.0,2026-05-15
Marvin Harrison Jr.,WR,ARI,91.16,7.79,80.0,109.0,2026-05-15
Carnell Tate,WR,TEN,92.3,16.21,72.0,117.0,2026-05-15
Chris Godwin Jr.,WR,TB,92.55,10.09,75.0,116.0,2026-05-15
Fernando Mendoza,QB,LV,93.35,31.9,30.0,192.0,2026-05-15
DK Metcalf,WR,PIT,94.03,8.35,80.0,110.0,2026-05-15
Jaylen Warren,RB,PIT,94.26,5.25,87.0,105.0,2026-05-15
Harold Fannin Jr.,TE,CLE,94.29,10.37,78.0,121.0,2026-05-15
RJ Harvey,RB,DEN,94.65,12.39,65.0,130.0,2026-05-15
Michael Wilson,WR,ARI,95.42,12.23,70.0,120.0,2026-05-15
Bhayshul Tuten,RB,JAC,95.42,7.34,81.0,116.0,2026-05-15
Jordyn Tyson,WR,NO,96.35,12.34,73.0,117.0,2026-05-15
Jadarian Price,RB,SEA,96.58,8.65,79.0,108.0,2026-05-15
Chuba Hubbard,RB,CAR,97.9,13.84,74.0,132.0,2026-05-15
Jakobi Meyers,WR,JAC,98.68,10.19,80.0,119.0,2026-05-15
Kyle Pitts Sr.,TE,ATL,102.0,7.22,86.0,115.0,2026-05-15
Alec Pierce,WR,IND,102.48,12.3,74.0,122.0,2026-05-15
Rico Dowdle,RB,PIT,103.77,6.94,92.0,120.0,2026-05-15
Sam LaPorta,TE,DET,103.81,6.04,88.0,119.0,2026-05-15
Brian Thomas Jr.,WR,JAC,103.97,11.99,75.0,127.0,2026-05-15
Makai Lemon,WR,PHI,104.61,9.44,84.0,117.0,2026-05-15
Michael Pittman Jr.,WR,PIT,105.13,11.49,83.0,135.0,2026-05-15
Rhamondre Stevenson,RB,NE,105.94,7.1,94.0,120.0,2026-05-15
Tony Pollard,RB,TEN,107.0,6.29,95.0,124.0,2026-05-15
Wan'Dale Robinson,WR,TEN,107.23,11.19,84.0,132.0,2026-05-15
Kyle Monangai,RB,CHI,111.35,7.94,97.0,127.0,2026-05-15
Michael Penix Jr.,QB,ATL,111.71,32.07,34.0,184.0,2026-05-15
Ricky Pearsall,WR,SF,112.55,14.27,91.0,161.0,2026-05-15
Parker Washington,WR,JAC,115.61,11.61,89.0,139.0,2026-05-15
Geno Smith,QB,NYJ,117.0,36.97,32.0,184.0,2026-05-15
Jordan Addison,WR,MIN,117.29,6.29,106.0,132.0,2026-05-15
Aaron Jones Sr.,RB,MIN,119.55,13.13,101.0,150.0,2026-05-15
Josh Downs,WR,IND,120.68,13.92,86.0,144.0,2026-05-15
Jake Ferguson,TE,DAL,121.45,7.3,112.0,136.0,2026-05-15
Kenneth Gainwell,RB,TB,123.1,13.38,99.0,143.0,2026-05-15
Dalton Kincaid,TE,BUF,123.1,10.61,109.0,153.0,2026-05-15
Jayden Reed,WR,GB,124.32,11.37,96.0,146.0,2026-05-15
Aaron Rodgers,QB,FA,124.86,36.9,36.0,182.0,2026-05-15
Blake Corum,RB,LAR,125.03,8.92,104.0,142.0,2026-05-15
Travis Kelce,TE,KC,125.81,14.29,98.0,162.0,2026-05-15
Khalil Shakir,WR,BUF,126.61,9.38,108.0,139.0,2026-05-15
J.K. Dobbins,RB,DEN,127.35,12.08,107.0,154.0,2026-05-15
Oronde Gadsden II,TE,LAC,128.61,21.58,112.0,200.0,2026-05-15
Quentin Johnston,WR,LAC,130.61,9.37,110.0,157.0,2026-05-15
Isaiah Likely,TE,NYG,131.71,19.83,109.0,194.0,2026-05-15
Rachaad White,RB,WAS,132.58,14.8,105.0,159.0,2026-05-15
Justin Fields,QB,KC,133.0,61.42,35.0,184.0,2026-05-15
Jayden Higgins,WR,HOU,134.06,8.5,122.0,155.0,2026-05-15
Shedeur Sanders,QB,CLE,134.22,43.72,40.0,268.0,2026-05-15
Jacory Croskey-Merritt,RB,WAS,135.0,8.0,120.0,156.0,2026-05-15
George Kittle,TE,SF,135.97,25.01,93.0,197.0,2026-05-15
Romeo Doubs,WR,NE,139.87,16.65,102.0,178.0,2026-05-15
Xavier Worthy,WR,KC,140.87,8.94,119.0,157.0,2026-05-15
Dallas Goedert,TE,PHI,141.94,9.7,124.0,161.0,2026-05-15
Woody Marks,RB,HOU,142.94,19.47,104.0,180.0,2026-05-15
Jalen Coker,WR,CAR,144.0,9.94,123.0,167.0,2026-05-15
Zach Charbonnet,RB,SEA,144.52,20.4,99.0,210.0,2026-05-15
Tyler Allgeier,RB,ARI,144.74,19.54,119.0,220.0,2026-05-15
Juwan Johnson,TE,NO,145.03,16.14,121.0,182.0,2026-05-15
Jordan Mason,RB,MIN,145.16,9.15,120.0,166.0,2026-05-15
Tyrone Tracy Jr.,RB,NYG,145.58,8.71,130.0,166.0,2026-05-15
KC Concepcion,WR,CLE,146.09,27.26,95.0,219.0,2026-05-15
Tua Tagovailoa,QB,ATL,148.83,40.59,35.0,277.0,2026-05-15
Stefon Diggs,WR,FA,148.86,31.09,101.0,264.0,2026-05-15
Tyjae Spears,RB,TEN,149.35,10.66,130.0,176.0,2026-05-15
Matthew Golden,WR,GB,149.52,18.67,114.0,193.0,2026-05-15
Brenton Strange,TE,JAC,151.32,18.58,113.0,189.0,2026-05-15
Dylan Sampson,RB,CLE,151.58,10.42,130.0,169.0,2026-05-15
Alvin Kamara,RB,NO,152.16,14.79,116.0,182.0,2026-05-15
Jauan Jennings,WR,MIN,154.21,22.04,110.0,198.0,2026-05-15
J.J. McCarthy,QB,MIN,154.92,53.73,70.0,278.0,2026-05-15
Deebo Samuel Sr.,WR,FA,157.37,20.94,134.0,206.0,2026-05-15
Mark Andrews,TE,BAL,157.48,15.33,125.0,183.0,2026-05-15
James Conner,RB,ARI,158.68,30.31,103.0,249.0,2026-05-15
Rashid Shaheed,WR,SEA,159.19,9.21,147.0,182.0,2026-05-15
Isiah Pacheco,RB,DET,160.52,9.84,143.0,195.0,2026-05-15
Chris Rodriguez Jr.,RB,JAC,161.48,27.69,133.0,226.0,2026-05-15
Jerry Jeudy,WR,CLE,162.13,12.52,146.0,196.0,2026-05-15
Jonathon Brooks,RB,CAR,163.9,30.31,120.0,229.0,2026-05-15
Kirk Cousins,QB,LV,164.06,52.75,38.0,292.0,2026-05-15
Deshaun Watson,QB,CLE,164.73,55.22,39.0,287.0,2026-05-15
Hunter Henry,TE,NE,164.87,9.01,144.0,184.0,2026-05-15
Jonah Coleman,RB,DEN,166.24,21.64,141.0,243.0,2026-05-15
Braelon Allen,RB,NYJ,166.39,15.61,139.0,226.0,2026-05-15
Keaton Mitchell,RB,LAC,166.6,16.25,150.0,238.0,2026-05-15
Travis Hunter,WR,JAC,166.74,26.92,107.0,230.0,2026-05-15
Denzel Boston,WR,CLE,169.1,18.32,144.0,203.0,2026-05-15
Dalton Schultz,TE,HOU,170.94,17.63,142.0,197.0,2026-05-15
Brandon Aiyuk,WR,SF,171.7,20.85,137.0,229.0,2026-05-15
Omar Cooper Jr.,WR,NYJ,172.03,27.52,123.0,237.0,2026-05-15
Tyreek Hill,WR,FA,172.71,31.77,124.0,296.0,2026-05-15
Adonai Mitchell,WR,NYJ,172.97,16.2,151.0,224.0,2026-05-15
Emanuel Wilson,RB,SEA,176.0,20.0,129.0,209.0,2026-05-15
Brian Robinson Jr.,RB,ATL,176.19,15.31,154.0,225.0,2026-05-15
Tre' Harris,WR,LAC,176.66,15.65,144.0,232.0,2026-05-15
Jalen McMillan,WR,TB,176.73,15.87,133.0,212.0,2026-05-15
Kayshon Boutte,WR,NE,178.07,7.77,166.0,196.0,2026-05-15
Chig Okonkwo,TE,WAS,178.68,25.1,136.0,219.0,2026-05-15
Mac Jones,QB,SF,180.0,40.18,127.0,282.0,2026-05-15
Marcus Mariota,QB,WAS,180.0,0.0,180.0,180.0,2026-05-15
Tank Bigsby,RB,PHI,181.45,13.53,162.0,211.0,2026-05-15
Joe Milton III,QB,DAL,182.0,0.0,182.0,182.0,2026-05-15
Troy Franklin,WR,DEN,182.3,17.3,146.0,221.0,2026-05-15
Jaylin Noel,WR,HOU,184.25,15.61,151.0,221.0,2026-05-15
T.J. Hockenson,TE,MIN,185.19,9.99,161.0,206.0,2026-05-15
Mike Washington Jr.,RB,LV,185.89,25.34,155.0,273.0,2026-05-15
Tre Tucker,WR,LV,188.1,17.78,158.0,259.0,2026-05-15
Emmett Johnson,RB,KC,188.97,27.83,153.0,290.0,2026-05-15
Kimani Vidal,RB,LAC,190.97,20.72,155.0,247.0,2026-05-15
Pat Bryant,WR,DEN,192.03,15.5,171.0,239.0,2026-05-15
Dyami Brown,WR,WAS,193.0,0.0,193.0,193.0,2026-05-15
Chimere Dike,WR,TEN,193.18,26.84,157.0,245.0,2026-05-15
Darnell Mooney,WR,NYG,195.45,12.27,164.0,222.0,2026-05-15
Nick Singleton,RB,TEN,195.71,32.56,145.0,267.0,2026-05-15
Antonio Williams,WR,WAS,196.1,36.04,148.0,270.0,2026-05-15
AJ Barner,TE,SEA,197.06,12.0,155.0,227.0,2026-05-15
Calvin Ridley,WR,TEN,197.2,20.87,167.0,272.0,2026-05-15
Ray Davis,RB,BUF,197.84,15.68,163.0,225.0,2026-05-15
Ryan Flournoy,WR,DAL,198.66,21.84,180.0,291.0,2026-05-15
Carson Beck,QB,ARI,199.0,17.0,182.0,216.0,2026-05-15
Kaytron Allen,RB,WAS,199.21,29.56,154.0,271.0,2026-05-15
Isaac TeSlaa,WR,DET,199.62,16.35,184.0,281.0,2026-05-15
Kenyon Sadiq,TE,NYJ,200.14,25.55,142.0,250.0,2026-05-15
Dontayvion Wicks,WR,PHI,200.38,13.66,160.0,224.0,2026-05-15
Jaylen Wright,RB,MIA,202.07,17.78,166.0,252.0,2026-05-15
Sean Tucker,RB,TB,204.1,18.18,170.0,277.0,2026-05-15
Anthony Richardson Sr.,QB,IND,205.0,45.66,177.0,284.0,2026-05-15
Ty Simpson,QB,LAR,207.71,42.37,182.0,297.0,2026-05-15
Elic Ayomanor,WR,TEN,210.72,32.74,170.0,297.0,2026-05-15
Trey Benson,RB,ARI,211.07,42.16,132.0,285.0,2026-05-15
Gunnar Helm,TE,TEN,212.16,15.16,183.0,251.0,2026-05-15
Chris Bell,WR,MIA,213.7,31.96,160.0,271.0,2026-05-15
Tank Dell,WR,HOU,215.57,14.33,195.0,245.0,2026-05-15
Jalen Nailor,WR,LV,215.93,39.95,149.0,296.0,2026-05-15
Devin Neal,RB,NO,216.37,30.67,168.0,318.0,2026-05-15
David Njoku,TE,LAC,216.61,12.64,187.0,233.0,2026-05-15
Greg Dulcich,TE,MIA,216.77,34.7,126.0,273.0,2026-05-15
Terrance Ferguson,TE,LAR,216.97,16.23,194.0,273.0,2026-05-15
Rashod Bateman,WR,BAL,218.07,19.66,193.0,259.0,2026-05-15
Germie Bernard,WR,PIT,218.29,29.14,167.0,266.0,2026-05-15
Kaleb Johnson,RB,PIT,219.77,29.79,159.0,294.0,2026-05-15
Cade Otton,TE,TB,221.3,12.25,189.0,240.0,2026-05-15
Mason Taylor,TE,NYJ,221.77,26.11,182.0,323.0,2026-05-15
Kyle Williams,WR,NE,222.41,21.94,192.0,270.0,2026-05-15
Marvin Mims Jr.,WR,DEN,222.44,21.64,195.0,263.0,2026-05-15
Najee Harris,RB,LAC,222.62,19.46,175.0,266.0,2026-05-15
Cooper Kupp,WR,SEA,224.59,19.64,189.0,274.0,2026-05-15
Keon Coleman,WR,BUF,224.93,23.4,186.0,285.0,2026-05-15
Demond Claiborne,RB,MIN,225.75,28.26,167.0,277.0,2026-05-15
Ollie Gordon II,RB,MIA,226.87,12.83,200.0,251.0,2026-05-15
Isaiah Davis,RB,NYJ,228.04,20.17,192.0,276.0,2026-05-15
Malik Washington,WR,MIA,228.34,30.07,173.0,309.0,2026-05-15
Christian Kirk,WR,SF,229.07,27.24,171.0,278.0,2026-05-15
Zachariah Branch,WR,ATL,229.27,18.98,183.0,263.0,2026-05-15
De'Zhaun Stribling,WR,SF,229.28,25.75,170.0,274.0,2026-05-15
Pat Freiermuth,TE,PIT,230.1,13.15,202.0,279.0,2026-05-15
Evan Engram,TE,DEN,230.43,13.73,194.0,260.0,2026-05-15
Chris Brazzell II,WR,CAR,230.57,18.08,186.0,278.0,2026-05-15
Tory Horton,WR,SEA,231.04,21.63,205.0,295.0,2026-05-15
Xavier Legette,WR,CAR,232.24,23.91,203.0,275.0,2026-05-15
Colby Parkinson,TE,LAR,232.33,15.66,198.0,267.0,2026-05-15
Jack Bech,WR,LV,232.36,26.78,197.0,333.0,2026-05-15
Brashard Smith,RB,KC,232.38,16.3,213.0,279.0,2026-05-15
Elijah Sarratt,WR,BAL,232.62,20.27,191.0,297.0,2026-05-15
Malachi Fields,WR,NYG,233.04,25.04,194.0,308.0,2026-05-15
Theo Johnson,TE,NYG,233.5,27.53,161.0,271.0,2026-05-15
Kendre Miller,RB,NO,233.5,31.31,177.0,322.0,2026-05-15
Ja'Kobi Lane,WR,BAL,235.45,26.67,199.0,286.0,2026-05-15
Keenan Allen,WR,LAC,236.19,16.86,188.0,261.0,2026-05-15
Mack Hollins,WR,NE,236.37,35.99,195.0,339.0,2026-05-15
Eli Stowers,TE,PHI,237.83,22.71,185.0,321.0,2026-05-15
Adam Randall,RB,BAL,240.24,20.75,211.0,280.0,2026-05-15
Skyler Bell,WR,BUF,240.25,32.83,201.0,336.0,2026-05-15
Kaelon Black,RB,SF,240.7,28.27,190.0,280.0,2026-05-15
LeQuint Allen Jr.,RB,JAC,242.31,24.49,187.0,283.0,2026-05-15
Ty Johnson,RB,BUF,243.42,16.29,209.0,287.0,2026-05-15
Jake Tonges,TE,SF,243.48,25.22,191.0,315.0,2026-05-15
Darius Slayton,WR,NYG,243.89,26.3,205.0,349.0,2026-05-15
Jerome Ford,RB,WAS,246.08,14.61,213.0,273.0,2026-05-15
Ted Hurst,WR,TB,246.75,28.34,172.0,305.0,2026-05-15
Joe Flacco,QB,CIN,247.0,51.0,196.0,298.0,2026-05-15
Mike Gesicki,TE,CIN,247.5,16.37,209.0,282.0,2026-05-15
Joe Mixon,RB,FA,248.96,33.39,163.0,299.0,2026-05-15
Devaughn Vele,WR,NO,250.27,20.51,224.0,332.0,2026-05-15
George Holani,RB,SEA,250.46,23.31,205.0,283.0,2026-05-15
Justice Hill,RB,BAL,250.5,18.7,208.0,273.0,2026-05-15
Jaydon Blue,RB,DAL,250.74,21.94,204.0,302.0,2026-05-15
Jaleel McLaughlin,RB,DEN,251.76,27.85,202.0,304.0,2026-05-15
DJ Giddens,RB,IND,252.96,21.01,217.0,304.0,2026-05-15
Chris Brooks,RB,GB,253.08,16.01,208.0,276.0,2026-05-15
Andrei Iosivas,WR,CIN,253.83,21.65,222.0,306.0,2026-05-15
Nick Westbrook-Ikhine,WR,IND,255.5,75.5,180.0,331.0,2026-05-15
Konata Mumpfield,WR,LAR,255.88,19.61,230.0,310.0,2026-05-15
Devin Singletary,RB,NYG,257.22,17.92,205.0,280.0,2026-05-15
Tyquan Thornton,WR,KC,257.38,26.26,173.0,330.0,2026-05-15
Jordan James,RB,SF,257.85,30.63,208.0,317.0,2026-05-15
Jordan Whittington,WR,LAR,258.0,0.0,258.0,258.0,2026-05-15
Isaiah Bond,WR,CLE,260.05,28.87,224.0,342.0,2026-05-15
Isaac Guerendo,RB,SF,260.19,21.44,217.0,293.0,2026-05-15
Hollywood Brown,WR,PHI,261.04,20.07,233.0,334.0,2026-05-15
Jahan Dotson,WR,ATL,261.18,32.24,186.0,325.0,2026-05-15
Emari Demercado,RB,KC,264.6,16.82,231.0,291.0,2026-05-15
Malik Davis,RB,DAL,264.8,14.28,238.0,294.0,2026-05-15
MarShawn Lloyd,RB,GB,264.92,20.48,206.0,291.0,2026-05-15
Mitch Tinsley,WR,CIN,265.0,0.0,265.0,265.0,2026-05-15
Samaje Perine,RB,CIN,265.19,24.21,185.0,296.0,2026-05-15
Jalen Royals,WR,KC,265.4,26.8,234.0,338.0,2026-05-15
Bryce Lance,WR,NO,267.71,25.61,230.0,311.0,2026-05-15
Tommy Myers,TE,FA,267.8,10.91,253.0,286.0,2026-05-15
Darnell Washington,TE,PIT,269.4,18.01,236.0,289.0,2026-05-15
Cedric Tillman,WR,CLE,270.95,22.49,248.0,337.0,2026-05-15
Eli Heidenreich,RB,PIT,271.0,32.81,217.0,324.0,2026-05-15
Tyler Higbee,TE,LAR,271.8,17.6,236.0,293.0,2026-05-15
Calvin Austin III,WR,NYG,272.83,29.37,236.0,337.0,2026-05-15
Bam Knight,RB,ARI,272.9,31.3,214.0,339.0,2026-05-15
Tez Johnson,WR,TB,273.06,20.95,245.0,327.0,2026-05-15
Seth McGowan,RB,IND,273.44,20.01,231.0,322.0,2026-05-15
Jarquez Hunter,RB,LAR,274.21,16.62,232.0,314.0,2026-05-15
Luke McCaffrey,WR,WAS,274.56,20.37,250.0,335.0,2026-05-15
Tahj Brooks,RB,CIN,274.64,16.01,235.0,328.0,2026-05-15
Trevor Etienne,RB,CAR,274.79,13.74,247.0,305.0,2026-05-15
John Bates,TE,WAS,275.8,24.5,246.0,311.0,2026-05-15
Jalen Tolbert,WR,MIA,276.0,31.55,226.0,328.0,2026-05-15
Audric Estime,RB,NO,276.17,17.36,243.0,327.0,2026-05-15
Noah Gray,TE,KC,276.36,21.95,242.0,306.0,2026-05-15
Dont'e Thornton Jr.,WR,LV,276.56,26.88,244.0,333.0,2026-05-15
Austin Ekeler,RB,FA,277.42,19.15,222.0,299.0,2026-05-15
Olamide Zaccheaus,WR,ATL,277.5,22.66,245.0,320.0,2026-05-15
Will Shipley,RB,PHI,277.59,10.23,259.0,300.0,2026-05-15
Rasheen Ali,RB,BAL,279.0,0.0,279.0,279.0,2026-05-15
Tai Felton,WR,MIN,279.0,28.08,242.0,310.0,2026-05-15
Ja'Tavion Sanders,TE,CAR,279.17,23.06,250.0,316.0,2026-05-15
Kareem Hunt,RB,FA,279.25,12.1,256.0,314.0,2026-05-15
Cyrus Allen,WR,KC,281.75,45.06,209.0,328.0,2026-05-15
KaVontae Turpin,WR,DAL,282.0,37.42,236.0,337.0,2026-05-15
Treylon Burks,WR,WAS,282.8,26.49,241.0,308.0,2026-05-15
Roschon Johnson,RB,CHI,283.0,0.0,283.0,283.0,2026-05-15
Elijah Arroyo,TE,SEA,283.0,24.21,252.0,313.0,2026-05-15
Terrell Jennings,RB,NE,283.75,7.33,275.0,294.0,2026-05-15
Max Klare,TE,LAR,284.38,17.25,262.0,315.0,2026-05-15
Caleb Douglas,WR,MIA,285.88,30.83,213.0,313.0,2026-05-15
Kalif Raymond,WR,CHI,286.75,47.79,218.0,352.0,2026-05-15
Brenen Thompson,WR,LAC,287.38,22.52,258.0,328.0,2026-05-15
Nick Chubb,RB,FA,287.4,13.35,274.0,322.0,2026-05-15
Kevin Coleman Jr.,WR,MIA,287.4,33.37,236.0,324.0,2026-05-15
Savion Williams,WR,GB,287.43,21.59,262.0,329.0,2026-05-15
Michael Carter,RB,TEN,288.0,18.29,271.0,329.0,2026-05-15
John Metchie III,WR,CAR,288.56,32.36,254.0,341.0,2026-05-15
Xavier Hutchinson,WR,HOU,289.0,22.86,261.0,333.0,2026-05-15
Joshua Palmer,WR,BUF,290.6,28.78,253.0,345.0,2026-05-15
Nate Boerkircher,TE,JAC,291.0,0.0,291.0,291.0,2026-05-15
DeMario Douglas,WR,NE,291.22,21.15,263.0,330.0,2026-05-15
Jaylin Lane,WR,WAS,292.13,21.4,265.0,326.0,2026-05-15
Michael Mayer,TE,LV,292.17,25.06,257.0,326.0,2026-05-15
Theo Wease Jr.,WR,MIA,293.0,0.0,293.0,293.0,2026-05-15
Jawhar Jordan,RB,HOU,293.33,15.88,275.0,322.0,2026-05-15
Darren Waller,TE,FA,294.14,16.99,257.0,316.0,2026-05-15
Justin Joly,TE,DEN,295.14,19.64,275.0,338.0,2026-05-15
Jam Miller,RB,NE,295.5,8.5,287.0,304.0,2026-05-15
Zavier Scott,RB,MIN,296.0,0.0,296.0,296.0,2026-05-15
Jared Wiley,TE,KC,296.0,0.0,296.0,296.0,2026-05-15
Jameis Winston,QB,NYG,296.0,0.0,296.0,296.0,2026-05-15
Xavier Restrepo,WR,TEN,297.0,0.0,297.0,297.0,2026-05-15
Antonio Gibson,RB,FA,297.2,18.28,276.0,327.0,2026-05-15
Ben Sinnott,TE,WAS,297.33,15.58,272.0,319.0,2026-05-15
Austin Hooper,TE,ATL,298.0,0.0,298.0,298.0,2026-05-15
Tutu Atwell,WR,MIA,298.33,27.64,251.0,331.0,2026-05-15
Kyle Juszczyk,RB,SF,299.0,0.0,299.0,299.0,2026-05-15
Gardner Minshew II,QB,ARI,299.0,0.0,299.0,299.0,2026-05-15
Antwane Wells Jr.,WR,FA,299.0,0.0,299.0,299.0,2026-05-15
Cole Kmet,TE,CHI,299.4,21.19,264.0,319.0,2026-05-15
Julian Fleming,WR,FA,300.0,0.0,300.0,300.0,2026-05-15
Oscar Delp,TE,NO,300.8,23.73,274.0,329.0,2026-05-15
Brandin Cooks,WR,FA,301.0,0.0,301.0,301.0,2026-05-15
Greg Dortch,WR,DET,302.0,0.0,302.0,302.0,2026-05-15
J'Mari Taylor,RB,JAC,302.4,29.23,275.0,348.0,2026-05-15
Raheim Sanders,RB,CLE,302.63,22.51,277.0,338.0,2026-05-15
Kendrick Bourne,WR,ARI,303.5,27.6,262.0,336.0,2026-05-15
Zach Ertz,TE,FA,304.5,18.67,273.0,321.0,2026-05-15
Malik Benson,WR,LV,305.6,66.24,174.0,348.0,2026-05-15
Tommy Tremble,TE,CAR,306.0,0.0,306.0,306.0,2026-05-15
Damien Martinez,RB,GB,306.5,16.04,279.0,318.0,2026-05-15
Noah Fant,TE,NO,306.8,16.12,284.0,334.0,2026-05-15
Luke Musgrave,TE,GB,308.0,11.82,294.0,321.0,2026-05-15
Mitchell Evans,TE,CAR,308.0,0.0,308.0,308.0,2026-05-15
Marlin Klein,TE,HOU,308.5,22.5,286.0,331.0,2026-05-15
Daniel Bellinger,TE,TEN,308.5,38.27,246.0,350.0,2026-05-15
Jonnu Smith,TE,FA,310.75,26.8,267.0,339.0,2026-05-15
Dameon Pierce,RB,PHI,312.33,20.77,281.0,346.0,2026-05-15
Durham Smythe,TE,BAL,313.0,0.0,313.0,313.0,2026-05-15
Dawson Knox,TE,BUF,313.8,13.66,290.0,332.0,2026-05-15
CJ Daniels,WR,LAR,314.4,28.98,269.0,351.0,2026-05-15
Eli Raridon,TE,NE,314.8,31.46,263.0,347.0,2026-05-15
Sam Roush,TE,CHI,315.0,21.35,297.0,345.0,2026-05-15
Jackson Hawes,TE,BUF,316.0,0.0,316.0,316.0,2026-05-15
Tyler Badie,RB,DEN,318.0,0.0,318.0,318.0,2026-05-15
Michael Trigg,TE,DAL,318.0,0.0,318.0,318.0,2026-05-15
Elijah Higgins,TE,ARI,318.67,11.9,302.0,329.0,2026-05-15
Zavion Thomas,WR,CHI,318.8,23.02,289.0,343.0,2026-05-15
Phil Mafah,RB,DAL,319.0,25.0,294.0,344.0,2026-05-15
Thomas Fidone II,TE,NYG,319.0,0.0,319.0,319.0,2026-05-15
Jack Endries,TE,CIN,320.0,0.0,320.0,320.0,2026-05-15
Tanner Koziol,TE,JAC,321.0,0.0,321.0,321.0,2026-05-15
Deion Burks,WR,IND,321.2,21.42,293.0,342.0,2026-05-15
Devontez Walker,WR,BAL,322.0,14.0,308.0,336.0,2026-05-15
Roman Wilson,WR,FA,325.0,0.0,325.0,325.0,2026-05-15
Dylan Laube,RB,LV,326.0,0.0,326.0,326.0,2026-05-15
Demarcus Robinson,WR,SF,328.0,4.0,324.0,332.0,2026-05-15
Erick All Jr.,TE,CIN,329.5,5.5,324.0,335.0,2026-05-15
Robert Henry Jr.,RB,WAS,334.0,10.0,324.0,344.0,2026-05-15
Jeremy McNichols,RB,WAS,340.0,0.0,340.0,340.0,2026-05-15
Roman Hemby,RB,LV,340.0,0.0,340.0,340.0,2026-05-15
Luke Schoonmaker,TE,DAL,341.0,0.0,341.0,341.0,2026-05-15
Ty Chandler,RB,NO,343.0,0.0,343.0,343.0,2026-05-15
Jaydn Ott,RB,KC,343.0,0.0,343.0,343.0,2026-05-15
Desmond Reid,RB,BUF,347.0,0.0,347.0,347.0,2026-05-15
Josh Allen,QB,BUF,1.04,0.19,1.0,2.0,2026-05-08
Lamar Jackson,QB,BAL,2.35,0.55,2.0,4.0,2026-05-08
Drake Maye,QB,NE,3.19,0.88,2.0,5.0,2026-05-08
Joe Burrow,QB,CIN,4.73,1.79,2.0,9.0,2026-05-08
Jayden Daniels,QB,WAS,5.81,2.87,3.0,18.0,2026-05-08
Jalen Hurts,QB,PHI,6.77,2.19,4.0,16.0,2026-05-08
Ja'Marr Chase,WR,CIN,6.81,1.9,6.0,12.0,2026-05-08
Bijan Robinson,RB,ATL,10.81,1.52,10.0,15.0,2026-05-08
Puka Nacua,WR,LAR,11.0,2.27,6.0,17.0,2026-05-08
Justin Herbert,QB,LAC,11.38,5.67,7.0,29.0,2026-05-08
Jaxon Smith-Njigba,WR,SEA,11.92,0.78,11.0,15.0,2026-05-08
Jaxson Dart,QB,NYG,12.35,5.58,8.0,26.0,2026-05-08
Jahmyr Gibbs,RB,DET,13.96,5.81,10.0,42.0,2026-05-08
Caleb Williams,QB,CHI,14.92,5.24,5.0,26.0,2026-05-08
Trevor Lawrence,QB,JAC,14.92,4.69,7.0,26.0,2026-05-08
Dak Prescott,QB,DAL,16.12,3.5,9.0,23.0,2026-05-08
Amon-Ra St. Brown,WR,DET,18.46,5.54,12.0,41.0,2026-05-08
Christian McCaffrey,RB,SF,18.85,7.07,13.0,42.0,2026-05-08
CeeDee Lamb,WR,DAL,18.92,5.81,14.0,43.0,2026-05-08
Brock Purdy,QB,SF,20.31,4.21,10.0,26.0,2026-05-08
Justin Jefferson,WR,MIN,21.73,5.1,14.0,44.0,2026-05-08
Jonathan Taylor,RB,IND,22.54,6.01,15.0,45.0,2026-05-08
Drake London,WR,ATL,24.81,4.84,21.0,47.0,2026-05-08
Patrick Mahomes II,QB,KC,25.88,6.2,16.0,41.0,2026-05-08
Matthew Stafford,QB,LAR,27.23,6.47,16.0,38.0,2026-05-08
Bo Nix,QB,DEN,28.23,6.03,15.0,41.0,2026-05-08
Malik Nabers,WR,NYG,29.08,7.38,23.0,52.0,2026-05-08
Nico Collins,WR,HOU,29.81,5.84,24.0,49.0,2026-05-08
Rashee Rice,WR,KC,30.85,7.72,21.0,49.0,2026-05-08
De'Von Achane,RB,MIA,33.15,9.45,22.0,55.0,2026-05-08
Trey McBride,TE,ARI,34.5,5.2,31.0,51.0,2026-05-08
Ashton Jeanty,RB,LV,34.69,7.85,22.0,51.0,2026-05-08
James Cook III,RB,BUF,34.77,8.28,15.0,48.0,2026-05-08
George Pickens,WR,DAL,35.04,4.34,27.0,50.0,2026-05-08
Chris Olave,WR,NO,37.46,10.52,27.0,62.0,2026-05-08
Brock Bowers,TE,LV,37.96,5.18,31.0,57.0,2026-05-08
A.J. Brown,WR,PHI,38.04,7.49,27.0,57.0,2026-05-08
Jared Goff,QB,DET,39.27,9.73,18.0,55.0,2026-05-08
Chase Brown,RB,CIN,39.85,5.74,25.0,48.0,2026-05-08
Kyler Murray,QB,MIN,41.15,13.89,17.0,64.0,2026-05-08
Omarion Hampton,RB,LAC,43.65,7.52,33.0,62.0,2026-05-08
Jordan Love,QB,GB,44.38,10.27,24.0,56.0,2026-05-08
Tetairoa McMillan,WR,CAR,44.54,5.6,35.0,57.0,2026-05-08
Saquon Barkley,RB,PHI,44.58,6.13,37.0,66.0,2026-05-08
Malik Willis,QB,MIA,44.96,12.13,29.0,70.0,2026-05-08
Tyler Shough,QB,NO,46.27,11.09,26.0,60.0,2026-05-08
Baker Mayfield,QB,TB,47.62,10.54,23.0,60.0,2026-05-08
Garrett Wilson,WR,NYJ,47.81,5.36,43.0,65.0,2026-05-08
Kenneth Walker III,RB,KC,48.5,8.78,37.0,77.0,2026-05-08
DeVonta Smith,WR,PHI,50.46,11.55,34.0,69.0,2026-05-08
Tee Higgins,WR,CIN,50.46,6.57,36.0,71.0,2026-05-08
Josh Jacobs,RB,GB,53.73,6.83,42.0,74.0,2026-05-08
Jeremiyah Love,RB,ARI,56.81,10.37,37.0,77.0,2026-05-08
Ladd McConkey,WR,LAC,57.19,8.85,43.0,79.0,2026-05-08
Zay Flowers,WR,BAL,57.5,8.49,36.0,73.0,2026-05-08
Luther Burden III,WR,CHI,58.42,6.36,45.0,69.0,2026-05-08
C.J. Stroud,QB,HOU,59.08,8.91,25.0,70.0,2026-05-08
Jaylen Waddle,WR,DEN,59.42,8.88,44.0,77.0,2026-05-08
Derrick Henry,RB,BAL,60.19,5.99,48.0,80.0,2026-05-08
Sam Darnold,QB,SEA,60.38,9.86,26.0,76.0,2026-05-08
Colston Loveland,TE,CHI,61.88,16.47,47.0,90.0,2026-05-08
Breece Hall,RB,NYJ,62.38,8.35,48.0,77.0,2026-05-08
Terry McLaurin,WR,WAS,63.04,6.2,52.0,78.0,2026-05-08
Davante Adams,WR,LAR,63.58,10.4,45.0,93.0,2026-05-08
Bryce Young,QB,CAR,66.46,10.02,28.0,83.0,2026-05-08
Travis Etienne Jr.,RB,NO,66.65,6.06,54.0,77.0,2026-05-08
Emeka Egbuka,WR,TB,66.92,8.11,45.0,82.0,2026-05-08
Javonte Williams,RB,DAL,67.12,10.61,46.0,81.0,2026-05-08
Kyren Williams,RB,LAR,68.38,8.84,54.0,79.0,2026-05-08
Mike Evans,WR,SF,69.35,7.35,52.0,81.0,2026-05-08
Cam Ward,QB,TEN,69.69,9.82,33.0,83.0,2026-05-08
Tyler Warren,TE,IND,70.73,17.05,47.0,93.0,2026-05-08
Bucky Irving,RB,TB,70.73,8.73,48.0,87.0,2026-05-08
Jameson Williams,WR,DET,71.58,7.66,59.0,90.0,2026-05-08
Daniel Jones,QB,IND,77.92,24.97,27.0,183.0,2026-05-08
Cam Skattebo,RB,NYG,79.0,8.03,65.0,99.0,2026-05-08
Christian Watson,WR,GB,80.42,9.8,67.0,110.0,2026-05-08
DJ Moore,WR,BUF,80.77,15.78,52.0,128.0,2026-05-08
Jacoby Brissett,QB,ARI,81.38,23.76,22.0,127.0,2026-05-08
TreVeyon Henderson,RB,NE,82.19,10.3,67.0,103.0,2026-05-08
Rome Odunze,WR,CHI,83.42,13.18,57.0,110.0,2026-05-08
David Montgomery,RB,HOU,85.27,7.94,71.0,99.0,2026-05-08
D'Andre Swift,RB,CHI,86.65,6.02,77.0,97.0,2026-05-08
Quinshon Judkins,RB,CLE,87.42,7.21,72.0,98.0,2026-05-08
Tucker Kraft,TE,GB,89.65,10.23,76.0,113.0,2026-05-08
Courtland Sutton,WR,DEN,91.62,9.26,73.0,109.0,2026-05-08
Marvin Harrison Jr.,WR,ARI,91.69,7.9,80.0,109.0,2026-05-08
Carnell Tate,WR,TEN,92.38,17.06,68.0,117.0,2026-05-08
Chris Godwin Jr.,WR,TB,92.88,10.73,75.0,116.0,2026-05-08
DK Metcalf,WR,PIT,94.23,8.6,73.0,112.0,2026-05-08
Fernando Mendoza,QB,LV,94.36,34.54,30.0,192.0,2026-05-08
Bhayshul Tuten,RB,JAC,94.73,7.18,81.0,108.0,2026-05-08
Michael Wilson,WR,ARI,94.85,13.18,73.0,122.0,2026-05-08
Harold Fannin Jr.,TE,CLE,95.12,10.49,78.0,121.0,2026-05-08
RJ Harvey,RB,DEN,95.23,13.57,65.0,130.0,2026-05-08
Jaylen Warren,RB,PIT,95.46,4.76,88.0,105.0,2026-05-08
Chuba Hubbard,RB,CAR,96.42,15.28,74.0,132.0,2026-05-08
Jordyn Tyson,WR,NO,96.94,13.53,73.0,118.0,2026-05-08
Jadarian Price,RB,SEA,98.18,7.74,79.0,111.0,2026-05-08
Jakobi Meyers,WR,JAC,98.19,9.39,80.0,116.0,2026-05-08
Kyle Pitts Sr.,TE,ATL,101.69,7.93,86.0,115.0,2026-05-08
Sam LaPorta,TE,DET,102.38,4.86,88.0,106.0,2026-05-08
Alec Pierce,WR,IND,102.46,13.35,74.0,122.0,2026-05-08
Makai Lemon,WR,PHI,103.08,9.51,84.0,114.0,2026-05-08
Rico Dowdle,RB,PIT,104.62,6.53,92.0,120.0,2026-05-08
Brian Thomas Jr.,WR,JAC,105.19,12.18,75.0,127.0,2026-05-08
Rhamondre Stevenson,RB,NE,105.27,6.96,94.0,120.0,2026-05-08
Michael Pittman Jr.,WR,PIT,105.73,11.65,83.0,131.0,2026-05-08
Tony Pollard,RB,TEN,106.81,5.36,98.0,116.0,2026-05-08
Wan'Dale Robinson,WR,TEN,108.15,12.41,84.0,138.0,2026-05-08
Michael Penix Jr.,QB,ATL,110.0,31.04,34.0,184.0,2026-05-08
Ricky Pearsall,WR,SF,110.38,11.94,91.0,135.0,2026-05-08
Kyle Monangai,RB,CHI,113.38,7.38,98.0,127.0,2026-05-08
Parker Washington,WR,JAC,115.31,12.49,89.0,139.0,2026-05-08
Geno Smith,QB,NYJ,115.96,37.09,32.0,184.0,2026-05-08
Jordan Addison,WR,MIN,116.19,6.55,102.0,128.0,2026-05-08
Aaron Rodgers,QB,FA,116.47,31.26,36.0,177.0,2026-05-08
Oronde Gadsden II,TE,LAC,119.73,7.02,112.0,145.0,2026-05-08
Josh Downs,WR,IND,119.77,15.02,85.0,144.0,2026-05-08
Kenneth Gainwell,RB,TB,120.62,14.09,98.0,143.0,2026-05-08
Aaron Jones Sr.,RB,MIN,121.42,9.65,101.0,144.0,2026-05-08
Jayden Reed,WR,GB,123.0,10.94,96.0,142.0,2026-05-08
Jake Ferguson,TE,DAL,123.65,7.8,113.0,143.0,2026-05-08
Dalton Kincaid,TE,BUF,125.15,11.75,109.0,153.0,2026-05-08
Travis Kelce,TE,KC,126.58,15.03,93.0,159.0,2026-05-08
Blake Corum,RB,LAR,127.35,8.36,108.0,142.0,2026-05-08
Khalil Shakir,WR,BUF,127.77,8.67,110.0,140.0,2026-05-08
J.K. Dobbins,RB,DEN,128.08,13.28,107.0,155.0,2026-05-08
Isaiah Likely,TE,NYG,130.5,17.12,113.0,190.0,2026-05-08
Quentin Johnston,WR,LAC,131.12,8.14,113.0,149.0,2026-05-08
Rachaad White,RB,WAS,131.69,15.37,105.0,162.0,2026-05-08
Justin Fields,QB,KC,133.0,61.42,35.0,184.0,2026-05-08
Jayden Higgins,WR,HOU,134.15,8.03,121.0,149.0,2026-05-08
Jacory Croskey-Merritt,RB,WAS,135.42,7.86,120.0,150.0,2026-05-08
Shedeur Sanders,QB,CLE,136.79,45.93,40.0,268.0,2026-05-08
George Kittle,TE,SF,138.31,24.62,94.0,189.0,2026-05-08
Romeo Doubs,WR,NE,139.08,18.09,102.0,178.0,2026-05-08
Xavier Worthy,WR,KC,140.58,8.6,116.0,158.0,2026-05-08
Dallas Goedert,TE,PHI,141.88,10.53,121.0,161.0,2026-05-08
Tyler Allgeier,RB,ARI,142.92,12.22,119.0,166.0,2026-05-08
Jalen Coker,WR,CAR,143.42,10.14,123.0,167.0,2026-05-08
Zach Charbonnet,RB,SEA,143.88,17.5,103.0,176.0,2026-05-08
Jordan Mason,RB,MIN,144.38,9.9,119.0,159.0,2026-05-08
Tyrone Tracy Jr.,RB,NYG,144.5,9.0,130.0,165.0,2026-05-08
KC Concepcion,WR,CLE,144.94,25.71,94.0,191.0,2026-05-08
Woody Marks,RB,HOU,145.38,18.09,104.0,175.0,2026-05-08
Matthew Golden,WR,GB,146.19,18.97,101.0,176.0,2026-05-08
Tyjae Spears,RB,TEN,146.27,11.19,116.0,166.0,2026-05-08
Juwan Johnson,TE,NO,147.38,15.47,123.0,172.0,2026-05-08
J.J. McCarthy,QB,MIN,149.89,62.1,70.0,278.0,2026-05-08
Stefon Diggs,WR,FA,150.04,33.21,101.0,264.0,2026-05-08
Dylan Sampson,RB,CLE,152.38,10.72,130.0,166.0,2026-05-08
Tua Tagovailoa,QB,ATL,152.89,44.89,35.0,277.0,2026-05-08
Alvin Kamara,RB,NO,153.12,14.04,132.0,182.0,2026-05-08
Brenton Strange,TE,JAC,154.04,19.39,113.0,197.0,2026-05-08
Jauan Jennings,WR,MIN,155.75,21.58,123.0,198.0,2026-05-08
James Conner,RB,ARI,156.46,26.56,103.0,216.0,2026-05-08
Mark Andrews,TE,BAL,157.23,15.41,125.0,177.0,2026-05-08
Rashid Shaheed,WR,SEA,157.62,7.31,147.0,170.0,2026-05-08
Deebo Samuel Sr.,WR,FA,157.65,20.34,134.0,206.0,2026-05-08
Isiah Pacheco,RB,DET,158.27,8.75,134.0,177.0,2026-05-08
Chris Rodriguez Jr.,RB,JAC,158.77,23.86,137.0,212.0,2026-05-08
Jerry Jeudy,WR,CLE,161.77,12.18,146.0,189.0,2026-05-08
Jonathon Brooks,RB,CAR,163.38,27.65,120.0,218.0,2026-05-08
Braelon Allen,RB,NYJ,165.42,11.99,139.0,190.0,2026-05-08
Travis Hunter,WR,JAC,166.15,26.11,107.0,221.0,2026-05-08
Keaton Mitchell,RB,LAC,166.15,15.76,150.0,225.0,2026-05-08
Kirk Cousins,QB,LV,167.13,53.08,38.0,292.0,2026-05-08
Hunter Henry,TE,NE,167.85,9.73,153.0,187.0,2026-05-08
Deshaun Watson,QB,CLE,168.07,54.35,39.0,287.0,2026-05-08
Jonah Coleman,RB,DEN,168.52,25.12,143.0,243.0,2026-05-08
Denzel Boston,WR,CLE,169.76,20.87,144.0,218.0,2026-05-08
Adonai Mitchell,WR,NYJ,171.35,14.31,151.0,205.0,2026-05-08
Dalton Schultz,TE,HOU,171.88,18.8,136.0,197.0,2026-05-08
Brian Robinson Jr.,RB,ATL,173.5,11.93,154.0,203.0,2026-05-08
Omar Cooper Jr.,WR,NYJ,174.6,28.26,125.0,237.0,2026-05-08
Brandon Aiyuk,WR,SF,174.69,20.46,137.0,229.0,2026-05-08
Tyreek Hill,WR,FA,175.54,34.02,124.0,297.0,2026-05-08
Tre Harris,WR,LAC,175.72,16.96,144.0,233.0,2026-05-08
Jalen McMillan,WR,TB,176.12,17.54,133.0,219.0,2026-05-08
Chig Okonkwo,TE,WAS,176.81,24.91,136.0,219.0,2026-05-08
Emanuel Wilson,RB,SEA,177.19,19.2,132.0,209.0,2026-05-08
Mac Jones,QB,SF,178.29,47.93,127.0,282.0,2026-05-08
Kayshon Boutte,WR,NE,179.46,9.03,168.0,196.0,2026-05-08
Marcus Mariota,QB,WAS,180.0,0.0,180.0,180.0,2026-05-08
Tank Bigsby,RB,PHI,181.88,13.78,161.0,211.0,2026-05-08
Joe Milton III,QB,DAL,182.0,0.0,182.0,182.0,2026-05-08
Troy Franklin,WR,DEN,182.35,18.78,146.0,221.0,2026-05-08
Jaylin Noel,WR,HOU,183.33,15.54,151.0,215.0,2026-05-08
T.J. Hockenson,TE,MIN,184.04,12.09,151.0,197.0,2026-05-08
Mike Washington Jr.,RB,LV,187.38,26.91,156.0,273.0,2026-05-08
Tre Tucker,WR,LV,187.64,19.12,160.0,259.0,2026-05-08
Kimani Vidal,RB,LAC,189.46,18.58,155.0,220.0,2026-05-08
Nick Singleton,RB,TEN,191.38,30.8,146.0,267.0,2026-05-08
Pat Bryant,WR,DEN,192.04,16.9,171.0,239.0,2026-05-08
Emmett Johnson,RB,KC,192.68,29.15,153.0,290.0,2026-05-08
Chimere Dike,WR,TEN,194.58,29.11,157.0,248.0,2026-05-08
Kaytron Allen,RB,WAS,195.25,29.1,154.0,271.0,2026-05-08
Darnell Mooney,WR,NYG,195.36,13.28,162.0,222.0,2026-05-08
Ray Davis,RB,BUF,195.54,15.1,165.0,220.0,2026-05-08
Dyami Brown,WR,WAS,196.0,0.0,196.0,196.0,2026-05-08
AJ Barner,TE,SEA,196.27,9.85,165.0,212.0,2026-05-08
Antonio Williams,WR,WAS,197.0,35.89,142.0,270.0,2026-05-08
Calvin Ridley,WR,TEN,197.96,29.47,156.0,320.0,2026-05-08
Kenyon Sadiq,TE,NYJ,198.76,24.63,148.0,250.0,2026-05-08
Carson Beck,QB,ARI,199.0,17.0,182.0,216.0,2026-05-08
Ryan Flournoy,WR,DAL,199.36,23.42,180.0,291.0,2026-05-08
Dontayvion Wicks,WR,PHI,199.84,14.77,160.0,224.0,2026-05-08
Isaac TeSlaa,WR,DET,200.0,16.95,184.0,278.0,2026-05-08
Jaylen Wright,RB,MIA,202.04,19.04,166.0,252.0,2026-05-08
Anthony Richardson Sr.,QB,IND,205.0,45.66,177.0,284.0,2026-05-08
Sean Tucker,RB,TB,205.15,17.42,170.0,270.0,2026-05-08
Gunnar Helm,TE,TEN,210.0,13.02,183.0,240.0,2026-05-08
Elic Ayomanor,WR,TEN,212.04,33.9,170.0,297.0,2026-05-08
Trey Benson,RB,ARI,212.46,40.94,131.0,287.0,2026-05-08
Germie Bernard,WR,PIT,213.55,26.59,173.0,264.0,2026-05-08
Jalen Nailor,WR,LV,214.83,38.84,169.0,296.0,2026-05-08
Devin Neal,RB,NO,215.46,32.98,164.0,318.0,2026-05-08
Chris Bell,WR,MIA,216.2,37.51,160.0,308.0,2026-05-08
Terrance Ferguson,TE,LAR,216.65,14.31,194.0,250.0,2026-05-08
Tank Dell,WR,HOU,217.04,14.57,195.0,245.0,2026-05-08
David Njoku,TE,FA,217.65,11.69,190.0,233.0,2026-05-08
Ty Simpson,QB,LAR,218.0,46.3,182.0,297.0,2026-05-08
Najee Harris,RB,LAC,218.23,23.14,168.0,266.0,2026-05-08
Cade Otton,TE,TB,219.92,13.26,189.0,240.0,2026-05-08
Rashod Bateman,WR,BAL,220.13,21.12,191.0,263.0,2026-05-08
Kaleb Johnson,RB,PIT,220.69,30.43,159.0,285.0,2026-05-08
Demond Claiborne,RB,MIN,220.8,28.03,167.0,268.0,2026-05-08
Kyle Williams,WR,NE,223.26,21.97,192.0,270.0,2026-05-08
Mason Taylor,TE,NYJ,223.31,25.58,182.0,321.0,2026-05-08
Greg Dulcich,TE,MIA,224.46,24.98,186.0,273.0,2026-05-08
Marvin Mims Jr.,WR,DEN,224.48,22.14,193.0,263.0,2026-05-08
Ollie Gordon II,RB,MIA,225.27,13.31,200.0,252.0,2026-05-08
Cooper Kupp,WR,SEA,226.0,21.86,189.0,281.0,2026-05-08
Keon Coleman,WR,BUF,226.09,25.21,186.0,292.0,2026-05-08
Malik Washington,WR,MIA,227.28,31.7,173.0,309.0,2026-05-08
Evan Engram,TE,DEN,228.69,14.07,194.0,260.0,2026-05-08
Christian Kirk,WR,SF,228.7,27.06,173.0,272.0,2026-05-08
Isaiah Davis,RB,NYJ,229.22,20.16,192.0,279.0,2026-05-08
Zachariah Branch,WR,ATL,229.32,20.67,181.0,263.0,2026-05-08
De'Zhaun Stribling,WR,SF,229.76,26.77,166.0,274.0,2026-05-08
Pat Freiermuth,TE,PIT,229.92,13.1,204.0,273.0,2026-05-08
Chris Brazzell II,WR,CAR,230.63,21.59,183.0,278.0,2026-05-08
Tory Horton,WR,SEA,231.92,22.74,205.0,297.0,2026-05-08
Colby Parkinson,TE,LAR,232.12,16.6,198.0,267.0,2026-05-08
Jack Bech,WR,LV,233.04,28.47,197.0,336.0,2026-05-08
Elijah Sarratt,WR,BAL,233.59,27.12,191.0,328.0,2026-05-08
Malachi Fields,WR,NYG,233.67,27.34,194.0,310.0,2026-05-08
Kendre Miller,RB,NO,233.88,33.26,177.0,322.0,2026-05-08
Xavier Legette,WR,CAR,234.0,24.73,199.0,275.0,2026-05-08
Brashard Smith,RB,KC,234.73,18.32,211.0,279.0,2026-05-08
Ja'Kobi Lane,WR,BAL,235.2,27.5,199.0,286.0,2026-05-08
Keenan Allen,WR,LAC,235.23,18.53,188.0,269.0,2026-05-08
Theo Johnson,TE,NYG,236.48,24.4,183.0,271.0,2026-05-08
Eli Stowers,TE,PHI,237.64,26.15,191.0,323.0,2026-05-08
Skyler Bell,WR,BUF,237.8,29.37,201.0,311.0,2026-05-08
Mack Hollins,WR,NE,239.25,37.79,195.0,342.0,2026-05-08
Kaelon Black,RB,SF,240.5,27.1,200.0,280.0,2026-05-08
Jake Tonges,TE,SF,241.78,26.73,185.0,315.0,2026-05-08
Joe Mixon,RB,FA,242.45,36.94,165.0,299.0,2026-05-08
Ty Johnson,RB,BUF,242.82,18.33,209.0,287.0,2026-05-08
Adam Randall,RB,BAL,243.61,23.95,213.0,293.0,2026-05-08
Darius Slayton,WR,NYG,245.22,28.19,205.0,349.0,2026-05-08
Jerome Ford,RB,WAS,245.57,16.01,213.0,280.0,2026-05-08
LeQuint Allen Jr.,RB,JAC,246.73,22.96,202.0,283.0,2026-05-08
Joe Flacco,QB,CIN,247.0,51.0,196.0,298.0,2026-05-08
Ted Hurst,WR,TB,247.33,28.38,172.0,302.0,2026-05-08
Justice Hill,RB,BAL,248.59,18.79,208.0,273.0,2026-05-08
Mike Gesicki,TE,CIN,249.3,18.11,205.0,282.0,2026-05-08
Jaydon Blue,RB,DAL,249.96,22.84,204.0,302.0,2026-05-08
Chris Brooks,RB,GB,250.91,16.81,202.0,276.0,2026-05-08
Devaughn Vele,WR,NO,251.83,21.56,224.0,332.0,2026-05-08
DJ Giddens,RB,IND,252.73,21.24,217.0,290.0,2026-05-08
Andrei Iosivas,WR,CIN,253.67,25.1,207.0,306.0,2026-05-08
Jordan James,RB,SF,255.0,32.94,208.0,317.0,2026-05-08
Konata Mumpfield,WR,LAR,255.29,21.42,230.0,310.0,2026-05-08
Devin Singletary,RB,NYG,255.39,19.43,205.0,280.0,2026-05-08
Jordan Whittington,WR,LAR,256.0,0.0,256.0,256.0,2026-05-08
Jaleel McLaughlin,RB,DEN,256.76,26.24,210.0,304.0,2026-05-08
Tyquan Thornton,WR,KC,257.15,27.35,188.0,330.0,2026-05-08
Mitch Tinsley,WR,CIN,258.0,0.0,258.0,258.0,2026-05-08
Nick Westbrook-Ikhine,WR,IND,258.5,72.5,186.0,331.0,2026-05-08
George Holani,RB,SEA,259.0,16.23,224.0,283.0,2026-05-08
Jahan Dotson,WR,ATL,259.64,36.0,169.0,325.0,2026-05-08
Emari Demercado,RB,KC,260.71,19.61,220.0,291.0,2026-05-08
Hollywood Brown,WR,PHI,261.5,20.98,237.0,334.0,2026-05-08
Isaac Guerendo,RB,SF,262.73,21.29,222.0,294.0,2026-05-08
Samaje Perine,RB,CIN,263.74,25.05,192.0,296.0,2026-05-08
MarShawn Lloyd,RB,GB,263.95,21.83,213.0,291.0,2026-05-08
Malik Davis,RB,DAL,265.14,15.75,238.0,294.0,2026-05-08
Jalen Royals,WR,KC,265.2,26.91,234.0,338.0,2026-05-08
Isaiah Bond,WR,CLE,267.05,34.95,224.0,343.0,2026-05-08
Bryce Lance,WR,NO,267.57,25.59,230.0,311.0,2026-05-08
Tai Felton,WR,MIN,269.0,19.2,242.0,285.0,2026-05-08
Darnell Washington,TE,PIT,269.7,20.07,236.0,303.0,2026-05-08
Tommy Myers,TE,FA,270.2,15.14,253.0,298.0,2026-05-08
Tyler Higbee,TE,LAR,272.4,18.3,233.0,294.0,2026-05-08
Cedric Tillman,WR,CLE,272.44,23.41,248.0,334.0,2026-05-08
Tez Johnson,WR,TB,272.72,20.0,245.0,325.0,2026-05-08
Trevor Etienne,RB,CAR,273.2,16.19,247.0,305.0,2026-05-08
Jarquez Hunter,RB,LAR,273.68,21.33,214.0,300.0,2026-05-08
Noah Gray,TE,KC,274.09,22.22,242.0,306.0,2026-05-08
Calvin Austin III,WR,NYG,274.8,32.17,236.0,337.0,2026-05-08
Dont'e Thornton Jr.,WR,LV,275.56,27.45,244.0,333.0,2026-05-08
Jalen Tolbert,WR,MIA,275.63,31.42,226.0,328.0,2026-05-08
Luke McCaffrey,WR,WAS,276.0,22.46,245.0,335.0,2026-05-08
Bam Knight,RB,ARI,276.47,29.84,226.0,339.0,2026-05-08
Tahj Brooks,RB,CIN,276.52,16.42,235.0,328.0,2026-05-08
Audric Estime,RB,NO,276.79,19.76,243.0,327.0,2026-05-08
John Bates,TE,WAS,276.8,25.47,246.0,311.0,2026-05-08
Will Shipley,RB,PHI,277.2,12.58,255.0,304.0,2026-05-08
Seth McGowan,RB,IND,279.0,15.2,261.0,322.0,2026-05-08
Ja'Tavion Sanders,TE,CAR,279.0,22.8,250.0,315.0,2026-05-08
Olamide Zaccheaus,WR,ATL,279.3,20.89,245.0,320.0,2026-05-08
Roschon Johnson,RB,CHI,280.0,0.0,280.0,280.0,2026-05-08
Kareem Hunt,RB,FA,280.82,11.68,268.0,314.0,2026-05-08
Elijah Arroyo,TE,SEA,281.38,24.51,252.0,312.0,2026-05-08
Treylon Burks,WR,WAS,281.4,28.75,234.0,308.0,2026-05-08
Cyrus Allen,WR,KC,281.5,51.31,195.0,328.0,2026-05-08
Caleb Douglas,WR,MIA,282.25,29.33,213.0,313.0,2026-05-08
KaVontae Turpin,WR,DAL,282.5,37.18,236.0,337.0,2026-05-08
Austin Ekeler,RB,FA,282.64,9.58,270.0,299.0,2026-05-08
Terrell Jennings,RB,NE,283.25,7.95,273.0,294.0,2026-05-08
Eli Heidenreich,RB,PIT,283.86,21.46,259.0,324.0,2026-05-08
Zavier Scott,RB,MIN,284.0,0.0,284.0,284.0,2026-05-08
Max Klare,TE,LAR,284.38,17.25,262.0,315.0,2026-05-08
Brenen Thompson,WR,LAC,284.5,18.83,258.0,310.0,2026-05-08
Savion Williams,WR,GB,286.14,20.28,266.0,329.0,2026-05-08
Kevin Coleman Jr.,WR,MIA,286.6,34.62,232.0,324.0,2026-05-08
Kalif Raymond,WR,CHI,287.5,46.31,222.0,352.0,2026-05-08
Xavier Restrepo,WR,TEN,288.0,0.0,288.0,288.0,2026-05-08
Joshua Palmer,WR,BUF,288.4,29.4,253.0,345.0,2026-05-08
Nick Chubb,RB,FA,288.46,14.07,273.0,322.0,2026-05-08
Michael Mayer,TE,LV,288.83,28.13,246.0,319.0,2026-05-08
Xavier Hutchinson,WR,HOU,288.88,22.84,261.0,333.0,2026-05-08
John Metchie III,WR,CAR,288.89,32.84,254.0,341.0,2026-05-08
Nate Boerkircher,TE,JAC,290.0,0.0,290.0,290.0,2026-05-08
Michael Carter,RB,TEN,290.17,19.34,271.0,329.0,2026-05-08
Darren Waller,TE,FA,290.29,16.1,257.0,316.0,2026-05-08
Kyle Juszczyk,RB,SF,291.0,0.0,291.0,291.0,2026-05-08
DeMario Douglas,WR,NE,291.89,21.73,263.0,330.0,2026-05-08
Jawhar Jordan,RB,HOU,292.67,16.54,275.0,322.0,2026-05-08
Jaylin Lane,WR,WAS,292.88,21.03,265.0,326.0,2026-05-08
Brandin Cooks,WR,FA,293.0,0.0,293.0,293.0,2026-05-08
Justin Joly,TE,DEN,294.29,21.57,267.0,340.0,2026-05-08
Zach Ertz,TE,FA,295.75,22.82,273.0,321.0,2026-05-08
Jameis Winston,QB,NYG,296.0,0.0,296.0,296.0,2026-05-08
Theo Wease Jr.,WR,MIA,296.0,0.0,296.0,296.0,2026-05-08
Antonio Gibson,RB,FA,297.6,17.83,278.0,327.0,2026-05-08
Jared Wiley,TE,KC,298.0,0.0,298.0,298.0,2026-05-08
Ben Sinnott,TE,WAS,298.17,18.58,272.0,329.0,2026-05-08
Tutu Atwell,WR,MIA,298.83,28.94,246.0,331.0,2026-05-08
Gardner Minshew II,QB,ARI,299.0,0.0,299.0,299.0,2026-05-08
Antwane Wells Jr.,WR,FA,300.0,0.0,300.0,300.0,2026-05-08
Oscar Delp,TE,NO,300.8,23.73,274.0,329.0,2026-05-08
Julian Fleming,WR,FA,301.0,0.0,301.0,301.0,2026-05-08
Jam Miller,RB,NE,301.5,2.5,299.0,304.0,2026-05-08
Raheim Sanders,RB,CLE,302.75,22.37,277.0,338.0,2026-05-08
Cole Kmet,TE,CHI,303.0,21.33,264.0,325.0,2026-05-08
Kendrick Bourne,WR,ARI,304.0,27.12,262.0,336.0,2026-05-08
Greg Dortch,WR,DET,305.0,0.0,305.0,305.0,2026-05-08
Marlin Klein,TE,HOU,305.0,21.0,284.0,326.0,2026-05-08
Malik Benson,WR,LV,306.0,66.39,174.0,348.0,2026-05-08
Tommy Tremble,TE,CAR,306.0,0.0,306.0,306.0,2026-05-08
Noah Fant,TE,NO,307.2,15.56,286.0,334.0,2026-05-08
Luke Musgrave,TE,GB,307.8,12.06,293.0,321.0,2026-05-08
Mitchell Evans,TE,CAR,308.0,0.0,308.0,308.0,2026-05-08
Damien Martinez,RB,GB,308.0,13.47,285.0,318.0,2026-05-08
J'Mari Taylor,RB,JAC,308.25,29.95,275.0,348.0,2026-05-08
Daniel Bellinger,TE,TEN,308.5,38.27,246.0,350.0,2026-05-08
Durham Smythe,TE,BAL,309.0,0.0,309.0,309.0,2026-05-08
Jackson Hawes,TE,BUF,312.0,0.0,312.0,312.0,2026-05-08
Dameon Pierce,RB,PHI,312.33,20.77,281.0,346.0,2026-05-08
Austin Hooper,TE,ATL,313.0,0.0,313.0,313.0,2026-05-08
CJ Daniels,WR,LAR,313.0,31.02,263.0,351.0,2026-05-08
Rasheen Ali,RB,BAL,314.0,0.0,314.0,314.0,2026-05-08
Sam Roush,TE,CHI,314.33,21.93,295.0,345.0,2026-05-08
Le'Veon Moss,RB,MIA,314.67,31.98,272.0,349.0,2026-05-08
Dawson Knox,TE,BUF,314.8,13.29,291.0,332.0,2026-05-08
Eli Raridon,TE,NE,315.0,31.62,263.0,347.0,2026-05-08
Jonnu Smith,TE,FA,315.5,19.24,286.0,339.0,2026-05-08
Deion Burks,WR,IND,315.75,21.16,293.0,342.0,2026-05-08
Zavion Thomas,WR,CHI,318.0,22.22,289.0,341.0,2026-05-08
Michael Trigg,TE,DAL,318.0,0.0,318.0,318.0,2026-05-08
Tyler Badie,RB,DEN,318.0,0.0,318.0,318.0,2026-05-08
Elijah Higgins,TE,ARI,318.67,13.47,302.0,335.0,2026-05-08
Phil Mafah,RB,DAL,319.0,25.0,294.0,344.0,2026-05-08
Thomas Fidone II,TE,NYG,319.0,0.0,319.0,319.0,2026-05-08
Jack Endries,TE,CIN,320.0,0.0,320.0,320.0,2026-05-08
Tanner Koziol,TE,JAC,321.0,0.0,321.0,321.0,2026-05-08
Devontez Walker,WR,BAL,322.0,14.0,308.0,336.0,2026-05-08
Dylan Laube,RB,LV,326.0,0.0,326.0,326.0,2026-05-08
Demarcus Robinson,WR,SF,329.5,2.5,327.0,332.0,2026-05-08
Roman Wilson,WR,PIT,330.0,0.0,330.0,330.0,2026-05-08
Erick All Jr.,TE,CIN,331.0,7.0,324.0,338.0,2026-05-08
Charlie Kolar,TE,LAC,331.0,0.0,331.0,331.0,2026-05-08
Robert Henry Jr.,RB,WAS,334.0,10.0,324.0,344.0,2026-05-08
Jeremy McNichols,RB,WAS,340.0,0.0,340.0,340.0,2026-05-08
Roman Hemby,RB,LV,340.0,0.0,340.0,340.0,2026-05-08
Ty Chandler,RB,NO,343.0,0.0,343.0,343.0,2026-05-08
Jaydn Ott,RB,KC,343.0,0.0,343.0,343.0,2026-05-08
Desmond Reid,RB,BUF,347.0,0.0,347.0,347.0,2026-05-08
Josh Allen,QB,BUF,1.07,0.25,1.0,2.0,2026-05-01
Lamar Jackson,QB,BAL,2.4,0.61,2.0,4.0,2026-05-01
Drake Maye,QB,NE,3.33,0.87,2.0,5.0,2026-05-01
Joe Burrow,QB,CIN,4.07,1.18,2.0,7.0,2026-05-01
Jayden Daniels,QB,WAS,5.27,1.48,4.0,9.0,2026-05-01
Ja'Marr Chase,WR,CIN,6.4,1.5,6.0,12.0,2026-05-01
Jalen Hurts,QB,PHI,6.53,1.31,4.0,8.0,2026-05-01
Jaxson Dart,QB,NYG,10.07,4.68,8.0,26.0,2026-05-01
Bijan Robinson,RB,ATL,11.07,1.53,10.0,14.0,2026-05-01
Justin Herbert,QB,LAC,11.47,5.24,7.0,26.0,2026-05-01
Puka Nacua,WR,LAR,12.0,1.67,11.0,17.0,2026-05-01
Jaxon Smith-Njigba,WR,SEA,12.0,1.1,11.0,15.0,2026-05-01
Caleb Williams,QB,CHI,13.93,4.37,5.0,19.0,2026-05-01
Jahmyr Gibbs,RB,DET,14.0,6.26,10.0,37.0,2026-05-01
Trevor Lawrence,QB,JAC,14.73,4.14,7.0,19.0,2026-05-01
Dak Prescott,QB,DAL,16.2,2.95,9.0,19.0,2026-05-01
Amon-Ra St. Brown,WR,DET,19.6,6.44,14.0,41.0,2026-05-01
Christian McCaffrey,RB,SF,20.0,9.06,15.0,42.0,2026-05-01
CeeDee Lamb,WR,DAL,20.6,6.54,14.0,43.0,2026-05-01
Brock Purdy,QB,SF,21.13,4.08,16.0,26.0,2026-05-01
Justin Jefferson,WR,MIN,21.47,7.33,12.0,44.0,2026-05-01
Jonathan Taylor,RB,IND,25.07,6.03,22.0,45.0,2026-05-01
Drake London,WR,ATL,25.2,6.17,21.0,47.0,2026-05-01
Patrick Mahomes II,QB,KC,25.47,5.52,16.0,32.0,2026-05-01
Matthew Stafford,QB,LAR,27.67,7.11,16.0,38.0,2026-05-01
Bo Nix,QB,DEN,28.07,7.02,17.0,41.0,2026-05-01
Nico Collins,WR,HOU,29.8,6.7,24.0,49.0,2026-05-01
Malik Nabers,WR,NYG,31.53,8.75,23.0,52.0,2026-05-01
Rashee Rice,WR,KC,31.8,8.88,21.0,49.0,2026-05-01
James Cook III,RB,BUF,32.0,6.96,15.0,45.0,2026-05-01
Trey McBride,TE,ARI,34.47,5.63,31.0,51.0,2026-05-01
George Pickens,WR,DAL,34.8,5.52,27.0,50.0,2026-05-01
Chris Olave,WR,NO,35.8,8.64,27.0,53.0,2026-05-01
De'Von Achane,RB,MIA,36.0,9.96,22.0,58.0,2026-05-01
Kyler Murray,QB,MIN,37.07,14.51,17.0,64.0,2026-05-01
A.J. Brown,WR,PHI,37.47,7.01,27.0,53.0,2026-05-01
Ashton Jeanty,RB,LV,37.87,6.96,25.0,51.0,2026-05-01
Brock Bowers,TE,LV,38.6,5.85,31.0,57.0,2026-05-01
Chase Brown,RB,CIN,39.6,5.5,25.0,48.0,2026-05-01
Malik Willis,QB,MIA,40.0,9.8,29.0,59.0,2026-05-01
Jared Goff,QB,DET,40.6,10.45,19.0,55.0,2026-05-01
Jordan Love,QB,GB,44.6,11.11,22.0,56.0,2026-05-01
Tyler Shough,QB,NO,45.2,11.06,27.0,60.0,2026-05-01
Saquon Barkley,RB,PHI,45.2,6.29,37.0,65.0,2026-05-01
Omarion Hampton,RB,LAC,45.73,8.31,33.0,66.0,2026-05-01
Tetairoa McMillan,WR,CAR,45.73,5.04,43.0,60.0,2026-05-01
Baker Mayfield,QB,TB,46.07,10.85,23.0,56.0,2026-05-01
DeVonta Smith,WR,PHI,46.2,10.87,34.0,68.0,2026-05-01
Kenneth Walker III,RB,KC,48.2,4.04,40.0,61.0,2026-05-01
Tee Higgins,WR,CIN,49.93,4.78,44.0,59.0,2026-05-01
Garrett Wilson,WR,NYJ,50.33,5.16,44.0,63.0,2026-05-01
Josh Jacobs,RB,GB,53.13,6.58,49.0,69.0,2026-05-01
Zay Flowers,WR,BAL,57.07,6.44,52.0,72.0,2026-05-01
Ladd McConkey,WR,LAC,58.47,8.43,44.0,76.0,2026-05-01
Luther Burden III,WR,CHI,59.13,4.76,51.0,69.0,2026-05-01
C.J. Stroud,QB,HOU,59.27,10.07,25.0,70.0,2026-05-01
Sam Darnold,QB,SEA,59.87,12.16,26.0,76.0,2026-05-01
Colston Loveland,TE,CHI,60.2,16.41,47.0,90.0,2026-05-01
Jaylen Waddle,WR,DEN,60.47,8.72,44.0,76.0,2026-05-01
Derrick Henry,RB,BAL,61.87,5.35,54.0,77.0,2026-05-01
Davante Adams,WR,LAR,63.0,9.8,45.0,82.0,2026-05-01
Terry McLaurin,WR,WAS,63.93,4.97,57.0,78.0,2026-05-01
Bryce Young,QB,CAR,64.4,10.45,29.0,76.0,2026-05-01
Javonte Williams,RB,DAL,64.73,9.51,46.0,81.0,2026-05-01
Breece Hall,RB,NYJ,65.13,7.93,54.0,77.0,2026-05-01
Kyren Williams,RB,LAR,65.2,8.03,54.0,79.0,2026-05-01
Travis Etienne Jr.,RB,NO,65.53,4.79,58.0,73.0,2026-05-01
Jeremiyah Love,RB,ARI,65.67,6.91,54.0,77.0,2026-05-01
Cam Ward,QB,TEN,68.93,11.94,33.0,83.0,2026-05-01
Emeka Egbuka,WR,TB,68.93,5.56,55.0,75.0,2026-05-01
Mike Evans,WR,SF,69.07,6.04,53.0,74.0,2026-05-01
Tyler Warren,TE,IND,69.13,13.99,47.0,86.0,2026-05-01
Jameson Williams,WR,DET,71.93,7.08,62.0,88.0,2026-05-01
Bucky Irving,RB,TB,72.2,8.54,54.0,86.0,2026-05-01
Daniel Jones,QB,IND,76.0,31.59,28.0,183.0,2026-05-01
Jacoby Brissett,QB,ARI,76.8,25.2,24.0,127.0,2026-05-01
Christian Watson,WR,GB,77.93,5.72,68.0,91.0,2026-05-01
Cam Skattebo,RB,NYG,78.6,5.67,69.0,95.0,2026-05-01
DJ Moore,WR,BUF,79.73,10.12,68.0,107.0,2026-05-01
Rome Odunze,WR,CHI,80.13,10.29,57.0,98.0,2026-05-01
TreVeyon Henderson,RB,NE,84.4,7.53,77.0,98.0,2026-05-01
D'Andre Swift,RB,CHI,85.73,4.77,77.0,96.0,2026-05-01
Quinshon Judkins,RB,CLE,86.47,7.78,70.0,97.0,2026-05-01
Courtland Sutton,WR,DEN,86.87,7.33,75.0,101.0,2026-05-01
David Montgomery,RB,HOU,88.2,6.31,74.0,99.0,2026-05-01
Tucker Kraft,TE,GB,89.13,5.7,86.0,106.0,2026-05-01
Chris Godwin Jr.,WR,TB,90.53,7.57,80.0,109.0,2026-05-01
Marvin Harrison Jr.,WR,ARI,92.07,9.64,75.0,115.0,2026-05-01
Jakobi Meyers,WR,JAC,92.8,9.41,73.0,107.0,2026-05-01
DK Metcalf,WR,PIT,92.93,5.65,84.0,100.0,2026-05-01
Bhayshul Tuten,RB,JAC,93.27,6.2,85.0,108.0,2026-05-01
Michael Wilson,WR,ARI,93.73,11.87,73.0,119.0,2026-05-01
Chuba Hubbard,RB,CAR,94.73,13.31,74.0,130.0,2026-05-01
RJ Harvey,RB,DEN,96.2,8.74,81.0,111.0,2026-05-01
Michael Penix Jr.,QB,ATL,97.85,25.49,34.0,140.0,2026-05-01
Harold Fannin Jr.,TE,CLE,97.93,9.75,86.0,121.0,2026-05-01
Brian Thomas Jr.,WR,JAC,98.33,7.07,84.0,110.0,2026-05-01
Jaylen Warren,RB,PIT,98.47,4.75,92.0,114.0,2026-05-01
Fernando Mendoza,QB,LV,101.0,41.26,30.0,192.0,2026-05-01
Justin Fields,QB,KC,101.67,61.83,35.0,184.0,2026-05-01
Sam LaPorta,TE,DET,102.4,5.25,93.0,112.0,2026-05-01
Rhamondre Stevenson,RB,NE,102.93,5.82,94.0,119.0,2026-05-01
Rico Dowdle,RB,PIT,103.53,6.13,92.0,117.0,2026-05-01
Ricky Pearsall,WR,SF,104.0,11.83,84.0,124.0,2026-05-01
Alec Pierce,WR,IND,104.33,12.51,79.0,129.0,2026-05-01
Kyle Pitts Sr.,TE,ATL,104.6,6.04,93.0,115.0,2026-05-01
Tony Pollard,RB,TEN,105.53,4.56,99.0,113.0,2026-05-01
Jadarian Price,RB,SEA,106.0,4.08,101.0,112.0,2026-05-01
Parker Washington,WR,JAC,109.4,12.5,89.0,135.0,2026-05-01
Michael Pittman Jr.,WR,PIT,111.07,8.11,102.0,128.0,2026-05-01
Wan'Dale Robinson,WR,TEN,111.53,7.05,96.0,126.0,2026-05-01
Carnell Tate,WR,TEN,112.0,2.35,109.0,117.0,2026-05-01
Kyle Monangai,RB,CHI,114.07,7.03,98.0,128.0,2026-05-01
Aaron Rodgers,QB,FA,114.36,33.31,36.0,176.0,2026-05-01
Jordan Addison,WR,MIN,115.0,5.25,108.0,123.0,2026-05-01
Josh Downs,WR,IND,117.0,14.87,84.0,144.0,2026-05-01
Jordyn Tyson,WR,NO,117.5,0.5,117.0,118.0,2026-05-01
Jayden Reed,WR,GB,118.2,11.71,96.0,135.0,2026-05-01
Kenneth Gainwell,RB,TB,118.47,10.69,103.0,137.0,2026-05-01
Geno Smith,QB,NYJ,118.5,41.84,32.0,184.0,2026-05-01
Aaron Jones Sr.,RB,MIN,119.27,6.49,107.0,131.0,2026-05-01
Oronde Gadsden II,TE,LAC,121.07,9.13,113.0,151.0,2026-05-01
Khalil Shakir,WR,BUF,123.6,10.69,108.0,139.0,2026-05-01
Dalton Kincaid,TE,BUF,125.07,11.11,113.0,153.0,2026-05-01
J.K. Dobbins,RB,DEN,125.33,12.81,97.0,154.0,2026-05-01
Jake Ferguson,TE,DAL,125.47,8.63,115.0,143.0,2026-05-01
Shedeur Sanders,QB,CLE,127.36,37.71,40.0,182.0,2026-05-01
Isaiah Likely,TE,NYG,129.0,13.38,109.0,156.0,2026-05-01
J.J. McCarthy,QB,MIN,129.2,40.5,76.0,178.0,2026-05-01
Blake Corum,RB,LAR,129.27,6.05,117.0,139.0,2026-05-01
Travis Kelce,TE,KC,129.47,13.03,113.0,159.0,2026-05-01
Quentin Johnston,WR,LAC,130.67,5.59,122.0,140.0,2026-05-01
Rachaad White,RB,WAS,130.93,14.45,105.0,155.0,2026-05-01
George Kittle,TE,SF,133.0,18.79,106.0,161.0,2026-05-01
Jayden Higgins,WR,HOU,135.93,9.58,118.0,149.0,2026-05-01
Romeo Doubs,WR,NE,136.0,14.83,102.0,169.0,2026-05-01
Jacory Croskey-Merritt,RB,WAS,136.0,8.79,120.0,150.0,2026-05-01
Xavier Worthy,WR,KC,136.33,8.91,114.0,149.0,2026-05-01
Stefon Diggs,WR,FA,136.46,22.21,101.0,188.0,2026-05-01
Matthew Golden,WR,GB,138.67,18.08,101.0,170.0,2026-05-01
Dallas Goedert,TE,PHI,139.27,11.91,124.0,161.0,2026-05-01
Makai Lemon,WR,PHI,139.4,27.3,116.0,234.0,2026-05-01
Tyjae Spears,RB,TEN,141.07,11.22,116.0,154.0,2026-05-01
Jalen Coker,WR,CAR,142.2,9.56,123.0,158.0,2026-05-01
Tyler Allgeier,RB,ARI,142.93,11.85,124.0,163.0,2026-05-01
Tyrone Tracy Jr.,RB,NYG,143.47,7.67,132.0,157.0,2026-05-01
Zach Charbonnet,RB,SEA,144.13,17.23,103.0,172.0,2026-05-01
Jordan Mason,RB,MIN,146.2,8.17,131.0,156.0,2026-05-01
Tua Tagovailoa,QB,ATL,147.27,41.08,35.0,182.0,2026-05-01
Brenton Strange,TE,JAC,148.0,16.04,113.0,175.0,2026-05-01
Kirk Cousins,QB,LV,150.11,50.03,38.0,184.0,2026-05-01
Juwan Johnson,TE,NO,150.87,13.86,125.0,172.0,2026-05-01
Alvin Kamara,RB,NO,151.33,14.71,127.0,174.0,2026-05-01
Dylan Sampson,RB,CLE,152.27,11.63,131.0,169.0,2026-05-01
Jauan Jennings,WR,FA,152.29,19.05,124.0,198.0,2026-05-01
Woody Marks,RB,HOU,153.13,12.2,128.0,175.0,2026-05-01
Deebo Samuel Sr.,WR,FA,153.67,16.64,133.0,195.0,2026-05-01
Rashid Shaheed,WR,SEA,153.87,6.59,144.0,167.0,2026-05-01
Chris Rodriguez Jr.,RB,JAC,153.93,17.44,138.0,204.0,2026-05-01
Mark Andrews,TE,BAL,155.27,14.07,125.0,174.0,2026-05-01
Deshaun Watson,QB,CLE,155.56,53.3,39.0,225.0,2026-05-01
James Conner,RB,ARI,155.67,19.98,131.0,202.0,2026-05-01
Travis Hunter,WR,JAC,156.47,19.25,133.0,204.0,2026-05-01
Isiah Pacheco,RB,DET,157.6,9.56,134.0,175.0,2026-05-01
Jerry Jeudy,WR,CLE,157.6,12.02,142.0,180.0,2026-05-01
Keaton Mitchell,RB,LAC,159.13,6.59,150.0,172.0,2026-05-01
Jonathon Brooks,RB,CAR,163.13,25.5,141.0,225.0,2026-05-01
KC Concepcion,WR,CLE,165.0,10.72,154.0,182.0,2026-05-01
Jonah Coleman,RB,DEN,165.73,14.95,154.0,220.0,2026-05-01
Braelon Allen,RB,NYJ,166.53,10.61,148.0,188.0,2026-05-01
Adonai Mitchell,WR,NYJ,167.33,12.69,147.0,193.0,2026-05-01
Hunter Henry,TE,NE,167.4,7.8,153.0,184.0,2026-05-01
Mac Jones,QB,SF,167.8,20.7,127.0,184.0,2026-05-01
Jalen McMillan,WR,TB,168.8,14.7,133.0,191.0,2026-05-01
Brian Robinson Jr.,RB,ATL,170.07,7.76,154.0,182.0,2026-05-01
Dalton Schultz,TE,HOU,171.07,17.15,136.0,195.0,2026-05-01
Emanuel Wilson,RB,SEA,172.53,15.13,132.0,192.0,2026-05-01
Chig Okonkwo,TE,WAS,174.87,19.38,145.0,208.0,2026-05-01
Tre Harris,WR,LAC,175.5,17.49,157.0,232.0,2026-05-01
Tyreek Hill,WR,FA,177.14,38.88,133.0,297.0,2026-05-01
Kayshon Boutte,WR,NE,178.27,8.77,164.0,196.0,2026-05-01
Anthony Richardson Sr.,QB,IND,179.5,2.5,177.0,182.0,2026-05-01
Marcus Mariota,QB,WAS,180.0,0.0,180.0,180.0,2026-05-01
Jaylin Noel,WR,HOU,181.08,16.89,151.0,210.0,2026-05-01
Troy Franklin,WR,DEN,181.47,15.61,157.0,212.0,2026-05-01
Joe Milton III,QB,DAL,182.0,0.0,182.0,182.0,2026-05-01
Tank Bigsby,RB,PHI,182.6,12.91,163.0,204.0,2026-05-01
T.J. Hockenson,TE,MIN,185.07,9.12,164.0,194.0,2026-05-01
Denzel Boston,WR,CLE,185.71,14.88,160.0,218.0,2026-05-01
Brandon Aiyuk,WR,SF,186.93,11.02,173.0,212.0,2026-05-01
Mike Washington Jr.,RB,LV,187.47,22.09,165.0,261.0,2026-05-01
Kimani Vidal,RB,LAC,187.6,16.3,164.0,220.0,2026-05-01
Pat Bryant,WR,DEN,188.36,15.9,173.0,239.0,2026-05-01
Chimere Dike,WR,TEN,189.0,25.17,169.0,245.0,2026-05-01
Ray Davis,RB,BUF,189.4,12.92,173.0,217.0,2026-05-01
Tre Tucker,WR,LV,190.21,25.9,170.0,259.0,2026-05-01
Calvin Ridley,WR,TEN,190.27,15.69,156.0,222.0,2026-05-01
Omar Cooper Jr.,WR,NYJ,191.86,16.7,148.0,230.0,2026-05-01
AJ Barner,TE,SEA,192.73,13.48,155.0,209.0,2026-05-01
Nicholas Singleton,RB,TEN,192.86,23.57,155.0,243.0,2026-05-01
Darnell Mooney,WR,NYG,195.07,11.38,171.0,219.0,2026-05-01
Dontayvion Wicks,WR,PHI,195.21,13.04,161.0,212.0,2026-05-01
Emmett Johnson,RB,KC,195.47,29.27,163.0,290.0,2026-05-01
Joe Flacco,QB,CIN,196.0,0.0,196.0,196.0,2026-05-01
Ryan Flournoy,WR,DAL,197.71,28.11,179.0,291.0,2026-05-01
Isaac TeSlaa,WR,DET,198.93,4.65,193.0,210.0,2026-05-01
Carson Beck,QB,ARI,199.0,17.0,182.0,216.0,2026-05-01
Kaytron Allen,RB,WAS,199.71,19.32,162.0,229.0,2026-05-01
Jaylen Wright,RB,MIA,204.73,15.73,161.0,217.0,2026-05-01
Gunnar Helm,TE,TEN,206.93,11.46,183.0,231.0,2026-05-01
Sean Tucker,RB,TB,207.07,19.2,187.0,270.0,2026-05-01
Kenyon Sadiq,TE,NYJ,207.53,16.03,194.0,250.0,2026-05-01
Elic Ayomanor,WR,TEN,208.57,33.16,171.0,297.0,2026-05-01
Devin Neal,RB,NO,208.8,25.93,178.0,264.0,2026-05-01
Antonio Williams,WR,WAS,211.3,24.81,182.0,270.0,2026-05-01
Mason Taylor,TE,NYJ,212.13,15.37,182.0,236.0,2026-05-01
Ty Simpson,QB,LAR,213.5,31.5,182.0,245.0,2026-05-01
David Njoku,TE,FA,213.8,12.52,190.0,233.0,2026-05-01
Jalen Nailor,WR,LV,214.14,36.96,169.0,276.0,2026-05-01
Trey Benson,RB,ARI,215.46,39.2,155.0,275.0,2026-05-01
Rashod Bateman,WR,BAL,215.54,21.5,193.0,256.0,2026-05-01
Cade Otton,TE,TB,216.4,14.23,189.0,233.0,2026-05-01
Christian Kirk,WR,SF,216.5,27.18,171.0,253.0,2026-05-01
Najee Harris,RB,LAC,216.55,20.18,166.0,243.0,2026-05-01
Tank Dell,WR,HOU,217.62,9.18,203.0,230.0,2026-05-01
Terrance Ferguson,TE,LAR,218.33,13.27,196.0,243.0,2026-05-01
Jack Bech,WR,LV,220.54,17.5,192.0,245.0,2026-05-01
Ollie Gordon II,RB,MIA,220.73,9.17,208.0,241.0,2026-05-01
Greg Dulcich,TE,MIA,222.17,14.7,197.0,240.0,2026-05-01
Keon Coleman,WR,BUF,222.54,19.92,199.0,260.0,2026-05-01
Malik Washington,WR,MIA,222.71,29.34,173.0,269.0,2026-05-01
Cooper Kupp,WR,SEA,222.75,18.85,189.0,254.0,2026-05-01
Marvin Mims Jr.,WR,DEN,223.25,23.84,191.0,253.0,2026-05-01
Evan Engram,TE,DEN,223.67,14.37,188.0,249.0,2026-05-01
Chris Bell,WR,MIA,224.3,26.21,181.0,271.0,2026-05-01
Kyle Williams,WR,NE,224.31,19.31,205.0,269.0,2026-05-01
Kendre Miller,RB,NO,224.67,20.88,187.0,268.0,2026-05-01
Kaleb Johnson,RB,PIT,224.73,30.73,164.0,285.0,2026-05-01
Tory Horton,WR,SEA,225.54,21.88,205.0,279.0,2026-05-01
Demond Claiborne,RB,MIN,225.91,25.17,190.0,268.0,2026-05-01
Keenan Allen,WR,LAC,226.18,21.54,186.0,261.0,2026-05-01
Colby Parkinson,TE,LAR,228.4,15.97,198.0,257.0,2026-05-01
Brashard Smith,RB,KC,228.91,15.25,208.0,262.0,2026-05-01
Germie Bernard,WR,PIT,229.09,22.57,189.0,264.0,2026-05-01
Pat Freiermuth,TE,PIT,232.13,13.55,204.0,273.0,2026-05-01
Mack Hollins,WR,NE,232.23,22.7,201.0,272.0,2026-05-01
Elijah Sarratt,WR,BAL,234.5,9.67,222.0,258.0,2026-05-01
Isaiah Davis,RB,NYJ,234.67,22.3,192.0,277.0,2026-05-01
Theo Johnson,TE,NYG,235.0,22.37,189.0,262.0,2026-05-01
Kaelon Black,RB,SF,235.4,18.12,214.0,259.0,2026-05-01
Ja'Kobi Lane,WR,BAL,235.5,22.3,212.0,269.0,2026-05-01
Chris Brazzell II,WR,CAR,238.09,15.55,207.0,265.0,2026-05-01
Malachi Fields,WR,NYG,238.5,12.93,221.0,265.0,2026-05-01
Zachariah Branch,WR,ATL,239.08,16.61,210.0,263.0,2026-05-01
Jake Tonges,TE,SF,239.62,20.71,200.0,279.0,2026-05-01
Jerome Ford,RB,WAS,240.8,13.02,213.0,258.0,2026-05-01
Darius Slayton,WR,NYG,241.0,18.68,204.0,266.0,2026-05-01
Xavier Legette,WR,CAR,241.09,25.74,205.0,275.0,2026-05-01
De'Zhaun Stribling,WR,SF,241.11,21.68,215.0,274.0,2026-05-01
Jalen Royals,WR,KC,241.43,11.75,222.0,259.0,2026-05-01
Eli Stowers,TE,PHI,243.13,19.13,204.0,281.0,2026-05-01
Jordan James,RB,SF,243.33,30.08,208.0,304.0,2026-05-01
Skyler Bell,WR,BUF,245.29,20.8,215.0,277.0,2026-05-01
Adam Randall,RB,BAL,246.09,24.12,211.0,282.0,2026-05-01
Mike Gesicki,TE,CIN,246.09,13.19,223.0,267.0,2026-05-01
Ty Johnson,RB,BUF,246.18,19.07,220.0,287.0,2026-05-01
Jaydon Blue,RB,DAL,246.92,21.5,216.0,292.0,2026-05-01
Chris Brooks,RB,GB,247.09,9.69,232.0,261.0,2026-05-01
Justice Hill,RB,BAL,248.73,17.27,211.0,267.0,2026-05-01
Treylon Burks,WR,WAS,249.0,44.95,188.0,295.0,2026-05-01
Joe Mixon,RB,FA,249.6,20.01,209.0,281.0,2026-05-01
Bryce Lance,WR,NO,250.67,48.21,193.0,311.0,2026-05-01
Konata Mumpfield,WR,LAR,250.67,15.47,230.0,281.0,2026-05-01
John Bates,TE,WAS,251.0,11.0,240.0,262.0,2026-05-01
Devaughn Vele,WR,NO,251.42,14.82,224.0,280.0,2026-05-01
Ja'Tavion Sanders,TE,CAR,251.5,23.5,228.0,275.0,2026-05-01
Devin Singletary,RB,NYG,251.75,23.74,189.0,276.0,2026-05-01
LeQuint Allen Jr.,RB,JAC,252.45,14.13,226.0,283.0,2026-05-01
Andrei Iosivas,WR,CIN,252.6,14.28,236.0,274.0,2026-05-01
Hollywood Brown,WR,PHI,254.0,13.72,224.0,272.0,2026-05-01
Jahan Dotson,WR,ATL,254.4,9.16,237.0,263.0,2026-05-01
Emari Demercado,RB,KC,255.5,14.17,232.0,275.0,2026-05-01
Joshua Palmer,WR,BUF,256.75,42.07,191.0,307.0,2026-05-01
Savion Williams,WR,GB,257.5,13.43,237.0,270.0,2026-05-01
Jalen Tolbert,WR,MIA,258.0,25.35,226.0,288.0,2026-05-01
DJ Giddens,RB,IND,258.73,16.71,218.0,280.0,2026-05-01
Isaiah Bond,WR,CLE,261.33,15.47,239.0,285.0,2026-05-01
John Metchie III,WR,CAR,262.0,8.0,254.0,270.0,2026-05-01
Darnell Washington,TE,PIT,262.4,21.4,236.0,286.0,2026-05-01
Kevin Coleman Jr.,WR,MIA,262.67,48.29,206.0,324.0,2026-05-01
Tyquan Thornton,WR,KC,262.67,12.67,241.0,288.0,2026-05-01
Ted Hurst,WR,TB,262.71,10.54,245.0,278.0,2026-05-01
George Holani,RB,SEA,263.18,12.88,238.0,279.0,2026-05-01
Dont'e Thornton Jr.,WR,LV,263.25,16.11,244.0,288.0,2026-05-01
Samaje Perine,RB,CIN,264.33,25.05,196.0,296.0,2026-05-01
Isaac Guerendo,RB,SF,265.09,18.36,229.0,290.0,2026-05-01
Tommy Myers,TE,FA,265.33,11.9,250.0,279.0,2026-05-01
Brenen Thompson,WR,LAC,265.5,13.68,247.0,281.0,2026-05-01
Calvin Austin III,WR,NYG,266.8,13.99,248.0,287.0,2026-05-01
Tyler Higbee,TE,LAR,267.5,21.63,233.0,293.0,2026-05-01
Jaleel McLaughlin,RB,DEN,267.8,15.09,232.0,287.0,2026-05-01
Caleb Douglas,WR,MIA,268.5,28.67,223.0,302.0,2026-05-01
Tez Johnson,WR,TB,269.0,12.68,248.0,292.0,2026-05-01
Olamide Zaccheaus,WR,ATL,270.0,26.08,229.0,305.0,2026-05-01
Will Shipley,RB,PHI,270.0,8.44,259.0,281.0,2026-05-01
Elijah Arroyo,TE,SEA,270.2,22.2,252.0,312.0,2026-05-01
Malik Davis,RB,DAL,271.0,10.71,251.0,291.0,2026-05-01
Cedric Tillman,WR,CLE,271.5,22.67,248.0,325.0,2026-05-01
MarShawn Lloyd,RB,GB,271.91,13.01,238.0,287.0,2026-05-01
DeMario Douglas,WR,NE,272.0,25.81,225.0,295.0,2026-05-01
Le'Veon Moss,RB,MIA,272.0,0.0,272.0,272.0,2026-05-01
Noah Gray,TE,KC,272.8,22.46,242.0,303.0,2026-05-01
Bam Knight,RB,ARI,272.86,22.19,239.0,314.0,2026-05-01
Zach Ertz,TE,FA,273.0,0.0,273.0,273.0,2026-05-01
Cyrus Allen,WR,KC,273.0,55.0,218.0,328.0,2026-05-01
Audric Estime,RB,NO,274.11,12.3,243.0,289.0,2026-05-01
Jawhar Jordan,RB,HOU,274.67,17.17,253.0,295.0,2026-05-01
J'Mari Taylor,RB,JAC,275.0,0.0,275.0,275.0,2026-05-01
Luke McCaffrey,WR,WAS,275.6,14.62,262.0,301.0,2026-05-01
Michael Carter,RB,TEN,276.0,7.45,265.0,285.0,2026-05-01
Trevor Etienne,RB,CAR,276.11,12.31,252.0,299.0,2026-05-01
Tahj Brooks,RB,CIN,277.5,6.39,267.0,289.0,2026-05-01
Tutu Atwell,WR,MIA,278.0,18.99,253.0,299.0,2026-05-01
Austin Ekeler,RB,FA,278.5,7.16,270.0,288.0,2026-05-01
Kareem Hunt,RB,FA,279.0,6.6,269.0,290.0,2026-05-01
Ben Sinnott,TE,WAS,279.0,21.46,249.0,298.0,2026-05-01
Xavier Hutchinson,WR,HOU,279.0,13.37,261.0,293.0,2026-05-01
Seth McGowan,RB,IND,279.17,7.8,265.0,291.0,2026-05-01
Tai Felton,WR,MIN,280.0,0.0,280.0,280.0,2026-05-01
Michael Mayer,TE,LV,280.33,26.03,246.0,309.0,2026-05-01
Darren Waller,TE,FA,282.0,17.8,257.0,297.0,2026-05-01
Eli Heidenreich,RB,PIT,282.67,18.45,259.0,304.0,2026-05-01
Jarquez Hunter,RB,LAR,283.3,8.75,268.0,300.0,2026-05-01
Kendrick Bourne,WR,ARI,283.33,19.96,262.0,310.0,2026-05-01
Terrell Jennings,RB,NE,284.0,10.0,274.0,294.0,2026-05-01
Jaylin Lane,WR,WAS,284.5,21.98,263.0,320.0,2026-05-01
Nick Chubb,RB,FA,286.83,5.34,280.0,293.0,2026-05-01
Xavier Restrepo,WR,TEN,288.0,0.0,288.0,288.0,2026-05-01
Kalif Raymond,WR,CHI,289.0,7.0,282.0,296.0,2026-05-01
Justin Joly,TE,DEN,289.33,10.21,275.0,298.0,2026-05-01
Antonio Gibson,RB,FA,289.5,12.5,277.0,302.0,2026-05-01
Noah Fant,TE,NO,290.0,16.0,274.0,306.0,2026-05-01
Dameon Pierce,RB,PHI,291.0,12.0,279.0,303.0,2026-05-01
Jared Wiley,TE,KC,291.0,0.0,291.0,291.0,2026-05-01
KaVontae Turpin,WR,DAL,292.0,0.0,292.0,292.0,2026-05-01
Marlin Klein,TE,HOU,292.0,0.0,292.0,292.0,2026-05-01
Brandin Cooks,WR,FA,293.0,0.0,293.0,293.0,2026-05-01
Phil Mafah,RB,DAL,294.0,0.0,294.0,294.0,2026-05-01
Max Klare,TE,LAR,295.0,14.17,284.0,315.0,2026-05-01
Theo Wease Jr.,WR,MIA,296.0,0.0,296.0,296.0,2026-05-01
Nate Boerkircher,TE,JAC,296.0,0.0,296.0,296.0,2026-05-01
Raheim Sanders,RB,CLE,297.67,15.92,278.0,317.0,2026-05-01
Sam Roush,TE,CHI,299.0,0.0,299.0,299.0,2026-05-01
CJ Daniels,WR,LAR,299.67,24.42,273.0,332.0,2026-05-01
Antwane Wells Jr.,WR,FA,300.0,0.0,300.0,300.0,2026-05-01
Damien Martinez,RB,GB,301.0,17.0,284.0,318.0,2026-05-01
Julian Fleming,WR,FA,301.0,0.0,301.0,301.0,2026-05-01
Dawson Knox,TE,BUF,302.5,13.5,289.0,316.0,2026-05-01
Eli Raridon,TE,NE,303.0,26.0,277.0,329.0,2026-05-01
Oscar Delp,TE,NO,303.5,22.5,281.0,326.0,2026-05-01
Luke Musgrave,TE,GB,304.5,14.5,290.0,319.0,2026-05-01
Zavion Thomas,WR,CHI,308.0,19.0,289.0,327.0,2026-05-01
Devontez Walker,WR,BAL,308.0,0.0,308.0,308.0,2026-05-01
Cole Kmet,TE,CHI,313.0,0.0,313.0,313.0,2026-05-01
Deion Burks,WR,IND,314.0,17.0,297.0,331.0,2026-05-01
Daniel Bellinger,TE,TEN,321.0,0.0,321.0,321.0,2026-05-01
Jonnu Smith,TE,FA,323.0,0.0,323.0,323.0,2026-05-01
Malik Benson,WR,LV,330.0,0.0,330.0,330.0,2026-05-01
Josh Allen,QB,BUF,1.08,0.27,1.0,2.0,2026-04-24
Lamar Jackson,QB,BAL,2.31,0.46,2.0,3.0,2026-04-24
Drake Maye,QB,NE,3.08,0.83,2.0,5.0,2026-04-24
Joe Burrow,QB,CIN,4.38,1.08,3.0,7.0,2026-04-24
Jayden Daniels,QB,WAS,4.77,1.05,4.0,7.0,2026-04-24
Ja'Marr Chase,WR,CIN,6.38,1.33,6.0,11.0,2026-04-24
Jalen Hurts,QB,PHI,6.62,1.21,5.0,9.0,2026-04-24
Bijan Robinson,RB,ATL,10.0,0.0,10.0,10.0,2026-04-24
Puka Nacua,WR,LAR,10.69,1.38,6.0,12.0,2026-04-24
Jaxson Dart,QB,NYG,11.62,4.34,8.0,19.0,2026-04-24
Jaxon Smith-Njigba,WR,SEA,12.0,0.0,12.0,12.0,2026-04-24
Justin Herbert,QB,LAC,12.23,5.55,8.0,26.0,2026-04-24
Jahmyr Gibbs,RB,DET,13.0,0.0,13.0,13.0,2026-04-24
Caleb Williams,QB,CHI,14.08,6.59,7.0,26.0,2026-04-24
Trevor Lawrence,QB,JAC,16.69,4.25,8.0,26.0,2026-04-24
Dak Prescott,QB,DAL,17.62,1.15,16.0,19.0,2026-04-24
Justin Jefferson,WR,MIN,17.92,3.73,14.0,23.0,2026-04-24
Christian McCaffrey,RB,SF,18.23,3.49,15.0,22.0,2026-04-24
CeeDee Lamb,WR,DAL,18.46,3.08,14.0,23.0,2026-04-24
Amon-Ra St. Brown,WR,DET,19.0,2.77,14.0,21.0,2026-04-24
Brock Purdy,QB,SF,20.46,3.75,17.0,26.0,2026-04-24
Patrick Mahomes II,QB,KC,21.46,5.34,16.0,30.0,2026-04-24
Jonathan Taylor,RB,IND,21.92,4.76,15.0,33.0,2026-04-24
Drake London,WR,ATL,24.0,1.71,21.0,28.0,2026-04-24
Malik Nabers,WR,NYG,27.0,4.88,21.0,34.0,2026-04-24
Bo Nix,QB,DEN,28.69,3.07,19.0,32.0,2026-04-24
Chris Olave,WR,NO,29.38,4.03,24.0,36.0,2026-04-24
Nico Collins,WR,HOU,29.92,3.54,24.0,35.0,2026-04-24
Matthew Stafford,QB,LAR,30.92,5.09,18.0,38.0,2026-04-24
Ashton Jeanty,RB,LV,30.92,5.93,25.0,42.0,2026-04-24
Rashee Rice,WR,KC,31.23,7.55,23.0,45.0,2026-04-24
George Pickens,WR,DAL,32.23,3.51,27.0,35.0,2026-04-24
Trey McBride,TE,ARI,32.23,2.89,31.0,39.0,2026-04-24
De'Von Achane,RB,MIA,32.38,8.75,15.0,46.0,2026-04-24
James Cook III,RB,BUF,32.62,5.39,22.0,40.0,2026-04-24
A.J. Brown,WR,PHI,36.08,4.67,28.0,43.0,2026-04-24
Brock Bowers,TE,LV,37.77,2.89,31.0,39.0,2026-04-24
Omarion Hampton,RB,LAC,40.69,3.69,33.0,46.0,2026-04-24
Tetairoa McMillan,WR,CAR,41.62,3.69,34.0,45.0,2026-04-24
Jordan Love,QB,GB,42.08,8.79,29.0,55.0,2026-04-24
Jared Goff,QB,DET,42.31,6.46,38.0,56.0,2026-04-24
Kyler Murray,QB,MIN,42.77,14.07,26.0,64.0,2026-04-24
Chase Brown,RB,CIN,43.46,3.3,37.0,48.0,2026-04-24
Saquon Barkley,RB,PHI,43.62,5.14,33.0,49.0,2026-04-24
Malik Willis,QB,MIA,44.0,10.36,32.0,60.0,2026-04-24
Tee Higgins,WR,CIN,46.77,4.76,35.0,52.0,2026-04-24
Garrett Wilson,WR,NYJ,46.92,3.75,43.0,52.0,2026-04-24
Kenneth Walker III,RB,KC,48.15,6.19,40.0,65.0,2026-04-24
Baker Mayfield,QB,TB,50.85,6.86,41.0,60.0,2026-04-24
Tyler Shough,QB,NO,52.31,5.5,41.0,59.0,2026-04-24
Josh Jacobs,RB,GB,52.46,5.29,46.0,61.0,2026-04-24
Zay Flowers,WR,BAL,52.85,7.93,36.0,63.0,2026-04-24
Ladd McConkey,WR,LAC,53.38,4.45,45.0,62.0,2026-04-24
Luther Burden III,WR,CHI,57.08,6.06,44.0,69.0,2026-04-24
DeVonta Smith,WR,PHI,57.15,9.82,44.0,69.0,2026-04-24
C.J. Stroud,QB,HOU,59.54,6.0,50.0,70.0,2026-04-24
Breece Hall,RB,NYJ,60.69,5.86,49.0,67.0,2026-04-24
Jaylen Waddle,WR,DEN,61.38,5.51,53.0,72.0,2026-04-24
Davante Adams,WR,LAR,61.69,7.1,51.0,73.0,2026-04-24
Derrick Henry,RB,BAL,62.31,3.69,57.0,67.0,2026-04-24
Jeremiyah Love,RB,ARI,63.46,8.76,46.0,74.0,2026-04-24
Terry McLaurin,WR,WAS,63.69,5.43,53.0,72.0,2026-04-24
Bucky Irving,RB,TB,64.54,8.87,49.0,74.0,2026-04-24
Kyren Williams,RB,LAR,64.92,7.28,54.0,77.0,2026-04-24
Jameson Williams,WR,DET,64.92,5.4,57.0,75.0,2026-04-24
Sam Darnold,QB,SEA,65.92,5.92,55.0,76.0,2026-04-24
Travis Etienne Jr.,RB,NO,66.0,9.11,54.0,77.0,2026-04-24
Colston Loveland,TE,CHI,66.46,15.56,47.0,86.0,2026-04-24
Javonte Williams,RB,DAL,68.69,10.38,49.0,85.0,2026-04-24
Mike Evans,WR,SF,68.92,6.75,57.0,80.0,2026-04-24
Emeka Egbuka,WR,TB,70.69,5.99,59.0,82.0,2026-04-24
Bryce Young,QB,CAR,71.46,6.61,60.0,83.0,2026-04-24
Cam Ward,QB,TEN,72.0,7.55,64.0,83.0,2026-04-24
TreVeyon Henderson,RB,NE,74.85,6.35,58.0,84.0,2026-04-24
Cam Skattebo,RB,NYG,78.69,2.97,74.0,85.0,2026-04-24
Harold Fannin Jr.,TE,CLE,79.38,22.4,47.0,104.0,2026-04-24
Christian Watson,WR,GB,80.77,10.41,68.0,107.0,2026-04-24
Tyler Warren,TE,IND,81.62,11.63,47.0,93.0,2026-04-24
Courtland Sutton,WR,DEN,82.15,5.52,72.0,91.0,2026-04-24
RJ Harvey,RB,DEN,83.15,10.61,65.0,102.0,2026-04-24
Rome Odunze,WR,CHI,84.0,12.62,57.0,101.0,2026-04-24
DJ Moore,WR,BUF,84.31,19.16,63.0,124.0,2026-04-24
Quinshon Judkins,RB,CLE,86.62,4.76,81.0,97.0,2026-04-24
Marvin Harrison Jr.,WR,ARI,86.85,9.48,72.0,101.0,2026-04-24
D'Andre Swift,RB,CHI,87.69,5.55,78.0,95.0,2026-04-24
Chris Godwin Jr.,WR,TB,87.92,8.13,73.0,102.0,2026-04-24
Tucker Kraft,TE,GB,88.0,7.62,78.0,106.0,2026-04-24
DK Metcalf,WR,PIT,88.23,5.69,75.0,96.0,2026-04-24
Daniel Jones,QB,IND,89.83,28.15,64.0,176.0,2026-04-24
Jakobi Meyers,WR,JAC,90.31,9.82,73.0,110.0,2026-04-24
Jacoby Brissett,QB,ARI,90.38,25.86,60.0,127.0,2026-04-24
David Montgomery,RB,HOU,91.0,14.25,74.0,130.0,2026-04-24
Brian Thomas Jr.,WR,JAC,94.54,10.99,75.0,108.0,2026-04-24
Ricky Pearsall,WR,SF,94.54,7.12,82.0,107.0,2026-04-24
Jaylen Warren,RB,PIT,95.54,4.11,85.0,99.0,2026-04-24
Bhayshul Tuten,RB,JAC,96.92,12.96,87.0,131.0,2026-04-24
Deshaun Watson,QB,CLE,97.33,14.61,87.0,118.0,2026-04-24
Michael Wilson,WR,ARI,100.92,11.83,72.0,117.0,2026-04-24
Rico Dowdle,RB,PIT,102.23,5.15,92.0,111.0,2026-04-24
Sam LaPorta,TE,DET,104.62,1.6,100.0,106.0,2026-04-24
Wan'Dale Robinson,WR,TEN,104.69,11.46,84.0,121.0,2026-04-24
Alec Pierce,WR,IND,104.77,9.93,79.0,117.0,2026-04-24
Kyle Pitts Sr.,TE,ATL,105.23,5.54,93.0,113.0,2026-04-24
Michael Pittman Jr.,WR,PIT,105.54,6.39,91.0,112.0,2026-04-24
Rhamondre Stevenson,RB,NE,107.08,8.08,98.0,119.0,2026-04-24
Kyle Monangai,RB,CHI,107.23,7.42,98.0,119.0,2026-04-24
Chuba Hubbard,RB,CAR,108.69,16.08,93.0,132.0,2026-04-24
Michael Penix Jr.,QB,ATL,109.27,29.17,83.0,177.0,2026-04-24
Jordan Addison,WR,MIN,109.46,4.05,101.0,114.0,2026-04-24
Tony Pollard,RB,TEN,110.77,8.66,98.0,130.0,2026-04-24
Fernando Mendoza,QB,LV,111.0,29.91,87.0,176.0,2026-04-24
Makai Lemon,WR,PHI,111.25,6.94,100.0,117.0,2026-04-24
J.J. McCarthy,QB,MIN,111.29,47.69,70.0,182.0,2026-04-24
Parker Washington,WR,JAC,117.54,14.23,91.0,144.0,2026-04-24
Aaron Rodgers,QB,FA,118.0,20.75,86.0,140.0,2026-04-24
Blake Corum,RB,LAR,118.31,9.27,104.0,141.0,2026-04-24
Aaron Jones Sr.,RB,MIN,120.08,8.54,108.0,133.0,2026-04-24
Stefon Diggs,WR,FA,120.77,21.9,89.0,158.0,2026-04-24
Khalil Shakir,WR,BUF,121.38,5.69,113.0,135.0,2026-04-24
Jake Ferguson,TE,DAL,122.08,7.12,113.0,136.0,2026-04-24
Shedeur Sanders,QB,CLE,122.44,34.87,87.0,184.0,2026-04-24
Tyler Allgeier,RB,ARI,123.15,16.66,98.0,152.0,2026-04-24
Quentin Johnston,WR,LAC,124.15,8.68,101.0,135.0,2026-04-24
Jayden Reed,WR,GB,124.46,5.94,116.0,137.0,2026-04-24
Oronde Gadsden II,TE,LAC,126.15,15.64,113.0,161.0,2026-04-24
Josh Downs,WR,IND,126.23,9.67,114.0,144.0,2026-04-24
Kenneth Gainwell,RB,TB,127.15,13.51,102.0,145.0,2026-04-24
James Conner,RB,ARI,127.46,16.19,97.0,154.0,2026-04-24
Dalton Kincaid,TE,BUF,127.54,15.7,113.0,161.0,2026-04-24
Zach Charbonnet,RB,SEA,131.0,23.46,92.0,179.0,2026-04-24
J.K. Dobbins,RB,DEN,131.15,22.34,99.0,162.0,2026-04-24
Jauan Jennings,WR,FA,131.85,13.17,110.0,160.0,2026-04-24
Jayden Higgins,WR,HOU,132.15,6.99,121.0,146.0,2026-04-24
Woody Marks,RB,HOU,134.38,26.4,99.0,185.0,2026-04-24
Justin Fields,QB,KC,135.0,49.0,86.0,184.0,2026-04-24
Mac Jones,QB,SF,136.0,21.53,118.0,183.0,2026-04-24
Juwan Johnson,TE,NO,136.08,13.84,118.0,172.0,2026-04-24
Xavier Worthy,WR,KC,136.23,3.62,129.0,142.0,2026-04-24
Tua Tagovailoa,QB,ATL,137.9,15.69,118.0,177.0,2026-04-24
Dallas Goedert,TE,PHI,138.77,12.47,115.0,153.0,2026-04-24
Alvin Kamara,RB,NO,139.69,17.84,108.0,166.0,2026-04-24
Isaiah Likely,TE,NYG,142.31,28.38,109.0,194.0,2026-04-24
Dylan Sampson,RB,CLE,142.38,11.83,128.0,163.0,2026-04-24
Jacory Croskey-Merritt,RB,WAS,142.62,5.14,134.0,152.0,2026-04-24
Travis Kelce,TE,KC,143.62,20.47,113.0,183.0,2026-04-24
Travis Hunter,WR,JAC,144.15,28.4,101.0,178.0,2026-04-24
Jalen Coker,WR,CAR,144.31,9.51,124.0,160.0,2026-04-24
Brenton Strange,TE,JAC,145.15,21.65,113.0,184.0,2026-04-24
Rachaad White,RB,WAS,146.46,15.04,116.0,172.0,2026-04-24
Jordan Mason,RB,MIN,146.46,8.84,131.0,156.0,2026-04-24
Deebo Samuel Sr.,WR,FA,146.54,13.39,132.0,169.0,2026-04-24
Romeo Doubs,WR,NE,148.0,17.83,123.0,175.0,2026-04-24
Tyreek Hill,WR,FA,148.23,21.51,114.0,183.0,2026-04-24
Tyjae Spears,RB,TEN,148.31,9.59,130.0,166.0,2026-04-24
Tyrone Tracy Jr.,RB,NYG,148.62,8.99,127.0,167.0,2026-04-24
Ty Simpson,QB,LAR,149.0,23.93,126.0,182.0,2026-04-24
Trey Benson,RB,ARI,149.85,20.79,120.0,184.0,2026-04-24
Carnell Tate,WR,TEN,150.31,44.75,107.0,230.0,2026-04-24
Matthew Golden,WR,GB,150.38,18.19,110.0,171.0,2026-04-24
Jerry Jeudy,WR,CLE,151.38,6.07,144.0,160.0,2026-04-24
Geno Smith,QB,NYJ,153.6,37.53,94.0,184.0,2026-04-24
Braelon Allen,RB,NYJ,154.77,12.8,138.0,187.0,2026-04-24
George Kittle,TE,SF,156.62,51.09,47.0,262.0,2026-04-24
Rashid Shaheed,WR,SEA,156.69,4.83,149.0,165.0,2026-04-24
Hunter Henry,TE,NE,157.23,10.5,126.0,164.0,2026-04-24
Adonai Mitchell,WR,NYJ,158.62,9.53,146.0,177.0,2026-04-24
Isiah Pacheco,RB,DET,159.85,7.73,150.0,176.0,2026-04-24
Jadarian Price,RB,SEA,160.4,35.59,122.0,235.0,2026-04-24
Jordyn Tyson,WR,NO,160.92,41.61,112.0,222.0,2026-04-24
Dalton Schultz,TE,HOU,161.15,22.4,134.0,197.0,2026-04-24
Chimere Dike,WR,TEN,162.62,9.37,149.0,178.0,2026-04-24
Mark Andrews,TE,BAL,163.31,20.75,125.0,201.0,2026-04-24
Troy Franklin,WR,DEN,166.46,19.49,146.0,203.0,2026-04-24
Keaton Mitchell,RB,LAC,167.31,7.88,155.0,179.0,2026-04-24
Tank Bigsby,RB,PHI,171.08,12.06,161.0,200.0,2026-04-24
Jalen McMillan,WR,TB,173.54,13.87,144.0,190.0,2026-04-24
Tre Harris,WR,LAC,173.62,19.95,156.0,230.0,2026-04-24
Kayshon Boutte,WR,NE,174.46,8.61,156.0,191.0,2026-04-24
Brian Robinson Jr.,RB,ATL,174.62,13.58,153.0,208.0,2026-04-24
Jonah Coleman,RB,FA,174.7,33.88,138.0,243.0,2026-04-24
Emanuel Wilson,RB,SEA,175.62,19.26,134.0,192.0,2026-04-24
Anthony Richardson Sr.,QB,IND,177.0,0.0,177.0,177.0,2026-04-24
Brandon Aiyuk,WR,SF,178.08,12.8,157.0,198.0,2026-04-24
Jaylin Noel,WR,HOU,179.54,19.03,166.0,240.0,2026-04-24
Pat Bryant,WR,DEN,179.77,7.5,170.0,197.0,2026-04-24
Kirk Cousins,QB,LV,180.0,2.16,177.0,182.0,2026-04-24
Elic Ayomanor,WR,TEN,180.08,14.26,169.0,212.0,2026-04-24
Joe Milton III,QB,DAL,182.0,0.0,182.0,182.0,2026-04-24
Chris Rodriguez Jr.,RB,JAC,182.54,28.72,138.0,215.0,2026-04-24
Mike Washington Jr.,RB,FA,183.33,33.86,153.0,259.0,2026-04-24
Riley Leonard,QB,IND,184.0,0.0,184.0,184.0,2026-04-24
K.C. Concepcion,WR,CLE,184.22,24.21,145.0,218.0,2026-04-24
Emmett Johnson,RB,FA,184.44,40.04,146.0,290.0,2026-04-24
Denzel Boston,WR,FA,185.0,19.14,167.0,221.0,2026-04-24
Omar Cooper Jr.,WR,NYJ,186.44,21.49,157.0,230.0,2026-04-24
Kimani Vidal,RB,LAC,186.85,22.27,163.0,232.0,2026-04-24
Ryan Flournoy,WR,DAL,186.85,10.19,173.0,207.0,2026-04-24
Darnell Mooney,WR,NYG,187.69,7.42,169.0,198.0,2026-04-24
Tre Tucker,WR,LV,188.38,12.79,175.0,225.0,2026-04-24
Jonathon Brooks,RB,CAR,188.77,30.92,143.0,225.0,2026-04-24
T.J. Hockenson,TE,MIN,189.08,13.15,151.0,206.0,2026-04-24
Kaleb Johnson,RB,PIT,193.0,30.3,159.0,252.0,2026-04-24
Dontayvion Wicks,WR,PHI,193.38,16.51,162.0,223.0,2026-04-24
AJ Barner,TE,SEA,193.69,11.66,172.0,210.0,2026-04-24
Chig Okonkwo,TE,WAS,194.0,32.38,136.0,227.0,2026-04-24
Calvin Ridley,WR,TEN,195.54,15.14,176.0,222.0,2026-04-24
Devin Neal,RB,NO,196.23,34.28,165.0,256.0,2026-04-24
Mason Taylor,TE,NYJ,196.46,11.41,170.0,209.0,2026-04-24
Isaac TeSlaa,WR,DET,196.69,5.12,183.0,205.0,2026-04-24
Kenyon Sadiq,TE,NYJ,198.38,11.12,189.0,223.0,2026-04-24
Marvin Mims Jr.,WR,DEN,201.85,13.06,191.0,241.0,2026-04-24
Jaylen Wright,RB,MIA,203.31,19.15,162.0,242.0,2026-04-24
Keon Coleman,WR,BUF,204.69,21.86,184.0,244.0,2026-04-24
Mack Hollins,WR,NE,205.15,19.74,188.0,243.0,2026-04-24
Ray Davis,RB,BUF,206.15,12.42,179.0,232.0,2026-04-24
Rashod Bateman,WR,BAL,206.31,16.34,193.0,238.0,2026-04-24
Kyle Williams,WR,NE,206.85,13.5,195.0,236.0,2026-04-24
Najee Harris,RB,LAC,207.25,16.78,173.0,244.0,2026-04-24
Sean Tucker,RB,TB,207.54,10.82,188.0,230.0,2026-04-24
Xavier Legette,WR,CAR,209.25,19.62,193.0,254.0,2026-04-24
Cooper Kupp,WR,SEA,209.33,13.8,193.0,244.0,2026-04-24
Terrance Ferguson,TE,LAR,210.08,15.83,189.0,252.0,2026-04-24
Gunnar Helm,TE,TEN,210.15,14.54,183.0,245.0,2026-04-24
Greg Dulcich,TE,MIA,211.0,39.45,144.0,246.0,2026-04-24
Isaiah Davis,RB,NYJ,213.62,26.07,185.0,266.0,2026-04-24
Kendre Miller,RB,NO,214.23,33.86,176.0,267.0,2026-04-24
Jerome Ford,RB,WAS,214.42,23.25,179.0,251.0,2026-04-24
Brashard Smith,RB,KC,215.62,16.21,193.0,251.0,2026-04-24
Ted Hurst,WR,FA,216.0,18.02,193.0,237.0,2026-04-24
Nicholas Singleton,RB,FA,216.38,24.62,180.0,267.0,2026-04-24
Keenan Allen,WR,LAC,217.31,15.97,192.0,253.0,2026-04-24
Joe Mixon,RB,FA,217.58,44.33,162.0,291.0,2026-04-24
David Njoku,TE,FA,217.69,10.37,192.0,231.0,2026-04-24
Theo Johnson,TE,NYG,218.0,33.51,174.0,271.0,2026-04-24
Tory Horton,WR,SEA,218.54,13.45,198.0,258.0,2026-04-24
Darius Slayton,WR,NYG,219.92,16.66,204.0,252.0,2026-04-24
Ollie Gordon II,RB,MIA,219.92,7.82,211.0,238.0,2026-04-24
Kaytron Allen,RB,FA,221.44,27.16,185.0,271.0,2026-04-24
Tank Dell,WR,HOU,222.31,10.1,204.0,237.0,2026-04-24
Jalen Royals,WR,KC,224.33,15.14,187.0,245.0,2026-04-24
Cade Otton,TE,TB,226.85,8.04,214.0,240.0,2026-04-24
Ty Johnson,RB,BUF,227.92,15.14,213.0,268.0,2026-04-24
Evan Engram,TE,DEN,229.85,10.7,203.0,246.0,2026-04-24
Isaiah Bond,WR,CLE,229.92,21.59,207.0,273.0,2026-04-24
Chris Bell,WR,FA,230.2,34.82,188.0,269.0,2026-04-24
Pat Freiermuth,TE,PIT,231.23,10.75,205.0,250.0,2026-04-24
Christian Kirk,WR,SF,231.69,12.55,196.0,245.0,2026-04-24
Elijah Sarratt,WR,FA,232.14,17.74,212.0,263.0,2026-04-24
Andrei Iosivas,WR,CIN,232.4,27.26,210.0,305.0,2026-04-24
Jack Bech,WR,LV,232.75,14.0,214.0,260.0,2026-04-24
Devaughn Vele,WR,NO,233.58,15.46,203.0,253.0,2026-04-24
Antonio Williams,WR,FA,234.0,36.0,198.0,270.0,2026-04-24
Colby Parkinson,TE,LAR,234.85,14.6,199.0,257.0,2026-04-24
Chris Brazzell II,WR,FA,234.86,18.26,208.0,264.0,2026-04-24
Eli Stowers,TE,FA,236.43,11.82,219.0,250.0,2026-04-24
LeQuint Allen Jr.,RB,JAC,236.92,12.2,220.0,260.0,2026-04-24
Konata Mumpfield,WR,LAR,237.0,22.75,210.0,285.0,2026-04-24
Jake Tonges,TE,SF,238.44,13.07,218.0,255.0,2026-04-24
Malik Washington,WR,MIA,239.31,24.06,188.0,269.0,2026-04-24
Chris Brooks,RB,GB,239.58,17.87,196.0,256.0,2026-04-24
Jaleel McLaughlin,RB,DEN,240.25,21.63,217.0,284.0,2026-04-24
Skyler Bell,WR,FA,240.5,33.5,207.0,274.0,2026-04-24
Zachariah Branch,WR,FA,241.67,14.51,223.0,263.0,2026-04-24
Isaac Guerendo,RB,SF,241.73,18.08,225.0,283.0,2026-04-24
Malachi Fields,WR,FA,243.17,11.96,222.0,258.0,2026-04-24
Germie Bernard,WR,FA,243.5,21.51,206.0,266.0,2026-04-24
Hollywood Brown,WR,PHI,244.08,11.14,221.0,260.0,2026-04-24
Calvin Austin III,WR,NYG,246.91,16.17,231.0,281.0,2026-04-24
Dont'e Thornton Jr.,WR,LV,247.57,7.69,241.0,261.0,2026-04-24
Jahan Dotson,WR,ATL,248.0,0.0,248.0,248.0,2026-04-24
Tyquan Thornton,WR,KC,248.08,11.62,230.0,269.0,2026-04-24
Mike Gesicki,TE,CIN,248.44,8.42,233.0,262.0,2026-04-24
Bam Knight,RB,ARI,248.5,25.85,226.0,314.0,2026-04-24
Jalen Nailor,WR,LV,249.09,31.11,195.0,291.0,2026-04-24
Eli Heidenreich,RB,FA,249.5,29.5,220.0,279.0,2026-04-24
John Bates,TE,WAS,250.0,6.54,240.0,257.0,2026-04-24
Savion Williams,WR,GB,250.0,22.09,224.0,278.0,2026-04-24
Cedric Tillman,WR,CLE,250.09,10.91,221.0,265.0,2026-04-24
Darnell Washington,TE,PIT,250.25,17.2,228.0,267.0,2026-04-24
George Holani,RB,SEA,251.0,21.63,216.0,278.0,2026-04-24
Audric Estime,RB,NO,251.18,20.04,229.0,300.0,2026-04-24
Malik Davis,RB,DAL,251.27,19.47,235.0,304.0,2026-04-24
DJ Giddens,RB,IND,251.92,9.97,235.0,273.0,2026-04-24
Noah Gray,TE,KC,253.29,27.7,231.0,309.0,2026-04-24
Demond Claiborne,RB,FA,254.0,14.87,234.0,280.0,2026-04-24
Justice Hill,RB,BAL,254.18,9.69,238.0,269.0,2026-04-24
Tyler Higbee,TE,LAR,256.2,34.11,196.0,289.0,2026-04-24
John Metchie III,WR,CAR,256.67,6.05,253.0,270.0,2026-04-24
Luke McCaffrey,WR,WAS,256.73,16.77,242.0,301.0,2026-04-24
Tez Johnson,WR,TB,256.8,12.12,234.0,276.0,2026-04-24
Le'Veon Moss,RB,FA,257.5,18.5,239.0,276.0,2026-04-24
Bryce Lance,WR,FA,257.5,30.5,227.0,288.0,2026-04-24
Jaydon Blue,RB,DAL,257.85,26.36,213.0,292.0,2026-04-24
Adam Randall,RB,FA,258.0,15.65,237.0,281.0,2026-04-24
Devin Singletary,RB,NYG,258.92,13.85,240.0,290.0,2026-04-24
Jordan James,RB,SF,259.17,33.93,199.0,304.0,2026-04-24
Tommy Myers,TE,FA,259.6,5.75,250.0,267.0,2026-04-24
Emari Demercado,RB,KC,260.17,18.52,216.0,278.0,2026-04-24
Elijah Arroyo,TE,SEA,260.67,11.15,246.0,273.0,2026-04-24
Seth McGowan,RB,FA,261.25,14.96,240.0,282.0,2026-04-24
Trevor Etienne,RB,CAR,261.82,14.26,247.0,296.0,2026-04-24
De’Zhaun Stribling,WR,FA,263.0,34.0,229.0,297.0,2026-04-24
Darren Waller,TE,FA,263.5,15.82,246.0,283.0,2026-04-24
Olamide Zaccheaus,WR,ATL,264.63,15.12,256.0,302.0,2026-04-24
MarShawn Lloyd,RB,GB,265.27,9.62,247.0,280.0,2026-04-24
Xavier Hutchinson,WR,HOU,265.33,6.6,261.0,280.0,2026-04-24
Joshua Palmer,WR,BUF,266.57,17.26,257.0,307.0,2026-04-24
DeMario Douglas,WR,NE,268.38,7.57,264.0,288.0,2026-04-24
Jaylin Lane,WR,WAS,268.38,8.21,262.0,283.0,2026-04-24
Ja'Tavion Sanders,TE,CAR,269.5,36.5,233.0,306.0,2026-04-24
Jarquez Hunter,RB,LAR,269.64,16.96,255.0,318.0,2026-04-24
Will Shipley,RB,PHI,269.8,6.03,259.0,277.0,2026-04-24
J'Mari Taylor,RB,FA,270.0,23.0,247.0,293.0,2026-04-24
Samaje Perine,RB,CIN,270.83,10.33,244.0,287.0,2026-04-24
Tahj Brooks,RB,CIN,272.83,9.36,250.0,289.0,2026-04-24
Kareem Hunt,RB,FA,273.27,10.3,256.0,294.0,2026-04-24
Austin Ekeler,RB,FA,274.0,5.13,270.0,286.0,2026-04-24
Michael Carter,RB,TEN,274.5,15.34,262.0,317.0,2026-04-24
Nick Chubb,RB,FA,276.89,5.43,271.0,287.0,2026-04-24
Tai Felton,WR,MIN,279.0,0.0,279.0,279.0,2026-04-24
Treylon Burks,WR,WAS,279.0,16.0,263.0,295.0,2026-04-24
Noah Fant,TE,NO,279.5,18.5,261.0,298.0,2026-04-24
Terrell Jennings,RB,NE,280.5,6.34,275.0,294.0,2026-04-24
Jawhar Jordan,RB,HOU,281.5,6.34,276.0,295.0,2026-04-24
Antonio Gibson,RB,FA,283.17,8.49,278.0,302.0,2026-04-24
Dameon Pierce,RB,PHI,283.5,8.75,279.0,303.0,2026-04-24
Ben Sinnott,TE,WAS,285.0,34.71,243.0,328.0,2026-04-24
Xavier Restrepo,WR,TEN,285.0,0.0,285.0,285.0,2026-04-24
Ja'Kobi Lane,WR,FA,285.5,25.5,260.0,311.0,2026-04-24
Zach Ertz,TE,FA,286.0,0.0,286.0,286.0,2026-04-24
Michael Mayer,TE,LV,286.5,16.5,270.0,303.0,2026-04-24
Kendrick Bourne,WR,ARI,288.0,22.0,266.0,310.0,2026-04-24
Raheim Sanders,RB,CLE,288.86,14.91,278.0,322.0,2026-04-24
KaVontae Turpin,WR,DAL,292.0,0.0,292.0,292.0,2026-04-24
Brandin Cooks,WR,FA,293.0,0.0,293.0,293.0,2026-04-24
Jared Wiley,TE,KC,293.5,21.5,272.0,315.0,2026-04-24
Dawson Knox,TE,BUF,295.5,17.5,278.0,313.0,2026-04-24
Theo Wease Jr.,WR,MIA,296.0,0.0,296.0,296.0,2026-04-24
Jalen Tolbert,WR,MIA,297.5,22.5,275.0,320.0,2026-04-24
Oscar Delp,TE,FA,297.5,21.5,276.0,319.0,2026-04-24
Kalif Raymond,WR,CHI,297.5,26.5,271.0,324.0,2026-04-24
Luke Musgrave,TE,GB,298.0,18.0,280.0,316.0,2026-04-24
Phil Mafah,RB,DAL,299.0,0.0,299.0,299.0,2026-04-24
Antwane Wells Jr.,WR,FA,300.0,0.0,300.0,300.0,2026-04-24
Tutu Atwell,WR,MIA,300.33,19.62,277.0,325.0,2026-04-24
Max Klare,TE,FA,301.0,22.0,279.0,323.0,2026-04-24
Julian Fleming,WR,FA,301.0,0.0,301.0,301.0,2026-04-24
Sam Roush,TE,FA,305.5,20.5,285.0,326.0,2026-04-24
Dae'Quan Wright,TE,FA,308.0,22.0,286.0,330.0,2026-04-24
Devontez Walker,WR,BAL,308.0,0.0,308.0,308.0,2026-04-24
Justin Joly,TE,FA,309.0,22.0,287.0,331.0,2026-04-24
Eli Raridon,TE,FA,310.0,22.0,288.0,332.0,2026-04-24
Jonnu Smith,TE,FA,312.0,0.0,312.0,312.0,2026-04-24
Cole Kmet,TE,CHI,321.0,0.0,321.0,321.0,2026-04-24
Ja'Lynn Polk,WR,NO,327.0,0.0,327.0,327.0,2026-04-24
Daniel Bellinger,TE,TEN,329.0,0.0,329.0,329.0,2026-04-24
Josh Allen,QB,BUF,1.08,0.27,1.0,2.0,2026-04-17
Lamar Jackson,QB,BAL,2.38,0.49,2.0,3.0,2026-04-17
Drake Maye,QB,NE,3.08,0.83,2.0,5.0,2026-04-17
Joe Burrow,QB,CIN,4.38,1.0,3.0,7.0,2026-04-17
Jayden Daniels,QB,WAS,5.08,1.38,4.0,9.0,2026-04-17
Jalen Hurts,QB,PHI,6.54,1.08,4.0,8.0,2026-04-17
Ja'Marr Chase,WR,CIN,6.77,1.8,6.0,11.0,2026-04-17
Bijan Robinson,RB,ATL,10.0,0.0,10.0,10.0,2026-04-17
Puka Nacua,WR,LAR,10.31,1.86,6.0,12.0,2026-04-17
Jaxson Dart,QB,NYG,11.0,4.24,8.0,19.0,2026-04-17
Jaxon Smith-Njigba,WR,SEA,12.0,0.0,12.0,12.0,2026-04-17
Caleb Williams,QB,CHI,13.0,5.74,5.0,26.0,2026-04-17
Jahmyr Gibbs,RB,DET,13.0,0.0,13.0,13.0,2026-04-17
Justin Herbert,QB,LAC,13.62,6.49,8.0,26.0,2026-04-17
Justin Jefferson,WR,MIN,17.23,3.56,14.0,23.0,2026-04-17
Trevor Lawrence,QB,JAC,17.46,5.39,8.0,29.0,2026-04-17
Christian McCaffrey,RB,SF,17.92,3.77,15.0,25.0,2026-04-17
CeeDee Lamb,WR,DAL,18.08,3.32,14.0,23.0,2026-04-17
Dak Prescott,QB,DAL,18.46,2.34,16.0,26.0,2026-04-17
Amon-Ra St. Brown,WR,DET,19.92,1.77,14.0,21.0,2026-04-17
Brock Purdy,QB,SF,20.77,4.12,17.0,29.0,2026-04-17
Jonathan Taylor,RB,IND,21.46,4.58,15.0,33.0,2026-04-17
Patrick Mahomes II,QB,KC,21.77,5.01,16.0,29.0,2026-04-17
Malik Nabers,WR,NYG,24.62,3.08,21.0,34.0,2026-04-17
Drake London,WR,ATL,25.08,3.27,21.0,34.0,2026-04-17
Bo Nix,QB,DEN,28.31,4.03,19.0,32.0,2026-04-17
Nico Collins,WR,HOU,28.92,3.15,24.0,35.0,2026-04-17
Chris Olave,WR,NO,29.85,4.05,24.0,36.0,2026-04-17
Matthew Stafford,QB,LAR,30.38,5.12,18.0,41.0,2026-04-17
De'Von Achane,RB,MIA,30.69,7.27,22.0,42.0,2026-04-17
Trey McBride,TE,ARI,32.23,2.89,31.0,39.0,2026-04-17
Ashton Jeanty,RB,LV,32.54,6.88,25.0,46.0,2026-04-17
George Pickens,WR,DAL,32.69,3.31,27.0,35.0,2026-04-17
James Cook III,RB,BUF,33.23,4.92,22.0,40.0,2026-04-17
Rashee Rice,WR,KC,34.08,9.24,23.0,51.0,2026-04-17
A.J. Brown,WR,PHI,36.85,4.31,28.0,45.0,2026-04-17
Brock Bowers,TE,LV,37.77,2.89,31.0,39.0,2026-04-17
Jordan Love,QB,GB,39.15,8.78,29.0,55.0,2026-04-17
Jared Goff,QB,DET,40.23,5.7,32.0,55.0,2026-04-17
Omarion Hampton,RB,LAC,40.54,3.67,33.0,46.0,2026-04-17
Tetairoa McMillan,WR,CAR,42.23,4.59,34.0,52.0,2026-04-17
Chase Brown,RB,CIN,43.15,3.23,37.0,48.0,2026-04-17
Saquon Barkley,RB,PHI,43.85,5.02,33.0,49.0,2026-04-17
Garrett Wilson,WR,NYJ,45.23,4.04,36.0,52.0,2026-04-17
Tee Higgins,WR,CIN,45.69,5.04,35.0,57.0,2026-04-17
Kyler Murray,QB,MIN,48.62,13.99,26.0,64.0,2026-04-17
Malik Willis,QB,MIA,48.62,13.47,32.0,83.0,2026-04-17
Baker Mayfield,QB,TB,50.0,6.56,41.0,60.0,2026-04-17
Tyler Shough,QB,NO,50.23,7.36,32.0,56.0,2026-04-17
Kenneth Walker III,RB,KC,51.54,8.6,40.0,71.0,2026-04-17
Zay Flowers,WR,BAL,51.77,8.0,36.0,63.0,2026-04-17
Josh Jacobs,RB,GB,52.15,5.02,46.0,61.0,2026-04-17
Ladd McConkey,WR,LAC,53.15,3.28,51.0,62.0,2026-04-17
Luther Burden III,WR,CHI,57.15,7.07,44.0,69.0,2026-04-17
Breece Hall,RB,NYJ,59.08,6.21,49.0,71.0,2026-04-17
Davante Adams,WR,LAR,59.62,8.57,45.0,75.0,2026-04-17
C.J. Stroud,QB,HOU,59.69,5.88,50.0,70.0,2026-04-17
DeVonta Smith,WR,PHI,60.08,6.94,51.0,69.0,2026-04-17
Jeremiyah Love,RB,FA,60.85,9.69,42.0,73.0,2026-04-17
Jaylen Waddle,WR,DEN,61.77,5.49,53.0,72.0,2026-04-17
Derrick Henry,RB,BAL,62.23,4.02,54.0,67.0,2026-04-17
Bucky Irving,RB,TB,63.15,10.03,49.0,77.0,2026-04-17
Jameson Williams,WR,DET,63.15,5.68,57.0,75.0,2026-04-17
Colston Loveland,TE,CHI,64.69,16.64,47.0,86.0,2026-04-17
Kyren Williams,RB,LAR,64.77,4.87,54.0,71.0,2026-04-17
Terry McLaurin,WR,WAS,65.54,7.28,53.0,82.0,2026-04-17
Sam Darnold,QB,SEA,65.77,7.12,55.0,83.0,2026-04-17
Mike Evans,WR,SF,68.08,5.95,57.0,73.0,2026-04-17
Travis Etienne Jr.,RB,NO,68.31,9.08,54.0,79.0,2026-04-17
Cam Ward,QB,TEN,69.62,6.15,66.0,83.0,2026-04-17
Bryce Young,QB,CAR,70.62,7.07,60.0,83.0,2026-04-17
Javonte Williams,RB,DAL,70.92,9.27,49.0,85.0,2026-04-17
Emeka Egbuka,WR,TB,71.62,6.7,59.0,82.0,2026-04-17
TreVeyon Henderson,RB,NE,74.85,6.35,58.0,84.0,2026-04-17
Cam Skattebo,RB,NYG,78.31,3.58,74.0,85.0,2026-04-17
Courtland Sutton,WR,DEN,80.38,7.11,72.0,95.0,2026-04-17
RJ Harvey,RB,DEN,80.77,10.3,65.0,98.0,2026-04-17
Tyler Warren,TE,IND,81.62,11.63,47.0,93.0,2026-04-17
Harold Fannin Jr.,TE,CLE,82.0,20.83,47.0,104.0,2026-04-17
Christian Watson,WR,GB,82.31,11.53,68.0,107.0,2026-04-17
Rome Odunze,WR,CHI,83.31,12.55,53.0,101.0,2026-04-17
Daniel Jones,QB,IND,83.42,9.66,64.0,94.0,2026-04-17
DK Metcalf,WR,PIT,85.08,6.52,73.0,96.0,2026-04-17
Chris Godwin Jr.,WR,TB,86.15,7.37,73.0,100.0,2026-04-17
DJ Moore,WR,BUF,86.85,22.91,53.0,128.0,2026-04-17
D'Andre Swift,RB,CHI,86.85,4.96,78.0,95.0,2026-04-17
Quinshon Judkins,RB,CLE,87.69,4.95,81.0,97.0,2026-04-17
Tucker Kraft,TE,GB,89.15,8.08,78.0,106.0,2026-04-17
Marvin Harrison Jr.,WR,ARI,90.31,9.49,72.0,101.0,2026-04-17
Jakobi Meyers,WR,JAC,90.62,9.12,77.0,110.0,2026-04-17
David Montgomery,RB,HOU,94.08,17.08,78.0,131.0,2026-04-17
Ricky Pearsall,WR,SF,94.54,6.18,82.0,107.0,2026-04-17
Jaylen Warren,RB,PIT,95.54,4.89,85.0,105.0,2026-04-17
Jacoby Brissett,QB,ARI,95.77,26.01,60.0,127.0,2026-04-17
Brian Thomas Jr.,WR,JAC,95.92,9.9,75.0,110.0,2026-04-17
Bhayshul Tuten,RB,JAC,100.31,14.25,87.0,131.0,2026-04-17
Rico Dowdle,RB,PIT,100.31,4.37,92.0,108.0,2026-04-17
J.J. McCarthy,QB,MIN,101.0,37.52,70.0,182.0,2026-04-17
Alec Pierce,WR,IND,103.0,12.95,74.0,117.0,2026-04-17
Sam LaPorta,TE,DET,103.46,3.37,93.0,106.0,2026-04-17
Michael Pittman Jr.,WR,PIT,103.69,7.15,88.0,114.0,2026-04-17
Wan'Dale Robinson,WR,TEN,103.92,11.73,73.0,117.0,2026-04-17
Kyle Monangai,RB,CHI,104.15,6.57,97.0,119.0,2026-04-17
Kyle Pitts Sr.,TE,ATL,104.69,5.07,93.0,113.0,2026-04-17
Michael Penix Jr.,QB,ATL,105.2,30.09,83.0,177.0,2026-04-17
Michael Wilson,WR,ARI,106.0,9.99,90.0,127.0,2026-04-17
Chuba Hubbard,RB,CAR,106.85,14.56,93.0,132.0,2026-04-17
Fernando Mendoza,QB,FA,108.38,32.03,76.0,176.0,2026-04-17
Rhamondre Stevenson,RB,NE,108.46,9.03,95.0,120.0,2026-04-17
Tony Pollard,RB,TEN,109.0,9.21,98.0,130.0,2026-04-17
Jordan Addison,WR,MIN,109.85,3.35,101.0,114.0,2026-04-17
Stefon Diggs,WR,FA,115.08,21.42,89.0,158.0,2026-04-17
Shedeur Sanders,QB,CLE,115.11,29.03,87.0,182.0,2026-04-17
Deshaun Watson,QB,CLE,117.0,42.43,87.0,177.0,2026-04-17
Aaron Jones Sr.,RB,MIN,118.38,8.4,108.0,134.0,2026-04-17
Blake Corum,RB,LAR,119.15,11.92,104.0,141.0,2026-04-17
Jake Ferguson,TE,DAL,119.92,5.2,113.0,128.0,2026-04-17
Khalil Shakir,WR,BUF,120.54,5.56,114.0,135.0,2026-04-17
James Conner,RB,ARI,121.23,15.82,97.0,154.0,2026-04-17
Parker Washington,WR,JAC,121.38,13.08,91.0,144.0,2026-04-17
Quentin Johnston,WR,LAC,123.0,10.69,101.0,144.0,2026-04-17
Aaron Rodgers,QB,FA,125.0,31.36,86.0,182.0,2026-04-17
Oronde Gadsden II,TE,LAC,125.38,14.72,113.0,161.0,2026-04-17
Tyler Allgeier,RB,ARI,127.31,15.49,98.0,152.0,2026-04-17
Jayden Reed,WR,GB,127.31,7.25,116.0,137.0,2026-04-17
Dalton Kincaid,TE,BUF,127.54,17.2,113.0,161.0,2026-04-17
Woody Marks,RB,HOU,127.54,20.6,99.0,169.0,2026-04-17
Kenneth Gainwell,RB,TB,127.77,12.33,103.0,141.0,2026-04-17
Josh Downs,WR,IND,127.92,10.66,107.0,144.0,2026-04-17
Juwan Johnson,TE,NO,129.62,9.97,115.0,153.0,2026-04-17
Jauan Jennings,WR,FA,131.54,13.01,110.0,161.0,2026-04-17
Jayden Higgins,WR,HOU,131.77,6.7,122.0,146.0,2026-04-17
Zach Charbonnet,RB,SEA,131.92,21.59,95.0,179.0,2026-04-17
Alvin Kamara,RB,NO,133.38,13.33,108.0,166.0,2026-04-17
Xavier Worthy,WR,KC,135.23,3.81,129.0,139.0,2026-04-17
Mac Jones,QB,SF,136.43,19.65,118.0,182.0,2026-04-17
J.K. Dobbins,RB,DEN,136.92,21.99,99.0,162.0,2026-04-17
Tua Tagovailoa,QB,ATL,137.17,14.66,118.0,177.0,2026-04-17
Dylan Sampson,RB,CLE,138.54,9.94,126.0,159.0,2026-04-17
Travis Kelce,TE,KC,140.77,20.68,113.0,183.0,2026-04-17
Tyreek Hill,WR,FA,140.85,16.99,114.0,174.0,2026-04-17
Brenton Strange,TE,JAC,141.23,22.92,113.0,189.0,2026-04-17
Travis Hunter,WR,JAC,142.92,29.82,101.0,186.0,2026-04-17
Deebo Samuel Sr.,WR,FA,143.46,12.41,129.0,168.0,2026-04-17
Jacory Croskey-Merritt,RB,WAS,144.08,6.35,132.0,154.0,2026-04-17
Tyjae Spears,RB,TEN,144.85,8.37,130.0,159.0,2026-04-17
Trey Benson,RB,ARI,145.92,18.22,119.0,170.0,2026-04-17
Dallas Goedert,TE,PHI,146.08,8.62,124.0,161.0,2026-04-17
Rachaad White,RB,WAS,146.31,15.52,116.0,176.0,2026-04-17
George Kittle,TE,SF,146.69,41.02,47.0,232.0,2026-04-17
Jalen Coker,WR,CAR,147.23,9.93,128.0,167.0,2026-04-17
Romeo Doubs,WR,NE,148.15,21.97,109.0,175.0,2026-04-17
Jordan Mason,RB,MIN,149.31,8.09,132.0,156.0,2026-04-17
Jerry Jeudy,WR,CLE,150.38,8.22,139.0,169.0,2026-04-17
Isaiah Likely,TE,NYG,150.54,25.73,112.0,194.0,2026-04-17
Tyrone Tracy Jr.,RB,NYG,150.69,9.08,139.0,172.0,2026-04-17
Hunter Henry,TE,NE,155.0,11.42,126.0,164.0,2026-04-17
Carnell Tate,WR,FA,155.15,44.2,110.0,230.0,2026-04-17
Matthew Golden,WR,GB,155.38,19.16,110.0,171.0,2026-04-17
Dalton Schultz,TE,HOU,156.08,18.43,136.0,197.0,2026-04-17
Geno Smith,QB,NYJ,156.6,34.7,94.0,184.0,2026-04-17
Braelon Allen,RB,NYJ,156.92,14.65,138.0,200.0,2026-04-17
Rashid Shaheed,WR,SEA,157.15,5.5,148.0,167.0,2026-04-17
Adonai Mitchell,WR,NYJ,157.31,8.54,146.0,170.0,2026-04-17
Jadarian Price,RB,FA,159.2,27.92,129.0,235.0,2026-04-17
Makai Lemon,WR,FA,159.38,42.82,100.0,234.0,2026-04-17
Isiah Pacheco,RB,DET,159.46,5.71,150.0,172.0,2026-04-17
Jahan Dotson,WR,ATL,160.0,0.0,160.0,160.0,2026-04-17
Chimere Dike,WR,TEN,162.62,9.34,149.0,175.0,2026-04-17
Emmett Johnson,RB,FA,164.11,14.04,145.0,187.0,2026-04-17
Troy Franklin,WR,DEN,165.08,20.35,146.0,209.0,2026-04-17
Jordyn Tyson,WR,FA,166.08,39.56,123.0,222.0,2026-04-17
Ty Simpson,QB,FA,166.33,18.73,140.0,182.0,2026-04-17
Keaton Mitchell,RB,LAC,169.31,7.58,158.0,187.0,2026-04-17
Tank Bigsby,RB,PHI,170.38,14.21,161.0,211.0,2026-04-17
Mark Andrews,TE,BAL,170.54,12.91,142.0,201.0,2026-04-17
Tre Harris,WR,LAC,171.0,18.64,156.0,230.0,2026-04-17
Kayshon Boutte,WR,NE,172.92,9.97,154.0,191.0,2026-04-17
Jaylin Noel,WR,HOU,173.85,6.88,166.0,188.0,2026-04-17
Jalen McMillan,WR,TB,174.69,14.38,144.0,193.0,2026-04-17
Jonah Coleman,RB,FA,178.3,33.76,141.0,243.0,2026-04-17
Anthony Richardson Sr.,QB,IND,178.4,2.8,177.0,184.0,2026-04-17
Kirk Cousins,QB,LV,179.0,2.0,177.0,181.0,2026-04-17
Brandon Aiyuk,WR,SF,179.38,17.4,157.0,217.0,2026-04-17
Pat Bryant,WR,DEN,179.46,7.15,170.0,194.0,2026-04-17
Elic Ayomanor,WR,TEN,179.77,11.99,169.0,209.0,2026-04-17
Emanuel Wilson,RB,SEA,180.15,18.37,134.0,200.0,2026-04-17
Brian Robinson Jr.,RB,ATL,180.46,14.67,153.0,211.0,2026-04-17
Joe Milton III,QB,DAL,182.0,0.0,182.0,182.0,2026-04-17
Justin Fields,QB,KC,184.0,0.0,184.0,184.0,2026-04-17
Riley Leonard,QB,IND,184.0,0.0,184.0,184.0,2026-04-17
Garrett Nussmeier,QB,FA,184.0,0.0,184.0,184.0,2026-04-17
Tre Tucker,WR,LV,185.08,5.89,175.0,197.0,2026-04-17
Denzel Boston,WR,FA,185.56,16.29,167.0,221.0,2026-04-17
K.C. Concepcion,WR,FA,185.89,23.86,142.0,219.0,2026-04-17
Kimani Vidal,RB,LAC,187.77,23.29,163.0,237.0,2026-04-17
Darnell Mooney,WR,NYG,188.23,6.78,169.0,196.0,2026-04-17
Mike Washington Jr.,RB,FA,188.33,37.9,135.0,269.0,2026-04-17
Chris Rodriguez Jr.,RB,JAC,188.54,28.29,138.0,220.0,2026-04-17
T.J. Hockenson,TE,MIN,190.92,7.84,179.0,206.0,2026-04-17
Devin Neal,RB,NO,191.15,31.11,165.0,256.0,2026-04-17
Jonathon Brooks,RB,CAR,192.08,25.38,145.0,225.0,2026-04-17
Ryan Flournoy,WR,DAL,193.23,16.25,175.0,242.0,2026-04-17
Omar Cooper Jr.,WR,FA,194.13,24.01,157.0,242.0,2026-04-17
Isaac TeSlaa,WR,DET,195.92,4.73,183.0,202.0,2026-04-17
Marvin Mims Jr.,WR,DEN,196.15,7.51,179.0,213.0,2026-04-17
Mason Taylor,TE,NYJ,196.46,15.68,148.0,209.0,2026-04-17
Calvin Ridley,WR,TEN,196.77,13.42,177.0,222.0,2026-04-17
AJ Barner,TE,SEA,197.38,17.9,174.0,250.0,2026-04-17
Antonio Williams,WR,FA,198.0,0.0,198.0,198.0,2026-04-17
Kaleb Johnson,RB,PIT,198.15,36.78,159.0,277.0,2026-04-17
Dontayvion Wicks,WR,PHI,198.38,13.45,162.0,215.0,2026-04-17
Rashod Bateman,WR,BAL,199.69,11.13,181.0,232.0,2026-04-17
Mack Hollins,WR,NE,201.77,16.88,188.0,243.0,2026-04-17
Keon Coleman,WR,BUF,202.31,19.3,184.0,244.0,2026-04-17
Jordan Whittington,WR,LAR,203.0,0.0,203.0,203.0,2026-04-17
Xavier Legette,WR,CAR,204.23,14.15,189.0,247.0,2026-04-17
Sean Tucker,RB,TB,204.46,12.56,187.0,230.0,2026-04-17
Jaylen Wright,RB,MIA,204.54,13.62,187.0,242.0,2026-04-17
Chig Okonkwo,TE,WAS,205.0,26.52,136.0,227.0,2026-04-17
DeAndre Hopkins,WR,BAL,205.0,0.0,205.0,205.0,2026-04-17
Ted Hurst,WR,FA,205.5,12.5,193.0,218.0,2026-04-17
Kenyon Sadiq,TE,FA,205.8,13.04,189.0,223.0,2026-04-17
Kyle Williams,WR,NE,206.23,12.48,195.0,236.0,2026-04-17
Skyler Bell,WR,FA,207.0,0.0,207.0,207.0,2026-04-17
Ray Davis,RB,BUF,207.54,12.8,179.0,232.0,2026-04-17
Isaiah Davis,RB,NYJ,208.38,16.97,185.0,243.0,2026-04-17
Najee Harris,RB,LAC,210.54,13.4,187.0,244.0,2026-04-17
Kendre Miller,RB,NO,210.92,31.32,176.0,267.0,2026-04-17
Brashard Smith,RB,KC,211.77,10.26,195.0,232.0,2026-04-17
Theo Johnson,TE,NYG,212.08,30.42,174.0,271.0,2026-04-17
Gunnar Helm,TE,TEN,212.08,14.07,183.0,240.0,2026-04-17
Joe Mixon,RB,FA,212.62,37.42,162.0,283.0,2026-04-17
Terrance Ferguson,TE,LAR,213.31,20.73,194.0,262.0,2026-04-17
Cooper Kupp,WR,SEA,214.0,21.85,193.0,282.0,2026-04-17
Greg Dulcich,TE,MIA,215.75,42.14,144.0,246.0,2026-04-17
Keenan Allen,WR,LAC,216.0,13.9,192.0,241.0,2026-04-17
Jerome Ford,RB,WAS,216.08,22.21,179.0,251.0,2026-04-17
David Njoku,TE,FA,216.92,9.13,194.0,231.0,2026-04-17
Darius Slayton,WR,NYG,217.38,11.92,204.0,246.0,2026-04-17
Tory Horton,WR,SEA,218.92,13.5,198.0,258.0,2026-04-17
Nick Westbrook-Ikhine,WR,IND,219.0,0.0,219.0,219.0,2026-04-17
Eli Heidenreich,RB,FA,220.0,0.0,220.0,220.0,2026-04-17
Kaytron Allen,RB,FA,220.8,31.82,182.0,272.0,2026-04-17
Ollie Gordon II,RB,MIA,221.15,8.07,211.0,238.0,2026-04-17
Nicholas Singleton,RB,FA,222.56,28.52,180.0,270.0,2026-04-17
Tank Dell,WR,HOU,223.69,9.15,204.0,237.0,2026-04-17
Jalen Royals,WR,KC,223.78,14.75,187.0,244.0,2026-04-17
Andrei Iosivas,WR,CIN,224.09,13.78,207.0,244.0,2026-04-17
Ty Johnson,RB,BUF,226.15,8.79,216.0,246.0,2026-04-17
Bryce Lance,WR,FA,227.0,0.0,227.0,227.0,2026-04-17
Isaiah Bond,WR,CLE,227.08,17.41,207.0,273.0,2026-04-17
Cade Otton,TE,TB,227.54,8.7,211.0,240.0,2026-04-17
Daniel Bellinger,TE,TEN,228.0,0.0,228.0,228.0,2026-04-17
Jack Bech,WR,LV,228.46,12.59,206.0,257.0,2026-04-17
De’Zhaun Stribling,WR,FA,229.0,0.0,229.0,229.0,2026-04-17
Pat Freiermuth,TE,PIT,230.08,9.11,209.0,250.0,2026-04-17
Devaughn Vele,WR,NO,230.46,19.41,176.0,248.0,2026-04-17
Evan Engram,TE,DEN,230.85,5.36,227.0,245.0,2026-04-17
Jalen Tolbert,WR,MIA,232.5,42.5,190.0,275.0,2026-04-17
Chris Brazzell II,WR,FA,233.25,17.05,208.0,264.0,2026-04-17
Konata Mumpfield,WR,LAR,233.45,17.84,210.0,268.0,2026-04-17
Le'Veon Moss,RB,FA,234.0,5.0,229.0,239.0,2026-04-17
Christian Kirk,WR,SF,234.77,7.18,214.0,242.0,2026-04-17
J'Mari Taylor,RB,FA,236.0,11.0,225.0,247.0,2026-04-17
Roman Wilson,WR,PIT,236.0,0.0,236.0,236.0,2026-04-17
LeQuint Allen Jr.,RB,JAC,237.15,14.04,208.0,260.0,2026-04-17
Malik Washington,WR,MIA,237.69,25.15,180.0,261.0,2026-04-17
Colby Parkinson,TE,LAR,238.46,17.22,227.0,289.0,2026-04-17
Elijah Sarratt,WR,FA,239.29,18.61,212.0,264.0,2026-04-17
Malachi Fields,WR,FA,240.17,9.58,222.0,248.0,2026-04-17
Kalif Raymond,WR,CHI,240.5,30.5,210.0,271.0,2026-04-17
Jaleel McLaughlin,RB,DEN,241.62,21.16,217.0,290.0,2026-04-17
Chris Brooks,RB,GB,241.85,17.64,196.0,263.0,2026-04-17
Chris Bell,WR,FA,242.25,32.27,192.0,272.0,2026-04-17
Jeremy McNichols,RB,WAS,243.0,0.0,243.0,243.0,2026-04-17
John Bates,TE,WAS,244.0,10.14,227.0,257.0,2026-04-17
Isaac Guerendo,RB,SF,244.5,20.78,225.0,300.0,2026-04-17
Bam Knight,RB,ARI,244.6,15.8,226.0,274.0,2026-04-17
Calvin Austin III,WR,NYG,244.83,12.31,231.0,274.0,2026-04-17
Greg Dortch,WR,DET,245.0,0.0,245.0,245.0,2026-04-17
Jalen Nailor,WR,LV,246.09,28.2,195.0,268.0,2026-04-17
Eli Stowers,TE,FA,246.33,14.23,228.0,275.0,2026-04-17
Hollywood Brown,WR,PHI,247.38,9.93,224.0,269.0,2026-04-17
Tutu Atwell,WR,MIA,247.5,29.5,218.0,277.0,2026-04-17
Noah Gray,TE,KC,247.63,17.68,231.0,280.0,2026-04-17
Audric Estime,RB,NO,247.73,13.55,229.0,268.0,2026-04-17
Tyquan Thornton,WR,KC,248.31,10.88,230.0,269.0,2026-04-17
Malik Davis,RB,DAL,249.0,10.26,235.0,264.0,2026-04-17
Tyler Badie,RB,DEN,249.0,0.0,249.0,249.0,2026-04-17
George Holani,RB,SEA,249.0,19.21,217.0,273.0,2026-04-17
Cedric Tillman,WR,CLE,249.25,10.01,221.0,260.0,2026-04-17
Zachariah Branch,WR,FA,250.33,17.54,223.0,267.0,2026-04-17
Mike Gesicki,TE,CIN,251.22,8.08,239.0,262.0,2026-04-17
Justice Hill,RB,BAL,252.83,15.49,212.0,269.0,2026-04-17
Jake Tonges,TE,SF,252.88,26.32,219.0,317.0,2026-04-17
Darren Waller,TE,FA,254.25,15.85,240.0,281.0,2026-04-17
Dont'e Thornton Jr.,WR,LV,254.5,20.28,241.0,305.0,2026-04-17
Germie Bernard,WR,FA,255.0,15.21,233.0,266.0,2026-04-17
Darnell Washington,TE,PIT,255.25,29.79,221.0,298.0,2026-04-17
Tommy Myers,TE,FA,255.4,6.44,246.0,262.0,2026-04-17
Noah Fant,TE,NO,256.0,1.0,255.0,257.0,2026-04-17
Demond Claiborne,RB,FA,256.29,18.1,232.0,281.0,2026-04-17
Olamide Zaccheaus,WR,ATL,256.43,1.99,253.0,260.0,2026-04-17
Jaydon Blue,RB,DAL,256.62,21.68,213.0,283.0,2026-04-17
Devin Singletary,RB,NYG,257.42,9.81,243.0,270.0,2026-04-17
DJ Giddens,RB,IND,258.0,14.94,241.0,299.0,2026-04-17
Noah Brown,WR,FA,258.0,0.0,258.0,258.0,2026-04-17
Adam Randall,RB,FA,259.0,17.96,237.0,281.0,2026-04-17
Luke McCaffrey,WR,WAS,259.0,22.85,242.0,329.0,2026-04-17
Elijah Arroyo,TE,SEA,259.33,13.02,241.0,270.0,2026-04-17
Ja'Kobi Lane,WR,FA,260.0,0.0,260.0,260.0,2026-04-17
Seth McGowan,RB,FA,260.33,17.17,240.0,282.0,2026-04-17
Joshua Palmer,WR,BUF,260.83,7.69,257.0,278.0,2026-04-17
Trevor Etienne,RB,CAR,261.83,9.33,248.0,280.0,2026-04-17
Tez Johnson,WR,TB,262.88,18.94,235.0,308.0,2026-04-17
Mitch Tinsley,WR,CIN,263.0,0.0,263.0,263.0,2026-04-17
DeMario Douglas,WR,NE,263.0,4.96,251.0,266.0,2026-04-17
Jaylin Lane,WR,WAS,263.67,1.11,262.0,265.0,2026-04-17
MarShawn Lloyd,RB,GB,263.92,8.95,247.0,279.0,2026-04-17
Samaje Perine,RB,CIN,264.77,16.17,216.0,276.0,2026-04-17
Jordan James,RB,SF,264.92,31.0,199.0,304.0,2026-04-17
Emari Demercado,RB,KC,264.92,13.09,231.0,278.0,2026-04-17
Arian Smith,WR,NYJ,265.0,0.0,265.0,265.0,2026-04-17
John Metchie III,WR,CAR,265.33,25.36,253.0,322.0,2026-04-17
Kendrick Bourne,WR,ARI,266.0,0.0,266.0,266.0,2026-04-17
Treylon Burks,WR,WAS,266.0,0.0,266.0,266.0,2026-04-17
Xavier Hutchinson,WR,HOU,266.17,8.45,261.0,285.0,2026-04-17
Ja'Tavion Sanders,TE,CAR,268.0,35.0,233.0,303.0,2026-04-17
Jarquez Hunter,RB,LAR,268.75,15.42,255.0,314.0,2026-04-17
Will Shipley,RB,PHI,268.82,4.93,259.0,275.0,2026-04-17
Kareem Hunt,RB,FA,269.33,9.51,249.0,281.0,2026-04-17
Michael Carter,RB,TEN,270.6,6.39,262.0,283.0,2026-04-17
Jared Wiley,TE,KC,272.0,0.0,272.0,272.0,2026-04-17
Austin Ekeler,RB,FA,273.0,2.88,270.0,279.0,2026-04-17
KaVontae Turpin,WR,DAL,274.0,0.0,274.0,274.0,2026-04-17
Tahj Brooks,RB,CIN,274.23,10.16,250.0,296.0,2026-04-17
Ty Chandler,RB,NO,276.0,0.0,276.0,276.0,2026-04-17
Tyler Higbee,TE,LAR,276.25,29.47,237.0,320.0,2026-04-17
Nick Chubb,RB,FA,276.73,4.11,271.0,285.0,2026-04-17
Terrell Jennings,RB,NE,277.8,2.14,275.0,281.0,2026-04-17
Luke Musgrave,TE,GB,278.0,0.0,278.0,278.0,2026-04-17
Jawhar Jordan,RB,HOU,278.8,2.14,276.0,282.0,2026-04-17
Antonio Gibson,RB,FA,279.4,1.2,278.0,281.0,2026-04-17
Savion Williams,WR,GB,279.5,31.5,248.0,311.0,2026-04-17
Dameon Pierce,RB,PHI,279.6,0.8,279.0,281.0,2026-04-17
Raheim Sanders,RB,CLE,280.4,1.85,278.0,283.0,2026-04-17
Ben Sinnott,TE,WAS,281.0,34.71,238.0,323.0,2026-04-17
Miles Sanders,RB,FA,284.0,0.0,284.0,284.0,2026-04-17
Jonnu Smith,TE,FA,286.0,0.0,286.0,286.0,2026-04-17
Tyler Goodson,RB,ATL,287.0,0.0,287.0,287.0,2026-04-17
Roschon Johnson,RB,CHI,291.0,0.0,291.0,291.0,2026-04-17
JuJu Smith-Schuster,WR,FA,295.0,0.0,295.0,295.0,2026-04-17
Michael Mayer,TE,LV,297.0,34.0,263.0,331.0,2026-04-17
Tyrell Shavers,WR,BUF,297.0,0.0,297.0,297.0,2026-04-17
Michael Trigg,TE,FA,306.0,0.0,306.0,306.0,2026-04-17
Dawson Knox,TE,BUF,306.5,27.5,279.0,334.0,2026-04-17
Cole Kmet,TE,CHI,309.0,0.0,309.0,309.0,2026-04-17
David Sills V,WR,TB,310.0,0.0,310.0,310.0,2026-04-17
Zach Ertz,TE,FA,312.0,0.0,312.0,312.0,2026-04-17
Mitchell Evans,TE,CAR,313.0,0.0,313.0,313.0,2026-04-17
Tommy Tremble,TE,CAR,315.0,0.0,315.0,315.0,2026-04-17
Charlie Kolar,TE,LAC,316.0,0.0,316.0,316.0,2026-04-17
Max Klare,TE,FA,319.0,0.0,319.0,319.0,2026-04-17
Zay Jones,WR,FA,321.0,0.0,321.0,321.0,2026-04-17
Jimmy Horn Jr.,WR,CAR,324.0,0.0,324.0,324.0,2026-04-17
Demarcus Robinson,WR,SF,325.0,0.0,325.0,325.0,2026-04-17
Jackson Hawes,TE,BUF,326.0,0.0,326.0,326.0,2026-04-17
Dyami Brown,WR,WAS,327.0,0.0,327.0,327.0,2026-04-17
Austin Hooper,TE,ATL,328.0,0.0,328.0,328.0,2026-04-17
Jeremy Ruckert,TE,NYJ,332.0,0.0,332.0,332.0,2026-04-17
Elijah Higgins,TE,ARI,333.0,0.0,333.0,333.0,2026-04-17
Josh Allen,QB,BUF,1.19,0.39,1.0,2.0,2026-04-10
Lamar Jackson,QB,BAL,3.25,3.34,1.0,16.0,2026-04-10
Drake Maye,QB,NE,3.38,1.54,2.0,8.0,2026-04-10
Joe Burrow,QB,CIN,4.94,1.48,3.0,8.0,2026-04-10
Jayden Daniels,QB,WAS,6.0,3.43,4.0,18.0,2026-04-10
Jalen Hurts,QB,PHI,6.63,2.8,3.0,16.0,2026-04-10
Ja'Marr Chase,WR,CIN,7.31,2.28,6.0,12.0,2026-04-10
Puka Nacua,WR,LAR,9.81,2.21,6.0,12.0,2026-04-10
Bijan Robinson,RB,ATL,10.19,0.73,10.0,13.0,2026-04-10
Jaxon Smith-Njigba,WR,SEA,12.0,0.61,11.0,14.0,2026-04-10
Jaxson Dart,QB,NYG,12.31,6.01,7.0,29.0,2026-04-10
Jahmyr Gibbs,RB,DET,12.81,0.73,10.0,13.0,2026-04-10
Caleb Williams,QB,CHI,13.25,5.25,7.0,26.0,2026-04-10
Justin Herbert,QB,LAC,14.69,7.51,8.0,32.0,2026-04-10
Justin Jefferson,WR,MIN,17.38,3.76,12.0,23.0,2026-04-10
CeeDee Lamb,WR,DAL,17.5,3.61,14.0,23.0,2026-04-10
Trevor Lawrence,QB,JAC,18.31,6.19,8.0,29.0,2026-04-10
Dak Prescott,QB,DAL,18.31,4.88,8.0,26.0,2026-04-10
Christian McCaffrey,RB,SF,19.31,7.74,15.0,46.0,2026-04-10
Amon-Ra St. Brown,WR,DET,20.5,0.5,20.0,21.0,2026-04-10
Brock Purdy,QB,SF,20.75,4.68,16.0,30.0,2026-04-10
Patrick Mahomes II,QB,KC,22.31,5.49,16.0,30.0,2026-04-10
Jonathan Taylor,RB,IND,22.94,7.89,15.0,48.0,2026-04-10
Malik Nabers,WR,NYG,25.06,3.63,21.0,34.0,2026-04-10
Drake London,WR,ATL,26.56,6.12,21.0,45.0,2026-04-10
Bo Nix,QB,DEN,27.94,5.53,19.0,38.0,2026-04-10
Nico Collins,WR,HOU,28.88,3.69,23.0,36.0,2026-04-10
Chris Olave,WR,NO,29.88,5.61,23.0,45.0,2026-04-10
Matthew Stafford,QB,LAR,30.75,7.51,17.0,50.0,2026-04-10
De'Von Achane,RB,MIA,32.0,9.58,15.0,48.0,2026-04-10
James Cook III,RB,BUF,32.5,6.69,17.0,40.0,2026-04-10
George Pickens,WR,DAL,32.5,4.65,24.0,43.0,2026-04-10
Trey McBride,TE,ARI,32.5,3.12,31.0,39.0,2026-04-10
Ashton Jeanty,RB,LV,33.56,8.55,23.0,54.0,2026-04-10
Rashee Rice,WR,KC,36.0,13.01,21.0,68.0,2026-04-10
Brock Bowers,TE,LV,37.5,3.12,31.0,39.0,2026-04-10
A.J. Brown,WR,PHI,38.5,6.74,27.0,52.0,2026-04-10
Jordan Love,QB,GB,39.69,9.31,29.0,56.0,2026-04-10
Jared Goff,QB,DET,39.75,10.02,12.0,60.0,2026-04-10
Omarion Hampton,RB,LAC,40.69,4.54,33.0,48.0,2026-04-10
Tetairoa McMillan,WR,CAR,42.63,5.54,34.0,55.0,2026-04-10
Marcus Mariota,QB,WAS,43.0,0.0,43.0,43.0,2026-04-10
Chase Brown,RB,CIN,43.19,5.66,33.0,57.0,2026-04-10
Saquon Barkley,RB,PHI,43.81,5.79,33.0,54.0,2026-04-10
Tee Higgins,WR,CIN,46.0,7.23,35.0,62.0,2026-04-10
Garrett Wilson,WR,NYJ,46.5,5.95,36.0,59.0,2026-04-10
Kenneth Walker III,RB,KC,48.25,9.05,37.0,71.0,2026-04-10
Malik Willis,QB,MIA,48.44,16.59,30.0,87.0,2026-04-10
Tyler Shough,QB,NO,48.63,11.14,20.0,66.0,2026-04-10
Kyler Murray,QB,MIN,51.13,19.41,24.0,102.0,2026-04-10
Zay Flowers,WR,BAL,51.69,9.9,36.0,68.0,2026-04-10
Baker Mayfield,QB,TB,51.81,7.63,41.0,66.0,2026-04-10
Josh Jacobs,RB,GB,52.38,6.3,40.0,65.0,2026-04-10
Ladd McConkey,WR,LAC,53.19,4.48,44.0,63.0,2026-04-10
Luther Burden III,WR,CHI,59.0,8.26,44.0,75.0,2026-04-10
Davante Adams,WR,LAR,59.13,9.35,44.0,76.0,2026-04-10
Jeremiyah Love,RB,FA,59.5,10.17,40.0,73.0,2026-04-10
DeVonta Smith,WR,PHI,59.69,8.86,44.0,72.0,2026-04-10
C.J. Stroud,QB,HOU,60.13,7.65,41.0,70.0,2026-04-10
Breece Hall,RB,NYJ,61.19,8.11,48.0,77.0,2026-04-10
Derrick Henry,RB,BAL,61.81,5.55,49.0,71.0,2026-04-10
Bucky Irving,RB,TB,63.38,12.17,42.0,85.0,2026-04-10
Colston Loveland,TE,CHI,63.81,17.08,47.0,86.0,2026-04-10
Jaylen Waddle,WR,DEN,63.94,7.88,53.0,82.0,2026-04-10
Mike Evans,WR,SF,64.5,9.27,45.0,73.0,2026-04-10
Terry McLaurin,WR,WAS,64.69,8.95,51.0,82.0,2026-04-10
Kyren Williams,RB,LAR,65.31,6.27,49.0,77.0,2026-04-10
Jameson Williams,WR,DET,65.31,9.06,56.0,90.0,2026-04-10
Travis Etienne Jr.,RB,NO,67.88,10.02,51.0,79.0,2026-04-10
Javonte Williams,RB,DAL,68.0,9.39,49.0,85.0,2026-04-10
Sam Darnold,QB,SEA,68.38,21.02,41.0,142.0,2026-04-10
Emeka Egbuka,WR,TB,70.25,7.96,57.0,84.0,2026-04-10
Bryce Young,QB,CAR,71.38,8.75,56.0,87.0,2026-04-10
Cam Ward,QB,TEN,75.31,21.22,64.0,154.0,2026-04-10
TreVeyon Henderson,RB,NE,77.19,10.13,57.0,97.0,2026-04-10
Christian Watson,WR,GB,79.31,11.54,68.0,107.0,2026-04-10
Tyler Warren,TE,IND,79.81,12.92,47.0,93.0,2026-04-10
Courtland Sutton,WR,DEN,80.75,7.68,72.0,96.0,2026-04-10
DJ Moore,WR,BUF,81.31,19.73,53.0,128.0,2026-04-10
Harold Fannin Jr.,TE,CLE,81.63,19.53,47.0,113.0,2026-04-10
Cam Skattebo,RB,NYG,82.44,9.29,74.0,105.0,2026-04-10
Rome Odunze,WR,CHI,82.75,16.07,53.0,110.0,2026-04-10
RJ Harvey,RB,DEN,83.19,10.64,65.0,102.0,2026-04-10
Daniel Jones,QB,IND,85.06,24.6,55.0,167.0,2026-04-10
D'Andre Swift,RB,CHI,85.63,6.99,67.0,95.0,2026-04-10
Quinshon Judkins,RB,CLE,86.63,6.78,73.0,98.0,2026-04-10
DK Metcalf,WR,PIT,87.19,9.08,72.0,109.0,2026-04-10
Chris Godwin Jr.,WR,TB,87.75,7.46,73.0,100.0,2026-04-10
David Montgomery,RB,HOU,88.63,13.59,71.0,131.0,2026-04-10
Tucker Kraft,TE,GB,90.69,9.92,78.0,114.0,2026-04-10
Jakobi Meyers,WR,JAC,92.31,9.14,80.0,110.0,2026-04-10
Marvin Harrison Jr.,WR,ARI,92.94,11.69,72.0,122.0,2026-04-10
Bhayshul Tuten,RB,JAC,94.38,14.48,75.0,131.0,2026-04-10
Jacoby Brissett,QB,ARI,94.56,31.28,55.0,166.0,2026-04-10
Ricky Pearsall,WR,SF,94.88,8.29,80.0,109.0,2026-04-10
Jaylen Warren,RB,PIT,97.25,7.09,85.0,116.0,2026-04-10
Brian Thomas Jr.,WR,JAC,97.69,10.41,75.0,114.0,2026-04-10
Alec Pierce,WR,IND,98.81,15.38,63.0,117.0,2026-04-10
Wan'Dale Robinson,WR,TEN,98.81,14.73,73.0,117.0,2026-04-10
Sam LaPorta,TE,DET,101.44,4.77,93.0,106.0,2026-04-10
Rico Dowdle,RB,PIT,101.5,5.98,91.0,118.0,2026-04-10
Michael Wilson,WR,ARI,102.13,12.57,80.0,125.0,2026-04-10
Michael Pittman Jr.,WR,PIT,102.56,6.8,88.0,112.0,2026-04-10
Makai Lemon,WR,FA,103.5,9.45,91.0,117.0,2026-04-10
Chuba Hubbard,RB,CAR,104.13,15.31,81.0,132.0,2026-04-10
Kyle Pitts Sr.,TE,ATL,104.38,5.72,87.0,113.0,2026-04-10
Kyle Monangai,RB,CHI,105.44,7.76,97.0,123.0,2026-04-10
Rhamondre Stevenson,RB,NE,105.63,9.71,94.0,120.0,2026-04-10
Fernando Mendoza,QB,FA,105.73,36.24,64.0,176.0,2026-04-10
Tony Pollard,RB,TEN,108.0,11.26,91.0,131.0,2026-04-10
Carnell Tate,WR,FA,109.75,4.15,103.0,114.0,2026-04-10
Michael Penix Jr.,QB,ATL,109.92,34.12,76.0,177.0,2026-04-10
Jordan Addison,WR,MIN,110.63,5.43,101.0,122.0,2026-04-10
J.J. McCarthy,QB,MIN,111.2,40.83,70.0,182.0,2026-04-10
Parker Washington,WR,JAC,115.81,13.71,92.0,144.0,2026-04-10
Deshaun Watson,QB,CLE,117.0,42.43,87.0,177.0,2026-04-10
Aaron Jones Sr.,RB,MIN,118.56,6.95,108.0,132.0,2026-04-10
Jake Ferguson,TE,DAL,118.75,5.71,113.0,128.0,2026-04-10
Blake Corum,RB,LAR,120.25,11.13,104.0,141.0,2026-04-10
Tyler Allgeier,RB,ARI,121.88,16.93,98.0,152.0,2026-04-10
Shedeur Sanders,QB,CLE,121.92,36.26,83.0,182.0,2026-04-10
Khalil Shakir,WR,BUF,121.94,7.16,112.0,139.0,2026-04-10
Quentin Johnston,WR,LAC,123.81,10.67,101.0,142.0,2026-04-10
Oronde Gadsden II,TE,LAC,124.06,10.15,114.0,157.0,2026-04-10
Dalton Kincaid,TE,BUF,125.06,16.3,113.0,161.0,2026-04-10
Kenneth Gainwell,RB,TB,126.13,13.29,103.0,141.0,2026-04-10
Juwan Johnson,TE,NO,126.19,6.39,115.0,136.0,2026-04-10
Aaron Rodgers,QB,FA,127.0,40.95,60.0,182.0,2026-04-10
Josh Downs,WR,IND,127.06,10.45,107.0,144.0,2026-04-10
James Conner,RB,ARI,127.13,16.84,103.0,163.0,2026-04-10
Jayden Reed,WR,GB,129.06,7.45,116.0,140.0,2026-04-10
Zach Charbonnet,RB,SEA,129.13,18.3,95.0,179.0,2026-04-10
Stefon Diggs,WR,FA,130.44,40.77,89.0,263.0,2026-04-10
Jayden Higgins,WR,HOU,130.5,6.29,121.0,146.0,2026-04-10
Woody Marks,RB,HOU,130.94,18.54,103.0,169.0,2026-04-10
J.K. Dobbins,RB,DEN,131.63,24.07,96.0,162.0,2026-04-10
Kirk Cousins,QB,LV,134.0,63.66,44.0,181.0,2026-04-10
Brenton Strange,TE,JAC,134.19,16.21,113.0,174.0,2026-04-10
Jauan Jennings,WR,FA,134.25,11.8,114.0,160.0,2026-04-10
Travis Kelce,TE,KC,134.44,20.99,106.0,183.0,2026-04-10
Xavier Worthy,WR,KC,135.5,5.2,123.0,146.0,2026-04-10
Alvin Kamara,RB,NO,136.56,13.5,108.0,166.0,2026-04-10
Romeo Doubs,WR,NE,139.63,26.05,106.0,175.0,2026-04-10
Dylan Sampson,RB,CLE,139.69,8.91,126.0,158.0,2026-04-10
Tyreek Hill,WR,FA,141.19,14.69,114.0,165.0,2026-04-10
Tua Tagovailoa,QB,ATL,142.14,18.82,118.0,177.0,2026-04-10
Jacory Croskey-Merritt,RB,WAS,143.0,5.04,132.0,152.0,2026-04-10
Rachaad White,RB,WAS,143.38,18.67,106.0,172.0,2026-04-10
Isaiah Likely,TE,NYG,144.75,19.94,111.0,189.0,2026-04-10
Deebo Samuel Sr.,WR,FA,145.44,12.68,129.0,173.0,2026-04-10
Mac Jones,QB,SF,146.0,26.09,118.0,184.0,2026-04-10
Geno Smith,QB,NYJ,146.36,40.1,94.0,184.0,2026-04-10
George Kittle,TE,SF,146.38,32.37,47.0,197.0,2026-04-10
Tyjae Spears,RB,TEN,146.81,8.88,130.0,159.0,2026-04-10
Jalen Coker,WR,CAR,147.5,8.94,129.0,167.0,2026-04-10
Jordan Mason,RB,MIN,149.06,9.03,131.0,159.0,2026-04-10
Dalton Schultz,TE,HOU,149.06,10.33,134.0,177.0,2026-04-10
Trey Benson,RB,ARI,149.88,18.65,119.0,176.0,2026-04-10
Tyrone Tracy Jr.,RB,NYG,150.38,8.56,138.0,172.0,2026-04-10
Travis Hunter,WR,JAC,151.44,27.12,101.0,187.0,2026-04-10
Jerry Jeudy,WR,CLE,151.69,8.42,139.0,167.0,2026-04-10
Dallas Goedert,TE,PHI,153.94,11.6,139.0,183.0,2026-04-10
Jordyn Tyson,WR,FA,154.73,37.35,111.0,222.0,2026-04-10
Adonai Mitchell,WR,NYJ,156.75,8.18,146.0,170.0,2026-04-10
Matthew Golden,WR,GB,157.56,18.02,110.0,175.0,2026-04-10
Hunter Henry,TE,NE,158.19,9.08,136.0,165.0,2026-04-10
Isiah Pacheco,RB,DET,158.19,6.49,143.0,168.0,2026-04-10
Braelon Allen,RB,NYJ,159.0,13.84,138.0,200.0,2026-04-10
Rashid Shaheed,WR,SEA,159.69,8.61,149.0,175.0,2026-04-10
Troy Franklin,WR,DEN,164.38,15.77,146.0,200.0,2026-04-10
Jadarian Price,RB,FA,165.85,36.36,131.0,259.0,2026-04-10
Ty Simpson,QB,FA,166.33,18.73,140.0,182.0,2026-04-10
Chimere Dike,WR,TEN,167.75,12.7,149.0,200.0,2026-04-10
Mark Andrews,TE,BAL,169.06,9.97,142.0,183.0,2026-04-10
Tre Harris,WR,LAC,169.81,13.89,151.0,210.0,2026-04-10
Emmett Johnson,RB,FA,170.42,32.05,143.0,267.0,2026-04-10
Kayshon Boutte,WR,NE,172.44,11.2,149.0,191.0,2026-04-10
Tank Bigsby,RB,PHI,172.69,14.74,154.0,211.0,2026-04-10
Jalen McMillan,WR,TB,173.5,16.0,137.0,193.0,2026-04-10
Jaylin Noel,WR,HOU,173.81,9.45,148.0,188.0,2026-04-10
Keaton Mitchell,RB,LAC,174.88,15.73,156.0,226.0,2026-04-10
Elic Ayomanor,WR,TEN,178.63,11.74,151.0,199.0,2026-04-10
Anthony Richardson Sr.,QB,IND,179.4,3.01,177.0,184.0,2026-04-10
Pat Bryant,WR,DEN,181.44,6.56,171.0,195.0,2026-04-10
Brandon Aiyuk,WR,SF,181.75,18.96,157.0,218.0,2026-04-10
Jonah Coleman,RB,FA,182.15,36.78,129.0,243.0,2026-04-10
Joe Milton III,QB,DAL,182.4,0.8,182.0,184.0,2026-04-10
Brian Robinson Jr.,RB,ATL,182.75,15.52,153.0,211.0,2026-04-10
Emanuel Wilson,RB,SEA,182.93,19.55,134.0,208.0,2026-04-10
Chris Rodriguez Jr.,RB,JAC,183.69,27.45,141.0,220.0,2026-04-10
Justin Fields,QB,KC,184.0,0.0,184.0,184.0,2026-04-10
Riley Leonard,QB,IND,184.0,0.0,184.0,184.0,2026-04-10
Garrett Nussmeier,QB,FA,184.0,0.0,184.0,184.0,2026-04-10
Kimani Vidal,RB,LAC,184.0,22.62,163.0,237.0,2026-04-10
Denzel Boston,WR,FA,184.5,25.72,131.0,236.0,2026-04-10
K.C. Concepcion,WR,FA,185.42,23.73,138.0,219.0,2026-04-10
Jonathon Brooks,RB,CAR,185.75,25.91,137.0,225.0,2026-04-10
T.J. Hockenson,TE,MIN,186.56,9.42,157.0,197.0,2026-04-10
Tre Tucker,WR,LV,188.44,7.01,180.0,204.0,2026-04-10
AJ Barner,TE,SEA,189.13,15.43,142.0,210.0,2026-04-10
Devin Neal,RB,NO,192.81,30.64,166.0,252.0,2026-04-10
Darnell Mooney,WR,NYG,193.13,12.83,169.0,236.0,2026-04-10
Ryan Flournoy,WR,DAL,194.69,11.28,181.0,229.0,2026-04-10
Mason Taylor,TE,NYJ,195.06,14.25,148.0,206.0,2026-04-10
Calvin Ridley,WR,TEN,195.94,12.87,171.0,222.0,2026-04-10
Marvin Mims Jr.,WR,DEN,196.38,5.76,188.0,213.0,2026-04-10
Isaac TeSlaa,WR,DET,197.56,4.09,189.0,207.0,2026-04-10
Mike Washington Jr.,RB,FA,197.92,40.62,155.0,281.0,2026-04-10
Omar Cooper Jr.,WR,FA,199.36,33.15,140.0,260.0,2026-04-10
Rashod Bateman,WR,BAL,201.81,10.64,191.0,231.0,2026-04-10
Jordan Whittington,WR,LAR,203.0,0.0,203.0,203.0,2026-04-10
Jaylen Wright,RB,MIA,203.19,15.77,163.0,242.0,2026-04-10
Mack Hollins,WR,NE,203.56,14.79,190.0,241.0,2026-04-10
DeAndre Hopkins,WR,BAL,205.0,0.0,205.0,205.0,2026-04-10
Chig Okonkwo,TE,WAS,205.44,16.85,172.0,223.0,2026-04-10
Dontayvion Wicks,WR,GB,205.75,11.39,186.0,233.0,2026-04-10
Keon Coleman,WR,BUF,206.06,17.98,186.0,245.0,2026-04-10
Kyle Williams,WR,NE,206.06,7.96,196.0,227.0,2026-04-10
Xavier Legette,WR,CAR,206.31,11.43,193.0,243.0,2026-04-10
Sean Tucker,RB,TB,207.0,16.78,187.0,252.0,2026-04-10
Theo Johnson,TE,NYG,208.25,22.76,174.0,256.0,2026-04-10
Ray Davis,RB,BUF,208.44,11.67,186.0,232.0,2026-04-10
Isaiah Davis,RB,NYJ,210.38,17.87,185.0,243.0,2026-04-10
Greg Dulcich,TE,MIA,210.5,39.26,144.0,246.0,2026-04-10
Kaleb Johnson,RB,PIT,210.56,38.57,162.0,277.0,2026-04-10
Najee Harris,RB,LAC,212.8,12.86,187.0,244.0,2026-04-10
Cooper Kupp,WR,SEA,212.88,20.27,188.0,282.0,2026-04-10
Terrance Ferguson,TE,LAR,213.44,15.75,194.0,252.0,2026-04-10
Gunnar Helm,TE,TEN,214.13,9.0,197.0,233.0,2026-04-10
Keenan Allen,WR,LAC,214.69,12.28,198.0,241.0,2026-04-10
Kendre Miller,RB,NO,214.88,29.5,176.0,265.0,2026-04-10
Brashard Smith,RB,KC,216.13,15.52,180.0,249.0,2026-04-10
David Njoku,TE,FA,217.13,9.72,194.0,237.0,2026-04-10
Jerome Ford,RB,WAS,217.2,26.29,172.0,261.0,2026-04-10
Nick Westbrook-Ikhine,WR,IND,219.0,0.0,219.0,219.0,2026-04-10
Darius Slayton,WR,NYG,219.25,11.61,204.0,247.0,2026-04-10
Kenyon Sadiq,TE,FA,219.6,26.48,189.0,250.0,2026-04-10
Tory Horton,WR,SEA,220.0,7.64,207.0,244.0,2026-04-10
Eli Heidenreich,RB,FA,220.0,0.0,220.0,220.0,2026-04-10
Ollie Gordon II,RB,MIA,220.06,9.6,201.0,238.0,2026-04-10
Joe Mixon,RB,FA,221.67,34.97,162.0,283.0,2026-04-10
Jahan Dotson,WR,ATL,225.0,59.62,160.0,304.0,2026-04-10
Kaytron Allen,RB,FA,225.31,34.18,182.0,279.0,2026-04-10
Cade Otton,TE,TB,225.75,10.26,195.0,233.0,2026-04-10
Antonio Williams,WR,FA,226.0,8.0,218.0,234.0,2026-04-10
Tank Dell,WR,HOU,227.06,10.26,209.0,255.0,2026-04-10
Nicholas Singleton,RB,FA,227.42,29.47,180.0,276.0,2026-04-10
Daniel Bellinger,TE,TEN,228.0,0.0,228.0,228.0,2026-04-10
Jack Bech,WR,LV,228.87,12.45,201.0,251.0,2026-04-10
Jalen Royals,WR,KC,228.91,19.36,178.0,260.0,2026-04-10
Ty Johnson,RB,BUF,229.31,12.11,210.0,257.0,2026-04-10
Jalen Tolbert,WR,MIA,229.5,39.5,190.0,269.0,2026-04-10
Evan Engram,TE,DEN,230.44,4.36,227.0,245.0,2026-04-10
Chris Brazzell II,WR,FA,230.44,19.47,193.0,264.0,2026-04-10
Devaughn Vele,WR,NO,230.63,19.91,171.0,253.0,2026-04-10
Colby Parkinson,TE,LAR,230.75,7.93,212.0,250.0,2026-04-10
Andrei Iosivas,WR,CIN,230.93,15.24,207.0,257.0,2026-04-10
Jalen Nailor,WR,LV,231.08,36.32,179.0,268.0,2026-04-10
Pat Freiermuth,TE,PIT,231.69,7.98,209.0,249.0,2026-04-10
Isaiah Bond,WR,CLE,232.2,16.79,210.0,271.0,2026-04-10
Roman Wilson,WR,PIT,236.0,0.0,236.0,236.0,2026-04-10
Konata Mumpfield,WR,LAR,237.23,15.53,210.0,258.0,2026-04-10
LeQuint Allen Jr.,RB,JAC,239.56,19.5,208.0,287.0,2026-04-10
Elijah Sarratt,WR,FA,240.0,20.32,200.0,268.0,2026-04-10
George Holani,RB,SEA,241.31,23.45,203.0,273.0,2026-04-10
Christian Kirk,WR,SF,241.38,16.24,227.0,302.0,2026-04-10
Le'Veon Moss,RB,FA,242.0,12.03,229.0,258.0,2026-04-10
Jeremy McNichols,RB,WAS,243.0,0.0,243.0,243.0,2026-04-10
Jaleel McLaughlin,RB,DEN,244.07,18.7,220.0,290.0,2026-04-10
Greg Dortch,WR,DET,245.0,0.0,245.0,245.0,2026-04-10
Malik Washington,WR,MIA,245.33,25.72,180.0,279.0,2026-04-10
Mike Gesicki,TE,CIN,245.36,11.11,216.0,261.0,2026-04-10
Chris Brooks,RB,GB,245.63,21.06,196.0,291.0,2026-04-10
Isaac Guerendo,RB,SF,245.73,19.38,224.0,300.0,2026-04-10
J'Mari Taylor,RB,FA,246.67,17.56,225.0,268.0,2026-04-10
Adam Randall,RB,FA,247.75,24.93,214.0,281.0,2026-04-10
Eli Stowers,TE,FA,247.8,12.71,224.0,275.0,2026-04-10
Cedric Tillman,WR,CLE,248.13,11.13,220.0,260.0,2026-04-10
Jake Tonges,TE,SF,248.25,28.77,218.0,317.0,2026-04-10
Bam Knight,RB,ARI,248.55,16.82,226.0,270.0,2026-04-10
Tyquan Thornton,WR,KC,249.07,11.16,225.0,266.0,2026-04-10
Calvin Austin III,WR,NYG,249.57,11.96,236.0,271.0,2026-04-10
Seth McGowan,RB,FA,249.75,21.98,222.0,282.0,2026-04-10
Malachi Fields,WR,FA,249.75,8.66,237.0,265.0,2026-04-10
Noah Gray,TE,KC,250.22,18.16,230.0,277.0,2026-04-10
Hollywood Brown,WR,PHI,250.31,11.55,236.0,285.0,2026-04-10
Jaydon Blue,RB,DAL,251.13,22.09,210.0,283.0,2026-04-10
Malik Davis,RB,DAL,251.8,12.21,232.0,277.0,2026-04-10
Kendrick Bourne,WR,ARI,253.0,0.0,253.0,253.0,2026-04-10
Audric Estime,RB,NO,253.15,13.32,232.0,274.0,2026-04-10
Justice Hill,RB,BAL,253.4,19.96,212.0,290.0,2026-04-10
Demond Claiborne,RB,FA,255.0,17.64,223.0,281.0,2026-04-10
Tommy Myers,TE,FA,255.4,6.44,246.0,262.0,2026-04-10
Noah Fant,TE,NO,256.0,1.0,255.0,257.0,2026-04-10
Ted Hurst,WR,FA,256.0,10.0,246.0,266.0,2026-04-10
John Bates,TE,WAS,256.0,28.68,227.0,310.0,2026-04-10
Jam Miller,RB,FA,256.0,0.0,256.0,256.0,2026-04-10
Dont'e Thornton Jr.,WR,LV,256.7,20.25,240.0,305.0,2026-04-10
Darren Waller,TE,FA,256.8,14.62,240.0,278.0,2026-04-10
Zachariah Branch,WR,FA,256.9,20.86,222.0,301.0,2026-04-10
DJ Giddens,RB,IND,256.93,18.63,216.0,299.0,2026-04-10
Tez Johnson,WR,TB,257.1,19.47,234.0,308.0,2026-04-10
Elijah Arroyo,TE,SEA,257.4,20.26,232.0,283.0,2026-04-10
Noah Brown,WR,FA,258.0,0.0,258.0,258.0,2026-04-10
Skyler Bell,WR,FA,258.5,10.5,248.0,269.0,2026-04-10
Luke McCaffrey,WR,WAS,258.64,20.7,242.0,329.0,2026-04-10
Olamide Zaccheaus,WR,ATL,259.63,19.84,231.0,307.0,2026-04-10
Devin Singletary,RB,NYG,260.47,10.18,243.0,284.0,2026-04-10
Germie Bernard,WR,FA,261.0,26.75,212.0,318.0,2026-04-10
Ja'Kobi Lane,WR,FA,261.5,1.5,260.0,263.0,2026-04-10
Darnell Washington,TE,PIT,262.0,37.11,221.0,300.0,2026-04-10
Kalif Raymond,WR,CHI,262.25,41.6,210.0,325.0,2026-04-10
Mitch Tinsley,WR,CIN,263.0,0.0,263.0,263.0,2026-04-10
Chris Bell,WR,FA,264.0,35.4,206.0,317.0,2026-04-10
DeMario Douglas,WR,NE,264.63,19.08,241.0,308.0,2026-04-10
Arian Smith,WR,NYJ,265.0,0.0,265.0,265.0,2026-04-10
Kaelon Black,RB,FA,265.0,0.0,265.0,265.0,2026-04-10
MarShawn Lloyd,RB,GB,265.4,9.88,238.0,276.0,2026-04-10
Treylon Burks,WR,WAS,266.0,0.0,266.0,266.0,2026-04-10
Jaylin Lane,WR,WAS,266.0,5.48,262.0,278.0,2026-04-10
Samaje Perine,RB,CIN,266.38,18.45,216.0,301.0,2026-04-10
Joshua Palmer,WR,BUF,266.43,17.48,253.0,305.0,2026-04-10
John Metchie III,WR,CAR,267.0,23.58,253.0,322.0,2026-04-10
Trevor Etienne,RB,CAR,267.0,9.35,252.0,288.0,2026-04-10
Bryce Lance,WR,FA,267.0,0.0,267.0,267.0,2026-04-10
Emari Demercado,RB,KC,267.86,10.97,231.0,276.0,2026-04-10
Ben Sinnott,TE,WAS,268.6,31.13,232.0,323.0,2026-04-10
Jarquez Hunter,RB,LAR,269.0,14.32,251.0,314.0,2026-04-10
Xavier Hutchinson,WR,HOU,271.14,14.87,261.0,302.0,2026-04-10
Jared Wiley,TE,KC,272.0,0.0,272.0,272.0,2026-04-10
Will Shipley,RB,PHI,272.43,13.64,259.0,319.0,2026-04-10
Jordan James,RB,SF,272.5,33.39,199.0,334.0,2026-04-10
Tutu Atwell,WR,MIA,272.67,44.5,218.0,327.0,2026-04-10
KaVontae Turpin,WR,DAL,274.0,0.0,274.0,274.0,2026-04-10
Kareem Hunt,RB,FA,274.43,12.97,256.0,315.0,2026-04-10
Michael Carter,RB,TEN,275.08,7.83,264.0,297.0,2026-04-10
Ty Chandler,RB,NO,276.0,0.0,276.0,276.0,2026-04-10
Michael Mayer,TE,LV,277.25,37.07,229.0,331.0,2026-04-10
Tahj Brooks,RB,CIN,278.33,11.26,259.0,311.0,2026-04-10
Antonio Gibson,RB,FA,279.2,1.47,277.0,281.0,2026-04-10
Austin Ekeler,RB,FA,279.63,15.52,270.0,320.0,2026-04-10
Nick Chubb,RB,FA,280.31,10.03,273.0,314.0,2026-04-10
Jawhar Jordan,RB,HOU,282.0,5.83,276.0,293.0,2026-04-10
Tyler Higbee,TE,LAR,283.5,34.75,231.0,320.0,2026-04-10
Miles Sanders,RB,FA,284.0,0.0,284.0,284.0,2026-04-10
Tyler Goodson,RB,ATL,287.0,0.0,287.0,287.0,2026-04-10
Raheim Sanders,RB,CLE,288.8,16.19,278.0,321.0,2026-04-10
Terrell Jennings,RB,NE,290.4,23.85,276.0,338.0,2026-04-10
Luke Musgrave,TE,GB,290.5,15.5,275.0,306.0,2026-04-10
Dameon Pierce,RB,PHI,291.0,23.01,279.0,337.0,2026-04-10
Tyler Badie,RB,DEN,291.0,42.0,249.0,333.0,2026-04-10
Roschon Johnson,RB,CHI,291.0,0.0,291.0,291.0,2026-04-10
Deion Burks,WR,FA,292.0,0.0,292.0,292.0,2026-04-10
Reggie Virgil,WR,FA,294.0,0.0,294.0,294.0,2026-04-10
JuJu Smith-Schuster,WR,FA,295.0,0.0,295.0,295.0,2026-04-10
Jaydn Ott,RB,FA,296.0,0.0,296.0,296.0,2026-04-10
Tyrell Shavers,WR,BUF,297.0,0.0,297.0,297.0,2026-04-10
Brenen Thompson,WR,FA,298.0,0.0,298.0,298.0,2026-04-10
Ja'Tavion Sanders,TE,CAR,299.0,4.0,295.0,303.0,2026-04-10
Kevin Coleman Jr.,WR,FA,299.0,0.0,299.0,299.0,2026-04-10
Jonnu Smith,TE,FA,302.0,16.0,286.0,318.0,2026-04-10
Cole Kmet,TE,CHI,306.0,3.0,303.0,309.0,2026-04-10
Dawson Knox,TE,BUF,307.67,23.98,276.0,334.0,2026-04-10
David Sills V,WR,TB,310.0,0.0,310.0,310.0,2026-04-10
Savion Williams,WR,GB,311.0,0.0,311.0,311.0,2026-04-10
Mitchell Evans,TE,CAR,313.0,0.0,313.0,313.0,2026-04-10
Tommy Tremble,TE,CAR,315.0,0.0,315.0,315.0,2026-04-10
Max Klare,TE,FA,315.5,3.5,312.0,319.0,2026-04-10
Charlie Kolar,TE,LAC,316.0,0.0,316.0,316.0,2026-04-10
Michael Trigg,TE,FA,317.5,11.5,306.0,329.0,2026-04-10
Zay Jones,WR,FA,321.0,0.0,321.0,321.0,2026-04-10
Sam Roush,TE,FA,322.0,0.0,322.0,322.0,2026-04-10
Josh Cameron,WR,FA,323.0,0.0,323.0,323.0,2026-04-10
Zach Ertz,TE,FA,324.0,12.0,312.0,336.0,2026-04-10
Jimmy Horn Jr.,WR,CAR,324.0,0.0,324.0,324.0,2026-04-10
Robert Henry Jr.,RB,FA,324.0,0.0,324.0,324.0,2026-04-10
Elijah Higgins,TE,ARI,324.5,8.5,316.0,333.0,2026-04-10
Demarcus Robinson,WR,SF,325.0,0.0,325.0,325.0,2026-04-10
Jackson Hawes,TE,BUF,326.0,0.0,326.0,326.0,2026-04-10
Justin Joly,TE,FA,326.0,0.0,326.0,326.0,2026-04-10
Dyami Brown,WR,WAS,327.0,0.0,327.0,327.0,2026-04-10
Austin Hooper,TE,ATL,328.0,0.0,328.0,328.0,2026-04-10
Thomas Fidone II,TE,NYG,328.0,0.0,328.0,328.0,2026-04-10
Desmond Reid,RB,FA,330.0,0.0,330.0,330.0,2026-04-10
Jack Endries,TE,FA,331.0,0.0,331.0,331.0,2026-04-10
Jeremy Ruckert,TE,NYJ,332.0,0.0,332.0,332.0,2026-04-10
Roman Hemby,RB,FA,332.0,0.0,332.0,332.0,2026-04-10
Tanner Koziol,TE,FA,335.0,0.0,335.0,335.0,2026-04-10
Taysom Hill,TE,FA,339.0,0.0,339.0,339.0,2026-04-10
Josh Allen,QB,BUF,1.17,0.37,1.0,2.0,2026-04-03
Lamar Jackson,QB,BAL,3.28,3.14,1.0,16.0,2026-04-03
Drake Maye,QB,NE,3.28,1.52,2.0,8.0,2026-04-03
Joe Burrow,QB,CIN,4.72,1.56,2.0,8.0,2026-04-03
Jayden Daniels,QB,WAS,5.89,3.25,4.0,18.0,2026-04-03
Jalen Hurts,QB,PHI,6.72,2.66,3.0,16.0,2026-04-03
Ja'Marr Chase,WR,CIN,8.28,2.56,6.0,12.0,2026-04-03
Puka Nacua,WR,LAR,8.78,2.48,6.0,11.0,2026-04-03
Bijan Robinson,RB,ATL,10.17,0.69,10.0,13.0,2026-04-03
Jaxson Dart,QB,NYG,11.78,5.86,7.0,29.0,2026-04-03
Jaxon Smith-Njigba,WR,SEA,12.06,0.52,11.0,14.0,2026-04-03
Jahmyr Gibbs,RB,DET,12.83,0.69,10.0,13.0,2026-04-03
Justin Herbert,QB,LAC,14.11,7.33,8.0,32.0,2026-04-03
Caleb Williams,QB,CHI,14.17,5.79,7.0,26.0,2026-04-03
CeeDee Lamb,WR,DAL,16.39,3.47,14.0,23.0,2026-04-03
Trevor Lawrence,QB,JAC,18.11,5.87,8.0,29.0,2026-04-03
Dak Prescott,QB,DAL,18.11,4.63,8.0,26.0,2026-04-03
Christian McCaffrey,RB,SF,18.83,7.43,15.0,46.0,2026-04-03
Justin Jefferson,WR,MIN,19.11,3.6,12.0,23.0,2026-04-03
Amon-Ra St. Brown,WR,DET,20.06,1.54,14.0,21.0,2026-04-03
Brock Purdy,QB,SF,20.67,4.38,16.0,30.0,2026-04-03
Patrick Mahomes II,QB,KC,22.11,5.17,16.0,30.0,2026-04-03
Jonathan Taylor,RB,IND,23.0,7.46,15.0,48.0,2026-04-03
Malik Nabers,WR,NYG,24.56,3.47,21.0,34.0,2026-04-03
Drake London,WR,ATL,25.5,5.74,21.0,45.0,2026-04-03
Nico Collins,WR,HOU,28.06,3.19,23.0,35.0,2026-04-03
Bo Nix,QB,DEN,28.56,4.36,19.0,32.0,2026-04-03
Matthew Stafford,QB,LAR,30.5,7.11,17.0,50.0,2026-04-03
De'Von Achane,RB,MIA,30.56,9.07,15.0,48.0,2026-04-03
Chris Olave,WR,NO,31.61,5.5,23.0,45.0,2026-04-03
George Pickens,WR,DAL,31.78,3.71,24.0,35.0,2026-04-03
Trey McBride,TE,ARI,32.33,2.98,31.0,39.0,2026-04-03
James Cook III,RB,BUF,33.0,6.46,17.0,40.0,2026-04-03
Ashton Jeanty,RB,LV,33.89,8.2,23.0,54.0,2026-04-03
Rashee Rice,WR,KC,35.72,11.64,24.0,68.0,2026-04-03
A.J. Brown,WR,PHI,36.83,6.1,27.0,52.0,2026-04-03
Jared Goff,QB,DET,37.67,7.55,12.0,55.0,2026-04-03
Brock Bowers,TE,LV,37.67,2.98,31.0,39.0,2026-04-03
Jordan Love,QB,GB,37.89,8.76,29.0,55.0,2026-04-03
Omarion Hampton,RB,LAC,40.89,4.2,33.0,48.0,2026-04-03
Marcus Mariota,QB,WAS,43.0,0.0,43.0,43.0,2026-04-03
Chase Brown,RB,CIN,43.33,5.44,33.0,57.0,2026-04-03
Saquon Barkley,RB,PHI,43.89,5.67,33.0,54.0,2026-04-03
Tetairoa McMillan,WR,CAR,44.06,3.82,35.0,55.0,2026-04-03
Tee Higgins,WR,CIN,45.83,6.83,35.0,62.0,2026-04-03
Garrett Wilson,WR,NYJ,46.22,5.59,36.0,59.0,2026-04-03
Baker Mayfield,QB,TB,50.0,7.77,41.0,66.0,2026-04-03
Malik Willis,QB,MIA,50.22,15.54,30.0,87.0,2026-04-03
Kenneth Walker III,RB,KC,50.28,9.73,37.0,71.0,2026-04-03
Tyler Shough,QB,NO,51.17,9.64,20.0,66.0,2026-04-03
Josh Jacobs,RB,GB,51.28,6.16,40.0,65.0,2026-04-03
Zay Flowers,WR,BAL,51.78,8.52,36.0,68.0,2026-04-03
Ladd McConkey,WR,LAC,52.78,4.16,44.0,62.0,2026-04-03
Kyler Murray,QB,MIN,53.56,19.31,18.0,102.0,2026-04-03
C.J. Stroud,QB,HOU,58.06,8.03,41.0,70.0,2026-04-03
Davante Adams,WR,LAR,58.22,9.0,44.0,76.0,2026-04-03
Bucky Irving,RB,TB,59.11,12.47,42.0,85.0,2026-04-03
DeVonta Smith,WR,PHI,59.72,7.61,44.0,69.0,2026-04-03
Jeremiyah Love,RB,FA,59.82,9.95,40.0,73.0,2026-04-03
Luther Burden III,WR,CHI,59.89,8.39,44.0,75.0,2026-04-03
Derrick Henry,RB,BAL,60.61,5.05,49.0,67.0,2026-04-03
Breece Hall,RB,NYJ,61.5,7.37,48.0,77.0,2026-04-03
Colston Loveland,TE,CHI,61.94,16.95,47.0,86.0,2026-04-03
Jameson Williams,WR,DET,62.67,9.92,51.0,90.0,2026-04-03
Jaylen Waddle,WR,DEN,63.17,6.97,53.0,82.0,2026-04-03
Terry McLaurin,WR,WAS,65.33,8.06,51.0,82.0,2026-04-03
Mike Evans,WR,SF,65.56,8.43,45.0,73.0,2026-04-03
Kyren Williams,RB,LAR,65.89,6.24,49.0,77.0,2026-04-03
Sam Darnold,QB,SEA,66.33,20.04,41.0,142.0,2026-04-03
Javonte Williams,RB,DAL,69.22,9.31,49.0,85.0,2026-04-03
Travis Etienne Jr.,RB,NO,70.28,9.43,51.0,79.0,2026-04-03
Bryce Young,QB,CAR,70.83,7.85,56.0,87.0,2026-04-03
Emeka Egbuka,WR,TB,73.0,8.45,57.0,90.0,2026-04-03
Cam Ward,QB,TEN,74.28,20.22,64.0,154.0,2026-04-03
TreVeyon Henderson,RB,NE,76.61,9.51,57.0,97.0,2026-04-03
Courtland Sutton,WR,DEN,77.89,7.8,72.0,96.0,2026-04-03
Christian Watson,WR,GB,78.22,9.02,68.0,100.0,2026-04-03
Tyler Warren,TE,IND,79.67,11.96,47.0,93.0,2026-04-03
RJ Harvey,RB,DEN,80.22,10.12,65.0,98.0,2026-04-03
Rome Odunze,WR,CHI,81.94,14.55,53.0,110.0,2026-04-03
Harold Fannin Jr.,TE,CLE,82.06,18.62,47.0,113.0,2026-04-03
Cam Skattebo,RB,NYG,82.83,9.12,74.0,105.0,2026-04-03
DK Metcalf,WR,PIT,85.11,9.05,69.0,109.0,2026-04-03
Daniel Jones,QB,IND,85.83,22.28,55.0,167.0,2026-04-03
D'Andre Swift,RB,CHI,85.89,6.36,67.0,95.0,2026-04-03
Quinshon Judkins,RB,CLE,86.06,6.31,73.0,98.0,2026-04-03
DJ Moore,WR,BUF,86.94,20.41,52.0,124.0,2026-04-03
Jakobi Meyers,WR,JAC,88.89,9.3,75.0,108.0,2026-04-03
Chris Godwin Jr.,WR,TB,88.94,6.06,73.0,98.0,2026-04-03
David Montgomery,RB,HOU,89.5,14.24,67.0,131.0,2026-04-03
Tucker Kraft,TE,GB,90.94,9.38,78.0,114.0,2026-04-03
Ricky Pearsall,WR,SF,92.0,7.3,80.0,109.0,2026-04-03
Brian Thomas Jr.,WR,JAC,94.17,11.31,68.0,114.0,2026-04-03
Jaylen Warren,RB,PIT,95.33,5.16,85.0,106.0,2026-04-03
Marvin Harrison Jr.,WR,ARI,96.5,9.53,80.0,122.0,2026-04-03
Bhayshul Tuten,RB,JAC,98.33,15.73,75.0,131.0,2026-04-03
J.J. McCarthy,QB,MIN,99.25,32.04,70.0,177.0,2026-04-03
Fernando Mendoza,QB,FA,99.75,33.6,64.0,176.0,2026-04-03
Wan'Dale Robinson,WR,TEN,100.0,14.28,73.0,117.0,2026-04-03
Rico Dowdle,RB,PIT,100.94,6.0,91.0,118.0,2026-04-03
Jacoby Brissett,QB,ARI,101.17,30.36,55.0,166.0,2026-04-03
Alec Pierce,WR,IND,101.61,16.04,63.0,122.0,2026-04-03
Sam LaPorta,TE,DET,101.72,4.57,93.0,106.0,2026-04-03
Michael Pittman Jr.,WR,PIT,102.17,6.12,83.0,109.0,2026-04-03
Kyle Monangai,RB,CHI,103.06,6.7,95.0,119.0,2026-04-03
Michael Wilson,WR,ARI,103.33,9.49,83.0,122.0,2026-04-03
Rhamondre Stevenson,RB,NE,104.39,10.2,94.0,130.0,2026-04-03
Kyle Pitts Sr.,TE,ATL,104.56,5.42,87.0,113.0,2026-04-03
Michael Penix Jr.,QB,ATL,104.88,32.5,76.0,177.0,2026-04-03
Chuba Hubbard,RB,CAR,106.11,15.56,81.0,132.0,2026-04-03
Tony Pollard,RB,TEN,108.0,10.42,91.0,131.0,2026-04-03
Carnell Tate,WR,FA,110.0,3.25,103.0,114.0,2026-04-03
Jordan Addison,WR,MIN,110.44,5.25,101.0,122.0,2026-04-03
Kirk Cousins,QB,LV,112.5,68.5,44.0,181.0,2026-04-03
Blake Corum,RB,LAR,117.33,9.98,104.0,141.0,2026-04-03
Stefon Diggs,WR,FA,117.89,22.22,89.0,170.0,2026-04-03
Jake Ferguson,TE,DAL,119.0,5.43,113.0,128.0,2026-04-03
Aaron Jones Sr.,RB,MIN,119.33,7.29,108.0,132.0,2026-04-03
Parker Washington,WR,JAC,119.61,12.21,100.0,144.0,2026-04-03
Khalil Shakir,WR,BUF,119.67,7.39,112.0,139.0,2026-04-03
Shedeur Sanders,QB,CLE,119.67,33.16,83.0,182.0,2026-04-03
Dalton Kincaid,TE,BUF,121.5,12.99,113.0,161.0,2026-04-03
Quentin Johnston,WR,LAC,122.56,10.17,101.0,140.0,2026-04-03
Oronde Gadsden II,TE,LAC,123.06,9.99,114.0,157.0,2026-04-03
James Conner,RB,ARI,123.22,16.63,103.0,163.0,2026-04-03
Zach Charbonnet,RB,SEA,124.78,18.29,92.0,162.0,2026-04-03
Juwan Johnson,TE,NO,125.39,5.53,115.0,136.0,2026-04-03
Tyler Allgeier,RB,ARI,126.61,17.22,98.0,152.0,2026-04-03
Aaron Rodgers,QB,FA,127.5,44.06,60.0,184.0,2026-04-03
Kenneth Gainwell,RB,TB,128.94,12.95,103.0,141.0,2026-04-03
Woody Marks,RB,HOU,129.83,15.61,103.0,157.0,2026-04-03
Josh Downs,WR,IND,130.0,10.39,107.0,144.0,2026-04-03
Jayden Higgins,WR,HOU,131.17,6.78,123.0,146.0,2026-04-03
Jayden Reed,WR,GB,131.56,6.72,116.0,140.0,2026-04-03
Jauan Jennings,WR,FA,131.83,12.88,110.0,160.0,2026-04-03
Deshaun Watson,QB,CLE,132.0,45.0,87.0,177.0,2026-04-03
Alvin Kamara,RB,NO,133.28,14.57,108.0,170.0,2026-04-03
Brenton Strange,TE,JAC,133.5,15.35,113.0,174.0,2026-04-03
Xavier Worthy,WR,KC,135.22,5.18,123.0,146.0,2026-04-03
J.K. Dobbins,RB,DEN,137.94,23.38,96.0,162.0,2026-04-03
Travis Kelce,TE,KC,139.67,22.26,106.0,183.0,2026-04-03
Jacory Croskey-Merritt,RB,WAS,140.17,6.34,127.0,152.0,2026-04-03
Dylan Sampson,RB,CLE,140.33,8.01,128.0,158.0,2026-04-03
Tyreek Hill,WR,FA,140.5,13.61,123.0,165.0,2026-04-03
Trey Benson,RB,ARI,143.17,20.01,119.0,176.0,2026-04-03
Tua Tagovailoa,QB,ATL,143.5,16.44,118.0,177.0,2026-04-03
Romeo Doubs,WR,NE,144.72,26.83,106.0,175.0,2026-04-03
George Kittle,TE,SF,146.28,32.71,47.0,216.0,2026-04-03
Deebo Samuel Sr.,WR,FA,146.5,11.34,133.0,173.0,2026-04-03
Rachaad White,RB,WAS,146.83,17.21,106.0,172.0,2026-04-03
Tyjae Spears,RB,TEN,147.0,8.79,130.0,163.0,2026-04-03
Dalton Schultz,TE,HOU,147.61,10.38,134.0,177.0,2026-04-03
Jalen Coker,WR,CAR,148.22,8.7,129.0,167.0,2026-04-03
Tyrone Tracy Jr.,RB,NYG,148.61,5.67,134.0,156.0,2026-04-03
Isaiah Likely,TE,NYG,148.78,19.59,111.0,189.0,2026-04-03
Jerry Jeudy,WR,CLE,149.28,8.65,137.0,167.0,2026-04-03
Mac Jones,QB,SF,149.92,26.61,118.0,184.0,2026-04-03
Jordyn Tyson,WR,FA,149.94,36.27,111.0,218.0,2026-04-03
Jordan Mason,RB,MIN,150.94,7.54,131.0,159.0,2026-04-03
Makai Lemon,WR,FA,151.39,38.74,91.0,234.0,2026-04-03
Dallas Goedert,TE,PHI,152.67,11.39,139.0,183.0,2026-04-03
Travis Hunter,WR,JAC,154.5,31.39,96.0,230.0,2026-04-03
Braelon Allen,RB,NYJ,156.39,13.9,138.0,200.0,2026-04-03
Hunter Henry,TE,NE,156.72,8.83,136.0,165.0,2026-04-03
Adonai Mitchell,WR,NYJ,156.89,7.77,147.0,170.0,2026-04-03
Geno Smith,QB,NYJ,159.38,36.39,94.0,184.0,2026-04-03
Isiah Pacheco,RB,DET,160.56,6.95,143.0,172.0,2026-04-03
Troy Franklin,WR,DEN,161.39,16.31,139.0,200.0,2026-04-03
Rashid Shaheed,WR,SEA,161.94,8.11,149.0,175.0,2026-04-03
Matthew Golden,WR,GB,163.5,11.33,134.0,175.0,2026-04-03
Jadarian Price,RB,FA,164.21,35.37,131.0,259.0,2026-04-03
Emmett Johnson,RB,FA,166.31,31.49,132.0,267.0,2026-04-03
Ty Simpson,QB,FA,166.33,18.73,140.0,182.0,2026-04-03
Chimere Dike,WR,TEN,167.39,12.31,149.0,200.0,2026-04-03
Tre Harris,WR,LAC,169.72,14.07,147.0,210.0,2026-04-03
Mark Andrews,TE,BAL,170.06,7.25,156.0,183.0,2026-04-03
Jaylin Noel,WR,HOU,172.17,11.76,142.0,188.0,2026-04-03
Tank Bigsby,RB,PHI,172.88,14.23,162.0,213.0,2026-04-03
Kayshon Boutte,WR,NE,173.56,10.05,149.0,191.0,2026-04-03
Jonah Coleman,RB,FA,173.64,32.48,129.0,243.0,2026-04-03
Keaton Mitchell,RB,LAC,175.67,14.62,155.0,226.0,2026-04-03
Elic Ayomanor,WR,TEN,177.22,12.63,151.0,199.0,2026-04-03
Jalen McMillan,WR,TB,177.78,17.21,137.0,204.0,2026-04-03
Anthony Richardson Sr.,QB,IND,179.75,2.82,177.0,184.0,2026-04-03
Denzel Boston,WR,FA,179.85,22.0,135.0,236.0,2026-04-03
Kimani Vidal,RB,LAC,180.5,21.48,163.0,235.0,2026-04-03
Brian Robinson Jr.,RB,ATL,180.67,13.4,153.0,208.0,2026-04-03
Pat Bryant,WR,DEN,182.33,6.31,171.0,195.0,2026-04-03
Joe Milton III,QB,DAL,182.4,0.8,182.0,184.0,2026-04-03
Brandon Aiyuk,WR,SF,182.72,17.06,160.0,218.0,2026-04-03
Justin Fields,QB,KC,184.0,0.0,184.0,184.0,2026-04-03
Garrett Nussmeier,QB,FA,184.0,0.0,184.0,184.0,2026-04-03
K.C. Concepcion,WR,FA,186.92,28.45,137.0,237.0,2026-04-03
Tre Tucker,WR,LV,187.5,8.15,175.0,204.0,2026-04-03
T.J. Hockenson,TE,MIN,187.89,9.21,157.0,197.0,2026-04-03
Devin Neal,RB,NO,189.0,29.35,165.0,252.0,2026-04-03
Emanuel Wilson,RB,SEA,189.35,17.31,145.0,216.0,2026-04-03
AJ Barner,TE,SEA,189.78,14.04,142.0,210.0,2026-04-03
Jonathon Brooks,RB,CAR,190.83,23.72,143.0,225.0,2026-04-03
Chris Rodriguez Jr.,RB,JAC,191.61,27.07,150.0,225.0,2026-04-03
Mike Washington Jr.,RB,FA,191.62,42.47,141.0,281.0,2026-04-03
Darnell Mooney,WR,NYG,192.44,12.46,169.0,236.0,2026-04-03
Ryan Flournoy,WR,DAL,193.83,11.85,178.0,229.0,2026-04-03
Mason Taylor,TE,NYJ,195.67,13.31,148.0,206.0,2026-04-03
Marvin Mims Jr.,WR,DEN,195.72,5.02,190.0,213.0,2026-04-03
Isaac TeSlaa,WR,DET,197.22,4.58,189.0,207.0,2026-04-03
Calvin Ridley,WR,TEN,197.89,12.06,171.0,222.0,2026-04-03
Jaylen Wright,RB,MIA,202.0,14.74,163.0,242.0,2026-04-03
Omar Cooper Jr.,WR,FA,202.17,29.44,138.0,260.0,2026-04-03
Rashod Bateman,WR,BAL,202.39,9.81,193.0,231.0,2026-04-03
Mack Hollins,WR,NE,202.89,14.54,188.0,241.0,2026-04-03
Jordan Whittington,WR,LAR,203.0,0.0,203.0,203.0,2026-04-03
Theo Johnson,TE,NYG,203.5,23.77,174.0,249.0,2026-04-03
Kaleb Johnson,RB,PIT,204.06,40.4,159.0,277.0,2026-04-03
Keon Coleman,WR,BUF,204.61,18.29,181.0,245.0,2026-04-03
DeAndre Hopkins,WR,BAL,205.0,0.0,205.0,205.0,2026-04-03
Kyle Williams,WR,NE,205.11,8.2,195.0,227.0,2026-04-03
Sean Tucker,RB,TB,205.33,16.83,180.0,252.0,2026-04-03
Xavier Legette,WR,CAR,205.44,11.35,191.0,243.0,2026-04-03
Dontayvion Wicks,WR,GB,206.33,10.82,185.0,233.0,2026-04-03
Chig Okonkwo,TE,WAS,207.17,16.74,172.0,227.0,2026-04-03
Ray Davis,RB,BUF,207.67,9.96,186.0,217.0,2026-04-03
Kendre Miller,RB,NO,208.78,28.37,176.0,263.0,2026-04-03
Isaiah Davis,RB,NYJ,209.06,17.17,185.0,237.0,2026-04-03
Najee Harris,RB,LAC,211.29,12.03,187.0,244.0,2026-04-03
Terrance Ferguson,TE,LAR,211.44,15.19,194.0,252.0,2026-04-03
Cooper Kupp,WR,SEA,214.0,19.36,188.0,282.0,2026-04-03
Jerome Ford,RB,WAS,214.59,26.41,172.0,261.0,2026-04-03
Keenan Allen,WR,LAC,214.61,11.07,198.0,241.0,2026-04-03
Joe Mixon,RB,FA,214.94,32.91,162.0,283.0,2026-04-03
Gunnar Helm,TE,TEN,214.94,8.62,203.0,233.0,2026-04-03
Brashard Smith,RB,KC,215.72,14.69,180.0,249.0,2026-04-03
David Njoku,TE,FA,215.72,10.25,187.0,237.0,2026-04-03
Nick Westbrook-Ikhine,WR,IND,219.0,0.0,219.0,219.0,2026-04-03
Tory Horton,WR,SEA,219.56,6.93,207.0,242.0,2026-04-03
Darius Slayton,WR,NYG,220.11,12.47,199.0,247.0,2026-04-03
Ollie Gordon II,RB,MIA,222.28,8.56,211.0,238.0,2026-04-03
Kenyon Sadiq,TE,FA,222.46,22.53,193.0,250.0,2026-04-03
Kaytron Allen,RB,FA,222.71,30.59,182.0,279.0,2026-04-03
Nicholas Singleton,RB,FA,223.85,25.98,180.0,276.0,2026-04-03
Chris Brazzell II,WR,FA,225.0,14.87,193.0,254.0,2026-04-03
Jahan Dotson,WR,ATL,225.0,59.62,160.0,304.0,2026-04-03
Jalen Tolbert,WR,MIA,226.0,36.0,190.0,262.0,2026-04-03
Antonio Williams,WR,FA,226.0,8.0,218.0,234.0,2026-04-03
Greg Dulcich,TE,MIA,226.5,53.27,144.0,291.0,2026-04-03
Tank Dell,WR,HOU,226.72,10.27,209.0,255.0,2026-04-03
Cade Otton,TE,TB,228.0,9.93,195.0,240.0,2026-04-03
Daniel Bellinger,TE,TEN,228.0,0.0,228.0,228.0,2026-04-03
Ty Johnson,RB,BUF,229.17,11.55,210.0,255.0,2026-04-03
Jack Bech,WR,LV,229.76,11.71,201.0,245.0,2026-04-03
Evan Engram,TE,DEN,230.22,4.61,227.0,247.0,2026-04-03
Adam Randall,RB,FA,230.33,11.61,214.0,240.0,2026-04-03
Colby Parkinson,TE,LAR,230.33,7.68,212.0,250.0,2026-04-03
Pat Freiermuth,TE,PIT,231.33,7.27,209.0,249.0,2026-04-03
Andrei Iosivas,WR,CIN,231.88,14.73,210.0,257.0,2026-04-03
Isaiah Bond,WR,CLE,232.18,15.36,210.0,264.0,2026-04-03
Devaughn Vele,WR,NO,232.83,18.78,171.0,253.0,2026-04-03
Roman Wilson,WR,PIT,236.0,0.0,236.0,236.0,2026-04-03
Jalen Royals,WR,KC,236.0,11.68,222.0,260.0,2026-04-03
Elijah Sarratt,WR,FA,237.0,18.26,200.0,268.0,2026-04-03
Jalen Nailor,WR,LV,237.13,36.32,179.0,269.0,2026-04-03
Konata Mumpfield,WR,LAR,237.93,15.14,210.0,257.0,2026-04-03
Seth McGowan,RB,FA,238.0,16.0,222.0,254.0,2026-04-03
LeQuint Allen Jr.,RB,JAC,239.5,18.21,208.0,287.0,2026-04-03
Jaleel McLaughlin,RB,DEN,241.35,17.74,217.0,290.0,2026-04-03
Christian Kirk,WR,SF,242.89,15.31,227.0,302.0,2026-04-03
Jeremy McNichols,RB,WAS,243.0,0.0,243.0,243.0,2026-04-03
Le'Veon Moss,RB,FA,243.5,14.5,229.0,258.0,2026-04-03
Isaac Guerendo,RB,SF,244.59,18.71,224.0,300.0,2026-04-03
Greg Dortch,WR,DET,245.0,0.0,245.0,245.0,2026-04-03
George Holani,RB,SEA,245.06,24.25,199.0,273.0,2026-04-03
Mike Gesicki,TE,CIN,245.5,10.22,216.0,258.0,2026-04-03
Eli Stowers,TE,FA,245.92,12.98,224.0,275.0,2026-04-03
J'Mari Taylor,RB,FA,246.5,21.5,225.0,268.0,2026-04-03
Demond Claiborne,RB,FA,247.2,17.6,220.0,281.0,2026-04-03
Malik Washington,WR,MIA,247.71,24.61,180.0,279.0,2026-04-03
Malachi Fields,WR,FA,247.78,9.57,230.0,265.0,2026-04-03
Jake Tonges,TE,SF,248.0,29.31,218.0,317.0,2026-04-03
Cedric Tillman,WR,CLE,248.82,10.98,220.0,261.0,2026-04-03
Bam Knight,RB,ARI,248.92,17.46,226.0,270.0,2026-04-03
Tyquan Thornton,WR,KC,249.41,11.65,225.0,266.0,2026-04-03
Calvin Austin III,WR,NYG,249.88,12.31,230.0,271.0,2026-04-03
Chris Brooks,RB,GB,250.22,16.19,215.0,291.0,2026-04-03
Noah Gray,TE,KC,250.3,16.52,230.0,273.0,2026-04-03
Hollywood Brown,WR,PHI,250.67,11.34,232.0,285.0,2026-04-03
Malik Davis,RB,DAL,251.06,11.86,232.0,277.0,2026-04-03
Jaydon Blue,RB,DAL,251.61,22.32,210.0,283.0,2026-04-03
Kendrick Bourne,WR,ARI,252.0,0.0,252.0,252.0,2026-04-03
Audric Estime,RB,NO,252.4,13.62,232.0,274.0,2026-04-03
Justice Hill,RB,BAL,254.06,19.08,213.0,290.0,2026-04-03
Ted Hurst,WR,FA,256.0,10.0,246.0,266.0,2026-04-03
Jam Miller,RB,FA,256.0,0.0,256.0,256.0,2026-04-03
Tommy Myers,TE,FA,256.2,5.38,250.0,262.0,2026-04-03
Dont'e Thornton Jr.,WR,LV,256.5,19.23,240.0,305.0,2026-04-03
Tez Johnson,WR,TB,256.91,18.58,234.0,308.0,2026-04-03
Zachariah Branch,WR,FA,257.0,19.95,222.0,301.0,2026-04-03
Noah Brown,WR,FA,258.0,0.0,258.0,258.0,2026-04-03
DJ Giddens,RB,IND,258.12,17.98,216.0,299.0,2026-04-03
Luke McCaffrey,WR,WAS,258.13,19.83,242.0,329.0,2026-04-03
John Bates,TE,WAS,258.6,26.44,240.0,310.0,2026-04-03
Olamide Zaccheaus,WR,ATL,259.44,18.74,231.0,307.0,2026-04-03
Ja'Kobi Lane,WR,FA,259.5,3.5,256.0,263.0,2026-04-03
Skyler Bell,WR,FA,260.0,9.0,251.0,269.0,2026-04-03
Kalif Raymond,WR,CHI,260.75,41.51,210.0,325.0,2026-04-03
Devin Singletary,RB,NYG,260.76,10.35,243.0,284.0,2026-04-03
Germie Bernard,WR,FA,261.4,25.36,212.0,318.0,2026-04-03
Mitch Tinsley,WR,CIN,263.0,0.0,263.0,263.0,2026-04-03
Darnell Washington,TE,PIT,263.8,33.39,221.0,300.0,2026-04-03
Darren Waller,TE,FA,263.8,13.48,246.0,281.0,2026-04-03
Elijah Arroyo,TE,SEA,264.4,15.97,235.0,283.0,2026-04-03
Arian Smith,WR,NYJ,265.0,0.0,265.0,265.0,2026-04-03
Kaelon Black,RB,FA,265.0,0.0,265.0,265.0,2026-04-03
John Metchie III,WR,CAR,265.0,22.65,253.0,322.0,2026-04-03
MarShawn Lloyd,RB,GB,265.47,9.74,238.0,276.0,2026-04-03
Jaylin Lane,WR,WAS,265.57,5.18,262.0,278.0,2026-04-03
Chris Bell,WR,FA,265.6,35.32,206.0,317.0,2026-04-03
Joshua Palmer,WR,BUF,266.0,16.2,257.0,305.0,2026-04-03
Treylon Burks,WR,WAS,266.0,0.0,266.0,266.0,2026-04-03
Trevor Etienne,RB,CAR,266.81,9.99,252.0,288.0,2026-04-03
Jared Wiley,TE,KC,267.0,0.0,267.0,267.0,2026-04-03
Bryce Lance,WR,FA,267.0,0.0,267.0,267.0,2026-04-03
Samaje Perine,RB,CIN,267.22,17.58,216.0,301.0,2026-04-03
DeMario Douglas,WR,NE,267.75,16.87,243.0,308.0,2026-04-03
Jarquez Hunter,RB,LAR,268.41,13.91,251.0,314.0,2026-04-03
Emari Demercado,RB,KC,268.56,10.7,231.0,278.0,2026-04-03
Noah Fant,TE,NO,269.0,19.13,254.0,296.0,2026-04-03
Tutu Atwell,WR,MIA,270.33,44.6,218.0,327.0,2026-04-03
Xavier Hutchinson,WR,HOU,270.38,14.06,261.0,302.0,2026-04-03
Will Shipley,RB,PHI,272.63,12.73,259.0,319.0,2026-04-03
Kareem Hunt,RB,FA,273.5,14.26,239.0,315.0,2026-04-03
KaVontae Turpin,WR,DAL,274.0,0.0,274.0,274.0,2026-04-03
Ben Sinnott,TE,WAS,274.4,25.5,250.0,323.0,2026-04-03
Michael Carter,RB,TEN,275.07,8.17,262.0,297.0,2026-04-03
Ty Chandler,RB,NO,276.0,0.0,276.0,276.0,2026-04-03
Michael Mayer,TE,LV,277.0,33.45,229.0,331.0,2026-04-03
Tahj Brooks,RB,CIN,278.18,10.76,257.0,311.0,2026-04-03
Jordan James,RB,SF,278.94,24.74,201.0,334.0,2026-04-03
Austin Ekeler,RB,FA,279.0,14.74,270.0,320.0,2026-04-03
Nick Chubb,RB,FA,280.4,9.31,273.0,314.0,2026-04-03
Antonio Gibson,RB,FA,280.6,1.96,278.0,284.0,2026-04-03
Jawhar Jordan,RB,HOU,282.17,5.34,276.0,293.0,2026-04-03
Tyler Higbee,TE,LAR,283.2,31.62,231.0,320.0,2026-04-03
Miles Sanders,RB,FA,284.0,0.0,284.0,284.0,2026-04-03
Tyler Goodson,RB,ATL,287.0,0.0,287.0,287.0,2026-04-03
Luke Musgrave,TE,GB,288.0,15.12,269.0,306.0,2026-04-03
Raheim Sanders,RB,CLE,288.17,14.85,278.0,321.0,2026-04-03
Terrell Jennings,RB,NE,288.67,22.12,276.0,338.0,2026-04-03
Dameon Pierce,RB,PHI,290.17,21.09,279.0,337.0,2026-04-03
Tyler Badie,RB,DEN,291.0,42.0,249.0,333.0,2026-04-03
Roschon Johnson,RB,CHI,291.0,0.0,291.0,291.0,2026-04-03
Deion Burks,WR,FA,292.0,0.0,292.0,292.0,2026-04-03
Reggie Virgil,WR,FA,294.0,0.0,294.0,294.0,2026-04-03
Ja'Tavion Sanders,TE,CAR,295.0,6.53,287.0,303.0,2026-04-03
JuJu Smith-Schuster,WR,FA,295.0,0.0,295.0,295.0,2026-04-03
Jaydn Ott,RB,FA,296.0,0.0,296.0,296.0,2026-04-03
Tyrell Shavers,WR,BUF,297.0,0.0,297.0,297.0,2026-04-03
Brenen Thompson,WR,FA,298.0,0.0,298.0,298.0,2026-04-03
Jonnu Smith,TE,FA,299.0,13.74,286.0,318.0,2026-04-03
Erick All Jr.,TE,CIN,299.0,0.0,299.0,299.0,2026-04-03
Kevin Coleman Jr.,WR,FA,299.0,0.0,299.0,299.0,2026-04-03
Cole Kmet,TE,CHI,300.67,7.93,290.0,309.0,2026-04-03
Dawson Knox,TE,BUF,302.75,23.62,270.0,334.0,2026-04-03
David Sills V,WR,FA,310.0,0.0,310.0,310.0,2026-04-03
Savion Williams,WR,GB,311.0,0.0,311.0,311.0,2026-04-03
Thomas Fidone II,TE,NYG,313.0,15.0,298.0,328.0,2026-04-03
Mitchell Evans,TE,CAR,313.0,0.0,313.0,313.0,2026-04-03
Elijah Higgins,TE,ARI,313.67,16.82,292.0,333.0,2026-04-03
Zach Ertz,TE,FA,314.33,16.82,295.0,336.0,2026-04-03
Tommy Tremble,TE,CAR,315.0,0.0,315.0,315.0,2026-04-03
Max Klare,TE,FA,315.5,3.5,312.0,319.0,2026-04-03
Charlie Kolar,TE,LAC,316.0,0.0,316.0,316.0,2026-04-03
Michael Trigg,TE,FA,317.5,11.5,306.0,329.0,2026-04-03
Taysom Hill,TE,FA,318.0,21.0,297.0,339.0,2026-04-03
Zay Jones,WR,FA,321.0,0.0,321.0,321.0,2026-04-03
Sam Roush,TE,FA,322.0,0.0,322.0,322.0,2026-04-03
Josh Cameron,WR,FA,323.0,0.0,323.0,323.0,2026-04-03
Jimmy Horn Jr.,WR,CAR,324.0,0.0,324.0,324.0,2026-04-03
Robert Henry Jr.,RB,FA,324.0,0.0,324.0,324.0,2026-04-03
Demarcus Robinson,WR,SF,325.0,0.0,325.0,325.0,2026-04-03
Jackson Hawes,TE,BUF,326.0,0.0,326.0,326.0,2026-04-03
Justin Joly,TE,FA,326.0,0.0,326.0,326.0,2026-04-03
Dyami Brown,WR,WAS,327.0,0.0,327.0,327.0,2026-04-03
Austin Hooper,TE,ATL,328.0,0.0,328.0,328.0,2026-04-03
Desmond Reid,RB,FA,330.0,0.0,330.0,330.0,2026-04-03
Jack Endries,TE,FA,331.0,0.0,331.0,331.0,2026-04-03
Jeremy Ruckert,TE,NYJ,332.0,0.0,332.0,332.0,2026-04-03
Roman Hemby,RB,FA,332.0,0.0,332.0,332.0,2026-04-03
Tanner Koziol,TE,FA,335.0,0.0,335.0,335.0,2026-04-03
Josh Allen,QB,BUF,1.11,0.31,1.0,2.0,2026-03-27
Drake Maye,QB,NE,3.21,1.51,2.0,8.0,2026-03-27
Lamar Jackson,QB,BAL,3.32,3.03,2.0,16.0,2026-03-27
Joe Burrow,QB,CIN,4.68,1.52,2.0,8.0,2026-03-27
Jayden Daniels,QB,WAS,5.84,3.17,4.0,18.0,2026-03-27
Jalen Hurts,QB,PHI,6.68,2.58,3.0,16.0,2026-03-27
Ja'Marr Chase,WR,CIN,8.21,2.61,6.0,12.0,2026-03-27
Puka Nacua,WR,LAR,8.89,2.47,6.0,11.0,2026-03-27
Bijan Robinson,RB,ATL,10.16,0.67,10.0,13.0,2026-03-27
Jaxson Dart,QB,NYG,11.53,5.8,7.0,29.0,2026-03-27
Jaxon Smith-Njigba,WR,SEA,12.0,0.56,11.0,14.0,2026-03-27
Jahmyr Gibbs,RB,DET,12.84,0.67,10.0,13.0,2026-03-27
Justin Herbert,QB,LAC,13.47,6.76,8.0,32.0,2026-03-27
Caleb Williams,QB,CHI,14.79,5.41,7.0,26.0,2026-03-27
CeeDee Lamb,WR,DAL,16.11,3.16,14.0,23.0,2026-03-27
Trevor Lawrence,QB,JAC,17.47,5.8,8.0,29.0,2026-03-27
Christian McCaffrey,RB,SF,17.53,7.21,15.0,46.0,2026-03-27
Dak Prescott,QB,DAL,18.16,4.51,8.0,26.0,2026-03-27
Amon-Ra St. Brown,WR,DET,19.63,1.98,14.0,21.0,2026-03-27
Justin Jefferson,WR,MIN,20.0,3.55,12.0,23.0,2026-03-27
Brock Purdy,QB,SF,20.53,4.31,16.0,30.0,2026-03-27
Patrick Mahomes II,QB,KC,22.32,5.11,16.0,30.0,2026-03-27
Jonathan Taylor,RB,IND,23.11,6.4,15.0,48.0,2026-03-27
Drake London,WR,ATL,25.11,5.75,21.0,45.0,2026-03-27
Malik Nabers,WR,NYG,25.11,3.96,21.0,34.0,2026-03-27
Nico Collins,WR,HOU,27.79,3.35,23.0,35.0,2026-03-27
Bo Nix,QB,DEN,29.42,3.7,19.0,32.0,2026-03-27
De'Von Achane,RB,MIA,30.0,8.07,22.0,48.0,2026-03-27
Matthew Stafford,QB,LAR,30.26,6.93,17.0,50.0,2026-03-27
George Pickens,WR,DAL,30.95,3.75,24.0,35.0,2026-03-27
Trey McBride,TE,ARI,32.68,3.26,31.0,39.0,2026-03-27
Chris Olave,WR,NO,32.84,5.83,23.0,50.0,2026-03-27
James Cook III,RB,BUF,33.0,6.29,17.0,40.0,2026-03-27
Rashee Rice,WR,KC,33.89,11.0,24.0,68.0,2026-03-27
Ashton Jeanty,RB,LV,36.0,7.16,23.0,54.0,2026-03-27
A.J. Brown,WR,PHI,37.26,5.64,27.0,52.0,2026-03-27
Brock Bowers,TE,LV,37.32,3.26,31.0,39.0,2026-03-27
Jordan Love,QB,GB,37.42,9.23,29.0,55.0,2026-03-27
Jared Goff,QB,DET,38.0,7.79,12.0,55.0,2026-03-27
Omarion Hampton,RB,LAC,40.53,3.91,33.0,48.0,2026-03-27
Marcus Mariota,QB,WAS,43.0,0.0,43.0,43.0,2026-03-27
Saquon Barkley,RB,PHI,43.32,6.79,25.0,54.0,2026-03-27
Chase Brown,RB,CIN,43.68,5.8,33.0,57.0,2026-03-27
Tetairoa McMillan,WR,CAR,43.89,3.84,35.0,55.0,2026-03-27
Kirk Cousins,QB,FA,44.0,0.0,44.0,44.0,2026-03-27
Garrett Wilson,WR,NYJ,45.42,5.75,36.0,59.0,2026-03-27
Tee Higgins,WR,CIN,46.21,6.13,35.0,62.0,2026-03-27
Baker Mayfield,QB,TB,48.53,7.8,41.0,66.0,2026-03-27
Malik Willis,QB,MIA,50.16,15.19,30.0,87.0,2026-03-27
Josh Jacobs,RB,GB,50.21,5.39,40.0,65.0,2026-03-27
Tyler Shough,QB,NO,51.05,9.36,20.0,66.0,2026-03-27
Zay Flowers,WR,BAL,53.0,7.55,36.0,68.0,2026-03-27
Ladd McConkey,WR,LAC,53.26,5.51,45.0,72.0,2026-03-27
Kenneth Walker III,RB,KC,53.26,10.9,37.0,77.0,2026-03-27
Kyler Murray,QB,MIN,55.89,18.17,18.0,102.0,2026-03-27
Bucky Irving,RB,TB,56.89,12.17,42.0,85.0,2026-03-27
C.J. Stroud,QB,HOU,57.37,8.44,41.0,70.0,2026-03-27
Davante Adams,WR,LAR,57.68,10.0,44.0,80.0,2026-03-27
Jeremiyah Love,RB,FA,59.53,8.98,40.0,73.0,2026-03-27
Luther Burden III,WR,CHI,59.63,6.64,44.0,73.0,2026-03-27
Derrick Henry,RB,BAL,60.11,5.88,46.0,67.0,2026-03-27
Breece Hall,RB,NYJ,60.32,7.12,49.0,77.0,2026-03-27
DeVonta Smith,WR,PHI,60.74,7.52,44.0,72.0,2026-03-27
Colston Loveland,TE,CHI,61.16,16.83,47.0,86.0,2026-03-27
Jameson Williams,WR,DET,61.95,9.39,51.0,90.0,2026-03-27
Jaylen Waddle,WR,DEN,63.58,7.03,53.0,82.0,2026-03-27
Terry McLaurin,WR,WAS,64.89,6.97,51.0,80.0,2026-03-27
Mike Evans,WR,SF,65.58,9.28,44.0,75.0,2026-03-27
Sam Darnold,QB,SEA,65.79,19.6,41.0,142.0,2026-03-27
Kyren Williams,RB,LAR,66.84,2.7,61.0,74.0,2026-03-27
Javonte Williams,RB,DAL,69.42,8.92,49.0,81.0,2026-03-27
Bryce Young,QB,CAR,71.16,8.05,56.0,87.0,2026-03-27
Travis Etienne Jr.,RB,NO,71.26,9.19,51.0,79.0,2026-03-27
Cam Ward,QB,TEN,72.95,19.72,64.0,154.0,2026-03-27
Emeka Egbuka,WR,TB,73.89,8.71,57.0,90.0,2026-03-27
Courtland Sutton,WR,DEN,76.63,6.94,72.0,96.0,2026-03-27
TreVeyon Henderson,RB,NE,77.42,9.37,58.0,97.0,2026-03-27
Christian Watson,WR,GB,77.53,8.52,68.0,96.0,2026-03-27
RJ Harvey,RB,DEN,79.95,10.49,65.0,98.0,2026-03-27
Tyler Warren,TE,IND,80.37,12.02,47.0,93.0,2026-03-27
Harold Fannin Jr.,TE,CLE,81.84,18.15,47.0,113.0,2026-03-27
Cam Skattebo,RB,NYG,82.05,9.47,67.0,105.0,2026-03-27
DK Metcalf,WR,PIT,82.89,9.31,63.0,109.0,2026-03-27
Rome Odunze,WR,CHI,83.11,13.94,53.0,110.0,2026-03-27
D'Andre Swift,RB,CHI,85.58,4.82,71.0,92.0,2026-03-27
Daniel Jones,QB,IND,85.68,21.91,55.0,167.0,2026-03-27
Quinshon Judkins,RB,CLE,85.74,6.26,73.0,98.0,2026-03-27
Jakobi Meyers,WR,JAC,88.26,9.62,75.0,108.0,2026-03-27
Chris Godwin Jr.,WR,TB,89.21,5.81,73.0,98.0,2026-03-27
Fernando Mendoza,QB,FA,90.23,24.31,64.0,162.0,2026-03-27
Tucker Kraft,TE,GB,90.68,9.19,78.0,114.0,2026-03-27
Ricky Pearsall,WR,SF,91.11,8.03,72.0,109.0,2026-03-27
DJ Moore,WR,BUF,91.58,20.97,52.0,128.0,2026-03-27
David Montgomery,RB,HOU,93.16,17.01,67.0,132.0,2026-03-27
Brian Thomas Jr.,WR,JAC,93.42,11.19,68.0,114.0,2026-03-27
Jaylen Warren,RB,PIT,94.42,5.07,85.0,106.0,2026-03-27
Marvin Harrison Jr.,WR,ARI,97.58,6.33,84.0,110.0,2026-03-27
J.J. McCarthy,QB,MIN,98.0,31.09,70.0,177.0,2026-03-27
Bhayshul Tuten,RB,JAC,99.16,16.71,74.0,131.0,2026-03-27
Rico Dowdle,RB,PIT,100.53,5.82,91.0,118.0,2026-03-27
Wan'Dale Robinson,WR,TEN,101.63,13.82,72.0,117.0,2026-03-27
Kyle Monangai,RB,CHI,101.68,5.69,95.0,119.0,2026-03-27
Sam LaPorta,TE,DET,101.74,4.4,93.0,106.0,2026-03-27
Michael Pittman Jr.,WR,PIT,102.37,6.02,83.0,110.0,2026-03-27
Michael Wilson,WR,ARI,102.42,10.5,80.0,122.0,2026-03-27
Rhamondre Stevenson,RB,NE,102.58,8.88,92.0,120.0,2026-03-27
Michael Penix Jr.,QB,ATL,103.71,31.34,76.0,177.0,2026-03-27
Jacoby Brissett,QB,ARI,103.95,28.67,55.0,166.0,2026-03-27
Alec Pierce,WR,IND,104.32,17.27,63.0,129.0,2026-03-27
Kyle Pitts Sr.,TE,ATL,104.74,5.29,87.0,113.0,2026-03-27
Chuba Hubbard,RB,CAR,106.11,15.07,81.0,132.0,2026-03-27
Tony Pollard,RB,TEN,107.58,10.24,91.0,131.0,2026-03-27
Carnell Tate,WR,FA,109.56,4.62,100.0,114.0,2026-03-27
Jordan Addison,WR,MIN,110.53,7.88,89.0,129.0,2026-03-27
Stefon Diggs,WR,FA,114.89,21.13,89.0,170.0,2026-03-27
Blake Corum,RB,LAR,115.68,9.48,104.0,141.0,2026-03-27
Aaron Jones Sr.,RB,MIN,118.79,7.37,108.0,132.0,2026-03-27
Parker Washington,WR,JAC,119.37,12.66,100.0,144.0,2026-03-27
Jake Ferguson,TE,DAL,119.53,5.11,113.0,128.0,2026-03-27
Shedeur Sanders,QB,CLE,119.56,32.11,83.0,182.0,2026-03-27
Khalil Shakir,WR,BUF,119.95,7.16,112.0,139.0,2026-03-27
Dalton Kincaid,TE,BUF,120.74,12.85,113.0,161.0,2026-03-27
James Conner,RB,ARI,120.84,15.29,99.0,150.0,2026-03-27
Quentin Johnston,WR,LAC,121.63,9.87,101.0,140.0,2026-03-27
Oronde Gadsden II,TE,LAC,123.16,9.73,114.0,157.0,2026-03-27
Juwan Johnson,TE,NO,126.0,5.88,115.0,136.0,2026-03-27
Zach Charbonnet,RB,SEA,127.26,23.86,92.0,204.0,2026-03-27
Woody Marks,RB,HOU,128.21,16.02,103.0,157.0,2026-03-27
Tyler Allgeier,RB,ARI,129.68,15.01,105.0,152.0,2026-03-27
Kenneth Gainwell,RB,TB,129.84,12.91,103.0,141.0,2026-03-27
Alvin Kamara,RB,NO,129.84,12.05,108.0,166.0,2026-03-27
Josh Downs,WR,IND,130.53,10.68,107.0,146.0,2026-03-27
Jauan Jennings,WR,FA,131.05,13.57,110.0,160.0,2026-03-27
Jayden Higgins,WR,HOU,131.47,6.9,123.0,148.0,2026-03-27
Brenton Strange,TE,JAC,132.74,14.8,113.0,174.0,2026-03-27
Jayden Reed,WR,GB,133.42,6.78,116.0,147.0,2026-03-27
Aaron Rodgers,QB,FA,133.56,44.93,60.0,184.0,2026-03-27
Xavier Worthy,WR,KC,136.21,4.57,127.0,146.0,2026-03-27
Jacory Croskey-Merritt,RB,WAS,139.11,6.29,127.0,152.0,2026-03-27
Tyreek Hill,WR,FA,139.21,12.59,123.0,165.0,2026-03-27
Dylan Sampson,RB,CLE,139.32,7.21,128.0,158.0,2026-03-27
Travis Kelce,TE,KC,140.79,22.18,106.0,183.0,2026-03-27
Trey Benson,RB,ARI,140.95,19.81,116.0,169.0,2026-03-27
J.K. Dobbins,RB,DEN,141.58,21.17,96.0,162.0,2026-03-27
Tua Tagovailoa,QB,ATL,144.71,18.33,118.0,177.0,2026-03-27
Tyjae Spears,RB,TEN,145.79,8.06,130.0,163.0,2026-03-27
Deebo Samuel Sr.,WR,FA,145.89,9.55,133.0,167.0,2026-03-27
Romeo Doubs,WR,NE,146.11,26.76,106.0,175.0,2026-03-27
George Kittle,TE,SF,146.32,31.95,47.0,216.0,2026-03-27
Dalton Schultz,TE,HOU,147.16,9.73,134.0,174.0,2026-03-27
Jordyn Tyson,WR,FA,147.32,36.34,108.0,218.0,2026-03-27
Rachaad White,RB,WAS,147.37,16.55,106.0,172.0,2026-03-27
Tyrone Tracy Jr.,RB,NYG,148.47,5.77,132.0,156.0,2026-03-27
Jalen Coker,WR,CAR,148.63,7.94,129.0,167.0,2026-03-27
Isaiah Likely,TE,NYG,148.89,21.35,111.0,189.0,2026-03-27
Mac Jones,QB,SF,149.15,25.7,118.0,184.0,2026-03-27
Jerry Jeudy,WR,CLE,149.58,7.71,137.0,166.0,2026-03-27
Makai Lemon,WR,FA,150.89,37.7,90.0,234.0,2026-03-27
Jordan Mason,RB,MIN,151.47,7.71,131.0,162.0,2026-03-27
Dallas Goedert,TE,PHI,153.0,11.43,139.0,183.0,2026-03-27
Travis Hunter,WR,JAC,153.16,31.52,96.0,230.0,2026-03-27
Adonai Mitchell,WR,NYJ,155.37,7.44,146.0,170.0,2026-03-27
Braelon Allen,RB,NYJ,156.16,13.57,138.0,200.0,2026-03-27
Hunter Henry,TE,NE,156.37,8.52,136.0,165.0,2026-03-27
Deshaun Watson,QB,CLE,158.0,19.0,139.0,177.0,2026-03-27
Troy Franklin,WR,DEN,159.79,13.82,139.0,192.0,2026-03-27
Isiah Pacheco,RB,DET,160.47,7.17,143.0,172.0,2026-03-27
Rashid Shaheed,WR,SEA,162.74,8.14,149.0,175.0,2026-03-27
Geno Smith,QB,NYJ,163.92,34.45,94.0,184.0,2026-03-27
Emmett Johnson,RB,FA,165.54,31.61,132.0,267.0,2026-03-27
Matthew Golden,WR,GB,165.58,9.71,134.0,175.0,2026-03-27
Jadarian Price,RB,FA,165.79,34.38,131.0,259.0,2026-03-27
Ty Simpson,QB,FA,166.33,18.73,140.0,182.0,2026-03-27
Chimere Dike,WR,TEN,166.37,12.5,149.0,200.0,2026-03-27
Mark Andrews,TE,BAL,169.05,8.48,148.0,183.0,2026-03-27
Tre Harris,WR,LAC,170.42,14.36,147.0,210.0,2026-03-27
Tank Bigsby,RB,PHI,172.39,14.01,162.0,213.0,2026-03-27
Jaylin Noel,WR,HOU,172.47,11.57,142.0,188.0,2026-03-27
Kayshon Boutte,WR,NE,173.05,9.17,149.0,191.0,2026-03-27
Keaton Mitchell,RB,LAC,175.32,13.97,162.0,226.0,2026-03-27
Elic Ayomanor,WR,TEN,176.32,11.13,151.0,193.0,2026-03-27
Denzel Boston,WR,FA,177.62,23.46,135.0,236.0,2026-03-27
Kimani Vidal,RB,LAC,179.26,20.37,163.0,235.0,2026-03-27
Brian Robinson Jr.,RB,ATL,179.79,13.75,153.0,208.0,2026-03-27
Jonah Coleman,RB,FA,180.14,33.77,129.0,243.0,2026-03-27
Anthony Richardson Sr.,QB,IND,180.22,2.97,177.0,184.0,2026-03-27
Jalen McMillan,WR,TB,180.53,15.27,137.0,204.0,2026-03-27
Pat Bryant,WR,DEN,181.63,6.19,171.0,195.0,2026-03-27
Brandon Aiyuk,WR,SF,182.32,16.77,160.0,218.0,2026-03-27
Joe Milton III,QB,DAL,182.4,0.8,182.0,184.0,2026-03-27
Justin Fields,QB,KC,182.5,1.5,181.0,184.0,2026-03-27
Garrett Nussmeier,QB,FA,184.0,0.0,184.0,184.0,2026-03-27
Devin Neal,RB,NO,184.26,24.64,165.0,244.0,2026-03-27
T.J. Hockenson,TE,MIN,187.53,8.77,157.0,197.0,2026-03-27
Tre Tucker,WR,LV,187.58,8.11,175.0,204.0,2026-03-27
K.C. Concepcion,WR,FA,188.79,27.15,137.0,237.0,2026-03-27
Emanuel Wilson,RB,SEA,189.78,17.07,145.0,216.0,2026-03-27
AJ Barner,TE,SEA,190.58,13.81,142.0,210.0,2026-03-27
Jonathon Brooks,RB,CAR,192.42,21.96,143.0,220.0,2026-03-27
Darnell Mooney,WR,NYG,192.84,12.02,169.0,236.0,2026-03-27
Chris Rodriguez Jr.,RB,JAC,192.89,26.6,152.0,225.0,2026-03-27
Ryan Flournoy,WR,DAL,193.37,11.56,178.0,229.0,2026-03-27
Marvin Mims Jr.,WR,DEN,194.05,4.58,180.0,201.0,2026-03-27
Mason Taylor,TE,NYJ,195.58,13.01,148.0,206.0,2026-03-27
Isaac TeSlaa,WR,DET,197.37,4.61,189.0,207.0,2026-03-27
Calvin Ridley,WR,TEN,198.32,11.24,171.0,222.0,2026-03-27
Kaleb Johnson,RB,PIT,199.32,38.74,159.0,277.0,2026-03-27
Jaylen Wright,RB,MIA,199.47,11.42,163.0,214.0,2026-03-27
Mack Hollins,WR,NE,200.47,10.99,188.0,230.0,2026-03-27
Mike Washington Jr.,RB,FA,200.69,43.28,147.0,281.0,2026-03-27
Theo Johnson,TE,NYG,201.26,21.74,174.0,245.0,2026-03-27
Rashod Bateman,WR,BAL,201.26,7.01,193.0,224.0,2026-03-27
Keon Coleman,WR,BUF,202.32,15.76,181.0,245.0,2026-03-27
Jordan Whittington,WR,LAR,203.0,0.0,203.0,203.0,2026-03-27
Xavier Legette,WR,CAR,203.21,6.49,191.0,215.0,2026-03-27
Kendre Miller,RB,NO,203.84,25.0,176.0,252.0,2026-03-27
Kyle Williams,WR,NE,204.79,7.84,195.0,227.0,2026-03-27
DeAndre Hopkins,WR,BAL,205.0,0.0,205.0,205.0,2026-03-27
Isaiah Davis,RB,NYJ,206.21,16.69,179.0,235.0,2026-03-27
Dontayvion Wicks,WR,GB,206.63,10.36,185.0,233.0,2026-03-27
Sean Tucker,RB,TB,206.68,16.55,180.0,252.0,2026-03-27
Omar Cooper Jr.,WR,FA,207.0,29.54,138.0,260.0,2026-03-27
Ray Davis,RB,BUF,207.53,10.0,186.0,217.0,2026-03-27
Najee Harris,RB,LAC,208.94,15.09,173.0,244.0,2026-03-27
Terrance Ferguson,TE,LAR,209.21,16.0,189.0,252.0,2026-03-27
Chig Okonkwo,TE,WAS,209.63,14.67,172.0,227.0,2026-03-27
Brashard Smith,RB,KC,212.05,13.63,180.0,232.0,2026-03-27
Jerome Ford,RB,WAS,212.67,24.6,172.0,261.0,2026-03-27
Keenan Allen,WR,LAC,213.68,10.06,198.0,237.0,2026-03-27
Joe Mixon,RB,FA,213.78,31.15,162.0,283.0,2026-03-27
Gunnar Helm,TE,TEN,214.63,8.49,203.0,233.0,2026-03-27
Cooper Kupp,WR,SEA,215.26,19.38,188.0,282.0,2026-03-27
David Njoku,TE,FA,215.47,9.79,187.0,237.0,2026-03-27
Darius Slayton,WR,NYG,218.47,10.3,199.0,236.0,2026-03-27
Nick Westbrook-Ikhine,WR,IND,219.0,0.0,219.0,219.0,2026-03-27
Tory Horton,WR,SEA,220.32,6.48,207.0,242.0,2026-03-27
Seth McGowan,RB,FA,222.0,0.0,222.0,222.0,2026-03-27
Ollie Gordon II,RB,MIA,222.05,8.74,210.0,238.0,2026-03-27
Jahan Dotson,WR,ATL,225.0,59.62,160.0,304.0,2026-03-27
Jalen Tolbert,WR,MIA,226.0,36.0,190.0,262.0,2026-03-27
Antonio Williams,WR,FA,226.0,8.0,218.0,234.0,2026-03-27
Greg Dulcich,TE,MIA,226.5,53.27,144.0,291.0,2026-03-27
Kaytron Allen,RB,FA,226.71,32.89,182.0,279.0,2026-03-27
Tank Dell,WR,HOU,227.0,9.85,211.0,255.0,2026-03-27
Adam Randall,RB,FA,227.0,13.0,214.0,240.0,2026-03-27
Ty Johnson,RB,BUF,227.74,9.48,210.0,248.0,2026-03-27
Daniel Bellinger,TE,TEN,228.0,0.0,228.0,228.0,2026-03-27
Nicholas Singleton,RB,FA,228.23,28.32,180.0,276.0,2026-03-27
Cade Otton,TE,TB,228.47,9.63,195.0,240.0,2026-03-27
Chris Brazzell II,WR,FA,228.7,18.83,193.0,265.0,2026-03-27
Colby Parkinson,TE,LAR,229.21,8.31,212.0,250.0,2026-03-27
Evan Engram,TE,DEN,229.32,2.23,227.0,234.0,2026-03-27
Jack Bech,WR,LV,230.21,11.27,201.0,245.0,2026-03-27
Pat Freiermuth,TE,PIT,231.79,7.27,209.0,249.0,2026-03-27
Isaiah Bond,WR,CLE,232.05,14.71,210.0,264.0,2026-03-27
Andrei Iosivas,WR,CIN,232.61,14.01,210.0,257.0,2026-03-27
Devaughn Vele,WR,NO,235.68,17.05,171.0,253.0,2026-03-27
Roman Wilson,WR,PIT,236.0,0.0,236.0,236.0,2026-03-27
Jalen Royals,WR,KC,236.35,10.78,222.0,260.0,2026-03-27
Konata Mumpfield,WR,LAR,238.29,14.49,210.0,257.0,2026-03-27
Jaleel McLaughlin,RB,DEN,238.61,16.77,217.0,290.0,2026-03-27
LeQuint Allen Jr.,RB,JAC,239.53,18.4,208.0,287.0,2026-03-27
Jalen Nailor,WR,LV,239.6,34.88,179.0,269.0,2026-03-27
Elijah Sarratt,WR,FA,241.09,18.59,200.0,268.0,2026-03-27
Kenyon Sadiq,TE,FA,242.4,13.29,216.0,250.0,2026-03-27
Christian Kirk,WR,SF,242.95,14.89,227.0,302.0,2026-03-27
Jeremy McNichols,RB,WAS,243.0,0.0,243.0,243.0,2026-03-27
Isaac Guerendo,RB,SF,243.11,18.14,224.0,300.0,2026-03-27
Le'Veon Moss,RB,FA,243.5,14.5,229.0,258.0,2026-03-27
Greg Dortch,WR,DET,245.0,0.0,245.0,245.0,2026-03-27
George Holani,RB,SEA,245.74,23.23,199.0,273.0,2026-03-27
Jake Tonges,TE,SF,246.11,28.18,218.0,317.0,2026-03-27
Mike Gesicki,TE,CIN,246.18,10.28,216.0,258.0,2026-03-27
J'Mari Taylor,RB,FA,246.5,21.5,225.0,268.0,2026-03-27
Eli Stowers,TE,FA,247.64,12.18,224.0,275.0,2026-03-27
Malachi Fields,WR,FA,247.8,9.08,230.0,265.0,2026-03-27
Bam Knight,RB,ARI,247.93,16.74,226.0,270.0,2026-03-27
Cedric Tillman,WR,CLE,249.0,10.54,220.0,261.0,2026-03-27
Calvin Austin III,WR,NYG,249.44,12.11,230.0,271.0,2026-03-27
Tyquan Thornton,WR,KC,249.95,11.1,225.0,266.0,2026-03-27
Malik Davis,RB,DAL,250.11,11.58,232.0,277.0,2026-03-27
Noah Gray,TE,KC,250.27,15.75,230.0,273.0,2026-03-27
Hollywood Brown,WR,PHI,250.42,11.01,232.0,285.0,2026-03-27
Jaydon Blue,RB,DAL,250.68,21.97,210.0,283.0,2026-03-27
Audric Estime,RB,NO,250.75,13.25,229.0,274.0,2026-03-27
Chris Brooks,RB,GB,251.47,15.7,215.0,291.0,2026-03-27
Kendrick Bourne,WR,ARI,252.0,0.0,252.0,252.0,2026-03-27
Demond Claiborne,RB,FA,252.2,19.31,220.0,281.0,2026-03-27
Malik Washington,WR,MIA,252.94,19.0,180.0,279.0,2026-03-27
Ted Hurst,WR,FA,256.0,10.0,246.0,266.0,2026-03-27
Jam Miller,RB,FA,256.0,0.0,256.0,256.0,2026-03-27
Tommy Myers,TE,FA,256.2,5.38,250.0,262.0,2026-03-27
Dont'e Thornton Jr.,WR,LV,256.57,17.9,240.0,305.0,2026-03-27
Justice Hill,RB,BAL,257.22,15.8,217.0,290.0,2026-03-27
Noah Brown,WR,FA,258.0,0.0,258.0,258.0,2026-03-27
Luke McCaffrey,WR,WAS,258.0,18.75,242.0,329.0,2026-03-27
DJ Giddens,RB,IND,258.06,17.64,216.0,299.0,2026-03-27
John Bates,TE,WAS,258.6,26.44,240.0,310.0,2026-03-27
Tez Johnson,WR,TB,259.45,17.13,237.0,308.0,2026-03-27
Ja'Kobi Lane,WR,FA,259.5,3.5,256.0,263.0,2026-03-27
Zachariah Branch,WR,FA,259.64,17.88,222.0,301.0,2026-03-27
Olamide Zaccheaus,WR,ATL,259.8,17.81,231.0,307.0,2026-03-27
Skyler Bell,WR,FA,260.0,9.0,251.0,269.0,2026-03-27
Devin Singletary,RB,NYG,260.11,10.14,243.0,284.0,2026-03-27
Kalif Raymond,WR,CHI,260.75,41.51,210.0,325.0,2026-03-27
Mitch Tinsley,WR,CIN,263.0,0.0,263.0,263.0,2026-03-27
John Metchie III,WR,CAR,263.67,21.68,253.0,322.0,2026-03-27
Darren Waller,TE,FA,263.8,13.48,246.0,281.0,2026-03-27
Darnell Washington,TE,PIT,263.8,33.39,221.0,300.0,2026-03-27
Elijah Arroyo,TE,SEA,264.4,15.97,235.0,283.0,2026-03-27
Germie Bernard,WR,FA,264.8,23.8,212.0,318.0,2026-03-27
Kaelon Black,RB,FA,265.0,0.0,265.0,265.0,2026-03-27
Arian Smith,WR,NYJ,265.0,0.0,265.0,265.0,2026-03-27
Jaylin Lane,WR,WAS,265.63,4.85,262.0,278.0,2026-03-27
Chris Bell,WR,FA,265.8,35.32,206.0,317.0,2026-03-27
Joshua Palmer,WR,BUF,265.89,15.28,257.0,305.0,2026-03-27
Treylon Burks,WR,WAS,266.0,0.0,266.0,266.0,2026-03-27
MarShawn Lloyd,RB,GB,266.22,9.82,238.0,276.0,2026-03-27
Trevor Etienne,RB,CAR,266.47,10.3,247.0,288.0,2026-03-27
Jared Wiley,TE,KC,267.0,0.0,267.0,267.0,2026-03-27
Bryce Lance,WR,FA,267.0,0.0,267.0,267.0,2026-03-27
DeMario Douglas,WR,NE,267.89,15.91,243.0,308.0,2026-03-27
Samaje Perine,RB,CIN,268.21,17.07,216.0,301.0,2026-03-27
Jarquez Hunter,RB,LAR,268.33,13.73,251.0,314.0,2026-03-27
Emari Demercado,RB,KC,268.82,10.57,231.0,278.0,2026-03-27
Noah Fant,TE,NO,269.0,19.13,254.0,296.0,2026-03-27
Xavier Hutchinson,WR,HOU,270.11,13.28,261.0,302.0,2026-03-27
Tutu Atwell,WR,MIA,270.75,38.64,218.0,327.0,2026-03-27
Will Shipley,RB,PHI,272.44,12.21,259.0,319.0,2026-03-27
Kareem Hunt,RB,FA,273.61,13.47,239.0,315.0,2026-03-27
Michael Carter,RB,FA,274.0,8.65,261.0,297.0,2026-03-27
KaVontae Turpin,WR,DAL,274.0,0.0,274.0,274.0,2026-03-27
Ben Sinnott,TE,WAS,274.4,25.5,250.0,323.0,2026-03-27
Ty Chandler,RB,NO,276.0,0.0,276.0,276.0,2026-03-27
Michael Mayer,TE,LV,277.0,33.45,229.0,331.0,2026-03-27
Austin Ekeler,RB,FA,278.4,14.12,270.0,320.0,2026-03-27
Jordan James,RB,SF,278.94,24.02,201.0,334.0,2026-03-27
Tahj Brooks,RB,CIN,279.22,9.18,271.0,311.0,2026-03-27
Nick Chubb,RB,FA,280.06,8.89,272.0,314.0,2026-03-27
Antonio Gibson,RB,FA,280.6,1.96,278.0,284.0,2026-03-27
Jawhar Jordan,RB,HOU,281.14,5.44,276.0,293.0,2026-03-27
Miles Sanders,RB,FA,284.0,0.0,284.0,284.0,2026-03-27
Tyler Higbee,TE,LAR,286.8,26.0,249.0,320.0,2026-03-27
Tyler Goodson,RB,ATL,287.0,0.0,287.0,287.0,2026-03-27
Raheim Sanders,RB,CLE,288.0,14.94,278.0,321.0,2026-03-27
Luke Musgrave,TE,GB,288.0,15.12,269.0,306.0,2026-03-27
Terrell Jennings,RB,NE,288.5,22.22,275.0,338.0,2026-03-27
Dameon Pierce,RB,PHI,290.17,21.09,279.0,337.0,2026-03-27
Tyler Badie,RB,DEN,291.0,42.0,249.0,333.0,2026-03-27
Roschon Johnson,RB,CHI,291.0,0.0,291.0,291.0,2026-03-27
Deion Burks,WR,FA,292.0,0.0,292.0,292.0,2026-03-27
Reggie Virgil,WR,FA,294.0,0.0,294.0,294.0,2026-03-27
Ja'Tavion Sanders,TE,CAR,295.0,6.53,287.0,303.0,2026-03-27
JuJu Smith-Schuster,WR,FA,295.0,0.0,295.0,295.0,2026-03-27
Jaydn Ott,RB,FA,296.0,0.0,296.0,296.0,2026-03-27
Tyrell Shavers,WR,BUF,297.0,0.0,297.0,297.0,2026-03-27
Brenen Thompson,WR,FA,298.0,0.0,298.0,298.0,2026-03-27
Jonnu Smith,TE,FA,299.0,13.74,286.0,318.0,2026-03-27
Erick All Jr.,TE,CIN,299.0,0.0,299.0,299.0,2026-03-27
Kevin Coleman Jr.,WR,FA,299.0,0.0,299.0,299.0,2026-03-27
Cole Kmet,TE,CHI,300.67,7.93,290.0,309.0,2026-03-27
Dawson Knox,TE,BUF,302.75,23.62,270.0,334.0,2026-03-27
David Sills V,WR,FA,310.0,0.0,310.0,310.0,2026-03-27
Savion Williams,WR,GB,311.0,0.0,311.0,311.0,2026-03-27
Thomas Fidone II,TE,NYG,313.0,15.0,298.0,328.0,2026-03-27
Mitchell Evans,TE,CAR,313.0,0.0,313.0,313.0,2026-03-27
Elijah Higgins,TE,ARI,313.67,16.82,292.0,333.0,2026-03-27
Zach Ertz,TE,FA,314.33,16.82,295.0,336.0,2026-03-27
Tommy Tremble,TE,CAR,315.0,0.0,315.0,315.0,2026-03-27
Max Klare,TE,FA,315.5,3.5,312.0,319.0,2026-03-27
Charlie Kolar,TE,LAC,316.0,0.0,316.0,316.0,2026-03-27
Michael Trigg,TE,FA,317.5,11.5,306.0,329.0,2026-03-27
Taysom Hill,TE,FA,318.0,21.0,297.0,339.0,2026-03-27
Zay Jones,WR,FA,321.0,0.0,321.0,321.0,2026-03-27
Sam Roush,TE,FA,322.0,0.0,322.0,322.0,2026-03-27
Josh Cameron,WR,FA,323.0,0.0,323.0,323.0,2026-03-27
Jimmy Horn Jr.,WR,CAR,324.0,0.0,324.0,324.0,2026-03-27
Robert Henry Jr.,RB,FA,324.0,0.0,324.0,324.0,2026-03-27
Demarcus Robinson,WR,SF,325.0,0.0,325.0,325.0,2026-03-27
Jackson Hawes,TE,BUF,326.0,0.0,326.0,326.0,2026-03-27
Justin Joly,TE,FA,326.0,0.0,326.0,326.0,2026-03-27
Dyami Brown,WR,WAS,327.0,0.0,327.0,327.0,2026-03-27
Austin Hooper,TE,ATL,328.0,0.0,328.0,328.0,2026-03-27
Desmond Reid,RB,FA,330.0,0.0,330.0,330.0,2026-03-27
Jack Endries,TE,FA,331.0,0.0,331.0,331.0,2026-03-27
Jeremy Ruckert,TE,NYJ,332.0,0.0,332.0,332.0,2026-03-27
Roman Hemby,RB,FA,332.0,0.0,332.0,332.0,2026-03-27
Tanner Koziol,TE,FA,335.0,0.0,335.0,335.0,2026-03-27
Josh Allen,QB,BUF,1.15,0.36,1.0,2.0,2026-03-20
Drake Maye,QB,NE,3.23,1.67,2.0,8.0,2026-03-20
Lamar Jackson,QB,BAL,3.77,3.56,2.0,16.0,2026-03-20
Joe Burrow,QB,CIN,4.77,1.62,2.0,8.0,2026-03-20
Jayden Daniels,QB,WAS,6.31,3.67,4.0,18.0,2026-03-20
Jalen Hurts,QB,PHI,6.85,3.03,3.0,16.0,2026-03-20
Puka Nacua,WR,LAR,8.31,2.49,6.0,11.0,2026-03-20
Ja'Marr Chase,WR,CIN,8.85,2.66,6.0,12.0,2026-03-20
Bijan Robinson,RB,ATL,10.23,0.8,10.0,13.0,2026-03-20
Jaxson Dart,QB,NYG,11.46,6.18,7.0,29.0,2026-03-20
Jaxon Smith-Njigba,WR,SEA,12.0,0.68,11.0,14.0,2026-03-20
Jahmyr Gibbs,RB,DET,12.77,0.8,10.0,13.0,2026-03-20
Justin Herbert,QB,LAC,14.15,7.54,8.0,32.0,2026-03-20
Caleb Williams,QB,CHI,15.38,5.88,7.0,26.0,2026-03-20
CeeDee Lamb,WR,DAL,17.08,3.41,14.0,23.0,2026-03-20
Trevor Lawrence,QB,JAC,17.62,6.02,9.0,29.0,2026-03-20
Christian McCaffrey,RB,SF,18.69,8.47,15.0,46.0,2026-03-20
Amon-Ra St. Brown,WR,DET,18.92,2.73,14.0,21.0,2026-03-20
Dak Prescott,QB,DAL,19.0,4.71,8.0,26.0,2026-03-20
Justin Jefferson,WR,MIN,19.92,3.83,12.0,23.0,2026-03-20
Brock Purdy,QB,SF,20.46,4.48,16.0,30.0,2026-03-20
Patrick Mahomes II,QB,KC,21.69,5.07,16.0,29.0,2026-03-20
Jonathan Taylor,RB,IND,23.62,7.68,15.0,48.0,2026-03-20
Malik Nabers,WR,NYG,25.08,3.89,21.0,34.0,2026-03-20
Drake London,WR,ATL,25.46,6.8,21.0,45.0,2026-03-20
Nico Collins,WR,HOU,27.85,3.48,23.0,35.0,2026-03-20
Bo Nix,QB,DEN,28.92,4.32,19.0,32.0,2026-03-20
George Pickens,WR,DAL,31.23,3.91,24.0,35.0,2026-03-20
Matthew Stafford,QB,LAR,31.62,7.5,17.0,50.0,2026-03-20
James Cook III,RB,BUF,31.85,7.09,17.0,40.0,2026-03-20
De'Von Achane,RB,MIA,32.31,8.84,22.0,48.0,2026-03-20
Chris Olave,WR,NO,33.0,6.41,24.0,50.0,2026-03-20
Trey McBride,TE,ARI,33.46,3.69,31.0,39.0,2026-03-20
Rashee Rice,WR,KC,35.31,12.71,27.0,68.0,2026-03-20
Ashton Jeanty,RB,LV,36.15,8.56,23.0,54.0,2026-03-20
Brock Bowers,TE,LV,36.54,3.69,31.0,39.0,2026-03-20
A.J. Brown,WR,PHI,37.92,6.71,27.0,52.0,2026-03-20
Jared Goff,QB,DET,38.0,9.42,12.0,55.0,2026-03-20
Jordan Love,QB,GB,38.92,9.68,29.0,55.0,2026-03-20
Omarion Hampton,RB,LAC,40.62,4.7,33.0,48.0,2026-03-20
Saquon Barkley,RB,PHI,42.92,7.43,25.0,54.0,2026-03-20
Marcus Mariota,QB,WAS,43.0,0.0,43.0,43.0,2026-03-20
Chase Brown,RB,CIN,43.08,6.18,33.0,57.0,2026-03-20
Kirk Cousins,QB,FA,44.0,0.0,44.0,44.0,2026-03-20
Tetairoa McMillan,WR,CAR,44.23,4.59,35.0,55.0,2026-03-20
Garrett Wilson,WR,NYJ,45.85,6.89,36.0,59.0,2026-03-20
Tee Higgins,WR,CIN,46.62,7.16,35.0,62.0,2026-03-20
Baker Mayfield,QB,TB,47.15,7.93,41.0,66.0,2026-03-20
Tyler Shough,QB,NO,50.62,10.7,20.0,66.0,2026-03-20
Josh Jacobs,RB,GB,51.23,5.75,40.0,65.0,2026-03-20
Malik Willis,QB,MIA,51.46,17.66,30.0,87.0,2026-03-20
Kenneth Walker III,RB,KC,51.62,9.78,37.0,67.0,2026-03-20
Zay Flowers,WR,BAL,52.69,8.83,36.0,68.0,2026-03-20
Ladd McConkey,WR,LAC,54.15,6.47,45.0,72.0,2026-03-20
Kyler Murray,QB,MIN,56.23,20.68,18.0,102.0,2026-03-20
C.J. Stroud,QB,HOU,56.77,8.08,41.0,70.0,2026-03-20
Bucky Irving,RB,TB,58.08,13.5,42.0,85.0,2026-03-20
Jeremiyah Love,RB,FA,58.17,9.82,40.0,72.0,2026-03-20
Derrick Henry,RB,BAL,58.77,6.37,46.0,67.0,2026-03-20
Luther Burden III,WR,CHI,59.08,6.91,44.0,69.0,2026-03-20
Davante Adams,WR,LAR,59.92,10.9,44.0,80.0,2026-03-20
DeVonta Smith,WR,PHI,60.31,8.74,44.0,72.0,2026-03-20
Breece Hall,RB,NYJ,61.92,7.51,54.0,77.0,2026-03-20
Jaylen Waddle,WR,DEN,63.15,7.65,53.0,82.0,2026-03-20
Jameson Williams,WR,DET,63.46,10.76,51.0,90.0,2026-03-20
Mike Evans,WR,SF,64.62,10.76,44.0,75.0,2026-03-20
Colston Loveland,TE,CHI,64.69,16.64,47.0,86.0,2026-03-20
Terry McLaurin,WR,WAS,64.85,7.09,51.0,80.0,2026-03-20
Sam Darnold,QB,SEA,66.85,23.53,41.0,142.0,2026-03-20
Kyren Williams,RB,LAR,67.0,3.21,61.0,74.0,2026-03-20
Javonte Williams,RB,DAL,68.23,9.39,49.0,81.0,2026-03-20
Bryce Young,QB,CAR,71.62,9.03,56.0,87.0,2026-03-20
Travis Etienne Jr.,RB,NO,72.0,8.55,51.0,79.0,2026-03-20
Cam Ward,QB,TEN,74.15,23.34,64.0,154.0,2026-03-20
Emeka Egbuka,WR,TB,74.31,10.05,57.0,90.0,2026-03-20
Courtland Sutton,WR,DEN,77.54,8.07,72.0,96.0,2026-03-20
Harold Fannin Jr.,TE,CLE,78.69,20.51,47.0,113.0,2026-03-20
Christian Watson,WR,GB,79.0,9.41,68.0,96.0,2026-03-20
TreVeyon Henderson,RB,NE,79.31,9.96,58.0,97.0,2026-03-20
Tyler Warren,TE,IND,79.77,13.92,47.0,93.0,2026-03-20
RJ Harvey,RB,DEN,80.77,10.42,65.0,98.0,2026-03-20
Rome Odunze,WR,CHI,81.85,15.92,53.0,110.0,2026-03-20
Cam Skattebo,RB,NYG,82.69,11.01,62.0,105.0,2026-03-20
DK Metcalf,WR,PIT,84.0,9.49,69.0,109.0,2026-03-20
Quinshon Judkins,RB,CLE,85.0,6.52,73.0,98.0,2026-03-20
Daniel Jones,QB,IND,85.54,26.15,55.0,167.0,2026-03-20
D'Andre Swift,RB,CHI,86.08,6.31,71.0,97.0,2026-03-20
Jakobi Meyers,WR,JAC,88.31,10.27,75.0,108.0,2026-03-20
DJ Moore,WR,BUF,88.54,22.13,52.0,124.0,2026-03-20
Chris Godwin Jr.,WR,TB,89.23,6.31,73.0,98.0,2026-03-20
David Montgomery,RB,HOU,89.46,15.07,67.0,132.0,2026-03-20
Tucker Kraft,TE,GB,91.38,10.32,78.0,114.0,2026-03-20
Ricky Pearsall,WR,SF,91.46,9.67,72.0,109.0,2026-03-20
Fernando Mendoza,QB,FA,91.63,28.0,64.0,162.0,2026-03-20
Brian Thomas Jr.,WR,JAC,93.77,10.31,80.0,114.0,2026-03-20
Jaylen Warren,RB,PIT,94.85,5.64,85.0,106.0,2026-03-20
J.J. McCarthy,QB,MIN,95.67,33.54,70.0,177.0,2026-03-20
Marvin Harrison Jr.,WR,ARI,97.31,6.98,84.0,110.0,2026-03-20
Michael Penix Jr.,QB,ATL,99.09,28.63,76.0,168.0,2026-03-20
Wan'Dale Robinson,WR,TEN,99.92,16.2,72.0,117.0,2026-03-20
Rico Dowdle,RB,PIT,99.92,6.66,89.0,118.0,2026-03-20
Sam LaPorta,TE,DET,100.46,4.78,93.0,104.0,2026-03-20
Kyle Monangai,RB,CHI,101.38,6.66,95.0,119.0,2026-03-20
Michael Wilson,WR,ARI,101.77,12.44,80.0,122.0,2026-03-20
Bhayshul Tuten,RB,JAC,102.38,20.12,74.0,134.0,2026-03-20
Rhamondre Stevenson,RB,NE,102.77,9.21,92.0,120.0,2026-03-20
Michael Pittman Jr.,WR,PIT,102.85,4.35,93.0,110.0,2026-03-20
Alec Pierce,WR,IND,103.08,17.53,63.0,122.0,2026-03-20
Kyle Pitts Sr.,TE,ATL,103.85,5.84,87.0,113.0,2026-03-20
Chuba Hubbard,RB,CAR,106.23,15.02,81.0,132.0,2026-03-20
Tony Pollard,RB,TEN,108.15,11.41,91.0,131.0,2026-03-20
Carnell Tate,WR,FA,108.33,5.25,100.0,114.0,2026-03-20
Jacoby Brissett,QB,ARI,109.69,27.33,64.0,166.0,2026-03-20
Jordan Addison,WR,MIN,111.0,9.39,89.0,129.0,2026-03-20
Stefon Diggs,WR,FA,117.0,23.19,90.0,170.0,2026-03-20
Parker Washington,WR,JAC,117.08,13.37,100.0,135.0,2026-03-20
Blake Corum,RB,LAR,117.85,10.11,104.0,141.0,2026-03-20
Jake Ferguson,TE,DAL,120.08,5.2,113.0,128.0,2026-03-20
Khalil Shakir,WR,BUF,120.46,8.35,112.0,139.0,2026-03-20
Aaron Jones Sr.,RB,MIN,121.0,7.7,108.0,132.0,2026-03-20
Shedeur Sanders,QB,CLE,121.09,36.91,83.0,182.0,2026-03-20
Dalton Kincaid,TE,BUF,121.23,12.24,113.0,161.0,2026-03-20
James Conner,RB,ARI,122.62,16.18,103.0,150.0,2026-03-20
Quentin Johnston,WR,LAC,124.15,9.53,109.0,140.0,2026-03-20
Aaron Rodgers,QB,FA,124.6,45.98,60.0,182.0,2026-03-20
Oronde Gadsden II,TE,LAC,124.69,11.3,115.0,157.0,2026-03-20
Juwan Johnson,TE,NO,125.92,6.31,115.0,136.0,2026-03-20
Alvin Kamara,RB,NO,126.23,9.81,108.0,143.0,2026-03-20
Zach Charbonnet,RB,SEA,128.15,26.82,95.0,204.0,2026-03-20
Kenneth Gainwell,RB,TB,129.23,14.53,103.0,141.0,2026-03-20
Tyler Allgeier,RB,ARI,129.77,16.56,105.0,152.0,2026-03-20
Josh Downs,WR,IND,130.08,12.57,107.0,146.0,2026-03-20
Woody Marks,RB,HOU,130.62,17.09,103.0,157.0,2026-03-20
Jauan Jennings,WR,FA,132.08,15.14,110.0,160.0,2026-03-20
Jayden Higgins,WR,HOU,132.92,7.7,123.0,148.0,2026-03-20
Brenton Strange,TE,JAC,133.69,17.11,113.0,174.0,2026-03-20
Jayden Reed,WR,GB,134.23,6.14,123.0,147.0,2026-03-20
Xavier Worthy,WR,KC,136.31,5.13,127.0,146.0,2026-03-20
Tyreek Hill,WR,FA,138.54,11.7,123.0,162.0,2026-03-20
Trey Benson,RB,ARI,139.38,19.82,116.0,169.0,2026-03-20
J.K. Dobbins,RB,DEN,139.54,24.83,96.0,162.0,2026-03-20
Jacory Croskey-Merritt,RB,WAS,139.54,7.28,127.0,152.0,2026-03-20
Ty Simpson,QB,FA,140.0,0.0,140.0,140.0,2026-03-20
Dylan Sampson,RB,CLE,140.54,7.64,130.0,158.0,2026-03-20
Travis Kelce,TE,KC,144.62,26.66,106.0,183.0,2026-03-20
Deebo Samuel Sr.,WR,FA,144.77,9.56,133.0,159.0,2026-03-20
Romeo Doubs,WR,NE,145.38,28.83,107.0,175.0,2026-03-20
Tua Tagovailoa,QB,ATL,145.42,17.98,126.0,177.0,2026-03-20
Jordyn Tyson,WR,FA,145.85,38.43,108.0,218.0,2026-03-20
Tyjae Spears,RB,TEN,145.85,8.64,130.0,163.0,2026-03-20
Mac Jones,QB,SF,146.33,24.28,118.0,184.0,2026-03-20
Dalton Schultz,TE,HOU,146.77,7.74,136.0,164.0,2026-03-20
Rachaad White,RB,WAS,146.77,19.76,106.0,172.0,2026-03-20
Tyrone Tracy Jr.,RB,NYG,148.15,6.47,132.0,156.0,2026-03-20
Jalen Coker,WR,CAR,149.0,5.88,140.0,160.0,2026-03-20
Jordan Mason,RB,MIN,149.31,8.36,131.0,159.0,2026-03-20
Isaiah Likely,TE,NYG,149.77,22.07,111.0,189.0,2026-03-20
Makai Lemon,WR,FA,149.92,42.33,90.0,234.0,2026-03-20
Jerry Jeudy,WR,CLE,150.54,8.5,139.0,166.0,2026-03-20
George Kittle,TE,SF,151.54,25.99,121.0,216.0,2026-03-20
Dallas Goedert,TE,PHI,153.38,12.4,139.0,183.0,2026-03-20
Hunter Henry,TE,NE,154.54,10.15,136.0,174.0,2026-03-20
Adonai Mitchell,WR,NYJ,154.92,7.4,146.0,169.0,2026-03-20
Travis Hunter,WR,JAC,157.08,32.6,101.0,230.0,2026-03-20
Braelon Allen,RB,NYJ,157.62,15.46,138.0,200.0,2026-03-20
Deshaun Watson,QB,CLE,158.0,19.0,139.0,177.0,2026-03-20
Isiah Pacheco,RB,DET,159.38,7.1,143.0,172.0,2026-03-20
Troy Franklin,WR,DEN,160.54,13.83,144.0,192.0,2026-03-20
Rashid Shaheed,WR,SEA,162.54,8.79,149.0,175.0,2026-03-20
Mark Andrews,TE,BAL,165.15,8.67,142.0,174.0,2026-03-20
Emmett Johnson,RB,FA,165.25,39.19,134.0,267.0,2026-03-20
Matthew Golden,WR,GB,165.62,9.94,134.0,175.0,2026-03-20
Geno Smith,QB,NYJ,165.78,32.54,94.0,184.0,2026-03-20
Chimere Dike,WR,TEN,168.85,13.1,151.0,200.0,2026-03-20
Jadarian Price,RB,FA,169.89,42.29,131.0,259.0,2026-03-20
Tre Harris,WR,LAC,172.46,15.97,147.0,210.0,2026-03-20
Jaylin Noel,WR,HOU,172.62,12.66,142.0,188.0,2026-03-20
Kayshon Boutte,WR,NE,173.08,10.85,149.0,191.0,2026-03-20
Tank Bigsby,RB,PHI,174.62,16.12,156.0,213.0,2026-03-20
Denzel Boston,WR,FA,175.13,28.77,135.0,236.0,2026-03-20
Jonah Coleman,RB,FA,176.56,36.58,129.0,243.0,2026-03-20
Kimani Vidal,RB,LAC,178.15,22.54,165.0,237.0,2026-03-20
Jalen McMillan,WR,TB,178.54,16.6,137.0,193.0,2026-03-20
Keaton Mitchell,RB,LAC,178.92,15.52,162.0,226.0,2026-03-20
Elic Ayomanor,WR,TEN,179.31,9.13,167.0,193.0,2026-03-20
Pat Bryant,WR,DEN,179.77,6.22,171.0,195.0,2026-03-20
Anthony Richardson Sr.,QB,IND,180.14,2.8,177.0,184.0,2026-03-20
Justin Fields,QB,KC,181.0,0.0,181.0,181.0,2026-03-20
K.C. Concepcion,WR,FA,181.67,27.41,137.0,237.0,2026-03-20
Joe Milton III,QB,DAL,182.4,0.8,182.0,184.0,2026-03-20
Brandon Aiyuk,WR,SF,183.38,17.57,161.0,218.0,2026-03-20
Garrett Nussmeier,QB,FA,184.0,0.0,184.0,184.0,2026-03-20
Devin Neal,RB,NO,184.15,26.58,165.0,247.0,2026-03-20
Brian Robinson Jr.,RB,FA,184.38,12.95,166.0,208.0,2026-03-20
AJ Barner,TE,SEA,188.23,15.35,142.0,210.0,2026-03-20
T.J. Hockenson,TE,MIN,188.23,9.99,157.0,197.0,2026-03-20
Tre Tucker,WR,LV,188.85,8.59,175.0,204.0,2026-03-20
Emanuel Wilson,RB,SEA,189.08,20.05,145.0,216.0,2026-03-20
Marvin Mims Jr.,WR,DEN,193.31,4.75,180.0,201.0,2026-03-20
Chris Rodriguez Jr.,RB,JAC,193.46,28.96,152.0,225.0,2026-03-20
Ryan Flournoy,WR,DAL,193.69,12.69,178.0,229.0,2026-03-20
Jonathon Brooks,RB,CAR,193.77,25.91,143.0,225.0,2026-03-20
Mason Taylor,TE,NYJ,194.23,15.2,148.0,206.0,2026-03-20
Mike Washington Jr.,RB,FA,194.88,46.57,147.0,281.0,2026-03-20
Darnell Mooney,WR,NYG,194.92,12.75,180.0,236.0,2026-03-20
Calvin Ridley,WR,TEN,197.08,11.55,171.0,222.0,2026-03-20
Isaac TeSlaa,WR,DET,197.31,4.91,189.0,207.0,2026-03-20
Rashod Bateman,WR,BAL,201.46,8.28,193.0,224.0,2026-03-20
Jaylen Wright,RB,MIA,201.54,9.43,186.0,217.0,2026-03-20
Kaleb Johnson,RB,PIT,201.85,43.87,159.0,277.0,2026-03-20
Kendre Miller,RB,NO,201.92,25.95,176.0,252.0,2026-03-20
Mack Hollins,WR,NE,202.15,12.52,188.0,230.0,2026-03-20
Theo Johnson,TE,NYG,202.69,21.91,174.0,245.0,2026-03-20
Jordan Whittington,WR,LAR,203.0,0.0,203.0,203.0,2026-03-20
Xavier Legette,WR,CAR,204.08,7.19,191.0,215.0,2026-03-20
Keon Coleman,WR,BUF,204.46,17.84,181.0,245.0,2026-03-20
DeAndre Hopkins,WR,BAL,205.0,0.0,205.0,205.0,2026-03-20
Kyle Williams,WR,NE,205.69,8.63,196.0,227.0,2026-03-20
Najee Harris,RB,LAC,205.75,14.02,173.0,229.0,2026-03-20
Ray Davis,RB,BUF,205.85,10.86,186.0,217.0,2026-03-20
Omar Cooper Jr.,WR,FA,206.0,34.31,138.0,260.0,2026-03-20
Isaiah Davis,RB,NYJ,206.69,17.59,185.0,235.0,2026-03-20
Sean Tucker,RB,TB,207.85,17.06,180.0,252.0,2026-03-20
Dontayvion Wicks,WR,GB,207.92,10.69,190.0,233.0,2026-03-20
Chig Okonkwo,TE,WAS,210.38,13.71,186.0,227.0,2026-03-20
Terrance Ferguson,TE,LAR,211.08,13.21,194.0,241.0,2026-03-20
Jerome Ford,RB,WAS,211.17,26.79,172.0,261.0,2026-03-20
Brashard Smith,RB,KC,211.46,15.3,180.0,232.0,2026-03-20
Keenan Allen,WR,LAC,211.77,9.81,198.0,233.0,2026-03-20
Gunnar Helm,TE,TEN,213.69,9.0,203.0,233.0,2026-03-20
David Njoku,TE,FA,215.0,11.42,187.0,237.0,2026-03-20
Joe Mixon,RB,FA,215.25,34.5,166.0,283.0,2026-03-20
Cooper Kupp,WR,SEA,216.77,22.3,188.0,282.0,2026-03-20
Darius Slayton,WR,NYG,218.69,11.97,199.0,236.0,2026-03-20
Nick Westbrook-Ikhine,WR,IND,219.0,0.0,219.0,219.0,2026-03-20
Kenyon Sadiq,TE,FA,219.38,17.92,199.0,250.0,2026-03-20
Ollie Gordon II,RB,MIA,220.85,8.31,207.0,238.0,2026-03-20
Tory Horton,WR,SEA,220.92,7.16,207.0,242.0,2026-03-20
Seth McGowan,RB,FA,222.0,0.0,222.0,222.0,2026-03-20
Kaytron Allen,RB,FA,223.0,34.23,184.0,279.0,2026-03-20
Jahan Dotson,WR,ATL,225.0,59.62,160.0,304.0,2026-03-20
Chris Brazzell II,WR,FA,225.83,21.64,193.0,265.0,2026-03-20
Antonio Williams,WR,FA,226.0,8.0,218.0,234.0,2026-03-20
Jalen Tolbert,WR,MIA,226.5,36.5,190.0,263.0,2026-03-20
Greg Dulcich,TE,MIA,226.5,53.27,144.0,291.0,2026-03-20
Tank Dell,WR,HOU,227.85,10.94,211.0,255.0,2026-03-20
Daniel Bellinger,TE,TEN,228.0,0.0,228.0,228.0,2026-03-20
Cade Otton,TE,TB,228.08,11.38,195.0,240.0,2026-03-20
Ty Johnson,RB,BUF,228.08,10.62,210.0,248.0,2026-03-20
Adam Randall,RB,FA,228.5,14.5,214.0,243.0,2026-03-20
Colby Parkinson,TE,LAR,229.15,10.65,208.0,250.0,2026-03-20
Nicholas Singleton,RB,FA,229.25,27.79,199.0,276.0,2026-03-20
Evan Engram,TE,DEN,229.46,2.5,227.0,234.0,2026-03-20
Jack Bech,WR,LV,229.62,12.47,201.0,245.0,2026-03-20
Jalen Nailor,WR,LV,229.7,38.87,179.0,269.0,2026-03-20
Andrei Iosivas,WR,CIN,231.33,16.27,210.0,257.0,2026-03-20
Isaiah Bond,WR,CLE,233.08,17.05,210.0,265.0,2026-03-20
Pat Freiermuth,TE,PIT,233.38,5.86,228.0,249.0,2026-03-20
Devaughn Vele,WR,NO,233.92,20.15,171.0,253.0,2026-03-20
Jalen Royals,WR,KC,234.27,10.75,222.0,260.0,2026-03-20
Roman Wilson,WR,PIT,236.0,0.0,236.0,236.0,2026-03-20
Konata Mumpfield,WR,LAR,236.0,14.25,210.0,256.0,2026-03-20
LeQuint Allen Jr.,RB,JAC,238.31,21.1,208.0,287.0,2026-03-20
Elijah Sarratt,WR,FA,238.43,21.44,200.0,268.0,2026-03-20
Jaleel McLaughlin,RB,DEN,238.67,18.87,217.0,290.0,2026-03-20
George Holani,RB,SEA,241.69,25.73,201.0,271.0,2026-03-20
Jeremy McNichols,RB,WAS,243.0,0.0,243.0,243.0,2026-03-20
Le'Veon Moss,RB,FA,243.5,14.5,229.0,258.0,2026-03-20
Isaac Guerendo,RB,SF,243.67,19.66,226.0,300.0,2026-03-20
Bam Knight,RB,ARI,244.0,15.13,226.0,270.0,2026-03-20
Christian Kirk,WR,SF,244.31,17.73,227.0,302.0,2026-03-20
Greg Dortch,WR,DET,245.0,0.0,245.0,245.0,2026-03-20
Demond Claiborne,RB,FA,245.67,19.92,223.0,281.0,2026-03-20
Jaydon Blue,RB,DAL,246.38,22.97,210.0,279.0,2026-03-20
J'Mari Taylor,RB,FA,246.5,21.5,225.0,268.0,2026-03-20
Mike Gesicki,TE,CIN,246.58,11.45,216.0,259.0,2026-03-20
Malachi Fields,WR,FA,247.83,11.88,230.0,265.0,2026-03-20
Cedric Tillman,WR,CLE,248.62,11.84,220.0,261.0,2026-03-20
Eli Stowers,TE,FA,248.71,15.16,224.0,275.0,2026-03-20
Audric Estime,RB,NO,249.4,13.09,232.0,274.0,2026-03-20
Calvin Austin III,WR,NYG,249.67,11.61,236.0,271.0,2026-03-20
Tyquan Thornton,WR,KC,250.0,12.38,225.0,266.0,2026-03-20
Malik Davis,RB,DAL,250.08,12.11,232.0,277.0,2026-03-20
Hollywood Brown,WR,PHI,250.46,12.99,232.0,285.0,2026-03-20
Malik Washington,WR,MIA,250.75,22.72,180.0,279.0,2026-03-20
Chris Brooks,RB,GB,250.92,18.26,215.0,291.0,2026-03-20
Jake Tonges,TE,SF,251.0,29.65,219.0,317.0,2026-03-20
John Bates,TE,WAS,252.6,29.36,227.0,310.0,2026-03-20
Tommy Myers,TE,FA,253.0,5.73,246.0,262.0,2026-03-20
Kendrick Bourne,WR,ARI,253.0,0.0,253.0,253.0,2026-03-20
Noah Gray,TE,KC,254.25,16.31,231.0,273.0,2026-03-20
Justice Hill,RB,BAL,255.0,18.48,217.0,290.0,2026-03-20
Ted Hurst,WR,FA,256.0,10.0,246.0,266.0,2026-03-20
Jam Miller,RB,FA,256.0,0.0,256.0,256.0,2026-03-20
DJ Giddens,RB,IND,256.42,20.11,216.0,299.0,2026-03-20
Zachariah Branch,WR,FA,257.71,22.11,222.0,301.0,2026-03-20
Noah Brown,WR,FA,258.0,0.0,258.0,258.0,2026-03-20
Luke McCaffrey,WR,WAS,258.25,22.25,244.0,329.0,2026-03-20
Devin Singletary,RB,NYG,258.5,11.24,243.0,284.0,2026-03-20
Dont'e Thornton Jr.,WR,LV,259.55,18.76,241.0,305.0,2026-03-20
Olamide Zaccheaus,WR,ATL,259.75,19.91,231.0,307.0,2026-03-20
Ja'Kobi Lane,WR,FA,260.0,3.0,257.0,263.0,2026-03-20
Skyler Bell,WR,FA,260.0,9.0,251.0,269.0,2026-03-20
Kalif Raymond,WR,CHI,261.0,41.52,210.0,325.0,2026-03-20
Tez Johnson,WR,TB,262.44,17.06,242.0,308.0,2026-03-20
Darren Waller,TE,FA,262.8,15.3,240.0,281.0,2026-03-20
Mitch Tinsley,WR,CIN,263.0,0.0,263.0,263.0,2026-03-20
Darnell Washington,TE,PIT,263.8,33.39,221.0,300.0,2026-03-20
Germie Bernard,WR,FA,264.17,30.71,212.0,318.0,2026-03-20
Elijah Arroyo,TE,SEA,264.6,15.98,235.0,283.0,2026-03-20
Arian Smith,WR,NYJ,265.0,0.0,265.0,265.0,2026-03-20
Chris Bell,WR,FA,265.0,45.59,206.0,317.0,2026-03-20
Kaelon Black,RB,FA,265.0,0.0,265.0,265.0,2026-03-20
Treylon Burks,WR,WAS,266.0,0.0,266.0,266.0,2026-03-20
Trevor Etienne,RB,CAR,266.27,10.18,252.0,288.0,2026-03-20
Samaje Perine,RB,CIN,266.31,20.3,216.0,301.0,2026-03-20
Jaylin Lane,WR,WAS,266.67,5.19,263.0,278.0,2026-03-20
John Metchie III,WR,CAR,266.71,23.72,253.0,322.0,2026-03-20
Bryce Lance,WR,FA,267.0,0.0,267.0,267.0,2026-03-20
MarShawn Lloyd,RB,GB,267.25,6.37,255.0,276.0,2026-03-20
Emari Demercado,RB,KC,267.45,11.48,235.0,278.0,2026-03-20
Jared Wiley,TE,KC,268.0,0.0,268.0,268.0,2026-03-20
Joshua Palmer,WR,BUF,268.29,16.56,257.0,305.0,2026-03-20
DeMario Douglas,WR,NE,268.57,17.98,243.0,308.0,2026-03-20
Jarquez Hunter,RB,LAR,268.92,16.08,251.0,314.0,2026-03-20
Noah Fant,TE,NO,269.33,18.87,255.0,296.0,2026-03-20
Tutu Atwell,WR,MIA,271.0,38.61,218.0,327.0,2026-03-20
Xavier Hutchinson,WR,HOU,271.86,14.58,261.0,302.0,2026-03-20
Will Shipley,RB,PHI,273.92,14.46,259.0,319.0,2026-03-20
Kareem Hunt,RB,FA,274.0,15.58,240.0,315.0,2026-03-20
KaVontae Turpin,WR,DAL,274.0,0.0,274.0,274.0,2026-03-20
Michael Carter,RB,FA,274.3,9.73,261.0,297.0,2026-03-20
Ben Sinnott,TE,WAS,274.6,25.49,250.0,323.0,2026-03-20
Ty Chandler,RB,NO,276.0,0.0,276.0,276.0,2026-03-20
Michael Mayer,TE,LV,277.2,33.35,229.0,331.0,2026-03-20
Jordan James,RB,SF,279.25,28.32,202.0,334.0,2026-03-20
Austin Ekeler,RB,FA,280.0,16.45,270.0,320.0,2026-03-20
Antonio Gibson,RB,FA,280.5,2.5,277.0,284.0,2026-03-20
Tahj Brooks,RB,CIN,280.67,10.82,273.0,311.0,2026-03-20
Nick Chubb,RB,FA,281.0,10.69,273.0,314.0,2026-03-20
Jawhar Jordan,RB,HOU,281.8,6.11,276.0,293.0,2026-03-20
Miles Sanders,RB,FA,284.0,0.0,284.0,284.0,2026-03-20
Tyler Higbee,TE,LAR,287.0,25.85,249.0,320.0,2026-03-20
Tyler Goodson,RB,FA,287.0,0.0,287.0,287.0,2026-03-20
Luke Musgrave,TE,GB,288.33,14.7,270.0,306.0,2026-03-20
Raheim Sanders,RB,CLE,288.6,16.45,277.0,321.0,2026-03-20
Terrell Jennings,RB,NE,289.8,24.19,274.0,338.0,2026-03-20
Tyler Badie,RB,DEN,291.0,42.0,249.0,333.0,2026-03-20
Roschon Johnson,RB,CHI,291.0,0.0,291.0,291.0,2026-03-20
Deion Burks,WR,FA,292.0,0.0,292.0,292.0,2026-03-20
Dameon Pierce,RB,PHI,292.4,22.45,279.0,337.0,2026-03-20
Reggie Virgil,WR,FA,294.0,0.0,294.0,294.0,2026-03-20
Ja'Tavion Sanders,TE,CAR,295.0,6.53,287.0,303.0,2026-03-20
JuJu Smith-Schuster,WR,FA,295.0,0.0,295.0,295.0,2026-03-20
Jaydn Ott,RB,FA,296.0,0.0,296.0,296.0,2026-03-20
Tyrell Shavers,WR,BUF,297.0,0.0,297.0,297.0,2026-03-20
Brenen Thompson,WR,FA,298.0,0.0,298.0,298.0,2026-03-20
Jonnu Smith,TE,FA,299.0,13.74,286.0,318.0,2026-03-20
Erick All Jr.,TE,CIN,299.0,0.0,299.0,299.0,2026-03-20
Kevin Coleman Jr.,WR,FA,299.0,0.0,299.0,299.0,2026-03-20
Cole Kmet,TE,CHI,300.67,7.93,290.0,309.0,2026-03-20
Dawson Knox,TE,BUF,303.0,23.27,271.0,334.0,2026-03-20
David Sills V,WR,FA,310.0,0.0,310.0,310.0,2026-03-20
Savion Williams,WR,GB,311.0,0.0,311.0,311.0,2026-03-20
Thomas Fidone II,TE,NYG,313.0,15.0,298.0,328.0,2026-03-20
Mitchell Evans,TE,CAR,313.0,0.0,313.0,313.0,2026-03-20
Elijah Higgins,TE,ARI,313.67,16.82,292.0,333.0,2026-03-20
Zach Ertz,TE,FA,314.33,16.82,295.0,336.0,2026-03-20
Tommy Tremble,TE,CAR,315.0,0.0,315.0,315.0,2026-03-20
Max Klare,TE,FA,315.5,3.5,312.0,319.0,2026-03-20
Charlie Kolar,TE,LAC,316.0,0.0,316.0,316.0,2026-03-20
Michael Trigg,TE,FA,317.5,11.5,306.0,329.0,2026-03-20
Taysom Hill,TE,FA,318.0,21.0,297.0,339.0,2026-03-20
Zay Jones,WR,FA,321.0,0.0,321.0,321.0,2026-03-20
Sam Roush,TE,FA,322.0,0.0,322.0,322.0,2026-03-20
Josh Cameron,WR,FA,323.0,0.0,323.0,323.0,2026-03-20
Jimmy Horn Jr.,WR,CAR,324.0,0.0,324.0,324.0,2026-03-20
Robert Henry Jr.,RB,FA,324.0,0.0,324.0,324.0,2026-03-20
Demarcus Robinson,WR,SF,325.0,0.0,325.0,325.0,2026-03-20
Jackson Hawes,TE,BUF,326.0,0.0,326.0,326.0,2026-03-20
Justin Joly,TE,FA,326.0,0.0,326.0,326.0,2026-03-20
Dyami Brown,WR,WAS,327.0,0.0,327.0,327.0,2026-03-20
Austin Hooper,TE,ATL,328.0,0.0,328.0,328.0,2026-03-20
Desmond Reid,RB,FA,330.0,0.0,330.0,330.0,2026-03-20
Jack Endries,TE,FA,331.0,0.0,331.0,331.0,2026-03-20
Jeremy Ruckert,TE,NYJ,332.0,0.0,332.0,332.0,2026-03-20
Roman Hemby,RB,FA,332.0,0.0,332.0,332.0,2026-03-20
Tanner Koziol,TE,FA,335.0,0.0,335.0,335.0,2026-03-20
Josh Allen,QB,BUF,1.1,0.3,1.0,2.0,2026-03-13
Drake Maye,QB,NE,3.1,1.81,2.0,8.0,2026-03-13
Lamar Jackson,QB,BAL,3.1,0.7,2.0,5.0,2026-03-13
Joe Burrow,QB,CIN,3.8,0.75,2.0,5.0,2026-03-13
Jayden Daniels,QB,WAS,7.0,3.92,5.0,18.0,2026-03-13
Ja'Marr Chase,WR,CIN,8.5,2.5,6.0,11.0,2026-03-13
Puka Nacua,WR,LAR,8.5,2.5,6.0,11.0,2026-03-13
Jalen Hurts,QB,PHI,8.7,3.72,5.0,16.0,2026-03-13
Bijan Robinson,RB,ATL,10.3,0.9,10.0,13.0,2026-03-13
Jaxson Dart,QB,NYG,10.9,6.5,7.0,29.0,2026-03-13
Jaxon Smith-Njigba,WR,SEA,12.2,0.6,12.0,14.0,2026-03-13
Jahmyr Gibbs,RB,DET,12.7,0.9,10.0,13.0,2026-03-13
Justin Herbert,QB,LAC,14.0,8.19,8.0,32.0,2026-03-13
Trevor Lawrence,QB,JAC,15.5,4.76,9.0,26.0,2026-03-13
Caleb Williams,QB,CHI,16.5,5.78,7.0,26.0,2026-03-13
CeeDee Lamb,WR,DAL,16.7,3.41,14.0,23.0,2026-03-13
Amon-Ra St. Brown,WR,DET,18.4,2.91,14.0,21.0,2026-03-13
Dak Prescott,QB,DAL,18.6,2.65,16.0,26.0,2026-03-13
Christian McCaffrey,RB,SF,18.7,8.32,15.0,42.0,2026-03-13
Brock Purdy,QB,SF,19.4,5.0,9.0,29.0,2026-03-13
Justin Jefferson,WR,MIN,22.4,5.55,12.0,36.0,2026-03-13
Drake London,WR,ATL,24.3,4.45,21.0,35.0,2026-03-13
Patrick Mahomes II,QB,KC,24.5,6.99,16.0,41.0,2026-03-13
Jonathan Taylor,RB,IND,24.6,8.53,15.0,49.0,2026-03-13
Malik Nabers,WR,NYG,25.3,4.5,21.0,34.0,2026-03-13
Nico Collins,WR,HOU,27.2,3.19,23.0,35.0,2026-03-13
De'Von Achane,RB,MIA,27.8,6.68,22.0,42.0,2026-03-13
Bo Nix,QB,DEN,29.9,3.75,19.0,32.0,2026-03-13
Matthew Stafford,QB,LAR,30.2,6.03,17.0,41.0,2026-03-13
George Pickens,WR,DAL,31.5,4.03,24.0,35.0,2026-03-13
James Cook III,RB,BUF,31.6,7.34,17.0,40.0,2026-03-13
Trey McBride,TE,ARI,33.4,3.67,31.0,39.0,2026-03-13
Chris Olave,WR,NO,33.5,6.64,24.0,50.0,2026-03-13
Rashee Rice,WR,KC,33.7,9.32,27.0,59.0,2026-03-13
A.J. Brown,WR,PHI,36.2,5.72,27.0,44.0,2026-03-13
Brock Bowers,TE,LV,36.6,3.67,31.0,39.0,2026-03-13
Jared Goff,QB,DET,37.8,9.82,12.0,50.0,2026-03-13
Ashton Jeanty,RB,LV,38.1,7.6,25.0,54.0,2026-03-13
Jordan Love,QB,GB,38.6,10.22,29.0,55.0,2026-03-13
Omarion Hampton,RB,LAC,39.9,4.59,33.0,48.0,2026-03-13
Baker Mayfield,QB,TB,41.5,6.95,30.0,50.0,2026-03-13
Chase Brown,RB,CIN,41.9,4.01,34.0,48.0,2026-03-13
Marcus Mariota,QB,WAS,43.0,0.0,43.0,43.0,2026-03-13
Tetairoa McMillan,WR,CAR,44.0,4.47,35.0,52.0,2026-03-13
Kirk Cousins,QB,FA,44.0,0.0,44.0,44.0,2026-03-13
Saquon Barkley,RB,PHI,44.5,5.85,35.0,54.0,2026-03-13
Tee Higgins,WR,CIN,46.2,6.65,35.0,62.0,2026-03-13
Garrett Wilson,WR,NYJ,46.4,4.84,36.0,52.0,2026-03-13
Bucky Irving,RB,TB,51.5,8.72,42.0,74.0,2026-03-13
Josh Jacobs,RB,GB,52.7,8.74,40.0,74.0,2026-03-13
Tyler Shough,QB,NO,53.0,7.04,38.0,66.0,2026-03-13
Ladd McConkey,WR,LAC,53.9,8.38,43.0,73.0,2026-03-13
Zay Flowers,WR,BAL,54.1,7.66,40.0,68.0,2026-03-13
Kyler Murray,QB,FA,54.9,17.82,18.0,76.0,2026-03-13
Jeremiyah Love,RB,FA,55.13,10.97,37.0,67.0,2026-03-13
Malik Willis,QB,MIA,57.8,24.48,30.0,116.0,2026-03-13
Kenneth Walker III,RB,KC,58.0,8.15,46.0,69.0,2026-03-13
Derrick Henry,RB,BAL,58.8,5.13,49.0,67.0,2026-03-13
Davante Adams,WR,LAR,59.1,9.53,51.0,76.0,2026-03-13
Breece Hall,RB,NYJ,59.9,6.06,54.0,74.0,2026-03-13
Jameson Williams,WR,DET,60.2,8.23,51.0,82.0,2026-03-13
Luther Burden III,WR,CHI,60.8,9.36,45.0,82.0,2026-03-13
DeVonta Smith,WR,PHI,61.2,7.7,45.0,72.0,2026-03-13
C.J. Stroud,QB,HOU,62.2,25.9,41.0,137.0,2026-03-13
Jaylen Waddle,WR,MIA,62.4,5.44,54.0,72.0,2026-03-13
Terry McLaurin,WR,WAS,63.9,3.83,57.0,69.0,2026-03-13
Cam Ward,QB,TEN,66.2,4.69,56.0,76.0,2026-03-13
Colston Loveland,TE,CHI,66.9,16.58,47.0,86.0,2026-03-13
Kyren Williams,RB,LAR,67.6,2.65,65.0,74.0,2026-03-13
Javonte Williams,RB,DAL,68.9,8.37,55.0,81.0,2026-03-13
Mike Evans,WR,SF,69.0,5.6,53.0,73.0,2026-03-13
Sam Darnold,QB,SEA,69.3,24.6,55.0,142.0,2026-03-13
Bryce Young,QB,CAR,69.5,7.55,56.0,83.0,2026-03-13
Courtland Sutton,WR,DEN,73.5,1.36,72.0,76.0,2026-03-13
Emeka Egbuka,WR,TB,74.0,10.55,57.0,90.0,2026-03-13
Travis Etienne Jr.,RB,NO,74.1,5.2,61.0,79.0,2026-03-13
Cam Skattebo,RB,NYG,76.6,5.52,62.0,81.0,2026-03-13
RJ Harvey,RB,DEN,77.2,10.54,65.0,98.0,2026-03-13
Tyler Warren,TE,IND,78.0,15.07,47.0,93.0,2026-03-13
TreVeyon Henderson,RB,NE,78.4,9.39,58.0,97.0,2026-03-13
Christian Watson,WR,GB,78.6,8.86,68.0,91.0,2026-03-13
Harold Fannin Jr.,TE,CLE,80.5,20.56,47.0,113.0,2026-03-13
Rome Odunze,WR,CHI,81.5,16.66,53.0,109.0,2026-03-13
DK Metcalf,WR,PIT,82.3,5.6,72.0,91.0,2026-03-13
Quinshon Judkins,RB,CLE,85.2,4.49,77.0,95.0,2026-03-13
Daniel Jones,QB,IND,86.4,29.04,60.0,167.0,2026-03-13
Jakobi Meyers,WR,JAC,86.7,9.0,75.0,102.0,2026-03-13
D'Andre Swift,RB,CHI,87.2,3.46,81.0,92.0,2026-03-13
Jaylen Warren,RB,PIT,89.9,4.93,81.0,97.0,2026-03-13
Ricky Pearsall,WR,SF,90.5,4.27,84.0,96.0,2026-03-13
Chris Godwin Jr.,WR,TB,90.7,4.22,84.0,98.0,2026-03-13
Tucker Kraft,TE,GB,91.0,10.55,78.0,114.0,2026-03-13
David Montgomery,RB,HOU,92.5,18.34,67.0,132.0,2026-03-13
Brian Thomas Jr.,WR,JAC,93.2,10.34,80.0,116.0,2026-03-13
Marvin Harrison Jr.,WR,ARI,94.6,6.86,82.0,102.0,2026-03-13
Fernando Mendoza,QB,FA,95.17,30.23,76.0,162.0,2026-03-13
DJ Moore,WR,BUF,96.0,25.24,53.0,133.0,2026-03-13
Michael Penix Jr.,QB,ATL,98.44,26.99,83.0,169.0,2026-03-13
Kyle Monangai,RB,CHI,99.0,5.44,92.0,111.0,2026-03-13
Rico Dowdle,RB,PIT,99.4,3.35,93.0,105.0,2026-03-13
Michael Wilson,WR,ARI,100.2,7.6,83.0,114.0,2026-03-13
Rhamondre Stevenson,RB,NE,101.4,7.8,94.0,116.0,2026-03-13
Sam LaPorta,TE,DET,101.8,4.17,93.0,106.0,2026-03-13
Tony Pollard,RB,TEN,102.2,7.01,91.0,117.0,2026-03-13
Michael Pittman Jr.,WR,PIT,102.4,4.22,93.0,107.0,2026-03-13
Kyle Pitts Sr.,TE,ATL,103.3,4.31,93.0,106.0,2026-03-13
Stefon Diggs,WR,FA,103.6,8.19,90.0,114.0,2026-03-13
Wan'Dale Robinson,WR,TEN,105.0,11.18,83.0,117.0,2026-03-13
Carnell Tate,WR,FA,107.6,6.59,100.0,118.0,2026-03-13
Alec Pierce,WR,IND,107.8,9.82,86.0,117.0,2026-03-13
Bhayshul Tuten,RB,JAC,107.8,17.49,75.0,132.0,2026-03-13
J.J. McCarthy,QB,MIN,108.44,40.66,70.0,181.0,2026-03-13
Aaron Rodgers,QB,FA,109.2,58.14,34.0,182.0,2026-03-13
Blake Corum,RB,LAR,113.2,6.76,104.0,125.0,2026-03-13
Chuba Hubbard,RB,CAR,114.8,16.5,91.0,143.0,2026-03-13
Jordan Addison,WR,MIN,116.1,8.15,109.0,133.0,2026-03-13
Dalton Kincaid,TE,BUF,117.4,4.78,113.0,126.0,2026-03-13
James Conner,RB,ARI,117.7,13.88,103.0,145.0,2026-03-13
Khalil Shakir,WR,BUF,118.0,7.51,109.0,137.0,2026-03-13
Justin Fields,QB,NYJ,118.0,0.0,118.0,118.0,2026-03-13
Oronde Gadsden II,TE,LAC,119.8,5.25,115.0,132.0,2026-03-13
Alvin Kamara,RB,NO,120.5,7.92,108.0,133.0,2026-03-13
Aaron Jones Sr.,RB,MIN,121.4,7.39,111.0,134.0,2026-03-13
Parker Washington,WR,JAC,121.7,12.24,100.0,135.0,2026-03-13
Jake Ferguson,TE,DAL,121.7,4.61,113.0,128.0,2026-03-13
Shedeur Sanders,QB,CLE,122.63,33.06,87.0,182.0,2026-03-13
Quentin Johnston,WR,LAC,123.4,10.05,109.0,142.0,2026-03-13
Jauan Jennings,WR,FA,123.7,10.5,110.0,146.0,2026-03-13
Brenton Strange,TE,JAC,124.7,8.79,113.0,146.0,2026-03-13
Juwan Johnson,TE,NO,124.9,7.62,107.0,136.0,2026-03-13
Jacoby Brissett,QB,ARI,125.5,29.2,83.0,184.0,2026-03-13
Ty Simpson,QB,FA,127.0,0.0,127.0,127.0,2026-03-13
Kenneth Gainwell,RB,TB,130.2,11.97,105.0,141.0,2026-03-13
Josh Downs,WR,IND,131.7,10.19,113.0,144.0,2026-03-13
Jayden Higgins,WR,HOU,132.9,7.03,124.0,148.0,2026-03-13
Woody Marks,RB,HOU,133.0,16.24,103.0,162.0,2026-03-13
Xavier Worthy,WR,KC,133.6,4.57,125.0,139.0,2026-03-13
Tyler Allgeier,RB,ARI,133.7,13.62,106.0,145.0,2026-03-13
Trey Benson,RB,ARI,133.9,18.43,120.0,163.0,2026-03-13
Zach Charbonnet,RB,SEA,134.6,31.62,95.0,204.0,2026-03-13
Tyreek Hill,WR,FA,135.5,9.42,123.0,153.0,2026-03-13
Jayden Reed,WR,GB,137.1,6.83,128.0,148.0,2026-03-13
Tua Tagovailoa,QB,ATL,137.13,21.26,94.0,177.0,2026-03-13
Jacory Croskey-Merritt,RB,WAS,137.7,5.22,131.0,145.0,2026-03-13
Dylan Sampson,RB,CLE,140.7,7.66,131.0,157.0,2026-03-13
Dalton Schultz,TE,HOU,142.6,4.54,136.0,153.0,2026-03-13
J.K. Dobbins,RB,DEN,142.7,23.29,96.0,162.0,2026-03-13
Deebo Samuel Sr.,WR,FA,143.5,8.72,133.0,159.0,2026-03-13
Tyjae Spears,RB,TEN,144.3,5.33,134.0,153.0,2026-03-13
Jadarian Price,RB,FA,145.17,10.59,131.0,155.0,2026-03-13
Mac Jones,QB,SF,145.83,22.51,127.0,177.0,2026-03-13
Rachaad White,RB,WAS,145.9,17.96,118.0,167.0,2026-03-13
George Kittle,TE,SF,146.7,28.69,104.0,216.0,2026-03-13
Jordan Mason,RB,MIN,147.4,9.48,129.0,158.0,2026-03-13
Tyrone Tracy Jr.,RB,NYG,147.7,4.65,139.0,154.0,2026-03-13
Jordyn Tyson,WR,FA,148.1,43.82,110.0,218.0,2026-03-13
Jalen Coker,WR,CAR,148.4,5.48,140.0,158.0,2026-03-13
Emmett Johnson,RB,FA,148.5,10.06,132.0,159.0,2026-03-13
Jerry Jeudy,WR,CLE,150.8,8.32,139.0,164.0,2026-03-13
Troy Franklin,WR,DEN,152.0,10.26,132.0,168.0,2026-03-13
Romeo Doubs,WR,NE,152.1,25.61,108.0,178.0,2026-03-13
Isaiah Likely,TE,NYG,153.4,25.17,111.0,194.0,2026-03-13
Dallas Goedert,TE,FA,154.4,17.38,130.0,198.0,2026-03-13
Makai Lemon,WR,FA,155.4,43.65,108.0,234.0,2026-03-13
Travis Kelce,TE,KC,155.7,23.32,107.0,189.0,2026-03-13
Hunter Henry,TE,NE,155.8,7.86,148.0,174.0,2026-03-13
Braelon Allen,RB,NYJ,155.9,13.74,138.0,186.0,2026-03-13
Travis Hunter,WR,JAC,156.7,35.22,101.0,230.0,2026-03-13
Adonai Mitchell,WR,NYJ,157.2,8.92,147.0,173.0,2026-03-13
Deshaun Watson,QB,CLE,158.0,19.0,139.0,177.0,2026-03-13
Isiah Pacheco,RB,DET,161.2,7.22,151.0,172.0,2026-03-13
Rashid Shaheed,WR,SEA,163.7,7.1,151.0,177.0,2026-03-13
Denzel Boston,WR,FA,164.67,22.79,129.0,204.0,2026-03-13
Chimere Dike,WR,TEN,164.8,9.95,151.0,183.0,2026-03-13
Mark Andrews,TE,BAL,167.4,5.99,156.0,174.0,2026-03-13
Matthew Golden,WR,GB,167.7,3.58,160.0,171.0,2026-03-13
Jonah Coleman,RB,FA,170.67,26.44,152.0,229.0,2026-03-13
Tre Harris,WR,LAC,170.9,13.49,147.0,192.0,2026-03-13
Jaylin Noel,WR,HOU,173.4,10.99,158.0,192.0,2026-03-13
Kayshon Boutte,WR,NE,174.0,7.75,153.0,181.0,2026-03-13
Tank Bigsby,RB,PHI,174.1,14.68,162.0,208.0,2026-03-13
Elic Ayomanor,WR,TEN,175.2,11.13,151.0,191.0,2026-03-13
Brandon Aiyuk,WR,SF,175.8,11.79,160.0,199.0,2026-03-13
Kimani Vidal,RB,LAC,176.4,16.17,163.0,210.0,2026-03-13
Keaton Mitchell,RB,LAC,176.8,12.32,159.0,202.0,2026-03-13
Devin Neal,RB,NO,176.9,15.0,165.0,220.0,2026-03-13
Pat Bryant,WR,DEN,177.5,5.57,169.0,186.0,2026-03-13
Brian Robinson Jr.,RB,FA,178.5,6.15,168.0,187.0,2026-03-13
K.C. Concepcion,WR,FA,180.29,30.16,137.0,237.0,2026-03-13
Anthony Richardson Sr.,QB,IND,180.4,2.87,177.0,184.0,2026-03-13
Joe Milton III,QB,DAL,182.0,0.0,182.0,182.0,2026-03-13
Geno Smith,QB,NYJ,182.67,2.98,176.0,184.0,2026-03-13
Mike Washington Jr.,RB,FA,183.0,35.14,155.0,259.0,2026-03-13
Kaleb Johnson,RB,PIT,184.8,41.91,156.0,291.0,2026-03-13
Jalen McMillan,WR,TB,185.0,5.33,173.0,193.0,2026-03-13
Tre Tucker,WR,LV,187.3,7.79,175.0,202.0,2026-03-13
AJ Barner,TE,SEA,187.6,16.52,144.0,210.0,2026-03-13
Marvin Mims Jr.,WR,DEN,189.3,9.89,164.0,196.0,2026-03-13
T.J. Hockenson,TE,MIN,191.4,7.34,183.0,209.0,2026-03-13
Theo Johnson,TE,NYG,192.0,20.29,161.0,227.0,2026-03-13
Ryan Flournoy,WR,DAL,194.3,10.81,180.0,218.0,2026-03-13
Darnell Mooney,WR,FA,194.7,14.56,180.0,236.0,2026-03-13
Mason Taylor,TE,NYJ,195.1,10.3,174.0,206.0,2026-03-13
Calvin Ridley,WR,TEN,195.2,8.82,173.0,205.0,2026-03-13
Omar Cooper Jr.,WR,FA,196.0,34.62,138.0,244.0,2026-03-13
Jonathon Brooks,RB,CAR,199.1,25.28,147.0,224.0,2026-03-13
Kendre Miller,RB,NO,200.1,20.1,176.0,235.0,2026-03-13
Jaylen Wright,RB,MIA,200.4,7.42,187.0,208.0,2026-03-13
Greg Dortch,WR,FA,201.0,0.0,201.0,201.0,2026-03-13
Brashard Smith,RB,KC,201.4,21.53,156.0,226.0,2026-03-13
Emanuel Wilson,RB,SEA,201.89,10.48,185.0,216.0,2026-03-13
Rashod Bateman,WR,BAL,201.9,10.59,193.0,230.0,2026-03-13
Isaac TeSlaa,WR,DET,202.2,11.44,191.0,229.0,2026-03-13
Isaiah Davis,RB,NYJ,203.1,13.94,185.0,229.0,2026-03-13
Chris Rodriguez Jr.,RB,JAC,203.2,24.92,154.0,226.0,2026-03-13
Mack Hollins,WR,NE,203.3,12.35,188.0,227.0,2026-03-13
Keon Coleman,WR,BUF,203.7,13.68,181.0,224.0,2026-03-13
Najee Harris,RB,LAC,203.89,15.27,166.0,223.0,2026-03-13
Xavier Legette,WR,CAR,204.1,7.09,191.0,215.0,2026-03-13
Sean Tucker,RB,TB,205.2,14.37,173.0,229.0,2026-03-13
Ray Davis,RB,BUF,205.9,9.27,186.0,217.0,2026-03-13
Kyle Williams,WR,NE,205.9,9.26,196.0,227.0,2026-03-13
Kenyon Sadiq,TE,FA,207.67,18.63,189.0,246.0,2026-03-13
Keenan Allen,WR,LAC,208.7,9.68,189.0,221.0,2026-03-13
Dontayvion Wicks,WR,GB,209.1,9.76,198.0,233.0,2026-03-13
Terrance Ferguson,TE,LAR,209.3,14.09,194.0,241.0,2026-03-13
Joe Mixon,RB,FA,211.56,28.69,168.0,271.0,2026-03-13
Roman Wilson,WR,PIT,212.0,0.0,212.0,212.0,2026-03-13
Gunnar Helm,TE,TEN,213.9,10.52,197.0,234.0,2026-03-13
Chig Okonkwo,TE,WAS,215.5,14.33,190.0,237.0,2026-03-13
Cooper Kupp,WR,SEA,215.8,24.04,189.0,281.0,2026-03-13
David Njoku,TE,FA,216.3,14.46,187.0,246.0,2026-03-13
Seth McGowan,RB,FA,217.0,0.0,217.0,217.0,2026-03-13
Tory Horton,WR,SEA,217.7,5.78,206.0,223.0,2026-03-13
Kaytron Allen,RB,FA,217.83,31.25,178.0,271.0,2026-03-13
Jerome Ford,RB,FA,217.88,26.57,179.0,258.0,2026-03-13
Adam Randall,RB,FA,218.0,5.0,213.0,223.0,2026-03-13
Ollie Gordon II,RB,MIA,221.5,8.33,213.0,235.0,2026-03-13
Nicholas Singleton,RB,FA,222.4,26.98,189.0,269.0,2026-03-13
Darius Slayton,WR,NYG,223.1,19.02,199.0,266.0,2026-03-13
Chris Brazzell II,WR,FA,224.0,23.15,193.0,265.0,2026-03-13
Ty Johnson,RB,BUF,224.8,10.52,210.0,244.0,2026-03-13
Jack Bech,WR,LV,225.8,15.57,187.0,242.0,2026-03-13
Colby Parkinson,TE,LAR,226.2,11.79,206.0,250.0,2026-03-13
Antonio Williams,WR,FA,228.0,6.0,222.0,234.0,2026-03-13
Tank Dell,WR,HOU,228.5,11.75,211.0,253.0,2026-03-13
Elijah Sarratt,WR,FA,228.8,22.34,195.0,264.0,2026-03-13
Cade Otton,TE,TB,229.2,12.43,195.0,240.0,2026-03-13
Evan Engram,TE,DEN,229.3,2.72,227.0,234.0,2026-03-13
Isaiah Bond,WR,CLE,229.33,14.76,210.0,260.0,2026-03-13
Andrei Iosivas,WR,CIN,230.33,16.25,210.0,255.0,2026-03-13
Malachi Fields,WR,FA,230.6,21.28,190.0,249.0,2026-03-13
Pat Freiermuth,TE,PIT,230.9,3.73,225.0,239.0,2026-03-13
Devaughn Vele,WR,NO,232.5,19.46,181.0,251.0,2026-03-13
Jalen Royals,WR,KC,233.5,11.16,222.0,257.0,2026-03-13
DeAndre Hopkins,WR,BAL,234.0,0.0,234.0,234.0,2026-03-13
Konata Mumpfield,WR,LAR,235.63,10.1,219.0,245.0,2026-03-13
Jaleel McLaughlin,RB,DEN,237.33,21.72,216.0,294.0,2026-03-13
Le'Veon Moss,RB,FA,238.0,18.0,220.0,256.0,2026-03-13
Jalen Nailor,WR,LV,239.14,34.36,180.0,269.0,2026-03-13
Bam Knight,RB,ARI,240.5,14.36,226.0,265.0,2026-03-13
J'Mari Taylor,RB,FA,241.0,24.0,217.0,265.0,2026-03-13
Nick Westbrook-Ikhine,WR,FA,241.0,0.0,241.0,241.0,2026-03-13
Christian Kirk,WR,FA,242.33,5.08,237.0,253.0,2026-03-13
Demond Claiborne,RB,FA,242.4,22.78,217.0,281.0,2026-03-13
Darren Waller,TE,FA,243.8,42.75,161.0,281.0,2026-03-13
Jaydon Blue,RB,DAL,243.9,23.48,208.0,276.0,2026-03-13
Eli Stowers,TE,FA,245.2,13.64,224.0,267.0,2026-03-13
Isaac Guerendo,RB,SF,245.44,26.74,225.0,317.0,2026-03-13
Jared Wiley,TE,KC,246.0,0.0,246.0,246.0,2026-03-13
Audric Estime,RB,NO,246.14,13.83,229.0,268.0,2026-03-13
Ben Sinnott,TE,WAS,246.2,16.44,223.0,267.0,2026-03-13
Hollywood Brown,WR,FA,247.1,16.65,210.0,282.0,2026-03-13
Mike Gesicki,TE,CIN,247.6,8.22,233.0,257.0,2026-03-13
Van Jefferson,WR,FA,248.0,0.0,248.0,248.0,2026-03-13
Noah Gray,TE,KC,248.57,13.56,230.0,272.0,2026-03-13
Malik Davis,RB,DAL,249.11,13.17,232.0,274.0,2026-03-13
Tyquan Thornton,WR,KC,249.38,10.36,239.0,266.0,2026-03-13
Cedric Tillman,WR,CLE,250.8,11.69,220.0,263.0,2026-03-13
LeQuint Allen Jr.,RB,JAC,251.0,16.25,235.0,281.0,2026-03-13
Calvin Austin III,WR,FA,251.13,21.87,236.0,305.0,2026-03-13
Luke McCaffrey,WR,WAS,251.33,5.83,245.0,261.0,2026-03-13
Ted Hurst,WR,FA,252.0,11.0,241.0,263.0,2026-03-13
Jam Miller,RB,FA,252.0,0.0,252.0,252.0,2026-03-13
Jahan Dotson,WR,ATL,252.67,37.54,211.0,302.0,2026-03-13
Jordan Whittington,WR,LAR,254.0,0.0,254.0,254.0,2026-03-13
Tommy Myers,TE,FA,254.0,5.66,250.0,262.0,2026-03-13
Joshua Palmer,WR,BUF,254.33,33.67,189.0,304.0,2026-03-13
Ja'Kobi Lane,WR,FA,254.5,7.5,247.0,262.0,2026-03-13
Malik Washington,WR,MIA,255.44,11.34,233.0,278.0,2026-03-13
Jake Tonges,TE,SF,255.5,26.99,230.0,312.0,2026-03-13
Zachariah Branch,WR,FA,255.6,22.42,227.0,295.0,2026-03-13
Skyler Bell,WR,FA,256.0,11.0,245.0,267.0,2026-03-13
John Metchie III,WR,CAR,256.6,6.22,253.0,269.0,2026-03-13
Greg Dulcich,TE,MIA,256.67,27.38,224.0,291.0,2026-03-13
Devin Singletary,RB,NYG,257.11,11.99,243.0,280.0,2026-03-13
Dont'e Thornton Jr.,WR,LV,257.44,13.31,242.0,279.0,2026-03-13
JuJu Smith-Schuster,WR,FA,258.0,0.0,258.0,258.0,2026-03-13
Chris Bell,WR,FA,258.33,48.6,198.0,317.0,2026-03-13
Justice Hill,RB,BAL,258.44,14.68,238.0,287.0,2026-03-13
George Holani,RB,SEA,258.7,21.07,203.0,291.0,2026-03-13
John Bates,TE,WAS,259.0,29.55,240.0,310.0,2026-03-13
Chris Brooks,RB,GB,260.89,15.07,243.0,288.0,2026-03-13
Kaelon Black,RB,FA,261.0,0.0,261.0,261.0,2026-03-13
Germie Bernard,WR,FA,262.4,31.42,212.0,311.0,2026-03-13
Olamide Zaccheaus,WR,ATL,263.14,21.48,231.0,307.0,2026-03-13
Elijah Arroyo,TE,SEA,263.2,17.12,235.0,283.0,2026-03-13
Noah Fant,TE,NO,263.5,32.5,231.0,296.0,2026-03-13
DJ Giddens,RB,IND,264.56,21.0,247.0,318.0,2026-03-13
Samaje Perine,RB,CIN,264.7,22.89,216.0,301.0,2026-03-13
Tez Johnson,WR,TB,265.71,17.93,242.0,305.0,2026-03-13
Bryce Lance,WR,FA,266.0,0.0,266.0,266.0,2026-03-13
Trevor Etienne,RB,CAR,268.5,16.02,251.0,299.0,2026-03-13
Tyrell Shavers,WR,BUF,269.0,0.0,269.0,269.0,2026-03-13
Austin Ekeler,RB,FA,269.0,33.2,206.0,320.0,2026-03-13
DeMario Douglas,WR,NE,269.17,19.33,243.0,308.0,2026-03-13
Darnell Washington,TE,PIT,269.2,41.06,219.0,327.0,2026-03-13
MarShawn Lloyd,RB,GB,270.0,12.07,258.0,300.0,2026-03-13
Jarquez Hunter,RB,LAR,270.22,20.29,255.0,323.0,2026-03-13
Michael Carter,RB,FA,272.75,11.41,261.0,297.0,2026-03-13
Michael Mayer,TE,LV,273.8,30.99,229.0,321.0,2026-03-13
Jaylin Lane,WR,WAS,275.5,20.28,263.0,320.0,2026-03-13
Will Shipley,RB,PHI,276.33,16.6,259.0,319.0,2026-03-13
Emari Demercado,RB,FA,276.38,10.87,264.0,296.0,2026-03-13
Xavier Hutchinson,WR,HOU,277.0,19.76,261.0,310.0,2026-03-13
Zavier Scott,RB,MIN,277.0,0.0,277.0,277.0,2026-03-13
Kareem Hunt,RB,FA,277.88,14.26,269.0,315.0,2026-03-13
KaVontae Turpin,WR,DAL,278.0,0.0,278.0,278.0,2026-03-13
Jawhar Jordan,RB,HOU,279.8,5.91,275.0,290.0,2026-03-13
Ty Chandler,RB,FA,280.0,0.0,280.0,280.0,2026-03-13
Antonio Gibson,RB,FA,280.33,2.87,277.0,284.0,2026-03-13
Nick Chubb,RB,FA,280.88,12.93,271.0,314.0,2026-03-13
Jordan James,RB,SF,280.89,35.22,199.0,333.0,2026-03-13
Tahj Brooks,RB,CIN,282.56,13.52,273.0,311.0,2026-03-13
Demarcus Robinson,WR,SF,285.0,0.0,285.0,285.0,2026-03-13
Tyler Higbee,TE,LAR,286.4,30.78,249.0,330.0,2026-03-13
Deion Burks,WR,FA,289.0,0.0,289.0,289.0,2026-03-13
Jonnu Smith,TE,FA,289.33,25.04,257.0,318.0,2026-03-13
Raheim Sanders,RB,CLE,290.25,18.02,277.0,321.0,2026-03-13
Ja'Tavion Sanders,TE,CAR,290.33,3.4,287.0,295.0,2026-03-13
Tyler Badie,RB,DEN,292.0,40.0,252.0,332.0,2026-03-13
Arian Smith,WR,NYJ,292.0,0.0,292.0,292.0,2026-03-13
Reggie Virgil,WR,FA,292.0,0.0,292.0,292.0,2026-03-13
Terrell Jennings,RB,NE,292.5,25.79,274.0,337.0,2026-03-13
Jaydn Ott,RB,FA,293.0,0.0,293.0,293.0,2026-03-13
Cole Kmet,TE,CHI,293.0,7.26,286.0,303.0,2026-03-13
Miles Sanders,RB,FA,293.0,0.0,293.0,293.0,2026-03-13
Brenen Thompson,WR,FA,294.0,0.0,294.0,294.0,2026-03-13
Dameon Pierce,RB,FA,295.5,23.52,279.0,336.0,2026-03-13
Tyler Goodson,RB,FA,296.0,0.0,296.0,296.0,2026-03-13
Jimmy Horn Jr.,WR,CAR,297.0,0.0,297.0,297.0,2026-03-13
Kevin Coleman Jr.,WR,FA,298.0,0.0,298.0,298.0,2026-03-13
Kalif Raymond,WR,CHI,299.0,36.77,247.0,325.0,2026-03-13
Erick All Jr.,TE,CIN,299.0,0.0,299.0,299.0,2026-03-13
Brandin Cooks,WR,FA,302.0,0.0,302.0,302.0,2026-03-13
Mitchell Evans,TE,CAR,306.0,0.0,306.0,306.0,2026-03-13
David Sills V,WR,FA,307.0,0.0,307.0,307.0,2026-03-13
Noah Brown,WR,FA,308.0,0.0,308.0,308.0,2026-03-13
Daniel Bellinger,TE,TEN,309.0,0.0,309.0,309.0,2026-03-13
Dawson Knox,TE,BUF,310.33,12.39,294.0,324.0,2026-03-13
Luke Musgrave,TE,GB,311.67,21.2,289.0,340.0,2026-03-13
Thomas Fidone II,TE,NYG,312.0,14.0,298.0,326.0,2026-03-13
Tommy Tremble,TE,CAR,313.0,0.0,313.0,313.0,2026-03-13
Roschon Johnson,RB,CHI,314.0,0.0,314.0,314.0,2026-03-13
Elijah Higgins,TE,ARI,314.67,17.99,292.0,336.0,2026-03-13
Michael Trigg,TE,FA,315.0,12.0,303.0,327.0,2026-03-13
Jackson Hawes,TE,BUF,315.0,0.0,315.0,315.0,2026-03-13
Zach Ertz,TE,FA,315.33,16.34,295.0,335.0,2026-03-13
Max Klare,TE,FA,315.5,3.5,312.0,319.0,2026-03-13
Taysom Hill,TE,FA,317.5,20.5,297.0,338.0,2026-03-13
Sam Roush,TE,FA,322.0,0.0,322.0,322.0,2026-03-13
Josh Cameron,WR,FA,323.0,0.0,323.0,323.0,2026-03-13
Robert Henry Jr.,RB,FA,324.0,0.0,324.0,324.0,2026-03-13
Zay Jones,WR,FA,326.0,0.0,326.0,326.0,2026-03-13
Dyami Brown,WR,FA,328.0,0.0,328.0,328.0,2026-03-13
Justin Joly,TE,FA,328.0,0.0,328.0,328.0,2026-03-13
Jalen Tolbert,WR,FA,329.0,0.0,329.0,329.0,2026-03-13
Desmond Reid,RB,FA,329.0,0.0,329.0,329.0,2026-03-13
Jack Endries,TE,FA,330.0,0.0,330.0,330.0,2026-03-13
Mitch Tinsley,WR,CIN,331.0,0.0,331.0,331.0,2026-03-13
Roman Hemby,RB,FA,331.0,0.0,331.0,331.0,2026-03-13
Julian Hill,TE,NE,332.0,0.0,332.0,332.0,2026-03-13
Savion Williams,WR,GB,333.0,0.0,333.0,333.0,2026-03-13
Jordan Watkins,WR,SF,334.0,0.0,334.0,334.0,2026-03-13
Tanner Koziol,TE,FA,334.0,0.0,334.0,334.0,2026-03-13
Tutu Atwell,WR,MIA,335.0,0.0,335.0,335.0,2026-03-13
Austin Hooper,TE,ATL,338.0,0.0,338.0,338.0,2026-03-13
Luke Schoonmaker,TE,DAL,339.0,0.0,339.0,339.0,2026-03-13
Josh Allen,QB,BUF,1.11,0.31,1.0,2.0,2026-03-06
Drake Maye,QB,NE,2.89,1.59,2.0,7.0,2026-03-06
Lamar Jackson,QB,BAL,3.11,0.74,2.0,5.0,2026-03-06
Joe Burrow,QB,CIN,4.0,0.47,3.0,5.0,2026-03-06
Jayden Daniels,QB,WAS,8.11,4.93,5.0,18.0,2026-03-06
Ja'Marr Chase,WR,CIN,8.22,2.48,6.0,11.0,2026-03-06
Puka Nacua,WR,LAR,8.22,2.48,6.0,11.0,2026-03-06
Jalen Hurts,QB,PHI,8.89,3.87,5.0,16.0,2026-03-06
Bijan Robinson,RB,ATL,10.67,1.25,10.0,13.0,2026-03-06
Jaxson Dart,QB,NYG,11.33,6.86,7.0,29.0,2026-03-06
Jahmyr Gibbs,RB,DET,12.0,1.41,10.0,13.0,2026-03-06
Jaxon Smith-Njigba,WR,SEA,12.0,0.0,12.0,12.0,2026-03-06
Justin Herbert,QB,LAC,13.44,7.57,8.0,32.0,2026-03-06
CeeDee Lamb,WR,DAL,15.33,2.49,14.0,20.0,2026-03-06
Trevor Lawrence,QB,JAC,16.33,4.81,9.0,26.0,2026-03-06
Christian McCaffrey,RB,SF,16.89,3.6,15.0,25.0,2026-03-06
Amon-Ra St. Brown,WR,DET,18.0,2.83,14.0,20.0,2026-03-06
Dak Prescott,QB,DAL,18.78,2.74,16.0,26.0,2026-03-06
Caleb Williams,QB,CHI,18.89,6.98,8.0,26.0,2026-03-06
Brock Purdy,QB,SF,19.78,3.46,16.0,26.0,2026-03-06
De'Von Achane,RB,MIA,22.22,2.9,15.0,25.0,2026-03-06
Patrick Mahomes II,QB,KC,22.33,7.41,16.0,41.0,2026-03-06
Jonathan Taylor,RB,IND,22.56,3.02,15.0,25.0,2026-03-06
Justin Jefferson,WR,MIN,22.89,1.79,20.0,27.0,2026-03-06
Drake London,WR,ATL,23.67,4.32,20.0,34.0,2026-03-06
Malik Nabers,WR,NYG,25.22,4.87,21.0,34.0,2026-03-06
Nico Collins,WR,HOU,25.89,2.18,23.0,28.0,2026-03-06
George Pickens,WR,DAL,30.0,4.47,24.0,35.0,2026-03-06
Rashee Rice,WR,KC,30.22,5.81,24.0,44.0,2026-03-06
Bo Nix,QB,DEN,31.33,2.62,29.0,38.0,2026-03-06
Chris Olave,WR,NO,31.44,3.59,27.0,36.0,2026-03-06
Matthew Stafford,QB,LAR,31.89,4.89,29.0,41.0,2026-03-06
James Cook III,RB,BUF,32.44,6.78,17.0,40.0,2026-03-06
Trey McBride,TE,ARI,33.67,3.77,31.0,39.0,2026-03-06
Brock Bowers,TE,LV,35.44,3.98,31.0,39.0,2026-03-06
A.J. Brown,WR,PHI,35.67,3.8,27.0,43.0,2026-03-06
Ashton Jeanty,RB,LV,36.89,4.25,33.0,46.0,2026-03-06
Jordan Love,QB,GB,38.44,9.75,29.0,55.0,2026-03-06
Jared Goff,QB,DET,38.44,6.85,30.0,50.0,2026-03-06
Omarion Hampton,RB,LAC,38.56,3.27,33.0,42.0,2026-03-06
Tetairoa McMillan,WR,CAR,41.56,3.56,35.0,45.0,2026-03-06
Chase Brown,RB,CIN,41.56,2.31,37.0,46.0,2026-03-06
Baker Mayfield,QB,TB,43.11,7.28,30.0,56.0,2026-03-06
Saquon Barkley,RB,PHI,44.56,5.74,35.0,54.0,2026-03-06
Tee Higgins,WR,CIN,45.44,2.75,43.0,53.0,2026-03-06
Garrett Wilson,WR,NYJ,46.44,4.97,36.0,52.0,2026-03-06
Bucky Irving,RB,TB,47.56,2.17,42.0,49.0,2026-03-06
Josh Jacobs,RB,GB,52.0,7.16,42.0,67.0,2026-03-06
Ladd McConkey,WR,LAC,52.33,5.98,43.0,62.0,2026-03-06
Jeremiyah Love,RB,FA,52.83,10.54,37.0,65.0,2026-03-06
Zay Flowers,WR,BAL,53.33,7.44,42.0,68.0,2026-03-06
Tyler Shough,QB,NO,54.78,6.39,41.0,66.0,2026-03-06
Breece Hall,RB,NYJ,56.33,6.06,48.0,65.0,2026-03-06
Jameson Williams,WR,DET,57.56,3.65,52.0,62.0,2026-03-06
Davante Adams,WR,LAR,57.89,8.31,51.0,75.0,2026-03-06
Derrick Henry,RB,BAL,58.78,3.74,54.0,67.0,2026-03-06
Jaylen Waddle,WR,MIA,59.44,6.67,43.0,68.0,2026-03-06
DeVonta Smith,WR,PHI,60.11,6.3,49.0,69.0,2026-03-06
Malik Willis,QB,GB,61.22,25.08,32.0,121.0,2026-03-06
Luther Burden III,WR,CHI,61.67,5.96,53.0,72.0,2026-03-06
Terry McLaurin,WR,WAS,63.56,5.25,52.0,69.0,2026-03-06
C.J. Stroud,QB,HOU,63.89,25.57,41.0,134.0,2026-03-06
Kenneth Walker III,RB,SEA,64.22,6.34,54.0,74.0,2026-03-06
Kyren Williams,RB,LAR,66.67,2.91,61.0,71.0,2026-03-06
Cam Ward,QB,TEN,67.11,4.23,60.0,76.0,2026-03-06
Kyler Murray,QB,FA,67.33,7.64,55.0,83.0,2026-03-06
RJ Harvey,RB,DEN,67.78,7.25,57.0,78.0,2026-03-06
Mike Evans,WR,TB,67.89,6.05,57.0,73.0,2026-03-06
Colston Loveland,TE,CHI,68.22,15.26,47.0,86.0,2026-03-06
Javonte Williams,RB,DAL,69.22,11.1,48.0,81.0,2026-03-06
Sam Darnold,QB,SEA,71.33,25.54,56.0,142.0,2026-03-06
Bryce Young,QB,CAR,71.89,7.55,56.0,83.0,2026-03-06
Courtland Sutton,WR,DEN,72.22,2.1,68.0,75.0,2026-03-06
TreVeyon Henderson,RB,NE,73.22,7.87,58.0,81.0,2026-03-06
Travis Etienne Jr.,RB,JAC,73.89,5.49,61.0,79.0,2026-03-06
Emeka Egbuka,WR,TB,75.0,9.4,57.0,90.0,2026-03-06
Cam Skattebo,RB,NYG,75.0,6.2,59.0,81.0,2026-03-06
Harold Fannin Jr.,TE,CLE,75.11,21.54,47.0,104.0,2026-03-06
DK Metcalf,WR,PIT,79.0,7.13,64.0,90.0,2026-03-06
Tyler Warren,TE,IND,80.33,14.42,47.0,93.0,2026-03-06
Christian Watson,WR,GB,80.67,8.43,68.0,91.0,2026-03-06
Quinshon Judkins,RB,CLE,82.67,4.24,74.0,88.0,2026-03-06
Rome Odunze,WR,CHI,82.89,13.73,53.0,100.0,2026-03-06
Jakobi Meyers,WR,JAC,85.33,9.35,75.0,102.0,2026-03-06
D'Andre Swift,RB,CHI,85.44,4.95,74.0,92.0,2026-03-06
Tucker Kraft,TE,GB,86.78,6.96,78.0,105.0,2026-03-06
Ricky Pearsall,WR,SF,86.89,7.05,73.0,96.0,2026-03-06
Brian Thomas Jr.,WR,JAC,88.11,9.97,72.0,103.0,2026-03-06
Jaylen Warren,RB,PIT,89.11,3.81,85.0,95.0,2026-03-06
Fernando Mendoza,QB,FA,90.2,36.55,64.0,162.0,2026-03-06
Chris Godwin Jr.,WR,TB,92.33,5.01,84.0,100.0,2026-03-06
J.J. McCarthy,QB,MIN,93.25,35.69,70.0,167.0,2026-03-06
Daniel Jones,QB,IND,95.0,30.42,60.0,169.0,2026-03-06
Michael Penix Jr.,QB,ATL,95.78,24.77,83.0,165.0,2026-03-06
Stefon Diggs,WR,FA,95.89,6.81,89.0,107.0,2026-03-06
Marvin Harrison Jr.,WR,ARI,96.89,5.63,86.0,102.0,2026-03-06
Kyle Monangai,RB,CHI,98.78,3.36,96.0,108.0,2026-03-06
Rico Dowdle,RB,CAR,98.89,5.38,92.0,111.0,2026-03-06
Michael Wilson,WR,ARI,99.56,4.14,92.0,107.0,2026-03-06
Tony Pollard,RB,TEN,100.44,4.03,92.0,105.0,2026-03-06
Michael Pittman Jr.,WR,IND,101.33,5.29,89.0,107.0,2026-03-06
Rhamondre Stevenson,RB,NE,101.44,7.75,92.0,116.0,2026-03-06
Sam LaPorta,TE,DET,102.56,3.69,93.0,106.0,2026-03-06
Kyle Pitts Sr.,TE,ATL,104.11,5.36,93.0,113.0,2026-03-06
Bhayshul Tuten,RB,JAC,110.11,15.18,88.0,131.0,2026-03-06
Wan'Dale Robinson,WR,NYG,111.11,11.03,84.0,128.0,2026-03-06
Blake Corum,RB,LAR,112.33,8.07,105.0,130.0,2026-03-06
Jordan Addison,WR,MIN,112.89,8.77,107.0,137.0,2026-03-06
James Conner,RB,ARI,114.11,11.3,103.0,141.0,2026-03-06
David Montgomery,RB,HOU,114.22,17.03,87.0,132.0,2026-03-06
Chuba Hubbard,RB,CAR,114.78,17.0,91.0,137.0,2026-03-06
Aaron Rodgers,QB,PIT,115.25,44.14,66.0,182.0,2026-03-06
DJ Moore,WR,BUF,115.33,18.89,73.0,133.0,2026-03-06
Khalil Shakir,WR,BUF,115.56,5.44,109.0,125.0,2026-03-06
Jauan Jennings,WR,SF,116.0,5.14,110.0,122.0,2026-03-06
Trey Benson,RB,ARI,116.44,6.43,104.0,124.0,2026-03-06
Alvin Kamara,RB,NO,116.89,9.48,99.0,130.0,2026-03-06
Alec Pierce,WR,IND,117.22,5.83,108.0,128.0,2026-03-06
Quentin Johnston,WR,LAC,117.78,12.57,91.0,142.0,2026-03-06
Dalton Kincaid,TE,BUF,118.0,4.97,113.0,126.0,2026-03-06
Justin Fields,QB,NYJ,118.0,0.0,118.0,118.0,2026-03-06
Oronde Gadsden II,TE,LAC,118.67,2.75,115.0,121.0,2026-03-06
Jake Ferguson,TE,DAL,120.0,5.66,113.0,128.0,2026-03-06
Shedeur Sanders,QB,CLE,120.57,35.56,94.0,182.0,2026-03-06
Zach Charbonnet,RB,SEA,121.56,29.14,92.0,168.0,2026-03-06
Juwan Johnson,TE,NO,123.11,7.62,107.0,136.0,2026-03-06
Brenton Strange,TE,JAC,123.11,7.0,112.0,136.0,2026-03-06
Aaron Jones Sr.,RB,FA,123.22,12.61,105.0,146.0,2026-03-06
Woody Marks,RB,HOU,124.56,17.86,99.0,152.0,2026-03-06
Parker Washington,WR,JAC,125.0,10.9,100.0,135.0,2026-03-06
Ty Simpson,QB,FA,127.0,0.0,127.0,127.0,2026-03-06
Jadarian Price,RB,FA,128.0,16.15,105.0,154.0,2026-03-06
Tyreek Hill,WR,FA,129.11,8.92,123.0,151.0,2026-03-06
Jayden Higgins,WR,HOU,129.67,10.3,109.0,148.0,2026-03-06
Xavier Worthy,WR,KC,132.0,7.76,114.0,140.0,2026-03-06
Dylan Sampson,RB,CLE,133.56,4.6,130.0,143.0,2026-03-06
Jacory Croskey-Merritt,RB,WAS,136.44,3.3,131.0,141.0,2026-03-06
Jayden Reed,WR,GB,137.22,7.86,128.0,151.0,2026-03-06
Deebo Samuel Sr.,WR,FA,137.44,10.96,122.0,163.0,2026-03-06
Josh Downs,WR,IND,138.11,5.36,132.0,149.0,2026-03-06
Emmett Johnson,RB,FA,138.6,9.83,127.0,156.0,2026-03-06
Kenneth Gainwell,RB,PIT,139.0,7.53,119.0,147.0,2026-03-06
Dalton Schultz,TE,HOU,139.22,3.33,133.0,142.0,2026-03-06
Jacoby Brissett,QB,ARI,139.38,23.76,118.0,184.0,2026-03-06
George Kittle,TE,SF,140.33,33.01,104.0,216.0,2026-03-06
Tyler Allgeier,RB,ATL,141.78,9.22,120.0,152.0,2026-03-06
Mac Jones,QB,SF,142.71,21.4,127.0,181.0,2026-03-06
Travis Hunter,WR,JAC,142.78,38.73,101.0,230.0,2026-03-06
Braelon Allen,RB,NYJ,143.33,7.44,132.0,152.0,2026-03-06
Tyjae Spears,RB,TEN,144.44,5.21,134.0,153.0,2026-03-06
Tua Tagovailoa,QB,MIA,147.29,20.34,117.0,177.0,2026-03-06
Tyrone Tracy Jr.,RB,NYG,148.11,3.98,143.0,156.0,2026-03-06
Jalen Coker,WR,CAR,148.56,10.05,135.0,171.0,2026-03-06
Troy Franklin,WR,DEN,148.67,11.26,126.0,168.0,2026-03-06
Jerry Jeudy,WR,CLE,149.0,8.11,139.0,161.0,2026-03-06
Dallas Goedert,TE,PHI,149.89,6.31,142.0,165.0,2026-03-06
Jordan Mason,RB,MIN,149.89,10.64,130.0,159.0,2026-03-06
Adonai Mitchell,WR,NYJ,152.44,8.37,145.0,171.0,2026-03-06
Rachaad White,RB,TB,153.11,12.37,120.0,165.0,2026-03-06
Hunter Henry,TE,NE,153.44,7.65,138.0,164.0,2026-03-06
Carnell Tate,WR,FA,154.33,49.45,100.0,230.0,2026-03-06
J.K. Dobbins,RB,DEN,154.33,5.08,143.0,163.0,2026-03-06
Jonah Coleman,RB,FA,157.8,39.06,117.0,229.0,2026-03-06
Jordyn Tyson,WR,FA,159.11,47.46,110.0,218.0,2026-03-06
Rashid Shaheed,WR,SEA,160.44,7.2,149.0,170.0,2026-03-06
Chimere Dike,WR,TEN,160.56,8.14,151.0,173.0,2026-03-06
Travis Kelce,TE,KC,164.33,14.76,144.0,189.0,2026-03-06
Makai Lemon,WR,FA,165.44,45.99,108.0,234.0,2026-03-06
Devin Neal,RB,NO,166.78,4.49,160.0,176.0,2026-03-06
Mark Andrews,TE,BAL,167.0,7.9,153.0,174.0,2026-03-06
Brandon Aiyuk,WR,SF,167.44,10.14,149.0,186.0,2026-03-06
Tre Harris,WR,LAC,168.22,14.14,147.0,192.0,2026-03-06
Isiah Pacheco,RB,KC,168.22,9.4,156.0,182.0,2026-03-06
Matthew Golden,WR,GB,168.56,4.57,160.0,178.0,2026-03-06
Tank Bigsby,RB,PHI,168.78,9.55,162.0,193.0,2026-03-06
Isaiah Likely,TE,BAL,169.89,12.49,153.0,194.0,2026-03-06
Jaylin Noel,WR,HOU,170.44,11.31,158.0,192.0,2026-03-06
Kimani Vidal,RB,LAC,171.89,12.58,163.0,201.0,2026-03-06
Romeo Doubs,WR,GB,172.0,6.51,160.0,186.0,2026-03-06
Elic Ayomanor,WR,TEN,172.11,4.82,167.0,181.0,2026-03-06
Kaleb Johnson,RB,PIT,172.56,42.09,150.0,291.0,2026-03-06
Omar Cooper Jr.,WR,FA,172.67,50.45,136.0,244.0,2026-03-06
Kayshon Boutte,WR,NE,172.89,7.68,153.0,181.0,2026-03-06
Denzel Boston,WR,FA,173.2,33.84,129.0,219.0,2026-03-06
Keaton Mitchell,RB,BAL,175.22,12.8,161.0,202.0,2026-03-06
Pat Bryant,WR,DEN,176.67,5.37,170.0,186.0,2026-03-06
Mike Washington Jr.,RB,FA,177.0,53.79,108.0,259.0,2026-03-06
Deshaun Watson,QB,CLE,177.0,0.0,177.0,177.0,2026-03-06
Anthony Richardson Sr.,QB,IND,179.4,3.01,177.0,184.0,2026-03-06
Brian Robinson Jr.,RB,SF,180.11,8.72,168.0,199.0,2026-03-06
Theo Johnson,TE,NYG,180.44,8.38,161.0,194.0,2026-03-06
Joe Milton III,QB,DAL,182.0,0.0,182.0,182.0,2026-03-06
K.C. Concepcion,WR,FA,183.0,26.37,137.0,212.0,2026-03-06
Tre Tucker,WR,LV,183.78,6.49,175.0,194.0,2026-03-06
Geno Smith,QB,LV,184.0,0.0,184.0,184.0,2026-03-06
Darnell Mooney,WR,ATL,186.11,6.49,178.0,200.0,2026-03-06
Kendre Miller,RB,NO,188.33,19.48,166.0,226.0,2026-03-06
Marvin Mims Jr.,WR,DEN,188.67,10.5,164.0,201.0,2026-03-06
Ryan Flournoy,WR,DAL,190.0,11.62,180.0,218.0,2026-03-06
AJ Barner,TE,SEA,190.33,17.77,144.0,206.0,2026-03-06
T.J. Hockenson,TE,MIN,192.11,5.61,186.0,203.0,2026-03-06
Isaiah Davis,RB,NYJ,194.89,13.85,179.0,222.0,2026-03-06
Jalen McMillan,WR,TB,195.0,17.0,180.0,238.0,2026-03-06
Jaylen Wright,RB,MIA,196.56,7.15,187.0,208.0,2026-03-06
Mason Taylor,TE,NYJ,196.78,9.93,174.0,206.0,2026-03-06
Joe Mixon,RB,HOU,197.0,33.04,168.0,271.0,2026-03-06
Keon Coleman,WR,BUF,197.33,11.18,181.0,221.0,2026-03-06
Kaytron Allen,RB,FA,197.75,48.78,152.0,271.0,2026-03-06
Calvin Ridley,WR,TEN,197.89,7.77,188.0,212.0,2026-03-06
Emanuel Wilson,RB,GB,198.44,9.8,185.0,214.0,2026-03-06
Mack Hollins,WR,NE,198.56,11.39,188.0,225.0,2026-03-06
Terrance Ferguson,TE,LAR,199.67,13.06,177.0,224.0,2026-03-06
Rashod Bateman,WR,BAL,199.67,6.9,193.0,216.0,2026-03-06
Isaac TeSlaa,WR,DET,199.89,10.95,191.0,229.0,2026-03-06
Brashard Smith,RB,KC,200.0,22.54,156.0,229.0,2026-03-06
Greg Dortch,WR,ARI,201.0,0.0,201.0,201.0,2026-03-06
Xavier Legette,WR,CAR,201.22,7.87,191.0,215.0,2026-03-06
Kyle Williams,WR,NE,202.44,7.95,196.0,222.0,2026-03-06
Jonathon Brooks,RB,CAR,202.67,22.64,147.0,224.0,2026-03-06
Sean Tucker,RB,FA,204.33,12.1,173.0,214.0,2026-03-06
Ray Davis,RB,BUF,205.22,10.54,186.0,226.0,2026-03-06
Jerome Ford,RB,CLE,205.38,28.72,176.0,252.0,2026-03-06
Najee Harris,RB,LAC,205.67,15.78,177.0,240.0,2026-03-06
Dontayvion Wicks,WR,GB,207.22,10.41,198.0,233.0,2026-03-06
Kenyon Sadiq,TE,FA,209.0,21.29,187.0,246.0,2026-03-06
Keenan Allen,WR,LAC,209.11,13.71,189.0,239.0,2026-03-06
Roman Wilson,WR,PIT,212.0,0.0,212.0,212.0,2026-03-06
Chris Rodriguez Jr.,RB,WAS,212.67,2.75,211.0,220.0,2026-03-06
Gunnar Helm,TE,TEN,213.11,13.98,194.0,246.0,2026-03-06
Malachi Fields,WR,FA,214.0,46.7,148.0,249.0,2026-03-06
Chris Brazzell II,WR,FA,214.25,33.0,183.0,265.0,2026-03-06
Nicholas Singleton,RB,FA,216.0,31.67,185.0,269.0,2026-03-06
Darius Slayton,WR,NYG,217.22,15.13,199.0,245.0,2026-03-06
Tory Horton,WR,SEA,218.89,8.29,206.0,236.0,2026-03-06
Elijah Sarratt,WR,FA,219.0,28.73,193.0,264.0,2026-03-06
Cooper Kupp,WR,SEA,219.11,24.55,203.0,281.0,2026-03-06
David Njoku,TE,CLE,220.0,12.52,208.0,250.0,2026-03-06
Chig Okonkwo,TE,TEN,220.0,5.75,208.0,228.0,2026-03-06
Antonio Williams,WR,FA,220.5,1.5,219.0,222.0,2026-03-06
Ty Johnson,RB,BUF,222.33,8.54,216.0,244.0,2026-03-06
Adam Randall,RB,FA,223.0,0.0,223.0,223.0,2026-03-06
Ollie Gordon II,RB,MIA,223.44,11.18,210.0,248.0,2026-03-06
Isaiah Bond,WR,CLE,223.89,12.47,210.0,255.0,2026-03-06
Demond Claiborne,RB,FA,224.5,40.3,168.0,281.0,2026-03-06
Jack Bech,WR,LV,225.22,22.03,175.0,262.0,2026-03-06
Tank Dell,WR,HOU,226.11,6.81,215.0,234.0,2026-03-06
Andrei Iosivas,WR,CIN,226.75,13.92,210.0,250.0,2026-03-06
Reggie Virgil,WR,FA,227.0,0.0,227.0,227.0,2026-03-06
Colby Parkinson,TE,LAR,228.56,13.66,206.0,262.0,2026-03-06
Pat Freiermuth,TE,PIT,229.89,4.75,221.0,239.0,2026-03-06
Evan Engram,TE,DEN,230.11,4.2,227.0,240.0,2026-03-06
Jaleel McLaughlin,RB,DEN,231.67,23.17,216.0,294.0,2026-03-06
Jalen Royals,WR,KC,232.13,14.73,221.0,269.0,2026-03-06
Konata Mumpfield,WR,LAR,232.88,11.26,219.0,251.0,2026-03-06
Le'Veon Moss,RB,FA,233.0,13.0,220.0,246.0,2026-03-06
Devaughn Vele,WR,NO,233.44,21.78,181.0,266.0,2026-03-06
Cade Otton,TE,TB,233.56,5.76,223.0,243.0,2026-03-06
DeAndre Hopkins,WR,BAL,234.0,0.0,234.0,234.0,2026-03-06
Ja'Kobi Lane,WR,FA,234.0,13.0,221.0,247.0,2026-03-06
Ted Hurst,WR,FA,236.0,5.0,231.0,241.0,2026-03-06
Eli Stowers,TE,FA,236.5,19.01,220.0,267.0,2026-03-06
Darren Waller,TE,MIA,236.8,40.94,161.0,281.0,2026-03-06
J'Mari Taylor,RB,FA,237.5,20.5,217.0,258.0,2026-03-06
Bam Knight,RB,ARI,237.57,14.23,226.0,268.0,2026-03-06
Audric Estime,RB,NO,238.14,10.79,229.0,261.0,2026-03-06
Christian Kirk,WR,HOU,238.75,2.63,236.0,244.0,2026-03-06
Calvin Austin III,WR,PIT,240.25,6.59,236.0,257.0,2026-03-06
Nick Westbrook-Ikhine,WR,FA,241.0,0.0,241.0,241.0,2026-03-06
Isaac Guerendo,RB,SF,241.13,29.02,225.0,317.0,2026-03-06
Ben Sinnott,TE,WAS,241.6,39.59,197.0,306.0,2026-03-06
Zachariah Branch,WR,FA,242.5,38.71,190.0,295.0,2026-03-06
Marquise Brown,WR,KC,242.89,13.81,210.0,267.0,2026-03-06
Germie Bernard,WR,FA,244.5,47.9,188.0,311.0,2026-03-06
Malik Davis,RB,DAL,244.75,11.37,235.0,265.0,2026-03-06
Jahan Dotson,WR,PHI,245.0,0.0,245.0,245.0,2026-03-06
Jared Wiley,TE,KC,246.0,0.0,246.0,246.0,2026-03-06
Tyquan Thornton,WR,KC,246.43,7.46,241.0,260.0,2026-03-06
Noah Gray,TE,KC,247.14,8.9,231.0,257.0,2026-03-06
Van Jefferson,WR,TEN,248.0,0.0,248.0,248.0,2026-03-06
Luke McCaffrey,WR,WAS,248.11,4.38,244.0,256.0,2026-03-06
Jam Miller,RB,FA,249.0,0.0,249.0,249.0,2026-03-06
Jaydon Blue,RB,DAL,249.44,23.34,217.0,276.0,2026-03-06
LeQuint Allen Jr.,RB,JAC,250.63,16.75,235.0,280.0,2026-03-06
Dont'e Thornton Jr.,WR,LV,251.5,11.34,242.0,272.0,2026-03-06
Tyler Badie,RB,DEN,252.0,0.0,252.0,252.0,2026-03-06
Mike Gesicki,TE,CIN,252.29,6.71,245.0,264.0,2026-03-06
John Metchie III,WR,NYJ,253.0,24.88,205.0,298.0,2026-03-06
Tommy Myers,TE,FA,254.0,5.66,250.0,262.0,2026-03-06
Devin Singletary,RB,NYG,254.0,9.71,246.0,277.0,2026-03-06
Jordan Whittington,WR,LAR,254.0,0.0,254.0,254.0,2026-03-06
Malik Washington,WR,MIA,254.11,15.19,233.0,292.0,2026-03-06
Cedric Tillman,WR,CLE,254.56,7.3,248.0,271.0,2026-03-06
Jake Tonges,TE,SF,255.29,24.83,230.0,312.0,2026-03-06
John Bates,TE,WAS,256.2,26.54,240.0,309.0,2026-03-06
Justice Hill,RB,BAL,256.25,12.2,247.0,284.0,2026-03-06
JuJu Smith-Schuster,WR,KC,258.0,0.0,258.0,258.0,2026-03-06
Elijah Arroyo,TE,SEA,259.2,17.22,228.0,273.0,2026-03-06
Chris Brooks,RB,GB,259.5,15.76,247.0,287.0,2026-03-06
George Holani,RB,SEA,260.0,18.25,217.0,290.0,2026-03-06
DJ Giddens,RB,IND,261.0,21.76,243.0,318.0,2026-03-06
Noah Fant,TE,CIN,263.5,32.5,231.0,296.0,2026-03-06
Skyler Bell,WR,FA,263.5,18.5,245.0,282.0,2026-03-06
Trevor Etienne,RB,CAR,263.5,16.58,251.0,299.0,2026-03-06
Olamide Zaccheaus,WR,CHI,263.5,14.73,253.0,299.0,2026-03-06
Chris Bell,WR,FA,264.0,55.59,198.0,334.0,2026-03-06
Joshua Palmer,WR,BUF,266.14,20.84,254.0,317.0,2026-03-06
MarShawn Lloyd,RB,GB,268.5,13.31,258.0,300.0,2026-03-06
Samaje Perine,RB,CIN,268.56,22.63,216.0,311.0,2026-03-06
Austin Ekeler,RB,WAS,268.86,31.56,204.0,321.0,2026-03-06
Tyrell Shavers,WR,BUF,269.0,0.0,269.0,269.0,2026-03-06
Tez Johnson,WR,TB,269.13,17.84,256.0,305.0,2026-03-06
Jarquez Hunter,RB,LAR,269.38,21.57,255.0,323.0,2026-03-06
Jalen Nailor,WR,MIN,269.43,28.26,222.0,327.0,2026-03-06
Michael Carter,RB,ARI,269.75,12.67,261.0,301.0,2026-03-06
Michael Mayer,TE,LV,271.4,29.84,231.0,321.0,2026-03-06
DeMario Douglas,WR,NE,273.43,21.08,263.0,325.0,2026-03-06
Emari Demercado,RB,FA,274.0,11.8,264.0,297.0,2026-03-06
Jaylin Lane,WR,WAS,274.88,21.4,260.0,320.0,2026-03-06
Deion Burks,WR,FA,275.0,0.0,275.0,275.0,2026-03-06
Will Shipley,RB,PHI,275.38,18.31,259.0,320.0,2026-03-06
Zavier Scott,RB,MIN,277.0,0.0,277.0,277.0,2026-03-06
Kareem Hunt,RB,KC,277.5,15.87,269.0,319.0,2026-03-06
KaVontae Turpin,WR,DAL,278.0,0.0,278.0,278.0,2026-03-06
Caleb Douglas,WR,FA,278.0,0.0,278.0,278.0,2026-03-06
Xavier Hutchinson,WR,HOU,278.29,24.44,261.0,323.0,2026-03-06
Tyren Montgomery,WR,FA,279.0,0.0,279.0,279.0,2026-03-06
Nick Chubb,RB,HOU,279.0,13.98,270.0,315.0,2026-03-06
Antonio Gibson,RB,FA,279.5,2.87,277.0,284.0,2026-03-06
Jawhar Jordan,RB,HOU,279.6,5.08,275.0,288.0,2026-03-06
Darnell Washington,TE,PIT,280.0,40.44,219.0,327.0,2026-03-06
Ty Chandler,RB,MIN,280.0,0.0,280.0,280.0,2026-03-06
Greg Dulcich,TE,MIA,280.33,17.99,255.0,295.0,2026-03-06
Tahj Brooks,RB,CIN,281.56,15.08,269.0,314.0,2026-03-06
Jordan James,RB,SF,283.0,34.4,215.0,339.0,2026-03-06
Demarcus Robinson,WR,SF,285.0,0.0,285.0,285.0,2026-03-06
Kevin Coleman Jr.,WR,FA,285.0,0.0,285.0,285.0,2026-03-06
Ja'Tavion Sanders,TE,CAR,286.33,2.49,283.0,289.0,2026-03-06
Cole Kmet,TE,CHI,287.33,1.89,286.0,290.0,2026-03-06
Raheim Sanders,RB,CLE,288.6,17.92,277.0,324.0,2026-03-06
Jonnu Smith,TE,FA,288.67,24.28,257.0,316.0,2026-03-06
Barion Brown,WR,FA,289.0,0.0,289.0,289.0,2026-03-06
Terrell Jennings,RB,NE,290.2,26.5,274.0,343.0,2026-03-06
Seth McGowan,RB,FA,291.0,0.0,291.0,291.0,2026-03-06
Arian Smith,WR,NYJ,292.0,0.0,292.0,292.0,2026-03-06
Miles Sanders,RB,DAL,293.0,0.0,293.0,293.0,2026-03-06
Jaydn Ott,RB,FA,293.0,0.0,293.0,293.0,2026-03-06
Dameon Pierce,RB,KC,293.2,24.56,278.0,342.0,2026-03-06
Tyler Goodson,RB,IND,296.0,0.0,296.0,296.0,2026-03-06
Kaelon Black,RB,FA,296.0,0.0,296.0,296.0,2026-03-06
Tyler Higbee,TE,LAR,296.25,31.28,249.0,330.0,2026-03-06
Jimmy Horn Jr.,WR,CAR,297.0,0.0,297.0,297.0,2026-03-06
Brandin Cooks,WR,BUF,302.0,0.0,302.0,302.0,2026-03-06
Bryce Lance,WR,FA,304.0,0.0,304.0,304.0,2026-03-06
Josh Cameron,WR,FA,305.0,0.0,305.0,305.0,2026-03-06
Mitchell Evans,TE,CAR,306.0,0.0,306.0,306.0,2026-03-06
David Sills V,WR,ATL,307.0,0.0,307.0,307.0,2026-03-06
Vinny Anthony II,WR,FA,307.0,0.0,307.0,307.0,2026-03-06
Noah Brown,WR,WAS,308.0,0.0,308.0,308.0,2026-03-06
Brenen Thompson,WR,FA,308.0,0.0,308.0,308.0,2026-03-06
Daniel Bellinger,TE,NYG,309.0,0.0,309.0,309.0,2026-03-06
Luke Musgrave,TE,GB,309.67,21.91,289.0,340.0,2026-03-06
Dawson Knox,TE,BUF,310.0,12.33,294.0,324.0,2026-03-06
Michael Trigg,TE,FA,312.5,9.5,303.0,322.0,2026-03-06
Tommy Tremble,TE,CAR,313.0,0.0,313.0,313.0,2026-03-06
Elijah Higgins,TE,ARI,313.67,17.97,292.0,336.0,2026-03-06
Roschon Johnson,RB,CHI,314.0,0.0,314.0,314.0,2026-03-06
Max Klare,TE,FA,314.5,4.5,310.0,319.0,2026-03-06
Jackson Hawes,TE,BUF,315.0,0.0,315.0,315.0,2026-03-06
Zach Ertz,TE,WAS,315.67,16.74,295.0,336.0,2026-03-06
Taysom Hill,TE,NO,319.0,22.0,297.0,341.0,2026-03-06
Thomas Fidone II,TE,NYG,319.0,21.0,298.0,340.0,2026-03-06
Erick All Jr.,TE,CIN,321.5,22.5,299.0,344.0,2026-03-06
Kalif Raymond,WR,DET,325.0,0.0,325.0,325.0,2026-03-06
Zay Jones,WR,ARI,326.0,0.0,326.0,326.0,2026-03-06
Justin Joly,TE,FA,326.0,0.0,326.0,326.0,2026-03-06
Dyami Brown,WR,JAC,328.0,0.0,328.0,328.0,2026-03-06
Aaron Anderson,WR,FA,328.0,0.0,328.0,328.0,2026-03-06
Jalen Tolbert,WR,DAL,329.0,0.0,329.0,329.0,2026-03-06
Jack Endries,TE,FA,329.0,0.0,329.0,329.0,2026-03-06
C.J. Daniels,WR,FA,330.0,0.0,330.0,330.0,2026-03-06
Mitch Tinsley,WR,CIN,331.0,0.0,331.0,331.0,2026-03-06
Tanner Koziol,TE,FA,331.0,0.0,331.0,331.0,2026-03-06
Julian Hill,TE,MIA,332.0,0.0,332.0,332.0,2026-03-06
Dane Key,WR,FA,332.0,0.0,332.0,332.0,2026-03-06
Chris Hilton Jr.,WR,FA,333.0,0.0,333.0,333.0,2026-03-06
Savion Williams,WR,GB,333.0,0.0,333.0,333.0,2026-03-06
Jordan Watkins,WR,SF,334.0,0.0,334.0,334.0,2026-03-06
Tutu Atwell,WR,LAR,335.0,0.0,335.0,335.0,2026-03-06
Robert Henry Jr.,RB,FA,335.0,0.0,335.0,335.0,2026-03-06
Desmond Reid,RB,FA,337.0,0.0,337.0,337.0,2026-03-06
Austin Hooper,TE,NE,338.0,0.0,338.0,338.0,2026-03-06
Roman Hemby,RB,FA,338.0,0.0,338.0,338.0,2026-03-06
Luke Schoonmaker,TE,DAL,339.0,0.0,339.0,339.0,2026-03-06
Josh Allen,QB,BUF,1.14,0.35,1.0,2.0,2026-02-27
Lamar Jackson,QB,BAL,2.86,0.35,2.0,3.0,2026-02-27
Drake Maye,QB,NE,3.14,1.73,2.0,7.0,2026-02-27
Joe Burrow,QB,CIN,4.0,0.53,3.0,5.0,2026-02-27
Jayden Daniels,QB,WAS,7.14,3.87,5.0,16.0,2026-02-27
Jalen Hurts,QB,PHI,8.0,3.34,5.0,16.0,2026-02-27
Ja'Marr Chase,WR,CIN,8.14,2.47,6.0,11.0,2026-02-27
Puka Nacua,WR,LAR,8.14,2.47,6.0,11.0,2026-02-27
Bijan Robinson,RB,ATL,10.0,0.0,10.0,10.0,2026-02-27
Justin Herbert,QB,LAC,11.43,4.2,8.0,19.0,2026-02-27
Jaxon Smith-Njigba,WR,SEA,12.0,0.0,12.0,12.0,2026-02-27
Jaxson Dart,QB,NYG,12.29,7.5,8.0,29.0,2026-02-27
Jahmyr Gibbs,RB,DET,13.0,0.0,13.0,13.0,2026-02-27
Trevor Lawrence,QB,JAC,14.86,3.76,9.0,18.0,2026-02-27
CeeDee Lamb,WR,DAL,14.86,2.1,14.0,20.0,2026-02-27
Christian McCaffrey,RB,SF,16.0,2.45,15.0,22.0,2026-02-27
Amon-Ra St. Brown,WR,DET,18.29,2.71,14.0,20.0,2026-02-27
Caleb Williams,QB,CHI,19.43,6.18,9.0,26.0,2026-02-27
Dak Prescott,QB,DAL,19.43,2.77,17.0,26.0,2026-02-27
Patrick Mahomes II,QB,KC,20.29,3.73,16.0,26.0,2026-02-27
Brock Purdy,QB,SF,20.43,3.58,17.0,26.0,2026-02-27
Drake London,WR,ATL,22.57,2.56,20.0,28.0,2026-02-27
De'Von Achane,RB,MIA,22.71,3.41,15.0,25.0,2026-02-27
Justin Jefferson,WR,MIN,22.86,2.03,20.0,27.0,2026-02-27
Jonathan Taylor,RB,IND,23.29,1.48,22.0,25.0,2026-02-27
Malik Nabers,WR,NYG,24.57,4.07,21.0,34.0,2026-02-27
Nico Collins,WR,HOU,25.86,2.23,23.0,28.0,2026-02-27
Rashee Rice,WR,KC,28.0,4.07,23.0,34.0,2026-02-27
Chris Olave,WR,NO,30.71,3.77,27.0,36.0,2026-02-27
George Pickens,WR,DAL,31.14,4.09,24.0,35.0,2026-02-27
Bo Nix,QB,DEN,31.57,2.82,29.0,38.0,2026-02-27
Matthew Stafford,QB,LAR,32.29,4.65,29.0,41.0,2026-02-27
James Cook III,RB,BUF,32.43,6.57,17.0,37.0,2026-02-27
Ashton Jeanty,RB,LV,33.14,4.85,23.0,40.0,2026-02-27
Trey McBride,TE,ARI,33.29,3.61,31.0,39.0,2026-02-27
Brock Bowers,TE,LV,35.57,3.96,31.0,39.0,2026-02-27
A.J. Brown,WR,PHI,36.86,2.53,35.0,43.0,2026-02-27
Jordan Love,QB,GB,38.0,9.64,29.0,55.0,2026-02-27
Jared Goff,QB,DET,38.43,5.65,32.0,50.0,2026-02-27
Omarion Hampton,RB,LAC,39.29,2.66,33.0,42.0,2026-02-27
Chase Brown,RB,CIN,40.71,2.37,37.0,43.0,2026-02-27
Tetairoa McMillan,WR,CAR,40.86,3.72,35.0,44.0,2026-02-27
Baker Mayfield,QB,TB,44.0,6.0,38.0,56.0,2026-02-27
Tee Higgins,WR,CIN,44.43,0.73,43.0,45.0,2026-02-27
Garrett Wilson,WR,NYJ,45.0,4.72,36.0,51.0,2026-02-27
Saquon Barkley,RB,PHI,45.0,3.34,40.0,49.0,2026-02-27
Josh Jacobs,RB,GB,48.14,5.0,42.0,58.0,2026-02-27
Bucky Irving,RB,TB,48.86,2.29,46.0,54.0,2026-02-27
Ladd McConkey,WR,LAC,53.43,5.9,43.0,62.0,2026-02-27
Davante Adams,WR,LAR,54.0,4.14,51.0,63.0,2026-02-27
Breece Hall,RB,NYJ,54.14,6.17,48.0,65.0,2026-02-27
Zay Flowers,WR,BAL,54.29,7.28,42.0,68.0,2026-02-27
Malik Willis,QB,GB,56.0,13.93,32.0,83.0,2026-02-27
Tyler Shough,QB,NO,56.14,4.45,50.0,66.0,2026-02-27
Jameson Williams,WR,DET,57.14,4.05,52.0,62.0,2026-02-27
Derrick Henry,RB,BAL,58.71,3.69,54.0,65.0,2026-02-27
Jeremiyah Love,RB,FA,59.5,8.73,46.0,69.0,2026-02-27
DeVonta Smith,WR,PHI,60.57,6.57,51.0,69.0,2026-02-27
Luther Burden III,WR,CHI,61.0,4.5,54.0,69.0,2026-02-27
Jaylen Waddle,WR,MIA,61.29,3.65,57.0,68.0,2026-02-27
Terry McLaurin,WR,WAS,63.0,5.66,52.0,69.0,2026-02-27
Sam Darnold,QB,SEA,63.43,5.42,60.0,76.0,2026-02-27
Kenneth Walker III,RB,SEA,63.71,6.13,54.0,74.0,2026-02-27
Kyren Williams,RB,LAR,64.71,2.49,61.0,67.0,2026-02-27
Kyler Murray,QB,ARI,65.86,9.05,50.0,83.0,2026-02-27
Mike Evans,WR,TB,66.43,6.11,57.0,72.0,2026-02-27
Cam Ward,QB,TEN,66.86,4.64,60.0,76.0,2026-02-27
RJ Harvey,RB,DEN,68.0,7.48,57.0,77.0,2026-02-27
Harold Fannin Jr.,TE,CLE,68.43,19.67,47.0,93.0,2026-02-27
C.J. Stroud,QB,HOU,68.43,27.09,50.0,134.0,2026-02-27
Colston Loveland,TE,CHI,68.71,13.77,47.0,78.0,2026-02-27
Javonte Williams,RB,DAL,71.57,6.88,62.0,79.0,2026-02-27
Emeka Egbuka,WR,TB,71.86,8.04,57.0,80.0,2026-02-27
Courtland Sutton,WR,DEN,72.14,2.36,68.0,75.0,2026-02-27
TreVeyon Henderson,RB,NE,72.57,9.53,55.0,81.0,2026-02-27
Cam Skattebo,RB,NYG,72.86,5.94,59.0,77.0,2026-02-27
Travis Etienne Jr.,RB,JAC,73.71,6.11,61.0,79.0,2026-02-27
Christian Watson,WR,GB,77.57,7.42,67.0,89.0,2026-02-27
Rome Odunze,WR,CHI,80.86,13.97,53.0,96.0,2026-02-27
DK Metcalf,WR,PIT,80.86,5.36,73.0,90.0,2026-02-27
Quinshon Judkins,RB,CLE,81.29,1.98,79.0,85.0,2026-02-27
Brian Thomas Jr.,WR,JAC,83.43,6.93,72.0,95.0,2026-02-27
Jakobi Meyers,WR,JAC,83.86,8.18,73.0,102.0,2026-02-27
D'Andre Swift,RB,CHI,84.14,4.76,74.0,88.0,2026-02-27
Tucker Kraft,TE,GB,84.29,2.91,78.0,86.0,2026-02-27
Tyler Warren,TE,IND,85.43,9.05,67.0,93.0,2026-02-27
Ricky Pearsall,WR,SF,87.71,7.8,73.0,96.0,2026-02-27
Bryce Young,QB,CAR,88.14,32.05,70.0,166.0,2026-02-27
J.J. McCarthy,QB,MIN,89.33,35.05,70.0,167.0,2026-02-27
Jaylen Warren,RB,PIT,89.57,3.25,85.0,95.0,2026-02-27
Fernando Mendoza,QB,FA,92.0,40.67,64.0,162.0,2026-02-27
Chris Godwin Jr.,WR,TB,92.14,5.44,84.0,100.0,2026-02-27
Stefon Diggs,WR,NE,94.57,5.58,89.0,101.0,2026-02-27
Rhamondre Stevenson,RB,NE,98.29,6.65,92.0,108.0,2026-02-27
Kyle Monangai,RB,CHI,98.43,2.77,96.0,105.0,2026-02-27
Rico Dowdle,RB,CAR,98.71,3.61,95.0,105.0,2026-02-27
Michael Penix Jr.,QB,ATL,98.86,27.3,83.0,165.0,2026-02-27
Michael Wilson,WR,ARI,99.0,5.26,91.0,107.0,2026-02-27
Marvin Harrison Jr.,WR,ARI,99.86,3.0,93.0,103.0,2026-02-27
Daniel Jones,QB,IND,101.14,31.11,66.0,169.0,2026-02-27
Tony Pollard,RB,TEN,101.29,3.24,95.0,105.0,2026-02-27
Sam LaPorta,TE,DET,101.86,3.87,93.0,104.0,2026-02-27
Michael Pittman Jr.,WR,IND,103.14,3.31,98.0,107.0,2026-02-27
Bhayshul Tuten,RB,JAC,105.29,14.63,88.0,130.0,2026-02-27
Kyle Pitts Sr.,TE,ATL,106.43,4.92,98.0,113.0,2026-02-27
James Conner,RB,ARI,109.0,6.8,99.0,122.0,2026-02-27
Jordan Addison,WR,MIN,109.71,0.88,109.0,111.0,2026-02-27
Blake Corum,RB,LAR,110.0,4.81,105.0,120.0,2026-02-27
Chuba Hubbard,RB,CAR,111.71,14.89,89.0,131.0,2026-02-27
Wan'Dale Robinson,WR,NYG,113.43,4.53,109.0,123.0,2026-02-27
Shedeur Sanders,QB,CLE,113.6,28.74,94.0,168.0,2026-02-27
Dalton Kincaid,TE,BUF,114.29,5.17,106.0,125.0,2026-02-27
Quentin Johnston,WR,LAC,114.43,10.86,91.0,129.0,2026-02-27
Woody Marks,RB,HOU,115.14,11.48,99.0,134.0,2026-02-27
Aaron Jones Sr.,RB,MIN,115.71,11.44,105.0,132.0,2026-02-27
Trey Benson,RB,ARI,116.14,8.17,104.0,130.0,2026-02-27
Khalil Shakir,WR,BUF,116.86,4.61,112.0,125.0,2026-02-27
Zach Charbonnet,RB,SEA,117.0,29.73,85.0,168.0,2026-02-27
Jauan Jennings,WR,SF,117.57,4.47,110.0,122.0,2026-02-27
Alec Pierce,WR,IND,118.14,6.31,108.0,128.0,2026-02-27
Oronde Gadsden II,TE,LAC,119.71,2.19,115.0,121.0,2026-02-27
Jake Ferguson,TE,DAL,120.57,5.18,115.0,128.0,2026-02-27
Brenton Strange,TE,JAC,120.86,5.74,112.0,126.0,2026-02-27
Alvin Kamara,RB,NO,121.14,6.06,116.0,130.0,2026-02-27
Parker Washington,WR,JAC,123.43,13.11,96.0,135.0,2026-02-27
Travis Hunter,WR,JAC,125.14,18.54,101.0,160.0,2026-02-27
Juwan Johnson,TE,NO,125.14,5.74,115.0,136.0,2026-02-27
Jadarian Price,RB,FA,126.5,18.93,102.0,154.0,2026-02-27
Tyreek Hill,WR,FA,128.29,10.65,114.0,149.0,2026-02-27
DJ Moore,WR,CHI,129.0,6.99,124.0,144.0,2026-02-27
David Montgomery,RB,DET,129.71,5.9,120.0,141.0,2026-02-27
Jayden Higgins,WR,HOU,130.0,10.16,109.0,142.0,2026-02-27
Aaron Rodgers,QB,PIT,131.67,38.99,87.0,182.0,2026-02-27
Jacory Croskey-Merritt,RB,WAS,132.14,9.36,111.0,141.0,2026-02-27
Emmett Johnson,RB,FA,133.25,16.9,110.0,156.0,2026-02-27
Xavier Worthy,WR,KC,134.0,4.11,125.0,139.0,2026-02-27
George Kittle,TE,SF,134.71,19.05,106.0,174.0,2026-02-27
Dylan Sampson,RB,CLE,135.0,4.54,131.0,143.0,2026-02-27
Jacoby Brissett,QB,ARI,135.5,18.15,118.0,171.0,2026-02-27
Jayden Reed,WR,GB,136.71,6.52,129.0,147.0,2026-02-27
Josh Downs,WR,IND,139.0,5.68,132.0,149.0,2026-02-27
Braelon Allen,RB,NYJ,139.14,7.97,127.0,151.0,2026-02-27
Dalton Schultz,TE,HOU,139.29,3.41,133.0,142.0,2026-02-27
Deebo Samuel Sr.,WR,WAS,140.0,10.62,132.0,163.0,2026-02-27
Tyler Allgeier,RB,ATL,141.29,6.69,130.0,150.0,2026-02-27
Kenneth Gainwell,RB,PIT,141.57,2.92,138.0,147.0,2026-02-27
Jalen Coker,WR,CAR,144.14,9.86,124.0,158.0,2026-02-27
Mac Jones,QB,SF,145.33,22.05,127.0,181.0,2026-02-27
Tyjae Spears,RB,TEN,146.14,4.02,141.0,153.0,2026-02-27
Tyrone Tracy Jr.,RB,NYG,148.0,2.33,145.0,150.0,2026-02-27
Denzel Boston,WR,FA,148.6,44.99,82.0,219.0,2026-02-27
Dallas Goedert,TE,PHI,148.86,2.95,144.0,153.0,2026-02-27
Carnell Tate,WR,FA,150.43,53.43,94.0,230.0,2026-02-27
Adonai Mitchell,WR,NYJ,150.57,5.75,145.0,164.0,2026-02-27
Jerry Jeudy,WR,CLE,151.57,6.61,144.0,161.0,2026-02-27
Troy Franklin,WR,DEN,152.0,7.46,144.0,164.0,2026-02-27
J.K. Dobbins,RB,DEN,152.57,4.47,143.0,159.0,2026-02-27
Hunter Henry,TE,NE,154.57,8.09,138.0,164.0,2026-02-27
Tua Tagovailoa,QB,MIA,154.8,18.13,140.0,177.0,2026-02-27
Jordan Mason,RB,MIN,155.86,2.36,152.0,159.0,2026-02-27
Rachaad White,RB,TB,157.14,4.76,152.0,165.0,2026-02-27
Kaleb Johnson,RB,PIT,157.57,4.81,150.0,165.0,2026-02-27
Jonah Coleman,RB,FA,159.25,43.71,117.0,229.0,2026-02-27
Jordyn Tyson,WR,FA,159.43,47.13,108.0,218.0,2026-02-27
Makai Lemon,WR,FA,160.29,47.26,104.0,234.0,2026-02-27
Travis Kelce,TE,KC,160.43,12.7,144.0,182.0,2026-02-27
Rashid Shaheed,WR,SEA,160.57,5.88,151.0,170.0,2026-02-27
Chimere Dike,WR,TEN,163.29,7.19,151.0,173.0,2026-02-27
Brandon Aiyuk,WR,SF,164.57,8.63,149.0,175.0,2026-02-27
K.C. Concepcion,WR,FA,164.6,48.42,83.0,212.0,2026-02-27
Tre Harris,WR,LAC,166.43,12.45,147.0,185.0,2026-02-27
Devin Neal,RB,NO,166.71,5.06,160.0,176.0,2026-02-27
Mark Andrews,TE,BAL,167.14,8.46,153.0,174.0,2026-02-27
Tank Bigsby,RB,PHI,167.29,5.62,162.0,176.0,2026-02-27
Matthew Golden,WR,GB,167.86,2.9,162.0,170.0,2026-02-27
Isiah Pacheco,RB,KC,168.0,8.85,157.0,182.0,2026-02-27
Isaiah Likely,TE,BAL,168.86,8.69,156.0,183.0,2026-02-27
Jaylin Noel,WR,HOU,169.0,8.77,160.0,180.0,2026-02-27
Kimani Vidal,RB,LAC,169.86,10.84,163.0,196.0,2026-02-27
Romeo Doubs,WR,GB,170.29,4.8,160.0,177.0,2026-02-27
Keaton Mitchell,RB,BAL,173.0,11.83,161.0,199.0,2026-02-27
Elic Ayomanor,WR,TEN,173.57,4.5,169.0,181.0,2026-02-27
Kayshon Boutte,WR,NE,174.86,4.52,166.0,181.0,2026-02-27
Pat Bryant,WR,DEN,176.86,5.38,170.0,186.0,2026-02-27
Brian Robinson Jr.,RB,SF,179.0,4.21,172.0,187.0,2026-02-27
Anthony Richardson Sr.,QB,IND,179.4,3.01,177.0,184.0,2026-02-27
Kendre Miller,RB,NO,181.86,13.08,166.0,208.0,2026-02-27
Joe Milton III,QB,DAL,182.0,0.0,182.0,182.0,2026-02-27
Geno Smith,QB,LV,182.4,3.2,176.0,184.0,2026-02-27
Theo Johnson,TE,NYG,182.71,5.92,172.0,194.0,2026-02-27
Isaiah Davis,RB,NYJ,183.14,16.3,150.0,207.0,2026-02-27
Tre Tucker,WR,LV,184.14,6.31,175.0,194.0,2026-02-27
Omar Cooper Jr.,WR,FA,186.33,44.39,136.0,244.0,2026-02-27
Darnell Mooney,WR,ATL,187.29,6.45,181.0,200.0,2026-02-27
Ryan Flournoy,WR,DAL,187.43,6.39,180.0,195.0,2026-02-27
Joe Mixon,RB,HOU,187.86,18.98,168.0,211.0,2026-02-27
Jalen McMillan,WR,TB,190.14,8.51,180.0,207.0,2026-02-27
T.J. Hockenson,TE,MIN,191.14,3.72,188.0,197.0,2026-02-27
AJ Barner,TE,SEA,194.71,6.71,182.0,206.0,2026-02-27
Terrance Ferguson,TE,LAR,194.86,14.45,165.0,214.0,2026-02-27
Malachi Fields,WR,FA,195.33,39.63,148.0,245.0,2026-02-27
Mack Hollins,WR,NE,196.29,6.78,188.0,207.0,2026-02-27
Keon Coleman,WR,BUF,196.29,6.43,188.0,205.0,2026-02-27
Emanuel Wilson,RB,GB,196.43,9.29,185.0,211.0,2026-02-27
Jaylen Wright,RB,MIA,196.86,6.69,191.0,208.0,2026-02-27
Isaac TeSlaa,WR,DET,197.0,3.66,193.0,202.0,2026-02-27
Calvin Ridley,WR,TEN,197.14,8.37,188.0,212.0,2026-02-27
Marvin Mims Jr.,WR,DEN,197.71,8.91,191.0,218.0,2026-02-27
Jonathon Brooks,RB,CAR,198.86,20.46,156.0,220.0,2026-02-27
Mason Taylor,TE,NYJ,201.14,5.0,193.0,206.0,2026-02-27
Mike Washington Jr.,RB,FA,201.33,40.78,172.0,259.0,2026-02-27
Kyle Williams,WR,NE,201.43,4.53,196.0,209.0,2026-02-27
Rashod Bateman,WR,BAL,201.57,6.69,194.0,216.0,2026-02-27
Jerome Ford,RB,CLE,202.17,25.69,176.0,252.0,2026-02-27
Xavier Legette,WR,CAR,203.57,7.33,195.0,215.0,2026-02-27
Sean Tucker,RB,TB,203.86,7.86,188.0,212.0,2026-02-27
Brashard Smith,RB,KC,204.29,18.18,172.0,229.0,2026-02-27
Dontayvion Wicks,WR,GB,204.86,5.17,199.0,214.0,2026-02-27
Keenan Allen,WR,LAC,205.14,10.63,186.0,219.0,2026-02-27
Najee Harris,RB,LAC,206.14,17.74,177.0,240.0,2026-02-27
Gunnar Helm,TE,TEN,208.14,11.2,185.0,225.0,2026-02-27
Ray Davis,RB,BUF,208.71,8.66,202.0,226.0,2026-02-27
Chris Brazzell II,WR,FA,210.0,39.06,178.0,265.0,2026-02-27
Kenyon Sadiq,TE,FA,212.0,21.58,187.0,246.0,2026-02-27
Cooper Kupp,WR,SEA,212.57,12.15,203.0,241.0,2026-02-27
Kaytron Allen,RB,FA,213.33,47.36,155.0,271.0,2026-02-27
Chris Rodriguez Jr.,RB,WAS,213.43,3.02,211.0,220.0,2026-02-27
Darius Slayton,WR,NYG,215.29,10.44,204.0,236.0,2026-02-27
Tory Horton,WR,SEA,216.29,5.97,207.0,221.0,2026-02-27
David Njoku,TE,CLE,217.29,6.94,208.0,227.0,2026-02-27
Elijah Sarratt,WR,FA,218.33,32.36,193.0,264.0,2026-02-27
Ollie Gordon II,RB,MIA,219.14,4.73,213.0,226.0,2026-02-27
Chig Okonkwo,TE,TEN,219.57,5.45,208.0,223.0,2026-02-27
Ja'Kobi Lane,WR,FA,221.0,0.0,221.0,221.0,2026-02-27
Ty Johnson,RB,BUF,222.57,9.32,216.0,244.0,2026-02-27
Jaleel McLaughlin,RB,DEN,222.57,7.07,216.0,232.0,2026-02-27
Colby Parkinson,TE,LAR,222.86,8.1,206.0,231.0,2026-02-27
Antonio Williams,WR,FA,223.0,4.0,219.0,227.0,2026-02-27
Adam Randall,RB,FA,223.0,0.0,223.0,223.0,2026-02-27
Isaiah Bond,WR,CLE,223.86,13.77,210.0,255.0,2026-02-27
Tank Dell,WR,HOU,223.86,6.06,215.0,234.0,2026-02-27
Zachariah Branch,WR,FA,224.0,27.76,190.0,258.0,2026-02-27
Germie Bernard,WR,FA,224.33,32.56,188.0,267.0,2026-02-27
Reggie Virgil,WR,FA,227.0,0.0,227.0,227.0,2026-02-27
Nicholas Singleton,RB,FA,229.0,28.47,205.0,269.0,2026-02-27
Isaac Guerendo,RB,SF,229.83,5.24,225.0,238.0,2026-02-27
Eli Stowers,TE,FA,230.67,14.38,220.0,251.0,2026-02-27
Pat Freiermuth,TE,PIT,231.0,4.04,225.0,239.0,2026-02-27
Evan Engram,TE,DEN,231.0,4.38,227.0,240.0,2026-02-27
Ted Hurst,WR,FA,231.0,0.0,231.0,231.0,2026-02-27
Andrei Iosivas,WR,CIN,232.0,12.15,212.0,250.0,2026-02-27
Jalen Royals,WR,KC,233.29,15.4,221.0,269.0,2026-02-27
Konata Mumpfield,WR,LAR,234.43,10.34,219.0,251.0,2026-02-27
Jack Bech,WR,LV,235.0,12.07,221.0,262.0,2026-02-27
Cade Otton,TE,TB,235.43,5.39,227.0,245.0,2026-02-27
Christian Kirk,WR,HOU,238.17,1.95,236.0,241.0,2026-02-27
Bam Knight,RB,ARI,239.0,14.9,226.0,268.0,2026-02-27
Audric Estime,RB,NO,239.17,11.33,229.0,261.0,2026-02-27
Devaughn Vele,WR,NO,240.14,12.94,218.0,266.0,2026-02-27
Jaydon Blue,RB,DAL,241.29,21.13,217.0,273.0,2026-02-27
Calvin Austin III,WR,PIT,241.67,7.06,237.0,257.0,2026-02-27
Malik Davis,RB,DAL,242.17,11.55,232.0,265.0,2026-02-27
Jake Tonges,TE,SF,242.6,7.09,230.0,250.0,2026-02-27
Jared Wiley,TE,KC,246.0,0.0,246.0,246.0,2026-02-27
Le'Veon Moss,RB,FA,246.0,0.0,246.0,246.0,2026-02-27
Darren Waller,TE,MIA,247.33,10.78,233.0,259.0,2026-02-27
Tyquan Thornton,WR,KC,247.33,7.7,241.0,260.0,2026-02-27
Marquise Brown,WR,KC,247.43,8.36,241.0,267.0,2026-02-27
Noah Gray,TE,KC,247.6,5.89,240.0,257.0,2026-02-27
Luke McCaffrey,WR,WAS,248.57,4.81,244.0,256.0,2026-02-27
LeQuint Allen Jr.,RB,JAC,249.0,14.94,235.0,280.0,2026-02-27
Jam Miller,RB,FA,249.0,0.0,249.0,249.0,2026-02-27
Elijah Arroyo,TE,SEA,249.33,17.15,228.0,270.0,2026-02-27
Dont'e Thornton Jr.,WR,LV,249.67,9.1,242.0,263.0,2026-02-27
Demond Claiborne,RB,FA,250.0,22.02,232.0,281.0,2026-02-27
Michael Mayer,TE,LV,250.67,16.78,231.0,272.0,2026-02-27
DJ Giddens,RB,IND,252.43,10.87,238.0,273.0,2026-02-27
Ben Sinnott,TE,WAS,253.0,38.64,215.0,306.0,2026-02-27
Mike Gesicki,TE,CIN,254.2,6.79,246.0,264.0,2026-02-27
Cedric Tillman,WR,CLE,254.29,7.23,248.0,271.0,2026-02-27
Devin Singletary,RB,NYG,255.17,10.93,246.0,277.0,2026-02-27
Tommy Myers,TE,FA,256.0,6.0,250.0,262.0,2026-02-27
Greg Dulcich,TE,MIA,257.0,38.0,219.0,295.0,2026-02-27
Chris Brooks,RB,GB,257.17,14.4,247.0,287.0,2026-02-27
Malik Washington,WR,MIA,257.29,14.93,245.0,292.0,2026-02-27
J'Mari Taylor,RB,FA,258.0,0.0,258.0,258.0,2026-02-27
Justice Hill,RB,BAL,259.33,12.67,250.0,284.0,2026-02-27
Trevor Etienne,RB,CAR,259.67,10.75,252.0,281.0,2026-02-27
George Holani,RB,SEA,260.0,20.48,217.0,290.0,2026-02-27
John Bates,TE,WAS,260.25,28.25,240.0,309.0,2026-02-27
John Metchie III,WR,NYJ,262.4,17.81,253.0,298.0,2026-02-27
Jarquez Hunter,RB,LAR,262.83,7.99,255.0,276.0,2026-02-27
Olamide Zaccheaus,WR,CHI,263.0,16.17,253.0,299.0,2026-02-27
MarShawn Lloyd,RB,GB,263.5,6.75,258.0,274.0,2026-02-27
Chris Bell,WR,FA,264.5,69.5,195.0,334.0,2026-02-27
Tez Johnson,WR,TB,264.67,13.26,256.0,294.0,2026-02-27
Darnell Washington,TE,PIT,265.5,37.5,228.0,303.0,2026-02-27
Jaylin Lane,WR,WAS,269.0,14.84,260.0,302.0,2026-02-27
Joshua Palmer,WR,BUF,270.2,23.42,257.0,317.0,2026-02-27
Michael Carter,RB,ARI,271.5,13.81,262.0,301.0,2026-02-27
Emari Demercado,RB,ARI,273.33,10.98,267.0,297.0,2026-02-27
Xavier Hutchinson,WR,HOU,275.0,24.03,261.0,323.0,2026-02-27
Deion Burks,WR,FA,275.0,0.0,275.0,275.0,2026-02-27
Samaje Perine,RB,CIN,275.43,14.62,268.0,311.0,2026-02-27
Will Shipley,RB,PHI,275.67,20.44,261.0,320.0,2026-02-27
DeMario Douglas,WR,NE,277.0,24.02,264.0,325.0,2026-02-27
Antonio Gibson,RB,FA,277.67,0.94,277.0,279.0,2026-02-27
Caleb Douglas,WR,FA,278.0,0.0,278.0,278.0,2026-02-27
Jordan James,RB,SF,278.17,33.06,225.0,339.0,2026-02-27
Jawhar Jordan,RB,HOU,278.6,4.8,275.0,288.0,2026-02-27
Tahj Brooks,RB,CIN,279.0,14.52,269.0,314.0,2026-02-27
Jalen Nailor,WR,MIN,279.0,24.02,266.0,327.0,2026-02-27
Tyren Montgomery,WR,FA,279.0,0.0,279.0,279.0,2026-02-27
Kareem Hunt,RB,KC,279.67,17.7,270.0,319.0,2026-02-27
Nick Chubb,RB,HOU,280.67,15.63,271.0,315.0,2026-02-27
Austin Ekeler,RB,WAS,280.8,20.13,269.0,321.0,2026-02-27
Skyler Bell,WR,FA,282.0,0.0,282.0,282.0,2026-02-27
Ja'Tavion Sanders,TE,CAR,283.0,0.0,283.0,283.0,2026-02-27
Tyler Higbee,TE,LAR,283.5,34.5,249.0,318.0,2026-02-27
Kevin Coleman Jr.,WR,FA,285.0,0.0,285.0,285.0,2026-02-27
Cole Kmet,TE,CHI,286.0,0.0,286.0,286.0,2026-02-27
Barion Brown,WR,FA,289.0,0.0,289.0,289.0,2026-02-27
Raheim Sanders,RB,CLE,290.25,19.5,278.0,324.0,2026-02-27
Seth McGowan,RB,FA,291.0,0.0,291.0,291.0,2026-02-27
Terrell Jennings,RB,NE,292.0,29.45,274.0,343.0,2026-02-27
Jaydn Ott,RB,FA,293.0,0.0,293.0,293.0,2026-02-27
Dameon Pierce,RB,KC,295.0,27.16,278.0,342.0,2026-02-27
Kaelon Black,RB,FA,296.0,0.0,296.0,296.0,2026-02-27
Luke Musgrave,TE,GB,300.0,0.0,300.0,300.0,2026-02-27
Bryce Lance,WR,FA,304.0,0.0,304.0,304.0,2026-02-27
Josh Cameron,WR,FA,305.0,0.0,305.0,305.0,2026-02-27
Vinny Anthony II,WR,FA,307.0,0.0,307.0,307.0,2026-02-27
Brenen Thompson,WR,FA,308.0,0.0,308.0,308.0,2026-02-27
Max Klare,TE,FA,310.0,0.0,310.0,310.0,2026-02-27
Dawson Knox,TE,BUF,312.0,0.0,312.0,312.0,2026-02-27
Elijah Higgins,TE,ARI,313.0,0.0,313.0,313.0,2026-02-27
Jonnu Smith,TE,PIT,316.0,0.0,316.0,316.0,2026-02-27
Michael Trigg,TE,FA,322.0,0.0,322.0,322.0,2026-02-27
Justin Joly,TE,FA,326.0,0.0,326.0,326.0,2026-02-27
Aaron Anderson,WR,FA,328.0,0.0,328.0,328.0,2026-02-27
Jack Endries,TE,FA,329.0,0.0,329.0,329.0,2026-02-27
C.J. Daniels,WR,FA,330.0,0.0,330.0,330.0,2026-02-27
Tanner Koziol,TE,FA,331.0,0.0,331.0,331.0,2026-02-27
Dane Key,WR,FA,332.0,0.0,332.0,332.0,2026-02-27
Chris Hilton Jr.,WR,FA,333.0,0.0,333.0,333.0,2026-02-27
Robert Henry Jr.,RB,FA,335.0,0.0,335.0,335.0,2026-02-27
Zach Ertz,TE,WAS,336.0,0.0,336.0,336.0,2026-02-27
Desmond Reid,RB,FA,337.0,0.0,337.0,337.0,2026-02-27
Roman Hemby,RB,FA,338.0,0.0,338.0,338.0,2026-02-27
Thomas Fidone II,TE,NYG,340.0,0.0,340.0,340.0,2026-02-27
Taysom Hill,TE,NO,341.0,0.0,341.0,341.0,2026-02-27
Erick All Jr.,TE,CIN,344.0,0.0,344.0,344.0,2026-02-27
Josh Allen,QB,BUF,1.17,0.37,1.0,2.0,2026-02-20
Lamar Jackson,QB,BAL,2.83,0.37,2.0,3.0,2026-02-20
Drake Maye,QB,NE,3.33,1.8,2.0,7.0,2026-02-20
Joe Burrow,QB,CIN,4.0,0.58,3.0,5.0,2026-02-20
Jayden Daniels,QB,WAS,7.5,4.07,5.0,16.0,2026-02-20
Ja'Marr Chase,WR,CIN,7.67,2.36,6.0,11.0,2026-02-20
Jalen Hurts,QB,PHI,8.17,3.58,5.0,16.0,2026-02-20
Puka Nacua,WR,LAR,8.5,2.5,6.0,11.0,2026-02-20
Bijan Robinson,RB,ATL,10.0,0.0,10.0,10.0,2026-02-20
Justin Herbert,QB,LAC,11.83,4.41,8.0,19.0,2026-02-20
Jaxon Smith-Njigba,WR,SEA,12.0,0.0,12.0,12.0,2026-02-20
Jaxson Dart,QB,NYG,13.0,7.87,8.0,29.0,2026-02-20
Jahmyr Gibbs,RB,DET,13.0,0.0,13.0,13.0,2026-02-20
Trevor Lawrence,QB,JAC,14.67,4.03,9.0,18.0,2026-02-20
CeeDee Lamb,WR,DAL,15.0,2.24,14.0,20.0,2026-02-20
Christian McCaffrey,RB,SF,16.17,2.61,15.0,22.0,2026-02-20
Amon-Ra St. Brown,WR,DET,18.0,2.83,14.0,20.0,2026-02-20
Patrick Mahomes II,QB,KC,19.33,3.14,16.0,26.0,2026-02-20
Dak Prescott,QB,DAL,19.5,2.99,17.0,26.0,2026-02-20
Caleb Williams,QB,CHI,19.83,6.59,9.0,26.0,2026-02-20
Brock Purdy,QB,SF,20.83,3.72,17.0,26.0,2026-02-20
De'Von Achane,RB,MIA,22.33,3.54,15.0,25.0,2026-02-20
Drake London,WR,ATL,22.83,2.67,20.0,28.0,2026-02-20
Justin Jefferson,WR,MIN,22.83,2.19,20.0,27.0,2026-02-20
Malik Nabers,WR,NYG,23.0,1.41,21.0,24.0,2026-02-20
Jonathan Taylor,RB,IND,23.5,1.5,22.0,25.0,2026-02-20
Nico Collins,WR,HOU,26.33,2.36,23.0,28.0,2026-02-20
Rashee Rice,WR,KC,27.0,3.51,23.0,34.0,2026-02-20
Chris Olave,WR,NO,31.17,3.89,27.0,36.0,2026-02-20
George Pickens,WR,DAL,31.67,4.19,24.0,35.0,2026-02-20
Bo Nix,QB,DEN,31.83,2.97,29.0,38.0,2026-02-20
James Cook III,RB,BUF,32.33,7.09,17.0,37.0,2026-02-20
Ashton Jeanty,RB,LV,32.5,4.96,23.0,40.0,2026-02-20
Matthew Stafford,QB,LAR,32.83,4.81,29.0,41.0,2026-02-20
Trey McBride,TE,ARI,33.67,3.77,31.0,39.0,2026-02-20
Brock Bowers,TE,LV,35.0,4.0,31.0,39.0,2026-02-20
A.J. Brown,WR,PHI,37.0,2.71,35.0,43.0,2026-02-20
Jared Goff,QB,DET,38.5,6.1,32.0,50.0,2026-02-20
Jordan Love,QB,GB,39.0,10.07,29.0,55.0,2026-02-20
Omarion Hampton,RB,LAC,39.17,2.85,33.0,42.0,2026-02-20
Tetairoa McMillan,WR,CAR,40.5,3.91,35.0,44.0,2026-02-20
Chase Brown,RB,CIN,40.5,2.5,37.0,43.0,2026-02-20
Tee Higgins,WR,CIN,44.33,0.75,43.0,45.0,2026-02-20
Baker Mayfield,QB,TB,44.5,6.34,38.0,56.0,2026-02-20
Saquon Barkley,RB,PHI,44.83,3.58,40.0,49.0,2026-02-20
Garrett Wilson,WR,NYJ,45.17,5.08,36.0,51.0,2026-02-20
Josh Jacobs,RB,GB,48.17,5.4,42.0,58.0,2026-02-20
Bucky Irving,RB,TB,48.67,2.49,46.0,54.0,2026-02-20
Ladd McConkey,WR,LAC,53.83,6.28,43.0,62.0,2026-02-20
Breece Hall,RB,NYJ,53.83,7.01,46.0,65.0,2026-02-20
Davante Adams,WR,LAR,54.33,4.38,51.0,63.0,2026-02-20
Zay Flowers,WR,BAL,54.5,7.85,42.0,68.0,2026-02-20
Malik Willis,QB,GB,56.17,15.04,32.0,83.0,2026-02-20
Derrick Henry,RB,BAL,56.83,5.21,49.0,65.0,2026-02-20
Jameson Williams,WR,DET,56.83,4.3,52.0,62.0,2026-02-20
Tyler Shough,QB,NO,57.17,3.98,55.0,66.0,2026-02-20
DeVonta Smith,WR,PHI,60.17,7.01,51.0,69.0,2026-02-20
Jaylen Waddle,WR,MIA,60.17,2.61,57.0,63.0,2026-02-20
Luther Burden III,WR,CHI,62.67,5.31,54.0,69.0,2026-02-20
Terry McLaurin,WR,WAS,63.17,6.09,52.0,69.0,2026-02-20
Kenneth Walker III,RB,SEA,63.17,6.47,54.0,74.0,2026-02-20
Sam Darnold,QB,SEA,64.0,5.66,60.0,76.0,2026-02-20
Kyren Williams,RB,LAR,64.67,2.69,61.0,67.0,2026-02-20
Mike Evans,WR,TB,65.5,6.13,57.0,72.0,2026-02-20
Kyler Murray,QB,ARI,66.17,9.74,50.0,83.0,2026-02-20
Harold Fannin Jr.,TE,CLE,66.83,20.82,47.0,93.0,2026-02-20
Cam Ward,QB,TEN,67.0,5.0,60.0,76.0,2026-02-20
RJ Harvey,RB,DEN,67.17,7.22,58.0,74.0,2026-02-20
C.J. Stroud,QB,HOU,70.5,28.74,50.0,134.0,2026-02-20
TreVeyon Henderson,RB,NE,70.83,9.28,55.0,79.0,2026-02-20
Cam Skattebo,RB,NYG,71.0,6.35,59.0,77.0,2026-02-20
Emeka Egbuka,WR,TB,71.33,8.58,57.0,80.0,2026-02-20
Courtland Sutton,WR,DEN,72.0,2.52,68.0,75.0,2026-02-20
Colston Loveland,TE,CHI,72.33,11.38,47.0,78.0,2026-02-20
Javonte Williams,RB,DAL,72.67,6.85,62.0,79.0,2026-02-20
Travis Etienne Jr.,RB,JAC,72.83,6.18,61.0,79.0,2026-02-20
Christian Watson,WR,GB,77.17,7.95,67.0,89.0,2026-02-20
Rome Odunze,WR,CHI,79.5,14.66,53.0,96.0,2026-02-20
DK Metcalf,WR,PIT,80.33,5.62,73.0,90.0,2026-02-20
Quinshon Judkins,RB,CLE,80.33,1.89,77.0,83.0,2026-02-20
Brian Thomas Jr.,WR,JAC,82.33,6.9,72.0,95.0,2026-02-20
D'Andre Swift,RB,CHI,83.5,4.86,74.0,88.0,2026-02-20
Tucker Kraft,TE,GB,84.0,3.06,78.0,86.0,2026-02-20
Tyler Warren,TE,IND,84.17,9.19,67.0,93.0,2026-02-20
Jakobi Meyers,WR,JAC,84.17,8.8,73.0,102.0,2026-02-20
Ricky Pearsall,WR,SF,86.33,7.59,73.0,96.0,2026-02-20
Jaylen Warren,RB,PIT,88.67,2.56,85.0,92.0,2026-02-20
J.J. McCarthy,QB,MIN,90.6,38.27,70.0,167.0,2026-02-20
Bryce Young,QB,CAR,91.17,33.68,70.0,166.0,2026-02-20
Chris Godwin Jr.,WR,TB,92.33,5.85,84.0,100.0,2026-02-20
Stefon Diggs,WR,NE,93.5,5.32,89.0,101.0,2026-02-20
Fernando Mendoza,QB,FA,97.33,45.73,64.0,162.0,2026-02-20
Rhamondre Stevenson,RB,NE,98.5,7.16,92.0,108.0,2026-02-20
Kyle Monangai,RB,CHI,98.5,2.99,96.0,105.0,2026-02-20
Rico Dowdle,RB,CAR,98.67,3.9,95.0,105.0,2026-02-20
Marvin Harrison Jr.,WR,ARI,99.5,3.1,93.0,103.0,2026-02-20
Michael Penix Jr.,QB,ATL,99.67,29.41,83.0,165.0,2026-02-20
Michael Wilson,WR,ARI,100.33,4.46,92.0,107.0,2026-02-20
Tony Pollard,RB,TEN,100.67,3.09,95.0,103.0,2026-02-20
Sam LaPorta,TE,DET,101.5,4.07,93.0,104.0,2026-02-20
Michael Pittman Jr.,WR,IND,102.5,3.15,98.0,107.0,2026-02-20
Daniel Jones,QB,IND,103.5,33.02,66.0,169.0,2026-02-20
Kyle Pitts Sr.,TE,ATL,106.5,5.32,98.0,113.0,2026-02-20
Aaron Rodgers,QB,PIT,106.5,19.5,87.0,126.0,2026-02-20
Shedeur Sanders,QB,CLE,107.4,30.42,87.0,168.0,2026-02-20
Bhayshul Tuten,RB,JAC,108.17,13.84,90.0,130.0,2026-02-20
James Conner,RB,ARI,109.17,7.34,99.0,122.0,2026-02-20
Jordan Addison,WR,MIN,109.67,0.94,109.0,111.0,2026-02-20
Blake Corum,RB,LAR,109.83,5.18,105.0,120.0,2026-02-20
Chuba Hubbard,RB,CAR,113.17,15.61,89.0,131.0,2026-02-20
Zach Charbonnet,RB,SEA,114.17,31.23,85.0,168.0,2026-02-20
Wan'Dale Robinson,WR,NYG,114.17,4.49,110.0,123.0,2026-02-20
Woody Marks,RB,HOU,114.5,12.28,99.0,134.0,2026-02-20
Dalton Kincaid,TE,BUF,114.5,5.56,106.0,125.0,2026-02-20
Quentin Johnston,WR,LAC,114.5,11.73,91.0,129.0,2026-02-20
Aaron Jones Sr.,RB,MIN,115.0,12.21,105.0,132.0,2026-02-20
Khalil Shakir,WR,BUF,116.0,4.43,112.0,125.0,2026-02-20
Trey Benson,RB,ARI,116.17,8.82,104.0,130.0,2026-02-20
Jadarian Price,RB,FA,117.33,11.9,102.0,131.0,2026-02-20
Jauan Jennings,WR,SF,117.67,4.82,110.0,122.0,2026-02-20
Alec Pierce,WR,IND,119.17,6.26,108.0,128.0,2026-02-20
Alvin Kamara,RB,NO,119.67,5.25,116.0,130.0,2026-02-20
Brenton Strange,TE,JAC,120.17,5.93,112.0,126.0,2026-02-20
Jake Ferguson,TE,DAL,120.5,5.59,115.0,128.0,2026-02-20
Oronde Gadsden II,TE,LAC,120.5,1.12,118.0,121.0,2026-02-20
Parker Washington,WR,JAC,122.5,13.95,96.0,135.0,2026-02-20
Juwan Johnson,TE,NO,125.0,6.19,115.0,136.0,2026-02-20
Travis Hunter,WR,JAC,125.5,20.0,101.0,160.0,2026-02-20
Emmett Johnson,RB,FA,125.67,12.28,110.0,140.0,2026-02-20
Tyreek Hill,WR,FA,126.83,10.84,114.0,149.0,2026-02-20
DJ Moore,WR,CHI,128.33,7.34,124.0,144.0,2026-02-20
Jayden Higgins,WR,HOU,129.17,10.75,109.0,142.0,2026-02-20
David Montgomery,RB,DET,129.33,6.29,120.0,141.0,2026-02-20
Denzel Boston,WR,FA,131.0,31.33,82.0,167.0,2026-02-20
Jacory Croskey-Merritt,RB,WAS,132.33,10.09,111.0,141.0,2026-02-20
Xavier Worthy,WR,KC,133.17,3.85,125.0,137.0,2026-02-20
Dylan Sampson,RB,CLE,133.67,3.4,131.0,141.0,2026-02-20
Jonah Coleman,RB,FA,136.0,19.61,117.0,163.0,2026-02-20
Jayden Reed,WR,GB,136.33,6.97,129.0,147.0,2026-02-20
Braelon Allen,RB,NYJ,137.17,6.84,127.0,150.0,2026-02-20
Jacoby Brissett,QB,ARI,137.2,19.45,118.0,171.0,2026-02-20
George Kittle,TE,SF,137.33,21.72,106.0,174.0,2026-02-20
Josh Downs,WR,IND,137.83,5.3,132.0,149.0,2026-02-20
Dalton Schultz,TE,HOU,137.83,3.29,133.0,142.0,2026-02-20
Deebo Samuel Sr.,WR,WAS,138.83,11.05,132.0,163.0,2026-02-20
Tyler Allgeier,RB,ATL,141.33,7.23,130.0,150.0,2026-02-20
Kenneth Gainwell,RB,PIT,142.17,2.73,138.0,147.0,2026-02-20
Tua Tagovailoa,QB,MIA,142.8,19.28,117.0,177.0,2026-02-20
Jalen Coker,WR,CAR,143.33,10.43,124.0,158.0,2026-02-20
Tyjae Spears,RB,TEN,146.33,4.31,141.0,153.0,2026-02-20
Mac Jones,QB,SF,146.4,24.01,127.0,181.0,2026-02-20
Dallas Goedert,TE,PHI,147.17,3.48,142.0,153.0,2026-02-20
Tyrone Tracy Jr.,RB,NYG,147.67,2.36,145.0,150.0,2026-02-20
Jeremiyah Love,RB,FA,150.33,90.93,46.0,255.0,2026-02-20
Adonai Mitchell,WR,NYJ,150.5,6.21,145.0,164.0,2026-02-20
Jerry Jeudy,WR,CLE,150.67,6.72,144.0,161.0,2026-02-20
Troy Franklin,WR,DEN,151.0,7.62,144.0,164.0,2026-02-20
J.K. Dobbins,RB,DEN,151.5,3.91,143.0,154.0,2026-02-20
Hunter Henry,TE,NE,152.67,8.52,138.0,164.0,2026-02-20
K.C. Concepcion,WR,FA,154.75,49.45,83.0,212.0,2026-02-20
Jordan Mason,RB,MIN,155.33,2.13,152.0,158.0,2026-02-20
Kaleb Johnson,RB,PIT,156.67,4.61,150.0,165.0,2026-02-20
Rachaad White,RB,TB,157.5,5.06,152.0,165.0,2026-02-20
Omar Cooper Jr.,WR,FA,157.5,21.5,136.0,179.0,2026-02-20
Carnell Tate,WR,FA,158.83,53.26,94.0,230.0,2026-02-20
Rashid Shaheed,WR,SEA,160.67,6.34,151.0,170.0,2026-02-20
Travis Kelce,TE,KC,162.5,12.58,144.0,182.0,2026-02-20
Chimere Dike,WR,TEN,162.67,7.59,151.0,173.0,2026-02-20
Brandon Aiyuk,WR,SF,163.17,8.55,149.0,175.0,2026-02-20
Jordyn Tyson,WR,FA,163.67,50.06,108.0,218.0,2026-02-20
Devin Neal,RB,NO,165.17,3.62,160.0,172.0,2026-02-20
Tre Harris,WR,LAC,166.0,13.4,147.0,185.0,2026-02-20
Tank Bigsby,RB,PHI,167.17,6.07,162.0,176.0,2026-02-20
Jaylin Noel,WR,HOU,167.17,8.13,160.0,180.0,2026-02-20
Makai Lemon,WR,FA,167.33,47.31,104.0,234.0,2026-02-20
Isiah Pacheco,RB,KC,167.33,9.39,157.0,182.0,2026-02-20
Matthew Golden,WR,GB,167.5,2.99,162.0,170.0,2026-02-20
Mark Andrews,TE,BAL,167.67,9.03,153.0,174.0,2026-02-20
Isaiah Likely,TE,BAL,168.0,9.11,156.0,183.0,2026-02-20
Kimani Vidal,RB,LAC,169.67,9.32,163.0,190.0,2026-02-20
Romeo Doubs,WR,GB,170.17,5.18,160.0,177.0,2026-02-20
Malachi Fields,WR,FA,170.5,22.5,148.0,193.0,2026-02-20
Elic Ayomanor,WR,TEN,172.33,3.59,169.0,179.0,2026-02-20
Mike Washington Jr.,RB,FA,172.5,0.5,172.0,173.0,2026-02-20
Keaton Mitchell,RB,BAL,173.67,11.41,161.0,196.0,2026-02-20
Kayshon Boutte,WR,NE,174.83,4.88,166.0,181.0,2026-02-20
Pat Bryant,WR,DEN,176.67,5.79,170.0,186.0,2026-02-20
Anthony Richardson Sr.,QB,IND,178.25,2.17,177.0,182.0,2026-02-20
Brian Robinson Jr.,RB,SF,179.0,4.55,172.0,187.0,2026-02-20
Kendre Miller,RB,NO,180.5,12.98,166.0,205.0,2026-02-20
Joe Milton III,QB,DAL,182.0,0.0,182.0,182.0,2026-02-20
Geno Smith,QB,LV,182.4,3.2,176.0,184.0,2026-02-20
Chris Brazzell II,WR,FA,182.5,4.5,178.0,187.0,2026-02-20
Theo Johnson,TE,NYG,182.67,6.39,172.0,194.0,2026-02-20
Isaiah Davis,RB,NYJ,182.83,17.59,150.0,207.0,2026-02-20
Tre Tucker,WR,LV,183.83,6.77,175.0,194.0,2026-02-20
Kaytron Allen,RB,FA,184.0,29.0,155.0,213.0,2026-02-20
Joe Mixon,RB,HOU,184.0,17.78,168.0,210.0,2026-02-20
Darnell Mooney,WR,ATL,186.67,6.77,181.0,200.0,2026-02-20
Ryan Flournoy,WR,DAL,187.0,6.81,180.0,195.0,2026-02-20
Jalen McMillan,WR,TB,190.5,9.14,180.0,207.0,2026-02-20
T.J. Hockenson,TE,MIN,191.5,3.91,188.0,197.0,2026-02-20
AJ Barner,TE,SEA,194.33,7.18,182.0,206.0,2026-02-20
Terrance Ferguson,TE,LAR,195.0,15.6,165.0,214.0,2026-02-20
Jaylen Wright,RB,MIA,195.0,5.29,191.0,206.0,2026-02-20
Emanuel Wilson,RB,GB,195.33,9.62,185.0,211.0,2026-02-20
Elijah Sarratt,WR,FA,195.5,2.5,193.0,198.0,2026-02-20
Keon Coleman,WR,BUF,196.0,6.9,188.0,205.0,2026-02-20
Mack Hollins,WR,NE,196.33,7.32,188.0,207.0,2026-02-20
Marvin Mims Jr.,WR,DEN,197.17,9.51,191.0,218.0,2026-02-20
Isaac TeSlaa,WR,DET,197.33,3.86,193.0,202.0,2026-02-20
Calvin Ridley,WR,TEN,197.83,8.86,188.0,212.0,2026-02-20
Jerome Ford,RB,CLE,199.4,27.31,176.0,252.0,2026-02-20
Jonathon Brooks,RB,CAR,200.0,21.89,156.0,220.0,2026-02-20
Mason Taylor,TE,NYJ,200.33,4.96,193.0,206.0,2026-02-20
Kenyon Sadiq,TE,FA,200.67,10.34,187.0,212.0,2026-02-20
Rashod Bateman,WR,BAL,201.33,7.2,194.0,216.0,2026-02-20
Kyle Williams,WR,NE,201.83,4.78,196.0,209.0,2026-02-20
Brashard Smith,RB,KC,202.67,19.16,172.0,229.0,2026-02-20
Xavier Legette,WR,CAR,203.0,7.77,195.0,215.0,2026-02-20
Germie Bernard,WR,FA,203.0,15.0,188.0,218.0,2026-02-20
Dontayvion Wicks,WR,GB,204.0,5.1,199.0,214.0,2026-02-20
Sean Tucker,RB,TB,204.5,8.32,188.0,212.0,2026-02-20
Najee Harris,RB,LAC,205.0,18.92,177.0,240.0,2026-02-20
Keenan Allen,WR,LAC,205.17,11.48,186.0,219.0,2026-02-20
Nicholas Singleton,RB,FA,206.5,1.5,205.0,208.0,2026-02-20
Zachariah Branch,WR,FA,207.0,17.0,190.0,224.0,2026-02-20
Ray Davis,RB,BUF,207.0,8.77,202.0,226.0,2026-02-20
Gunnar Helm,TE,TEN,208.0,12.1,185.0,225.0,2026-02-20
Chris Rodriguez Jr.,RB,WAS,212.33,1.49,211.0,215.0,2026-02-20
Cooper Kupp,WR,SEA,212.67,13.12,203.0,241.0,2026-02-20
Darius Slayton,WR,NYG,214.67,10.9,204.0,235.0,2026-02-20
Tory Horton,WR,SEA,215.5,6.1,207.0,221.0,2026-02-20
David Njoku,TE,CLE,217.67,7.43,208.0,227.0,2026-02-20
Ollie Gordon II,RB,MIA,217.67,4.35,213.0,226.0,2026-02-20
Chig Okonkwo,TE,TEN,219.0,5.69,208.0,223.0,2026-02-20
Jaleel McLaughlin,RB,DEN,220.17,5.27,216.0,229.0,2026-02-20
Ja'Kobi Lane,WR,FA,221.0,0.0,221.0,221.0,2026-02-20
Ty Johnson,RB,BUF,222.0,9.95,216.0,244.0,2026-02-20
Colby Parkinson,TE,LAR,222.17,8.55,206.0,231.0,2026-02-20
Antonio Williams,WR,FA,223.0,4.0,219.0,227.0,2026-02-20
Adam Randall,RB,FA,223.0,0.0,223.0,223.0,2026-02-20
Isaiah Bond,WR,CLE,223.83,14.87,210.0,255.0,2026-02-20
Tank Dell,WR,HOU,224.17,6.49,215.0,234.0,2026-02-20
Reggie Virgil,WR,FA,227.0,0.0,227.0,227.0,2026-02-20
Isaac Guerendo,RB,SF,228.2,4.12,225.0,235.0,2026-02-20
Eli Stowers,TE,FA,230.0,13.44,220.0,249.0,2026-02-20
Andrei Iosivas,WR,CIN,230.6,12.86,212.0,250.0,2026-02-20
Pat Freiermuth,TE,PIT,231.0,4.36,225.0,239.0,2026-02-20
Ted Hurst,WR,FA,231.0,0.0,231.0,231.0,2026-02-20
Demond Claiborne,RB,FA,231.5,0.5,231.0,232.0,2026-02-20
Evan Engram,TE,DEN,231.5,4.54,227.0,240.0,2026-02-20
Jalen Royals,WR,KC,233.17,16.63,221.0,269.0,2026-02-20
Konata Mumpfield,WR,LAR,233.83,10.96,219.0,251.0,2026-02-20
Jack Bech,WR,LV,235.5,12.79,221.0,262.0,2026-02-20
Cade Otton,TE,TB,235.5,5.22,227.0,243.0,2026-02-20
Jake Tonges,TE,SF,236.8,14.66,211.0,250.0,2026-02-20
Audric Estime,RB,NO,237.6,11.81,229.0,261.0,2026-02-20
Christian Kirk,WR,HOU,237.6,1.62,236.0,240.0,2026-02-20
Bam Knight,RB,ARI,238.2,16.2,226.0,268.0,2026-02-20
Devaughn Vele,WR,NO,240.67,13.91,218.0,266.0,2026-02-20
Malik Davis,RB,DAL,240.8,12.2,232.0,265.0,2026-02-20
Calvin Austin III,WR,PIT,241.6,7.74,237.0,257.0,2026-02-20
Noah Gray,TE,KC,243.4,8.45,231.0,257.0,2026-02-20
Jared Wiley,TE,KC,244.0,0.0,244.0,244.0,2026-02-20
Tyquan Thornton,WR,KC,245.6,7.28,241.0,260.0,2026-02-20
Le'Veon Moss,RB,FA,246.0,0.0,246.0,246.0,2026-02-20
Dont'e Thornton Jr.,WR,LV,247.2,7.93,242.0,263.0,2026-02-20
Marquise Brown,WR,KC,247.33,9.03,241.0,267.0,2026-02-20
Darren Waller,TE,MIA,247.33,10.78,233.0,259.0,2026-02-20
Luke McCaffrey,WR,WAS,247.83,4.81,244.0,256.0,2026-02-20
LeQuint Allen Jr.,RB,JAC,248.4,16.3,235.0,280.0,2026-02-20
Elijah Arroyo,TE,SEA,248.67,17.15,228.0,270.0,2026-02-20
Jaydon Blue,RB,DAL,249.0,25.25,217.0,275.0,2026-02-20
Jam Miller,RB,FA,249.0,0.0,249.0,249.0,2026-02-20
Michael Mayer,TE,LV,250.0,16.87,231.0,272.0,2026-02-20
Mike Gesicki,TE,CIN,251.4,7.76,245.0,264.0,2026-02-20
Ben Sinnott,TE,WAS,252.33,38.9,215.0,306.0,2026-02-20
DJ Giddens,RB,IND,252.67,11.73,238.0,273.0,2026-02-20
Devin Singletary,RB,NYG,254.0,11.63,246.0,277.0,2026-02-20
Cedric Tillman,WR,CLE,254.33,7.8,248.0,271.0,2026-02-20
Tommy Myers,TE,FA,256.0,6.0,250.0,262.0,2026-02-20
Chris Brooks,RB,GB,256.0,15.52,247.0,287.0,2026-02-20
Malik Washington,WR,MIA,256.83,16.08,245.0,292.0,2026-02-20
Greg Dulcich,TE,MIA,257.0,38.0,219.0,295.0,2026-02-20
Justice Hill,RB,BAL,257.6,13.22,250.0,284.0,2026-02-20
J'Mari Taylor,RB,FA,258.0,0.0,258.0,258.0,2026-02-20
Trevor Etienne,RB,CAR,258.4,11.36,252.0,281.0,2026-02-20
John Bates,TE,WAS,260.25,28.25,240.0,309.0,2026-02-20
George Holani,RB,SEA,260.83,22.01,217.0,290.0,2026-02-20
Jarquez Hunter,RB,LAR,261.4,8.01,255.0,276.0,2026-02-20
MarShawn Lloyd,RB,GB,261.8,6.11,258.0,274.0,2026-02-20
John Metchie III,WR,NYJ,262.4,17.81,253.0,298.0,2026-02-20
Olamide Zaccheaus,WR,CHI,263.0,16.17,253.0,299.0,2026-02-20
Chris Bell,WR,FA,264.5,69.5,195.0,334.0,2026-02-20
Tez Johnson,WR,TB,264.67,13.26,256.0,294.0,2026-02-20
Darnell Washington,TE,PIT,265.5,37.5,228.0,303.0,2026-02-20
Jaylin Lane,WR,WAS,269.0,14.84,260.0,302.0,2026-02-20
Joshua Palmer,WR,BUF,270.2,23.42,257.0,317.0,2026-02-20
Michael Carter,RB,ARI,271.0,15.07,262.0,301.0,2026-02-20
Emari Demercado,RB,ARI,273.0,12.0,267.0,297.0,2026-02-20
Xavier Hutchinson,WR,HOU,275.0,24.03,261.0,323.0,2026-02-20
Deion Burks,WR,FA,275.0,0.0,275.0,275.0,2026-02-20
Will Shipley,RB,PHI,275.4,22.38,261.0,320.0,2026-02-20
Samaje Perine,RB,CIN,275.83,15.75,268.0,311.0,2026-02-20
DeMario Douglas,WR,NE,277.0,24.02,264.0,325.0,2026-02-20
Antonio Gibson,RB,NE,277.67,0.94,277.0,279.0,2026-02-20
Jordan James,RB,SF,278.0,36.21,225.0,339.0,2026-02-20
Caleb Douglas,WR,FA,278.0,0.0,278.0,278.0,2026-02-20
Jawhar Jordan,RB,HOU,278.6,4.8,275.0,288.0,2026-02-20
Jalen Nailor,WR,MIN,279.0,24.02,266.0,327.0,2026-02-20
Tyren Montgomery,WR,FA,279.0,0.0,279.0,279.0,2026-02-20
Tahj Brooks,RB,CIN,279.17,15.68,269.0,314.0,2026-02-20
Kareem Hunt,RB,KC,280.4,19.3,270.0,319.0,2026-02-20
Austin Ekeler,RB,WAS,280.8,20.13,269.0,321.0,2026-02-20
Nick Chubb,RB,HOU,280.8,17.12,271.0,315.0,2026-02-20
Skyler Bell,WR,FA,282.0,0.0,282.0,282.0,2026-02-20
Ja'Tavion Sanders,TE,CAR,283.0,0.0,283.0,283.0,2026-02-20
Tyler Higbee,TE,LAR,283.5,34.5,249.0,318.0,2026-02-20
Kevin Coleman Jr.,WR,FA,285.0,0.0,285.0,285.0,2026-02-20
Cole Kmet,TE,CHI,286.0,0.0,286.0,286.0,2026-02-20
Barion Brown,WR,FA,289.0,0.0,289.0,289.0,2026-02-20
Raheim Sanders,RB,CLE,290.25,19.5,278.0,324.0,2026-02-20
Seth McGowan,RB,FA,291.0,0.0,291.0,291.0,2026-02-20
Terrell Jennings,RB,NE,292.0,29.45,274.0,343.0,2026-02-20
Jaydn Ott,RB,FA,293.0,0.0,293.0,293.0,2026-02-20
Dameon Pierce,RB,KC,295.0,27.16,278.0,342.0,2026-02-20
Kaelon Black,RB,FA,296.0,0.0,296.0,296.0,2026-02-20
Luke Musgrave,TE,GB,300.0,0.0,300.0,300.0,2026-02-20
Bryce Lance,WR,FA,304.0,0.0,304.0,304.0,2026-02-20
Josh Cameron,WR,FA,305.0,0.0,305.0,305.0,2026-02-20
Vinny Anthony II,WR,FA,307.0,0.0,307.0,307.0,2026-02-20
Brenen Thompson,WR,FA,308.0,0.0,308.0,308.0,2026-02-20
Max Klare,TE,FA,310.0,0.0,310.0,310.0,2026-02-20
Dawson Knox,TE,BUF,312.0,0.0,312.0,312.0,2026-02-20
Elijah Higgins,TE,ARI,313.0,0.0,313.0,313.0,2026-02-20
Jonnu Smith,TE,PIT,316.0,0.0,316.0,316.0,2026-02-20
Michael Trigg,TE,FA,322.0,0.0,322.0,322.0,2026-02-20
Justin Joly,TE,FA,326.0,0.0,326.0,326.0,2026-02-20
Aaron Anderson,WR,FA,328.0,0.0,328.0,328.0,2026-02-20
Jack Endries,TE,FA,329.0,0.0,329.0,329.0,2026-02-20
C.J. Daniels,WR,FA,330.0,0.0,330.0,330.0,2026-02-20
Tanner Koziol,TE,FA,331.0,0.0,331.0,331.0,2026-02-20
Dane Key,WR,FA,332.0,0.0,332.0,332.0,2026-02-20
Chris Hilton Jr.,WR,FA,333.0,0.0,333.0,333.0,2026-02-20
Robert Henry Jr.,RB,FA,335.0,0.0,335.0,335.0,2026-02-20
Zach Ertz,TE,WAS,336.0,0.0,336.0,336.0,2026-02-20
Desmond Reid,RB,FA,337.0,0.0,337.0,337.0,2026-02-20
Roman Hemby,RB,FA,338.0,0.0,338.0,338.0,2026-02-20
Thomas Fidone II,TE,NYG,340.0,0.0,340.0,340.0,2026-02-20
Taysom Hill,TE,NO,341.0,0.0,341.0,341.0,2026-02-20
Erick All Jr.,TE,CIN,344.0,0.0,344.0,344.0,2026-02-20
Josh Allen,QB,BUF,1.13,0.33,1.0,2.0,2026-02-13
Drake Maye,QB,NE,2.38,0.7,2.0,4.0,2026-02-13
Lamar Jackson,QB,BAL,3.13,0.6,2.0,4.0,2026-02-13
Joe Burrow,QB,CIN,3.88,0.6,3.0,5.0,2026-02-13
Jayden Daniels,QB,WAS,5.25,0.66,5.0,7.0,2026-02-13
Jalen Hurts,QB,PHI,7.38,0.7,7.0,9.0,2026-02-13
Ja'Marr Chase,WR,CIN,7.88,2.42,6.0,11.0,2026-02-13
Puka Nacua,WR,LAR,8.5,2.5,6.0,11.0,2026-02-13
Bijan Robinson,RB,ATL,10.0,0.0,10.0,10.0,2026-02-13
Justin Herbert,QB,LAC,10.13,3.37,8.0,19.0,2026-02-13
Jaxson Dart,QB,NYG,10.63,6.95,8.0,29.0,2026-02-13
Jaxon Smith-Njigba,WR,SEA,12.0,0.0,12.0,12.0,2026-02-13
Jahmyr Gibbs,RB,DET,13.0,0.0,13.0,13.0,2026-02-13
CeeDee Lamb,WR,DAL,14.75,1.98,14.0,20.0,2026-02-13
Christian McCaffrey,RB,SF,15.88,2.32,15.0,22.0,2026-02-13
Trevor Lawrence,QB,JAC,16.25,2.82,9.0,18.0,2026-02-13
Amon-Ra St. Brown,WR,DET,19.38,2.06,14.0,21.0,2026-02-13
Dak Prescott,QB,DAL,19.88,4.54,16.0,29.0,2026-02-13
Patrick Mahomes II,QB,KC,20.63,6.06,16.0,32.0,2026-02-13
Brock Purdy,QB,SF,21.0,3.84,18.0,29.0,2026-02-13
Justin Jefferson,WR,MIN,21.25,2.95,14.0,23.0,2026-02-13
Caleb Williams,QB,CHI,22.5,4.56,16.0,26.0,2026-02-13
De'Von Achane,RB,MIA,22.63,3.2,15.0,25.0,2026-02-13
Drake London,WR,ATL,23.13,2.2,21.0,28.0,2026-02-13
Jonathan Taylor,RB,IND,23.5,1.5,22.0,25.0,2026-02-13
Malik Nabers,WR,NYG,24.5,3.81,21.0,34.0,2026-02-13
Rashee Rice,WR,KC,25.0,2.18,21.0,27.0,2026-02-13
Nico Collins,WR,HOU,27.25,1.64,23.0,28.0,2026-02-13
Matthew Stafford,QB,LAR,30.13,5.62,19.0,38.0,2026-02-13
Bo Nix,QB,DEN,30.5,1.22,29.0,32.0,2026-02-13
Trey McBride,TE,ARI,31.0,0.0,31.0,31.0,2026-02-13
Chris Olave,WR,NO,31.75,3.73,27.0,36.0,2026-02-13
James Cook III,RB,BUF,32.5,6.14,17.0,37.0,2026-02-13
George Pickens,WR,DAL,33.0,2.92,28.0,35.0,2026-02-13
Ashton Jeanty,RB,LV,33.63,6.52,23.0,42.0,2026-02-13
A.J. Brown,WR,PHI,35.88,0.33,35.0,36.0,2026-02-13
Jordan Love,QB,GB,37.0,7.83,30.0,55.0,2026-02-13
Brock Bowers,TE,LV,38.0,2.65,31.0,39.0,2026-02-13
Jared Goff,QB,DET,39.5,4.74,32.0,50.0,2026-02-13
Omarion Hampton,RB,LAC,39.75,1.79,37.0,42.0,2026-02-13
Baker Mayfield,QB,TB,40.5,7.09,30.0,50.0,2026-02-13
Garrett Wilson,WR,NYJ,43.13,2.71,36.0,45.0,2026-02-13
Tetairoa McMillan,WR,CAR,43.25,0.43,43.0,44.0,2026-02-13
Saquon Barkley,RB,PHI,43.5,5.0,35.0,48.0,2026-02-13
Chase Brown,RB,CIN,43.63,1.87,42.0,46.0,2026-02-13
Tee Higgins,WR,CIN,44.63,0.7,43.0,45.0,2026-02-13
Josh Jacobs,RB,GB,47.13,2.98,42.0,49.0,2026-02-13
Bucky Irving,RB,TB,48.13,4.83,39.0,58.0,2026-02-13
Ladd McConkey,WR,LAC,50.5,5.1,38.0,57.0,2026-02-13
C.J. Stroud,QB,HOU,51.38,5.76,41.0,60.0,2026-02-13
Zay Flowers,WR,BAL,51.88,3.14,45.0,57.0,2026-02-13
Breece Hall,RB,NYJ,54.25,4.6,48.0,61.0,2026-02-13
Jameson Williams,WR,DET,54.63,3.5,51.0,62.0,2026-02-13
Davante Adams,WR,LAR,55.38,5.12,51.0,67.0,2026-02-13
Tyler Shough,QB,NO,58.5,5.59,55.0,70.0,2026-02-13
Derrick Henry,RB,BAL,60.38,4.36,54.0,65.0,2026-02-13
Sam Darnold,QB,SEA,60.38,6.24,55.0,76.0,2026-02-13
Luther Burden III,WR,CHI,60.5,4.42,53.0,69.0,2026-02-13
DeVonta Smith,WR,PHI,60.75,4.52,51.0,68.0,2026-02-13
Jaylen Waddle,WR,MIA,61.25,1.56,59.0,63.0,2026-02-13
Colston Loveland,TE,CHI,62.13,15.15,47.0,78.0,2026-02-13
RJ Harvey,RB,DEN,62.13,5.33,58.0,74.0,2026-02-13
TreVeyon Henderson,RB,NE,63.13,8.71,54.0,79.0,2026-02-13
Terry McLaurin,WR,WAS,65.0,3.81,57.0,69.0,2026-02-13
Malik Willis,QB,GB,65.38,21.37,50.0,121.0,2026-02-13
Kyren Williams,RB,LAR,66.5,2.6,61.0,71.0,2026-02-13
Cam Ward,QB,TEN,67.5,3.57,64.0,76.0,2026-02-13
Mike Evans,WR,TB,68.75,4.12,59.0,73.0,2026-02-13
Kenneth Walker III,RB,SEA,69.63,6.71,54.0,74.0,2026-02-13
Courtland Sutton,WR,DEN,71.75,1.92,68.0,75.0,2026-02-13
Travis Etienne Jr.,RB,JAC,73.0,5.2,67.0,85.0,2026-02-13
Kyler Murray,QB,ARI,74.5,24.68,56.0,137.0,2026-02-13
Emeka Egbuka,WR,TB,74.5,6.26,63.0,82.0,2026-02-13
Bryce Young,QB,CAR,74.63,5.17,64.0,83.0,2026-02-13
Cam Skattebo,RB,NYG,75.0,3.28,67.0,77.0,2026-02-13
Tyler Warren,TE,IND,75.63,12.87,47.0,93.0,2026-02-13
Javonte Williams,RB,DAL,77.13,3.26,71.0,79.0,2026-02-13
DK Metcalf,WR,PIT,77.88,3.69,73.0,84.0,2026-02-13
Quinshon Judkins,RB,CLE,78.75,3.93,69.0,81.0,2026-02-13
Christian Watson,WR,GB,81.0,6.1,68.0,89.0,2026-02-13
Jakobi Meyers,WR,JAC,81.0,8.94,73.0,102.0,2026-02-13
Brian Thomas Jr.,WR,JAC,81.38,1.93,80.0,85.0,2026-02-13
Harold Fannin Jr.,TE,CLE,82.63,14.94,47.0,93.0,2026-02-13
J.J. McCarthy,QB,MIN,84.71,33.66,70.0,167.0,2026-02-13
D'Andre Swift,RB,CHI,84.88,2.89,78.0,88.0,2026-02-13
Tucker Kraft,TE,GB,87.63,6.0,78.0,100.0,2026-02-13
Jaylen Warren,RB,PIT,88.0,1.8,85.0,92.0,2026-02-13
Ricky Pearsall,WR,SF,89.75,4.18,80.0,96.0,2026-02-13
Rome Odunze,WR,CHI,89.88,9.05,73.0,96.0,2026-02-13
Stefon Diggs,WR,NE,91.63,4.36,86.0,101.0,2026-02-13
Chris Godwin Jr.,WR,TB,92.5,5.29,89.0,103.0,2026-02-13
Michael Penix Jr.,QB,ATL,95.0,26.66,83.0,165.0,2026-02-13
Rico Dowdle,RB,CAR,96.5,3.43,93.0,105.0,2026-02-13
Fernando Mendoza,QB,FA,97.33,45.73,64.0,162.0,2026-02-13
Marvin Harrison Jr.,WR,ARI,97.88,4.11,89.0,101.0,2026-02-13
Kyle Monangai,RB,CHI,98.13,2.85,95.0,105.0,2026-02-13
Daniel Jones,QB,IND,99.0,26.62,87.0,169.0,2026-02-13
Michael Wilson,WR,ARI,100.63,5.94,91.0,107.0,2026-02-13
Tony Pollard,RB,TEN,101.0,2.4,97.0,103.0,2026-02-13
Sam LaPorta,TE,DET,101.88,3.89,93.0,104.0,2026-02-13
James Conner,RB,ARI,101.88,3.95,98.0,110.0,2026-02-13
Rhamondre Stevenson,RB,NE,102.88,7.39,92.0,111.0,2026-02-13
Michael Pittman Jr.,WR,IND,103.13,2.47,100.0,107.0,2026-02-13
Kyle Pitts Sr.,TE,ATL,105.13,7.29,88.0,113.0,2026-02-13
Shedeur Sanders,QB,CLE,105.17,28.22,87.0,168.0,2026-02-13
Woody Marks,RB,HOU,106.5,11.24,97.0,126.0,2026-02-13
Blake Corum,RB,LAR,108.25,5.67,103.0,122.0,2026-02-13
Aaron Jones Sr.,RB,MIN,109.0,7.31,96.0,120.0,2026-02-13
Jordan Addison,WR,MIN,109.88,1.17,109.0,112.0,2026-02-13
Dalton Kincaid,TE,BUF,111.38,3.57,106.0,115.0,2026-02-13
Jauan Jennings,WR,SF,113.88,4.59,109.0,122.0,2026-02-13
Wan'Dale Robinson,WR,NYG,113.88,3.95,110.0,123.0,2026-02-13
Quentin Johnston,WR,LAC,115.5,10.16,91.0,127.0,2026-02-13
Travis Hunter,WR,JAC,115.63,16.16,101.0,142.0,2026-02-13
Jake Ferguson,TE,DAL,115.63,3.64,113.0,125.0,2026-02-13
Bhayshul Tuten,RB,JAC,116.0,13.24,98.0,131.0,2026-02-13
Trey Benson,RB,ARI,116.0,5.22,106.0,119.0,2026-02-13
Zach Charbonnet,RB,SEA,116.5,34.04,85.0,168.0,2026-02-13
Khalil Shakir,WR,BUF,116.88,5.25,109.0,125.0,2026-02-13
Chuba Hubbard,RB,CAR,117.25,14.96,92.0,131.0,2026-02-13
Alec Pierce,WR,IND,117.25,5.47,108.0,124.0,2026-02-13
Tyreek Hill,WR,MIA,120.25,4.87,110.0,123.0,2026-02-13
Alvin Kamara,RB,NO,122.0,9.79,116.0,145.0,2026-02-13
Jonah Coleman,RB,FA,122.5,5.5,117.0,128.0,2026-02-13
Juwan Johnson,TE,NO,123.88,1.96,121.0,127.0,2026-02-13
Jadarian Price,RB,FA,125.0,6.0,119.0,131.0,2026-02-13
Oronde Gadsden II,TE,LAC,125.63,9.71,115.0,148.0,2026-02-13
Aaron Rodgers,QB,PIT,126.0,0.0,126.0,126.0,2026-02-13
Parker Washington,WR,JAC,126.63,10.49,109.0,139.0,2026-02-13
DJ Moore,WR,CHI,127.0,4.69,124.0,138.0,2026-02-13
David Montgomery,RB,DET,127.25,4.94,120.0,134.0,2026-02-13
Jacoby Brissett,QB,ARI,128.57,18.78,118.0,171.0,2026-02-13
Jayden Higgins,WR,HOU,128.75,4.87,121.0,140.0,2026-02-13
Denzel Boston,WR,FA,131.67,36.15,82.0,167.0,2026-02-13
Brenton Strange,TE,JAC,131.88,11.47,112.0,152.0,2026-02-13
Dylan Sampson,RB,CLE,132.75,3.19,130.0,141.0,2026-02-13
Jayden Reed,WR,GB,133.13,5.8,129.0,147.0,2026-02-13
Emmett Johnson,RB,FA,133.5,6.5,127.0,140.0,2026-02-13
Dalton Schultz,TE,HOU,134.75,5.74,126.0,142.0,2026-02-13
Jacory Croskey-Merritt,RB,WAS,135.63,4.39,130.0,141.0,2026-02-13
Omar Cooper Jr.,WR,FA,136.0,0.0,136.0,136.0,2026-02-13
Xavier Worthy,WR,KC,136.13,2.09,133.0,139.0,2026-02-13
Braelon Allen,RB,NYJ,137.5,6.16,127.0,150.0,2026-02-13
Josh Downs,WR,IND,137.63,4.61,132.0,149.0,2026-02-13
Deebo Samuel Sr.,WR,WAS,137.88,9.71,132.0,163.0,2026-02-13
Tyjae Spears,RB,TEN,140.0,4.36,134.0,148.0,2026-02-13
Tua Tagovailoa,QB,MIA,140.0,0.0,140.0,140.0,2026-02-13
Kenneth Gainwell,RB,PIT,140.38,4.36,134.0,147.0,2026-02-13
Mac Jones,QB,SF,140.86,22.11,127.0,181.0,2026-02-13
Hunter Henry,TE,NE,142.13,11.06,124.0,153.0,2026-02-13
Tyler Allgeier,RB,ATL,142.75,3.8,133.0,145.0,2026-02-13
Jalen Coker,WR,CAR,143.38,8.03,124.0,149.0,2026-02-13
Dallas Goedert,TE,PHI,143.75,3.93,136.0,148.0,2026-02-13
Jerry Jeudy,WR,CLE,146.63,6.24,139.0,161.0,2026-02-13
Tyrone Tracy Jr.,RB,NYG,147.38,2.74,143.0,150.0,2026-02-13
Troy Franklin,WR,DEN,147.38,4.55,144.0,159.0,2026-02-13
Malachi Fields,WR,FA,148.0,0.0,148.0,148.0,2026-02-13
Adonai Mitchell,WR,NYJ,149.38,4.95,145.0,162.0,2026-02-13
J.K. Dobbins,RB,DEN,151.63,3.53,143.0,156.0,2026-02-13
Jordan Mason,RB,MIN,153.0,4.8,141.0,158.0,2026-02-13
Kaytron Allen,RB,FA,155.0,0.0,155.0,155.0,2026-02-13
Rachaad White,RB,TB,155.13,3.69,150.0,164.0,2026-02-13
Rashid Shaheed,WR,SEA,156.38,5.1,151.0,167.0,2026-02-13
Kaleb Johnson,RB,PIT,156.63,3.31,150.0,162.0,2026-02-13
Travis Kelce,TE,KC,158.63,6.38,144.0,164.0,2026-02-13
Chimere Dike,WR,TEN,159.5,7.3,151.0,173.0,2026-02-13
Isiah Pacheco,RB,KC,160.0,8.75,145.0,178.0,2026-02-13
Isaiah Likely,TE,BAL,160.25,4.92,153.0,164.0,2026-02-13
K.C. Concepcion,WR,FA,161.33,56.18,83.0,212.0,2026-02-13
Tank Bigsby,RB,PHI,164.0,4.87,159.0,176.0,2026-02-13
Brandon Aiyuk,WR,SF,164.38,7.42,149.0,175.0,2026-02-13
Tre Harris,WR,LAC,165.13,11.14,157.0,186.0,2026-02-13
Kimani Vidal,RB,LAC,165.5,3.91,162.0,175.0,2026-02-13
Devin Neal,RB,NO,166.25,3.42,163.0,172.0,2026-02-13
Jaylin Noel,WR,HOU,166.75,7.6,160.0,180.0,2026-02-13
Mark Andrews,TE,BAL,168.63,7.03,157.0,174.0,2026-02-13
Matthew Golden,WR,GB,168.75,1.48,165.0,170.0,2026-02-13
Keaton Mitchell,RB,BAL,170.38,7.68,165.0,190.0,2026-02-13
Romeo Doubs,WR,GB,170.5,1.87,167.0,173.0,2026-02-13
Elic Ayomanor,WR,TEN,171.88,2.85,169.0,178.0,2026-02-13
Pat Bryant,WR,DEN,172.0,2.6,166.0,175.0,2026-02-13
Mike Washington Jr.,RB,FA,172.0,0.0,172.0,172.0,2026-02-13
Kendre Miller,RB,NO,172.38,5.79,166.0,184.0,2026-02-13
Brian Robinson Jr.,RB,SF,173.0,6.75,159.0,180.0,2026-02-13
Kayshon Boutte,WR,NE,173.38,8.12,153.0,178.0,2026-02-13
George Kittle,TE,SF,174.63,35.82,126.0,228.0,2026-02-13
Theo Johnson,TE,NYG,175.63,12.51,144.0,183.0,2026-02-13
Anthony Richardson Sr.,QB,IND,177.0,0.0,177.0,177.0,2026-02-13
Jeremiyah Love,RB,FA,177.63,88.84,46.0,255.0,2026-02-13
Tre Tucker,WR,LV,178.5,6.2,175.0,194.0,2026-02-13
Isaiah Davis,RB,NYJ,181.63,5.85,176.0,195.0,2026-02-13
Joe Milton III,QB,DAL,182.0,0.0,182.0,182.0,2026-02-13
Ryan Flournoy,WR,DAL,183.63,5.52,180.0,195.0,2026-02-13
Geno Smith,QB,LV,183.83,0.37,183.0,184.0,2026-02-13
Jalen McMillan,WR,TB,185.25,5.58,180.0,197.0,2026-02-13
Darnell Mooney,WR,ATL,186.38,6.0,180.0,200.0,2026-02-13
Chris Brazzell II,WR,FA,187.0,0.0,187.0,187.0,2026-02-13
T.J. Hockenson,TE,MIN,187.0,2.5,183.0,189.0,2026-02-13
Jordyn Tyson,WR,FA,187.88,41.27,112.0,218.0,2026-02-13
Germie Bernard,WR,FA,188.0,0.0,188.0,188.0,2026-02-13
Carnell Tate,WR,FA,189.63,45.2,107.0,230.0,2026-02-13
Zachariah Branch,WR,FA,190.0,0.0,190.0,190.0,2026-02-13
Keon Coleman,WR,BUF,191.63,5.7,188.0,204.0,2026-02-13
Marvin Mims Jr.,WR,DEN,191.63,1.65,189.0,195.0,2026-02-13
Emanuel Wilson,RB,GB,191.75,8.36,185.0,211.0,2026-02-13
Elijah Sarratt,WR,FA,193.0,0.0,193.0,193.0,2026-02-13
Jaylen Wright,RB,MIA,193.38,3.53,187.0,199.0,2026-02-13
Joe Mixon,RB,HOU,193.86,33.65,163.0,265.0,2026-02-13
Jerome Ford,RB,CLE,194.43,24.69,176.0,252.0,2026-02-13
Mack Hollins,WR,NE,194.75,6.91,188.0,207.0,2026-02-13
Isaac TeSlaa,WR,DET,195.38,2.64,193.0,202.0,2026-02-13
Makai Lemon,WR,FA,195.43,42.73,122.0,234.0,2026-02-13
Rashod Bateman,WR,BAL,195.75,3.23,193.0,203.0,2026-02-13
Mason Taylor,TE,NYJ,196.0,5.72,189.0,206.0,2026-02-13
AJ Barner,TE,SEA,196.13,6.66,185.0,206.0,2026-02-13
Calvin Ridley,WR,TEN,198.0,11.15,175.0,212.0,2026-02-13
Kyle Williams,WR,NE,198.38,4.12,196.0,209.0,2026-02-13
Terrance Ferguson,TE,LAR,198.75,6.91,194.0,214.0,2026-02-13
Brashard Smith,RB,KC,199.13,10.83,184.0,214.0,2026-02-13
Kenyon Sadiq,TE,FA,199.5,12.5,187.0,212.0,2026-02-13
Najee Harris,RB,LAC,200.5,17.49,172.0,240.0,2026-02-13
Xavier Legette,WR,CAR,202.25,6.7,195.0,215.0,2026-02-13
Sean Tucker,RB,TB,203.0,15.38,163.0,211.0,2026-02-13
Keenan Allen,WR,LAC,204.5,10.34,184.0,219.0,2026-02-13
Nicholas Singleton,RB,FA,205.0,0.0,205.0,205.0,2026-02-13
Dontayvion Wicks,WR,GB,206.75,11.01,199.0,233.0,2026-02-13
Darius Slayton,WR,NYG,208.25,5.47,204.0,218.0,2026-02-13
David Njoku,TE,CLE,209.25,8.17,190.0,219.0,2026-02-13
Ray Davis,RB,BUF,209.25,7.07,202.0,226.0,2026-02-13
Cooper Kupp,WR,SEA,209.25,12.26,203.0,241.0,2026-02-13
Chris Rodriguez Jr.,RB,WAS,209.75,4.02,202.0,213.0,2026-02-13
Jared Wiley,TE,KC,210.0,0.0,210.0,210.0,2026-02-13
Gunnar Helm,TE,TEN,210.5,6.2,205.0,225.0,2026-02-13
Jonathon Brooks,RB,CAR,211.5,9.14,189.0,220.0,2026-02-13
Tory Horton,WR,SEA,212.5,7.62,200.0,221.0,2026-02-13
Ollie Gordon II,RB,MIA,214.88,2.76,210.0,220.0,2026-02-13
Jaleel McLaughlin,RB,DEN,217.75,4.35,214.0,229.0,2026-02-13
Antonio Williams,WR,FA,219.0,0.0,219.0,219.0,2026-02-13
Chig Okonkwo,TE,TEN,219.0,5.32,208.0,223.0,2026-02-13
Isaiah Bond,WR,CLE,220.0,14.14,210.0,255.0,2026-02-13
Eli Stowers,TE,FA,220.5,0.5,220.0,221.0,2026-02-13
Colby Parkinson,TE,LAR,220.75,9.5,203.0,227.0,2026-02-13
Ty Johnson,RB,BUF,221.0,9.15,214.0,244.0,2026-02-13
Ja'Kobi Lane,WR,FA,221.0,0.0,221.0,221.0,2026-02-13
Konata Mumpfield,WR,LAR,223.0,13.14,207.0,251.0,2026-02-13
Adam Randall,RB,FA,223.0,0.0,223.0,223.0,2026-02-13
Andrei Iosivas,WR,CIN,225.29,12.01,212.0,250.0,2026-02-13
Tank Dell,WR,HOU,225.88,5.88,215.0,234.0,2026-02-13
Evan Engram,TE,DEN,226.63,3.39,220.0,232.0,2026-02-13
Reggie Virgil,WR,FA,227.0,0.0,227.0,227.0,2026-02-13
Isaac Guerendo,RB,SF,227.43,3.7,225.0,235.0,2026-02-13
Jack Bech,WR,LV,229.5,13.31,218.0,262.0,2026-02-13
Pat Freiermuth,TE,PIT,229.63,2.34,225.0,233.0,2026-02-13
Ted Hurst,WR,FA,231.0,0.0,231.0,231.0,2026-02-13
Cade Otton,TE,TB,231.25,4.05,223.0,237.0,2026-02-13
Bam Knight,RB,ARI,231.29,15.16,220.0,268.0,2026-02-13
Demond Claiborne,RB,FA,232.0,0.0,232.0,232.0,2026-02-13
Jalen Royals,WR,KC,232.0,15.63,222.0,269.0,2026-02-13
Jake Tonges,TE,SF,234.0,19.77,197.0,250.0,2026-02-13
Audric Estime,RB,NO,234.29,11.16,226.0,261.0,2026-02-13
Noah Gray,TE,KC,237.0,5.02,231.0,243.0,2026-02-13
Malik Davis,RB,DAL,237.43,11.5,229.0,265.0,2026-02-13
Christian Kirk,WR,HOU,237.43,1.4,236.0,240.0,2026-02-13
Calvin Austin III,WR,PIT,239.57,7.15,236.0,257.0,2026-02-13
Devaughn Vele,WR,NO,242.63,8.92,237.0,266.0,2026-02-13
LeQuint Allen Jr.,RB,JAC,242.86,15.36,235.0,280.0,2026-02-13
Tyquan Thornton,WR,KC,244.57,6.43,241.0,260.0,2026-02-13
DJ Giddens,RB,IND,245.75,11.81,235.0,273.0,2026-02-13
Le'Veon Moss,RB,FA,246.0,0.0,246.0,246.0,2026-02-13
Dont'e Thornton Jr.,WR,LV,246.29,6.86,242.0,263.0,2026-02-13
Marquise Brown,WR,KC,246.71,8.48,242.0,267.0,2026-02-13
Luke McCaffrey,WR,WAS,246.75,4.71,241.0,256.0,2026-02-13
Jam Miller,RB,FA,249.0,0.0,249.0,249.0,2026-02-13
Mike Gesicki,TE,CIN,250.4,8.78,240.0,264.0,2026-02-13
Devin Singletary,RB,NYG,251.14,10.72,243.0,277.0,2026-02-13
Chris Brooks,RB,GB,252.0,14.45,243.0,287.0,2026-02-13
Cedric Tillman,WR,CLE,252.38,7.6,245.0,271.0,2026-02-13
Greg Dulcich,TE,MIA,253.0,42.0,211.0,295.0,2026-02-13
Darren Waller,TE,MIA,254.5,4.5,250.0,259.0,2026-02-13
Tommy Myers,TE,FA,254.75,5.07,250.0,262.0,2026-02-13
Justice Hill,RB,BAL,255.14,11.8,249.0,284.0,2026-02-13
Trevor Etienne,RB,CAR,255.57,10.43,249.0,281.0,2026-02-13
Jarquez Hunter,RB,LAR,256.0,8.73,247.0,276.0,2026-02-13
John Bates,TE,WAS,256.17,23.81,240.0,309.0,2026-02-13
Malik Washington,WR,MIA,256.25,13.76,248.0,292.0,2026-02-13
J'Mari Taylor,RB,FA,258.0,0.0,258.0,258.0,2026-02-13
Darnell Washington,TE,PIT,258.0,45.0,213.0,303.0,2026-02-13
Jaydon Blue,RB,DAL,258.5,23.55,217.0,275.0,2026-02-13
John Metchie III,WR,NYJ,260.0,15.52,253.0,298.0,2026-02-13
MarShawn Lloyd,RB,GB,260.29,5.75,255.0,274.0,2026-02-13
Olamide Zaccheaus,WR,CHI,261.25,14.32,253.0,299.0,2026-02-13
Ben Sinnott,TE,WAS,262.0,44.0,218.0,306.0,2026-02-13
Tez Johnson,WR,TB,263.38,11.7,256.0,294.0,2026-02-13
Joshua Palmer,WR,BUF,266.57,20.61,257.0,317.0,2026-02-13
George Holani,RB,SEA,266.75,10.47,251.0,290.0,2026-02-13
Jaylin Lane,WR,WAS,267.63,13.08,260.0,302.0,2026-02-13
Michael Carter,RB,ARI,267.71,13.62,261.0,301.0,2026-02-13
Elijah Arroyo,TE,SEA,270.0,0.0,270.0,270.0,2026-02-13
Emari Demercado,RB,ARI,270.14,11.09,262.0,297.0,2026-02-13
Will Shipley,RB,PHI,270.86,20.3,258.0,320.0,2026-02-13
Xavier Hutchinson,WR,HOU,271.14,21.21,261.0,323.0,2026-02-13
Michael Mayer,TE,LV,272.0,0.0,272.0,272.0,2026-02-13
Samaje Perine,RB,CIN,273.25,14.46,262.0,311.0,2026-02-13
DeMario Douglas,WR,NE,275.0,22.38,264.0,325.0,2026-02-13
Deion Burks,WR,FA,275.0,0.0,275.0,275.0,2026-02-13
Austin Ekeler,RB,WAS,276.0,17.22,263.0,321.0,2026-02-13
Jalen Nailor,WR,MIN,277.0,22.38,266.0,327.0,2026-02-13
Kareem Hunt,RB,KC,277.0,17.16,269.0,319.0,2026-02-13
Tahj Brooks,RB,CIN,277.25,14.06,267.0,314.0,2026-02-13
Antonio Gibson,RB,NE,277.6,0.8,277.0,279.0,2026-02-13
Jawhar Jordan,RB,HOU,278.0,4.17,275.0,288.0,2026-02-13
Caleb Douglas,WR,FA,278.0,0.0,278.0,278.0,2026-02-13
Nick Chubb,RB,HOU,278.14,15.07,271.0,315.0,2026-02-13
Tyren Montgomery,WR,FA,279.0,0.0,279.0,279.0,2026-02-13
Skyler Bell,WR,FA,282.0,0.0,282.0,282.0,2026-02-13
Ja'Tavion Sanders,TE,CAR,283.0,0.0,283.0,283.0,2026-02-13
Tyler Higbee,TE,LAR,283.5,34.5,249.0,318.0,2026-02-13
Jordan James,RB,SF,283.71,22.66,270.0,339.0,2026-02-13
Kevin Coleman Jr.,WR,FA,285.0,0.0,285.0,285.0,2026-02-13
Cole Kmet,TE,CHI,286.0,0.0,286.0,286.0,2026-02-13
Terrell Jennings,RB,NE,286.17,25.43,274.0,343.0,2026-02-13
Raheim Sanders,RB,CLE,286.33,16.86,278.0,324.0,2026-02-13
Barion Brown,WR,FA,289.0,0.0,289.0,289.0,2026-02-13
Dameon Pierce,RB,KC,289.83,23.35,278.0,342.0,2026-02-13
Seth McGowan,RB,FA,291.0,0.0,291.0,291.0,2026-02-13
Jaydn Ott,RB,FA,293.0,0.0,293.0,293.0,2026-02-13
Kaelon Black,RB,FA,296.0,0.0,296.0,296.0,2026-02-13
Luke Musgrave,TE,GB,300.0,0.0,300.0,300.0,2026-02-13
Bryce Lance,WR,FA,304.0,0.0,304.0,304.0,2026-02-13
Josh Cameron,WR,FA,305.0,0.0,305.0,305.0,2026-02-13
Vinny Anthony II,WR,FA,307.0,0.0,307.0,307.0,2026-02-13
Brenen Thompson,WR,FA,308.0,0.0,308.0,308.0,2026-02-13
Max Klare,TE,FA,310.0,0.0,310.0,310.0,2026-02-13
Dawson Knox,TE,BUF,312.0,0.0,312.0,312.0,2026-02-13
Elijah Higgins,TE,ARI,313.0,0.0,313.0,313.0,2026-02-13
Jonnu Smith,TE,PIT,316.0,0.0,316.0,316.0,2026-02-13
Michael Trigg,TE,FA,322.0,0.0,322.0,322.0,2026-02-13
Justin Joly,TE,FA,326.0,0.0,326.0,326.0,2026-02-13
Aaron Anderson,WR,FA,328.0,0.0,328.0,328.0,2026-02-13
Jack Endries,TE,FA,329.0,0.0,329.0,329.0,2026-02-13
C.J. Daniels,WR,FA,330.0,0.0,330.0,330.0,2026-02-13
Tanner Koziol,TE,FA,331.0,0.0,331.0,331.0,2026-02-13
Dane Key,WR,FA,332.0,0.0,332.0,332.0,2026-02-13
Chris Hilton Jr.,WR,FA,333.0,0.0,333.0,333.0,2026-02-13
Chris Bell,WR,FA,334.0,0.0,334.0,334.0,2026-02-13
Robert Henry Jr.,RB,FA,335.0,0.0,335.0,335.0,2026-02-13
Zach Ertz,TE,WAS,336.0,0.0,336.0,336.0,2026-02-13
Desmond Reid,RB,FA,337.0,0.0,337.0,337.0,2026-02-13
Roman Hemby,RB,FA,338.0,0.0,338.0,338.0,2026-02-13
Thomas Fidone II,TE,NYG,340.0,0.0,340.0,340.0,2026-02-13
Taysom Hill,TE,NO,341.0,0.0,341.0,341.0,2026-02-13
Erick All Jr.,TE,CIN,344.0,0.0,344.0,344.0,2026-02-13
Josh Allen,QB,BUF,1.09,0.29,1.0,2.0,2026-02-06
Drake Maye,QB,NE,2.09,0.29,2.0,3.0,2026-02-06
Lamar Jackson,QB,BAL,3.27,0.45,3.0,4.0,2026-02-06
Joe Burrow,QB,CIN,4.18,0.72,3.0,5.0,2026-02-06
Jayden Daniels,QB,WAS,5.45,1.5,4.0,9.0,2026-02-06
Jalen Hurts,QB,PHI,7.18,0.94,5.0,9.0,2026-02-06
Ja'Marr Chase,WR,CIN,8.27,2.49,6.0,11.0,2026-02-06
Puka Nacua,WR,LAR,8.27,2.49,6.0,11.0,2026-02-06
Jaxson Dart,QB,NYG,9.45,3.6,7.0,18.0,2026-02-06
Bijan Robinson,RB,ATL,10.0,0.0,10.0,10.0,2026-02-06
Jaxon Smith-Njigba,WR,SEA,11.91,0.29,11.0,12.0,2026-02-06
Justin Herbert,QB,LAC,12.73,5.48,9.0,26.0,2026-02-06
Jahmyr Gibbs,RB,DET,13.0,0.0,13.0,13.0,2026-02-06
CeeDee Lamb,WR,DAL,15.09,2.31,14.0,20.0,2026-02-06
Christian McCaffrey,RB,SF,17.18,3.64,15.0,25.0,2026-02-06
Patrick Mahomes II,QB,KC,17.27,4.69,9.0,30.0,2026-02-06
Amon-Ra St. Brown,WR,DET,18.36,2.67,14.0,20.0,2026-02-06
Trevor Lawrence,QB,JAC,18.45,4.42,9.0,26.0,2026-02-06
Dak Prescott,QB,DAL,18.55,5.02,9.0,29.0,2026-02-06
Brock Purdy,QB,SF,20.0,3.64,17.0,29.0,2026-02-06
De'Von Achane,RB,MIA,21.18,4.0,15.0,25.0,2026-02-06
Caleb Williams,QB,CHI,22.18,4.22,17.0,26.0,2026-02-06
Drake London,WR,ATL,23.36,2.14,21.0,27.0,2026-02-06
Justin Jefferson,WR,MIN,23.45,1.16,23.0,27.0,2026-02-06
Malik Nabers,WR,NYG,24.45,5.0,20.0,34.0,2026-02-06
Rashee Rice,WR,KC,24.64,1.97,21.0,27.0,2026-02-06
Jonathan Taylor,RB,IND,25.27,4.86,22.0,40.0,2026-02-06
Nico Collins,WR,HOU,28.91,3.85,21.0,35.0,2026-02-06
George Pickens,WR,DAL,30.73,3.89,24.0,35.0,2026-02-06
Trey McBride,TE,ARI,31.0,0.0,31.0,31.0,2026-02-06
Bo Nix,QB,DEN,31.18,1.11,29.0,32.0,2026-02-06
Matthew Stafford,QB,LAR,31.55,3.96,29.0,38.0,2026-02-06
Chris Olave,WR,NO,32.73,3.41,27.0,36.0,2026-02-06
Jordan Love,QB,GB,33.73,7.42,29.0,55.0,2026-02-06
Ashton Jeanty,RB,LV,33.82,6.34,22.0,42.0,2026-02-06
James Cook III,RB,BUF,34.36,5.88,17.0,40.0,2026-02-06
A.J. Brown,WR,PHI,36.91,2.91,35.0,43.0,2026-02-06
Brock Bowers,TE,LV,38.27,2.3,31.0,39.0,2026-02-06
Jared Goff,QB,DET,38.82,4.06,32.0,50.0,2026-02-06
Omarion Hampton,RB,LAC,40.55,2.39,37.0,46.0,2026-02-06
Garrett Wilson,WR,NYJ,41.82,3.56,36.0,44.0,2026-02-06
Tetairoa McMillan,WR,CAR,42.45,2.39,35.0,44.0,2026-02-06
Chase Brown,RB,CIN,45.45,3.6,41.0,54.0,2026-02-06
Saquon Barkley,RB,PHI,45.55,10.12,33.0,71.0,2026-02-06
Tee Higgins,WR,CIN,46.0,2.37,44.0,51.0,2026-02-06
C.J. Stroud,QB,HOU,46.91,7.27,41.0,60.0,2026-02-06
Baker Mayfield,QB,TB,47.55,7.11,30.0,56.0,2026-02-06
Bucky Irving,RB,TB,47.55,4.79,35.0,54.0,2026-02-06
Josh Jacobs,RB,GB,49.55,8.08,42.0,71.0,2026-02-06
Ladd McConkey,WR,LAC,51.82,5.56,38.0,63.0,2026-02-06
Jameson Williams,WR,DET,53.45,2.31,51.0,57.0,2026-02-06
Zay Flowers,WR,BAL,53.82,5.72,45.0,63.0,2026-02-06
Tyler Shough,QB,NO,55.18,0.39,55.0,56.0,2026-02-06
Breece Hall,RB,NYJ,55.55,6.13,48.0,65.0,2026-02-06
Davante Adams,WR,LAR,57.64,6.68,45.0,68.0,2026-02-06
TreVeyon Henderson,RB,NE,58.64,6.36,51.0,76.0,2026-02-06
RJ Harvey,RB,DEN,59.27,5.28,54.0,74.0,2026-02-06
Derrick Henry,RB,BAL,59.36,8.23,39.0,65.0,2026-02-06
Jaylen Waddle,WR,MIA,60.64,3.55,57.0,69.0,2026-02-06
Sam Darnold,QB,SEA,61.73,4.97,56.0,76.0,2026-02-06
Malik Willis,QB,GB,61.8,20.36,41.0,121.0,2026-02-06
DeVonta Smith,WR,PHI,63.55,5.57,51.0,72.0,2026-02-06
Luther Burden III,WR,CHI,64.73,6.58,52.0,73.0,2026-02-06
Fernando Mendoza,QB,FA,66.0,0.0,66.0,66.0,2026-02-06
Mike Evans,WR,TB,66.18,7.26,52.0,75.0,2026-02-06
Cam Ward,QB,TEN,66.82,1.85,64.0,70.0,2026-02-06
Terry McLaurin,WR,WAS,67.45,7.86,56.0,80.0,2026-02-06
Kyren Williams,RB,LAR,67.64,2.71,64.0,71.0,2026-02-06
Courtland Sutton,WR,DEN,69.09,5.96,59.0,80.0,2026-02-06
Colston Loveland,TE,CHI,70.0,18.01,47.0,93.0,2026-02-06
Travis Etienne Jr.,RB,JAC,71.0,6.58,58.0,85.0,2026-02-06
Kenneth Walker III,RB,SEA,71.09,5.58,58.0,77.0,2026-02-06
Kyler Murray,QB,ARI,72.09,21.22,60.0,137.0,2026-02-06
DK Metcalf,WR,PIT,75.18,11.3,54.0,96.0,2026-02-06
Cam Skattebo,RB,NYG,75.73,7.51,67.0,95.0,2026-02-06
Bryce Young,QB,CAR,76.64,8.08,65.0,94.0,2026-02-06
Javonte Williams,RB,DAL,77.09,7.28,59.0,88.0,2026-02-06
Emeka Egbuka,WR,TB,77.18,10.93,59.0,101.0,2026-02-06
Brian Thomas Jr.,WR,JAC,78.18,6.45,68.0,85.0,2026-02-06
J.J. McCarthy,QB,MIN,79.0,26.54,63.0,162.0,2026-02-06
Tyler Warren,TE,IND,80.27,13.45,47.0,93.0,2026-02-06
Christian Watson,WR,GB,82.0,8.44,68.0,96.0,2026-02-06
Quinshon Judkins,RB,CLE,82.0,6.71,69.0,94.0,2026-02-06
D'Andre Swift,RB,CHI,82.73,5.94,66.0,88.0,2026-02-06
Jakobi Meyers,WR,JAC,83.73,11.7,73.0,102.0,2026-02-06
Tucker Kraft,TE,GB,86.64,8.03,78.0,104.0,2026-02-06
Ricky Pearsall,WR,SF,87.45,10.2,71.0,100.0,2026-02-06
Jaylen Warren,RB,PIT,88.27,3.74,80.0,95.0,2026-02-06
Harold Fannin Jr.,TE,CLE,88.36,15.88,47.0,104.0,2026-02-06
Stefon Diggs,WR,NE,90.0,2.26,86.0,96.0,2026-02-06
Michael Penix Jr.,QB,ATL,90.09,24.06,76.0,165.0,2026-02-06
Chris Godwin Jr.,WR,TB,90.27,7.44,80.0,103.0,2026-02-06
Rome Odunze,WR,CHI,91.0,6.13,80.0,100.0,2026-02-06
Zach Charbonnet,RB,SEA,92.36,17.77,78.0,146.0,2026-02-06
Marvin Harrison Jr.,WR,ARI,95.64,10.45,74.0,109.0,2026-02-06
Shedeur Sanders,QB,CLE,97.0,23.52,87.0,167.0,2026-02-06
Rico Dowdle,RB,CAR,97.55,5.12,91.0,111.0,2026-02-06
Michael Wilson,WR,ARI,98.64,11.8,75.0,109.0,2026-02-06
Daniel Jones,QB,IND,101.0,22.68,87.0,168.0,2026-02-06
Kyle Monangai,RB,CHI,101.09,4.27,97.0,111.0,2026-02-06
Michael Pittman Jr.,WR,IND,102.55,6.93,83.0,110.0,2026-02-06
Tony Pollard,RB,TEN,102.91,7.17,97.0,124.0,2026-02-06
Sam LaPorta,TE,DET,103.27,3.91,93.0,106.0,2026-02-06
Woody Marks,RB,HOU,103.82,9.42,96.0,126.0,2026-02-06
Aaron Rodgers,QB,PIT,104.5,21.5,83.0,126.0,2026-02-06
Travis Hunter,WR,JAC,105.36,17.9,76.0,142.0,2026-02-06
James Conner,RB,ARI,105.64,10.05,98.0,130.0,2026-02-06
Jordan Addison,WR,MIN,106.91,7.68,92.0,122.0,2026-02-06
Kyle Pitts Sr.,TE,ATL,107.91,7.19,88.0,113.0,2026-02-06
Aaron Jones Sr.,RB,MIN,108.64,8.39,90.0,120.0,2026-02-06
Rhamondre Stevenson,RB,NE,109.45,6.75,92.0,116.0,2026-02-06
Blake Corum,RB,LAR,109.73,9.06,98.0,132.0,2026-02-06
Wan'Dale Robinson,WR,NYG,112.18,2.33,109.0,117.0,2026-02-06
Dalton Kincaid,TE,BUF,114.91,6.17,106.0,125.0,2026-02-06
Jauan Jennings,WR,SF,116.73,5.72,109.0,124.0,2026-02-06
Trey Benson,RB,ARI,117.0,6.65,108.0,131.0,2026-02-06
Jake Ferguson,TE,DAL,118.0,5.34,113.0,125.0,2026-02-06
Khalil Shakir,WR,BUF,118.45,7.66,111.0,133.0,2026-02-06
Chuba Hubbard,RB,CAR,119.0,17.23,85.0,132.0,2026-02-06
Quentin Johnston,WR,LAC,119.09,7.19,106.0,129.0,2026-02-06
Alec Pierce,WR,IND,119.55,7.14,109.0,129.0,2026-02-06
George Kittle,TE,SF,119.91,60.61,47.0,228.0,2026-02-06
Bhayshul Tuten,RB,JAC,119.91,13.91,97.0,141.0,2026-02-06
Tyreek Hill,WR,MIA,120.64,6.71,100.0,124.0,2026-02-06
Alvin Kamara,RB,NO,121.18,11.26,98.0,136.0,2026-02-06
DJ Moore,WR,CHI,122.09,9.07,108.0,138.0,2026-02-06
David Montgomery,RB,DET,122.91,7.61,113.0,138.0,2026-02-06
Oronde Gadsden II,TE,LAC,123.0,9.51,113.0,148.0,2026-02-06
Jayden Higgins,WR,HOU,125.27,10.01,101.0,146.0,2026-02-06
Juwan Johnson,TE,NO,126.0,6.84,115.0,136.0,2026-02-06
Parker Washington,WR,JAC,129.64,14.44,100.0,146.0,2026-02-06
Jacoby Brissett,QB,ARI,129.91,14.75,118.0,170.0,2026-02-06
Dylan Sampson,RB,CLE,130.36,4.89,120.0,138.0,2026-02-06
Jayden Reed,WR,GB,131.0,5.62,123.0,144.0,2026-02-06
Jacory Croskey-Merritt,RB,WAS,133.18,8.87,116.0,145.0,2026-02-06
Braelon Allen,RB,NYJ,133.27,7.72,118.0,143.0,2026-02-06
Brenton Strange,TE,JAC,133.45,10.85,125.0,153.0,2026-02-06
Mac Jones,QB,SF,133.9,21.09,118.0,181.0,2026-02-06
Josh Downs,WR,IND,136.64,6.61,120.0,147.0,2026-02-06
Xavier Worthy,WR,KC,137.0,3.54,133.0,144.0,2026-02-06
Dalton Schultz,TE,HOU,137.09,6.57,126.0,148.0,2026-02-06
Deebo Samuel Sr.,WR,WAS,139.0,8.7,128.0,158.0,2026-02-06
Tyjae Spears,RB,TEN,140.27,4.77,132.0,145.0,2026-02-06
Kenneth Gainwell,RB,PIT,141.09,3.82,134.0,150.0,2026-02-06
Jerry Jeudy,WR,CLE,142.18,4.04,136.0,149.0,2026-02-06
Tyler Allgeier,RB,ATL,143.73,6.0,127.0,152.0,2026-02-06
Dallas Goedert,TE,PHI,144.45,4.89,134.0,153.0,2026-02-06
Troy Franklin,WR,DEN,145.27,5.79,135.0,157.0,2026-02-06
Denzel Boston,WR,FA,146.0,0.0,146.0,146.0,2026-02-06
Tua Tagovailoa,QB,MIA,146.0,13.27,138.0,177.0,2026-02-06
Tyrone Tracy Jr.,RB,NYG,146.73,5.48,133.0,152.0,2026-02-06
Hunter Henry,TE,NE,148.0,13.6,121.0,161.0,2026-02-06
Jalen Coker,WR,CAR,149.18,15.15,124.0,169.0,2026-02-06
Adonai Mitchell,WR,NYJ,149.91,5.33,141.0,160.0,2026-02-06
Jordan Mason,RB,MIN,150.09,12.06,116.0,164.0,2026-02-06
J.K. Dobbins,RB,DEN,153.45,1.97,152.0,157.0,2026-02-06
Rachaad White,RB,TB,156.27,3.96,154.0,166.0,2026-02-06
Kaleb Johnson,RB,PIT,156.55,2.74,150.0,159.0,2026-02-06
Chimere Dike,WR,TEN,156.55,6.26,149.0,167.0,2026-02-06
Isiah Pacheco,RB,KC,160.09,6.57,145.0,170.0,2026-02-06
Tre Harris,WR,LAC,160.09,9.52,147.0,186.0,2026-02-06
Tank Bigsby,RB,PHI,161.64,2.6,154.0,165.0,2026-02-06
Jaylin Noel,WR,HOU,162.0,6.18,149.0,171.0,2026-02-06
Rashid Shaheed,WR,SEA,162.09,8.18,151.0,173.0,2026-02-06
Kimani Vidal,RB,LAC,162.91,5.5,146.0,166.0,2026-02-06
Devin Neal,RB,NO,163.91,5.66,150.0,172.0,2026-02-06
Brandon Aiyuk,WR,SF,164.64,14.43,128.0,186.0,2026-02-06
Isaiah Likely,TE,BAL,165.36,8.26,153.0,183.0,2026-02-06
Elic Ayomanor,WR,TEN,165.45,7.7,151.0,171.0,2026-02-06
Travis Kelce,TE,KC,165.91,14.11,153.0,201.0,2026-02-06
Matthew Golden,WR,GB,167.0,4.53,157.0,171.0,2026-02-06
Romeo Doubs,WR,GB,168.82,7.04,151.0,178.0,2026-02-06
Mark Andrews,TE,BAL,170.36,10.07,152.0,183.0,2026-02-06
Kendre Miller,RB,NO,171.55,6.4,166.0,188.0,2026-02-06
Keaton Mitchell,RB,BAL,173.18,4.65,166.0,182.0,2026-02-06
Theo Johnson,TE,NYG,175.91,12.71,144.0,194.0,2026-02-06
Pat Bryant,WR,DEN,176.45,4.48,170.0,186.0,2026-02-06
Joe Mixon,RB,HOU,177.18,30.99,156.0,265.0,2026-02-06
Anthony Richardson Sr.,QB,IND,177.63,1.65,177.0,182.0,2026-02-06
Kayshon Boutte,WR,NE,177.64,6.61,164.0,190.0,2026-02-06
Tre Tucker,WR,LV,177.82,6.18,167.0,190.0,2026-02-06
Brian Robinson Jr.,RB,SF,179.18,9.81,159.0,195.0,2026-02-06
Ryan Flournoy,WR,DAL,179.55,4.48,173.0,191.0,2026-02-06
Isaiah Davis,RB,NYJ,179.82,6.45,163.0,187.0,2026-02-06
Joe Milton III,QB,DAL,182.0,0.0,182.0,182.0,2026-02-06
Jeremiyah Love,RB,FA,182.86,83.0,46.0,255.0,2026-02-06
T.J. Hockenson,TE,MIN,183.91,10.93,151.0,194.0,2026-02-06
Geno Smith,QB,LV,184.0,0.0,184.0,184.0,2026-02-06
Jerome Ford,RB,CLE,184.36,13.96,176.0,222.0,2026-02-06
Carnell Tate,WR,FA,184.78,43.31,107.0,230.0,2026-02-06
Emanuel Wilson,RB,GB,186.55,3.09,180.0,192.0,2026-02-06
Makai Lemon,WR,FA,187.0,43.2,114.0,234.0,2026-02-06
Jordyn Tyson,WR,FA,187.11,36.74,112.0,218.0,2026-02-06
Darnell Mooney,WR,ATL,187.36,3.23,180.0,191.0,2026-02-06
Keon Coleman,WR,BUF,187.45,3.6,181.0,193.0,2026-02-06
Mack Hollins,WR,NE,188.64,4.72,180.0,200.0,2026-02-06
K.C. Concepcion,WR,FA,189.0,0.0,189.0,189.0,2026-02-06
Jaylen Wright,RB,MIA,190.82,8.46,172.0,202.0,2026-02-06
Jalen McMillan,WR,TB,192.64,10.54,180.0,204.0,2026-02-06
Marvin Mims Jr.,WR,DEN,193.73,2.83,189.0,198.0,2026-02-06
Isaac TeSlaa,WR,DET,194.45,2.39,190.0,198.0,2026-02-06
Xavier Legette,WR,CAR,195.36,3.67,191.0,204.0,2026-02-06
Terrance Ferguson,TE,LAR,195.91,10.79,172.0,214.0,2026-02-06
AJ Barner,TE,SEA,195.91,4.12,189.0,206.0,2026-02-06
Rashod Bateman,WR,BAL,196.45,3.06,193.0,201.0,2026-02-06
Kyle Williams,WR,NE,197.27,4.63,187.0,204.0,2026-02-06
Mason Taylor,TE,NYJ,197.45,6.43,189.0,206.0,2026-02-06
Najee Harris,RB,LAC,198.36,10.89,172.0,213.0,2026-02-06
Dontayvion Wicks,WR,GB,200.64,2.57,196.0,206.0,2026-02-06
Jonathon Brooks,RB,CAR,205.0,20.83,160.0,220.0,2026-02-06
Darius Slayton,WR,NYG,205.18,2.76,198.0,209.0,2026-02-06
Cooper Kupp,WR,SEA,205.27,2.6,203.0,211.0,2026-02-06
Ray Davis,RB,BUF,206.0,3.33,201.0,211.0,2026-02-06
Gunnar Helm,TE,TEN,207.18,8.2,184.0,215.0,2026-02-06
Sean Tucker,RB,TB,207.36,4.81,197.0,211.0,2026-02-06
Chris Rodriguez Jr.,RB,WAS,207.64,4.98,200.0,213.0,2026-02-06
Brashard Smith,RB,KC,208.73,10.03,184.0,217.0,2026-02-06
Jared Wiley,TE,KC,210.0,0.0,210.0,210.0,2026-02-06
Calvin Ridley,WR,TEN,211.0,13.81,183.0,224.0,2026-02-06
Keenan Allen,WR,LAC,211.64,9.47,198.0,222.0,2026-02-06
David Njoku,TE,CLE,211.73,3.52,208.0,219.0,2026-02-06
Tory Horton,WR,SEA,212.36,6.66,200.0,221.0,2026-02-06
Jaleel McLaughlin,RB,DEN,214.55,3.03,208.0,217.0,2026-02-06
Ollie Gordon II,RB,MIA,216.27,3.84,213.0,225.0,2026-02-06
Ty Johnson,RB,BUF,216.36,2.64,214.0,224.0,2026-02-06
Konata Mumpfield,WR,LAR,216.45,6.04,207.0,230.0,2026-02-06
Isaiah Bond,WR,CLE,216.55,4.25,210.0,223.0,2026-02-06
Andrei Iosivas,WR,CIN,218.0,6.9,210.0,235.0,2026-02-06
Chig Okonkwo,TE,TEN,220.27,4.43,210.0,223.0,2026-02-06
Tank Dell,WR,HOU,223.0,10.88,198.0,234.0,2026-02-06
Jack Bech,WR,LV,223.64,14.46,192.0,237.0,2026-02-06
Isaac Guerendo,RB,SF,224.82,2.82,220.0,231.0,2026-02-06
Colby Parkinson,TE,LAR,225.0,7.77,206.0,240.0,2026-02-06
Jake Tonges,TE,SF,227.5,18.5,197.0,246.0,2026-02-06
Bam Knight,RB,ARI,227.55,3.14,224.0,235.0,2026-02-06
Evan Engram,TE,DEN,228.73,4.41,223.0,240.0,2026-02-06
Audric Estime,RB,NO,229.27,2.05,226.0,234.0,2026-02-06
Jalen Royals,WR,KC,230.18,12.2,219.0,254.0,2026-02-06
Malik Davis,RB,DAL,232.27,2.05,229.0,237.0,2026-02-06
Cade Otton,TE,TB,232.64,4.12,227.0,240.0,2026-02-06
Pat Freiermuth,TE,PIT,233.73,7.64,225.0,250.0,2026-02-06
Christian Kirk,WR,HOU,235.09,2.75,230.0,240.0,2026-02-06
Calvin Austin III,WR,PIT,235.09,2.91,230.0,239.0,2026-02-06
Noah Gray,TE,KC,235.44,9.62,222.0,257.0,2026-02-06
Devaughn Vele,WR,NO,237.27,8.4,212.0,244.0,2026-02-06
LeQuint Allen Jr.,RB,JAC,237.82,4.3,235.0,248.0,2026-02-06
Ben Sinnott,TE,WAS,238.0,30.43,215.0,281.0,2026-02-06
Tyquan Thornton,WR,KC,239.45,2.54,236.0,244.0,2026-02-06
Luke McCaffrey,WR,WAS,240.27,7.45,218.0,245.0,2026-02-06
Dont'e Thornton Jr.,WR,LV,240.91,3.73,233.0,244.0,2026-02-06
Greg Dulcich,TE,MIA,242.0,31.0,211.0,273.0,2026-02-06
Marquise Brown,WR,KC,243.09,1.98,240.0,247.0,2026-02-06
DJ Giddens,RB,IND,243.45,5.74,235.0,254.0,2026-02-06
Elijah Arroyo,TE,SEA,243.5,15.5,228.0,259.0,2026-02-06
Darren Waller,TE,MIA,244.4,5.89,233.0,250.0,2026-02-06
Chris Brooks,RB,GB,244.82,5.04,238.0,256.0,2026-02-06
Darnell Washington,TE,PIT,246.5,33.5,213.0,280.0,2026-02-06
Michael Mayer,TE,LV,246.5,15.5,231.0,262.0,2026-02-06
Malik Washington,WR,MIA,247.91,3.92,241.0,253.0,2026-02-06
Cedric Tillman,WR,CLE,248.0,4.13,239.0,254.0,2026-02-06
Devin Singletary,RB,NYG,248.09,2.43,243.0,251.0,2026-02-06
Trevor Etienne,RB,CAR,249.64,2.57,245.0,252.0,2026-02-06
Mike Gesicki,TE,CIN,249.71,4.16,245.0,257.0,2026-02-06
Justice Hill,RB,BAL,249.73,1.35,247.0,252.0,2026-02-06
John Bates,TE,WAS,249.75,15.06,233.0,282.0,2026-02-06
John Metchie III,WR,NYJ,251.91,3.06,245.0,254.0,2026-02-06
Jarquez Hunter,RB,LAR,254.09,4.23,244.0,261.0,2026-02-06
MarShawn Lloyd,RB,GB,255.18,3.01,251.0,259.0,2026-02-06
Olamide Zaccheaus,WR,CHI,256.09,2.71,250.0,260.0,2026-02-06
Tommy Myers,TE,FA,256.14,5.57,250.0,262.0,2026-02-06
Tez Johnson,WR,TB,256.18,5.04,242.0,260.0,2026-02-06
Joshua Palmer,WR,BUF,257.0,1.86,253.0,260.0,2026-02-06
George Holani,RB,SEA,260.91,14.46,216.0,269.0,2026-02-06
Jaylin Lane,WR,WAS,261.09,3.85,251.0,264.0,2026-02-06
Xavier Hutchinson,WR,HOU,261.55,2.93,255.0,265.0,2026-02-06
Michael Carter,RB,ARI,261.64,2.38,258.0,266.0,2026-02-06
Will Shipley,RB,PHI,262.55,3.73,258.0,271.0,2026-02-06
DeMario Douglas,WR,NE,264.09,2.47,257.0,266.0,2026-02-06
Emari Demercado,RB,ARI,264.73,1.81,262.0,267.0,2026-02-06
Ja'Tavion Sanders,TE,CAR,265.0,0.0,265.0,265.0,2026-02-06
Jaydon Blue,RB,DAL,265.45,23.82,199.0,280.0,2026-02-06
Jalen Nailor,WR,MIN,265.64,3.02,259.0,268.0,2026-02-06
Cole Kmet,TE,CHI,266.0,0.0,266.0,266.0,2026-02-06
Tyler Higbee,TE,LAR,267.5,18.5,249.0,286.0,2026-02-06
Samaje Perine,RB,CIN,268.36,1.07,267.0,270.0,2026-02-06
Austin Ekeler,RB,WAS,270.27,1.29,268.0,272.0,2026-02-06
Kareem Hunt,RB,KC,271.0,1.35,269.0,273.0,2026-02-06
Tahj Brooks,RB,CIN,271.36,1.97,268.0,274.0,2026-02-06
Nick Chubb,RB,HOU,271.36,1.15,269.0,273.0,2026-02-06
Jordan James,RB,SF,273.8,2.96,266.0,277.0,2026-02-06
Terrell Jennings,RB,NE,274.8,1.33,273.0,278.0,2026-02-06
Luke Musgrave,TE,GB,275.0,0.0,275.0,275.0,2026-02-06
Jawhar Jordan,RB,HOU,275.55,2.19,270.0,278.0,2026-02-06
Antonio Gibson,RB,NE,277.4,1.11,276.0,279.0,2026-02-06
Dameon Pierce,RB,KC,277.44,2.27,274.0,281.0,2026-02-06
Raheim Sanders,RB,CLE,277.7,1.79,274.0,280.0,2026-02-06
Dawson Knox,TE,BUF,283.0,0.0,283.0,283.0,2026-02-06
Elijah Higgins,TE,ARI,284.0,0.0,284.0,284.0,2026-02-06
Jonnu Smith,TE,PIT,285.0,0.0,285.0,285.0,2026-02-06
Zach Ertz,TE,WAS,287.0,0.0,287.0,287.0,2026-02-06
Thomas Fidone II,TE,NYG,288.0,0.0,288.0,288.0,2026-02-06
Taysom Hill,TE,NO,289.0,0.0,289.0,289.0,2026-02-06
Erick All Jr.,TE,CIN,290.0,0.0,290.0,290.0,2026-02-06
Noah Fant,TE,CIN,291.0,0.0,291.0,291.0,2026-02-06
Josh Allen,QB,BUF,1.09,0.29,1.0,2.0,2026-01-30
Drake Maye,QB,NE,2.09,0.29,2.0,3.0,2026-01-30
Lamar Jackson,QB,BAL,3.27,0.45,3.0,4.0,2026-01-30
Joe Burrow,QB,CIN,4.18,0.72,3.0,5.0,2026-01-30
Jayden Daniels,QB,WAS,5.45,1.5,4.0,9.0,2026-01-30
Jalen Hurts,QB,PHI,7.18,0.94,5.0,9.0,2026-01-30
Ja'Marr Chase,WR,CIN,8.27,2.49,6.0,11.0,2026-01-30
Puka Nacua,WR,LAR,8.27,2.49,6.0,11.0,2026-01-30
Jaxson Dart,QB,NYG,9.45,3.6,7.0,18.0,2026-01-30
Bijan Robinson,RB,ATL,10.0,0.0,10.0,10.0,2026-01-30
Jaxon Smith-Njigba,WR,SEA,11.91,0.29,11.0,12.0,2026-01-30
Justin Herbert,QB,LAC,12.0,4.0,9.0,18.0,2026-01-30
Jahmyr Gibbs,RB,DET,13.0,0.0,13.0,13.0,2026-01-30
CeeDee Lamb,WR,DAL,15.09,2.31,14.0,20.0,2026-01-30
Christian McCaffrey,RB,SF,17.18,3.64,15.0,25.0,2026-01-30
Patrick Mahomes II,QB,KC,17.27,4.69,9.0,30.0,2026-01-30
Amon-Ra St. Brown,WR,DET,18.36,2.67,14.0,20.0,2026-01-30
Trevor Lawrence,QB,JAC,18.45,4.42,9.0,26.0,2026-01-30
Dak Prescott,QB,DAL,18.55,5.02,9.0,29.0,2026-01-30
Brock Purdy,QB,SF,20.0,3.64,17.0,29.0,2026-01-30
De'Von Achane,RB,MIA,21.18,4.0,15.0,25.0,2026-01-30
Caleb Williams,QB,CHI,22.91,4.12,17.0,26.0,2026-01-30
Drake London,WR,ATL,23.36,2.14,21.0,27.0,2026-01-30
Justin Jefferson,WR,MIN,23.45,1.16,23.0,27.0,2026-01-30
Malik Nabers,WR,NYG,24.45,5.0,20.0,34.0,2026-01-30
Rashee Rice,WR,KC,24.64,1.97,21.0,27.0,2026-01-30
Jonathan Taylor,RB,IND,25.27,4.86,22.0,40.0,2026-01-30
Nico Collins,WR,HOU,28.91,3.85,21.0,35.0,2026-01-30
George Pickens,WR,DAL,30.73,3.89,24.0,35.0,2026-01-30
Trey McBride,TE,ARI,31.0,0.0,31.0,31.0,2026-01-30
Bo Nix,QB,DEN,31.18,1.11,29.0,32.0,2026-01-30
Matthew Stafford,QB,LAR,31.55,3.96,29.0,38.0,2026-01-30
Jordan Love,QB,GB,32.45,4.14,29.0,41.0,2026-01-30
Chris Olave,WR,NO,32.73,3.41,27.0,36.0,2026-01-30
Ashton Jeanty,RB,LV,33.82,6.34,22.0,42.0,2026-01-30
James Cook III,RB,BUF,34.36,5.88,17.0,40.0,2026-01-30
A.J. Brown,WR,PHI,36.91,2.91,35.0,43.0,2026-01-30
Brock Bowers,TE,LV,38.27,2.3,31.0,39.0,2026-01-30
Jared Goff,QB,DET,38.82,4.06,32.0,50.0,2026-01-30
Omarion Hampton,RB,LAC,40.55,2.39,37.0,46.0,2026-01-30
Garrett Wilson,WR,NYJ,41.82,3.56,36.0,44.0,2026-01-30
Tetairoa McMillan,WR,CAR,42.45,2.39,35.0,44.0,2026-01-30
Chase Brown,RB,CIN,45.45,3.6,41.0,54.0,2026-01-30
Saquon Barkley,RB,PHI,45.55,10.12,33.0,71.0,2026-01-30
Tee Higgins,WR,CIN,46.0,2.37,44.0,51.0,2026-01-30
C.J. Stroud,QB,HOU,46.91,7.27,41.0,60.0,2026-01-30
Bucky Irving,RB,TB,47.55,4.79,35.0,54.0,2026-01-30
Baker Mayfield,QB,TB,48.82,7.08,30.0,56.0,2026-01-30
Josh Jacobs,RB,GB,49.55,8.08,42.0,71.0,2026-01-30
Ladd McConkey,WR,LAC,52.27,6.57,38.0,68.0,2026-01-30
Jameson Williams,WR,DET,53.82,2.52,51.0,57.0,2026-01-30
Zay Flowers,WR,BAL,54.0,5.66,45.0,63.0,2026-01-30
Tyler Shough,QB,NO,55.18,0.39,55.0,56.0,2026-01-30
Breece Hall,RB,NYJ,55.55,6.13,48.0,65.0,2026-01-30
Davante Adams,WR,LAR,57.64,6.68,45.0,68.0,2026-01-30
TreVeyon Henderson,RB,NE,58.18,7.03,46.0,76.0,2026-01-30
RJ Harvey,RB,DEN,58.91,6.82,48.0,77.0,2026-01-30
Derrick Henry,RB,BAL,59.36,8.23,39.0,65.0,2026-01-30
Jaylen Waddle,WR,MIA,60.36,3.55,57.0,69.0,2026-01-30
Sam Darnold,QB,SEA,60.82,2.66,56.0,66.0,2026-01-30
Malik Willis,QB,GB,61.8,20.36,41.0,121.0,2026-01-30
DeVonta Smith,WR,PHI,63.55,5.57,51.0,72.0,2026-01-30
Luther Burden III,WR,CHI,64.73,6.58,52.0,73.0,2026-01-30
Mike Evans,WR,TB,66.55,6.99,52.0,75.0,2026-01-30
Cam Ward,QB,TEN,66.82,1.85,64.0,70.0,2026-01-30
Terry McLaurin,WR,WAS,67.0,8.56,52.0,80.0,2026-01-30
Kyren Williams,RB,LAR,67.27,2.49,64.0,71.0,2026-01-30
Courtland Sutton,WR,DEN,68.55,6.3,59.0,80.0,2026-01-30
Colston Loveland,TE,CHI,70.0,18.01,47.0,93.0,2026-01-30
Travis Etienne Jr.,RB,JAC,71.0,6.58,58.0,85.0,2026-01-30
Kenneth Walker III,RB,SEA,71.09,5.58,58.0,77.0,2026-01-30
Kyler Murray,QB,ARI,72.09,21.22,60.0,137.0,2026-01-30
DK Metcalf,WR,PIT,74.82,11.08,54.0,96.0,2026-01-30
Bryce Young,QB,CAR,76.0,7.83,65.0,94.0,2026-01-30
Cam Skattebo,RB,NYG,76.36,7.02,67.0,95.0,2026-01-30
Javonte Williams,RB,DAL,77.09,7.28,59.0,88.0,2026-01-30
Emeka Egbuka,WR,TB,77.18,10.93,59.0,101.0,2026-01-30
Brian Thomas Jr.,WR,JAC,78.82,7.11,68.0,89.0,2026-01-30
J.J. McCarthy,QB,MIN,79.0,26.54,63.0,162.0,2026-01-30
Tyler Warren,TE,IND,80.27,13.45,47.0,93.0,2026-01-30
Quinshon Judkins,RB,CLE,81.45,7.32,69.0,94.0,2026-01-30
Christian Watson,WR,GB,82.0,8.44,68.0,96.0,2026-01-30
D'Andre Swift,RB,CHI,82.73,5.94,66.0,88.0,2026-01-30
Jakobi Meyers,WR,JAC,83.55,11.43,73.0,100.0,2026-01-30
Ricky Pearsall,WR,SF,86.64,9.5,71.0,100.0,2026-01-30
Tucker Kraft,TE,GB,86.64,8.03,78.0,104.0,2026-01-30
Jaylen Warren,RB,PIT,88.0,3.33,80.0,92.0,2026-01-30
Harold Fannin Jr.,TE,CLE,88.36,15.88,47.0,104.0,2026-01-30
Michael Penix Jr.,QB,ATL,89.18,24.12,76.0,165.0,2026-01-30
Stefon Diggs,WR,NE,89.27,3.22,82.0,96.0,2026-01-30
Chris Godwin Jr.,WR,TB,90.36,7.43,80.0,103.0,2026-01-30
Rome Odunze,WR,CHI,91.36,5.56,82.0,100.0,2026-01-30
Zach Charbonnet,RB,SEA,92.27,17.85,77.0,146.0,2026-01-30
Marvin Harrison Jr.,WR,ARI,95.73,10.5,74.0,109.0,2026-01-30
Rico Dowdle,RB,CAR,96.36,2.9,91.0,103.0,2026-01-30
Michael Wilson,WR,ARI,99.55,11.56,75.0,109.0,2026-01-30
Daniel Jones,QB,IND,101.0,22.68,87.0,168.0,2026-01-30
Kyle Monangai,RB,CHI,101.09,4.27,97.0,111.0,2026-01-30
Michael Pittman Jr.,WR,IND,102.36,6.79,83.0,110.0,2026-01-30
Travis Hunter,WR,JAC,102.64,13.96,76.0,133.0,2026-01-30
Sam LaPorta,TE,DET,103.27,3.91,93.0,106.0,2026-01-30
Tony Pollard,RB,TEN,103.27,7.06,97.0,124.0,2026-01-30
Woody Marks,RB,HOU,103.82,9.42,96.0,126.0,2026-01-30
Shedeur Sanders,QB,CLE,104.18,31.92,87.0,176.0,2026-01-30
Aaron Rodgers,QB,PIT,104.5,21.5,83.0,126.0,2026-01-30
James Conner,RB,ARI,105.09,10.33,97.0,130.0,2026-01-30
Jordan Addison,WR,MIN,106.91,7.68,92.0,122.0,2026-01-30
Kyle Pitts Sr.,TE,ATL,107.27,7.02,88.0,113.0,2026-01-30
Aaron Jones Sr.,RB,MIN,108.64,8.39,90.0,120.0,2026-01-30
Blake Corum,RB,LAR,108.64,6.73,98.0,122.0,2026-01-30
Rhamondre Stevenson,RB,NE,109.73,6.06,95.0,116.0,2026-01-30
Wan'Dale Robinson,WR,NYG,111.91,1.88,109.0,115.0,2026-01-30
Dalton Kincaid,TE,BUF,116.55,5.09,106.0,125.0,2026-01-30
Jauan Jennings,WR,SF,116.64,5.84,109.0,124.0,2026-01-30
Trey Benson,RB,ARI,117.0,6.65,108.0,131.0,2026-01-30
Khalil Shakir,WR,BUF,117.64,6.44,111.0,133.0,2026-01-30
Jake Ferguson,TE,DAL,117.82,5.47,113.0,125.0,2026-01-30
Quentin Johnston,WR,LAC,118.09,6.47,106.0,129.0,2026-01-30
Alec Pierce,WR,IND,119.0,6.69,109.0,129.0,2026-01-30
Tyreek Hill,WR,MIA,119.91,7.35,100.0,124.0,2026-01-30
Bhayshul Tuten,RB,JAC,120.0,13.76,97.0,141.0,2026-01-30
Chuba Hubbard,RB,CAR,120.27,16.03,85.0,132.0,2026-01-30
Alvin Kamara,RB,NO,121.18,11.26,98.0,136.0,2026-01-30
DJ Moore,WR,CHI,121.18,7.85,108.0,135.0,2026-01-30
David Montgomery,RB,DET,122.36,6.66,113.0,134.0,2026-01-30
Oronde Gadsden II,TE,LAC,123.0,9.51,113.0,148.0,2026-01-30
Jayden Higgins,WR,HOU,124.09,8.07,101.0,133.0,2026-01-30
Juwan Johnson,TE,NO,126.0,6.84,115.0,136.0,2026-01-30
George Kittle,TE,SF,126.18,69.16,47.0,246.0,2026-01-30
Parker Washington,WR,JAC,129.64,14.44,100.0,146.0,2026-01-30
Jayden Reed,WR,GB,129.64,3.84,123.0,139.0,2026-01-30
Jacoby Brissett,QB,ARI,129.91,14.75,118.0,170.0,2026-01-30
Dylan Sampson,RB,CLE,131.27,3.65,122.0,138.0,2026-01-30
Jacory Croskey-Merritt,RB,WAS,133.27,8.84,116.0,145.0,2026-01-30
Braelon Allen,RB,NYJ,133.27,7.72,118.0,143.0,2026-01-30
Brenton Strange,TE,JAC,133.45,10.85,125.0,153.0,2026-01-30
Mac Jones,QB,SF,133.9,21.09,118.0,181.0,2026-01-30
Josh Downs,WR,IND,136.36,6.23,120.0,146.0,2026-01-30
Dalton Schultz,TE,HOU,137.09,6.57,126.0,148.0,2026-01-30
Xavier Worthy,WR,KC,138.18,4.13,133.0,146.0,2026-01-30
Tyjae Spears,RB,TEN,139.64,5.09,132.0,145.0,2026-01-30
Deebo Samuel Sr.,WR,WAS,140.09,7.97,131.0,158.0,2026-01-30
Kenneth Gainwell,RB,PIT,141.73,3.11,138.0,150.0,2026-01-30
Jerry Jeudy,WR,CLE,142.0,3.77,136.0,147.0,2026-01-30
Tyler Allgeier,RB,ATL,144.36,6.26,127.0,152.0,2026-01-30
Dallas Goedert,TE,PHI,144.45,4.89,134.0,153.0,2026-01-30
Troy Franklin,WR,DEN,145.27,5.79,135.0,157.0,2026-01-30
Tua Tagovailoa,QB,MIA,146.0,13.27,138.0,177.0,2026-01-30
Tyrone Tracy Jr.,RB,NYG,146.73,5.48,133.0,152.0,2026-01-30
Hunter Henry,TE,NE,148.0,13.6,121.0,161.0,2026-01-30
Adonai Mitchell,WR,NYJ,149.91,5.33,141.0,160.0,2026-01-30
Jordan Mason,RB,MIN,150.09,12.06,116.0,164.0,2026-01-30
Jalen Coker,WR,CAR,150.18,13.76,125.0,169.0,2026-01-30
J.K. Dobbins,RB,DEN,153.45,1.97,152.0,157.0,2026-01-30
Chimere Dike,WR,TEN,155.73,6.59,149.0,167.0,2026-01-30
Rachaad White,RB,TB,156.27,3.96,154.0,166.0,2026-01-30
Kaleb Johnson,RB,PIT,156.82,3.1,150.0,162.0,2026-01-30
Tre Harris,WR,LAC,158.55,5.87,147.0,169.0,2026-01-30
Isiah Pacheco,RB,KC,159.55,6.64,145.0,170.0,2026-01-30
Rashid Shaheed,WR,SEA,161.18,8.14,151.0,173.0,2026-01-30
Tank Bigsby,RB,PHI,161.82,2.76,154.0,165.0,2026-01-30
Jaylin Noel,WR,HOU,162.0,6.18,149.0,171.0,2026-01-30
Kimani Vidal,RB,LAC,162.91,5.5,146.0,166.0,2026-01-30
Devin Neal,RB,NO,163.73,5.66,150.0,172.0,2026-01-30
Brandon Aiyuk,WR,SF,165.09,14.82,128.0,186.0,2026-01-30
Elic Ayomanor,WR,TEN,165.09,7.53,151.0,171.0,2026-01-30
Matthew Golden,WR,GB,165.36,6.39,151.0,171.0,2026-01-30
Isaiah Likely,TE,BAL,165.36,8.26,153.0,183.0,2026-01-30
Travis Kelce,TE,KC,165.91,14.11,153.0,201.0,2026-01-30
Romeo Doubs,WR,GB,167.45,7.54,151.0,178.0,2026-01-30
Mark Andrews,TE,BAL,170.36,10.07,152.0,183.0,2026-01-30
Kendre Miller,RB,NO,171.73,6.58,166.0,188.0,2026-01-30
Keaton Mitchell,RB,BAL,173.18,4.65,166.0,182.0,2026-01-30
Joe Mixon,RB,HOU,174.0,29.52,156.0,265.0,2026-01-30
Theo Johnson,TE,NYG,175.91,14.2,139.0,194.0,2026-01-30
Pat Bryant,WR,DEN,176.09,5.11,166.0,186.0,2026-01-30
Tre Tucker,WR,LV,177.09,5.07,167.0,188.0,2026-01-30
Anthony Richardson Sr.,QB,IND,177.63,1.65,177.0,182.0,2026-01-30
Kayshon Boutte,WR,NE,177.82,6.45,164.0,190.0,2026-01-30
Ryan Flournoy,WR,DAL,179.0,3.25,173.0,185.0,2026-01-30
Brian Robinson Jr.,RB,SF,179.18,9.81,159.0,195.0,2026-01-30
Isaiah Davis,RB,NYJ,180.27,6.55,163.0,187.0,2026-01-30
Joe Milton III,QB,DAL,182.0,0.0,182.0,182.0,2026-01-30
Jeremiyah Love,RB,FA,182.86,83.0,46.0,255.0,2026-01-30
T.J. Hockenson,TE,MIN,183.0,11.01,151.0,194.0,2026-01-30
Geno Smith,QB,LV,184.0,0.0,184.0,184.0,2026-01-30
Jerome Ford,RB,CLE,184.91,14.69,176.0,222.0,2026-01-30
Darnell Mooney,WR,ATL,186.55,5.4,171.0,191.0,2026-01-30
Emanuel Wilson,RB,GB,186.55,3.09,180.0,192.0,2026-01-30
Keon Coleman,WR,BUF,186.91,3.15,181.0,191.0,2026-01-30
Mack Hollins,WR,NE,187.64,3.08,180.0,190.0,2026-01-30
Jalen McMillan,WR,TB,190.91,11.22,178.0,204.0,2026-01-30
Jaylen Wright,RB,MIA,191.0,8.66,172.0,202.0,2026-01-30
Marvin Mims Jr.,WR,DEN,193.82,2.69,190.0,198.0,2026-01-30
Isaac TeSlaa,WR,DET,194.09,2.11,190.0,196.0,2026-01-30
Xavier Legette,WR,CAR,194.55,2.46,191.0,198.0,2026-01-30
Rashod Bateman,WR,BAL,195.64,2.93,192.0,199.0,2026-01-30
AJ Barner,TE,SEA,195.91,4.12,189.0,206.0,2026-01-30
Terrance Ferguson,TE,LAR,196.64,12.17,172.0,222.0,2026-01-30
Kyle Williams,WR,NE,196.64,4.12,187.0,203.0,2026-01-30
Jared Wiley,TE,KC,197.0,0.0,197.0,197.0,2026-01-30
Mason Taylor,TE,NYJ,197.18,6.12,189.0,206.0,2026-01-30
Carnell Tate,WR,FA,198.78,35.59,114.0,233.0,2026-01-30
Najee Harris,RB,LAC,198.82,9.83,177.0,213.0,2026-01-30
Makai Lemon,WR,FA,199.11,35.65,123.0,234.0,2026-01-30
Dontayvion Wicks,WR,GB,199.91,2.02,196.0,203.0,2026-01-30
Jordyn Tyson,WR,FA,200.11,27.37,135.0,229.0,2026-01-30
Cooper Kupp,WR,SEA,204.45,2.02,202.0,210.0,2026-01-30
Darius Slayton,WR,NYG,204.64,2.53,198.0,207.0,2026-01-30
Jonathon Brooks,RB,CAR,205.0,20.83,160.0,220.0,2026-01-30
Ray Davis,RB,BUF,205.91,3.2,201.0,210.0,2026-01-30
Gunnar Helm,TE,TEN,207.18,8.2,184.0,215.0,2026-01-30
Sean Tucker,RB,TB,207.55,4.94,197.0,212.0,2026-01-30
Chris Rodriguez Jr.,RB,WAS,207.64,4.98,200.0,213.0,2026-01-30
Brashard Smith,RB,KC,208.91,9.59,186.0,217.0,2026-01-30
Keenan Allen,WR,LAC,210.09,9.85,198.0,222.0,2026-01-30
Tory Horton,WR,SEA,211.0,6.28,200.0,221.0,2026-01-30
David Njoku,TE,CLE,211.55,3.17,208.0,217.0,2026-01-30
Calvin Ridley,WR,TEN,212.27,12.39,183.0,224.0,2026-01-30
Jaleel McLaughlin,RB,DEN,214.55,3.03,208.0,217.0,2026-01-30
Konata Mumpfield,WR,LAR,215.36,4.33,207.0,219.0,2026-01-30
Isaiah Bond,WR,CLE,215.36,4.1,210.0,222.0,2026-01-30
Andrei Iosivas,WR,CIN,215.82,4.59,210.0,224.0,2026-01-30
Ollie Gordon II,RB,MIA,216.27,3.84,213.0,225.0,2026-01-30
Ty Johnson,RB,BUF,216.36,2.64,214.0,224.0,2026-01-30
Chig Okonkwo,TE,TEN,219.55,4.74,210.0,223.0,2026-01-30
Jack Bech,WR,LV,222.45,14.17,192.0,237.0,2026-01-30
Tank Dell,WR,HOU,222.73,10.99,198.0,234.0,2026-01-30
Isaac Guerendo,RB,SF,224.82,2.82,220.0,231.0,2026-01-30
Colby Parkinson,TE,LAR,225.73,7.05,210.0,240.0,2026-01-30
Jake Tonges,TE,SF,225.75,19.65,194.0,246.0,2026-01-30
Bam Knight,RB,ARI,227.55,3.14,224.0,235.0,2026-01-30
Evan Engram,TE,DEN,228.27,4.31,223.0,240.0,2026-01-30
Audric Estime,RB,NO,229.27,2.05,226.0,234.0,2026-01-30
Jalen Royals,WR,KC,229.45,12.49,219.0,254.0,2026-01-30
Malik Davis,RB,DAL,232.27,2.05,229.0,237.0,2026-01-30
Cade Otton,TE,TB,233.09,3.73,228.0,240.0,2026-01-30
Pat Freiermuth,TE,PIT,233.73,7.64,225.0,250.0,2026-01-30
Christian Kirk,WR,HOU,234.73,2.3,230.0,237.0,2026-01-30
Calvin Austin III,WR,PIT,234.82,2.76,230.0,239.0,2026-01-30
Noah Gray,TE,KC,235.44,9.62,222.0,257.0,2026-01-30
Ben Sinnott,TE,WAS,236.33,31.59,213.0,281.0,2026-01-30
Devaughn Vele,WR,NO,237.0,8.32,212.0,244.0,2026-01-30
LeQuint Allen Jr.,RB,JAC,237.82,4.3,235.0,248.0,2026-01-30
Tyquan Thornton,WR,KC,239.09,2.11,236.0,242.0,2026-01-30
Luke McCaffrey,WR,WAS,240.18,7.4,218.0,245.0,2026-01-30
Dont'e Thornton Jr.,WR,LV,240.91,3.73,233.0,244.0,2026-01-30
Marquise Brown,WR,KC,242.55,1.62,240.0,245.0,2026-01-30
DJ Giddens,RB,IND,243.45,5.74,235.0,254.0,2026-01-30
Elijah Arroyo,TE,SEA,243.5,15.5,228.0,259.0,2026-01-30
Darren Waller,TE,MIA,244.4,5.89,233.0,250.0,2026-01-30
Chris Brooks,RB,GB,244.82,5.04,238.0,256.0,2026-01-30
Darnell Washington,TE,PIT,246.0,34.0,212.0,280.0,2026-01-30
Michael Mayer,TE,LV,246.5,15.5,231.0,262.0,2026-01-30
Cedric Tillman,WR,CLE,247.55,3.94,239.0,254.0,2026-01-30
Malik Washington,WR,MIA,247.82,3.81,241.0,253.0,2026-01-30
Devin Singletary,RB,NYG,248.09,2.43,243.0,251.0,2026-01-30
Trevor Etienne,RB,CAR,249.64,2.57,245.0,252.0,2026-01-30
Mike Gesicki,TE,CIN,249.71,4.16,245.0,257.0,2026-01-30
Justice Hill,RB,BAL,249.73,1.35,247.0,252.0,2026-01-30
John Bates,TE,WAS,249.75,15.06,233.0,282.0,2026-01-30
John Metchie III,WR,NYJ,251.91,3.06,245.0,254.0,2026-01-30
Jarquez Hunter,RB,LAR,254.09,4.23,244.0,261.0,2026-01-30
MarShawn Lloyd,RB,GB,255.18,3.01,251.0,259.0,2026-01-30
Olamide Zaccheaus,WR,CHI,255.82,2.66,250.0,260.0,2026-01-30
Tez Johnson,WR,TB,256.0,4.94,242.0,260.0,2026-01-30
Tommy Myers,TE,FA,256.14,5.57,250.0,262.0,2026-01-30
Joshua Palmer,WR,BUF,256.64,1.61,253.0,258.0,2026-01-30
George Holani,RB,SEA,260.73,14.37,216.0,268.0,2026-01-30
Jaylin Lane,WR,WAS,261.0,3.81,251.0,264.0,2026-01-30
Xavier Hutchinson,WR,HOU,261.09,2.75,255.0,265.0,2026-01-30
Michael Carter,RB,ARI,261.64,2.38,258.0,266.0,2026-01-30
Will Shipley,RB,PHI,262.55,3.73,258.0,271.0,2026-01-30
DeMario Douglas,WR,NE,263.82,2.41,257.0,266.0,2026-01-30
Emari Demercado,RB,ARI,264.64,1.72,262.0,267.0,2026-01-30
Ja'Tavion Sanders,TE,CAR,265.0,0.0,265.0,265.0,2026-01-30
Jalen Nailor,WR,MIN,265.36,2.93,259.0,268.0,2026-01-30
Jaydon Blue,RB,DAL,265.45,23.82,199.0,280.0,2026-01-30
Cole Kmet,TE,CHI,266.0,0.0,266.0,266.0,2026-01-30
Tyler Higbee,TE,LAR,267.5,18.5,249.0,286.0,2026-01-30
Samaje Perine,RB,CIN,268.18,0.94,267.0,270.0,2026-01-30
Austin Ekeler,RB,WAS,270.09,1.16,268.0,272.0,2026-01-30
Kareem Hunt,RB,KC,270.82,1.47,269.0,273.0,2026-01-30
Tahj Brooks,RB,CIN,271.18,1.8,268.0,274.0,2026-01-30
Nick Chubb,RB,HOU,271.18,1.03,269.0,273.0,2026-01-30
Greg Dulcich,TE,MIA,273.0,0.0,273.0,273.0,2026-01-30
Jordan James,RB,SF,273.8,2.96,266.0,277.0,2026-01-30
Terrell Jennings,RB,NE,274.8,1.33,273.0,278.0,2026-01-30
Luke Musgrave,TE,GB,275.0,0.0,275.0,275.0,2026-01-30
Jawhar Jordan,RB,HOU,275.36,2.31,270.0,278.0,2026-01-30
Antonio Gibson,RB,NE,277.4,1.11,276.0,279.0,2026-01-30
Dameon Pierce,RB,KC,277.44,2.27,274.0,281.0,2026-01-30
Raheim Sanders,RB,CLE,277.7,1.79,274.0,280.0,2026-01-30
Dawson Knox,TE,BUF,283.0,0.0,283.0,283.0,2026-01-30
Elijah Higgins,TE,ARI,284.0,0.0,284.0,284.0,2026-01-30
Jonnu Smith,TE,PIT,285.0,0.0,285.0,285.0,2026-01-30
Zach Ertz,TE,WAS,287.0,0.0,287.0,287.0,2026-01-30
Thomas Fidone II,TE,NYG,288.0,0.0,288.0,288.0,2026-01-30
Taysom Hill,TE,NO,289.0,0.0,289.0,289.0,2026-01-30
Erick All Jr.,TE,CIN,290.0,0.0,290.0,290.0,2026-01-30
Noah Fant,TE,CIN,291.0,0.0,291.0,291.0,2026-01-30
Josh Allen,QB,BUF,1.09,0.29,1.0,2.0,2026-01-23
Drake Maye,QB,NE,2.09,0.29,2.0,3.0,2026-01-23
Lamar Jackson,QB,BAL,3.27,0.45,3.0,4.0,2026-01-23
Joe Burrow,QB,CIN,4.18,0.72,3.0,5.0,2026-01-23
Jayden Daniels,QB,WAS,5.45,1.5,4.0,9.0,2026-01-23
Jalen Hurts,QB,PHI,7.18,0.94,5.0,9.0,2026-01-23
Puka Nacua,WR,LAR,7.82,2.41,6.0,11.0,2026-01-23
Ja'Marr Chase,WR,CIN,8.73,2.49,6.0,11.0,2026-01-23
Jaxson Dart,QB,NYG,9.45,3.6,7.0,18.0,2026-01-23
Bijan Robinson,RB,ATL,10.0,0.0,10.0,10.0,2026-01-23
Jaxon Smith-Njigba,WR,SEA,11.91,0.29,11.0,12.0,2026-01-23
Justin Herbert,QB,LAC,13.0,6.16,9.0,29.0,2026-01-23
Jahmyr Gibbs,RB,DET,13.0,0.0,13.0,13.0,2026-01-23
CeeDee Lamb,WR,DAL,15.09,2.31,14.0,20.0,2026-01-23
Christian McCaffrey,RB,SF,17.18,3.64,15.0,25.0,2026-01-23
Patrick Mahomes II,QB,KC,17.27,4.69,9.0,30.0,2026-01-23
Amon-Ra St. Brown,WR,DET,18.36,2.67,14.0,20.0,2026-01-23
Dak Prescott,QB,DAL,18.45,5.02,9.0,29.0,2026-01-23
Trevor Lawrence,QB,JAC,18.45,4.42,9.0,26.0,2026-01-23
Brock Purdy,QB,SF,20.0,3.64,17.0,29.0,2026-01-23
De'Von Achane,RB,MIA,20.64,3.62,15.0,25.0,2026-01-23
Caleb Williams,QB,CHI,22.27,4.14,17.0,26.0,2026-01-23
Drake London,WR,ATL,23.09,1.83,21.0,27.0,2026-01-23
Justin Jefferson,WR,MIN,23.45,1.16,23.0,27.0,2026-01-23
Malik Nabers,WR,NYG,24.45,5.0,20.0,34.0,2026-01-23
Rashee Rice,WR,KC,24.91,2.07,21.0,27.0,2026-01-23
Jonathan Taylor,RB,IND,25.55,4.76,22.0,40.0,2026-01-23
Nico Collins,WR,HOU,28.91,3.85,21.0,35.0,2026-01-23
Trey McBride,TE,ARI,31.0,0.0,31.0,31.0,2026-01-23
Bo Nix,QB,DEN,31.18,1.11,29.0,32.0,2026-01-23
George Pickens,WR,DAL,31.27,3.89,24.0,35.0,2026-01-23
Matthew Stafford,QB,LAR,31.73,3.93,29.0,38.0,2026-01-23
Jordan Love,QB,GB,32.45,4.14,29.0,41.0,2026-01-23
Chris Olave,WR,NO,32.82,3.27,27.0,36.0,2026-01-23
Ashton Jeanty,RB,LV,34.09,5.87,23.0,42.0,2026-01-23
James Cook III,RB,BUF,34.36,5.88,17.0,40.0,2026-01-23
A.J. Brown,WR,PHI,36.91,2.91,35.0,43.0,2026-01-23
Brock Bowers,TE,LV,38.27,2.3,31.0,39.0,2026-01-23
Jared Goff,QB,DET,38.82,4.06,32.0,50.0,2026-01-23
Omarion Hampton,RB,LAC,40.55,2.39,37.0,46.0,2026-01-23
Garrett Wilson,WR,NYJ,41.55,3.85,34.0,44.0,2026-01-23
Tetairoa McMillan,WR,CAR,42.55,2.46,35.0,45.0,2026-01-23
Saquon Barkley,RB,PHI,45.36,10.09,33.0,71.0,2026-01-23
Tee Higgins,WR,CIN,45.45,1.78,44.0,51.0,2026-01-23
Chase Brown,RB,CIN,45.64,3.72,39.0,54.0,2026-01-23
C.J. Stroud,QB,HOU,46.91,7.27,41.0,60.0,2026-01-23
Bucky Irving,RB,TB,48.09,5.35,35.0,58.0,2026-01-23
Baker Mayfield,QB,TB,48.82,7.08,30.0,56.0,2026-01-23
Josh Jacobs,RB,GB,50.0,8.18,42.0,71.0,2026-01-23
Ladd McConkey,WR,LAC,52.91,3.23,51.0,62.0,2026-01-23
Jameson Williams,WR,DET,54.55,3.75,51.0,63.0,2026-01-23
Zay Flowers,WR,BAL,55.09,4.93,45.0,63.0,2026-01-23
Breece Hall,RB,NYJ,55.18,5.65,48.0,61.0,2026-01-23
Tyler Shough,QB,NO,55.18,0.39,55.0,56.0,2026-01-23
Davante Adams,WR,LAR,57.27,6.25,45.0,68.0,2026-01-23
TreVeyon Henderson,RB,NE,58.18,7.03,46.0,76.0,2026-01-23
RJ Harvey,RB,DEN,58.45,6.44,46.0,74.0,2026-01-23
Derrick Henry,RB,BAL,60.09,8.07,41.0,67.0,2026-01-23
Sam Darnold,QB,SEA,60.82,2.66,56.0,66.0,2026-01-23
Jaylen Waddle,WR,MIA,61.0,4.26,57.0,69.0,2026-01-23
Malik Willis,QB,GB,63.1,24.16,41.0,134.0,2026-01-23
DeVonta Smith,WR,PHI,63.45,5.77,50.0,72.0,2026-01-23
Luther Burden III,WR,CHI,64.91,6.24,54.0,73.0,2026-01-23
Mike Evans,WR,TB,66.18,7.26,52.0,75.0,2026-01-23
Cam Ward,QB,TEN,66.82,1.85,64.0,70.0,2026-01-23
Kyren Williams,RB,LAR,67.09,2.57,64.0,71.0,2026-01-23
Terry McLaurin,WR,WAS,67.64,7.96,52.0,80.0,2026-01-23
Courtland Sutton,WR,DEN,68.64,7.16,53.0,80.0,2026-01-23
Kenneth Walker III,RB,SEA,71.0,5.8,57.0,77.0,2026-01-23
Travis Etienne Jr.,RB,JAC,71.0,6.58,58.0,85.0,2026-01-23
Colston Loveland,TE,CHI,71.82,16.54,47.0,93.0,2026-01-23
Kyler Murray,QB,ARI,72.09,21.22,60.0,137.0,2026-01-23
DK Metcalf,WR,PIT,74.91,10.04,60.0,96.0,2026-01-23
Bryce Young,QB,CAR,76.0,7.83,65.0,94.0,2026-01-23
Cam Skattebo,RB,NYG,76.82,7.02,67.0,95.0,2026-01-23
Javonte Williams,RB,DAL,77.09,7.28,59.0,88.0,2026-01-23
Emeka Egbuka,WR,TB,78.0,10.5,59.0,101.0,2026-01-23
Brian Thomas Jr.,WR,JAC,78.82,7.11,68.0,89.0,2026-01-23
J.J. McCarthy,QB,MIN,79.0,26.54,63.0,162.0,2026-01-23
Tyler Warren,TE,IND,80.91,12.96,47.0,93.0,2026-01-23
Quinshon Judkins,RB,CLE,81.45,7.32,69.0,94.0,2026-01-23
Christian Watson,WR,GB,82.0,8.44,68.0,96.0,2026-01-23
D'Andre Swift,RB,CHI,82.73,5.94,66.0,88.0,2026-01-23
Jakobi Meyers,WR,JAC,83.55,11.43,73.0,100.0,2026-01-23
Tucker Kraft,TE,GB,86.64,8.03,78.0,104.0,2026-01-23
Ricky Pearsall,WR,SF,86.73,9.35,72.0,100.0,2026-01-23
Jaylen Warren,RB,PIT,88.0,3.33,80.0,92.0,2026-01-23
Michael Penix Jr.,QB,ATL,89.18,24.12,76.0,165.0,2026-01-23
Stefon Diggs,WR,NE,89.27,3.22,82.0,96.0,2026-01-23
Harold Fannin Jr.,TE,CLE,89.36,15.28,47.0,104.0,2026-01-23
Chris Godwin Jr.,WR,TB,89.91,7.88,80.0,104.0,2026-01-23
Rome Odunze,WR,CHI,91.36,5.56,82.0,100.0,2026-01-23
Zach Charbonnet,RB,SEA,92.36,17.77,78.0,146.0,2026-01-23
Rico Dowdle,RB,CAR,94.45,3.53,85.0,99.0,2026-01-23
Marvin Harrison Jr.,WR,ARI,95.55,10.75,74.0,109.0,2026-01-23
Michael Wilson,WR,ARI,99.18,12.21,75.0,109.0,2026-01-23
Travis Hunter,WR,JAC,100.55,18.71,53.0,133.0,2026-01-23
Daniel Jones,QB,IND,101.0,22.68,87.0,168.0,2026-01-23
Kyle Monangai,RB,CHI,101.09,4.27,97.0,111.0,2026-01-23
Michael Pittman Jr.,WR,IND,102.18,7.03,82.0,110.0,2026-01-23
James Conner,RB,ARI,102.91,10.17,92.0,130.0,2026-01-23
Woody Marks,RB,HOU,102.91,9.64,96.0,126.0,2026-01-23
Sam LaPorta,TE,DET,103.27,3.91,93.0,106.0,2026-01-23
Tony Pollard,RB,TEN,103.27,7.06,97.0,124.0,2026-01-23
Shedeur Sanders,QB,CLE,104.18,31.92,87.0,176.0,2026-01-23
Aaron Rodgers,QB,PIT,104.5,21.5,83.0,126.0,2026-01-23
Jordan Addison,WR,MIN,106.91,7.68,92.0,122.0,2026-01-23
Aaron Jones Sr.,RB,MIN,108.27,9.24,86.0,120.0,2026-01-23
Kyle Pitts Sr.,TE,ATL,108.27,4.55,99.0,113.0,2026-01-23
Blake Corum,RB,LAR,108.64,6.73,98.0,122.0,2026-01-23
Rhamondre Stevenson,RB,NE,110.45,4.54,102.0,116.0,2026-01-23
Wan'Dale Robinson,WR,NYG,111.36,1.77,109.0,114.0,2026-01-23
Jauan Jennings,WR,SF,116.18,6.56,104.0,124.0,2026-01-23
Dalton Kincaid,TE,BUF,116.55,5.09,106.0,125.0,2026-01-23
Khalil Shakir,WR,BUF,117.09,6.96,108.0,133.0,2026-01-23
Jake Ferguson,TE,DAL,117.82,5.47,113.0,125.0,2026-01-23
Trey Benson,RB,ARI,118.0,6.02,108.0,131.0,2026-01-23
Quentin Johnston,WR,LAC,118.09,6.47,106.0,129.0,2026-01-23
Alec Pierce,WR,IND,119.45,6.21,109.0,129.0,2026-01-23
Tyreek Hill,WR,MIA,119.91,7.35,100.0,124.0,2026-01-23
Bhayshul Tuten,RB,JAC,120.0,13.76,97.0,141.0,2026-01-23
Alvin Kamara,RB,NO,121.0,11.12,98.0,136.0,2026-01-23
George Kittle,TE,SF,121.36,77.33,47.0,246.0,2026-01-23
DJ Moore,WR,CHI,121.73,7.09,112.0,135.0,2026-01-23
Chuba Hubbard,RB,CAR,122.09,12.72,93.0,132.0,2026-01-23
David Montgomery,RB,DET,122.27,6.72,113.0,134.0,2026-01-23
Oronde Gadsden II,TE,LAC,123.0,9.51,113.0,148.0,2026-01-23
Jayden Higgins,WR,HOU,125.0,8.24,101.0,133.0,2026-01-23
Juwan Johnson,TE,NO,126.82,7.42,115.0,136.0,2026-01-23
Jayden Reed,WR,GB,129.0,3.98,123.0,139.0,2026-01-23
Jacoby Brissett,QB,ARI,129.91,14.75,118.0,170.0,2026-01-23
Parker Washington,WR,JAC,130.55,14.23,100.0,146.0,2026-01-23
Dylan Sampson,RB,CLE,131.27,3.65,122.0,138.0,2026-01-23
Braelon Allen,RB,NYJ,133.18,7.91,117.0,143.0,2026-01-23
Jacory Croskey-Merritt,RB,WAS,133.27,8.84,116.0,145.0,2026-01-23
Brenton Strange,TE,JAC,133.45,10.85,125.0,153.0,2026-01-23
Mac Jones,QB,SF,133.9,21.09,118.0,181.0,2026-01-23
Josh Downs,WR,IND,136.36,6.23,120.0,146.0,2026-01-23
Xavier Worthy,WR,KC,138.18,4.13,133.0,146.0,2026-01-23
Dalton Schultz,TE,HOU,138.36,6.26,126.0,148.0,2026-01-23
Tyjae Spears,RB,TEN,139.73,5.19,132.0,146.0,2026-01-23
Deebo Samuel Sr.,WR,WAS,139.82,8.05,131.0,158.0,2026-01-23
Jerry Jeudy,WR,CLE,141.91,3.92,135.0,147.0,2026-01-23
Kenneth Gainwell,RB,PIT,142.0,3.07,138.0,150.0,2026-01-23
Dallas Goedert,TE,PHI,143.36,6.41,130.0,153.0,2026-01-23
Tyler Allgeier,RB,ATL,144.36,6.26,127.0,152.0,2026-01-23
Troy Franklin,WR,DEN,145.18,6.18,133.0,157.0,2026-01-23
Tua Tagovailoa,QB,MIA,146.0,13.27,138.0,177.0,2026-01-23
Tyrone Tracy Jr.,RB,NYG,146.73,5.48,133.0,152.0,2026-01-23
Hunter Henry,TE,NE,149.73,13.29,121.0,161.0,2026-01-23
Adonai Mitchell,WR,NYJ,149.73,5.66,139.0,160.0,2026-01-23
Jordan Mason,RB,MIN,150.82,12.09,116.0,164.0,2026-01-23
Jalen Coker,WR,CAR,153.27,11.36,135.0,169.0,2026-01-23
J.K. Dobbins,RB,DEN,153.45,1.97,152.0,157.0,2026-01-23
Chimere Dike,WR,TEN,155.73,6.59,149.0,167.0,2026-01-23
Rachaad White,RB,TB,155.82,4.34,150.0,166.0,2026-01-23
Kaleb Johnson,RB,PIT,156.82,3.1,150.0,162.0,2026-01-23
Tre Harris,WR,LAC,157.64,6.47,147.0,169.0,2026-01-23
Isiah Pacheco,RB,KC,159.82,6.59,145.0,170.0,2026-01-23
Rashid Shaheed,WR,SEA,160.27,7.29,151.0,170.0,2026-01-23
Jaylin Noel,WR,HOU,161.09,6.95,149.0,171.0,2026-01-23
Tank Bigsby,RB,PHI,161.82,2.76,154.0,165.0,2026-01-23
Kimani Vidal,RB,LAC,163.0,5.22,147.0,166.0,2026-01-23
Devin Neal,RB,NO,164.36,4.31,157.0,172.0,2026-01-23
Brandon Aiyuk,WR,SF,164.82,15.51,125.0,186.0,2026-01-23
Elic Ayomanor,WR,TEN,165.18,7.59,151.0,171.0,2026-01-23
Isaiah Likely,TE,BAL,165.36,8.26,153.0,183.0,2026-01-23
Matthew Golden,WR,GB,165.82,6.15,151.0,171.0,2026-01-23
Travis Kelce,TE,KC,165.91,14.11,153.0,201.0,2026-01-23
Romeo Doubs,WR,GB,168.36,5.93,158.0,178.0,2026-01-23
Kendre Miller,RB,NO,171.73,6.58,166.0,188.0,2026-01-23
Joe Mixon,RB,HOU,172.0,29.93,156.0,265.0,2026-01-23
Keaton Mitchell,RB,BAL,172.64,3.87,166.0,179.0,2026-01-23
Mark Andrews,TE,BAL,173.0,8.6,153.0,183.0,2026-01-23
Theo Johnson,TE,NYG,175.27,14.11,139.0,194.0,2026-01-23
Pat Bryant,WR,DEN,176.82,5.46,168.0,186.0,2026-01-23
Tre Tucker,WR,LV,177.09,5.07,167.0,188.0,2026-01-23
Anthony Richardson Sr.,QB,IND,177.63,1.65,177.0,182.0,2026-01-23
Kayshon Boutte,WR,NE,178.64,5.07,173.0,190.0,2026-01-23
Ryan Flournoy,WR,DAL,179.0,3.25,173.0,185.0,2026-01-23
Brian Robinson Jr.,RB,SF,179.91,9.84,159.0,195.0,2026-01-23
Isaiah Davis,RB,NYJ,180.27,6.55,163.0,187.0,2026-01-23
Joe Milton III,QB,DAL,182.0,0.0,182.0,182.0,2026-01-23
Jeremiyah Love,RB,FA,182.29,83.95,42.0,255.0,2026-01-23
T.J. Hockenson,TE,MIN,183.45,11.23,151.0,194.0,2026-01-23
Geno Smith,QB,LV,184.0,0.0,184.0,184.0,2026-01-23
Jerome Ford,RB,CLE,184.09,12.72,176.0,213.0,2026-01-23
Darnell Mooney,WR,ATL,186.36,5.31,171.0,191.0,2026-01-23
Emanuel Wilson,RB,GB,186.36,3.28,180.0,192.0,2026-01-23
Keon Coleman,WR,BUF,186.73,3.19,181.0,191.0,2026-01-23
Mack Hollins,WR,NE,186.91,3.78,180.0,190.0,2026-01-23
Jalen McMillan,WR,TB,190.82,11.14,178.0,204.0,2026-01-23
Jaylen Wright,RB,MIA,191.55,7.56,178.0,202.0,2026-01-23
Marvin Mims Jr.,WR,DEN,193.64,2.67,190.0,198.0,2026-01-23
Isaac TeSlaa,WR,DET,194.09,2.11,190.0,196.0,2026-01-23
Xavier Legette,WR,CAR,194.45,2.57,191.0,198.0,2026-01-23
Rashod Bateman,WR,BAL,195.55,3.03,192.0,199.0,2026-01-23
Terrance Ferguson,TE,LAR,195.91,12.54,172.0,222.0,2026-01-23
AJ Barner,TE,SEA,196.18,3.88,189.0,206.0,2026-01-23
Kyle Williams,WR,NE,196.64,4.12,187.0,203.0,2026-01-23
Jared Wiley,TE,KC,197.0,0.0,197.0,197.0,2026-01-23
Mason Taylor,TE,NYJ,197.18,6.12,189.0,206.0,2026-01-23
Najee Harris,RB,LAC,197.55,8.76,177.0,211.0,2026-01-23
Carnell Tate,WR,FA,198.78,35.59,114.0,233.0,2026-01-23
Makai Lemon,WR,FA,199.11,35.65,123.0,234.0,2026-01-23
Dontayvion Wicks,WR,GB,199.82,2.21,195.0,203.0,2026-01-23
Jordyn Tyson,WR,FA,200.11,27.37,135.0,229.0,2026-01-23
Darius Slayton,WR,NYG,204.18,2.52,198.0,207.0,2026-01-23
Cooper Kupp,WR,SEA,204.18,2.25,201.0,210.0,2026-01-23
Jonathon Brooks,RB,CAR,206.09,18.64,169.0,220.0,2026-01-23
Ray Davis,RB,BUF,206.09,3.37,201.0,210.0,2026-01-23
Sean Tucker,RB,TB,206.82,6.71,189.0,212.0,2026-01-23
Gunnar Helm,TE,TEN,206.91,7.98,184.0,215.0,2026-01-23
Chris Rodriguez Jr.,RB,WAS,208.36,4.35,200.0,213.0,2026-01-23
Brashard Smith,RB,KC,208.91,9.59,186.0,217.0,2026-01-23
Keenan Allen,WR,LAC,209.82,9.97,198.0,222.0,2026-01-23
David Njoku,TE,CLE,210.82,3.27,206.0,215.0,2026-01-23
Tory Horton,WR,SEA,211.55,5.52,206.0,221.0,2026-01-23
Isaiah Bond,WR,CLE,214.45,4.29,209.0,222.0,2026-01-23
Jake Tonges,TE,SF,215.25,48.1,148.0,273.0,2026-01-23
Calvin Ridley,WR,TEN,215.27,8.24,204.0,224.0,2026-01-23
Andrei Iosivas,WR,CIN,215.27,4.99,209.0,224.0,2026-01-23
Jaleel McLaughlin,RB,DEN,215.45,3.03,208.0,220.0,2026-01-23
Ollie Gordon II,RB,MIA,216.0,3.88,213.0,225.0,2026-01-23
Ty Johnson,RB,BUF,216.09,3.0,211.0,224.0,2026-01-23
Konata Mumpfield,WR,LAR,217.36,5.28,210.0,230.0,2026-01-23
Chig Okonkwo,TE,TEN,219.27,4.61,210.0,223.0,2026-01-23
Jack Bech,WR,LV,222.45,14.17,192.0,237.0,2026-01-23
Tank Dell,WR,HOU,222.55,11.4,196.0,234.0,2026-01-23
Isaac Guerendo,RB,SF,224.82,2.82,220.0,231.0,2026-01-23
Bam Knight,RB,ARI,226.73,3.05,223.0,235.0,2026-01-23
Evan Engram,TE,DEN,226.82,2.29,223.0,231.0,2026-01-23
Colby Parkinson,TE,LAR,227.0,5.08,218.0,240.0,2026-01-23
Audric Estime,RB,NO,229.27,2.05,226.0,234.0,2026-01-23
Jalen Royals,WR,KC,229.45,12.49,219.0,254.0,2026-01-23
Malik Davis,RB,DAL,232.27,2.05,229.0,237.0,2026-01-23
Cade Otton,TE,TB,233.27,3.52,228.0,240.0,2026-01-23
Pat Freiermuth,TE,PIT,234.0,7.37,226.0,250.0,2026-01-23
Christian Kirk,WR,HOU,234.73,2.3,230.0,237.0,2026-01-23
Calvin Austin III,WR,PIT,234.82,2.76,230.0,239.0,2026-01-23
Darnell Washington,TE,PIT,236.0,26.0,210.0,262.0,2026-01-23
Noah Gray,TE,KC,236.22,9.43,222.0,257.0,2026-01-23
Ben Sinnott,TE,WAS,236.33,33.04,211.0,283.0,2026-01-23
Devaughn Vele,WR,NO,237.0,8.32,212.0,244.0,2026-01-23
LeQuint Allen Jr.,RB,JAC,237.45,3.53,235.0,244.0,2026-01-23
Tyquan Thornton,WR,KC,239.09,2.11,236.0,242.0,2026-01-23
Dont'e Thornton Jr.,WR,LV,240.91,3.73,233.0,244.0,2026-01-23
Elijah Arroyo,TE,SEA,241.0,13.0,228.0,254.0,2026-01-23
Marquise Brown,WR,KC,242.55,1.62,240.0,245.0,2026-01-23
Luke McCaffrey,WR,WAS,242.64,2.46,239.0,245.0,2026-01-23
DJ Giddens,RB,IND,242.91,6.72,229.0,254.0,2026-01-23
Darren Waller,TE,MIA,243.6,5.75,233.0,250.0,2026-01-23
Chris Brooks,RB,GB,244.45,4.31,238.0,252.0,2026-01-23
Michael Mayer,TE,LV,245.0,14.0,231.0,259.0,2026-01-23
John Bates,TE,WAS,245.14,9.46,233.0,257.0,2026-01-23
Cedric Tillman,WR,CLE,247.55,3.94,239.0,254.0,2026-01-23
Malik Washington,WR,MIA,247.82,3.81,241.0,253.0,2026-01-23
Devin Singletary,RB,NYG,247.82,2.79,243.0,251.0,2026-01-23
Mike Gesicki,TE,CIN,248.71,3.84,245.0,257.0,2026-01-23
Trevor Etienne,RB,CAR,249.36,2.77,245.0,252.0,2026-01-23
Justice Hill,RB,BAL,249.36,1.23,247.0,251.0,2026-01-23
John Metchie III,WR,NYJ,251.91,3.06,245.0,254.0,2026-01-23
Jarquez Hunter,RB,LAR,254.0,4.45,243.0,261.0,2026-01-23
MarShawn Lloyd,RB,GB,255.18,3.01,251.0,259.0,2026-01-23
Olamide Zaccheaus,WR,CHI,255.91,2.47,251.0,260.0,2026-01-23
Tez Johnson,WR,TB,256.0,4.94,242.0,260.0,2026-01-23
Tommy Myers,TE,FA,256.14,5.57,250.0,262.0,2026-01-23
Joshua Palmer,WR,BUF,256.36,2.31,250.0,258.0,2026-01-23
George Holani,RB,SEA,260.27,14.43,216.0,268.0,2026-01-23
Xavier Hutchinson,WR,HOU,261.09,2.75,255.0,265.0,2026-01-23
Jaylin Lane,WR,WAS,261.18,3.35,253.0,264.0,2026-01-23
Michael Carter,RB,ARI,261.36,2.27,258.0,266.0,2026-01-23
Will Shipley,RB,PHI,262.36,3.34,258.0,269.0,2026-01-23
DeMario Douglas,WR,NE,263.82,2.41,257.0,266.0,2026-01-23
Emari Demercado,RB,ARI,264.36,2.14,260.0,267.0,2026-01-23
Ja'Tavion Sanders,TE,CAR,265.0,0.0,265.0,265.0,2026-01-23
Jalen Nailor,WR,MIN,265.36,2.93,259.0,268.0,2026-01-23
Cole Kmet,TE,CHI,266.0,0.0,266.0,266.0,2026-01-23
Samaje Perine,RB,CIN,267.82,1.75,263.0,270.0,2026-01-23
Tyler Higbee,TE,LAR,269.0,20.0,249.0,289.0,2026-01-23
Austin Ekeler,RB,WAS,269.91,1.0,268.0,272.0,2026-01-23
Kareem Hunt,RB,KC,270.64,1.67,268.0,273.0,2026-01-23
Tahj Brooks,RB,CIN,270.82,2.62,264.0,274.0,2026-01-23
Nick Chubb,RB,HOU,271.0,1.48,267.0,273.0,2026-01-23
Jaydon Blue,RB,DAL,272.55,11.29,238.0,280.0,2026-01-23
Jordan James,RB,SF,273.3,2.97,266.0,277.0,2026-01-23
Terrell Jennings,RB,NE,274.4,0.8,273.0,276.0,2026-01-23
Luke Musgrave,TE,GB,275.0,0.0,275.0,275.0,2026-01-23
Jawhar Jordan,RB,HOU,276.18,1.8,273.0,279.0,2026-01-23
Dameon Pierce,RB,KC,276.89,2.85,272.0,281.0,2026-01-23
Antonio Gibson,RB,NE,277.1,1.04,276.0,279.0,2026-01-23
Raheim Sanders,RB,CLE,278.1,1.3,275.0,280.0,2026-01-23
Elijah Higgins,TE,ARI,280.0,0.0,280.0,280.0,2026-01-23
Dawson Knox,TE,BUF,281.0,0.0,281.0,281.0,2026-01-23
Greg Dulcich,TE,MIA,282.0,0.0,282.0,282.0,2026-01-23
Jonnu Smith,TE,PIT,284.0,0.0,284.0,284.0,2026-01-23
Zach Ertz,TE,WAS,285.0,0.0,285.0,285.0,2026-01-23
Thomas Fidone II,TE,NYG,286.0,0.0,286.0,286.0,2026-01-23
Taysom Hill,TE,NO,287.0,0.0,287.0,287.0,2026-01-23
Erick All Jr.,TE,CIN,288.0,0.0,288.0,288.0,2026-01-23
Noah Fant,TE,CIN,290.0,0.0,290.0,290.0,2026-01-23
Josh Allen,QB,BUF,1.14,0.35,1.0,2.0,2026-01-16
Drake Maye,QB,NE,2.0,0.0,2.0,2.0,2026-01-16
Lamar Jackson,QB,BAL,3.29,0.45,3.0,4.0,2026-01-16
Joe Burrow,QB,CIN,4.29,0.7,3.0,5.0,2026-01-16
Jayden Daniels,QB,WAS,5.57,1.68,4.0,9.0,2026-01-16
Jalen Hurts,QB,PHI,7.43,0.73,7.0,9.0,2026-01-16
Ja'Marr Chase,WR,CIN,8.14,2.47,6.0,11.0,2026-01-16
Puka Nacua,WR,LAR,8.14,2.47,6.0,11.0,2026-01-16
Bijan Robinson,RB,ATL,10.0,0.0,10.0,10.0,2026-01-16
Jaxson Dart,QB,NYG,10.43,4.2,7.0,18.0,2026-01-16
Jaxon Smith-Njigba,WR,SEA,11.86,0.35,11.0,12.0,2026-01-16
Justin Herbert,QB,LAC,12.43,3.99,9.0,18.0,2026-01-16
Jahmyr Gibbs,RB,DET,13.0,0.0,13.0,13.0,2026-01-16
CeeDee Lamb,WR,DAL,15.71,2.71,14.0,20.0,2026-01-16
Patrick Mahomes II,QB,KC,17.43,5.85,9.0,30.0,2026-01-16
Amon-Ra St. Brown,WR,DET,17.43,2.97,14.0,20.0,2026-01-16
Christian McCaffrey,RB,SF,17.43,3.92,15.0,25.0,2026-01-16
Dak Prescott,QB,DAL,19.43,6.04,9.0,29.0,2026-01-16
Trevor Lawrence,QB,JAC,20.14,3.83,16.0,26.0,2026-01-16
De'Von Achane,RB,MIA,20.86,3.91,15.0,25.0,2026-01-16
Brock Purdy,QB,SF,20.86,4.29,18.0,29.0,2026-01-16
Caleb Williams,QB,CHI,21.14,4.26,17.0,26.0,2026-01-16
Malik Nabers,WR,NYG,22.71,2.6,20.0,28.0,2026-01-16
Drake London,WR,ATL,23.0,2.07,21.0,27.0,2026-01-16
Jonathan Taylor,RB,IND,23.71,1.48,22.0,25.0,2026-01-16
Justin Jefferson,WR,MIN,23.71,1.39,23.0,27.0,2026-01-16
Rashee Rice,WR,KC,25.0,1.77,23.0,27.0,2026-01-16
Nico Collins,WR,HOU,28.57,4.14,21.0,34.0,2026-01-16
George Pickens,WR,DAL,30.29,4.03,24.0,35.0,2026-01-16
Jordan Love,QB,GB,30.43,1.05,29.0,32.0,2026-01-16
Matthew Stafford,QB,LAR,30.71,3.15,29.0,38.0,2026-01-16
Trey McBride,TE,ARI,31.0,0.0,31.0,31.0,2026-01-16
Bo Nix,QB,DEN,32.57,2.32,30.0,38.0,2026-01-16
Chris Olave,WR,NO,33.71,2.49,28.0,36.0,2026-01-16
Ashton Jeanty,RB,LV,33.86,5.67,23.0,42.0,2026-01-16
James Cook III,RB,BUF,34.0,7.19,17.0,40.0,2026-01-16
A.J. Brown,WR,PHI,36.43,2.72,35.0,43.0,2026-01-16
Jared Goff,QB,DET,38.43,1.05,38.0,41.0,2026-01-16
Brock Bowers,TE,LV,39.0,0.0,39.0,39.0,2026-01-16
Omarion Hampton,RB,LAC,41.14,2.1,40.0,46.0,2026-01-16
Garrett Wilson,WR,NYJ,41.57,3.54,36.0,44.0,2026-01-16
Tetairoa McMillan,WR,CAR,42.0,2.88,35.0,44.0,2026-01-16
C.J. Stroud,QB,HOU,45.0,6.87,41.0,60.0,2026-01-16
Tee Higgins,WR,CIN,45.86,2.1,45.0,51.0,2026-01-16
Saquon Barkley,RB,PHI,46.29,11.63,34.0,71.0,2026-01-16
Chase Brown,RB,CIN,47.14,5.25,39.0,54.0,2026-01-16
Bucky Irving,RB,TB,48.43,2.5,46.0,54.0,2026-01-16
Josh Jacobs,RB,GB,50.29,10.51,42.0,71.0,2026-01-16
Baker Mayfield,QB,TB,51.57,2.5,50.0,56.0,2026-01-16
Ladd McConkey,WR,LAC,52.14,1.73,51.0,56.0,2026-01-16
Jameson Williams,WR,DET,53.86,2.8,51.0,59.0,2026-01-16
Breece Hall,RB,NYJ,54.0,6.07,48.0,61.0,2026-01-16
RJ Harvey,RB,DEN,54.29,5.87,46.0,61.0,2026-01-16
Zay Flowers,WR,BAL,55.14,5.99,45.0,63.0,2026-01-16
Tyler Shough,QB,NO,55.14,0.35,55.0,56.0,2026-01-16
TreVeyon Henderson,RB,NE,55.43,4.47,46.0,61.0,2026-01-16
Davante Adams,WR,LAR,57.0,6.05,45.0,63.0,2026-01-16
Derrick Henry,RB,BAL,57.57,8.62,41.0,65.0,2026-01-16
Jaylen Waddle,WR,MIA,58.43,2.26,57.0,62.0,2026-01-16
Sam Darnold,QB,SEA,61.14,1.81,60.0,64.0,2026-01-16
DeVonta Smith,WR,PHI,62.71,6.39,50.0,69.0,2026-01-16
Mike Evans,WR,TB,65.0,7.84,52.0,75.0,2026-01-16
Kyren Williams,RB,LAR,66.86,2.75,64.0,71.0,2026-01-16
Cam Ward,QB,TEN,67.0,1.6,66.0,70.0,2026-01-16
Luther Burden III,WR,CHI,67.57,4.98,62.0,73.0,2026-01-16
Malik Willis,QB,GB,69.0,29.07,56.0,134.0,2026-01-16
Travis Etienne Jr.,RB,JAC,69.57,5.97,58.0,77.0,2026-01-16
Courtland Sutton,WR,DEN,70.43,5.53,59.0,79.0,2026-01-16
DK Metcalf,WR,PIT,70.57,8.19,60.0,84.0,2026-01-16
Terry McLaurin,WR,WAS,71.43,5.9,63.0,80.0,2026-01-16
George Kittle,TE,SF,72.57,39.7,47.0,164.0,2026-01-16
Kenneth Walker III,RB,SEA,73.14,4.05,67.0,77.0,2026-01-16
Javonte Williams,RB,DAL,75.29,9.05,59.0,88.0,2026-01-16
Bryce Young,QB,CAR,76.0,9.81,65.0,94.0,2026-01-16
Brian Thomas Jr.,WR,JAC,76.29,7.34,68.0,85.0,2026-01-16
Cam Skattebo,RB,NYG,77.0,8.7,67.0,95.0,2026-01-16
Kyler Murray,QB,ARI,77.29,25.13,64.0,137.0,2026-01-16
Emeka Egbuka,WR,TB,79.29,12.33,59.0,101.0,2026-01-16
Tyler Warren,TE,IND,80.43,15.47,47.0,93.0,2026-01-16
D'Andre Swift,RB,CHI,80.43,6.95,68.0,88.0,2026-01-16
Colston Loveland,TE,CHI,81.57,8.09,67.0,93.0,2026-01-16
Christian Watson,WR,GB,81.71,9.6,68.0,96.0,2026-01-16
Quinshon Judkins,RB,CLE,82.71,8.88,66.0,94.0,2026-01-16
Aaron Rodgers,QB,PIT,83.0,0.0,83.0,83.0,2026-01-16
Jakobi Meyers,WR,JAC,83.57,12.44,71.0,100.0,2026-01-16
Zach Charbonnet,RB,SEA,83.71,6.82,71.0,92.0,2026-01-16
Ricky Pearsall,WR,SF,84.14,8.56,72.0,96.0,2026-01-16
J.J. McCarthy,QB,MIN,84.71,31.86,63.0,162.0,2026-01-16
Tucker Kraft,TE,GB,87.0,10.04,78.0,104.0,2026-01-16
Jaylen Warren,RB,PIT,88.14,4.16,80.0,92.0,2026-01-16
Stefon Diggs,WR,NE,89.14,1.46,86.0,91.0,2026-01-16
Chris Godwin Jr.,WR,TB,90.57,10.5,80.0,107.0,2026-01-16
Rome Odunze,WR,CHI,91.14,5.89,82.0,100.0,2026-01-16
Michael Penix Jr.,QB,ATL,92.71,29.67,76.0,165.0,2026-01-16
Rico Dowdle,RB,CAR,93.86,4.26,85.0,99.0,2026-01-16
Harold Fannin Jr.,TE,CLE,93.86,9.2,82.0,104.0,2026-01-16
Marvin Harrison Jr.,WR,ARI,95.29,11.98,74.0,109.0,2026-01-16
Travis Hunter,WR,JAC,97.43,22.56,53.0,133.0,2026-01-16
Shedeur Sanders,QB,CLE,99.14,27.37,87.0,166.0,2026-01-16
Michael Wilson,WR,ARI,99.86,11.36,76.0,109.0,2026-01-16
Michael Pittman Jr.,WR,IND,99.86,8.42,82.0,110.0,2026-01-16
Kyle Monangai,RB,CHI,101.71,4.37,98.0,110.0,2026-01-16
Woody Marks,RB,HOU,102.0,7.43,96.0,119.0,2026-01-16
Jordan Addison,WR,MIN,102.71,5.95,92.0,109.0,2026-01-16
Sam LaPorta,TE,DET,102.86,4.85,93.0,106.0,2026-01-16
Tony Pollard,RB,TEN,103.14,8.18,97.0,122.0,2026-01-16
James Conner,RB,ARI,105.29,12.29,90.0,130.0,2026-01-16
Aaron Jones Sr.,RB,MIN,105.57,9.44,86.0,120.0,2026-01-16
Blake Corum,RB,LAR,106.86,4.79,98.0,113.0,2026-01-16
Daniel Jones,QB,IND,108.0,25.86,94.0,168.0,2026-01-16
Kyle Pitts Sr.,TE,ATL,108.57,5.21,99.0,113.0,2026-01-16
Wan'Dale Robinson,WR,NYG,110.43,1.4,109.0,113.0,2026-01-16
Rhamondre Stevenson,RB,NE,111.43,4.59,103.0,116.0,2026-01-16
Khalil Shakir,WR,BUF,116.71,7.52,111.0,133.0,2026-01-16
Quentin Johnston,WR,LAC,117.14,7.77,106.0,129.0,2026-01-16
Dalton Kincaid,TE,BUF,118.14,4.16,115.0,125.0,2026-01-16
Alec Pierce,WR,IND,119.14,7.41,109.0,129.0,2026-01-16
Trey Benson,RB,ARI,119.14,6.51,111.0,131.0,2026-01-16
DJ Moore,WR,CHI,119.29,7.76,112.0,135.0,2026-01-16
David Montgomery,RB,DET,119.71,5.7,112.0,132.0,2026-01-16
Tyreek Hill,WR,MIA,120.0,8.18,100.0,124.0,2026-01-16
Chuba Hubbard,RB,CAR,120.14,14.28,93.0,132.0,2026-01-16
Alvin Kamara,RB,NO,120.29,13.05,98.0,132.0,2026-01-16
Jauan Jennings,WR,SF,120.57,3.02,115.0,124.0,2026-01-16
Jake Ferguson,TE,DAL,120.71,5.28,113.0,125.0,2026-01-16
Bhayshul Tuten,RB,JAC,121.0,12.41,97.0,141.0,2026-01-16
Oronde Gadsden II,TE,LAC,121.14,6.24,113.0,133.0,2026-01-16
Jayden Higgins,WR,HOU,122.43,9.27,101.0,131.0,2026-01-16
Juwan Johnson,TE,NO,126.86,8.29,115.0,136.0,2026-01-16
Jayden Reed,WR,GB,128.43,4.72,123.0,139.0,2026-01-16
Mac Jones,QB,SF,129.5,18.12,118.0,169.0,2026-01-16
Jacory Croskey-Merritt,RB,WAS,130.71,9.1,116.0,141.0,2026-01-16
Dylan Sampson,RB,CLE,131.14,4.52,122.0,138.0,2026-01-16
Brenton Strange,TE,JAC,132.57,10.51,126.0,152.0,2026-01-16
Jacoby Brissett,QB,ARI,133.71,15.96,118.0,170.0,2026-01-16
Braelon Allen,RB,NYJ,134.57,7.44,120.0,143.0,2026-01-16
Josh Downs,WR,IND,135.29,7.15,120.0,146.0,2026-01-16
Parker Washington,WR,JAC,136.14,8.61,121.0,146.0,2026-01-16
Xavier Worthy,WR,KC,137.0,4.04,133.0,144.0,2026-01-16
Dalton Schultz,TE,HOU,139.43,5.83,128.0,148.0,2026-01-16
Tyjae Spears,RB,TEN,139.86,7.04,126.0,146.0,2026-01-16
Jerry Jeudy,WR,CLE,140.29,3.99,135.0,146.0,2026-01-16
Deebo Samuel Sr.,WR,WAS,142.43,8.86,131.0,158.0,2026-01-16
Kenneth Gainwell,RB,PIT,142.71,3.41,138.0,150.0,2026-01-16
Tyler Allgeier,RB,ATL,143.57,7.48,127.0,152.0,2026-01-16
Troy Franklin,WR,DEN,144.29,7.53,133.0,157.0,2026-01-16
Tyrone Tracy Jr.,RB,NYG,144.29,6.94,133.0,150.0,2026-01-16
Dallas Goedert,TE,PHI,145.0,5.73,134.0,153.0,2026-01-16
Jeremiyah Love,RB,FA,148.33,89.06,37.0,255.0,2026-01-16
Tua Tagovailoa,QB,MIA,149.71,15.44,140.0,177.0,2026-01-16
Adonai Mitchell,WR,NYJ,152.43,4.84,147.0,160.0,2026-01-16
Hunter Henry,TE,NE,152.57,13.37,121.0,161.0,2026-01-16
J.K. Dobbins,RB,DEN,153.71,2.05,152.0,157.0,2026-01-16
Kaleb Johnson,RB,PIT,155.0,4.07,146.0,159.0,2026-01-16
Jordan Mason,RB,MIN,155.43,3.89,150.0,164.0,2026-01-16
Chimere Dike,WR,TEN,155.71,7.72,149.0,167.0,2026-01-16
Tre Harris,WR,LAC,156.29,6.73,147.0,169.0,2026-01-16
Rachaad White,RB,TB,156.57,5.29,150.0,166.0,2026-01-16
Jalen Coker,WR,CAR,157.71,11.3,135.0,169.0,2026-01-16
Jaylin Noel,WR,HOU,159.14,7.26,149.0,170.0,2026-01-16
Joe Mixon,RB,HOU,160.57,5.23,156.0,172.0,2026-01-16
Tank Bigsby,RB,PHI,160.71,3.19,153.0,163.0,2026-01-16
Kimani Vidal,RB,LAC,162.14,6.29,147.0,166.0,2026-01-16
Elic Ayomanor,WR,TEN,162.14,7.97,151.0,170.0,2026-01-16
Brandon Aiyuk,WR,SF,162.71,18.34,125.0,186.0,2026-01-16
Rashid Shaheed,WR,SEA,162.86,8.42,145.0,170.0,2026-01-16
Isiah Pacheco,RB,KC,163.14,4.64,154.0,170.0,2026-01-16
Devin Neal,RB,NO,163.29,4.4,157.0,168.0,2026-01-16
Matthew Golden,WR,GB,166.86,4.61,157.0,171.0,2026-01-16
Isaiah Likely,TE,BAL,167.71,8.89,156.0,183.0,2026-01-16
Travis Kelce,TE,KC,168.29,17.21,153.0,201.0,2026-01-16
Romeo Doubs,WR,GB,169.29,6.18,160.0,178.0,2026-01-16
Mark Andrews,TE,BAL,172.86,9.0,153.0,183.0,2026-01-16
Makai Lemon,WR,FA,173.4,27.98,123.0,203.0,2026-01-16
Keaton Mitchell,RB,BAL,175.0,2.33,172.0,179.0,2026-01-16
Kendre Miller,RB,NO,175.14,18.42,166.0,220.0,2026-01-16
Carnell Tate,WR,FA,175.6,32.54,114.0,201.0,2026-01-16
Ryan Flournoy,WR,DAL,176.86,3.0,173.0,181.0,2026-01-16
Tre Tucker,WR,LV,177.29,5.92,167.0,188.0,2026-01-16
Theo Johnson,TE,NYG,177.71,9.33,162.0,194.0,2026-01-16
Anthony Richardson Sr.,QB,IND,178.0,2.0,177.0,182.0,2026-01-16
T.J. Hockenson,TE,MIN,178.14,19.54,144.0,194.0,2026-01-16
Kayshon Boutte,WR,NE,179.71,5.87,173.0,190.0,2026-01-16
Pat Bryant,WR,DEN,179.71,4.59,175.0,186.0,2026-01-16
Isaiah Davis,RB,NYJ,180.71,7.89,163.0,187.0,2026-01-16
Jerome Ford,RB,CLE,181.71,12.81,176.0,213.0,2026-01-16
Joe Milton III,QB,DAL,182.0,0.0,182.0,182.0,2026-01-16
Geno Smith,QB,LV,184.0,0.0,184.0,184.0,2026-01-16
Keon Coleman,WR,BUF,184.71,3.65,181.0,191.0,2026-01-16
Mack Hollins,WR,NE,185.29,3.88,180.0,190.0,2026-01-16
Emanuel Wilson,RB,GB,185.43,3.58,180.0,192.0,2026-01-16
Jordyn Tyson,WR,FA,186.0,29.35,135.0,218.0,2026-01-16
Brian Robinson Jr.,RB,SF,186.0,4.44,179.0,195.0,2026-01-16
Darnell Mooney,WR,ATL,188.71,2.25,185.0,191.0,2026-01-16
Terrance Ferguson,TE,LAR,191.14,13.45,165.0,209.0,2026-01-16
Jaylen Wright,RB,MIA,191.86,9.14,178.0,202.0,2026-01-16
Isaac TeSlaa,WR,DET,192.29,3.88,185.0,196.0,2026-01-16
Xavier Legette,WR,CAR,192.86,1.55,191.0,196.0,2026-01-16
Marvin Mims Jr.,WR,DEN,195.29,1.91,193.0,198.0,2026-01-16
AJ Barner,TE,SEA,195.43,2.82,189.0,197.0,2026-01-16
Kyle Williams,WR,NE,196.14,6.6,182.0,203.0,2026-01-16
Mason Taylor,TE,NYJ,196.86,8.63,180.0,206.0,2026-01-16
Rashod Bateman,WR,BAL,197.14,2.7,192.0,199.0,2026-01-16
Jalen McMillan,WR,TB,197.29,8.92,181.0,204.0,2026-01-16
Dontayvion Wicks,WR,GB,200.43,2.56,195.0,203.0,2026-01-16
Najee Harris,RB,LAC,200.57,6.72,192.0,211.0,2026-01-16
Darius Slayton,WR,NYG,203.0,6.35,188.0,207.0,2026-01-16
Sean Tucker,RB,TB,204.29,7.28,189.0,211.0,2026-01-16
Cooper Kupp,WR,SEA,205.0,2.45,201.0,210.0,2026-01-16
Ray Davis,RB,BUF,206.14,3.72,202.0,211.0,2026-01-16
Jonathon Brooks,RB,CAR,206.86,17.52,172.0,225.0,2026-01-16
Gunnar Helm,TE,TEN,207.14,9.93,184.0,215.0,2026-01-16
Chris Rodriguez Jr.,RB,WAS,208.57,3.89,200.0,213.0,2026-01-16
David Njoku,TE,CLE,209.57,3.85,204.0,215.0,2026-01-16
Tory Horton,WR,SEA,213.14,7.34,198.0,221.0,2026-01-16
Keenan Allen,WR,LAC,215.0,9.07,198.0,222.0,2026-01-16
Ty Johnson,RB,BUF,215.0,1.77,211.0,216.0,2026-01-16
Brashard Smith,RB,KC,215.43,1.4,214.0,217.0,2026-01-16
Andrei Iosivas,WR,CIN,215.57,5.73,209.0,224.0,2026-01-16
Konata Mumpfield,WR,LAR,216.57,6.48,210.0,230.0,2026-01-16
Isaiah Bond,WR,CLE,217.14,3.0,212.0,222.0,2026-01-16
Ollie Gordon II,RB,MIA,219.0,5.01,213.0,226.0,2026-01-16
Chig Okonkwo,TE,TEN,220.71,4.49,210.0,223.0,2026-01-16
Jaleel McLaughlin,RB,DEN,220.86,11.73,212.0,249.0,2026-01-16
Tank Dell,WR,HOU,221.0,13.47,196.0,234.0,2026-01-16
Calvin Ridley,WR,TEN,221.29,2.66,216.0,224.0,2026-01-16
Jack Bech,WR,LV,222.14,20.09,183.0,237.0,2026-01-16
Isaac Guerendo,RB,SF,223.71,2.37,220.0,226.0,2026-01-16
Colby Parkinson,TE,LAR,227.14,6.08,218.0,240.0,2026-01-16
Evan Engram,TE,DEN,227.29,2.37,223.0,231.0,2026-01-16
Bam Knight,RB,ARI,227.43,3.37,224.0,235.0,2026-01-16
Darnell Washington,TE,PIT,228.0,34.0,194.0,262.0,2026-01-16
Audric Estime,RB,NO,229.14,1.36,227.0,232.0,2026-01-16
Jake Tonges,TE,SF,231.0,42.0,189.0,273.0,2026-01-16
Ben Sinnott,TE,WAS,231.33,37.35,196.0,283.0,2026-01-16
Malik Davis,RB,DAL,232.14,1.36,230.0,235.0,2026-01-16
Christian Kirk,WR,HOU,233.57,2.13,230.0,236.0,2026-01-16
Jalen Royals,WR,KC,233.86,13.84,219.0,254.0,2026-01-16
Cade Otton,TE,TB,233.86,4.26,228.0,240.0,2026-01-16
Calvin Austin III,WR,PIT,234.29,3.33,230.0,239.0,2026-01-16
Pat Freiermuth,TE,PIT,235.0,8.55,226.0,250.0,2026-01-16
Devaughn Vele,WR,NO,236.0,10.3,212.0,244.0,2026-01-16
Noah Gray,TE,KC,237.71,9.0,228.0,257.0,2026-01-16
LeQuint Allen Jr.,RB,JAC,237.86,3.72,235.0,244.0,2026-01-16
Tyquan Thornton,WR,KC,238.14,2.1,236.0,242.0,2026-01-16
Dont'e Thornton Jr.,WR,LV,239.29,3.81,233.0,244.0,2026-01-16
Elijah Arroyo,TE,SEA,241.0,13.0,228.0,254.0,2026-01-16
Luke McCaffrey,WR,WAS,241.43,2.32,239.0,245.0,2026-01-16
Marquise Brown,WR,KC,243.0,1.85,240.0,245.0,2026-01-16
Chris Brooks,RB,GB,243.14,4.64,238.0,252.0,2026-01-16
Darren Waller,TE,MIA,243.6,5.75,233.0,250.0,2026-01-16
John Bates,TE,WAS,244.0,12.26,227.0,257.0,2026-01-16
Michael Mayer,TE,LV,245.0,14.0,231.0,259.0,2026-01-16
Malik Washington,WR,MIA,245.71,2.86,241.0,248.0,2026-01-16
DJ Giddens,RB,IND,246.43,6.41,238.0,259.0,2026-01-16
Cedric Tillman,WR,CLE,247.43,4.92,239.0,254.0,2026-01-16
Devin Singletary,RB,NYG,248.71,2.71,243.0,251.0,2026-01-16
Justice Hill,RB,BAL,248.86,1.12,247.0,251.0,2026-01-16
Trevor Etienne,RB,CAR,249.0,2.62,246.0,252.0,2026-01-16
Mike Gesicki,TE,CIN,250.0,3.85,246.0,257.0,2026-01-16
John Metchie III,WR,NYJ,250.86,3.4,245.0,253.0,2026-01-16
MarShawn Lloyd,RB,GB,253.71,2.6,251.0,259.0,2026-01-16
Tez Johnson,WR,TB,254.29,5.47,242.0,259.0,2026-01-16
Jarquez Hunter,RB,LAR,255.43,3.02,251.0,261.0,2026-01-16
Joshua Palmer,WR,BUF,256.0,2.78,250.0,258.0,2026-01-16
Olamide Zaccheaus,WR,CHI,256.0,3.07,251.0,260.0,2026-01-16
Tommy Myers,TE,FA,256.4,6.97,246.0,262.0,2026-01-16
Jaylin Lane,WR,WAS,260.14,3.8,253.0,263.0,2026-01-16
Xavier Hutchinson,WR,HOU,261.14,3.4,255.0,265.0,2026-01-16
Michael Carter,RB,ARI,261.29,2.71,258.0,266.0,2026-01-16
Will Shipley,RB,PHI,262.29,3.01,260.0,269.0,2026-01-16
DeMario Douglas,WR,NE,263.71,2.96,257.0,266.0,2026-01-16
Emari Demercado,RB,ARI,264.14,2.36,260.0,267.0,2026-01-16
George Holani,RB,SEA,264.86,4.19,256.0,269.0,2026-01-16
Jalen Nailor,WR,MIN,265.0,3.59,259.0,268.0,2026-01-16
Ja'Tavion Sanders,TE,CAR,265.0,0.0,265.0,265.0,2026-01-16
Cole Kmet,TE,CHI,266.0,0.0,266.0,266.0,2026-01-16
Samaje Perine,RB,CIN,267.57,2.13,263.0,270.0,2026-01-16
Austin Ekeler,RB,WAS,269.71,1.16,268.0,272.0,2026-01-16
Tahj Brooks,RB,CIN,269.86,2.8,264.0,274.0,2026-01-16
Nick Chubb,RB,HOU,270.86,1.81,267.0,273.0,2026-01-16
Kareem Hunt,RB,KC,271.43,1.59,268.0,273.0,2026-01-16
Jordan James,RB,SF,273.5,1.89,271.0,277.0,2026-01-16
Terrell Jennings,RB,NE,274.43,0.9,273.0,276.0,2026-01-16
Luke Musgrave,TE,GB,275.0,0.0,275.0,275.0,2026-01-16
Dameon Pierce,RB,KC,275.67,2.75,272.0,281.0,2026-01-16
Jawhar Jordan,RB,HOU,276.57,1.84,273.0,279.0,2026-01-16
Antonio Gibson,RB,NE,277.0,1.2,276.0,279.0,2026-01-16
Jaydon Blue,RB,DAL,277.29,2.71,272.0,280.0,2026-01-16
Raheim Sanders,RB,CLE,278.0,1.51,275.0,280.0,2026-01-16
Elijah Higgins,TE,ARI,280.0,0.0,280.0,280.0,2026-01-16
Dawson Knox,TE,BUF,281.0,0.0,281.0,281.0,2026-01-16
Greg Dulcich,TE,MIA,282.0,0.0,282.0,282.0,2026-01-16
Jonnu Smith,TE,PIT,284.0,0.0,284.0,284.0,2026-01-16
Zach Ertz,TE,WAS,285.0,0.0,285.0,285.0,2026-01-16
Thomas Fidone II,TE,NYG,286.0,0.0,286.0,286.0,2026-01-16
Taysom Hill,TE,NO,287.0,0.0,287.0,287.0,2026-01-16
Erick All Jr.,TE,CIN,288.0,0.0,288.0,288.0,2026-01-16
Tyler Higbee,TE,LAR,289.0,0.0,289.0,289.0,2026-01-16
Noah Fant,TE,CIN,290.0,0.0,290.0,290.0,2026-01-16
Josh Allen,QB,BUF,1.46,0.62,1.0,4.0,2026-01-09
Lamar Jackson,QB,BAL,1.79,0.73,1.0,4.0,2026-01-09
Jayden Daniels,QB,WAS,3.4,1.05,1.0,9.0,2026-01-09
Jalen Hurts,QB,PHI,4.01,1.98,1.0,26.0,2026-01-09
Joe Burrow,QB,CIN,4.71,0.82,2.0,8.0,2026-01-09
Ja'Marr Chase,WR,CIN,6.97,3.73,4.0,47.0,2026-01-09
Montrell Johnson Jr.,RB,CAR,8.0,0.0,8.0,8.0,2026-01-09
Patrick Mahomes II,QB,KC,9.24,6.0,4.0,58.0,2026-01-09
Bijan Robinson,RB,ATL,11.63,5.06,6.0,48.0,2026-01-09
CeeDee Lamb,WR,DAL,11.71,4.76,6.0,52.0,2026-01-09
Bo Nix,QB,DEN,12.58,6.49,6.0,41.0,2026-01-09
Justin Jefferson,WR,MIN,13.38,4.74,7.0,49.0,2026-01-09
Baker Mayfield,QB,TB,14.24,14.44,5.0,177.0,2026-01-09
Jahmyr Gibbs,RB,DET,14.99,5.94,10.0,51.0,2026-01-09
Kyler Murray,QB,ARI,17.44,7.5,6.0,59.0,2026-01-09
Dak Prescott,QB,DAL,17.61,9.22,6.0,55.0,2026-01-09
Saquon Barkley,RB,PHI,17.94,7.54,10.0,58.0,2026-01-09
Malik Nabers,WR,NYG,18.48,5.82,11.0,55.0,2026-01-09
Amon-Ra St. Brown,WR,DET,22.03,25.34,11.0,339.0,2026-01-09
Nico Collins,WR,HOU,22.76,6.22,10.0,54.0,2026-01-09
Puka Nacua,WR,LAR,22.87,6.03,11.0,50.0,2026-01-09
Brock Purdy,QB,SF,23.11,14.03,8.0,130.0,2026-01-09
Christian McCaffrey,RB,SF,24.07,11.22,10.0,79.0,2026-01-09
Brian Thomas Jr.,WR,JAC,24.67,5.84,12.0,60.0,2026-01-09
Drake London,WR,ATL,24.79,6.69,11.0,58.0,2026-01-09
Justin Fields,QB,NYJ,26.27,17.44,8.0,177.0,2026-01-09
Drake Maye,QB,NE,27.42,11.16,8.0,64.0,2026-01-09
Caleb Williams,QB,CHI,28.5,11.84,7.0,70.0,2026-01-09
Justin Herbert,QB,LAC,29.24,9.54,8.0,56.0,2026-01-09
Ashton Jeanty,RB,LV,30.67,10.42,12.0,74.0,2026-01-09
A.J. Brown,WR,PHI,32.28,5.81,21.0,64.0,2026-01-09
De'Von Achane,RB,MIA,32.58,9.09,10.0,63.0,2026-01-09
Jared Goff,QB,DET,33.28,12.24,7.0,64.0,2026-01-09
Brock Bowers,TE,LV,34.05,6.49,26.0,78.0,2026-01-09
Ladd McConkey,WR,LAC,34.22,8.15,22.0,69.0,2026-01-09
Jordan Love,QB,GB,36.55,11.94,9.0,70.0,2026-01-09
Jaxon Smith-Njigba,WR,SEA,36.75,10.4,19.0,89.0,2026-01-09
Derrick Henry,RB,BAL,38.08,8.98,13.0,67.0,2026-01-09
Trey McBride,TE,ARI,38.27,4.91,31.0,68.0,2026-01-09
Chase Brown,RB,CIN,38.46,8.65,22.0,70.0,2026-01-09
Trevor Lawrence,QB,JAC,38.75,12.49,8.0,69.0,2026-01-09
Tee Higgins,WR,CIN,40.29,8.16,23.0,73.0,2026-01-09
Carson Wentz,QB,MIN,42.0,0.0,42.0,42.0,2026-01-09
Sam Howell,QB,PHI,43.0,0.0,43.0,43.0,2026-01-09
Bucky Irving,RB,TB,43.18,9.15,15.0,80.0,2026-01-09
Josh Jacobs,RB,GB,43.93,6.76,15.0,74.0,2026-01-09
Jonathan Taylor,RB,IND,44.77,7.52,15.0,80.0,2026-01-09
Garrett Wilson,WR,NYJ,45.09,10.78,20.0,82.0,2026-01-09
C.J. Stroud,QB,HOU,45.63,12.87,16.0,69.0,2026-01-09
J.J. McCarthy,QB,MIN,46.74,16.36,7.0,120.0,2026-01-09
Mike Evans,WR,TB,48.66,9.98,24.0,109.0,2026-01-09
Tyreek Hill,WR,MIA,48.69,14.4,22.0,102.0,2026-01-09
George Kittle,TE,SF,48.72,10.39,31.0,106.0,2026-01-09
Davante Adams,WR,LAR,49.77,9.68,27.0,88.0,2026-01-09
Kyren Williams,RB,LAR,52.7,8.83,25.0,88.0,2026-01-09
Terry McLaurin,WR,WAS,54.65,11.48,21.0,112.0,2026-01-09
Marvin Harrison Jr.,WR,ARI,55.07,11.1,30.0,106.0,2026-01-09
Alvin Kamara,RB,NO,58.59,10.38,27.0,95.0,2026-01-09
Tua Tagovailoa,QB,MIA,59.57,10.91,21.0,87.0,2026-01-09
James Cook III,RB,BUF,60.52,9.31,31.0,101.0,2026-01-09
Bryce Young,QB,CAR,60.64,10.23,25.0,94.0,2026-01-09
DJ Moore,WR,CHI,62.29,12.88,28.0,103.0,2026-01-09
Tetairoa McMillan,WR,CAR,62.76,18.91,26.0,138.0,2026-01-09
Kenneth Walker III,RB,SEA,62.77,9.89,37.0,111.0,2026-01-09
Omarion Hampton,RB,LAC,63.47,14.77,33.0,149.0,2026-01-09
Courtland Sutton,WR,DEN,63.62,10.37,36.0,101.0,2026-01-09
Michael Penix Jr.,QB,ATL,63.75,9.47,23.0,94.0,2026-01-09
DK Metcalf,WR,PIT,64.39,13.76,31.0,114.0,2026-01-09
Breece Hall,RB,NYJ,67.03,11.39,37.0,106.0,2026-01-09
DeVonta Smith,WR,PHI,67.34,10.11,30.0,102.0,2026-01-09
Geno Smith,QB,LV,68.3,12.95,25.0,129.0,2026-01-09
Matthew Stafford,QB,LAR,69.87,15.66,26.0,159.0,2026-01-09
Chuba Hubbard,RB,CAR,72.62,7.96,48.0,101.0,2026-01-09
Xavier Worthy,WR,KC,72.62,14.38,38.0,128.0,2026-01-09
TreVeyon Henderson,RB,NE,72.7,15.26,42.0,165.0,2026-01-09
Calvin Ridley,WR,TEN,73.95,12.09,41.0,110.0,2026-01-09
Jaylen Waddle,WR,MIA,74.18,13.97,35.0,122.0,2026-01-09
James Conner,RB,ARI,74.35,9.71,48.0,141.0,2026-01-09
Cam Ward,QB,TEN,75.12,15.48,21.0,138.0,2026-01-09
George Pickens,WR,DAL,75.26,14.91,40.0,128.0,2026-01-09
Zay Flowers,WR,BAL,78.62,12.98,43.0,118.0,2026-01-09
Sam Darnold,QB,SEA,78.88,13.18,29.0,137.0,2026-01-09
Jameson Williams,WR,DET,79.51,13.83,45.0,122.0,2026-01-09
Tony Pollard,RB,TEN,81.61,9.33,54.0,115.0,2026-01-09
D'Andre Swift,RB,CHI,83.42,9.94,46.0,110.0,2026-01-09
Sam LaPorta,TE,DET,87.08,13.51,47.0,125.0,2026-01-09
Isiah Pacheco,RB,KC,87.71,11.69,56.0,158.0,2026-01-09
RJ Harvey,RB,DEN,88.08,23.58,48.0,265.0,2026-01-09
David Montgomery,RB,DET,88.18,9.16,58.0,117.0,2026-01-09
Chris Olave,WR,NO,88.48,14.4,36.0,158.0,2026-01-09
Travis Hunter,WR,JAC,89.6,20.04,45.0,202.0,2026-01-09
T.J. Hockenson,TE,MIN,90.21,13.79,47.0,136.0,2026-01-09
Aaron Rodgers,QB,PIT,90.91,21.76,28.0,182.0,2026-01-09
Aaron Jones Sr.,RB,MIN,91.38,8.91,63.0,152.0,2026-01-09
Jerry Jeudy,WR,CLE,92.26,13.98,49.0,146.0,2026-01-09
Rome Odunze,WR,CHI,92.55,16.16,41.0,128.0,2026-01-09
Emeka Egbuka,WR,TB,93.02,21.08,44.0,179.0,2026-01-09
Stefon Diggs,WR,NE,96.18,14.59,46.0,141.0,2026-01-09
Travis Kelce,TE,KC,96.32,12.15,69.0,126.0,2026-01-09
Ricky Pearsall,WR,SF,97.92,18.96,45.0,145.0,2026-01-09
Jaylen Warren,RB,PIT,98.26,10.01,54.0,137.0,2026-01-09
Tyrone Tracy Jr.,RB,NYG,99.58,9.71,58.0,134.0,2026-01-09
Rashee Rice,WR,KC,99.8,22.43,37.0,193.0,2026-01-09
Jakobi Meyers,WR,JAC,102.64,12.27,59.0,143.0,2026-01-09
David Njoku,TE,CLE,104.86,13.1,75.0,136.0,2026-01-09
Daniel Jones,QB,IND,106.06,27.49,31.0,182.0,2026-01-09
Travis Etienne Jr.,RB,JAC,106.89,12.63,77.0,163.0,2026-01-09
Mark Andrews,TE,BAL,108.45,13.24,78.0,161.0,2026-01-09
Evan Engram,TE,DEN,108.89,13.78,78.0,153.0,2026-01-09
Kaleb Johnson,RB,PIT,109.8,22.24,78.0,248.0,2026-01-09
Matthew Golden,WR,GB,111.21,17.6,52.0,189.0,2026-01-09
Zach Charbonnet,RB,SEA,112.04,13.82,64.0,163.0,2026-01-09
Jordan Mason,RB,MIN,112.21,14.98,65.0,162.0,2026-01-09
Deebo Samuel Sr.,WR,WAS,112.44,16.24,59.0,210.0,2026-01-09
Jauan Jennings,WR,SF,112.53,13.85,58.0,173.0,2026-01-09
Khalil Shakir,WR,BUF,113.03,12.55,53.0,163.0,2026-01-09
Michael Pittman Jr.,WR,IND,114.46,15.58,49.0,169.0,2026-01-09
Josh Downs,WR,IND,115.75,12.89,68.0,151.0,2026-01-09
Jordan Addison,WR,MIN,115.93,13.99,57.0,150.0,2026-01-09
Tyler Warren,TE,IND,116.05,18.62,77.0,191.0,2026-01-09
Javonte Williams,RB,DAL,116.49,14.53,88.0,168.0,2026-01-09
J.K. Dobbins,RB,DEN,116.86,16.37,84.0,185.0,2026-01-09
Tucker Kraft,TE,GB,119.69,14.52,86.0,209.0,2026-01-09
Russell Wilson,QB,NYG,120.04,27.45,31.0,183.0,2026-01-09
Cooper Kupp,WR,SEA,122.52,13.57,64.0,170.0,2026-01-09
Austin Ekeler,RB,WAS,123.51,20.92,86.0,209.0,2026-01-09
Jake Ferguson,TE,DAL,125.11,11.99,93.0,187.0,2026-01-09
Chris Godwin Jr.,WR,TB,126.79,22.11,50.0,189.0,2026-01-09
Rhamondre Stevenson,RB,NE,127.99,13.76,102.0,165.0,2026-01-09
Jacory Croskey-Merritt,RB,WAS,128.92,25.69,93.0,247.0,2026-01-09
Jayden Reed,WR,GB,131.24,15.68,62.0,209.0,2026-01-09
Joe Flacco,QB,CIN,131.61,28.35,30.0,184.0,2026-01-09
Darnell Mooney,WR,ATL,133.29,13.42,82.0,191.0,2026-01-09
Tank Bigsby,RB,PHI,134.04,18.34,76.0,229.0,2026-01-09
Cam Skattebo,RB,NYG,135.96,17.39,97.0,191.0,2026-01-09
Keon Coleman,WR,BUF,136.05,16.19,66.0,185.0,2026-01-09
Dalton Kincaid,TE,BUF,138.36,18.92,104.0,209.0,2026-01-09
Braelon Allen,RB,NYJ,138.7,16.81,94.0,187.0,2026-01-09
Rashid Shaheed,WR,SEA,139.61,16.38,74.0,203.0,2026-01-09
Colston Loveland,TE,CHI,140.2,22.5,93.0,226.0,2026-01-09
Rachaad White,RB,TB,140.76,18.26,98.0,234.0,2026-01-09
Dallas Goedert,TE,PHI,142.09,16.51,114.0,193.0,2026-01-09
Christian Kirk,WR,HOU,142.72,19.59,69.0,203.0,2026-01-09
Najee Harris,RB,LAC,143.4,20.38,85.0,243.0,2026-01-09
Charles Scott,RB,FA,147.5,142.5,5.0,290.0,2026-01-09
Trey Benson,RB,ARI,148.59,17.84,106.0,226.0,2026-01-09
Marvin Mims Jr.,WR,DEN,150.5,19.86,84.0,234.0,2026-01-09
Anthony Richardson Sr.,QB,IND,150.97,38.8,33.0,188.0,2026-01-09
Nick Chubb,RB,HOU,151.43,21.64,85.0,225.0,2026-01-09
Cedric Tillman,WR,CLE,151.44,16.81,80.0,190.0,2026-01-09
Jerome Ford,RB,CLE,151.78,19.61,103.0,216.0,2026-01-09
Keenan Allen,WR,LAC,152.56,30.31,64.0,276.0,2026-01-09
Quinshon Judkins,RB,CLE,152.58,30.46,91.0,278.0,2026-01-09
Brandon Aiyuk,WR,SF,153.29,21.66,81.0,221.0,2026-01-09
Rashod Bateman,WR,BAL,153.64,16.95,93.0,220.0,2026-01-09
Brian Robinson Jr.,RB,SF,154.08,26.99,88.0,277.0,2026-01-09
Jayden Higgins,WR,HOU,154.1,23.71,82.0,234.0,2026-01-09
Ray Davis,RB,BUF,154.4,12.26,119.0,211.0,2026-01-09
Luther Burden III,WR,CHI,154.49,19.81,76.0,230.0,2026-01-09
Kyle Pitts Sr.,TE,ATL,154.9,20.56,106.0,228.0,2026-01-09
Jaxson Dart,QB,NYG,155.09,34.93,34.0,195.0,2026-01-09
Bhayshul Tuten,RB,JAC,155.4,25.24,102.0,295.0,2026-01-09
Spencer Rattler,QB,NO,155.96,27.43,35.0,189.0,2026-01-09
Hunter Henry,TE,NE,156.0,19.0,114.0,209.0,2026-01-09
Tyjae Spears,RB,TEN,157.55,21.37,108.0,228.0,2026-01-09
Jaydon Blue,RB,DAL,158.09,20.99,116.0,253.0,2026-01-09
Dylan Sampson,RB,CLE,159.31,23.61,99.0,264.0,2026-01-09
Wan'Dale Robinson,WR,NYG,160.02,21.45,85.0,221.0,2026-01-09
Tyler Allgeier,RB,ATL,160.26,11.61,131.0,223.0,2026-01-09
Romeo Doubs,WR,GB,160.65,18.16,81.0,235.0,2026-01-09
Joe Mixon,RB,HOU,162.8,38.31,69.0,323.0,2026-01-09
Zach Ertz,TE,WAS,163.28,23.77,115.0,259.0,2026-01-09
DeMario Douglas,WR,NE,163.61,21.98,78.0,204.0,2026-01-09
Marquise Brown,WR,KC,164.33,21.95,97.0,342.0,2026-01-09
Rico Dowdle,RB,CAR,167.39,22.06,97.0,252.0,2026-01-09
Xavier Legette,WR,CAR,168.63,18.75,99.0,218.0,2026-01-09
Jonnu Smith,TE,PIT,168.8,24.78,92.0,250.0,2026-01-09
Adam Thielen,WR,PIT,171.32,20.93,97.0,285.0,2026-01-09
Joshua Palmer,WR,BUF,171.88,22.21,89.0,235.0,2026-01-09
Brenton Strange,TE,JAC,172.01,28.6,113.0,274.0,2026-01-09
Tyler Shough,QB,NO,172.17,21.66,36.0,188.0,2026-01-09
Ollie Gordon II,RB,MIA,173.45,30.02,119.0,263.0,2026-01-09
Shedeur Sanders,QB,CLE,173.66,35.57,38.0,221.0,2026-01-09
Kyle Williams,WR,NE,174.88,23.57,96.0,288.0,2026-01-09
Michael Gallup,WR,FA,175.0,0.0,175.0,175.0,2026-01-09
Jimmy Garoppolo,QB,LAR,175.63,53.78,41.0,221.0,2026-01-09
Tre Harris,WR,LAC,180.3,25.64,92.0,333.0,2026-01-09
Chig Okonkwo,TE,TEN,181.39,26.09,121.0,261.0,2026-01-09
Quentin Johnston,WR,LAC,183.22,19.08,99.0,244.0,2026-01-09
Aidan O'Connell,QB,LV,184.0,0.0,184.0,184.0,2026-01-09
Jalen Coker,WR,CAR,185.58,24.12,77.0,268.0,2026-01-09
Dillon Gabriel,QB,CLE,186.46,54.18,37.0,302.0,2026-01-09
Jalen Milroe,QB,SEA,189.28,24.03,140.0,251.0,2026-01-09
DeAndre Hopkins,WR,BAL,190.12,20.27,105.0,258.0,2026-01-09
Blake Corum,RB,LAR,190.38,23.81,131.0,275.0,2026-01-09
Woody Marks,RB,HOU,192.36,36.34,132.0,307.0,2026-01-09
Roschon Johnson,RB,CHI,193.04,26.99,145.0,284.0,2026-01-09
Elic Ayomanor,WR,TEN,193.53,22.37,102.0,270.0,2026-01-09
Mason Taylor,TE,NYJ,195.61,25.26,126.0,264.0,2026-01-09
Michael Wilson,WR,ARI,195.88,21.5,109.0,340.0,2026-01-09
Alec Pierce,WR,IND,197.04,16.27,106.0,268.0,2026-01-09
Will Shipley,RB,PHI,197.38,30.61,131.0,293.0,2026-01-09
Justice Hill,RB,BAL,197.44,25.03,134.0,268.0,2026-01-09
Mike Gesicki,TE,CIN,197.46,23.13,121.0,272.0,2026-01-09
Cade Otton,TE,TB,197.66,22.15,135.0,243.0,2026-01-09
Pat Bryant,WR,DEN,198.21,26.1,95.0,309.0,2026-01-09
Darius Slayton,WR,NYG,198.44,22.19,109.0,265.0,2026-01-09
Pat Freiermuth,TE,PIT,200.38,21.28,142.0,267.0,2026-01-09
Zach Wilson,QB,MIA,200.67,112.34,45.0,306.0,2026-01-09
Dont'e Thornton Jr.,WR,LV,200.79,35.62,105.0,314.0,2026-01-09
Jameis Winston,QB,NYG,202.71,74.75,40.0,280.0,2026-01-09
Isaiah Likely,TE,BAL,202.75,19.9,145.0,249.0,2026-01-09
Adonai Mitchell,WR,NYJ,202.86,22.66,107.0,266.0,2026-01-09
Kareem Hunt,RB,KC,203.37,26.72,116.0,285.0,2026-01-09
Jaylin Noel,WR,HOU,203.78,23.86,104.0,272.0,2026-01-09
Joe Milton III,QB,DAL,204.5,101.85,42.0,304.0,2026-01-09
Isaac Guerendo,RB,SF,205.1,34.03,145.0,284.0,2026-01-09
Isaac TeSlaa,WR,DET,206.25,31.24,78.0,280.0,2026-01-09
Kyle Monangai,RB,CHI,207.04,29.5,145.0,289.0,2026-01-09
Andrei Iosivas,WR,CIN,207.16,17.88,111.0,256.0,2026-01-09
Jack Bech,WR,LV,207.48,28.03,101.0,301.0,2026-01-09
Kendre Miller,RB,NO,207.96,24.84,161.0,295.0,2026-01-09
DJ Giddens,RB,IND,208.36,23.28,141.0,290.0,2026-01-09
Chris Rodriguez Jr.,RB,WAS,208.79,40.48,120.0,318.0,2026-01-09
Calvin Austin III,WR,PIT,210.65,26.66,113.0,285.0,2026-01-09
Tyler Lockett,WR,LV,210.88,21.99,124.0,269.0,2026-01-09
Tory Horton,WR,SEA,211.25,31.8,118.0,297.0,2026-01-09
Jaylen Wright,RB,MIA,211.34,33.12,129.0,284.0,2026-01-09
Dontayvion Wicks,WR,GB,213.05,26.36,108.0,308.0,2026-01-09
Dyami Brown,WR,JAC,213.26,27.53,112.0,286.0,2026-01-09
Kirk Cousins,QB,ATL,213.38,42.57,182.0,313.0,2026-01-09
Dalton Schultz,TE,HOU,214.88,18.59,161.0,269.0,2026-01-09
Ja'Tavion Sanders,TE,CAR,214.95,25.49,140.0,345.0,2026-01-09
Malik Willis,QB,GB,215.0,15.0,200.0,230.0,2026-01-09
Keaton Mitchell,RB,BAL,215.83,29.31,148.0,290.0,2026-01-09
Roman Wilson,WR,PIT,220.55,25.27,116.0,345.0,2026-01-09
Mason Rudolph,QB,PIT,220.75,103.34,44.0,303.0,2026-01-09
Juwan Johnson,TE,NO,220.89,19.23,152.0,275.0,2026-01-09
David Bell,WR,FA,221.0,0.0,221.0,221.0,2026-01-09
Miles Sanders,RB,DAL,221.21,23.3,131.0,281.0,2026-01-09
Tyrod Taylor,QB,NYJ,221.33,35.64,184.0,280.0,2026-01-09
Brashard Smith,RB,KC,221.37,28.45,151.0,316.0,2026-01-09
Elijah Arroyo,TE,SEA,221.4,24.98,148.0,286.0,2026-01-09
Tahj Brooks,RB,CIN,222.52,29.06,141.0,300.0,2026-01-09
Malik Washington,WR,MIA,222.59,28.9,90.0,323.0,2026-01-09
Michael Woods II,WR,FA,224.0,0.0,224.0,224.0,2026-01-09
Dameon Pierce,RB,KC,224.23,31.79,134.0,289.0,2026-01-09
Jalen McMillan,WR,TB,224.31,44.53,113.0,346.0,2026-01-09
Devaughn Vele,WR,NO,224.66,23.52,117.0,315.0,2026-01-09
Theo Johnson,TE,NYG,226.05,22.25,162.0,272.0,2026-01-09
Jalen Royals,WR,KC,226.23,24.68,114.0,342.0,2026-01-09
Jaleel McLaughlin,RB,DEN,226.43,25.85,153.0,282.0,2026-01-09
Troy Franklin,WR,DEN,226.87,30.72,125.0,300.0,2026-01-09
MarShawn Lloyd,RB,GB,228.4,33.25,158.0,317.0,2026-01-09
Kenny Pickett,QB,LV,229.75,106.63,46.0,303.0,2026-01-09
Jake Browning,QB,CIN,230.0,0.0,230.0,230.0,2026-01-09
Darren Waller,TE,MIA,231.37,28.89,125.0,316.0,2026-01-09
Kayshon Boutte,WR,NE,231.38,25.71,136.0,307.0,2026-01-09
Ray-Ray McCloud III,WR,FA,233.8,35.93,140.0,326.0,2026-01-09
Harold Fannin Jr.,TE,CLE,234.15,26.21,136.0,350.0,2026-01-09
Raheem Mostert,RB,LV,234.61,24.74,159.0,294.0,2026-01-09
Tutu Atwell,WR,LAR,234.71,35.79,119.0,312.0,2026-01-09
Kene Nwangwu,RB,NYJ,235.0,92.0,143.0,327.0,2026-01-09
Cole Kmet,TE,CHI,235.06,20.75,173.0,315.0,2026-01-09
Jalen Tolbert,WR,DAL,235.16,26.58,120.0,328.0,2026-01-09
Kenneth Gainwell,RB,PIT,235.19,25.15,143.0,317.0,2026-01-09
Brandin Cooks,WR,BUF,236.2,27.51,117.0,326.0,2026-01-09
Nick Westbrook-Ikhine,WR,MIA,238.43,25.68,114.0,301.0,2026-01-09
Jarquez Hunter,RB,LAR,239.34,28.18,165.0,323.0,2026-01-09
Sean Tucker,RB,TB,240.85,27.67,159.0,292.0,2026-01-09
Elijah Moore,WR,DEN,240.94,28.18,115.0,326.0,2026-01-09
Josh Reynolds,WR,NYJ,242.03,30.44,153.0,322.0,2026-01-09
Devin Neal,RB,NO,242.46,26.66,158.0,299.0,2026-01-09
Diontae Johnson,WR,FA,243.24,49.03,147.0,340.0,2026-01-09
Antonio Gibson,RB,NE,243.85,24.18,175.0,302.0,2026-01-09
Ty Johnson,RB,BUF,244.42,22.98,175.0,287.0,2026-01-09
Tavon Austin,WR,FA,245.0,0.0,245.0,245.0,2026-01-09
Tre Tucker,WR,LV,245.23,23.72,137.0,320.0,2026-01-09
Trevor Etienne,RB,CAR,245.94,21.38,163.0,322.0,2026-01-09
KaVontae Turpin,WR,DAL,246.37,37.35,144.0,335.0,2026-01-09
Ameer Abdullah,RB,IND,248.0,11.0,237.0,259.0,2026-01-09
Noah Gray,TE,KC,248.17,17.09,195.0,313.0,2026-01-09
Devin Singletary,RB,NYG,250.6,21.62,168.0,294.0,2026-01-09
Jalen Nailor,WR,MIN,250.69,23.61,132.0,314.0,2026-01-09
Tyler Higbee,TE,LAR,251.13,27.06,163.0,319.0,2026-01-09
Elijah Mitchell,RB,NE,252.13,24.81,172.0,300.0,2026-01-09
Noah Brown,WR,WAS,252.7,34.99,154.0,352.0,2026-01-09
DJ Chark Jr.,WR,FA,254.0,0.0,254.0,254.0,2026-01-09
Jalen Brooks,WR,ARI,254.0,20.0,234.0,274.0,2026-01-09
Parker Washington,WR,JAC,254.14,24.25,138.0,337.0,2026-01-09
Jaylin Lane,WR,WAS,255.36,39.19,142.0,346.0,2026-01-09
Tim Patrick,WR,JAC,256.67,28.5,128.0,335.0,2026-01-09
Olamide Zaccheaus,WR,CHI,256.77,45.33,135.0,351.0,2026-01-09
Samaje Perine,RB,CIN,257.25,31.14,150.0,343.0,2026-01-09
Jordan Whittington,WR,LAR,258.17,33.25,127.0,330.0,2026-01-09
Isaiah Davis,RB,NYJ,258.78,22.69,144.0,324.0,2026-01-09
Emanuel Wilson,RB,GB,259.61,30.9,164.0,314.0,2026-01-09
Terrance Ferguson,TE,LAR,259.76,24.45,214.0,347.0,2026-01-09
Audric Estime,RB,NO,260.06,38.5,171.0,349.0,2026-01-09
Christian Watson,WR,GB,260.13,27.76,134.0,339.0,2026-01-09
KeAndre Lambert-Smith,WR,LAC,260.9,39.58,143.0,342.0,2026-01-09
Luke McCaffrey,WR,WAS,261.15,26.97,150.0,341.0,2026-01-09
Brandon Johnson,WR,PIT,263.0,0.0,263.0,263.0,2026-01-09
Marcus Mariota,QB,WAS,263.0,30.11,230.0,312.0,2026-01-09
David Moore,WR,CAR,263.4,45.89,196.0,335.0,2026-01-09
Noah Fant,TE,CIN,263.48,27.32,194.0,339.0,2026-01-09
Troy Hairston II,RB,FA,264.5,12.5,252.0,277.0,2026-01-09
Lucky Jackson,WR,FA,265.0,0.0,265.0,265.0,2026-01-09
Chris Brooks,RB,GB,267.3,19.94,186.0,317.0,2026-01-09
Isaiah Bond,WR,CLE,268.18,48.97,155.0,352.0,2026-01-09
Jermaine Burton,WR,FA,268.85,25.14,147.0,341.0,2026-01-09
Tyler Conklin,TE,LAC,268.94,22.94,192.0,319.0,2026-01-09
Russell Gage Jr.,WR,FA,269.2,50.51,180.0,324.0,2026-01-09
Xavier Restrepo,WR,TEN,269.72,30.23,208.0,345.0,2026-01-09
Taysom Hill,TE,NO,269.73,30.98,205.0,339.0,2026-01-09
Israel Abanikanda,RB,DAL,270.0,20.0,250.0,290.0,2026-01-09
Jaydn Ott,RB,FA,271.0,0.0,271.0,271.0,2026-01-09
Jordan James,RB,SF,271.23,25.45,166.0,349.0,2026-01-09
Tez Johnson,WR,TB,271.57,32.62,151.0,347.0,2026-01-09
Hunter Renfrow,WR,FA,271.6,41.57,178.0,350.0,2026-01-09
Oronde Gadsden II,TE,LAC,272.01,26.07,220.0,334.0,2026-01-09
Gabe Davis,WR,BUF,272.03,35.28,191.0,341.0,2026-01-09
Kimani Vidal,RB,LAC,272.63,22.05,210.0,327.0,2026-01-09
Khalil Herbert,RB,NYJ,273.51,17.83,234.0,323.0,2026-01-09
Phil Mafah,RB,DAL,273.68,19.67,206.0,323.0,2026-01-09
Tyrell Shavers,WR,BUF,274.0,14.0,260.0,288.0,2026-01-09
Jeremy McNichols,RB,WAS,275.27,35.97,212.0,344.0,2026-01-09
Sincere McCormick,RB,MIN,275.76,26.0,199.0,347.0,2026-01-09
Mecole Hardman Jr.,WR,BUF,277.0,7.0,270.0,284.0,2026-01-09
Zamir White,RB,LV,277.07,22.06,172.0,344.0,2026-01-09
AJ Barner,TE,SEA,277.36,28.71,222.0,332.0,2026-01-09
Zay Jones,WR,ARI,277.53,37.87,162.0,348.0,2026-01-09
Damien Martinez,RB,GB,277.7,23.78,224.0,347.0,2026-01-09
Zack Moss,RB,FA,278.0,29.59,225.0,342.0,2026-01-09
Mitch Tinsley,WR,CIN,278.0,4.0,274.0,282.0,2026-01-09
Ben Sinnott,TE,WAS,278.04,24.4,223.0,345.0,2026-01-09
Ty Chandler,RB,MIN,278.68,16.67,228.0,336.0,2026-01-09
John Metchie III,WR,NYJ,279.56,37.76,149.0,341.0,2026-01-09
Derius Davis,WR,LAC,280.25,78.15,145.0,328.0,2026-01-09
DeAndre Carter,WR,CLE,281.0,11.0,270.0,292.0,2026-01-09
Will Dissly,TE,LAC,281.06,25.63,214.0,347.0,2026-01-09
Emari Demercado,RB,ARI,281.06,26.31,207.0,340.0,2026-01-09
Jahan Dotson,WR,PHI,281.46,37.73,170.0,341.0,2026-01-09
A.J. Dillon,RB,PHI,281.82,21.69,218.0,338.0,2026-01-09
Raheim Sanders,RB,CLE,282.58,18.32,230.0,346.0,2026-01-09
Demarcus Robinson,WR,SF,282.76,32.66,152.0,351.0,2026-01-09
Gus Edwards,RB,FA,282.79,20.13,244.0,338.0,2026-01-09
Casey Washington,WR,ATL,282.83,20.92,245.0,309.0,2026-01-09
Kyle Juszczyk,RB,SF,282.85,32.81,208.0,348.0,2026-01-09
Jamari Thrash,WR,CLE,283.0,31.8,223.0,348.0,2026-01-09
Kalel Mullings,RB,TEN,283.93,24.5,211.0,333.0,2026-01-09
Van Jefferson,WR,TEN,284.72,53.82,160.0,352.0,2026-01-09
Curtis Samuel,WR,BUF,285.96,36.46,159.0,342.0,2026-01-09
Dare Ogunbowale,RB,HOU,286.17,24.35,229.0,338.0,2026-01-09
Tai Felton,WR,MIN,286.91,37.9,145.0,353.0,2026-01-09
Michael Mayer,TE,LV,287.32,21.27,226.0,329.0,2026-01-09
Jamaal Williams,RB,FA,288.25,40.11,235.0,348.0,2026-01-09
Tank Dell,WR,HOU,288.27,44.91,193.0,346.0,2026-01-09
Cam Akers,RB,SEA,289.43,30.49,231.0,348.0,2026-01-09
Allen Lazard,WR,FA,289.88,48.47,165.0,351.0,2026-01-09
Terrell Jennings,RB,NE,290.0,0.0,290.0,290.0,2026-01-09
Mack Hollins,WR,NE,290.31,38.78,156.0,352.0,2026-01-09
Malachi Corley,WR,CLE,290.43,40.32,229.0,337.0,2026-01-09
Ja'Quinden Jackson,RB,JAC,290.5,16.02,273.0,323.0,2026-01-09
LeQuint Allen Jr.,RB,JAC,290.65,22.66,225.0,336.0,2026-01-09
Jase McClellan,RB,FA,291.0,0.0,291.0,291.0,2026-01-09
Dawson Knox,TE,BUF,291.1,18.96,231.0,320.0,2026-01-09
Antwane Wells Jr.,WR,FA,291.11,27.84,257.0,336.0,2026-01-09
Donovan Edwards,RB,MIA,292.81,31.91,242.0,348.0,2026-01-09
Trayveon Williams,RB,CLE,293.0,0.0,293.0,293.0,2026-01-09
Chimere Dike,WR,TEN,293.94,33.47,146.0,362.0,2026-01-09
Tyquan Thornton,WR,KC,294.79,39.29,148.0,352.0,2026-01-09
Bryce Oliver,WR,TEN,295.0,0.0,295.0,295.0,2026-01-09
Xavier Hutchinson,WR,HOU,295.71,47.72,178.0,351.0,2026-01-09
Jonathon Brooks,RB,CAR,296.0,26.5,260.0,344.0,2026-01-09
Gunnar Helm,TE,TEN,296.05,24.7,229.0,356.0,2026-01-09
Greg Dortch,WR,ARI,296.07,36.87,171.0,351.0,2026-01-09
Efton Chism III,WR,NE,296.33,37.29,228.0,362.0,2026-01-09
Theo Wease Jr.,WR,MIA,297.18,35.41,255.0,363.0,2026-01-09
Savion Williams,WR,GB,297.23,39.42,157.0,357.0,2026-01-09
Travis Homer,RB,CHI,297.67,38.96,259.0,351.0,2026-01-09
Julius Chestnut,RB,TEN,297.94,23.82,250.0,349.0,2026-01-09
Michael Burton,RB,DEN,298.0,0.0,298.0,298.0,2026-01-09
Thomas Fidone II,TE,NYG,299.0,3.0,296.0,302.0,2026-01-09
Marquez Valdes-Scantling,WR,PIT,299.56,32.81,207.0,352.0,2026-01-09
George Holani,RB,SEA,299.95,20.29,243.0,343.0,2026-01-09
Austin Hooper,TE,NE,300.15,17.32,246.0,332.0,2026-01-09
Luke Musgrave,TE,GB,301.21,18.24,241.0,330.0,2026-01-09
Justin Watson,WR,HOU,302.0,0.0,302.0,302.0,2026-01-09
Mason Tipton,WR,NO,302.0,0.0,302.0,302.0,2026-01-09
JuJu Smith-Schuster,WR,KC,302.18,25.83,242.0,351.0,2026-01-09
Jacob Cowing,WR,SF,302.67,39.09,169.0,348.0,2026-01-09
Julian Fleming,WR,FA,303.0,0.0,303.0,303.0,2026-01-09
Arian Smith,WR,NYJ,303.03,40.27,168.0,357.0,2026-01-09
Luke Lachey,TE,HOU,303.2,29.61,268.0,344.0,2026-01-09
Kendrick Bourne,WR,SF,303.67,23.83,281.0,352.0,2026-01-09
Sterling Shepard,WR,TB,304.14,32.32,248.0,346.0,2026-01-09
Craig Reynolds,RB,NE,304.3,28.29,229.0,344.0,2026-01-09
Tyler Johnson,WR,NYJ,304.67,26.82,256.0,335.0,2026-01-09
Cordarrelle Patterson,RB,FA,304.75,23.54,268.0,329.0,2026-01-09
Tyler Goodson,RB,IND,305.07,26.44,216.0,348.0,2026-01-09
Cedrick Wilson Jr.,WR,MIA,306.0,0.0,306.0,306.0,2026-01-09
Trent Sherfield Sr.,WR,ARI,306.0,5.0,301.0,311.0,2026-01-09
John Bates,TE,WAS,306.25,53.36,214.0,341.0,2026-01-09
Chris Tyree,WR,NO,306.33,20.16,277.0,343.0,2026-01-09
Ainias Smith,WR,CAR,307.0,0.0,307.0,307.0,2026-01-09
Gardner Minshew II,QB,KC,307.0,0.0,307.0,307.0,2026-01-09
Trey Sermon,RB,PIT,307.81,28.72,268.0,349.0,2026-01-09
Javon Baker,WR,SF,308.17,19.7,276.0,333.0,2026-01-09
Hassan Haskins,RB,LAC,308.37,17.33,279.0,343.0,2026-01-09
Clyde Edwards-Helaire,RB,KC,308.55,35.65,235.0,344.0,2026-01-09
Jake Bobo,WR,SEA,308.58,29.82,266.0,351.0,2026-01-09
Devontez Walker,WR,BAL,310.92,28.67,251.0,350.0,2026-01-09
Ezekiel Elliott,RB,FA,311.0,13.0,298.0,324.0,2026-01-09
Xavier Gipson,WR,NYG,311.0,41.0,270.0,352.0,2026-01-09
Gage Larvadain,WR,CLE,311.0,30.0,281.0,341.0,2026-01-09
Cade Stover,TE,HOU,311.02,13.33,275.0,358.0,2026-01-09
Kalif Raymond,WR,DET,311.17,31.76,239.0,363.0,2026-01-09
Jalin Hyatt,WR,NYG,311.27,40.11,173.0,353.0,2026-01-09
Ben Skowronek,WR,PIT,312.0,4.0,308.0,316.0,2026-01-09
Tommy Tremble,TE,CAR,312.28,15.88,263.0,345.0,2026-01-09
Deuce Vaughn,RB,DEN,313.5,26.5,287.0,340.0,2026-01-09
Adam Prentice,RB,DEN,314.0,0.0,314.0,314.0,2026-01-09
Tyler Badie,RB,DEN,314.04,19.75,281.0,349.0,2026-01-09
Jordan Watkins,WR,SF,314.43,36.84,174.0,346.0,2026-01-09
Jeff Wilson Jr.,RB,MIA,315.73,21.98,281.0,348.0,2026-01-09
Skyy Moore,WR,SF,315.78,35.55,221.0,345.0,2026-01-09
Corey Kiner,RB,ARI,316.0,0.0,316.0,316.0,2026-01-09
Jonathan Mingo,WR,DAL,316.4,27.37,245.0,350.0,2026-01-09
Robert Woods,WR,FA,316.57,31.99,241.0,342.0,2026-01-09
Nathan Carter,RB,ATL,316.6,24.38,267.0,348.0,2026-01-09
Dylan Laube,RB,LV,316.73,21.82,278.0,344.0,2026-01-09
Foster Moreau,TE,NO,316.76,18.72,261.0,350.0,2026-01-09
Ricky White III,WR,SEA,317.0,25.66,281.0,339.0,2026-01-09
Jimmy Horn Jr.,WR,CAR,317.43,23.21,258.0,351.0,2026-01-09
Pierre Strong Jr.,RB,GB,317.5,27.48,273.0,348.0,2026-01-09
Colby Parkinson,TE,LAR,317.55,18.52,267.0,343.0,2026-01-09
Malik Heath,WR,ATL,318.0,0.0,318.0,318.0,2026-01-09
Michael Carter,RB,ARI,318.43,14.8,300.0,348.0,2026-01-09
Alec Ingold,RB,MIA,318.71,19.74,283.0,349.0,2026-01-09
Marcus Yarns,RB,FA,319.0,3.0,316.0,322.0,2026-01-09
Josh Whyle,TE,GB,319.0,0.0,319.0,319.0,2026-01-09
Darnell Washington,TE,PIT,319.25,21.83,259.0,351.0,2026-01-09
Mac Jones,QB,SF,319.5,3.5,316.0,323.0,2026-01-09
Luke Schoonmaker,TE,DAL,319.95,13.15,289.0,347.0,2026-01-09
Dante Pettis,WR,NO,320.0,0.0,320.0,320.0,2026-01-09
Jalen Reagor,WR,FA,320.0,0.0,320.0,320.0,2026-01-09
Kylen Granson,TE,PHI,320.75,17.68,293.0,338.0,2026-01-09
Grant Calcaterra,TE,PHI,320.87,16.55,275.0,349.0,2026-01-09
Scotty Miller,WR,PIT,321.0,11.52,308.0,336.0,2026-01-09
Josh Oliver,TE,MIN,321.36,16.22,285.0,346.0,2026-01-09
D'Ernest Johnson,RB,NE,321.71,26.82,295.0,360.0,2026-01-09
Payne Durham,TE,TB,321.75,20.94,286.0,339.0,2026-01-09
C.J. Ham,RB,MIN,322.5,0.5,322.0,323.0,2026-01-09
Devin Culp,TE,TB,323.0,0.0,323.0,323.0,2026-01-09
Tony Jones Jr.,RB,FA,324.0,0.0,324.0,324.0,2026-01-09
KhaDarel Hodge,WR,ATL,324.0,21.87,292.0,351.0,2026-01-09
Johnny Mundt,TE,JAC,325.33,15.92,303.0,339.0,2026-01-09
Jared Wiley,TE,KC,325.5,6.5,319.0,332.0,2026-01-09
Trey Lance,QB,LAC,326.0,0.0,326.0,326.0,2026-01-09
Daniel Bellinger,TE,NYG,326.0,13.96,310.0,343.0,2026-01-09
Julian Hill,TE,MIA,326.38,21.6,289.0,361.0,2026-01-09
Konata Mumpfield,WR,LAR,326.67,18.84,310.0,353.0,2026-01-09
Hunter Long,TE,JAC,327.0,12.85,313.0,350.0,2026-01-09
Hunter Luepke,RB,DAL,327.08,33.33,249.0,359.0,2026-01-09
Stone Smartt,TE,NYJ,327.26,11.16,307.0,347.0,2026-01-09
Patrick Ricard,RB,BAL,327.5,32.16,279.0,359.0,2026-01-09
Tylan Wallace,WR,BAL,328.0,0.0,328.0,328.0,2026-01-09
Darius Cooper,WR,PHI,328.0,0.0,328.0,328.0,2026-01-09
Elijah Higgins,TE,ARI,328.83,16.58,289.0,350.0,2026-01-09
Jeremy Ruckert,TE,NYJ,329.28,13.94,309.0,358.0,2026-01-09
Adam Trautman,TE,DEN,329.6,8.75,319.0,345.0,2026-01-09
Sione Vaki,RB,DET,329.6,12.4,316.0,351.0,2026-01-09
Mitchell Evans,TE,CAR,330.08,10.74,310.0,356.0,2026-01-09
Carson Steele,RB,KC,330.11,20.83,284.0,355.0,2026-01-09
Tyler Scott,WR,LAR,331.0,0.0,331.0,331.0,2026-01-09
Tanner Conner,TE,NYG,331.0,19.0,312.0,350.0,2026-01-09
Jalin Conyers,TE,MIA,331.0,0.0,331.0,331.0,2026-01-09
Nick Nash,WR,WAS,331.5,19.5,312.0,351.0,2026-01-09
Bam Knight,RB,ARI,332.6,12.5,318.0,348.0,2026-01-09
Brock Wright,TE,DET,332.78,10.34,318.0,350.0,2026-01-09
Erick All Jr.,TE,CIN,333.0,0.0,333.0,333.0,2026-01-09
Jordan Mims,RB,TEN,333.5,15.5,318.0,349.0,2026-01-09
Rasheen Ali,RB,BAL,334.36,15.59,299.0,354.0,2026-01-09
Charlie Jones,WR,CIN,334.5,1.5,333.0,336.0,2026-01-09
Zavier Scott,RB,MIN,335.0,0.0,335.0,335.0,2026-01-09
Luke Farrell,TE,SF,335.0,9.43,324.0,350.0,2026-01-09
Jaheim Bell,TE,PIT,335.0,0.0,335.0,335.0,2026-01-09
Harrison Bryant,TE,HOU,336.0,10.04,318.0,345.0,2026-01-09
Greg Dulcich,TE,MIA,336.0,16.46,304.0,361.0,2026-01-09
Xavier Weaver,WR,ARI,336.0,0.0,336.0,336.0,2026-01-09
Tanner Hudson,TE,CIN,337.0,10.37,324.0,349.0,2026-01-09
Malcolm Johnson,RB,FA,337.0,0.0,337.0,337.0,2026-01-09
Beaux Collins,WR,NYG,337.33,20.74,308.0,352.0,2026-01-09
DeeJay Dallas,RB,JAC,338.0,0.0,338.0,338.0,2026-01-09
Lucas Krull,TE,DEN,338.0,0.0,338.0,338.0,2026-01-09
Charlie Kolar,TE,BAL,340.0,7.0,333.0,347.0,2026-01-09
Ashton Dulin,WR,IND,340.0,0.0,340.0,340.0,2026-01-09
Tyrion Davis-Price,RB,FA,340.0,0.0,340.0,340.0,2026-01-09
Frank Gore Jr.,RB,BUF,340.0,0.0,340.0,340.0,2026-01-09
British Brooks,RB,HOU,340.0,0.0,340.0,340.0,2026-01-09
Charlie Woerner,TE,ATL,340.2,5.95,332.0,346.0,2026-01-09
Ryan Flournoy,WR,DAL,341.0,0.0,341.0,341.0,2026-01-09
Velus Jones Jr.,WR,SEA,341.0,0.0,341.0,341.0,2026-01-09
Dalvin Cook,RB,FA,343.0,0.0,343.0,343.0,2026-01-09
D'Onta Foreman,RB,FA,343.0,0.0,343.0,343.0,2026-01-09
Ronnie Rivers,RB,LAR,343.0,0.0,343.0,343.0,2026-01-09
Carlos Washington Jr.,RB,ATL,343.0,0.0,343.0,343.0,2026-01-09
Eric Gray,RB,NYG,344.0,1.55,343.0,347.0,2026-01-09
Robert Tonyan,TE,KC,346.0,1.0,345.0,347.0,2026-01-09
Dee Eskridge,WR,MIA,346.0,0.0,346.0,346.0,2026-01-09
Jake Briningstool,TE,KC,346.0,0.0,346.0,346.0,2026-01-09
Ahmani Marshall,RB,CLE,346.5,2.5,344.0,349.0,2026-01-09
Josh Williams,RB,TB,346.67,7.25,338.0,360.0,2026-01-09
Jawhar Jordan,RB,HOU,348.0,0.0,348.0,348.0,2026-01-09
Ian Thomas,TE,LV,349.0,0.0,349.0,349.0,2026-01-09
Jackson Hawes,TE,BUF,349.0,0.0,349.0,349.0,2026-01-09
Drew Sample,TE,CIN,349.2,1.6,346.0,350.0,2026-01-09
Josh Allen,QB,BUF,1.46,0.62,1.0,4.0,2026-01-02
Lamar Jackson,QB,BAL,1.79,0.73,1.0,4.0,2026-01-02
Jayden Daniels,QB,WAS,3.4,1.05,1.0,9.0,2026-01-02
Jalen Hurts,QB,PHI,4.01,1.98,1.0,26.0,2026-01-02
Joe Burrow,QB,CIN,4.71,0.82,2.0,8.0,2026-01-02
Ja'Marr Chase,WR,CIN,6.97,3.73,4.0,47.0,2026-01-02
Montrell Johnson Jr.,RB,CAR,8.0,0.0,8.0,8.0,2026-01-02
Patrick Mahomes II,QB,KC,9.24,6.0,4.0,58.0,2026-01-02
Bijan Robinson,RB,ATL,11.63,5.06,6.0,48.0,2026-01-02
CeeDee Lamb,WR,DAL,11.71,4.76,6.0,52.0,2026-01-02
Bo Nix,QB,DEN,12.58,6.49,6.0,41.0,2026-01-02
Justin Jefferson,WR,MIN,13.38,4.74,7.0,49.0,2026-01-02
Baker Mayfield,QB,TB,14.24,14.44,5.0,177.0,2026-01-02
Jahmyr Gibbs,RB,DET,14.99,5.94,10.0,51.0,2026-01-02
Kyler Murray,QB,ARI,17.44,7.5,6.0,59.0,2026-01-02
Dak Prescott,QB,DAL,17.61,9.22,6.0,55.0,2026-01-02
Saquon Barkley,RB,PHI,17.94,7.54,10.0,58.0,2026-01-02
Malik Nabers,WR,NYG,18.48,5.82,11.0,55.0,2026-01-02
Amon-Ra St. Brown,WR,DET,22.03,25.34,11.0,339.0,2026-01-02
Nico Collins,WR,HOU,22.76,6.22,10.0,54.0,2026-01-02
Puka Nacua,WR,LAR,22.87,6.03,11.0,50.0,2026-01-02
Brock Purdy,QB,SF,23.11,14.03,8.0,130.0,2026-01-02
Christian McCaffrey,RB,SF,24.07,11.22,10.0,79.0,2026-01-02
Brian Thomas Jr.,WR,JAC,24.67,5.84,12.0,60.0,2026-01-02
Drake London,WR,ATL,24.79,6.69,11.0,58.0,2026-01-02
Justin Fields,QB,NYJ,26.27,17.44,8.0,177.0,2026-01-02
Drake Maye,QB,NE,27.42,11.16,8.0,64.0,2026-01-02
Caleb Williams,QB,CHI,28.5,11.84,7.0,70.0,2026-01-02
Justin Herbert,QB,LAC,29.24,9.54,8.0,56.0,2026-01-02
Ashton Jeanty,RB,LV,30.67,10.42,12.0,74.0,2026-01-02
A.J. Brown,WR,PHI,32.28,5.81,21.0,64.0,2026-01-02
De'Von Achane,RB,MIA,32.58,9.09,10.0,63.0,2026-01-02
Jared Goff,QB,DET,33.28,12.24,7.0,64.0,2026-01-02
Brock Bowers,TE,LV,34.05,6.49,26.0,78.0,2026-01-02
Ladd McConkey,WR,LAC,34.22,8.15,22.0,69.0,2026-01-02
Jordan Love,QB,GB,36.55,11.94,9.0,70.0,2026-01-02
Jaxon Smith-Njigba,WR,SEA,36.75,10.4,19.0,89.0,2026-01-02
Derrick Henry,RB,BAL,38.08,8.98,13.0,67.0,2026-01-02
Trey McBride,TE,ARI,38.27,4.91,31.0,68.0,2026-01-02
Chase Brown,RB,CIN,38.46,8.65,22.0,70.0,2026-01-02
Trevor Lawrence,QB,JAC,38.75,12.49,8.0,69.0,2026-01-02
Tee Higgins,WR,CIN,40.29,8.16,23.0,73.0,2026-01-02
Carson Wentz,QB,MIN,42.0,0.0,42.0,42.0,2026-01-02
Sam Howell,QB,PHI,43.0,0.0,43.0,43.0,2026-01-02
Bucky Irving,RB,TB,43.18,9.15,15.0,80.0,2026-01-02
Josh Jacobs,RB,GB,43.93,6.76,15.0,74.0,2026-01-02
Jonathan Taylor,RB,IND,44.77,7.52,15.0,80.0,2026-01-02
Garrett Wilson,WR,NYJ,45.09,10.78,20.0,82.0,2026-01-02
C.J. Stroud,QB,HOU,45.63,12.87,16.0,69.0,2026-01-02
J.J. McCarthy,QB,MIN,46.74,16.36,7.0,120.0,2026-01-02
Mike Evans,WR,TB,48.66,9.98,24.0,109.0,2026-01-02
Tyreek Hill,WR,MIA,48.69,14.4,22.0,102.0,2026-01-02
George Kittle,TE,SF,48.72,10.39,31.0,106.0,2026-01-02
Davante Adams,WR,LAR,49.77,9.68,27.0,88.0,2026-01-02
Kyren Williams,RB,LAR,52.7,8.83,25.0,88.0,2026-01-02
Terry McLaurin,WR,WAS,54.65,11.48,21.0,112.0,2026-01-02
Marvin Harrison Jr.,WR,ARI,55.07,11.1,30.0,106.0,2026-01-02
Alvin Kamara,RB,NO,58.59,10.38,27.0,95.0,2026-01-02
Tua Tagovailoa,QB,MIA,59.57,10.91,21.0,87.0,2026-01-02
James Cook III,RB,BUF,60.52,9.31,31.0,101.0,2026-01-02
Bryce Young,QB,CAR,60.64,10.23,25.0,94.0,2026-01-02
DJ Moore,WR,CHI,62.29,12.88,28.0,103.0,2026-01-02
Tetairoa McMillan,WR,CAR,62.76,18.91,26.0,138.0,2026-01-02
Kenneth Walker III,RB,SEA,62.77,9.89,37.0,111.0,2026-01-02
Omarion Hampton,RB,LAC,63.47,14.77,33.0,149.0,2026-01-02
Courtland Sutton,WR,DEN,63.62,10.37,36.0,101.0,2026-01-02
Michael Penix Jr.,QB,ATL,63.75,9.47,23.0,94.0,2026-01-02
DK Metcalf,WR,PIT,64.39,13.76,31.0,114.0,2026-01-02
Breece Hall,RB,NYJ,67.03,11.39,37.0,106.0,2026-01-02
DeVonta Smith,WR,PHI,67.34,10.11,30.0,102.0,2026-01-02
Geno Smith,QB,LV,68.3,12.95,25.0,129.0,2026-01-02
Matthew Stafford,QB,LAR,69.87,15.66,26.0,159.0,2026-01-02
Chuba Hubbard,RB,CAR,72.62,7.96,48.0,101.0,2026-01-02
Xavier Worthy,WR,KC,72.62,14.38,38.0,128.0,2026-01-02
TreVeyon Henderson,RB,NE,72.7,15.26,42.0,165.0,2026-01-02
Calvin Ridley,WR,TEN,73.95,12.09,41.0,110.0,2026-01-02
Jaylen Waddle,WR,MIA,74.18,13.97,35.0,122.0,2026-01-02
James Conner,RB,ARI,74.35,9.71,48.0,141.0,2026-01-02
Cam Ward,QB,TEN,75.12,15.48,21.0,138.0,2026-01-02
George Pickens,WR,DAL,75.26,14.91,40.0,128.0,2026-01-02
Zay Flowers,WR,BAL,78.62,12.98,43.0,118.0,2026-01-02
Sam Darnold,QB,SEA,78.88,13.18,29.0,137.0,2026-01-02
Jameson Williams,WR,DET,79.51,13.83,45.0,122.0,2026-01-02
Tony Pollard,RB,TEN,81.61,9.33,54.0,115.0,2026-01-02
D'Andre Swift,RB,CHI,83.42,9.94,46.0,110.0,2026-01-02
Sam LaPorta,TE,DET,87.08,13.51,47.0,125.0,2026-01-02
Isiah Pacheco,RB,KC,87.71,11.69,56.0,158.0,2026-01-02
RJ Harvey,RB,DEN,88.08,23.58,48.0,265.0,2026-01-02
David Montgomery,RB,DET,88.18,9.16,58.0,117.0,2026-01-02
Chris Olave,WR,NO,88.48,14.4,36.0,158.0,2026-01-02
Travis Hunter,WR,JAC,89.6,20.04,45.0,202.0,2026-01-02
T.J. Hockenson,TE,MIN,90.21,13.79,47.0,136.0,2026-01-02
Aaron Rodgers,QB,PIT,90.91,21.76,28.0,182.0,2026-01-02
Aaron Jones Sr.,RB,MIN,91.38,8.91,63.0,152.0,2026-01-02
Jerry Jeudy,WR,CLE,92.26,13.98,49.0,146.0,2026-01-02
Rome Odunze,WR,CHI,92.55,16.16,41.0,128.0,2026-01-02
Emeka Egbuka,WR,TB,93.02,21.08,44.0,179.0,2026-01-02
Stefon Diggs,WR,NE,96.18,14.59,46.0,141.0,2026-01-02
Travis Kelce,TE,KC,96.32,12.15,69.0,126.0,2026-01-02
Ricky Pearsall,WR,SF,97.92,18.96,45.0,145.0,2026-01-02
Jaylen Warren,RB,PIT,98.26,10.01,54.0,137.0,2026-01-02
Tyrone Tracy Jr.,RB,NYG,99.58,9.71,58.0,134.0,2026-01-02
Rashee Rice,WR,KC,99.8,22.43,37.0,193.0,2026-01-02
Jakobi Meyers,WR,JAC,102.64,12.27,59.0,143.0,2026-01-02
David Njoku,TE,CLE,104.86,13.1,75.0,136.0,2026-01-02
Daniel Jones,QB,IND,106.06,27.49,31.0,182.0,2026-01-02
Travis Etienne Jr.,RB,JAC,106.89,12.63,77.0,163.0,2026-01-02
Mark Andrews,TE,BAL,108.45,13.24,78.0,161.0,2026-01-02
Evan Engram,TE,DEN,108.89,13.78,78.0,153.0,2026-01-02
Kaleb Johnson,RB,PIT,109.8,22.24,78.0,248.0,2026-01-02
Matthew Golden,WR,GB,111.21,17.6,52.0,189.0,2026-01-02
Zach Charbonnet,RB,SEA,112.04,13.82,64.0,163.0,2026-01-02
Jordan Mason,RB,MIN,112.21,14.98,65.0,162.0,2026-01-02
Deebo Samuel Sr.,WR,WAS,112.44,16.24,59.0,210.0,2026-01-02
Jauan Jennings,WR,SF,112.53,13.85,58.0,173.0,2026-01-02
Khalil Shakir,WR,BUF,113.03,12.55,53.0,163.0,2026-01-02
Michael Pittman Jr.,WR,IND,114.46,15.58,49.0,169.0,2026-01-02
Josh Downs,WR,IND,115.75,12.89,68.0,151.0,2026-01-02
Jordan Addison,WR,MIN,115.93,13.99,57.0,150.0,2026-01-02
Tyler Warren,TE,IND,116.05,18.62,77.0,191.0,2026-01-02
Javonte Williams,RB,DAL,116.49,14.53,88.0,168.0,2026-01-02
J.K. Dobbins,RB,DEN,116.86,16.37,84.0,185.0,2026-01-02
Tucker Kraft,TE,GB,119.69,14.52,86.0,209.0,2026-01-02
Russell Wilson,QB,NYG,120.04,27.45,31.0,183.0,2026-01-02
Cooper Kupp,WR,SEA,122.52,13.57,64.0,170.0,2026-01-02
Austin Ekeler,RB,WAS,123.51,20.92,86.0,209.0,2026-01-02
Jake Ferguson,TE,DAL,125.11,11.99,93.0,187.0,2026-01-02
Chris Godwin Jr.,WR,TB,126.79,22.11,50.0,189.0,2026-01-02
Rhamondre Stevenson,RB,NE,127.99,13.76,102.0,165.0,2026-01-02
Jacory Croskey-Merritt,RB,WAS,128.92,25.69,93.0,247.0,2026-01-02
Jayden Reed,WR,GB,131.24,15.68,62.0,209.0,2026-01-02
Joe Flacco,QB,CIN,131.61,28.35,30.0,184.0,2026-01-02
Darnell Mooney,WR,ATL,133.29,13.42,82.0,191.0,2026-01-02
Tank Bigsby,RB,PHI,134.04,18.34,76.0,229.0,2026-01-02
Cam Skattebo,RB,NYG,135.96,17.39,97.0,191.0,2026-01-02
Keon Coleman,WR,BUF,136.05,16.19,66.0,185.0,2026-01-02
Dalton Kincaid,TE,BUF,138.36,18.92,104.0,209.0,2026-01-02
Braelon Allen,RB,NYJ,138.7,16.81,94.0,187.0,2026-01-02
Rashid Shaheed,WR,SEA,139.61,16.38,74.0,203.0,2026-01-02
Colston Loveland,TE,CHI,140.2,22.5,93.0,226.0,2026-01-02
Rachaad White,RB,TB,140.76,18.26,98.0,234.0,2026-01-02
Dallas Goedert,TE,PHI,142.09,16.51,114.0,193.0,2026-01-02
Christian Kirk,WR,HOU,142.72,19.59,69.0,203.0,2026-01-02
Najee Harris,RB,LAC,143.4,20.38,85.0,243.0,2026-01-02
Charles Scott,RB,FA,147.5,142.5,5.0,290.0,2026-01-02
Trey Benson,RB,ARI,148.59,17.84,106.0,226.0,2026-01-02
Marvin Mims Jr.,WR,DEN,150.5,19.86,84.0,234.0,2026-01-02
Anthony Richardson Sr.,QB,IND,150.97,38.8,33.0,188.0,2026-01-02
Nick Chubb,RB,HOU,151.43,21.64,85.0,225.0,2026-01-02
Cedric Tillman,WR,CLE,151.44,16.81,80.0,190.0,2026-01-02
Jerome Ford,RB,CLE,151.78,19.61,103.0,216.0,2026-01-02
Keenan Allen,WR,LAC,152.56,30.31,64.0,276.0,2026-01-02
Quinshon Judkins,RB,CLE,152.58,30.46,91.0,278.0,2026-01-02
Brandon Aiyuk,WR,SF,153.29,21.66,81.0,221.0,2026-01-02
Rashod Bateman,WR,BAL,153.64,16.95,93.0,220.0,2026-01-02
Brian Robinson Jr.,RB,SF,154.08,26.99,88.0,277.0,2026-01-02
Jayden Higgins,WR,HOU,154.1,23.71,82.0,234.0,2026-01-02
Ray Davis,RB,BUF,154.4,12.26,119.0,211.0,2026-01-02
Luther Burden III,WR,CHI,154.49,19.81,76.0,230.0,2026-01-02
Kyle Pitts Sr.,TE,ATL,154.9,20.56,106.0,228.0,2026-01-02
Jaxson Dart,QB,NYG,155.09,34.93,34.0,195.0,2026-01-02
Bhayshul Tuten,RB,JAC,155.4,25.24,102.0,295.0,2026-01-02
Spencer Rattler,QB,NO,155.96,27.43,35.0,189.0,2026-01-02
Hunter Henry,TE,NE,156.0,19.0,114.0,209.0,2026-01-02
Tyjae Spears,RB,TEN,157.55,21.37,108.0,228.0,2026-01-02
Jaydon Blue,RB,DAL,158.09,20.99,116.0,253.0,2026-01-02
Dylan Sampson,RB,CLE,159.31,23.61,99.0,264.0,2026-01-02
Wan'Dale Robinson,WR,NYG,160.02,21.45,85.0,221.0,2026-01-02
Tyler Allgeier,RB,ATL,160.26,11.61,131.0,223.0,2026-01-02
Romeo Doubs,WR,GB,160.65,18.16,81.0,235.0,2026-01-02
Joe Mixon,RB,HOU,162.8,38.31,69.0,323.0,2026-01-02
Zach Ertz,TE,WAS,163.28,23.77,115.0,259.0,2026-01-02
DeMario Douglas,WR,NE,163.61,21.98,78.0,204.0,2026-01-02
Marquise Brown,WR,KC,164.33,21.95,97.0,342.0,2026-01-02
Rico Dowdle,RB,CAR,167.39,22.06,97.0,252.0,2026-01-02
Xavier Legette,WR,CAR,168.63,18.75,99.0,218.0,2026-01-02
Jonnu Smith,TE,PIT,168.8,24.78,92.0,250.0,2026-01-02
Adam Thielen,WR,PIT,171.32,20.93,97.0,285.0,2026-01-02
Joshua Palmer,WR,BUF,171.88,22.21,89.0,235.0,2026-01-02
Brenton Strange,TE,JAC,172.01,28.6,113.0,274.0,2026-01-02
Tyler Shough,QB,NO,172.17,21.66,36.0,188.0,2026-01-02
Ollie Gordon II,RB,MIA,173.45,30.02,119.0,263.0,2026-01-02
Shedeur Sanders,QB,CLE,173.66,35.57,38.0,221.0,2026-01-02
Kyle Williams,WR,NE,174.88,23.57,96.0,288.0,2026-01-02
Michael Gallup,WR,FA,175.0,0.0,175.0,175.0,2026-01-02
Jimmy Garoppolo,QB,LAR,175.63,53.78,41.0,221.0,2026-01-02
Tre Harris,WR,LAC,180.3,25.64,92.0,333.0,2026-01-02
Chig Okonkwo,TE,TEN,181.39,26.09,121.0,261.0,2026-01-02
Quentin Johnston,WR,LAC,183.22,19.08,99.0,244.0,2026-01-02
Aidan O'Connell,QB,LV,184.0,0.0,184.0,184.0,2026-01-02
Jalen Coker,WR,CAR,185.58,24.12,77.0,268.0,2026-01-02
Dillon Gabriel,QB,CLE,186.46,54.18,37.0,302.0,2026-01-02
Jalen Milroe,QB,SEA,189.28,24.03,140.0,251.0,2026-01-02
DeAndre Hopkins,WR,BAL,190.12,20.27,105.0,258.0,2026-01-02
Blake Corum,RB,LAR,190.38,23.81,131.0,275.0,2026-01-02
Woody Marks,RB,HOU,192.36,36.34,132.0,307.0,2026-01-02
Roschon Johnson,RB,CHI,193.04,26.99,145.0,284.0,2026-01-02
Elic Ayomanor,WR,TEN,193.53,22.37,102.0,270.0,2026-01-02
Mason Taylor,TE,NYJ,195.61,25.26,126.0,264.0,2026-01-02
Michael Wilson,WR,ARI,195.88,21.5,109.0,340.0,2026-01-02
Alec Pierce,WR,IND,197.04,16.27,106.0,268.0,2026-01-02
Will Shipley,RB,PHI,197.38,30.61,131.0,293.0,2026-01-02
Justice Hill,RB,BAL,197.44,25.03,134.0,268.0,2026-01-02
Mike Gesicki,TE,CIN,197.46,23.13,121.0,272.0,2026-01-02
Cade Otton,TE,TB,197.66,22.15,135.0,243.0,2026-01-02
Pat Bryant,WR,DEN,198.21,26.1,95.0,309.0,2026-01-02
Darius Slayton,WR,NYG,198.44,22.19,109.0,265.0,2026-01-02
Pat Freiermuth,TE,PIT,200.38,21.28,142.0,267.0,2026-01-02
Zach Wilson,QB,MIA,200.67,112.34,45.0,306.0,2026-01-02
Dont'e Thornton Jr.,WR,LV,200.79,35.62,105.0,314.0,2026-01-02
Jameis Winston,QB,NYG,202.71,74.75,40.0,280.0,2026-01-02
Isaiah Likely,TE,BAL,202.75,19.9,145.0,249.0,2026-01-02
Adonai Mitchell,WR,NYJ,202.86,22.66,107.0,266.0,2026-01-02
Kareem Hunt,RB,KC,203.37,26.72,116.0,285.0,2026-01-02
Jaylin Noel,WR,HOU,203.78,23.86,104.0,272.0,2026-01-02
Joe Milton III,QB,DAL,204.5,101.85,42.0,304.0,2026-01-02
Isaac Guerendo,RB,SF,205.1,34.03,145.0,284.0,2026-01-02
Isaac TeSlaa,WR,DET,206.25,31.24,78.0,280.0,2026-01-02
Kyle Monangai,RB,CHI,207.04,29.5,145.0,289.0,2026-01-02
Andrei Iosivas,WR,CIN,207.16,17.88,111.0,256.0,2026-01-02
Jack Bech,WR,LV,207.48,28.03,101.0,301.0,2026-01-02
Kendre Miller,RB,NO,207.96,24.84,161.0,295.0,2026-01-02
DJ Giddens,RB,IND,208.36,23.28,141.0,290.0,2026-01-02
Chris Rodriguez Jr.,RB,WAS,208.79,40.48,120.0,318.0,2026-01-02
Calvin Austin III,WR,PIT,210.65,26.66,113.0,285.0,2026-01-02
Tyler Lockett,WR,LV,210.88,21.99,124.0,269.0,2026-01-02
Tory Horton,WR,SEA,211.25,31.8,118.0,297.0,2026-01-02
Jaylen Wright,RB,MIA,211.34,33.12,129.0,284.0,2026-01-02
Dontayvion Wicks,WR,GB,213.05,26.36,108.0,308.0,2026-01-02
Dyami Brown,WR,JAC,213.26,27.53,112.0,286.0,2026-01-02
Kirk Cousins,QB,ATL,213.38,42.57,182.0,313.0,2026-01-02
Dalton Schultz,TE,HOU,214.88,18.59,161.0,269.0,2026-01-02
Ja'Tavion Sanders,TE,CAR,214.95,25.49,140.0,345.0,2026-01-02
Malik Willis,QB,GB,215.0,15.0,200.0,230.0,2026-01-02
Keaton Mitchell,RB,BAL,215.83,29.31,148.0,290.0,2026-01-02
Roman Wilson,WR,PIT,220.55,25.27,116.0,345.0,2026-01-02
Mason Rudolph,QB,PIT,220.75,103.34,44.0,303.0,2026-01-02
Juwan Johnson,TE,NO,220.89,19.23,152.0,275.0,2026-01-02
David Bell,WR,FA,221.0,0.0,221.0,221.0,2026-01-02
Miles Sanders,RB,DAL,221.21,23.3,131.0,281.0,2026-01-02
Tyrod Taylor,QB,NYJ,221.33,35.64,184.0,280.0,2026-01-02
Brashard Smith,RB,KC,221.37,28.45,151.0,316.0,2026-01-02
Elijah Arroyo,TE,SEA,221.4,24.98,148.0,286.0,2026-01-02
Tahj Brooks,RB,CIN,222.52,29.06,141.0,300.0,2026-01-02
Malik Washington,WR,MIA,222.59,28.9,90.0,323.0,2026-01-02
Michael Woods II,WR,FA,224.0,0.0,224.0,224.0,2026-01-02
Dameon Pierce,RB,KC,224.23,31.79,134.0,289.0,2026-01-02
Jalen McMillan,WR,TB,224.31,44.53,113.0,346.0,2026-01-02
Devaughn Vele,WR,NO,224.66,23.52,117.0,315.0,2026-01-02
Theo Johnson,TE,NYG,226.05,22.25,162.0,272.0,2026-01-02
Jalen Royals,WR,KC,226.23,24.68,114.0,342.0,2026-01-02
Jaleel McLaughlin,RB,DEN,226.43,25.85,153.0,282.0,2026-01-02
Troy Franklin,WR,DEN,226.87,30.72,125.0,300.0,2026-01-02
MarShawn Lloyd,RB,GB,228.4,33.25,158.0,317.0,2026-01-02
Kenny Pickett,QB,LV,229.75,106.63,46.0,303.0,2026-01-02
Jake Browning,QB,CIN,230.0,0.0,230.0,230.0,2026-01-02
Darren Waller,TE,MIA,231.37,28.89,125.0,316.0,2026-01-02
Kayshon Boutte,WR,NE,231.38,25.71,136.0,307.0,2026-01-02
Ray-Ray McCloud III,WR,FA,233.8,35.93,140.0,326.0,2026-01-02
Harold Fannin Jr.,TE,CLE,234.15,26.21,136.0,350.0,2026-01-02
Raheem Mostert,RB,LV,234.61,24.74,159.0,294.0,2026-01-02
Tutu Atwell,WR,LAR,234.71,35.79,119.0,312.0,2026-01-02
Kene Nwangwu,RB,NYJ,235.0,92.0,143.0,327.0,2026-01-02
Cole Kmet,TE,CHI,235.06,20.75,173.0,315.0,2026-01-02
Jalen Tolbert,WR,DAL,235.16,26.58,120.0,328.0,2026-01-02
Kenneth Gainwell,RB,PIT,235.19,25.15,143.0,317.0,2026-01-02
Brandin Cooks,WR,BUF,236.2,27.51,117.0,326.0,2026-01-02
Nick Westbrook-Ikhine,WR,MIA,238.43,25.68,114.0,301.0,2026-01-02
Jarquez Hunter,RB,LAR,239.34,28.18,165.0,323.0,2026-01-02
Sean Tucker,RB,TB,240.85,27.67,159.0,292.0,2026-01-02
Elijah Moore,WR,DEN,240.94,28.18,115.0,326.0,2026-01-02
Josh Reynolds,WR,NYJ,242.03,30.44,153.0,322.0,2026-01-02
Devin Neal,RB,NO,242.46,26.66,158.0,299.0,2026-01-02
Diontae Johnson,WR,FA,243.24,49.03,147.0,340.0,2026-01-02
Antonio Gibson,RB,NE,243.85,24.18,175.0,302.0,2026-01-02
Ty Johnson,RB,BUF,244.42,22.98,175.0,287.0,2026-01-02
Tavon Austin,WR,FA,245.0,0.0,245.0,245.0,2026-01-02
Tre Tucker,WR,LV,245.23,23.72,137.0,320.0,2026-01-02
Trevor Etienne,RB,CAR,245.94,21.38,163.0,322.0,2026-01-02
KaVontae Turpin,WR,DAL,246.37,37.35,144.0,335.0,2026-01-02
Ameer Abdullah,RB,IND,248.0,11.0,237.0,259.0,2026-01-02
Noah Gray,TE,KC,248.17,17.09,195.0,313.0,2026-01-02
Devin Singletary,RB,NYG,250.6,21.62,168.0,294.0,2026-01-02
Jalen Nailor,WR,MIN,250.69,23.61,132.0,314.0,2026-01-02
Tyler Higbee,TE,LAR,251.13,27.06,163.0,319.0,2026-01-02
Elijah Mitchell,RB,NE,252.13,24.81,172.0,300.0,2026-01-02
Noah Brown,WR,WAS,252.7,34.99,154.0,352.0,2026-01-02
DJ Chark Jr.,WR,FA,254.0,0.0,254.0,254.0,2026-01-02
Jalen Brooks,WR,ARI,254.0,20.0,234.0,274.0,2026-01-02
Parker Washington,WR,JAC,254.14,24.25,138.0,337.0,2026-01-02
Jaylin Lane,WR,WAS,255.36,39.19,142.0,346.0,2026-01-02
Tim Patrick,WR,JAC,256.67,28.5,128.0,335.0,2026-01-02
Olamide Zaccheaus,WR,CHI,256.77,45.33,135.0,351.0,2026-01-02
Samaje Perine,RB,CIN,257.25,31.14,150.0,343.0,2026-01-02
Jordan Whittington,WR,LAR,258.17,33.25,127.0,330.0,2026-01-02
Isaiah Davis,RB,NYJ,258.78,22.69,144.0,324.0,2026-01-02
Emanuel Wilson,RB,GB,259.61,30.9,164.0,314.0,2026-01-02
Terrance Ferguson,TE,LAR,259.76,24.45,214.0,347.0,2026-01-02
Audric Estime,RB,NO,260.06,38.5,171.0,349.0,2026-01-02
Christian Watson,WR,GB,260.13,27.76,134.0,339.0,2026-01-02
KeAndre Lambert-Smith,WR,LAC,260.9,39.58,143.0,342.0,2026-01-02
Luke McCaffrey,WR,WAS,261.15,26.97,150.0,341.0,2026-01-02
Marcus Mariota,QB,WAS,263.0,30.11,230.0,312.0,2026-01-02
Brandon Johnson,WR,PIT,263.0,0.0,263.0,263.0,2026-01-02
David Moore,WR,CAR,263.4,45.89,196.0,335.0,2026-01-02
Noah Fant,TE,CIN,263.48,27.32,194.0,339.0,2026-01-02
Troy Hairston II,RB,FA,264.5,12.5,252.0,277.0,2026-01-02
Lucky Jackson,WR,FA,265.0,0.0,265.0,265.0,2026-01-02
Chris Brooks,RB,GB,267.3,19.94,186.0,317.0,2026-01-02
Isaiah Bond,WR,CLE,268.18,48.97,155.0,352.0,2026-01-02
Jermaine Burton,WR,FA,268.85,25.14,147.0,341.0,2026-01-02
Tyler Conklin,TE,LAC,268.94,22.94,192.0,319.0,2026-01-02
Russell Gage Jr.,WR,FA,269.2,50.51,180.0,324.0,2026-01-02
Xavier Restrepo,WR,TEN,269.72,30.23,208.0,345.0,2026-01-02
Taysom Hill,TE,NO,269.73,30.98,205.0,339.0,2026-01-02
Israel Abanikanda,RB,DAL,270.0,20.0,250.0,290.0,2026-01-02
Jaydn Ott,RB,FA,271.0,0.0,271.0,271.0,2026-01-02
Jordan James,RB,SF,271.23,25.45,166.0,349.0,2026-01-02
Tez Johnson,WR,TB,271.57,32.62,151.0,347.0,2026-01-02
Hunter Renfrow,WR,CAR,271.6,41.57,178.0,350.0,2026-01-02
Oronde Gadsden II,TE,LAC,272.01,26.07,220.0,334.0,2026-01-02
Gabe Davis,WR,BUF,272.03,35.28,191.0,341.0,2026-01-02
Kimani Vidal,RB,LAC,272.63,22.05,210.0,327.0,2026-01-02
Khalil Herbert,RB,NYJ,273.51,17.83,234.0,323.0,2026-01-02
Phil Mafah,RB,DAL,273.68,19.67,206.0,323.0,2026-01-02
Tyrell Shavers,WR,BUF,274.0,14.0,260.0,288.0,2026-01-02
Jeremy McNichols,RB,WAS,275.27,35.97,212.0,344.0,2026-01-02
Sincere McCormick,RB,MIN,275.76,26.0,199.0,347.0,2026-01-02
Mecole Hardman Jr.,WR,BUF,277.0,7.0,270.0,284.0,2026-01-02
Zamir White,RB,LV,277.07,22.06,172.0,344.0,2026-01-02
AJ Barner,TE,SEA,277.36,28.71,222.0,332.0,2026-01-02
Zay Jones,WR,ARI,277.53,37.87,162.0,348.0,2026-01-02
Damien Martinez,RB,GB,277.7,23.78,224.0,347.0,2026-01-02
Zack Moss,RB,FA,278.0,29.59,225.0,342.0,2026-01-02
Mitch Tinsley,WR,CIN,278.0,4.0,274.0,282.0,2026-01-02
Ben Sinnott,TE,WAS,278.04,24.4,223.0,345.0,2026-01-02
Ty Chandler,RB,MIN,278.68,16.67,228.0,336.0,2026-01-02
John Metchie III,WR,NYJ,279.56,37.76,149.0,341.0,2026-01-02
Derius Davis,WR,LAC,280.25,78.15,145.0,328.0,2026-01-02
DeAndre Carter,WR,CLE,281.0,11.0,270.0,292.0,2026-01-02
Emari Demercado,RB,ARI,281.06,26.31,207.0,340.0,2026-01-02
Will Dissly,TE,LAC,281.06,25.63,214.0,347.0,2026-01-02
Jahan Dotson,WR,PHI,281.46,37.73,170.0,341.0,2026-01-02
A.J. Dillon,RB,PHI,281.82,21.69,218.0,338.0,2026-01-02
Raheim Sanders,RB,CLE,282.58,18.32,230.0,346.0,2026-01-02
Demarcus Robinson,WR,SF,282.76,32.66,152.0,351.0,2026-01-02
Gus Edwards,RB,FA,282.79,20.13,244.0,338.0,2026-01-02
Casey Washington,WR,ATL,282.83,20.92,245.0,309.0,2026-01-02
Kyle Juszczyk,RB,SF,282.85,32.81,208.0,348.0,2026-01-02
Jamari Thrash,WR,CLE,283.0,31.8,223.0,348.0,2026-01-02
Kalel Mullings,RB,TEN,283.93,24.5,211.0,333.0,2026-01-02
Van Jefferson,WR,TEN,284.72,53.82,160.0,352.0,2026-01-02
Curtis Samuel,WR,BUF,285.96,36.46,159.0,342.0,2026-01-02
Dare Ogunbowale,RB,HOU,286.17,24.35,229.0,338.0,2026-01-02
Tai Felton,WR,MIN,286.91,37.9,145.0,353.0,2026-01-02
Michael Mayer,TE,LV,287.32,21.27,226.0,329.0,2026-01-02
Jamaal Williams,RB,FA,288.25,40.11,235.0,348.0,2026-01-02
Tank Dell,WR,HOU,288.27,44.91,193.0,346.0,2026-01-02
Cam Akers,RB,SEA,289.43,30.49,231.0,348.0,2026-01-02
Allen Lazard,WR,FA,289.88,48.47,165.0,351.0,2026-01-02
Terrell Jennings,RB,NE,290.0,0.0,290.0,290.0,2026-01-02
Mack Hollins,WR,NE,290.31,38.78,156.0,352.0,2026-01-02
Malachi Corley,WR,CLE,290.43,40.32,229.0,337.0,2026-01-02
Ja'Quinden Jackson,RB,JAC,290.5,16.02,273.0,323.0,2026-01-02
LeQuint Allen Jr.,RB,JAC,290.65,22.66,225.0,336.0,2026-01-02
Jase McClellan,RB,FA,291.0,0.0,291.0,291.0,2026-01-02
Dawson Knox,TE,BUF,291.1,18.96,231.0,320.0,2026-01-02
Antwane Wells Jr.,WR,FA,291.11,27.84,257.0,336.0,2026-01-02
Donovan Edwards,RB,WAS,292.81,31.91,242.0,348.0,2026-01-02
Trayveon Williams,RB,CLE,293.0,0.0,293.0,293.0,2026-01-02
Chimere Dike,WR,TEN,293.94,33.47,146.0,362.0,2026-01-02
Tyquan Thornton,WR,KC,294.79,39.29,148.0,352.0,2026-01-02
Bryce Oliver,WR,TEN,295.0,0.0,295.0,295.0,2026-01-02
Xavier Hutchinson,WR,HOU,295.71,47.72,178.0,351.0,2026-01-02
Jonathon Brooks,RB,CAR,296.0,26.5,260.0,344.0,2026-01-02
Gunnar Helm,TE,TEN,296.05,24.7,229.0,356.0,2026-01-02
Greg Dortch,WR,ARI,296.07,36.87,171.0,351.0,2026-01-02
Efton Chism III,WR,NE,296.33,37.29,228.0,362.0,2026-01-02
Theo Wease Jr.,WR,MIA,297.18,35.41,255.0,363.0,2026-01-02
Savion Williams,WR,GB,297.23,39.42,157.0,357.0,2026-01-02
Travis Homer,RB,CHI,297.67,38.96,259.0,351.0,2026-01-02
Julius Chestnut,RB,TEN,297.94,23.82,250.0,349.0,2026-01-02
Michael Burton,RB,DEN,298.0,0.0,298.0,298.0,2026-01-02
Thomas Fidone II,TE,NYG,299.0,3.0,296.0,302.0,2026-01-02
Marquez Valdes-Scantling,WR,PIT,299.56,32.81,207.0,352.0,2026-01-02
George Holani,RB,SEA,299.95,20.29,243.0,343.0,2026-01-02
Austin Hooper,TE,NE,300.15,17.32,246.0,332.0,2026-01-02
Luke Musgrave,TE,GB,301.21,18.24,241.0,330.0,2026-01-02
Justin Watson,WR,HOU,302.0,0.0,302.0,302.0,2026-01-02
Mason Tipton,WR,NO,302.0,0.0,302.0,302.0,2026-01-02
JuJu Smith-Schuster,WR,KC,302.18,25.83,242.0,351.0,2026-01-02
Jacob Cowing,WR,SF,302.67,39.09,169.0,348.0,2026-01-02
Julian Fleming,WR,FA,303.0,0.0,303.0,303.0,2026-01-02
Arian Smith,WR,NYJ,303.03,40.27,168.0,357.0,2026-01-02
Luke Lachey,TE,HOU,303.2,29.61,268.0,344.0,2026-01-02
Kendrick Bourne,WR,SF,303.67,23.83,281.0,352.0,2026-01-02
Sterling Shepard,WR,TB,304.14,32.32,248.0,346.0,2026-01-02
Craig Reynolds,RB,NE,304.3,28.29,229.0,344.0,2026-01-02
Tyler Johnson,WR,NYJ,304.67,26.82,256.0,335.0,2026-01-02
Cordarrelle Patterson,RB,FA,304.75,23.54,268.0,329.0,2026-01-02
Tyler Goodson,RB,IND,305.07,26.44,216.0,348.0,2026-01-02
Trent Sherfield Sr.,WR,ARI,306.0,5.0,301.0,311.0,2026-01-02
Cedrick Wilson Jr.,WR,MIA,306.0,0.0,306.0,306.0,2026-01-02
John Bates,TE,WAS,306.25,53.36,214.0,341.0,2026-01-02
Chris Tyree,WR,NO,306.33,20.16,277.0,343.0,2026-01-02
Gardner Minshew II,QB,KC,307.0,0.0,307.0,307.0,2026-01-02
Ainias Smith,WR,CAR,307.0,0.0,307.0,307.0,2026-01-02
Trey Sermon,RB,PIT,307.81,28.72,268.0,349.0,2026-01-02
Javon Baker,WR,SF,308.17,19.7,276.0,333.0,2026-01-02
Hassan Haskins,RB,LAC,308.37,17.33,279.0,343.0,2026-01-02
Clyde Edwards-Helaire,RB,KC,308.55,35.65,235.0,344.0,2026-01-02
Jake Bobo,WR,SEA,308.58,29.82,266.0,351.0,2026-01-02
Devontez Walker,WR,BAL,310.92,28.67,251.0,350.0,2026-01-02
Ezekiel Elliott,RB,FA,311.0,13.0,298.0,324.0,2026-01-02
Gage Larvadain,WR,CLE,311.0,30.0,281.0,341.0,2026-01-02
Xavier Gipson,WR,NYG,311.0,41.0,270.0,352.0,2026-01-02
Cade Stover,TE,HOU,311.02,13.33,275.0,358.0,2026-01-02
Kalif Raymond,WR,DET,311.17,31.76,239.0,363.0,2026-01-02
Jalin Hyatt,WR,NYG,311.27,40.11,173.0,353.0,2026-01-02
Ben Skowronek,WR,PIT,312.0,4.0,308.0,316.0,2026-01-02
Tommy Tremble,TE,CAR,312.28,15.88,263.0,345.0,2026-01-02
Deuce Vaughn,RB,DEN,313.5,26.5,287.0,340.0,2026-01-02
Adam Prentice,RB,DEN,314.0,0.0,314.0,314.0,2026-01-02
Tyler Badie,RB,DEN,314.04,19.75,281.0,349.0,2026-01-02
Jordan Watkins,WR,SF,314.43,36.84,174.0,346.0,2026-01-02
Jeff Wilson Jr.,RB,MIA,315.73,21.98,281.0,348.0,2026-01-02
Skyy Moore,WR,SF,315.78,35.55,221.0,345.0,2026-01-02
Corey Kiner,RB,ARI,316.0,0.0,316.0,316.0,2026-01-02
Jonathan Mingo,WR,DAL,316.4,27.37,245.0,350.0,2026-01-02
Robert Woods,WR,FA,316.57,31.99,241.0,342.0,2026-01-02
Nathan Carter,RB,ATL,316.6,24.38,267.0,348.0,2026-01-02
Dylan Laube,RB,LV,316.73,21.82,278.0,344.0,2026-01-02
Foster Moreau,TE,NO,316.76,18.72,261.0,350.0,2026-01-02
Ricky White III,WR,SEA,317.0,25.66,281.0,339.0,2026-01-02
Jimmy Horn Jr.,WR,CAR,317.43,23.21,258.0,351.0,2026-01-02
Pierre Strong Jr.,RB,GB,317.5,27.48,273.0,348.0,2026-01-02
Colby Parkinson,TE,LAR,317.55,18.52,267.0,343.0,2026-01-02
Malik Heath,WR,ATL,318.0,0.0,318.0,318.0,2026-01-02
Michael Carter,RB,ARI,318.43,14.8,300.0,348.0,2026-01-02
Alec Ingold,RB,MIA,318.71,19.74,283.0,349.0,2026-01-02
Marcus Yarns,RB,FA,319.0,3.0,316.0,322.0,2026-01-02
Josh Whyle,TE,GB,319.0,0.0,319.0,319.0,2026-01-02
Darnell Washington,TE,PIT,319.25,21.83,259.0,351.0,2026-01-02
Mac Jones,QB,SF,319.5,3.5,316.0,323.0,2026-01-02
Luke Schoonmaker,TE,DAL,319.95,13.15,289.0,347.0,2026-01-02
Jalen Reagor,WR,FA,320.0,0.0,320.0,320.0,2026-01-02
Dante Pettis,WR,NO,320.0,0.0,320.0,320.0,2026-01-02
Kylen Granson,TE,PHI,320.75,17.68,293.0,338.0,2026-01-02
Grant Calcaterra,TE,PHI,320.87,16.55,275.0,349.0,2026-01-02
Scotty Miller,WR,PIT,321.0,11.52,308.0,336.0,2026-01-02
Josh Oliver,TE,MIN,321.36,16.22,285.0,346.0,2026-01-02
D'Ernest Johnson,RB,NE,321.71,26.82,295.0,360.0,2026-01-02
Payne Durham,TE,TB,321.75,20.94,286.0,339.0,2026-01-02
C.J. Ham,RB,MIN,322.5,0.5,322.0,323.0,2026-01-02
Devin Culp,TE,TB,323.0,0.0,323.0,323.0,2026-01-02
Tony Jones Jr.,RB,FA,324.0,0.0,324.0,324.0,2026-01-02
KhaDarel Hodge,WR,ATL,324.0,21.87,292.0,351.0,2026-01-02
Johnny Mundt,TE,JAC,325.33,15.92,303.0,339.0,2026-01-02
Jared Wiley,TE,KC,325.5,6.5,319.0,332.0,2026-01-02
Trey Lance,QB,LAC,326.0,0.0,326.0,326.0,2026-01-02
Daniel Bellinger,TE,NYG,326.0,13.96,310.0,343.0,2026-01-02
Julian Hill,TE,MIA,326.38,21.6,289.0,361.0,2026-01-02
Konata Mumpfield,WR,LAR,326.67,18.84,310.0,353.0,2026-01-02
Hunter Long,TE,JAC,327.0,12.85,313.0,350.0,2026-01-02
Hunter Luepke,RB,DAL,327.08,33.33,249.0,359.0,2026-01-02
Stone Smartt,TE,NYJ,327.26,11.16,307.0,347.0,2026-01-02
Patrick Ricard,RB,BAL,327.5,32.16,279.0,359.0,2026-01-02
Tylan Wallace,WR,BAL,328.0,0.0,328.0,328.0,2026-01-02
Darius Cooper,WR,PHI,328.0,0.0,328.0,328.0,2026-01-02
Elijah Higgins,TE,ARI,328.83,16.58,289.0,350.0,2026-01-02
Jeremy Ruckert,TE,NYJ,329.28,13.94,309.0,358.0,2026-01-02
Sione Vaki,RB,DET,329.6,12.4,316.0,351.0,2026-01-02
Adam Trautman,TE,DEN,329.6,8.75,319.0,345.0,2026-01-02
Mitchell Evans,TE,CAR,330.08,10.74,310.0,356.0,2026-01-02
Carson Steele,RB,KC,330.11,20.83,284.0,355.0,2026-01-02
Tanner Conner,TE,NYG,331.0,19.0,312.0,350.0,2026-01-02
Tyler Scott,WR,LAR,331.0,0.0,331.0,331.0,2026-01-02
Jalin Conyers,TE,MIA,331.0,0.0,331.0,331.0,2026-01-02
Nick Nash,WR,ATL,331.5,19.5,312.0,351.0,2026-01-02
Bam Knight,RB,ARI,332.6,12.5,318.0,348.0,2026-01-02
Brock Wright,TE,DET,332.78,10.34,318.0,350.0,2026-01-02
Erick All Jr.,TE,CIN,333.0,0.0,333.0,333.0,2026-01-02
Jordan Mims,RB,TEN,333.5,15.5,318.0,349.0,2026-01-02
Rasheen Ali,RB,BAL,334.36,15.59,299.0,354.0,2026-01-02
Charlie Jones,WR,CIN,334.5,1.5,333.0,336.0,2026-01-02
Jaheim Bell,TE,PIT,335.0,0.0,335.0,335.0,2026-01-02
Zavier Scott,RB,MIN,335.0,0.0,335.0,335.0,2026-01-02
Luke Farrell,TE,SF,335.0,9.43,324.0,350.0,2026-01-02
Greg Dulcich,TE,MIA,336.0,16.46,304.0,361.0,2026-01-02
Harrison Bryant,TE,HOU,336.0,10.04,318.0,345.0,2026-01-02
Xavier Weaver,WR,ARI,336.0,0.0,336.0,336.0,2026-01-02
Tanner Hudson,TE,CIN,337.0,10.37,324.0,349.0,2026-01-02
Malcolm Johnson,RB,FA,337.0,0.0,337.0,337.0,2026-01-02
Beaux Collins,WR,NYG,337.33,20.74,308.0,352.0,2026-01-02
DeeJay Dallas,RB,JAC,338.0,0.0,338.0,338.0,2026-01-02
Lucas Krull,TE,DEN,338.0,0.0,338.0,338.0,2026-01-02
Tyrion Davis-Price,RB,FA,340.0,0.0,340.0,340.0,2026-01-02
British Brooks,RB,HOU,340.0,0.0,340.0,340.0,2026-01-02
Frank Gore Jr.,RB,BUF,340.0,0.0,340.0,340.0,2026-01-02
Charlie Kolar,TE,BAL,340.0,7.0,333.0,347.0,2026-01-02
Ashton Dulin,WR,IND,340.0,0.0,340.0,340.0,2026-01-02
Charlie Woerner,TE,ATL,340.2,5.95,332.0,346.0,2026-01-02
Ryan Flournoy,WR,DAL,341.0,0.0,341.0,341.0,2026-01-02
Velus Jones Jr.,WR,SEA,341.0,0.0,341.0,341.0,2026-01-02
Carlos Washington Jr.,RB,ATL,343.0,0.0,343.0,343.0,2026-01-02
Dalvin Cook,RB,FA,343.0,0.0,343.0,343.0,2026-01-02
D'Onta Foreman,RB,FA,343.0,0.0,343.0,343.0,2026-01-02
Ronnie Rivers,RB,LAR,343.0,0.0,343.0,343.0,2026-01-02
Eric Gray,RB,NYG,344.0,1.55,343.0,347.0,2026-01-02
Jake Briningstool,TE,KC,346.0,0.0,346.0,346.0,2026-01-02
Robert Tonyan,TE,KC,346.0,1.0,345.0,347.0,2026-01-02
Dee Eskridge,WR,MIA,346.0,0.0,346.0,346.0,2026-01-02
Ahmani Marshall,RB,CLE,346.5,2.5,344.0,349.0,2026-01-02
Josh Williams,RB,TB,346.67,7.25,338.0,360.0,2026-01-02
Jawhar Jordan,RB,HOU,348.0,0.0,348.0,348.0,2026-01-02
Ian Thomas,TE,LV,349.0,0.0,349.0,349.0,2026-01-02
Jackson Hawes,TE,BUF,349.0,0.0,349.0,349.0,2026-01-02
Drew Sample,TE,CIN,349.2,1.6,346.0,350.0,2026-01-02
